{"type": "FeatureCollection", "crs": {"type": "name", "properties": {"name": "urn:ogc:def:crs:OGC:1.3:CRS84"}}, "features": [{"type": "Feature", "properties": {"cod_comuna": "02101", "nombre_comuna": "Antofagasta", "nombre_provincia": "Antofagasta", "nombre_region": "Región de Antofagasta"}, "geometry": {"type": "MultiPolygon", "coordinates": [[[[-70.60711, -23.43041], [-70.60717, -23.43131], [-70.60222, -23.43521], [-70.60201, -23.43887], [-70.60434, -23.44023], [-70.60539, -23.44212], [-70.60685, -23.44315], [-70.6078, -23.44528], [-70.60969, -23.44782], [-70.61071, -23.44705], [-70.61058, -23.44534], [-70.61154, -23.44357], [-70.61101, -23.44239], [-70.61403, -23.44108], [-70.61508, -23.4424], [-70.61632, -23.44281], [-70.61645, -23.44067], [-70.61468, -23.43936], [-70.61606, -23.43849], [-70.61697, -23.43658], [-70.61603, -23.43573], [-70.61386, -23.43519], [-70.61232, -23.43563], [-70.61106, -23.43408], [-70.61192, -23.4325], [-70.61055, -23.42999], [-70.60943, -23.43062], [-70.60772, -23.42979], [-70.60711, -23.43041]]], [[[-70.60639, -23.3593], [-70.57839, -23.35977], [-70.55141, -23.36237], [-70.51927, -23.35001], [-70.47438, -23.33146], [-70.44694, -23.32048], [-70.39926, -23.29683], [-70.38114, -23.30237], [-70.18528, -23.34442], [-70.18797, -23.34334], [-70.18833, -23.34106], [-70.18708, -23.33965], [-70.18508, -23.33867], [-70.18532, -23.33753], [-70.1841, -23.33518], [-70.18524, -23.33232], [-70.18684, -23.33142], [-70.18634, -23.32773], [-70.18422, -23.32763], [-70.1834, -23.32704], [-70.1832, -23.32535], [-70.18195, -23.32434], [-70.17991, -23.32371], [-70.17986, -23.31807], [-70.18092, -23.31729], [-70.18058, -23.31591], [-70.17792, -23.31253], [-70.17694, -23.31184], [-70.17306, -23.31178], [-70.17027, -23.31053], [-70.16686, -23.30407], [-70.16689, -23.30288], [-70.16582, -23.30141], [-70.16335, -23.29101], [-70.16075, -23.28537], [-70.15912, -23.28302], [-70.15229, -23.2771], [-70.14621, -23.26871], [-70.14227, -23.26175], [-70.13747, -23.25433], [-70.13563, -23.24881], [-70.13503, -23.2428], [-70.13418, -23.23995], [-70.13278, -23.23835], [-70.12883, -23.23516], [-70.12905, -23.23359], [-70.13265, -23.23152], [-70.13121, -23.22996], [-70.1318, -23.22808], [-70.1339, -23.22748], [-70.13512, -23.22613], [-70.13494, -23.22488], [-70.13231, -23.22228], [-70.13008, -23.21934], [-70.12914, -23.21567], [-70.12933, -23.21266], [-70.13061, -23.21035], [-70.13065, -23.20856], [-70.13243, -23.20724], [-70.13284, -23.20596], [-70.13184, -23.20458], [-70.13218, -23.20345], [-70.13086, -23.20283], [-70.12895, -23.20464], [-70.12507, -23.20536], [-70.12115, -23.20759], [-70.11978, -23.20712], [-70.11934, -23.20367], [-70.11764, -23.20208], [-70.11846, -23.20038], [-70.1178, -23.19901], [-70.11135, -23.19475], [-70.10947, -23.19274], [-70.10693, -23.18873], [-70.10684, -23.18738], [-70.10324, -23.18268], [-70.10117, -23.18243], [-70.09963, -23.18315], [-70.09747, -23.18582], [-70.09603, -23.18676], [-70.09597, -23.18867], [-70.0944, -23.18967], [-70.09199, -23.18901], [-70.09011, -23.18695], [-70.08848, -23.18419], [-70.08269, -23.17648], [-70.07998, -23.1756], [-70.07786, -23.17316], [-70.07395, -23.16596], [-70.07113, -23.15418], [-70.0694, -23.15249], [-70.06621, -23.15123], [-70.06467, -23.15117], [-70.06295, -23.14888], [-70.06207, -23.14653], [-70.06069, -23.14588], [-70.05941, -23.14387], [-70.05869, -23.14171], [-70.05841, -23.13698], [-70.05853, -23.13043], [-70.05728, -23.1258], [-70.05506, -23.1231], [-70.05343, -23.12229], [-70.05139, -23.11894], [-70.0513, -23.1148], [-70.04763, -23.10866], [-70.0461, -23.10697], [-70.04249, -23.10425], [-70.04199, -23.10349], [-70.04093, -23.09814], [-70.03795, -23.09394], [-70.03592, -23.09253], [-70.03388, -23.09209], [-70.03228, -23.09018], [-70.03297, -23.08532], [-70.03288, -23.08307], [-70.03516, -23.07652], [-70.03491, -23.07298], [-70.03379, -23.07251], [-70.03166, -23.06803], [-70.02953, -23.06443], [-70.02777, -23.06371], [-70.0221, -23.06384], [-70.01878, -23.06186], [-70.01681, -23.0618], [-70.01411, -23.06001], [-70.01376, -23.05793], [-69.9697, -23.32938], [-70.04771, -23.6234], [-69.60047, -23.62608], [-69.43811, -23.60416], [-69.34561, -23.66053], [-69.14522, -23.6665], [-69.08095, -23.68921], [-69.06679, -23.70097], [-68.87401, -23.8751], [-68.69855, -23.92313], [-68.51362, -23.96664], [-68.46183, -23.98453], [-68.34559, -23.99786], [-68.337, -24.00796], [-68.29278, -24.05387], [-68.11781, -24.23812], [-68.07548, -24.31423], [-68.06504, -24.32642], [-68.13234, -24.35193], [-68.2458, -24.39588], [-68.24587, -24.39915], [-68.24712, -24.40045], [-68.24926, -24.40141], [-68.25441, -24.402], [-68.25604, -24.40151], [-68.25847, -24.40173], [-68.26045, -24.40301], [-68.26241, -24.40539], [-68.2614, -24.40807], [-68.26282, -24.4117], [-68.26277, -24.41354], [-68.26175, -24.41509], [-68.26193, -24.41687], [-68.26271, -24.41806], [-68.26223, -24.41979], [-68.26342, -24.4224], [-68.26535, -24.425], [-68.26573, -24.42658], [-68.26518, -24.42775], [-68.26663, -24.43026], [-68.26782, -24.43537], [-68.2707, -24.43611], [-68.27163, -24.43751], [-68.27609, -24.43977], [-68.27853, -24.44257], [-68.28299, -24.44489], [-68.28537, -24.44537], [-68.28893, -24.44894], [-68.2902, -24.45207], [-68.29132, -24.45261], [-68.295, -24.45304], [-68.29683, -24.45508], [-68.29841, -24.46017], [-68.30014, -24.46214], [-68.29961, -24.46593], [-68.29983, -24.46786], [-68.30094, -24.46965], [-68.30257, -24.47364], [-68.30476, -24.47582], [-68.30567, -24.48154], [-68.3066, -24.48227], [-68.30979, -24.48355], [-68.31031, -24.48479], [-68.30977, -24.48994], [-68.31059, -24.49061], [-68.31467, -24.49105], [-68.32146, -24.48944], [-68.32368, -24.48983], [-68.32768, -24.48978], [-68.3307, -24.49048], [-68.33232, -24.49154], [-68.33635, -24.49093], [-68.34266, -24.49183], [-68.35455, -24.49064], [-68.35806, -24.48933], [-68.36038, -24.48939], [-68.36187, -24.49052], [-68.36586, -24.49236], [-68.36818, -24.49105], [-68.3724, -24.49153], [-68.37543, -24.49248], [-68.37746, -24.49064], [-68.379, -24.49016], [-68.38055, -24.48879], [-68.38309, -24.48778], [-68.38507, -24.48534], [-68.38724, -24.48576], [-68.39039, -24.48982], [-68.39181, -24.49285], [-68.39187, -24.49651], [-68.39344, -24.49823], [-68.39326, -24.50315], [-68.39476, -24.50611], [-68.39732, -24.50806], [-68.40097, -24.50954], [-68.40265, -24.511], [-68.40297, -24.51297], [-68.40387, -24.51425], [-68.40518, -24.51857], [-68.4045, -24.52025], [-68.40318, -24.52157], [-68.40222, -24.52364], [-68.4025, -24.52567], [-68.40358, -24.52807], [-68.40597, -24.53078], [-68.407, -24.53137], [-68.40922, -24.53563], [-68.40975, -24.53816], [-68.41085, -24.54004], [-68.413, -24.54179], [-68.41406, -24.54545], [-68.41409, -24.54753], [-68.41597, -24.55146], [-68.41706, -24.55194], [-68.41779, -24.55577], [-68.41939, -24.55982], [-68.41933, -24.56273], [-68.41993, -24.56434], [-68.42271, -24.56643], [-68.42396, -24.56947], [-68.42531, -24.57118], [-68.42785, -24.5735], [-68.43059, -24.57714], [-68.43138, -24.58032], [-68.43278, -24.58276], [-68.43304, -24.5868], [-68.4325, -24.59128], [-68.43147, -24.59226], [-68.43246, -24.59432], [-68.43302, -24.59795], [-68.43583, -24.59969], [-68.43635, -24.60146], [-68.43556, -24.60288], [-68.43361, -24.60414], [-68.43325, -24.60574], [-68.43424, -24.60648], [-68.43613, -24.6057], [-68.43977, -24.6048], [-68.44699, -24.60176], [-68.44905, -24.60184], [-68.45056, -24.60253], [-68.45169, -24.60409], [-68.45415, -24.61034], [-68.45437, -24.61597], [-68.45615, -24.61869], [-68.45808, -24.61919], [-68.46058, -24.62211], [-68.46247, -24.62272], [-68.46775, -24.62283], [-68.47079, -24.62139], [-68.47492, -24.62108], [-68.47749, -24.61558], [-68.47965, -24.61223], [-68.48221, -24.6102], [-68.48292, -24.608], [-68.48417, -24.60675], [-68.48501, -24.60491], [-68.48536, -24.60229], [-68.48733, -24.60009], [-68.48917, -24.59938], [-68.49429, -24.59902], [-68.49512, -24.59997], [-68.49482, -24.60199], [-68.49399, -24.60283], [-68.4939, -24.60469], [-68.49491, -24.6073], [-68.49896, -24.61111], [-68.5017, -24.61666], [-68.50122, -24.61883], [-68.49937, -24.62329], [-68.49705, -24.62597], [-68.49798, -24.62843], [-68.49588, -24.62986], [-68.49484, -24.63218], [-68.49491, -24.63464], [-68.49332, -24.63666], [-68.49018, -24.63818], [-68.4866, -24.63904], [-68.48645, -24.64356], [-68.48684, -24.64541], [-68.48988, -24.65054], [-68.49187, -24.65237], [-68.4933, -24.65491], [-68.49262, -24.65855], [-68.4913, -24.6628], [-68.4918, -24.66433], [-68.49571, -24.66957], [-68.49637, -24.67445], [-68.49684, -24.67534], [-68.49934, -24.67635], [-68.50244, -24.67659], [-68.50363, -24.6782], [-68.50434, -24.68052], [-68.50465, -24.68428], [-68.50625, -24.68707], [-68.50945, -24.69099], [-68.5151, -24.6995], [-68.51546, -24.703], [-68.51929, -24.70664], [-68.52183, -24.7081], [-68.52339, -24.70955], [-68.52692, -24.71102], [-68.53038, -24.71109], [-68.53324, -24.71169], [-68.53432, -24.71258], [-68.53659, -24.71773], [-68.53664, -24.72061], [-68.53759, -24.72112], [-68.54063, -24.7214], [-68.54134, -24.72365], [-68.54299, -24.72545], [-68.54393, -24.73025], [-68.54391, -24.73444], [-68.5433, -24.73646], [-68.54352, -24.73818], [-68.5453, -24.74457], [-68.54555, -24.75417], [-68.55059, -24.75715], [-68.5521, -24.75839], [-68.55476, -24.75956], [-68.55676, -24.75977], [-68.5615, -24.76301], [-68.56165, -24.76511], [-68.56084, -24.76789], [-68.56083, -24.77408], [-68.56115, -24.77551], [-68.56079, -24.77865], [-68.56154, -24.78065], [-68.56201, -24.78383], [-68.56465, -24.78925], [-68.5677, -24.79169], [-68.56833, -24.79366], [-68.56809, -24.79555], [-68.56648, -24.79599], [-68.56208, -24.79888], [-68.56216, -24.80202], [-68.56036, -24.80346], [-68.55624, -24.80329], [-68.55363, -24.80381], [-68.54992, -24.8055], [-68.54766, -24.8071], [-68.54731, -24.80934], [-68.54643, -24.81043], [-68.54444, -24.81133], [-68.54064, -24.81479], [-68.53929, -24.81651], [-68.53763, -24.82206], [-68.53769, -24.82487], [-68.53495, -24.82605], [-68.53447, -24.82811], [-68.53624, -24.83201], [-68.53629, -24.83302], [-68.53406, -24.83472], [-68.53311, -24.83864], [-68.53306, -24.84137], [-68.5352, -24.84336], [-68.53535, -24.8459], [-68.53335, -24.84804], [-68.53308, -24.85087], [-68.5321, -24.85318], [-68.53338, -24.85521], [-68.53292, -24.85657], [-68.52949, -24.85685], [-68.52682, -24.85959], [-68.52518, -24.86062], [-68.52397, -24.86234], [-68.52205, -24.86822], [-68.52027, -24.8702], [-68.51989, -24.87297], [-68.51871, -24.87416], [-68.51656, -24.87469], [-68.51322, -24.87416], [-68.51075, -24.87509], [-68.50756, -24.87555], [-68.50472, -24.87556], [-68.50275, -24.87458], [-68.50037, -24.87509], [-68.49735, -24.87646], [-68.49452, -24.87522], [-68.49262, -24.87522], [-68.49107, -24.87652], [-68.4903, -24.88098], [-68.48698, -24.88284], [-68.48641, -24.88369], [-68.48794, -24.88714], [-68.4868, -24.8884], [-68.48591, -24.89122], [-68.4863, -24.89326], [-68.48602, -24.89526], [-68.4837, -24.89705], [-68.48215, -24.89746], [-68.48096, -24.89639], [-68.47769, -24.89865], [-68.47495, -24.89895], [-68.47131, -24.90054], [-68.46853, -24.90083], [-68.46252, -24.90068], [-68.45996, -24.90204], [-68.4529, -24.90293], [-68.44765, -24.90179], [-68.44592, -24.90204], [-68.44427, -24.90471], [-68.44087, -24.90615], [-68.43647, -24.90579], [-68.43341, -24.90482], [-68.43141, -24.90603], [-68.4323, -24.90764], [-68.43066, -24.91364], [-68.43379, -24.91442], [-68.43539, -24.91632], [-68.43771, -24.91787], [-68.4387, -24.91933], [-68.43516, -24.92405], [-68.43448, -24.92606], [-68.43316, -24.92774], [-68.4307, -24.92934], [-68.42998, -24.9306], [-68.43, -24.93432], [-68.42845, -24.94066], [-68.42784, -24.94165], [-68.42757, -24.94481], [-68.42831, -24.95256], [-68.42826, -24.95701], [-68.42677, -24.95933], [-68.42677, -24.96135], [-68.42506, -24.96229], [-68.42316, -24.96257], [-68.4217, -24.96182], [-68.42016, -24.96186], [-68.41834, -24.96327], [-68.41698, -24.96495], [-68.41107, -24.96905], [-68.41102, -24.96961], [-68.40809, -24.97188], [-68.40814, -24.97342], [-68.41021, -24.97849], [-68.4122, -24.98199], [-68.41333, -24.98592], [-68.41343, -24.98978], [-68.41523, -24.99163], [-68.41606, -24.99353], [-68.4157, -24.99603], [-68.4141, -24.99764], [-68.41314, -25.00026], [-68.41438, -25.0013], [-68.41506, -25.00333], [-68.41374, -25.00829], [-68.4123, -25.00878], [-68.41275, -25.01406], [-68.41272, -25.01954], [-68.40301, -25.03148], [-68.39743, -25.03269], [-68.38802, -25.03788], [-68.38196, -25.03709], [-68.37798, -25.03369], [-68.37435, -25.03583], [-68.37378, -25.04081], [-68.36993, -25.04478], [-68.36719, -25.04526], [-68.36435, -25.04923], [-68.36491, -25.05278], [-68.36632, -25.05677], [-68.37056, -25.06008], [-68.37147, -25.06422], [-68.36926, -25.06969], [-68.36588, -25.07652], [-68.36614, -25.0808], [-68.36099, -25.08162], [-68.35825, -25.08417], [-68.35882, -25.08823], [-68.35586, -25.09425], [-68.35586, -25.09657], [-68.35663, -25.09799], [-68.35634, -25.09978], [-68.35521, -25.10067], [-68.35463, -25.10286], [-68.35026, -25.10511], [-68.3485, -25.10887], [-68.34741, -25.11001], [-68.34551, -25.11072], [-68.34327, -25.11064], [-68.40855, -25.14451], [-68.41274, -25.14291], [-68.41491, -25.14098], [-68.41847, -25.13884], [-68.4235, -25.13403], [-68.42353, -25.13111], [-68.42867, -25.13077], [-68.43331, -25.13119], [-68.43403, -25.12857], [-68.43528, -25.12649], [-68.43682, -25.1253], [-68.43626, -25.1237], [-68.43661, -25.12255], [-68.43901, -25.12236], [-68.4398, -25.1228], [-68.44037, -25.12561], [-68.44009, -25.12726], [-68.44343, -25.12922], [-68.44176, -25.13166], [-68.44402, -25.13368], [-68.44676, -25.13097], [-68.44847, -25.12993], [-68.4558, -25.12875], [-68.4571, -25.12557], [-68.46014, -25.12738], [-68.46239, -25.12947], [-68.46496, -25.13079], [-68.46503, -25.13325], [-68.46649, -25.1355], [-68.46674, -25.13785], [-68.46829, -25.13969], [-68.46774, -25.1425], [-68.4696, -25.14439], [-68.4691, -25.14603], [-68.46964, -25.14806], [-68.47175, -25.15009], [-68.47221, -25.15106], [-68.47413, -25.15238], [-68.47593, -25.15253], [-68.48033, -25.15389], [-68.48273, -25.15394], [-68.4834, -25.15712], [-68.48459, -25.15843], [-68.48626, -25.15932], [-68.48693, -25.16274], [-68.48917, -25.16283], [-68.49369, -25.16159], [-68.49875, -25.16129], [-68.50116, -25.16231], [-68.50512, -25.1652], [-68.50731, -25.16808], [-68.5081, -25.17263], [-68.50805, -25.18459], [-68.50761, -25.18591], [-68.50795, -25.1948], [-68.50875, -25.19708], [-68.50835, -25.20019], [-68.50676, -25.20295], [-68.5053, -25.20894], [-68.50398, -25.21074], [-68.50437, -25.21271], [-68.50636, -25.21715], [-68.50424, -25.21823], [-68.50345, -25.22098], [-68.50654, -25.22455], [-68.51001, -25.22738], [-68.50865, -25.23148], [-68.50898, -25.23255], [-68.51065, -25.23422], [-68.51237, -25.23356], [-68.51474, -25.23166], [-68.52141, -25.23243], [-68.52468, -25.23098], [-68.52718, -25.2313], [-68.52691, -25.23353], [-68.52897, -25.23541], [-68.53141, -25.23559], [-68.53574, -25.23731], [-68.53658, -25.23907], [-68.53634, -25.24058], [-68.53467, -25.24225], [-68.53583, -25.24475], [-68.53506, -25.24603], [-68.53539, -25.2473], [-68.53744, -25.24805], [-68.54012, -25.2501], [-68.54107, -25.25153], [-68.54342, -25.25081], [-68.54407, -25.25272], [-68.54368, -25.25557], [-68.54404, -25.25932], [-68.54288, -25.25998], [-68.54431, -25.26158], [-68.54652, -25.26158], [-68.54981, -25.26088], [-68.54967, -25.26278], [-68.548, -25.26524], [-68.54502, -25.26738], [-68.5437, -25.26972], [-68.54321, -25.27175], [-68.54177, -25.27289], [-68.54251, -25.27464], [-68.54211, -25.27573], [-68.53726, -25.28014], [-68.53304, -25.28237], [-68.53188, -25.28752], [-68.52939, -25.28846], [-68.52903, -25.29001], [-68.53009, -25.29131], [-68.53232, -25.29237], [-68.53593, -25.29337], [-68.5371, -25.29472], [-68.53863, -25.29784], [-68.54053, -25.2986], [-68.54455, -25.29857], [-68.55063, -25.30007], [-68.55357, -25.30134], [-68.55731, -25.30166], [-68.55926, -25.30053], [-68.56487, -25.29371], [-68.57114, -25.28931], [-68.57432, -25.28892], [-68.57615, -25.28823], [-68.57634, -25.28698], [-68.57872, -25.28584], [-68.5819, -25.28659], [-68.58601, -25.2895], [-68.58751, -25.29008], [-68.58745, -25.29121], [-68.58626, -25.29293], [-68.58642, -25.29493], [-68.58829, -25.29704], [-68.58888, -25.29839], [-68.58846, -25.29965], [-68.58924, -25.30066], [-68.59453, -25.30293], [-68.59602, -25.30185], [-68.59717, -25.29664], [-68.59858, -25.2944], [-68.59991, -25.29334], [-68.60203, -25.29393], [-68.60328, -25.29532], [-68.60481, -25.29592], [-68.60884, -25.29671], [-68.61196, -25.2983], [-68.61428, -25.30031], [-68.61476, -25.30263], [-68.61824, -25.30321], [-68.62398, -25.30721], [-68.62623, -25.30768], [-68.62826, -25.30899], [-68.63338, -25.3106], [-68.63623, -25.31328], [-68.63778, -25.31322], [-68.6417, -25.31054], [-68.64908, -25.30394], [-68.65051, -25.30334], [-68.65479, -25.30287], [-68.65741, -25.30352], [-68.65896, -25.30441], [-68.66151, -25.30689], [-68.66253, -25.30995], [-68.66398, -25.31221], [-68.66626, -25.3146], [-68.66764, -25.31763], [-68.66831, -25.32036], [-68.67178, -25.32617], [-68.67097, -25.32801], [-68.67295, -25.33296], [-68.67057, -25.33846], [-68.6701, -25.34209], [-68.66829, -25.34503], [-68.66889, -25.34709], [-68.6708, -25.34899], [-68.67382, -25.34994], [-68.67477, -25.3519], [-68.67466, -25.35515], [-68.67382, -25.3584], [-68.67203, -25.35986], [-68.67319, -25.36176], [-68.67508, -25.36219], [-68.67738, -25.36193], [-68.67959, -25.36109], [-68.68121, -25.36254], [-68.68062, -25.36448], [-68.68224, -25.36925], [-68.6848, -25.36977], [-68.68822, -25.36872], [-68.69016, -25.36695], [-68.69544, -25.36463], [-68.69902, -25.36546], [-68.70053, -25.36843], [-68.70685, -25.37263], [-68.70942, -25.37572], [-68.71163, -25.37774], [-68.71483, -25.37858], [-68.71626, -25.38001], [-68.71905, -25.38544], [-68.72275, -25.38777], [-68.72491, -25.39034], [-68.72693, -25.39032], [-68.73111, -25.38747], [-68.73291, -25.38567], [-68.74064, -25.38217], [-68.74436, -25.38096], [-68.74752, -25.38073], [-68.74959, -25.38136], [-68.75126, -25.38442], [-68.75645, -25.39029], [-68.75919, -25.392], [-68.76497, -25.39664], [-68.76807, -25.39797], [-68.77717, -25.40006], [-68.78063, -25.4023], [-68.78276, -25.40296], [-68.78477, -25.4016], [-68.78779, -25.39837], [-68.78979, -25.39551], [-68.79053, -25.39151], [-68.79151, -25.38865], [-68.79396, -25.38669], [-68.79626, -25.38583], [-68.79869, -25.38559], [-68.80072, -25.3847], [-68.80229, -25.38217], [-68.80411, -25.38049], [-68.80937, -25.37902], [-68.81207, -25.37897], [-68.8169, -25.37998], [-68.81847, -25.37931], [-68.81914, -25.37645], [-68.8193, -25.37144], [-68.82175, -25.37017], [-68.82618, -25.36971], [-68.83011, -25.37154], [-68.83647, -25.37736], [-68.847, -25.38148], [-68.85689, -25.38124], [-68.86593, -25.37965], [-68.87243, -25.37801], [-68.88022, -25.37512], [-68.88399, -25.37511], [-68.88628, -25.37668], [-68.89398, -25.3769], [-68.89731, -25.37627], [-68.90456, -25.37557], [-68.90933, -25.37596], [-68.91078, -25.37552], [-68.9176, -25.37722], [-68.91927, -25.37791], [-68.92369, -25.38211], [-68.92499, -25.38299], [-68.92984, -25.38351], [-68.93525, -25.38316], [-68.93836, -25.38353], [-68.94078, -25.3845], [-68.94532, -25.38696], [-68.94702, -25.38579], [-68.95072, -25.385], [-68.95713, -25.38987], [-68.96117, -25.3904], [-68.96282, -25.38541], [-68.9645, -25.38388], [-68.96816, -25.38318], [-68.97088, -25.3779], [-68.97211, -25.37735], [-68.98418, -25.3755], [-68.98742, -25.37685], [-68.98817, -25.37801], [-68.98863, -25.38016], [-68.99522, -25.37792], [-68.99823, -25.37769], [-69.00091, -25.37577], [-69.0022, -25.37551], [-69.0055, -25.37635], [-69.00678, -25.37557], [-69.00912, -25.37303], [-69.01359, -25.36702], [-69.01788, -25.36223], [-69.02156, -25.35887], [-69.02538, -25.35633], [-69.02899, -25.35236], [-69.03182, -25.34762], [-69.03711, -25.34456], [-69.04504, -25.34118], [-69.05121, -25.33943], [-69.05693, -25.3385], [-69.06404, -25.33826], [-69.0673, -25.33873], [-69.07068, -25.34036], [-69.0743, -25.34118], [-69.08257, -25.34176], [-69.08654, -25.34269], [-69.09202, -25.34316], [-69.09462, -25.34287], [-69.09576, -25.34152], [-69.09876, -25.33967], [-69.10211, -25.33684], [-69.10273, -25.33592], [-69.10321, -25.33314], [-69.10639, -25.32882], [-69.10811, -25.3256], [-69.11138, -25.32171], [-69.11424, -25.32043], [-69.11592, -25.31814], [-69.11976, -25.30835], [-69.12245, -25.30495], [-69.12399, -25.30416], [-69.1277, -25.30305], [-69.13352, -25.30222], [-69.13696, -25.30129], [-69.14274, -25.29904], [-69.14852, -25.29798], [-69.15192, -25.2967], [-69.15403, -25.29489], [-69.15862, -25.29313], [-69.16444, -25.29286], [-69.16674, -25.29066], [-69.16714, -25.28845], [-69.16939, -25.28669], [-69.17411, -25.28457], [-69.17691, -25.28488], [-69.17827, -25.28384], [-69.17952, -25.28094], [-69.18031, -25.27702], [-69.18363, -25.26856], [-69.18478, -25.26664], [-69.18633, -25.26518], [-69.18727, -25.26263], [-69.18758, -25.25992], [-69.18961, -25.25282], [-69.19052, -25.25101], [-69.19211, -25.24403], [-69.19534, -25.23948], [-69.19599, -25.23786], [-69.20424, -25.22919], [-69.20832, -25.22831], [-69.21047, -25.22843], [-69.21312, -25.23074], [-69.2216, -25.23626], [-69.22302, -25.23514], [-69.22296, -25.23296], [-69.22057, -25.22088], [-69.21739, -25.21244], [-69.21805, -25.20628], [-69.21869, -25.20404], [-69.21915, -25.20006], [-69.22028, -25.1974], [-69.22219, -25.19534], [-69.22826, -25.19321], [-69.23301, -25.18903], [-69.23553, -25.18606], [-69.23926, -25.18391], [-69.24556, -25.17608], [-69.24748, -25.16978], [-69.24658, -25.16664], [-69.24593, -25.16096], [-69.24285, -25.15418], [-69.24017, -25.1505], [-69.2379, -25.14831], [-69.23351, -25.1395], [-69.23061, -25.13219], [-69.22872, -25.12982], [-69.22596, -25.12827], [-69.22368, -25.12763], [-69.22218, -25.12599], [-69.21988, -25.12236], [-69.21518, -25.11849], [-69.21322, -25.11595], [-69.21122, -25.11409], [-69.20906, -25.11104], [-69.20717, -25.10636], [-69.20691, -25.10361], [-69.20592, -25.09932], [-69.20645, -25.09781], [-69.20663, -25.09499], [-69.20895, -25.0919], [-69.20748, -25.08383], [-69.20503, -25.07934], [-69.19891, -25.07187], [-69.19752, -25.06903], [-69.18962, -25.05862], [-69.18886, -25.0561], [-69.18298, -25.04536], [-69.18237, -25.04113], [-69.18147, -25.03809], [-69.18142, -25.03597], [-69.1784, -25.02861], [-69.17621, -25.02429], [-69.1727, -25.02017], [-69.17134, -25.01641], [-69.16917, -25.0126], [-69.16834, -25.00969], [-69.16811, -25.00585], [-69.16865, -25.005], [-69.16919, -25.00125], [-69.16848, -24.99425], [-69.16876, -24.99103], [-69.16518, -24.98146], [-69.16014, -24.96583], [-69.15717, -24.95277], [-69.15249, -24.94674], [-69.1472, -24.94219], [-69.13268, -24.93869], [-69.12809, -24.93617], [-69.12417, -24.92798], [-69.11947, -24.92062], [-69.12168, -24.91378], [-69.12549, -24.90576], [-69.1247, -24.90022], [-69.12044, -24.89305], [-69.11416, -24.88353], [-69.11577, -24.87345], [-69.11951, -24.86791], [-69.12198, -24.86302], [-69.12748, -24.85527], [-69.13286, -24.84326], [-69.13704, -24.82894], [-69.13575, -24.82109], [-69.13545, -24.81142], [-69.1376, -24.80877], [-69.14011, -24.80704], [-69.14032, -24.79262], [-69.14095, -24.78159], [-69.14139, -24.77936], [-69.14822, -24.77573], [-69.14795, -24.76756], [-69.14968, -24.75719], [-69.15631, -24.74505], [-69.15491, -24.7392], [-69.15541, -24.73019], [-69.15834, -24.72647], [-69.16089, -24.72066], [-69.16308, -24.7168], [-69.16512, -24.7157], [-69.16931, -24.71183], [-69.17028, -24.70875], [-69.16964, -24.70465], [-69.168, -24.70048], [-69.16762, -24.69822], [-69.17368, -24.68396], [-69.17959, -24.68416], [-70.38919, -24.6286], [-70.40677, -24.62749], [-70.49188, -24.58965], [-70.57899, -24.54925], [-70.57972, -24.54816], [-70.57836, -24.54745], [-70.57907, -24.54346], [-70.57605, -24.54206], [-70.57517, -24.54069], [-70.57522, -24.53743], [-70.57657, -24.53646], [-70.57711, -24.53412], [-70.57498, -24.53089], [-70.57498, -24.52848], [-70.57189, -24.52775], [-70.5694, -24.52519], [-70.56825, -24.52458], [-70.56689, -24.52068], [-70.56509, -24.51888], [-70.56476, -24.51755], [-70.56511, -24.51374], [-70.56571, -24.51207], [-70.56803, -24.50937], [-70.57001, -24.50925], [-70.57212, -24.51033], [-70.57257, -24.50875], [-70.57063, -24.50872], [-70.57005, -24.50767], [-70.56773, -24.50622], [-70.56543, -24.50344], [-70.56405, -24.50231], [-70.56228, -24.50209], [-70.56081, -24.50327], [-70.55906, -24.50295], [-70.55779, -24.50054], [-70.5561, -24.49962], [-70.55573, -24.49763], [-70.55609, -24.49615], [-70.55471, -24.49569], [-70.55524, -24.49432], [-70.55458, -24.49282], [-70.55456, -24.49032], [-70.55654, -24.48297], [-70.55859, -24.48176], [-70.56164, -24.48115], [-70.56116, -24.48021], [-70.56188, -24.47822], [-70.56295, -24.47734], [-70.56134, -24.47588], [-70.56127, -24.47334], [-70.56328, -24.47433], [-70.56347, -24.47257], [-70.56263, -24.47156], [-70.56213, -24.46912], [-70.56111, -24.46718], [-70.56006, -24.46637], [-70.5571, -24.46746], [-70.55671, -24.46555], [-70.55428, -24.46304], [-70.55383, -24.46085], [-70.55449, -24.4595], [-70.55365, -24.45856], [-70.55378, -24.45636], [-70.55438, -24.45492], [-70.55421, -24.45339], [-70.555, -24.45188], [-70.55362, -24.45012], [-70.55201, -24.44641], [-70.55059, -24.44528], [-70.55093, -24.44322], [-70.54825, -24.44167], [-70.54746, -24.43941], [-70.54883, -24.4362], [-70.54855, -24.43448], [-70.54664, -24.4322], [-70.54778, -24.43152], [-70.54714, -24.43034], [-70.54498, -24.42869], [-70.54225, -24.42539], [-70.54196, -24.42243], [-70.54219, -24.42014], [-70.54347, -24.41831], [-70.54319, -24.41616], [-70.54112, -24.41231], [-70.54147, -24.40927], [-70.54457, -24.40245], [-70.54614, -24.40213], [-70.54757, -24.40074], [-70.54867, -24.39818], [-70.54877, -24.39553], [-70.54693, -24.39112], [-70.54725, -24.38989], [-70.54641, -24.38814], [-70.54724, -24.38534], [-70.5502, -24.38068], [-70.55197, -24.38021], [-70.55229, -24.37708], [-70.55418, -24.37714], [-70.55668, -24.37494], [-70.55521, -24.37229], [-70.55523, -24.37093], [-70.55338, -24.37072], [-70.55142, -24.37288], [-70.5495, -24.373], [-70.54706, -24.36987], [-70.54576, -24.37012], [-70.54427, -24.36837], [-70.54331, -24.36642], [-70.54209, -24.36206], [-70.54093, -24.3614], [-70.54048, -24.35887], [-70.54086, -24.35586], [-70.54037, -24.35372], [-70.54087, -24.35209], [-70.54097, -24.34948], [-70.54203, -24.3467], [-70.54611, -24.3393], [-70.54851, -24.33734], [-70.54983, -24.33374], [-70.54933, -24.33117], [-70.54918, -24.32816], [-70.54762, -24.32784], [-70.54536, -24.32633], [-70.54274, -24.32531], [-70.54201, -24.32333], [-70.54336, -24.32313], [-70.54136, -24.32114], [-70.53939, -24.31839], [-70.53814, -24.31826], [-70.5357, -24.31489], [-70.53542, -24.31284], [-70.53354, -24.31045], [-70.53376, -24.30715], [-70.53204, -24.30373], [-70.53181, -24.30243], [-70.5328, -24.30104], [-70.5323, -24.2987], [-70.53388, -24.29558], [-70.53366, -24.29472], [-70.53452, -24.29252], [-70.53332, -24.2921], [-70.53147, -24.29002], [-70.53108, -24.28792], [-70.52766, -24.27914], [-70.5283, -24.27578], [-70.53062, -24.27371], [-70.53159, -24.27174], [-70.53428, -24.27023], [-70.53448, -24.26937], [-70.533, -24.26771], [-70.53435, -24.26566], [-70.53434, -24.26437], [-70.53312, -24.26305], [-70.53119, -24.26273], [-70.52967, -24.2616], [-70.53002, -24.26083], [-70.52896, -24.25893], [-70.52941, -24.25769], [-70.53282, -24.25512], [-70.5333, -24.25351], [-70.53218, -24.25209], [-70.53248, -24.25089], [-70.53505, -24.248], [-70.53326, -24.2464], [-70.5325, -24.24397], [-70.5315, -24.24312], [-70.52979, -24.24337], [-70.52699, -24.24522], [-70.52353, -24.24339], [-70.52134, -24.24317], [-70.51996, -24.23891], [-70.52085, -24.23508], [-70.52235, -24.23391], [-70.52117, -24.23068], [-70.52297, -24.22681], [-70.52085, -24.22387], [-70.51881, -24.21849], [-70.51847, -24.21455], [-70.51891, -24.21197], [-70.52048, -24.20794], [-70.51854, -24.20676], [-70.51842, -24.20557], [-70.51706, -24.20534], [-70.51616, -24.20425], [-70.5135, -24.20262], [-70.51068, -24.19926], [-70.5108, -24.19809], [-70.51203, -24.19685], [-70.51451, -24.19664], [-70.51691, -24.19505], [-70.51689, -24.19285], [-70.51822, -24.19107], [-70.521, -24.19011], [-70.52208, -24.18933], [-70.52121, -24.18595], [-70.51977, -24.18315], [-70.51766, -24.18078], [-70.5124, -24.18136], [-70.5087, -24.18053], [-70.50734, -24.18078], [-70.50426, -24.17991], [-70.503, -24.17863], [-70.50338, -24.17595], [-70.50268, -24.1739], [-70.50279, -24.16998], [-70.50314, -24.16835], [-70.50243, -24.16616], [-70.50297, -24.1632], [-70.5067, -24.16101], [-70.50815, -24.15853], [-70.51223, -24.15591], [-70.51242, -24.15414], [-70.51324, -24.15308], [-70.51495, -24.15254], [-70.5141, -24.15088], [-70.5144, -24.14973], [-70.51269, -24.14621], [-70.5136, -24.144], [-70.51479, -24.1427], [-70.5145, -24.14012], [-70.51645, -24.13786], [-70.51527, -24.13519], [-70.51666, -24.13417], [-70.51705, -24.13164], [-70.51887, -24.13176], [-70.51902, -24.13042], [-70.518, -24.12862], [-70.51934, -24.12693], [-70.52135, -24.12534], [-70.52151, -24.12302], [-70.52013, -24.12126], [-70.51732, -24.121], [-70.51368, -24.12195], [-70.51025, -24.12184], [-70.50538, -24.12021], [-70.50422, -24.11889], [-70.50386, -24.11454], [-70.50254, -24.11331], [-70.50179, -24.11122], [-70.50087, -24.11063], [-70.49938, -24.10797], [-70.49905, -24.1063], [-70.5012, -24.10332], [-70.50118, -24.1016], [-70.50215, -24.09915], [-70.49991, -24.097], [-70.49937, -24.09538], [-70.50029, -24.09389], [-70.4986, -24.09185], [-70.49878, -24.08927], [-70.49959, -24.08778], [-70.49858, -24.08573], [-70.49908, -24.08198], [-70.49828, -24.07998], [-70.49947, -24.0792], [-70.49992, -24.07752], [-70.50121, -24.07723], [-70.5013, -24.07593], [-70.50284, -24.07434], [-70.50513, -24.07375], [-70.50534, -24.07195], [-70.50611, -24.07094], [-70.5064, -24.06874], [-70.50707, -24.06816], [-70.50864, -24.06509], [-70.51093, -24.06478], [-70.50971, -24.06316], [-70.50937, -24.06025], [-70.50985, -24.05917], [-70.50864, -24.05799], [-70.50951, -24.05655], [-70.50872, -24.05594], [-70.50802, -24.05389], [-70.50783, -24.05078], [-70.50833, -24.04911], [-70.50973, -24.04885], [-70.50981, -24.04467], [-70.51056, -24.04218], [-70.5096, -24.04028], [-70.50982, -24.03679], [-70.50871, -24.03257], [-70.5095, -24.02931], [-70.511, -24.02834], [-70.5116, -24.02671], [-70.51294, -24.02512], [-70.5158, -24.02495], [-70.51683, -24.02422], [-70.51731, -24.02186], [-70.51923, -24.02151], [-70.51974, -24.0204], [-70.51864, -24.01955], [-70.51798, -24.01665], [-70.51579, -24.01667], [-70.51459, -24.01615], [-70.5157, -24.01328], [-70.51458, -24.0108], [-70.51384, -24.00754], [-70.5144, -24.00638], [-70.51462, -24.00285], [-70.51362, -24.00185], [-70.51312, -24.00007], [-70.51163, -23.99775], [-70.51083, -23.99278], [-70.50962, -23.99093], [-70.50941, -23.98695], [-70.50767, -23.98507], [-70.50913, -23.98306], [-70.51024, -23.98294], [-70.51063, -23.97967], [-70.51174, -23.97965], [-70.51338, -23.97824], [-70.51496, -23.97515], [-70.51469, -23.97202], [-70.51552, -23.97016], [-70.51308, -23.96927], [-70.51159, -23.96583], [-70.51213, -23.96406], [-70.51187, -23.9628], [-70.51326, -23.96186], [-70.51256, -23.95786], [-70.51293, -23.95592], [-70.51281, -23.95356], [-70.51144, -23.95254], [-70.5103, -23.94766], [-70.50885, -23.94741], [-70.50769, -23.94479], [-70.50827, -23.94086], [-70.50944, -23.93992], [-70.51213, -23.93938], [-70.51228, -23.93537], [-70.51548, -23.93351], [-70.51486, -23.93133], [-70.51664, -23.93083], [-70.51622, -23.92704], [-70.51484, -23.92522], [-70.51064, -23.92588], [-70.50502, -23.92369], [-70.50219, -23.92069], [-70.50029, -23.92068], [-70.49958, -23.91902], [-70.49935, -23.9166], [-70.4983, -23.91588], [-70.49856, -23.91372], [-70.4958, -23.9108], [-70.49615, -23.90869], [-70.49503, -23.90534], [-70.49566, -23.90341], [-70.49593, -23.89975], [-70.49777, -23.89782], [-70.49937, -23.89473], [-70.49923, -23.89384], [-70.50086, -23.89069], [-70.50432, -23.88793], [-70.50389, -23.88635], [-70.50517, -23.88429], [-70.50923, -23.88201], [-70.51406, -23.88048], [-70.51373, -23.87789], [-70.51478, -23.87601], [-70.51306, -23.8746], [-70.51396, -23.87173], [-70.51592, -23.87112], [-70.51562, -23.86887], [-70.51665, -23.86607], [-70.52073, -23.86598], [-70.52246, -23.86723], [-70.52376, -23.86718], [-70.52614, -23.86413], [-70.52331, -23.8608], [-70.52329, -23.85811], [-70.51746, -23.85705], [-70.51543, -23.85414], [-70.5121, -23.85127], [-70.50877, -23.85154], [-70.50799, -23.85098], [-70.50565, -23.85091], [-70.50392, -23.84954], [-70.50493, -23.84704], [-70.50423, -23.84499], [-70.50276, -23.84324], [-70.50323, -23.83956], [-70.50288, -23.83863], [-70.50293, -23.83323], [-70.50114, -23.83119], [-70.5002, -23.83082], [-70.50083, -23.82737], [-70.50213, -23.82683], [-70.50286, -23.82532], [-70.50304, -23.82321], [-70.50447, -23.82095], [-70.50476, -23.8189], [-70.50589, -23.81764], [-70.50565, -23.81464], [-70.50711, -23.81273], [-70.5075, -23.81087], [-70.50639, -23.80959], [-70.50622, -23.8082], [-70.50485, -23.80607], [-70.5043, -23.80354], [-70.5048, -23.80234], [-70.50645, -23.80137], [-70.50639, -23.79809], [-70.50353, -23.79745], [-70.50288, -23.79574], [-70.50189, -23.79489], [-70.50223, -23.79269], [-70.50117, -23.79141], [-70.49848, -23.79177], [-70.49685, -23.79054], [-70.49492, -23.78999], [-70.4927, -23.79043], [-70.4921, -23.78898], [-70.49072, -23.78749], [-70.48871, -23.78446], [-70.4869, -23.78091], [-70.4862, -23.77756], [-70.4853, -23.77582], [-70.47928, -23.77462], [-70.47841, -23.7738], [-70.47493, -23.77392], [-70.47276, -23.77131], [-70.47265, -23.76911], [-70.47498, -23.76707], [-70.4754, -23.76522], [-70.47438, -23.76391], [-70.47227, -23.76239], [-70.47012, -23.76176], [-70.4698, -23.7599], [-70.46808, -23.75875], [-70.46734, -23.75758], [-70.4656, -23.75823], [-70.46358, -23.75991], [-70.46169, -23.75999], [-70.45885, -23.75904], [-70.45606, -23.75659], [-70.45591, -23.75574], [-70.45397, -23.75418], [-70.45384, -23.75316], [-70.45164, -23.75097], [-70.44707, -23.74945], [-70.44615, -23.74782], [-70.44591, -23.74552], [-70.44397, -23.73989], [-70.4413, -23.73634], [-70.4409, -23.73398], [-70.43915, -23.73295], [-70.43822, -23.72866], [-70.43741, -23.72726], [-70.43682, -23.72476], [-70.43689, -23.72305], [-70.43492, -23.71864], [-70.43508, -23.71767], [-70.43388, -23.71282], [-70.43317, -23.71119], [-70.43177, -23.7096], [-70.43094, -23.70765], [-70.42883, -23.70652], [-70.42834, -23.70554], [-70.42553, -23.70507], [-70.42466, -23.70369], [-70.42359, -23.70033], [-70.42372, -23.6987], [-70.42292, -23.69597], [-70.42329, -23.69437], [-70.41926, -23.6856], [-70.41758, -23.68467], [-70.41567, -23.6827], [-70.41402, -23.67803], [-70.41439, -23.67687], [-70.412, -23.67262], [-70.40954, -23.67061], [-70.40823, -23.67064], [-70.40705, -23.669], [-70.40531, -23.66503], [-70.404, -23.66397], [-70.40403, -23.65979], [-70.40297, -23.65738], [-70.40336, -23.65539], [-70.40542, -23.65355], [-70.40498, -23.65288], [-70.40471, -23.646], [-70.40406, -23.6445], [-70.40245, -23.64396], [-70.40191, -23.6452], [-70.40046, -23.64414], [-70.39882, -23.64417], [-70.39709, -23.64181], [-70.39882, -23.64067], [-70.39722, -23.63765], [-70.39738, -23.63622], [-70.39641, -23.63463], [-70.3962, -23.6326], [-70.39708, -23.63137], [-70.39708, -23.62663], [-70.39613, -23.62509], [-70.39601, -23.62339], [-70.39469, -23.62141], [-70.39325, -23.62057], [-70.39273, -23.61902], [-70.39286, -23.61621], [-70.39214, -23.61314], [-70.39295, -23.60984], [-70.39253, -23.60793], [-70.393, -23.60385], [-70.39379, -23.60079], [-70.3964, -23.59716], [-70.39745, -23.59637], [-70.39783, -23.59255], [-70.39755, -23.59098], [-70.39605, -23.58965], [-70.39549, -23.58696], [-70.39381, -23.58481], [-70.39483, -23.58388], [-70.39508, -23.58242], [-70.39364, -23.58188], [-70.39386, -23.58047], [-70.39239, -23.57964], [-70.39669, -23.5761], [-70.39767, -23.57468], [-70.39773, -23.57164], [-70.39904, -23.57072], [-70.40013, -23.5646], [-70.40317, -23.56253], [-70.40325, -23.56112], [-70.40468, -23.56079], [-70.40597, -23.55954], [-70.40608, -23.55823], [-70.40742, -23.55723], [-70.40913, -23.55689], [-70.40892, -23.55333], [-70.40691, -23.55329], [-70.40558, -23.55601], [-70.40309, -23.55522], [-70.40254, -23.55349], [-70.40285, -23.55164], [-70.39878, -23.5456], [-70.40112, -23.54403], [-70.40086, -23.54316], [-70.40152, -23.54023], [-70.40249, -23.5382], [-70.40216, -23.53529], [-70.40467, -23.53451], [-70.40633, -23.53291], [-70.4061, -23.53163], [-70.4088, -23.52874], [-70.40997, -23.52473], [-70.41339, -23.52129], [-70.41346, -23.51845], [-70.41548, -23.51421], [-70.41877, -23.51339], [-70.41852, -23.5117], [-70.42007, -23.50858], [-70.42296, -23.50654], [-70.42449, -23.50679], [-70.4256, -23.50565], [-70.42565, -23.50202], [-70.42632, -23.50117], [-70.42953, -23.49912], [-70.42962, -23.4978], [-70.43132, -23.49668], [-70.43133, -23.4954], [-70.43772, -23.4907], [-70.43866, -23.49096], [-70.44003, -23.4894], [-70.44248, -23.48778], [-70.4452, -23.48663], [-70.44564, -23.48591], [-70.44788, -23.48536], [-70.44944, -23.48343], [-70.46654, -23.47338], [-70.47475, -23.46933], [-70.48586, -23.46529], [-70.49033, -23.4643], [-70.49471, -23.46377], [-70.49847, -23.46365], [-70.50248, -23.46399], [-70.50596, -23.4647], [-70.51115, -23.46633], [-70.51343, -23.46767], [-70.51295, -23.47026], [-70.51415, -23.473], [-70.51567, -23.47517], [-70.51608, -23.47688], [-70.5147, -23.48372], [-70.51503, -23.48863], [-70.51575, -23.48921], [-70.51594, -23.4914], [-70.51527, -23.49235], [-70.51736, -23.49623], [-70.51824, -23.49627], [-70.51939, -23.50001], [-70.52105, -23.50192], [-70.52213, -23.5016], [-70.52396, -23.50341], [-70.52547, -23.50354], [-70.52657, -23.50215], [-70.52781, -23.50227], [-70.53017, -23.50406], [-70.53062, -23.50545], [-70.53289, -23.50758], [-70.53351, -23.51084], [-70.53241, -23.51296], [-70.53114, -23.5126], [-70.52867, -23.51457], [-70.53118, -23.51459], [-70.53055, -23.51644], [-70.52947, -23.51645], [-70.52853, -23.51887], [-70.53043, -23.5231], [-70.53214, -23.52463], [-70.53124, -23.5264], [-70.53558, -23.53035], [-70.53721, -23.53085], [-70.53723, -23.53227], [-70.53896, -23.534], [-70.54352, -23.53621], [-70.54519, -23.53555], [-70.54696, -23.53728], [-70.54858, -23.5373], [-70.54934, -23.53458], [-70.55025, -23.53507], [-70.55174, -23.53341], [-70.55398, -23.53383], [-70.5547, -23.53568], [-70.55604, -23.5358], [-70.5566, -23.53475], [-70.55832, -23.53452], [-70.55907, -23.53316], [-70.56005, -23.52973], [-70.56141, -23.52911], [-70.56536, -23.52886], [-70.56754, -23.5275], [-70.56854, -23.5261], [-70.56951, -23.52787], [-70.5727, -23.52888], [-70.57595, -23.52929], [-70.57653, -23.52786], [-70.57959, -23.52414], [-70.57976, -23.522], [-70.58259, -23.51974], [-70.58532, -23.52042], [-70.58568, -23.51843], [-70.58673, -23.51726], [-70.58892, -23.51621], [-70.59037, -23.514], [-70.59207, -23.51001], [-70.59389, -23.50855], [-70.59528, -23.50908], [-70.5972, -23.50693], [-70.59922, -23.50629], [-70.6008, -23.50665], [-70.60197, -23.50768], [-70.60422, -23.50759], [-70.60641, -23.50679], [-70.6078, -23.50579], [-70.6094, -23.50592], [-70.61259, -23.50685], [-70.61362, -23.50789], [-70.61551, -23.50801], [-70.61604, -23.50954], [-70.61465, -23.51347], [-70.61474, -23.51542], [-70.61672, -23.52036], [-70.61843, -23.52013], [-70.6189, -23.52119], [-70.62099, -23.52122], [-70.6229, -23.52068], [-70.62439, -23.51817], [-70.626, -23.51862], [-70.62789, -23.51736], [-70.62867, -23.515], [-70.62744, -23.51345], [-70.6272, -23.51054], [-70.62809, -23.51034], [-70.62826, -23.50558], [-70.62748, -23.50354], [-70.6264, -23.50345], [-70.62592, -23.50161], [-70.62451, -23.49984], [-70.6208, -23.49898], [-70.62075, -23.49746], [-70.62216, -23.49703], [-70.62185, -23.49572], [-70.6228, -23.49368], [-70.62344, -23.48899], [-70.62316, -23.48714], [-70.62329, -23.4839], [-70.6221, -23.48273], [-70.62248, -23.48061], [-70.6222, -23.47844], [-70.62364, -23.4768], [-70.62124, -23.47438], [-70.62133, -23.47296], [-70.61919, -23.47122], [-70.61886, -23.46893], [-70.61808, -23.46744], [-70.61593, -23.46611], [-70.6164, -23.46454], [-70.61463, -23.46292], [-70.61215, -23.46333], [-70.61115, -23.46467], [-70.6108, -23.46983], [-70.6102, -23.47059], [-70.61071, -23.47263], [-70.61022, -23.47491], [-70.6072, -23.47551], [-70.60514, -23.47272], [-70.60516, -23.47161], [-70.60323, -23.46941], [-70.60352, -23.46675], [-70.60308, -23.46439], [-70.60188, -23.46305], [-70.60042, -23.45982], [-70.60137, -23.45397], [-70.60272, -23.45239], [-70.6011, -23.45068], [-70.6002, -23.44807], [-70.60032, -23.44542], [-70.59962, -23.44408], [-70.59524, -23.43981], [-70.59337, -23.43863], [-70.59179, -23.43627], [-70.59148, -23.43392], [-70.5903, -23.43205], [-70.59072, -23.43117], [-70.58999, -23.42954], [-70.58943, -23.42655], [-70.5901, -23.42603], [-70.59054, -23.42166], [-70.59136, -23.42063], [-70.59007, -23.4168], [-70.59274, -23.41301], [-70.59514, -23.41259], [-70.59643, -23.41511], [-70.5977, -23.41513], [-70.59883, -23.41384], [-70.59835, -23.40934], [-70.60105, -23.41022], [-70.60111, -23.40608], [-70.60497, -23.40632], [-70.60651, -23.40516], [-70.60604, -23.40278], [-70.60719, -23.39725], [-70.60317, -23.39228], [-70.6035, -23.39039], [-70.60058, -23.3891], [-70.60087, -23.38671], [-70.60037, -23.38532], [-70.60019, -23.38138], [-70.60084, -23.38018], [-70.60001, -23.37909], [-70.60056, -23.37799], [-70.59876, -23.37266], [-70.59871, -23.37142], [-70.60059, -23.37167], [-70.60139, -23.36955], [-70.60135, -23.36809], [-70.6037, -23.36513], [-70.60575, -23.36509], [-70.60639, -23.3593]]]]}}, {"type": "Feature", "properties": {"cod_comuna": "02104", "nombre_comuna": "Taltal", "nombre_provincia": "Antofagasta", "nombre_region": "Región de Antofagasta"}, "geometry": {"type": "MultiPolygon", "coordinates": [[[[-70.70427, -25.8911], [-70.69986, -25.89208], [-70.70059, -25.89388], [-70.70253, -25.89278], [-70.70444, -25.89379], [-70.70493, -25.8928], [-70.70427, -25.8911]]], [[[-70.57899, -24.54925], [-70.49188, -24.58965], [-70.40677, -24.62749], [-70.38919, -24.6286], [-69.17959, -24.68416], [-69.17368, -24.68396], [-69.16762, -24.69822], [-69.168, -24.70048], [-69.16964, -24.70465], [-69.17028, -24.70875], [-69.16931, -24.71183], [-69.16512, -24.7157], [-69.16308, -24.7168], [-69.16089, -24.72066], [-69.15834, -24.72647], [-69.15541, -24.73019], [-69.15491, -24.7392], [-69.15631, -24.74505], [-69.14968, -24.75719], [-69.14795, -24.76756], [-69.14822, -24.77573], [-69.14139, -24.77936], [-69.14095, -24.78159], [-69.14032, -24.79262], [-69.14011, -24.80704], [-69.1376, -24.80877], [-69.13545, -24.81142], [-69.13575, -24.82109], [-69.13704, -24.82894], [-69.13286, -24.84326], [-69.12748, -24.85527], [-69.12198, -24.86302], [-69.11951, -24.86791], [-69.11577, -24.87345], [-69.11416, -24.88353], [-69.12044, -24.89305], [-69.1247, -24.90022], [-69.12549, -24.90576], [-69.12168, -24.91378], [-69.11947, -24.92062], [-69.12417, -24.92798], [-69.12809, -24.93617], [-69.13268, -24.93869], [-69.1472, -24.94219], [-69.15249, -24.94674], [-69.15717, -24.95277], [-69.16014, -24.96583], [-69.16518, -24.98146], [-69.16876, -24.99103], [-69.16848, -24.99425], [-69.16919, -25.00125], [-69.16865, -25.005], [-69.16811, -25.00585], [-69.16834, -25.00969], [-69.16917, -25.0126], [-69.17134, -25.01641], [-69.1727, -25.02017], [-69.17621, -25.02429], [-69.1784, -25.02861], [-69.18142, -25.03597], [-69.18147, -25.03809], [-69.18237, -25.04113], [-69.18298, -25.04536], [-69.18886, -25.0561], [-69.18962, -25.05862], [-69.19752, -25.06903], [-69.19891, -25.07187], [-69.20503, -25.07934], [-69.20748, -25.08383], [-69.20895, -25.0919], [-69.20663, -25.09499], [-69.20645, -25.09781], [-69.20592, -25.09932], [-69.20691, -25.10361], [-69.20717, -25.10636], [-69.20906, -25.11104], [-69.21122, -25.11409], [-69.21322, -25.11595], [-69.21518, -25.11849], [-69.21988, -25.12236], [-69.22218, -25.12599], [-69.22368, -25.12763], [-69.22596, -25.12827], [-69.22872, -25.12982], [-69.23061, -25.13219], [-69.23351, -25.1395], [-69.2379, -25.14831], [-69.24017, -25.1505], [-69.24285, -25.15418], [-69.24593, -25.16096], [-69.24658, -25.16664], [-69.24748, -25.16978], [-69.24556, -25.17608], [-69.23926, -25.18391], [-69.23553, -25.18606], [-69.23301, -25.18903], [-69.22826, -25.19321], [-69.22219, -25.19534], [-69.22028, -25.1974], [-69.21915, -25.20006], [-69.21869, -25.20404], [-69.21805, -25.20628], [-69.21739, -25.21244], [-69.22057, -25.22088], [-69.22296, -25.23296], [-69.22302, -25.23514], [-69.2216, -25.23626], [-69.21312, -25.23074], [-69.21047, -25.22843], [-69.20832, -25.22831], [-69.20424, -25.22919], [-69.19599, -25.23786], [-69.19534, -25.23948], [-69.19211, -25.24403], [-69.19052, -25.25101], [-69.18961, -25.25282], [-69.18758, -25.25992], [-69.18727, -25.26263], [-69.18633, -25.26518], [-69.18478, -25.26664], [-69.18363, -25.26856], [-69.18031, -25.27702], [-69.17952, -25.28094], [-69.17827, -25.28384], [-69.17691, -25.28488], [-69.17411, -25.28457], [-69.16939, -25.28669], [-69.16714, -25.28845], [-69.16674, -25.29066], [-69.16444, -25.29286], [-69.15862, -25.29313], [-69.15403, -25.29489], [-69.15192, -25.2967], [-69.14852, -25.29798], [-69.14274, -25.29904], [-69.13696, -25.30129], [-69.13352, -25.30222], [-69.1277, -25.30305], [-69.12399, -25.30416], [-69.12245, -25.30495], [-69.11976, -25.30835], [-69.11592, -25.31814], [-69.11424, -25.32043], [-69.11138, -25.32171], [-69.10811, -25.3256], [-69.10639, -25.32882], [-69.10321, -25.33314], [-69.10273, -25.33592], [-69.10211, -25.33684], [-69.09876, -25.33967], [-69.09576, -25.34152], [-69.09462, -25.34287], [-69.09202, -25.34316], [-69.08654, -25.34269], [-69.08257, -25.34176], [-69.0743, -25.34118], [-69.07068, -25.34036], [-69.0673, -25.33873], [-69.06404, -25.33826], [-69.05693, -25.3385], [-69.05121, -25.33943], [-69.04504, -25.34118], [-69.03711, -25.34456], [-69.03182, -25.34762], [-69.02899, -25.35236], [-69.02538, -25.35633], [-69.02156, -25.35887], [-69.01788, -25.36223], [-69.01359, -25.36702], [-69.00912, -25.37303], [-69.00678, -25.37557], [-69.0055, -25.37635], [-69.0022, -25.37551], [-69.00091, -25.37577], [-68.99823, -25.37769], [-68.99522, -25.37792], [-68.9886, -25.38001], [-68.98721, -25.38515], [-68.98696, -25.39311], [-68.98742, -25.39552], [-68.98835, -25.39762], [-68.98939, -25.40286], [-68.99013, -25.40479], [-68.99349, -25.40901], [-68.99566, -25.41061], [-69.00331, -25.41312], [-69.00795, -25.41741], [-69.01399, -25.42145], [-69.01629, -25.42349], [-69.02174, -25.42673], [-69.02986, -25.4372], [-69.03586, -25.44226], [-69.03525, -25.44471], [-69.03355, -25.44671], [-69.03146, -25.44661], [-69.02362, -25.44484], [-69.02238, -25.4458], [-69.01687, -25.44799], [-69.01515, -25.44916], [-69.01359, -25.45199], [-69.00815, -25.45744], [-69.00498, -25.45973], [-69.00281, -25.46179], [-69.00239, -25.46278], [-69.00278, -25.47133], [-69.00225, -25.47564], [-69.0027, -25.47839], [-69.00205, -25.48314], [-69.00132, -25.48459], [-68.99839, -25.48663], [-68.9963, -25.48857], [-68.99423, -25.49466], [-68.99583, -25.5055], [-68.99732, -25.50782], [-68.99974, -25.50761], [-69.00205, -25.50614], [-69.00486, -25.50518], [-69.01023, -25.50486], [-69.02042, -25.50742], [-69.02267, -25.50881], [-69.02437, -25.51097], [-69.02531, -25.51324], [-69.02581, -25.51565], [-69.02761, -25.51958], [-69.02811, -25.52192], [-69.02813, -25.52532], [-69.02849, -25.52726], [-69.03004, -25.53091], [-69.03293, -25.53281], [-69.04355, -25.53473], [-69.04709, -25.5372], [-69.04963, -25.53996], [-69.05213, -25.54365], [-69.05314, -25.54633], [-69.05387, -25.55028], [-69.05367, -25.55488], [-69.05434, -25.5568], [-69.05414, -25.56303], [-69.05443, -25.56498], [-69.0573, -25.56959], [-69.06011, -25.57131], [-69.0623, -25.57325], [-69.06395, -25.57561], [-69.068, -25.57917], [-69.07068, -25.58044], [-69.07481, -25.57946], [-69.08142, -25.57954], [-69.08275, -25.57995], [-69.08387, -25.5832], [-69.08482, -25.58411], [-69.08369, -25.58517], [-69.08011, -25.58618], [-69.07804, -25.58613], [-69.07545, -25.5848], [-69.07261, -25.58465], [-69.07053, -25.58581], [-69.06951, -25.58978], [-69.06935, -25.59216], [-69.06801, -25.59795], [-69.06678, -25.60614], [-69.06113, -25.61359], [-69.06028, -25.61898], [-69.054, -25.63125], [-69.05105, -25.6334], [-69.0508, -25.6364], [-69.05578, -25.64643], [-69.05877, -25.65787], [-69.05915, -25.662], [-69.06003, -25.6654], [-69.06826, -25.67621], [-69.06952, -25.67865], [-69.07046, -25.67955], [-69.0709, -25.68125], [-69.07072, -25.6898], [-69.07275, -25.69292], [-69.07593, -25.69602], [-69.08656, -25.70816], [-69.0889, -25.7103], [-69.09025, -25.71102], [-69.09472, -25.71996], [-69.09339, -25.72269], [-69.09043, -25.72377], [-69.08723, -25.72341], [-69.08488, -25.72269], [-69.08147, -25.72266], [-69.07806, -25.72416], [-69.07659, -25.72527], [-69.07395, -25.72618], [-69.06744, -25.72646], [-69.06233, -25.72555], [-69.06005, -25.72476], [-69.05845, -25.72674], [-69.0583, -25.72834], [-69.05985, -25.73065], [-69.06745, -25.73773], [-69.07086, -25.74039], [-69.07899, -25.7433], [-69.08013, -25.74442], [-69.0802, -25.7464], [-69.07901, -25.74816], [-69.07907, -25.75387], [-69.08202, -25.76021], [-69.0922, -25.77577], [-69.09659, -25.78323], [-69.09722, -25.78629], [-69.09541, -25.789], [-69.09387, -25.79408], [-69.09493, -25.79504], [-69.09505, -25.79745], [-69.09733, -25.80017], [-69.09824, -25.80176], [-69.09979, -25.80172], [-69.10592, -25.80323], [-69.11085, -25.80229], [-69.11165, -25.80463], [-69.11327, -25.80646], [-69.11578, -25.80787], [-69.12379, -25.80868], [-69.1274, -25.81036], [-69.1322, -25.81418], [-69.13567, -25.81592], [-69.14431, -25.81933], [-69.14897, -25.82031], [-69.16496, -25.81628], [-69.16953, -25.81604], [-69.17136, -25.81645], [-69.17693, -25.82015], [-69.18004, -25.82179], [-69.19617, -25.82931], [-69.20187, -25.83355], [-69.20451, -25.8344], [-69.20736, -25.83446], [-69.21057, -25.83329], [-69.21267, -25.83325], [-69.21632, -25.83397], [-69.21543, -25.83499], [-69.21535, -25.83803], [-69.21598, -25.84122], [-69.22101, -25.84002], [-69.22277, -25.83905], [-69.22533, -25.84081], [-69.22816, -25.83929], [-69.22975, -25.83912], [-69.23213, -25.84112], [-69.23426, -25.84183], [-69.23486, -25.84262], [-69.23426, -25.84407], [-69.23753, -25.84766], [-69.23904, -25.84758], [-69.24222, -25.84821], [-69.24266, -25.84949], [-69.24267, -25.85285], [-69.244, -25.85628], [-69.24515, -25.85748], [-69.24586, -25.85931], [-69.24816, -25.86059], [-69.25116, -25.86058], [-69.25213, -25.86178], [-69.25416, -25.86211], [-69.25628, -25.86121], [-69.25726, -25.86161], [-69.25691, -25.86321], [-69.26106, -25.86456], [-69.2638, -25.86352], [-69.26477, -25.86391], [-69.26575, -25.86607], [-69.26795, -25.86647], [-69.2691, -25.86359], [-69.26883, -25.86127], [-69.26935, -25.85855], [-69.27076, -25.85735], [-69.27376, -25.85687], [-69.27606, -25.8575], [-69.27624, -25.85982], [-69.27837, -25.86309], [-69.27996, -25.86293], [-69.28298, -25.86428], [-69.28473, -25.86619], [-69.29445, -25.86689], [-69.29631, -25.86913], [-69.29967, -25.86893], [-69.30329, -25.86975], [-69.30391, -25.86903], [-69.30638, -25.86831], [-69.30823, -25.86726], [-69.31143, -25.86813], [-69.31318, -25.86778], [-69.31541, -25.86607], [-69.31713, -25.8654], [-69.32548, -25.86488], [-69.33144, -25.86646], [-69.33916, -25.86617], [-69.34169, -25.8669], [-69.34276, -25.86797], [-69.34382, -25.86678], [-69.34843, -25.86631], [-69.35151, -25.86685], [-69.35312, -25.86863], [-69.35894, -25.87146], [-69.36776, -25.88009], [-69.37063, -25.88025], [-69.37388, -25.87974], [-69.38148, -25.88011], [-69.38448, -25.8791], [-69.39688, -25.87037], [-69.40629, -25.86569], [-69.42019, -25.86074], [-69.42393, -25.85868], [-69.4269, -25.85642], [-69.42851, -25.8563], [-69.43165, -25.85945], [-69.43727, -25.85926], [-69.44036, -25.86018], [-69.44165, -25.86149], [-69.44183, -25.8632], [-69.44107, -25.867], [-69.4403, -25.86887], [-69.44023, -25.87081], [-69.4417, -25.87429], [-69.44539, -25.87746], [-69.44533, -25.8839], [-69.44688, -25.88584], [-69.45033, -25.88877], [-69.45083, -25.88973], [-69.45094, -25.8932], [-69.45274, -25.89435], [-69.45444, -25.89611], [-69.45809, -25.89729], [-69.46289, -25.89724], [-69.46556, -25.89681], [-69.46821, -25.89792], [-69.47025, -25.89959], [-69.47231, -25.90598], [-69.47355, -25.90709], [-69.47545, -25.90719], [-69.47561, -25.91036], [-69.47674, -25.91197], [-69.48617, -25.91241], [-69.4952, -25.9122], [-69.49623, -25.9133], [-69.49905, -25.91378], [-69.50049, -25.91468], [-69.50283, -25.91508], [-69.50299, -25.94872], [-69.50829, -25.94963], [-69.5094, -25.95045], [-69.51211, -25.95121], [-69.51525, -25.94988], [-69.51706, -25.95024], [-69.5194, -25.94973], [-69.52351, -25.95107], [-69.52796, -25.95047], [-69.53095, -25.94815], [-69.53545, -25.9475], [-69.53822, -25.94756], [-69.54452, -25.94586], [-69.54686, -25.94473], [-69.55416, -25.94429], [-69.55686, -25.9436], [-69.55864, -25.94393], [-69.56744, -25.94413], [-69.57239, -25.94352], [-69.57649, -25.94373], [-69.57824, -25.94309], [-69.58281, -25.94232], [-69.58506, -25.94254], [-69.58881, -25.94221], [-69.59051, -25.94293], [-69.59331, -25.94278], [-69.6017, -25.94498], [-69.60485, -25.94434], [-69.60795, -25.94478], [-69.61119, -25.94205], [-69.61584, -25.94212], [-69.61829, -25.94292], [-69.62297, -25.94229], [-69.62601, -25.94138], [-69.63212, -25.94087], [-69.64377, -25.942], [-69.64568, -25.94172], [-69.64917, -25.942], [-69.65264, -25.94367], [-69.65842, -25.94463], [-69.66009, -25.94438], [-69.66348, -25.94275], [-69.66486, -25.9426], [-69.66862, -25.94359], [-69.67466, -25.94299], [-69.6776, -25.94112], [-69.67885, -25.94112], [-69.68009, -25.93989], [-69.68109, -25.94025], [-69.68404, -25.9391], [-69.68514, -25.93968], [-69.68874, -25.9389], [-69.68918, -25.93777], [-69.69459, -25.93573], [-69.69599, -25.93572], [-69.69914, -25.93485], [-69.70049, -25.93498], [-69.70314, -25.93419], [-69.7062, -25.93209], [-69.71109, -25.93052], [-69.71369, -25.92758], [-69.7153, -25.92675], [-69.71606, -25.92563], [-69.71985, -25.92321], [-69.72436, -25.92198], [-69.72611, -25.92055], [-69.73028, -25.91902], [-69.73231, -25.9196], [-69.73658, -25.91927], [-69.74073, -25.92084], [-69.74297, -25.92117], [-69.74605, -25.92034], [-69.74719, -25.91956], [-69.7519, -25.91871], [-69.75337, -25.91803], [-69.75655, -25.91736], [-69.76148, -25.91739], [-69.76738, -25.92013], [-69.77227, -25.92083], [-69.77366, -25.92166], [-69.77858, -25.92203], [-69.78081, -25.92289], [-69.78343, -25.92294], [-69.78488, -25.92249], [-69.78814, -25.92352], [-69.79044, -25.9238], [-69.79586, -25.92663], [-69.80522, -25.92508], [-69.80589, -25.92619], [-69.80804, -25.92713], [-69.81108, -25.92616], [-69.81345, -25.92594], [-69.81551, -25.925], [-69.81689, -25.92499], [-69.81936, -25.9239], [-69.82066, -25.92583], [-69.82199, -25.92647], [-69.8238, -25.92637], [-69.8299, -25.93246], [-69.83073, -25.93435], [-69.83226, -25.93641], [-69.83656, -25.93931], [-69.83733, -25.94038], [-69.84, -25.94088], [-69.84334, -25.94279], [-69.84967, -25.94306], [-69.8512, -25.94408], [-69.85377, -25.94462], [-69.8543, -25.94527], [-69.85647, -25.94287], [-69.86784, -25.92384], [-69.9077, -25.89461], [-69.95821, -25.90138], [-70.02297, -25.91988], [-70.05074, -25.94402], [-70.07594, -25.96502], [-70.07531, -25.96238], [-70.07507, -25.95531], [-70.07703, -25.95288], [-70.07874, -25.95256], [-70.08321, -25.95253], [-70.0877, -25.95385], [-70.08854, -25.95218], [-70.09085, -25.95053], [-70.09368, -25.95051], [-70.09642, -25.95179], [-70.10539, -25.95108], [-70.10777, -25.9497], [-70.11087, -25.94952], [-70.1138, -25.95035], [-70.11475, -25.95104], [-70.11929, -25.95188], [-70.12089, -25.95174], [-70.12505, -25.95316], [-70.12667, -25.95484], [-70.12861, -25.95464], [-70.12986, -25.95216], [-70.13291, -25.94959], [-70.13442, -25.94972], [-70.13681, -25.94897], [-70.13977, -25.95004], [-70.13921, -25.95172], [-70.14096, -25.95316], [-70.14444, -25.95313], [-70.14617, -25.95179], [-70.14844, -25.95215], [-70.15213, -25.94959], [-70.15638, -25.94512], [-70.16079, -25.94219], [-70.16597, -25.9399], [-70.17199, -25.9401], [-70.17448, -25.94204], [-70.17919, -25.943], [-70.18436, -25.94355], [-70.18718, -25.94321], [-70.19192, -25.94325], [-70.1966, -25.94259], [-70.19965, -25.94178], [-70.20179, -25.93852], [-70.20352, -25.93802], [-70.20576, -25.93829], [-70.21511, -25.93299], [-70.21826, -25.93014], [-70.2219, -25.92343], [-70.22472, -25.92043], [-70.23023, -25.9181], [-70.23381, -25.91903], [-70.23555, -25.91986], [-70.23739, -25.91784], [-70.23995, -25.9162], [-70.23945, -25.92189], [-70.2408, -25.92345], [-70.24282, -25.92464], [-70.2455, -25.92534], [-70.24806, -25.92689], [-70.2502, -25.92711], [-70.2522, -25.92661], [-70.25303, -25.92902], [-70.25279, -25.9318], [-70.25426, -25.93131], [-70.25626, -25.93141], [-70.26293, -25.93027], [-70.26478, -25.93078], [-70.26643, -25.92853], [-70.26522, -25.92605], [-70.26595, -25.92059], [-70.26589, -25.91888], [-70.26773, -25.91584], [-70.26877, -25.91341], [-70.27171, -25.91339], [-70.27196, -25.91181], [-70.2734, -25.90854], [-70.27486, -25.90792], [-70.27651, -25.90805], [-70.27762, -25.90704], [-70.28073, -25.90726], [-70.28358, -25.90314], [-70.28542, -25.90159], [-70.29142, -25.89952], [-70.29357, -25.89827], [-70.29521, -25.8966], [-70.30103, -25.89617], [-70.3035, -25.89802], [-70.31508, -25.90461], [-70.31402, -25.90938], [-70.313, -25.91089], [-70.31407, -25.91219], [-70.31444, -25.91493], [-70.31564, -25.91659], [-70.31802, -25.91882], [-70.32087, -25.92674], [-70.32274, -25.93005], [-70.32433, -25.9311], [-70.32577, -25.93085], [-70.32771, -25.92858], [-70.33016, -25.92488], [-70.33237, -25.92308], [-70.33421, -25.92306], [-70.33646, -25.92494], [-70.33969, -25.93191], [-70.34128, -25.9332], [-70.34272, -25.93331], [-70.3465, -25.9309], [-70.34952, -25.93075], [-70.36239, -25.93193], [-70.3772, -25.93025], [-70.38218, -25.9302], [-70.38468, -25.92901], [-70.39319, -25.92879], [-70.39491, -25.93008], [-70.39482, -25.93317], [-70.39263, -25.93687], [-70.39278, -25.93876], [-70.39476, -25.93992], [-70.40451, -25.93847], [-70.4069, -25.9394], [-70.41256, -25.94284], [-70.41705, -25.9464], [-70.42014, -25.95336], [-70.42329, -25.95458], [-70.43274, -25.95422], [-70.43575, -25.95263], [-70.43704, -25.95401], [-70.43915, -25.95418], [-70.45046, -25.95856], [-70.46099, -25.96556], [-70.47292, -25.96956], [-70.47509, -25.97114], [-70.47744, -25.97154], [-70.48321, -25.9679], [-70.49002, -25.97635], [-70.49255, -25.97833], [-70.49714, -25.98068], [-70.50056, -25.98314], [-70.50326, -25.98553], [-70.50403, -25.98668], [-70.50589, -25.99191], [-70.50881, -25.99315], [-70.50913, -25.99502], [-70.51021, -25.99787], [-70.51376, -26.00096], [-70.51645, -26.00173], [-70.52021, -26.00231], [-70.52328, -26.00327], [-70.52431, -26.00506], [-70.52413, -26.00718], [-70.52449, -26.00878], [-70.52622, -26.00961], [-70.5277, -26.00961], [-70.53026, -26.00895], [-70.54903, -26.00776], [-70.55472, -26.00769], [-70.55781, -26.00714], [-70.56298, -26.00399], [-70.57592, -26.00196], [-70.57985, -26.00282], [-70.59198, -26.00719], [-70.59464, -26.00734], [-70.5967, -26.00699], [-70.60069, -26.00548], [-70.60204, -26.00333], [-70.60516, -26.00413], [-70.60603, -26.00699], [-70.6092, -26.01422], [-70.61097, -26.02199], [-70.61277, -26.02656], [-70.61335, -26.02982], [-70.61078, -26.04039], [-70.60993, -26.04178], [-70.60741, -26.04439], [-70.60747, -26.04513], [-70.60981, -26.04559], [-70.6129, -26.04692], [-70.61476, -26.04835], [-70.61558, -26.05016], [-70.61633, -26.05367], [-70.6145, -26.05631], [-70.61464, -26.05817], [-70.61916, -26.061], [-70.6573, -26.06101], [-70.65552, -26.06022], [-70.65523, -26.05829], [-70.6529, -26.0584], [-70.6526, -26.05903], [-70.64796, -26.05737], [-70.64406, -26.05676], [-70.64127, -26.05589], [-70.63548, -26.05146], [-70.63406, -26.04758], [-70.63464, -26.04646], [-70.63422, -26.04455], [-70.63361, -26.03745], [-70.63417, -26.03496], [-70.6337, -26.03307], [-70.63402, -26.03086], [-70.63266, -26.02691], [-70.63273, -26.02476], [-70.63342, -26.02308], [-70.63294, -26.02118], [-70.63314, -26.01923], [-70.63152, -26.01786], [-70.63161, -26.01521], [-70.63, -26.0132], [-70.62798, -26.00893], [-70.62671, -26.00441], [-70.62705, -26.00192], [-70.62867, -25.99908], [-70.62793, -25.99678], [-70.62799, -25.9943], [-70.6291, -25.9927], [-70.62975, -25.98992], [-70.63256, -25.9868], [-70.63293, -25.98405], [-70.63485, -25.98259], [-70.63626, -25.97979], [-70.63799, -25.97819], [-70.64001, -25.97712], [-70.6391, -25.97487], [-70.64006, -25.9737], [-70.64011, -25.97174], [-70.64112, -25.97062], [-70.64181, -25.96807], [-70.64187, -25.96592], [-70.64293, -25.96538], [-70.64295, -25.96378], [-70.64157, -25.963], [-70.64289, -25.95963], [-70.64441, -25.95836], [-70.64471, -25.95628], [-70.64684, -25.95476], [-70.64561, -25.95382], [-70.64703, -25.95253], [-70.64756, -25.95001], [-70.64923, -25.94891], [-70.65009, -25.94674], [-70.65327, -25.94586], [-70.6548, -25.94584], [-70.65566, -25.94479], [-70.6541, -25.94308], [-70.655, -25.94036], [-70.65686, -25.94107], [-70.65817, -25.94094], [-70.66111, -25.93796], [-70.66204, -25.93529], [-70.66168, -25.93391], [-70.6626, -25.92965], [-70.66673, -25.92985], [-70.66863, -25.92927], [-70.66849, -25.928], [-70.67088, -25.92472], [-70.67016, -25.92367], [-70.67128, -25.92156], [-70.67352, -25.92063], [-70.67528, -25.9188], [-70.67724, -25.91873], [-70.67603, -25.9169], [-70.67718, -25.91543], [-70.68054, -25.91435], [-70.68273, -25.91416], [-70.68157, -25.91213], [-70.68192, -25.91027], [-70.68348, -25.90994], [-70.68508, -25.91043], [-70.68669, -25.90767], [-70.68933, -25.90757], [-70.68831, -25.90585], [-70.68979, -25.90456], [-70.69107, -25.90475], [-70.69341, -25.90407], [-70.69276, -25.90221], [-70.69414, -25.90095], [-70.69474, -25.89805], [-70.69256, -25.89367], [-70.69319, -25.89191], [-70.69192, -25.88951], [-70.69233, -25.88761], [-70.69343, -25.88627], [-70.69561, -25.88582], [-70.69743, -25.88399], [-70.69988, -25.8796], [-70.69896, -25.8785], [-70.69991, -25.87739], [-70.70226, -25.8775], [-70.70294, -25.87702], [-70.70396, -25.87315], [-70.70466, -25.87198], [-70.70228, -25.87144], [-70.70235, -25.8698], [-70.70139, -25.86806], [-70.70268, -25.86518], [-70.70209, -25.86386], [-70.7023, -25.86075], [-70.70288, -25.859], [-70.70594, -25.85657], [-70.7055, -25.85425], [-70.70588, -25.85244], [-70.7103, -25.84571], [-70.71018, -25.84415], [-70.71193, -25.83844], [-70.71419, -25.83751], [-70.71625, -25.83763], [-70.7193, -25.83623], [-70.72031, -25.8345], [-70.72038, -25.8323], [-70.72581, -25.82994], [-70.72931, -25.83048], [-70.73131, -25.83008], [-70.73119, -25.8265], [-70.73424, -25.82475], [-70.73478, -25.82353], [-70.7366, -25.82499], [-70.73625, -25.8221], [-70.73634, -25.81818], [-70.73713, -25.81723], [-70.73625, -25.81609], [-70.73527, -25.81822], [-70.73366, -25.81832], [-70.73221, -25.81573], [-70.7325, -25.81438], [-70.73133, -25.81342], [-70.73103, -25.81156], [-70.72757, -25.8081], [-70.72648, -25.80662], [-70.72684, -25.80529], [-70.7251, -25.80406], [-70.72351, -25.80366], [-70.72412, -25.80211], [-70.72394, -25.80033], [-70.72458, -25.799], [-70.72609, -25.79805], [-70.72514, -25.79687], [-70.72608, -25.79525], [-70.72833, -25.79414], [-70.72952, -25.79229], [-70.73027, -25.79002], [-70.72966, -25.7892], [-70.73076, -25.78733], [-70.73034, -25.78609], [-70.72741, -25.78669], [-70.72665, -25.78479], [-70.72771, -25.78257], [-70.73027, -25.78031], [-70.73066, -25.77912], [-70.72864, -25.7779], [-70.72746, -25.77789], [-70.72243, -25.77978], [-70.7194, -25.77753], [-70.71786, -25.77804], [-70.71612, -25.77639], [-70.71135, -25.77696], [-70.70973, -25.77658], [-70.70506, -25.77411], [-70.70391, -25.77248], [-70.70364, -25.76881], [-70.70283, -25.76679], [-70.70056, -25.76724], [-70.69966, -25.76639], [-70.69941, -25.76458], [-70.69801, -25.76265], [-70.69571, -25.76095], [-70.69522, -25.75966], [-70.69561, -25.75701], [-70.69774, -25.75348], [-70.69941, -25.75205], [-70.69559, -25.74801], [-70.69468, -25.74774], [-70.69248, -25.74887], [-70.68971, -25.74904], [-70.6866, -25.74761], [-70.68524, -25.74471], [-70.68489, -25.74306], [-70.68696, -25.73942], [-70.68908, -25.73875], [-70.6918, -25.73527], [-70.69177, -25.73209], [-70.69082, -25.7306], [-70.6918, -25.72957], [-70.69212, -25.72673], [-70.69373, -25.72406], [-70.69482, -25.72359], [-70.69508, -25.72187], [-70.69377, -25.71965], [-70.69456, -25.71753], [-70.69324, -25.7165], [-70.69386, -25.71407], [-70.69338, -25.71308], [-70.69563, -25.71122], [-70.69468, -25.70963], [-70.69327, -25.70473], [-70.69261, -25.70387], [-70.69371, -25.70135], [-70.69261, -25.69857], [-70.693, -25.69718], [-70.69129, -25.69464], [-70.69142, -25.69051], [-70.69222, -25.68954], [-70.69136, -25.68828], [-70.68953, -25.68731], [-70.69073, -25.68614], [-70.69255, -25.68565], [-70.69053, -25.68364], [-70.69052, -25.68285], [-70.69207, -25.68057], [-70.68968, -25.68077], [-70.68638, -25.68169], [-70.6848, -25.67869], [-70.68515, -25.67688], [-70.6834, -25.67433], [-70.68302, -25.67171], [-70.6821, -25.66956], [-70.6813, -25.66617], [-70.68359, -25.66276], [-70.68276, -25.66124], [-70.68042, -25.66079], [-70.67987, -25.6639], [-70.67638, -25.66405], [-70.67303, -25.6625], [-70.66959, -25.66166], [-70.66977, -25.6607], [-70.6677, -25.66024], [-70.66057, -25.65651], [-70.6595, -25.65433], [-70.65787, -25.65347], [-70.65713, -25.65421], [-70.65531, -25.65325], [-70.65549, -25.64886], [-70.65379, -25.64722], [-70.65129, -25.64794], [-70.64927, -25.65045], [-70.64793, -25.6506], [-70.64691, -25.65364], [-70.64441, -25.65338], [-70.64243, -25.65225], [-70.63911, -25.64967], [-70.63733, -25.64729], [-70.63639, -25.64478], [-70.63614, -25.64264], [-70.63695, -25.63914], [-70.63586, -25.63675], [-70.63723, -25.63308], [-70.63464, -25.63042], [-70.63327, -25.62826], [-70.63392, -25.62445], [-70.63446, -25.62315], [-70.63654, -25.62033], [-70.63907, -25.62072], [-70.64025, -25.62026], [-70.64316, -25.62087], [-70.64432, -25.61956], [-70.64412, -25.6186], [-70.64554, -25.61746], [-70.64428, -25.61553], [-70.6433, -25.6121], [-70.64294, -25.60943], [-70.64401, -25.6082], [-70.64247, -25.60274], [-70.644, -25.60258], [-70.64435, -25.59985], [-70.64302, -25.59848], [-70.64238, -25.59476], [-70.64057, -25.59115], [-70.64107, -25.58673], [-70.63995, -25.58388], [-70.64049, -25.58184], [-70.64015, -25.57981], [-70.64069, -25.57833], [-70.64039, -25.57349], [-70.63993, -25.57194], [-70.64141, -25.57088], [-70.64075, -25.56883], [-70.64206, -25.56698], [-70.6438, -25.56651], [-70.64289, -25.56364], [-70.63936, -25.55945], [-70.63937, -25.55801], [-70.63819, -25.55393], [-70.63881, -25.55213], [-70.63848, -25.54914], [-70.64114, -25.54429], [-70.64375, -25.54107], [-70.64409, -25.53866], [-70.64618, -25.539], [-70.64695, -25.54078], [-70.64911, -25.53908], [-70.65154, -25.53908], [-70.6514, -25.53804], [-70.64897, -25.5365], [-70.64853, -25.53399], [-70.64691, -25.53005], [-70.64544, -25.52945], [-70.64559, -25.53142], [-70.64356, -25.53323], [-70.64023, -25.53329], [-70.63808, -25.53289], [-70.63638, -25.53184], [-70.63578, -25.52985], [-70.63374, -25.52877], [-70.63318, -25.52669], [-70.63374, -25.52434], [-70.63326, -25.52349], [-70.63413, -25.52217], [-70.63186, -25.5201], [-70.63043, -25.51758], [-70.63438, -25.51516], [-70.63488, -25.51398], [-70.63017, -25.51121], [-70.63053, -25.50818], [-70.62965, -25.50703], [-70.62609, -25.50662], [-70.62237, -25.50667], [-70.62021, -25.50562], [-70.6185, -25.50383], [-70.61647, -25.50533], [-70.6142, -25.50603], [-70.60969, -25.50519], [-70.60802, -25.5056], [-70.60508, -25.50753], [-70.60141, -25.50799], [-70.59333, -25.50801], [-70.59116, -25.50639], [-70.58961, -25.50669], [-70.58725, -25.50514], [-70.58601, -25.50629], [-70.58224, -25.50645], [-70.58005, -25.50512], [-70.57832, -25.5066], [-70.57624, -25.5068], [-70.57542, -25.50621], [-70.57581, -25.50474], [-70.57558, -25.502], [-70.57416, -25.50054], [-70.57374, -25.49928], [-70.57204, -25.49914], [-70.5705, -25.49817], [-70.56813, -25.49768], [-70.5672, -25.49812], [-70.56539, -25.49763], [-70.56394, -25.49654], [-70.56302, -25.49469], [-70.56039, -25.49233], [-70.56142, -25.49051], [-70.55998, -25.49007], [-70.55752, -25.4875], [-70.55481, -25.48716], [-70.55371, -25.48641], [-70.54631, -25.48379], [-70.54352, -25.48415], [-70.54098, -25.48568], [-70.53873, -25.485], [-70.53781, -25.48334], [-70.53581, -25.48131], [-70.53268, -25.48069], [-70.53038, -25.48069], [-70.52823, -25.4782], [-70.52687, -25.4742], [-70.52687, -25.47274], [-70.52489, -25.4709], [-70.52464, -25.46898], [-70.52583, -25.46651], [-70.52545, -25.46466], [-70.52564, -25.46262], [-70.52303, -25.46096], [-70.5236, -25.4592], [-70.52356, -25.45735], [-70.52135, -25.45471], [-70.52119, -25.45166], [-70.52273, -25.45043], [-70.52263, -25.44878], [-70.52174, -25.44692], [-70.52216, -25.4459], [-70.51924, -25.44424], [-70.51829, -25.44255], [-70.51852, -25.43974], [-70.5208, -25.43844], [-70.52243, -25.43879], [-70.52269, -25.43724], [-70.52377, -25.43677], [-70.52291, -25.43486], [-70.52276, -25.43325], [-70.52497, -25.43399], [-70.52626, -25.43207], [-70.52728, -25.43161], [-70.52665, -25.42947], [-70.52503, -25.42795], [-70.52486, -25.42478], [-70.52515, -25.42347], [-70.52403, -25.42258], [-70.52248, -25.42004], [-70.52461, -25.41832], [-70.52371, -25.41618], [-70.52143, -25.41641], [-70.51938, -25.41339], [-70.51966, -25.4119], [-70.52094, -25.41004], [-70.51844, -25.41033], [-70.51815, -25.40912], [-70.51569, -25.40774], [-70.51269, -25.40702], [-70.51328, -25.40363], [-70.51481, -25.40292], [-70.51481, -25.40133], [-70.51643, -25.4006], [-70.51565, -25.39934], [-70.51644, -25.3979], [-70.51602, -25.3969], [-70.51222, -25.39692], [-70.51168, -25.39862], [-70.50906, -25.39929], [-70.50777, -25.40028], [-70.50825, -25.40228], [-70.50754, -25.40408], [-70.50588, -25.40392], [-70.50356, -25.40561], [-70.50143, -25.40574], [-70.50039, -25.40656], [-70.4989, -25.40904], [-70.49643, -25.40964], [-70.49549, -25.40919], [-70.49231, -25.40932], [-70.48757, -25.40664], [-70.48413, -25.40387], [-70.48329, -25.40249], [-70.47929, -25.40022], [-70.47722, -25.39717], [-70.47592, -25.3944], [-70.47706, -25.39298], [-70.47772, -25.39013], [-70.47722, -25.38908], [-70.47537, -25.38929], [-70.47358, -25.39041], [-70.47139, -25.38768], [-70.47003, -25.3883], [-70.46618, -25.38766], [-70.464, -25.38611], [-70.46126, -25.38713], [-70.45851, -25.38451], [-70.45542, -25.38351], [-70.45427, -25.38241], [-70.45318, -25.38017], [-70.45078, -25.37757], [-70.45075, -25.37551], [-70.45217, -25.37426], [-70.44935, -25.3724], [-70.44815, -25.36851], [-70.44657, -25.36492], [-70.44753, -25.36209], [-70.44735, -25.35946], [-70.44787, -25.35817], [-70.44648, -25.35581], [-70.44764, -25.35388], [-70.44647, -25.35219], [-70.44722, -25.35041], [-70.44599, -25.34503], [-70.44603, -25.34135], [-70.44725, -25.33738], [-70.4492, -25.33648], [-70.44829, -25.33559], [-70.44837, -25.33328], [-70.44927, -25.33011], [-70.45245, -25.3283], [-70.4528, -25.32671], [-70.4509, -25.32242], [-70.45075, -25.32019], [-70.45168, -25.31967], [-70.45352, -25.31684], [-70.45296, -25.31379], [-70.45383, -25.31102], [-70.45274, -25.30985], [-70.45285, -25.3083], [-70.45406, -25.30602], [-70.4533, -25.30459], [-70.45569, -25.3044], [-70.45602, -25.30335], [-70.45476, -25.30232], [-70.4552, -25.29828], [-70.45633, -25.29675], [-70.45406, -25.29688], [-70.45203, -25.29557], [-70.45202, -25.29467], [-70.44928, -25.29073], [-70.45066, -25.2895], [-70.45009, -25.28815], [-70.45217, -25.28767], [-70.45192, -25.28424], [-70.44978, -25.28223], [-70.44788, -25.27891], [-70.44788, -25.27743], [-70.44583, -25.27756], [-70.4427, -25.27318], [-70.44145, -25.27238], [-70.44237, -25.27121], [-70.44149, -25.2704], [-70.44145, -25.2688], [-70.44258, -25.26687], [-70.44262, -25.26503], [-70.44389, -25.26451], [-70.44224, -25.26232], [-70.43836, -25.26211], [-70.43442, -25.25659], [-70.4349, -25.25498], [-70.43509, -25.251], [-70.43425, -25.24864], [-70.43649, -25.24204], [-70.43898, -25.23984], [-70.4381, -25.23872], [-70.43911, -25.23661], [-70.43873, -25.22788], [-70.43899, -25.22573], [-70.4426, -25.2268], [-70.44074, -25.22433], [-70.44113, -25.22174], [-70.44238, -25.22043], [-70.44114, -25.2181], [-70.44112, -25.21681], [-70.43921, -25.21454], [-70.43807, -25.21183], [-70.43921, -25.21053], [-70.441, -25.21075], [-70.44029, -25.20798], [-70.43938, -25.2068], [-70.44105, -25.20592], [-70.44076, -25.20127], [-70.44012, -25.20089], [-70.43724, -25.20111], [-70.4355, -25.20031], [-70.43538, -25.19907], [-70.43732, -25.19485], [-70.43792, -25.19246], [-70.43808, -25.18995], [-70.43963, -25.18783], [-70.44078, -25.18753], [-70.44075, -25.185], [-70.44505, -25.17757], [-70.44733, -25.17516], [-70.44892, -25.17247], [-70.45198, -25.16919], [-70.45338, -25.16708], [-70.45595, -25.16473], [-70.45741, -25.16426], [-70.45845, -25.16049], [-70.45589, -25.15754], [-70.45612, -25.15481], [-70.45703, -25.15346], [-70.45686, -25.15238], [-70.45826, -25.14931], [-70.46039, -25.14905], [-70.46164, -25.14823], [-70.46185, -25.14561], [-70.46274, -25.14218], [-70.46162, -25.14016], [-70.46219, -25.13846], [-70.46316, -25.13787], [-70.46383, -25.136], [-70.4702, -25.12941], [-70.4747, -25.12546], [-70.482, -25.11831], [-70.48353, -25.11621], [-70.48705, -25.11496], [-70.4899, -25.11306], [-70.4946, -25.11116], [-70.49711, -25.11122], [-70.49904, -25.11197], [-70.49998, -25.11489], [-70.50212, -25.11419], [-70.50387, -25.11266], [-70.50348, -25.11105], [-70.50246, -25.11017], [-70.50246, -25.10658], [-70.50318, -25.10347], [-70.50529, -25.10101], [-70.5062, -25.09891], [-70.50795, -25.09667], [-70.50743, -25.09395], [-70.50635, -25.0925], [-70.50626, -25.09062], [-70.50458, -25.08905], [-70.50162, -25.08783], [-70.50072, -25.08636], [-70.49706, -25.08371], [-70.49605, -25.08178], [-70.49403, -25.08171], [-70.49318, -25.07985], [-70.49137, -25.07907], [-70.49051, -25.07746], [-70.49118, -25.07654], [-70.49037, -25.07459], [-70.48843, -25.07452], [-70.48813, -25.0705], [-70.48639, -25.06701], [-70.48608, -25.06226], [-70.48668, -25.06096], [-70.48557, -25.0579], [-70.48455, -25.05808], [-70.48242, -25.05448], [-70.48127, -25.05142], [-70.48226, -25.0501], [-70.48247, -25.04591], [-70.48436, -25.04438], [-70.48314, -25.04249], [-70.48199, -25.04293], [-70.48025, -25.04237], [-70.47954, -25.0398], [-70.47962, -25.03803], [-70.47839, -25.03623], [-70.4775, -25.0359], [-70.47515, -25.02998], [-70.47388, -25.02801], [-70.4737, -25.02649], [-70.47231, -25.02468], [-70.47, -25.02063], [-70.46958, -25.01908], [-70.47044, -25.01585], [-70.46824, -25.01115], [-70.46925, -25.00993], [-70.46743, -25.00825], [-70.46647, -25.00532], [-70.46679, -25.00283], [-70.46659, -24.99886], [-70.46711, -24.99791], [-70.4666, -24.99483], [-70.46896, -24.98882], [-70.46869, -24.98754], [-70.46977, -24.98552], [-70.46941, -24.98242], [-70.47061, -24.98193], [-70.47129, -24.97951], [-70.47305, -24.9773], [-70.47435, -24.97637], [-70.47568, -24.97421], [-70.47926, -24.97045], [-70.48176, -24.96947], [-70.48275, -24.96662], [-70.48294, -24.96489], [-70.48204, -24.96404], [-70.48328, -24.96188], [-70.48373, -24.96018], [-70.48655, -24.9557], [-70.48888, -24.95554], [-70.49012, -24.95447], [-70.48926, -24.95234], [-70.48973, -24.95128], [-70.49263, -24.9506], [-70.49476, -24.94961], [-70.49736, -24.94942], [-70.49921, -24.94861], [-70.50113, -24.94584], [-70.50265, -24.94439], [-70.5042, -24.94178], [-70.50833, -24.93952], [-70.5104, -24.93762], [-70.5126, -24.93662], [-70.51625, -24.93366], [-70.51813, -24.93173], [-70.51866, -24.92989], [-70.51852, -24.92615], [-70.51928, -24.92468], [-70.5235, -24.9216], [-70.52374, -24.92021], [-70.52578, -24.91933], [-70.52638, -24.91713], [-70.52779, -24.91688], [-70.52898, -24.91562], [-70.52962, -24.91], [-70.528, -24.90605], [-70.52818, -24.90433], [-70.52941, -24.90207], [-70.52887, -24.90007], [-70.53095, -24.89957], [-70.52991, -24.89755], [-70.52891, -24.89756], [-70.5281, -24.89561], [-70.52897, -24.89393], [-70.5265, -24.89267], [-70.52595, -24.89124], [-70.52636, -24.89004], [-70.52509, -24.88876], [-70.52464, -24.88619], [-70.52468, -24.8833], [-70.52318, -24.88106], [-70.52309, -24.87801], [-70.52265, -24.87581], [-70.52164, -24.87487], [-70.52241, -24.87333], [-70.52231, -24.87164], [-70.52134, -24.86916], [-70.52151, -24.86653], [-70.52396, -24.86068], [-70.52641, -24.85805], [-70.52839, -24.85712], [-70.53189, -24.8525], [-70.53622, -24.85121], [-70.53736, -24.85001], [-70.53685, -24.84691], [-70.53957, -24.84447], [-70.54144, -24.84363], [-70.5439, -24.84337], [-70.54484, -24.83849], [-70.54367, -24.83706], [-70.54257, -24.83373], [-70.54274, -24.83213], [-70.54427, -24.83048], [-70.54425, -24.82927], [-70.54273, -24.82625], [-70.54357, -24.82429], [-70.54573, -24.82243], [-70.54581, -24.81949], [-70.54776, -24.81417], [-70.54748, -24.81141], [-70.54896, -24.80845], [-70.54834, -24.80741], [-70.54944, -24.80193], [-70.54813, -24.80086], [-70.54719, -24.79892], [-70.54843, -24.79673], [-70.54968, -24.79284], [-70.54873, -24.78793], [-70.54693, -24.78603], [-70.54563, -24.78367], [-70.54502, -24.78084], [-70.54552, -24.77906], [-70.54688, -24.77727], [-70.54696, -24.77521], [-70.54806, -24.77139], [-70.55243, -24.76726], [-70.55525, -24.7657], [-70.55782, -24.7628], [-70.55827, -24.76023], [-70.55779, -24.75901], [-70.55845, -24.75479], [-70.55902, -24.75376], [-70.55901, -24.75124], [-70.55974, -24.74924], [-70.56035, -24.74542], [-70.56107, -24.74419], [-70.56229, -24.74417], [-70.56741, -24.74127], [-70.57176, -24.74104], [-70.57345, -24.7397], [-70.57519, -24.73609], [-70.57492, -24.73499], [-70.57771, -24.73224], [-70.57731, -24.72886], [-70.57658, -24.72707], [-70.57713, -24.72549], [-70.57837, -24.72406], [-70.57886, -24.72257], [-70.58049, -24.72123], [-70.57991, -24.72042], [-70.57621, -24.71884], [-70.57612, -24.71801], [-70.57379, -24.71327], [-70.57212, -24.71277], [-70.56688, -24.70725], [-70.56528, -24.70474], [-70.56552, -24.70292], [-70.56492, -24.7013], [-70.5663, -24.69909], [-70.56481, -24.69686], [-70.56518, -24.69478], [-70.56484, -24.69273], [-70.5662, -24.68865], [-70.56723, -24.68773], [-70.56601, -24.68593], [-70.56737, -24.6835], [-70.56855, -24.6822], [-70.56843, -24.68048], [-70.56966, -24.67454], [-70.5691, -24.67197], [-70.57099, -24.66638], [-70.57137, -24.66332], [-70.57303, -24.6622], [-70.57456, -24.65889], [-70.57429, -24.65634], [-70.57361, -24.65572], [-70.57393, -24.65271], [-70.57329, -24.65162], [-70.57184, -24.65235], [-70.5699, -24.65175], [-70.56964, -24.64803], [-70.56729, -24.64795], [-70.5658, -24.64596], [-70.56314, -24.6468], [-70.56287, -24.64595], [-70.55932, -24.64433], [-70.55895, -24.63999], [-70.5582, -24.63842], [-70.55874, -24.6355], [-70.55726, -24.63079], [-70.55779, -24.62696], [-70.55939, -24.62528], [-70.56178, -24.62023], [-70.56088, -24.61745], [-70.56014, -24.61688], [-70.55796, -24.60969], [-70.55494, -24.60595], [-70.55346, -24.60278], [-70.55246, -24.60194], [-70.55024, -24.59536], [-70.55063, -24.59326], [-70.5506, -24.58922], [-70.55234, -24.58619], [-70.55446, -24.58378], [-70.55525, -24.57839], [-70.55889, -24.57482], [-70.55938, -24.57313], [-70.56224, -24.56966], [-70.56347, -24.56975], [-70.56682, -24.56827], [-70.56784, -24.56529], [-70.56774, -24.56256], [-70.56903, -24.56057], [-70.56984, -24.55767], [-70.5699, -24.55519], [-70.57129, -24.5533], [-70.57297, -24.55232], [-70.57686, -24.55129], [-70.57799, -24.55186], [-70.58016, -24.55159], [-70.57899, -24.54925]]]]}}, {"type": "Feature", "properties": {"cod_comuna": "03202", "nombre_comuna": "Diego de Almagro", "nombre_provincia": "Chañaral", "nombre_region": "Región de Atacama"}, "geometry": {"type": "Polygon", "coordinates": [[[-68.66398, -25.31221], [-68.66253, -25.30995], [-68.66151, -25.30689], [-68.65896, -25.30441], [-68.65741, -25.30352], [-68.65479, -25.30287], [-68.65051, -25.30334], [-68.64908, -25.30394], [-68.6417, -25.31054], [-68.63778, -25.31322], [-68.63623, -25.31328], [-68.63338, -25.3106], [-68.62826, -25.30899], [-68.62623, -25.30768], [-68.62398, -25.30721], [-68.61824, -25.30321], [-68.61476, -25.30263], [-68.61428, -25.30031], [-68.61196, -25.2983], [-68.60884, -25.29671], [-68.60481, -25.29592], [-68.60328, -25.29532], [-68.60203, -25.29393], [-68.59991, -25.29334], [-68.59858, -25.2944], [-68.59717, -25.29664], [-68.59602, -25.30185], [-68.59453, -25.30293], [-68.58924, -25.30066], [-68.58846, -25.29965], [-68.58888, -25.29839], [-68.58829, -25.29704], [-68.58642, -25.29493], [-68.58626, -25.29293], [-68.58745, -25.29121], [-68.58751, -25.29008], [-68.58601, -25.2895], [-68.5819, -25.28659], [-68.57872, -25.28584], [-68.57634, -25.28698], [-68.57615, -25.28823], [-68.57432, -25.28892], [-68.57114, -25.28931], [-68.56487, -25.29371], [-68.55926, -25.30053], [-68.55731, -25.30166], [-68.55357, -25.30134], [-68.55063, -25.30007], [-68.54554, -25.29889], [-68.54485, -25.30273], [-68.54418, -25.30463], [-68.54369, -25.30908], [-68.54464, -25.31179], [-68.54406, -25.31385], [-68.54156, -25.3167], [-68.53749, -25.31856], [-68.53583, -25.32101], [-68.53188, -25.31928], [-68.5303, -25.32015], [-68.52516, -25.32684], [-68.52236, -25.32856], [-68.52129, -25.32963], [-68.52209, -25.33219], [-68.52051, -25.33523], [-68.52179, -25.33683], [-68.51974, -25.33854], [-68.51891, -25.33978], [-68.51909, -25.34219], [-68.52043, -25.34718], [-68.52136, -25.34826], [-68.52533, -25.34923], [-68.52724, -25.352], [-68.52724, -25.35349], [-68.52439, -25.3586], [-68.52445, -25.35973], [-68.52581, -25.36045], [-68.52694, -25.36277], [-68.52489, -25.36494], [-68.5251, -25.36693], [-68.52772, -25.36907], [-68.52837, -25.37092], [-68.52302, -25.37496], [-68.52338, -25.3771], [-68.52427, -25.37895], [-68.52778, -25.38121], [-68.52921, -25.38168], [-68.5311, -25.38027], [-68.53511, -25.37836], [-68.5394, -25.3818], [-68.54275, -25.3831], [-68.54585, -25.38554], [-68.55203, -25.39358], [-68.55115, -25.39441], [-68.54853, -25.39475], [-68.54853, -25.39701], [-68.54949, -25.39933], [-68.5521, -25.40022], [-68.5549, -25.40191], [-68.55633, -25.40405], [-68.55591, -25.4056], [-68.55704, -25.40653], [-68.56097, -25.40754], [-68.56352, -25.40736], [-68.56543, -25.40917], [-68.5668, -25.40974], [-68.57114, -25.41458], [-68.57073, -25.41779], [-68.57631, -25.41956], [-68.57917, -25.41892], [-68.58402, -25.41459], [-68.58643, -25.41421], [-68.58804, -25.41445], [-68.59032, -25.41565], [-68.58793, -25.42363], [-68.58766, -25.42969], [-68.58863, -25.43784], [-68.58697, -25.44159], [-68.58782, -25.44377], [-68.58765, -25.44608], [-68.58949, -25.44836], [-68.58414, -25.45489], [-68.582, -25.45845], [-68.58053, -25.4618], [-68.57987, -25.46453], [-68.5779, -25.46878], [-68.57568, -25.47173], [-68.57396, -25.47539], [-68.5745, -25.4785], [-68.57104, -25.48041], [-68.56971, -25.48173], [-68.56958, -25.4834], [-68.5701, -25.4852], [-68.57142, -25.48556], [-68.57167, -25.48784], [-68.5702, -25.49215], [-68.57148, -25.49493], [-68.5711, -25.49862], [-68.56675, -25.49908], [-68.56397, -25.50135], [-68.56541, -25.50291], [-68.56356, -25.50413], [-68.56264, -25.50589], [-68.56103, -25.50637], [-68.55907, -25.50524], [-68.55437, -25.50435], [-68.55139, -25.50684], [-68.54943, -25.50726], [-68.54705, -25.50649], [-68.54515, -25.50851], [-68.54348, -25.50869], [-68.54134, -25.50708], [-68.54003, -25.50768], [-68.5389, -25.50922], [-68.53911, -25.51177], [-68.53985, -25.51303], [-68.54152, -25.52011], [-68.54313, -25.52326], [-68.54782, -25.52552], [-68.54824, -25.52695], [-68.5464, -25.52868], [-68.54455, -25.52939], [-68.54377, -25.53044], [-68.54405, -25.53418], [-68.54223, -25.53754], [-68.54026, -25.54002], [-68.538, -25.54198], [-68.53759, -25.54424], [-68.53991, -25.54747], [-68.54298, -25.54921], [-68.53908, -25.55253], [-68.53818, -25.55376], [-68.53551, -25.55431], [-68.53063, -25.55685], [-68.5289, -25.55608], [-68.52676, -25.55685], [-68.5251, -25.55929], [-68.52598, -25.56172], [-68.52519, -25.56268], [-68.52627, -25.56563], [-68.52618, -25.56683], [-68.51975, -25.57204], [-68.51915, -25.57309], [-68.52272, -25.57404], [-68.52417, -25.57499], [-68.5246, -25.57681], [-68.5279, -25.57898], [-68.52954, -25.57911], [-68.53045, -25.58061], [-68.53224, -25.58138], [-68.53244, -25.58385], [-68.53368, -25.58546], [-68.53248, -25.58797], [-68.53485, -25.5905], [-68.53603, -25.59242], [-68.53705, -25.59302], [-68.54098, -25.59691], [-68.54181, -25.59891], [-68.54092, -25.60565], [-68.53967, -25.60976], [-68.53866, -25.61106], [-68.53908, -25.61285], [-68.54027, -25.61398], [-68.54271, -25.61475], [-68.54443, -25.61576], [-68.54521, -25.61737], [-68.54622, -25.62939], [-68.54584, -25.63101], [-68.54436, -25.63421], [-68.54093, -25.639], [-68.5395, -25.64015], [-68.53652, -25.64057], [-68.53075, -25.64253], [-68.52504, -25.64317], [-68.52414, -25.64388], [-68.52266, -25.64717], [-68.52207, -25.65074], [-68.52076, -25.65378], [-68.51779, -25.65683], [-68.51541, -25.66293], [-68.5148, -25.66563], [-68.51302, -25.66781], [-68.51154, -25.67222], [-68.50858, -25.67115], [-68.50484, -25.67102], [-68.49993, -25.67288], [-68.49821, -25.67894], [-68.4969, -25.6793], [-68.49476, -25.67846], [-68.49268, -25.68031], [-68.49167, -25.68298], [-68.4919, -25.68612], [-68.49047, -25.68873], [-68.4878, -25.69197], [-68.48655, -25.69565], [-68.48405, -25.69952], [-68.48251, -25.69982], [-68.47971, -25.69899], [-68.47793, -25.70006], [-68.47686, -25.70249], [-68.47852, -25.706], [-68.44027, -25.8928], [-68.41983, -25.97655], [-68.40421, -26.06587], [-68.38107, -26.1779], [-68.47729, -26.23726], [-68.51522, -26.25954], [-68.55744, -26.2865], [-68.5651, -26.31707], [-68.58801, -26.49206], [-68.58289, -26.49884], [-68.49915, -26.61665], [-68.43733, -26.70206], [-68.36722, -26.79634], [-68.36932, -26.79726], [-68.37157, -26.79909], [-68.37459, -26.80065], [-68.37892, -26.80108], [-68.38364, -26.80112], [-68.39207, -26.80066], [-68.39576, -26.80108], [-68.40221, -26.80105], [-68.40921, -26.80188], [-68.41287, -26.80327], [-68.41839, -26.80436], [-68.4247, -26.80741], [-68.42733, -26.80919], [-68.43519, -26.81118], [-68.44584, -26.81158], [-68.45981, -26.8091], [-68.46585, -26.80768], [-68.47698, -26.80664], [-68.48783, -26.80652], [-68.4957, -26.80805], [-68.4982, -26.80781], [-68.50258, -26.80612], [-68.50383, -26.80477], [-68.50602, -26.80132], [-68.50883, -26.79874], [-68.5126, -26.79577], [-68.5147, -26.79368], [-68.52275, -26.78782], [-68.52755, -26.78493], [-68.5323, -26.78337], [-68.53553, -26.77936], [-68.53723, -26.77784], [-68.54154, -26.77627], [-68.55155, -26.77646], [-68.55415, -26.77698], [-68.56042, -26.77624], [-68.5646, -26.77517], [-68.56828, -26.77312], [-68.57214, -26.76924], [-68.57307, -26.76782], [-68.57632, -26.76524], [-68.58127, -26.7638], [-68.58549, -26.76336], [-68.5888, -26.76359], [-68.5915, -26.76531], [-68.59646, -26.77407], [-68.5972, -26.77747], [-68.59943, -26.78324], [-68.60578, -26.78698], [-68.61356, -26.79252], [-68.61543, -26.79427], [-68.62001, -26.8001], [-68.62498, -26.80324], [-68.62666, -26.80488], [-68.63007, -26.8066], [-68.63546, -26.81055], [-68.63735, -26.81144], [-68.64136, -26.81187], [-68.64836, -26.80993], [-68.65835, -26.80054], [-68.66809, -26.79344], [-68.67691, -26.78988], [-68.68191, -26.78882], [-68.68351, -26.78874], [-68.69259, -26.79086], [-68.69936, -26.7931], [-68.7041, -26.79503], [-68.70536, -26.79597], [-68.70878, -26.79683], [-68.7128, -26.79685], [-68.71801, -26.79769], [-68.72739, -26.79786], [-68.7308, -26.79936], [-68.73433, -26.80143], [-68.73486, -26.80028], [-68.73267, -26.79444], [-68.73304, -26.79175], [-68.73628, -26.78773], [-68.74477, -26.78225], [-68.74934, -26.78001], [-68.7545, -26.78074], [-68.76057, -26.77983], [-68.76431, -26.78015], [-68.7728, -26.77979], [-68.7755, -26.77896], [-68.7849, -26.77285], [-68.78787, -26.76947], [-68.78887, -26.76878], [-68.79175, -26.76828], [-68.79769, -26.76591], [-68.80047, -26.76604], [-68.80275, -26.76659], [-68.80627, -26.76837], [-68.80773, -26.77157], [-68.80613, -26.77517], [-68.8065, -26.77937], [-68.80746, -26.78015], [-68.8086, -26.78248], [-68.80567, -26.78335], [-68.81038, -26.79782], [-68.8112, -26.79937], [-68.81444, -26.80293], [-68.81928, -26.80709], [-68.82033, -26.80896], [-68.81987, -26.81339], [-68.82015, -26.81704], [-68.82357, -26.82279], [-68.82732, -26.8264], [-68.82937, -26.82991], [-68.82923, -26.83106], [-68.82796, -26.83319], [-68.82763, -26.83489], [-68.82897, -26.8373], [-68.83306, -26.83927], [-68.83421, -26.84055], [-68.83453, -26.84457], [-68.83307, -26.84982], [-68.83416, -26.86055], [-68.83562, -26.86169], [-68.84024, -26.85996], [-68.8454, -26.86005], [-68.84777, -26.86155], [-68.84946, -26.86201], [-68.8564, -26.86037], [-68.85681, -26.85964], [-68.85238, -26.8479], [-68.85165, -26.84233], [-68.85215, -26.83886], [-68.85375, -26.8359], [-68.85654, -26.83252], [-68.85625, -26.82884], [-68.85488, -26.82682], [-68.85498, -26.82498], [-68.85403, -26.82171], [-68.854, -26.82015], [-68.85677, -26.81613], [-68.85856, -26.81616], [-68.86383, -26.82308], [-68.86542, -26.82614], [-68.86697, -26.82548], [-68.87866, -26.82662], [-68.88419, -26.82603], [-68.88969, -26.82687], [-68.89369, -26.82532], [-68.89768, -26.82574], [-68.89924, -26.82487], [-68.90489, -26.82426], [-68.90906, -26.82305], [-68.91298, -26.8212], [-68.91401, -26.82035], [-68.91644, -26.81323], [-68.91844, -26.81176], [-68.91944, -26.81164], [-68.92504, -26.81323], [-68.9339, -26.81836], [-68.94085, -26.82131], [-68.94501, -26.82253], [-68.95552, -26.824], [-68.96734, -26.82244], [-68.97203, -26.82114], [-68.97498, -26.81897], [-68.97897, -26.81662], [-68.98445, -26.8141], [-68.9942, -26.81262], [-68.9961, -26.8098], [-68.99889, -26.80693], [-69.00315, -26.80569], [-69.00738, -26.80245], [-69.01302, -26.8009], [-69.01562, -26.79988], [-69.01976, -26.79965], [-69.0244, -26.80012], [-69.02648, -26.80073], [-69.02883, -26.80047], [-69.02822, -26.79873], [-69.02587, -26.79491], [-69.02506, -26.7929], [-69.02444, -26.78615], [-69.02547, -26.78354], [-69.04117, -26.77947], [-69.04946, -26.77854], [-69.05239, -26.77679], [-69.05329, -26.77562], [-69.05659, -26.77465], [-69.06162, -26.77383], [-69.08125, -26.77341], [-69.09089, -26.77438], [-69.0935, -26.77355], [-69.09791, -26.77142], [-69.10004, -26.7708], [-69.10274, -26.77115], [-69.107, -26.7739], [-69.11017, -26.77445], [-69.11967, -26.77431], [-69.12483, -26.7761], [-69.12965, -26.77989], [-69.13688, -26.78712], [-69.13929, -26.78808], [-69.14349, -26.78774], [-69.15513, -26.78457], [-69.16126, -26.78216], [-69.16539, -26.77954], [-69.16856, -26.77858], [-69.17063, -26.77844], [-69.17407, -26.77741], [-69.18433, -26.7781], [-69.18757, -26.78009], [-69.18929, -26.78188], [-69.18991, -26.78395], [-69.19218, -26.78672], [-69.19591, -26.78362], [-69.1967, -26.78173], [-69.20093, -26.77587], [-69.20256, -26.77286], [-69.20382, -26.76858], [-69.20454, -26.76229], [-69.20547, -26.75881], [-69.20679, -26.75533], [-69.20908, -26.75089], [-69.21083, -26.74838], [-69.21605, -26.74512], [-69.21835, -26.74445], [-69.22405, -26.74335], [-69.22923, -26.74317], [-69.23339, -26.74246], [-69.24368, -26.7417], [-69.24715, -26.73984], [-69.24876, -26.73843], [-69.25032, -26.73603], [-69.25163, -26.73324], [-69.25297, -26.72805], [-69.25613, -26.71972], [-69.25704, -26.71292], [-69.25935, -26.70653], [-69.25863, -26.70268], [-69.25927, -26.69669], [-69.26058, -26.69315], [-69.2657, -26.68644], [-69.26371, -26.68241], [-69.26195, -26.67983], [-69.26219, -26.67559], [-69.26458, -26.67332], [-69.26752, -26.67306], [-69.27114, -26.67464], [-69.27322, -26.67637], [-69.27557, -26.67777], [-69.27869, -26.67849], [-69.284, -26.6775], [-69.28535, -26.67694], [-69.28895, -26.67445], [-69.29287, -26.67225], [-69.30018, -26.66905], [-69.30305, -26.66885], [-69.31371, -26.66922], [-69.31914, -26.6691], [-69.34035, -26.67293], [-69.34692, -26.67362], [-69.35063, -26.6729], [-69.35416, -26.67127], [-69.35615, -26.66974], [-69.35855, -26.66679], [-69.36016, -26.66548], [-69.36265, -26.66493], [-69.37432, -26.66651], [-69.38055, -26.66834], [-69.38544, -26.67107], [-69.38916, -26.67579], [-69.39136, -26.67918], [-69.39323, -26.68303], [-69.39599, -26.68774], [-69.39713, -26.68906], [-69.39957, -26.69383], [-69.40507, -26.6996], [-69.4119, -26.70561], [-69.4166, -26.70816], [-69.43034, -26.71335], [-69.43601, -26.71477], [-69.4399, -26.71503], [-69.44394, -26.71397], [-69.44921, -26.7107], [-69.45043, -26.7095], [-69.4539, -26.70781], [-69.46643, -26.70573], [-69.47709, -26.70655], [-69.48352, -26.70854], [-69.48575, -26.70638], [-69.48731, -26.70715], [-69.48956, -26.70699], [-69.4925, -26.70854], [-69.4951, -26.70915], [-69.49821, -26.70883], [-69.49891, -26.71007], [-69.49857, -26.71162], [-69.49512, -26.7135], [-69.49392, -26.7163], [-69.49393, -26.71878], [-69.49584, -26.72111], [-69.49723, -26.72219], [-69.49896, -26.72218], [-69.50207, -26.7214], [-69.50433, -26.72294], [-69.50627, -26.72661], [-69.50678, -26.72868], [-69.5087, -26.73209], [-69.51077, -26.73271], [-69.51182, -26.73426], [-69.51131, -26.73628], [-69.51169, -26.74296], [-69.51153, -26.74593], [-69.51208, -26.74703], [-69.51154, -26.74998], [-69.51149, -26.75348], [-69.51278, -26.75538], [-69.51212, -26.75667], [-69.51535, -26.75918], [-69.51515, -26.76096], [-69.51714, -26.76163], [-69.51844, -26.76316], [-69.52064, -26.76481], [-69.52065, -26.76727], [-69.52134, -26.76843], [-69.52695, -26.77039], [-69.52839, -26.77143], [-69.53186, -26.77665], [-69.53496, -26.78643], [-69.53827, -26.79111], [-69.54102, -26.79159], [-69.54364, -26.79276], [-69.54405, -26.79607], [-69.54509, -26.79896], [-69.54591, -26.80268], [-69.54777, -26.80557], [-69.54729, -26.80764], [-69.54798, -26.81122], [-69.54949, -26.8139], [-69.55335, -26.81686], [-69.5539, -26.81893], [-69.55585, -26.82229], [-69.56003, -26.82492], [-69.56135, -26.82697], [-69.56306, -26.82823], [-69.56602, -26.83119], [-69.56679, -26.83239], [-69.56554, -26.83456], [-69.56588, -26.83656], [-69.56767, -26.83931], [-69.56864, -26.84689], [-69.56788, -26.84998], [-69.56877, -26.85446], [-69.56774, -26.85735], [-69.56822, -26.85942], [-69.56788, -26.86362], [-69.56636, -26.86624], [-69.56512, -26.87064], [-69.5662, -26.87361], [-69.56621, -26.87596], [-69.56557, -26.87937], [-69.56584, -26.88149], [-69.56729, -26.88219], [-69.56796, -26.885], [-69.57138, -26.88769], [-69.57285, -26.89227], [-69.57574, -26.89414], [-69.57993, -26.89494], [-69.58185, -26.89466], [-69.5843, -26.89224], [-69.58993, -26.89186], [-69.59332, -26.89285], [-69.59815, -26.89608], [-69.59974, -26.89661], [-69.60225, -26.89531], [-69.60651, -26.8903], [-69.61037, -26.88752], [-69.61199, -26.88559], [-69.61322, -26.88331], [-69.61652, -26.87886], [-69.61928, -26.87693], [-69.62336, -26.87856], [-69.62831, -26.88346], [-69.6359, -26.88608], [-69.64184, -26.88668], [-69.6453, -26.88642], [-69.64767, -26.88581], [-69.65441, -26.88298], [-69.65622, -26.88048], [-69.65682, -26.87728], [-69.65562, -26.86743], [-69.6548, -26.86502], [-69.65283, -26.84841], [-69.65323, -26.84595], [-69.65513, -26.84036], [-69.6563, -26.8379], [-69.6592, -26.83426], [-69.66081, -26.83278], [-69.6689, -26.82791], [-69.67128, -26.82701], [-69.6755, -26.82652], [-69.68056, -26.82506], [-69.68444, -26.82485], [-69.68864, -26.8217], [-69.69848, -26.81592], [-69.70506, -26.81127], [-69.70819, -26.80867], [-69.70985, -26.80794], [-69.71364, -26.80741], [-69.71789, -26.80788], [-69.72022, -26.80701], [-69.72441, -26.80316], [-69.73305, -26.79724], [-69.73478, -26.79704], [-69.73611, -26.79757], [-69.73737, -26.7995], [-69.7391, -26.80362], [-69.73958, -26.80626], [-69.73797, -26.80801], [-69.73556, -26.81326], [-69.73837, -26.81865], [-69.74558, -26.82323], [-69.7456, -26.8257], [-69.7468, -26.83007], [-69.7514, -26.83467], [-69.75486, -26.83593], [-69.75466, -26.83713], [-69.75625, -26.84172], [-69.75772, -26.84916], [-69.75738, -26.85182], [-69.75984, -26.85295], [-69.7635, -26.85322], [-69.76683, -26.85096], [-69.76789, -26.84983], [-69.77022, -26.84903], [-69.77381, -26.84943], [-69.77686, -26.85036], [-69.77999, -26.85182], [-69.7865, -26.85215], [-69.78743, -26.85275], [-69.78983, -26.85262], [-69.79362, -26.85182], [-69.79654, -26.85249], [-69.80426, -26.85734], [-69.80698, -26.85874], [-69.80951, -26.85867], [-69.81928, -26.86053], [-69.82699, -26.86445], [-69.82819, -26.86578], [-69.8327, -26.86807], [-69.83583, -26.87024], [-69.8379, -26.87283], [-69.84115, -26.87542], [-69.84474, -26.87728], [-69.8558, -26.88154], [-69.85904, -26.88167], [-69.86263, -26.88041], [-69.8662, -26.88018], [-69.86702, -26.88187], [-69.87393, -26.88692], [-69.87606, -26.89105], [-69.87493, -26.89351], [-69.87554, -26.8965], [-69.87488, -26.89913], [-69.87541, -26.90136], [-69.87842, -26.90262], [-69.88058, -26.90607], [-69.88078, -26.9092], [-69.87965, -26.91126], [-69.87732, -26.91299], [-69.87639, -26.91545], [-69.87646, -26.91817], [-69.87539, -26.9205], [-69.87606, -26.92149], [-69.88011, -26.92116], [-69.8859, -26.91864], [-69.88902, -26.91777], [-69.89574, -26.91791], [-69.90059, -26.91897], [-69.90281, -26.91889], [-69.90418, -26.91817], [-69.90664, -26.91791], [-69.9079, -26.91724], [-69.9097, -26.91332], [-69.91222, -26.91066], [-69.91566, -26.90794], [-69.91637, -26.9054], [-69.91854, -26.90314], [-69.92093, -26.90335], [-69.92282, -26.90452], [-69.92496, -26.90475], [-69.92744, -26.90351], [-69.93461, -26.90201], [-69.9373, -26.90201], [-69.94481, -26.90542], [-69.94747, -26.90585], [-69.95151, -26.90521], [-69.95768, -26.90276], [-69.95731, -26.90164], [-69.95406, -26.89898], [-69.95204, -26.89643], [-69.95034, -26.89154], [-69.94997, -26.88755], [-69.95103, -26.88393], [-69.95098, -26.88266], [-69.94896, -26.87808], [-69.9472, -26.87595], [-69.94379, -26.87451], [-69.94236, -26.87305], [-69.94052, -26.87025], [-69.94028, -26.86886], [-69.94077, -26.86548], [-69.94257, -26.86468], [-69.94103, -26.86], [-69.9413, -26.85798], [-69.94236, -26.85665], [-69.94614, -26.8542], [-69.94959, -26.85016], [-69.9522, -26.84798], [-69.95656, -26.84527], [-69.95965, -26.84266], [-69.96114, -26.84207], [-69.96364, -26.84186], [-69.96502, -26.84223], [-69.96619, -26.84356], [-69.96688, -26.84532], [-69.96715, -26.84846], [-69.96672, -26.85032], [-69.96899, -26.85211], [-69.96968, -26.85398], [-69.97091, -26.85468], [-69.97514, -26.85543], [-69.9768, -26.8542], [-69.97824, -26.85179], [-69.97862, -26.85029], [-69.98359, -26.84457], [-69.98487, -26.8436], [-69.98835, -26.84344], [-69.99766, -26.84746], [-70.00274, -26.8489], [-70.00488, -26.84906], [-70.00809, -26.84874], [-70.01895, -26.84585], [-70.02323, -26.84505], [-70.02767, -26.84478], [-70.02981, -26.8451], [-70.03293, -26.84502], [-70.03573, -26.84632], [-70.03879, -26.84482], [-70.04086, -26.84533], [-70.04036, -26.84404], [-70.04149, -26.84076], [-70.04145, -26.83724], [-70.04083, -26.83557], [-70.03357, -26.8355], [-70.02934, -26.83453], [-70.02756, -26.83259], [-70.02572, -26.82907], [-70.02307, -26.82565], [-70.02399, -26.81229], [-70.02547, -26.8098], [-70.0273, -26.80771], [-70.02939, -26.80628], [-70.03164, -26.80546], [-70.0347, -26.80363], [-70.03735, -26.80047], [-70.04168, -26.79848], [-70.0426, -26.79751], [-70.0427, -26.79603], [-70.04372, -26.79445], [-70.04602, -26.79307], [-70.04831, -26.79032], [-70.05116, -26.78909], [-70.05259, -26.787], [-70.05397, -26.7866], [-70.05504, -26.78772], [-70.05718, -26.78889], [-70.05902, -26.79052], [-70.06055, -26.79113], [-70.06261, -26.78977], [-70.06451, -26.78967], [-70.06595, -26.78742], [-70.06838, -26.78622], [-70.07249, -26.78574], [-70.07429, -26.78627], [-70.07501, -26.78815], [-70.0772, -26.78661], [-70.08121, -26.78613], [-70.08335, -26.78657], [-70.08473, -26.7879], [-70.08664, -26.78833], [-70.08873, -26.78751], [-70.09116, -26.78741], [-70.09441, -26.78861], [-70.09684, -26.78879], [-70.10095, -26.78687], [-70.10202, -26.78408], [-70.10169, -26.78057], [-70.10017, -26.77924], [-70.09776, -26.77827], [-70.09944, -26.77574], [-70.0991, -26.77187], [-70.09858, -26.77026], [-70.09708, -26.76973], [-70.09364, -26.7667], [-70.09232, -26.76482], [-70.09229, -26.76177], [-70.09376, -26.75972], [-70.09186, -26.75548], [-70.09202, -26.75377], [-70.0906, -26.75279], [-70.09016, -26.74839], [-70.08893, -26.74561], [-70.08773, -26.74517], [-70.08781, -26.74283], [-70.08729, -26.74095], [-70.08597, -26.73952], [-70.08569, -26.73809], [-70.08663, -26.73529], [-70.08577, -26.72864], [-70.08615, -26.72675], [-70.08305, -26.72758], [-70.08075, -26.72706], [-70.08003, -26.72536], [-70.07932, -26.71983], [-70.07709, -26.71715], [-70.07444, -26.71125], [-70.07415, -26.70661], [-70.06838, -26.70501], [-70.06731, -26.70316], [-70.06459, -26.70138], [-70.06547, -26.69913], [-70.0635, -26.69535], [-70.06131, -26.69322], [-70.06083, -26.68708], [-70.06549, -26.68752], [-70.0685, -26.6863], [-70.07023, -26.68482], [-70.07421, -26.68508], [-70.0764, -26.6835], [-70.07559, -26.67559], [-70.07564, -26.67355], [-70.07758, -26.67177], [-70.07799, -26.66993], [-70.07793, -26.66626], [-70.0787, -26.66392], [-70.07707, -26.66264], [-70.07579, -26.65979], [-70.076, -26.65851], [-70.07778, -26.65489], [-70.07962, -26.65234], [-70.08008, -26.65], [-70.07906, -26.64806], [-70.07712, -26.64683], [-70.07584, -26.64454], [-70.07437, -26.64403], [-70.0685, -26.64449], [-70.05958, -26.63985], [-70.05387, -26.63628], [-70.05147, -26.63388], [-70.04846, -26.63001], [-70.04239, -26.62409], [-70.04109, -26.61668], [-70.04246, -26.6157], [-70.04155, -26.61287], [-70.04321, -26.61108], [-70.04328, -26.60798], [-70.04465, -26.60637], [-70.04471, -26.60238], [-70.04213, -26.60044], [-70.04016, -26.60046], [-70.03847, -26.59958], [-70.03639, -26.59928], [-70.03717, -26.59791], [-70.03735, -26.59533], [-70.03653, -26.59259], [-70.03406, -26.59146], [-70.03464, -26.59039], [-70.03611, -26.58984], [-70.03627, -26.58532], [-70.03566, -26.58337], [-70.03733, -26.58274], [-70.03918, -26.58024], [-70.03877, -26.57758], [-70.03787, -26.57644], [-70.03879, -26.57455], [-70.03852, -26.57201], [-70.04007, -26.57055], [-70.04353, -26.56575], [-70.0475, -26.56545], [-70.0504, -26.56261], [-70.05278, -26.56292], [-70.05404, -26.56254], [-70.05538, -26.56063], [-70.05775, -26.56047], [-70.05889, -26.55769], [-70.0623, -26.55562], [-70.06375, -26.55352], [-70.0699, -26.54737], [-70.07164, -26.54314], [-70.07148, -26.53855], [-70.07214, -26.53632], [-70.07369, -26.53367], [-70.07479, -26.53082], [-70.075, -26.52899], [-70.07702, -26.52776], [-70.0779, -26.52497], [-70.07809, -26.52146], [-70.0774, -26.52025], [-70.07897, -26.51922], [-70.0803, -26.51678], [-70.08188, -26.51697], [-70.08389, -26.51472], [-70.08273, -26.51148], [-70.08383, -26.50884], [-70.08653, -26.5076], [-70.08969, -26.50778], [-70.09788, -26.5022], [-70.10315, -26.50098], [-70.10517, -26.49975], [-70.10638, -26.49759], [-70.1083, -26.4953], [-70.11016, -26.49148], [-70.11114, -26.48732], [-70.11426, -26.48324], [-70.1158, -26.47917], [-70.11622, -26.47633], [-70.11539, -26.47427], [-70.11521, -26.47175], [-70.11367, -26.46985], [-70.1107, -26.4692], [-70.11019, -26.46776], [-70.10858, -26.46755], [-70.10656, -26.46371], [-70.10683, -26.46229], [-70.10481, -26.46088], [-70.12924, -26.45176], [-70.14533, -26.4439], [-70.16823, -26.43367], [-70.2093, -26.4136], [-70.20925, -26.40848], [-70.2078, -26.40669], [-70.20684, -26.4025], [-70.20507, -26.39818], [-70.20345, -26.39719], [-70.20135, -26.39699], [-70.19985, -26.39489], [-70.19613, -26.3937], [-70.19511, -26.39015], [-70.19717, -26.38691], [-70.20109, -26.38398], [-70.20279, -26.38108], [-70.20265, -26.37953], [-70.20128, -26.37809], [-70.20089, -26.3762], [-70.20255, -26.36963], [-70.20288, -26.36585], [-70.2026, -26.36241], [-70.1888, -26.32873], [-70.16962, -26.28553], [-70.12703, -26.26864], [-70.10522, -26.23134], [-70.09049, -26.22412], [-70.05089, -26.20663], [-70.03188, -26.1649], [-69.98616, -26.15436], [-69.98544, -26.14455], [-69.9854, -26.14], [-69.98498, -26.13686], [-69.98185, -26.13315], [-69.9758, -26.09707], [-69.97186, -26.07845], [-69.96863, -26.06514], [-69.96615, -26.06189], [-69.95282, -26.04215], [-69.95059, -26.03716], [-69.94883, -26.02749], [-69.94782, -26.024], [-69.94759, -26.01839], [-69.94515, -26.01243], [-69.94209, -26.0061], [-69.93937, -26.00242], [-69.93697, -25.9969], [-69.92647, -25.9902], [-69.91934, -25.9864], [-69.91295, -25.97758], [-69.9128, -25.97489], [-69.91383, -25.97442], [-69.91905, -25.97553], [-69.92198, -25.97705], [-69.92704, -25.98052], [-69.92991, -25.98133], [-69.93142, -25.97979], [-69.93063, -25.9784], [-69.92377, -25.97482], [-69.92159, -25.97313], [-69.91756, -25.97194], [-69.91445, -25.9715], [-69.90915, -25.96979], [-69.90707, -25.96758], [-69.9055, -25.96655], [-69.9001, -25.96693], [-69.89895, -25.96557], [-69.90054, -25.9576], [-69.90064, -25.95386], [-69.89749, -25.9463], [-69.89398, -25.94294], [-69.89151, -25.93958], [-69.89045, -25.93632], [-69.88849, -25.93236], [-69.88756, -25.92899], [-69.88493, -25.92224], [-69.88426, -25.91956], [-69.88309, -25.91735], [-69.88168, -25.91358], [-69.86784, -25.92384], [-69.85647, -25.94287], [-69.8543, -25.94527], [-69.85377, -25.94462], [-69.8512, -25.94408], [-69.84967, -25.94306], [-69.84334, -25.94279], [-69.84, -25.94088], [-69.83733, -25.94038], [-69.83656, -25.93931], [-69.83226, -25.93641], [-69.83073, -25.93435], [-69.8299, -25.93246], [-69.8238, -25.92637], [-69.82199, -25.92647], [-69.82066, -25.92583], [-69.81936, -25.9239], [-69.81689, -25.92499], [-69.81551, -25.925], [-69.81345, -25.92594], [-69.81108, -25.92616], [-69.80804, -25.92713], [-69.80589, -25.92619], [-69.80522, -25.92508], [-69.79586, -25.92663], [-69.79044, -25.9238], [-69.78814, -25.92352], [-69.78488, -25.92249], [-69.78343, -25.92294], [-69.78081, -25.92289], [-69.77858, -25.92203], [-69.77366, -25.92166], [-69.77227, -25.92083], [-69.76738, -25.92013], [-69.76148, -25.91739], [-69.75655, -25.91736], [-69.75337, -25.91803], [-69.7519, -25.91871], [-69.74719, -25.91956], [-69.74605, -25.92034], [-69.74297, -25.92117], [-69.74073, -25.92084], [-69.73658, -25.91927], [-69.73231, -25.9196], [-69.73028, -25.91902], [-69.72611, -25.92055], [-69.72436, -25.92198], [-69.71985, -25.92321], [-69.71606, -25.92563], [-69.7153, -25.92675], [-69.71369, -25.92758], [-69.71109, -25.93052], [-69.7062, -25.93209], [-69.70314, -25.93419], [-69.70049, -25.93498], [-69.69914, -25.93485], [-69.69599, -25.93572], [-69.69459, -25.93573], [-69.68918, -25.93777], [-69.68874, -25.9389], [-69.68514, -25.93968], [-69.68404, -25.9391], [-69.68109, -25.94025], [-69.68009, -25.93989], [-69.67885, -25.94112], [-69.6776, -25.94112], [-69.67466, -25.94299], [-69.66862, -25.94359], [-69.66486, -25.9426], [-69.66348, -25.94275], [-69.66009, -25.94438], [-69.65842, -25.94463], [-69.65264, -25.94367], [-69.64917, -25.942], [-69.64568, -25.94172], [-69.64377, -25.942], [-69.63212, -25.94087], [-69.62601, -25.94138], [-69.62297, -25.94229], [-69.61829, -25.94292], [-69.61584, -25.94212], [-69.61119, -25.94205], [-69.60795, -25.94478], [-69.60485, -25.94434], [-69.6017, -25.94498], [-69.59331, -25.94278], [-69.59051, -25.94293], [-69.58881, -25.94221], [-69.58506, -25.94254], [-69.58281, -25.94232], [-69.57824, -25.94309], [-69.57649, -25.94373], [-69.57239, -25.94352], [-69.56744, -25.94413], [-69.55864, -25.94393], [-69.55686, -25.9436], [-69.55416, -25.94429], [-69.54686, -25.94473], [-69.54452, -25.94586], [-69.53822, -25.94756], [-69.53545, -25.9475], [-69.53095, -25.94815], [-69.52796, -25.95047], [-69.52351, -25.95107], [-69.5194, -25.94973], [-69.51706, -25.95024], [-69.51525, -25.94988], [-69.51211, -25.95121], [-69.5094, -25.95045], [-69.50829, -25.94963], [-69.50299, -25.94872], [-69.50283, -25.91508], [-69.50049, -25.91468], [-69.49905, -25.91378], [-69.49623, -25.9133], [-69.4952, -25.9122], [-69.48617, -25.91241], [-69.47674, -25.91197], [-69.47561, -25.91036], [-69.47545, -25.90719], [-69.47355, -25.90709], [-69.47231, -25.90598], [-69.47025, -25.89959], [-69.46821, -25.89792], [-69.46556, -25.89681], [-69.46289, -25.89724], [-69.45809, -25.89729], [-69.45444, -25.89611], [-69.45274, -25.89435], [-69.45094, -25.8932], [-69.45083, -25.88973], [-69.45033, -25.88877], [-69.44688, -25.88584], [-69.44533, -25.8839], [-69.44539, -25.87746], [-69.4417, -25.87429], [-69.44023, -25.87081], [-69.4403, -25.86887], [-69.44107, -25.867], [-69.44183, -25.8632], [-69.44165, -25.86149], [-69.44036, -25.86018], [-69.43727, -25.85926], [-69.43165, -25.85945], [-69.42851, -25.8563], [-69.4269, -25.85642], [-69.42393, -25.85868], [-69.42019, -25.86074], [-69.40629, -25.86569], [-69.39688, -25.87037], [-69.38448, -25.8791], [-69.38148, -25.88011], [-69.37388, -25.87974], [-69.37063, -25.88025], [-69.36776, -25.88009], [-69.35894, -25.87146], [-69.35312, -25.86863], [-69.35151, -25.86685], [-69.34843, -25.86631], [-69.34382, -25.86678], [-69.34276, -25.86797], [-69.34169, -25.8669], [-69.33916, -25.86617], [-69.33144, -25.86646], [-69.32548, -25.86488], [-69.31713, -25.8654], [-69.31541, -25.86607], [-69.31318, -25.86778], [-69.31143, -25.86813], [-69.30823, -25.86726], [-69.30638, -25.86831], [-69.30391, -25.86903], [-69.30329, -25.86975], [-69.29967, -25.86893], [-69.29631, -25.86913], [-69.29445, -25.86689], [-69.28473, -25.86619], [-69.28298, -25.86428], [-69.27996, -25.86293], [-69.27837, -25.86309], [-69.27624, -25.85982], [-69.27606, -25.8575], [-69.27376, -25.85687], [-69.27076, -25.85735], [-69.26935, -25.85855], [-69.26883, -25.86127], [-69.2691, -25.86359], [-69.26795, -25.86647], [-69.26575, -25.86607], [-69.26477, -25.86391], [-69.2638, -25.86352], [-69.26106, -25.86456], [-69.25691, -25.86321], [-69.25726, -25.86161], [-69.25628, -25.86121], [-69.25416, -25.86211], [-69.25213, -25.86178], [-69.25116, -25.86058], [-69.24816, -25.86059], [-69.24586, -25.85931], [-69.24515, -25.85748], [-69.244, -25.85628], [-69.24267, -25.85285], [-69.24266, -25.84949], [-69.24222, -25.84821], [-69.23904, -25.84758], [-69.23753, -25.84766], [-69.23426, -25.84407], [-69.23486, -25.84262], [-69.23426, -25.84183], [-69.23213, -25.84112], [-69.22975, -25.83912], [-69.22816, -25.83929], [-69.22533, -25.84081], [-69.22277, -25.83905], [-69.22101, -25.84002], [-69.21598, -25.84122], [-69.21535, -25.83803], [-69.21543, -25.83499], [-69.21632, -25.83397], [-69.21267, -25.83325], [-69.21057, -25.83329], [-69.20736, -25.83446], [-69.20451, -25.8344], [-69.20187, -25.83355], [-69.19617, -25.82931], [-69.18004, -25.82179], [-69.17693, -25.82015], [-69.17136, -25.81645], [-69.16953, -25.81604], [-69.16496, -25.81628], [-69.14897, -25.82031], [-69.14431, -25.81933], [-69.13567, -25.81592], [-69.1322, -25.81418], [-69.1274, -25.81036], [-69.12379, -25.80868], [-69.11578, -25.80787], [-69.11327, -25.80646], [-69.11165, -25.80463], [-69.11085, -25.80229], [-69.10592, -25.80323], [-69.09979, -25.80172], [-69.09824, -25.80176], [-69.09733, -25.80017], [-69.09505, -25.79745], [-69.09493, -25.79504], [-69.09387, -25.79408], [-69.09541, -25.789], [-69.09722, -25.78629], [-69.09659, -25.78323], [-69.0922, -25.77577], [-69.08202, -25.76021], [-69.07907, -25.75387], [-69.07901, -25.74816], [-69.0802, -25.7464], [-69.08013, -25.74442], [-69.07899, -25.7433], [-69.07086, -25.74039], [-69.06745, -25.73773], [-69.05985, -25.73065], [-69.0583, -25.72834], [-69.05845, -25.72674], [-69.06005, -25.72476], [-69.06233, -25.72555], [-69.06744, -25.72646], [-69.07395, -25.72618], [-69.07659, -25.72527], [-69.07806, -25.72416], [-69.08147, -25.72266], [-69.08488, -25.72269], [-69.08723, -25.72341], [-69.09043, -25.72377], [-69.09339, -25.72269], [-69.09472, -25.71996], [-69.09025, -25.71102], [-69.0889, -25.7103], [-69.08656, -25.70816], [-69.07593, -25.69602], [-69.07275, -25.69292], [-69.07072, -25.6898], [-69.0709, -25.68125], [-69.07046, -25.67955], [-69.06952, -25.67865], [-69.06826, -25.67621], [-69.06003, -25.6654], [-69.05915, -25.662], [-69.05877, -25.65787], [-69.05578, -25.64643], [-69.0508, -25.6364], [-69.05105, -25.6334], [-69.054, -25.63125], [-69.06028, -25.61898], [-69.06113, -25.61359], [-69.06678, -25.60614], [-69.06801, -25.59795], [-69.06935, -25.59216], [-69.06951, -25.58978], [-69.07053, -25.58581], [-69.07261, -25.58465], [-69.07545, -25.5848], [-69.07804, -25.58613], [-69.08011, -25.58618], [-69.08369, -25.58517], [-69.08482, -25.58411], [-69.08387, -25.5832], [-69.08275, -25.57995], [-69.08142, -25.57954], [-69.07481, -25.57946], [-69.07068, -25.58044], [-69.068, -25.57917], [-69.06395, -25.57561], [-69.0623, -25.57325], [-69.06011, -25.57131], [-69.0573, -25.56959], [-69.05443, -25.56498], [-69.05414, -25.56303], [-69.05434, -25.5568], [-69.05367, -25.55488], [-69.05387, -25.55028], [-69.05314, -25.54633], [-69.05213, -25.54365], [-69.04963, -25.53996], [-69.04709, -25.5372], [-69.04355, -25.53473], [-69.03293, -25.53281], [-69.03004, -25.53091], [-69.02849, -25.52726], [-69.02813, -25.52532], [-69.02811, -25.52192], [-69.02761, -25.51958], [-69.02581, -25.51565], [-69.02531, -25.51324], [-69.02437, -25.51097], [-69.02267, -25.50881], [-69.02042, -25.50742], [-69.01023, -25.50486], [-69.00486, -25.50518], [-69.00205, -25.50614], [-68.99974, -25.50761], [-68.99732, -25.50782], [-68.99583, -25.5055], [-68.99423, -25.49466], [-68.9963, -25.48857], [-68.99839, -25.48663], [-69.00132, -25.48459], [-69.00205, -25.48314], [-69.0027, -25.47839], [-69.00225, -25.47564], [-69.00278, -25.47133], [-69.00239, -25.46278], [-69.00281, -25.46179], [-69.00498, -25.45973], [-69.00815, -25.45744], [-69.01359, -25.45199], [-69.01515, -25.44916], [-69.01687, -25.44799], [-69.02238, -25.4458], [-69.02362, -25.44484], [-69.03146, -25.44661], [-69.03355, -25.44671], [-69.03525, -25.44471], [-69.03586, -25.44226], [-69.02986, -25.4372], [-69.02174, -25.42673], [-69.01629, -25.42349], [-69.01399, -25.42145], [-69.00795, -25.41741], [-69.00331, -25.41312], [-68.99566, -25.41061], [-68.99349, -25.40901], [-68.99013, -25.40479], [-68.98939, -25.40286], [-68.98835, -25.39762], [-68.98742, -25.39552], [-68.98696, -25.39311], [-68.98721, -25.38515], [-68.9886, -25.38001], [-68.98817, -25.37801], [-68.98742, -25.37685], [-68.98418, -25.3755], [-68.97211, -25.37735], [-68.97088, -25.3779], [-68.96816, -25.38318], [-68.9645, -25.38388], [-68.96282, -25.38541], [-68.96117, -25.3904], [-68.95713, -25.38987], [-68.95072, -25.385], [-68.94702, -25.38579], [-68.94532, -25.38696], [-68.94078, -25.3845], [-68.93836, -25.38353], [-68.93525, -25.38316], [-68.92984, -25.38351], [-68.92499, -25.38299], [-68.92369, -25.38211], [-68.91927, -25.37791], [-68.9176, -25.37722], [-68.91078, -25.37552], [-68.90933, -25.37596], [-68.90456, -25.37557], [-68.89731, -25.37627], [-68.89398, -25.3769], [-68.88628, -25.37668], [-68.88399, -25.37511], [-68.88022, -25.37512], [-68.87243, -25.37801], [-68.86593, -25.37965], [-68.85689, -25.38124], [-68.847, -25.38148], [-68.83647, -25.37736], [-68.83011, -25.37154], [-68.82618, -25.36971], [-68.82175, -25.37017], [-68.8193, -25.37144], [-68.81914, -25.37645], [-68.81847, -25.37931], [-68.8169, -25.37998], [-68.81207, -25.37897], [-68.80937, -25.37902], [-68.80411, -25.38049], [-68.80229, -25.38217], [-68.80072, -25.3847], [-68.79869, -25.38559], [-68.79626, -25.38583], [-68.79396, -25.38669], [-68.79151, -25.38865], [-68.79053, -25.39151], [-68.78979, -25.39551], [-68.78779, -25.39837], [-68.78477, -25.4016], [-68.78276, -25.40296], [-68.78063, -25.4023], [-68.77717, -25.40006], [-68.76807, -25.39797], [-68.76497, -25.39664], [-68.75919, -25.392], [-68.75645, -25.39029], [-68.75126, -25.38442], [-68.74959, -25.38136], [-68.74752, -25.38073], [-68.74436, -25.38096], [-68.74064, -25.38217], [-68.73291, -25.38567], [-68.73111, -25.38747], [-68.72693, -25.39032], [-68.72491, -25.39034], [-68.72275, -25.38777], [-68.71905, -25.38544], [-68.71626, -25.38001], [-68.71483, -25.37858], [-68.71163, -25.37774], [-68.70942, -25.37572], [-68.70685, -25.37263], [-68.70053, -25.36843], [-68.69902, -25.36546], [-68.69544, -25.36463], [-68.69016, -25.36695], [-68.68822, -25.36872], [-68.6848, -25.36977], [-68.68224, -25.36925], [-68.68062, -25.36448], [-68.68121, -25.36254], [-68.67959, -25.36109], [-68.67738, -25.36193], [-68.67508, -25.36219], [-68.67319, -25.36176], [-68.67203, -25.35986], [-68.67382, -25.3584], [-68.67466, -25.35515], [-68.67477, -25.3519], [-68.67382, -25.34994], [-68.6708, -25.34899], [-68.66889, -25.34709], [-68.66829, -25.34503], [-68.6701, -25.34209], [-68.67057, -25.33846], [-68.67295, -25.33296], [-68.67097, -25.32801], [-68.67178, -25.32617], [-68.66831, -25.32036], [-68.66764, -25.31763], [-68.66626, -25.3146], [-68.66398, -25.31221]]]}}]}