{"type": "FeatureCollection", "crs": {"type": "name", "properties": {"name": "urn:ogc:def:crs:OGC:1.3:CRS84"}}, "features": [{"type": "Feature", "properties": {"cod_comuna": "06303", "nombre_comuna": "Chimbarongo", "nombre_provincia": "Colchagua", "nombre_region": "Región del Libertador Bernardo O'Higgins"}, "geometry": {"type": "Polygon", "coordinates": [[[-70.81534, -34.8501], [-70.81497, -34.85113], [-70.81182, -34.8536], [-70.81198, -34.85449], [-70.81537, -34.85749], [-70.81714, -34.85966], [-70.81824, -34.86206], [-70.81786, -34.86346], [-70.8158, -34.86554], [-70.81603, -34.86669], [-70.81784, -34.86779], [-70.81827, -34.86979], [-70.82022, -34.87119], [-70.82171, -34.87132], [-70.82561, -34.86845], [-70.82914, -34.86796], [-70.82945, -34.86767], [-70.83258, -34.86772], [-70.83543, -34.86542], [-70.83849, -34.86424], [-70.8399, -34.86254], [-70.84143, -34.86229], [-70.8458, -34.86013], [-70.84728, -34.85988], [-70.85077, -34.86025], [-70.85389, -34.85968], [-70.8561, -34.85798], [-70.85728, -34.85521], [-70.85966, -34.8546], [-70.86385, -34.85284], [-70.87003, -34.85243], [-70.8738, -34.85268], [-70.87539, -34.85235], [-70.87729, -34.85132], [-70.87853, -34.85127], [-70.88158, -34.85023], [-70.88895, -34.85052], [-70.89155, -34.85126], [-70.89478, -34.8524], [-70.89964, -34.85588], [-70.90324, -34.856], [-70.90618, -34.85754], [-70.90897, -34.85669], [-70.91739, -34.85861], [-70.92118, -34.85915], [-70.92525, -34.85892], [-70.92729, -34.85965], [-70.93002, -34.8615], [-70.93212, -34.86185], [-70.93334, -34.86303], [-70.93438, -34.86353], [-70.93694, -34.86365], [-70.93858, -34.86428], [-70.94365, -34.86724], [-70.95116, -34.87041], [-70.95233, -34.87148], [-70.95669, -34.87206], [-70.95821, -34.87168], [-70.96067, -34.86959], [-70.96309, -34.86812], [-70.96567, -34.86728], [-70.96829, -34.86466], [-70.96854, -34.86405], [-70.9672, -34.8618], [-70.96713, -34.86113], [-70.96806, -34.8594], [-70.96963, -34.8586], [-70.97192, -34.85672], [-70.97547, -34.85172], [-70.97959, -34.8467], [-70.98013, -34.84399], [-70.98175, -34.83944], [-70.98414, -34.84002], [-70.98528, -34.83973], [-70.9876, -34.83701], [-70.98917, -34.83652], [-70.9932, -34.83422], [-70.99746, -34.83308], [-70.99797, -34.83079], [-70.99958, -34.82936], [-71.00067, -34.82782], [-71.00214, -34.82704], [-71.00704, -34.82586], [-71.0087, -34.8246], [-71.01066, -34.82495], [-71.01165, -34.82561], [-71.01556, -34.82558], [-71.01696, -34.82441], [-71.0166, -34.82247], [-71.01846, -34.81838], [-71.01994, -34.81731], [-71.02195, -34.81665], [-71.02311, -34.81564], [-71.02338, -34.81475], [-71.02308, -34.8111], [-71.02491, -34.80865], [-71.02572, -34.80796], [-71.0289, -34.80712], [-71.03318, -34.80369], [-71.03496, -34.80047], [-71.03642, -34.7999], [-71.03895, -34.80046], [-71.04291, -34.79772], [-71.04539, -34.79657], [-71.04622, -34.79493], [-71.0457, -34.79332], [-71.04816, -34.79267], [-71.05265, -34.80547], [-71.06611, -34.81865], [-71.06971, -34.82131], [-71.07427, -34.82333], [-71.07847, -34.82464], [-71.09872, -34.82813], [-71.11731, -34.80592], [-71.12151, -34.80041], [-71.12665, -34.79588], [-71.12946, -34.79254], [-71.13189, -34.79026], [-71.1349, -34.78641], [-71.1286, -34.78579], [-71.12283, -34.78407], [-71.12403, -34.78157], [-71.12503, -34.77755], [-71.12132, -34.77489], [-71.11769, -34.77104], [-71.11775, -34.76929], [-71.11619, -34.76693], [-71.11865, -34.76604], [-71.12067, -34.76626], [-71.12324, -34.76579], [-71.12444, -34.76628], [-71.12581, -34.76801], [-71.13053, -34.76811], [-71.13306, -34.76784], [-71.13451, -34.76831], [-71.13825, -34.76802], [-71.14072, -34.76713], [-71.14259, -34.76697], [-71.14388, -34.76812], [-71.14877, -34.77008], [-71.1509, -34.76977], [-71.15255, -34.76788], [-71.15499, -34.76874], [-71.15729, -34.77052], [-71.15901, -34.77108], [-71.16339, -34.77068], [-71.1649, -34.77151], [-71.16761, -34.77219], [-71.17012, -34.76965], [-71.17499, -34.76982], [-71.17808, -34.76845], [-71.18059, -34.76573], [-71.18061, -34.76246], [-71.17994, -34.75998], [-71.18451, -34.75832], [-71.18505, -34.75457], [-71.15613, -34.75505], [-71.15468, -34.75554], [-71.15328, -34.75224], [-71.15299, -34.74991], [-71.15455, -34.74549], [-71.14906, -34.74526], [-71.15049, -34.7429], [-71.13279, -34.73615], [-71.1326, -34.73464], [-71.1289, -34.72775], [-71.12745, -34.72581], [-71.12254, -34.72443], [-71.12203, -34.72388], [-71.1212, -34.71969], [-71.11939, -34.71664], [-71.1175, -34.71587], [-71.11298, -34.71483], [-71.11003, -34.71329], [-71.10854, -34.71152], [-71.10806, -34.70988], [-71.10874, -34.70758], [-71.11176, -34.70389], [-71.11279, -34.70145], [-71.11309, -34.69724], [-71.11224, -34.69447], [-71.10942, -34.69492], [-71.10727, -34.69402], [-71.10503, -34.69217], [-71.10071, -34.68941], [-71.10018, -34.68685], [-71.09581, -34.68593], [-71.09269, -34.68469], [-71.08931, -34.68167], [-71.08757, -34.68065], [-71.08429, -34.67956], [-71.08197, -34.6762], [-71.07906, -34.67697], [-71.07579, -34.67678], [-71.06724, -34.678], [-71.06148, -34.67814], [-71.06234, -34.67473], [-71.06173, -34.67397], [-71.0584, -34.673], [-71.05579, -34.67046], [-71.05186, -34.66744], [-71.05041, -34.66469], [-71.04798, -34.66354], [-71.04741, -34.66234], [-71.04425, -34.66058], [-71.04186, -34.6598], [-71.04096, -34.65874], [-71.04093, -34.65726], [-71.03848, -34.65464], [-71.03121, -34.65211], [-71.02533, -34.64866], [-71.02346, -34.6471], [-71.01662, -34.64285], [-71.01452, -34.64036], [-71.01028, -34.63744], [-71.00978, -34.63542], [-71.01023, -34.6315], [-71.01117, -34.62982], [-71.01134, -34.62728], [-71.01412, -34.62528], [-71.0143, -34.62108], [-71.01551, -34.61839], [-71.0119, -34.617], [-71.0106, -34.61455], [-71.01171, -34.61075], [-71.0089, -34.60866], [-71.00766, -34.6073], [-71.00647, -34.60801], [-71.00288, -34.61145], [-70.99958, -34.61271], [-70.99537, -34.61264], [-70.99319, -34.61441], [-70.99061, -34.61525], [-70.98827, -34.615], [-70.98485, -34.61626], [-70.98124, -34.61646], [-70.97917, -34.61795], [-70.97764, -34.61986], [-70.97427, -34.62092], [-70.97164, -34.62072], [-70.96927, -34.62187], [-70.96814, -34.62472], [-70.96705, -34.62536], [-70.96325, -34.62542], [-70.9606, -34.62687], [-70.959, -34.62829], [-70.95776, -34.63049], [-70.95492, -34.63382], [-70.9482, -34.63629], [-70.94711, -34.63703], [-70.94564, -34.63942], [-70.94351, -34.64081], [-70.94159, -34.64103], [-70.93916, -34.64204], [-70.93637, -34.64546], [-70.93398, -34.64564], [-70.93117, -34.64791], [-70.9261, -34.64818], [-70.9245, -34.64949], [-70.91798, -34.64972], [-70.91668, -34.65083], [-70.91313, -34.65198], [-70.9104, -34.65131], [-70.90721, -34.65136], [-70.90067, -34.65384], [-70.8951, -34.65502], [-70.89242, -34.6566], [-70.89069, -34.65907], [-70.89028, -34.66177], [-70.88786, -34.66457], [-70.88283, -34.66888], [-70.88127, -34.67218], [-70.87974, -34.67651], [-70.87812, -34.67743], [-70.87738, -34.67905], [-70.87811, -34.68137], [-70.87927, -34.68269], [-70.8795, -34.68421], [-70.88344, -34.68566], [-70.88582, -34.69158], [-70.88924, -34.69248], [-70.89226, -34.69508], [-70.89325, -34.69745], [-70.89315, -34.699], [-70.89211, -34.70136], [-70.89178, -34.70328], [-70.89216, -34.70487], [-70.89451, -34.70823], [-70.89528, -34.71094], [-70.89409, -34.71293], [-70.89385, -34.71544], [-70.89311, -34.71666], [-70.89129, -34.71752], [-70.88783, -34.72436], [-70.88796, -34.72521], [-70.8903, -34.72881], [-70.88874, -34.73215], [-70.88863, -34.73562], [-70.88427, -34.73683], [-70.87873, -34.7402], [-70.8752, -34.7413], [-70.87379, -34.74254], [-70.87389, -34.74487], [-70.86929, -34.74903], [-70.86839, -34.75028], [-70.86684, -34.75553], [-70.86712, -34.75904], [-70.86657, -34.76001], [-70.86361, -34.7622], [-70.86294, -34.76414], [-70.86302, -34.76766], [-70.85909, -34.76867], [-70.85576, -34.77147], [-70.85439, -34.77173], [-70.85054, -34.77423], [-70.84991, -34.77555], [-70.84327, -34.77875], [-70.83859, -34.77954], [-70.83697, -34.78037], [-70.83756, -34.78353], [-70.83689, -34.78628], [-70.83347, -34.78985], [-70.83441, -34.79586], [-70.83207, -34.80095], [-70.83136, -34.80377], [-70.82988, -34.8069], [-70.83041, -34.81226], [-70.8315, -34.8144], [-70.83151, -34.8157], [-70.8291, -34.8188], [-70.82899, -34.82147], [-70.82583, -34.8245], [-70.82555, -34.8286], [-70.82342, -34.83307], [-70.8232, -34.83693], [-70.82163, -34.8387], [-70.81795, -34.84407], [-70.81465, -34.84615], [-70.81534, -34.8501]]]}}, {"type": "Feature", "properties": {"cod_comuna": "06301", "nombre_comuna": "San Fernando", "nombre_provincia": "Colchagua", "nombre_region": "Región del Libertador Bernardo O'Higgins"}, "geometry": {"type": "Polygon", "coordinates": [[[-70.36502, -35.00529], [-70.3667, -35.00525], [-70.37733, -34.99799], [-70.3786, -34.99822], [-70.38102, -34.99978], [-70.38798, -34.99863], [-70.38971, -34.99869], [-70.39134, -34.9972], [-70.39316, -34.99338], [-70.39499, -34.99157], [-70.39917, -34.99091], [-70.4007, -34.98883], [-70.40549, -34.98739], [-70.41061, -34.98467], [-70.41345, -34.98455], [-70.41527, -34.98365], [-70.41724, -34.98374], [-70.41829, -34.98543], [-70.42036, -34.98586], [-70.42397, -34.98729], [-70.42571, -34.98726], [-70.42908, -34.98867], [-70.43773, -34.98969], [-70.44029, -34.98953], [-70.44227, -34.98997], [-70.44817, -34.99013], [-70.45298, -34.98947], [-70.45618, -34.9897], [-70.46018, -34.99087], [-70.4631, -34.99041], [-70.46549, -34.99062], [-70.46724, -34.99154], [-70.46876, -34.99329], [-70.47367, -34.99416], [-70.47774, -34.99415], [-70.47903, -34.99162], [-70.4795, -34.98719], [-70.48044, -34.98559], [-70.48413, -34.98373], [-70.48589, -34.98235], [-70.48727, -34.97587], [-70.49257, -34.97371], [-70.49597, -34.97279], [-70.49958, -34.97081], [-70.50582, -34.9717], [-70.50839, -34.97111], [-70.51121, -34.97186], [-70.5143, -34.96961], [-70.51462, -34.96873], [-70.51779, -34.96721], [-70.52082, -34.96713], [-70.52516, -34.96541], [-70.52615, -34.96462], [-70.52522, -34.96269], [-70.52513, -34.96108], [-70.52397, -34.95878], [-70.5244, -34.95462], [-70.52373, -34.95163], [-70.52501, -34.95115], [-70.52922, -34.95156], [-70.53156, -34.95089], [-70.5365, -34.95115], [-70.53766, -34.95061], [-70.53893, -34.94935], [-70.53959, -34.94788], [-70.53864, -34.94559], [-70.54031, -34.94347], [-70.5403, -34.94288], [-70.5395, -34.94144], [-70.53914, -34.93928], [-70.54107, -34.93749], [-70.54068, -34.93515], [-70.54088, -34.93438], [-70.54333, -34.93399], [-70.54875, -34.93553], [-70.54983, -34.93668], [-70.55014, -34.93754], [-70.55211, -34.93784], [-70.55437, -34.93947], [-70.5579, -34.93934], [-70.56012, -34.94011], [-70.5626, -34.9404], [-70.56465, -34.93989], [-70.56607, -34.93917], [-70.56833, -34.93972], [-70.57072, -34.94349], [-70.57089, -34.9448], [-70.56941, -34.94726], [-70.56815, -34.9508], [-70.56813, -34.95257], [-70.56917, -34.95379], [-70.57149, -34.95514], [-70.57752, -34.95642], [-70.58182, -34.95684], [-70.58346, -34.95742], [-70.58461, -34.95818], [-70.58535, -34.96131], [-70.58612, -34.9617], [-70.58969, -34.96038], [-70.59583, -34.95743], [-70.59832, -34.95687], [-70.60112, -34.9573], [-70.60448, -34.95889], [-70.60856, -34.959], [-70.61489, -34.9608], [-70.61569, -34.96292], [-70.6152, -34.96623], [-70.61558, -34.96795], [-70.61762, -34.97066], [-70.61749, -34.97347], [-70.61603, -34.9762], [-70.61811, -34.97726], [-70.61925, -34.98055], [-70.61834, -34.98312], [-70.61855, -34.98579], [-70.62059, -34.98745], [-70.62228, -34.98765], [-70.62484, -34.98442], [-70.62898, -34.98207], [-70.63213, -34.98143], [-70.6358, -34.97955], [-70.63811, -34.9768], [-70.64095, -34.97505], [-70.64556, -34.97427], [-70.6489, -34.97088], [-70.65131, -34.97034], [-70.65483, -34.96829], [-70.65808, -34.96701], [-70.66151, -34.96611], [-70.66246, -34.96487], [-70.66668, -34.96213], [-70.66687, -34.95946], [-70.66646, -34.95622], [-70.66704, -34.95193], [-70.66835, -34.94867], [-70.66894, -34.94572], [-70.67065, -34.94449], [-70.67179, -34.94175], [-70.6727, -34.94136], [-70.67443, -34.93658], [-70.67751, -34.93435], [-70.68127, -34.93015], [-70.68352, -34.92815], [-70.68591, -34.92389], [-70.68948, -34.92374], [-70.69227, -34.92434], [-70.69479, -34.92578], [-70.69781, -34.92327], [-70.7012, -34.91855], [-70.70255, -34.91747], [-70.70674, -34.9162], [-70.70939, -34.91594], [-70.71129, -34.91471], [-70.71252, -34.91212], [-70.71294, -34.91008], [-70.71353, -34.90358], [-70.71461, -34.90235], [-70.72265, -34.89613], [-70.72568, -34.89458], [-70.73193, -34.89312], [-70.73863, -34.8909], [-70.74013, -34.88964], [-70.74114, -34.8871], [-70.74317, -34.88541], [-70.74811, -34.88469], [-70.74884, -34.88435], [-70.75, -34.88288], [-70.75045, -34.87656], [-70.7511, -34.87506], [-70.7551, -34.87375], [-70.75657, -34.87279], [-70.7586, -34.87204], [-70.76008, -34.86908], [-70.76069, -34.86644], [-70.76626, -34.86253], [-70.76752, -34.86093], [-70.76992, -34.85949], [-70.7721, -34.85867], [-70.77789, -34.8577], [-70.78471, -34.85869], [-70.78771, -34.86022], [-70.78955, -34.8601], [-70.7931, -34.85756], [-70.79425, -34.8549], [-70.79579, -34.85352], [-70.79754, -34.85292], [-70.80332, -34.85441], [-70.80738, -34.85213], [-70.81067, -34.8527], [-70.81182, -34.8536], [-70.81497, -34.85113], [-70.81534, -34.8501], [-70.81465, -34.84615], [-70.81795, -34.84407], [-70.82163, -34.8387], [-70.8232, -34.83693], [-70.82342, -34.83307], [-70.82555, -34.8286], [-70.82583, -34.8245], [-70.82899, -34.82147], [-70.8291, -34.8188], [-70.83151, -34.8157], [-70.8315, -34.8144], [-70.83041, -34.81226], [-70.82988, -34.8069], [-70.83136, -34.80377], [-70.83207, -34.80095], [-70.83441, -34.79586], [-70.83347, -34.78985], [-70.83689, -34.78628], [-70.83756, -34.78353], [-70.83697, -34.78037], [-70.83859, -34.77954], [-70.84327, -34.77875], [-70.84991, -34.77555], [-70.85054, -34.77423], [-70.85439, -34.77173], [-70.85576, -34.77147], [-70.85909, -34.76867], [-70.86302, -34.76766], [-70.86294, -34.76414], [-70.86361, -34.7622], [-70.86657, -34.76001], [-70.86712, -34.75904], [-70.86684, -34.75553], [-70.86839, -34.75028], [-70.86929, -34.74903], [-70.87389, -34.74487], [-70.87379, -34.74254], [-70.8752, -34.7413], [-70.87873, -34.7402], [-70.88427, -34.73683], [-70.88863, -34.73562], [-70.88874, -34.73215], [-70.8903, -34.72881], [-70.88796, -34.72521], [-70.88783, -34.72436], [-70.89129, -34.71752], [-70.89311, -34.71666], [-70.89385, -34.71544], [-70.89409, -34.71293], [-70.89528, -34.71094], [-70.89451, -34.70823], [-70.89216, -34.70487], [-70.89178, -34.70328], [-70.89211, -34.70136], [-70.89315, -34.699], [-70.89325, -34.69745], [-70.89226, -34.69508], [-70.88924, -34.69248], [-70.88582, -34.69158], [-70.88344, -34.68566], [-70.8795, -34.68421], [-70.87927, -34.68269], [-70.87811, -34.68137], [-70.87738, -34.67905], [-70.87812, -34.67743], [-70.87974, -34.67651], [-70.88127, -34.67218], [-70.88283, -34.66888], [-70.88786, -34.66457], [-70.89028, -34.66177], [-70.89069, -34.65907], [-70.89242, -34.6566], [-70.8951, -34.65502], [-70.90067, -34.65384], [-70.90721, -34.65136], [-70.9104, -34.65131], [-70.91313, -34.65198], [-70.91668, -34.65083], [-70.91798, -34.64972], [-70.9245, -34.64949], [-70.9261, -34.64818], [-70.93117, -34.64791], [-70.93398, -34.64564], [-70.93637, -34.64546], [-70.93916, -34.64204], [-70.94159, -34.64103], [-70.94351, -34.64081], [-70.94564, -34.63942], [-70.94711, -34.63703], [-70.9482, -34.63629], [-70.95492, -34.63382], [-70.95776, -34.63049], [-70.959, -34.62829], [-70.9606, -34.62687], [-70.96325, -34.62542], [-70.96705, -34.62536], [-70.96814, -34.62472], [-70.96927, -34.62187], [-70.97164, -34.62072], [-70.97427, -34.62092], [-70.97764, -34.61986], [-70.97917, -34.61795], [-70.98124, -34.61646], [-70.98485, -34.61626], [-70.98827, -34.615], [-70.99061, -34.61525], [-70.99319, -34.61441], [-70.99537, -34.61264], [-70.99958, -34.61271], [-71.00288, -34.61145], [-71.00647, -34.60801], [-71.0105, -34.60548], [-71.01377, -34.604], [-71.01736, -34.60056], [-71.01967, -34.59941], [-71.02653, -34.59819], [-71.02849, -34.59719], [-71.03259, -34.59746], [-71.03775, -34.59602], [-71.04286, -34.59246], [-71.04634, -34.59144], [-71.04641, -34.58751], [-71.04731, -34.58534], [-71.04697, -34.5823], [-71.04518, -34.57967], [-71.04392, -34.57615], [-71.04253, -34.57516], [-71.04345, -34.57322], [-71.04268, -34.57163], [-71.04277, -34.56971], [-71.0409, -34.56638], [-71.03954, -34.56493], [-71.03438, -34.56225], [-71.03541, -34.56008], [-71.03557, -34.5567], [-71.0348, -34.5552], [-71.03278, -34.55285], [-71.0328, -34.55086], [-71.03107, -34.54798], [-71.03075, -34.54538], [-71.02912, -34.54225], [-71.02603, -34.53837], [-71.02433, -34.53736], [-71.01936, -34.53273], [-71.01611, -34.52882], [-71.01486, -34.52656], [-71.0127, -34.51999], [-71.00739, -34.51497], [-71.0053, -34.51429], [-71.00352, -34.51465], [-71.00203, -34.5173], [-70.99752, -34.51909], [-70.99519, -34.52056], [-70.9934, -34.52045], [-70.98749, -34.51697], [-70.98459, -34.5162], [-70.98006, -34.51718], [-70.97712, -34.51728], [-70.97443, -34.51556], [-70.96978, -34.51418], [-70.96671, -34.51568], [-70.95966, -34.51713], [-70.9569, -34.51741], [-70.9557, -34.51576], [-70.95335, -34.5138], [-70.95153, -34.50991], [-70.95109, -34.50825], [-70.9512, -34.50567], [-70.94471, -34.50143], [-70.94376, -34.4985], [-70.94129, -34.4971], [-70.93877, -34.49635], [-70.93511, -34.49592], [-70.92974, -34.49337], [-70.92485, -34.492], [-70.92299, -34.48952], [-70.92203, -34.48623], [-70.91966, -34.4852], [-70.91534, -34.48516], [-70.90895, -34.48097], [-70.90626, -34.48052], [-70.90506, -34.47903], [-70.90497, -34.47736], [-70.90216, -34.47948], [-70.90098, -34.48452], [-70.8998, -34.48587], [-70.8983, -34.48648], [-70.89725, -34.489], [-70.89626, -34.48993], [-70.89614, -34.4937], [-70.89249, -34.4958], [-70.89078, -34.49735], [-70.88535, -34.49884], [-70.88142, -34.49914], [-70.87673, -34.49881], [-70.87309, -34.49917], [-70.86736, -34.49643], [-70.86519, -34.497], [-70.86258, -34.49852], [-70.86139, -34.49968], [-70.86209, -34.50506], [-70.85965, -34.5082], [-70.85656, -34.51054], [-70.85385, -34.5132], [-70.85325, -34.51445], [-70.85087, -34.51625], [-70.85019, -34.51951], [-70.84794, -34.52212], [-70.84662, -34.52242], [-70.84048, -34.52609], [-70.83686, -34.52667], [-70.83132, -34.52895], [-70.8285, -34.52933], [-70.82479, -34.53091], [-70.82321, -34.53284], [-70.81986, -34.53494], [-70.81772, -34.5375], [-70.81613, -34.53843], [-70.81618, -34.54069], [-70.81376, -34.54248], [-70.81069, -34.54734], [-70.80983, -34.55003], [-70.8058, -34.55276], [-70.80315, -34.55304], [-70.79979, -34.55237], [-70.79737, -34.5524], [-70.7931, -34.55333], [-70.78962, -34.55271], [-70.78576, -34.5501], [-70.78222, -34.55148], [-70.77848, -34.55488], [-70.77643, -34.5562], [-70.77493, -34.5587], [-70.77433, -34.56319], [-70.77384, -34.56434], [-70.76956, -34.56426], [-70.76754, -34.56663], [-70.76462, -34.56767], [-70.76328, -34.56941], [-70.76145, -34.57011], [-70.76084, -34.5715], [-70.75697, -34.57132], [-70.75537, -34.57196], [-70.75266, -34.57224], [-70.749, -34.57081], [-70.74785, -34.56835], [-70.74591, -34.56646], [-70.74231, -34.56542], [-70.73731, -34.56606], [-70.73664, -34.56731], [-70.73668, -34.56927], [-70.73473, -34.57249], [-70.73538, -34.57582], [-70.7324, -34.57696], [-70.73054, -34.57646], [-70.72879, -34.57811], [-70.72728, -34.57775], [-70.72544, -34.57511], [-70.72228, -34.57272], [-70.71757, -34.56816], [-70.71692, -34.56191], [-70.71489, -34.56019], [-70.71187, -34.55454], [-70.71166, -34.55307], [-70.70893, -34.55019], [-70.70445, -34.55423], [-70.70365, -34.55437], [-70.70069, -34.55271], [-70.695, -34.55047], [-70.69037, -34.55133], [-70.68758, -34.55101], [-70.68536, -34.5502], [-70.68237, -34.54978], [-70.67447, -34.5465], [-70.66823, -34.54769], [-70.66072, -34.54827], [-70.65684, -34.54996], [-70.65634, -34.55196], [-70.65478, -34.55364], [-70.64931, -34.55837], [-70.64673, -34.55903], [-70.64512, -34.56155], [-70.64471, -34.56411], [-70.64503, -34.5676], [-70.64214, -34.57352], [-70.64077, -34.57556], [-70.64081, -34.57687], [-70.64268, -34.58017], [-70.64241, -34.58384], [-70.64377, -34.5862], [-70.64397, -34.58949], [-70.64502, -34.59114], [-70.64365, -34.59199], [-70.64213, -34.59159], [-70.6355, -34.59182], [-70.63085, -34.59414], [-70.62674, -34.59503], [-70.62767, -34.591], [-70.6273, -34.58921], [-70.62527, -34.58536], [-70.62387, -34.58501], [-70.62098, -34.58565], [-70.61861, -34.58543], [-70.61637, -34.58423], [-70.6137, -34.58427], [-70.61023, -34.5838], [-70.60574, -34.58271], [-70.60181, -34.58133], [-70.59813, -34.57838], [-70.595, -34.57842], [-70.59046, -34.57709], [-70.58567, -34.57753], [-70.58269, -34.57664], [-70.57679, -34.57704], [-70.57424, -34.57804], [-70.57271, -34.58014], [-70.57089, -34.58118], [-70.5661, -34.58133], [-70.5625, -34.58304], [-70.56022, -34.58353], [-70.55991, -34.58455], [-70.55815, -34.58586], [-70.55609, -34.58658], [-70.55318, -34.58879], [-70.55047, -34.59298], [-70.54994, -34.59465], [-70.54824, -34.59633], [-70.54545, -34.59646], [-70.54175, -34.59799], [-70.54009, -34.5992], [-70.53862, -34.60125], [-70.53636, -34.60276], [-70.52987, -34.60464], [-70.52712, -34.60603], [-70.5238, -34.60828], [-70.52197, -34.60872], [-70.52073, -34.60616], [-70.51914, -34.60404], [-70.51752, -34.60285], [-70.51493, -34.59843], [-70.51325, -34.59679], [-70.51112, -34.59649], [-70.50244, -34.59739], [-70.49728, -34.59669], [-70.4943, -34.59767], [-70.49148, -34.60043], [-70.48953, -34.60302], [-70.48589, -34.60606], [-70.48357, -34.60704], [-70.48161, -34.60469], [-70.47669, -34.60122], [-70.47306, -34.59989], [-70.47189, -34.59779], [-70.47151, -34.59507], [-70.46802, -34.58977], [-70.46411, -34.59024], [-70.46205, -34.5897], [-70.4543, -34.59059], [-70.45082, -34.59023], [-70.44774, -34.5878], [-70.44311, -34.58664], [-70.43859, -34.58697], [-70.43595, -34.58659], [-70.43016, -34.5904], [-70.42449, -34.58928], [-70.42004, -34.58964], [-70.41755, -34.59057], [-70.41318, -34.59439], [-70.40962, -34.59615], [-70.4083, -34.59848], [-70.40609, -34.60078], [-70.40362, -34.60273], [-70.40026, -34.60204], [-70.3976, -34.6001], [-70.39489, -34.60059], [-70.38799, -34.60423], [-70.38434, -34.60795], [-70.38329, -34.61106], [-70.38189, -34.61223], [-70.37803, -34.61244], [-70.37628, -34.61497], [-70.37535, -34.61724], [-70.37572, -34.61972], [-70.3754, -34.62121], [-70.3734, -34.62279], [-70.36862, -34.6243], [-70.3633, -34.62442], [-70.34552, -34.61994], [-70.34165, -34.62126], [-70.33962, -34.62141], [-70.33523, -34.62274], [-70.33489, -34.62435], [-70.33619, -34.62642], [-70.33198, -34.62879], [-70.3303, -34.62884], [-70.32636, -34.6325], [-70.32229, -34.6352], [-70.32091, -34.6375], [-70.31664, -34.64042], [-70.31178, -34.64304], [-70.30646, -34.64386], [-70.30298, -34.64514], [-70.30279, -34.64609], [-70.30371, -34.64871], [-70.30409, -34.65192], [-70.30511, -34.65543], [-70.29894, -34.65967], [-70.29603, -34.66248], [-70.29494, -34.66529], [-70.29262, -34.66497], [-70.28999, -34.6653], [-70.28873, -34.66617], [-70.28846, -34.66847], [-70.28992, -34.67231], [-70.2877, -34.67619], [-70.28533, -34.68163], [-70.28484, -34.68485], [-70.28145, -34.686], [-70.27789, -34.68819], [-70.27583, -34.68889], [-70.27313, -34.68877], [-70.27155, -34.68973], [-70.26709, -34.69411], [-70.26222, -34.69518], [-70.25822, -34.69671], [-70.25641, -34.70106], [-70.25358, -34.7038], [-70.25431, -34.70635], [-70.25348, -34.70813], [-70.25429, -34.70913], [-70.25391, -34.71068], [-70.25514, -34.71314], [-70.25504, -34.71433], [-70.25664, -34.7165], [-70.25672, -34.71827], [-70.25871, -34.72172], [-70.26215, -34.7229], [-70.26095, -34.72579], [-70.25846, -34.72944], [-70.26127, -34.731], [-70.26452, -34.73219], [-70.2672, -34.7346], [-70.2727, -34.73715], [-70.27639, -34.73654], [-70.28083, -34.73626], [-70.2823, -34.73564], [-70.28487, -34.73707], [-70.28891, -34.73864], [-70.29341, -34.73899], [-70.29924, -34.74281], [-70.30153, -34.74492], [-70.30418, -34.74561], [-70.30627, -34.74741], [-70.30682, -34.75026], [-70.30779, -34.75173], [-70.30738, -34.75401], [-70.30867, -34.75694], [-70.30904, -34.76045], [-70.31, -34.76207], [-70.30901, -34.76485], [-70.30886, -34.76823], [-70.30944, -34.76974], [-70.30828, -34.77061], [-70.30501, -34.77198], [-70.30242, -34.77245], [-70.30079, -34.77179], [-70.2985, -34.77337], [-70.29686, -34.77605], [-70.29383, -34.77907], [-70.2918, -34.78002], [-70.28903, -34.77975], [-70.28306, -34.78154], [-70.28105, -34.78253], [-70.27964, -34.78658], [-70.27879, -34.78803], [-70.27084, -34.79178], [-70.26756, -34.79244], [-70.26194, -34.79255], [-70.2576, -34.79376], [-70.25588, -34.79336], [-70.25307, -34.7936], [-70.2493, -34.79711], [-70.24834, -34.79927], [-70.2521, -34.8025], [-70.25441, -34.80349], [-70.25446, -34.80621], [-70.25805, -34.80731], [-70.25871, -34.80799], [-70.25715, -34.81208], [-70.25688, -34.81406], [-70.25792, -34.81577], [-70.25846, -34.81785], [-70.25991, -34.81865], [-70.26085, -34.82015], [-70.26016, -34.82289], [-70.26108, -34.82588], [-70.26206, -34.82689], [-70.26365, -34.8306], [-70.26362, -34.83315], [-70.26566, -34.83546], [-70.2669, -34.83761], [-70.2683, -34.83896], [-70.27081, -34.84018], [-70.27296, -34.84268], [-70.27279, -34.84492], [-70.27383, -34.84525], [-70.27564, -34.84815], [-70.27875, -34.8509], [-70.28014, -34.85332], [-70.2796, -34.85603], [-70.27776, -34.85794], [-70.27717, -34.85978], [-70.27795, -34.86352], [-70.28029, -34.86572], [-70.2809, -34.86899], [-70.27658, -34.87196], [-70.27587, -34.87387], [-70.27696, -34.87557], [-70.2784, -34.87633], [-70.28192, -34.87705], [-70.28396, -34.87824], [-70.2846, -34.87922], [-70.28694, -34.88037], [-70.28886, -34.88246], [-70.29111, -34.8837], [-70.29185, -34.88914], [-70.28932, -34.89197], [-70.29067, -34.89228], [-70.29304, -34.89451], [-70.29451, -34.89447], [-70.29555, -34.89614], [-70.29826, -34.89678], [-70.29997, -34.89838], [-70.30159, -34.89911], [-70.30213, -34.90382], [-70.3052, -34.90573], [-70.30786, -34.90853], [-70.3097, -34.91342], [-70.31185, -34.91556], [-70.31324, -34.91856], [-70.3137, -34.92107], [-70.31634, -34.9225], [-70.31616, -34.92454], [-70.31883, -34.92825], [-70.32013, -34.93153], [-70.32125, -34.9328], [-70.32557, -34.93314], [-70.33047, -34.93569], [-70.33177, -34.93594], [-70.33261, -34.93718], [-70.33253, -34.93941], [-70.33032, -34.94277], [-70.33218, -34.94433], [-70.33247, -34.94546], [-70.33196, -34.94807], [-70.33069, -34.94955], [-70.33027, -34.95157], [-70.33163, -34.95306], [-70.33193, -34.95488], [-70.32934, -34.95831], [-70.33042, -34.9626], [-70.33093, -34.96685], [-70.33018, -34.97152], [-70.33065, -34.97329], [-70.32705, -34.97719], [-70.33016, -34.9778], [-70.33105, -34.97994], [-70.33072, -34.98219], [-70.3323, -34.98292], [-70.33179, -34.98572], [-70.33377, -34.98694], [-70.33402, -34.98862], [-70.33321, -34.99023], [-70.33402, -34.99116], [-70.33819, -34.99146], [-70.3414, -34.9933], [-70.3432, -34.99482], [-70.3448, -34.9932], [-70.35272, -34.99587], [-70.35466, -34.99618], [-70.3568, -34.99839], [-70.3569, -35.00058], [-70.35824, -35.00211], [-70.36118, -35.00253], [-70.36325, -35.00485], [-70.36502, -35.00529]]]}}, {"type": "Feature", "properties": {"cod_comuna": "07108", "nombre_comuna": "Río Claro", "nombre_provincia": "Talca", "nombre_region": "Región del Maule"}, "geometry": {"type": "Polygon", "coordinates": [[[-71.46119, -35.25959], [-71.46228, -35.25412], [-71.46084, -35.25383], [-71.46034, -35.25251], [-71.45847, -35.2523], [-71.45783, -35.25115], [-71.45479, -35.24959], [-71.45398, -35.24792], [-71.45137, -35.24936], [-71.44776, -35.24759], [-71.44489, -35.24742], [-71.44405, -35.24565], [-71.44217, -35.24526], [-71.44117, -35.24616], [-71.43868, -35.2461], [-71.43715, -35.24456], [-71.43587, -35.24413], [-71.43331, -35.24441], [-71.43214, -35.24358], [-71.43946, -35.23576], [-71.43877, -35.23262], [-71.43869, -35.22921], [-71.43712, -35.2278], [-71.43842, -35.2259], [-71.44126, -35.22407], [-71.44447, -35.22453], [-71.44459, -35.22293], [-71.44375, -35.22192], [-71.44487, -35.22017], [-71.44335, -35.21978], [-71.44406, -35.21498], [-71.44052, -35.21677], [-71.43813, -35.21692], [-71.43526, -35.21505], [-71.43319, -35.21482], [-71.42673, -35.21204], [-71.42193, -35.21061], [-71.42141, -35.20862], [-71.41956, -35.20618], [-71.41769, -35.20465], [-71.41515, -35.2033], [-71.41328, -35.20283], [-71.41132, -35.20418], [-71.40913, -35.20339], [-71.40464, -35.1987], [-71.40394, -35.19668], [-71.40446, -35.19418], [-71.40313, -35.19304], [-71.39944, -35.19213], [-71.39815, -35.19115], [-71.39771, -35.18948], [-71.39565, -35.18792], [-71.39588, -35.18624], [-71.39419, -35.18459], [-71.38846, -35.18245], [-71.38425, -35.18038], [-71.38373, -35.177], [-71.38145, -35.17535], [-71.38379, -35.17193], [-71.38374, -35.17075], [-71.38086, -35.16768], [-71.37966, -35.16733], [-71.37679, -35.16376], [-71.37677, -35.16189], [-71.37746, -35.16021], [-71.37428, -35.16004], [-71.36959, -35.16067], [-71.36916, -35.15983], [-71.37164, -35.15731], [-71.36911, -35.15573], [-71.36885, -35.15218], [-71.36636, -35.14828], [-71.36451, -35.14721], [-71.3631, -35.14487], [-71.36008, -35.14159], [-71.359, -35.14113], [-71.35361, -35.14179], [-71.35379, -35.14063], [-71.35274, -35.1388], [-71.3509, -35.14014], [-71.34734, -35.1383], [-71.34613, -35.13927], [-71.34351, -35.13998], [-71.34168, -35.13941], [-71.3402, -35.13693], [-71.33752, -35.13477], [-71.33679, -35.13141], [-71.3346, -35.1311], [-71.33325, -35.1317], [-71.33249, -35.13352], [-71.33133, -35.13424], [-71.32843, -35.13397], [-71.32654, -35.1317], [-71.32462, -35.13122], [-71.3217, -35.13283], [-71.31896, -35.13286], [-71.31666, -35.13421], [-71.31465, -35.13663], [-71.31164, -35.13497], [-71.30893, -35.13545], [-71.30769, -35.13772], [-71.30556, -35.1395], [-71.30316, -35.13969], [-71.30228, -35.14185], [-71.30352, -35.14296], [-71.30341, -35.14403], [-71.30069, -35.1459], [-71.29891, -35.14633], [-71.29728, -35.1483], [-71.29135, -35.15061], [-71.29006, -35.15204], [-71.2872, -35.15173], [-71.28004, -35.15591], [-71.27672, -35.15647], [-71.27572, -35.15946], [-71.27392, -35.16063], [-71.27166, -35.16093], [-71.26638, -35.16359], [-71.26246, -35.16353], [-71.26093, -35.16451], [-71.26031, -35.16795], [-71.26054, -35.1709], [-71.25972, -35.17278], [-71.25794, -35.1742], [-71.25353, -35.17529], [-71.251, -35.17523], [-71.24755, -35.17587], [-71.24108, -35.17807], [-71.23853, -35.18065], [-71.23614, -35.17951], [-71.23443, -35.17952], [-71.23216, -35.18059], [-71.2301, -35.18087], [-71.22892, -35.18185], [-71.22656, -35.18267], [-71.22539, -35.18508], [-71.22277, -35.18672], [-71.22302, -35.18874], [-71.22159, -35.19098], [-71.21676, -35.19394], [-71.21517, -35.19691], [-71.21518, -35.19929], [-71.21381, -35.20069], [-71.21325, -35.20263], [-71.21196, -35.20473], [-71.21227, -35.20683], [-71.21156, -35.20773], [-71.2111, -35.2109], [-71.21032, -35.21235], [-71.20866, -35.21295], [-71.20604, -35.21608], [-71.20468, -35.22019], [-71.20339, -35.22163], [-71.20085, -35.22188], [-71.19634, -35.22391], [-71.19531, -35.22546], [-71.19057, -35.23009], [-71.1891, -35.23229], [-71.18576, -35.23338], [-71.18448, -35.23514], [-71.17741, -35.24092], [-71.17572, -35.24346], [-71.17626, -35.24545], [-71.17533, -35.247], [-71.17077, -35.25023], [-71.16625, -35.2506], [-71.164, -35.25175], [-71.16155, -35.25363], [-71.16171, -35.2563], [-71.1629, -35.2575], [-71.16296, -35.25917], [-71.16019, -35.26236], [-71.15909, -35.26529], [-71.15637, -35.26592], [-71.15543, -35.26685], [-71.15426, -35.27012], [-71.15263, -35.27192], [-71.15066, -35.27287], [-71.14847, -35.27492], [-71.14566, -35.27508], [-71.14455, -35.27691], [-71.14407, -35.28149], [-71.13988, -35.28562], [-71.1348, -35.29189], [-71.13348, -35.29255], [-71.12981, -35.29239], [-71.12789, -35.29335], [-71.12611, -35.29558], [-71.12254, -35.29856], [-71.12136, -35.30106], [-71.11845, -35.30189], [-71.11731, -35.30331], [-71.11794, -35.30659], [-71.11675, -35.30988], [-71.11666, -35.3117], [-71.11587, -35.31343], [-71.11424, -35.31489], [-71.1138, -35.31638], [-71.11512, -35.31914], [-71.1154, -35.32152], [-71.11465, -35.32833], [-71.11492, -35.32997], [-71.11299, -35.33153], [-71.11317, -35.33329], [-71.11075, -35.33474], [-71.11042, -35.33575], [-71.11123, -35.33741], [-71.11212, -35.34131], [-71.11341, -35.34322], [-71.11358, -35.3451], [-71.11251, -35.34663], [-71.11452, -35.34863], [-71.11458, -35.3503], [-71.11308, -35.35257], [-71.11405, -35.35811], [-71.11133, -35.36436], [-71.11129, -35.366], [-71.11256, -35.36839], [-71.11219, -35.37186], [-71.10931, -35.37482], [-71.10699, -35.37605], [-71.1063, -35.37786], [-71.1048, -35.37902], [-71.10187, -35.38045], [-71.1016, -35.38175], [-71.10283, -35.38232], [-71.10235, -35.38459], [-71.10068, -35.38584], [-71.09783, -35.38676], [-71.09469, -35.38851], [-71.09373, -35.38993], [-71.09363, -35.39179], [-71.09128, -35.39488], [-71.08954, -35.39788], [-71.0879, -35.40169], [-71.0847, -35.40235], [-71.08319, -35.40505], [-71.07943, -35.40604], [-71.07838, -35.40681], [-71.073, -35.40785], [-71.06917, -35.41031], [-71.06802, -35.41153], [-71.06444, -35.4113], [-71.06225, -35.41245], [-71.06009, -35.41209], [-71.0559, -35.41315], [-71.05438, -35.41608], [-71.05638, -35.419], [-71.05593, -35.42233], [-71.05362, -35.42367], [-71.05227, -35.42525], [-71.05066, -35.4283], [-71.05016, -35.43044], [-71.04782, -35.43271], [-71.0458, -35.43622], [-71.04447, -35.43712], [-71.04431, -35.4396], [-71.03999, -35.44447], [-71.03894, -35.44639], [-71.03753, -35.45083], [-71.03775, -35.45171], [-71.03992, -35.4526], [-71.04255, -35.45505], [-71.04584, -35.45572], [-71.04993, -35.45516], [-71.05099, -35.45302], [-71.05468, -35.45004], [-71.05551, -35.44898], [-71.05571, -35.4437], [-71.05782, -35.44196], [-71.06511, -35.43998], [-71.07169, -35.43706], [-71.07684, -35.43242], [-71.08011, -35.42816], [-71.0858, -35.42474], [-71.08692, -35.42325], [-71.08661, -35.41974], [-71.093, -35.41013], [-71.10098, -35.40427], [-71.1018, -35.40264], [-71.10318, -35.40168], [-71.10422, -35.39882], [-71.1082, -35.39572], [-71.11557, -35.38645], [-71.11816, -35.3852], [-71.12106, -35.38021], [-71.12363, -35.38029], [-71.12476, -35.38176], [-71.12729, -35.38375], [-71.12827, -35.38838], [-71.12774, -35.39045], [-71.12839, -35.39087], [-71.13113, -35.38957], [-71.14089, -35.38659], [-71.1512, -35.38784], [-71.15208, -35.38761], [-71.1506, -35.38538], [-71.14966, -35.37863], [-71.14917, -35.37719], [-71.14491, -35.37327], [-71.14755, -35.37113], [-71.14914, -35.36447], [-71.15153, -35.36331], [-71.15637, -35.36171], [-71.16241, -35.36139], [-71.16451, -35.35924], [-71.18253, -35.34586], [-71.18237, -35.34165], [-71.18414, -35.33893], [-71.18606, -35.33727], [-71.18958, -35.3353], [-71.1914, -35.335], [-71.19342, -35.33543], [-71.1957, -35.3347], [-71.19882, -35.33428], [-71.20254, -35.33505], [-71.20476, -35.33652], [-71.20671, -35.33564], [-71.21148, -35.33707], [-71.21427, -35.33496], [-71.21786, -35.33355], [-71.24919, -35.32633], [-71.25032, -35.32673], [-71.25293, -35.32622], [-71.25592, -35.32227], [-71.25444, -35.31915], [-71.2542, -35.31769], [-71.25778, -35.31205], [-71.26143, -35.31164], [-71.2637, -35.31022], [-71.26547, -35.31028], [-71.26738, -35.30845], [-71.27396, -35.30678], [-71.27975, -35.30584], [-71.28089, -35.30748], [-71.28323, -35.30816], [-71.28466, -35.30956], [-71.28713, -35.30951], [-71.28854, -35.31056], [-71.29029, -35.31082], [-71.29354, -35.31249], [-71.29396, -35.31433], [-71.29688, -35.31726], [-71.29993, -35.31726], [-71.30119, -35.31789], [-71.30373, -35.3204], [-71.30584, -35.32036], [-71.30841, -35.32115], [-71.30986, -35.32089], [-71.31243, -35.32173], [-71.31435, -35.3202], [-71.31559, -35.32054], [-71.31718, -35.32242], [-71.31961, -35.32117], [-71.3249, -35.32274], [-71.32653, -35.32134], [-71.33044, -35.32067], [-71.33338, -35.32175], [-71.33505, -35.32165], [-71.33581, -35.32009], [-71.3387, -35.31949], [-71.34069, -35.32029], [-71.34413, -35.31861], [-71.3478, -35.3198], [-71.35107, -35.31955], [-71.35459, -35.32068], [-71.35664, -35.32094], [-71.35777, -35.32235], [-71.36114, -35.32306], [-71.36337, -35.32217], [-71.36426, -35.32287], [-71.36701, -35.32252], [-71.36821, -35.32345], [-71.37113, -35.32393], [-71.37282, -35.32217], [-71.37769, -35.32196], [-71.38159, -35.32051], [-71.38062, -35.31869], [-71.37758, -35.31663], [-71.379, -35.31016], [-71.38029, -35.30596], [-71.38384, -35.30644], [-71.38578, -35.30491], [-71.38947, -35.3046], [-71.39069, -35.3054], [-71.38568, -35.28477], [-71.38453, -35.28314], [-71.36379, -35.27384], [-71.36181, -35.26576], [-71.38095, -35.26803], [-71.37977, -35.26733], [-71.38154, -35.26306], [-71.38066, -35.26129], [-71.38569, -35.26036], [-71.38839, -35.26049], [-71.38968, -35.26117], [-71.39068, -35.25902], [-71.39289, -35.25982], [-71.39537, -35.26013], [-71.3976, -35.25949], [-71.4006, -35.26009], [-71.40333, -35.25914], [-71.40811, -35.25851], [-71.4098, -35.25895], [-71.41614, -35.25966], [-71.41956, -35.25953], [-71.42284, -35.26006], [-71.42676, -35.25974], [-71.4295, -35.25891], [-71.43228, -35.25939], [-71.43495, -35.25887], [-71.43737, -35.25959], [-71.43881, -35.2592], [-71.4395, -35.258], [-71.44108, -35.25743], [-71.44452, -35.25819], [-71.44734, -35.25993], [-71.45021, -35.26118], [-71.45261, -35.26131], [-71.45463, -35.26073], [-71.45703, -35.26074], [-71.45678, -35.25956], [-71.45937, -35.25879], [-71.46119, -35.25959]]]}}, {"type": "Feature", "properties": {"cod_comuna": "07301", "nombre_comuna": "Curicó", "nombre_provincia": "Curicó", "nombre_region": "Región del Maule"}, "geometry": {"type": "Polygon", "coordinates": [[[-70.40989, -35.56009], [-70.42503, -35.55985], [-70.4251, -35.55757], [-70.42791, -35.55611], [-70.42732, -35.55328], [-70.4283, -35.55222], [-70.42998, -35.54861], [-70.42869, -35.54825], [-70.42891, -35.54518], [-70.43035, -35.54404], [-70.42832, -35.54302], [-70.42637, -35.54102], [-70.42626, -35.53998], [-70.42961, -35.5383], [-70.42921, -35.5365], [-70.4279, -35.5345], [-70.42841, -35.53225], [-70.43049, -35.53088], [-70.43154, -35.52822], [-70.43254, -35.52702], [-70.43463, -35.52574], [-70.43142, -35.52125], [-70.43302, -35.51717], [-70.43336, -35.51556], [-70.43485, -35.51321], [-70.4338, -35.51155], [-70.43449, -35.50964], [-70.43657, -35.50735], [-70.43968, -35.50206], [-70.44257, -35.50066], [-70.44544, -35.49764], [-70.44684, -35.49453], [-70.44813, -35.49308], [-70.45, -35.4921], [-70.45185, -35.49309], [-70.45474, -35.49204], [-70.45487, -35.49091], [-70.45654, -35.49065], [-70.45856, -35.48955], [-70.45977, -35.48751], [-70.46282, -35.48712], [-70.46192, -35.48552], [-70.46312, -35.48335], [-70.46738, -35.48145], [-70.46824, -35.48043], [-70.47062, -35.47915], [-70.47262, -35.47656], [-70.47596, -35.47592], [-70.47688, -35.47454], [-70.47856, -35.4744], [-70.48043, -35.473], [-70.48289, -35.47226], [-70.48416, -35.47004], [-70.48654, -35.46858], [-70.48875, -35.46962], [-70.49084, -35.4684], [-70.49261, -35.4657], [-70.49435, -35.46502], [-70.4959, -35.46214], [-70.49772, -35.462], [-70.49797, -35.45973], [-70.49972, -35.45577], [-70.50058, -35.45516], [-70.50103, -35.45217], [-70.50224, -35.45037], [-70.50126, -35.44836], [-70.50143, -35.44573], [-70.50309, -35.44529], [-70.50342, -35.44338], [-70.50509, -35.44318], [-70.50579, -35.44127], [-70.50717, -35.44118], [-70.51039, -35.43429], [-70.50955, -35.43191], [-70.51088, -35.42885], [-70.5126, -35.42752], [-70.51409, -35.42554], [-70.51464, -35.42392], [-70.51389, -35.42238], [-70.51482, -35.42141], [-70.515, -35.41962], [-70.51751, -35.41726], [-70.51814, -35.41582], [-70.52258, -35.41195], [-70.52398, -35.40919], [-70.52609, -35.40881], [-70.52643, -35.40743], [-70.53062, -35.40559], [-70.5321, -35.403], [-70.53434, -35.40214], [-70.53661, -35.39919], [-70.53693, -35.39656], [-70.54011, -35.39139], [-70.54312, -35.38885], [-70.54557, -35.38738], [-70.54739, -35.38754], [-70.54896, -35.38561], [-70.55122, -35.386], [-70.55184, -35.38432], [-70.55365, -35.38376], [-70.55361, -35.38144], [-70.55615, -35.38129], [-70.55665, -35.38057], [-70.56049, -35.37974], [-70.56205, -35.37734], [-70.56341, -35.37636], [-70.56647, -35.37614], [-70.56886, -35.37534], [-70.57085, -35.37322], [-70.57229, -35.37577], [-70.57345, -35.37594], [-70.57356, -35.3776], [-70.57519, -35.37889], [-70.57663, -35.37834], [-70.57942, -35.3792], [-70.58276, -35.37915], [-70.5857, -35.37679], [-70.58878, -35.37764], [-70.59132, -35.37743], [-70.59399, -35.37608], [-70.59618, -35.37635], [-70.597, -35.37747], [-70.60028, -35.37761], [-70.60274, -35.3768], [-70.60251, -35.37597], [-70.60504, -35.3754], [-70.60676, -35.37395], [-70.60739, -35.37245], [-70.61005, -35.37086], [-70.6109, -35.36942], [-70.61322, -35.36909], [-70.61334, -35.36807], [-70.61563, -35.36602], [-70.61616, -35.36326], [-70.61855, -35.36258], [-70.62222, -35.36056], [-70.6232, -35.3587], [-70.62499, -35.35706], [-70.62575, -35.35521], [-70.63009, -35.35336], [-70.63304, -35.35171], [-70.63517, -35.34923], [-70.63863, -35.34758], [-70.64112, -35.34832], [-70.64486, -35.34618], [-70.64483, -35.34481], [-70.64871, -35.34201], [-70.65241, -35.34178], [-70.65326, -35.34028], [-70.65563, -35.33894], [-70.65719, -35.33683], [-70.65856, -35.33633], [-70.65948, -35.33483], [-70.6592, -35.33191], [-70.66057, -35.33117], [-70.66592, -35.32973], [-70.66784, -35.33102], [-70.67133, -35.33079], [-70.67386, -35.32986], [-70.67692, -35.33], [-70.67894, -35.32937], [-70.68016, -35.32828], [-70.68071, -35.32672], [-70.68242, -35.32539], [-70.68546, -35.32427], [-70.6872, -35.32419], [-70.68964, -35.32248], [-70.69169, -35.32287], [-70.69441, -35.32081], [-70.69782, -35.32022], [-70.69882, -35.31937], [-70.70063, -35.31929], [-70.70315, -35.31806], [-70.70476, -35.31816], [-70.70829, -35.31673], [-70.71264, -35.31584], [-70.7157, -35.31615], [-70.71688, -35.31685], [-70.71855, -35.31659], [-70.72111, -35.31739], [-70.72459, -35.31656], [-70.72931, -35.31608], [-70.73304, -35.3171], [-70.73635, -35.3155], [-70.73745, -35.31608], [-70.73969, -35.31521], [-70.7426, -35.31517], [-70.74381, -35.31396], [-70.74707, -35.3132], [-70.74962, -35.3134], [-70.75138, -35.31415], [-70.75427, -35.31315], [-70.75743, -35.31472], [-70.7612, -35.31413], [-70.76361, -35.31415], [-70.76595, -35.31507], [-70.76806, -35.31498], [-70.77172, -35.31582], [-70.77387, -35.31442], [-70.77673, -35.31533], [-70.77983, -35.31433], [-70.78062, -35.3136], [-70.78483, -35.31318], [-70.7874, -35.3144], [-70.80149, -35.31329], [-70.8042, -35.31385], [-70.80955, -35.31234], [-70.81181, -35.31319], [-70.81404, -35.31144], [-70.81754, -35.31153], [-70.8207, -35.31], [-70.82286, -35.31016], [-70.82835, -35.30855], [-70.83502, -35.30726], [-70.83834, -35.30754], [-70.84047, -35.30632], [-70.84342, -35.30594], [-70.84623, -35.30637], [-70.84794, -35.30744], [-70.8512, -35.30754], [-70.85538, -35.30685], [-70.85821, -35.30728], [-70.86072, -35.3098], [-70.8619, -35.31006], [-70.86529, -35.30838], [-70.86983, -35.30893], [-70.87551, -35.3114], [-70.87908, -35.31248], [-70.88302, -35.31638], [-70.8853, -35.31981], [-70.88634, -35.32209], [-70.88923, -35.32514], [-70.89102, -35.32606], [-70.89458, -35.32583], [-70.89638, -35.32689], [-70.90023, -35.32678], [-70.90385, -35.32845], [-70.90685, -35.3287], [-70.90995, -35.33064], [-70.91131, -35.33055], [-70.91577, -35.32737], [-70.91668, -35.32535], [-70.91694, -35.322], [-70.92034, -35.32006], [-70.92161, -35.31882], [-70.92368, -35.31581], [-70.92548, -35.3146], [-70.92754, -35.31497], [-70.92722, -35.31212], [-70.92832, -35.31096], [-70.93089, -35.31154], [-70.93337, -35.31136], [-70.93702, -35.30942], [-70.94025, -35.30878], [-70.94402, -35.30984], [-70.94564, -35.30987], [-70.94842, -35.30777], [-70.95424, -35.30733], [-70.95638, -35.30856], [-70.95881, -35.30853], [-70.96214, -35.3069], [-70.97002, -35.30531], [-70.97318, -35.30362], [-70.97627, -35.30303], [-70.97792, -35.3016], [-70.98059, -35.30072], [-70.98379, -35.29737], [-70.98389, -35.29094], [-70.98708, -35.28842], [-70.99292, -35.28711], [-70.99436, -35.286], [-71.00035, -35.28292], [-71.00511, -35.28187], [-71.00703, -35.28003], [-71.00894, -35.27885], [-71.00968, -35.27764], [-71.01304, -35.27461], [-71.01512, -35.27353], [-71.01758, -35.27147], [-71.01864, -35.27108], [-71.02345, -35.27127], [-71.0311, -35.2686], [-71.03724, -35.26468], [-71.04066, -35.26296], [-71.04195, -35.26159], [-71.0432, -35.2588], [-71.04689, -35.25857], [-71.05141, -35.2576], [-71.05494, -35.25554], [-71.05744, -35.25268], [-71.05858, -35.2506], [-71.06393, -35.24632], [-71.06478, -35.24223], [-71.06616, -35.24058], [-71.06852, -35.23899], [-71.07006, -35.23701], [-71.07201, -35.23348], [-71.0732, -35.22977], [-71.077, -35.22755], [-71.07788, -35.22644], [-71.07853, -35.22305], [-71.07878, -35.21781], [-71.08299, -35.21482], [-71.0887, -35.21305], [-71.09137, -35.21081], [-71.09278, -35.20746], [-71.09116, -35.20317], [-71.09177, -35.20012], [-71.10073, -35.19199], [-71.10319, -35.18891], [-71.10719, -35.18518], [-71.1106, -35.18364], [-71.11511, -35.18375], [-71.12171, -35.18699], [-71.12433, -35.18711], [-71.12816, -35.18477], [-71.13004, -35.18112], [-71.13425, -35.17518], [-71.13796, -35.16597], [-71.13975, -35.16328], [-71.14295, -35.16172], [-71.14665, -35.15868], [-71.15297, -35.15425], [-71.15795, -35.15419], [-71.16091, -35.15307], [-71.16276, -35.15125], [-71.16375, -35.14837], [-71.16587, -35.14638], [-71.16953, -35.14456], [-71.17297, -35.13965], [-71.17592, -35.13722], [-71.17929, -35.13631], [-71.18154, -35.13459], [-71.18197, -35.13258], [-71.18141, -35.12851], [-71.18372, -35.1259], [-71.18435, -35.1222], [-71.18827, -35.11796], [-71.18978, -35.1159], [-71.19406, -35.11245], [-71.19748, -35.10826], [-71.19806, -35.10601], [-71.19949, -35.10362], [-71.2026, -35.10089], [-71.20342, -35.09935], [-71.20866, -35.09518], [-71.21479, -35.08956], [-71.21681, -35.08674], [-71.21872, -35.08263], [-71.22107, -35.08098], [-71.2224, -35.07806], [-71.22531, -35.07462], [-71.22663, -35.07244], [-71.22667, -35.07], [-71.22552, -35.06833], [-71.22625, -35.06679], [-71.226, -35.06441], [-71.22451, -35.05946], [-71.22526, -35.05567], [-71.2301, -35.05009], [-71.23265, -35.04514], [-71.23498, -35.0425], [-71.23591, -35.04029], [-71.23854, -35.03857], [-71.24117, -35.03807], [-71.24261, -35.03711], [-71.2435, -35.03542], [-71.24575, -35.03425], [-71.24696, -35.03263], [-71.24758, -35.02961], [-71.24871, -35.02776], [-71.25076, -35.02632], [-71.25462, -35.02568], [-71.25648, -35.02419], [-71.25862, -35.02357], [-71.25942, -35.02136], [-71.26245, -35.01939], [-71.2651, -35.01705], [-71.26631, -35.01647], [-71.26857, -35.01361], [-71.27173, -35.0121], [-71.2734, -35.01172], [-71.27502, -35.00883], [-71.27766, -35.00773], [-71.2785, -35.00671], [-71.27811, -35.00188], [-71.28114, -34.99948], [-71.28167, -34.9975], [-71.28374, -34.99549], [-71.2877, -34.9931], [-71.28956, -34.99091], [-71.29187, -34.99065], [-71.29322, -34.98828], [-71.29526, -34.98735], [-71.29776, -34.98708], [-71.29916, -34.98616], [-71.30052, -34.98631], [-71.30588, -34.98567], [-71.3091, -34.98424], [-71.30956, -34.98236], [-71.31144, -34.98101], [-71.31414, -34.9813], [-71.31568, -34.98352], [-71.31788, -34.98481], [-71.3219, -34.98463], [-71.32559, -34.9829], [-71.32692, -34.9828], [-71.32993, -34.98393], [-71.33472, -34.98464], [-71.33878, -34.98572], [-71.3461, -34.98877], [-71.35093, -34.98864], [-71.35975, -34.98654], [-71.36307, -34.98539], [-71.36777, -34.98288], [-71.36999, -34.9823], [-71.37313, -34.98242], [-71.38044, -34.98425], [-71.38573, -34.9835], [-71.38957, -34.98388], [-71.389, -34.98186], [-71.38761, -34.98023], [-71.38472, -34.97869], [-71.37795, -34.97645], [-71.37691, -34.97333], [-71.37424, -34.97221], [-71.37368, -34.97064], [-71.37085, -34.96688], [-71.36913, -34.96552], [-71.36517, -34.96468], [-71.36373, -34.96396], [-71.36224, -34.9623], [-71.35852, -34.9631], [-71.35767, -34.96396], [-71.35548, -34.96444], [-71.35409, -34.96415], [-71.35158, -34.96264], [-71.34923, -34.96251], [-71.34598, -34.96057], [-71.34238, -34.96026], [-71.34035, -34.96228], [-71.33486, -34.96234], [-71.33054, -34.9615], [-71.32367, -34.959], [-71.32, -34.95802], [-71.31987, -34.95561], [-71.31812, -34.95513], [-71.31629, -34.95382], [-71.31554, -34.9517], [-71.31449, -34.951], [-71.31229, -34.95128], [-71.31017, -34.95092], [-71.30773, -34.95182], [-71.30449, -34.95173], [-71.30293, -34.95014], [-71.30141, -34.94969], [-71.2976, -34.95004], [-71.2964, -34.94493], [-71.29501, -34.94355], [-71.29244, -34.94243], [-71.29066, -34.94101], [-71.2887, -34.94047], [-71.28459, -34.94073], [-71.27745, -34.93505], [-71.27521, -34.9338], [-71.27034, -34.93339], [-71.26868, -34.93131], [-71.26631, -34.93013], [-71.26312, -34.92962], [-71.26257, -34.92477], [-71.26087, -34.92403], [-71.25924, -34.92209], [-71.25401, -34.91908], [-71.25191, -34.91874], [-71.2498, -34.91932], [-71.24844, -34.91873], [-71.24616, -34.91674], [-71.24466, -34.91464], [-71.24156, -34.91211], [-71.23512, -34.90801], [-71.2328, -34.90597], [-71.22764, -34.90399], [-71.22494, -34.90181], [-71.22371, -34.89989], [-71.2198, -34.89774], [-71.21861, -34.8951], [-71.21566, -34.89361], [-71.21476, -34.89137], [-71.21362, -34.89056], [-71.21033, -34.89047], [-71.20571, -34.88926], [-71.20332, -34.88815], [-71.19961, -34.88773], [-71.19691, -34.88827], [-71.19235, -34.89016], [-71.1865, -34.8948], [-71.18424, -34.89767], [-71.18234, -34.89855], [-71.18014, -34.8972], [-71.17768, -34.89736], [-71.17091, -34.90042], [-71.16645, -34.90204], [-71.16344, -34.90221], [-71.15876, -34.90372], [-71.15988, -34.91132], [-71.1611, -34.91691], [-71.16298, -34.91995], [-71.17488, -34.93578], [-71.19897, -34.97247], [-71.21583, -34.98357], [-71.21238, -34.98427], [-71.21009, -34.98541], [-71.20792, -34.98869], [-71.20745, -34.98734], [-71.20752, -34.98404], [-71.20648, -34.9818], [-71.20511, -34.98014], [-71.20348, -34.97952], [-71.20113, -34.9796], [-71.19808, -34.98067], [-71.19621, -34.98034], [-71.19525, -34.97935], [-71.19478, -34.97629], [-71.19045, -34.97371], [-71.18617, -34.97302], [-71.18446, -34.97199], [-71.18166, -34.96842], [-71.17681, -34.96615], [-71.1759, -34.96407], [-71.17496, -34.96354], [-71.16733, -34.96359], [-71.16433, -34.96281], [-71.15922, -34.9631], [-71.15663, -34.96532], [-71.15493, -34.96767], [-71.15399, -34.96808], [-71.15281, -34.97041], [-71.15206, -34.97304], [-71.15221, -34.97493], [-71.15081, -34.97627], [-71.15047, -34.97761], [-71.14865, -34.97849], [-71.14147, -34.98462], [-71.1403, -34.9879], [-71.13796, -34.98847], [-71.13238, -34.99134], [-71.12692, -34.99257], [-71.12504, -34.99452], [-71.12331, -34.99476], [-71.11693, -34.99338], [-71.11498, -34.99375], [-71.11143, -34.99643], [-71.11413, -34.997], [-71.11771, -35.00153], [-71.11724, -35.00452], [-71.1178, -35.00664], [-71.12179, -35.00948], [-71.12259, -35.01062], [-71.12118, -35.01181], [-71.12102, -35.01477], [-71.11831, -35.01592], [-71.11637, -35.016], [-71.11422, -35.01498], [-71.11241, -35.01853], [-71.11621, -35.02139], [-71.11627, -35.02242], [-71.11422, -35.02353], [-71.11204, -35.02684], [-71.11192, -35.03062], [-71.11083, -35.03269], [-71.11325, -35.03783], [-71.10883, -35.03835], [-71.10768, -35.03971], [-71.10809, -35.0418], [-71.10934, -35.04416], [-71.10773, -35.0473], [-71.10685, -35.05124], [-71.10438, -35.05373], [-71.1045, -35.05739], [-71.10591, -35.05911], [-71.10359, -35.06002], [-71.10065, -35.05975], [-71.097, -35.05709], [-71.09316, -35.05626], [-71.09214, -35.05667], [-71.09128, -35.05883], [-71.09091, -35.06191], [-71.09138, -35.06352], [-71.08917, -35.06791], [-71.08783, -35.06879], [-71.08558, -35.06931], [-71.08046, -35.06991], [-71.07743, -35.07156], [-71.07567, -35.07181], [-71.07126, -35.06993], [-71.06928, -35.06965], [-71.06751, -35.068], [-71.06458, -35.06747], [-71.06018, -35.06818], [-71.05596, -35.0693], [-71.05304, -35.06437], [-71.05212, -35.06187], [-71.05106, -35.06154], [-71.04926, -35.06255], [-71.04375, -35.06403], [-71.03466, -35.06487], [-71.03302, -35.06545], [-71.03196, -35.06659], [-71.02472, -35.06905], [-71.02269, -35.07046], [-71.02061, -35.07103], [-71.01657, -35.0734], [-71.01226, -35.07415], [-71.01131, -35.07512], [-71.00564, -35.07703], [-71.00252, -35.07743], [-70.99828, -35.07715], [-70.99532, -35.0778], [-70.99424, -35.07855], [-70.99214, -35.07857], [-70.99017, -35.08006], [-70.98789, -35.08242], [-70.98541, -35.08415], [-70.97893, -35.08481], [-70.97359, -35.08486], [-70.96954, -35.08612], [-70.96785, -35.08825], [-70.96657, -35.08861], [-70.96086, -35.08828], [-70.95556, -35.09503], [-70.95352, -35.09636], [-70.94804, -35.09849], [-70.94624, -35.1001], [-70.94386, -35.10095], [-70.93789, -35.09831], [-70.93614, -35.09826], [-70.93464, -35.09902], [-70.93294, -35.10094], [-70.93111, -35.10173], [-70.92821, -35.10204], [-70.9222, -35.10345], [-70.91998, -35.10504], [-70.91786, -35.1074], [-70.91465, -35.10959], [-70.91469, -35.11189], [-70.91, -35.11535], [-70.90479, -35.11808], [-70.9022, -35.11883], [-70.89994, -35.11836], [-70.88988, -35.1203], [-70.88245, -35.12295], [-70.87859, -35.12284], [-70.87433, -35.12506], [-70.87356, -35.12666], [-70.87181, -35.128], [-70.86784, -35.12943], [-70.86589, -35.12939], [-70.86189, -35.13229], [-70.85577, -35.13324], [-70.85069, -35.13535], [-70.84791, -35.13785], [-70.84802, -35.14084], [-70.84709, -35.14435], [-70.84566, -35.1476], [-70.84453, -35.14812], [-70.83901, -35.148], [-70.83845, -35.15076], [-70.836, -35.1534], [-70.83571, -35.15566], [-70.83283, -35.15913], [-70.829, -35.16082], [-70.82673, -35.16376], [-70.82392, -35.16582], [-70.82017, -35.16617], [-70.81823, -35.16669], [-70.81286, -35.16934], [-70.81078, -35.17103], [-70.80426, -35.17503], [-70.79724, -35.17445], [-70.79508, -35.17625], [-70.79291, -35.17708], [-70.79027, -35.17884], [-70.78802, -35.1783], [-70.78676, -35.17731], [-70.78543, -35.17737], [-70.77831, -35.17968], [-70.77623, -35.17971], [-70.77343, -35.17678], [-70.77246, -35.17687], [-70.77009, -35.17926], [-70.76541, -35.18117], [-70.76311, -35.18137], [-70.75872, -35.18279], [-70.75591, -35.18293], [-70.75443, -35.18378], [-70.75407, -35.18499], [-70.7517, -35.18728], [-70.75088, -35.18899], [-70.74935, -35.19036], [-70.74744, -35.19041], [-70.74539, -35.19118], [-70.74318, -35.19095], [-70.74034, -35.18947], [-70.73662, -35.18917], [-70.73271, -35.19123], [-70.73023, -35.19185], [-70.72598, -35.19402], [-70.72538, -35.19532], [-70.72562, -35.20038], [-70.72614, -35.20239], [-70.7256, -35.20509], [-70.7276, -35.20864], [-70.72809, -35.21121], [-70.72999, -35.21423], [-70.73317, -35.2171], [-70.73509, -35.21829], [-70.73561, -35.21935], [-70.73592, -35.22465], [-70.73475, -35.22655], [-70.73381, -35.22964], [-70.73255, -35.23147], [-70.73268, -35.23579], [-70.73211, -35.24015], [-70.7326, -35.2429], [-70.73373, -35.24484], [-70.72979, -35.25021], [-70.72662, -35.25281], [-70.72552, -35.25278], [-70.72198, -35.24997], [-70.71881, -35.2486], [-70.71314, -35.24417], [-70.71115, -35.24413], [-70.70634, -35.24002], [-70.70455, -35.23983], [-70.70203, -35.24034], [-70.69983, -35.24235], [-70.69744, -35.2438], [-70.69309, -35.24481], [-70.68852, -35.24794], [-70.68581, -35.24916], [-70.68451, -35.25055], [-70.68228, -35.25129], [-70.67722, -35.25128], [-70.67445, -35.2509], [-70.67066, -35.25178], [-70.66669, -35.2515], [-70.6635, -35.25218], [-70.65996, -35.24935], [-70.65733, -35.24842], [-70.65537, -35.24571], [-70.65295, -35.2443], [-70.65035, -35.24391], [-70.64815, -35.24465], [-70.64397, -35.24464], [-70.64262, -35.24718], [-70.64334, -35.24917], [-70.64536, -35.25034], [-70.64532, -35.25162], [-70.64007, -35.25417], [-70.63938, -35.25623], [-70.63828, -35.25679], [-70.63525, -35.2564], [-70.63332, -35.25714], [-70.63437, -35.26199], [-70.6325, -35.2638], [-70.63011, -35.26425], [-70.62603, -35.26301], [-70.62027, -35.26182], [-70.61544, -35.26162], [-70.61322, -35.25999], [-70.6105, -35.26052], [-70.60794, -35.26044], [-70.6045, -35.25971], [-70.59852, -35.26048], [-70.59078, -35.26052], [-70.58716, -35.26213], [-70.5854, -35.26845], [-70.58237, -35.27225], [-70.5819, -35.27351], [-70.57908, -35.27637], [-70.57643, -35.27787], [-70.57496, -35.28119], [-70.57462, -35.28413], [-70.57486, -35.28598], [-70.57149, -35.2912], [-70.56907, -35.2941], [-70.56695, -35.29892], [-70.56501, -35.30024], [-70.5628, -35.30044], [-70.55874, -35.29993], [-70.55164, -35.30037], [-70.5446, -35.30335], [-70.53996, -35.30613], [-70.53814, -35.30684], [-70.53446, -35.30719], [-70.52321, -35.30923], [-70.51369, -35.30982], [-70.5099, -35.31233], [-70.5082, -35.31446], [-70.50571, -35.3189], [-70.50386, -35.32041], [-70.50064, -35.32113], [-70.49378, -35.32178], [-70.48805, -35.32016], [-70.48589, -35.31832], [-70.4842, -35.31625], [-70.4817, -35.31686], [-70.47605, -35.31608], [-70.47345, -35.31431], [-70.46915, -35.3133], [-70.46634, -35.3135], [-70.46484, -35.3162], [-70.46453, -35.31782], [-70.46095, -35.31995], [-70.45878, -35.32003], [-70.45565, -35.3189], [-70.45246, -35.31679], [-70.44796, -35.31537], [-70.4447, -35.31541], [-70.44157, -35.31585], [-70.43883, -35.31736], [-70.43455, -35.31835], [-70.43217, -35.31849], [-70.43364, -35.32155], [-70.43632, -35.32254], [-70.43689, -35.32447], [-70.43595, -35.32644], [-70.43577, -35.33036], [-70.43416, -35.33389], [-70.43153, -35.33567], [-70.43012, -35.33828], [-70.43086, -35.33958], [-70.42892, -35.34157], [-70.42828, -35.34351], [-70.42056, -35.348], [-70.41788, -35.35296], [-70.41799, -35.35532], [-70.42077, -35.35866], [-70.42308, -35.36571], [-70.42366, -35.36909], [-70.42478, -35.37131], [-70.42764, -35.37216], [-70.43171, -35.37527], [-70.43513, -35.37939], [-70.44034, -35.3815], [-70.44123, -35.38382], [-70.44289, -35.38523], [-70.44602, -35.38606], [-70.4502, -35.38895], [-70.45231, -35.3911], [-70.45281, -35.39281], [-70.45056, -35.39517], [-70.44988, -35.39717], [-70.45045, -35.3993], [-70.44978, -35.40107], [-70.44991, -35.4038], [-70.44854, -35.40542], [-70.4471, -35.40851], [-70.44479, -35.40989], [-70.44074, -35.41078], [-70.43855, -35.41267], [-70.43895, -35.41436], [-70.44173, -35.41718], [-70.44457, -35.42134], [-70.44848, -35.421], [-70.4502, -35.42155], [-70.45152, -35.42389], [-70.45291, -35.42539], [-70.45266, -35.42775], [-70.44904, -35.43122], [-70.44745, -35.4319], [-70.44477, -35.4342], [-70.44119, -35.43389], [-70.439, -35.43429], [-70.43487, -35.43674], [-70.43515, -35.43819], [-70.43447, -35.44045], [-70.43523, -35.44252], [-70.43228, -35.44527], [-70.43363, -35.44733], [-70.43645, -35.44877], [-70.43867, -35.44846], [-70.44246, -35.44928], [-70.4453, -35.4505], [-70.44661, -35.45381], [-70.44602, -35.457], [-70.44488, -35.45807], [-70.44437, -35.46028], [-70.44682, -35.46316], [-70.44589, -35.46457], [-70.44435, -35.46492], [-70.44351, -35.46763], [-70.43464, -35.47382], [-70.4301, -35.47595], [-70.42723, -35.47963], [-70.42544, -35.48136], [-70.42142, -35.48372], [-70.42005, -35.48519], [-70.4183, -35.48607], [-70.4162, -35.48818], [-70.41379, -35.48912], [-70.41201, -35.48916], [-70.40847, -35.49031], [-70.40573, -35.48956], [-70.4024, -35.49002], [-70.40105, -35.48966], [-70.39799, -35.48654], [-70.39624, -35.48578], [-70.39494, -35.48696], [-70.39423, -35.49098], [-70.39361, -35.49275], [-70.39081, -35.49513], [-70.38919, -35.49957], [-70.38787, -35.50576], [-70.38514, -35.50967], [-70.38016, -35.5143], [-70.37513, -35.51643], [-70.36846, -35.51841], [-70.36753, -35.51962], [-70.36756, -35.52139], [-70.36899, -35.52159], [-70.38651, -35.51651], [-70.38952, -35.51641], [-70.39464, -35.51843], [-70.39497, -35.52184], [-70.39797, -35.52528], [-70.40203, -35.52629], [-70.40415, -35.52728], [-70.40609, -35.52596], [-70.40848, -35.5251], [-70.41177, -35.52565], [-70.41367, -35.52893], [-70.41194, -35.53182], [-70.41016, -35.53246], [-70.40835, -35.53495], [-70.40826, -35.53795], [-70.40725, -35.53992], [-70.40725, -35.54268], [-70.40482, -35.54598], [-70.40908, -35.54762], [-70.41027, -35.54907], [-70.40981, -35.55134], [-70.4086, -35.55254], [-70.40756, -35.55602], [-70.4089, -35.55777], [-70.40895, -35.55946], [-70.40989, -35.56009]]]}}, {"type": "Feature", "properties": {"cod_comuna": "07304", "nombre_comuna": "Molina", "nombre_provincia": "Curicó", "nombre_region": "Región del Maule"}, "geometry": {"type": "Polygon", "coordinates": [[[-70.41784, -35.62677], [-70.41877, -35.62326], [-70.42074, -35.62113], [-70.42235, -35.61876], [-70.42644, -35.61452], [-70.42805, -35.6133], [-70.42913, -35.61073], [-70.4292, -35.60623], [-70.42766, -35.60097], [-70.42799, -35.60009], [-70.43254, -35.59617], [-70.43512, -35.5946], [-70.44482, -35.59568], [-70.44682, -35.59691], [-70.44853, -35.59886], [-70.45178, -35.59993], [-70.46101, -35.59825], [-70.46526, -35.59619], [-70.46852, -35.59408], [-70.47229, -35.59328], [-70.47384, -35.59212], [-70.47485, -35.59033], [-70.47737, -35.58827], [-70.47809, -35.58714], [-70.4803, -35.58621], [-70.48297, -35.58301], [-70.48521, -35.58102], [-70.48602, -35.57961], [-70.48962, -35.57555], [-70.49042, -35.57167], [-70.49176, -35.56976], [-70.49807, -35.56783], [-70.49912, -35.56531], [-70.49836, -35.56245], [-70.49578, -35.56175], [-70.49471, -35.55997], [-70.49318, -35.55916], [-70.49229, -35.55764], [-70.49211, -35.55407], [-70.4933, -35.55149], [-70.4949, -35.54478], [-70.49716, -35.54085], [-70.49648, -35.53925], [-70.4935, -35.53777], [-70.4918, -35.53502], [-70.49203, -35.53332], [-70.49551, -35.52637], [-70.49602, -35.52372], [-70.49443, -35.51754], [-70.49485, -35.51578], [-70.49682, -35.51384], [-70.49881, -35.51263], [-70.5016, -35.5077], [-70.50392, -35.50578], [-70.50509, -35.50424], [-70.50936, -35.50015], [-70.51285, -35.49794], [-70.51706, -35.497], [-70.51995, -35.49567], [-70.52529, -35.49465], [-70.52976, -35.49202], [-70.53089, -35.49048], [-70.53067, -35.48599], [-70.5337, -35.47922], [-70.53664, -35.47653], [-70.53878, -35.4734], [-70.53982, -35.47087], [-70.53949, -35.46819], [-70.53988, -35.46641], [-70.54136, -35.46521], [-70.54386, -35.46542], [-70.54724, -35.46709], [-70.54782, -35.46796], [-70.55018, -35.46885], [-70.55261, -35.46914], [-70.55465, -35.47007], [-70.55602, -35.47235], [-70.55714, -35.47553], [-70.55711, -35.47946], [-70.55826, -35.48196], [-70.5612, -35.48311], [-70.56805, -35.48389], [-70.57566, -35.48309], [-70.57952, -35.48045], [-70.58249, -35.47888], [-70.58359, -35.47696], [-70.58558, -35.47604], [-70.58832, -35.47576], [-70.5932, -35.47728], [-70.59644, -35.47971], [-70.59843, -35.48188], [-70.60116, -35.48678], [-70.60207, -35.49473], [-70.60688, -35.49983], [-70.61319, -35.50443], [-70.61776, -35.50622], [-70.61871, -35.50802], [-70.61861, -35.51012], [-70.61784, -35.51393], [-70.61913, -35.51536], [-70.62669, -35.51457], [-70.62973, -35.51388], [-70.63464, -35.51378], [-70.64267, -35.51576], [-70.64991, -35.51893], [-70.65121, -35.52211], [-70.65394, -35.52372], [-70.6576, -35.52541], [-70.65926, -35.52535], [-70.66053, -35.52446], [-70.66384, -35.52461], [-70.66672, -35.52662], [-70.66781, -35.52847], [-70.66937, -35.52887], [-70.67121, -35.52752], [-70.6765, -35.52222], [-70.67801, -35.52162], [-70.68094, -35.52144], [-70.68592, -35.52203], [-70.69014, -35.52361], [-70.69532, -35.52709], [-70.69609, -35.52882], [-70.70142, -35.53061], [-70.70664, -35.53315], [-70.70962, -35.53363], [-70.71128, -35.53444], [-70.71286, -35.53674], [-70.71513, -35.53826], [-70.71778, -35.53911], [-70.71882, -35.53992], [-70.71996, -35.54308], [-70.72176, -35.54388], [-70.72643, -35.54373], [-70.73015, -35.54428], [-70.73451, -35.54422], [-70.73649, -35.54874], [-70.73763, -35.55017], [-70.73836, -35.55269], [-70.74954, -35.5576], [-70.7498, -35.55817], [-70.74594, -35.56542], [-70.74608, -35.56885], [-70.7468, -35.57121], [-70.74818, -35.57243], [-70.75041, -35.57136], [-70.75321, -35.56936], [-70.7575, -35.56286], [-70.76053, -35.56107], [-70.76526, -35.56046], [-70.76672, -35.55802], [-70.76941, -35.5553], [-70.77011, -35.55382], [-70.76754, -35.54836], [-70.76642, -35.54456], [-70.76295, -35.54349], [-70.76053, -35.54162], [-70.76056, -35.53969], [-70.76333, -35.53652], [-70.7673, -35.53369], [-70.76983, -35.53085], [-70.77425, -35.52932], [-70.77489, -35.52706], [-70.77524, -35.52315], [-70.7766, -35.51981], [-70.78107, -35.51884], [-70.78722, -35.51819], [-70.78902, -35.51702], [-70.78905, -35.51583], [-70.78777, -35.51288], [-70.78748, -35.51054], [-70.78649, -35.50752], [-70.78677, -35.50597], [-70.78808, -35.50487], [-70.79378, -35.50428], [-70.80376, -35.50543], [-70.80645, -35.50625], [-70.80915, -35.50788], [-70.81134, -35.50865], [-70.81635, -35.50978], [-70.81919, -35.50923], [-70.82045, -35.5079], [-70.82024, -35.50516], [-70.81866, -35.50316], [-70.82429, -35.49978], [-70.8265, -35.49917], [-70.82855, -35.50048], [-70.83421, -35.50146], [-70.83842, -35.50092], [-70.84192, -35.50138], [-70.84489, -35.50248], [-70.85058, -35.50172], [-70.85165, -35.50087], [-70.85845, -35.49799], [-70.86191, -35.49688], [-70.86604, -35.49782], [-70.86877, -35.49771], [-70.87365, -35.49621], [-70.8792, -35.49687], [-70.88087, -35.49584], [-70.88183, -35.49618], [-70.88366, -35.49531], [-70.88523, -35.49807], [-70.88692, -35.49946], [-70.88956, -35.49916], [-70.89095, -35.49798], [-70.89274, -35.49811], [-70.89763, -35.49968], [-70.89939, -35.49894], [-70.90157, -35.49936], [-70.90573, -35.49686], [-70.90722, -35.49775], [-70.91174, -35.49857], [-70.91319, -35.4981], [-70.91371, -35.49957], [-70.91557, -35.49904], [-70.91715, -35.49977], [-70.92019, -35.49841], [-70.92218, -35.49899], [-70.92385, -35.50033], [-70.92669, -35.50079], [-70.93009, -35.50004], [-70.93341, -35.49999], [-70.93525, -35.49935], [-70.93633, -35.49716], [-70.9383, -35.49589], [-70.94495, -35.49403], [-70.94685, -35.49212], [-70.9483, -35.4915], [-70.94968, -35.49004], [-70.95229, -35.48864], [-70.95336, -35.48658], [-70.95493, -35.48488], [-70.95705, -35.48556], [-70.96117, -35.48422], [-70.96295, -35.48415], [-70.96594, -35.48278], [-70.96838, -35.48074], [-70.96955, -35.48049], [-70.97283, -35.48087], [-70.97697, -35.48038], [-70.97894, -35.47921], [-70.98239, -35.47844], [-70.98561, -35.47839], [-70.98739, -35.4774], [-70.99208, -35.47756], [-70.99357, -35.4763], [-70.99479, -35.47648], [-70.99647, -35.47541], [-70.99846, -35.4749], [-70.99947, -35.47392], [-71.00165, -35.47357], [-71.0042, -35.47201], [-71.0092, -35.47192], [-71.00932, -35.46869], [-71.0104, -35.46683], [-71.01333, -35.46494], [-71.0233, -35.46146], [-71.02598, -35.46126], [-71.02799, -35.45959], [-71.03104, -35.45866], [-71.03297, -35.45966], [-71.03477, -35.45935], [-71.036, -35.45801], [-71.03577, -35.45658], [-71.03775, -35.45171], [-71.03753, -35.45083], [-71.03894, -35.44639], [-71.03999, -35.44447], [-71.04431, -35.4396], [-71.04447, -35.43712], [-71.0458, -35.43622], [-71.04782, -35.43271], [-71.05016, -35.43044], [-71.05066, -35.4283], [-71.05227, -35.42525], [-71.05362, -35.42367], [-71.05593, -35.42233], [-71.05638, -35.419], [-71.05438, -35.41608], [-71.0559, -35.41315], [-71.06009, -35.41209], [-71.06225, -35.41245], [-71.06444, -35.4113], [-71.06802, -35.41153], [-71.06917, -35.41031], [-71.073, -35.40785], [-71.07838, -35.40681], [-71.07943, -35.40604], [-71.08319, -35.40505], [-71.0847, -35.40235], [-71.0879, -35.40169], [-71.08954, -35.39788], [-71.09128, -35.39488], [-71.09363, -35.39179], [-71.09373, -35.38993], [-71.09469, -35.38851], [-71.09783, -35.38676], [-71.10068, -35.38584], [-71.10235, -35.38459], [-71.10283, -35.38232], [-71.1016, -35.38175], [-71.10187, -35.38045], [-71.1048, -35.37902], [-71.1063, -35.37786], [-71.10699, -35.37605], [-71.10931, -35.37482], [-71.11219, -35.37186], [-71.11256, -35.36839], [-71.11129, -35.366], [-71.11133, -35.36436], [-71.11405, -35.35811], [-71.11308, -35.35257], [-71.11458, -35.3503], [-71.11452, -35.34863], [-71.11251, -35.34663], [-71.11358, -35.3451], [-71.11341, -35.34322], [-71.11212, -35.34131], [-71.11123, -35.33741], [-71.11042, -35.33575], [-71.11075, -35.33474], [-71.11317, -35.33329], [-71.11299, -35.33153], [-71.11492, -35.32997], [-71.11465, -35.32833], [-71.1154, -35.32152], [-71.11512, -35.31914], [-71.1138, -35.31638], [-71.11424, -35.31489], [-71.11587, -35.31343], [-71.11666, -35.3117], [-71.11675, -35.30988], [-71.11794, -35.30659], [-71.11731, -35.30331], [-71.11845, -35.30189], [-71.12136, -35.30106], [-71.12254, -35.29856], [-71.12611, -35.29558], [-71.12789, -35.29335], [-71.12981, -35.29239], [-71.13348, -35.29255], [-71.1348, -35.29189], [-71.13988, -35.28562], [-71.14407, -35.28149], [-71.14455, -35.27691], [-71.14566, -35.27508], [-71.14847, -35.27492], [-71.15066, -35.27287], [-71.15263, -35.27192], [-71.15426, -35.27012], [-71.15543, -35.26685], [-71.15637, -35.26592], [-71.15909, -35.26529], [-71.16019, -35.26236], [-71.16296, -35.25917], [-71.1629, -35.2575], [-71.16171, -35.2563], [-71.16155, -35.25363], [-71.164, -35.25175], [-71.16625, -35.2506], [-71.17077, -35.25023], [-71.17533, -35.247], [-71.17626, -35.24545], [-71.17572, -35.24346], [-71.17741, -35.24092], [-71.18448, -35.23514], [-71.18576, -35.23338], [-71.1891, -35.23229], [-71.19057, -35.23009], [-71.19531, -35.22546], [-71.19634, -35.22391], [-71.20085, -35.22188], [-71.20339, -35.22163], [-71.20468, -35.22019], [-71.20604, -35.21608], [-71.20866, -35.21295], [-71.21032, -35.21235], [-71.2111, -35.2109], [-71.21156, -35.20773], [-71.21227, -35.20683], [-71.21196, -35.20473], [-71.21325, -35.20263], [-71.21381, -35.20069], [-71.21518, -35.19929], [-71.21517, -35.19691], [-71.21676, -35.19394], [-71.22159, -35.19098], [-71.22302, -35.18874], [-71.22277, -35.18672], [-71.22539, -35.18508], [-71.22656, -35.18267], [-71.22892, -35.18185], [-71.2301, -35.18087], [-71.23216, -35.18059], [-71.23443, -35.17952], [-71.23614, -35.17951], [-71.23853, -35.18065], [-71.24108, -35.17807], [-71.24755, -35.17587], [-71.251, -35.17523], [-71.25353, -35.17529], [-71.25794, -35.1742], [-71.25972, -35.17278], [-71.26054, -35.1709], [-71.26031, -35.16795], [-71.26093, -35.16451], [-71.26246, -35.16353], [-71.26638, -35.16359], [-71.27166, -35.16093], [-71.27392, -35.16063], [-71.27572, -35.15946], [-71.27672, -35.15647], [-71.28004, -35.15591], [-71.2872, -35.15173], [-71.29006, -35.15204], [-71.29135, -35.15061], [-71.29728, -35.1483], [-71.29891, -35.14633], [-71.30069, -35.1459], [-71.30341, -35.14403], [-71.30352, -35.14296], [-71.30228, -35.14185], [-71.30316, -35.13969], [-71.30556, -35.1395], [-71.30769, -35.13772], [-71.30893, -35.13545], [-71.31164, -35.13497], [-71.31465, -35.13663], [-71.31666, -35.13421], [-71.31896, -35.13286], [-71.3217, -35.13283], [-71.32462, -35.13122], [-71.32654, -35.1317], [-71.32843, -35.13397], [-71.33133, -35.13424], [-71.33249, -35.13352], [-71.33325, -35.1317], [-71.3346, -35.1311], [-71.33679, -35.13141], [-71.33752, -35.13477], [-71.3402, -35.13693], [-71.34168, -35.13941], [-71.34351, -35.13998], [-71.34613, -35.13927], [-71.34734, -35.1383], [-71.3509, -35.14014], [-71.35274, -35.1388], [-71.35379, -35.14063], [-71.35361, -35.14179], [-71.359, -35.14113], [-71.36008, -35.14159], [-71.3631, -35.14487], [-71.36451, -35.14721], [-71.36636, -35.14828], [-71.36885, -35.15218], [-71.36911, -35.15573], [-71.37164, -35.15731], [-71.36916, -35.15983], [-71.36959, -35.16067], [-71.37428, -35.16004], [-71.37746, -35.16021], [-71.37677, -35.16189], [-71.37679, -35.16376], [-71.37966, -35.16733], [-71.38086, -35.16768], [-71.38374, -35.17075], [-71.38379, -35.17193], [-71.38145, -35.17535], [-71.38373, -35.177], [-71.38425, -35.18038], [-71.38846, -35.18245], [-71.39419, -35.18459], [-71.39588, -35.18624], [-71.39565, -35.18792], [-71.39771, -35.18948], [-71.39815, -35.19115], [-71.39944, -35.19213], [-71.40313, -35.19304], [-71.40446, -35.19418], [-71.40394, -35.19668], [-71.40464, -35.1987], [-71.40913, -35.20339], [-71.41132, -35.20418], [-71.41328, -35.20283], [-71.41515, -35.2033], [-71.41769, -35.20465], [-71.41956, -35.20618], [-71.42141, -35.20862], [-71.42193, -35.21061], [-71.42673, -35.21204], [-71.43319, -35.21482], [-71.43526, -35.21505], [-71.43813, -35.21692], [-71.44052, -35.21677], [-71.44387, -35.21523], [-71.44629, -35.21322], [-71.44809, -35.21342], [-71.44921, -35.21439], [-71.45175, -35.21512], [-71.45638, -35.21511], [-71.45899, -35.21546], [-71.46106, -35.21633], [-71.46204, -35.21833], [-71.46397, -35.21898], [-71.46618, -35.21788], [-71.47036, -35.21828], [-71.47057, -35.21978], [-71.46972, -35.22132], [-71.47103, -35.22181], [-71.47446, -35.21989], [-71.47518, -35.21996], [-71.47764, -35.2224], [-71.47956, -35.22295], [-71.48244, -35.22494], [-71.48265, -35.22668], [-71.48137, -35.22839], [-71.48409, -35.22999], [-71.48645, -35.22857], [-71.48938, -35.23014], [-71.48967, -35.2319], [-71.49364, -35.23535], [-71.49643, -35.23553], [-71.49838, -35.23492], [-71.49878, -35.23351], [-71.4978, -35.23146], [-71.49545, -35.22933], [-71.49512, -35.22713], [-71.49337, -35.22545], [-71.49322, -35.2235], [-71.494, -35.22184], [-71.49719, -35.22125], [-71.50115, -35.21703], [-71.50077, -35.21442], [-71.49921, -35.21158], [-71.49608, -35.20825], [-71.49108, -35.20565], [-71.48719, -35.20032], [-71.48673, -35.1988], [-71.4852, -35.19789], [-71.48123, -35.19651], [-71.47199, -35.18855], [-71.46839, -35.18658], [-71.46569, -35.18332], [-71.46085, -35.18194], [-71.4563, -35.18187], [-71.45511, -35.18039], [-71.45064, -35.17925], [-71.45096, -35.17817], [-71.45316, -35.17633], [-71.453, -35.17432], [-71.45479, -35.17277], [-71.45733, -35.17202], [-71.45621, -35.16534], [-71.4541, -35.16304], [-71.4509, -35.16103], [-71.44862, -35.15912], [-71.44698, -35.15709], [-71.44392, -35.1549], [-71.43991, -35.15357], [-71.43885, -35.15213], [-71.43936, -35.14972], [-71.43704, -35.14792], [-71.43724, -35.14328], [-71.43207, -35.13862], [-71.42861, -35.13802], [-71.42459, -35.13891], [-71.42368, -35.13747], [-71.42527, -35.13557], [-71.42309, -35.13334], [-71.42167, -35.12931], [-71.41654, -35.12225], [-71.41541, -35.11975], [-71.41327, -35.11239], [-71.41152, -35.10796], [-71.40937, -35.10461], [-71.40899, -35.10288], [-71.40954, -35.10137], [-71.40926, -35.09942], [-71.4058, -35.09362], [-71.40524, -35.09036], [-71.4024, -35.08768], [-71.40276, -35.08416], [-71.40116, -35.08162], [-71.3941, -35.0788], [-71.38463, -35.08268], [-71.38064, -35.08104], [-71.37791, -35.07826], [-71.37853, -35.07291], [-71.37748, -35.07189], [-71.37404, -35.0704], [-71.35562, -35.07011], [-71.34858, -35.07407], [-71.3435, -35.0724], [-71.34094, -35.07246], [-71.33642, -35.07405], [-71.33617, -35.07599], [-71.33497, -35.0773], [-71.33353, -35.07693], [-71.33088, -35.07445], [-71.32838, -35.07267], [-71.32679, -35.06798], [-71.32142, -35.06163], [-71.32145, -35.05963], [-71.32086, -35.05731], [-71.31957, -35.05561], [-71.31806, -35.05496], [-71.31675, -35.05759], [-71.3166, -35.06072], [-71.3135, -35.0614], [-71.31366, -35.06401], [-71.31339, -35.06473], [-71.31377, -35.06564], [-71.31053, -35.06734], [-71.3103, -35.06806], [-71.30711, -35.07215], [-71.30362, -35.07581], [-71.28429, -35.05173], [-71.25763, -35.03862], [-71.25653, -35.03841], [-71.24871, -35.02776], [-71.24758, -35.02961], [-71.24696, -35.03263], [-71.24575, -35.03425], [-71.2435, -35.03542], [-71.24261, -35.03711], [-71.24117, -35.03807], [-71.23854, -35.03857], [-71.23591, -35.04029], [-71.23498, -35.0425], [-71.23265, -35.04514], [-71.2301, -35.05009], [-71.22526, -35.05567], [-71.22451, -35.05946], [-71.226, -35.06441], [-71.22625, -35.06679], [-71.22552, -35.06833], [-71.22667, -35.07], [-71.22663, -35.07244], [-71.22531, -35.07462], [-71.2224, -35.07806], [-71.22107, -35.08098], [-71.21872, -35.08263], [-71.21681, -35.08674], [-71.21479, -35.08956], [-71.20866, -35.09518], [-71.20342, -35.09935], [-71.2026, -35.10089], [-71.19949, -35.10362], [-71.19806, -35.10601], [-71.19748, -35.10826], [-71.19406, -35.11245], [-71.18978, -35.1159], [-71.18827, -35.11796], [-71.18435, -35.1222], [-71.18372, -35.1259], [-71.18141, -35.12851], [-71.18197, -35.13258], [-71.18154, -35.13459], [-71.17929, -35.13631], [-71.17592, -35.13722], [-71.17297, -35.13965], [-71.16953, -35.14456], [-71.16587, -35.14638], [-71.16375, -35.14837], [-71.16276, -35.15125], [-71.16091, -35.15307], [-71.15795, -35.15419], [-71.15297, -35.15425], [-71.14665, -35.15868], [-71.14295, -35.16172], [-71.13975, -35.16328], [-71.13796, -35.16597], [-71.13425, -35.17518], [-71.13004, -35.18112], [-71.12816, -35.18477], [-71.12433, -35.18711], [-71.12171, -35.18699], [-71.11511, -35.18375], [-71.1106, -35.18364], [-71.10719, -35.18518], [-71.10319, -35.18891], [-71.10073, -35.19199], [-71.09177, -35.20012], [-71.09116, -35.20317], [-71.09278, -35.20746], [-71.09137, -35.21081], [-71.0887, -35.21305], [-71.08299, -35.21482], [-71.07878, -35.21781], [-71.07853, -35.22305], [-71.07788, -35.22644], [-71.077, -35.22755], [-71.0732, -35.22977], [-71.07201, -35.23348], [-71.07006, -35.23701], [-71.06852, -35.23899], [-71.06616, -35.24058], [-71.06478, -35.24223], [-71.06393, -35.24632], [-71.05858, -35.2506], [-71.05744, -35.25268], [-71.05494, -35.25554], [-71.05141, -35.2576], [-71.04689, -35.25857], [-71.0432, -35.2588], [-71.04195, -35.26159], [-71.04066, -35.26296], [-71.03724, -35.26468], [-71.0311, -35.2686], [-71.02345, -35.27127], [-71.01864, -35.27108], [-71.01758, -35.27147], [-71.01512, -35.27353], [-71.01304, -35.27461], [-71.00968, -35.27764], [-71.00894, -35.27885], [-71.00703, -35.28003], [-71.00511, -35.28187], [-71.00035, -35.28292], [-70.99436, -35.286], [-70.99292, -35.28711], [-70.98708, -35.28842], [-70.98389, -35.29094], [-70.98379, -35.29737], [-70.98059, -35.30072], [-70.97792, -35.3016], [-70.97627, -35.30303], [-70.97318, -35.30362], [-70.97002, -35.30531], [-70.96214, -35.3069], [-70.95881, -35.30853], [-70.95638, -35.30856], [-70.95424, -35.30733], [-70.94842, -35.30777], [-70.94564, -35.30987], [-70.94402, -35.30984], [-70.94025, -35.30878], [-70.93702, -35.30942], [-70.93337, -35.31136], [-70.93089, -35.31154], [-70.92832, -35.31096], [-70.92722, -35.31212], [-70.92754, -35.31497], [-70.92548, -35.3146], [-70.92368, -35.31581], [-70.92161, -35.31882], [-70.92034, -35.32006], [-70.91694, -35.322], [-70.91668, -35.32535], [-70.91577, -35.32737], [-70.91131, -35.33055], [-70.90995, -35.33064], [-70.90685, -35.3287], [-70.90385, -35.32845], [-70.90023, -35.32678], [-70.89638, -35.32689], [-70.89458, -35.32583], [-70.89102, -35.32606], [-70.88923, -35.32514], [-70.88634, -35.32209], [-70.8853, -35.31981], [-70.88302, -35.31638], [-70.87908, -35.31248], [-70.87551, -35.3114], [-70.86983, -35.30893], [-70.86529, -35.30838], [-70.8619, -35.31006], [-70.86072, -35.3098], [-70.85821, -35.30728], [-70.85538, -35.30685], [-70.8512, -35.30754], [-70.84794, -35.30744], [-70.84623, -35.30637], [-70.84342, -35.30594], [-70.84047, -35.30632], [-70.83834, -35.30754], [-70.83502, -35.30726], [-70.82835, -35.30855], [-70.82286, -35.31016], [-70.8207, -35.31], [-70.81754, -35.31153], [-70.81404, -35.31144], [-70.81181, -35.31319], [-70.80955, -35.31234], [-70.8042, -35.31385], [-70.80149, -35.31329], [-70.7874, -35.3144], [-70.78483, -35.31318], [-70.78062, -35.3136], [-70.77983, -35.31433], [-70.77673, -35.31533], [-70.77387, -35.31442], [-70.77172, -35.31582], [-70.76806, -35.31498], [-70.76595, -35.31507], [-70.76361, -35.31415], [-70.7612, -35.31413], [-70.75743, -35.31472], [-70.75427, -35.31315], [-70.75138, -35.31415], [-70.74962, -35.3134], [-70.74707, -35.3132], [-70.74381, -35.31396], [-70.7426, -35.31517], [-70.73969, -35.31521], [-70.73745, -35.31608], [-70.73635, -35.3155], [-70.73304, -35.3171], [-70.72931, -35.31608], [-70.72459, -35.31656], [-70.72111, -35.31739], [-70.71855, -35.31659], [-70.71688, -35.31685], [-70.7157, -35.31615], [-70.71264, -35.31584], [-70.70829, -35.31673], [-70.70476, -35.31816], [-70.70315, -35.31806], [-70.70063, -35.31929], [-70.69882, -35.31937], [-70.69782, -35.32022], [-70.69441, -35.32081], [-70.69169, -35.32287], [-70.68964, -35.32248], [-70.6872, -35.32419], [-70.68546, -35.32427], [-70.68242, -35.32539], [-70.68071, -35.32672], [-70.68016, -35.32828], [-70.67894, -35.32937], [-70.67692, -35.33], [-70.67386, -35.32986], [-70.67133, -35.33079], [-70.66784, -35.33102], [-70.66592, -35.32973], [-70.66057, -35.33117], [-70.6592, -35.33191], [-70.65948, -35.33483], [-70.65856, -35.33633], [-70.65719, -35.33683], [-70.65563, -35.33894], [-70.65326, -35.34028], [-70.65241, -35.34178], [-70.64871, -35.34201], [-70.64483, -35.34481], [-70.64486, -35.34618], [-70.64112, -35.34832], [-70.63863, -35.34758], [-70.63517, -35.34923], [-70.63304, -35.35171], [-70.63009, -35.35336], [-70.62575, -35.35521], [-70.62499, -35.35706], [-70.6232, -35.3587], [-70.62222, -35.36056], [-70.61855, -35.36258], [-70.61616, -35.36326], [-70.61563, -35.36602], [-70.61334, -35.36807], [-70.61322, -35.36909], [-70.6109, -35.36942], [-70.61005, -35.37086], [-70.60739, -35.37245], [-70.60676, -35.37395], [-70.60504, -35.3754], [-70.60251, -35.37597], [-70.60274, -35.3768], [-70.60028, -35.37761], [-70.597, -35.37747], [-70.59618, -35.37635], [-70.59399, -35.37608], [-70.59132, -35.37743], [-70.58878, -35.37764], [-70.5857, -35.37679], [-70.58276, -35.37915], [-70.57942, -35.3792], [-70.57663, -35.37834], [-70.57519, -35.37889], [-70.57356, -35.3776], [-70.57345, -35.37594], [-70.57229, -35.37577], [-70.57085, -35.37322], [-70.56886, -35.37534], [-70.56647, -35.37614], [-70.56341, -35.37636], [-70.56205, -35.37734], [-70.56049, -35.37974], [-70.55665, -35.38057], [-70.55615, -35.38129], [-70.55361, -35.38144], [-70.55365, -35.38376], [-70.55184, -35.38432], [-70.55122, -35.386], [-70.54896, -35.38561], [-70.54739, -35.38754], [-70.54557, -35.38738], [-70.54312, -35.38885], [-70.54011, -35.39139], [-70.53693, -35.39656], [-70.53661, -35.39919], [-70.53434, -35.40214], [-70.5321, -35.403], [-70.53062, -35.40559], [-70.52643, -35.40743], [-70.52609, -35.40881], [-70.52398, -35.40919], [-70.52258, -35.41195], [-70.51814, -35.41582], [-70.51751, -35.41726], [-70.515, -35.41962], [-70.51482, -35.42141], [-70.51389, -35.42238], [-70.51464, -35.42392], [-70.51409, -35.42554], [-70.5126, -35.42752], [-70.51088, -35.42885], [-70.50955, -35.43191], [-70.51039, -35.43429], [-70.50717, -35.44118], [-70.50579, -35.44127], [-70.50509, -35.44318], [-70.50342, -35.44338], [-70.50309, -35.44529], [-70.50143, -35.44573], [-70.50126, -35.44836], [-70.50224, -35.45037], [-70.50103, -35.45217], [-70.50058, -35.45516], [-70.49972, -35.45577], [-70.49797, -35.45973], [-70.49772, -35.462], [-70.4959, -35.46214], [-70.49435, -35.46502], [-70.49261, -35.4657], [-70.49084, -35.4684], [-70.48875, -35.46962], [-70.48654, -35.46858], [-70.48416, -35.47004], [-70.48289, -35.47226], [-70.48043, -35.473], [-70.47856, -35.4744], [-70.47688, -35.47454], [-70.47596, -35.47592], [-70.47262, -35.47656], [-70.47062, -35.47915], [-70.46824, -35.48043], [-70.46738, -35.48145], [-70.46312, -35.48335], [-70.46192, -35.48552], [-70.46282, -35.48712], [-70.45977, -35.48751], [-70.45856, -35.48955], [-70.45654, -35.49065], [-70.45487, -35.49091], [-70.45474, -35.49204], [-70.45185, -35.49309], [-70.45, -35.4921], [-70.44813, -35.49308], [-70.44684, -35.49453], [-70.44544, -35.49764], [-70.44257, -35.50066], [-70.43968, -35.50206], [-70.43657, -35.50735], [-70.43449, -35.50964], [-70.4338, -35.51155], [-70.43485, -35.51321], [-70.43336, -35.51556], [-70.43302, -35.51717], [-70.43142, -35.52125], [-70.43463, -35.52574], [-70.43254, -35.52702], [-70.43154, -35.52822], [-70.43049, -35.53088], [-70.42841, -35.53225], [-70.4279, -35.5345], [-70.42921, -35.5365], [-70.42961, -35.5383], [-70.42626, -35.53998], [-70.42637, -35.54102], [-70.42832, -35.54302], [-70.43035, -35.54404], [-70.42891, -35.54518], [-70.42869, -35.54825], [-70.42998, -35.54861], [-70.4283, -35.55222], [-70.42732, -35.55328], [-70.42791, -35.55611], [-70.4251, -35.55757], [-70.42503, -35.55985], [-70.40989, -35.56009], [-70.40783, -35.56155], [-70.40397, -35.56299], [-70.40361, -35.56661], [-70.40242, -35.56858], [-70.40228, -35.57049], [-70.39906, -35.57408], [-70.39899, -35.57831], [-70.3966, -35.58291], [-70.39684, -35.58461], [-70.3986, -35.5863], [-70.39874, -35.58768], [-70.39779, -35.58863], [-70.39422, -35.58925], [-70.39239, -35.59154], [-70.39101, -35.59254], [-70.38466, -35.60549], [-70.38697, -35.60891], [-70.38963, -35.60919], [-70.39188, -35.61035], [-70.39341, -35.61312], [-70.39714, -35.61711], [-70.39703, -35.62135], [-70.40018, -35.62474], [-70.40179, -35.62696], [-70.40381, -35.62792], [-70.40546, -35.62788], [-70.41146, -35.63001], [-70.41276, -35.62923], [-70.41512, -35.62966], [-70.41838, -35.62944], [-70.41784, -35.62677]]]}}, {"type": "Feature", "properties": {"cod_comuna": "07109", "nombre_comuna": "San Clemente", "nombre_provincia": "Talca", "nombre_region": "Región del Maule"}, "geometry": {"type": "Polygon", "coordinates": [[[-70.56789, -36.13279], [-70.56821, -36.13115], [-70.57116, -36.12374], [-70.57278, -36.12141], [-70.57623, -36.11826], [-70.57995, -36.11625], [-70.5828, -36.1154], [-70.58716, -36.11589], [-70.59722, -36.11553], [-70.60068, -36.11598], [-70.60268, -36.11664], [-70.60632, -36.11704], [-70.60852, -36.11649], [-70.60981, -36.11287], [-70.61142, -36.10999], [-70.61366, -36.10941], [-70.61812, -36.1098], [-70.62191, -36.1092], [-70.62389, -36.10693], [-70.62456, -36.10467], [-70.62417, -36.10194], [-70.62225, -36.09832], [-70.62196, -36.09545], [-70.62346, -36.09124], [-70.62154, -36.09135], [-70.61635, -36.09043], [-70.61346, -36.08955], [-70.61204, -36.08667], [-70.60982, -36.08509], [-70.60886, -36.08274], [-70.60946, -36.08012], [-70.60939, -36.07824], [-70.60759, -36.07442], [-70.6069, -36.07074], [-70.60606, -36.06934], [-70.60331, -36.06753], [-70.60256, -36.06547], [-70.60242, -36.06309], [-70.6016, -36.06024], [-70.59934, -36.05772], [-70.60057, -36.05249], [-70.60503, -36.04888], [-70.61035, -36.0457], [-70.61326, -36.04271], [-70.61581, -36.04152], [-70.61986, -36.04026], [-70.61912, -36.03861], [-70.61628, -36.0375], [-70.61452, -36.03636], [-70.61089, -36.03299], [-70.60998, -36.03154], [-70.61033, -36.02825], [-70.61128, -36.024], [-70.61067, -36.02302], [-70.60733, -36.02248], [-70.59392, -36.02422], [-70.59014, -36.02364], [-70.58468, -36.02414], [-70.57952, -36.02011], [-70.5782, -36.01838], [-70.57792, -36.01601], [-70.58024, -36.01462], [-70.58065, -36.0118], [-70.57715, -36.00911], [-70.57337, -36.0085], [-70.57305, -36.00674], [-70.57586, -36.00401], [-70.57732, -36.00306], [-70.58216, -36.00243], [-70.58487, -36.00145], [-70.58947, -36.00074], [-70.59275, -36.00282], [-70.59627, -36.00375], [-70.59902, -36.00338], [-70.60172, -36.00254], [-70.60525, -35.99783], [-70.60614, -35.99393], [-70.60722, -35.99268], [-70.61018, -35.99279], [-70.61256, -35.99546], [-70.61821, -35.99913], [-70.6207, -35.99864], [-70.62308, -35.99866], [-70.62605, -35.99969], [-70.62764, -35.99909], [-70.62959, -35.99713], [-70.63235, -35.99534], [-70.63422, -35.99333], [-70.63475, -35.99014], [-70.6368, -35.98836], [-70.64205, -35.9878], [-70.64367, -35.98722], [-70.64785, -35.98457], [-70.64903, -35.9835], [-70.6516, -35.98227], [-70.65292, -35.98265], [-70.65566, -35.98458], [-70.66071, -35.98347], [-70.66171, -35.98416], [-70.66355, -35.98703], [-70.66558, -35.98763], [-70.66688, -35.98736], [-70.67079, -35.98503], [-70.676, -35.98529], [-70.68144, -35.98719], [-70.68207, -35.98527], [-70.68405, -35.98411], [-70.6909, -35.98402], [-70.69571, -35.98344], [-70.70058, -35.98345], [-70.70332, -35.98453], [-70.70463, -35.98443], [-70.7083, -35.98317], [-70.71181, -35.98293], [-70.71446, -35.98311], [-70.71704, -35.98207], [-70.7203, -35.98021], [-70.72249, -35.98023], [-70.72589, -35.98241], [-70.73248, -35.98171], [-70.74259, -35.98253], [-70.74745, -35.98245], [-70.74974, -35.98142], [-70.75114, -35.97875], [-70.75401, -35.97765], [-70.75594, -35.97639], [-70.76275, -35.97329], [-70.76482, -35.97289], [-70.7743, -35.97322], [-70.77731, -35.9704], [-70.77821, -35.96791], [-70.78305, -35.96566], [-70.78637, -35.96745], [-70.78822, -35.9704], [-70.791, -35.9704], [-70.79322, -35.97128], [-70.79498, -35.97141], [-70.79731, -35.9707], [-70.8007, -35.97074], [-70.80272, -35.97134], [-70.8042, -35.97297], [-70.80661, -35.97395], [-70.81227, -35.9733], [-70.81725, -35.97207], [-70.82472, -35.97281], [-70.82604, -35.97343], [-70.82979, -35.97413], [-70.8323, -35.97373], [-70.83334, -35.97452], [-70.83525, -35.98025], [-70.83523, -35.9834], [-70.83613, -35.98426], [-70.83874, -35.98519], [-70.84022, -35.98644], [-70.84111, -35.98833], [-70.84361, -35.98942], [-70.84497, -35.99202], [-70.8466, -35.99311], [-70.84969, -35.99359], [-70.86153, -35.99173], [-70.87041, -35.99135], [-70.87237, -35.99066], [-70.8742, -35.98696], [-70.87552, -35.98329], [-70.87674, -35.98135], [-70.87984, -35.97898], [-70.88334, -35.97786], [-70.88432, -35.97687], [-70.88484, -35.97329], [-70.88586, -35.97139], [-70.88643, -35.96694], [-70.88769, -35.963], [-70.88869, -35.96161], [-70.8901, -35.95695], [-70.89281, -35.95656], [-70.89568, -35.9549], [-70.89852, -35.95162], [-70.90615, -35.9474], [-70.90922, -35.94693], [-70.9155, -35.94788], [-70.91864, -35.94757], [-70.93221, -35.94314], [-70.93447, -35.94282], [-70.93654, -35.93906], [-70.93979, -35.93644], [-70.93908, -35.93467], [-70.93978, -35.93097], [-70.93952, -35.92782], [-70.93857, -35.92658], [-70.93659, -35.92599], [-70.93698, -35.92496], [-70.94261, -35.92148], [-70.94353, -35.91843], [-70.94485, -35.91749], [-70.94981, -35.91734], [-70.95261, -35.91519], [-70.95396, -35.91349], [-70.95791, -35.91021], [-70.9607, -35.90337], [-70.9634, -35.90039], [-70.96559, -35.89712], [-70.96537, -35.89145], [-70.96609, -35.89081], [-70.97068, -35.88864], [-70.97423, -35.88583], [-70.97494, -35.88484], [-70.97592, -35.88169], [-70.97956, -35.87653], [-70.97978, -35.87556], [-70.97921, -35.87172], [-70.9795, -35.87005], [-70.98339, -35.86898], [-70.98658, -35.86894], [-70.98954, -35.86809], [-70.99345, -35.86475], [-70.9947, -35.86422], [-70.99918, -35.86489], [-71.0012, -35.86383], [-70.99983, -35.85759], [-71.00046, -35.85362], [-70.99942, -35.84703], [-70.99757, -35.84365], [-70.9977, -35.84018], [-70.99717, -35.83793], [-70.99833, -35.83523], [-70.99993, -35.83334], [-71.00374, -35.83053], [-71.00757, -35.82901], [-71.01038, -35.82874], [-71.01387, -35.83222], [-71.01577, -35.83187], [-71.01651, -35.82984], [-71.01793, -35.82851], [-71.02084, -35.82951], [-71.02333, -35.82501], [-71.02446, -35.82136], [-71.02452, -35.81961], [-71.02961, -35.81276], [-71.03185, -35.81252], [-71.03447, -35.80868], [-71.03579, -35.80807], [-71.0361, -35.80494], [-71.03477, -35.80263], [-71.03614, -35.80085], [-71.03422, -35.79629], [-71.03596, -35.79563], [-71.0367, -35.79374], [-71.03571, -35.79238], [-71.03537, -35.7902], [-71.03566, -35.78771], [-71.03663, -35.78464], [-71.03433, -35.78172], [-71.03285, -35.7785], [-71.03267, -35.77631], [-71.03329, -35.77306], [-71.03689, -35.77185], [-71.03838, -35.77068], [-71.04004, -35.76684], [-71.04175, -35.76481], [-71.04252, -35.76308], [-71.0427, -35.76088], [-71.04348, -35.75943], [-71.04279, -35.75515], [-71.04282, -35.752], [-71.04438, -35.74883], [-71.04563, -35.74747], [-71.04674, -35.74507], [-71.0488, -35.74322], [-71.04989, -35.73651], [-71.05253, -35.73433], [-71.05675, -35.72849], [-71.06027, -35.72603], [-71.06328, -35.72287], [-71.06643, -35.71825], [-71.0691, -35.7167], [-71.0701, -35.71557], [-71.07393, -35.7164], [-71.0753, -35.71624], [-71.07608, -35.71506], [-71.0757, -35.7135], [-71.07462, -35.71256], [-71.07662, -35.70846], [-71.07852, -35.70662], [-71.08357, -35.70775], [-71.08596, -35.70762], [-71.08915, -35.70636], [-71.09071, -35.70522], [-71.09341, -35.70457], [-71.09606, -35.70489], [-71.09873, -35.70607], [-71.10356, -35.70459], [-71.1107, -35.70553], [-71.1136, -35.70517], [-71.11447, -35.70666], [-71.12007, -35.71019], [-71.12264, -35.71355], [-71.12304, -35.71458], [-71.12859, -35.71847], [-71.13242, -35.71859], [-71.13672, -35.71825], [-71.14262, -35.72416], [-71.14939, -35.72669], [-71.15153, -35.72669], [-71.15715, -35.72441], [-71.16034, -35.72397], [-71.16763, -35.72385], [-71.17008, -35.7234], [-71.17358, -35.72365], [-71.17691, -35.72343], [-71.18029, -35.72376], [-71.18384, -35.72327], [-71.18682, -35.72383], [-71.19113, -35.72523], [-71.19815, -35.72565], [-71.20369, -35.72403], [-71.21555, -35.71841], [-71.22544, -35.71283], [-71.23287, -35.7069], [-71.24349, -35.69231], [-71.25181, -35.68316], [-71.2595, -35.67782], [-71.26434, -35.67553], [-71.27165, -35.67419], [-71.27704, -35.67429], [-71.31355, -35.68061], [-71.3244, -35.68106], [-71.33184, -35.68069], [-71.33479, -35.6802], [-71.33697, -35.67908], [-71.33983, -35.67698], [-71.34362, -35.67264], [-71.34694, -35.67002], [-71.35018, -35.6665], [-71.35179, -35.65919], [-71.35314, -35.65662], [-71.36122, -35.64766], [-71.36319, -35.64301], [-71.36437, -35.64186], [-71.36534, -35.63874], [-71.36492, -35.63505], [-71.36402, -35.63397], [-71.36397, -35.63164], [-71.36596, -35.62798], [-71.37019, -35.62688], [-71.37215, -35.62519], [-71.37481, -35.62452], [-71.37539, -35.62267], [-71.37906, -35.61964], [-71.38127, -35.61955], [-71.38349, -35.62037], [-71.38447, -35.6214], [-71.3864, -35.62173], [-71.38775, -35.62114], [-71.38983, -35.61928], [-71.39172, -35.61694], [-71.39519, -35.61544], [-71.40122, -35.61033], [-71.40348, -35.60942], [-71.40555, -35.6105], [-71.40978, -35.61012], [-71.41214, -35.61024], [-71.4141, -35.60936], [-71.41664, -35.60974], [-71.41817, -35.61088], [-71.41965, -35.61071], [-71.42185, -35.6094], [-71.42844, -35.60891], [-71.43052, -35.61069], [-71.43101, -35.61224], [-71.43586, -35.61378], [-71.44236, -35.61346], [-71.44416, -35.61295], [-71.44469, -35.61031], [-71.44591, -35.60929], [-71.44988, -35.60996], [-71.45412, -35.60839], [-71.46055, -35.60757], [-71.46226, -35.60672], [-71.4635, -35.60408], [-71.46604, -35.60352], [-71.46966, -35.60352], [-71.48029, -35.60223], [-71.4872, -35.60278], [-71.49098, -35.60369], [-71.49393, -35.60521], [-71.49579, -35.60665], [-71.49996, -35.60854], [-71.50468, -35.60864], [-71.50743, -35.60779], [-71.51334, -35.60717], [-71.51656, -35.60582], [-71.51937, -35.60392], [-71.52681, -35.60278], [-71.52978, -35.60124], [-71.53239, -35.60165], [-71.53546, -35.60104], [-71.53966, -35.59812], [-71.54269, -35.59766], [-71.54617, -35.59407], [-71.54796, -35.593], [-71.55554, -35.59049], [-71.55846, -35.59121], [-71.56087, -35.59064], [-71.56547, -35.59035], [-71.56704, -35.58976], [-71.56838, -35.58834], [-71.57137, -35.58718], [-71.57495, -35.587], [-71.57567, -35.58596], [-71.57357, -35.58648], [-71.57026, -35.58027], [-71.57022, -35.57912], [-71.57492, -35.57669], [-71.58436, -35.57409], [-71.58506, -35.57284], [-71.58754, -35.57174], [-71.5869, -35.56996], [-71.58543, -35.56986], [-71.58039, -35.55816], [-71.57859, -35.55494], [-71.57446, -35.54589], [-71.57621, -35.54507], [-71.57008, -35.53405], [-71.57128, -35.53353], [-71.57074, -35.53149], [-71.56864, -35.53085], [-71.56755, -35.52832], [-71.56389, -35.52478], [-71.56158, -35.52549], [-71.55394, -35.51329], [-71.55871, -35.51138], [-71.54158, -35.48804], [-71.53287, -35.49624], [-71.51517, -35.46791], [-71.51442, -35.46597], [-71.51039, -35.46029], [-71.50497, -35.4515], [-71.50485, -35.45055], [-71.49796, -35.45194], [-71.49232, -35.43525], [-71.49323, -35.43338], [-71.49566, -35.43235], [-71.49295, -35.42302], [-71.48805, -35.42477], [-71.48115, -35.42459], [-71.47501, -35.42183], [-71.474, -35.42012], [-71.47019, -35.42042], [-71.46722, -35.4231], [-71.46543, -35.42417], [-71.46117, -35.42537], [-71.45798, -35.42559], [-71.45203, -35.42687], [-71.44879, -35.42804], [-71.44736, -35.42804], [-71.4449, -35.42693], [-71.4403, -35.42595], [-71.43898, -35.42654], [-71.43628, -35.42966], [-71.4326, -35.43136], [-71.43003, -35.43187], [-71.42633, -35.43448], [-71.42385, -35.43562], [-71.4222, -35.43576], [-71.41966, -35.43407], [-71.41689, -35.434], [-71.41349, -35.43126], [-71.41099, -35.43127], [-71.40831, -35.43263], [-71.40549, -35.43509], [-71.40383, -35.43879], [-71.40207, -35.4397], [-71.39705, -35.44076], [-71.39305, -35.44217], [-71.39043, -35.44444], [-71.3836, -35.44432], [-71.37998, -35.44495], [-71.3783, -35.44446], [-71.37697, -35.44319], [-71.37494, -35.44268], [-71.36997, -35.44251], [-71.3665, -35.44293], [-71.36442, -35.44261], [-71.36013, -35.44111], [-71.35568, -35.44102], [-71.35028, -35.44191], [-71.34061, -35.44104], [-71.33613, -35.43975], [-71.33171, -35.44067], [-71.32965, -35.44006], [-71.32769, -35.44027], [-71.3236, -35.44006], [-71.32083, -35.43742], [-71.31868, -35.43621], [-71.31738, -35.4366], [-71.31461, -35.43909], [-71.31399, -35.4403], [-71.31159, -35.44046], [-71.31214, -35.44189], [-71.31246, -35.44528], [-71.31119, -35.44948], [-71.3101, -35.45194], [-71.31194, -35.4525], [-71.31105, -35.45454], [-71.30221, -35.45644], [-71.30028, -35.45773], [-71.29626, -35.45715], [-71.29477, -35.45623], [-71.29332, -35.45655], [-71.29289, -35.45906], [-71.29317, -35.46138], [-71.29263, -35.46295], [-71.28988, -35.4636], [-71.28765, -35.46477], [-71.28537, -35.46654], [-71.28256, -35.46767], [-71.28002, -35.46807], [-71.27681, -35.46802], [-71.27589, -35.46887], [-71.27204, -35.46924], [-71.26977, -35.4663], [-71.27011, -35.4654], [-71.26856, -35.46221], [-71.2693, -35.46011], [-71.26889, -35.45839], [-71.26736, -35.45573], [-71.26672, -35.45378], [-71.26465, -35.45263], [-71.26137, -35.44767], [-71.26085, -35.44458], [-71.25819, -35.44064], [-71.25819, -35.43807], [-71.25771, -35.43636], [-71.25625, -35.43626], [-71.25446, -35.4348], [-71.25201, -35.43581], [-71.24948, -35.43395], [-71.24959, -35.43269], [-71.25095, -35.43183], [-71.25056, -35.43077], [-71.2483, -35.43087], [-71.24857, -35.42728], [-71.24811, -35.42473], [-71.24992, -35.42259], [-71.24966, -35.41969], [-71.24836, -35.41666], [-71.24984, -35.41358], [-71.24893, -35.41207], [-71.24826, -35.40684], [-71.24912, -35.40644], [-71.25092, -35.40402], [-71.25065, -35.40283], [-71.249, -35.40196], [-71.24876, -35.39977], [-71.24968, -35.39722], [-71.24869, -35.395], [-71.24854, -35.39195], [-71.24978, -35.38839], [-71.25031, -35.38419], [-71.25075, -35.38327], [-71.25482, -35.37871], [-71.25461, -35.37328], [-71.253, -35.37005], [-71.24718, -35.37221], [-71.2459, -35.37319], [-71.24372, -35.37353], [-71.23826, -35.37614], [-71.23599, -35.37814], [-71.23402, -35.37788], [-71.23136, -35.37644], [-71.22751, -35.37693], [-71.22531, -35.3762], [-71.22197, -35.37685], [-71.22121, -35.378], [-71.21948, -35.37863], [-71.21741, -35.38016], [-71.21233, -35.37817], [-71.20889, -35.37775], [-71.20631, -35.3766], [-71.20464, -35.37652], [-71.20234, -35.37507], [-71.20074, -35.37515], [-71.19845, -35.37371], [-71.19665, -35.37189], [-71.19461, -35.37169], [-71.19214, -35.37209], [-71.19027, -35.3729], [-71.18743, -35.37546], [-71.18387, -35.37594], [-71.1825, -35.3765], [-71.18067, -35.3788], [-71.17776, -35.37891], [-71.17633, -35.3796], [-71.17449, -35.38353], [-71.17169, -35.38552], [-71.16928, -35.38597], [-71.16741, -35.38812], [-71.16513, -35.38864], [-71.16158, -35.3906], [-71.15859, -35.39176], [-71.1562, -35.39185], [-71.15353, -35.38817], [-71.15208, -35.38761], [-71.1512, -35.38784], [-71.14089, -35.38659], [-71.13113, -35.38957], [-71.12839, -35.39087], [-71.12774, -35.39045], [-71.12827, -35.38838], [-71.12729, -35.38375], [-71.12476, -35.38176], [-71.12363, -35.38029], [-71.12106, -35.38021], [-71.11816, -35.3852], [-71.11557, -35.38645], [-71.1082, -35.39572], [-71.10422, -35.39882], [-71.10318, -35.40168], [-71.1018, -35.40264], [-71.10098, -35.40427], [-71.093, -35.41013], [-71.08661, -35.41974], [-71.08692, -35.42325], [-71.0858, -35.42474], [-71.08011, -35.42816], [-71.07684, -35.43242], [-71.07169, -35.43706], [-71.06511, -35.43998], [-71.05782, -35.44196], [-71.05571, -35.4437], [-71.05551, -35.44898], [-71.05468, -35.45004], [-71.05099, -35.45302], [-71.04993, -35.45516], [-71.04584, -35.45572], [-71.04255, -35.45505], [-71.03992, -35.4526], [-71.03775, -35.45171], [-71.03577, -35.45658], [-71.036, -35.45801], [-71.03477, -35.45935], [-71.03297, -35.45966], [-71.03104, -35.45866], [-71.02799, -35.45959], [-71.02598, -35.46126], [-71.0233, -35.46146], [-71.01333, -35.46494], [-71.0104, -35.46683], [-71.00932, -35.46869], [-71.0092, -35.47192], [-71.0042, -35.47201], [-71.00165, -35.47357], [-70.99947, -35.47392], [-70.99846, -35.4749], [-70.99647, -35.47541], [-70.99479, -35.47648], [-70.99357, -35.4763], [-70.99208, -35.47756], [-70.98739, -35.4774], [-70.98561, -35.47839], [-70.98239, -35.47844], [-70.97894, -35.47921], [-70.97697, -35.48038], [-70.97283, -35.48087], [-70.96955, -35.48049], [-70.96838, -35.48074], [-70.96594, -35.48278], [-70.96295, -35.48415], [-70.96117, -35.48422], [-70.95705, -35.48556], [-70.95493, -35.48488], [-70.95336, -35.48658], [-70.95229, -35.48864], [-70.94968, -35.49004], [-70.9483, -35.4915], [-70.94685, -35.49212], [-70.94495, -35.49403], [-70.9383, -35.49589], [-70.93633, -35.49716], [-70.93525, -35.49935], [-70.93341, -35.49999], [-70.93009, -35.50004], [-70.92669, -35.50079], [-70.92385, -35.50033], [-70.92218, -35.49899], [-70.92019, -35.49841], [-70.91715, -35.49977], [-70.91557, -35.49904], [-70.91371, -35.49957], [-70.91319, -35.4981], [-70.91174, -35.49857], [-70.90722, -35.49775], [-70.90573, -35.49686], [-70.90157, -35.49936], [-70.89939, -35.49894], [-70.89763, -35.49968], [-70.89274, -35.49811], [-70.89095, -35.49798], [-70.88956, -35.49916], [-70.88692, -35.49946], [-70.88523, -35.49807], [-70.88366, -35.49531], [-70.88183, -35.49618], [-70.88087, -35.49584], [-70.8792, -35.49687], [-70.87365, -35.49621], [-70.86877, -35.49771], [-70.86604, -35.49782], [-70.86191, -35.49688], [-70.85845, -35.49799], [-70.85165, -35.50087], [-70.85058, -35.50172], [-70.84489, -35.50248], [-70.84192, -35.50138], [-70.83842, -35.50092], [-70.83421, -35.50146], [-70.82855, -35.50048], [-70.8265, -35.49917], [-70.82429, -35.49978], [-70.81866, -35.50316], [-70.82024, -35.50516], [-70.82045, -35.5079], [-70.81919, -35.50923], [-70.81635, -35.50978], [-70.81134, -35.50865], [-70.80915, -35.50788], [-70.80645, -35.50625], [-70.80376, -35.50543], [-70.79378, -35.50428], [-70.78808, -35.50487], [-70.78677, -35.50597], [-70.78649, -35.50752], [-70.78748, -35.51054], [-70.78777, -35.51288], [-70.78905, -35.51583], [-70.78902, -35.51702], [-70.78722, -35.51819], [-70.78107, -35.51884], [-70.7766, -35.51981], [-70.77524, -35.52315], [-70.77489, -35.52706], [-70.77425, -35.52932], [-70.76983, -35.53085], [-70.7673, -35.53369], [-70.76333, -35.53652], [-70.76056, -35.53969], [-70.76053, -35.54162], [-70.76295, -35.54349], [-70.76642, -35.54456], [-70.76754, -35.54836], [-70.77011, -35.55382], [-70.76941, -35.5553], [-70.76672, -35.55802], [-70.76526, -35.56046], [-70.76053, -35.56107], [-70.7575, -35.56286], [-70.75321, -35.56936], [-70.75041, -35.57136], [-70.74818, -35.57243], [-70.7468, -35.57121], [-70.74608, -35.56885], [-70.74594, -35.56542], [-70.7498, -35.55817], [-70.74954, -35.5576], [-70.73836, -35.55269], [-70.73763, -35.55017], [-70.73649, -35.54874], [-70.73451, -35.54422], [-70.73015, -35.54428], [-70.72643, -35.54373], [-70.72176, -35.54388], [-70.71996, -35.54308], [-70.71882, -35.53992], [-70.71778, -35.53911], [-70.71513, -35.53826], [-70.71286, -35.53674], [-70.71128, -35.53444], [-70.70962, -35.53363], [-70.70664, -35.53315], [-70.70142, -35.53061], [-70.69609, -35.52882], [-70.69532, -35.52709], [-70.69014, -35.52361], [-70.68592, -35.52203], [-70.68094, -35.52144], [-70.67801, -35.52162], [-70.6765, -35.52222], [-70.67121, -35.52752], [-70.66937, -35.52887], [-70.66781, -35.52847], [-70.66672, -35.52662], [-70.66384, -35.52461], [-70.66053, -35.52446], [-70.65926, -35.52535], [-70.6576, -35.52541], [-70.65394, -35.52372], [-70.65121, -35.52211], [-70.64991, -35.51893], [-70.64267, -35.51576], [-70.63464, -35.51378], [-70.62973, -35.51388], [-70.62669, -35.51457], [-70.61913, -35.51536], [-70.61784, -35.51393], [-70.61861, -35.51012], [-70.61871, -35.50802], [-70.61776, -35.50622], [-70.61319, -35.50443], [-70.60688, -35.49983], [-70.60207, -35.49473], [-70.60116, -35.48678], [-70.59843, -35.48188], [-70.59644, -35.47971], [-70.5932, -35.47728], [-70.58832, -35.47576], [-70.58558, -35.47604], [-70.58359, -35.47696], [-70.58249, -35.47888], [-70.57952, -35.48045], [-70.57566, -35.48309], [-70.56805, -35.48389], [-70.5612, -35.48311], [-70.55826, -35.48196], [-70.55711, -35.47946], [-70.55714, -35.47553], [-70.55602, -35.47235], [-70.55465, -35.47007], [-70.55261, -35.46914], [-70.55018, -35.46885], [-70.54782, -35.46796], [-70.54724, -35.46709], [-70.54386, -35.46542], [-70.54136, -35.46521], [-70.53988, -35.46641], [-70.53949, -35.46819], [-70.53982, -35.47087], [-70.53878, -35.4734], [-70.53664, -35.47653], [-70.5337, -35.47922], [-70.53067, -35.48599], [-70.53089, -35.49048], [-70.52976, -35.49202], [-70.52529, -35.49465], [-70.51995, -35.49567], [-70.51706, -35.497], [-70.51285, -35.49794], [-70.50936, -35.50015], [-70.50509, -35.50424], [-70.50392, -35.50578], [-70.5016, -35.5077], [-70.49881, -35.51263], [-70.49682, -35.51384], [-70.49485, -35.51578], [-70.49443, -35.51754], [-70.49602, -35.52372], [-70.49551, -35.52637], [-70.49203, -35.53332], [-70.4918, -35.53502], [-70.4935, -35.53777], [-70.49648, -35.53925], [-70.49716, -35.54085], [-70.4949, -35.54478], [-70.4933, -35.55149], [-70.49211, -35.55407], [-70.49229, -35.55764], [-70.49318, -35.55916], [-70.49471, -35.55997], [-70.49578, -35.56175], [-70.49836, -35.56245], [-70.49912, -35.56531], [-70.49807, -35.56783], [-70.49176, -35.56976], [-70.49042, -35.57167], [-70.48962, -35.57555], [-70.48602, -35.57961], [-70.48521, -35.58102], [-70.48297, -35.58301], [-70.4803, -35.58621], [-70.47809, -35.58714], [-70.47737, -35.58827], [-70.47485, -35.59033], [-70.47384, -35.59212], [-70.47229, -35.59328], [-70.46852, -35.59408], [-70.46526, -35.59619], [-70.46101, -35.59825], [-70.45178, -35.59993], [-70.44853, -35.59886], [-70.44682, -35.59691], [-70.44482, -35.59568], [-70.43512, -35.5946], [-70.43254, -35.59617], [-70.42799, -35.60009], [-70.42766, -35.60097], [-70.4292, -35.60623], [-70.42913, -35.61073], [-70.42805, -35.6133], [-70.42644, -35.61452], [-70.42235, -35.61876], [-70.42074, -35.62113], [-70.41877, -35.62326], [-70.41784, -35.62677], [-70.41951, -35.63393], [-70.42116, -35.63556], [-70.42302, -35.64075], [-70.42174, -35.6418], [-70.41715, -35.64345], [-70.41517, -35.64462], [-70.41238, -35.64477], [-70.41014, -35.64625], [-70.40827, -35.64959], [-70.40799, -35.65159], [-70.40857, -35.65346], [-70.4086, -35.65613], [-70.40758, -35.6574], [-70.40293, -35.65901], [-70.39899, -35.66111], [-70.39736, -35.66393], [-70.39866, -35.66617], [-70.40256, -35.66748], [-70.40403, -35.669], [-70.40542, -35.67139], [-70.40593, -35.67337], [-70.40492, -35.67618], [-70.40327, -35.67914], [-70.40144, -35.68137], [-70.39961, -35.68258], [-70.39886, -35.68575], [-70.39686, -35.68774], [-70.39503, -35.68872], [-70.39263, -35.68894], [-70.38842, -35.68862], [-70.38596, -35.68801], [-70.38725, -35.69136], [-70.38542, -35.69374], [-70.384, -35.69647], [-70.38047, -35.69827], [-70.37917, -35.69947], [-70.37685, -35.6993], [-70.37499, -35.69994], [-70.37449, -35.70088], [-70.37558, -35.70282], [-70.37514, -35.70552], [-70.37368, -35.70673], [-70.37228, -35.71117], [-70.37311, -35.7136], [-70.37321, -35.71692], [-70.37214, -35.71919], [-70.36961, -35.7203], [-70.36825, -35.72248], [-70.36935, -35.72494], [-70.36858, -35.72727], [-70.36882, -35.72863], [-70.36745, -35.73014], [-70.36856, -35.73485], [-70.36973, -35.73651], [-70.36931, -35.73771], [-70.36195, -35.74284], [-70.36138, -35.74407], [-70.36154, -35.74737], [-70.35849, -35.74899], [-70.35829, -35.7502], [-70.35924, -35.75191], [-70.3582, -35.75327], [-70.35924, -35.75488], [-70.363, -35.75544], [-70.36582, -35.75679], [-70.36936, -35.75713], [-70.37245, -35.75867], [-70.37275, -35.76022], [-70.3742, -35.76198], [-70.37429, -35.76389], [-70.37542, -35.76467], [-70.3794, -35.76623], [-70.38006, -35.76726], [-70.37841, -35.76849], [-70.37858, -35.76967], [-70.37793, -35.77489], [-70.37599, -35.77712], [-70.37608, -35.7814], [-70.37692, -35.78404], [-70.3795, -35.78578], [-70.3793, -35.78691], [-70.37766, -35.78836], [-70.3709, -35.78957], [-70.36265, -35.7946], [-70.36031, -35.799], [-70.35897, -35.80085], [-70.35786, -35.80133], [-70.35456, -35.80115], [-70.35243, -35.80057], [-70.34703, -35.80097], [-70.34563, -35.79949], [-70.34155, -35.79725], [-70.34057, -35.79601], [-70.33804, -35.79535], [-70.33227, -35.79928], [-70.33099, -35.80114], [-70.32909, -35.80263], [-70.32375, -35.80987], [-70.31984, -35.81144], [-70.31662, -35.81178], [-70.31258, -35.81359], [-70.31395, -35.81463], [-70.31464, -35.81674], [-70.31627, -35.81965], [-70.31835, -35.82021], [-70.31987, -35.81958], [-70.32281, -35.82009], [-70.32463, -35.82122], [-70.32745, -35.82214], [-70.32884, -35.82591], [-70.33097, -35.82875], [-70.33449, -35.83032], [-70.33508, -35.83128], [-70.33817, -35.83336], [-70.34435, -35.83577], [-70.34706, -35.83715], [-70.34923, -35.83663], [-70.35647, -35.84095], [-70.35735, -35.84286], [-70.35951, -35.84266], [-70.36172, -35.84124], [-70.36478, -35.84095], [-70.36593, -35.84138], [-70.36944, -35.84157], [-70.37173, -35.84489], [-70.37723, -35.84877], [-70.37878, -35.85289], [-70.37873, -35.85417], [-70.38009, -35.85654], [-70.3799, -35.85823], [-70.38018, -35.86243], [-70.37947, -35.86487], [-70.38016, -35.86645], [-70.38401, -35.86894], [-70.38926, -35.87054], [-70.39376, -35.86959], [-70.3967, -35.86797], [-70.40025, -35.86719], [-70.40596, -35.86735], [-70.41268, -35.87186], [-70.4161, -35.87339], [-70.41892, -35.87423], [-70.42085, -35.87562], [-70.42159, -35.87803], [-70.41989, -35.88251], [-70.41937, -35.88503], [-70.41979, -35.88671], [-70.42327, -35.89098], [-70.42295, -35.89679], [-70.42324, -35.89857], [-70.4256, -35.90408], [-70.42491, -35.91115], [-70.42438, -35.91341], [-70.42308, -35.91526], [-70.42097, -35.91629], [-70.41129, -35.91903], [-70.40974, -35.92106], [-70.40648, -35.92218], [-70.39028, -35.92337], [-70.3863, -35.9241], [-70.38288, -35.923], [-70.37917, -35.92309], [-70.37583, -35.92374], [-70.36997, -35.92274], [-70.36837, -35.9228], [-70.36549, -35.9242], [-70.36518, -35.92542], [-70.36892, -35.92693], [-70.37139, -35.92935], [-70.37629, -35.93129], [-70.37786, -35.93441], [-70.37844, -35.93655], [-70.3799, -35.93778], [-70.38201, -35.93795], [-70.38315, -35.93876], [-70.38609, -35.93907], [-70.38685, -35.93967], [-70.38771, -35.94381], [-70.38868, -35.94591], [-70.3908, -35.94774], [-70.39054, -35.95037], [-70.39216, -35.95223], [-70.3948, -35.95261], [-70.40008, -35.95247], [-70.40559, -35.95341], [-70.40771, -35.95624], [-70.41305, -35.95761], [-70.41597, -35.96001], [-70.41722, -35.96181], [-70.41683, -35.96514], [-70.41739, -35.96589], [-70.4203, -35.96755], [-70.42203, -35.97064], [-70.42237, -35.97321], [-70.41984, -35.97672], [-70.41847, -35.97765], [-70.4102, -35.98044], [-70.40681, -35.98126], [-70.40325, -35.98035], [-70.39349, -35.98171], [-70.39091, -35.9832], [-70.3883, -35.98591], [-70.38674, -35.98628], [-70.38377, -35.98799], [-70.37978, -35.98976], [-70.37753, -35.99227], [-70.37645, -35.99518], [-70.37771, -35.99649], [-70.37942, -35.99712], [-70.38184, -35.99913], [-70.38267, -36.00313], [-70.38178, -36.00771], [-70.38144, -36.01183], [-70.38177, -36.01344], [-70.38127, -36.01596], [-70.38074, -36.02485], [-70.37912, -36.0266], [-70.37641, -36.02765], [-70.37645, -36.03117], [-70.37601, -36.03199], [-70.37179, -36.03174], [-70.36956, -36.03454], [-70.36922, -36.03825], [-70.3699, -36.04139], [-70.37128, -36.04345], [-70.37642, -36.04571], [-70.38698, -36.04773], [-70.38727, -36.05087], [-70.39252, -36.05413], [-70.3948, -36.05487], [-70.39853, -36.05266], [-70.4024, -36.05219], [-70.40509, -36.05233], [-70.40792, -36.05374], [-70.41063, -36.05735], [-70.41371, -36.06472], [-70.41536, -36.07063], [-70.41662, -36.07275], [-70.41748, -36.07554], [-70.41702, -36.07783], [-70.41805, -36.08097], [-70.41801, -36.08611], [-70.41855, -36.08717], [-70.41833, -36.08936], [-70.4217, -36.09136], [-70.42368, -36.09189], [-70.42433, -36.09296], [-70.42576, -36.09884], [-70.42484, -36.0997], [-70.42164, -36.10107], [-70.41542, -36.10461], [-70.41479, -36.10855], [-70.41593, -36.11209], [-70.42004, -36.11512], [-70.4205, -36.11894], [-70.42153, -36.12049], [-70.42159, -36.12351], [-70.42229, -36.12524], [-70.42136, -36.12723], [-70.41959, -36.12865], [-70.41862, -36.13019], [-70.41816, -36.13248], [-70.41782, -36.13768], [-70.41839, -36.13939], [-70.42136, -36.14316], [-70.42187, -36.1475], [-70.4209, -36.15007], [-70.42044, -36.15281], [-70.42095, -36.15604], [-70.42304, -36.1573], [-70.42541, -36.15704], [-70.42798, -36.15789], [-70.43729, -36.16195], [-70.44215, -36.1636], [-70.44294, -36.16697], [-70.44472, -36.1701], [-70.44831, -36.17251], [-70.45083, -36.17263], [-70.45202, -36.17194], [-70.45459, -36.17194], [-70.45579, -36.17131], [-70.46048, -36.17314], [-70.46293, -36.17291], [-70.46636, -36.1716], [-70.46968, -36.17192], [-70.47368, -36.17285], [-70.47659, -36.17404], [-70.48172, -36.1748], [-70.4844, -36.17685], [-70.48865, -36.17833], [-70.49245, -36.17749], [-70.49417, -36.17588], [-70.4988, -36.17028], [-70.50342, -36.16937], [-70.5073, -36.16754], [-70.50833, -36.16326], [-70.50748, -36.16178], [-70.51005, -36.15664], [-70.5117, -36.15526], [-70.51633, -36.1527], [-70.51855, -36.15184], [-70.52267, -36.15201], [-70.52347, -36.14716], [-70.52624, -36.14604], [-70.52906, -36.14396], [-70.53352, -36.14196], [-70.53586, -36.14167], [-70.53803, -36.14242], [-70.54482, -36.14264], [-70.54648, -36.14139], [-70.5495, -36.14091], [-70.55243, -36.13852], [-70.55673, -36.13924], [-70.56115, -36.1379], [-70.56349, -36.1343], [-70.56789, -36.13279]]]}}, {"type": "Feature", "properties": {"cod_comuna": "07308", "nombre_comuna": "Teno", "nombre_provincia": "Curicó", "nombre_region": "Región del Maule"}, "geometry": {"type": "Polygon", "coordinates": [[[-71.12665, -34.79588], [-71.12151, -34.80041], [-71.11731, -34.80592], [-71.09872, -34.82813], [-71.07847, -34.82464], [-71.07427, -34.82333], [-71.06971, -34.82131], [-71.06611, -34.81865], [-71.05265, -34.80547], [-71.04816, -34.79267], [-71.0457, -34.79332], [-71.04622, -34.79493], [-71.04539, -34.79657], [-71.04291, -34.79772], [-71.03895, -34.80046], [-71.03642, -34.7999], [-71.03496, -34.80047], [-71.03318, -34.80369], [-71.0289, -34.80712], [-71.02572, -34.80796], [-71.02491, -34.80865], [-71.02308, -34.8111], [-71.02338, -34.81475], [-71.02311, -34.81564], [-71.02195, -34.81665], [-71.01994, -34.81731], [-71.01846, -34.81838], [-71.0166, -34.82247], [-71.01696, -34.82441], [-71.01556, -34.82558], [-71.01165, -34.82561], [-71.01066, -34.82495], [-71.0087, -34.8246], [-71.00704, -34.82586], [-71.00214, -34.82704], [-71.00067, -34.82782], [-70.99958, -34.82936], [-70.99797, -34.83079], [-70.99746, -34.83308], [-70.9932, -34.83422], [-70.98917, -34.83652], [-70.9876, -34.83701], [-70.98528, -34.83973], [-70.98414, -34.84002], [-70.98175, -34.83944], [-70.98013, -34.84399], [-70.97959, -34.8467], [-70.97547, -34.85172], [-70.97192, -34.85672], [-70.96963, -34.8586], [-70.96806, -34.8594], [-70.96713, -34.86113], [-70.9672, -34.8618], [-70.96854, -34.86405], [-70.96829, -34.86466], [-70.96567, -34.86728], [-70.96309, -34.86812], [-70.96067, -34.86959], [-70.95821, -34.87168], [-70.95669, -34.87206], [-70.95233, -34.87148], [-70.95116, -34.87041], [-70.94365, -34.86724], [-70.93858, -34.86428], [-70.93694, -34.86365], [-70.93438, -34.86353], [-70.93334, -34.86303], [-70.93212, -34.86185], [-70.93002, -34.8615], [-70.92729, -34.85965], [-70.92525, -34.85892], [-70.92118, -34.85915], [-70.91739, -34.85861], [-70.90897, -34.85669], [-70.90618, -34.85754], [-70.90324, -34.856], [-70.89964, -34.85588], [-70.89478, -34.8524], [-70.89155, -34.85126], [-70.88895, -34.85052], [-70.88158, -34.85023], [-70.87853, -34.85127], [-70.87729, -34.85132], [-70.87539, -34.85235], [-70.8738, -34.85268], [-70.87003, -34.85243], [-70.86385, -34.85284], [-70.85966, -34.8546], [-70.85728, -34.85521], [-70.8561, -34.85798], [-70.85389, -34.85968], [-70.85077, -34.86025], [-70.84728, -34.85988], [-70.8458, -34.86013], [-70.84143, -34.86229], [-70.8399, -34.86254], [-70.83849, -34.86424], [-70.83543, -34.86542], [-70.83258, -34.86772], [-70.82945, -34.86767], [-70.82914, -34.86796], [-70.82561, -34.86845], [-70.82171, -34.87132], [-70.82022, -34.87119], [-70.81827, -34.86979], [-70.81784, -34.86779], [-70.81603, -34.86669], [-70.8158, -34.86554], [-70.81786, -34.86346], [-70.81824, -34.86206], [-70.81714, -34.85966], [-70.81537, -34.85749], [-70.81198, -34.85449], [-70.81182, -34.8536], [-70.81067, -34.8527], [-70.80738, -34.85213], [-70.80332, -34.85441], [-70.79754, -34.85292], [-70.79579, -34.85352], [-70.79425, -34.8549], [-70.7931, -34.85756], [-70.78955, -34.8601], [-70.78771, -34.86022], [-70.78471, -34.85869], [-70.77789, -34.8577], [-70.7721, -34.85867], [-70.76992, -34.85949], [-70.76752, -34.86093], [-70.76626, -34.86253], [-70.76069, -34.86644], [-70.76008, -34.86908], [-70.7586, -34.87204], [-70.75657, -34.87279], [-70.7551, -34.87375], [-70.7511, -34.87506], [-70.75045, -34.87656], [-70.75, -34.88288], [-70.74823, -34.88476], [-70.74896, -34.8864], [-70.74902, -34.89104], [-70.74965, -34.89478], [-70.75493, -34.90291], [-70.7554, -34.90547], [-70.75971, -34.90873], [-70.76041, -34.91056], [-70.76254, -34.91171], [-70.76574, -34.91411], [-70.76676, -34.91574], [-70.76681, -34.91784], [-70.76506, -34.92468], [-70.76582, -34.92733], [-70.76754, -34.93075], [-70.77069, -34.9334], [-70.77332, -34.93653], [-70.77248, -34.93929], [-70.77226, -34.94158], [-70.7741, -34.9446], [-70.77562, -34.9481], [-70.7796, -34.95023], [-70.78303, -34.95818], [-70.78531, -34.95991], [-70.78654, -34.96243], [-70.78658, -34.96555], [-70.78866, -34.96578], [-70.79476, -34.96731], [-70.79975, -34.96951], [-70.80072, -34.97075], [-70.79549, -34.97697], [-70.79504, -34.97911], [-70.79481, -34.98558], [-70.79569, -34.98761], [-70.8001, -34.99209], [-70.80724, -34.99743], [-70.80922, -34.99777], [-70.81282, -34.99754], [-70.81555, -34.99604], [-70.81813, -34.99687], [-70.81984, -34.99633], [-70.82169, -34.99677], [-70.82397, -34.99844], [-70.82621, -35.00304], [-70.82805, -35.00307], [-70.82929, -35.00215], [-70.8328, -35.00243], [-70.83838, -35.0021], [-70.84072, -35.00141], [-70.84966, -34.99606], [-70.85121, -34.99318], [-70.86039, -34.99111], [-70.86204, -34.99022], [-70.86464, -34.98661], [-70.86662, -34.9856], [-70.87196, -34.98601], [-70.87413, -34.98546], [-70.87713, -34.983], [-70.8832, -34.98361], [-70.88621, -34.98323], [-70.88824, -34.98241], [-70.89013, -34.98051], [-70.89213, -34.97949], [-70.89773, -34.97957], [-70.91186, -34.98297], [-70.9162, -34.98298], [-70.91789, -34.98187], [-70.92492, -34.97851], [-70.92692, -34.97798], [-70.93154, -34.97838], [-70.93939, -34.97709], [-70.94803, -34.97325], [-70.95036, -34.97278], [-70.95994, -34.97177], [-70.96534, -34.97005], [-70.96989, -34.97079], [-70.97641, -34.97065], [-70.97993, -34.97105], [-70.9815, -34.97059], [-70.98311, -34.96923], [-70.9856, -34.9663], [-70.98625, -34.96479], [-70.99032, -34.95866], [-70.99429, -34.95099], [-71.00209, -34.94498], [-71.00617, -34.94414], [-71.00761, -34.94445], [-71.01526, -34.94448], [-71.01819, -34.94548], [-71.02282, -34.94476], [-71.02575, -34.94532], [-71.03156, -34.94392], [-71.0365, -34.94349], [-71.04143, -34.94263], [-71.04338, -34.94194], [-71.04634, -34.94166], [-71.05461, -34.93866], [-71.06227, -34.93398], [-71.07044, -34.92683], [-71.07388, -34.92543], [-71.07877, -34.92063], [-71.08255, -34.91562], [-71.08601, -34.91413], [-71.08828, -34.91383], [-71.09073, -34.91203], [-71.10111, -34.91231], [-71.10427, -34.91289], [-71.11118, -34.91276], [-71.11355, -34.91207], [-71.11724, -34.9129], [-71.1333, -34.90935], [-71.13618, -34.90907], [-71.15207, -34.90957], [-71.15458, -34.90869], [-71.1542, -34.90693], [-71.15721, -34.90508], [-71.15876, -34.90372], [-71.16344, -34.90221], [-71.16645, -34.90204], [-71.17091, -34.90042], [-71.17768, -34.89736], [-71.18014, -34.8972], [-71.18234, -34.89855], [-71.18424, -34.89767], [-71.1865, -34.8948], [-71.19235, -34.89016], [-71.19691, -34.88827], [-71.19961, -34.88773], [-71.20332, -34.88815], [-71.20571, -34.88926], [-71.21033, -34.89047], [-71.21362, -34.89056], [-71.21476, -34.89137], [-71.21566, -34.89361], [-71.21861, -34.8951], [-71.2198, -34.89774], [-71.22371, -34.89989], [-71.22494, -34.90181], [-71.22764, -34.90399], [-71.2328, -34.90597], [-71.23512, -34.90801], [-71.24156, -34.91211], [-71.24466, -34.91464], [-71.24616, -34.91674], [-71.24844, -34.91873], [-71.2498, -34.91932], [-71.25191, -34.91874], [-71.25401, -34.91908], [-71.25924, -34.92209], [-71.26087, -34.92403], [-71.26257, -34.92477], [-71.26312, -34.92962], [-71.26484, -34.91992], [-71.26549, -34.9139], [-71.26629, -34.91358], [-71.271, -34.91378], [-71.27098, -34.90791], [-71.27, -34.90775], [-71.27142, -34.90283], [-71.26756, -34.90206], [-71.27237, -34.88952], [-71.27093, -34.88836], [-71.25996, -34.88693], [-71.26351, -34.86855], [-71.31398, -34.86846], [-71.32042, -34.86675], [-71.32394, -34.86537], [-71.32681, -34.86342], [-71.33085, -34.86307], [-71.3325, -34.86383], [-71.336, -34.867], [-71.33685, -34.86408], [-71.33839, -34.861], [-71.34015, -34.86074], [-71.34013, -34.8576], [-71.34098, -34.85622], [-71.3519, -34.84605], [-71.35423, -34.84775], [-71.35641, -34.84759], [-71.35887, -34.84672], [-71.36055, -34.84727], [-71.36198, -34.84849], [-71.36403, -34.84779], [-71.36569, -34.84422], [-71.36553, -34.84104], [-71.36436, -34.83958], [-71.36392, -34.83771], [-71.36266, -34.83647], [-71.36093, -34.83323], [-71.35855, -34.83062], [-71.35858, -34.82726], [-71.35787, -34.82634], [-71.35617, -34.8261], [-71.35286, -34.82819], [-71.34865, -34.82973], [-71.34717, -34.83076], [-71.34273, -34.83113], [-71.34086, -34.83059], [-71.33844, -34.82888], [-71.33655, -34.8284], [-71.33378, -34.82572], [-71.33226, -34.82499], [-71.33134, -34.82314], [-71.32487, -34.82136], [-71.32235, -34.82017], [-71.32157, -34.81923], [-71.31621, -34.81599], [-71.31407, -34.81169], [-71.31211, -34.80996], [-71.31205, -34.80567], [-71.31427, -34.80248], [-71.31373, -34.80182], [-71.30893, -34.80153], [-71.30699, -34.79837], [-71.30221, -34.79517], [-71.29816, -34.79506], [-71.29469, -34.79717], [-71.29254, -34.79669], [-71.28843, -34.79457], [-71.28485, -34.79459], [-71.2808, -34.79233], [-71.27887, -34.79165], [-71.27774, -34.79267], [-71.27636, -34.79518], [-71.27269, -34.79625], [-71.27061, -34.79624], [-71.26849, -34.79704], [-71.26629, -34.79909], [-71.26612, -34.80334], [-71.2652, -34.8076], [-71.26344, -34.81112], [-71.26228, -34.81515], [-71.26307, -34.81661], [-71.26272, -34.81843], [-71.26335, -34.82173], [-71.26283, -34.82313], [-71.26021, -34.82444], [-71.25602, -34.82438], [-71.24926, -34.82697], [-71.24469, -34.82765], [-71.23612, -34.82628], [-71.23113, -34.82591], [-71.22957, -34.82786], [-71.22529, -34.83013], [-71.22001, -34.8343], [-71.21745, -34.83378], [-71.21657, -34.83331], [-71.21282, -34.8353], [-71.21041, -34.8337], [-71.20715, -34.83212], [-71.20402, -34.82991], [-71.20287, -34.82831], [-71.20078, -34.82768], [-71.19901, -34.82471], [-71.1955, -34.82288], [-71.19437, -34.82184], [-71.19263, -34.81523], [-71.19138, -34.81273], [-71.18914, -34.8044], [-71.185, -34.80356], [-71.18374, -34.80397], [-71.18107, -34.806], [-71.18051, -34.80607], [-71.17897, -34.80476], [-71.17889, -34.8041], [-71.17741, -34.80245], [-71.17612, -34.802], [-71.17119, -34.80133], [-71.16866, -34.8017], [-71.16105, -34.80027], [-71.1568, -34.79905], [-71.15514, -34.7998], [-71.15321, -34.79951], [-71.15064, -34.79783], [-71.14907, -34.79522], [-71.1503, -34.79424], [-71.1467, -34.79157], [-71.14299, -34.78948], [-71.13883, -34.79063], [-71.13785, -34.79008], [-71.13683, -34.78716], [-71.1349, -34.78641], [-71.13189, -34.79026], [-71.12946, -34.79254], [-71.12665, -34.79588]]]}}, {"type": "Feature", "properties": {"cod_comuna": "07306", "nombre_comuna": "Romeral", "nombre_provincia": "Curicó", "nombre_region": "Región del Maule"}, "geometry": {"type": "Polygon", "coordinates": [[[-70.61762, -34.97066], [-70.61567, -34.96806], [-70.6152, -34.96623], [-70.61569, -34.96292], [-70.61489, -34.9608], [-70.60856, -34.959], [-70.60448, -34.95889], [-70.60112, -34.9573], [-70.59832, -34.95687], [-70.59583, -34.95743], [-70.58969, -34.96038], [-70.58612, -34.9617], [-70.58535, -34.96131], [-70.58461, -34.95818], [-70.58346, -34.95742], [-70.58182, -34.95684], [-70.57752, -34.95642], [-70.57149, -34.95514], [-70.56917, -34.95379], [-70.56813, -34.95257], [-70.56815, -34.9508], [-70.56941, -34.94726], [-70.57089, -34.9448], [-70.57072, -34.94349], [-70.56833, -34.93972], [-70.56607, -34.93917], [-70.56465, -34.93989], [-70.5626, -34.9404], [-70.56012, -34.94011], [-70.5579, -34.93934], [-70.55437, -34.93947], [-70.55211, -34.93784], [-70.55014, -34.93754], [-70.54983, -34.93668], [-70.54875, -34.93553], [-70.54333, -34.93399], [-70.54088, -34.93438], [-70.54068, -34.93515], [-70.54107, -34.93749], [-70.53914, -34.93928], [-70.5395, -34.94144], [-70.5403, -34.94288], [-70.54031, -34.94347], [-70.53864, -34.94559], [-70.53959, -34.94788], [-70.53893, -34.94935], [-70.53766, -34.95061], [-70.5365, -34.95115], [-70.53156, -34.95089], [-70.52922, -34.95156], [-70.52501, -34.95115], [-70.52373, -34.95163], [-70.5244, -34.95462], [-70.52397, -34.95878], [-70.52513, -34.96108], [-70.52522, -34.96269], [-70.52615, -34.96462], [-70.52516, -34.96541], [-70.52082, -34.96713], [-70.51779, -34.96721], [-70.51462, -34.96873], [-70.5143, -34.96961], [-70.51121, -34.97186], [-70.50839, -34.97111], [-70.50582, -34.9717], [-70.49958, -34.97081], [-70.49597, -34.97279], [-70.49257, -34.97371], [-70.48727, -34.97587], [-70.48589, -34.98235], [-70.48413, -34.98373], [-70.48044, -34.98559], [-70.4795, -34.98719], [-70.47903, -34.99162], [-70.47774, -34.99415], [-70.47367, -34.99416], [-70.46876, -34.99329], [-70.46724, -34.99154], [-70.46549, -34.99062], [-70.4631, -34.99041], [-70.46018, -34.99087], [-70.45618, -34.9897], [-70.45298, -34.98947], [-70.44817, -34.99013], [-70.44227, -34.98997], [-70.44029, -34.98953], [-70.43773, -34.98969], [-70.42908, -34.98867], [-70.42571, -34.98726], [-70.42397, -34.98729], [-70.42036, -34.98586], [-70.41829, -34.98543], [-70.41724, -34.98374], [-70.41527, -34.98365], [-70.41345, -34.98455], [-70.41061, -34.98467], [-70.40549, -34.98739], [-70.4007, -34.98883], [-70.39917, -34.99091], [-70.39499, -34.99157], [-70.39316, -34.99338], [-70.39134, -34.9972], [-70.38971, -34.99869], [-70.38798, -34.99863], [-70.38102, -34.99978], [-70.3786, -34.99822], [-70.37733, -34.99799], [-70.3667, -35.00525], [-70.36502, -35.00529], [-70.36465, -35.0057], [-70.36445, -35.01047], [-70.36539, -35.01153], [-70.36613, -35.0138], [-70.36653, -35.01668], [-70.36497, -35.01966], [-70.36132, -35.0206], [-70.36161, -35.02188], [-70.36086, -35.02794], [-70.36187, -35.03134], [-70.36192, -35.03485], [-70.36391, -35.03583], [-70.36682, -35.03642], [-70.36868, -35.03784], [-70.37028, -35.03974], [-70.3728, -35.04114], [-70.3738, -35.0438], [-70.37532, -35.0444], [-70.37592, -35.04759], [-70.37683, -35.05015], [-70.37632, -35.05309], [-70.37484, -35.05745], [-70.37264, -35.05857], [-70.37332, -35.06147], [-70.37202, -35.06318], [-70.37202, -35.0656], [-70.37147, -35.06663], [-70.37225, -35.06907], [-70.37177, -35.07338], [-70.37123, -35.07462], [-70.37222, -35.07573], [-70.37274, -35.07821], [-70.3735, -35.07902], [-70.37419, -35.08152], [-70.37375, -35.08545], [-70.37105, -35.09052], [-70.37067, -35.09292], [-70.36915, -35.09392], [-70.36668, -35.09318], [-70.36506, -35.0934], [-70.36309, -35.09518], [-70.35861, -35.09715], [-70.35777, -35.09791], [-70.35805, -35.09958], [-70.36207, -35.10111], [-70.36335, -35.10299], [-70.36372, -35.10486], [-70.36721, -35.10746], [-70.36621, -35.10906], [-70.36794, -35.11068], [-70.37023, -35.11182], [-70.37002, -35.11442], [-70.36843, -35.11728], [-70.36848, -35.12107], [-70.36776, -35.1246], [-70.36689, -35.12624], [-70.36491, -35.12833], [-70.36504, -35.12983], [-70.36254, -35.1315], [-70.36136, -35.13471], [-70.36166, -35.13646], [-70.3673, -35.1446], [-70.36809, -35.14481], [-70.37043, -35.14892], [-70.37197, -35.1507], [-70.37046, -35.15338], [-70.37197, -35.15605], [-70.3735, -35.15783], [-70.3736, -35.15961], [-70.37467, -35.16067], [-70.37657, -35.16632], [-70.37456, -35.16869], [-70.37474, -35.17012], [-70.37809, -35.17331], [-70.37998, -35.17307], [-70.38173, -35.17174], [-70.38357, -35.17171], [-70.38629, -35.17067], [-70.38797, -35.16945], [-70.38991, -35.17052], [-70.39002, -35.17221], [-70.39224, -35.17363], [-70.39373, -35.17368], [-70.3995, -35.17601], [-70.40036, -35.17775], [-70.40248, -35.1801], [-70.40454, -35.18033], [-70.40918, -35.17937], [-70.41015, -35.18039], [-70.41353, -35.18154], [-70.41613, -35.18284], [-70.42014, -35.18322], [-70.42398, -35.18492], [-70.42639, -35.18793], [-70.42885, -35.18972], [-70.43085, -35.19046], [-70.43525, -35.19314], [-70.44271, -35.19462], [-70.44462, -35.19541], [-70.4489, -35.19593], [-70.45167, -35.19481], [-70.45243, -35.19125], [-70.45411, -35.18974], [-70.45554, -35.19055], [-70.45721, -35.19241], [-70.45782, -35.1951], [-70.46155, -35.19693], [-70.46269, -35.19831], [-70.46649, -35.19935], [-70.4712, -35.20183], [-70.4723, -35.20386], [-70.47689, -35.20369], [-70.47927, -35.20415], [-70.48421, -35.20348], [-70.48648, -35.20236], [-70.48802, -35.20281], [-70.49086, -35.20272], [-70.49422, -35.20356], [-70.49674, -35.20342], [-70.49817, -35.20234], [-70.50103, -35.20131], [-70.50227, -35.20171], [-70.50436, -35.2012], [-70.50571, -35.20167], [-70.50795, -35.2015], [-70.51436, -35.2026], [-70.51568, -35.2058], [-70.518, -35.20649], [-70.52004, -35.20588], [-70.5255, -35.20235], [-70.52586, -35.19956], [-70.52461, -35.1963], [-70.52501, -35.19478], [-70.52691, -35.19426], [-70.52795, -35.1965], [-70.53244, -35.19825], [-70.53389, -35.19956], [-70.53603, -35.19904], [-70.53868, -35.20061], [-70.54115, -35.20151], [-70.5451, -35.20449], [-70.54813, -35.20845], [-70.55212, -35.21055], [-70.55215, -35.21157], [-70.55387, -35.21344], [-70.55397, -35.21445], [-70.55586, -35.21745], [-70.5575, -35.21913], [-70.56332, -35.22207], [-70.56785, -35.22346], [-70.56697, -35.22693], [-70.56607, -35.22765], [-70.56467, -35.23171], [-70.56387, -35.23543], [-70.56401, -35.23832], [-70.5652, -35.24299], [-70.56619, -35.24522], [-70.56819, -35.24697], [-70.57008, -35.24771], [-70.57214, -35.24916], [-70.57246, -35.25043], [-70.57106, -35.25267], [-70.57222, -35.25624], [-70.57438, -35.2578], [-70.579, -35.25761], [-70.57939, -35.25862], [-70.5782, -35.26281], [-70.57735, -35.26416], [-70.57755, -35.26594], [-70.57956, -35.26755], [-70.58146, -35.26773], [-70.5825, -35.26937], [-70.58237, -35.27225], [-70.5854, -35.26845], [-70.58716, -35.26213], [-70.59078, -35.26052], [-70.59852, -35.26048], [-70.6045, -35.25971], [-70.60794, -35.26044], [-70.6105, -35.26052], [-70.61322, -35.25999], [-70.61544, -35.26162], [-70.62027, -35.26182], [-70.62603, -35.26301], [-70.63011, -35.26425], [-70.6325, -35.2638], [-70.63437, -35.26199], [-70.63332, -35.25714], [-70.63525, -35.2564], [-70.63828, -35.25679], [-70.63938, -35.25623], [-70.64007, -35.25417], [-70.64532, -35.25162], [-70.64536, -35.25034], [-70.64334, -35.24917], [-70.64262, -35.24718], [-70.64397, -35.24464], [-70.64815, -35.24465], [-70.65035, -35.24391], [-70.65295, -35.2443], [-70.65537, -35.24571], [-70.65733, -35.24842], [-70.65996, -35.24935], [-70.6635, -35.25218], [-70.66669, -35.2515], [-70.67066, -35.25178], [-70.67445, -35.2509], [-70.67722, -35.25128], [-70.68228, -35.25129], [-70.68451, -35.25055], [-70.68581, -35.24916], [-70.68852, -35.24794], [-70.69309, -35.24481], [-70.69744, -35.2438], [-70.69983, -35.24235], [-70.70203, -35.24034], [-70.70455, -35.23983], [-70.70634, -35.24002], [-70.71115, -35.24413], [-70.71314, -35.24417], [-70.71881, -35.2486], [-70.72198, -35.24997], [-70.72552, -35.25278], [-70.72662, -35.25281], [-70.72979, -35.25021], [-70.73373, -35.24484], [-70.7326, -35.2429], [-70.73211, -35.24015], [-70.73268, -35.23579], [-70.73255, -35.23147], [-70.73381, -35.22964], [-70.73475, -35.22655], [-70.73592, -35.22465], [-70.73561, -35.21935], [-70.73509, -35.21829], [-70.73317, -35.2171], [-70.72999, -35.21423], [-70.72809, -35.21121], [-70.7276, -35.20864], [-70.7256, -35.20509], [-70.72614, -35.20239], [-70.72562, -35.20038], [-70.72538, -35.19532], [-70.72598, -35.19402], [-70.73023, -35.19185], [-70.73271, -35.19123], [-70.73662, -35.18917], [-70.74034, -35.18947], [-70.74318, -35.19095], [-70.74539, -35.19118], [-70.74744, -35.19041], [-70.74935, -35.19036], [-70.75088, -35.18899], [-70.7517, -35.18728], [-70.75407, -35.18499], [-70.75443, -35.18378], [-70.75591, -35.18293], [-70.75872, -35.18279], [-70.76311, -35.18137], [-70.76541, -35.18117], [-70.77009, -35.17926], [-70.77246, -35.17687], [-70.77343, -35.17678], [-70.77623, -35.17971], [-70.77831, -35.17968], [-70.78543, -35.17737], [-70.78676, -35.17731], [-70.78802, -35.1783], [-70.79027, -35.17884], [-70.79291, -35.17708], [-70.79508, -35.17625], [-70.79724, -35.17445], [-70.80426, -35.17503], [-70.81078, -35.17103], [-70.81286, -35.16934], [-70.81823, -35.16669], [-70.82017, -35.16617], [-70.82392, -35.16582], [-70.82673, -35.16376], [-70.829, -35.16082], [-70.83283, -35.15913], [-70.83571, -35.15566], [-70.836, -35.1534], [-70.83845, -35.15076], [-70.83901, -35.148], [-70.84453, -35.14812], [-70.84566, -35.1476], [-70.84709, -35.14435], [-70.84802, -35.14084], [-70.84791, -35.13785], [-70.85069, -35.13535], [-70.85577, -35.13324], [-70.86189, -35.13229], [-70.86589, -35.12939], [-70.86784, -35.12943], [-70.87181, -35.128], [-70.87356, -35.12666], [-70.87433, -35.12506], [-70.87859, -35.12284], [-70.88245, -35.12295], [-70.88988, -35.1203], [-70.89994, -35.11836], [-70.9022, -35.11883], [-70.90479, -35.11808], [-70.91, -35.11535], [-70.91469, -35.11189], [-70.91465, -35.10959], [-70.91786, -35.1074], [-70.91998, -35.10504], [-70.9222, -35.10345], [-70.92821, -35.10204], [-70.93111, -35.10173], [-70.93294, -35.10094], [-70.93464, -35.09902], [-70.93614, -35.09826], [-70.93789, -35.09831], [-70.94386, -35.10095], [-70.94624, -35.1001], [-70.94804, -35.09849], [-70.95352, -35.09636], [-70.95556, -35.09503], [-70.96086, -35.08828], [-70.96657, -35.08861], [-70.96785, -35.08825], [-70.96954, -35.08612], [-70.97359, -35.08486], [-70.97893, -35.08481], [-70.98541, -35.08415], [-70.98789, -35.08242], [-70.99017, -35.08006], [-70.99214, -35.07857], [-70.99424, -35.07855], [-70.99532, -35.0778], [-70.99828, -35.07715], [-71.00252, -35.07743], [-71.00564, -35.07703], [-71.01131, -35.07512], [-71.01226, -35.07415], [-71.01657, -35.0734], [-71.02061, -35.07103], [-71.02269, -35.07046], [-71.02472, -35.06905], [-71.03196, -35.06659], [-71.03302, -35.06545], [-71.03466, -35.06487], [-71.04375, -35.06403], [-71.04926, -35.06255], [-71.05106, -35.06154], [-71.05212, -35.06187], [-71.05304, -35.06437], [-71.05596, -35.0693], [-71.06018, -35.06818], [-71.06458, -35.06747], [-71.06751, -35.068], [-71.06928, -35.06965], [-71.07126, -35.06993], [-71.07567, -35.07181], [-71.07743, -35.07156], [-71.08046, -35.06991], [-71.08783, -35.06879], [-71.08917, -35.06791], [-71.09138, -35.06352], [-71.09091, -35.06191], [-71.09128, -35.05883], [-71.09214, -35.05667], [-71.09316, -35.05626], [-71.097, -35.05709], [-71.10065, -35.05975], [-71.10359, -35.06002], [-71.10591, -35.05911], [-71.1045, -35.05739], [-71.10438, -35.05373], [-71.10685, -35.05124], [-71.10773, -35.0473], [-71.10934, -35.04416], [-71.10809, -35.0418], [-71.10768, -35.03971], [-71.10883, -35.03835], [-71.11325, -35.03783], [-71.11083, -35.03269], [-71.11192, -35.03062], [-71.11204, -35.02684], [-71.11422, -35.02353], [-71.11627, -35.02242], [-71.11621, -35.02139], [-71.11241, -35.01853], [-71.11422, -35.01498], [-71.11637, -35.016], [-71.11831, -35.01592], [-71.12102, -35.01477], [-71.12118, -35.01181], [-71.12259, -35.01062], [-71.12179, -35.00948], [-71.1178, -35.00664], [-71.11724, -35.00452], [-71.11771, -35.00153], [-71.11413, -34.997], [-71.11143, -34.99643], [-71.11498, -34.99375], [-71.11693, -34.99338], [-71.12331, -34.99476], [-71.12504, -34.99452], [-71.12692, -34.99257], [-71.13238, -34.99134], [-71.13796, -34.98847], [-71.1403, -34.9879], [-71.14147, -34.98462], [-71.14865, -34.97849], [-71.15047, -34.97761], [-71.15081, -34.97627], [-71.15221, -34.97493], [-71.15206, -34.97304], [-71.15281, -34.97041], [-71.15399, -34.96808], [-71.15493, -34.96767], [-71.15663, -34.96532], [-71.15922, -34.9631], [-71.16433, -34.96281], [-71.16733, -34.96359], [-71.17496, -34.96354], [-71.1759, -34.96407], [-71.17681, -34.96615], [-71.18166, -34.96842], [-71.18446, -34.97199], [-71.18617, -34.97302], [-71.19045, -34.97371], [-71.19478, -34.97629], [-71.19525, -34.97935], [-71.19621, -34.98034], [-71.19808, -34.98067], [-71.20113, -34.9796], [-71.20348, -34.97952], [-71.20511, -34.98014], [-71.20648, -34.9818], [-71.20752, -34.98404], [-71.20745, -34.98734], [-71.20792, -34.98869], [-71.21009, -34.98541], [-71.21238, -34.98427], [-71.21583, -34.98357], [-71.19897, -34.97247], [-71.17488, -34.93578], [-71.16298, -34.91995], [-71.1611, -34.91691], [-71.15988, -34.91132], [-71.15876, -34.90372], [-71.15721, -34.90508], [-71.1542, -34.90693], [-71.15458, -34.90869], [-71.15207, -34.90957], [-71.13618, -34.90907], [-71.1333, -34.90935], [-71.11724, -34.9129], [-71.11355, -34.91207], [-71.11118, -34.91276], [-71.10427, -34.91289], [-71.10111, -34.91231], [-71.09073, -34.91203], [-71.08828, -34.91383], [-71.08601, -34.91413], [-71.08255, -34.91562], [-71.07877, -34.92063], [-71.07388, -34.92543], [-71.07044, -34.92683], [-71.06227, -34.93398], [-71.05461, -34.93866], [-71.04947, -34.94067], [-71.04634, -34.94166], [-71.04338, -34.94194], [-71.04143, -34.94263], [-71.0365, -34.94349], [-71.03156, -34.94392], [-71.02575, -34.94532], [-71.02282, -34.94476], [-71.01819, -34.94548], [-71.01526, -34.94448], [-71.00761, -34.94445], [-71.00617, -34.94414], [-71.00209, -34.94498], [-70.99429, -34.95099], [-70.99032, -34.95866], [-70.98625, -34.96479], [-70.9856, -34.9663], [-70.98311, -34.96923], [-70.9815, -34.97059], [-70.97993, -34.97105], [-70.97641, -34.97065], [-70.96989, -34.97079], [-70.96534, -34.97005], [-70.95994, -34.97177], [-70.95036, -34.97278], [-70.94803, -34.97325], [-70.93939, -34.97709], [-70.93154, -34.97838], [-70.92692, -34.97798], [-70.92492, -34.97851], [-70.91789, -34.98187], [-70.9162, -34.98298], [-70.91186, -34.98297], [-70.89773, -34.97957], [-70.89213, -34.97949], [-70.89013, -34.98051], [-70.88824, -34.98241], [-70.88621, -34.98323], [-70.8832, -34.98361], [-70.87713, -34.983], [-70.87413, -34.98546], [-70.87196, -34.98601], [-70.86662, -34.9856], [-70.86464, -34.98661], [-70.86204, -34.99022], [-70.86039, -34.99111], [-70.85121, -34.99318], [-70.84966, -34.99606], [-70.84072, -35.00141], [-70.83838, -35.0021], [-70.8328, -35.00243], [-70.82929, -35.00215], [-70.82805, -35.00307], [-70.82621, -35.00304], [-70.82397, -34.99844], [-70.82169, -34.99677], [-70.81984, -34.99633], [-70.81813, -34.99687], [-70.81555, -34.99604], [-70.81282, -34.99754], [-70.80922, -34.99777], [-70.80724, -34.99743], [-70.8001, -34.99209], [-70.79569, -34.98761], [-70.79481, -34.98558], [-70.79504, -34.97911], [-70.79549, -34.97697], [-70.80072, -34.97075], [-70.79975, -34.96951], [-70.79476, -34.96731], [-70.78866, -34.96578], [-70.78658, -34.96555], [-70.78654, -34.96243], [-70.78531, -34.95991], [-70.78303, -34.95818], [-70.7796, -34.95023], [-70.77562, -34.9481], [-70.7741, -34.9446], [-70.77226, -34.94158], [-70.77248, -34.93929], [-70.77332, -34.93653], [-70.77069, -34.9334], [-70.76754, -34.93075], [-70.76582, -34.92733], [-70.76506, -34.92468], [-70.76681, -34.91784], [-70.76676, -34.91574], [-70.76574, -34.91411], [-70.76254, -34.91171], [-70.76041, -34.91056], [-70.75971, -34.90873], [-70.7554, -34.90547], [-70.75493, -34.90291], [-70.74965, -34.89478], [-70.74902, -34.89104], [-70.74896, -34.8864], [-70.74811, -34.88469], [-70.74317, -34.88541], [-70.74114, -34.8871], [-70.74013, -34.88964], [-70.73863, -34.8909], [-70.73193, -34.89312], [-70.72568, -34.89458], [-70.72065, -34.89751], [-70.71831, -34.89973], [-70.71461, -34.90235], [-70.71353, -34.90358], [-70.71294, -34.91008], [-70.71252, -34.91212], [-70.71129, -34.91471], [-70.70939, -34.91594], [-70.70674, -34.9162], [-70.70255, -34.91747], [-70.7012, -34.91855], [-70.69781, -34.92327], [-70.69479, -34.92578], [-70.69227, -34.92434], [-70.68948, -34.92374], [-70.68591, -34.92389], [-70.68352, -34.92815], [-70.68127, -34.93015], [-70.67751, -34.93435], [-70.67443, -34.93658], [-70.6727, -34.94136], [-70.67179, -34.94175], [-70.67065, -34.94449], [-70.66894, -34.94572], [-70.66835, -34.94867], [-70.66704, -34.95193], [-70.66646, -34.95622], [-70.66687, -34.95946], [-70.66668, -34.96213], [-70.66246, -34.96487], [-70.66151, -34.96611], [-70.65808, -34.96701], [-70.65483, -34.96829], [-70.65131, -34.97034], [-70.6489, -34.97088], [-70.64556, -34.97427], [-70.64095, -34.97505], [-70.63811, -34.9768], [-70.6358, -34.97955], [-70.63213, -34.98143], [-70.62898, -34.98207], [-70.62484, -34.98442], [-70.62228, -34.98765], [-70.62059, -34.98745], [-70.61855, -34.98579], [-70.61834, -34.98312], [-70.61925, -34.98055], [-70.61811, -34.97726], [-70.61603, -34.9762], [-70.61749, -34.97347], [-70.61762, -34.97066]]]}}]}