{
"type": "FeatureCollection",
"name": "VIL",
"crs": { "type": "name", "properties": { "name": "urn:ogc:def:crs:OGC:1.3:CRS84" } },
"xy_coordinate_resolution": 1e-05,
"features": [
{ "type": "Feature", "properties": { "objectid": 17830, "dependencia": "PARTICULAR SUBVENCIONADO", "nombre_establecimiento": "ESCUELA FRANCISCO DE ASIS", "rbd": "7114", "dgv_rbd": null, "estado": null, "direccion": null, "urbano_rural": "RURAL", "matricula": 232, "tipo": null, "cut_reg": "14", "cut_prov": "141", "cut_com": "14108", "region": "Los Ríos", "provincia": "Valdivia", "comuna": "Panguipulli", "globalid": "83c894a1-7ea0-471e-8482-56baed7c0bcb", "latitud": -39.8502, "longitud": -71.9466 }, "geometry": { "type": "Point", "coordinates": [ -71.9466, -39.8502 ] } },
{ "type": "Feature", "properties": { "objectid": 17832, "dependencia": "JUNJI - VTF", "nombre_establecimiento": "KIMEN", "rbd": "J14108013", "dgv_rbd": null, "estado": null, "direccion": null, "urbano_rural": "RURAL", "matricula": 56, "tipo": null, "cut_reg": "14", "cut_prov": "141", "cut_com": "14108", "region": "Los Ríos", "provincia": "Valdivia", "comuna": "Panguipulli", "globalid": "b75b1ee3-8755-4deb-b432-0b44e0d062e1", "latitud": -39.850059, "longitud": -71.942884 }, "geometry": { "type": "Point", "coordinates": [ -71.94288, -39.85006 ] } },
{ "type": "Feature", "properties": { "objectid": 17833, "dependencia": "SLEP", "nombre_establecimiento": "COMPLEJO EDUCACIONAL TIERRA DE ESPERANZA", "rbd": "7085", "dgv_rbd": null, "estado": null, "direccion": null, "urbano_rural": "RURAL", "matricula": 204, "tipo": null, "cut_reg": "14", "cut_prov": "141", "cut_com": "14108", "region": "Los Ríos", "provincia": "Valdivia", "comuna": "Panguipulli", "globalid": "7bdcb136-f826-44da-b24f-20469e06b188", "latitud": -39.84992, "longitud": -71.9458 }, "geometry": { "type": "Point", "coordinates": [ -71.9458, -39.84992 ] } },
{ "type": "Feature", "properties": { "objectid": 17868, "dependencia": "SLEP", "nombre_establecimiento": "ESCUELA RURAL LA RINCONADA", "rbd": "7061", "dgv_rbd": null, "estado": null, "direccion": null, "urbano_rural": "RURAL", "matricula": 122, "tipo": null, "cut_reg": "14", "cut_prov": "141", "cut_com": "14108", "region": "Los Ríos", "provincia": "Valdivia", "comuna": "Panguipulli", "globalid": "be0a6ca1-14bc-4676-b8c2-627c1a54cadb", "latitud": -39.83502, "longitud": -72.08224 }, "geometry": { "type": "Point", "coordinates": [ -72.08224, -39.83502 ] } },
{ "type": "Feature", "properties": { "objectid": 17869, "dependencia": "JUNJI - VTF", "nombre_establecimiento": "PEUMAYEN", "rbd": "J14108017", "dgv_rbd": null, "estado": null, "direccion": null, "urbano_rural": "RURAL", "matricula": 31, "tipo": null, "cut_reg": "14", "cut_prov": "141", "cut_com": "14108", "region": "Los Ríos", "provincia": "Valdivia", "comuna": "Panguipulli", "globalid": "53a0a777-eeb8-45d9-ac07-5524de75081b", "latitud": -39.83500278, "longitud": -72.082125 }, "geometry": { "type": "Point", "coordinates": [ -72.08213, -39.835 ] } },
{ "type": "Feature", "properties": { "objectid": 17886, "dependencia": "SLEP", "nombre_establecimiento": "ESCUELA RURAL PUNAHUE", "rbd": "7090", "dgv_rbd": null, "estado": null, "direccion": null, "urbano_rural": "RURAL", "matricula": 7, "tipo": null, "cut_reg": "14", "cut_prov": "141", "cut_com": "14108", "region": "Los Ríos", "provincia": "Valdivia", "comuna": "Panguipulli", "globalid": "5a0f022d-fbb2-4e8d-a96b-1a73b611f7ba", "latitud": -39.83051, "longitud": -72.02322 }, "geometry": { "type": "Point", "coordinates": [ -72.02322, -39.83051 ] } },
{ "type": "Feature", "properties": { "objectid": 17946, "dependencia": "SLEP", "nombre_establecimiento": "ESCUELA RURAL LAGO NELTUME", "rbd": "7089", "dgv_rbd": null, "estado": null, "direccion": null, "urbano_rural": "RURAL", "matricula": 8, "tipo": null, "cut_reg": "14", "cut_prov": "141", "cut_com": "14108", "region": "Los Ríos", "provincia": "Valdivia", "comuna": "Panguipulli", "globalid": "68257ca7-250b-4fc3-a5b0-c5dcdbc5d316", "latitud": -39.81066, "longitud": -71.98404 }, "geometry": { "type": "Point", "coordinates": [ -71.98404, -39.81066 ] } },
{ "type": "Feature", "properties": { "objectid": 17971, "dependencia": "PARTICULAR SUBVENCIONADO", "nombre_establecimiento": "ESCUELA PARTICULAR LIQUINE", "rbd": "7113", "dgv_rbd": null, "estado": null, "direccion": null, "urbano_rural": "RURAL", "matricula": 40, "tipo": null, "cut_reg": "14", "cut_prov": "141", "cut_com": "14108", "region": "Los Ríos", "provincia": "Valdivia", "comuna": "Panguipulli", "globalid": "97f7feb4-af44-4e3b-9983-19f3cdafedce", "latitud": -39.74919, "longitud": -71.85564 }, "geometry": { "type": "Point", "coordinates": [ -71.85564, -39.74919 ] } },
{ "type": "Feature", "properties": { "objectid": 17973, "dependencia": "PARTICULAR SUBVENCIONADO", "nombre_establecimiento": "ESCUELA PARTICULAR NUEVA LIQUINE", "rbd": "7115", "dgv_rbd": null, "estado": null, "direccion": null, "urbano_rural": "RURAL", "matricula": 154, "tipo": null, "cut_reg": "14", "cut_prov": "141", "cut_com": "14108", "region": "Los Ríos", "provincia": "Valdivia", "comuna": "Panguipulli", "globalid": "f33b1467-a1e3-4600-8f58-4653e6426534", "latitud": -39.74672, "longitud": -71.85446 }, "geometry": { "type": "Point", "coordinates": [ -71.85446, -39.74672 ] } },
{ "type": "Feature", "properties": { "objectid": 17974, "dependencia": "JUNJI", "nombre_establecimiento": "PICHIKECHE MAHUIDA", "rbd": "J14108028", "dgv_rbd": null, "estado": null, "direccion": null, "urbano_rural": "RURAL", "matricula": 26, "tipo": null, "cut_reg": "14", "cut_prov": "141", "cut_com": "14108", "region": "Los Ríos", "provincia": "Valdivia", "comuna": "Panguipulli", "globalid": "a57458aa-8f5a-486c-92c0-f6e7422d141e", "latitud": -39.743463, "longitud": -71.854882 }, "geometry": { "type": "Point", "coordinates": [ -71.85488, -39.74346 ] } },
{ "type": "Feature", "properties": { "objectid": 17981, "dependencia": "SLEP", "nombre_establecimiento": "ESCUELA RURAL CARRIRINE", "rbd": "7078", "dgv_rbd": null, "estado": null, "direccion": null, "urbano_rural": "RURAL", "matricula": 18, "tipo": null, "cut_reg": "14", "cut_prov": "141", "cut_com": "14108", "region": "Los Ríos", "provincia": "Valdivia", "comuna": "Panguipulli", "globalid": "0ebccfc0-44b7-4c58-82d3-7aefe3115a19", "latitud": -39.71504, "longitud": -71.85315 }, "geometry": { "type": "Point", "coordinates": [ -71.85315, -39.71504 ] } },
{ "type": "Feature", "properties": { "objectid": 17982, "dependencia": "SLEP", "nombre_establecimiento": "ESCUELA RURAL CACHIM", "rbd": "7101", "dgv_rbd": null, "estado": null, "direccion": null, "urbano_rural": "RURAL", "matricula": 4, "tipo": null, "cut_reg": "14", "cut_prov": "141", "cut_com": "14108", "region": "Los Ríos", "provincia": "Valdivia", "comuna": "Panguipulli", "globalid": "feef1c56-0867-4b88-bc8a-10f4f431b5b6", "latitud": -39.71368, "longitud": -71.87665 }, "geometry": { "type": "Point", "coordinates": [ -71.87665, -39.71368 ] } },
{ "type": "Feature", "properties": { "objectid": 17988, "dependencia": "SLEP", "nombre_establecimiento": "ESCUELA RURAL MALCHEHUE", "rbd": "7079", "dgv_rbd": null, "estado": null, "direccion": null, "urbano_rural": "RURAL", "matricula": 7, "tipo": null, "cut_reg": "14", "cut_prov": "141", "cut_com": "14108", "region": "Los Ríos", "provincia": "Valdivia", "comuna": "Panguipulli", "globalid": "518627dc-e112-4d8a-a8ce-adbcc4fe707b", "latitud": -39.70616, "longitud": -72.36117 }, "geometry": { "type": "Point", "coordinates": [ -72.36117, -39.70616 ] } },
{ "type": "Feature", "properties": { "objectid": 17993, "dependencia": "SLEP", "nombre_establecimiento": "ESCUELA RURAL REHUEICO", "rbd": "7092", "dgv_rbd": null, "estado": null, "direccion": null, "urbano_rural": "RURAL", "matricula": 36, "tipo": null, "cut_reg": "14", "cut_prov": "141", "cut_com": "14108", "region": "Los Ríos", "provincia": "Valdivia", "comuna": "Panguipulli", "globalid": "640eeadd-ebfe-408c-87c0-b4589ccf4209", "latitud": -39.69513, "longitud": -71.89215 }, "geometry": { "type": "Point", "coordinates": [ -71.89215, -39.69513 ] } },
{ "type": "Feature", "properties": { "objectid": 17999, "dependencia": "JUNJI", "nombre_establecimiento": "CECI TRANSITO DE KULTRUNCAHUE", "rbd": "J14108024", "dgv_rbd": null, "estado": null, "direccion": null, "urbano_rural": "RURAL", "matricula": 9, "tipo": null, "cut_reg": "14", "cut_prov": "141", "cut_com": "14108", "region": "Los Ríos", "provincia": "Valdivia", "comuna": "Panguipulli", "globalid": "9070581e-f70b-4415-ac26-01f5f53d0b1c", "latitud": -39.677825, "longitud": -72.339224 }, "geometry": { "type": "Point", "coordinates": [ -72.33922, -39.67782 ] } },
{ "type": "Feature", "properties": { "objectid": 18007, "dependencia": "SLEP", "nombre_establecimiento": "ESCUELA RURAL LLONQUEN", "rbd": "7100", "dgv_rbd": null, "estado": null, "direccion": null, "urbano_rural": "RURAL", "matricula": 91, "tipo": null, "cut_reg": "14", "cut_prov": "141", "cut_com": "14108", "region": "Los Ríos", "provincia": "Valdivia", "comuna": "Panguipulli", "globalid": "d11846d9-1365-46cf-9e20-eb76f96b7928", "latitud": -39.66482, "longitud": -71.90725 }, "geometry": { "type": "Point", "coordinates": [ -71.90725, -39.66482 ] } },
{ "type": "Feature", "properties": { "objectid": 18008, "dependencia": "PARTICULAR SUBVENCIONADO", "nombre_establecimiento": "ESCUELA PARTICULAR TRAFUN CHICO", "rbd": "22269", "dgv_rbd": null, "estado": null, "direccion": null, "urbano_rural": "RURAL", "matricula": 7, "tipo": null, "cut_reg": "14", "cut_prov": "141", "cut_com": "14108", "region": "Los Ríos", "provincia": "Valdivia", "comuna": "Panguipulli", "globalid": "60d52cfa-2294-4f3f-ba63-ba9f1857fd3a", "latitud": -39.66454, "longitud": -71.84603 }, "geometry": { "type": "Point", "coordinates": [ -71.84603, -39.66454 ] } },
{ "type": "Feature", "properties": { "objectid": 18013, "dependencia": "PARTICULAR SUBVENCIONADO", "nombre_establecimiento": "ESCUELA ESPECIAL DE LENGUAJE RAYITO DE LUZ", "rbd": "20339", "dgv_rbd": null, "estado": null, "direccion": null, "urbano_rural": "URBANO", "matricula": 88, "tipo": null, "cut_reg": "14", "cut_prov": "141", "cut_com": "14108", "region": "Los Ríos", "provincia": "Valdivia", "comuna": "Panguipulli", "globalid": "7068193e-250d-4785-8593-d83717e736c6", "latitud": -39.64708, "longitud": -72.33191 }, "geometry": { "type": "Point", "coordinates": [ -72.33191, -39.64708 ] } },
{ "type": "Feature", "properties": { "objectid": 18014, "dependencia": "INTEGRA", "nombre_establecimiento": "FUENTE DE LUZ", "rbd": "I160802", "dgv_rbd": null, "estado": null, "direccion": null, "urbano_rural": "URBANO", "matricula": 85, "tipo": null, "cut_reg": "14", "cut_prov": "141", "cut_com": "14108", "region": "Los Ríos", "provincia": "Valdivia", "comuna": "Panguipulli", "globalid": "ae23578a-2ae0-4666-878e-db35d0a0a612", "latitud": -39.64567, "longitud": -72.343525 }, "geometry": { "type": "Point", "coordinates": [ -72.34352, -39.64567 ] } },
{ "type": "Feature", "properties": { "objectid": 18015, "dependencia": "SLEP", "nombre_establecimiento": "CENTRO DE EDUCACIÓN INTEGRAL DE ADULTOS NUEVO HORIZONTE", "rbd": "22549", "dgv_rbd": null, "estado": null, "direccion": null, "urbano_rural": "URBANO", "matricula": 104, "tipo": null, "cut_reg": "14", "cut_prov": "141", "cut_com": "14108", "region": "Los Ríos", "provincia": "Valdivia", "comuna": "Panguipulli", "globalid": "d4686296-3a1e-491f-9067-234267e5bf7a", "latitud": -39.64462, "longitud": -72.34271 }, "geometry": { "type": "Point", "coordinates": [ -72.34271, -39.64462 ] } },
{ "type": "Feature", "properties": { "objectid": 18016, "dependencia": "SLEP", "nombre_establecimiento": "ESCUELA MANUEL ANABALÓN SÁEZ", "rbd": "7059", "dgv_rbd": null, "estado": null, "direccion": null, "urbano_rural": "URBANO", "matricula": 432, "tipo": null, "cut_reg": "14", "cut_prov": "141", "cut_com": "14108", "region": "Los Ríos", "provincia": "Valdivia", "comuna": "Panguipulli", "globalid": "6afa4a5b-38c1-46f6-9c30-68f123d66b3e", "latitud": -39.64458, "longitud": -72.33952 }, "geometry": { "type": "Point", "coordinates": [ -72.33952, -39.64458 ] } },
{ "type": "Feature", "properties": { "objectid": 18017, "dependencia": "SLEP", "nombre_establecimiento": "ESCUELA RURAL COIHUECO", "rbd": "7086", "dgv_rbd": null, "estado": null, "direccion": null, "urbano_rural": "RURAL", "matricula": 32, "tipo": null, "cut_reg": "14", "cut_prov": "141", "cut_com": "14108", "region": "Los Ríos", "provincia": "Valdivia", "comuna": "Panguipulli", "globalid": "e9ff72a0-e7ff-4f8f-9280-68adda832de4", "latitud": -39.64417, "longitud": -72.20923 }, "geometry": { "type": "Point", "coordinates": [ -72.20923, -39.64417 ] } },
{ "type": "Feature", "properties": { "objectid": 18018, "dependencia": "JUNJI", "nombre_establecimiento": "CECI FULKUNPULLI", "rbd": "J14108022", "dgv_rbd": null, "estado": null, "direccion": null, "urbano_rural": "RURAL", "matricula": 15, "tipo": null, "cut_reg": "14", "cut_prov": "141", "cut_com": "14108", "region": "Los Ríos", "provincia": "Valdivia", "comuna": "Panguipulli", "globalid": "8662ca6b-1b77-4221-ab7e-2a235fc82312", "latitud": -39.64413, "longitud": -72.209196 }, "geometry": { "type": "Point", "coordinates": [ -72.2092, -39.64413 ] } },
{ "type": "Feature", "properties": { "objectid": 18019, "dependencia": "PARTICULAR SUBVENCIONADO", "nombre_establecimiento": "ESCUELA PARTICULAR PELEHUE", "rbd": "7109", "dgv_rbd": null, "estado": null, "direccion": null, "urbano_rural": "RURAL", "matricula": 13, "tipo": null, "cut_reg": "14", "cut_prov": "141", "cut_com": "14108", "region": "Los Ríos", "provincia": "Valdivia", "comuna": "Panguipulli", "globalid": "89791e53-3c98-4074-b817-3d581544ac57", "latitud": -39.6437, "longitud": -72.41793 }, "geometry": { "type": "Point", "coordinates": [ -72.41793, -39.6437 ] } },
{ "type": "Feature", "properties": { "objectid": 18020, "dependencia": "JUNJI - VTF", "nombre_establecimiento": "LOS QUERUBINES", "rbd": "J14108016", "dgv_rbd": null, "estado": null, "direccion": null, "urbano_rural": "URBANO", "matricula": 23, "tipo": null, "cut_reg": "14", "cut_prov": "141", "cut_com": "14108", "region": "Los Ríos", "provincia": "Valdivia", "comuna": "Panguipulli", "globalid": "a7e38b38-2d39-49a2-a76b-039cdef695d3", "latitud": -39.64286, "longitud": -72.349538 }, "geometry": { "type": "Point", "coordinates": [ -72.34954, -39.64286 ] } },
{ "type": "Feature", "properties": { "objectid": 18021, "dependencia": "JUNJI - VTF", "nombre_establecimiento": "QUECHUMALAL", "rbd": "J14108012", "dgv_rbd": null, "estado": null, "direccion": null, "urbano_rural": "URBANO", "matricula": 97, "tipo": null, "cut_reg": "14", "cut_prov": "141", "cut_com": "14108", "region": "Los Ríos", "provincia": "Valdivia", "comuna": "Panguipulli", "globalid": "2483ef39-99e2-4d39-bb83-c51ebeb40c1e", "latitud": -39.642234, "longitud": -72.345998 }, "geometry": { "type": "Point", "coordinates": [ -72.346, -39.64223 ] } },
{ "type": "Feature", "properties": { "objectid": 18022, "dependencia": "PARTICULAR SUBVENCIONADO", "nombre_establecimiento": "CENTRO EDUCACIONAL SAN SEBASTIAN", "rbd": "22527", "dgv_rbd": null, "estado": null, "direccion": null, "urbano_rural": "URBANO", "matricula": 651, "tipo": null, "cut_reg": "14", "cut_prov": "141", "cut_com": "14108", "region": "Los Ríos", "provincia": "Valdivia", "comuna": "Panguipulli", "globalid": "4808608b-cd0b-41df-a24d-607897dfba10", "latitud": -39.64204, "longitud": -72.33475 }, "geometry": { "type": "Point", "coordinates": [ -72.33475, -39.64204 ] } },
{ "type": "Feature", "properties": { "objectid": 18023, "dependencia": "SLEP", "nombre_establecimiento": "ESCUELA MARIA ALVARADO GARAY", "rbd": "7050", "dgv_rbd": null, "estado": null, "direccion": null, "urbano_rural": "URBANO", "matricula": 549, "tipo": null, "cut_reg": "14", "cut_prov": "141", "cut_com": "14108", "region": "Los Ríos", "provincia": "Valdivia", "comuna": "Panguipulli", "globalid": "8cc1ad8a-a311-4e41-bd05-4a8c3a4d1090", "latitud": -39.64164, "longitud": -72.33068 }, "geometry": { "type": "Point", "coordinates": [ -72.33068, -39.64164 ] } },
{ "type": "Feature", "properties": { "objectid": 18024, "dependencia": "PARTICULAR SUBVENCIONADO", "nombre_establecimiento": "LICEO PADRE SIGISFREDO", "rbd": "7102", "dgv_rbd": null, "estado": null, "direccion": null, "urbano_rural": "URBANO", "matricula": 363, "tipo": null, "cut_reg": "14", "cut_prov": "141", "cut_com": "14108", "region": "Los Ríos", "provincia": "Valdivia", "comuna": "Panguipulli", "globalid": "0af9f9a7-21c7-4d2f-83b7-0e8df42f70f6", "latitud": -39.64148, "longitud": -72.33309 }, "geometry": { "type": "Point", "coordinates": [ -72.33309, -39.64148 ] } },
{ "type": "Feature", "properties": { "objectid": 18025, "dependencia": "PARTICULAR SUBVENCIONADO", "nombre_establecimiento": "COLEGIO MOUNTAIN GREEN SCHOOL", "rbd": "22452", "dgv_rbd": null, "estado": null, "direccion": null, "urbano_rural": "RURAL", "matricula": 139, "tipo": null, "cut_reg": "14", "cut_prov": "141", "cut_com": "14108", "region": "Los Ríos", "provincia": "Valdivia", "comuna": "Panguipulli", "globalid": "221dd73b-7a83-4b57-8281-312cf79d7fcd", "latitud": -39.64114, "longitud": -72.33701 }, "geometry": { "type": "Point", "coordinates": [ -72.33701, -39.64114 ] } },
{ "type": "Feature", "properties": { "objectid": 18026, "dependencia": "PARTICULAR SUBVENCIONADO", "nombre_establecimiento": "ESCUELA DE LENGUAJE ALMA MATER", "rbd": "20450", "dgv_rbd": null, "estado": null, "direccion": null, "urbano_rural": "URBANO", "matricula": 119, "tipo": null, "cut_reg": "14", "cut_prov": "141", "cut_com": "14108", "region": "Los Ríos", "provincia": "Valdivia", "comuna": "Panguipulli", "globalid": "136fbe95-5c4f-4b10-8a3f-6d448c0b0c5d", "latitud": -39.64114, "longitud": -72.33362 }, "geometry": { "type": "Point", "coordinates": [ -72.33362, -39.64114 ] } },
{ "type": "Feature", "properties": { "objectid": 18027, "dependencia": "SLEP", "nombre_establecimiento": "CENTRO EDUCATIVO FERNANDO SANTIVAN", "rbd": "7049", "dgv_rbd": null, "estado": null, "direccion": null, "urbano_rural": "URBANO", "matricula": 393, "tipo": null, "cut_reg": "14", "cut_prov": "141", "cut_com": "14108", "region": "Los Ríos", "provincia": "Valdivia", "comuna": "Panguipulli", "globalid": "826a3023-7fcf-4a33-b393-3bc6e5a094dc", "latitud": -39.63939, "longitud": -72.32705 }, "geometry": { "type": "Point", "coordinates": [ -72.32705, -39.63939 ] } },
{ "type": "Feature", "properties": { "objectid": 18028, "dependencia": "JUNJI - VTF", "nombre_establecimiento": "PUDU", "rbd": "J14108021", "dgv_rbd": null, "estado": null, "direccion": null, "urbano_rural": "URBANO", "matricula": 34, "tipo": null, "cut_reg": "14", "cut_prov": "141", "cut_com": "14108", "region": "Los Ríos", "provincia": "Valdivia", "comuna": "Panguipulli", "globalid": "8679cd6f-0f47-419d-b3af-fe9b62f638f5", "latitud": -39.63925, "longitud": -72.318725 }, "geometry": { "type": "Point", "coordinates": [ -72.31873, -39.63925 ] } },
{ "type": "Feature", "properties": { "objectid": 18029, "dependencia": "PARTICULAR SUBVENCIONADO", "nombre_establecimiento": "LICEO BICENTENARIO DE EXELENCIA TECNICO PROFESIONAL PEOPLE HELP PEOPLE DE PANGUIPULLI", "rbd": "16843", "dgv_rbd": null, "estado": null, "direccion": null, "urbano_rural": "URBANO", "matricula": 897, "tipo": null, "cut_reg": "14", "cut_prov": "141", "cut_com": "14108", "region": "Los Ríos", "provincia": "Valdivia", "comuna": "Panguipulli", "globalid": "db4132de-45ea-4fc1-a0ec-18c652e39ec6", "latitud": -39.63844, "longitud": -72.32401 }, "geometry": { "type": "Point", "coordinates": [ -72.32401, -39.63844 ] } },
{ "type": "Feature", "properties": { "objectid": 18032, "dependencia": "JUNJI", "nombre_establecimiento": "LOS LEONCITOS", "rbd": "J14108002", "dgv_rbd": null, "estado": null, "direccion": null, "urbano_rural": "URBANO", "matricula": 18, "tipo": null, "cut_reg": "14", "cut_prov": "141", "cut_com": "14108", "region": "Los Ríos", "provincia": "Valdivia", "comuna": "Panguipulli", "globalid": "f48b6572-4934-42f3-8e00-0945dca707cc", "latitud": -39.638229, "longitud": -72.326581 }, "geometry": { "type": "Point", "coordinates": [ -72.32658, -39.63823 ] } },
{ "type": "Feature", "properties": { "objectid": 18033, "dependencia": "PARTICULAR SUBVENCIONADO", "nombre_establecimiento": "ESCUELA PARTICULAR TRULLUN MAPU", "rbd": "22353", "dgv_rbd": null, "estado": null, "direccion": null, "urbano_rural": "RURAL", "matricula": 7, "tipo": null, "cut_reg": "14", "cut_prov": "141", "cut_com": "14108", "region": "Los Ríos", "provincia": "Valdivia", "comuna": "Panguipulli", "globalid": "ec59631d-b8a5-4c80-bf7f-ea81c0871e21", "latitud": -39.63636, "longitud": -72.18747 }, "geometry": { "type": "Point", "coordinates": [ -72.18747, -39.63636 ] } },
{ "type": "Feature", "properties": { "objectid": 18034, "dependencia": "JUNJI - VTF", "nombre_establecimiento": "KUPULWE", "rbd": "J14108011", "dgv_rbd": null, "estado": null, "direccion": null, "urbano_rural": "RURAL", "matricula": 71, "tipo": null, "cut_reg": "14", "cut_prov": "141", "cut_com": "14108", "region": "Los Ríos", "provincia": "Valdivia", "comuna": "Panguipulli", "globalid": "4b57392e-23f7-4e7c-8456-10b301c4773c", "latitud": -39.63599, "longitud": -72.343021 }, "geometry": { "type": "Point", "coordinates": [ -72.34302, -39.63599 ] } },
{ "type": "Feature", "properties": { "objectid": 18035, "dependencia": "SLEP", "nombre_establecimiento": "ESCUELA CLAUDIO ARRAU LEON", "rbd": "22531", "dgv_rbd": null, "estado": null, "direccion": null, "urbano_rural": "URBANO", "matricula": 278, "tipo": null, "cut_reg": "14", "cut_prov": "141", "cut_com": "14108", "region": "Los Ríos", "provincia": "Valdivia", "comuna": "Panguipulli", "globalid": "2cf3a035-3bf2-419f-852c-a09a09b53934", "latitud": -39.63559, "longitud": -72.34345 }, "geometry": { "type": "Point", "coordinates": [ -72.34345, -39.63559 ] } },
{ "type": "Feature", "properties": { "objectid": 18036, "dependencia": "SLEP", "nombre_establecimiento": "LICEO BICENTENARIO DE EXCELENCIA ALTAMIRA", "rbd": "22483", "dgv_rbd": null, "estado": null, "direccion": null, "urbano_rural": "URBANO", "matricula": 691, "tipo": null, "cut_reg": "14", "cut_prov": "141", "cut_com": "14108", "region": "Los Ríos", "provincia": "Valdivia", "comuna": "Panguipulli", "globalid": "4c859b91-e863-4504-8a39-b533d2aaaf7a", "latitud": -39.63556, "longitud": -72.34386 }, "geometry": { "type": "Point", "coordinates": [ -72.34386, -39.63556 ] } },
{ "type": "Feature", "properties": { "objectid": 18040, "dependencia": "SLEP", "nombre_establecimiento": "ESCUELA RURAL COZ COZ", "rbd": "7069", "dgv_rbd": null, "estado": null, "direccion": null, "urbano_rural": "RURAL", "matricula": 8, "tipo": null, "cut_reg": "14", "cut_prov": "141", "cut_com": "14108", "region": "Los Ríos", "provincia": "Valdivia", "comuna": "Panguipulli", "globalid": "2790bb46-c9a2-4f51-9d9b-8b3fe30798ce", "latitud": -39.61803, "longitud": -72.26475 }, "geometry": { "type": "Point", "coordinates": [ -72.26475, -39.61803 ] } },
{ "type": "Feature", "properties": { "objectid": 18041, "dependencia": "SLEP", "nombre_establecimiento": "ESCUELA RURAL CAYUMAPU", "rbd": "7088", "dgv_rbd": null, "estado": null, "direccion": null, "urbano_rural": "RURAL", "matricula": 9, "tipo": null, "cut_reg": "14", "cut_prov": "141", "cut_com": "14108", "region": "Los Ríos", "provincia": "Valdivia", "comuna": "Panguipulli", "globalid": "1f92c22a-2daa-4d31-a1c8-39391589560e", "latitud": -39.61272, "longitud": -72.19921 }, "geometry": { "type": "Point", "coordinates": [ -72.19921, -39.61272 ] } },
{ "type": "Feature", "properties": { "objectid": 18042, "dependencia": "SLEP", "nombre_establecimiento": "ESCUELA RURAL HUELLAHUE", "rbd": "7063", "dgv_rbd": null, "estado": null, "direccion": null, "urbano_rural": "RURAL", "matricula": 171, "tipo": null, "cut_reg": "14", "cut_prov": "141", "cut_com": "14108", "region": "Los Ríos", "provincia": "Valdivia", "comuna": "Panguipulli", "globalid": "da7e11ba-dfad-4ec3-8400-1824200dbec4", "latitud": -39.60648, "longitud": -72.3671 }, "geometry": { "type": "Point", "coordinates": [ -72.3671, -39.60648 ] } },
{ "type": "Feature", "properties": { "objectid": 18045, "dependencia": "PARTICULAR SUBVENCIONADO", "nombre_establecimiento": "LICEO TECNICO PROFESIONAL PEOPLE HELP PEOPLE PULLINQUE", "rbd": "16844", "dgv_rbd": null, "estado": null, "direccion": null, "urbano_rural": "RURAL", "matricula": 521, "tipo": null, "cut_reg": "14", "cut_prov": "141", "cut_com": "14108", "region": "Los Ríos", "provincia": "Valdivia", "comuna": "Panguipulli", "globalid": "8a480dfa-22a8-4297-85e1-7a82abefaa24", "latitud": -39.59905, "longitud": -72.23039 }, "geometry": { "type": "Point", "coordinates": [ -72.23039, -39.59905 ] } },
{ "type": "Feature", "properties": { "objectid": 18047, "dependencia": "SLEP", "nombre_establecimiento": "ESCUELA RURAL PULLINQUE", "rbd": "7062", "dgv_rbd": null, "estado": null, "direccion": null, "urbano_rural": "RURAL", "matricula": 105, "tipo": null, "cut_reg": "14", "cut_prov": "141", "cut_com": "14108", "region": "Los Ríos", "provincia": "Valdivia", "comuna": "Panguipulli", "globalid": "53a35192-59c6-4ba1-9b7e-f4994ef02144", "latitud": -39.5965, "longitud": -72.22223 }, "geometry": { "type": "Point", "coordinates": [ -72.22223, -39.5965 ] } },
{ "type": "Feature", "properties": { "objectid": 18049, "dependencia": "PARTICULAR SUBVENCIONADO", "nombre_establecimiento": "ESCUELA PARTICULAR SAN MIGUEL", "rbd": "22025", "dgv_rbd": null, "estado": null, "direccion": null, "urbano_rural": "RURAL", "matricula": 31, "tipo": null, "cut_reg": "14", "cut_prov": "141", "cut_com": "14108", "region": "Los Ríos", "provincia": "Valdivia", "comuna": "Panguipulli", "globalid": "936df8b6-5961-49ce-b593-7bbd65e1e5be", "latitud": -39.5875, "longitud": -72.00529 }, "geometry": { "type": "Point", "coordinates": [ -72.00529, -39.5875 ] } },
{ "type": "Feature", "properties": { "objectid": 18050, "dependencia": "PARTICULAR SUBVENCIONADO", "nombre_establecimiento": "ESCUELA PARTICULAR PADRE BERGER", "rbd": "7125", "dgv_rbd": null, "estado": null, "direccion": null, "urbano_rural": "RURAL", "matricula": 239, "tipo": null, "cut_reg": "14", "cut_prov": "141", "cut_com": "14108", "region": "Los Ríos", "provincia": "Valdivia", "comuna": "Panguipulli", "globalid": "d993732b-fd4b-4b93-9fa7-8577b96d6416", "latitud": -39.58397, "longitud": -72.43632 }, "geometry": { "type": "Point", "coordinates": [ -72.43632, -39.58397 ] } },
{ "type": "Feature", "properties": { "objectid": 18051, "dependencia": "SLEP", "nombre_establecimiento": "ESCUELA BASICA REPUBLICA DE CHILE", "rbd": "7064", "dgv_rbd": null, "estado": null, "direccion": null, "urbano_rural": "RURAL", "matricula": 83, "tipo": null, "cut_reg": "14", "cut_prov": "141", "cut_com": "14108", "region": "Los Ríos", "provincia": "Valdivia", "comuna": "Panguipulli", "globalid": "5879ff3b-907e-4c1d-a74d-3177a21da1de", "latitud": -39.58222, "longitud": -72.43693 }, "geometry": { "type": "Point", "coordinates": [ -72.43693, -39.58222 ] } },
{ "type": "Feature", "properties": { "objectid": 18052, "dependencia": "JUNJI - VTF", "nombre_establecimiento": "ESTRELLITAS FELICES", "rbd": "J14108018", "dgv_rbd": null, "estado": null, "direccion": null, "urbano_rural": "RURAL", "matricula": 29, "tipo": null, "cut_reg": "14", "cut_prov": "141", "cut_com": "14108", "region": "Los Ríos", "provincia": "Valdivia", "comuna": "Panguipulli", "globalid": "a19453d9-5e89-428b-9474-60741e1311f9", "latitud": -39.581025, "longitud": -72.43839167 }, "geometry": { "type": "Point", "coordinates": [ -72.43839, -39.58102 ] } },
{ "type": "Feature", "properties": { "objectid": 18053, "dependencia": "SLEP", "nombre_establecimiento": "ESCUELA RURAL LLANCAHUE", "rbd": "7072", "dgv_rbd": null, "estado": null, "direccion": null, "urbano_rural": "RURAL", "matricula": 10, "tipo": null, "cut_reg": "14", "cut_prov": "141", "cut_com": "14108", "region": "Los Ríos", "provincia": "Valdivia", "comuna": "Panguipulli", "globalid": "6cef9215-aa54-4fff-a050-5193b09822db", "latitud": -39.58009, "longitud": -71.94461 }, "geometry": { "type": "Point", "coordinates": [ -71.94461, -39.58009 ] } },
{ "type": "Feature", "properties": { "objectid": 18054, "dependencia": "PARTICULAR SUBVENCIONADO", "nombre_establecimiento": "ESCUELA ESPECIAL TRANSTORNOS DE LENGUAJE TRAI TRAI LAFQUEN", "rbd": "31022", "dgv_rbd": null, "estado": null, "direccion": null, "urbano_rural": "RURAL", "matricula": 27, "tipo": null, "cut_reg": "14", "cut_prov": "141", "cut_com": "14108", "region": "Los Ríos", "provincia": "Valdivia", "comuna": "Panguipulli", "globalid": "38f302ed-ee21-4187-9df6-f569edc17e28", "latitud": -39.57734, "longitud": -72.44341 }, "geometry": { "type": "Point", "coordinates": [ -72.44341, -39.57734 ] } },
{ "type": "Feature", "properties": { "objectid": 18055, "dependencia": "SLEP", "nombre_establecimiento": "ESCUELA RURAL BOCATOMA", "rbd": "7083", "dgv_rbd": null, "estado": null, "direccion": null, "urbano_rural": "RURAL", "matricula": 38, "tipo": null, "cut_reg": "14", "cut_prov": "141", "cut_com": "14108", "region": "Los Ríos", "provincia": "Valdivia", "comuna": "Panguipulli", "globalid": "8bd401f9-167d-4db1-b1b1-e26c6238ce3f", "latitud": -39.57433, "longitud": -72.17935 }, "geometry": { "type": "Point", "coordinates": [ -72.17935, -39.57433 ] } },
{ "type": "Feature", "properties": { "objectid": 18056, "dependencia": "JUNJI - VTF", "nombre_establecimiento": "METATUWE LLONGAHUE", "rbd": "J14108014", "dgv_rbd": null, "estado": null, "direccion": null, "urbano_rural": "RURAL", "matricula": 28, "tipo": null, "cut_reg": "14", "cut_prov": "141", "cut_com": "14108", "region": "Los Ríos", "provincia": "Valdivia", "comuna": "Panguipulli", "globalid": "80f267a1-102f-4b9c-966c-7d5b3d5a5c2d", "latitud": -39.574205, "longitud": -72.179527 }, "geometry": { "type": "Point", "coordinates": [ -72.17953, -39.5742 ] } },
{ "type": "Feature", "properties": { "objectid": 18057, "dependencia": "SLEP", "nombre_establecimiento": "ESCUELA RURAL PITREN", "rbd": "7057", "dgv_rbd": null, "estado": null, "direccion": null, "urbano_rural": "RURAL", "matricula": 5, "tipo": null, "cut_reg": "14", "cut_prov": "141", "cut_com": "14108", "region": "Los Ríos", "provincia": "Valdivia", "comuna": "Panguipulli", "globalid": "a03064b4-294e-4f0f-ba47-50d1079847b4", "latitud": -39.57163, "longitud": -72.21272 }, "geometry": { "type": "Point", "coordinates": [ -72.21272, -39.57163 ] } },
{ "type": "Feature", "properties": { "objectid": 18058, "dependencia": "JUNJI - VTF", "nombre_establecimiento": "RUCAMILLA", "rbd": "J14108015", "dgv_rbd": null, "estado": null, "direccion": null, "urbano_rural": "RURAL", "matricula": 51, "tipo": null, "cut_reg": "14", "cut_prov": "141", "cut_com": "14108", "region": "Los Ríos", "provincia": "Valdivia", "comuna": "Panguipulli", "globalid": "28f2e86b-37ec-4746-b58a-c145b87b64b0", "latitud": -39.56779444, "longitud": -72.00819722 }, "geometry": { "type": "Point", "coordinates": [ -72.0082, -39.56779 ] } },
{ "type": "Feature", "properties": { "objectid": 18059, "dependencia": "PARTICULAR SUBVENCIONADO", "nombre_establecimiento": "ESCUELA PART. PADRE ENRIQUE ROMER", "rbd": "7108", "dgv_rbd": null, "estado": null, "direccion": null, "urbano_rural": "RURAL", "matricula": 188, "tipo": null, "cut_reg": "14", "cut_prov": "141", "cut_com": "14108", "region": "Los Ríos", "provincia": "Valdivia", "comuna": "Panguipulli", "globalid": "3c1e68b5-e71b-4775-9bba-10a997315e57", "latitud": -39.56706, "longitud": -72.00762 }, "geometry": { "type": "Point", "coordinates": [ -72.00762, -39.56706 ] } },
{ "type": "Feature", "properties": { "objectid": 18060, "dependencia": "PARTICULAR SUBVENCIONADO", "nombre_establecimiento": "CENTRO INTEGRAL DE ADULTOS TREUCANCHE", "rbd": "22514", "dgv_rbd": null, "estado": null, "direccion": null, "urbano_rural": "RURAL", "matricula": 40, "tipo": null, "cut_reg": "14", "cut_prov": "141", "cut_com": "14108", "region": "Los Ríos", "provincia": "Valdivia", "comuna": "Panguipulli", "globalid": "21324d52-872d-404b-aa19-495cd3c3e30b", "latitud": -39.56656, "longitud": -72.02036 }, "geometry": { "type": "Point", "coordinates": [ -72.02036, -39.56656 ] } },
{ "type": "Feature", "properties": { "objectid": 18061, "dependencia": "PARTICULAR SUBVENCIONADO", "nombre_establecimiento": "COL. DE ARTES, CIENCIA Y TEC. DA VINCI", "rbd": "7122", "dgv_rbd": null, "estado": null, "direccion": null, "urbano_rural": "RURAL", "matricula": 209, "tipo": null, "cut_reg": "14", "cut_prov": "141", "cut_com": "14108", "region": "Los Ríos", "provincia": "Valdivia", "comuna": "Panguipulli", "globalid": "46f7942e-ea1e-48df-a9f9-f94aed8ce950", "latitud": -39.56603, "longitud": -72.00881 }, "geometry": { "type": "Point", "coordinates": [ -72.00881, -39.56603 ] } },
{ "type": "Feature", "properties": { "objectid": 18567, "dependencia": "PARTICULAR SUBVENCIONADO", "nombre_establecimiento": "LICEO TECNOLOGICO COÑARIPE", "rbd": "40102", "dgv_rbd": null, "estado": null, "direccion": null, "urbano_rural": "RURAL", "matricula": 248, "tipo": null, "cut_reg": "14", "cut_prov": "141", "cut_com": "14108", "region": "Los Ríos", "provincia": "Valdivia", "comuna": "Panguipulli", "globalid": "d79b1433-3ea8-41cd-803b-d886b8fc1c6a", "latitud": -39.54985, "longitud": -71.99007 }, "geometry": { "type": "Point", "coordinates": [ -71.99007, -39.54985 ] } },
{ "type": "Feature", "properties": { "objectid": 18570, "dependencia": "PARTICULAR SUBVENCIONADO", "nombre_establecimiento": "ESCUELA PARTICULAR TRELEHUENO", "rbd": "7123", "dgv_rbd": null, "estado": null, "direccion": null, "urbano_rural": "RURAL", "matricula": 34, "tipo": null, "cut_reg": "14", "cut_prov": "141", "cut_com": "14108", "region": "Los Ríos", "provincia": "Valdivia", "comuna": "Panguipulli", "globalid": "430320f5-2a05-4a74-846f-b18078cfa20d", "latitud": -39.54272, "longitud": -71.97366 }, "geometry": { "type": "Point", "coordinates": [ -71.97366, -39.54272 ] } },
{ "type": "Feature", "properties": { "objectid": 18583, "dependencia": "JUNJI", "nombre_establecimiento": "PICHI NEWEN MAPU", "rbd": "J14108025", "dgv_rbd": null, "estado": null, "direccion": null, "urbano_rural": "RURAL", "matricula": 13, "tipo": null, "cut_reg": "14", "cut_prov": "141", "cut_com": "14108", "region": "Los Ríos", "provincia": "Valdivia", "comuna": "Panguipulli", "globalid": "c3a1981b-9f9a-4e2e-be40-602e6c24747f", "latitud": -39.539192, "longitud": -72.039253 }, "geometry": { "type": "Point", "coordinates": [ -72.03925, -39.53919 ] } },
{ "type": "Feature", "properties": { "objectid": 18584, "dependencia": "PARTICULAR SUBVENCIONADO", "nombre_establecimiento": "ESCUELA PARTICULAR TRAITRAICO", "rbd": "7118", "dgv_rbd": null, "estado": null, "direccion": null, "urbano_rural": "RURAL", "matricula": 40, "tipo": null, "cut_reg": "14", "cut_prov": "141", "cut_com": "14108", "region": "Los Ríos", "provincia": "Valdivia", "comuna": "Panguipulli", "globalid": "671bc132-545e-4e0a-9e16-de650e23ebf6", "latitud": -39.53904, "longitud": -72.03862 }, "geometry": { "type": "Point", "coordinates": [ -72.03862, -39.53904 ] } },
{ "type": "Feature", "properties": { "objectid": 18600, "dependencia": "JUNJI", "nombre_establecimiento": "CARITAS FELICES DE HUITAG", "rbd": "J14108023", "dgv_rbd": null, "estado": null, "direccion": null, "urbano_rural": "RURAL", "matricula": 14, "tipo": null, "cut_reg": "14", "cut_prov": "141", "cut_com": "14108", "region": "Los Ríos", "provincia": "Valdivia", "comuna": "Panguipulli", "globalid": "991fc1c6-24e7-49ca-83c2-0dfe4f2965cb", "latitud": -39.533566, "longitud": -72.313881 }, "geometry": { "type": "Point", "coordinates": [ -72.31388, -39.53357 ] } },
{ "type": "Feature", "properties": { "objectid": 18601, "dependencia": "SLEP", "nombre_establecimiento": "ESCUELA RURAL HUITAG", "rbd": "7058", "dgv_rbd": null, "estado": null, "direccion": null, "urbano_rural": "RURAL", "matricula": 15, "tipo": null, "cut_reg": "14", "cut_prov": "141", "cut_com": "14108", "region": "Los Ríos", "provincia": "Valdivia", "comuna": "Panguipulli", "globalid": "415231b7-37b7-4777-a56a-d1089123ce50", "latitud": -39.53356, "longitud": -72.31397 }, "geometry": { "type": "Point", "coordinates": [ -72.31397, -39.53356 ] } },
{ "type": "Feature", "properties": { "objectid": 18609, "dependencia": "PARTICULAR SUBVENCIONADO", "nombre_establecimiento": "ESCUELA PARTICULAR PUCURA", "rbd": "7111", "dgv_rbd": null, "estado": null, "direccion": null, "urbano_rural": "RURAL", "matricula": 67, "tipo": null, "cut_reg": "14", "cut_prov": "141", "cut_com": "14108", "region": "Los Ríos", "provincia": "Valdivia", "comuna": "Panguipulli", "globalid": "6b1f7be4-8fb2-4df5-8bdd-78b7ebc94275", "latitud": -39.51178, "longitud": -72.06215 }, "geometry": { "type": "Point", "coordinates": [ -72.06215, -39.51178 ] } },
{ "type": "Feature", "properties": { "objectid": 18611, "dependencia": "JUNJI - VTF", "nombre_establecimiento": "WE LIWEN", "rbd": "J14103053", "dgv_rbd": null, "estado": null, "direccion": null, "urbano_rural": "RURAL", "matricula": 18, "tipo": null, "cut_reg": "14", "cut_prov": "141", "cut_com": "14103", "region": "Los Ríos", "provincia": "Valdivia", "comuna": "Lanco", "globalid": "67072fc3-76ba-48b3-aa9c-411aca4ab4dd", "latitud": -39.51082778000001, "longitud": -72.468172220000014 }, "geometry": { "type": "Point", "coordinates": [ -72.46817, -39.51083 ] } },
{ "type": "Feature", "properties": { "objectid": 18612, "dependencia": "SLEP", "nombre_establecimiento": "ESCUELA RURAL REDUCCION ANTILHUE", "rbd": "6901", "dgv_rbd": null, "estado": null, "direccion": null, "urbano_rural": "RURAL", "matricula": 24, "tipo": null, "cut_reg": "14", "cut_prov": "141", "cut_com": "14103", "region": "Los Ríos", "provincia": "Valdivia", "comuna": "Lanco", "globalid": "61923dd2-6664-47b2-9800-7626d8fef5b3", "latitud": -39.51005, "longitud": -72.46787 }, "geometry": { "type": "Point", "coordinates": [ -72.46787, -39.51005 ] } },
{ "type": "Feature", "properties": { "objectid": 18618, "dependencia": "SLEP", "nombre_establecimiento": "ESCUELA RURAL MILLEUCO", "rbd": "7095", "dgv_rbd": null, "estado": null, "direccion": null, "urbano_rural": "RURAL", "matricula": 2, "tipo": null, "cut_reg": "09", "cut_prov": "091", "cut_com": "09120", "region": "La Araucanía", "provincia": "Cautín", "comuna": "Villarrica", "globalid": "b1afc464-bc5a-4d7d-97ae-488e4b6bde70", "latitud": -39.48876, "longitud": -72.28261 }, "geometry": { "type": "Point", "coordinates": [ -72.28261, -39.48876 ] } },
{ "type": "Feature", "properties": { "objectid": 18619, "dependencia": "PARTICULAR SUBVENCIONADO", "nombre_establecimiento": "ESCUELA PARTICULAR NUEVA ESPERANZA", "rbd": "6126", "dgv_rbd": null, "estado": null, "direccion": null, "urbano_rural": "URBANO", "matricula": 182, "tipo": null, "cut_reg": "09", "cut_prov": "091", "cut_com": "09120", "region": "La Araucanía", "provincia": "Cautín", "comuna": "Villarrica", "globalid": "5f5fab06-90c1-452a-942a-b3bb8d5d09d0", "latitud": -39.48848, "longitud": -72.15538 }, "geometry": { "type": "Point", "coordinates": [ -72.15538, -39.48848 ] } },
{ "type": "Feature", "properties": { "objectid": 18620, "dependencia": "JUNJI - VTF", "nombre_establecimiento": "SC Y JI PERUN RAYEN (LICAN RAY)", "rbd": "J9120015", "dgv_rbd": null, "estado": null, "direccion": null, "urbano_rural": "URBANO", "matricula": 52, "tipo": null, "cut_reg": "09", "cut_prov": "091", "cut_com": "09120", "region": "La Araucanía", "provincia": "Cautín", "comuna": "Villarrica", "globalid": "76b9d77f-8de6-4425-9c71-87a879c92b82", "latitud": -39.48757335, "longitud": -72.15574735 }, "geometry": { "type": "Point", "coordinates": [ -72.15575, -39.48757 ] } },
{ "type": "Feature", "properties": { "objectid": 18621, "dependencia": "MUNICIPAL", "nombre_establecimiento": "ESCUELA EPUKLEI", "rbd": "6092", "dgv_rbd": null, "estado": null, "direccion": null, "urbano_rural": "URBANO", "matricula": 205, "tipo": null, "cut_reg": "09", "cut_prov": "091", "cut_com": "09120", "region": "La Araucanía", "provincia": "Cautín", "comuna": "Villarrica", "globalid": "b88a496b-698b-49cf-bcdc-06709ff14613", "latitud": -39.48732, "longitud": -72.15584 }, "geometry": { "type": "Point", "coordinates": [ -72.15584, -39.48732 ] } },
{ "type": "Feature", "properties": { "objectid": 18622, "dependencia": "PARTICULAR SUBVENCIONADO", "nombre_establecimiento": "LICEO BICENTENARIO DE EXCELENCIA SAN AGUSTÍN", "rbd": "6115", "dgv_rbd": null, "estado": null, "direccion": null, "urbano_rural": "URBANO", "matricula": 413, "tipo": null, "cut_reg": "09", "cut_prov": "091", "cut_com": "09120", "region": "La Araucanía", "provincia": "Cautín", "comuna": "Villarrica", "globalid": "0f715836-d3fc-481e-9fbc-d0386caf54e1", "latitud": -39.48683, "longitud": -72.15504 }, "geometry": { "type": "Point", "coordinates": [ -72.15504, -39.48683 ] } },
{ "type": "Feature", "properties": { "objectid": 18623, "dependencia": "PARTICULAR SUBVENCIONADO", "nombre_establecimiento": "LICEO PART. LIBERTAD", "rbd": "6119", "dgv_rbd": null, "estado": null, "direccion": null, "urbano_rural": "URBANO", "matricula": 369, "tipo": null, "cut_reg": "09", "cut_prov": "091", "cut_com": "09120", "region": "La Araucanía", "provincia": "Cautín", "comuna": "Villarrica", "globalid": "5618be0e-2119-46ab-a757-2043f837f5c9", "latitud": -39.48448, "longitud": -72.16368 }, "geometry": { "type": "Point", "coordinates": [ -72.16368, -39.48448 ] } },
{ "type": "Feature", "properties": { "objectid": 18625, "dependencia": "PARTICULAR SUBVENCIONADO", "nombre_establecimiento": "ESCUELA PARTICULAR RAYENKO", "rbd": "6143", "dgv_rbd": null, "estado": null, "direccion": null, "urbano_rural": "RURAL", "matricula": 28, "tipo": null, "cut_reg": "09", "cut_prov": "091", "cut_com": "09120", "region": "La Araucanía", "provincia": "Cautín", "comuna": "Villarrica", "globalid": "323b31f3-4919-42dd-9103-eb249205307d", "latitud": -39.48176, "longitud": -72.27837 }, "geometry": { "type": "Point", "coordinates": [ -72.27837, -39.48176 ] } },
{ "type": "Feature", "properties": { "objectid": 18631, "dependencia": "PARTICULAR SUBVENCIONADO", "nombre_establecimiento": "ECO ESCUELA ANTU MAWIDA", "rbd": "6040", "dgv_rbd": null, "estado": null, "direccion": null, "urbano_rural": "RURAL", "matricula": 47, "tipo": null, "cut_reg": "09", "cut_prov": "091", "cut_com": "09104", "region": "La Araucanía", "provincia": "Cautín", "comuna": "Curarrehue", "globalid": "0973cbb9-6324-4fd4-9749-15c0cd6debfb", "latitud": -39.47472, "longitud": -71.52147 }, "geometry": { "type": "Point", "coordinates": [ -71.52147, -39.47472 ] } },
{ "type": "Feature", "properties": { "objectid": 18633, "dependencia": "MUNICIPAL", "nombre_establecimiento": "ESCUELA RUCAHUE", "rbd": "6315", "dgv_rbd": null, "estado": null, "direccion": null, "urbano_rural": "RURAL", "matricula": 5, "tipo": null, "cut_reg": "09", "cut_prov": "091", "cut_com": "09109", "region": "La Araucanía", "provincia": "Cautín", "comuna": "Loncoche", "globalid": "cf91f7f6-0f06-428d-8ebd-0e647f6aaff4", "latitud": -39.46181, "longitud": -72.37183 }, "geometry": { "type": "Point", "coordinates": [ -72.37183, -39.46181 ] } },
{ "type": "Feature", "properties": { "objectid": 18634, "dependencia": "MUNICIPAL", "nombre_establecimiento": "ESCUELA ALIHUEN", "rbd": "7077", "dgv_rbd": null, "estado": null, "direccion": null, "urbano_rural": "RURAL", "matricula": 15, "tipo": null, "cut_reg": "09", "cut_prov": "091", "cut_com": "09120", "region": "La Araucanía", "provincia": "Cautín", "comuna": "Villarrica", "globalid": "72c642ed-a98c-48e8-bda9-1dfa566dcb8b", "latitud": -39.45783, "longitud": -72.12659 }, "geometry": { "type": "Point", "coordinates": [ -72.12659, -39.45783 ] } },
{ "type": "Feature", "properties": { "objectid": 18650, "dependencia": "PARTICULAR SUBVENCIONADO", "nombre_establecimiento": "COLEGIO FILADELFIA", "rbd": "20260", "dgv_rbd": null, "estado": null, "direccion": null, "urbano_rural": "RURAL", "matricula": 259, "tipo": null, "cut_reg": "09", "cut_prov": "091", "cut_com": "09120", "region": "La Araucanía", "provincia": "Cautín", "comuna": "Villarrica", "globalid": "46472647-c7ce-4118-bc9f-346ef00c89ed", "latitud": -39.44825, "longitud": -72.21024 }, "geometry": { "type": "Point", "coordinates": [ -72.21024, -39.44825 ] } },
{ "type": "Feature", "properties": { "objectid": 18652, "dependencia": "PARTICULAR SUBVENCIONADO", "nombre_establecimiento": "ESCUELA PARTICULAR CUDICO", "rbd": "6127", "dgv_rbd": null, "estado": null, "direccion": null, "urbano_rural": "RURAL", "matricula": 4, "tipo": null, "cut_reg": "09", "cut_prov": "091", "cut_com": "09120", "region": "La Araucanía", "provincia": "Cautín", "comuna": "Villarrica", "globalid": "8bdb8276-3631-4593-9d27-538de531f48c", "latitud": -39.4415, "longitud": -72.16108 }, "geometry": { "type": "Point", "coordinates": [ -72.16108, -39.4415 ] } },
{ "type": "Feature", "properties": { "objectid": 18653, "dependencia": "PARTICULAR SUBVENCIONADO", "nombre_establecimiento": "ESCUELA PARTICULAR VIRGEN CANDELARIA", "rbd": "6157", "dgv_rbd": null, "estado": null, "direccion": null, "urbano_rural": "RURAL", "matricula": 4, "tipo": null, "cut_reg": "09", "cut_prov": "091", "cut_com": "09120", "region": "La Araucanía", "provincia": "Cautín", "comuna": "Villarrica", "globalid": "9c3049ee-244a-4206-a42b-c77b377674ca", "latitud": -39.44134, "longitud": -72.20414 }, "geometry": { "type": "Point", "coordinates": [ -72.20414, -39.44134 ] } },
{ "type": "Feature", "properties": { "objectid": 18654, "dependencia": "MUNICIPAL", "nombre_establecimiento": "ESCUELA MAMUIL MALAL", "rbd": "6032", "dgv_rbd": null, "estado": null, "direccion": null, "urbano_rural": "RURAL", "matricula": 13, "tipo": null, "cut_reg": "09", "cut_prov": "091", "cut_com": "09104", "region": "La Araucanía", "provincia": "Cautín", "comuna": "Curarrehue", "globalid": "7ffb23c6-2b61-442f-a4a5-9d45dbe1c33a", "latitud": -39.44002, "longitud": -71.55431 }, "geometry": { "type": "Point", "coordinates": [ -71.55431, -39.44002 ] } },
{ "type": "Feature", "properties": { "objectid": 18657, "dependencia": "MUNICIPAL", "nombre_establecimiento": "ESCUELA ESTADIO", "rbd": "7076", "dgv_rbd": null, "estado": null, "direccion": null, "urbano_rural": "RURAL", "matricula": 8, "tipo": null, "cut_reg": "09", "cut_prov": "091", "cut_com": "09120", "region": "La Araucanía", "provincia": "Cautín", "comuna": "Villarrica", "globalid": "4750d5fd-e9e1-400f-9913-85b2e15d68c6", "latitud": -39.43463, "longitud": -72.11671 }, "geometry": { "type": "Point", "coordinates": [ -72.11671, -39.43463 ] } },
{ "type": "Feature", "properties": { "objectid": 18658, "dependencia": "PARTICULAR SUBVENCIONADO", "nombre_establecimiento": "ESCUELA PARTICULAR LUIS CRUZ MARTINEZ", "rbd": "6135", "dgv_rbd": null, "estado": null, "direccion": null, "urbano_rural": "RURAL", "matricula": 461, "tipo": null, "cut_reg": "09", "cut_prov": "091", "cut_com": "09120", "region": "La Araucanía", "provincia": "Cautín", "comuna": "Villarrica", "globalid": "d8289f3d-1a43-49b0-99c7-c8a0315f4138", "latitud": -39.43238, "longitud": -72.30205 }, "geometry": { "type": "Point", "coordinates": [ -72.30205, -39.43238 ] } },
{ "type": "Feature", "properties": { "objectid": 18659, "dependencia": "PARTICULAR SUBVENCIONADO", "nombre_establecimiento": "ESCUELA PARTICULAR VIRGEN DE RINCONADA", "rbd": "6042", "dgv_rbd": null, "estado": null, "direccion": null, "urbano_rural": "RURAL", "matricula": 1, "tipo": null, "cut_reg": "09", "cut_prov": "091", "cut_com": "09104", "region": "La Araucanía", "provincia": "Cautín", "comuna": "Curarrehue", "globalid": "81218923-85ab-4bd5-b6dd-ed044d16e1f8", "latitud": -39.43074, "longitud": -71.57008 }, "geometry": { "type": "Point", "coordinates": [ -71.57008, -39.43074 ] } },
{ "type": "Feature", "properties": { "objectid": 18660, "dependencia": "PARTICULAR SUBVENCIONADO", "nombre_establecimiento": "COLEGIO RAKIDUAM", "rbd": "11501", "dgv_rbd": null, "estado": null, "direccion": null, "urbano_rural": "RURAL", "matricula": 104, "tipo": null, "cut_reg": "09", "cut_prov": "091", "cut_com": "09120", "region": "La Araucanía", "provincia": "Cautín", "comuna": "Villarrica", "globalid": "0dab4ce3-6088-40ae-a62a-9a28238dd315", "latitud": -39.42808, "longitud": -72.1967 }, "geometry": { "type": "Point", "coordinates": [ -72.1967, -39.42808 ] } },
{ "type": "Feature", "properties": { "objectid": 18669, "dependencia": "PARTICULAR SUBVENCIONADO", "nombre_establecimiento": "ESCUELA PARTICULAR LIUMALLA", "rbd": "6142", "dgv_rbd": null, "estado": null, "direccion": null, "urbano_rural": "RURAL", "matricula": 7, "tipo": null, "cut_reg": "09", "cut_prov": "091", "cut_com": "09120", "region": "La Araucanía", "provincia": "Cautín", "comuna": "Villarrica", "globalid": "43f164b7-995f-408b-a967-20765354dca5", "latitud": -39.39573, "longitud": -72.27145 }, "geometry": { "type": "Point", "coordinates": [ -72.27145, -39.39573 ] } },
{ "type": "Feature", "properties": { "objectid": 18671, "dependencia": "PARTICULAR SUBVENCIONADO", "nombre_establecimiento": "ESCUELA PARTICULAR HUALAPULLI", "rbd": "11526", "dgv_rbd": null, "estado": null, "direccion": null, "urbano_rural": "RURAL", "matricula": 41, "tipo": null, "cut_reg": "09", "cut_prov": "091", "cut_com": "09120", "region": "La Araucanía", "provincia": "Cautín", "comuna": "Villarrica", "globalid": "74752190-f298-46ee-b7a3-20027c8b1a4a", "latitud": -39.39375, "longitud": -72.23978 }, "geometry": { "type": "Point", "coordinates": [ -72.23978, -39.39375 ] } },
{ "type": "Feature", "properties": { "objectid": 18674, "dependencia": "JUNJI - VTF", "nombre_establecimiento": "WE KIMUN", "rbd": "J9104005", "dgv_rbd": null, "estado": null, "direccion": null, "urbano_rural": "RURAL", "matricula": 44, "tipo": null, "cut_reg": "09", "cut_prov": "091", "cut_com": "09104", "region": "La Araucanía", "provincia": "Cautín", "comuna": "Curarrehue", "globalid": "55440804-4d9d-4a4d-9961-7cb79fbdcfe8", "latitud": -39.38331256, "longitud": -71.57462383000001 }, "geometry": { "type": "Point", "coordinates": [ -71.57462, -39.38331 ] } },
{ "type": "Feature", "properties": { "objectid": 18677, "dependencia": "PARTICULAR SUBVENCIONADO", "nombre_establecimiento": "ESCUELA PARTICULAR PANQUE", "rbd": "6045", "dgv_rbd": null, "estado": null, "direccion": null, "urbano_rural": "RURAL", "matricula": 88, "tipo": null, "cut_reg": "09", "cut_prov": "091", "cut_com": "09104", "region": "La Araucanía", "provincia": "Cautín", "comuna": "Curarrehue", "globalid": "809cfd88-9943-4cb8-adf1-207fe5e8c157", "latitud": -39.37897, "longitud": -71.59168 }, "geometry": { "type": "Point", "coordinates": [ -71.59168, -39.37897 ] } },
{ "type": "Feature", "properties": { "objectid": 18678, "dependencia": "PARTICULAR SUBVENCIONADO", "nombre_establecimiento": "ESCUELA PARTICULAR LONCOFILO", "rbd": "6043", "dgv_rbd": null, "estado": null, "direccion": null, "urbano_rural": "RURAL", "matricula": 19, "tipo": null, "cut_reg": "09", "cut_prov": "091", "cut_com": "09104", "region": "La Araucanía", "provincia": "Cautín", "comuna": "Curarrehue", "globalid": "589544e4-b6a7-405e-b5b0-94ab9abdf4ec", "latitud": -39.37678, "longitud": -71.70248 }, "geometry": { "type": "Point", "coordinates": [ -71.70248, -39.37678 ] } },
{ "type": "Feature", "properties": { "objectid": 18680, "dependencia": "PARTICULAR SUBVENCIONADO", "nombre_establecimiento": "ESCUELA PARTICULAR CARMELITA", "rbd": "6160", "dgv_rbd": null, "estado": null, "direccion": null, "urbano_rural": "RURAL", "matricula": 18, "tipo": null, "cut_reg": "09", "cut_prov": "091", "cut_com": "09120", "region": "La Araucanía", "provincia": "Cautín", "comuna": "Villarrica", "globalid": "5f79687b-2ca6-4725-b8ba-c3f9ca7d120a", "latitud": -39.37439, "longitud": -72.33683 }, "geometry": { "type": "Point", "coordinates": [ -72.33683, -39.37439 ] } },
{ "type": "Feature", "properties": { "objectid": 18682, "dependencia": "PARTICULAR SUBVENCIONADO", "nombre_establecimiento": "ESCUELA PARTICULAR SAN LUIS", "rbd": "6137", "dgv_rbd": null, "estado": null, "direccion": null, "urbano_rural": "RURAL", "matricula": 116, "tipo": null, "cut_reg": "09", "cut_prov": "091", "cut_com": "09120", "region": "La Araucanía", "provincia": "Cautín", "comuna": "Villarrica", "globalid": "14b05d99-a97d-4ebf-ae69-8e4bd38f231b", "latitud": -39.3708, "longitud": -72.25731 }, "geometry": { "type": "Point", "coordinates": [ -72.25731, -39.3708 ] } },
{ "type": "Feature", "properties": { "objectid": 18687, "dependencia": "PARTICULAR SUBVENCIONADO", "nombre_establecimiento": "COLEGIO JUAN PABLO II", "rbd": "20227", "dgv_rbd": null, "estado": null, "direccion": null, "urbano_rural": "RURAL", "matricula": 110, "tipo": null, "cut_reg": "09", "cut_prov": "091", "cut_com": "09120", "region": "La Araucanía", "provincia": "Cautín", "comuna": "Villarrica", "globalid": "4aaf9db0-1495-46d5-b23d-d21cec66abff", "latitud": -39.36927, "longitud": -72.21317 }, "geometry": { "type": "Point", "coordinates": [ -72.21317, -39.36927 ] } },
{ "type": "Feature", "properties": { "objectid": 18696, "dependencia": "PARTICULAR SUBVENCIONADO", "nombre_establecimiento": "ESCUELA PARTICULAR LIGLELFUN", "rbd": "6344", "dgv_rbd": null, "estado": null, "direccion": null, "urbano_rural": "RURAL", "matricula": 11, "tipo": null, "cut_reg": "09", "cut_prov": "091", "cut_com": "09109", "region": "La Araucanía", "provincia": "Cautín", "comuna": "Loncoche", "globalid": "5c55b411-35a7-4379-9cc6-40012b9b8595", "latitud": -39.36327, "longitud": -72.45989 }, "geometry": { "type": "Point", "coordinates": [ -72.45989, -39.36327 ] } },
{ "type": "Feature", "properties": { "objectid": 18697, "dependencia": "PARTICULAR SUBVENCIONADO", "nombre_establecimiento": "ESCUELA PARTICULAR SAN LUIS", "rbd": "6075", "dgv_rbd": null, "estado": null, "direccion": null, "urbano_rural": "RURAL", "matricula": 9, "tipo": null, "cut_reg": "09", "cut_prov": "091", "cut_com": "09115", "region": "La Araucanía", "provincia": "Cautín", "comuna": "Pucón", "globalid": "babc0e91-4d11-44c7-bb07-341bd124062f", "latitud": -39.36029, "longitud": -71.73484 }, "geometry": { "type": "Point", "coordinates": [ -71.73484, -39.36029 ] } },
{ "type": "Feature", "properties": { "objectid": 18698, "dependencia": "MUNICIPAL", "nombre_establecimiento": "ESCUELA PUKOYAM", "rbd": "6325", "dgv_rbd": null, "estado": null, "direccion": null, "urbano_rural": "RURAL", "matricula": 5, "tipo": null, "cut_reg": "09", "cut_prov": "091", "cut_com": "09109", "region": "La Araucanía", "provincia": "Cautín", "comuna": "Loncoche", "globalid": "34d74df4-eadd-4628-9453-04cafd5c90bf", "latitud": -39.36015, "longitud": -72.4969 }, "geometry": { "type": "Point", "coordinates": [ -72.4969, -39.36015 ] } },
{ "type": "Feature", "properties": { "objectid": 18699, "dependencia": "PARTICULAR SUBVENCIONADO", "nombre_establecimiento": "ESCUELA PARTICULAR CALFUTUE", "rbd": "6138", "dgv_rbd": null, "estado": null, "direccion": null, "urbano_rural": "RURAL", "matricula": 93, "tipo": null, "cut_reg": "09", "cut_prov": "091", "cut_com": "09120", "region": "La Araucanía", "provincia": "Cautín", "comuna": "Villarrica", "globalid": "1ee3c188-55f1-4f42-a432-a6dd23c4e78f", "latitud": -39.35916, "longitud": -72.21288 }, "geometry": { "type": "Point", "coordinates": [ -72.21288, -39.35916 ] } },
{ "type": "Feature", "properties": { "objectid": 18700, "dependencia": "PARTICULAR SUBVENCIONADO", "nombre_establecimiento": "COMPLEJO EDUCACIONAL RUKA NGEN", "rbd": "6038", "dgv_rbd": null, "estado": null, "direccion": null, "urbano_rural": "URBANO", "matricula": 203, "tipo": null, "cut_reg": "09", "cut_prov": "091", "cut_com": "09104", "region": "La Araucanía", "provincia": "Cautín", "comuna": "Curarrehue", "globalid": "c6884519-883b-48c1-a9e1-3ceadd78e799", "latitud": -39.35842, "longitud": -71.5882 }, "geometry": { "type": "Point", "coordinates": [ -71.5882, -39.35842 ] } },
{ "type": "Feature", "properties": { "objectid": 18701, "dependencia": "MUNICIPAL", "nombre_establecimiento": "COMPLEJO EDUCACIONAL MONSEÑOR FRCO. VALDES S", "rbd": "6027", "dgv_rbd": null, "estado": null, "direccion": null, "urbano_rural": "URBANO", "matricula": 316, "tipo": null, "cut_reg": "09", "cut_prov": "091", "cut_com": "09104", "region": "La Araucanía", "provincia": "Cautín", "comuna": "Curarrehue", "globalid": "3dddca89-3f4e-46d6-b5f4-4434e90c2501", "latitud": -39.35838, "longitud": -71.58895 }, "geometry": { "type": "Point", "coordinates": [ -71.58895, -39.35838 ] } },
{ "type": "Feature", "properties": { "objectid": 18702, "dependencia": "INTEGRA", "nombre_establecimiento": "CARRUSEL", "rbd": "I91801", "dgv_rbd": null, "estado": null, "direccion": null, "urbano_rural": "URBANO", "matricula": 24, "tipo": null, "cut_reg": "09", "cut_prov": "091", "cut_com": "09104", "region": "La Araucanía", "provincia": "Cautín", "comuna": "Curarrehue", "globalid": "53fbc02e-a259-49e4-aa29-3c2401bfb283", "latitud": -39.358327, "longitud": -71.588606 }, "geometry": { "type": "Point", "coordinates": [ -71.58861, -39.35833 ] } },
{ "type": "Feature", "properties": { "objectid": 18703, "dependencia": "JUNJI - VTF", "nombre_establecimiento": "PU WANGUELEN", "rbd": "J9104002", "dgv_rbd": null, "estado": null, "direccion": null, "urbano_rural": "URBANO", "matricula": 51, "tipo": null, "cut_reg": "09", "cut_prov": "091", "cut_com": "09104", "region": "La Araucanía", "provincia": "Cautín", "comuna": "Curarrehue", "globalid": "30e48706-94e5-4f6c-903f-9e9b74371a0b", "latitud": -39.35779176, "longitud": -71.5871111 }, "geometry": { "type": "Point", "coordinates": [ -71.58711, -39.35779 ] } },
{ "type": "Feature", "properties": { "objectid": 18705, "dependencia": "PARTICULAR SUBVENCIONADO", "nombre_establecimiento": "COLEGIO CALASANZ KURAREWE", "rbd": "20435", "dgv_rbd": null, "estado": null, "direccion": null, "urbano_rural": "URBANO", "matricula": 153, "tipo": null, "cut_reg": "09", "cut_prov": "091", "cut_com": "09104", "region": "La Araucanía", "provincia": "Cautín", "comuna": "Curarrehue", "globalid": "dfe77c35-b600-4d0f-bfdb-f97c710662e3", "latitud": -39.35693, "longitud": -71.59045 }, "geometry": { "type": "Point", "coordinates": [ -71.59045, -39.35693 ] } },
{ "type": "Feature", "properties": { "objectid": 18706, "dependencia": "JUNJI - VTF", "nombre_establecimiento": "SALA CUNA Y J.INF.CALASANZ", "rbd": "J9104001", "dgv_rbd": null, "estado": null, "direccion": null, "urbano_rural": "URBANO", "matricula": 29, "tipo": null, "cut_reg": "09", "cut_prov": "091", "cut_com": "09104", "region": "La Araucanía", "provincia": "Cautín", "comuna": "Curarrehue", "globalid": "ed4d3c84-b0d3-4098-a586-83dfe1d0fd20", "latitud": -39.356646, "longitud": -71.59196 }, "geometry": { "type": "Point", "coordinates": [ -71.59196, -39.35665 ] } },
{ "type": "Feature", "properties": { "objectid": 18707, "dependencia": "MUNICIPAL", "nombre_establecimiento": "ESCUELA MANANTIAL", "rbd": "6108", "dgv_rbd": null, "estado": null, "direccion": null, "urbano_rural": "RURAL", "matricula": 74, "tipo": null, "cut_reg": "09", "cut_prov": "091", "cut_com": "09120", "region": "La Araucanía", "provincia": "Cautín", "comuna": "Villarrica", "globalid": "c65c4f08-66d8-4e49-b537-4be3ed0ee3c2", "latitud": -39.35647, "longitud": -72.31402 }, "geometry": { "type": "Point", "coordinates": [ -72.31402, -39.35647 ] } },
{ "type": "Feature", "properties": { "objectid": 18708, "dependencia": "PARTICULAR SUBVENCIONADO", "nombre_establecimiento": "ESCUELA PARTICULAR SANTA RITA", "rbd": "6139", "dgv_rbd": null, "estado": null, "direccion": null, "urbano_rural": "RURAL", "matricula": 30, "tipo": null, "cut_reg": "09", "cut_prov": "091", "cut_com": "09120", "region": "La Araucanía", "provincia": "Cautín", "comuna": "Villarrica", "globalid": "39053298-1f18-4347-8796-359402fd58a6", "latitud": -39.35355, "longitud": -72.21548 }, "geometry": { "type": "Point", "coordinates": [ -72.21548, -39.35355 ] } },
{ "type": "Feature", "properties": { "objectid": 18709, "dependencia": "PARTICULAR SUBVENCIONADO", "nombre_establecimiento": "ESCUELA PARTICULAR SUBVENCIONADA LA FAMILIA", "rbd": "6347", "dgv_rbd": null, "estado": null, "direccion": null, "urbano_rural": "RURAL", "matricula": 79, "tipo": null, "cut_reg": "09", "cut_prov": "091", "cut_com": "09109", "region": "La Araucanía", "provincia": "Cautín", "comuna": "Loncoche", "globalid": "e6def1a3-b4ab-4c86-8011-2be9b870ba91", "latitud": -39.3519, "longitud": -72.4213 }, "geometry": { "type": "Point", "coordinates": [ -72.4213, -39.3519 ] } },
{ "type": "Feature", "properties": { "objectid": 18710, "dependencia": "MUNICIPAL", "nombre_establecimiento": "ESCUELA EL SANTILLO", "rbd": "6031", "dgv_rbd": null, "estado": null, "direccion": null, "urbano_rural": "RURAL", "matricula": 42, "tipo": null, "cut_reg": "09", "cut_prov": "091", "cut_com": "09104", "region": "La Araucanía", "provincia": "Cautín", "comuna": "Curarrehue", "globalid": "6924ba64-3197-4be7-b65e-2937b476e588", "latitud": -39.34818, "longitud": -71.70496 }, "geometry": { "type": "Point", "coordinates": [ -71.70496, -39.34818 ] } },
{ "type": "Feature", "properties": { "objectid": 18712, "dependencia": "PARTICULAR SUBVENCIONADO", "nombre_establecimiento": "ESCUELA PARTICULAR RELICURA", "rbd": "6083", "dgv_rbd": null, "estado": null, "direccion": null, "urbano_rural": "RURAL", "matricula": 4, "tipo": null, "cut_reg": "09", "cut_prov": "091", "cut_com": "09115", "region": "La Araucanía", "provincia": "Cautín", "comuna": "Pucón", "globalid": "ebf00a91-8663-4717-b1c5-2616308fedd1", "latitud": -39.34704, "longitud": -71.65073 }, "geometry": { "type": "Point", "coordinates": [ -71.65073, -39.34704 ] } },
{ "type": "Feature", "properties": { "objectid": 18713, "dependencia": "PARTICULAR SUBVENCIONADO", "nombre_establecimiento": "ESCUELA PARTICULAR CATRIPULLI", "rbd": "6039", "dgv_rbd": null, "estado": null, "direccion": null, "urbano_rural": "RURAL", "matricula": 228, "tipo": null, "cut_reg": "09", "cut_prov": "091", "cut_com": "09104", "region": "La Araucanía", "provincia": "Cautín", "comuna": "Curarrehue", "globalid": "65b2fdaa-641d-4530-bfeb-e46f6e77beb9", "latitud": -39.34473, "longitud": -71.70465 }, "geometry": { "type": "Point", "coordinates": [ -71.70465, -39.34473 ] } },
{ "type": "Feature", "properties": { "objectid": 18714, "dependencia": "JUNJI - VTF", "nombre_establecimiento": "CONQUIL", "rbd": "J9120045", "dgv_rbd": null, "estado": null, "direccion": null, "urbano_rural": "RURAL", "matricula": 36, "tipo": null, "cut_reg": "09", "cut_prov": "091", "cut_com": "09120", "region": "La Araucanía", "provincia": "Cautín", "comuna": "Villarrica", "globalid": "8d3d1628-f3f4-4cbb-86e3-e64650ab612b", "latitud": -39.341999, "longitud": -72.150396 }, "geometry": { "type": "Point", "coordinates": [ -72.1504, -39.342 ] } },
{ "type": "Feature", "properties": { "objectid": 18715, "dependencia": "PARTICULAR SUBVENCIONADO", "nombre_establecimiento": "ESCUELA PARTICULAR NUEVA LONCOTRARO", "rbd": "6140", "dgv_rbd": null, "estado": null, "direccion": null, "urbano_rural": "RURAL", "matricula": 5, "tipo": null, "cut_reg": "09", "cut_prov": "091", "cut_com": "09120", "region": "La Araucanía", "provincia": "Cautín", "comuna": "Villarrica", "globalid": "3c61abda-9638-4f26-afea-43e5828bab37", "latitud": -39.34173, "longitud": -72.03768 }, "geometry": { "type": "Point", "coordinates": [ -72.03768, -39.34173 ] } },
{ "type": "Feature", "properties": { "objectid": 18716, "dependencia": "MUNICIPAL", "nombre_establecimiento": "ESCUELA CONQUIL", "rbd": "6107", "dgv_rbd": null, "estado": null, "direccion": null, "urbano_rural": "RURAL", "matricula": 77, "tipo": null, "cut_reg": "09", "cut_prov": "091", "cut_com": "09120", "region": "La Araucanía", "provincia": "Cautín", "comuna": "Villarrica", "globalid": "64514032-7e11-4f40-9a01-5138a9e09732", "latitud": -39.33944, "longitud": -72.14527 }, "geometry": { "type": "Point", "coordinates": [ -72.14527, -39.33944 ] } },
{ "type": "Feature", "properties": { "objectid": 18717, "dependencia": "PARTICULAR SUBVENCIONADO", "nombre_establecimiento": "ESCUELA SANTA ROSA DE LLAFENCO", "rbd": "6082", "dgv_rbd": null, "estado": null, "direccion": null, "urbano_rural": "RURAL", "matricula": 67, "tipo": null, "cut_reg": "09", "cut_prov": "091", "cut_com": "09115", "region": "La Araucanía", "provincia": "Cautín", "comuna": "Pucón", "globalid": "0063113f-20ac-44ed-af77-b267fb0143cc", "latitud": -39.33489, "longitud": -71.77908 }, "geometry": { "type": "Point", "coordinates": [ -71.77908, -39.33489 ] } },
{ "type": "Feature", "properties": { "objectid": 18718, "dependencia": "MUNICIPAL", "nombre_establecimiento": "ESCUELA MOLCO ALTO", "rbd": "6093", "dgv_rbd": null, "estado": null, "direccion": null, "urbano_rural": "RURAL", "matricula": 112, "tipo": null, "cut_reg": "09", "cut_prov": "091", "cut_com": "09120", "region": "La Araucanía", "provincia": "Cautín", "comuna": "Villarrica", "globalid": "0efddfca-a693-4296-b44b-c3a2901dbe04", "latitud": -39.33196, "longitud": -72.0968 }, "geometry": { "type": "Point", "coordinates": [ -72.0968, -39.33196 ] } },
{ "type": "Feature", "properties": { "objectid": 18719, "dependencia": "JUNJI - VTF", "nombre_establecimiento": "MOLCO", "rbd": "J9120020", "dgv_rbd": null, "estado": null, "direccion": null, "urbano_rural": "URBANO", "matricula": 52, "tipo": null, "cut_reg": "09", "cut_prov": "091", "cut_com": "09120", "region": "La Araucanía", "provincia": "Cautín", "comuna": "Villarrica", "globalid": "5312cd87-a151-4ee0-a917-b9c5b7fd7425", "latitud": -39.33185761, "longitud": -72.09728604 }, "geometry": { "type": "Point", "coordinates": [ -72.09729, -39.33186 ] } },
{ "type": "Feature", "properties": { "objectid": 18720, "dependencia": "MUNICIPAL", "nombre_establecimiento": "ESCUELA JOSE MIGUEL MARTINEZ SOTO", "rbd": "6053", "dgv_rbd": null, "estado": null, "direccion": null, "urbano_rural": "RURAL", "matricula": 100, "tipo": null, "cut_reg": "09", "cut_prov": "091", "cut_com": "09115", "region": "La Araucanía", "provincia": "Cautín", "comuna": "Pucón", "globalid": "3bfa28e6-5cc6-4945-928b-0cfa1f42776c", "latitud": -39.33085, "longitud": -71.77648 }, "geometry": { "type": "Point", "coordinates": [ -71.77648, -39.33085 ] } },
{ "type": "Feature", "properties": { "objectid": 18722, "dependencia": "PARTICULAR SUBVENCIONADO", "nombre_establecimiento": "ESCUELA NUEVA MENETUE", "rbd": "19996", "dgv_rbd": null, "estado": null, "direccion": null, "urbano_rural": "RURAL", "matricula": 35, "tipo": null, "cut_reg": "09", "cut_prov": "091", "cut_com": "09115", "region": "La Araucanía", "provincia": "Cautín", "comuna": "Pucón", "globalid": "5722662d-e3e5-4e02-9eab-ca51090d9c00", "latitud": -39.32283, "longitud": -71.7319 }, "geometry": { "type": "Point", "coordinates": [ -71.7319, -39.32283 ] } },
{ "type": "Feature", "properties": { "objectid": 18723, "dependencia": "PARTICULAR SUBVENCIONADO", "nombre_establecimiento": "ESCUELA PARTICULAR SAN FRANCISCO", "rbd": "6155", "dgv_rbd": null, "estado": null, "direccion": null, "urbano_rural": "RURAL", "matricula": 7, "tipo": null, "cut_reg": "09", "cut_prov": "091", "cut_com": "09120", "region": "La Araucanía", "provincia": "Cautín", "comuna": "Villarrica", "globalid": "a6cc9a04-0b9d-475e-8d4e-1874f40ef30a", "latitud": -39.32243, "longitud": -72.14785 }, "geometry": { "type": "Point", "coordinates": [ -72.14785, -39.32243 ] } },
{ "type": "Feature", "properties": { "objectid": 18724, "dependencia": "PARTICULAR SUBVENCIONADO", "nombre_establecimiento": "ESCUELA PARTICULAR CLAUDIO ARRAU", "rbd": "20041", "dgv_rbd": null, "estado": null, "direccion": null, "urbano_rural": "RURAL", "matricula": 502, "tipo": null, "cut_reg": "09", "cut_prov": "091", "cut_com": "09120", "region": "La Araucanía", "provincia": "Cautín", "comuna": "Villarrica", "globalid": "fbb21cde-f7dc-4978-8abd-1765c3a3eec5", "latitud": -39.31755, "longitud": -72.2354 }, "geometry": { "type": "Point", "coordinates": [ -72.2354, -39.31755 ] } },
{ "type": "Feature", "properties": { "objectid": 18725, "dependencia": "MUNICIPAL", "nombre_establecimiento": "ESC. BASICA CANDELARIA", "rbd": "6063", "dgv_rbd": null, "estado": null, "direccion": null, "urbano_rural": "RURAL", "matricula": 34, "tipo": null, "cut_reg": "09", "cut_prov": "091", "cut_com": "09115", "region": "La Araucanía", "provincia": "Cautín", "comuna": "Pucón", "globalid": "72175d95-01b8-403f-b4aa-aaca6a7e0411", "latitud": -39.31318, "longitud": -71.98802 }, "geometry": { "type": "Point", "coordinates": [ -71.98802, -39.31318 ] } },
{ "type": "Feature", "properties": { "objectid": 18727, "dependencia": "JUNJI - VTF", "nombre_establecimiento": "SIGLO XXI", "rbd": "J9120019", "dgv_rbd": null, "estado": null, "direccion": null, "urbano_rural": "URBANO", "matricula": 51, "tipo": null, "cut_reg": "09", "cut_prov": "091", "cut_com": "09120", "region": "La Araucanía", "provincia": "Cautín", "comuna": "Villarrica", "globalid": "75e4e23c-86cc-421d-a753-c4702509508e", "latitud": -39.30999161, "longitud": -72.20909815 }, "geometry": { "type": "Point", "coordinates": [ -72.2091, -39.30999 ] } },
{ "type": "Feature", "properties": { "objectid": 18728, "dependencia": "JUNJI - VTF", "nombre_establecimiento": "GOTITAS DE AMOR", "rbd": "J9120027", "dgv_rbd": null, "estado": null, "direccion": null, "urbano_rural": "URBANO", "matricula": 52, "tipo": null, "cut_reg": "09", "cut_prov": "091", "cut_com": "09120", "region": "La Araucanía", "provincia": "Cautín", "comuna": "Villarrica", "globalid": "a8b38749-ff6c-4a5e-9944-99016875f4ef", "latitud": -39.30908421, "longitud": -72.21272319 }, "geometry": { "type": "Point", "coordinates": [ -72.21272, -39.30908 ] } },
{ "type": "Feature", "properties": { "objectid": 18729, "dependencia": "JUNJI - VTF", "nombre_establecimiento": "LA FRONTERA", "rbd": "J9120017", "dgv_rbd": null, "estado": null, "direccion": null, "urbano_rural": "URBANO", "matricula": 19, "tipo": null, "cut_reg": "09", "cut_prov": "091", "cut_com": "09120", "region": "La Araucanía", "provincia": "Cautín", "comuna": "Villarrica", "globalid": "43c3d983-b411-4a33-9e08-be273948458f", "latitud": -39.30875053, "longitud": -72.20881119 }, "geometry": { "type": "Point", "coordinates": [ -72.20881, -39.30875 ] } },
{ "type": "Feature", "properties": { "objectid": 18730, "dependencia": "PARTICULAR SUBVENCIONADO", "nombre_establecimiento": "COLEGIO JUAN XXIII", "rbd": "20263", "dgv_rbd": null, "estado": null, "direccion": null, "urbano_rural": "RURAL", "matricula": 333, "tipo": null, "cut_reg": "09", "cut_prov": "091", "cut_com": "09120", "region": "La Araucanía", "provincia": "Cautín", "comuna": "Villarrica", "globalid": "8826152e-bda7-417d-bcee-246e4b8b1aa1", "latitud": -39.30793, "longitud": -72.2077 }, "geometry": { "type": "Point", "coordinates": [ -72.2077, -39.30793 ] } },
{ "type": "Feature", "properties": { "objectid": 18731, "dependencia": "PARTICULAR SUBVENCIONADO", "nombre_establecimiento": "ESCUELA PARTICULAR MAITE", "rbd": "6044", "dgv_rbd": null, "estado": null, "direccion": null, "urbano_rural": "RURAL", "matricula": 13, "tipo": null, "cut_reg": "09", "cut_prov": "091", "cut_com": "09104", "region": "La Araucanía", "provincia": "Cautín", "comuna": "Curarrehue", "globalid": "0252c1cf-2cef-4e5d-83f4-af33bfae32fe", "latitud": -39.30787, "longitud": -71.45141 }, "geometry": { "type": "Point", "coordinates": [ -71.45141, -39.30787 ] } },
{ "type": "Feature", "properties": { "objectid": 18732, "dependencia": "JUNJI - VTF", "nombre_establecimiento": "SALA CUNA LAS ARAUCANAS", "rbd": "J9120042", "dgv_rbd": null, "estado": null, "direccion": null, "urbano_rural": "RURAL", "matricula": 20, "tipo": null, "cut_reg": "09", "cut_prov": "091", "cut_com": "09120", "region": "La Araucanía", "provincia": "Cautín", "comuna": "Villarrica", "globalid": "104d6640-1827-4a4c-89fd-0c31c934d4f2", "latitud": -39.307166, "longitud": -72.214877 }, "geometry": { "type": "Point", "coordinates": [ -72.21488, -39.30717 ] } },
{ "type": "Feature", "properties": { "objectid": 18733, "dependencia": "PARTICULAR SUBVENCIONADO", "nombre_establecimiento": "ESCUELA ESPECIAL DE LENGUAJE TIEMPO DE CRECER VILLARRICA", "rbd": "42354", "dgv_rbd": null, "estado": null, "direccion": null, "urbano_rural": "URBANO", "matricula": 57, "tipo": null, "cut_reg": "09", "cut_prov": "091", "cut_com": "09120", "region": "La Araucanía", "provincia": "Cautín", "comuna": "Villarrica", "globalid": "d4b07bd8-1a19-4fb0-8900-0d88ac31d1d2", "latitud": -39.30713, "longitud": -72.20994 }, "geometry": { "type": "Point", "coordinates": [ -72.20994, -39.30713 ] } },
{ "type": "Feature", "properties": { "objectid": 18734, "dependencia": "PARTICULAR SUBVENCIONADO", "nombre_establecimiento": "ESCUELA PARTICULAR PUENTE BASA", "rbd": "6151", "dgv_rbd": null, "estado": null, "direccion": null, "urbano_rural": "RURAL", "matricula": 13, "tipo": null, "cut_reg": "09", "cut_prov": "091", "cut_com": "09104", "region": "La Araucanía", "provincia": "Cautín", "comuna": "Curarrehue", "globalid": "c60fcefa-b445-4c0e-a8f7-123027baebb4", "latitud": -39.30708, "longitud": -71.45085 }, "geometry": { "type": "Point", "coordinates": [ -71.45085, -39.30708 ] } },
{ "type": "Feature", "properties": { "objectid": 18735, "dependencia": "INTEGRA", "nombre_establecimiento": "LOS VOLCANES", "rbd": "I92005", "dgv_rbd": null, "estado": null, "direccion": null, "urbano_rural": "URBANO", "matricula": 23, "tipo": null, "cut_reg": "09", "cut_prov": "091", "cut_com": "09120", "region": "La Araucanía", "provincia": "Cautín", "comuna": "Villarrica", "globalid": "68b82ded-96d8-43bd-a97f-f69e76d0bf43", "latitud": -39.30633, "longitud": -72.223279 }, "geometry": { "type": "Point", "coordinates": [ -72.22328, -39.30633 ] } },
{ "type": "Feature", "properties": { "objectid": 18736, "dependencia": "PARTICULAR SUBVENCIONADO", "nombre_establecimiento": "COLEGIO PUCÓN", "rbd": "20153", "dgv_rbd": null, "estado": null, "direccion": null, "urbano_rural": "URBANO", "matricula": 351, "tipo": null, "cut_reg": "09", "cut_prov": "091", "cut_com": "09115", "region": "La Araucanía", "provincia": "Cautín", "comuna": "Pucón", "globalid": "f9a0a5cd-31a3-403c-9e36-925b898d5c6c", "latitud": -39.30547, "longitud": -71.87245 }, "geometry": { "type": "Point", "coordinates": [ -71.87245, -39.30547 ] } },
{ "type": "Feature", "properties": { "objectid": 18737, "dependencia": "JUNJI - VTF", "nombre_establecimiento": "LOS VOLCANES DE CHILE", "rbd": "J9120018", "dgv_rbd": null, "estado": null, "direccion": null, "urbano_rural": "URBANO", "matricula": 99, "tipo": null, "cut_reg": "09", "cut_prov": "091", "cut_com": "09120", "region": "La Araucanía", "provincia": "Cautín", "comuna": "Villarrica", "globalid": "52c50ecc-02a5-443c-8957-3d6cffb195d4", "latitud": -39.30456077, "longitud": -72.22459702 }, "geometry": { "type": "Point", "coordinates": [ -72.2246, -39.30456 ] } },
{ "type": "Feature", "properties": { "objectid": 18738, "dependencia": "JUNJI - VTF", "nombre_establecimiento": "LOS COPIHUES", "rbd": "J9120029", "dgv_rbd": null, "estado": null, "direccion": null, "urbano_rural": "URBANO", "matricula": 52, "tipo": null, "cut_reg": "09", "cut_prov": "091", "cut_com": "09120", "region": "La Araucanía", "provincia": "Cautín", "comuna": "Villarrica", "globalid": "2108866c-c2b8-43b6-a67a-dac0f966c0e5", "latitud": -39.3035723, "longitud": -72.2273399 }, "geometry": { "type": "Point", "coordinates": [ -72.22734, -39.30357 ] } },
{ "type": "Feature", "properties": { "objectid": 18739, "dependencia": "INTEGRA", "nombre_establecimiento": "S.C. RUCALAF", "rbd": "I92006", "dgv_rbd": null, "estado": null, "direccion": null, "urbano_rural": "URBANO", "matricula": 15, "tipo": null, "cut_reg": "09", "cut_prov": "091", "cut_com": "09120", "region": "La Araucanía", "provincia": "Cautín", "comuna": "Villarrica", "globalid": "6246c766-feb4-4cd6-b5f8-f0ecdfe0d4bc", "latitud": -39.302724, "longitud": -72.225176 }, "geometry": { "type": "Point", "coordinates": [ -72.22518, -39.30272 ] } },
{ "type": "Feature", "properties": { "objectid": 18740, "dependencia": "PARTICULAR SUBVENCIONADO", "nombre_establecimiento": "COLEGIO SAINT MATTHEW", "rbd": "40110", "dgv_rbd": null, "estado": null, "direccion": null, "urbano_rural": "URBANO", "matricula": 720, "tipo": null, "cut_reg": "09", "cut_prov": "091", "cut_com": "09120", "region": "La Araucanía", "provincia": "Cautín", "comuna": "Villarrica", "globalid": "2f6ad6a9-949d-4a1a-90df-11b4ad1eff3c", "latitud": -39.30172, "longitud": -72.23348 }, "geometry": { "type": "Point", "coordinates": [ -72.23348, -39.30172 ] } },
{ "type": "Feature", "properties": { "objectid": 18741, "dependencia": "JUNJI - VTF", "nombre_establecimiento": "VILLA ESPERANZA", "rbd": "J9120028", "dgv_rbd": null, "estado": null, "direccion": null, "urbano_rural": "URBANO", "matricula": 49, "tipo": null, "cut_reg": "09", "cut_prov": "091", "cut_com": "09120", "region": "La Araucanía", "provincia": "Cautín", "comuna": "Villarrica", "globalid": "410b3a86-48e3-4607-830f-8d05507cea22", "latitud": -39.300374, "longitud": -72.223156 }, "geometry": { "type": "Point", "coordinates": [ -72.22316, -39.30037 ] } },
{ "type": "Feature", "properties": { "objectid": 18743, "dependencia": "MUNICIPAL", "nombre_establecimiento": "ESCUELA BASICA MUNICIPAL DE EL CLARO", "rbd": "6056", "dgv_rbd": null, "estado": null, "direccion": null, "urbano_rural": "RURAL", "matricula": 289, "tipo": null, "cut_reg": "09", "cut_prov": "091", "cut_com": "09115", "region": "La Araucanía", "provincia": "Cautín", "comuna": "Pucón", "globalid": "8da7ca03-bdb7-4079-9587-dcb0024c1e3c", "latitud": -39.29878, "longitud": -71.9004 }, "geometry": { "type": "Point", "coordinates": [ -71.9004, -39.29878 ] } },
{ "type": "Feature", "properties": { "objectid": 18745, "dependencia": "PARTICULAR SUBVENCIONADO", "nombre_establecimiento": "ESCUELA LAURA VICUNA", "rbd": "19947", "dgv_rbd": null, "estado": null, "direccion": null, "urbano_rural": "URBANO", "matricula": 262, "tipo": null, "cut_reg": "09", "cut_prov": "091", "cut_com": "09120", "region": "La Araucanía", "provincia": "Cautín", "comuna": "Villarrica", "globalid": "20549e9f-d86c-4ac5-af79-31023098924d", "latitud": -39.29821, "longitud": -72.22425 }, "geometry": { "type": "Point", "coordinates": [ -72.22425, -39.29821 ] } },
{ "type": "Feature", "properties": { "objectid": 18746, "dependencia": "JUNJI - VTF", "nombre_establecimiento": "GOTITAS DE AMOR", "rbd": "J9109003", "dgv_rbd": null, "estado": null, "direccion": null, "urbano_rural": "URBANO", "matricula": 15, "tipo": null, "cut_reg": "09", "cut_prov": "091", "cut_com": "09109", "region": "La Araucanía", "provincia": "Cautín", "comuna": "Loncoche", "globalid": "4e35088a-6a8c-4930-bc93-5daced37dfdd", "latitud": -39.297442, "longitud": -72.401215 }, "geometry": { "type": "Point", "coordinates": [ -72.40121, -39.29744 ] } },
{ "type": "Feature", "properties": { "objectid": 18747, "dependencia": "PARTICULAR SUBVENCIONADO", "nombre_establecimiento": "ESCUELA PARTICULAR PUCARA ALTO", "rbd": "6121", "dgv_rbd": null, "estado": null, "direccion": null, "urbano_rural": "URBANO", "matricula": 111, "tipo": null, "cut_reg": "09", "cut_prov": "091", "cut_com": "09120", "region": "La Araucanía", "provincia": "Cautín", "comuna": "Villarrica", "globalid": "90b3f37d-41c3-4501-ad33-06e1586abe73", "latitud": -39.29728, "longitud": -72.22924 }, "geometry": { "type": "Point", "coordinates": [ -72.22924, -39.29728 ] } },
{ "type": "Feature", "properties": { "objectid": 18748, "dependencia": "INTEGRA", "nombre_establecimiento": "LOS COPIHUES", "rbd": "I92401", "dgv_rbd": null, "estado": null, "direccion": null, "urbano_rural": "RURAL", "matricula": 25, "tipo": null, "cut_reg": "09", "cut_prov": "091", "cut_com": "09109", "region": "La Araucanía", "provincia": "Cautín", "comuna": "Loncoche", "globalid": "ee331819-d4cd-47b1-82b3-0d33b102d7e3", "latitud": -39.297087, "longitud": -72.40154 }, "geometry": { "type": "Point", "coordinates": [ -72.40154, -39.29709 ] } },
{ "type": "Feature", "properties": { "objectid": 18749, "dependencia": "MUNICIPAL", "nombre_establecimiento": "ESCUELA EGON ERNTS KEUTMANN BESGEN", "rbd": "6303", "dgv_rbd": null, "estado": null, "direccion": null, "urbano_rural": "URBANO", "matricula": 138, "tipo": null, "cut_reg": "09", "cut_prov": "091", "cut_com": "09109", "region": "La Araucanía", "provincia": "Cautín", "comuna": "Loncoche", "globalid": "ab41e324-fa2d-4a5d-8120-2c5c697b8cc0", "latitud": -39.29687, "longitud": -72.40052 }, "geometry": { "type": "Point", "coordinates": [ -72.40052, -39.29687 ] } },
{ "type": "Feature", "properties": { "objectid": 18750, "dependencia": "PARTICULAR PAGADO", "nombre_establecimiento": "COLEGIO ALEMAN VILLARRICA", "rbd": "6161", "dgv_rbd": null, "estado": null, "direccion": null, "urbano_rural": "URBANO", "matricula": 259, "tipo": null, "cut_reg": "09", "cut_prov": "091", "cut_com": "09120", "region": "La Araucanía", "provincia": "Cautín", "comuna": "Villarrica", "globalid": "721a74b2-fcf6-4a4f-b143-e4b5130daebc", "latitud": -39.29583, "longitud": -72.18067 }, "geometry": { "type": "Point", "coordinates": [ -72.18067, -39.29583 ] } },
{ "type": "Feature", "properties": { "objectid": 18751, "dependencia": "PARTICULAR SUBVENCIONADO", "nombre_establecimiento": "ESCUELA PARTICULAR JUAN XXIII", "rbd": "6337", "dgv_rbd": null, "estado": null, "direccion": null, "urbano_rural": "URBANO", "matricula": 242, "tipo": null, "cut_reg": "09", "cut_prov": "091", "cut_com": "09109", "region": "La Araucanía", "provincia": "Cautín", "comuna": "Loncoche", "globalid": "b6fd9752-0394-4373-97ad-6ffb82d8405e", "latitud": -39.29552, "longitud": -72.40572 }, "geometry": { "type": "Point", "coordinates": [ -72.40572, -39.29552 ] } },
{ "type": "Feature", "properties": { "objectid": 18752, "dependencia": "JUNJI - VTF", "nombre_establecimiento": "CHALIN - TEKUN", "rbd": "J9120016", "dgv_rbd": null, "estado": null, "direccion": null, "urbano_rural": "URBANO", "matricula": 51, "tipo": null, "cut_reg": "09", "cut_prov": "091", "cut_com": "09120", "region": "La Araucanía", "provincia": "Cautín", "comuna": "Villarrica", "globalid": "3fdae442-be90-45b3-87c2-b7e9023a71cc", "latitud": -39.295173, "longitud": -72.222986 }, "geometry": { "type": "Point", "coordinates": [ -72.22299, -39.29517 ] } },
{ "type": "Feature", "properties": { "objectid": 18753, "dependencia": "PARTICULAR SUBVENCIONADO", "nombre_establecimiento": "COLEGIO PEDRO DE VALDIVIA DE VILLARRICA", "rbd": "20213", "dgv_rbd": null, "estado": null, "direccion": null, "urbano_rural": "RURAL", "matricula": 498, "tipo": null, "cut_reg": "09", "cut_prov": "091", "cut_com": "09120", "region": "La Araucanía", "provincia": "Cautín", "comuna": "Villarrica", "globalid": "eae514f4-c45d-4b5c-9f50-57074cbe12a2", "latitud": -39.29455, "longitud": -72.23127 }, "geometry": { "type": "Point", "coordinates": [ -72.23127, -39.29455 ] } },
{ "type": "Feature", "properties": { "objectid": 18754, "dependencia": "JUNJI - VTF", "nombre_establecimiento": "SALA CUNA LOS ANGELITOS", "rbd": "J9120014", "dgv_rbd": null, "estado": null, "direccion": null, "urbano_rural": "URBANO", "matricula": 50, "tipo": null, "cut_reg": "09", "cut_prov": "091", "cut_com": "09120", "region": "La Araucanía", "provincia": "Cautín", "comuna": "Villarrica", "globalid": "26abdfe8-16ec-4a17-b048-eea9d0f1c6ff", "latitud": -39.294448, "longitud": -72.237167 }, "geometry": { "type": "Point", "coordinates": [ -72.23717, -39.29445 ] } },
{ "type": "Feature", "properties": { "objectid": 18755, "dependencia": "MUNICIPAL", "nombre_establecimiento": "ESCUELA MARIANO LATORRE", "rbd": "6090", "dgv_rbd": null, "estado": null, "direccion": null, "urbano_rural": "URBANO", "matricula": 383, "tipo": null, "cut_reg": "09", "cut_prov": "091", "cut_com": "09120", "region": "La Araucanía", "provincia": "Cautín", "comuna": "Villarrica", "globalid": "0891067b-3824-4c9b-b98d-911f1cf66804", "latitud": -39.29356, "longitud": -72.22588 }, "geometry": { "type": "Point", "coordinates": [ -72.22588, -39.29356 ] } },
{ "type": "Feature", "properties": { "objectid": 18756, "dependencia": "JUNJI", "nombre_establecimiento": "KIMÜN REWE", "rbd": "J9120051", "dgv_rbd": null, "estado": null, "direccion": null, "urbano_rural": "URBANO", "matricula": 19, "tipo": null, "cut_reg": "09", "cut_prov": "091", "cut_com": "09120", "region": "La Araucanía", "provincia": "Cautín", "comuna": "Villarrica", "globalid": "662382d2-5485-4b2c-ae17-fbfb7d55dac2", "latitud": -39.29287, "longitud": -72.23087 }, "geometry": { "type": "Point", "coordinates": [ -72.23087, -39.29287 ] } },
{ "type": "Feature", "properties": { "objectid": 18757, "dependencia": "INTEGRA", "nombre_establecimiento": "DIEGO PORTALES", "rbd": "I92001", "dgv_rbd": null, "estado": null, "direccion": null, "urbano_rural": "URBANO", "matricula": 119, "tipo": null, "cut_reg": "09", "cut_prov": "091", "cut_com": "09120", "region": "La Araucanía", "provincia": "Cautín", "comuna": "Villarrica", "globalid": "b137c35b-7727-4571-b7a2-6efa0c8b9016", "latitud": -39.29265, "longitud": -72.225606 }, "geometry": { "type": "Point", "coordinates": [ -72.22561, -39.29265 ] } },
{ "type": "Feature", "properties": { "objectid": 18758, "dependencia": "MUNICIPAL", "nombre_establecimiento": "LICEO BICENTENARIO DE EXCELENCIA POLITECNICO VILLARRICA", "rbd": "6085", "dgv_rbd": null, "estado": null, "direccion": null, "urbano_rural": "URBANO", "matricula": 647, "tipo": null, "cut_reg": "09", "cut_prov": "091", "cut_com": "09120", "region": "La Araucanía", "provincia": "Cautín", "comuna": "Villarrica", "globalid": "1aed1851-8d11-467b-b0e3-32427a20746a", "latitud": -39.29237, "longitud": -72.2302 }, "geometry": { "type": "Point", "coordinates": [ -72.2302, -39.29237 ] } },
{ "type": "Feature", "properties": { "objectid": 18759, "dependencia": "JUNJI", "nombre_establecimiento": "MIGUEL ASTROZA", "rbd": "J9115023", "dgv_rbd": null, "estado": null, "direccion": null, "urbano_rural": "URBANO", "matricula": 47, "tipo": null, "cut_reg": "09", "cut_prov": "091", "cut_com": "09115", "region": "La Araucanía", "provincia": "Cautín", "comuna": "Pucón", "globalid": "480834fa-2090-4fb5-a981-05e7d55daaa2", "latitud": -39.29134, "longitud": -71.96098 }, "geometry": { "type": "Point", "coordinates": [ -71.96098, -39.29134 ] } },
{ "type": "Feature", "properties": { "objectid": 18760, "dependencia": "PARTICULAR SUBVENCIONADO", "nombre_establecimiento": "COLEGIO ALBERTO HURTADO", "rbd": "6120", "dgv_rbd": null, "estado": null, "direccion": null, "urbano_rural": "URBANO", "matricula": 1309, "tipo": null, "cut_reg": "09", "cut_prov": "091", "cut_com": "09120", "region": "La Araucanía", "provincia": "Cautín", "comuna": "Villarrica", "globalid": "295b5bb8-6c9a-4fff-9e31-511bb0130690", "latitud": -39.2907, "longitud": -72.22749 }, "geometry": { "type": "Point", "coordinates": [ -72.22749, -39.2907 ] } },
{ "type": "Feature", "properties": { "objectid": 18761, "dependencia": "JUNJI", "nombre_establecimiento": "ESTACIÓN DE LUZ", "rbd": "J9120049", "dgv_rbd": null, "estado": null, "direccion": null, "urbano_rural": "URBANO", "matricula": 115, "tipo": null, "cut_reg": "09", "cut_prov": "091", "cut_com": "09120", "region": "La Araucanía", "provincia": "Cautín", "comuna": "Villarrica", "globalid": "1ac5adca-16df-43a1-b170-07c4740e7fa5", "latitud": -39.289736, "longitud": -72.232929 }, "geometry": { "type": "Point", "coordinates": [ -72.23293, -39.28974 ] } },
{ "type": "Feature", "properties": { "objectid": 18762, "dependencia": "JUNJI - VTF", "nombre_establecimiento": "LA CASITA DE MIS SUENOS", "rbd": "J9115010", "dgv_rbd": null, "estado": null, "direccion": null, "urbano_rural": "URBANO", "matricula": 38, "tipo": null, "cut_reg": "09", "cut_prov": "091", "cut_com": "09115", "region": "La Araucanía", "provincia": "Cautín", "comuna": "Pucón", "globalid": "bacdc0c9-d777-467b-bdc2-a8f20d46bbc2", "latitud": -39.28877613, "longitud": -71.96178312 }, "geometry": { "type": "Point", "coordinates": [ -71.96178, -39.28878 ] } },
{ "type": "Feature", "properties": { "objectid": 18763, "dependencia": "MUNICIPAL", "nombre_establecimiento": "ESCUELA EL CASTILLO", "rbd": "6317", "dgv_rbd": null, "estado": null, "direccion": null, "urbano_rural": "RURAL", "matricula": 8, "tipo": null, "cut_reg": "09", "cut_prov": "091", "cut_com": "09120", "region": "La Araucanía", "provincia": "Cautín", "comuna": "Villarrica", "globalid": "22404538-3d96-402f-807d-888a20b2560a", "latitud": -39.28862, "longitud": -72.23095 }, "geometry": { "type": "Point", "coordinates": [ -72.23095, -39.28862 ] } },
{ "type": "Feature", "properties": { "objectid": 18764, "dependencia": "PARTICULAR SUBVENCIONADO", "nombre_establecimiento": "ESCUELA PARTICULAR PEDRO AGUIRRE CERDA", "rbd": "6124", "dgv_rbd": null, "estado": null, "direccion": null, "urbano_rural": "URBANO", "matricula": 227, "tipo": null, "cut_reg": "09", "cut_prov": "091", "cut_com": "09120", "region": "La Araucanía", "provincia": "Cautín", "comuna": "Villarrica", "globalid": "bb870905-8e07-4add-a8a0-e34d17fb2a23", "latitud": -39.28857, "longitud": -72.23613 }, "geometry": { "type": "Point", "coordinates": [ -72.23613, -39.28857 ] } },
{ "type": "Feature", "properties": { "objectid": 18765, "dependencia": "PARTICULAR SUBVENCIONADO", "nombre_establecimiento": "ESCUELA BASICA PEUMA MEW", "rbd": "16910", "dgv_rbd": null, "estado": null, "direccion": null, "urbano_rural": "RURAL", "matricula": 21, "tipo": null, "cut_reg": "09", "cut_prov": "091", "cut_com": "09120", "region": "La Araucanía", "provincia": "Cautín", "comuna": "Villarrica", "globalid": "8d999ff7-6da5-4443-9f20-f97de8e6f793", "latitud": -39.28713, "longitud": -72.24734 }, "geometry": { "type": "Point", "coordinates": [ -72.24734, -39.28713 ] } },
{ "type": "Feature", "properties": { "objectid": 18766, "dependencia": "MUNICIPAL", "nombre_establecimiento": "ESC.ESP.RET.MENTAL BEATO LUIS ORIONE", "rbd": "6091", "dgv_rbd": null, "estado": null, "direccion": null, "urbano_rural": "URBANO", "matricula": 68, "tipo": null, "cut_reg": "09", "cut_prov": "091", "cut_com": "09120", "region": "La Araucanía", "provincia": "Cautín", "comuna": "Villarrica", "globalid": "dd74cd07-733d-4ebe-af3f-e6b17e81e714", "latitud": -39.28713, "longitud": -72.22293 }, "geometry": { "type": "Point", "coordinates": [ -72.22293, -39.28713 ] } },
{ "type": "Feature", "properties": { "objectid": 18767, "dependencia": "PARTICULAR SUBVENCIONADO", "nombre_establecimiento": "COLEGIO RAITRAI DE PUCON", "rbd": "20209", "dgv_rbd": null, "estado": null, "direccion": null, "urbano_rural": "URBANO", "matricula": 376, "tipo": null, "cut_reg": "09", "cut_prov": "091", "cut_com": "09115", "region": "La Araucanía", "provincia": "Cautín", "comuna": "Pucón", "globalid": "ba39d479-342a-46ce-8178-8142328b88cb", "latitud": -39.287, "longitud": -71.94437 }, "geometry": { "type": "Point", "coordinates": [ -71.94437, -39.287 ] } },
{ "type": "Feature", "properties": { "objectid": 18768, "dependencia": "MUNICIPAL", "nombre_establecimiento": "LICEO BICENTENARIO DE EXCELENCIA ARTÍSTICO ALEXANDER GRAHAM BELL", "rbd": "6087", "dgv_rbd": null, "estado": null, "direccion": null, "urbano_rural": "URBANO", "matricula": 588, "tipo": null, "cut_reg": "09", "cut_prov": "091", "cut_com": "09120", "region": "La Araucanía", "provincia": "Cautín", "comuna": "Villarrica", "globalid": "c2382499-0ef3-4e5c-9897-034a9e36aa6c", "latitud": -39.2863, "longitud": -72.22433 }, "geometry": { "type": "Point", "coordinates": [ -72.22433, -39.2863 ] } },
{ "type": "Feature", "properties": { "objectid": 18769, "dependencia": "INTEGRA", "nombre_establecimiento": "VILLA ESTACIÓN", "rbd": "I92003", "dgv_rbd": null, "estado": null, "direccion": null, "urbano_rural": "URBANO", "matricula": 81, "tipo": null, "cut_reg": "09", "cut_prov": "091", "cut_com": "09120", "region": "La Araucanía", "provincia": "Cautín", "comuna": "Villarrica", "globalid": "b5a627b5-44ae-4203-8950-635dccc76e0d", "latitud": -39.286191, "longitud": -72.234722 }, "geometry": { "type": "Point", "coordinates": [ -72.23472, -39.28619 ] } },
{ "type": "Feature", "properties": { "objectid": 18770, "dependencia": "PARTICULAR SUBVENCIONADO", "nombre_establecimiento": "COLEGIO DE HUMANIDADES DE VILLARICA", "rbd": "6112", "dgv_rbd": null, "estado": null, "direccion": null, "urbano_rural": "URBANO", "matricula": 1683, "tipo": null, "cut_reg": "09", "cut_prov": "091", "cut_com": "09120", "region": "La Araucanía", "provincia": "Cautín", "comuna": "Villarrica", "globalid": "7c3a9595-573b-4255-9398-2e1ca2b42f91", "latitud": -39.28577, "longitud": -72.23197 }, "geometry": { "type": "Point", "coordinates": [ -72.23197, -39.28577 ] } },
{ "type": "Feature", "properties": { "objectid": 18771, "dependencia": "MUNICIPAL", "nombre_establecimiento": "LICEO BICENTENARIO ARAUCANÍA", "rbd": "6084", "dgv_rbd": null, "estado": null, "direccion": null, "urbano_rural": "URBANO", "matricula": 603, "tipo": null, "cut_reg": "09", "cut_prov": "091", "cut_com": "09120", "region": "La Araucanía", "provincia": "Cautín", "comuna": "Villarrica", "globalid": "1b98e7b9-acd0-41e3-b2c4-24eb52b1163b", "latitud": -39.2857, "longitud": -72.22809 }, "geometry": { "type": "Point", "coordinates": [ -72.22809, -39.2857 ] } },
{ "type": "Feature", "properties": { "objectid": 18772, "dependencia": "JUNJI", "nombre_establecimiento": "DULCES CASTAÑAS", "rbd": "J9115024", "dgv_rbd": null, "estado": null, "direccion": null, "urbano_rural": "URBANO", "matricula": 74, "tipo": null, "cut_reg": "09", "cut_prov": "091", "cut_com": "09115", "region": "La Araucanía", "provincia": "Cautín", "comuna": "Pucón", "globalid": "cf450a7b-0621-49a9-b906-82f7c53e5511", "latitud": -39.285183, "longitud": -71.95366 }, "geometry": { "type": "Point", "coordinates": [ -71.95366, -39.28518 ] } },
{ "type": "Feature", "properties": { "objectid": 18773, "dependencia": "PARTICULAR SUBVENCIONADO", "nombre_establecimiento": "ESCUELA PARTICULAR ADVENTISTA", "rbd": "6122", "dgv_rbd": null, "estado": null, "direccion": null, "urbano_rural": "URBANO", "matricula": 522, "tipo": null, "cut_reg": "09", "cut_prov": "091", "cut_com": "09120", "region": "La Araucanía", "provincia": "Cautín", "comuna": "Villarrica", "globalid": "362ddeee-a58f-4c5a-81ab-0461462f28d6", "latitud": -39.28491, "longitud": -72.22879 }, "geometry": { "type": "Point", "coordinates": [ -72.22879, -39.28491 ] } },
{ "type": "Feature", "properties": { "objectid": 18774, "dependencia": "JUNJI - VTF", "nombre_establecimiento": "ARDILLITAS (CATEDRAL)", "rbd": "J9120021", "dgv_rbd": null, "estado": null, "direccion": null, "urbano_rural": "URBANO", "matricula": 52, "tipo": null, "cut_reg": "09", "cut_prov": "091", "cut_com": "09120", "region": "La Araucanía", "provincia": "Cautín", "comuna": "Villarrica", "globalid": "641ec281-72ac-490d-a2ee-00ef03bfd324", "latitud": -39.284572, "longitud": -72.233612 }, "geometry": { "type": "Point", "coordinates": [ -72.23361, -39.28457 ] } },
{ "type": "Feature", "properties": { "objectid": 18775, "dependencia": "JUNJI - VTF", "nombre_establecimiento": "LOS ROBLES", "rbd": "J9115011", "dgv_rbd": null, "estado": null, "direccion": null, "urbano_rural": "URBANO", "matricula": 51, "tipo": null, "cut_reg": "09", "cut_prov": "091", "cut_com": "09115", "region": "La Araucanía", "provincia": "Cautín", "comuna": "Pucón", "globalid": "8dce8664-ce78-4bae-aa00-ac9c35346c6e", "latitud": -39.28413482000001, "longitud": -71.96433473 }, "geometry": { "type": "Point", "coordinates": [ -71.96433, -39.28413 ] } },
{ "type": "Feature", "properties": { "objectid": 18776, "dependencia": "MUNICIPAL", "nombre_establecimiento": "ESCUELA ESPECIAL INCLUSIVA LIWEN", "rbd": "42234", "dgv_rbd": null, "estado": null, "direccion": null, "urbano_rural": "URBANO", "matricula": 28, "tipo": null, "cut_reg": "09", "cut_prov": "091", "cut_com": "09115", "region": "La Araucanía", "provincia": "Cautín", "comuna": "Pucón", "globalid": "c55013b0-a9f2-40c2-9601-b03570b92b01", "latitud": -39.28329, "longitud": -71.98223 }, "geometry": { "type": "Point", "coordinates": [ -71.98223, -39.28329 ] } },
{ "type": "Feature", "properties": { "objectid": 18777, "dependencia": "MUNICIPAL", "nombre_establecimiento": "ESCUELA CARLOS HOLZAFEL", "rbd": "6052", "dgv_rbd": null, "estado": null, "direccion": null, "urbano_rural": "URBANO", "matricula": 805, "tipo": null, "cut_reg": "09", "cut_prov": "091", "cut_com": "09115", "region": "La Araucanía", "provincia": "Cautín", "comuna": "Pucón", "globalid": "5733dade-c3d5-4181-9744-3089387b5827", "latitud": -39.28292, "longitud": -71.96395 }, "geometry": { "type": "Point", "coordinates": [ -71.96395, -39.28292 ] } },
{ "type": "Feature", "properties": { "objectid": 18778, "dependencia": "PARTICULAR SUBVENCIONADO", "nombre_establecimiento": "COLEGIO ALTAS CUMBRES", "rbd": "20158", "dgv_rbd": null, "estado": null, "direccion": null, "urbano_rural": "URBANO", "matricula": 204, "tipo": null, "cut_reg": "09", "cut_prov": "091", "cut_com": "09120", "region": "La Araucanía", "provincia": "Cautín", "comuna": "Villarrica", "globalid": "c5de626f-f85e-4d12-8129-920de46057bc", "latitud": -39.28288, "longitud": -72.22339 }, "geometry": { "type": "Point", "coordinates": [ -72.22339, -39.28288 ] } },
{ "type": "Feature", "properties": { "objectid": 18779, "dependencia": "PARTICULAR SUBVENCIONADO", "nombre_establecimiento": "LICEO TECNOLOGICO MONTEMARIA", "rbd": "20139", "dgv_rbd": null, "estado": null, "direccion": null, "urbano_rural": "RURAL", "matricula": 565, "tipo": null, "cut_reg": "09", "cut_prov": "091", "cut_com": "09115", "region": "La Araucanía", "provincia": "Cautín", "comuna": "Pucón", "globalid": "8f9d7ba9-fb11-40f6-add4-f81285271be7", "latitud": -39.28262, "longitud": -71.94245 }, "geometry": { "type": "Point", "coordinates": [ -71.94245, -39.28262 ] } },
{ "type": "Feature", "properties": { "objectid": 18780, "dependencia": "JUNJI", "nombre_establecimiento": "LOS AVELLANITOS", "rbd": "J9115025", "dgv_rbd": null, "estado": null, "direccion": null, "urbano_rural": "URBANO", "matricula": 95, "tipo": null, "cut_reg": "09", "cut_prov": "091", "cut_com": "09115", "region": "La Araucanía", "provincia": "Cautín", "comuna": "Pucón", "globalid": "1be17978-2e95-4e61-bbdc-e70c8b5876de", "latitud": -39.282365, "longitud": -71.941295 }, "geometry": { "type": "Point", "coordinates": [ -71.94129, -39.28236 ] } },
{ "type": "Feature", "properties": { "objectid": 18781, "dependencia": "MUNICIPAL", "nombre_establecimiento": "ESCUELA MUNICIPAL LOS ARRAYANES", "rbd": "20121", "dgv_rbd": null, "estado": null, "direccion": null, "urbano_rural": "URBANO", "matricula": 292, "tipo": null, "cut_reg": "09", "cut_prov": "091", "cut_com": "09115", "region": "La Araucanía", "provincia": "Cautín", "comuna": "Pucón", "globalid": "e009d878-6173-4b00-bb0e-4e28f96baa52", "latitud": -39.28182, "longitud": -71.96072 }, "geometry": { "type": "Point", "coordinates": [ -71.96072, -39.28182 ] } },
{ "type": "Feature", "properties": { "objectid": 18782, "dependencia": "JUNJI - VTF", "nombre_establecimiento": "TIEMPO DE CRECER (LOS HEROES)", "rbd": "J9120039", "dgv_rbd": null, "estado": null, "direccion": null, "urbano_rural": "URBANO", "matricula": 49, "tipo": null, "cut_reg": "09", "cut_prov": "091", "cut_com": "09120", "region": "La Araucanía", "provincia": "Cautín", "comuna": "Villarrica", "globalid": "5a2a8c49-a454-4ad8-b6ee-2d72effad7ca", "latitud": -39.281738, "longitud": -72.314448 }, "geometry": { "type": "Point", "coordinates": [ -72.31445, -39.28174 ] } },
{ "type": "Feature", "properties": { "objectid": 18783, "dependencia": "JUNJI - VTF", "nombre_establecimiento": "MIS PRIMEROS PASOS", "rbd": "J9120022", "dgv_rbd": null, "estado": null, "direccion": null, "urbano_rural": "URBANO", "matricula": 50, "tipo": null, "cut_reg": "09", "cut_prov": "091", "cut_com": "09120", "region": "La Araucanía", "provincia": "Cautín", "comuna": "Villarrica", "globalid": "99a18569-3965-4357-9c44-786685555df2", "latitud": -39.2815, "longitud": -72.309291 }, "geometry": { "type": "Point", "coordinates": [ -72.30929, -39.2815 ] } },
{ "type": "Feature", "properties": { "objectid": 18784, "dependencia": "PARTICULAR SUBVENCIONADO", "nombre_establecimiento": "ESCUELA INDUSTRIAL SAN JOSE", "rbd": "6113", "dgv_rbd": null, "estado": null, "direccion": null, "urbano_rural": "URBANO", "matricula": 569, "tipo": null, "cut_reg": "09", "cut_prov": "091", "cut_com": "09120", "region": "La Araucanía", "provincia": "Cautín", "comuna": "Villarrica", "globalid": "dab63336-22b9-41b2-9bb4-1b971ed7c472", "latitud": -39.28071, "longitud": -72.2316 }, "geometry": { "type": "Point", "coordinates": [ -72.2316, -39.28071 ] } },
{ "type": "Feature", "properties": { "objectid": 18785, "dependencia": "JUNJI", "nombre_establecimiento": "PILLANCITO", "rbd": "J9120001", "dgv_rbd": null, "estado": null, "direccion": null, "urbano_rural": "URBANO", "matricula": 112, "tipo": null, "cut_reg": "09", "cut_prov": "091", "cut_com": "09120", "region": "La Araucanía", "provincia": "Cautín", "comuna": "Villarrica", "globalid": "099e0114-4aba-4327-889e-f8506fe15699", "latitud": -39.280421, "longitud": -72.236169 }, "geometry": { "type": "Point", "coordinates": [ -72.23617, -39.28042 ] } },
{ "type": "Feature", "properties": { "objectid": 18786, "dependencia": "PARTICULAR SUBVENCIONADO", "nombre_establecimiento": "ESCUELA PARTICULAR SAGRADA FAMILIA", "rbd": "6116", "dgv_rbd": null, "estado": null, "direccion": null, "urbano_rural": "URBANO", "matricula": 552, "tipo": null, "cut_reg": "09", "cut_prov": "091", "cut_com": "09120", "region": "La Araucanía", "provincia": "Cautín", "comuna": "Villarrica", "globalid": "53856495-4014-41ff-8ba5-72dc77e55038", "latitud": -39.28002, "longitud": -72.23281 }, "geometry": { "type": "Point", "coordinates": [ -72.23281, -39.28002 ] } },
{ "type": "Feature", "properties": { "objectid": 18787, "dependencia": "PARTICULAR SUBVENCIONADO", "nombre_establecimiento": "ESCUELA PARTICULAR NANCUL", "rbd": "6117", "dgv_rbd": null, "estado": null, "direccion": null, "urbano_rural": "URBANO", "matricula": 94, "tipo": null, "cut_reg": "09", "cut_prov": "091", "cut_com": "09120", "region": "La Araucanía", "provincia": "Cautín", "comuna": "Villarrica", "globalid": "831c3f24-620f-4d56-8576-4044b70a5c6d", "latitud": -39.27969, "longitud": -72.30702 }, "geometry": { "type": "Point", "coordinates": [ -72.30702, -39.27969 ] } },
{ "type": "Feature", "properties": { "objectid": 18788, "dependencia": "JUNJI", "nombre_establecimiento": "COPITO DE NIEVE", "rbd": "J9115001", "dgv_rbd": null, "estado": null, "direccion": null, "urbano_rural": "URBANO", "matricula": 135, "tipo": null, "cut_reg": "09", "cut_prov": "091", "cut_com": "09115", "region": "La Araucanía", "provincia": "Cautín", "comuna": "Pucón", "globalid": "0db6aea4-6f82-4ab7-a694-261f52fde9bf", "latitud": -39.279457, "longitud": -71.97102 }, "geometry": { "type": "Point", "coordinates": [ -71.97102, -39.27946 ] } },
{ "type": "Feature", "properties": { "objectid": 18789, "dependencia": "PARTICULAR SUBVENCIONADO", "nombre_establecimiento": "ESCUELA ESPECIAL RUCA MAHUIDA", "rbd": "20204", "dgv_rbd": null, "estado": null, "direccion": null, "urbano_rural": "URBANO", "matricula": 122, "tipo": null, "cut_reg": "09", "cut_prov": "091", "cut_com": "09120", "region": "La Araucanía", "provincia": "Cautín", "comuna": "Villarrica", "globalid": "c84b5e57-b1f7-4947-80c0-841153fe8dd1", "latitud": -39.27927, "longitud": -72.22768 }, "geometry": { "type": "Point", "coordinates": [ -72.22768, -39.27927 ] } },
{ "type": "Feature", "properties": { "objectid": 18790, "dependencia": "PARTICULAR SUBVENCIONADO", "nombre_establecimiento": "ESCUELA PARTICULAR RAMON GUINEZ", "rbd": "6072", "dgv_rbd": null, "estado": null, "direccion": null, "urbano_rural": "URBANO", "matricula": 837, "tipo": null, "cut_reg": "09", "cut_prov": "091", "cut_com": "09115", "region": "La Araucanía", "provincia": "Cautín", "comuna": "Pucón", "globalid": "9fdabcdf-19e5-435f-845f-9e2b3845a719", "latitud": -39.27873, "longitud": -71.96866 }, "geometry": { "type": "Point", "coordinates": [ -71.96866, -39.27873 ] } },
{ "type": "Feature", "properties": { "objectid": 18791, "dependencia": "MUNICIPAL", "nombre_establecimiento": "ESCUELA JOSE ABELARDO NUNEZ", "rbd": "6086", "dgv_rbd": null, "estado": null, "direccion": null, "urbano_rural": "URBANO", "matricula": 405, "tipo": null, "cut_reg": "09", "cut_prov": "091", "cut_com": "09120", "region": "La Araucanía", "provincia": "Cautín", "comuna": "Villarrica", "globalid": "36b0756f-a2fc-4e22-964a-ba286d049029", "latitud": -39.27856, "longitud": -72.23757 }, "geometry": { "type": "Point", "coordinates": [ -72.23757, -39.27856 ] } },
{ "type": "Feature", "properties": { "objectid": 18792, "dependencia": "PARTICULAR SUBVENCIONADO", "nombre_establecimiento": "COLEGIO SANTA CRUZ", "rbd": "6118", "dgv_rbd": null, "estado": null, "direccion": null, "urbano_rural": "URBANO", "matricula": 845, "tipo": null, "cut_reg": "09", "cut_prov": "091", "cut_com": "09120", "region": "La Araucanía", "provincia": "Cautín", "comuna": "Villarrica", "globalid": "7a6d215c-9646-44a7-99de-f9b4fb401e34", "latitud": -39.27833, "longitud": -72.22573 }, "geometry": { "type": "Point", "coordinates": [ -72.22573, -39.27833 ] } },
{ "type": "Feature", "properties": { "objectid": 18793, "dependencia": "JUNJI - VTF", "nombre_establecimiento": "RUKAYUN", "rbd": "J9115019", "dgv_rbd": null, "estado": null, "direccion": null, "urbano_rural": "URBANO", "matricula": 95, "tipo": null, "cut_reg": "09", "cut_prov": "091", "cut_com": "09115", "region": "La Araucanía", "provincia": "Cautín", "comuna": "Pucón", "globalid": "320a3ed5-4d0c-42d0-8cc9-481732985b17", "latitud": -39.278181, "longitud": -71.972706 }, "geometry": { "type": "Point", "coordinates": [ -71.97271, -39.27818 ] } },
{ "type": "Feature", "properties": { "objectid": 18794, "dependencia": "MUNICIPAL", "nombre_establecimiento": "ESCUELA VALENTIN LETELIER", "rbd": "6088", "dgv_rbd": null, "estado": null, "direccion": null, "urbano_rural": "URBANO", "matricula": 280, "tipo": null, "cut_reg": "09", "cut_prov": "091", "cut_com": "09120", "region": "La Araucanía", "provincia": "Cautín", "comuna": "Villarrica", "globalid": "4feec94e-4642-47dc-9aca-bf74921381ce", "latitud": -39.27814, "longitud": -72.22884 }, "geometry": { "type": "Point", "coordinates": [ -72.22884, -39.27814 ] } },
{ "type": "Feature", "properties": { "objectid": 18795, "dependencia": "MUNICIPAL", "nombre_establecimiento": "ESCUELA VOIPIR DE NANCUL", "rbd": "6089", "dgv_rbd": null, "estado": null, "direccion": null, "urbano_rural": "URBANO", "matricula": 286, "tipo": null, "cut_reg": "09", "cut_prov": "091", "cut_com": "09120", "region": "La Araucanía", "provincia": "Cautín", "comuna": "Villarrica", "globalid": "44681104-fbbd-496e-874e-522f84bfff95", "latitud": -39.27811, "longitud": -72.23287 }, "geometry": { "type": "Point", "coordinates": [ -72.23287, -39.27811 ] } },
{ "type": "Feature", "properties": { "objectid": 18796, "dependencia": "PARTICULAR SUBVENCIONADO", "nombre_establecimiento": "COMPLEJO EDUCACIONAL PABLO SEXTO", "rbd": "6070", "dgv_rbd": null, "estado": null, "direccion": null, "urbano_rural": "URBANO", "matricula": 467, "tipo": null, "cut_reg": "09", "cut_prov": "091", "cut_com": "09115", "region": "La Araucanía", "provincia": "Cautín", "comuna": "Pucón", "globalid": "5cb7ed0a-31e3-4016-a09a-d5641c6b572a", "latitud": -39.2781, "longitud": -71.97292 }, "geometry": { "type": "Point", "coordinates": [ -71.97292, -39.2781 ] } },
{ "type": "Feature", "properties": { "objectid": 18797, "dependencia": "PARTICULAR SUBVENCIONADO", "nombre_establecimiento": "COLEGIO LIAHONA", "rbd": "20167", "dgv_rbd": null, "estado": null, "direccion": null, "urbano_rural": "URBANO", "matricula": 767, "tipo": null, "cut_reg": "09", "cut_prov": "091", "cut_com": "09115", "region": "La Araucanía", "provincia": "Cautín", "comuna": "Pucón", "globalid": "7defb76b-db08-4674-ada3-7aab7303abe7", "latitud": -39.27777, "longitud": -71.96321 }, "geometry": { "type": "Point", "coordinates": [ -71.96321, -39.27777 ] } },
{ "type": "Feature", "properties": { "objectid": 18798, "dependencia": "INTEGRA", "nombre_establecimiento": "CUPULHUE CHE", "rbd": "I91901", "dgv_rbd": null, "estado": null, "direccion": null, "urbano_rural": "URBANO", "matricula": 89, "tipo": null, "cut_reg": "09", "cut_prov": "091", "cut_com": "09115", "region": "La Araucanía", "provincia": "Cautín", "comuna": "Pucón", "globalid": "0a5649bf-b4ab-4239-bd19-c5d4d537a361", "latitud": -39.27766, "longitud": -71.966009 }, "geometry": { "type": "Point", "coordinates": [ -71.96601, -39.27766 ] } },
{ "type": "Feature", "properties": { "objectid": 18799, "dependencia": "PARTICULAR SUBVENCIONADO", "nombre_establecimiento": "ESCUELA ESPECIAL HOSPITALARIA REVIVIR", "rbd": "20278", "dgv_rbd": null, "estado": null, "direccion": null, "urbano_rural": "URBANO", "matricula": 128, "tipo": null, "cut_reg": "09", "cut_prov": "091", "cut_com": "09120", "region": "La Araucanía", "provincia": "Cautín", "comuna": "Villarrica", "globalid": "fb7efb9e-bcc8-4d6c-bb3b-0db15fae0957", "latitud": -39.27752, "longitud": -72.22692 }, "geometry": { "type": "Point", "coordinates": [ -72.22692, -39.27752 ] } },
{ "type": "Feature", "properties": { "objectid": 18800, "dependencia": "MUNICIPAL", "nombre_establecimiento": "LICEO BICENTENARIO HOTELERIA Y TURISMO", "rbd": "6051", "dgv_rbd": null, "estado": null, "direccion": null, "urbano_rural": "URBANO", "matricula": 353, "tipo": null, "cut_reg": "09", "cut_prov": "091", "cut_com": "09115", "region": "La Araucanía", "provincia": "Cautín", "comuna": "Pucón", "globalid": "f8607155-7cea-4713-8a1b-3312bde725a6", "latitud": -39.27729, "longitud": -71.96519 }, "geometry": { "type": "Point", "coordinates": [ -71.96519, -39.27729 ] } },
{ "type": "Feature", "properties": { "objectid": 18801, "dependencia": "INTEGRA", "nombre_establecimiento": "PEUMAYEN", "rbd": "I92010", "dgv_rbd": null, "estado": null, "direccion": null, "urbano_rural": "URBANO", "matricula": 95, "tipo": null, "cut_reg": "09", "cut_prov": "091", "cut_com": "09120", "region": "La Araucanía", "provincia": "Cautín", "comuna": "Villarrica", "globalid": "8ec711d8-4dc0-4526-ac80-79ed36199863", "latitud": -39.277148, "longitud": -72.237026 }, "geometry": { "type": "Point", "coordinates": [ -72.23703, -39.27715 ] } },
{ "type": "Feature", "properties": { "objectid": 18802, "dependencia": "PARTICULAR SUBVENCIONADO", "nombre_establecimiento": "INSTITUTO CAMILO HENRIQUEZ", "rbd": "19921", "dgv_rbd": null, "estado": null, "direccion": null, "urbano_rural": "URBANO", "matricula": 478, "tipo": null, "cut_reg": "09", "cut_prov": "091", "cut_com": "09120", "region": "La Araucanía", "provincia": "Cautín", "comuna": "Villarrica", "globalid": "f79464cf-161e-463c-b202-9c21092ae684", "latitud": -39.27695, "longitud": -72.23618 }, "geometry": { "type": "Point", "coordinates": [ -72.23618, -39.27695 ] } },
{ "type": "Feature", "properties": { "objectid": 18803, "dependencia": "MUNICIPAL", "nombre_establecimiento": "ESCUELA HECTOR VALENZUELA CEA", "rbd": "5962", "dgv_rbd": null, "estado": null, "direccion": null, "urbano_rural": "URBANO", "matricula": 65, "tipo": null, "cut_reg": "09", "cut_prov": "091", "cut_com": "09120", "region": "La Araucanía", "provincia": "Cautín", "comuna": "Villarrica", "globalid": "745f4ca7-d616-4313-a02e-05b98be0ff6a", "latitud": -39.27617, "longitud": -72.23821 }, "geometry": { "type": "Point", "coordinates": [ -72.23821, -39.27617 ] } },
{ "type": "Feature", "properties": { "objectid": 18806, "dependencia": "PARTICULAR SUBVENCIONADO", "nombre_establecimiento": "ESCUELA PARTICULAR NTRA.SRA.DE FATIMA", "rbd": "6071", "dgv_rbd": null, "estado": null, "direccion": null, "urbano_rural": "URBANO", "matricula": 556, "tipo": null, "cut_reg": "09", "cut_prov": "091", "cut_com": "09115", "region": "La Araucanía", "provincia": "Cautín", "comuna": "Pucón", "globalid": "06534e33-51cb-4387-b8b9-c0d8a942810a", "latitud": -39.27456, "longitud": -71.97827 }, "geometry": { "type": "Point", "coordinates": [ -71.97827, -39.27456 ] } },
{ "type": "Feature", "properties": { "objectid": 18807, "dependencia": "PARTICULAR SUBVENCIONADO", "nombre_establecimiento": "ESCUELA PARTICULAR QUETROLELFU", "rbd": "6077", "dgv_rbd": null, "estado": null, "direccion": null, "urbano_rural": "RURAL", "matricula": 25, "tipo": null, "cut_reg": "09", "cut_prov": "091", "cut_com": "09115", "region": "La Araucanía", "provincia": "Cautín", "comuna": "Pucón", "globalid": "aea64768-e2bc-420d-bfa1-8b3b05d7c29a", "latitud": -39.27428, "longitud": -71.86102 }, "geometry": { "type": "Point", "coordinates": [ -71.86102, -39.27428 ] } },
{ "type": "Feature", "properties": { "objectid": 18808, "dependencia": "PARTICULAR SUBVENCIONADO", "nombre_establecimiento": "ESCUELA PARTICULAR MAICHIN", "rbd": "6048", "dgv_rbd": null, "estado": null, "direccion": null, "urbano_rural": "RURAL", "matricula": 5, "tipo": null, "cut_reg": "09", "cut_prov": "091", "cut_com": "09104", "region": "La Araucanía", "provincia": "Cautín", "comuna": "Curarrehue", "globalid": "10a8e8f2-2935-4624-948e-d5b3078a49fa", "latitud": -39.27358, "longitud": -71.4306 }, "geometry": { "type": "Point", "coordinates": [ -71.4306, -39.27358 ] } },
{ "type": "Feature", "properties": { "objectid": 18809, "dependencia": "MUNICIPAL", "nombre_establecimiento": "ESCUELA WENUY KUDAU", "rbd": "6323", "dgv_rbd": null, "estado": null, "direccion": null, "urbano_rural": "RURAL", "matricula": 30, "tipo": null, "cut_reg": "09", "cut_prov": "091", "cut_com": "09109", "region": "La Araucanía", "provincia": "Cautín", "comuna": "Loncoche", "globalid": "df63dc3d-d447-468e-bbbd-911335830e2e", "latitud": -39.2721, "longitud": -72.45054 }, "geometry": { "type": "Point", "coordinates": [ -72.45054, -39.2721 ] } },
{ "type": "Feature", "properties": { "objectid": 18810, "dependencia": "PARTICULAR SUBVENCIONADO", "nombre_establecimiento": "ESCUELA DE LENGUAJE RENACE", "rbd": "41931", "dgv_rbd": null, "estado": null, "direccion": null, "urbano_rural": "URBANO", "matricula": 57, "tipo": null, "cut_reg": "09", "cut_prov": "091", "cut_com": "09115", "region": "La Araucanía", "provincia": "Cautín", "comuna": "Pucón", "globalid": "7c6a7c26-9329-4e67-ac6f-fda57941fb59", "latitud": -39.2721, "longitud": -71.96441 }, "geometry": { "type": "Point", "coordinates": [ -71.96441, -39.2721 ] } },
{ "type": "Feature", "properties": { "objectid": 18811, "dependencia": "MUNICIPAL", "nombre_establecimiento": "ESC. BASICA VILLA SAN PEDRO", "rbd": "6060", "dgv_rbd": null, "estado": null, "direccion": null, "urbano_rural": "RURAL", "matricula": 149, "tipo": null, "cut_reg": "09", "cut_prov": "091", "cut_com": "09115", "region": "La Araucanía", "provincia": "Cautín", "comuna": "Pucón", "globalid": "9fd7910a-99be-48bf-9c55-cef4d41be2da", "latitud": -39.26847, "longitud": -71.82174 }, "geometry": { "type": "Point", "coordinates": [ -71.82174, -39.26847 ] } },
{ "type": "Feature", "properties": { "objectid": 18812, "dependencia": "PARTICULAR PAGADO", "nombre_establecimiento": "SOUTHERN OXFORD SCHOOL", "rbd": "19962", "dgv_rbd": null, "estado": null, "direccion": null, "urbano_rural": "URBANO", "matricula": 412, "tipo": null, "cut_reg": "09", "cut_prov": "091", "cut_com": "09120", "region": "La Araucanía", "provincia": "Cautín", "comuna": "Villarrica", "globalid": "ba3bbaff-0f95-4f04-ab9c-268f99127449", "latitud": -39.26837, "longitud": -72.23789 }, "geometry": { "type": "Point", "coordinates": [ -72.23789, -39.26837 ] } },
{ "type": "Feature", "properties": { "objectid": 18813, "dependencia": "JUNJI", "nombre_establecimiento": "ANTU MAHUIDA", "rbd": "J9115016", "dgv_rbd": null, "estado": null, "direccion": null, "urbano_rural": "RURAL", "matricula": 14, "tipo": null, "cut_reg": "09", "cut_prov": "091", "cut_com": "09115", "region": "La Araucanía", "provincia": "Cautín", "comuna": "Pucón", "globalid": "8f86342a-101d-47a8-876d-ada962007856", "latitud": -39.266317, "longitud": -71.786667 }, "geometry": { "type": "Point", "coordinates": [ -71.78667, -39.26632 ] } },
{ "type": "Feature", "properties": { "objectid": 18814, "dependencia": "JUNJI - VTF", "nombre_establecimiento": "RUKADEUMAIN", "rbd": "J9115007", "dgv_rbd": null, "estado": null, "direccion": null, "urbano_rural": "RURAL", "matricula": 8, "tipo": null, "cut_reg": "09", "cut_prov": "091", "cut_com": "09115", "region": "La Araucanía", "provincia": "Cautín", "comuna": "Pucón", "globalid": "2d2a1265-5515-46ae-b817-914880c9a540", "latitud": -39.261877, "longitud": -71.920737 }, "geometry": { "type": "Point", "coordinates": [ -71.92074, -39.26188 ] } },
{ "type": "Feature", "properties": { "objectid": 18815, "dependencia": "MUNICIPAL", "nombre_establecimiento": "ESC. BASICA PICHARES", "rbd": "6062", "dgv_rbd": null, "estado": null, "direccion": null, "urbano_rural": "RURAL", "matricula": 24, "tipo": null, "cut_reg": "09", "cut_prov": "091", "cut_com": "09115", "region": "La Araucanía", "provincia": "Cautín", "comuna": "Pucón", "globalid": "75b0a031-0103-4884-a6db-193e7c210cdf", "latitud": -39.26056, "longitud": -71.77552 }, "geometry": { "type": "Point", "coordinates": [ -71.77552, -39.26056 ] } },
{ "type": "Feature", "properties": { "objectid": 18816, "dependencia": "MUNICIPAL", "nombre_establecimiento": "ESC. BASICA QUELHUE", "rbd": "6054", "dgv_rbd": null, "estado": null, "direccion": null, "urbano_rural": "RURAL", "matricula": 37, "tipo": null, "cut_reg": "09", "cut_prov": "091", "cut_com": "09115", "region": "La Araucanía", "provincia": "Cautín", "comuna": "Pucón", "globalid": "bc38fca0-446d-47cb-915c-7337038c95db", "latitud": -39.2605, "longitud": -71.91992 }, "geometry": { "type": "Point", "coordinates": [ -71.91992, -39.2605 ] } },
{ "type": "Feature", "properties": { "objectid": 18818, "dependencia": "MUNICIPAL", "nombre_establecimiento": "ESC. BASICA CARILEUFU", "rbd": "6066", "dgv_rbd": null, "estado": null, "direccion": null, "urbano_rural": "RURAL", "matricula": 269, "tipo": null, "cut_reg": "09", "cut_prov": "091", "cut_com": "09115", "region": "La Araucanía", "provincia": "Cautín", "comuna": "Pucón", "globalid": "fc6ed431-c253-450b-ad1f-2d2985295c0b", "latitud": -39.23888, "longitud": -71.81599 }, "geometry": { "type": "Point", "coordinates": [ -71.81599, -39.23888 ] } },
{ "type": "Feature", "properties": { "objectid": 18819, "dependencia": "JUNJI - VTF", "nombre_establecimiento": "CARILEUFU", "rbd": "J9115012", "dgv_rbd": null, "estado": null, "direccion": null, "urbano_rural": "RURAL", "matricula": 50, "tipo": null, "cut_reg": "09", "cut_prov": "091", "cut_com": "09115", "region": "La Araucanía", "provincia": "Cautín", "comuna": "Pucón", "globalid": "2b81f84b-ed8c-4b7a-a1f5-c698ebde6971", "latitud": -39.23801467, "longitud": -71.82585759 }, "geometry": { "type": "Point", "coordinates": [ -71.82586, -39.23801 ] } },
{ "type": "Feature", "properties": { "objectid": 18824, "dependencia": "PARTICULAR SUBVENCIONADO", "nombre_establecimiento": "COLEGIO INGLES CAMBRIDGE VILLARRICA", "rbd": "6129", "dgv_rbd": null, "estado": null, "direccion": null, "urbano_rural": "RURAL", "matricula": 47, "tipo": null, "cut_reg": "09", "cut_prov": "091", "cut_com": "09120", "region": "La Araucanía", "provincia": "Cautín", "comuna": "Villarrica", "globalid": "7f0c5597-08c4-407c-8dad-169b47bc36f7", "latitud": -39.22994, "longitud": -72.34444 }, "geometry": { "type": "Point", "coordinates": [ -72.34444, -39.22994 ] } },
{ "type": "Feature", "properties": { "objectid": 18825, "dependencia": "PARTICULAR SUBVENCIONADO", "nombre_establecimiento": "ESCUELA PARTICULAR NELTUME", "rbd": "6147", "dgv_rbd": null, "estado": null, "direccion": null, "urbano_rural": "RURAL", "matricula": 31, "tipo": null, "cut_reg": "09", "cut_prov": "091", "cut_com": "09120", "region": "La Araucanía", "provincia": "Cautín", "comuna": "Villarrica", "globalid": "703408a6-e8ba-4d9e-ba77-ec511066ad8d", "latitud": -39.22111, "longitud": -72.28996 }, "geometry": { "type": "Point", "coordinates": [ -72.28996, -39.22111 ] } },
{ "type": "Feature", "properties": { "objectid": 18826, "dependencia": "JUNJI - VTF", "nombre_establecimiento": "QUINENAHUIN", "rbd": "J9104007", "dgv_rbd": null, "estado": null, "direccion": null, "urbano_rural": "RURAL", "matricula": 14, "tipo": null, "cut_reg": "09", "cut_prov": "091", "cut_com": "09104", "region": "La Araucanía", "provincia": "Cautín", "comuna": "Curarrehue", "globalid": "77b1e449-b1a7-4e55-9feb-249ceaf786ed", "latitud": -39.218667, "longitud": -71.434767 }, "geometry": { "type": "Point", "coordinates": [ -71.43477, -39.21867 ] } },
{ "type": "Feature", "properties": { "objectid": 18827, "dependencia": "MUNICIPAL", "nombre_establecimiento": "ESCUELA JERONIMO NECULPAN", "rbd": "6030", "dgv_rbd": null, "estado": null, "direccion": null, "urbano_rural": "RURAL", "matricula": 90, "tipo": null, "cut_reg": "09", "cut_prov": "091", "cut_com": "09104", "region": "La Araucanía", "provincia": "Cautín", "comuna": "Curarrehue", "globalid": "166f3f14-656b-4084-8cd6-715193c234db", "latitud": -39.21568, "longitud": -71.4318 }, "geometry": { "type": "Point", "coordinates": [ -71.4318, -39.21568 ] } },
{ "type": "Feature", "properties": { "objectid": 18829, "dependencia": "JUNJI - VTF", "nombre_establecimiento": "RELMU RAYEN", "rbd": "J9114016", "dgv_rbd": null, "estado": null, "direccion": null, "urbano_rural": "RURAL", "matricula": 33, "tipo": null, "cut_reg": "09", "cut_prov": "091", "cut_com": "09114", "region": "La Araucanía", "provincia": "Cautín", "comuna": "Pitrufquén", "globalid": "0e4de5b4-7cb7-4f11-a4d4-256a5838ca1a", "latitud": -39.20888779, "longitud": -72.3491021 }, "geometry": { "type": "Point", "coordinates": [ -72.3491, -39.20889 ] } },
{ "type": "Feature", "properties": { "objectid": 18830, "dependencia": "MUNICIPAL", "nombre_establecimiento": "ESCUELA SUSANA ORTIZ", "rbd": "6244", "dgv_rbd": null, "estado": null, "direccion": null, "urbano_rural": "RURAL", "matricula": 22, "tipo": null, "cut_reg": "09", "cut_prov": "091", "cut_com": "09114", "region": "La Araucanía", "provincia": "Cautín", "comuna": "Pitrufquén", "globalid": "e924b975-4f3c-4c5b-98d3-8ff78b1aed13", "latitud": -39.20536, "longitud": -72.34686 }, "geometry": { "type": "Point", "coordinates": [ -72.34686, -39.20536 ] } },
{ "type": "Feature", "properties": { "objectid": 18831, "dependencia": "PARTICULAR SUBVENCIONADO", "nombre_establecimiento": "ESCUELA PARTICULAR CABURGUA", "rbd": "6076", "dgv_rbd": null, "estado": null, "direccion": null, "urbano_rural": "RURAL", "matricula": 17, "tipo": null, "cut_reg": "09", "cut_prov": "091", "cut_com": "09115", "region": "La Araucanía", "provincia": "Cautín", "comuna": "Pucón", "globalid": "60ffffd2-f48a-40b2-b818-b3005e838298", "latitud": -39.19759, "longitud": -71.82136 }, "geometry": { "type": "Point", "coordinates": [ -71.82136, -39.19759 ] } },
{ "type": "Feature", "properties": { "objectid": 18833, "dependencia": "MUNICIPAL", "nombre_establecimiento": "ESC.BASICA PAILLACO", "rbd": "6069", "dgv_rbd": null, "estado": null, "direccion": null, "urbano_rural": "RURAL", "matricula": 180, "tipo": null, "cut_reg": "09", "cut_prov": "091", "cut_com": "09115", "region": "La Araucanía", "provincia": "Cautín", "comuna": "Pucón", "globalid": "54b07844-0485-4e54-9580-a7c2720e10dd", "latitud": -39.19338, "longitud": -71.7582 }, "geometry": { "type": "Point", "coordinates": [ -71.7582, -39.19338 ] } },
{ "type": "Feature", "properties": { "objectid": 18835, "dependencia": "JUNJI - VTF", "nombre_establecimiento": "AMUN TREKAN - EPEUKURA", "rbd": "J9104004", "dgv_rbd": null, "estado": null, "direccion": null, "urbano_rural": "RURAL", "matricula": 19, "tipo": null, "cut_reg": "09", "cut_prov": "091", "cut_com": "09104", "region": "La Araucanía", "provincia": "Cautín", "comuna": "Curarrehue", "globalid": "470ae08f-4815-4e13-b298-f8b2c1c69b0d", "latitud": -39.1817, "longitud": -71.473617 }, "geometry": { "type": "Point", "coordinates": [ -71.47362, -39.1817 ] } },
{ "type": "Feature", "properties": { "objectid": 18840, "dependencia": "MUNICIPAL", "nombre_establecimiento": "ESCUELA LICANCURA", "rbd": "6036", "dgv_rbd": null, "estado": null, "direccion": null, "urbano_rural": "RURAL", "matricula": 70, "tipo": null, "cut_reg": "09", "cut_prov": "091", "cut_com": "09104", "region": "La Araucanía", "provincia": "Cautín", "comuna": "Curarrehue", "globalid": "8cc1fecd-c662-4f63-982d-2734fe8b089f", "latitud": -39.17836, "longitud": -71.4715 }, "geometry": { "type": "Point", "coordinates": [ -71.4715, -39.17836 ] } },
{ "type": "Feature", "properties": { "objectid": 18845, "dependencia": "PARTICULAR SUBVENCIONADO", "nombre_establecimiento": "ESCUELA PARTICULAR SANTA FILOMENA", "rbd": "6149", "dgv_rbd": null, "estado": null, "direccion": null, "urbano_rural": "RURAL", "matricula": 23, "tipo": null, "cut_reg": "09", "cut_prov": "091", "cut_com": "09120", "region": "La Araucanía", "provincia": "Cautín", "comuna": "Villarrica", "globalid": "b9d721b6-4f24-4d83-87d9-88fac4eeb492", "latitud": -39.1753, "longitud": -72.14488 }, "geometry": { "type": "Point", "coordinates": [ -72.14488, -39.1753 ] } },
{ "type": "Feature", "properties": { "objectid": 18846, "dependencia": "JUNJI - VTF", "nombre_establecimiento": "SANTA FILOMENA", "rbd": "J9120010", "dgv_rbd": null, "estado": null, "direccion": null, "urbano_rural": "RURAL", "matricula": 13, "tipo": null, "cut_reg": "09", "cut_prov": "091", "cut_com": "09120", "region": "La Araucanía", "provincia": "Cautín", "comuna": "Villarrica", "globalid": "b18f5979-4a75-4bcb-ad34-16322a961974", "latitud": -39.17298057, "longitud": -72.16093972 }, "geometry": { "type": "Point", "coordinates": [ -72.16094, -39.17298 ] } },
{ "type": "Feature", "properties": { "objectid": 18847, "dependencia": "PARTICULAR SUBVENCIONADO", "nombre_establecimiento": "ESCUELA ESPECIAL ALFONSO RECART", "rbd": "20097", "dgv_rbd": null, "estado": null, "direccion": null, "urbano_rural": "URBANO", "matricula": 89, "tipo": null, "cut_reg": "09", "cut_prov": "091", "cut_com": "09120", "region": "La Araucanía", "provincia": "Cautín", "comuna": "Villarrica", "globalid": "3916d1aa-be97-4269-a6e1-1ccfd062ed69", "latitud": -39.16776, "longitud": -72.28402 }, "geometry": { "type": "Point", "coordinates": [ -72.28402, -39.16776 ] } },
{ "type": "Feature", "properties": { "objectid": 18849, "dependencia": "PARTICULAR SUBVENCIONADO", "nombre_establecimiento": "COLEGIO CAMILO HENRIQUEZ DE PEDREGOSO", "rbd": "20095", "dgv_rbd": null, "estado": null, "direccion": null, "urbano_rural": "RURAL", "matricula": 204, "tipo": null, "cut_reg": "09", "cut_prov": "091", "cut_com": "09120", "region": "La Araucanía", "provincia": "Cautín", "comuna": "Villarrica", "globalid": "9e993586-534e-44f7-b0e0-b92b989d617d", "latitud": -39.15873, "longitud": -72.28477 }, "geometry": { "type": "Point", "coordinates": [ -72.28477, -39.15873 ] } },
{ "type": "Feature", "properties": { "objectid": 18855, "dependencia": "MUNICIPAL", "nombre_establecimiento": "ESCUELA LAS VERTIENTES", "rbd": "6097", "dgv_rbd": null, "estado": null, "direccion": null, "urbano_rural": "RURAL", "matricula": 5, "tipo": null, "cut_reg": "09", "cut_prov": "091", "cut_com": "09120", "region": "La Araucanía", "provincia": "Cautín", "comuna": "Villarrica", "globalid": "20b1bbae-a646-42b7-802a-55c9ba8b11be", "latitud": -39.13715, "longitud": -72.28707 }, "geometry": { "type": "Point", "coordinates": [ -72.28707, -39.13715 ] } },
{ "type": "Feature", "properties": { "objectid": 18885, "dependencia": "PARTICULAR SUBVENCIONADO", "nombre_establecimiento": "ESC. PART. STA. ISABEL DE TRAFAMPULLI", "rbd": "6003", "dgv_rbd": null, "estado": null, "direccion": null, "urbano_rural": "RURAL", "matricula": 3, "tipo": null, "cut_reg": "09", "cut_prov": "091", "cut_com": "09103", "region": "La Araucanía", "provincia": "Cautín", "comuna": "Cunco", "globalid": "82ca0f59-39d5-4b8b-bda8-1d5e9a849379", "latitud": -39.08878, "longitud": -71.78547 }, "geometry": { "type": "Point", "coordinates": [ -71.78547, -39.08878 ] } },
{ "type": "Feature", "properties": { "objectid": 18891, "dependencia": "MUNICIPAL", "nombre_establecimiento": "ESCUELA COLONIA RAYEN-LAFQUEN", "rbd": "11462", "dgv_rbd": null, "estado": null, "direccion": null, "urbano_rural": "RURAL", "matricula": 68, "tipo": null, "cut_reg": "09", "cut_prov": "091", "cut_com": "09120", "region": "La Araucanía", "provincia": "Cautín", "comuna": "Villarrica", "globalid": "5ca49872-94c9-47ad-a7d0-c5f37d25da92", "latitud": -39.08078, "longitud": -72.29476 }, "geometry": { "type": "Point", "coordinates": [ -72.29476, -39.08078 ] } },
{ "type": "Feature", "properties": { "objectid": 18892, "dependencia": "MUNICIPAL", "nombre_establecimiento": "ESCUELA VIDA Y PAZ", "rbd": "5970", "dgv_rbd": null, "estado": null, "direccion": null, "urbano_rural": "RURAL", "matricula": 75, "tipo": null, "cut_reg": "09", "cut_prov": "091", "cut_com": "09103", "region": "La Araucanía", "provincia": "Cautín", "comuna": "Cunco", "globalid": "c6e597c7-329e-4e31-8194-9d6b6a733425", "latitud": -39.07517, "longitud": -72.08501 }, "geometry": { "type": "Point", "coordinates": [ -72.08501, -39.07517 ] } },
{ "type": "Feature", "properties": { "objectid": 18923, "dependencia": "MUNICIPAL", "nombre_establecimiento": "ESCUELA BASICA QUECHEREHUE", "rbd": "5990", "dgv_rbd": null, "estado": null, "direccion": null, "urbano_rural": "RURAL", "matricula": 118, "tipo": null, "cut_reg": "09", "cut_prov": "091", "cut_com": "09103", "region": "La Araucanía", "provincia": "Cautín", "comuna": "Cunco", "globalid": "7a2f437a-051a-477c-9ae7-722e5b206859", "latitud": -38.99773, "longitud": -72.04838 }, "geometry": { "type": "Point", "coordinates": [ -72.04838, -38.99773 ] } },
{ "type": "Feature", "properties": { "objectid": 18934, "dependencia": "PARTICULAR SUBVENCIONADO", "nombre_establecimiento": "ESCUELA PARTICULAR QUECHEREHUE", "rbd": "5995", "dgv_rbd": null, "estado": null, "direccion": null, "urbano_rural": "RURAL", "matricula": 17, "tipo": null, "cut_reg": "09", "cut_prov": "091", "cut_com": "09103", "region": "La Araucanía", "provincia": "Cautín", "comuna": "Cunco", "globalid": "21a42716-56a7-497c-873e-aad0a1b00707", "latitud": -38.99256, "longitud": -72.05048 }, "geometry": { "type": "Point", "coordinates": [ -72.05048, -38.99256 ] } }
]
}
