{
"type": "FeatureCollection",
"name": "NCH",
"crs": { "type": "name", "properties": { "name": "urn:ogc:def:crs:OGC:1.3:CRS84" } },
"xy_coordinate_resolution": 1e-05,
"features": [
{ "type": "Feature", "properties": { "objectid": 287, "peligro": "Medio", "volcan": null, "globalid_1": "b1ec2a0b-17ad-4d0d-80ab-764712183839", "Shape__Area": 0.00072556828035885701, "Shape__Length": 0.29158884472126301 }, "geometry": { "type": "Polygon", "coordinates": [ [ [ -71.48986, -36.6026 ], [ -71.49048, -36.60353 ], [ -71.4906, -36.60446 ], [ -71.48823, -36.6053 ], [ -71.48673, -36.60547 ], [ -71.48462, -36.6063 ], [ -71.48368, -36.6071 ], [ -71.48512, -36.60673 ], [ -71.48715, -36.60647 ], [ -71.48885, -36.60672 ], [ -71.49023, -36.60737 ], [ -71.49071, -36.60721 ], [ -71.49201, -36.60758 ], [ -71.49235, -36.60839 ], [ -71.49296, -36.60952 ], [ -71.49407, -36.6095 ], [ -71.49564, -36.60861 ], [ -71.49691, -36.60815 ], [ -71.49766, -36.6081 ], [ -71.49866, -36.60758 ], [ -71.4993, -36.60698 ], [ -71.49997, -36.60551 ], [ -71.50089, -36.60492 ], [ -71.50141, -36.60473 ], [ -71.50202, -36.60436 ], [ -71.50231, -36.60378 ], [ -71.50247, -36.60371 ], [ -71.50275, -36.60329 ], [ -71.50454, -36.60263 ], [ -71.50596, -36.6026 ], [ -71.50615, -36.60253 ], [ -71.50697, -36.60184 ], [ -71.50926, -36.60117 ], [ -71.50996, -36.60033 ], [ -71.5105, -36.60046 ], [ -71.51175, -36.60055 ], [ -71.51229, -36.60086 ], [ -71.51313, -36.6007 ], [ -71.51585, -36.59974 ], [ -71.51742, -36.59889 ], [ -71.51776, -36.59859 ], [ -71.51908, -36.59828 ], [ -71.51969, -36.59798 ], [ -71.52053, -36.59775 ], [ -71.52097, -36.5977 ], [ -71.52144, -36.59716 ], [ -71.52165, -36.59672 ], [ -71.52241, -36.5956 ], [ -71.52269, -36.59473 ], [ -71.52331, -36.59389 ], [ -71.52352, -36.5924 ], [ -71.52496, -36.59062 ], [ -71.52511, -36.58985 ], [ -71.52552, -36.58906 ], [ -71.52586, -36.58859 ], [ -71.52798, -36.58693 ], [ -71.52969, -36.58591 ], [ -71.53046, -36.5857 ], [ -71.53305, -36.58548 ], [ -71.53465, -36.58482 ], [ -71.53571, -36.58449 ], [ -71.53918, -36.58399 ], [ -71.54029, -36.58365 ], [ -71.54172, -36.583 ], [ -71.54232, -36.58235 ], [ -71.54264, -36.58141 ], [ -71.54255, -36.57936 ], [ -71.54231, -36.57916 ], [ -71.54239, -36.57827 ], [ -71.54323, -36.57689 ], [ -71.54521, -36.57506 ], [ -71.54592, -36.57497 ], [ -71.5474, -36.57415 ], [ -71.54936, -36.57426 ], [ -71.55115, -36.57479 ], [ -71.55364, -36.57495 ], [ -71.55926, -36.57347 ], [ -71.56302, -36.57032 ], [ -71.56388, -36.56991 ], [ -71.56486, -36.56923 ], [ -71.56696, -36.56739 ], [ -71.56847, -36.56655 ], [ -71.5691, -36.56596 ], [ -71.5709, -36.56332 ], [ -71.57102, -36.56303 ], [ -71.5728, -36.56173 ], [ -71.57373, -36.56043 ], [ -71.57467, -36.55947 ], [ -71.5765, -36.55829 ], [ -71.5792, -36.5568 ], [ -71.58535, -36.55524 ], [ -71.58722, -36.55284 ], [ -71.58772, -36.5519 ], [ -71.59003, -36.54934 ], [ -71.59162, -36.54659 ], [ -71.5916, -36.54576 ], [ -71.59226, -36.54481 ], [ -71.59223, -36.54399 ], [ -71.59239, -36.54331 ], [ -71.59298, -36.54251 ], [ -71.5934, -36.54171 ], [ -71.59436, -36.5413 ], [ -71.59479, -36.54096 ], [ -71.59504, -36.54035 ], [ -71.59433, -36.53901 ], [ -71.59401, -36.53873 ], [ -71.59299, -36.53871 ], [ -71.59132, -36.53929 ], [ -71.59035, -36.53949 ], [ -71.58956, -36.53954 ], [ -71.58756, -36.53951 ], [ -71.58622, -36.53929 ], [ -71.58469, -36.53993 ], [ -71.58421, -36.53994 ], [ -71.58355, -36.54021 ], [ -71.58283, -36.54119 ], [ -71.58174, -36.54186 ], [ -71.58128, -36.54247 ], [ -71.58017, -36.54522 ], [ -71.58007, -36.54608 ], [ -71.57987, -36.54676 ], [ -71.57993, -36.54848 ], [ -71.57973, -36.54912 ], [ -71.57907, -36.55064 ], [ -71.57855, -36.55115 ], [ -71.57761, -36.55163 ], [ -71.57623, -36.55206 ], [ -71.57432, -36.5531 ], [ -71.57384, -36.55358 ], [ -71.57315, -36.55395 ], [ -71.57004, -36.55527 ], [ -71.56898, -36.55547 ], [ -71.56783, -36.55626 ], [ -71.56472, -36.55876 ], [ -71.56181, -36.56204 ], [ -71.56113, -36.56291 ], [ -71.56098, -36.56363 ], [ -71.56059, -36.56424 ], [ -71.55921, -36.5657 ], [ -71.55861, -36.56618 ], [ -71.55819, -36.56701 ], [ -71.55794, -36.56726 ], [ -71.55672, -36.56797 ], [ -71.55553, -36.56839 ], [ -71.55362, -36.56943 ], [ -71.55296, -36.5697 ], [ -71.55168, -36.56997 ], [ -71.55062, -36.57 ], [ -71.54969, -36.56991 ], [ -71.54889, -36.5697 ], [ -71.54831, -36.56969 ], [ -71.54778, -36.56982 ], [ -71.54435, -36.57013 ], [ -71.54333, -36.57083 ], [ -71.54193, -36.57133 ], [ -71.54055, -36.57225 ], [ -71.53994, -36.57291 ], [ -71.53933, -36.57335 ], [ -71.53809, -36.57459 ], [ -71.53574, -36.57639 ], [ -71.53466, -36.5781 ], [ -71.53415, -36.57904 ], [ -71.53361, -36.57954 ], [ -71.53292, -36.58075 ], [ -71.53166, -36.58156 ], [ -71.53124, -36.58203 ], [ -71.53059, -36.58251 ], [ -71.52832, -36.58374 ], [ -71.52653, -36.5845 ], [ -71.52496, -36.58549 ], [ -71.52365, -36.58606 ], [ -71.52281, -36.58615 ], [ -71.52158, -36.58657 ], [ -71.52041, -36.5872 ], [ -71.51973, -36.58767 ], [ -71.51864, -36.58965 ], [ -71.51879, -36.59179 ], [ -71.51858, -36.5925 ], [ -71.51864, -36.59278 ], [ -71.51814, -36.59331 ], [ -71.5178, -36.59423 ], [ -71.51713, -36.59546 ], [ -71.51674, -36.59583 ], [ -71.51574, -36.59638 ], [ -71.51306, -36.59716 ], [ -71.51168, -36.59718 ], [ -71.51036, -36.59732 ], [ -71.50841, -36.59782 ], [ -71.50695, -36.59848 ], [ -71.50447, -36.59867 ], [ -71.50333, -36.59927 ], [ -71.50221, -36.60008 ], [ -71.50019, -36.60076 ], [ -71.49802, -36.60231 ], [ -71.49618, -36.60314 ], [ -71.49524, -36.60409 ], [ -71.49231, -36.60415 ], [ -71.49067, -36.60268 ], [ -71.48986, -36.6026 ] ] ] } },
{ "type": "Feature", "properties": { "objectid": 288, "peligro": "Medio", "volcan": null, "globalid_1": "111ebf43-bceb-45dc-8a54-1e11c0e5de7d", "Shape__Area": 1.2932991921843495e-07, "Shape__Length": 0.003918010204616176 }, "geometry": { "type": "Polygon", "coordinates": [ [ [ -71.48747, -36.60259 ], [ -71.48942, -36.60255 ], [ -71.48826, -36.60244 ], [ -71.48747, -36.60259 ] ] ] } },
{ "type": "Feature", "properties": { "objectid": 289, "peligro": "Medio", "volcan": null, "globalid_1": "e77f8cd0-7a73-4d83-8d09-822a31ba31ca", "Shape__Area": 2.9281409297254868e-05, "Shape__Length": 0.063372822314285773 }, "geometry": { "type": "Polygon", "coordinates": [ [ [ -71.3557, -36.65278 ], [ -71.35807, -36.65352 ], [ -71.36098, -36.65418 ], [ -71.36247, -36.65475 ], [ -71.36448, -36.65489 ], [ -71.37043, -36.65369 ], [ -71.37258, -36.65383 ], [ -71.37497, -36.65462 ], [ -71.37675, -36.65464 ], [ -71.37846, -36.65491 ], [ -71.38039, -36.65532 ], [ -71.38216, -36.65517 ], [ -71.38312, -36.65491 ], [ -71.38472, -36.65398 ], [ -71.38543, -36.65308 ], [ -71.38621, -36.65265 ], [ -71.38603, -36.65218 ], [ -71.38495, -36.65305 ], [ -71.38155, -36.65398 ], [ -71.37776, -36.65405 ], [ -71.3755, -36.65353 ], [ -71.373, -36.6532 ], [ -71.37111, -36.65323 ], [ -71.36945, -36.65308 ], [ -71.36803, -36.6532 ], [ -71.36282, -36.65311 ], [ -71.35797, -36.65321 ], [ -71.3557, -36.65278 ] ] ] } },
{ "type": "Feature", "properties": { "objectid": 290, "peligro": "Medio", "volcan": null, "globalid_1": "b0cbd0e7-42b2-4a06-93b2-58513114dfb5", "Shape__Area": 0.00030814864499006944, "Shape__Length": 0.38926070009759156 }, "geometry": { "type": "Polygon", "coordinates": [ [ [ -71.42969, -36.79006 ], [ -71.42965, -36.7888 ], [ -71.42897, -36.7859 ], [ -71.42746, -36.78271 ], [ -71.42683, -36.78165 ], [ -71.4246, -36.77913 ], [ -71.42377, -36.77837 ], [ -71.42324, -36.77582 ], [ -71.4237, -36.7739 ], [ -71.42425, -36.7727 ], [ -71.42534, -36.77178 ], [ -71.42538, -36.77077 ], [ -71.42573, -36.77027 ], [ -71.42619, -36.76935 ], [ -71.42616, -36.76849 ], [ -71.42528, -36.76539 ], [ -71.42477, -36.76454 ], [ -71.42437, -36.7618 ], [ -71.42343, -36.75902 ], [ -71.42267, -36.75726 ], [ -71.42232, -36.75538 ], [ -71.42169, -36.75327 ], [ -71.42211, -36.74869 ], [ -71.42233, -36.74811 ], [ -71.42253, -36.74641 ], [ -71.42321, -36.74554 ], [ -71.42349, -36.74496 ], [ -71.42341, -36.74415 ], [ -71.42177, -36.74285 ], [ -71.42133, -36.7421 ], [ -71.42036, -36.7414 ], [ -71.41987, -36.74084 ], [ -71.41872, -36.74015 ], [ -71.41724, -36.73836 ], [ -71.41733, -36.73755 ], [ -71.41725, -36.73604 ], [ -71.41492, -36.73283 ], [ -71.4138, -36.73247 ], [ -71.41314, -36.73239 ], [ -71.41248, -36.73197 ], [ -71.41156, -36.73109 ], [ -71.41118, -36.73043 ], [ -71.41003, -36.72954 ], [ -71.40986, -36.72924 ], [ -71.40813, -36.72858 ], [ -71.40529, -36.72768 ], [ -71.40408, -36.72705 ], [ -71.40132, -36.72627 ], [ -71.40103, -36.7261 ], [ -71.40074, -36.72611 ], [ -71.39972, -36.72584 ], [ -71.39842, -36.72572 ], [ -71.39679, -36.7248 ], [ -71.39625, -36.72458 ], [ -71.3957, -36.72412 ], [ -71.39402, -36.72367 ], [ -71.39374, -36.72391 ], [ -71.39244, -36.72394 ], [ -71.39112, -36.72358 ], [ -71.39058, -36.72321 ], [ -71.39037, -36.72217 ], [ -71.39053, -36.72169 ], [ -71.39048, -36.72098 ], [ -71.38906, -36.72014 ], [ -71.38799, -36.71921 ], [ -71.38534, -36.71594 ], [ -71.38279, -36.71381 ], [ -71.38063, -36.71283 ], [ -71.37918, -36.71194 ], [ -71.3777, -36.71014 ], [ -71.37592, -36.70766 ], [ -71.37523, -36.7059 ], [ -71.37447, -36.70454 ], [ -71.37378, -36.70272 ], [ -71.37247, -36.70177 ], [ -71.3708, -36.70072 ], [ -71.37046, -36.69878 ], [ -71.36917, -36.69617 ], [ -71.36869, -36.69435 ], [ -71.36774, -36.69217 ], [ -71.36724, -36.69123 ], [ -71.36565, -36.68945 ], [ -71.3645, -36.68861 ], [ -71.36393, -36.68738 ], [ -71.36402, -36.68647 ], [ -71.36434, -36.68542 ], [ -71.36475, -36.68322 ], [ -71.36468, -36.68102 ], [ -71.36435, -36.67993 ], [ -71.36432, -36.67907 ], [ -71.36367, -36.67718 ], [ -71.36288, -36.67638 ], [ -71.36267, -36.67539 ], [ -71.36257, -36.67401 ], [ -71.36272, -36.673 ], [ -71.36273, -36.67157 ], [ -71.36304, -36.66813 ], [ -71.36345, -36.66607 ], [ -71.36383, -36.66497 ], [ -71.36451, -36.66405 ], [ -71.36515, -36.66342 ], [ -71.36747, -36.66199 ], [ -71.36868, -36.66101 ], [ -71.36973, -36.66051 ], [ -71.3729, -36.65949 ], [ -71.37443, -36.65937 ], [ -71.37627, -36.65933 ], [ -71.37776, -36.65959 ], [ -71.37942, -36.65974 ], [ -71.38266, -36.6592 ], [ -71.38395, -36.65884 ], [ -71.385, -36.65844 ], [ -71.38581, -36.65776 ], [ -71.38741, -36.65601 ], [ -71.38927, -36.65492 ], [ -71.38972, -36.65396 ], [ -71.39074, -36.65381 ], [ -71.39018, -36.65358 ], [ -71.38957, -36.65293 ], [ -71.3889, -36.65289 ], [ -71.38839, -36.65314 ], [ -71.38781, -36.65368 ], [ -71.38703, -36.65465 ], [ -71.38589, -36.65617 ], [ -71.38555, -36.65689 ], [ -71.38496, -36.65714 ], [ -71.38416, -36.65769 ], [ -71.38292, -36.65813 ], [ -71.38011, -36.65819 ], [ -71.37723, -36.65849 ], [ -71.37237, -36.65856 ], [ -71.37161, -36.65843 ], [ -71.37006, -36.65857 ], [ -71.36888, -36.6592 ], [ -71.36819, -36.65982 ], [ -71.36723, -36.66027 ], [ -71.36693, -36.66056 ], [ -71.36676, -36.66092 ], [ -71.36497, -36.662 ], [ -71.36368, -36.66328 ], [ -71.3632, -36.66346 ], [ -71.36294, -36.66372 ], [ -71.3629, -36.66418 ], [ -71.36108, -36.66507 ], [ -71.36081, -36.66591 ], [ -71.3604, -36.66681 ], [ -71.36052, -36.66859 ], [ -71.36084, -36.66936 ], [ -71.36154, -36.6703 ], [ -71.36157, -36.67126 ], [ -71.36131, -36.67245 ], [ -71.36201, -36.67357 ], [ -71.36203, -36.67429 ], [ -71.36182, -36.67465 ], [ -71.36123, -36.67484 ], [ -71.36089, -36.67562 ], [ -71.36085, -36.67693 ], [ -71.36117, -36.6777 ], [ -71.36203, -36.67806 ], [ -71.36296, -36.67947 ], [ -71.36337, -36.6809 ], [ -71.36334, -36.68221 ], [ -71.36368, -36.68369 ], [ -71.36321, -36.68519 ], [ -71.36256, -36.68556 ], [ -71.36162, -36.68642 ], [ -71.36127, -36.68702 ], [ -71.36129, -36.68768 ], [ -71.36152, -36.68809 ], [ -71.3628, -36.6886 ], [ -71.36408, -36.68929 ], [ -71.3653, -36.6907 ], [ -71.36609, -36.69229 ], [ -71.36689, -36.6943 ], [ -71.36688, -36.69482 ], [ -71.36659, -36.69512 ], [ -71.36723, -36.6966 ], [ -71.36732, -36.69713 ], [ -71.36764, -36.6979 ], [ -71.36875, -36.70027 ], [ -71.369, -36.70133 ], [ -71.37065, -36.70208 ], [ -71.37186, -36.70277 ], [ -71.37256, -36.70395 ], [ -71.37312, -36.70537 ], [ -71.37375, -36.70574 ], [ -71.37431, -36.70673 ], [ -71.37406, -36.70811 ], [ -71.37423, -36.70906 ], [ -71.37561, -36.71046 ], [ -71.37638, -36.71158 ], [ -71.37769, -36.71304 ], [ -71.37838, -36.71398 ], [ -71.37944, -36.71468 ], [ -71.38041, -36.7149 ], [ -71.38176, -36.71547 ], [ -71.3843, -36.71619 ], [ -71.38516, -36.71754 ], [ -71.38534, -36.71879 ], [ -71.38576, -36.72033 ], [ -71.38744, -36.72197 ], [ -71.3888, -36.72284 ], [ -71.39015, -36.7234 ], [ -71.39234, -36.72461 ], [ -71.39452, -36.7257 ], [ -71.39722, -36.72678 ], [ -71.39895, -36.72782 ], [ -71.4012, -36.72873 ], [ -71.40264, -36.72953 ], [ -71.40577, -36.73042 ], [ -71.40834, -36.73186 ], [ -71.40918, -36.73262 ], [ -71.41075, -36.7333 ], [ -71.41234, -36.73446 ], [ -71.41327, -36.73558 ], [ -71.41428, -36.73728 ], [ -71.41619, -36.73897 ], [ -71.41831, -36.74054 ], [ -71.41949, -36.74254 ], [ -71.42003, -36.74331 ], [ -71.42022, -36.74473 ], [ -71.421, -36.74614 ], [ -71.42101, -36.74648 ], [ -71.4206, -36.74913 ], [ -71.42041, -36.75259 ], [ -71.42049, -36.75396 ], [ -71.42165, -36.75781 ], [ -71.42246, -36.76006 ], [ -71.4231, -36.76154 ], [ -71.42345, -36.76565 ], [ -71.42341, -36.76672 ], [ -71.42324, -36.76833 ], [ -71.42284, -36.76965 ], [ -71.42209, -36.77414 ], [ -71.42205, -36.77527 ], [ -71.42242, -36.77759 ], [ -71.4236, -36.77959 ], [ -71.42467, -36.78082 ], [ -71.42723, -36.78423 ], [ -71.42834, -36.78659 ], [ -71.42969, -36.79006 ] ] ] } },
{ "type": "Feature", "properties": { "objectid": 291, "peligro": "Medio", "volcan": null, "globalid_1": "635cb36d-2807-4db8-a747-a46ed406cfb6", "Shape__Area": 0.0011142781117996492, "Shape__Length": 0.97037881964115147 }, "geometry": { "type": "Polygon", "coordinates": [ [ [ -71.34062, -36.65955 ], [ -71.34322, -36.65894 ], [ -71.34508, -36.65766 ], [ -71.3466, -36.65706 ], [ -71.348, -36.65636 ], [ -71.34988, -36.65585 ], [ -71.35272, -36.6557 ], [ -71.35699, -36.65599 ], [ -71.359, -36.65605 ], [ -71.36067, -36.6564 ], [ -71.36258, -36.65703 ], [ -71.36308, -36.65769 ], [ -71.36253, -36.65922 ], [ -71.36066, -36.66135 ], [ -71.35986, -36.66184 ], [ -71.359, -36.66293 ], [ -71.35873, -36.66359 ], [ -71.35794, -36.66456 ], [ -71.3573, -36.66517 ], [ -71.35657, -36.66566 ], [ -71.35625, -36.66615 ], [ -71.35638, -36.66717 ], [ -71.35679, -36.66887 ], [ -71.35682, -36.66992 ], [ -71.35675, -36.67145 ], [ -71.35627, -36.67518 ], [ -71.3563, -36.67632 ], [ -71.35649, -36.6777 ], [ -71.3571, -36.67823 ], [ -71.35727, -36.679 ], [ -71.35729, -36.67954 ], [ -71.35687, -36.6802 ], [ -71.35681, -36.68068 ], [ -71.35638, -36.68134 ], [ -71.35629, -36.68307 ], [ -71.35525, -36.6853 ], [ -71.35505, -36.68602 ], [ -71.3556, -36.68726 ], [ -71.35591, -36.68767 ], [ -71.35624, -36.68868 ], [ -71.35614, -36.68883 ], [ -71.35615, -36.6892 ], [ -71.35685, -36.69169 ], [ -71.3575, -36.6926 ], [ -71.35769, -36.69317 ], [ -71.35719, -36.69404 ], [ -71.35666, -36.69419 ], [ -71.35579, -36.695 ], [ -71.35585, -36.69678 ], [ -71.35561, -36.69786 ], [ -71.35626, -36.69878 ], [ -71.35681, -36.6992 ], [ -71.35762, -36.69961 ], [ -71.35816, -36.69974 ], [ -71.3589, -36.70066 ], [ -71.35919, -36.70158 ], [ -71.35913, -36.70251 ], [ -71.3596, -36.70336 ], [ -71.36079, -36.70434 ], [ -71.36249, -36.70474 ], [ -71.36321, -36.70508 ], [ -71.36349, -36.7055 ], [ -71.36369, -36.70621 ], [ -71.36382, -36.70771 ], [ -71.36419, -36.70814 ], [ -71.36554, -36.70875 ], [ -71.36636, -36.70924 ], [ -71.36655, -36.70966 ], [ -71.36657, -36.71052 ], [ -71.36607, -36.71139 ], [ -71.36587, -36.71347 ], [ -71.36617, -36.71475 ], [ -71.36567, -36.71583 ], [ -71.36543, -36.71677 ], [ -71.36563, -36.71734 ], [ -71.36556, -36.71805 ], [ -71.36523, -36.71885 ], [ -71.36518, -36.72021 ], [ -71.36547, -36.72077 ], [ -71.36601, -36.72098 ], [ -71.36586, -36.72198 ], [ -71.36574, -36.72392 ], [ -71.36532, -36.72471 ], [ -71.36517, -36.72557 ], [ -71.36538, -36.72657 ], [ -71.36516, -36.72822 ], [ -71.36457, -36.72902 ], [ -71.36416, -36.73017 ], [ -71.3642, -36.73167 ], [ -71.36399, -36.73332 ], [ -71.36374, -36.73404 ], [ -71.36359, -36.73505 ], [ -71.36326, -36.7357 ], [ -71.36241, -36.73686 ], [ -71.36163, -36.73759 ], [ -71.36078, -36.73882 ], [ -71.36062, -36.73954 ], [ -71.35897, -36.74065 ], [ -71.3573, -36.74132 ], [ -71.35591, -36.74257 ], [ -71.35549, -36.74308 ], [ -71.35516, -36.74414 ], [ -71.35521, -36.7442 ], [ -71.35488, -36.74645 ], [ -71.35494, -36.74838 ], [ -71.35541, -36.7493 ], [ -71.35619, -36.75143 ], [ -71.3564, -36.75257 ], [ -71.35643, -36.75365 ], [ -71.35746, -36.7552 ], [ -71.35774, -36.75584 ], [ -71.35885, -36.75703 ], [ -71.36017, -36.75965 ], [ -71.36066, -36.76122 ], [ -71.36114, -36.76214 ], [ -71.36133, -36.7627 ], [ -71.36127, -36.76356 ], [ -71.36193, -36.76477 ], [ -71.36414, -36.76744 ], [ -71.36579, -36.76891 ], [ -71.36609, -36.77005 ], [ -71.36657, -36.77097 ], [ -71.36767, -36.77209 ], [ -71.36818, -36.7724 ], [ -71.36915, -36.77381 ], [ -71.36976, -36.77447 ], [ -71.37008, -36.77537 ], [ -71.37101, -36.77659 ], [ -71.37162, -36.7772 ], [ -71.37287, -36.77913 ], [ -71.37378, -36.77978 ], [ -71.3745, -36.78005 ], [ -71.37511, -36.7807 ], [ -71.37578, -36.78121 ], [ -71.37607, -36.78283 ], [ -71.37638, -36.78325 ], [ -71.37698, -36.78372 ], [ -71.37732, -36.78505 ], [ -71.37781, -36.78547 ], [ -71.37841, -36.78574 ], [ -71.37908, -36.78625 ], [ -71.37958, -36.7871 ], [ -71.37971, -36.78757 ], [ -71.37975, -36.78881 ], [ -71.37959, -36.78944 ], [ -71.3796, -36.78982 ], [ -71.37967, -36.79025 ], [ -71.37999, -36.79091 ], [ -71.38016, -36.79243 ], [ -71.38054, -36.79323 ], [ -71.38145, -36.79388 ], [ -71.38335, -36.79585 ], [ -71.38395, -36.79617 ], [ -71.38511, -36.7971 ], [ -71.38612, -36.79741 ], [ -71.38709, -36.79811 ], [ -71.38724, -36.79906 ], [ -71.3893, -36.80026 ], [ -71.38996, -36.80053 ], [ -71.38969, -36.80163 ], [ -71.38821, -36.80171 ], [ -71.38606, -36.80123 ], [ -71.38397, -36.80065 ], [ -71.38229, -36.80002 ], [ -71.3806, -36.79915 ], [ -71.37915, -36.79827 ], [ -71.37696, -36.79655 ], [ -71.37551, -36.79553 ], [ -71.37471, -36.79464 ], [ -71.37282, -36.79282 ], [ -71.37167, -36.79117 ], [ -71.37029, -36.78991 ], [ -71.36838, -36.78845 ], [ -71.36766, -36.78818 ], [ -71.36495, -36.78687 ], [ -71.36253, -36.78613 ], [ -71.35974, -36.78511 ], [ -71.35865, -36.78428 ], [ -71.35792, -36.78393 ], [ -71.35657, -36.78339 ], [ -71.35523, -36.78306 ], [ -71.35342, -36.78216 ], [ -71.35251, -36.78147 ], [ -71.35178, -36.78077 ], [ -71.35017, -36.78044 ], [ -71.34864, -36.77997 ], [ -71.34738, -36.77949 ], [ -71.34629, -36.7788 ], [ -71.34548, -36.77846 ], [ -71.34202, -36.77845 ], [ -71.33978, -36.77807 ], [ -71.33587, -36.77807 ], [ -71.33497, -36.77795 ], [ -71.33264, -36.77721 ], [ -71.33091, -36.77603 ], [ -71.33002, -36.7759 ], [ -71.32724, -36.77524 ], [ -71.32314, -36.77468 ], [ -71.32233, -36.77441 ], [ -71.32117, -36.77429 ], [ -71.31777, -36.77364 ], [ -71.31614, -36.77274 ], [ -71.31514, -36.77197 ], [ -71.31218, -36.77103 ], [ -71.30928, -36.76915 ], [ -71.30877, -36.76853 ], [ -71.30523, -36.76632 ], [ -71.3036, -36.76521 ], [ -71.30213, -36.76366 ], [ -71.29868, -36.7613 ], [ -71.29475, -36.75816 ], [ -71.29287, -36.75679 ], [ -71.29213, -36.75646 ], [ -71.29025, -36.75585 ], [ -71.28965, -36.75515 ], [ -71.28729, -36.75355 ], [ -71.2867, -36.75332 ], [ -71.28766, -36.75428 ], [ -71.28897, -36.75626 ], [ -71.29086, -36.75701 ], [ -71.29185, -36.75763 ], [ -71.29313, -36.75882 ], [ -71.29466, -36.75944 ], [ -71.2953, -36.75986 ], [ -71.29713, -36.76161 ], [ -71.29796, -36.76252 ], [ -71.29852, -36.76337 ], [ -71.29961, -36.76421 ], [ -71.30105, -36.7649 ], [ -71.30315, -36.76671 ], [ -71.30423, -36.76727 ], [ -71.30561, -36.76853 ], [ -71.30615, -36.76895 ], [ -71.30751, -36.76978 ], [ -71.30911, -36.77124 ], [ -71.30961, -36.77181 ], [ -71.31052, -36.7724 ], [ -71.31137, -36.7727 ], [ -71.31289, -36.773 ], [ -71.31411, -36.77369 ], [ -71.31649, -36.77421 ], [ -71.3187, -36.77528 ], [ -71.31999, -36.7755 ], [ -71.32085, -36.77581 ], [ -71.32281, -36.77588 ], [ -71.32344, -36.77612 ], [ -71.3243, -36.77678 ], [ -71.32591, -36.77703 ], [ -71.32907, -36.77708 ], [ -71.33062, -36.77747 ], [ -71.33431, -36.77897 ], [ -71.33773, -36.78012 ], [ -71.3405, -36.78064 ], [ -71.34281, -36.78067 ], [ -71.34658, -36.78159 ], [ -71.3506, -36.78244 ], [ -71.35467, -36.78451 ], [ -71.35898, -36.78571 ], [ -71.36059, -36.78632 ], [ -71.36411, -36.78797 ], [ -71.36519, -36.78831 ], [ -71.36628, -36.789 ], [ -71.36728, -36.78984 ], [ -71.36873, -36.79067 ], [ -71.36956, -36.79158 ], [ -71.37022, -36.79271 ], [ -71.37259, -36.79474 ], [ -71.3748, -36.79691 ], [ -71.3768, -36.79838 ], [ -71.37979, -36.8001 ], [ -71.38185, -36.80071 ], [ -71.38347, -36.80139 ], [ -71.38589, -36.80191 ], [ -71.38814, -36.80251 ], [ -71.391, -36.80296 ], [ -71.39547, -36.80394 ], [ -71.4006, -36.80555 ], [ -71.40319, -36.80607 ], [ -71.40431, -36.80483 ], [ -71.40501, -36.8016 ], [ -71.40515, -36.80038 ], [ -71.4059, -36.79894 ], [ -71.40621, -36.79728 ], [ -71.40669, -36.79577 ], [ -71.40692, -36.79434 ], [ -71.40696, -36.79276 ], [ -71.40758, -36.79003 ], [ -71.40825, -36.78594 ], [ -71.40887, -36.78292 ], [ -71.40881, -36.78085 ], [ -71.4093, -36.77962 ], [ -71.41034, -36.77867 ], [ -71.41157, -36.77807 ], [ -71.41336, -36.77568 ], [ -71.41452, -36.77294 ], [ -71.4153, -36.76963 ], [ -71.41574, -36.76654 ], [ -71.41639, -36.76474 ], [ -71.41801, -36.75878 ], [ -71.41852, -36.75597 ], [ -71.41846, -36.75406 ], [ -71.4186, -36.75143 ], [ -71.41822, -36.74894 ], [ -71.41759, -36.7472 ], [ -71.41778, -36.74716 ], [ -71.41794, -36.74532 ], [ -71.41694, -36.74397 ], [ -71.41579, -36.74029 ], [ -71.41412, -36.73902 ], [ -71.41304, -36.73773 ], [ -71.41165, -36.73579 ], [ -71.40878, -36.734 ], [ -71.40749, -36.73301 ], [ -71.40486, -36.73205 ], [ -71.40142, -36.73099 ], [ -71.39998, -36.72994 ], [ -71.39848, -36.72908 ], [ -71.39779, -36.72856 ], [ -71.39419, -36.72714 ], [ -71.39269, -36.72639 ], [ -71.39075, -36.72596 ], [ -71.39014, -36.72555 ], [ -71.38849, -36.72469 ], [ -71.3862, -36.72362 ], [ -71.38455, -36.72173 ], [ -71.38407, -36.72061 ], [ -71.38388, -36.71948 ], [ -71.38356, -36.71853 ], [ -71.38271, -36.71741 ], [ -71.38151, -36.7169 ], [ -71.37814, -36.71578 ], [ -71.37737, -36.71466 ], [ -71.37532, -36.71303 ], [ -71.37434, -36.71245 ], [ -71.37304, -36.71129 ], [ -71.37232, -36.70976 ], [ -71.37223, -36.70898 ], [ -71.37227, -36.7079 ], [ -71.3724, -36.70725 ], [ -71.37215, -36.70642 ], [ -71.37123, -36.7053 ], [ -71.37047, -36.7046 ], [ -71.36985, -36.70366 ], [ -71.36916, -36.70302 ], [ -71.36833, -36.70262 ], [ -71.36704, -36.70133 ], [ -71.36545, -36.69733 ], [ -71.36539, -36.69699 ], [ -71.36516, -36.69672 ], [ -71.36475, -36.69583 ], [ -71.36464, -36.69427 ], [ -71.3647, -36.69379 ], [ -71.36436, -36.69231 ], [ -71.36342, -36.69083 ], [ -71.36282, -36.69037 ], [ -71.36087, -36.68975 ], [ -71.36019, -36.68923 ], [ -71.35987, -36.68852 ], [ -71.35962, -36.68739 ], [ -71.35959, -36.68644 ], [ -71.36073, -36.68516 ], [ -71.36124, -36.6848 ], [ -71.36152, -36.68425 ], [ -71.36199, -36.68269 ], [ -71.36197, -36.68186 ], [ -71.36179, -36.68085 ], [ -71.36154, -36.68014 ], [ -71.36101, -36.67949 ], [ -71.36011, -36.67915 ], [ -71.35959, -36.67876 ], [ -71.35907, -36.67851 ], [ -71.35848, -36.67762 ], [ -71.3584, -36.67738 ], [ -71.35863, -36.67633 ], [ -71.35865, -36.67585 ], [ -71.35906, -36.67489 ], [ -71.35946, -36.67435 ], [ -71.35955, -36.67393 ], [ -71.35931, -36.67322 ], [ -71.35928, -36.67226 ], [ -71.35949, -36.67178 ], [ -71.35947, -36.6711 ], [ -71.35937, -36.67035 ], [ -71.35895, -36.66994 ], [ -71.35841, -36.66915 ], [ -71.35839, -36.6684 ], [ -71.3585, -36.66736 ], [ -71.35831, -36.66707 ], [ -71.35778, -36.6666 ], [ -71.35765, -36.66624 ], [ -71.35783, -36.66579 ], [ -71.3588, -36.66495 ], [ -71.3591, -36.66437 ], [ -71.35926, -36.66372 ], [ -71.35951, -36.66329 ], [ -71.3602, -36.66256 ], [ -71.36055, -36.66241 ], [ -71.36167, -36.66135 ], [ -71.36244, -36.66105 ], [ -71.36456, -36.65995 ], [ -71.36555, -36.65868 ], [ -71.3658, -36.65707 ], [ -71.36379, -36.65657 ], [ -71.36044, -36.65592 ], [ -71.35634, -36.65487 ], [ -71.35381, -36.65462 ], [ -71.34953, -36.655 ], [ -71.34769, -36.65509 ], [ -71.34534, -36.65579 ], [ -71.34485, -36.6564 ], [ -71.34302, -36.65721 ], [ -71.34224, -36.65848 ], [ -71.34062, -36.65955 ] ], [ [ -71.37021, -36.71013 ], [ -71.36993, -36.71014 ], [ -71.36961, -36.70989 ], [ -71.36857, -36.70824 ], [ -71.36569, -36.70521 ], [ -71.3656, -36.70496 ], [ -71.36432, -36.70377 ], [ -71.36361, -36.7035 ], [ -71.36207, -36.70267 ], [ -71.36144, -36.70247 ], [ -71.3609, -36.70205 ], [ -71.36086, -36.70083 ], [ -71.3611, -36.70019 ], [ -71.36109, -36.69968 ], [ -71.35989, -36.69835 ], [ -71.35917, -36.69793 ], [ -71.3588, -36.69758 ], [ -71.35835, -36.69738 ], [ -71.35808, -36.69703 ], [ -71.35804, -36.69588 ], [ -71.35828, -36.69509 ], [ -71.35854, -36.69458 ], [ -71.35956, -36.69335 ], [ -71.35916, -36.69193 ], [ -71.3584, -36.69022 ], [ -71.35836, -36.68997 ], [ -71.3582, -36.68989 ], [ -71.35824, -36.68876 ], [ -71.35814, -36.68793 ], [ -71.35757, -36.68645 ], [ -71.3574, -36.68561 ], [ -71.35746, -36.68508 ], [ -71.35794, -36.68399 ], [ -71.35805, -36.68256 ], [ -71.35832, -36.68172 ], [ -71.36021, -36.68129 ], [ -71.36075, -36.68132 ], [ -71.36091, -36.68173 ], [ -71.36087, -36.68298 ], [ -71.36053, -36.68376 ], [ -71.35896, -36.68582 ], [ -71.35869, -36.6866 ], [ -71.35905, -36.68868 ], [ -71.35948, -36.68934 ], [ -71.36266, -36.69099 ], [ -71.36368, -36.69166 ], [ -71.36407, -36.6928 ], [ -71.36413, -36.69491 ], [ -71.36373, -36.69584 ], [ -71.36369, -36.69658 ], [ -71.3645, -36.6976 ], [ -71.36482, -36.69896 ], [ -71.36534, -36.6997 ], [ -71.36662, -36.70202 ], [ -71.36875, -36.70404 ], [ -71.37028, -36.70532 ], [ -71.37087, -36.70594 ], [ -71.37139, -36.70673 ], [ -71.37178, -36.70798 ], [ -71.37181, -36.70895 ], [ -71.3712, -36.70988 ], [ -71.37021, -36.71013 ] ], [ [ -71.39501, -36.73107 ], [ -71.39892, -36.7322 ], [ -71.40022, -36.73217 ], [ -71.40211, -36.73199 ], [ -71.403, -36.73207 ], [ -71.4045, -36.73276 ], [ -71.40529, -36.73341 ], [ -71.40568, -36.73435 ], [ -71.40688, -36.73481 ], [ -71.40765, -36.73498 ], [ -71.40813, -36.73521 ], [ -71.40881, -36.73586 ], [ -71.41092, -36.7372 ], [ -71.41263, -36.73865 ], [ -71.41435, -36.74071 ], [ -71.4148, -36.74185 ], [ -71.41482, -36.74251 ], [ -71.41504, -36.74365 ], [ -71.41535, -36.74412 ], [ -71.41571, -36.74445 ], [ -71.41641, -36.74596 ], [ -71.41644, -36.74687 ], [ -71.41624, -36.74792 ], [ -71.41665, -36.74987 ], [ -71.41673, -36.75225 ], [ -71.4166, -36.7537 ], [ -71.41616, -36.75609 ], [ -71.41612, -36.75723 ], [ -71.41568, -36.75962 ], [ -71.41551, -36.76123 ], [ -71.41483, -36.76321 ], [ -71.41458, -36.76477 ], [ -71.41463, -36.76626 ], [ -71.41425, -36.76841 ], [ -71.41299, -36.77349 ], [ -71.41179, -36.77518 ], [ -71.40761, -36.77908 ], [ -71.40709, -36.7813 ], [ -71.40679, -36.78375 ], [ -71.40699, -36.78994 ], [ -71.4059, -36.79306 ], [ -71.40511, -36.79624 ], [ -71.40328, -36.79932 ], [ -71.40139, -36.80067 ], [ -71.40075, -36.80041 ], [ -71.40025, -36.79985 ], [ -71.40024, -36.79947 ], [ -71.39992, -36.79857 ], [ -71.39942, -36.79791 ], [ -71.39838, -36.79688 ], [ -71.39781, -36.79551 ], [ -71.39708, -36.795 ], [ -71.39664, -36.79439 ], [ -71.3963, -36.79273 ], [ -71.39621, -36.79173 ], [ -71.39589, -36.79102 ], [ -71.39574, -36.79026 ], [ -71.39449, -36.78804 ], [ -71.39434, -36.78719 ], [ -71.39361, -36.78639 ], [ -71.39258, -36.78584 ], [ -71.39154, -36.78486 ], [ -71.3901, -36.78431 ], [ -71.38843, -36.78387 ], [ -71.38726, -36.78232 ], [ -71.38658, -36.78167 ], [ -71.38367, -36.77963 ], [ -71.38221, -36.77818 ], [ -71.38154, -36.77781 ], [ -71.37999, -36.77741 ], [ -71.37956, -36.77709 ], [ -71.37709, -36.77561 ], [ -71.37588, -36.77501 ], [ -71.37401, -36.77386 ], [ -71.37305, -36.77335 ], [ -71.37087, -36.77192 ], [ -71.36986, -36.77084 ], [ -71.36919, -36.7697 ], [ -71.36809, -36.76844 ], [ -71.36725, -36.76731 ], [ -71.36585, -36.76505 ], [ -71.36512, -36.76435 ], [ -71.3641, -36.76294 ], [ -71.36316, -36.76131 ], [ -71.36263, -36.75874 ], [ -71.3618, -36.75762 ], [ -71.36105, -36.75642 ], [ -71.36048, -36.75514 ], [ -71.35955, -36.75394 ], [ -71.35908, -36.75309 ], [ -71.35844, -36.75232 ], [ -71.35832, -36.75146 ], [ -71.35785, -36.75047 ], [ -71.35781, -36.7494 ], [ -71.35734, -36.74855 ], [ -71.35702, -36.74677 ], [ -71.35799, -36.74374 ], [ -71.35842, -36.74316 ], [ -71.36085, -36.74132 ], [ -71.36182, -36.74095 ], [ -71.36269, -36.74029 ], [ -71.36355, -36.73941 ], [ -71.36459, -36.7386 ], [ -71.36501, -36.73767 ], [ -71.36543, -36.73694 ], [ -71.36568, -36.73629 ], [ -71.36616, -36.73449 ], [ -71.36644, -36.73227 ], [ -71.36668, -36.73127 ], [ -71.36665, -36.73019 ], [ -71.36719, -36.72754 ], [ -71.36751, -36.72667 ], [ -71.36765, -36.72524 ], [ -71.36815, -36.7243 ], [ -71.36842, -36.723 ], [ -71.36821, -36.72228 ], [ -71.3682, -36.72194 ], [ -71.36784, -36.72162 ], [ -71.36739, -36.72048 ], [ -71.36708, -36.72001 ], [ -71.36703, -36.71839 ], [ -71.36792, -36.71646 ], [ -71.3687, -36.71502 ], [ -71.36916, -36.71448 ], [ -71.36974, -36.71409 ], [ -71.37312, -36.71417 ], [ -71.37431, -36.71448 ], [ -71.37689, -36.71552 ], [ -71.37768, -36.71617 ], [ -71.37852, -36.71644 ], [ -71.37919, -36.7171 ], [ -71.3801, -36.71765 ], [ -71.38065, -36.71821 ], [ -71.38192, -36.71914 ], [ -71.3827, -36.72025 ], [ -71.38368, -36.72137 ], [ -71.38397, -36.72222 ], [ -71.38722, -36.72586 ], [ -71.3882, -36.72655 ], [ -71.38875, -36.72738 ], [ -71.39003, -36.72813 ], [ -71.39049, -36.72865 ], [ -71.39212, -36.72886 ], [ -71.39348, -36.72972 ], [ -71.39501, -36.73107 ] ] ] } },
{ "type": "Feature", "properties": { "objectid": 292, "peligro": "Medio", "volcan": null, "globalid_1": "76f18609-fe33-4b9a-bc38-ed893fd16c58", "Shape__Area": 7.9172795267368201e-05, "Shape__Length": 0.11113831172479377 }, "geometry": { "type": "Polygon", "coordinates": [ [ [ -71.27542, -36.71147 ], [ -71.27624, -36.71109 ], [ -71.27846, -36.71093 ], [ -71.2795, -36.7087 ], [ -71.28043, -36.70749 ], [ -71.28127, -36.70604 ], [ -71.28122, -36.7042 ], [ -71.28096, -36.70313 ], [ -71.28146, -36.70252 ], [ -71.28188, -36.70156 ], [ -71.28192, -36.70049 ], [ -71.28071, -36.69938 ], [ -71.2798, -36.69886 ], [ -71.27882, -36.69816 ], [ -71.27818, -36.69674 ], [ -71.27829, -36.69519 ], [ -71.27935, -36.69106 ], [ -71.28083, -36.68852 ], [ -71.28057, -36.68728 ], [ -71.28098, -36.6862 ], [ -71.28176, -36.68505 ], [ -71.28217, -36.68397 ], [ -71.28289, -36.683 ], [ -71.28443, -36.68261 ], [ -71.28552, -36.68205 ], [ -71.28671, -36.67977 ], [ -71.28663, -36.67935 ], [ -71.28781, -36.67927 ], [ -71.28832, -36.67908 ], [ -71.28888, -36.67782 ], [ -71.28906, -36.67644 ], [ -71.28963, -36.67572 ], [ -71.29139, -36.67515 ], [ -71.29151, -36.67425 ], [ -71.29252, -36.67357 ], [ -71.29481, -36.67335 ], [ -71.29532, -36.6731 ], [ -71.29657, -36.67278 ], [ -71.29868, -36.67203 ], [ -71.29477, -36.67291 ], [ -71.29193, -36.67296 ], [ -71.29064, -36.67334 ], [ -71.29036, -36.67388 ], [ -71.28972, -36.67479 ], [ -71.28886, -36.6757 ], [ -71.2885, -36.67588 ], [ -71.28702, -36.67609 ], [ -71.28533, -36.67649 ], [ -71.28233, -36.67873 ], [ -71.28095, -36.68033 ], [ -71.28047, -36.68212 ], [ -71.28018, -36.68435 ], [ -71.27943, -36.68594 ], [ -71.27938, -36.6873 ], [ -71.27907, -36.68866 ], [ -71.27848, -36.68996 ], [ -71.27847, -36.69246 ], [ -71.27798, -36.69383 ], [ -71.27776, -36.69555 ], [ -71.27781, -36.69706 ], [ -71.27838, -36.69855 ], [ -71.27903, -36.69932 ], [ -71.28005, -36.70095 ], [ -71.28018, -36.70209 ], [ -71.27969, -36.70374 ], [ -71.27956, -36.70532 ], [ -71.279, -36.70741 ], [ -71.27815, -36.70885 ], [ -71.27755, -36.70951 ], [ -71.27542, -36.71147 ] ] ] } },
{ "type": "Feature", "properties": { "objectid": 293, "peligro": "Medio", "volcan": null, "globalid_1": "9902f3f1-24b9-4048-88d9-bb227e5d429d", "Shape__Area": 0.0001840286477090558, "Shape__Length": 0.17778235692670544 }, "geometry": { "type": "Polygon", "coordinates": [ [ [ -71.28221, -36.74844 ], [ -71.28211, -36.74682 ], [ -71.28228, -36.74628 ], [ -71.28226, -36.74574 ], [ -71.28278, -36.74391 ], [ -71.28281, -36.74304 ], [ -71.283, -36.7417 ], [ -71.28387, -36.73891 ], [ -71.28447, -36.73528 ], [ -71.2849, -36.73384 ], [ -71.28497, -36.73222 ], [ -71.28587, -36.73029 ], [ -71.28582, -36.72886 ], [ -71.28519, -36.72763 ], [ -71.28492, -36.7263 ], [ -71.28383, -36.72556 ], [ -71.28182, -36.7256 ], [ -71.28072, -36.72448 ], [ -71.28009, -36.72334 ], [ -71.27995, -36.71867 ], [ -71.28214, -36.71653 ], [ -71.28362, -36.7146 ], [ -71.28504, -36.71336 ], [ -71.28537, -36.71233 ], [ -71.28598, -36.71146 ], [ -71.28615, -36.71014 ], [ -71.28612, -36.70882 ], [ -71.2863, -36.7079 ], [ -71.28609, -36.70645 ], [ -71.28547, -36.70575 ], [ -71.28535, -36.70146 ], [ -71.28584, -36.70002 ], [ -71.28545, -36.69888 ], [ -71.28399, -36.69748 ], [ -71.2836, -36.69649 ], [ -71.28355, -36.69491 ], [ -71.28386, -36.69319 ], [ -71.28506, -36.69188 ], [ -71.2859, -36.69 ], [ -71.2871, -36.68883 ], [ -71.28885, -36.68766 ], [ -71.29036, -36.68649 ], [ -71.29086, -36.68586 ], [ -71.29103, -36.68511 ], [ -71.29102, -36.68353 ], [ -71.29122, -36.68302 ], [ -71.29122, -36.68284 ], [ -71.29196, -36.68176 ], [ -71.29218, -36.68151 ], [ -71.29302, -36.68108 ], [ -71.29334, -36.68075 ], [ -71.29497, -36.67997 ], [ -71.29606, -36.67835 ], [ -71.29746, -36.67765 ], [ -71.29548, -36.67832 ], [ -71.29443, -36.67882 ], [ -71.29389, -36.67919 ], [ -71.29357, -36.67967 ], [ -71.29272, -36.67986 ], [ -71.29218, -36.68023 ], [ -71.29158, -36.68141 ], [ -71.29108, -36.68189 ], [ -71.2908, -36.6824 ], [ -71.29046, -36.68363 ], [ -71.29052, -36.68444 ], [ -71.29069, -36.68489 ], [ -71.29044, -36.68533 ], [ -71.28949, -36.68603 ], [ -71.28731, -36.68733 ], [ -71.28599, -36.68795 ], [ -71.28489, -36.68827 ], [ -71.28337, -36.68925 ], [ -71.28294, -36.68979 ], [ -71.28262, -36.69165 ], [ -71.28236, -36.69267 ], [ -71.28194, -36.69363 ], [ -71.28115, -36.69448 ], [ -71.28043, -36.69503 ], [ -71.28031, -36.69587 ], [ -71.28124, -36.6974 ], [ -71.2838, -36.69872 ], [ -71.28461, -36.69888 ], [ -71.28493, -36.69953 ], [ -71.28496, -36.70043 ], [ -71.28486, -36.70216 ], [ -71.28503, -36.70293 ], [ -71.28463, -36.70437 ], [ -71.28465, -36.70502 ], [ -71.28378, -36.70576 ], [ -71.283, -36.70684 ], [ -71.28181, -36.70961 ], [ -71.28167, -36.71104 ], [ -71.28197, -36.71197 ], [ -71.28164, -36.71305 ], [ -71.28007, -36.71401 ], [ -71.27796, -36.71469 ], [ -71.27763, -36.71548 ], [ -71.27658, -36.71629 ], [ -71.27513, -36.71804 ], [ -71.27408, -36.71891 ], [ -71.27411, -36.71963 ], [ -71.27378, -36.72064 ], [ -71.27374, -36.72228 ], [ -71.27493, -36.72355 ], [ -71.27592, -36.72382 ], [ -71.27673, -36.7243 ], [ -71.27737, -36.72479 ], [ -71.27848, -36.72627 ], [ -71.27938, -36.72668 ], [ -71.28128, -36.72779 ], [ -71.28229, -36.72877 ], [ -71.28293, -36.72955 ], [ -71.28341, -36.73068 ], [ -71.28342, -36.73111 ], [ -71.28371, -36.73182 ], [ -71.28392, -36.73296 ], [ -71.28395, -36.73389 ], [ -71.28319, -36.73527 ], [ -71.28237, -36.7375 ], [ -71.28197, -36.73908 ], [ -71.28113, -36.74375 ], [ -71.28121, -36.74639 ], [ -71.2815, -36.74724 ], [ -71.28187, -36.74774 ], [ -71.28221, -36.74844 ] ] ] } },
{ "type": "Feature", "properties": { "objectid": 294, "peligro": "Medio", "volcan": null, "globalid_1": "322f9fb7-6147-4af4-b89a-f90c13bd420e", "Shape__Area": 0.00022830858097222517, "Shape__Length": 0.27517226755965923 }, "geometry": { "type": "Polygon", "coordinates": [ [ [ -71.2945, -36.83402 ], [ -71.29147, -36.83257 ], [ -71.2888, -36.83071 ], [ -71.28685, -36.82884 ], [ -71.28147, -36.82733 ], [ -71.27868, -36.82547 ], [ -71.27591, -36.824 ], [ -71.2693, -36.82126 ], [ -71.26422, -36.81802 ], [ -71.26202, -36.81568 ], [ -71.26124, -36.8135 ], [ -71.26067, -36.81247 ], [ -71.26056, -36.81166 ], [ -71.25976, -36.81048 ], [ -71.25943, -36.80954 ], [ -71.25941, -36.80877 ], [ -71.25977, -36.80672 ], [ -71.26075, -36.80398 ], [ -71.2609, -36.80278 ], [ -71.26121, -36.80135 ], [ -71.26152, -36.8005 ], [ -71.26155, -36.79992 ], [ -71.26152, -36.79919 ], [ -71.26089, -36.79849 ], [ -71.25977, -36.79689 ], [ -71.25935, -36.79471 ], [ -71.2603, -36.78663 ], [ -71.26003, -36.78344 ], [ -71.2597, -36.78211 ], [ -71.25889, -36.78084 ], [ -71.25868, -36.7797 ], [ -71.25859, -36.77865 ], [ -71.25885, -36.77759 ], [ -71.26022, -36.77585 ], [ -71.26138, -36.77473 ], [ -71.26261, -36.77247 ], [ -71.26394, -36.77106 ], [ -71.26521, -36.76999 ], [ -71.26709, -36.76752 ], [ -71.26821, -36.76516 ], [ -71.26881, -36.76357 ], [ -71.26864, -36.76167 ], [ -71.26688, -36.75813 ], [ -71.26658, -36.75584 ], [ -71.267, -36.75412 ], [ -71.26708, -36.75269 ], [ -71.26701, -36.7504 ], [ -71.26667, -36.74697 ], [ -71.26722, -36.74534 ], [ -71.26911, -36.7415 ], [ -71.2695, -36.74096 ], [ -71.2696, -36.74063 ], [ -71.27027, -36.73945 ], [ -71.27096, -36.73899 ], [ -71.27149, -36.73812 ], [ -71.27165, -36.73719 ], [ -71.2719, -36.73683 ], [ -71.27196, -36.73641 ], [ -71.27217, -36.73587 ], [ -71.27278, -36.73547 ], [ -71.2732, -36.73454 ], [ -71.27394, -36.73452 ], [ -71.27438, -36.73431 ], [ -71.27477, -36.73367 ], [ -71.27538, -36.73324 ], [ -71.27556, -36.73285 ], [ -71.27618, -36.73278 ], [ -71.27587, -36.73219 ], [ -71.27358, -36.73003 ], [ -71.27246, -36.72963 ], [ -71.27179, -36.72959 ], [ -71.26974, -36.72989 ], [ -71.26922, -36.73023 ], [ -71.26888, -36.731 ], [ -71.26871, -36.73167 ], [ -71.26876, -36.73339 ], [ -71.26965, -36.73537 ], [ -71.26968, -36.73661 ], [ -71.26914, -36.73815 ], [ -71.26919, -36.74005 ], [ -71.26808, -36.74237 ], [ -71.26742, -36.74448 ], [ -71.26677, -36.74515 ], [ -71.26637, -36.74534 ], [ -71.26605, -36.74579 ], [ -71.26585, -36.74651 ], [ -71.26632, -36.74755 ], [ -71.26649, -36.7482 ], [ -71.26648, -36.75028 ], [ -71.26631, -36.75205 ], [ -71.26633, -36.7527 ], [ -71.26668, -36.75317 ], [ -71.26604, -36.7556 ], [ -71.26607, -36.75652 ], [ -71.26647, -36.7575 ], [ -71.26697, -36.76059 ], [ -71.26748, -36.76159 ], [ -71.26764, -36.76213 ], [ -71.26758, -36.76263 ], [ -71.26734, -36.76332 ], [ -71.26713, -36.76485 ], [ -71.26576, -36.76735 ], [ -71.26549, -36.76825 ], [ -71.26495, -36.76918 ], [ -71.26437, -36.76962 ], [ -71.26194, -36.77067 ], [ -71.26146, -36.7714 ], [ -71.2609, -36.77202 ], [ -71.26051, -36.77263 ], [ -71.2601, -36.77378 ], [ -71.25989, -36.77411 ], [ -71.25889, -36.77491 ], [ -71.25771, -36.77555 ], [ -71.25724, -36.77609 ], [ -71.25694, -36.7767 ], [ -71.25691, -36.7771 ], [ -71.2564, -36.77807 ], [ -71.25637, -36.77847 ], [ -71.25675, -36.7791 ], [ -71.25704, -36.78013 ], [ -71.25796, -36.78256 ], [ -71.25894, -36.78369 ], [ -71.2593, -36.78788 ], [ -71.25912, -36.78969 ], [ -71.25834, -36.79159 ], [ -71.2584, -36.79355 ], [ -71.25799, -36.79475 ], [ -71.25787, -36.79577 ], [ -71.25707, -36.79626 ], [ -71.25649, -36.79675 ], [ -71.25547, -36.79713 ], [ -71.25483, -36.79827 ], [ -71.25468, -36.80066 ], [ -71.255, -36.80137 ], [ -71.25608, -36.80278 ], [ -71.25608, -36.80546 ], [ -71.25597, -36.8066 ], [ -71.25599, -36.80743 ], [ -71.25617, -36.80844 ], [ -71.25649, -36.80921 ], [ -71.25815, -36.81031 ], [ -71.25885, -36.81149 ], [ -71.25903, -36.8125 ], [ -71.25928, -36.81327 ], [ -71.25974, -36.81386 ], [ -71.26022, -36.81498 ], [ -71.26084, -36.81592 ], [ -71.26206, -36.81727 ], [ -71.26341, -36.81821 ], [ -71.26564, -36.8203 ], [ -71.26647, -36.82082 ], [ -71.26759, -36.82128 ], [ -71.27063, -36.8236 ], [ -71.27175, -36.82376 ], [ -71.27317, -36.82415 ], [ -71.2761, -36.82559 ], [ -71.27692, -36.82581 ], [ -71.27971, -36.82713 ], [ -71.28024, -36.82777 ], [ -71.28108, -36.82853 ], [ -71.28213, -36.82893 ], [ -71.28514, -36.83036 ], [ -71.28576, -36.83112 ], [ -71.2863, -36.83207 ], [ -71.28758, -36.83258 ], [ -71.28907, -36.83297 ], [ -71.28996, -36.83307 ], [ -71.291, -36.83305 ], [ -71.29156, -36.83316 ], [ -71.29316, -36.83357 ], [ -71.2945, -36.83402 ] ] ] } },
{ "type": "Feature", "properties": { "objectid": 295, "peligro": "Medio", "volcan": null, "globalid_1": "0a116c4d-8991-44db-b3f6-2b08f97314ba", "Shape__Area": 0.0013604318351099209, "Shape__Length": 1.2440361542760376 }, "geometry": { "type": "Polygon", "coordinates": [ [ [ -71.2593, -36.73695 ], [ -71.2558, -36.73928 ], [ -71.25419, -36.74173 ], [ -71.25391, -36.74506 ], [ -71.25455, -36.74792 ], [ -71.25577, -36.75107 ], [ -71.25997, -36.75341 ], [ -71.26199, -36.75805 ], [ -71.26187, -36.76032 ], [ -71.261, -36.76291 ], [ -71.25955, -36.76445 ], [ -71.25716, -36.7663 ], [ -71.25458, -36.76817 ], [ -71.25203, -36.77063 ], [ -71.25081, -36.77383 ], [ -71.25072, -36.77715 ], [ -71.25091, -36.78365 ], [ -71.25076, -36.78501 ], [ -71.24989, -36.78729 ], [ -71.24994, -36.78843 ], [ -71.24904, -36.78936 ], [ -71.24831, -36.79098 ], [ -71.24842, -36.79235 ], [ -71.24828, -36.79476 ], [ -71.24855, -36.79664 ], [ -71.24868, -36.79876 ], [ -71.24901, -36.8003 ], [ -71.24907, -36.80247 ], [ -71.2494, -36.80384 ], [ -71.24943, -36.80498 ], [ -71.2501, -36.80846 ], [ -71.25028, -36.80983 ], [ -71.25097, -36.8113 ], [ -71.25172, -36.81393 ], [ -71.2519, -36.81494 ], [ -71.25262, -36.81684 ], [ -71.25259, -36.81815 ], [ -71.25275, -36.81862 ], [ -71.25442, -36.82008 ], [ -71.25487, -36.82031 ], [ -71.25511, -36.82078 ], [ -71.25528, -36.82138 ], [ -71.25611, -36.82202 ], [ -71.25756, -36.82348 ], [ -71.25818, -36.82424 ], [ -71.25873, -36.82542 ], [ -71.26062, -36.82652 ], [ -71.26383, -36.82735 ], [ -71.26549, -36.82834 ], [ -71.26714, -36.82896 ], [ -71.26858, -36.82983 ], [ -71.27067, -36.8305 ], [ -71.27167, -36.83162 ], [ -71.27332, -36.8323 ], [ -71.27425, -36.83365 ], [ -71.27703, -36.83473 ], [ -71.2784, -36.83584 ], [ -71.28079, -36.83865 ], [ -71.28189, -36.83977 ], [ -71.2837, -36.84074 ], [ -71.28412, -36.84287 ], [ -71.28651, -36.84545 ], [ -71.28911, -36.84712 ], [ -71.29079, -36.84771 ], [ -71.29153, -36.8486 ], [ -71.29352, -36.8497 ], [ -71.29532, -36.85053 ], [ -71.29641, -36.85127 ], [ -71.29851, -36.854 ], [ -71.29909, -36.85556 ], [ -71.29931, -36.85684 ], [ -71.30005, -36.85773 ], [ -71.3043, -36.85889 ], [ -71.30568, -36.85948 ], [ -71.30678, -36.86061 ], [ -71.3071, -36.86141 ], [ -71.30738, -36.8626 ], [ -71.30753, -36.86384 ], [ -71.30797, -36.86449 ], [ -71.30829, -36.86544 ], [ -71.30897, -36.86877 ], [ -71.30931, -36.86932 ], [ -71.3113, -36.87168 ], [ -71.31257, -36.87244 ], [ -71.31322, -36.87343 ], [ -71.31363, -36.87535 ], [ -71.31341, -36.87671 ], [ -71.31215, -36.87946 ], [ -71.31177, -36.88147 ], [ -71.31127, -36.88248 ], [ -71.3112, -36.8832 ], [ -71.31099, -36.88821 ], [ -71.31129, -36.88927 ], [ -71.31185, -36.89012 ], [ -71.31249, -36.89075 ], [ -71.31357, -36.89088 ], [ -71.31455, -36.89086 ], [ -71.31597, -36.89076 ], [ -71.31667, -36.89053 ], [ -71.31917, -36.89081 ], [ -71.32081, -36.89192 ], [ -71.32261, -36.8926 ], [ -71.32299, -36.89256 ], [ -71.32357, -36.89218 ], [ -71.32491, -36.89195 ], [ -71.32627, -36.89219 ], [ -71.33032, -36.89228 ], [ -71.3326, -36.89207 ], [ -71.33515, -36.89156 ], [ -71.33742, -36.89143 ], [ -71.33906, -36.89221 ], [ -71.3411, -36.89293 ], [ -71.34225, -36.89323 ], [ -71.34517, -36.89307 ], [ -71.34652, -36.89396 ], [ -71.35055, -36.89454 ], [ -71.34993, -36.89544 ], [ -71.34954, -36.89633 ], [ -71.34561, -36.89742 ], [ -71.34375, -36.89808 ], [ -71.34328, -36.89872 ], [ -71.34369, -36.9005 ], [ -71.34529, -36.90155 ], [ -71.34673, -36.90233 ], [ -71.34783, -36.90366 ], [ -71.35024, -36.90551 ], [ -71.35163, -36.90683 ], [ -71.35381, -36.90767 ], [ -71.35498, -36.90856 ], [ -71.35574, -36.91027 ], [ -71.36056, -36.9126 ], [ -71.36192, -36.91312 ], [ -71.36531, -36.91305 ], [ -71.36631, -36.91316 ], [ -71.36748, -36.91273 ], [ -71.36867, -36.91207 ], [ -71.36965, -36.91142 ], [ -71.37178, -36.91127 ], [ -71.37485, -36.91161 ], [ -71.37723, -36.91225 ], [ -71.37867, -36.91273 ], [ -71.37982, -36.91322 ], [ -71.38048, -36.91378 ], [ -71.38122, -36.91468 ], [ -71.38136, -36.91686 ], [ -71.38154, -36.91817 ], [ -71.38214, -36.91896 ], [ -71.38397, -36.92064 ], [ -71.38514, -36.92142 ], [ -71.38609, -36.9222 ], [ -71.38725, -36.92286 ], [ -71.39003, -36.92515 ], [ -71.39093, -36.92674 ], [ -71.39185, -36.92861 ], [ -71.39178, -36.93336 ], [ -71.39202, -36.93398 ], [ -71.39238, -36.93432 ], [ -71.39318, -36.93459 ], [ -71.39345, -36.93451 ], [ -71.39534, -36.93438 ], [ -71.39582, -36.93443 ], [ -71.39639, -36.93469 ], [ -71.39727, -36.93556 ], [ -71.39791, -36.93591 ], [ -71.39884, -36.93613 ], [ -71.39964, -36.93653 ], [ -71.4011, -36.93698 ], [ -71.40222, -36.93722 ], [ -71.4043, -36.93727 ], [ -71.4055, -36.93751 ], [ -71.40747, -36.93759 ], [ -71.40844, -36.93778 ], [ -71.40886, -36.9381 ], [ -71.40972, -36.93847 ], [ -71.41036, -36.93864 ], [ -71.4119, -36.93926 ], [ -71.41265, -36.93934 ], [ -71.41358, -36.93958 ], [ -71.41438, -36.94007 ], [ -71.41614, -36.94066 ], [ -71.41786, -36.94114 ], [ -71.41982, -36.94199 ], [ -71.42143, -36.94246 ], [ -71.42216, -36.94311 ], [ -71.42233, -36.94367 ], [ -71.42172, -36.94431 ], [ -71.42124, -36.94458 ], [ -71.42001, -36.94565 ], [ -71.41954, -36.94703 ], [ -71.41945, -36.94778 ], [ -71.41982, -36.94908 ], [ -71.42094, -36.95046 ], [ -71.42193, -36.9508 ], [ -71.42419, -36.95178 ], [ -71.42529, -36.95202 ], [ -71.42626, -36.95236 ], [ -71.42723, -36.953 ], [ -71.4276, -36.95343 ], [ -71.42863, -36.95413 ], [ -71.4333, -36.95568 ], [ -71.43885, -36.95667 ], [ -71.44299, -36.95773 ], [ -71.44879, -36.95793 ], [ -71.45229, -36.95888 ], [ -71.4574, -36.95887 ], [ -71.46044, -36.95923 ], [ -71.46234, -36.95919 ], [ -71.46389, -36.9594 ], [ -71.4658, -36.95941 ], [ -71.46883, -36.95963 ], [ -71.471, -36.96049 ], [ -71.47479, -36.96175 ], [ -71.47847, -36.96368 ], [ -71.48073, -36.96549 ], [ -71.48183, -36.96623 ], [ -71.48263, -36.96721 ], [ -71.48446, -36.96875 ], [ -71.48519, -36.96921 ], [ -71.48647, -36.97028 ], [ -71.48811, -36.9711 ], [ -71.48884, -36.97185 ], [ -71.48976, -36.97255 ], [ -71.49152, -36.97542 ], [ -71.49267, -36.97621 ], [ -71.49507, -36.97701 ], [ -71.49754, -36.97796 ], [ -71.50012, -36.97867 ], [ -71.50092, -36.97947 ], [ -71.50188, -36.97978 ], [ -71.50314, -36.98004 ], [ -71.50416, -36.98035 ], [ -71.50569, -36.97999 ], [ -71.50891, -36.97844 ], [ -71.51109, -36.97782 ], [ -71.51249, -36.97694 ], [ -71.516, -36.97536 ], [ -71.51782, -36.97375 ], [ -71.51939, -36.97271 ], [ -71.52441, -36.97089 ], [ -71.5265, -36.96941 ], [ -71.52892, -36.96715 ], [ -71.53066, -36.96582 ], [ -71.53437, -36.96467 ], [ -71.54288, -36.96062 ], [ -71.54552, -36.95957 ], [ -71.54709, -36.95846 ], [ -71.54857, -36.95735 ], [ -71.55165, -36.95371 ], [ -71.55285, -36.95211 ], [ -71.55314, -36.95051 ], [ -71.55411, -36.94783 ], [ -71.55425, -36.94687 ], [ -71.55423, -36.94611 ], [ -71.55389, -36.94493 ], [ -71.55397, -36.94387 ], [ -71.55389, -36.9414 ], [ -71.55421, -36.94044 ], [ -71.5549, -36.93952 ], [ -71.55523, -36.93875 ], [ -71.55555, -36.93769 ], [ -71.55623, -36.93682 ], [ -71.55762, -36.93559 ], [ -71.55843, -36.9351 ], [ -71.55937, -36.93475 ], [ -71.56001, -36.93435 ], [ -71.56119, -36.93413 ], [ -71.56196, -36.93412 ], [ -71.56303, -36.93395 ], [ -71.56566, -36.93285 ], [ -71.56648, -36.9323 ], [ -71.56731, -36.93229 ], [ -71.56978, -36.93166 ], [ -71.57153, -36.93076 ], [ -71.57258, -36.93012 ], [ -71.57356, -36.92929 ], [ -71.57396, -36.92876 ], [ -71.57471, -36.92812 ], [ -71.57623, -36.92747 ], [ -71.57832, -36.92594 ], [ -71.57959, -36.92487 ], [ -71.58052, -36.92432 ], [ -71.58122, -36.92369 ], [ -71.58161, -36.92306 ], [ -71.5823, -36.92242 ], [ -71.58323, -36.92188 ], [ -71.58445, -36.92099 ], [ -71.58691, -36.91994 ], [ -71.58842, -36.91905 ], [ -71.58889, -36.91865 ], [ -71.58933, -36.91783 ], [ -71.58943, -36.91721 ], [ -71.59029, -36.91614 ], [ -71.59085, -36.91523 ], [ -71.59148, -36.91469 ], [ -71.59259, -36.914 ], [ -71.59766, -36.91166 ], [ -71.60301, -36.90982 ], [ -71.60467, -36.90864 ], [ -71.60589, -36.90797 ], [ -71.60867, -36.90598 ], [ -71.61025, -36.9053 ], [ -71.61116, -36.90537 ], [ -71.61186, -36.90507 ], [ -71.61291, -36.90441 ], [ -71.61501, -36.90339 ], [ -71.6162, -36.90268 ], [ -71.61703, -36.90215 ], [ -71.62056, -36.89904 ], [ -71.62154, -36.8985 ], [ -71.62337, -36.89691 ], [ -71.62411, -36.89641 ], [ -71.62645, -36.89442 ], [ -71.62721, -36.89341 ], [ -71.63035, -36.8911 ], [ -71.63243, -36.89005 ], [ -71.63382, -36.88901 ], [ -71.63571, -36.88783 ], [ -71.63654, -36.88718 ], [ -71.63734, -36.88562 ], [ -71.63802, -36.88452 ], [ -71.63833, -36.88416 ], [ -71.63789, -36.8843 ], [ -71.63449, -36.88473 ], [ -71.63324, -36.88506 ], [ -71.63179, -36.88598 ], [ -71.63114, -36.88659 ], [ -71.63061, -36.88845 ], [ -71.62992, -36.88985 ], [ -71.62897, -36.89073 ], [ -71.6283, -36.89189 ], [ -71.62778, -36.89247 ], [ -71.62541, -36.89331 ], [ -71.62516, -36.89382 ], [ -71.62444, -36.89489 ], [ -71.62357, -36.89571 ], [ -71.62289, -36.89659 ], [ -71.62098, -36.89797 ], [ -71.6187, -36.89897 ], [ -71.61781, -36.89913 ], [ -71.61687, -36.89944 ], [ -71.61342, -36.9008 ], [ -71.61091, -36.90219 ], [ -71.60933, -36.90294 ], [ -71.60709, -36.90347 ], [ -71.60628, -36.90401 ], [ -71.60607, -36.90468 ], [ -71.60592, -36.90574 ], [ -71.60594, -36.90617 ], [ -71.6056, -36.90665 ], [ -71.60347, -36.90879 ], [ -71.60236, -36.9092 ], [ -71.60114, -36.90994 ], [ -71.59936, -36.91034 ], [ -71.59813, -36.91101 ], [ -71.59761, -36.91138 ], [ -71.59462, -36.91266 ], [ -71.59209, -36.914 ], [ -71.59024, -36.91483 ], [ -71.58972, -36.91527 ], [ -71.58882, -36.91751 ], [ -71.58807, -36.91903 ], [ -71.58613, -36.91971 ], [ -71.58489, -36.91995 ], [ -71.58412, -36.92076 ], [ -71.58316, -36.92128 ], [ -71.58246, -36.92179 ], [ -71.57984, -36.92335 ], [ -71.57898, -36.9243 ], [ -71.57726, -36.92572 ], [ -71.57663, -36.92645 ], [ -71.5757, -36.9269 ], [ -71.57359, -36.92835 ], [ -71.57249, -36.92988 ], [ -71.57012, -36.93115 ], [ -71.56649, -36.93173 ], [ -71.56563, -36.93253 ], [ -71.56369, -36.93336 ], [ -71.56182, -36.9334 ], [ -71.56067, -36.93357 ], [ -71.5598, -36.93402 ], [ -71.55671, -36.93494 ], [ -71.55575, -36.93561 ], [ -71.55551, -36.93654 ], [ -71.55538, -36.9379 ], [ -71.55487, -36.93863 ], [ -71.55454, -36.93935 ], [ -71.55342, -36.94045 ], [ -71.55321, -36.9451 ], [ -71.55391, -36.94716 ], [ -71.55375, -36.94788 ], [ -71.55237, -36.94906 ], [ -71.55142, -36.95008 ], [ -71.55094, -36.95173 ], [ -71.54979, -36.95462 ], [ -71.54928, -36.95549 ], [ -71.54832, -36.95615 ], [ -71.54657, -36.95708 ], [ -71.54593, -36.95773 ], [ -71.54517, -36.9583 ], [ -71.54399, -36.95863 ], [ -71.54247, -36.95926 ], [ -71.5412, -36.96036 ], [ -71.54092, -36.9608 ], [ -71.53937, -36.96085 ], [ -71.53744, -36.96163 ], [ -71.53653, -36.96211 ], [ -71.53535, -36.96239 ], [ -71.53366, -36.96338 ], [ -71.53234, -36.96372 ], [ -71.53074, -36.96399 ], [ -71.52957, -36.96442 ], [ -71.52852, -36.96514 ], [ -71.52833, -36.96555 ], [ -71.5274, -36.96635 ], [ -71.527, -36.96689 ], [ -71.52608, -36.96781 ], [ -71.52553, -36.96823 ], [ -71.5241, -36.96905 ], [ -71.52225, -36.97035 ], [ -71.52083, -36.97155 ], [ -71.52013, -36.97194 ], [ -71.51903, -36.97273 ], [ -71.51742, -36.9735 ], [ -71.51652, -36.97412 ], [ -71.51441, -36.97526 ], [ -71.51324, -36.97572 ], [ -71.51248, -36.97611 ], [ -71.51147, -36.97706 ], [ -71.51055, -36.97762 ], [ -71.50837, -36.97806 ], [ -71.50638, -36.97827 ], [ -71.50217, -36.97808 ], [ -71.50066, -36.97788 ], [ -71.49944, -36.97762 ], [ -71.49663, -36.97676 ], [ -71.49462, -36.97629 ], [ -71.49317, -36.97558 ], [ -71.49162, -36.97389 ], [ -71.4904, -36.97191 ], [ -71.4897, -36.9716 ], [ -71.48849, -36.97091 ], [ -71.4875, -36.9701 ], [ -71.48584, -36.9693 ], [ -71.48385, -36.96743 ], [ -71.48307, -36.9665 ], [ -71.48186, -36.96569 ], [ -71.48086, -36.96481 ], [ -71.47963, -36.96347 ], [ -71.47645, -36.96157 ], [ -71.4742, -36.9609 ], [ -71.47337, -36.96044 ], [ -71.47194, -36.95993 ], [ -71.47052, -36.95961 ], [ -71.46946, -36.95897 ], [ -71.46856, -36.95863 ], [ -71.46721, -36.95848 ], [ -71.4635, -36.95862 ], [ -71.46246, -36.95834 ], [ -71.45447, -36.9587 ], [ -71.45289, -36.95839 ], [ -71.45129, -36.95756 ], [ -71.44865, -36.95756 ], [ -71.44686, -36.95714 ], [ -71.44444, -36.95719 ], [ -71.44265, -36.957 ], [ -71.44006, -36.95648 ], [ -71.43763, -36.95619 ], [ -71.43381, -36.955 ], [ -71.43243, -36.95429 ], [ -71.42985, -36.95377 ], [ -71.42666, -36.95223 ], [ -71.42403, -36.95023 ], [ -71.42295, -36.9475 ], [ -71.42284, -36.9463 ], [ -71.42363, -36.94495 ], [ -71.42389, -36.94388 ], [ -71.42394, -36.94304 ], [ -71.42348, -36.94263 ], [ -71.42017, -36.94127 ], [ -71.41859, -36.94076 ], [ -71.41776, -36.94019 ], [ -71.41626, -36.9398 ], [ -71.4131, -36.93849 ], [ -71.41249, -36.93815 ], [ -71.41122, -36.93775 ], [ -71.40806, -36.93651 ], [ -71.4067, -36.93558 ], [ -71.40516, -36.93645 ], [ -71.40215, -36.93639 ], [ -71.40035, -36.936 ], [ -71.399, -36.93545 ], [ -71.39571, -36.93367 ], [ -71.39415, -36.93132 ], [ -71.39379, -36.93042 ], [ -71.3937, -36.92919 ], [ -71.39337, -36.92821 ], [ -71.39312, -36.92688 ], [ -71.39303, -36.92584 ], [ -71.39195, -36.92459 ], [ -71.39039, -36.92324 ], [ -71.38933, -36.92262 ], [ -71.38878, -36.92204 ], [ -71.38808, -36.92152 ], [ -71.38697, -36.92107 ], [ -71.38534, -36.92024 ], [ -71.38445, -36.91945 ], [ -71.38385, -36.91911 ], [ -71.38351, -36.91878 ], [ -71.38257, -36.91725 ], [ -71.38242, -36.91676 ], [ -71.38245, -36.91656 ], [ -71.38266, -36.91594 ], [ -71.38323, -36.91502 ], [ -71.3835, -36.91421 ], [ -71.38354, -36.91358 ], [ -71.3837, -36.91296 ], [ -71.38333, -36.91244 ], [ -71.38248, -36.91203 ], [ -71.38087, -36.91207 ], [ -71.38005, -36.91218 ], [ -71.3776, -36.91151 ], [ -71.37513, -36.91037 ], [ -71.37458, -36.91018 ], [ -71.37277, -36.9099 ], [ -71.37099, -36.91012 ], [ -71.36923, -36.91083 ], [ -71.36758, -36.91114 ], [ -71.36641, -36.91164 ], [ -71.36415, -36.91169 ], [ -71.36271, -36.91115 ], [ -71.36006, -36.90986 ], [ -71.35789, -36.90905 ], [ -71.35655, -36.90783 ], [ -71.35556, -36.90661 ], [ -71.35471, -36.90606 ], [ -71.35339, -36.90551 ], [ -71.35217, -36.90439 ], [ -71.35161, -36.90406 ], [ -71.35035, -36.90219 ], [ -71.35015, -36.9004 ], [ -71.35092, -36.9 ], [ -71.35222, -36.89884 ], [ -71.35324, -36.89837 ], [ -71.35466, -36.89754 ], [ -71.35483, -36.897 ], [ -71.3548, -36.89596 ], [ -71.35414, -36.89487 ], [ -71.3536, -36.89315 ], [ -71.353, -36.89173 ], [ -71.35258, -36.89117 ], [ -71.35163, -36.89051 ], [ -71.3504, -36.89035 ], [ -71.34936, -36.89037 ], [ -71.34731, -36.89023 ], [ -71.34394, -36.88917 ], [ -71.3423, -36.88842 ], [ -71.34145, -36.88782 ], [ -71.34034, -36.8865 ], [ -71.33946, -36.88499 ], [ -71.33812, -36.88397 ], [ -71.33573, -36.88335 ], [ -71.33251, -36.88294 ], [ -71.33107, -36.8823 ], [ -71.32859, -36.88006 ], [ -71.32702, -36.87816 ], [ -71.32608, -36.87632 ], [ -71.32521, -36.87412 ], [ -71.32427, -36.87257 ], [ -71.32346, -36.87222 ], [ -71.32186, -36.8724 ], [ -71.32069, -36.87199 ], [ -71.31951, -36.8713 ], [ -71.31772, -36.87076 ], [ -71.31432, -36.87026 ], [ -71.31327, -36.87018 ], [ -71.31161, -36.86944 ], [ -71.31091, -36.86874 ], [ -71.31063, -36.8683 ], [ -71.31017, -36.86797 ], [ -71.30969, -36.8671 ], [ -71.30955, -36.86484 ], [ -71.3089, -36.86319 ], [ -71.30869, -36.8611 ], [ -71.30821, -36.85974 ], [ -71.30727, -36.85827 ], [ -71.30538, -36.85705 ], [ -71.30291, -36.85627 ], [ -71.30168, -36.85498 ], [ -71.30052, -36.85345 ], [ -71.29975, -36.85228 ], [ -71.29936, -36.85124 ], [ -71.2991, -36.85088 ], [ -71.29805, -36.85027 ], [ -71.29732, -36.85004 ], [ -71.29686, -36.84962 ], [ -71.29565, -36.84786 ], [ -71.29495, -36.84649 ], [ -71.29431, -36.84483 ], [ -71.29377, -36.84425 ], [ -71.29278, -36.84343 ], [ -71.29232, -36.84267 ], [ -71.29127, -36.84251 ], [ -71.2903, -36.84205 ], [ -71.28932, -36.84171 ], [ -71.28857, -36.84131 ], [ -71.28811, -36.84096 ], [ -71.2862, -36.83891 ], [ -71.28589, -36.83844 ], [ -71.28525, -36.8369 ], [ -71.28364, -36.83538 ], [ -71.28326, -36.83479 ], [ -71.28273, -36.8345 ], [ -71.28235, -36.83415 ], [ -71.28165, -36.83315 ], [ -71.28127, -36.8328 ], [ -71.28059, -36.8324 ], [ -71.2799, -36.83182 ], [ -71.27755, -36.83021 ], [ -71.27693, -36.82945 ], [ -71.27531, -36.82887 ], [ -71.27102, -36.82833 ], [ -71.26858, -36.8278 ], [ -71.26749, -36.82711 ], [ -71.26562, -36.82614 ], [ -71.26476, -36.82516 ], [ -71.2644, -36.82488 ], [ -71.26295, -36.82419 ], [ -71.26221, -36.82315 ], [ -71.26041, -36.82242 ], [ -71.2585, -36.82208 ], [ -71.25795, -36.82137 ], [ -71.25781, -36.82066 ], [ -71.25687, -36.81911 ], [ -71.2558, -36.81894 ], [ -71.25497, -36.8189 ], [ -71.25443, -36.81872 ], [ -71.25406, -36.81825 ], [ -71.25381, -36.81587 ], [ -71.25391, -36.81511 ], [ -71.25389, -36.81268 ], [ -71.25333, -36.81149 ], [ -71.25195, -36.80934 ], [ -71.25155, -36.80809 ], [ -71.25128, -36.80655 ], [ -71.25029, -36.80329 ], [ -71.25003, -36.80174 ], [ -71.24989, -36.7996 ], [ -71.2499, -36.79739 ], [ -71.24948, -36.79585 ], [ -71.24927, -36.79377 ], [ -71.24911, -36.79324 ], [ -71.24908, -36.79222 ], [ -71.24927, -36.79121 ], [ -71.24956, -36.79034 ], [ -71.25188, -36.78911 ], [ -71.2528, -36.78756 ], [ -71.2533, -36.78617 ], [ -71.25337, -36.78474 ], [ -71.25304, -36.78372 ], [ -71.25299, -36.78223 ], [ -71.2531, -36.78086 ], [ -71.25262, -36.77956 ], [ -71.25229, -36.77837 ], [ -71.25287, -36.77538 ], [ -71.25236, -36.77336 ], [ -71.25322, -36.77204 ], [ -71.25363, -36.77119 ], [ -71.25473, -36.77052 ], [ -71.25484, -36.76932 ], [ -71.25578, -36.76865 ], [ -71.25725, -36.7682 ], [ -71.25966, -36.76685 ], [ -71.26229, -36.76566 ], [ -71.26442, -36.76509 ], [ -71.26469, -36.76395 ], [ -71.26435, -36.76252 ], [ -71.26313, -36.7613 ], [ -71.26279, -36.75981 ], [ -71.2625, -36.75767 ], [ -71.26235, -36.75505 ], [ -71.26276, -36.75391 ], [ -71.26346, -36.75258 ], [ -71.26329, -36.75163 ], [ -71.26216, -36.75112 ], [ -71.25918, -36.75052 ], [ -71.25736, -36.74924 ], [ -71.25726, -36.74841 ], [ -71.25731, -36.74752 ], [ -71.25757, -36.74632 ], [ -71.25769, -36.74524 ], [ -71.25803, -36.7441 ], [ -71.25756, -36.74328 ], [ -71.25752, -36.74197 ], [ -71.25808, -36.74088 ], [ -71.25916, -36.73979 ], [ -71.26046, -36.73869 ], [ -71.26152, -36.737 ], [ -71.26149, -36.73581 ], [ -71.26109, -36.73492 ], [ -71.26099, -36.73397 ], [ -71.26124, -36.73248 ], [ -71.2593, -36.73695 ] ] ] } },
{ "type": "Feature", "properties": { "objectid": 296, "peligro": "Medio", "volcan": null, "globalid_1": "58589614-1916-4fbb-9819-34c05f4f8f22", "Shape__Area": 0.00046885683764230635, "Shape__Length": 0.25968651111483637 }, "geometry": { "type": "Polygon", "coordinates": [ [ [ -71.71408, -36.79683 ], [ -71.71749, -36.79693 ], [ -71.72047, -36.79728 ], [ -71.72401, -36.79672 ], [ -71.7279, -36.79574 ], [ -71.73024, -36.79485 ], [ -71.73178, -36.79416 ], [ -71.73676, -36.79262 ], [ -71.73802, -36.79253 ], [ -71.7401, -36.79272 ], [ -71.741, -36.79305 ], [ -71.74278, -36.79313 ], [ -71.74507, -36.79272 ], [ -71.74875, -36.79226 ], [ -71.75245, -36.79197 ], [ -71.75329, -36.79177 ], [ -71.75469, -36.79134 ], [ -71.75552, -36.79082 ], [ -71.75564, -36.7906 ], [ -71.75629, -36.79009 ], [ -71.76106, -36.78798 ], [ -71.76216, -36.78763 ], [ -71.76278, -36.78733 ], [ -71.76373, -36.78666 ], [ -71.76474, -36.78632 ], [ -71.76521, -36.78588 ], [ -71.76803, -36.78474 ], [ -71.76872, -36.78426 ], [ -71.76887, -36.78369 ], [ -71.76933, -36.7833 ], [ -71.77012, -36.78211 ], [ -71.77072, -36.7817 ], [ -71.77116, -36.78161 ], [ -71.77182, -36.78233 ], [ -71.77199, -36.78298 ], [ -71.77202, -36.78381 ], [ -71.77103, -36.78509 ], [ -71.76931, -36.78685 ], [ -71.76771, -36.78773 ], [ -71.76659, -36.78863 ], [ -71.7681, -36.78816 ], [ -71.77, -36.78713 ], [ -71.77037, -36.78701 ], [ -71.77162, -36.78608 ], [ -71.77231, -36.78535 ], [ -71.77497, -36.784 ], [ -71.77675, -36.78264 ], [ -71.77786, -36.7815 ], [ -71.77855, -36.78099 ], [ -71.78169, -36.77909 ], [ -71.78337, -36.77769 ], [ -71.78446, -36.77709 ], [ -71.78585, -36.77609 ], [ -71.7861, -36.7758 ], [ -71.7896, -36.77297 ], [ -71.79073, -36.77223 ], [ -71.79282, -36.77103 ], [ -71.79302, -36.77035 ], [ -71.79365, -36.7694 ], [ -71.79381, -36.76901 ], [ -71.79446, -36.76835 ], [ -71.79649, -36.76683 ], [ -71.79683, -36.7664 ], [ -71.79724, -36.76538 ], [ -71.79819, -36.7645 ], [ -71.79865, -36.76396 ], [ -71.80014, -36.76271 ], [ -71.8008, -36.76126 ], [ -71.80181, -36.75971 ], [ -71.80351, -36.75777 ], [ -71.80486, -36.75583 ], [ -71.80589, -36.75456 ], [ -71.8075, -36.75347 ], [ -71.81156, -36.75099 ], [ -71.81305, -36.74962 ], [ -71.81402, -36.74684 ], [ -71.81336, -36.74513 ], [ -71.81154, -36.74394 ], [ -71.81128, -36.74318 ], [ -71.80793, -36.7425 ], [ -71.80723, -36.7427 ], [ -71.80315, -36.74452 ], [ -71.80203, -36.74626 ], [ -71.79826, -36.7507 ], [ -71.79802, -36.75142 ], [ -71.7971, -36.75291 ], [ -71.79642, -36.75382 ], [ -71.79599, -36.75429 ], [ -71.79465, -36.75529 ], [ -71.79445, -36.75586 ], [ -71.79251, -36.75866 ], [ -71.79143, -36.75973 ], [ -71.78964, -36.76068 ], [ -71.7877, -36.763 ], [ -71.78455, -36.76756 ], [ -71.78347, -36.76853 ], [ -71.78264, -36.7698 ], [ -71.78191, -36.77046 ], [ -71.78123, -36.77148 ], [ -71.78055, -36.77225 ], [ -71.77971, -36.77356 ], [ -71.77902, -36.77407 ], [ -71.77819, -36.77449 ], [ -71.77706, -36.77519 ], [ -71.77585, -36.77619 ], [ -71.77496, -36.77739 ], [ -71.77362, -36.77867 ], [ -71.77315, -36.77907 ], [ -71.77153, -36.77997 ], [ -71.77025, -36.78131 ], [ -71.76962, -36.78176 ], [ -71.76888, -36.7827 ], [ -71.76741, -36.78411 ], [ -71.76525, -36.78541 ], [ -71.76274, -36.78673 ], [ -71.75586, -36.78941 ], [ -71.75442, -36.79087 ], [ -71.75321, -36.7909 ], [ -71.75178, -36.79071 ], [ -71.75009, -36.79109 ], [ -71.74833, -36.7917 ], [ -71.74494, -36.7923 ], [ -71.74339, -36.79273 ], [ -71.74204, -36.79276 ], [ -71.74018, -36.79258 ], [ -71.73796, -36.792 ], [ -71.73682, -36.79197 ], [ -71.7354, -36.79217 ], [ -71.73421, -36.79277 ], [ -71.73196, -36.79351 ], [ -71.72985, -36.79407 ], [ -71.72654, -36.79518 ], [ -71.72182, -36.79643 ], [ -71.71955, -36.79677 ], [ -71.71408, -36.79683 ] ] ] } },
{ "type": "Feature", "properties": { "objectid": 297, "peligro": "Medio", "volcan": null, "globalid_1": "2f5e258e-e0d1-4178-be4a-5e320d69a4ec", "Shape__Area": 0.00019968775836787245, "Shape__Length": 0.19949942272488067 }, "geometry": { "type": "Polygon", "coordinates": [ [ [ -71.27983, -36.75206 ], [ -71.28257, -36.75463 ], [ -71.28397, -36.75675 ], [ -71.28787, -36.75835 ], [ -71.29012, -36.75938 ], [ -71.29256, -36.76148 ], [ -71.2935, -36.76337 ], [ -71.29536, -36.76595 ], [ -71.29733, -36.76747 ], [ -71.29886, -36.76899 ], [ -71.30129, -36.77097 ], [ -71.3062, -36.77671 ], [ -71.3109, -36.7802 ], [ -71.31334, -36.78242 ], [ -71.3143, -36.78466 ], [ -71.31553, -36.78619 ], [ -71.31693, -36.78831 ], [ -71.31846, -36.79019 ], [ -71.32173, -36.79537 ], [ -71.32641, -36.79814 ], [ -71.32836, -36.79893 ], [ -71.33213, -36.80101 ], [ -71.34267, -36.80605 ], [ -71.34583, -36.80777 ], [ -71.34781, -36.8094 ], [ -71.35089, -36.81062 ], [ -71.35052, -36.81011 ], [ -71.34892, -36.8086 ], [ -71.34693, -36.80649 ], [ -71.34472, -36.80474 ], [ -71.342, -36.80313 ], [ -71.33957, -36.80097 ], [ -71.3379, -36.79975 ], [ -71.33576, -36.79732 ], [ -71.33077, -36.79647 ], [ -71.3283, -36.79568 ], [ -71.32546, -36.79502 ], [ -71.32479, -36.79462 ], [ -71.32407, -36.79392 ], [ -71.32221, -36.79283 ], [ -71.32161, -36.79196 ], [ -71.32079, -36.78988 ], [ -71.32018, -36.7892 ], [ -71.31992, -36.78862 ], [ -71.31972, -36.78835 ], [ -71.31911, -36.78779 ], [ -71.31906, -36.78747 ], [ -71.31849, -36.78693 ], [ -71.31809, -36.78627 ], [ -71.31758, -36.78586 ], [ -71.31664, -36.78427 ], [ -71.31508, -36.78221 ], [ -71.31502, -36.78188 ], [ -71.31469, -36.78122 ], [ -71.31403, -36.78028 ], [ -71.31371, -36.77964 ], [ -71.31347, -36.7785 ], [ -71.31278, -36.7775 ], [ -71.31178, -36.77645 ], [ -71.31102, -36.77575 ], [ -71.31011, -36.77517 ], [ -71.30718, -36.77368 ], [ -71.30574, -36.77257 ], [ -71.30356, -36.77154 ], [ -71.30249, -36.77067 ], [ -71.30069, -36.76975 ], [ -71.29992, -36.76899 ], [ -71.29931, -36.76811 ], [ -71.2989, -36.76704 ], [ -71.29829, -36.76622 ], [ -71.29737, -36.7654 ], [ -71.29632, -36.76494 ], [ -71.29487, -36.76336 ], [ -71.29452, -36.76256 ], [ -71.2939, -36.76152 ], [ -71.29346, -36.76101 ], [ -71.29165, -36.75973 ], [ -71.29058, -36.75886 ], [ -71.28923, -36.75817 ], [ -71.2869, -36.7572 ], [ -71.28637, -36.75667 ], [ -71.28574, -36.75555 ], [ -71.28483, -36.75491 ], [ -71.28429, -36.75415 ], [ -71.28337, -36.75315 ], [ -71.28224, -36.75246 ], [ -71.28141, -36.75182 ], [ -71.28049, -36.75082 ], [ -71.27987, -36.74994 ], [ -71.27934, -36.74935 ], [ -71.27858, -36.74901 ], [ -71.27768, -36.74837 ], [ -71.27752, -36.74796 ], [ -71.27765, -36.74853 ], [ -71.27888, -36.75017 ], [ -71.27983, -36.75206 ] ] ] } },
{ "type": "Feature", "properties": { "objectid": 298, "peligro": "Medio", "volcan": null, "globalid_1": "b8f6c81e-6b8d-474f-b95f-025c9169c008", "Shape__Area": 0.00027705830734703341, "Shape__Length": 0.23307739678460329 }, "geometry": { "type": "Polygon", "coordinates": [ [ [ -71.31746, -36.77807 ], [ -71.31707, -36.77891 ], [ -71.31749, -36.78119 ], [ -71.31753, -36.78243 ], [ -71.31792, -36.78366 ], [ -71.3193, -36.78489 ], [ -71.32163, -36.78842 ], [ -71.32227, -36.79002 ], [ -71.32237, -36.79079 ], [ -71.3225, -36.79108 ], [ -71.32308, -36.79177 ], [ -71.32316, -36.79201 ], [ -71.32396, -36.79272 ], [ -71.32447, -36.79298 ], [ -71.32474, -36.79325 ], [ -71.32587, -36.79365 ], [ -71.32765, -36.79377 ], [ -71.32836, -36.79373 ], [ -71.32935, -36.79387 ], [ -71.33481, -36.79532 ], [ -71.33801, -36.79595 ], [ -71.34274, -36.79742 ], [ -71.34483, -36.79761 ], [ -71.34676, -36.79769 ], [ -71.34856, -36.79837 ], [ -71.35007, -36.7993 ], [ -71.35276, -36.80008 ], [ -71.35546, -36.80122 ], [ -71.36203, -36.80303 ], [ -71.36597, -36.80389 ], [ -71.36801, -36.8037 ], [ -71.36915, -36.80318 ], [ -71.36895, -36.8024 ], [ -71.3679, -36.80054 ], [ -71.36787, -36.79964 ], [ -71.36711, -36.79827 ], [ -71.36625, -36.79733 ], [ -71.36611, -36.79657 ], [ -71.36458, -36.79489 ], [ -71.36419, -36.79375 ], [ -71.36381, -36.79314 ], [ -71.36278, -36.79235 ], [ -71.36152, -36.79199 ], [ -71.3602, -36.79149 ], [ -71.35929, -36.79145 ], [ -71.35658, -36.78939 ], [ -71.35404, -36.78873 ], [ -71.3503, -36.78749 ], [ -71.34787, -36.78575 ], [ -71.34557, -36.78472 ], [ -71.34485, -36.78427 ], [ -71.34253, -36.78354 ], [ -71.33514, -36.78178 ], [ -71.33186, -36.78113 ], [ -71.33072, -36.78025 ], [ -71.32847, -36.77928 ], [ -71.32563, -36.77845 ], [ -71.32213, -36.7781 ], [ -71.31954, -36.77803 ], [ -71.31746, -36.77807 ] ], [ [ -71.3634, -36.80078 ], [ -71.36391, -36.80196 ], [ -71.36112, -36.80197 ], [ -71.35914, -36.80115 ], [ -71.35782, -36.80074 ], [ -71.35692, -36.80033 ], [ -71.35504, -36.79907 ], [ -71.35235, -36.79808 ], [ -71.35085, -36.79728 ], [ -71.34867, -36.79649 ], [ -71.34673, -36.79593 ], [ -71.34523, -36.79524 ], [ -71.34418, -36.79491 ], [ -71.34269, -36.7947 ], [ -71.34142, -36.79436 ], [ -71.34013, -36.79344 ], [ -71.33856, -36.79299 ], [ -71.335, -36.79288 ], [ -71.33298, -36.79238 ], [ -71.33028, -36.7913 ], [ -71.32828, -36.7914 ], [ -71.3265, -36.79126 ], [ -71.32333, -36.78935 ], [ -71.32286, -36.78805 ], [ -71.32268, -36.78709 ], [ -71.32229, -36.78651 ], [ -71.32153, -36.78587 ], [ -71.32046, -36.78469 ], [ -71.31975, -36.78328 ], [ -71.31898, -36.78222 ], [ -71.31897, -36.78186 ], [ -71.31855, -36.78044 ], [ -71.31846, -36.77978 ], [ -71.31852, -36.77925 ], [ -71.31925, -36.77905 ], [ -71.32058, -36.77897 ], [ -71.32176, -36.77871 ], [ -71.32243, -36.77887 ], [ -71.32444, -36.77913 ], [ -71.32692, -36.78022 ], [ -71.32889, -36.78161 ], [ -71.33062, -36.78235 ], [ -71.33316, -36.78307 ], [ -71.33435, -36.78329 ], [ -71.3369, -36.78413 ], [ -71.33981, -36.78491 ], [ -71.34138, -36.78542 ], [ -71.34311, -36.78628 ], [ -71.34403, -36.78703 ], [ -71.34538, -36.78754 ], [ -71.34607, -36.78836 ], [ -71.34833, -36.78957 ], [ -71.35051, -36.79048 ], [ -71.35149, -36.7913 ], [ -71.35488, -36.79344 ], [ -71.35937, -36.79709 ], [ -71.3598, -36.79751 ], [ -71.36005, -36.79798 ], [ -71.36047, -36.79835 ], [ -71.36109, -36.79915 ], [ -71.36128, -36.79963 ], [ -71.36178, -36.80019 ], [ -71.36268, -36.8006 ], [ -71.3634, -36.80078 ] ] ] } },
{ "type": "Feature", "properties": { "objectid": 299, "peligro": "Medio", "volcan": null, "globalid_1": "10590782-7fa9-4458-a960-72f31eac0b4d", "Shape__Area": 0.00013887387422073516, "Shape__Length": 0.19798429130938527 }, "geometry": { "type": "Polygon", "coordinates": [ [ [ -71.47067, -36.79965 ], [ -71.47239, -36.79937 ], [ -71.47379, -36.79928 ], [ -71.47674, -36.79874 ], [ -71.47793, -36.79872 ], [ -71.4809, -36.79907 ], [ -71.48256, -36.79993 ], [ -71.48459, -36.80072 ], [ -71.48535, -36.8013 ], [ -71.48744, -36.80186 ], [ -71.48887, -36.80242 ], [ -71.49088, -36.80264 ], [ -71.49136, -36.80253 ], [ -71.49403, -36.8023 ], [ -71.49499, -36.80228 ], [ -71.49631, -36.80201 ], [ -71.4992, -36.80189 ], [ -71.50054, -36.80198 ], [ -71.50306, -36.80193 ], [ -71.5044, -36.80208 ], [ -71.50594, -36.80181 ], [ -71.51142, -36.80175 ], [ -71.51339, -36.80215 ], [ -71.51533, -36.8024 ], [ -71.51683, -36.80309 ], [ -71.51767, -36.80378 ], [ -71.51875, -36.80501 ], [ -71.52026, -36.80588 ], [ -71.52184, -36.80638 ], [ -71.52281, -36.8066 ], [ -71.52386, -36.80705 ], [ -71.52701, -36.80818 ], [ -71.52852, -36.80892 ], [ -71.53247, -36.80973 ], [ -71.53343, -36.80941 ], [ -71.53453, -36.80921 ], [ -71.53631, -36.80905 ], [ -71.53756, -36.80902 ], [ -71.54009, -36.80927 ], [ -71.54124, -36.81032 ], [ -71.54253, -36.81106 ], [ -71.54493, -36.81197 ], [ -71.54693, -36.8121 ], [ -71.55291, -36.81335 ], [ -71.55451, -36.81341 ], [ -71.55585, -36.81332 ], [ -71.55816, -36.81387 ], [ -71.55913, -36.81391 ], [ -71.56242, -36.81479 ], [ -71.56428, -36.81499 ], [ -71.56558, -36.81532 ], [ -71.5648, -36.81468 ], [ -71.56049, -36.81348 ], [ -71.55567, -36.81316 ], [ -71.55438, -36.81265 ], [ -71.55121, -36.81226 ], [ -71.54849, -36.8118 ], [ -71.54576, -36.81106 ], [ -71.54229, -36.80931 ], [ -71.5397, -36.80844 ], [ -71.53627, -36.80829 ], [ -71.53286, -36.8083 ], [ -71.53029, -36.80802 ], [ -71.52602, -36.80605 ], [ -71.523, -36.80457 ], [ -71.51997, -36.8028 ], [ -71.51915, -36.80224 ], [ -71.51815, -36.80176 ], [ -71.5172, -36.80135 ], [ -71.5146, -36.80055 ], [ -71.51286, -36.80055 ], [ -71.50992, -36.80026 ], [ -71.50783, -36.80034 ], [ -71.50557, -36.80056 ], [ -71.50223, -36.80053 ], [ -71.49859, -36.80071 ], [ -71.49655, -36.80072 ], [ -71.49426, -36.8003 ], [ -71.49336, -36.79993 ], [ -71.49175, -36.79957 ], [ -71.49028, -36.79949 ], [ -71.48961, -36.79932 ], [ -71.48842, -36.79838 ], [ -71.48788, -36.79807 ], [ -71.48685, -36.79781 ], [ -71.48547, -36.79787 ], [ -71.48388, -36.79816 ], [ -71.48281, -36.79818 ], [ -71.48043, -36.79755 ], [ -71.47927, -36.79747 ], [ -71.47886, -36.79747 ], [ -71.4783, -36.79764 ], [ -71.4752, -36.79794 ], [ -71.47067, -36.79965 ] ] ] } },
{ "type": "Feature", "properties": { "objectid": 300, "peligro": "Medio", "volcan": null, "globalid_1": "e634102f-7ed9-4394-b1bb-25f51e286c3c", "Shape__Area": 2.3502949034082121e-05, "Shape__Length": 0.072813298976804094 }, "geometry": { "type": "Polygon", "coordinates": [ [ [ -71.61091, -36.81719 ], [ -71.61188, -36.81625 ], [ -71.61344, -36.81505 ], [ -71.61401, -36.81444 ], [ -71.61464, -36.81348 ], [ -71.61544, -36.81292 ], [ -71.61734, -36.81222 ], [ -71.61984, -36.81145 ], [ -71.62132, -36.81136 ], [ -71.62244, -36.81163 ], [ -71.6234, -36.81167 ], [ -71.62509, -36.81104 ], [ -71.62908, -36.81014 ], [ -71.63011, -36.80937 ], [ -71.63057, -36.80919 ], [ -71.6334, -36.80843 ], [ -71.63502, -36.8081 ], [ -71.63536, -36.80775 ], [ -71.63608, -36.8074 ], [ -71.6371, -36.80693 ], [ -71.63824, -36.80657 ], [ -71.63904, -36.80623 ], [ -71.64018, -36.80486 ], [ -71.64094, -36.8044 ], [ -71.64159, -36.80385 ], [ -71.64285, -36.80315 ], [ -71.64174, -36.80347 ], [ -71.64066, -36.80421 ], [ -71.63971, -36.80459 ], [ -71.63928, -36.80519 ], [ -71.63795, -36.80631 ], [ -71.63704, -36.80667 ], [ -71.63528, -36.80688 ], [ -71.63429, -36.80719 ], [ -71.63331, -36.80767 ], [ -71.63176, -36.8081 ], [ -71.62952, -36.80901 ], [ -71.62733, -36.80952 ], [ -71.62578, -36.81006 ], [ -71.62452, -36.81072 ], [ -71.62162, -36.81124 ], [ -71.61807, -36.81144 ], [ -71.61694, -36.81163 ], [ -71.61518, -36.81213 ], [ -71.61391, -36.81267 ], [ -71.61281, -36.81373 ], [ -71.61156, -36.81531 ], [ -71.6111, -36.81632 ], [ -71.61091, -36.81719 ] ] ] } },
{ "type": "Feature", "properties": { "objectid": 301, "peligro": "Medio", "volcan": null, "globalid_1": "e741ad47-7f1d-4542-af30-351d4232295f", "Shape__Area": 0.00030353421084328147, "Shape__Length": 0.47158496346568579 }, "geometry": { "type": "Polygon", "coordinates": [ [ [ -71.4896, -36.82323 ], [ -71.48577, -36.82216 ], [ -71.48311, -36.8206 ], [ -71.4804, -36.81779 ], [ -71.4767, -36.81701 ], [ -71.47487, -36.81552 ], [ -71.47495, -36.81409 ], [ -71.47693, -36.8131 ], [ -71.47914, -36.81181 ], [ -71.48162, -36.81128 ], [ -71.48444, -36.81056 ], [ -71.49403, -36.80997 ], [ -71.50063, -36.80859 ], [ -71.50394, -36.80816 ], [ -71.50541, -36.80779 ], [ -71.50673, -36.80733 ], [ -71.50779, -36.80713 ], [ -71.51192, -36.80701 ], [ -71.51286, -36.80735 ], [ -71.51386, -36.80783 ], [ -71.51632, -36.80835 ], [ -71.51744, -36.80868 ], [ -71.51853, -36.80927 ], [ -71.51867, -36.80944 ], [ -71.5216, -36.81074 ], [ -71.52478, -36.81124 ], [ -71.52583, -36.81165 ], [ -71.53136, -36.81252 ], [ -71.53588, -36.8129 ], [ -71.5391, -36.81331 ], [ -71.54246, -36.81448 ], [ -71.54805, -36.81503 ], [ -71.55235, -36.81579 ], [ -71.55928, -36.81669 ], [ -71.56169, -36.8167 ], [ -71.56767, -36.81952 ], [ -71.56963, -36.82073 ], [ -71.57316, -36.82192 ], [ -71.57447, -36.8228 ], [ -71.57769, -36.82336 ], [ -71.57919, -36.8235 ], [ -71.58062, -36.82387 ], [ -71.58255, -36.82406 ], [ -71.58533, -36.82406 ], [ -71.58696, -36.82385 ], [ -71.58966, -36.82373 ], [ -71.59376, -36.82284 ], [ -71.59573, -36.82206 ], [ -71.59763, -36.8215 ], [ -71.59919, -36.82129 ], [ -71.60145, -36.82084 ], [ -71.60599, -36.82046 ], [ -71.60747, -36.82008 ], [ -71.61066, -36.81955 ], [ -71.61199, -36.81901 ], [ -71.61318, -36.8183 ], [ -71.61366, -36.81777 ], [ -71.614, -36.81719 ], [ -71.61496, -36.8162 ], [ -71.61572, -36.81567 ], [ -71.61614, -36.81548 ], [ -71.6167, -36.81496 ], [ -71.6176, -36.81431 ], [ -71.61978, -36.81352 ], [ -71.62077, -36.81338 ], [ -71.62163, -36.8137 ], [ -71.62242, -36.81386 ], [ -71.62321, -36.81384 ], [ -71.62287, -36.81459 ], [ -71.62211, -36.81507 ], [ -71.62177, -36.81553 ], [ -71.62114, -36.81595 ], [ -71.61978, -36.81775 ], [ -71.619, -36.8191 ], [ -71.61777, -36.82004 ], [ -71.61718, -36.82092 ], [ -71.61637, -36.82158 ], [ -71.61538, -36.82205 ], [ -71.61475, -36.82264 ], [ -71.61452, -36.82295 ], [ -71.61383, -36.82352 ], [ -71.61271, -36.8238 ], [ -71.61181, -36.82432 ], [ -71.61141, -36.82467 ], [ -71.61076, -36.82492 ], [ -71.60879, -36.82635 ], [ -71.60807, -36.82677 ], [ -71.60733, -36.82693 ], [ -71.60588, -36.82703 ], [ -71.60111, -36.82814 ], [ -71.60035, -36.82822 ], [ -71.59961, -36.82848 ], [ -71.59868, -36.82912 ], [ -71.59845, -36.82998 ], [ -71.59841, -36.83051 ], [ -71.59812, -36.83087 ], [ -71.59736, -36.83125 ], [ -71.59673, -36.83182 ], [ -71.59552, -36.83232 ], [ -71.59406, -36.83276 ], [ -71.59229, -36.83302 ], [ -71.59079, -36.83376 ], [ -71.59436, -36.83295 ], [ -71.59557, -36.83276 ], [ -71.59676, -36.83227 ], [ -71.59738, -36.83157 ], [ -71.59893, -36.83108 ], [ -71.60008, -36.8314 ], [ -71.60078, -36.83127 ], [ -71.60127, -36.83086 ], [ -71.60152, -36.82994 ], [ -71.60279, -36.82957 ], [ -71.60408, -36.82994 ], [ -71.60692, -36.8297 ], [ -71.60723, -36.82956 ], [ -71.60804, -36.82939 ], [ -71.61043, -36.8292 ], [ -71.61164, -36.82879 ], [ -71.61225, -36.82849 ], [ -71.61274, -36.82798 ], [ -71.61352, -36.82741 ], [ -71.61412, -36.82678 ], [ -71.61424, -36.82544 ], [ -71.61452, -36.82479 ], [ -71.61499, -36.82415 ], [ -71.61679, -36.82268 ], [ -71.6174, -36.82175 ], [ -71.6192, -36.82005 ], [ -71.61987, -36.81889 ], [ -71.62073, -36.81704 ], [ -71.62238, -36.81523 ], [ -71.62336, -36.81475 ], [ -71.62659, -36.81359 ], [ -71.62822, -36.81327 ], [ -71.62847, -36.81246 ], [ -71.62839, -36.81201 ], [ -71.62689, -36.81203 ], [ -71.62575, -36.81235 ], [ -71.62385, -36.81323 ], [ -71.62178, -36.8134 ], [ -71.62103, -36.81294 ], [ -71.61962, -36.81297 ], [ -71.61735, -36.81385 ], [ -71.61576, -36.81496 ], [ -71.61309, -36.81716 ], [ -71.61194, -36.81838 ], [ -71.60879, -36.81946 ], [ -71.60216, -36.82017 ], [ -71.60115, -36.82015 ], [ -71.59845, -36.82053 ], [ -71.59713, -36.82097 ], [ -71.59347, -36.82242 ], [ -71.59127, -36.82301 ], [ -71.5883, -36.82307 ], [ -71.5866, -36.82329 ], [ -71.58312, -36.82324 ], [ -71.57844, -36.82299 ], [ -71.57469, -36.82176 ], [ -71.57137, -36.82022 ], [ -71.56905, -36.81944 ], [ -71.56549, -36.81719 ], [ -71.56287, -36.81641 ], [ -71.56094, -36.81627 ], [ -71.55815, -36.81566 ], [ -71.55758, -36.81564 ], [ -71.55564, -36.81525 ], [ -71.55369, -36.81464 ], [ -71.54989, -36.81413 ], [ -71.54651, -36.81403 ], [ -71.54346, -36.81367 ], [ -71.54052, -36.81219 ], [ -71.53939, -36.81173 ], [ -71.53798, -36.81141 ], [ -71.53176, -36.81178 ], [ -71.52729, -36.81116 ], [ -71.52587, -36.81089 ], [ -71.52347, -36.80999 ], [ -71.52219, -36.80918 ], [ -71.51926, -36.80817 ], [ -71.51858, -36.80777 ], [ -71.51708, -36.80738 ], [ -71.51677, -36.80697 ], [ -71.51565, -36.80652 ], [ -71.5136, -36.80513 ], [ -71.5123, -36.80385 ], [ -71.51118, -36.80375 ], [ -71.51022, -36.80383 ], [ -71.50905, -36.80421 ], [ -71.50793, -36.80412 ], [ -71.50718, -36.80377 ], [ -71.50586, -36.80428 ], [ -71.50566, -36.80482 ], [ -71.50576, -36.80565 ], [ -71.50394, -36.8067 ], [ -71.50194, -36.80657 ], [ -71.4992, -36.80686 ], [ -71.49668, -36.8068 ], [ -71.49049, -36.80738 ], [ -71.4886, -36.80779 ], [ -71.48736, -36.8086 ], [ -71.48433, -36.80872 ], [ -71.48132, -36.80962 ], [ -71.48068, -36.81046 ], [ -71.47957, -36.81073 ], [ -71.47787, -36.81076 ], [ -71.47485, -36.81124 ], [ -71.47405, -36.81179 ], [ -71.47326, -36.81253 ], [ -71.47238, -36.81302 ], [ -71.46927, -36.81523 ], [ -71.46774, -36.81616 ], [ -71.46709, -36.81665 ], [ -71.4671, -36.81718 ], [ -71.46808, -36.81752 ], [ -71.46964, -36.81761 ], [ -71.47262, -36.81808 ], [ -71.47455, -36.81804 ], [ -71.47641, -36.81842 ], [ -71.47928, -36.82009 ], [ -71.48079, -36.82071 ], [ -71.48365, -36.82284 ], [ -71.48575, -36.82314 ], [ -71.48905, -36.82329 ], [ -71.4896, -36.82323 ] ], [ [ -71.61066, -36.82876 ], [ -71.60978, -36.82904 ], [ -71.60888, -36.82894 ], [ -71.60866, -36.82859 ], [ -71.60865, -36.82811 ], [ -71.6091, -36.82736 ], [ -71.61093, -36.82628 ], [ -71.61263, -36.82562 ], [ -71.61331, -36.82565 ], [ -71.61347, -36.82596 ], [ -71.61331, -36.82641 ], [ -71.61291, -36.82688 ], [ -71.61246, -36.8276 ], [ -71.61191, -36.82816 ], [ -71.61066, -36.82876 ] ] ] } },
{ "type": "Feature", "properties": { "objectid": 302, "peligro": "Medio", "volcan": null, "globalid_1": "0cc70156-a7f0-495c-98df-671968a767d1", "Shape__Area": 3.4162312203989131e-05, "Shape__Length": 0.071186484250454332 }, "geometry": { "type": "Polygon", "coordinates": [ [ [ -71.61805, -36.82646 ], [ -71.62007, -36.8241 ], [ -71.62192, -36.82219 ], [ -71.62229, -36.82162 ], [ -71.62239, -36.82126 ], [ -71.62264, -36.82087 ], [ -71.62312, -36.81975 ], [ -71.62391, -36.81899 ], [ -71.62449, -36.81862 ], [ -71.62518, -36.81831 ], [ -71.6267, -36.81785 ], [ -71.62762, -36.81722 ], [ -71.62844, -36.81645 ], [ -71.62992, -36.81566 ], [ -71.63048, -36.81519 ], [ -71.63095, -36.81443 ], [ -71.63167, -36.81362 ], [ -71.63267, -36.81271 ], [ -71.63274, -36.81217 ], [ -71.63356, -36.81158 ], [ -71.63444, -36.81113 ], [ -71.63582, -36.81013 ], [ -71.63684, -36.80924 ], [ -71.63727, -36.80905 ], [ -71.63997, -36.80734 ], [ -71.64067, -36.80721 ], [ -71.64198, -36.80664 ], [ -71.64248, -36.80609 ], [ -71.6443, -36.80513 ], [ -71.64322, -36.80539 ], [ -71.64152, -36.80625 ], [ -71.64104, -36.80665 ], [ -71.63902, -36.80738 ], [ -71.6385, -36.80782 ], [ -71.6375, -36.80831 ], [ -71.63654, -36.80904 ], [ -71.63426, -36.80988 ], [ -71.63324, -36.81005 ], [ -71.63254, -36.81046 ], [ -71.63185, -36.81108 ], [ -71.63157, -36.81162 ], [ -71.63057, -36.81272 ], [ -71.6301, -36.81416 ], [ -71.62894, -36.8149 ], [ -71.62776, -36.81516 ], [ -71.62658, -36.81525 ], [ -71.62563, -36.81563 ], [ -71.62394, -36.81608 ], [ -71.62315, -36.81688 ], [ -71.62304, -36.81807 ], [ -71.62271, -36.81921 ], [ -71.622, -36.82018 ], [ -71.62138, -36.82133 ], [ -71.62096, -36.82229 ], [ -71.61989, -36.82339 ], [ -71.61898, -36.82507 ], [ -71.61805, -36.82646 ] ] ] } },
{ "type": "Feature", "properties": { "objectid": 303, "peligro": "Medio", "volcan": null, "globalid_1": "ae04a05f-2db4-41f0-86e6-425ec8e570df", "Shape__Area": 0.00096258322105313709, "Shape__Length": 0.62644460251059342 }, "geometry": { "type": "Polygon", "coordinates": [ [ [ -71.52884, -36.90065 ], [ -71.53112, -36.89931 ], [ -71.53164, -36.89873 ], [ -71.53214, -36.89786 ], [ -71.53279, -36.89728 ], [ -71.53348, -36.89647 ], [ -71.53469, -36.89538 ], [ -71.53552, -36.89489 ], [ -71.5368, -36.89465 ], [ -71.53804, -36.89452 ], [ -71.53947, -36.89456 ], [ -71.54036, -36.89447 ], [ -71.54093, -36.89428 ], [ -71.54246, -36.89339 ], [ -71.54366, -36.89211 ], [ -71.54529, -36.89143 ], [ -71.54748, -36.8917 ], [ -71.54944, -36.89184 ], [ -71.55367, -36.89017 ], [ -71.5549, -36.88913 ], [ -71.55644, -36.88862 ], [ -71.55769, -36.88835 ], [ -71.56297, -36.88627 ], [ -71.56368, -36.88554 ], [ -71.56449, -36.88523 ], [ -71.56597, -36.88508 ], [ -71.56669, -36.88434 ], [ -71.56702, -36.88338 ], [ -71.56834, -36.88282 ], [ -71.56927, -36.8819 ], [ -71.56948, -36.88124 ], [ -71.57108, -36.87932 ], [ -71.57234, -36.87884 ], [ -71.57346, -36.8783 ], [ -71.57437, -36.87771 ], [ -71.5752, -36.87683 ], [ -71.57567, -36.87619 ], [ -71.57623, -36.87595 ], [ -71.57735, -36.87524 ], [ -71.57819, -36.87482 ], [ -71.58, -36.87341 ], [ -71.58062, -36.87305 ], [ -71.58351, -36.87196 ], [ -71.5847, -36.87142 ], [ -71.5875, -36.86987 ], [ -71.5904, -36.86935 ], [ -71.59473, -36.86902 ], [ -71.59943, -36.86881 ], [ -71.6038, -36.86957 ], [ -71.60516, -36.86971 ], [ -71.6061, -36.8702 ], [ -71.60717, -36.87024 ], [ -71.61078, -36.86953 ], [ -71.61234, -36.86938 ], [ -71.61334, -36.86959 ], [ -71.61483, -36.86921 ], [ -71.6199, -36.86755 ], [ -71.62109, -36.86701 ], [ -71.62215, -36.86682 ], [ -71.62391, -36.86621 ], [ -71.62466, -36.86528 ], [ -71.62684, -36.86443 ], [ -71.62733, -36.86401 ], [ -71.62907, -36.863 ], [ -71.62956, -36.86259 ], [ -71.63067, -36.86194 ], [ -71.63179, -36.8614 ], [ -71.63255, -36.86069 ], [ -71.63416, -36.8598 ], [ -71.63485, -36.8591 ], [ -71.63597, -36.85856 ], [ -71.63666, -36.85808 ], [ -71.63715, -36.85756 ], [ -71.63805, -36.85691 ], [ -71.64065, -36.85605 ], [ -71.64108, -36.8561 ], [ -71.64217, -36.85653 ], [ -71.6436, -36.85679 ], [ -71.64518, -36.85732 ], [ -71.64697, -36.85757 ], [ -71.64942, -36.85837 ], [ -71.65015, -36.85876 ], [ -71.65066, -36.85915 ], [ -71.65111, -36.85988 ], [ -71.65266, -36.86128 ], [ -71.65368, -36.862 ], [ -71.65407, -36.86296 ], [ -71.65425, -36.8641 ], [ -71.65305, -36.8656 ], [ -71.6519, -36.86664 ], [ -71.65112, -36.86785 ], [ -71.65062, -36.86846 ], [ -71.65111, -36.86952 ], [ -71.65194, -36.8701 ], [ -71.65477, -36.87051 ], [ -71.65575, -36.8709 ], [ -71.65593, -36.87173 ], [ -71.65512, -36.87268 ], [ -71.65491, -36.87369 ], [ -71.65551, -36.87392 ], [ -71.65648, -36.87396 ], [ -71.65744, -36.87382 ], [ -71.66031, -36.87321 ], [ -71.66325, -36.87243 ], [ -71.66421, -36.87229 ], [ -71.66604, -36.87148 ], [ -71.66733, -36.87032 ], [ -71.66798, -36.86982 ], [ -71.66893, -36.86933 ], [ -71.66972, -36.86865 ], [ -71.67104, -36.8682 ], [ -71.67259, -36.86807 ], [ -71.67352, -36.86702 ], [ -71.67482, -36.86597 ], [ -71.67525, -36.86549 ], [ -71.67569, -36.8653 ], [ -71.67629, -36.86534 ], [ -71.67704, -36.86563 ], [ -71.67775, -36.8657 ], [ -71.67935, -36.86559 ], [ -71.67968, -36.86547 ], [ -71.6805, -36.86483 ], [ -71.68349, -36.86351 ], [ -71.68459, -36.86313 ], [ -71.68584, -36.86315 ], [ -71.68877, -36.86246 ], [ -71.68937, -36.86195 ], [ -71.6904, -36.86163 ], [ -71.69195, -36.86147 ], [ -71.69307, -36.86107 ], [ -71.69391, -36.86036 ], [ -71.69583, -36.85793 ], [ -71.69787, -36.85675 ], [ -71.6986, -36.85644 ], [ -71.69902, -36.85571 ], [ -71.69988, -36.85498 ], [ -71.70068, -36.85454 ], [ -71.70243, -36.85361 ], [ -71.70493, -36.85301 ], [ -71.70812, -36.85272 ], [ -71.709, -36.85241 ], [ -71.71056, -36.85128 ], [ -71.71064, -36.85057 ], [ -71.71105, -36.84906 ], [ -71.71102, -36.84821 ], [ -71.71147, -36.84671 ], [ -71.712, -36.84561 ], [ -71.71338, -36.84443 ], [ -71.71479, -36.844 ], [ -71.71819, -36.84346 ], [ -71.71928, -36.84283 ], [ -71.71997, -36.84229 ], [ -71.72031, -36.84185 ], [ -71.72125, -36.8414 ], [ -71.72289, -36.84079 ], [ -71.7234, -36.8403 ], [ -71.72368, -36.83977 ], [ -71.72503, -36.83926 ], [ -71.72579, -36.83886 ], [ -71.72821, -36.837 ], [ -71.72883, -36.83598 ], [ -71.73127, -36.83454 ], [ -71.73161, -36.83406 ], [ -71.73318, -36.83316 ], [ -71.73388, -36.83291 ], [ -71.73545, -36.83206 ], [ -71.73651, -36.8317 ], [ -71.73738, -36.83125 ], [ -71.73913, -36.83055 ], [ -71.74043, -36.83037 ], [ -71.74133, -36.83045 ], [ -71.74372, -36.83116 ], [ -71.74433, -36.83138 ], [ -71.74633, -36.83272 ], [ -71.74736, -36.83322 ], [ -71.75011, -36.83396 ], [ -71.75142, -36.83393 ], [ -71.75348, -36.8337 ], [ -71.75525, -36.83323 ], [ -71.7594, -36.83322 ], [ -71.76128, -36.8327 ], [ -71.76241, -36.83282 ], [ -71.76349, -36.83313 ], [ -71.76572, -36.83413 ], [ -71.76627, -36.8345 ], [ -71.76947, -36.83433 ], [ -71.77079, -36.83477 ], [ -71.77168, -36.83489 ], [ -71.77318, -36.83538 ], [ -71.77414, -36.83555 ], [ -71.77507, -36.83598 ], [ -71.77608, -36.83663 ], [ -71.77681, -36.8373 ], [ -71.77731, -36.83796 ], [ -71.77792, -36.83837 ], [ -71.77893, -36.83844 ], [ -71.77954, -36.83881 ], [ -71.78069, -36.83969 ], [ -71.78137, -36.84044 ], [ -71.78157, -36.84081 ], [ -71.78205, -36.84109 ], [ -71.78395, -36.841 ], [ -71.78436, -36.84108 ], [ -71.78456, -36.84151 ], [ -71.78486, -36.84179 ], [ -71.78512, -36.84226 ], [ -71.78554, -36.84234 ], [ -71.78613, -36.84233 ], [ -71.78695, -36.84207 ], [ -71.78756, -36.84086 ], [ -71.78814, -36.84042 ], [ -71.78847, -36.8397 ], [ -71.7884, -36.83946 ], [ -71.78809, -36.83923 ], [ -71.78836, -36.83846 ], [ -71.78835, -36.83813 ], [ -71.78828, -36.83789 ], [ -71.78804, -36.83766 ], [ -71.78768, -36.83752 ], [ -71.78684, -36.83745 ], [ -71.78607, -36.83728 ], [ -71.78546, -36.83681 ], [ -71.78539, -36.83653 ], [ -71.78489, -36.83597 ], [ -71.78434, -36.83555 ], [ -71.78308, -36.83506 ], [ -71.78253, -36.83459 ], [ -71.78186, -36.83423 ], [ -71.78066, -36.83368 ], [ -71.77934, -36.83338 ], [ -71.77831, -36.83274 ], [ -71.7759, -36.83184 ], [ -71.77423, -36.83081 ], [ -71.7711, -36.83047 ], [ -71.77012, -36.82995 ], [ -71.76847, -36.82933 ], [ -71.76718, -36.82859 ], [ -71.76575, -36.82809 ], [ -71.76217, -36.82739 ], [ -71.76091, -36.82736 ], [ -71.7598, -36.82763 ], [ -71.75834, -36.82814 ], [ -71.75498, -36.82953 ], [ -71.7523, -36.82935 ], [ -71.75027, -36.82839 ], [ -71.74816, -36.8276 ], [ -71.74754, -36.8269 ], [ -71.74598, -36.82614 ], [ -71.74139, -36.82549 ], [ -71.73937, -36.82553 ], [ -71.73672, -36.82607 ], [ -71.73555, -36.82648 ], [ -71.7339, -36.8269 ], [ -71.73321, -36.82753 ], [ -71.73198, -36.82799 ], [ -71.72999, -36.82851 ], [ -71.72905, -36.82901 ], [ -71.7275, -36.83024 ], [ -71.72517, -36.83153 ], [ -71.7243, -36.83222 ], [ -71.72092, -36.83392 ], [ -71.71889, -36.83511 ], [ -71.71799, -36.83647 ], [ -71.71706, -36.83697 ], [ -71.71602, -36.83799 ], [ -71.71592, -36.83821 ], [ -71.71358, -36.8393 ], [ -71.71311, -36.83977 ], [ -71.71113, -36.84063 ], [ -71.7105, -36.84107 ], [ -71.70985, -36.84128 ], [ -71.70921, -36.84168 ], [ -71.70851, -36.84198 ], [ -71.70805, -36.84242 ], [ -71.70778, -36.84304 ], [ -71.70778, -36.8432 ], [ -71.70685, -36.84411 ], [ -71.70688, -36.84491 ], [ -71.70633, -36.84575 ], [ -71.70618, -36.84651 ], [ -71.7062, -36.84704 ], [ -71.70651, -36.84746 ], [ -71.7068, -36.84842 ], [ -71.70674, -36.84959 ], [ -71.70522, -36.85064 ], [ -71.70239, -36.85171 ], [ -71.70138, -36.85182 ], [ -71.69962, -36.85234 ], [ -71.69863, -36.85293 ], [ -71.69789, -36.85362 ], [ -71.69761, -36.85398 ], [ -71.69734, -36.85416 ], [ -71.69565, -36.85479 ], [ -71.69473, -36.85583 ], [ -71.69371, -36.85657 ], [ -71.69282, -36.85861 ], [ -71.69195, -36.85899 ], [ -71.69013, -36.85928 ], [ -71.68884, -36.85964 ], [ -71.68825, -36.8597 ], [ -71.68702, -36.8603 ], [ -71.68605, -36.86063 ], [ -71.68429, -36.86083 ], [ -71.6824, -36.86157 ], [ -71.68126, -36.86172 ], [ -71.68026, -36.86217 ], [ -71.67895, -36.86314 ], [ -71.67837, -36.86345 ], [ -71.6777, -36.86346 ], [ -71.67688, -36.86313 ], [ -71.67619, -36.8626 ], [ -71.67471, -36.86248 ], [ -71.67271, -36.86496 ], [ -71.67177, -36.86551 ], [ -71.67095, -36.86567 ], [ -71.66763, -36.86584 ], [ -71.66671, -36.86653 ], [ -71.66557, -36.86799 ], [ -71.66423, -36.86895 ], [ -71.66347, -36.86919 ], [ -71.66241, -36.86934 ], [ -71.66145, -36.86898 ], [ -71.6609, -36.86861 ], [ -71.65897, -36.8678 ], [ -71.6573, -36.86741 ], [ -71.65682, -36.86718 ], [ -71.65656, -36.86666 ], [ -71.65664, -36.86556 ], [ -71.65738, -36.86459 ], [ -71.65778, -36.86248 ], [ -71.65735, -36.86207 ], [ -71.65645, -36.86161 ], [ -71.65584, -36.86119 ], [ -71.65547, -36.86072 ], [ -71.65488, -36.85926 ], [ -71.6548, -36.85869 ], [ -71.65454, -36.85793 ], [ -71.65371, -36.858 ], [ -71.65118, -36.85686 ], [ -71.64978, -36.85588 ], [ -71.64852, -36.85482 ], [ -71.64849, -36.85408 ], [ -71.64782, -36.85318 ], [ -71.64674, -36.8528 ], [ -71.64595, -36.85265 ], [ -71.64439, -36.85268 ], [ -71.64369, -36.85299 ], [ -71.64213, -36.85342 ], [ -71.64057, -36.85363 ], [ -71.63902, -36.85395 ], [ -71.63789, -36.85437 ], [ -71.63641, -36.85463 ], [ -71.63492, -36.85478 ], [ -71.63238, -36.85547 ], [ -71.63104, -36.85607 ], [ -71.62999, -36.85644 ], [ -71.62768, -36.85769 ], [ -71.62608, -36.8587 ], [ -71.62534, -36.85997 ], [ -71.62509, -36.86095 ], [ -71.62456, -36.86216 ], [ -71.62439, -36.86337 ], [ -71.62398, -36.86401 ], [ -71.62343, -36.86448 ], [ -71.62245, -36.86502 ], [ -71.6176, -36.86678 ], [ -71.61569, -36.86722 ], [ -71.61377, -36.86744 ], [ -71.61235, -36.86753 ], [ -71.60871, -36.86738 ], [ -71.60708, -36.86747 ], [ -71.60595, -36.86772 ], [ -71.60507, -36.86782 ], [ -71.60296, -36.86773 ], [ -71.60237, -36.86735 ], [ -71.60208, -36.86701 ], [ -71.60057, -36.86681 ], [ -71.59914, -36.86667 ], [ -71.59644, -36.86673 ], [ -71.59467, -36.86717 ], [ -71.5932, -36.86777 ], [ -71.59221, -36.86797 ], [ -71.58947, -36.86873 ], [ -71.58849, -36.8688 ], [ -71.58352, -36.87082 ], [ -71.58184, -36.87169 ], [ -71.57784, -36.87398 ], [ -71.57175, -36.8784 ], [ -71.56958, -36.88012 ], [ -71.56634, -36.88305 ], [ -71.56443, -36.88369 ], [ -71.56313, -36.88473 ], [ -71.561, -36.88537 ], [ -71.55853, -36.8868 ], [ -71.55632, -36.88744 ], [ -71.55406, -36.88874 ], [ -71.55268, -36.88937 ], [ -71.5501, -36.89002 ], [ -71.54491, -36.89007 ], [ -71.53999, -36.89161 ], [ -71.53806, -36.89177 ], [ -71.53519, -36.89236 ], [ -71.53343, -36.89324 ], [ -71.53316, -36.89516 ], [ -71.53271, -36.89645 ], [ -71.53202, -36.89729 ], [ -71.53133, -36.89791 ], [ -71.53035, -36.89922 ], [ -71.52966, -36.89984 ], [ -71.52923, -36.90039 ], [ -71.52884, -36.90065 ] ] ] } },
{ "type": "Feature", "properties": { "objectid": 304, "peligro": "Medio", "volcan": null, "globalid_1": "f1e9f3e2-99b2-4315-a7b3-102b05e851de", "Shape__Area": 8.1841636756507796e-05, "Shape__Length": 0.11130428414905577 }, "geometry": { "type": "Polygon", "coordinates": [ [ [ -71.44484, -36.8347 ], [ -71.44548, -36.83326 ], [ -71.44611, -36.83307 ], [ -71.4481, -36.83292 ], [ -71.44988, -36.83294 ], [ -71.45173, -36.83273 ], [ -71.45278, -36.83236 ], [ -71.45392, -36.83222 ], [ -71.45575, -36.83167 ], [ -71.4566, -36.83154 ], [ -71.45844, -36.83104 ], [ -71.45985, -36.83084 ], [ -71.46192, -36.83105 ], [ -71.4636, -36.83137 ], [ -71.46956, -36.8319 ], [ -71.47503, -36.83152 ], [ -71.47704, -36.83079 ], [ -71.47825, -36.83023 ], [ -71.47983, -36.8299 ], [ -71.48194, -36.82962 ], [ -71.48495, -36.82887 ], [ -71.48658, -36.82871 ], [ -71.49005, -36.82814 ], [ -71.49219, -36.828 ], [ -71.49307, -36.82771 ], [ -71.49793, -36.82793 ], [ -71.4953, -36.8272 ], [ -71.49258, -36.82744 ], [ -71.49067, -36.82701 ], [ -71.48912, -36.82685 ], [ -71.48673, -36.82689 ], [ -71.48676, -36.82703 ], [ -71.48455, -36.82701 ], [ -71.48044, -36.82803 ], [ -71.47655, -36.82869 ], [ -71.47423, -36.82965 ], [ -71.46903, -36.82976 ], [ -71.46619, -36.82999 ], [ -71.46377, -36.82998 ], [ -71.45842, -36.82941 ], [ -71.45442, -36.83055 ], [ -71.45241, -36.83069 ], [ -71.44698, -36.83161 ], [ -71.44611, -36.8322 ], [ -71.4451, -36.83236 ], [ -71.4449, -36.83337 ], [ -71.44484, -36.8347 ] ] ] } },
{ "type": "Feature", "properties": { "objectid": 305, "peligro": "Medio", "volcan": null, "globalid_1": "7c14564d-078a-4e89-b964-c80ac72eb928", "Shape__Area": 0.00034180289912910666, "Shape__Length": 0.098104897910006095 }, "geometry": { "type": "Polygon", "coordinates": [ [ [ -71.29619, -36.84506 ], [ -71.2973, -36.8464 ], [ -71.29784, -36.84689 ], [ -71.29831, -36.84759 ], [ -71.30293, -36.84986 ], [ -71.30774, -36.85191 ], [ -71.31343, -36.85359 ], [ -71.31748, -36.8553 ], [ -71.32154, -36.85689 ], [ -71.3245, -36.85659 ], [ -71.32725, -36.85439 ], [ -71.32453, -36.84788 ], [ -71.32207, -36.84519 ], [ -71.31733, -36.8454 ], [ -71.31282, -36.84346 ], [ -71.29918, -36.8386 ], [ -71.2949, -36.83651 ], [ -71.29183, -36.83544 ], [ -71.28967, -36.83518 ], [ -71.28811, -36.83509 ], [ -71.28602, -36.83552 ], [ -71.28685, -36.8363 ], [ -71.28723, -36.83729 ], [ -71.28807, -36.83842 ], [ -71.2918, -36.84106 ], [ -71.29459, -36.84216 ], [ -71.29505, -36.84265 ], [ -71.29619, -36.84506 ] ] ] } },
{ "type": "Feature", "properties": { "objectid": 306, "peligro": "Medio", "volcan": null, "globalid_1": "ab28fc07-aa2b-48ff-845d-a8876a7eb578", "Shape__Area": 0.00012907480663670867, "Shape__Length": 0.11677324225495926 }, "geometry": { "type": "Polygon", "coordinates": [ [ [ -71.4602, -36.84151 ], [ -71.46174, -36.84193 ], [ -71.46301, -36.84241 ], [ -71.46568, -36.84318 ], [ -71.46944, -36.84488 ], [ -71.47126, -36.84622 ], [ -71.47274, -36.84779 ], [ -71.47411, -36.84827 ], [ -71.47642, -36.84931 ], [ -71.478, -36.84979 ], [ -71.48073, -36.85037 ], [ -71.48293, -36.85026 ], [ -71.48557, -36.85053 ], [ -71.48856, -36.85114 ], [ -71.49391, -36.85141 ], [ -71.49707, -36.8501 ], [ -71.49917, -36.84901 ], [ -71.5022, -36.84713 ], [ -71.50402, -36.8449 ], [ -71.50432, -36.84318 ], [ -71.50525, -36.84165 ], [ -71.50591, -36.84112 ], [ -71.50628, -36.84068 ], [ -71.50681, -36.84036 ], [ -71.508, -36.83976 ], [ -71.50932, -36.83944 ], [ -71.50982, -36.83917 ], [ -71.51194, -36.83751 ], [ -71.50651, -36.83978 ], [ -71.50387, -36.84055 ], [ -71.50123, -36.84144 ], [ -71.5005, -36.84181 ], [ -71.49428, -36.84714 ], [ -71.49279, -36.84774 ], [ -71.49122, -36.84871 ], [ -71.48877, -36.84938 ], [ -71.48799, -36.84949 ], [ -71.48706, -36.84936 ], [ -71.48646, -36.84916 ], [ -71.48579, -36.84888 ], [ -71.4848, -36.84832 ], [ -71.48047, -36.84842 ], [ -71.4797, -36.84813 ], [ -71.47942, -36.84815 ], [ -71.47807, -36.84755 ], [ -71.47696, -36.84674 ], [ -71.47616, -36.8458 ], [ -71.47453, -36.845 ], [ -71.47095, -36.8443 ], [ -71.46964, -36.84385 ], [ -71.46904, -36.84354 ], [ -71.46827, -36.84269 ], [ -71.46677, -36.84221 ], [ -71.46371, -36.84173 ], [ -71.4602, -36.84151 ] ] ] } },
{ "type": "Feature", "properties": { "objectid": 307, "peligro": "Medio", "volcan": null, "globalid_1": "76019e69-9802-4472-92dd-e503f243a1b4", "Shape__Area": 1.0260848057441763e-05, "Shape__Length": 0.01241995715042349 }, "geometry": { "type": "Polygon", "coordinates": [ [ [ -71.53457, -36.84384 ], [ -71.53607, -36.8442 ], [ -71.53728, -36.84412 ], [ -71.5377, -36.84383 ], [ -71.53803, -36.84326 ], [ -71.5379, -36.84321 ], [ -71.53762, -36.84246 ], [ -71.53718, -36.84179 ], [ -71.53546, -36.84141 ], [ -71.5345, -36.84131 ], [ -71.53377, -36.84169 ], [ -71.53305, -36.84248 ], [ -71.53333, -36.84312 ], [ -71.53399, -36.84362 ], [ -71.53457, -36.84384 ] ] ] } },
{ "type": "Feature", "properties": { "objectid": 308, "peligro": "Medio", "volcan": null, "globalid_1": "cef738e1-15a2-44be-acc1-89ee6355b4e7", "Shape__Area": 0.0001100632014185976, "Shape__Length": 0.22100977010690634 }, "geometry": { "type": "Polygon", "coordinates": [ [ [ -71.45513, -36.86861 ], [ -71.45494, -36.86829 ], [ -71.45455, -36.86705 ], [ -71.45399, -36.86627 ], [ -71.45388, -36.86574 ], [ -71.45413, -36.86527 ], [ -71.4551, -36.86489 ], [ -71.4563, -36.86476 ], [ -71.45826, -36.8649 ], [ -71.4601, -36.86536 ], [ -71.46224, -36.8656 ], [ -71.4674, -36.8658 ], [ -71.47018, -36.86577 ], [ -71.47485, -36.86472 ], [ -71.47664, -36.86474 ], [ -71.47867, -36.86455 ], [ -71.48073, -36.86412 ], [ -71.48322, -36.8641 ], [ -71.48415, -36.86425 ], [ -71.48712, -36.86428 ], [ -71.48815, -36.86411 ], [ -71.48977, -36.86369 ], [ -71.4908, -36.86328 ], [ -71.49398, -36.86235 ], [ -71.49581, -36.86162 ], [ -71.49747, -36.86114 ], [ -71.49966, -36.86032 ], [ -71.50205, -36.85848 ], [ -71.50313, -36.85754 ], [ -71.50452, -36.85673 ], [ -71.50734, -36.85465 ], [ -71.50827, -36.85367 ], [ -71.50962, -36.85275 ], [ -71.50997, -36.85218 ], [ -71.51238, -36.85035 ], [ -71.51362, -36.84955 ], [ -71.51531, -36.84928 ], [ -71.51991, -36.84912 ], [ -71.52364, -36.8497 ], [ -71.5252, -36.8499 ], [ -71.52669, -36.84999 ], [ -71.52795, -36.8502 ], [ -71.53424, -36.85174 ], [ -71.53943, -36.85175 ], [ -71.54092, -36.85201 ], [ -71.54337, -36.85196 ], [ -71.54544, -36.85174 ], [ -71.54912, -36.85106 ], [ -71.55119, -36.85078 ], [ -71.55485, -36.85089 ], [ -71.55208, -36.85036 ], [ -71.54933, -36.85018 ], [ -71.54727, -36.8507 ], [ -71.54549, -36.8508 ], [ -71.54363, -36.8506 ], [ -71.54228, -36.85009 ], [ -71.5399, -36.84984 ], [ -71.53864, -36.84987 ], [ -71.53623, -36.84903 ], [ -71.53505, -36.84893 ], [ -71.53379, -36.84902 ], [ -71.53291, -36.84952 ], [ -71.53002, -36.84958 ], [ -71.52824, -36.84938 ], [ -71.52734, -36.84916 ], [ -71.52607, -36.84906 ], [ -71.52511, -36.84909 ], [ -71.52295, -36.84877 ], [ -71.52102, -36.84864 ], [ -71.5165, -36.84885 ], [ -71.51568, -36.84881 ], [ -71.51401, -36.84901 ], [ -71.51185, -36.8502 ], [ -71.50998, -36.8516 ], [ -71.50933, -36.85239 ], [ -71.50803, -36.85337 ], [ -71.50644, -36.85477 ], [ -71.50176, -36.85804 ], [ -71.49991, -36.85942 ], [ -71.49923, -36.85975 ], [ -71.49612, -36.86087 ], [ -71.49339, -36.86124 ], [ -71.49189, -36.86163 ], [ -71.49022, -36.86224 ], [ -71.48941, -36.86265 ], [ -71.48884, -36.86284 ], [ -71.48729, -36.86316 ], [ -71.48667, -36.86342 ], [ -71.48552, -36.86352 ], [ -71.48472, -36.86368 ], [ -71.4837, -36.8637 ], [ -71.48263, -36.86361 ], [ -71.47922, -36.86324 ], [ -71.47699, -36.8633 ], [ -71.47326, -36.86359 ], [ -71.47202, -36.86362 ], [ -71.46714, -36.86415 ], [ -71.465, -36.86412 ], [ -71.46303, -36.86395 ], [ -71.46018, -36.86393 ], [ -71.45787, -36.86405 ], [ -71.45513, -36.86432 ], [ -71.45447, -36.86445 ], [ -71.45407, -36.86467 ], [ -71.453, -36.86493 ], [ -71.4528, -36.86556 ], [ -71.4534, -36.86594 ], [ -71.45361, -36.86662 ], [ -71.45513, -36.86861 ] ] ] } },
{ "type": "Feature", "properties": { "objectid": 309, "peligro": "Medio", "volcan": null, "globalid_1": "38fa0d4d-17e8-476c-a195-cfec8e4a43b2", "Shape__Area": 0.00091091363697159977, "Shape__Length": 1.3470773212833229 }, "geometry": { "type": "Polygon", "coordinates": [ [ [ -71.64334, -36.85954 ], [ -71.64173, -36.86055 ], [ -71.63817, -36.86045 ], [ -71.6376, -36.86035 ], [ -71.63704, -36.86082 ], [ -71.63445, -36.86203 ], [ -71.63328, -36.86308 ], [ -71.63301, -36.86355 ], [ -71.63176, -36.86449 ], [ -71.63136, -36.86541 ], [ -71.62959, -36.8658 ], [ -71.62861, -36.86627 ], [ -71.62777, -36.86658 ], [ -71.62637, -36.86735 ], [ -71.62553, -36.86772 ], [ -71.62391, -36.86821 ], [ -71.61998, -36.8699 ], [ -71.61907, -36.87043 ], [ -71.61654, -36.87135 ], [ -71.61498, -36.87173 ], [ -71.61351, -36.87227 ], [ -71.61188, -36.87254 ], [ -71.61017, -36.87263 ], [ -71.60925, -36.87283 ], [ -71.6079, -36.87285 ], [ -71.6033, -36.87164 ], [ -71.60193, -36.8711 ], [ -71.59887, -36.87116 ], [ -71.59496, -36.87159 ], [ -71.59334, -36.87197 ], [ -71.59149, -36.87207 ], [ -71.58951, -36.87257 ], [ -71.58803, -36.87306 ], [ -71.58621, -36.87407 ], [ -71.58474, -36.87468 ], [ -71.58334, -36.87539 ], [ -71.58223, -36.87639 ], [ -71.58007, -36.87764 ], [ -71.57889, -36.8787 ], [ -71.57784, -36.87935 ], [ -71.57716, -36.88016 ], [ -71.57612, -36.88099 ], [ -71.57306, -36.88311 ], [ -71.57263, -36.8833 ], [ -71.57233, -36.88479 ], [ -71.5725, -36.8857 ], [ -71.57132, -36.88653 ], [ -71.57091, -36.887 ], [ -71.56961, -36.88807 ], [ -71.56948, -36.88855 ], [ -71.56912, -36.88883 ], [ -71.56868, -36.88908 ], [ -71.56739, -36.88946 ], [ -71.56579, -36.89024 ], [ -71.56475, -36.8903 ], [ -71.56398, -36.89049 ], [ -71.56248, -36.89071 ], [ -71.56198, -36.89096 ], [ -71.561, -36.8911 ], [ -71.5606, -36.8913 ], [ -71.55998, -36.89145 ], [ -71.55944, -36.89146 ], [ -71.55794, -36.89183 ], [ -71.55774, -36.89207 ], [ -71.5565, -36.89236 ], [ -71.55607, -36.89259 ], [ -71.55557, -36.89269 ], [ -71.55455, -36.89329 ], [ -71.55371, -36.894 ], [ -71.55329, -36.89458 ], [ -71.55257, -36.89513 ], [ -71.55204, -36.89596 ], [ -71.55065, -36.89704 ], [ -71.5497, -36.89799 ], [ -71.54882, -36.89908 ], [ -71.54818, -36.89967 ], [ -71.54687, -36.90215 ], [ -71.54658, -36.90318 ], [ -71.54584, -36.90417 ], [ -71.54544, -36.90459 ], [ -71.54476, -36.90491 ], [ -71.54405, -36.90571 ], [ -71.54347, -36.90623 ], [ -71.54284, -36.90665 ], [ -71.54184, -36.90724 ], [ -71.54042, -36.90756 ], [ -71.5394, -36.90749 ], [ -71.53892, -36.9076 ], [ -71.53873, -36.90784 ], [ -71.53844, -36.90801 ], [ -71.53829, -36.90835 ], [ -71.5378, -36.90872 ], [ -71.53734, -36.90893 ], [ -71.53632, -36.9089 ], [ -71.53504, -36.90842 ], [ -71.53421, -36.90794 ], [ -71.53352, -36.90787 ], [ -71.53129, -36.90855 ], [ -71.52959, -36.90876 ], [ -71.5289, -36.909 ], [ -71.5283, -36.90932 ], [ -71.52818, -36.90961 ], [ -71.52843, -36.91158 ], [ -71.52817, -36.91199 ], [ -71.52815, -36.91232 ], [ -71.5278, -36.91296 ], [ -71.52776, -36.91327 ], [ -71.52727, -36.91396 ], [ -71.52667, -36.91431 ], [ -71.52429, -36.91517 ], [ -71.52227, -36.91558 ], [ -71.51977, -36.91588 ], [ -71.51849, -36.91577 ], [ -71.51778, -36.91581 ], [ -71.51712, -36.91607 ], [ -71.51632, -36.91742 ], [ -71.51544, -36.91775 ], [ -71.5148, -36.91787 ], [ -71.51335, -36.91798 ], [ -71.5117, -36.91824 ], [ -71.5104, -36.91816 ], [ -71.50943, -36.91831 ], [ -71.50647, -36.91822 ], [ -71.50424, -36.91802 ], [ -71.50157, -36.91797 ], [ -71.50094, -36.9177 ], [ -71.499, -36.91709 ], [ -71.49757, -36.91687 ], [ -71.49515, -36.91635 ], [ -71.4926, -36.91623 ], [ -71.49175, -36.9161 ], [ -71.49075, -36.91544 ], [ -71.48958, -36.91511 ], [ -71.48869, -36.91509 ], [ -71.48815, -36.915 ], [ -71.4866, -36.91507 ], [ -71.48534, -36.91484 ], [ -71.48427, -36.91476 ], [ -71.48285, -36.91486 ], [ -71.48095, -36.91551 ], [ -71.48011, -36.91552 ], [ -71.47873, -36.91573 ], [ -71.47472, -36.91696 ], [ -71.47281, -36.91725 ], [ -71.47202, -36.91748 ], [ -71.47153, -36.91735 ], [ -71.47032, -36.9173 ], [ -71.46889, -36.91697 ], [ -71.46839, -36.91677 ], [ -71.46767, -36.91668 ], [ -71.46612, -36.91678 ], [ -71.46466, -36.91728 ], [ -71.46378, -36.91744 ], [ -71.46252, -36.91711 ], [ -71.46172, -36.91719 ], [ -71.45975, -36.91673 ], [ -71.45947, -36.91645 ], [ -71.45902, -36.91643 ], [ -71.45839, -36.91623 ], [ -71.45781, -36.9162 ], [ -71.45583, -36.91685 ], [ -71.45503, -36.9168 ], [ -71.45426, -36.91664 ], [ -71.4528, -36.91695 ], [ -71.45213, -36.91728 ], [ -71.45094, -36.91737 ], [ -71.44992, -36.91762 ], [ -71.44643, -36.91717 ], [ -71.44551, -36.91716 ], [ -71.44521, -36.91724 ], [ -71.44505, -36.91748 ], [ -71.44334, -36.91801 ], [ -71.44224, -36.9181 ], [ -71.44101, -36.9179 ], [ -71.44057, -36.91792 ], [ -71.43954, -36.91826 ], [ -71.43878, -36.91832 ], [ -71.43678, -36.91814 ], [ -71.43501, -36.9176 ], [ -71.43299, -36.91771 ], [ -71.4322, -36.9175 ], [ -71.43142, -36.91751 ], [ -71.43048, -36.91713 ], [ -71.42974, -36.91635 ], [ -71.42887, -36.91579 ], [ -71.42772, -36.91553 ], [ -71.42656, -36.91481 ], [ -71.42425, -36.914 ], [ -71.42309, -36.91339 ], [ -71.42159, -36.91325 ], [ -71.41914, -36.91244 ], [ -71.41741, -36.91173 ], [ -71.41487, -36.91035 ], [ -71.41121, -36.90887 ], [ -71.40991, -36.9083 ], [ -71.40886, -36.90773 ], [ -71.40807, -36.90719 ], [ -71.4073, -36.9064 ], [ -71.40687, -36.90607 ], [ -71.4065, -36.90551 ], [ -71.40637, -36.90506 ], [ -71.4055, -36.90393 ], [ -71.4051, -36.90356 ], [ -71.40407, -36.90296 ], [ -71.40299, -36.90262 ], [ -71.402, -36.90217 ], [ -71.40172, -36.90181 ], [ -71.40149, -36.9011 ], [ -71.40124, -36.9008 ], [ -71.40069, -36.90028 ], [ -71.40018, -36.89994 ], [ -71.39748, -36.89913 ], [ -71.39686, -36.89907 ], [ -71.39535, -36.89836 ], [ -71.39452, -36.89778 ], [ -71.39177, -36.8964 ], [ -71.39171, -36.89626 ], [ -71.3864, -36.89488 ], [ -71.38429, -36.89403 ], [ -71.38288, -36.89388 ], [ -71.38199, -36.89401 ], [ -71.38098, -36.89481 ], [ -71.37966, -36.89764 ], [ -71.37954, -36.89871 ], [ -71.37913, -36.89968 ], [ -71.37862, -36.90022 ], [ -71.37805, -36.90117 ], [ -71.37747, -36.90382 ], [ -71.37684, -36.90476 ], [ -71.3766, -36.9058 ], [ -71.37623, -36.90667 ], [ -71.37629, -36.90742 ], [ -71.37701, -36.9089 ], [ -71.37733, -36.90925 ], [ -71.37883, -36.91033 ], [ -71.37987, -36.91063 ], [ -71.38112, -36.91079 ], [ -71.38197, -36.91077 ], [ -71.38357, -36.911 ], [ -71.38435, -36.9114 ], [ -71.38528, -36.91278 ], [ -71.38521, -36.91388 ], [ -71.38414, -36.91577 ], [ -71.38388, -36.91673 ], [ -71.3853, -36.91841 ], [ -71.3859, -36.91878 ], [ -71.38622, -36.91935 ], [ -71.3873, -36.91971 ], [ -71.39098, -36.92154 ], [ -71.39239, -36.92299 ], [ -71.39375, -36.92468 ], [ -71.39465, -36.92705 ], [ -71.39467, -36.92767 ], [ -71.39486, -36.92809 ], [ -71.39534, -36.9299 ], [ -71.39573, -36.93094 ], [ -71.39658, -36.93178 ], [ -71.39679, -36.93254 ], [ -71.39716, -36.93315 ], [ -71.39968, -36.93445 ], [ -71.40051, -36.9348 ], [ -71.40211, -36.93509 ], [ -71.40393, -36.93509 ], [ -71.40459, -36.93492 ], [ -71.40529, -36.93464 ], [ -71.40566, -36.9343 ], [ -71.4068, -36.93416 ], [ -71.40766, -36.93441 ], [ -71.40849, -36.93475 ], [ -71.4091, -36.93531 ], [ -71.40933, -36.93563 ], [ -71.40974, -36.93577 ], [ -71.41034, -36.93576 ], [ -71.41173, -36.93618 ], [ -71.41309, -36.93705 ], [ -71.41674, -36.93849 ], [ -71.41949, -36.93975 ], [ -71.42095, -36.94019 ], [ -71.42133, -36.94045 ], [ -71.42223, -36.94065 ], [ -71.42425, -36.94138 ], [ -71.42497, -36.94178 ], [ -71.42544, -36.94246 ], [ -71.4253, -36.94499 ], [ -71.42516, -36.94547 ], [ -71.42511, -36.94616 ], [ -71.42508, -36.94741 ], [ -71.42584, -36.94793 ], [ -71.42826, -36.94926 ], [ -71.42884, -36.95023 ], [ -71.42972, -36.95083 ], [ -71.43129, -36.9514 ], [ -71.43326, -36.95246 ], [ -71.43558, -36.95301 ], [ -71.43608, -36.95351 ], [ -71.43638, -36.95365 ], [ -71.43769, -36.95395 ], [ -71.43907, -36.95407 ], [ -71.44085, -36.954 ], [ -71.44288, -36.95369 ], [ -71.44463, -36.95387 ], [ -71.44578, -36.95384 ], [ -71.44891, -36.95423 ], [ -71.4509, -36.95472 ], [ -71.45327, -36.95505 ], [ -71.45403, -36.95525 ], [ -71.45615, -36.95533 ], [ -71.461, -36.95594 ], [ -71.46321, -36.9564 ], [ -71.46768, -36.95688 ], [ -71.47141, -36.95752 ], [ -71.47236, -36.95827 ], [ -71.47442, -36.95911 ], [ -71.47542, -36.95961 ], [ -71.47655, -36.96003 ], [ -71.47821, -36.96048 ], [ -71.47911, -36.96105 ], [ -71.48035, -36.96147 ], [ -71.48085, -36.96215 ], [ -71.48161, -36.96276 ], [ -71.48273, -36.96396 ], [ -71.48571, -36.96643 ], [ -71.48636, -36.96725 ], [ -71.49122, -36.97024 ], [ -71.49217, -36.97112 ], [ -71.4932, -36.97169 ], [ -71.4944, -36.97223 ], [ -71.4952, -36.97269 ], [ -71.49588, -36.97325 ], [ -71.49777, -36.9741 ], [ -71.50077, -36.97484 ], [ -71.50219, -36.97508 ], [ -71.50519, -36.9749 ], [ -71.50631, -36.97517 ], [ -71.50713, -36.97516 ], [ -71.50902, -36.97494 ], [ -71.50981, -36.97479 ], [ -71.51078, -36.97449 ], [ -71.51174, -36.97396 ], [ -71.51189, -36.97303 ], [ -71.51231, -36.97238 ], [ -71.51373, -36.97206 ], [ -71.51534, -36.9721 ], [ -71.51614, -36.9723 ], [ -71.51791, -36.97183 ], [ -71.51941, -36.97116 ], [ -71.51964, -36.97078 ], [ -71.51975, -36.96931 ], [ -71.52008, -36.96898 ], [ -71.52048, -36.96891 ], [ -71.52219, -36.96895 ], [ -71.52296, -36.96815 ], [ -71.52411, -36.96769 ], [ -71.5246, -36.96736 ], [ -71.52485, -36.96643 ], [ -71.5249, -36.96592 ], [ -71.52523, -36.96537 ], [ -71.52575, -36.96488 ], [ -71.52624, -36.96462 ], [ -71.52751, -36.96364 ], [ -71.52813, -36.96329 ], [ -71.52905, -36.96295 ], [ -71.52963, -36.96252 ], [ -71.53062, -36.96208 ], [ -71.53112, -36.96159 ], [ -71.53187, -36.96123 ], [ -71.53234, -36.96088 ], [ -71.53256, -36.96051 ], [ -71.53294, -36.96022 ], [ -71.53361, -36.95987 ], [ -71.53499, -36.95941 ], [ -71.53747, -36.95876 ], [ -71.53857, -36.95812 ], [ -71.53892, -36.95776 ], [ -71.54063, -36.95657 ], [ -71.54175, -36.95612 ], [ -71.54385, -36.95506 ], [ -71.54454, -36.95461 ], [ -71.54581, -36.9533 ], [ -71.54626, -36.95272 ], [ -71.54711, -36.95141 ], [ -71.54742, -36.95052 ], [ -71.54891, -36.94847 ], [ -71.55037, -36.94753 ], [ -71.55094, -36.94685 ], [ -71.55109, -36.94589 ], [ -71.55105, -36.94303 ], [ -71.55161, -36.94206 ], [ -71.5517, -36.94111 ], [ -71.55167, -36.94025 ], [ -71.55204, -36.93891 ], [ -71.55255, -36.93808 ], [ -71.55289, -36.93774 ], [ -71.55323, -36.93702 ], [ -71.55338, -36.93616 ], [ -71.55321, -36.93423 ], [ -71.55486, -36.93291 ], [ -71.55762, -36.93299 ], [ -71.56017, -36.93186 ], [ -71.56229, -36.93125 ], [ -71.56352, -36.93072 ], [ -71.5673, -36.92942 ], [ -71.56968, -36.92851 ], [ -71.57169, -36.92747 ], [ -71.57248, -36.92688 ], [ -71.57341, -36.92543 ], [ -71.57444, -36.9244 ], [ -71.57565, -36.92337 ], [ -71.57731, -36.92234 ], [ -71.57947, -36.92014 ], [ -71.58164, -36.91867 ], [ -71.58287, -36.91807 ], [ -71.58472, -36.91753 ], [ -71.58647, -36.91663 ], [ -71.58707, -36.91576 ], [ -71.58835, -36.91423 ], [ -71.59005, -36.91176 ], [ -71.59091, -36.91088 ], [ -71.59814, -36.90851 ], [ -71.59944, -36.90762 ], [ -71.60198, -36.90635 ], [ -71.60246, -36.90469 ], [ -71.60295, -36.90346 ], [ -71.60341, -36.90117 ], [ -71.60543, -36.90041 ], [ -71.60718, -36.89944 ], [ -71.61023, -36.89758 ], [ -71.61152, -36.89612 ], [ -71.61369, -36.89436 ], [ -71.61749, -36.89363 ], [ -71.61915, -36.89259 ], [ -71.62003, -36.89236 ], [ -71.62485, -36.89003 ], [ -71.62615, -36.88886 ], [ -71.62845, -36.88612 ], [ -71.62968, -36.88508 ], [ -71.63031, -36.88393 ], [ -71.6319, -36.88276 ], [ -71.63366, -36.88225 ], [ -71.63588, -36.88208 ], [ -71.63763, -36.88102 ], [ -71.63853, -36.87928 ], [ -71.64028, -36.8784 ], [ -71.64215, -36.87675 ], [ -71.64325, -36.87613 ], [ -71.64366, -36.87511 ], [ -71.64483, -36.87478 ], [ -71.6457, -36.87417 ], [ -71.64583, -36.87363 ], [ -71.64636, -36.87278 ], [ -71.64702, -36.87253 ], [ -71.64854, -36.87234 ], [ -71.64946, -36.87232 ], [ -71.65156, -36.87281 ], [ -71.65237, -36.87279 ], [ -71.65258, -36.87246 ], [ -71.65249, -36.87196 ], [ -71.65178, -36.8717 ], [ -71.65048, -36.87161 ], [ -71.64977, -36.87142 ], [ -71.64817, -36.8706 ], [ -71.64686, -36.86908 ], [ -71.64659, -36.86777 ], [ -71.64693, -36.86681 ], [ -71.64785, -36.86536 ], [ -71.64909, -36.86485 ], [ -71.64925, -36.86358 ], [ -71.6491, -36.86153 ], [ -71.64821, -36.86046 ], [ -71.64634, -36.85976 ], [ -71.64533, -36.85949 ], [ -71.64334, -36.85954 ] ], [ [ -71.64359, -36.86977 ], [ -71.64156, -36.87305 ], [ -71.63926, -36.87419 ], [ -71.63835, -36.87522 ], [ -71.63832, -36.87612 ], [ -71.6384, -36.87693 ], [ -71.63772, -36.87785 ], [ -71.63757, -36.87857 ], [ -71.63706, -36.8793 ], [ -71.63643, -36.87993 ], [ -71.63538, -36.88048 ], [ -71.63237, -36.88112 ], [ -71.6307, -36.8824 ], [ -71.62954, -36.88314 ], [ -71.62876, -36.88478 ], [ -71.62848, -36.88516 ], [ -71.62577, -36.88756 ], [ -71.62432, -36.88845 ], [ -71.62039, -36.88992 ], [ -71.6181, -36.89069 ], [ -71.61664, -36.89134 ], [ -71.61589, -36.89207 ], [ -71.61544, -36.89275 ], [ -71.61445, -36.89344 ], [ -71.61163, -36.89426 ], [ -71.61141, -36.89474 ], [ -71.61084, -36.89552 ], [ -71.60861, -36.89614 ], [ -71.60548, -36.8984 ], [ -71.6049, -36.89899 ], [ -71.60385, -36.89953 ], [ -71.6031, -36.90017 ], [ -71.60211, -36.90077 ], [ -71.6009, -36.90165 ], [ -71.59909, -36.9026 ], [ -71.59807, -36.90405 ], [ -71.59733, -36.90492 ], [ -71.59634, -36.90557 ], [ -71.59523, -36.90611 ], [ -71.59406, -36.90681 ], [ -71.59233, -36.90813 ], [ -71.59134, -36.90877 ], [ -71.58974, -36.91062 ], [ -71.58804, -36.91137 ], [ -71.58634, -36.91356 ], [ -71.58552, -36.9141 ], [ -71.58396, -36.91537 ], [ -71.58292, -36.91606 ], [ -71.58064, -36.91716 ], [ -71.57949, -36.91847 ], [ -71.57811, -36.9196 ], [ -71.57682, -36.92034 ], [ -71.57625, -36.92088 ], [ -71.57509, -36.92172 ], [ -71.57415, -36.92193 ], [ -71.57247, -36.9233 ], [ -71.57126, -36.92399 ], [ -71.57042, -36.92517 ], [ -71.56831, -36.92651 ], [ -71.56768, -36.92759 ], [ -71.56563, -36.92829 ], [ -71.56489, -36.92837 ], [ -71.5638, -36.92911 ], [ -71.56338, -36.92983 ], [ -71.56287, -36.93032 ], [ -71.5587, -36.93051 ], [ -71.55614, -36.93139 ], [ -71.55219, -36.93414 ], [ -71.55178, -36.93622 ], [ -71.551, -36.93776 ], [ -71.55058, -36.93827 ], [ -71.55063, -36.93977 ], [ -71.55007, -36.9405 ], [ -71.55031, -36.94114 ], [ -71.55038, -36.94174 ], [ -71.5503, -36.9421 ], [ -71.55029, -36.943 ], [ -71.54941, -36.94484 ], [ -71.54953, -36.94559 ], [ -71.54973, -36.94619 ], [ -71.54945, -36.94713 ], [ -71.54898, -36.94775 ], [ -71.54763, -36.94888 ], [ -71.54684, -36.9504 ], [ -71.54637, -36.95106 ], [ -71.54604, -36.95185 ], [ -71.54479, -36.95331 ], [ -71.54419, -36.95382 ], [ -71.54296, -36.9546 ], [ -71.54056, -36.95594 ], [ -71.53906, -36.95666 ], [ -71.53839, -36.95686 ], [ -71.53347, -36.95918 ], [ -71.53065, -36.95996 ], [ -71.52774, -36.96088 ], [ -71.5268, -36.96211 ], [ -71.52446, -36.96416 ], [ -71.52424, -36.96581 ], [ -71.52357, -36.9669 ], [ -71.52111, -36.9681 ], [ -71.5197, -36.96856 ], [ -71.51901, -36.96936 ], [ -71.51788, -36.97031 ], [ -71.51515, -36.97116 ], [ -71.51355, -36.97141 ], [ -71.51206, -36.97215 ], [ -71.51111, -36.9731 ], [ -71.50997, -36.97363 ], [ -71.50812, -36.97424 ], [ -71.50276, -36.97414 ], [ -71.49921, -36.9737 ], [ -71.49655, -36.9729 ], [ -71.49495, -36.97196 ], [ -71.49247, -36.97024 ], [ -71.48927, -36.96825 ], [ -71.48295, -36.96266 ], [ -71.48076, -36.96093 ], [ -71.47661, -36.9585 ], [ -71.47293, -36.95703 ], [ -71.47076, -36.95627 ], [ -71.46639, -36.95562 ], [ -71.45695, -36.95473 ], [ -71.4523, -36.95414 ], [ -71.44828, -36.95353 ], [ -71.44562, -36.95279 ], [ -71.44194, -36.95126 ], [ -71.44057, -36.95093 ], [ -71.43814, -36.95086 ], [ -71.43452, -36.95145 ], [ -71.43088, -36.9499 ], [ -71.42931, -36.94856 ], [ -71.42743, -36.94762 ], [ -71.42689, -36.94718 ], [ -71.42628, -36.94642 ], [ -71.42596, -36.9458 ], [ -71.42587, -36.9453 ], [ -71.42598, -36.94428 ], [ -71.42622, -36.94341 ], [ -71.42602, -36.94186 ], [ -71.4248, -36.94082 ], [ -71.42435, -36.94012 ], [ -71.42044, -36.93904 ], [ -71.41712, -36.93784 ], [ -71.41609, -36.93684 ], [ -71.415, -36.93617 ], [ -71.41241, -36.93542 ], [ -71.41111, -36.93482 ], [ -71.41001, -36.93381 ], [ -71.40841, -36.93304 ], [ -71.4067, -36.93291 ], [ -71.40507, -36.93334 ], [ -71.40316, -36.93372 ], [ -71.40131, -36.93382 ], [ -71.40016, -36.93361 ], [ -71.39936, -36.93305 ], [ -71.39898, -36.93215 ], [ -71.39795, -36.93137 ], [ -71.39713, -36.93018 ], [ -71.39703, -36.92932 ], [ -71.39587, -36.92614 ], [ -71.39475, -36.92447 ], [ -71.39197, -36.92206 ], [ -71.39072, -36.92089 ], [ -71.38693, -36.91821 ], [ -71.38608, -36.91629 ], [ -71.38618, -36.91485 ], [ -71.38636, -36.91382 ], [ -71.38632, -36.91234 ], [ -71.38442, -36.91043 ], [ -71.38099, -36.90927 ], [ -71.37998, -36.90883 ], [ -71.37837, -36.90732 ], [ -71.37855, -36.90634 ], [ -71.37975, -36.90368 ], [ -71.38, -36.90253 ], [ -71.38065, -36.90058 ], [ -71.38118, -36.89931 ], [ -71.38186, -36.8982 ], [ -71.38196, -36.89689 ], [ -71.3827, -36.8955 ], [ -71.38355, -36.89525 ], [ -71.38448, -36.89529 ], [ -71.38569, -36.89544 ], [ -71.38915, -36.89657 ], [ -71.39107, -36.89738 ], [ -71.39243, -36.89814 ], [ -71.39535, -36.89922 ], [ -71.3958, -36.89955 ], [ -71.39715, -36.9 ], [ -71.39827, -36.90057 ], [ -71.39892, -36.90063 ], [ -71.39984, -36.9014 ], [ -71.40006, -36.90175 ], [ -71.40091, -36.90233 ], [ -71.40145, -36.90258 ], [ -71.40176, -36.90291 ], [ -71.40284, -36.90325 ], [ -71.4045, -36.90412 ], [ -71.40506, -36.90499 ], [ -71.40526, -36.90565 ], [ -71.40551, -36.9061 ], [ -71.40606, -36.90678 ], [ -71.40737, -36.90776 ], [ -71.41096, -36.9094 ], [ -71.41207, -36.90974 ], [ -71.41591, -36.91192 ], [ -71.4176, -36.91303 ], [ -71.41947, -36.91392 ], [ -71.41975, -36.91416 ], [ -71.42041, -36.91443 ], [ -71.42397, -36.91522 ], [ -71.42451, -36.9154 ], [ -71.42484, -36.9156 ], [ -71.42552, -36.91638 ], [ -71.42621, -36.91648 ], [ -71.42669, -36.91669 ], [ -71.42834, -36.91715 ], [ -71.43041, -36.9182 ], [ -71.43239, -36.91856 ], [ -71.43412, -36.91886 ], [ -71.4374, -36.91917 ], [ -71.44043, -36.91911 ], [ -71.44363, -36.91885 ], [ -71.44618, -36.91885 ], [ -71.44778, -36.91872 ], [ -71.44914, -36.91836 ], [ -71.45038, -36.91833 ], [ -71.45199, -36.91849 ], [ -71.45537, -36.91828 ], [ -71.45619, -36.91788 ], [ -71.45748, -36.91742 ], [ -71.45831, -36.91731 ], [ -71.4598, -36.91752 ], [ -71.46123, -36.91782 ], [ -71.46237, -36.91818 ], [ -71.46415, -36.91809 ], [ -71.46521, -36.91779 ], [ -71.46658, -36.91785 ], [ -71.46903, -36.91823 ], [ -71.47081, -36.91819 ], [ -71.47276, -36.91806 ], [ -71.47454, -36.91774 ], [ -71.47602, -36.91766 ], [ -71.47738, -36.91744 ], [ -71.47897, -36.91702 ], [ -71.48301, -36.91703 ], [ -71.48454, -36.91662 ], [ -71.4853, -36.91627 ], [ -71.48975, -36.91622 ], [ -71.49043, -36.91636 ], [ -71.49349, -36.91636 ], [ -71.49501, -36.91652 ], [ -71.49612, -36.91691 ], [ -71.49679, -36.91734 ], [ -71.4976, -36.91764 ], [ -71.49954, -36.91772 ], [ -71.50055, -36.918 ], [ -71.50178, -36.91815 ], [ -71.50321, -36.91824 ], [ -71.50433, -36.91819 ], [ -71.50607, -36.91879 ], [ -71.51215, -36.9184 ], [ -71.5136, -36.91821 ], [ -71.51646, -36.91774 ], [ -71.5175, -36.91681 ], [ -71.5198, -36.91636 ], [ -71.52129, -36.91633 ], [ -71.52311, -36.91586 ], [ -71.52552, -36.91509 ], [ -71.52736, -36.91408 ], [ -71.52821, -36.91289 ], [ -71.52859, -36.91178 ], [ -71.52863, -36.91023 ], [ -71.52878, -36.90944 ], [ -71.53024, -36.90879 ], [ -71.53135, -36.90917 ], [ -71.53216, -36.90935 ], [ -71.53277, -36.90974 ], [ -71.53432, -36.91002 ], [ -71.53597, -36.90967 ], [ -71.53697, -36.90936 ], [ -71.53846, -36.90864 ], [ -71.53889, -36.90808 ], [ -71.53971, -36.90776 ], [ -71.54154, -36.90753 ], [ -71.54269, -36.90705 ], [ -71.5435, -36.9066 ], [ -71.54376, -36.90619 ], [ -71.54445, -36.90558 ], [ -71.54621, -36.90487 ], [ -71.54686, -36.90412 ], [ -71.54705, -36.90357 ], [ -71.54703, -36.9029 ], [ -71.54743, -36.90225 ], [ -71.54752, -36.90156 ], [ -71.54823, -36.90056 ], [ -71.54882, -36.8995 ], [ -71.54919, -36.89906 ], [ -71.5501, -36.89864 ], [ -71.55101, -36.89838 ], [ -71.55159, -36.89796 ], [ -71.55253, -36.89775 ], [ -71.55294, -36.89748 ], [ -71.55316, -36.8969 ], [ -71.5537, -36.89644 ], [ -71.55413, -36.8959 ], [ -71.55559, -36.89521 ], [ -71.55666, -36.8943 ], [ -71.55725, -36.894 ], [ -71.56039, -36.89296 ], [ -71.56227, -36.89256 ], [ -71.56393, -36.89247 ], [ -71.56505, -36.89212 ], [ -71.56629, -36.89104 ], [ -71.56706, -36.89059 ], [ -71.56762, -36.89042 ], [ -71.56903, -36.88965 ], [ -71.57027, -36.88921 ], [ -71.57138, -36.88802 ], [ -71.57195, -36.88722 ], [ -71.57267, -36.88647 ], [ -71.57283, -36.88601 ], [ -71.57364, -36.88459 ], [ -71.57516, -36.88291 ], [ -71.57683, -36.88172 ], [ -71.57791, -36.88125 ], [ -71.57957, -36.88029 ], [ -71.58229, -36.87894 ], [ -71.58502, -36.87731 ], [ -71.58516, -36.87716 ], [ -71.5867, -36.87633 ], [ -71.58747, -36.87574 ], [ -71.58866, -36.87509 ], [ -71.58978, -36.8746 ], [ -71.59154, -36.87411 ], [ -71.59826, -36.87264 ], [ -71.59956, -36.87302 ], [ -71.60213, -36.87342 ], [ -71.60413, -36.87349 ], [ -71.60529, -36.87403 ], [ -71.60709, -36.87451 ], [ -71.60824, -36.87506 ], [ -71.61003, -36.87508 ], [ -71.61171, -36.87441 ], [ -71.61678, -36.87269 ], [ -71.61855, -36.87243 ], [ -71.62133, -36.87225 ], [ -71.62316, -36.87164 ], [ -71.62671, -36.86921 ], [ -71.6295, -36.86755 ], [ -71.63063, -36.86735 ], [ -71.63192, -36.8675 ], [ -71.63339, -36.86672 ], [ -71.63541, -36.86536 ], [ -71.6363, -36.86459 ], [ -71.63678, -36.86378 ], [ -71.63805, -36.86353 ], [ -71.63997, -36.86348 ], [ -71.6416, -36.86333 ], [ -71.644, -36.86254 ], [ -71.64577, -36.86221 ], [ -71.64655, -36.86229 ], [ -71.64745, -36.86251 ], [ -71.64784, -36.86303 ], [ -71.6476, -36.86366 ], [ -71.64685, -36.86459 ], [ -71.64608, -36.86518 ], [ -71.64503, -36.86572 ], [ -71.64413, -36.86642 ], [ -71.64378, -36.8674 ], [ -71.64359, -36.86977 ] ] ] } },
{ "type": "Feature", "properties": { "objectid": 310, "peligro": "Medio", "volcan": null, "globalid_1": "2edb45d0-ac61-4737-95f6-d01225436608", "Shape__Area": 1.4149824437481584e-05, "Shape__Length": 0.014916377610847402 }, "geometry": { "type": "Polygon", "coordinates": [ [ [ -71.48326, -36.86289 ], [ -71.48417, -36.8629 ], [ -71.48521, -36.86275 ], [ -71.48612, -36.8623 ], [ -71.48642, -36.86205 ], [ -71.48655, -36.86182 ], [ -71.48684, -36.86088 ], [ -71.4875, -36.86025 ], [ -71.48736, -36.85994 ], [ -71.48686, -36.85966 ], [ -71.4861, -36.85954 ], [ -71.48495, -36.85952 ], [ -71.48314, -36.86003 ], [ -71.48235, -36.86047 ], [ -71.48188, -36.86105 ], [ -71.48163, -36.86181 ], [ -71.48194, -36.86234 ], [ -71.48222, -36.86247 ], [ -71.48213, -36.86248 ], [ -71.48276, -36.8628 ], [ -71.48326, -36.86289 ] ] ] } },
{ "type": "Feature", "properties": { "objectid": 311, "peligro": "Medio", "volcan": null, "globalid_1": "f1fbbffc-fe94-4444-bc41-24840c000566", "Shape__Area": 0.00020257491928532545, "Shape__Length": 0.08781305081204524 }, "geometry": { "type": "Polygon", "coordinates": [ [ [ -71.43907, -36.86912 ], [ -71.43418, -36.86913 ], [ -71.43193, -36.86955 ], [ -71.42899, -36.87047 ], [ -71.42699, -36.8708 ], [ -71.42602, -36.87138 ], [ -71.42648, -36.8733 ], [ -71.42768, -36.87456 ], [ -71.42913, -36.87547 ], [ -71.43067, -36.87615 ], [ -71.43442, -36.8765 ], [ -71.43736, -36.87651 ], [ -71.43939, -36.87597 ], [ -71.4417, -36.87578 ], [ -71.44401, -36.87573 ], [ -71.44661, -36.87604 ], [ -71.44867, -36.87664 ], [ -71.4513, -36.87801 ], [ -71.45299, -36.87805 ], [ -71.45469, -36.87837 ], [ -71.45559, -36.87864 ], [ -71.4565, -36.87919 ], [ -71.45732, -36.87989 ], [ -71.45922, -36.88064 ], [ -71.46113, -36.88182 ], [ -71.46247, -36.8823 ], [ -71.46323, -36.88232 ], [ -71.46479, -36.88267 ], [ -71.46502, -36.88251 ], [ -71.46502, -36.88184 ], [ -71.4648, -36.88147 ], [ -71.46472, -36.88063 ], [ -71.46478, -36.88025 ], [ -71.4647, -36.88002 ], [ -71.46426, -36.87938 ], [ -71.46243, -36.8786 ], [ -71.46186, -36.87783 ], [ -71.46145, -36.87762 ], [ -71.46118, -36.87761 ], [ -71.4606, -36.87717 ], [ -71.45978, -36.87692 ], [ -71.45935, -36.87666 ], [ -71.45856, -36.87635 ], [ -71.45829, -36.87613 ], [ -71.45793, -36.87598 ], [ -71.45693, -36.87522 ], [ -71.45628, -36.87495 ], [ -71.45603, -36.87476 ], [ -71.45478, -36.87445 ], [ -71.4535, -36.8734 ], [ -71.45304, -36.87284 ], [ -71.44952, -36.87163 ], [ -71.44867, -36.87145 ], [ -71.44695, -36.87127 ], [ -71.44524, -36.87121 ], [ -71.44365, -36.87063 ], [ -71.44248, -36.87035 ], [ -71.44127, -36.86963 ], [ -71.43907, -36.86912 ] ] ] } },
{ "type": "Feature", "properties": { "objectid": 312, "peligro": "Medio", "volcan": null, "globalid_1": "b4d34488-03f4-4fe1-ad19-7d7389f7ab84", "Shape__Area": 1.4720171748194844e-08, "Shape__Length": 0.0017832534103804263 }, "geometry": { "type": "Polygon", "coordinates": [ [ [ -71.46762, -36.87527 ], [ -71.46674, -36.87514 ], [ -71.46754, -36.87529 ], [ -71.46762, -36.87527 ] ] ] } },
{ "type": "Feature", "properties": { "objectid": 313, "peligro": "Medio", "volcan": null, "globalid_1": "c75835dd-1cc9-4d63-bd78-181665fe0ede", "Shape__Area": 0.00024933425697781786, "Shape__Length": 0.11826946238583363 }, "geometry": { "type": "Polygon", "coordinates": [ [ [ -71.48115, -36.89964 ], [ -71.48179, -36.90011 ], [ -71.48298, -36.90211 ], [ -71.48393, -36.90292 ], [ -71.48436, -36.90344 ], [ -71.48531, -36.90542 ], [ -71.4855, -36.90563 ], [ -71.48696, -36.90586 ], [ -71.48797, -36.9058 ], [ -71.48886, -36.90563 ], [ -71.49188, -36.90474 ], [ -71.49278, -36.90479 ], [ -71.49341, -36.90504 ], [ -71.49469, -36.9053 ], [ -71.49678, -36.90551 ], [ -71.50071, -36.905 ], [ -71.50542, -36.90457 ], [ -71.50693, -36.90435 ], [ -71.51022, -36.90421 ], [ -71.51081, -36.90319 ], [ -71.50972, -36.90257 ], [ -71.50622, -36.90083 ], [ -71.50552, -36.90059 ], [ -71.50472, -36.90009 ], [ -71.50322, -36.89989 ], [ -71.50228, -36.89963 ], [ -71.49922, -36.89963 ], [ -71.49564, -36.89902 ], [ -71.49216, -36.89938 ], [ -71.4896, -36.89955 ], [ -71.48319, -36.89968 ], [ -71.48225, -36.8993 ], [ -71.48004, -36.89717 ], [ -71.47982, -36.89302 ], [ -71.47894, -36.89124 ], [ -71.47616, -36.8879 ], [ -71.47387, -36.88569 ], [ -71.47248, -36.88423 ], [ -71.46936, -36.88173 ], [ -71.46656, -36.88071 ], [ -71.46535, -36.87986 ], [ -71.4654, -36.88021 ], [ -71.46525, -36.88067 ], [ -71.46526, -36.88109 ], [ -71.46561, -36.88233 ], [ -71.46562, -36.88273 ], [ -71.46544, -36.88357 ], [ -71.46472, -36.88546 ], [ -71.46491, -36.88596 ], [ -71.46574, -36.88694 ], [ -71.46766, -36.88833 ], [ -71.46884, -36.88895 ], [ -71.47084, -36.89041 ], [ -71.4725, -36.8921 ], [ -71.47654, -36.89595 ], [ -71.47729, -36.89708 ], [ -71.47957, -36.89853 ], [ -71.48039, -36.89923 ], [ -71.48115, -36.89964 ] ] ] } },
{ "type": "Feature", "properties": { "objectid": 314, "peligro": "Medio", "volcan": null, "globalid_1": "871c47ae-e079-4f2a-a5c1-cb549fdb328f", "Shape__Area": 7.5977655342285288e-05, "Shape__Length": 0.080482207461055083 }, "geometry": { "type": "Polygon", "coordinates": [ [ [ -71.43016, -36.8852 ], [ -71.42992, -36.88472 ], [ -71.43022, -36.88381 ], [ -71.43144, -36.88329 ], [ -71.43447, -36.88322 ], [ -71.43893, -36.88356 ], [ -71.44855, -36.88379 ], [ -71.45196, -36.88444 ], [ -71.45374, -36.88454 ], [ -71.45625, -36.88506 ], [ -71.45933, -36.88654 ], [ -71.46273, -36.88871 ], [ -71.46363, -36.88912 ], [ -71.46536, -36.88965 ], [ -71.46494, -36.88933 ], [ -71.46428, -36.88908 ], [ -71.46344, -36.88793 ], [ -71.46297, -36.88703 ], [ -71.46188, -36.88629 ], [ -71.46153, -36.88575 ], [ -71.46118, -36.8849 ], [ -71.46029, -36.88399 ], [ -71.45921, -36.88337 ], [ -71.4581, -36.88244 ], [ -71.45754, -36.88222 ], [ -71.45533, -36.88183 ], [ -71.4551, -36.88158 ], [ -71.4548, -36.88143 ], [ -71.45358, -36.88105 ], [ -71.45257, -36.88087 ], [ -71.45164, -36.88098 ], [ -71.44961, -36.88148 ], [ -71.44873, -36.88159 ], [ -71.44613, -36.88107 ], [ -71.44479, -36.8811 ], [ -71.44284, -36.88143 ], [ -71.44099, -36.88196 ], [ -71.43672, -36.88212 ], [ -71.43469, -36.88252 ], [ -71.43184, -36.88258 ], [ -71.42988, -36.88248 ], [ -71.4293, -36.88406 ], [ -71.42932, -36.88419 ], [ -71.42982, -36.88487 ], [ -71.43016, -36.8852 ] ] ] } },
{ "type": "Feature", "properties": { "objectid": 315, "peligro": "Medio", "volcan": null, "globalid_1": "4d19ad05-1ce7-4ee4-afb5-d5c861297b2c", "Shape__Area": 0.00014972317967476556, "Shape__Length": 0.070947594749077261 }, "geometry": { "type": "Polygon", "coordinates": [ [ [ -71.4304, -36.91463 ], [ -71.43186, -36.91574 ], [ -71.4334, -36.91571 ], [ -71.43566, -36.91585 ], [ -71.43846, -36.9158 ], [ -71.43901, -36.91572 ], [ -71.43965, -36.91542 ], [ -71.4399, -36.9148 ], [ -71.43949, -36.91402 ], [ -71.4386, -36.91334 ], [ -71.43712, -36.91247 ], [ -71.43646, -36.91134 ], [ -71.43606, -36.9108 ], [ -71.43507, -36.90762 ], [ -71.4349, -36.90724 ], [ -71.43395, -36.90631 ], [ -71.4331, -36.9037 ], [ -71.43282, -36.90328 ], [ -71.43251, -36.90209 ], [ -71.43217, -36.90141 ], [ -71.43212, -36.90086 ], [ -71.43156, -36.90004 ], [ -71.43151, -36.89947 ], [ -71.43091, -36.89846 ], [ -71.43061, -36.89741 ], [ -71.43039, -36.89589 ], [ -71.42964, -36.89383 ], [ -71.42947, -36.89302 ], [ -71.42881, -36.89104 ], [ -71.4283, -36.89007 ], [ -71.42749, -36.88946 ], [ -71.42584, -36.88904 ], [ -71.42525, -36.889 ], [ -71.42484, -36.88909 ], [ -71.42488, -36.89051 ], [ -71.42506, -36.89232 ], [ -71.42489, -36.89452 ], [ -71.4277, -36.90076 ], [ -71.42824, -36.90284 ], [ -71.42929, -36.90578 ], [ -71.42959, -36.90787 ], [ -71.42846, -36.90971 ], [ -71.42776, -36.91001 ], [ -71.42732, -36.91126 ], [ -71.42783, -36.91239 ], [ -71.42883, -36.91389 ], [ -71.4304, -36.91463 ] ] ] } },
{ "type": "Feature", "properties": { "objectid": 316, "peligro": "Medio", "volcan": null, "globalid_1": "cd7205b1-dd36-4de8-8c13-4d4698fce8b6", "Shape__Area": 0.00055718545036143041, "Shape__Length": 0.22531804483150511 }, "geometry": { "type": "Polygon", "coordinates": [ [ [ -71.4832, -36.90595 ], [ -71.48308, -36.90664 ], [ -71.48185, -36.90729 ], [ -71.48067, -36.9075 ], [ -71.47788, -36.90756 ], [ -71.47706, -36.90772 ], [ -71.47559, -36.90818 ], [ -71.47519, -36.90876 ], [ -71.47355, -36.90937 ], [ -71.47168, -36.91051 ], [ -71.47057, -36.91086 ], [ -71.46938, -36.91098 ], [ -71.46725, -36.91103 ], [ -71.46647, -36.91095 ], [ -71.4638, -36.91096 ], [ -71.46243, -36.9107 ], [ -71.45707, -36.91038 ], [ -71.45108, -36.91055 ], [ -71.44858, -36.91032 ], [ -71.44727, -36.90999 ], [ -71.44533, -36.90974 ], [ -71.4445, -36.90922 ], [ -71.44366, -36.90846 ], [ -71.44244, -36.90759 ], [ -71.44195, -36.90593 ], [ -71.44117, -36.90481 ], [ -71.43949, -36.90342 ], [ -71.43893, -36.90218 ], [ -71.43803, -36.89939 ], [ -71.43775, -36.89767 ], [ -71.43769, -36.89594 ], [ -71.43742, -36.89422 ], [ -71.43686, -36.89316 ], [ -71.43554, -36.8914 ], [ -71.43485, -36.89018 ], [ -71.43479, -36.89099 ], [ -71.43492, -36.89192 ], [ -71.43491, -36.89325 ], [ -71.43478, -36.89371 ], [ -71.43424, -36.89455 ], [ -71.43378, -36.89499 ], [ -71.43372, -36.89526 ], [ -71.43351, -36.89559 ], [ -71.43355, -36.89599 ], [ -71.43342, -36.89656 ], [ -71.43301, -36.89762 ], [ -71.43313, -36.89818 ], [ -71.4341, -36.89995 ], [ -71.43451, -36.90123 ], [ -71.43472, -36.90147 ], [ -71.4354, -36.90278 ], [ -71.4357, -36.90392 ], [ -71.436, -36.90448 ], [ -71.43613, -36.90504 ], [ -71.4371, -36.90764 ], [ -71.43773, -36.90888 ], [ -71.43791, -36.90971 ], [ -71.43792, -36.91019 ], [ -71.43801, -36.91037 ], [ -71.43854, -36.91093 ], [ -71.43916, -36.91126 ], [ -71.43963, -36.91174 ], [ -71.43982, -36.91212 ], [ -71.44002, -36.91233 ], [ -71.44033, -36.91255 ], [ -71.44211, -36.91336 ], [ -71.4428, -36.91402 ], [ -71.44329, -36.91515 ], [ -71.44585, -36.91556 ], [ -71.44882, -36.91568 ], [ -71.45148, -36.91533 ], [ -71.45347, -36.91493 ], [ -71.45865, -36.91446 ], [ -71.46268, -36.91491 ], [ -71.46558, -36.91509 ], [ -71.47322, -36.91481 ], [ -71.47514, -36.9146 ], [ -71.47698, -36.9142 ], [ -71.4783, -36.91375 ], [ -71.47978, -36.91355 ], [ -71.48126, -36.91322 ], [ -71.4831, -36.91294 ], [ -71.48451, -36.91294 ], [ -71.48545, -36.91318 ], [ -71.48677, -36.91299 ], [ -71.49001, -36.91331 ], [ -71.49233, -36.91327 ], [ -71.49558, -36.91483 ], [ -71.50473, -36.91506 ], [ -71.50826, -36.91535 ], [ -71.51156, -36.9159 ], [ -71.51406, -36.91585 ], [ -71.51571, -36.91474 ], [ -71.52084, -36.9137 ], [ -71.52325, -36.91365 ], [ -71.52438, -36.91277 ], [ -71.52583, -36.91095 ], [ -71.52641, -36.90958 ], [ -71.52653, -36.90879 ], [ -71.52612, -36.9084 ], [ -71.52524, -36.90842 ], [ -71.52302, -36.90902 ], [ -71.52087, -36.90924 ], [ -71.51854, -36.90921 ], [ -71.5157, -36.90888 ], [ -71.51426, -36.90855 ], [ -71.51282, -36.90801 ], [ -71.51004, -36.90735 ], [ -71.50706, -36.90627 ], [ -71.50519, -36.90617 ], [ -71.50252, -36.90651 ], [ -71.50041, -36.90712 ], [ -71.49801, -36.90739 ], [ -71.49564, -36.90844 ], [ -71.49414, -36.90876 ], [ -71.4913, -36.90918 ], [ -71.48853, -36.90909 ], [ -71.48718, -36.90848 ], [ -71.48458, -36.90803 ], [ -71.48316, -36.90684 ], [ -71.4832, -36.90595 ] ] ] } },
{ "type": "Feature", "properties": { "objectid": 317, "peligro": "Alto", "volcan": null, "globalid_1": "f6b56856-6819-498f-a201-078b5201a35d", "Shape__Area": 0.020544246133567867, "Shape__Length": 5.1271412925248105 }, "geometry": { "type": "Polygon", "coordinates": [ [ [ -71.48983, -36.60254 ], [ -71.48717, -36.6026 ], [ -71.48667, -36.60273 ], [ -71.48399, -36.60381 ], [ -71.4829, -36.60437 ], [ -71.47939, -36.6068 ], [ -71.47852, -36.60802 ], [ -71.47838, -36.60879 ], [ -71.47813, -36.6093 ], [ -71.47771, -36.60984 ], [ -71.47731, -36.61003 ], [ -71.47652, -36.61023 ], [ -71.47554, -36.61017 ], [ -71.4751, -36.61004 ], [ -71.47468, -36.60962 ], [ -71.47346, -36.60802 ], [ -71.47279, -36.60731 ], [ -71.47243, -36.6073 ], [ -71.47198, -36.60712 ], [ -71.47033, -36.60708 ], [ -71.46833, -36.60741 ], [ -71.46768, -36.60764 ], [ -71.46634, -36.60833 ], [ -71.46583, -36.60889 ], [ -71.46508, -36.60943 ], [ -71.46469, -36.60994 ], [ -71.46436, -36.6108 ], [ -71.46424, -36.61158 ], [ -71.4618, -36.61284 ], [ -71.4604, -36.6131 ], [ -71.45953, -36.61285 ], [ -71.45922, -36.61294 ], [ -71.45739, -36.61274 ], [ -71.45597, -36.61282 ], [ -71.45516, -36.61253 ], [ -71.45466, -36.61249 ], [ -71.45416, -36.61257 ], [ -71.45334, -36.61295 ], [ -71.4529, -36.613 ], [ -71.45272, -36.61312 ], [ -71.45222, -36.61413 ], [ -71.45118, -36.61508 ], [ -71.45086, -36.61609 ], [ -71.44968, -36.61819 ], [ -71.44912, -36.62002 ], [ -71.44858, -36.62063 ], [ -71.44816, -36.62128 ], [ -71.44758, -36.6217 ], [ -71.44721, -36.62299 ], [ -71.44704, -36.62311 ], [ -71.44618, -36.62313 ], [ -71.44537, -36.62272 ], [ -71.44431, -36.62126 ], [ -71.44397, -36.62056 ], [ -71.4437, -36.62031 ], [ -71.44329, -36.61958 ], [ -71.44319, -36.61921 ], [ -71.44254, -36.61858 ], [ -71.44165, -36.61824 ], [ -71.44093, -36.61815 ], [ -71.43886, -36.61834 ], [ -71.43745, -36.61865 ], [ -71.43661, -36.61996 ], [ -71.43688, -36.62288 ], [ -71.43726, -36.62366 ], [ -71.43757, -36.62523 ], [ -71.43823, -36.6265 ], [ -71.43756, -36.62773 ], [ -71.43547, -36.62899 ], [ -71.43381, -36.62989 ], [ -71.43215, -36.63049 ], [ -71.43075, -36.63138 ], [ -71.42671, -36.6321 ], [ -71.42603, -36.63243 ], [ -71.42535, -36.63333 ], [ -71.42488, -36.63436 ], [ -71.42434, -36.63507 ], [ -71.42378, -36.63534 ], [ -71.42257, -36.63543 ], [ -71.41911, -36.6367 ], [ -71.41557, -36.63677 ], [ -71.41169, -36.63763 ], [ -71.40931, -36.6384 ], [ -71.40728, -36.63858 ], [ -71.40517, -36.63934 ], [ -71.40423, -36.64043 ], [ -71.40143, -36.6417 ], [ -71.40023, -36.64309 ], [ -71.39883, -36.6439 ], [ -71.39765, -36.64579 ], [ -71.3966, -36.6491 ], [ -71.39513, -36.65063 ], [ -71.39267, -36.65139 ], [ -71.39153, -36.65188 ], [ -71.39094, -36.65155 ], [ -71.39078, -36.65122 ], [ -71.39067, -36.65044 ], [ -71.39051, -36.65003 ], [ -71.38991, -36.64997 ], [ -71.38882, -36.65021 ], [ -71.3883, -36.65041 ], [ -71.38764, -36.65124 ], [ -71.38623, -36.65264 ], [ -71.38543, -36.65308 ], [ -71.38472, -36.65398 ], [ -71.38392, -36.65448 ], [ -71.38312, -36.65491 ], [ -71.38216, -36.65517 ], [ -71.38039, -36.65532 ], [ -71.37846, -36.65491 ], [ -71.37675, -36.65464 ], [ -71.37497, -36.65462 ], [ -71.37258, -36.65383 ], [ -71.37043, -36.65369 ], [ -71.36448, -36.65489 ], [ -71.36247, -36.65475 ], [ -71.36098, -36.65418 ], [ -71.35807, -36.65352 ], [ -71.3557, -36.65278 ], [ -71.35496, -36.65307 ], [ -71.35411, -36.65326 ], [ -71.3524, -36.65312 ], [ -71.3507, -36.65315 ], [ -71.349, -36.65341 ], [ -71.34786, -36.65342 ], [ -71.34595, -36.65363 ], [ -71.3447, -36.65396 ], [ -71.34228, -36.65484 ], [ -71.34178, -36.65533 ], [ -71.34068, -36.65571 ], [ -71.33974, -36.65632 ], [ -71.33881, -36.65753 ], [ -71.33715, -36.65876 ], [ -71.33521, -36.66088 ], [ -71.33465, -36.66167 ], [ -71.33305, -36.66265 ], [ -71.3315, -36.66292 ], [ -71.33025, -36.663 ], [ -71.32816, -36.66263 ], [ -71.32697, -36.66229 ], [ -71.32593, -36.66225 ], [ -71.32262, -36.66292 ], [ -71.31937, -36.66298 ], [ -71.3179, -36.66354 ], [ -71.31557, -36.66466 ], [ -71.31448, -36.66546 ], [ -71.31287, -36.66579 ], [ -71.31045, -36.66667 ], [ -71.30965, -36.66704 ], [ -71.30498, -36.6694 ], [ -71.30419, -36.67013 ], [ -71.30287, -36.67051 ], [ -71.29657, -36.67278 ], [ -71.29532, -36.6731 ], [ -71.29481, -36.67335 ], [ -71.29252, -36.67357 ], [ -71.29151, -36.67425 ], [ -71.29139, -36.67515 ], [ -71.28963, -36.67572 ], [ -71.28906, -36.67644 ], [ -71.28888, -36.67782 ], [ -71.28832, -36.67908 ], [ -71.28781, -36.67927 ], [ -71.28663, -36.67935 ], [ -71.28671, -36.67977 ], [ -71.28552, -36.68205 ], [ -71.28443, -36.68261 ], [ -71.28289, -36.683 ], [ -71.28217, -36.68397 ], [ -71.28176, -36.68505 ], [ -71.28098, -36.6862 ], [ -71.28057, -36.68728 ], [ -71.28083, -36.68852 ], [ -71.27935, -36.69106 ], [ -71.27829, -36.69519 ], [ -71.27818, -36.69674 ], [ -71.27882, -36.69816 ], [ -71.2798, -36.69886 ], [ -71.28071, -36.69938 ], [ -71.28192, -36.70049 ], [ -71.28188, -36.70156 ], [ -71.28146, -36.70252 ], [ -71.28096, -36.70313 ], [ -71.28122, -36.7042 ], [ -71.28127, -36.70604 ], [ -71.28043, -36.70749 ], [ -71.2795, -36.7087 ], [ -71.27846, -36.71093 ], [ -71.27624, -36.71109 ], [ -71.27478, -36.71177 ], [ -71.27355, -36.71299 ], [ -71.27292, -36.71419 ], [ -71.27098, -36.71602 ], [ -71.26985, -36.71795 ], [ -71.26708, -36.72193 ], [ -71.26644, -36.72272 ], [ -71.26551, -36.72411 ], [ -71.26373, -36.72635 ], [ -71.26331, -36.72731 ], [ -71.2628, -36.73012 ], [ -71.26124, -36.73248 ], [ -71.26099, -36.73397 ], [ -71.26109, -36.73492 ], [ -71.26149, -36.73581 ], [ -71.26152, -36.737 ], [ -71.26046, -36.73869 ], [ -71.25916, -36.73979 ], [ -71.25808, -36.74088 ], [ -71.25752, -36.74197 ], [ -71.25756, -36.74328 ], [ -71.25803, -36.7441 ], [ -71.25769, -36.74524 ], [ -71.25757, -36.74632 ], [ -71.25731, -36.74752 ], [ -71.25726, -36.74841 ], [ -71.25736, -36.74924 ], [ -71.25918, -36.75052 ], [ -71.26216, -36.75112 ], [ -71.26329, -36.75163 ], [ -71.26346, -36.75258 ], [ -71.26276, -36.75391 ], [ -71.26235, -36.75505 ], [ -71.2625, -36.75767 ], [ -71.26279, -36.75981 ], [ -71.26313, -36.7613 ], [ -71.26435, -36.76252 ], [ -71.26469, -36.76395 ], [ -71.26442, -36.76509 ], [ -71.26229, -36.76566 ], [ -71.25966, -36.76685 ], [ -71.25725, -36.7682 ], [ -71.25578, -36.76865 ], [ -71.25484, -36.76932 ], [ -71.25473, -36.77052 ], [ -71.25363, -36.77119 ], [ -71.25322, -36.77204 ], [ -71.25236, -36.77336 ], [ -71.25287, -36.77538 ], [ -71.25229, -36.77837 ], [ -71.25262, -36.77956 ], [ -71.2531, -36.78086 ], [ -71.25299, -36.78223 ], [ -71.25304, -36.78372 ], [ -71.25337, -36.78474 ], [ -71.2533, -36.78617 ], [ -71.2528, -36.78756 ], [ -71.25188, -36.78911 ], [ -71.24956, -36.79034 ], [ -71.24927, -36.79121 ], [ -71.24908, -36.79222 ], [ -71.24911, -36.79324 ], [ -71.24927, -36.79377 ], [ -71.24948, -36.79585 ], [ -71.2499, -36.79739 ], [ -71.24989, -36.7996 ], [ -71.25003, -36.80174 ], [ -71.25029, -36.80329 ], [ -71.25128, -36.80655 ], [ -71.25155, -36.80809 ], [ -71.25195, -36.80934 ], [ -71.25333, -36.81149 ], [ -71.25389, -36.81268 ], [ -71.25391, -36.81511 ], [ -71.25381, -36.81587 ], [ -71.25406, -36.81825 ], [ -71.25443, -36.81872 ], [ -71.25497, -36.8189 ], [ -71.2558, -36.81894 ], [ -71.25687, -36.81911 ], [ -71.25781, -36.82066 ], [ -71.25795, -36.82137 ], [ -71.2585, -36.82208 ], [ -71.26041, -36.82242 ], [ -71.26221, -36.82315 ], [ -71.26295, -36.82419 ], [ -71.2644, -36.82488 ], [ -71.26476, -36.82516 ], [ -71.26562, -36.82614 ], [ -71.26749, -36.82711 ], [ -71.26858, -36.8278 ], [ -71.27102, -36.82833 ], [ -71.27531, -36.82887 ], [ -71.27693, -36.82945 ], [ -71.27755, -36.83021 ], [ -71.2799, -36.83182 ], [ -71.28059, -36.8324 ], [ -71.28127, -36.8328 ], [ -71.28165, -36.83315 ], [ -71.28235, -36.83415 ], [ -71.28273, -36.8345 ], [ -71.28326, -36.83479 ], [ -71.28364, -36.83538 ], [ -71.28525, -36.8369 ], [ -71.28589, -36.83844 ], [ -71.2862, -36.83891 ], [ -71.28811, -36.84096 ], [ -71.28857, -36.84131 ], [ -71.28932, -36.84171 ], [ -71.2903, -36.84205 ], [ -71.29127, -36.84251 ], [ -71.29232, -36.84267 ], [ -71.29278, -36.84343 ], [ -71.29377, -36.84425 ], [ -71.29431, -36.84483 ], [ -71.29495, -36.84649 ], [ -71.29565, -36.84786 ], [ -71.29686, -36.84962 ], [ -71.29732, -36.85004 ], [ -71.29805, -36.85027 ], [ -71.2991, -36.85088 ], [ -71.29936, -36.85124 ], [ -71.29975, -36.85228 ], [ -71.30052, -36.85345 ], [ -71.30168, -36.85498 ], [ -71.30291, -36.85627 ], [ -71.30538, -36.85705 ], [ -71.30727, -36.85827 ], [ -71.30821, -36.85974 ], [ -71.30869, -36.8611 ], [ -71.3089, -36.86319 ], [ -71.30955, -36.86484 ], [ -71.30969, -36.8671 ], [ -71.31017, -36.86797 ], [ -71.31063, -36.8683 ], [ -71.31091, -36.86874 ], [ -71.31161, -36.86944 ], [ -71.31327, -36.87018 ], [ -71.31432, -36.87026 ], [ -71.31772, -36.87076 ], [ -71.31951, -36.8713 ], [ -71.32069, -36.87199 ], [ -71.32186, -36.8724 ], [ -71.32346, -36.87222 ], [ -71.32427, -36.87257 ], [ -71.32521, -36.87412 ], [ -71.32608, -36.87632 ], [ -71.32702, -36.87816 ], [ -71.32859, -36.88006 ], [ -71.33107, -36.8823 ], [ -71.33251, -36.88294 ], [ -71.33573, -36.88335 ], [ -71.33812, -36.88397 ], [ -71.33946, -36.88499 ], [ -71.34034, -36.8865 ], [ -71.34145, -36.88782 ], [ -71.3423, -36.88842 ], [ -71.34394, -36.88917 ], [ -71.34731, -36.89023 ], [ -71.34936, -36.89037 ], [ -71.3504, -36.89035 ], [ -71.35163, -36.89051 ], [ -71.35258, -36.89117 ], [ -71.353, -36.89173 ], [ -71.3536, -36.89315 ], [ -71.35414, -36.89487 ], [ -71.3548, -36.89596 ], [ -71.35483, -36.897 ], [ -71.35466, -36.89754 ], [ -71.35324, -36.89837 ], [ -71.35222, -36.89884 ], [ -71.35092, -36.9 ], [ -71.35015, -36.9004 ], [ -71.35035, -36.90219 ], [ -71.35161, -36.90406 ], [ -71.35217, -36.90439 ], [ -71.35339, -36.90551 ], [ -71.35471, -36.90606 ], [ -71.35556, -36.90661 ], [ -71.35655, -36.90783 ], [ -71.35789, -36.90905 ], [ -71.36006, -36.90986 ], [ -71.36271, -36.91115 ], [ -71.36415, -36.91169 ], [ -71.36641, -36.91164 ], [ -71.36758, -36.91114 ], [ -71.36923, -36.91083 ], [ -71.37099, -36.91012 ], [ -71.37277, -36.9099 ], [ -71.37458, -36.91018 ], [ -71.37513, -36.91037 ], [ -71.3776, -36.91151 ], [ -71.38005, -36.91218 ], [ -71.38087, -36.91207 ], [ -71.38248, -36.91203 ], [ -71.38333, -36.91244 ], [ -71.3837, -36.91296 ], [ -71.38354, -36.91358 ], [ -71.3835, -36.91421 ], [ -71.38323, -36.91502 ], [ -71.38266, -36.91594 ], [ -71.38245, -36.91656 ], [ -71.38242, -36.91676 ], [ -71.38257, -36.91725 ], [ -71.38351, -36.91878 ], [ -71.38385, -36.91911 ], [ -71.38445, -36.91945 ], [ -71.38534, -36.92024 ], [ -71.38697, -36.92107 ], [ -71.38808, -36.92152 ], [ -71.38878, -36.92204 ], [ -71.38933, -36.92262 ], [ -71.39039, -36.92324 ], [ -71.39195, -36.92459 ], [ -71.39303, -36.92584 ], [ -71.39312, -36.92688 ], [ -71.39337, -36.92821 ], [ -71.3937, -36.92919 ], [ -71.39379, -36.93042 ], [ -71.39415, -36.93132 ], [ -71.39571, -36.93367 ], [ -71.399, -36.93545 ], [ -71.40035, -36.936 ], [ -71.40215, -36.93639 ], [ -71.40516, -36.93645 ], [ -71.4067, -36.93558 ], [ -71.40806, -36.93651 ], [ -71.41122, -36.93775 ], [ -71.41249, -36.93815 ], [ -71.4131, -36.93849 ], [ -71.41626, -36.9398 ], [ -71.41776, -36.94019 ], [ -71.41859, -36.94076 ], [ -71.42017, -36.94127 ], [ -71.42348, -36.94263 ], [ -71.42394, -36.94304 ], [ -71.42389, -36.94388 ], [ -71.42363, -36.94495 ], [ -71.42284, -36.9463 ], [ -71.42295, -36.9475 ], [ -71.42403, -36.95023 ], [ -71.42666, -36.95223 ], [ -71.42782, -36.95284 ], [ -71.42985, -36.95377 ], [ -71.43243, -36.95429 ], [ -71.43381, -36.955 ], [ -71.43763, -36.95619 ], [ -71.44006, -36.95648 ], [ -71.44265, -36.957 ], [ -71.44444, -36.95719 ], [ -71.44686, -36.95714 ], [ -71.44865, -36.95756 ], [ -71.45129, -36.95756 ], [ -71.45289, -36.95839 ], [ -71.45447, -36.9587 ], [ -71.46246, -36.95834 ], [ -71.4635, -36.95862 ], [ -71.46721, -36.95848 ], [ -71.46856, -36.95863 ], [ -71.46946, -36.95897 ], [ -71.47052, -36.95961 ], [ -71.47194, -36.95993 ], [ -71.47337, -36.96044 ], [ -71.4742, -36.9609 ], [ -71.47645, -36.96157 ], [ -71.47963, -36.96347 ], [ -71.48086, -36.96481 ], [ -71.48186, -36.96569 ], [ -71.48307, -36.9665 ], [ -71.48385, -36.96743 ], [ -71.48584, -36.9693 ], [ -71.4875, -36.9701 ], [ -71.48849, -36.97091 ], [ -71.4897, -36.9716 ], [ -71.4904, -36.97191 ], [ -71.49162, -36.97389 ], [ -71.49317, -36.97558 ], [ -71.49462, -36.97629 ], [ -71.49663, -36.97676 ], [ -71.49944, -36.97762 ], [ -71.50066, -36.97788 ], [ -71.50217, -36.97808 ], [ -71.50638, -36.97827 ], [ -71.50837, -36.97806 ], [ -71.51055, -36.97762 ], [ -71.51147, -36.97706 ], [ -71.51248, -36.97611 ], [ -71.51324, -36.97572 ], [ -71.51441, -36.97526 ], [ -71.51652, -36.97412 ], [ -71.51742, -36.9735 ], [ -71.51903, -36.97273 ], [ -71.52013, -36.97194 ], [ -71.52083, -36.97155 ], [ -71.52225, -36.97035 ], [ -71.5241, -36.96905 ], [ -71.52553, -36.96823 ], [ -71.52608, -36.96781 ], [ -71.527, -36.96689 ], [ -71.5274, -36.96635 ], [ -71.52833, -36.96555 ], [ -71.52852, -36.96514 ], [ -71.52957, -36.96442 ], [ -71.53074, -36.96399 ], [ -71.53234, -36.96372 ], [ -71.53366, -36.96338 ], [ -71.53535, -36.96239 ], [ -71.53653, -36.96211 ], [ -71.53744, -36.96163 ], [ -71.53937, -36.96085 ], [ -71.54092, -36.9608 ], [ -71.5412, -36.96036 ], [ -71.54247, -36.95926 ], [ -71.54399, -36.95863 ], [ -71.54517, -36.9583 ], [ -71.54593, -36.95773 ], [ -71.54657, -36.95708 ], [ -71.54832, -36.95615 ], [ -71.54928, -36.95549 ], [ -71.54979, -36.95462 ], [ -71.55094, -36.95173 ], [ -71.55142, -36.95008 ], [ -71.55237, -36.94906 ], [ -71.55375, -36.94788 ], [ -71.55391, -36.94716 ], [ -71.55321, -36.9451 ], [ -71.55342, -36.94045 ], [ -71.55454, -36.93935 ], [ -71.55487, -36.93863 ], [ -71.55538, -36.9379 ], [ -71.55551, -36.93654 ], [ -71.55575, -36.93561 ], [ -71.55671, -36.93494 ], [ -71.5598, -36.93402 ], [ -71.56067, -36.93357 ], [ -71.56182, -36.9334 ], [ -71.56369, -36.93336 ], [ -71.56563, -36.93253 ], [ -71.56649, -36.93173 ], [ -71.57012, -36.93115 ], [ -71.57249, -36.92988 ], [ -71.57359, -36.92835 ], [ -71.5757, -36.9269 ], [ -71.57663, -36.92645 ], [ -71.57726, -36.92572 ], [ -71.57898, -36.9243 ], [ -71.57984, -36.92335 ], [ -71.58246, -36.92179 ], [ -71.58316, -36.92128 ], [ -71.58412, -36.92076 ], [ -71.58489, -36.91995 ], [ -71.58613, -36.91971 ], [ -71.58807, -36.91903 ], [ -71.58882, -36.91751 ], [ -71.58972, -36.91527 ], [ -71.59024, -36.91483 ], [ -71.59209, -36.914 ], [ -71.59462, -36.91266 ], [ -71.59761, -36.91138 ], [ -71.59813, -36.91101 ], [ -71.59936, -36.91034 ], [ -71.60114, -36.90994 ], [ -71.60236, -36.9092 ], [ -71.60347, -36.90879 ], [ -71.6056, -36.90665 ], [ -71.60594, -36.90617 ], [ -71.60592, -36.90574 ], [ -71.60607, -36.90468 ], [ -71.60628, -36.90401 ], [ -71.60709, -36.90347 ], [ -71.60933, -36.90294 ], [ -71.61091, -36.90219 ], [ -71.61342, -36.9008 ], [ -71.61687, -36.89944 ], [ -71.61781, -36.89913 ], [ -71.6187, -36.89897 ], [ -71.62022, -36.89832 ], [ -71.62098, -36.89797 ], [ -71.62289, -36.89659 ], [ -71.62357, -36.89571 ], [ -71.62444, -36.89489 ], [ -71.62516, -36.89382 ], [ -71.62541, -36.89331 ], [ -71.62778, -36.89247 ], [ -71.6283, -36.89189 ], [ -71.62897, -36.89073 ], [ -71.62992, -36.88985 ], [ -71.63061, -36.88845 ], [ -71.63114, -36.88659 ], [ -71.63179, -36.88598 ], [ -71.63324, -36.88506 ], [ -71.63449, -36.88473 ], [ -71.63789, -36.8843 ], [ -71.63833, -36.88416 ], [ -71.63904, -36.88335 ], [ -71.64009, -36.8827 ], [ -71.64154, -36.88138 ], [ -71.64194, -36.88062 ], [ -71.64303, -36.87934 ], [ -71.64503, -36.87735 ], [ -71.64653, -36.87603 ], [ -71.64789, -36.87462 ], [ -71.64898, -36.87389 ], [ -71.64943, -36.87399 ], [ -71.65017, -36.87404 ], [ -71.65235, -36.87464 ], [ -71.65301, -36.87463 ], [ -71.65367, -36.87438 ], [ -71.65418, -36.87401 ], [ -71.65491, -36.87369 ], [ -71.65512, -36.87268 ], [ -71.65593, -36.87173 ], [ -71.65575, -36.8709 ], [ -71.65477, -36.87051 ], [ -71.65194, -36.8701 ], [ -71.65111, -36.86952 ], [ -71.65062, -36.86846 ], [ -71.65112, -36.86785 ], [ -71.6519, -36.86664 ], [ -71.65305, -36.8656 ], [ -71.65425, -36.8641 ], [ -71.65407, -36.86296 ], [ -71.65368, -36.862 ], [ -71.65266, -36.86128 ], [ -71.65111, -36.85988 ], [ -71.65066, -36.85915 ], [ -71.65015, -36.85876 ], [ -71.64942, -36.85837 ], [ -71.64697, -36.85757 ], [ -71.64518, -36.85732 ], [ -71.6436, -36.85679 ], [ -71.64217, -36.85653 ], [ -71.64108, -36.8561 ], [ -71.64065, -36.85605 ], [ -71.63805, -36.85691 ], [ -71.63715, -36.85756 ], [ -71.63666, -36.85808 ], [ -71.63597, -36.85856 ], [ -71.63485, -36.8591 ], [ -71.63416, -36.8598 ], [ -71.63255, -36.86069 ], [ -71.63179, -36.8614 ], [ -71.63067, -36.86194 ], [ -71.62956, -36.86259 ], [ -71.62907, -36.863 ], [ -71.62733, -36.86401 ], [ -71.62684, -36.86443 ], [ -71.62466, -36.86528 ], [ -71.62391, -36.86621 ], [ -71.62215, -36.86682 ], [ -71.62109, -36.86701 ], [ -71.6199, -36.86755 ], [ -71.61483, -36.86921 ], [ -71.61334, -36.86959 ], [ -71.61234, -36.86938 ], [ -71.61078, -36.86953 ], [ -71.60717, -36.87024 ], [ -71.6061, -36.8702 ], [ -71.60516, -36.86971 ], [ -71.6038, -36.86957 ], [ -71.59943, -36.86881 ], [ -71.59473, -36.86902 ], [ -71.5904, -36.86935 ], [ -71.5875, -36.86987 ], [ -71.5847, -36.87142 ], [ -71.58351, -36.87196 ], [ -71.58062, -36.87305 ], [ -71.58, -36.87341 ], [ -71.57819, -36.87482 ], [ -71.57735, -36.87524 ], [ -71.57623, -36.87595 ], [ -71.57567, -36.87619 ], [ -71.5752, -36.87683 ], [ -71.57437, -36.87771 ], [ -71.57346, -36.8783 ], [ -71.57234, -36.87884 ], [ -71.57108, -36.87932 ], [ -71.56948, -36.88124 ], [ -71.56927, -36.8819 ], [ -71.56834, -36.88282 ], [ -71.56702, -36.88338 ], [ -71.56669, -36.88434 ], [ -71.56597, -36.88508 ], [ -71.56449, -36.88523 ], [ -71.56368, -36.88554 ], [ -71.56297, -36.88627 ], [ -71.55769, -36.88835 ], [ -71.55644, -36.88862 ], [ -71.5549, -36.88913 ], [ -71.55367, -36.89017 ], [ -71.54944, -36.89184 ], [ -71.54748, -36.8917 ], [ -71.54529, -36.89143 ], [ -71.54366, -36.89211 ], [ -71.54246, -36.89339 ], [ -71.54093, -36.89428 ], [ -71.54036, -36.89447 ], [ -71.53947, -36.89456 ], [ -71.53804, -36.89452 ], [ -71.5368, -36.89465 ], [ -71.53552, -36.89489 ], [ -71.53469, -36.89538 ], [ -71.53348, -36.89647 ], [ -71.53279, -36.89728 ], [ -71.53214, -36.89786 ], [ -71.53164, -36.89873 ], [ -71.53112, -36.89931 ], [ -71.52884, -36.90065 ], [ -71.52739, -36.90114 ], [ -71.52595, -36.90103 ], [ -71.52487, -36.90075 ], [ -71.52278, -36.90045 ], [ -71.52144, -36.90048 ], [ -71.52058, -36.90014 ], [ -71.51969, -36.90013 ], [ -71.51911, -36.89996 ], [ -71.51817, -36.89984 ], [ -71.5174, -36.89953 ], [ -71.51668, -36.8994 ], [ -71.51623, -36.89913 ], [ -71.5148, -36.89912 ], [ -71.51364, -36.89897 ], [ -71.51248, -36.89892 ], [ -71.51158, -36.89869 ], [ -71.51011, -36.89858 ], [ -71.50903, -36.89828 ], [ -71.50809, -36.89819 ], [ -71.50649, -36.89822 ], [ -71.50451, -36.89762 ], [ -71.50238, -36.89763 ], [ -71.50094, -36.89741 ], [ -71.49965, -36.89744 ], [ -71.49867, -36.89724 ], [ -71.49786, -36.89698 ], [ -71.49701, -36.89707 ], [ -71.49603, -36.89705 ], [ -71.49531, -36.89681 ], [ -71.49419, -36.89659 ], [ -71.49272, -36.89637 ], [ -71.49038, -36.89585 ], [ -71.48918, -36.89569 ], [ -71.48846, -36.89546 ], [ -71.48698, -36.89531 ], [ -71.48564, -36.89505 ], [ -71.48371, -36.89455 ], [ -71.48307, -36.89403 ], [ -71.4819, -36.89241 ], [ -71.48147, -36.89167 ], [ -71.48132, -36.89117 ], [ -71.48049, -36.89022 ], [ -71.47968, -36.88859 ], [ -71.47958, -36.88813 ], [ -71.47912, -36.88757 ], [ -71.47861, -36.88708 ], [ -71.47802, -36.8867 ], [ -71.4775, -36.88589 ], [ -71.47591, -36.88495 ], [ -71.47559, -36.88453 ], [ -71.47459, -36.8838 ], [ -71.47416, -36.88309 ], [ -71.47366, -36.88257 ], [ -71.47346, -36.88207 ], [ -71.47245, -36.88098 ], [ -71.47241, -36.87995 ], [ -71.47217, -36.8792 ], [ -71.47201, -36.87753 ], [ -71.47047, -36.87532 ], [ -71.46945, -36.87515 ], [ -71.46754, -36.87529 ], [ -71.46601, -36.87503 ], [ -71.46396, -36.87451 ], [ -71.46247, -36.87389 ], [ -71.46128, -36.87285 ], [ -71.45966, -36.87088 ], [ -71.45886, -36.86975 ], [ -71.458, -36.86923 ], [ -71.45746, -36.86903 ], [ -71.4571, -36.86893 ], [ -71.45616, -36.86891 ], [ -71.45513, -36.86861 ], [ -71.45361, -36.86662 ], [ -71.4534, -36.86594 ], [ -71.4528, -36.86556 ], [ -71.453, -36.86493 ], [ -71.45407, -36.86467 ], [ -71.45447, -36.86445 ], [ -71.45513, -36.86432 ], [ -71.45787, -36.86405 ], [ -71.46018, -36.86393 ], [ -71.46303, -36.86395 ], [ -71.465, -36.86412 ], [ -71.46714, -36.86415 ], [ -71.47077, -36.86371 ], [ -71.47699, -36.8633 ], [ -71.47922, -36.86324 ], [ -71.4837, -36.8637 ], [ -71.48472, -36.86368 ], [ -71.48552, -36.86352 ], [ -71.48667, -36.86342 ], [ -71.48729, -36.86316 ], [ -71.48884, -36.86284 ], [ -71.48941, -36.86265 ], [ -71.49022, -36.86224 ], [ -71.49189, -36.86163 ], [ -71.49339, -36.86124 ], [ -71.49612, -36.86087 ], [ -71.49923, -36.85975 ], [ -71.49991, -36.85942 ], [ -71.50176, -36.85804 ], [ -71.50644, -36.85477 ], [ -71.50803, -36.85337 ], [ -71.50933, -36.85239 ], [ -71.50998, -36.8516 ], [ -71.51185, -36.8502 ], [ -71.51401, -36.84901 ], [ -71.51568, -36.84881 ], [ -71.5165, -36.84885 ], [ -71.52102, -36.84864 ], [ -71.52295, -36.84877 ], [ -71.52511, -36.84909 ], [ -71.52607, -36.84906 ], [ -71.52734, -36.84916 ], [ -71.52824, -36.84938 ], [ -71.53002, -36.84958 ], [ -71.53291, -36.84952 ], [ -71.53379, -36.84902 ], [ -71.53505, -36.84893 ], [ -71.53623, -36.84903 ], [ -71.53864, -36.84987 ], [ -71.5399, -36.84984 ], [ -71.54228, -36.85009 ], [ -71.54363, -36.8506 ], [ -71.54549, -36.8508 ], [ -71.54727, -36.8507 ], [ -71.54933, -36.85018 ], [ -71.55208, -36.85036 ], [ -71.55485, -36.85089 ], [ -71.56406, -36.85147 ], [ -71.56827, -36.85124 ], [ -71.56945, -36.85107 ], [ -71.57313, -36.84951 ], [ -71.57406, -36.84878 ], [ -71.57559, -36.84832 ], [ -71.57724, -36.84765 ], [ -71.57986, -36.84562 ], [ -71.58036, -36.84476 ], [ -71.5811, -36.84288 ], [ -71.58157, -36.84223 ], [ -71.58287, -36.84116 ], [ -71.58386, -36.84017 ], [ -71.58674, -36.83861 ], [ -71.58972, -36.83686 ], [ -71.59112, -36.83648 ], [ -71.59357, -36.83654 ], [ -71.59548, -36.83626 ], [ -71.5968, -36.83576 ], [ -71.60165, -36.83434 ], [ -71.61087, -36.83086 ], [ -71.61469, -36.82976 ], [ -71.61599, -36.82866 ], [ -71.61701, -36.82798 ], [ -71.61898, -36.82507 ], [ -71.61989, -36.82339 ], [ -71.62096, -36.82229 ], [ -71.62138, -36.82133 ], [ -71.622, -36.82018 ], [ -71.62271, -36.81921 ], [ -71.62304, -36.81807 ], [ -71.62315, -36.81688 ], [ -71.62394, -36.81608 ], [ -71.62563, -36.81563 ], [ -71.62658, -36.81525 ], [ -71.62776, -36.81516 ], [ -71.62894, -36.8149 ], [ -71.6301, -36.81416 ], [ -71.63057, -36.81272 ], [ -71.63157, -36.81162 ], [ -71.63185, -36.81108 ], [ -71.63254, -36.81046 ], [ -71.63324, -36.81005 ], [ -71.63426, -36.80988 ], [ -71.63654, -36.80904 ], [ -71.6375, -36.80831 ], [ -71.6385, -36.80782 ], [ -71.63902, -36.80738 ], [ -71.64104, -36.80665 ], [ -71.64152, -36.80625 ], [ -71.64322, -36.80539 ], [ -71.64526, -36.80493 ], [ -71.64683, -36.80424 ], [ -71.64723, -36.80393 ], [ -71.64769, -36.80332 ], [ -71.64852, -36.80265 ], [ -71.64932, -36.80233 ], [ -71.65065, -36.80212 ], [ -71.65193, -36.80168 ], [ -71.65414, -36.80115 ], [ -71.65844, -36.80124 ], [ -71.66034, -36.80042 ], [ -71.66306, -36.79985 ], [ -71.66447, -36.79982 ], [ -71.66618, -36.80017 ], [ -71.66791, -36.79962 ], [ -71.6706, -36.79813 ], [ -71.67335, -36.79741 ], [ -71.67401, -36.79701 ], [ -71.67625, -36.7966 ], [ -71.67773, -36.79654 ], [ -71.68275, -36.79748 ], [ -71.68433, -36.79798 ], [ -71.68559, -36.79819 ], [ -71.68996, -36.79815 ], [ -71.69249, -36.7984 ], [ -71.69606, -36.79855 ], [ -71.70109, -36.7985 ], [ -71.7031, -36.79863 ], [ -71.70385, -36.79897 ], [ -71.71417, -36.79933 ], [ -71.71424, -36.79915 ], [ -71.71772, -36.79907 ], [ -71.72163, -36.79851 ], [ -71.72459, -36.79844 ], [ -71.72996, -36.79724 ], [ -71.73486, -36.7954 ], [ -71.73728, -36.79475 ], [ -71.7395, -36.79452 ], [ -71.7415, -36.79447 ], [ -71.74455, -36.79476 ], [ -71.74736, -36.79464 ], [ -71.75051, -36.79379 ], [ -71.7534, -36.79354 ], [ -71.75457, -36.79316 ], [ -71.76012, -36.79082 ], [ -71.76291, -36.79004 ], [ -71.76642, -36.78877 ], [ -71.76771, -36.78773 ], [ -71.76931, -36.78685 ], [ -71.77103, -36.78509 ], [ -71.77202, -36.78381 ], [ -71.77199, -36.78298 ], [ -71.77182, -36.78233 ], [ -71.77158, -36.78201 ], [ -71.77116, -36.78161 ], [ -71.77072, -36.7817 ], [ -71.77012, -36.78211 ], [ -71.76933, -36.7833 ], [ -71.76887, -36.78369 ], [ -71.76872, -36.78426 ], [ -71.76803, -36.78474 ], [ -71.76521, -36.78588 ], [ -71.76474, -36.78632 ], [ -71.76373, -36.78666 ], [ -71.76278, -36.78733 ], [ -71.76216, -36.78763 ], [ -71.76106, -36.78798 ], [ -71.75629, -36.79009 ], [ -71.75564, -36.7906 ], [ -71.75552, -36.79082 ], [ -71.75469, -36.79134 ], [ -71.75399, -36.79157 ], [ -71.75245, -36.79197 ], [ -71.74875, -36.79226 ], [ -71.74507, -36.79272 ], [ -71.74278, -36.79313 ], [ -71.741, -36.79305 ], [ -71.7401, -36.79272 ], [ -71.73802, -36.79253 ], [ -71.73676, -36.79262 ], [ -71.73178, -36.79416 ], [ -71.73024, -36.79485 ], [ -71.7279, -36.79574 ], [ -71.72401, -36.79672 ], [ -71.72047, -36.79728 ], [ -71.71749, -36.79693 ], [ -71.71408, -36.79683 ], [ -71.71238, -36.79687 ], [ -71.70873, -36.79636 ], [ -71.70576, -36.79625 ], [ -71.70486, -36.79603 ], [ -71.70227, -36.79621 ], [ -71.69894, -36.79628 ], [ -71.69724, -36.79644 ], [ -71.69628, -36.7964 ], [ -71.69479, -36.7962 ], [ -71.69396, -36.79574 ], [ -71.69209, -36.79542 ], [ -71.69002, -36.79547 ], [ -71.68862, -36.7958 ], [ -71.68715, -36.79601 ], [ -71.68574, -36.79604 ], [ -71.6841, -36.79578 ], [ -71.68283, -36.79545 ], [ -71.68067, -36.79527 ], [ -71.67822, -36.7952 ], [ -71.67637, -36.79506 ], [ -71.67326, -36.79519 ], [ -71.66745, -36.79664 ], [ -71.66587, -36.79792 ], [ -71.66447, -36.79837 ], [ -71.66277, -36.79853 ], [ -71.66152, -36.79856 ], [ -71.65967, -36.79878 ], [ -71.65865, -36.79922 ], [ -71.65731, -36.79925 ], [ -71.65501, -36.79906 ], [ -71.65383, -36.79915 ], [ -71.65163, -36.79997 ], [ -71.64816, -36.80046 ], [ -71.64759, -36.80107 ], [ -71.64679, -36.80145 ], [ -71.64577, -36.80207 ], [ -71.64496, -36.80226 ], [ -71.64394, -36.80276 ], [ -71.64285, -36.80315 ], [ -71.64159, -36.80385 ], [ -71.64094, -36.8044 ], [ -71.64018, -36.80486 ], [ -71.63904, -36.80623 ], [ -71.63824, -36.80657 ], [ -71.6371, -36.80693 ], [ -71.63608, -36.8074 ], [ -71.63536, -36.80775 ], [ -71.63502, -36.8081 ], [ -71.6334, -36.80843 ], [ -71.63057, -36.80919 ], [ -71.63011, -36.80937 ], [ -71.62908, -36.81014 ], [ -71.62509, -36.81104 ], [ -71.6234, -36.81167 ], [ -71.62244, -36.81163 ], [ -71.62132, -36.81136 ], [ -71.61984, -36.81145 ], [ -71.61734, -36.81222 ], [ -71.61544, -36.81292 ], [ -71.61464, -36.81348 ], [ -71.61401, -36.81444 ], [ -71.61344, -36.81505 ], [ -71.61188, -36.81625 ], [ -71.61091, -36.81719 ], [ -71.61063, -36.81767 ], [ -71.61023, -36.81801 ], [ -71.60872, -36.81837 ], [ -71.60769, -36.81845 ], [ -71.60362, -36.81849 ], [ -71.6011, -36.81866 ], [ -71.59984, -36.81863 ], [ -71.59749, -36.8194 ], [ -71.59677, -36.81989 ], [ -71.59575, -36.82039 ], [ -71.59443, -36.82071 ], [ -71.59399, -36.82096 ], [ -71.59326, -36.82122 ], [ -71.59186, -36.82155 ], [ -71.58876, -36.82197 ], [ -71.58757, -36.822 ], [ -71.58697, -36.82177 ], [ -71.58601, -36.82179 ], [ -71.58468, -36.822 ], [ -71.58417, -36.82225 ], [ -71.5823, -36.82175 ], [ -71.58067, -36.82179 ], [ -71.57985, -36.82169 ], [ -71.57858, -36.82136 ], [ -71.57693, -36.82092 ], [ -71.57475, -36.82001 ], [ -71.57333, -36.81962 ], [ -71.57085, -36.81866 ], [ -71.56743, -36.81623 ], [ -71.56547, -36.81526 ], [ -71.56428, -36.81499 ], [ -71.56242, -36.81479 ], [ -71.55913, -36.81391 ], [ -71.55816, -36.81387 ], [ -71.55585, -36.81332 ], [ -71.55451, -36.81341 ], [ -71.55291, -36.81335 ], [ -71.54693, -36.8121 ], [ -71.54493, -36.81197 ], [ -71.54253, -36.81106 ], [ -71.54124, -36.81032 ], [ -71.54009, -36.80927 ], [ -71.53756, -36.80902 ], [ -71.53631, -36.80905 ], [ -71.53453, -36.80921 ], [ -71.53343, -36.80941 ], [ -71.53247, -36.80973 ], [ -71.52852, -36.80892 ], [ -71.52701, -36.80818 ], [ -71.52386, -36.80705 ], [ -71.52281, -36.8066 ], [ -71.52184, -36.80638 ], [ -71.52026, -36.80588 ], [ -71.51875, -36.80501 ], [ -71.51767, -36.80378 ], [ -71.51683, -36.80309 ], [ -71.51533, -36.8024 ], [ -71.51339, -36.80215 ], [ -71.51142, -36.80175 ], [ -71.50594, -36.80181 ], [ -71.5044, -36.80208 ], [ -71.50306, -36.80193 ], [ -71.50054, -36.80198 ], [ -71.4992, -36.80189 ], [ -71.49631, -36.80201 ], [ -71.49499, -36.80228 ], [ -71.49403, -36.8023 ], [ -71.49136, -36.80253 ], [ -71.49088, -36.80264 ], [ -71.48887, -36.80242 ], [ -71.48744, -36.80186 ], [ -71.48535, -36.8013 ], [ -71.48459, -36.80072 ], [ -71.48256, -36.79993 ], [ -71.4809, -36.79907 ], [ -71.47793, -36.79872 ], [ -71.47674, -36.79874 ], [ -71.47379, -36.79928 ], [ -71.47239, -36.79937 ], [ -71.47099, -36.79964 ], [ -71.46832, -36.79975 ], [ -71.46713, -36.79942 ], [ -71.46592, -36.79891 ], [ -71.46473, -36.79857 ], [ -71.46286, -36.79826 ], [ -71.45968, -36.79755 ], [ -71.45565, -36.79744 ], [ -71.4525, -36.79908 ], [ -71.44998, -36.80347 ], [ -71.44915, -36.80522 ], [ -71.44949, -36.8067 ], [ -71.44938, -36.80777 ], [ -71.44687, -36.80812 ], [ -71.44575, -36.80791 ], [ -71.44514, -36.80738 ], [ -71.44142, -36.80681 ], [ -71.43999, -36.80624 ], [ -71.43966, -36.80511 ], [ -71.43871, -36.80322 ], [ -71.43747, -36.80164 ], [ -71.43633, -36.80077 ], [ -71.43535, -36.80025 ], [ -71.43378, -36.79987 ], [ -71.43249, -36.79888 ], [ -71.43209, -36.79776 ], [ -71.43203, -36.79603 ], [ -71.43183, -36.79436 ], [ -71.43106, -36.79331 ], [ -71.43072, -36.79206 ], [ -71.42969, -36.79006 ], [ -71.42834, -36.78659 ], [ -71.42723, -36.78423 ], [ -71.42467, -36.78082 ], [ -71.4236, -36.77959 ], [ -71.42242, -36.77759 ], [ -71.42205, -36.77527 ], [ -71.42209, -36.77414 ], [ -71.42284, -36.76965 ], [ -71.42324, -36.76833 ], [ -71.42345, -36.76565 ], [ -71.42332, -36.76368 ], [ -71.4231, -36.76154 ], [ -71.42246, -36.76006 ], [ -71.42165, -36.75781 ], [ -71.42049, -36.75396 ], [ -71.42041, -36.75259 ], [ -71.4206, -36.74913 ], [ -71.42101, -36.74648 ], [ -71.421, -36.74614 ], [ -71.42022, -36.74473 ], [ -71.42003, -36.74331 ], [ -71.41949, -36.74254 ], [ -71.41831, -36.74054 ], [ -71.41619, -36.73897 ], [ -71.41428, -36.73728 ], [ -71.41327, -36.73558 ], [ -71.41234, -36.73446 ], [ -71.41075, -36.7333 ], [ -71.40918, -36.73262 ], [ -71.40834, -36.73186 ], [ -71.40577, -36.73042 ], [ -71.40264, -36.72953 ], [ -71.4012, -36.72873 ], [ -71.39895, -36.72782 ], [ -71.39722, -36.72678 ], [ -71.39452, -36.7257 ], [ -71.39234, -36.72461 ], [ -71.39015, -36.7234 ], [ -71.3888, -36.72284 ], [ -71.38744, -36.72197 ], [ -71.38576, -36.72033 ], [ -71.38534, -36.71879 ], [ -71.38516, -36.71754 ], [ -71.3843, -36.71619 ], [ -71.38176, -36.71547 ], [ -71.38041, -36.7149 ], [ -71.37944, -36.71468 ], [ -71.37838, -36.71398 ], [ -71.37769, -36.71304 ], [ -71.37638, -36.71158 ], [ -71.37561, -36.71046 ], [ -71.37423, -36.70906 ], [ -71.37406, -36.70811 ], [ -71.37431, -36.70673 ], [ -71.37375, -36.70574 ], [ -71.37312, -36.70537 ], [ -71.37256, -36.70395 ], [ -71.37186, -36.70277 ], [ -71.37065, -36.70208 ], [ -71.369, -36.70133 ], [ -71.36875, -36.70027 ], [ -71.36764, -36.6979 ], [ -71.36732, -36.69713 ], [ -71.36723, -36.6966 ], [ -71.36659, -36.69512 ], [ -71.36688, -36.69482 ], [ -71.36689, -36.6943 ], [ -71.36609, -36.69229 ], [ -71.3653, -36.6907 ], [ -71.36408, -36.68929 ], [ -71.3628, -36.6886 ], [ -71.36152, -36.68809 ], [ -71.36129, -36.68768 ], [ -71.36127, -36.68702 ], [ -71.36162, -36.68642 ], [ -71.36256, -36.68556 ], [ -71.36321, -36.68519 ], [ -71.36368, -36.68369 ], [ -71.36334, -36.68221 ], [ -71.36337, -36.6809 ], [ -71.36296, -36.67947 ], [ -71.36203, -36.67806 ], [ -71.36117, -36.6777 ], [ -71.36085, -36.67693 ], [ -71.36089, -36.67562 ], [ -71.36123, -36.67484 ], [ -71.36182, -36.67465 ], [ -71.36203, -36.67429 ], [ -71.36201, -36.67357 ], [ -71.36131, -36.67245 ], [ -71.36157, -36.67126 ], [ -71.36154, -36.6703 ], [ -71.36084, -36.66936 ], [ -71.36052, -36.66859 ], [ -71.3604, -36.66681 ], [ -71.36081, -36.66591 ], [ -71.36108, -36.66507 ], [ -71.3629, -36.66418 ], [ -71.36294, -36.66372 ], [ -71.3632, -36.66346 ], [ -71.36368, -36.66328 ], [ -71.36497, -36.662 ], [ -71.36676, -36.66092 ], [ -71.36693, -36.66056 ], [ -71.36723, -36.66027 ], [ -71.36819, -36.65982 ], [ -71.36888, -36.6592 ], [ -71.37006, -36.65857 ], [ -71.37161, -36.65843 ], [ -71.37237, -36.65856 ], [ -71.37723, -36.65849 ], [ -71.38011, -36.65819 ], [ -71.38292, -36.65813 ], [ -71.38416, -36.65769 ], [ -71.38496, -36.65714 ], [ -71.38555, -36.65689 ], [ -71.38589, -36.65617 ], [ -71.38781, -36.65368 ], [ -71.38839, -36.65314 ], [ -71.3889, -36.65289 ], [ -71.38957, -36.65293 ], [ -71.39018, -36.65358 ], [ -71.39085, -36.65386 ], [ -71.39174, -36.65378 ], [ -71.39322, -36.65393 ], [ -71.3944, -36.65379 ], [ -71.39506, -36.65354 ], [ -71.39694, -36.65213 ], [ -71.39789, -36.65163 ], [ -71.40052, -36.64673 ], [ -71.40167, -36.64601 ], [ -71.40172, -36.64584 ], [ -71.40211, -36.64541 ], [ -71.40418, -36.64412 ], [ -71.4071, -36.64284 ], [ -71.40902, -36.64167 ], [ -71.41089, -36.64109 ], [ -71.41222, -36.64092 ], [ -71.41357, -36.64096 ], [ -71.41427, -36.6408 ], [ -71.41966, -36.64012 ], [ -71.42049, -36.63998 ], [ -71.42212, -36.63937 ], [ -71.42304, -36.63912 ], [ -71.42446, -36.63843 ], [ -71.42626, -36.63696 ], [ -71.4269, -36.63612 ], [ -71.42799, -36.63556 ], [ -71.4286, -36.63498 ], [ -71.43174, -36.63392 ], [ -71.43311, -36.6329 ], [ -71.43811, -36.63116 ], [ -71.43982, -36.62984 ], [ -71.44039, -36.62878 ], [ -71.44087, -36.62745 ], [ -71.44085, -36.62692 ], [ -71.44058, -36.62549 ], [ -71.44055, -36.62457 ], [ -71.43991, -36.62288 ], [ -71.43996, -36.62232 ], [ -71.44051, -36.62216 ], [ -71.44153, -36.62282 ], [ -71.44181, -36.62347 ], [ -71.44322, -36.6246 ], [ -71.44342, -36.62514 ], [ -71.44392, -36.6259 ], [ -71.44462, -36.62672 ], [ -71.44521, -36.62711 ], [ -71.44606, -36.6272 ], [ -71.44756, -36.62681 ], [ -71.44932, -36.62621 ], [ -71.4508, -36.62539 ], [ -71.4509, -36.6242 ], [ -71.45035, -36.6233 ], [ -71.45007, -36.62265 ], [ -71.45012, -36.62187 ], [ -71.4504, -36.62133 ], [ -71.45129, -36.62021 ], [ -71.45175, -36.61975 ], [ -71.45297, -36.61725 ], [ -71.45329, -36.6168 ], [ -71.45386, -36.61637 ], [ -71.4555, -36.61553 ], [ -71.45646, -36.61554 ], [ -71.45776, -36.61572 ], [ -71.45825, -36.61595 ], [ -71.45858, -36.6164 ], [ -71.46225, -36.61707 ], [ -71.46357, -36.61661 ], [ -71.46406, -36.6164 ], [ -71.46407, -36.61631 ], [ -71.46443, -36.61597 ], [ -71.46519, -36.61548 ], [ -71.46566, -36.6152 ], [ -71.46598, -36.61518 ], [ -71.46652, -36.61464 ], [ -71.46787, -36.61393 ], [ -71.46888, -36.61322 ], [ -71.46933, -36.61264 ], [ -71.46951, -36.61179 ], [ -71.46931, -36.61137 ], [ -71.46833, -36.61067 ], [ -71.46823, -36.61005 ], [ -71.46918, -36.60979 ], [ -71.46981, -36.60975 ], [ -71.47063, -36.60982 ], [ -71.47138, -36.61013 ], [ -71.4718, -36.61051 ], [ -71.47286, -36.61183 ], [ -71.47328, -36.61217 ], [ -71.47418, -36.61244 ], [ -71.47595, -36.61271 ], [ -71.47834, -36.61237 ], [ -71.4793, -36.61192 ], [ -71.48196, -36.60915 ], [ -71.48255, -36.60806 ], [ -71.48462, -36.6063 ], [ -71.48673, -36.60547 ], [ -71.48823, -36.6053 ], [ -71.4906, -36.60446 ], [ -71.49048, -36.60353 ], [ -71.48983, -36.60254 ] ], [ [ -71.2867, -36.75332 ], [ -71.28455, -36.75214 ], [ -71.2838, -36.75151 ], [ -71.28241, -36.74977 ], [ -71.28227, -36.74937 ], [ -71.28221, -36.74844 ], [ -71.28187, -36.74774 ], [ -71.2815, -36.74724 ], [ -71.28121, -36.74639 ], [ -71.28113, -36.74375 ], [ -71.28197, -36.73908 ], [ -71.28237, -36.7375 ], [ -71.28319, -36.73527 ], [ -71.28395, -36.73389 ], [ -71.28392, -36.73296 ], [ -71.28371, -36.73182 ], [ -71.28342, -36.73111 ], [ -71.28341, -36.73068 ], [ -71.28293, -36.72955 ], [ -71.28229, -36.72877 ], [ -71.28128, -36.72779 ], [ -71.27938, -36.72668 ], [ -71.27848, -36.72627 ], [ -71.27737, -36.72479 ], [ -71.27673, -36.7243 ], [ -71.27592, -36.72382 ], [ -71.27493, -36.72355 ], [ -71.27374, -36.72228 ], [ -71.27378, -36.72064 ], [ -71.27411, -36.71963 ], [ -71.27408, -36.71891 ], [ -71.27513, -36.71804 ], [ -71.27658, -36.71629 ], [ -71.27763, -36.71548 ], [ -71.27796, -36.71469 ], [ -71.28007, -36.71401 ], [ -71.28164, -36.71305 ], [ -71.28197, -36.71197 ], [ -71.28167, -36.71104 ], [ -71.28181, -36.70961 ], [ -71.283, -36.70684 ], [ -71.28378, -36.70576 ], [ -71.28465, -36.70502 ], [ -71.28463, -36.70437 ], [ -71.28503, -36.70293 ], [ -71.28486, -36.70216 ], [ -71.28496, -36.70043 ], [ -71.28493, -36.69953 ], [ -71.28461, -36.69888 ], [ -71.2838, -36.69872 ], [ -71.28124, -36.6974 ], [ -71.28031, -36.69587 ], [ -71.28043, -36.69503 ], [ -71.28115, -36.69448 ], [ -71.28194, -36.69363 ], [ -71.28236, -36.69267 ], [ -71.28262, -36.69165 ], [ -71.28294, -36.68979 ], [ -71.28337, -36.68925 ], [ -71.28489, -36.68827 ], [ -71.28599, -36.68795 ], [ -71.28731, -36.68733 ], [ -71.28949, -36.68603 ], [ -71.29044, -36.68533 ], [ -71.29069, -36.68489 ], [ -71.29052, -36.68444 ], [ -71.29046, -36.68363 ], [ -71.2908, -36.6824 ], [ -71.29108, -36.68189 ], [ -71.29158, -36.68141 ], [ -71.29218, -36.68023 ], [ -71.29272, -36.67986 ], [ -71.29357, -36.67967 ], [ -71.29389, -36.67919 ], [ -71.29443, -36.67882 ], [ -71.29548, -36.67832 ], [ -71.29636, -36.67806 ], [ -71.29863, -36.67721 ], [ -71.30161, -36.67548 ], [ -71.30335, -36.67414 ], [ -71.3056, -36.6729 ], [ -71.30661, -36.67224 ], [ -71.30698, -36.67163 ], [ -71.3091, -36.66959 ], [ -71.3095, -36.66934 ], [ -71.31133, -36.6688 ], [ -71.31462, -36.6676 ], [ -71.31543, -36.66741 ], [ -71.31878, -36.66555 ], [ -71.31914, -36.66513 ], [ -71.3198, -36.66485 ], [ -71.32043, -36.66469 ], [ -71.32091, -36.66474 ], [ -71.32157, -36.66467 ], [ -71.32212, -36.66445 ], [ -71.32426, -36.6642 ], [ -71.32458, -36.66383 ], [ -71.32484, -36.66371 ], [ -71.32647, -36.66389 ], [ -71.328, -36.6643 ], [ -71.32856, -36.66432 ], [ -71.32956, -36.6646 ], [ -71.3314, -36.66533 ], [ -71.33261, -36.66534 ], [ -71.33386, -36.6649 ], [ -71.33588, -36.66331 ], [ -71.33689, -36.66234 ], [ -71.3387, -36.66117 ], [ -71.34065, -36.65952 ], [ -71.34224, -36.65848 ], [ -71.34302, -36.65721 ], [ -71.34485, -36.6564 ], [ -71.34534, -36.65579 ], [ -71.34769, -36.65509 ], [ -71.34953, -36.655 ], [ -71.35381, -36.65462 ], [ -71.35634, -36.65487 ], [ -71.36044, -36.65592 ], [ -71.36379, -36.65657 ], [ -71.3658, -36.65707 ], [ -71.36555, -36.65868 ], [ -71.36456, -36.65995 ], [ -71.36244, -36.66105 ], [ -71.36167, -36.66135 ], [ -71.36055, -36.66241 ], [ -71.3602, -36.66256 ], [ -71.35951, -36.66329 ], [ -71.35926, -36.66372 ], [ -71.3591, -36.66437 ], [ -71.3588, -36.66495 ], [ -71.35783, -36.66579 ], [ -71.35765, -36.66624 ], [ -71.35778, -36.6666 ], [ -71.35831, -36.66707 ], [ -71.3585, -36.66736 ], [ -71.35839, -36.6684 ], [ -71.35841, -36.66915 ], [ -71.35895, -36.66994 ], [ -71.35937, -36.67035 ], [ -71.35947, -36.6711 ], [ -71.35949, -36.67178 ], [ -71.35928, -36.67226 ], [ -71.35931, -36.67322 ], [ -71.35955, -36.67393 ], [ -71.35946, -36.67435 ], [ -71.35906, -36.67489 ], [ -71.35865, -36.67585 ], [ -71.35863, -36.67633 ], [ -71.3584, -36.67738 ], [ -71.35848, -36.67762 ], [ -71.35907, -36.67851 ], [ -71.35959, -36.67876 ], [ -71.36011, -36.67915 ], [ -71.36101, -36.67949 ], [ -71.36154, -36.68014 ], [ -71.36179, -36.68085 ], [ -71.36197, -36.68186 ], [ -71.36199, -36.68269 ], [ -71.36152, -36.68425 ], [ -71.36124, -36.6848 ], [ -71.36073, -36.68516 ], [ -71.35959, -36.68644 ], [ -71.35962, -36.68739 ], [ -71.35987, -36.68852 ], [ -71.36019, -36.68923 ], [ -71.36087, -36.68975 ], [ -71.36282, -36.69037 ], [ -71.36342, -36.69083 ], [ -71.36436, -36.69231 ], [ -71.3647, -36.69379 ], [ -71.36464, -36.69427 ], [ -71.36475, -36.69583 ], [ -71.36516, -36.69672 ], [ -71.36539, -36.69699 ], [ -71.36545, -36.69733 ], [ -71.36704, -36.70133 ], [ -71.36833, -36.70262 ], [ -71.36916, -36.70302 ], [ -71.36985, -36.70366 ], [ -71.37047, -36.7046 ], [ -71.37123, -36.7053 ], [ -71.37215, -36.70642 ], [ -71.3724, -36.70725 ], [ -71.37227, -36.7079 ], [ -71.37223, -36.70898 ], [ -71.37232, -36.70976 ], [ -71.37304, -36.71129 ], [ -71.37434, -36.71245 ], [ -71.37532, -36.71303 ], [ -71.37737, -36.71466 ], [ -71.37814, -36.71578 ], [ -71.38151, -36.7169 ], [ -71.38271, -36.71741 ], [ -71.38356, -36.71853 ], [ -71.38388, -36.71948 ], [ -71.38407, -36.72061 ], [ -71.38455, -36.72173 ], [ -71.3862, -36.72362 ], [ -71.38849, -36.72469 ], [ -71.39014, -36.72555 ], [ -71.39075, -36.72596 ], [ -71.39269, -36.72639 ], [ -71.39419, -36.72714 ], [ -71.39779, -36.72856 ], [ -71.39848, -36.72908 ], [ -71.39998, -36.72994 ], [ -71.40142, -36.73099 ], [ -71.40486, -36.73205 ], [ -71.40749, -36.73301 ], [ -71.40878, -36.734 ], [ -71.41165, -36.73579 ], [ -71.41304, -36.73773 ], [ -71.41412, -36.73902 ], [ -71.41579, -36.74029 ], [ -71.41694, -36.74397 ], [ -71.41794, -36.74532 ], [ -71.41778, -36.74716 ], [ -71.41759, -36.7472 ], [ -71.41822, -36.74894 ], [ -71.4186, -36.75143 ], [ -71.41846, -36.75406 ], [ -71.41852, -36.75597 ], [ -71.41801, -36.75878 ], [ -71.41639, -36.76474 ], [ -71.41574, -36.76654 ], [ -71.4153, -36.76963 ], [ -71.41452, -36.77294 ], [ -71.41336, -36.77568 ], [ -71.41157, -36.77807 ], [ -71.41034, -36.77867 ], [ -71.4093, -36.77962 ], [ -71.40881, -36.78085 ], [ -71.40887, -36.78292 ], [ -71.40825, -36.78594 ], [ -71.40758, -36.79003 ], [ -71.40696, -36.79276 ], [ -71.40692, -36.79434 ], [ -71.40669, -36.79577 ], [ -71.40621, -36.79728 ], [ -71.4059, -36.79894 ], [ -71.40515, -36.80038 ], [ -71.40501, -36.8016 ], [ -71.40431, -36.80483 ], [ -71.40319, -36.80607 ], [ -71.4006, -36.80555 ], [ -71.39547, -36.80394 ], [ -71.391, -36.80296 ], [ -71.38814, -36.80251 ], [ -71.38589, -36.80191 ], [ -71.38347, -36.80139 ], [ -71.38185, -36.80071 ], [ -71.37979, -36.8001 ], [ -71.3768, -36.79838 ], [ -71.3748, -36.79691 ], [ -71.37259, -36.79474 ], [ -71.37022, -36.79271 ], [ -71.36956, -36.79158 ], [ -71.36873, -36.79067 ], [ -71.36728, -36.78984 ], [ -71.36628, -36.789 ], [ -71.36519, -36.78831 ], [ -71.36411, -36.78797 ], [ -71.36059, -36.78632 ], [ -71.35898, -36.78571 ], [ -71.35467, -36.78451 ], [ -71.3506, -36.78244 ], [ -71.34658, -36.78159 ], [ -71.34281, -36.78067 ], [ -71.3405, -36.78064 ], [ -71.33773, -36.78012 ], [ -71.33431, -36.77897 ], [ -71.33062, -36.77747 ], [ -71.32907, -36.77708 ], [ -71.32591, -36.77703 ], [ -71.3243, -36.77678 ], [ -71.32344, -36.77612 ], [ -71.32281, -36.77588 ], [ -71.32085, -36.77581 ], [ -71.31999, -36.7755 ], [ -71.3187, -36.77528 ], [ -71.31649, -36.77421 ], [ -71.31411, -36.77369 ], [ -71.31289, -36.773 ], [ -71.31137, -36.7727 ], [ -71.31052, -36.7724 ], [ -71.30961, -36.77181 ], [ -71.30911, -36.77124 ], [ -71.30751, -36.76978 ], [ -71.30615, -36.76895 ], [ -71.30561, -36.76853 ], [ -71.30423, -36.76727 ], [ -71.30315, -36.76671 ], [ -71.30105, -36.7649 ], [ -71.29961, -36.76421 ], [ -71.29852, -36.76337 ], [ -71.29796, -36.76252 ], [ -71.29713, -36.76161 ], [ -71.2953, -36.75986 ], [ -71.29466, -36.75944 ], [ -71.29313, -36.75882 ], [ -71.29185, -36.75763 ], [ -71.29086, -36.75701 ], [ -71.28897, -36.75626 ], [ -71.28766, -36.75428 ], [ -71.2867, -36.75332 ] ], [ [ -71.35052, -36.81011 ], [ -71.35438, -36.81516 ], [ -71.35486, -36.81629 ], [ -71.35573, -36.81788 ], [ -71.35606, -36.81907 ], [ -71.35692, -36.82066 ], [ -71.35748, -36.8219 ], [ -71.35807, -36.82421 ], [ -71.35834, -36.8257 ], [ -71.35875, -36.82718 ], [ -71.35887, -36.82861 ], [ -71.35823, -36.82946 ], [ -71.35713, -36.82989 ], [ -71.35359, -36.83038 ], [ -71.35077, -36.83026 ], [ -71.34788, -36.83032 ], [ -71.34295, -36.82936 ], [ -71.34176, -36.82945 ], [ -71.34057, -36.82941 ], [ -71.33934, -36.83021 ], [ -71.33415, -36.83282 ], [ -71.33245, -36.83309 ], [ -71.33033, -36.83408 ], [ -71.32923, -36.83446 ], [ -71.32797, -36.83455 ], [ -71.32651, -36.83499 ], [ -71.32343, -36.83636 ], [ -71.32052, -36.83815 ], [ -71.31964, -36.83852 ], [ -71.3181, -36.83897 ], [ -71.31751, -36.83922 ], [ -71.31574, -36.83944 ], [ -71.31283, -36.83884 ], [ -71.30959, -36.83729 ], [ -71.30869, -36.83701 ], [ -71.30743, -36.83685 ], [ -71.3066, -36.83651 ], [ -71.30518, -36.83612 ], [ -71.30384, -36.83591 ], [ -71.30264, -36.83546 ], [ -71.30211, -36.83511 ], [ -71.29928, -36.83463 ], [ -71.29653, -36.83444 ], [ -71.2945, -36.83402 ], [ -71.29316, -36.83357 ], [ -71.29156, -36.83316 ], [ -71.291, -36.83305 ], [ -71.28996, -36.83307 ], [ -71.28907, -36.83297 ], [ -71.28758, -36.83258 ], [ -71.2863, -36.83207 ], [ -71.28576, -36.83112 ], [ -71.28514, -36.83036 ], [ -71.28213, -36.82893 ], [ -71.28108, -36.82853 ], [ -71.28024, -36.82777 ], [ -71.27971, -36.82713 ], [ -71.27692, -36.82581 ], [ -71.2761, -36.82559 ], [ -71.27317, -36.82415 ], [ -71.27175, -36.82376 ], [ -71.27063, -36.8236 ], [ -71.26759, -36.82128 ], [ -71.26647, -36.82082 ], [ -71.26564, -36.8203 ], [ -71.26341, -36.81821 ], [ -71.26206, -36.81727 ], [ -71.26084, -36.81592 ], [ -71.26022, -36.81498 ], [ -71.25974, -36.81386 ], [ -71.25928, -36.81327 ], [ -71.25903, -36.8125 ], [ -71.25885, -36.81149 ], [ -71.25815, -36.81031 ], [ -71.25649, -36.80921 ], [ -71.25617, -36.80844 ], [ -71.25599, -36.80743 ], [ -71.25597, -36.8066 ], [ -71.25608, -36.80546 ], [ -71.25608, -36.80278 ], [ -71.255, -36.80137 ], [ -71.25468, -36.80066 ], [ -71.25483, -36.79827 ], [ -71.25547, -36.79713 ], [ -71.25649, -36.79675 ], [ -71.25707, -36.79626 ], [ -71.25787, -36.79577 ], [ -71.25799, -36.79475 ], [ -71.2584, -36.79355 ], [ -71.25834, -36.79159 ], [ -71.25912, -36.78969 ], [ -71.2593, -36.78788 ], [ -71.25894, -36.78369 ], [ -71.25796, -36.78256 ], [ -71.25704, -36.78013 ], [ -71.25675, -36.7791 ], [ -71.25637, -36.77847 ], [ -71.2564, -36.77807 ], [ -71.25691, -36.7771 ], [ -71.25694, -36.7767 ], [ -71.25724, -36.77609 ], [ -71.25771, -36.77555 ], [ -71.25889, -36.77491 ], [ -71.25989, -36.77411 ], [ -71.2601, -36.77378 ], [ -71.26051, -36.77263 ], [ -71.2609, -36.77202 ], [ -71.26146, -36.7714 ], [ -71.26194, -36.77067 ], [ -71.26437, -36.76962 ], [ -71.26495, -36.76918 ], [ -71.26549, -36.76825 ], [ -71.26576, -36.76735 ], [ -71.26713, -36.76485 ], [ -71.26734, -36.76332 ], [ -71.26758, -36.76263 ], [ -71.26764, -36.76213 ], [ -71.26748, -36.76159 ], [ -71.26697, -36.76059 ], [ -71.26647, -36.7575 ], [ -71.26607, -36.75652 ], [ -71.26604, -36.7556 ], [ -71.26668, -36.75317 ], [ -71.26633, -36.7527 ], [ -71.26631, -36.75205 ], [ -71.26648, -36.75028 ], [ -71.26649, -36.7482 ], [ -71.26632, -36.74755 ], [ -71.26585, -36.74651 ], [ -71.26605, -36.74579 ], [ -71.26637, -36.74534 ], [ -71.26677, -36.74515 ], [ -71.26742, -36.74448 ], [ -71.26808, -36.74237 ], [ -71.26919, -36.74005 ], [ -71.26914, -36.73815 ], [ -71.26968, -36.73661 ], [ -71.26965, -36.73537 ], [ -71.26876, -36.73339 ], [ -71.26871, -36.73167 ], [ -71.26888, -36.731 ], [ -71.26922, -36.73023 ], [ -71.26974, -36.72989 ], [ -71.27179, -36.72959 ], [ -71.27246, -36.72963 ], [ -71.27358, -36.73003 ], [ -71.27587, -36.73219 ], [ -71.27618, -36.73278 ], [ -71.27716, -36.73336 ], [ -71.27858, -36.73393 ], [ -71.28019, -36.73405 ], [ -71.28053, -36.73452 ], [ -71.28054, -36.73484 ], [ -71.28041, -36.73544 ], [ -71.28006, -36.73602 ], [ -71.27948, -36.73635 ], [ -71.2793, -36.73678 ], [ -71.27909, -36.73848 ], [ -71.27888, -36.73872 ], [ -71.27857, -36.73938 ], [ -71.27806, -36.73993 ], [ -71.27739, -36.74104 ], [ -71.27661, -36.74204 ], [ -71.2761, -36.7425 ], [ -71.27537, -36.74291 ], [ -71.27495, -36.74351 ], [ -71.27489, -36.74395 ], [ -71.2751, -36.7449 ], [ -71.2754, -36.74514 ], [ -71.27556, -36.74543 ], [ -71.27612, -36.74557 ], [ -71.27688, -36.74621 ], [ -71.27739, -36.7471 ], [ -71.27752, -36.74796 ], [ -71.27768, -36.74837 ], [ -71.27858, -36.74901 ], [ -71.27934, -36.74935 ], [ -71.27987, -36.74994 ], [ -71.28049, -36.75082 ], [ -71.28141, -36.75182 ], [ -71.28224, -36.75246 ], [ -71.28337, -36.75315 ], [ -71.28429, -36.75415 ], [ -71.28483, -36.75491 ], [ -71.28574, -36.75555 ], [ -71.28637, -36.75667 ], [ -71.2869, -36.7572 ], [ -71.28923, -36.75817 ], [ -71.29058, -36.75886 ], [ -71.29165, -36.75973 ], [ -71.29346, -36.76101 ], [ -71.2939, -36.76152 ], [ -71.29452, -36.76256 ], [ -71.29487, -36.76336 ], [ -71.29632, -36.76494 ], [ -71.29737, -36.7654 ], [ -71.29829, -36.76622 ], [ -71.2989, -36.76704 ], [ -71.29931, -36.76811 ], [ -71.29992, -36.76899 ], [ -71.30069, -36.76975 ], [ -71.30249, -36.77067 ], [ -71.30356, -36.77154 ], [ -71.30574, -36.77257 ], [ -71.30718, -36.77368 ], [ -71.31011, -36.77517 ], [ -71.31102, -36.77575 ], [ -71.31178, -36.77645 ], [ -71.31278, -36.7775 ], [ -71.31347, -36.7785 ], [ -71.31371, -36.77964 ], [ -71.31403, -36.78028 ], [ -71.31469, -36.78122 ], [ -71.31502, -36.78188 ], [ -71.31508, -36.78221 ], [ -71.31664, -36.78427 ], [ -71.31758, -36.78586 ], [ -71.31809, -36.78627 ], [ -71.31849, -36.78693 ], [ -71.31906, -36.78747 ], [ -71.31911, -36.78779 ], [ -71.31972, -36.78835 ], [ -71.31992, -36.78862 ], [ -71.32018, -36.7892 ], [ -71.32079, -36.78988 ], [ -71.32161, -36.79196 ], [ -71.32221, -36.79283 ], [ -71.32407, -36.79392 ], [ -71.32479, -36.79462 ], [ -71.32546, -36.79502 ], [ -71.3283, -36.79568 ], [ -71.33077, -36.79647 ], [ -71.33576, -36.79732 ], [ -71.3379, -36.79975 ], [ -71.33957, -36.80097 ], [ -71.342, -36.80313 ], [ -71.34472, -36.80474 ], [ -71.34693, -36.80649 ], [ -71.34892, -36.8086 ], [ -71.35052, -36.81011 ] ], [ [ -71.29619, -36.84506 ], [ -71.29505, -36.84265 ], [ -71.29459, -36.84216 ], [ -71.2918, -36.84106 ], [ -71.28807, -36.83842 ], [ -71.28723, -36.83729 ], [ -71.28685, -36.8363 ], [ -71.28602, -36.83552 ], [ -71.28811, -36.83509 ], [ -71.28967, -36.83518 ], [ -71.29183, -36.83544 ], [ -71.2949, -36.83651 ], [ -71.29918, -36.8386 ], [ -71.31282, -36.84346 ], [ -71.31733, -36.8454 ], [ -71.32207, -36.84519 ], [ -71.32453, -36.84788 ], [ -71.32725, -36.85439 ], [ -71.3245, -36.85659 ], [ -71.32154, -36.85689 ], [ -71.31748, -36.8553 ], [ -71.31343, -36.85359 ], [ -71.30774, -36.85191 ], [ -71.30293, -36.84986 ], [ -71.29831, -36.84759 ], [ -71.29784, -36.84689 ], [ -71.2973, -36.8464 ], [ -71.29619, -36.84506 ] ], [ [ -71.4602, -36.84151 ], [ -71.45892, -36.84157 ], [ -71.45642, -36.84124 ], [ -71.45524, -36.84126 ], [ -71.45312, -36.84007 ], [ -71.4515, -36.83938 ], [ -71.44947, -36.839 ], [ -71.44809, -36.8385 ], [ -71.44573, -36.83712 ], [ -71.44528, -36.83598 ], [ -71.4449, -36.83532 ], [ -71.44481, -36.83432 ], [ -71.4449, -36.83337 ], [ -71.4451, -36.83236 ], [ -71.44611, -36.8322 ], [ -71.44698, -36.83161 ], [ -71.45241, -36.83069 ], [ -71.45442, -36.83055 ], [ -71.45842, -36.82941 ], [ -71.46377, -36.82998 ], [ -71.46619, -36.82999 ], [ -71.46903, -36.82976 ], [ -71.47423, -36.82965 ], [ -71.47655, -36.82869 ], [ -71.48044, -36.82803 ], [ -71.48455, -36.82701 ], [ -71.48676, -36.82703 ], [ -71.48673, -36.82689 ], [ -71.48912, -36.82685 ], [ -71.49067, -36.82701 ], [ -71.49258, -36.82744 ], [ -71.4953, -36.8272 ], [ -71.49733, -36.82773 ], [ -71.49889, -36.82827 ], [ -71.50045, -36.82861 ], [ -71.50223, -36.82886 ], [ -71.50367, -36.82931 ], [ -71.50611, -36.83136 ], [ -71.50792, -36.83218 ], [ -71.51004, -36.83166 ], [ -71.5116, -36.83219 ], [ -71.5127, -36.83332 ], [ -71.51346, -36.83464 ], [ -71.5141, -36.83624 ], [ -71.51429, -36.83643 ], [ -71.51248, -36.83708 ], [ -71.50982, -36.83917 ], [ -71.50932, -36.83944 ], [ -71.508, -36.83976 ], [ -71.50628, -36.84068 ], [ -71.50591, -36.84112 ], [ -71.50525, -36.84165 ], [ -71.505, -36.84202 ], [ -71.50432, -36.84318 ], [ -71.50402, -36.8449 ], [ -71.5022, -36.84713 ], [ -71.49917, -36.84901 ], [ -71.49707, -36.8501 ], [ -71.49391, -36.85141 ], [ -71.48856, -36.85114 ], [ -71.48557, -36.85053 ], [ -71.48293, -36.85026 ], [ -71.48073, -36.85037 ], [ -71.478, -36.84979 ], [ -71.47642, -36.84931 ], [ -71.47411, -36.84827 ], [ -71.47274, -36.84779 ], [ -71.47126, -36.84622 ], [ -71.46944, -36.84488 ], [ -71.46568, -36.84318 ], [ -71.46301, -36.84241 ], [ -71.46174, -36.84193 ], [ -71.4602, -36.84151 ] ], [ [ -71.53457, -36.84384 ], [ -71.53399, -36.84362 ], [ -71.53333, -36.84312 ], [ -71.53305, -36.84248 ], [ -71.53377, -36.84169 ], [ -71.5345, -36.84131 ], [ -71.53546, -36.84141 ], [ -71.53718, -36.84179 ], [ -71.53762, -36.84246 ], [ -71.5379, -36.84321 ], [ -71.53803, -36.84326 ], [ -71.5377, -36.84383 ], [ -71.53728, -36.84412 ], [ -71.53607, -36.8442 ], [ -71.53457, -36.84384 ] ], [ [ -71.49491, -36.82235 ], [ -71.48905, -36.82329 ], [ -71.48575, -36.82314 ], [ -71.48365, -36.82284 ], [ -71.48079, -36.82071 ], [ -71.47928, -36.82009 ], [ -71.47641, -36.81842 ], [ -71.47455, -36.81804 ], [ -71.47262, -36.81808 ], [ -71.46964, -36.81761 ], [ -71.46808, -36.81752 ], [ -71.4671, -36.81718 ], [ -71.46709, -36.81665 ], [ -71.46774, -36.81616 ], [ -71.46927, -36.81523 ], [ -71.47238, -36.81302 ], [ -71.47326, -36.81253 ], [ -71.47405, -36.81179 ], [ -71.47485, -36.81124 ], [ -71.47787, -36.81076 ], [ -71.47957, -36.81073 ], [ -71.48068, -36.81046 ], [ -71.48132, -36.80962 ], [ -71.48433, -36.80872 ], [ -71.48736, -36.8086 ], [ -71.4886, -36.80779 ], [ -71.49049, -36.80738 ], [ -71.49668, -36.8068 ], [ -71.4992, -36.80686 ], [ -71.50194, -36.80657 ], [ -71.50394, -36.8067 ], [ -71.50576, -36.80565 ], [ -71.50566, -36.80482 ], [ -71.50586, -36.80428 ], [ -71.50718, -36.80377 ], [ -71.50793, -36.80412 ], [ -71.50905, -36.80421 ], [ -71.51022, -36.80383 ], [ -71.51118, -36.80375 ], [ -71.5123, -36.80385 ], [ -71.5136, -36.80513 ], [ -71.51565, -36.80652 ], [ -71.51677, -36.80697 ], [ -71.51708, -36.80738 ], [ -71.51858, -36.80777 ], [ -71.51926, -36.80817 ], [ -71.52219, -36.80918 ], [ -71.52347, -36.80999 ], [ -71.52587, -36.81089 ], [ -71.52729, -36.81116 ], [ -71.53176, -36.81178 ], [ -71.53798, -36.81141 ], [ -71.53939, -36.81173 ], [ -71.54052, -36.81219 ], [ -71.54346, -36.81367 ], [ -71.54651, -36.81403 ], [ -71.54989, -36.81413 ], [ -71.55369, -36.81464 ], [ -71.55564, -36.81525 ], [ -71.55758, -36.81564 ], [ -71.55815, -36.81566 ], [ -71.56094, -36.81627 ], [ -71.56287, -36.81641 ], [ -71.56549, -36.81719 ], [ -71.56905, -36.81944 ], [ -71.57137, -36.82022 ], [ -71.57469, -36.82176 ], [ -71.57844, -36.82299 ], [ -71.58312, -36.82324 ], [ -71.5866, -36.82329 ], [ -71.5883, -36.82307 ], [ -71.59127, -36.82301 ], [ -71.59347, -36.82242 ], [ -71.59713, -36.82097 ], [ -71.59845, -36.82053 ], [ -71.60115, -36.82015 ], [ -71.60216, -36.82017 ], [ -71.60879, -36.81946 ], [ -71.61194, -36.81838 ], [ -71.61309, -36.81716 ], [ -71.61576, -36.81496 ], [ -71.61735, -36.81385 ], [ -71.61962, -36.81297 ], [ -71.62103, -36.81294 ], [ -71.62178, -36.8134 ], [ -71.62385, -36.81323 ], [ -71.62575, -36.81235 ], [ -71.62689, -36.81203 ], [ -71.62839, -36.81201 ], [ -71.62847, -36.81246 ], [ -71.62822, -36.81327 ], [ -71.62659, -36.81359 ], [ -71.62336, -36.81475 ], [ -71.62238, -36.81523 ], [ -71.62073, -36.81704 ], [ -71.61987, -36.81889 ], [ -71.6192, -36.82005 ], [ -71.6174, -36.82175 ], [ -71.61679, -36.82268 ], [ -71.61499, -36.82415 ], [ -71.61452, -36.82479 ], [ -71.61424, -36.82544 ], [ -71.61412, -36.82678 ], [ -71.61352, -36.82741 ], [ -71.61274, -36.82798 ], [ -71.61225, -36.82849 ], [ -71.61164, -36.82879 ], [ -71.61043, -36.8292 ], [ -71.60804, -36.82939 ], [ -71.60723, -36.82956 ], [ -71.60692, -36.8297 ], [ -71.60408, -36.82994 ], [ -71.60279, -36.82957 ], [ -71.60152, -36.82994 ], [ -71.60127, -36.83086 ], [ -71.60078, -36.83127 ], [ -71.60008, -36.8314 ], [ -71.59893, -36.83108 ], [ -71.59738, -36.83157 ], [ -71.59676, -36.83227 ], [ -71.59557, -36.83276 ], [ -71.59436, -36.83295 ], [ -71.58618, -36.83473 ], [ -71.58422, -36.83556 ], [ -71.58282, -36.83592 ], [ -71.58125, -36.83649 ], [ -71.57999, -36.83716 ], [ -71.57837, -36.83741 ], [ -71.57703, -36.8379 ], [ -71.57512, -36.83891 ], [ -71.57397, -36.83941 ], [ -71.57318, -36.83994 ], [ -71.5717, -36.84118 ], [ -71.56926, -36.84262 ], [ -71.56769, -36.84319 ], [ -71.56547, -36.84356 ], [ -71.5635, -36.84359 ], [ -71.56298, -36.84347 ], [ -71.56163, -36.8437 ], [ -71.56018, -36.84354 ], [ -71.55896, -36.84323 ], [ -71.55798, -36.84311 ], [ -71.55513, -36.84249 ], [ -71.55332, -36.84228 ], [ -71.55176, -36.84226 ], [ -71.55056, -36.84205 ], [ -71.54996, -36.84186 ], [ -71.54759, -36.84063 ], [ -71.54628, -36.84034 ], [ -71.54231, -36.8388 ], [ -71.53777, -36.83776 ], [ -71.52983, -36.83655 ], [ -71.52915, -36.83664 ], [ -71.52629, -36.83642 ], [ -71.52458, -36.8366 ], [ -71.52321, -36.83662 ], [ -71.52232, -36.8365 ], [ -71.52088, -36.83615 ], [ -71.51926, -36.83552 ], [ -71.51711, -36.83508 ], [ -71.51675, -36.83485 ], [ -71.51643, -36.83429 ], [ -71.51665, -36.83357 ], [ -71.51687, -36.83318 ], [ -71.51701, -36.83202 ], [ -71.51556, -36.82983 ], [ -71.5135, -36.82845 ], [ -71.51165, -36.82639 ], [ -71.50985, -36.82566 ], [ -71.50627, -36.82526 ], [ -71.50281, -36.82467 ], [ -71.50113, -36.82404 ], [ -71.50002, -36.82282 ], [ -71.49491, -36.82235 ] ], [ [ -71.31746, -36.77807 ], [ -71.31954, -36.77803 ], [ -71.32213, -36.7781 ], [ -71.32563, -36.77845 ], [ -71.32847, -36.77928 ], [ -71.33072, -36.78025 ], [ -71.33186, -36.78113 ], [ -71.33514, -36.78178 ], [ -71.34253, -36.78354 ], [ -71.34485, -36.78427 ], [ -71.34557, -36.78472 ], [ -71.34787, -36.78575 ], [ -71.3503, -36.78749 ], [ -71.35404, -36.78873 ], [ -71.35658, -36.78939 ], [ -71.35929, -36.79145 ], [ -71.3602, -36.79149 ], [ -71.36152, -36.79199 ], [ -71.36278, -36.79235 ], [ -71.36381, -36.79314 ], [ -71.36419, -36.79375 ], [ -71.36458, -36.79489 ], [ -71.36611, -36.79657 ], [ -71.36625, -36.79733 ], [ -71.36711, -36.79827 ], [ -71.36787, -36.79964 ], [ -71.3679, -36.80054 ], [ -71.36895, -36.8024 ], [ -71.36915, -36.80318 ], [ -71.36801, -36.8037 ], [ -71.36597, -36.80389 ], [ -71.36203, -36.80303 ], [ -71.35546, -36.80122 ], [ -71.35276, -36.80008 ], [ -71.35007, -36.7993 ], [ -71.34856, -36.79837 ], [ -71.34676, -36.79769 ], [ -71.34483, -36.79761 ], [ -71.34274, -36.79742 ], [ -71.33801, -36.79595 ], [ -71.33481, -36.79532 ], [ -71.32935, -36.79387 ], [ -71.32836, -36.79373 ], [ -71.32765, -36.79377 ], [ -71.32587, -36.79365 ], [ -71.32474, -36.79325 ], [ -71.32447, -36.79298 ], [ -71.32396, -36.79272 ], [ -71.32316, -36.79201 ], [ -71.32308, -36.79177 ], [ -71.3225, -36.79108 ], [ -71.32237, -36.79079 ], [ -71.32227, -36.79002 ], [ -71.32163, -36.78842 ], [ -71.3193, -36.78489 ], [ -71.31792, -36.78366 ], [ -71.31753, -36.78243 ], [ -71.31749, -36.78119 ], [ -71.31707, -36.77891 ], [ -71.31746, -36.77807 ] ], [ [ -71.41583, -36.78419 ], [ -71.41713, -36.78287 ], [ -71.41784, -36.78293 ], [ -71.41857, -36.78328 ], [ -71.41903, -36.78412 ], [ -71.41923, -36.78483 ], [ -71.41962, -36.78576 ], [ -71.42009, -36.7866 ], [ -71.42055, -36.78724 ], [ -71.42081, -36.78803 ], [ -71.42113, -36.78851 ], [ -71.42192, -36.79115 ], [ -71.42161, -36.79251 ], [ -71.42111, -36.79359 ], [ -71.41982, -36.79498 ], [ -71.41915, -36.79642 ], [ -71.41855, -36.79701 ], [ -71.41849, -36.7978 ], [ -71.41814, -36.79816 ], [ -71.41742, -36.79765 ], [ -71.41694, -36.79668 ], [ -71.41683, -36.79597 ], [ -71.41537, -36.79493 ], [ -71.41444, -36.79373 ], [ -71.41432, -36.79273 ], [ -71.41488, -36.7905 ], [ -71.41519, -36.78649 ], [ -71.41577, -36.78512 ], [ -71.41583, -36.78419 ] ], [ [ -71.48326, -36.86289 ], [ -71.48276, -36.8628 ], [ -71.48213, -36.86248 ], [ -71.48222, -36.86247 ], [ -71.48194, -36.86234 ], [ -71.48163, -36.86181 ], [ -71.48188, -36.86105 ], [ -71.48235, -36.86047 ], [ -71.48314, -36.86003 ], [ -71.48495, -36.85952 ], [ -71.4861, -36.85954 ], [ -71.48686, -36.85966 ], [ -71.48736, -36.85994 ], [ -71.4875, -36.86025 ], [ -71.48684, -36.86088 ], [ -71.48655, -36.86182 ], [ -71.48642, -36.86205 ], [ -71.48612, -36.8623 ], [ -71.48521, -36.86275 ], [ -71.48417, -36.8629 ], [ -71.48326, -36.86289 ] ], [ [ -71.43907, -36.86912 ], [ -71.44127, -36.86963 ], [ -71.44248, -36.87035 ], [ -71.44365, -36.87063 ], [ -71.44524, -36.87121 ], [ -71.44695, -36.87127 ], [ -71.44867, -36.87145 ], [ -71.44952, -36.87163 ], [ -71.45304, -36.87284 ], [ -71.4535, -36.8734 ], [ -71.45478, -36.87445 ], [ -71.45603, -36.87476 ], [ -71.45628, -36.87495 ], [ -71.45693, -36.87522 ], [ -71.45793, -36.87598 ], [ -71.45829, -36.87613 ], [ -71.45856, -36.87635 ], [ -71.45935, -36.87666 ], [ -71.45978, -36.87692 ], [ -71.4606, -36.87717 ], [ -71.46118, -36.87761 ], [ -71.46145, -36.87762 ], [ -71.46186, -36.87783 ], [ -71.46243, -36.8786 ], [ -71.46426, -36.87938 ], [ -71.4647, -36.88002 ], [ -71.46478, -36.88025 ], [ -71.46472, -36.88063 ], [ -71.4648, -36.88147 ], [ -71.46502, -36.88184 ], [ -71.46502, -36.88251 ], [ -71.46479, -36.88267 ], [ -71.46323, -36.88232 ], [ -71.46247, -36.8823 ], [ -71.46113, -36.88182 ], [ -71.45922, -36.88064 ], [ -71.45732, -36.87989 ], [ -71.4565, -36.87919 ], [ -71.45559, -36.87864 ], [ -71.45469, -36.87837 ], [ -71.45299, -36.87805 ], [ -71.4513, -36.87801 ], [ -71.44867, -36.87664 ], [ -71.44661, -36.87604 ], [ -71.44401, -36.87573 ], [ -71.4417, -36.87578 ], [ -71.43939, -36.87597 ], [ -71.43736, -36.87651 ], [ -71.43442, -36.8765 ], [ -71.43067, -36.87615 ], [ -71.42913, -36.87547 ], [ -71.42768, -36.87456 ], [ -71.42648, -36.8733 ], [ -71.42602, -36.87138 ], [ -71.42699, -36.8708 ], [ -71.42899, -36.87047 ], [ -71.43193, -36.86955 ], [ -71.43418, -36.86913 ], [ -71.43907, -36.86912 ] ], [ [ -71.46494, -36.88933 ], [ -71.46616, -36.89028 ], [ -71.46703, -36.89074 ], [ -71.46808, -36.89117 ], [ -71.46905, -36.8918 ], [ -71.46957, -36.8925 ], [ -71.47062, -36.89363 ], [ -71.47105, -36.89449 ], [ -71.4722, -36.89531 ], [ -71.47281, -36.89653 ], [ -71.47375, -36.89732 ], [ -71.47414, -36.89746 ], [ -71.47425, -36.89794 ], [ -71.47442, -36.89827 ], [ -71.47576, -36.89944 ], [ -71.47598, -36.89972 ], [ -71.47636, -36.9006 ], [ -71.47771, -36.90152 ], [ -71.47925, -36.90217 ], [ -71.48146, -36.90397 ], [ -71.4824, -36.9044 ], [ -71.48307, -36.90511 ], [ -71.48318, -36.90547 ], [ -71.48316, -36.90684 ], [ -71.48458, -36.90803 ], [ -71.48718, -36.90848 ], [ -71.48853, -36.90909 ], [ -71.4913, -36.90918 ], [ -71.49414, -36.90876 ], [ -71.49564, -36.90844 ], [ -71.49801, -36.90739 ], [ -71.50041, -36.90712 ], [ -71.50252, -36.90651 ], [ -71.50519, -36.90617 ], [ -71.50706, -36.90627 ], [ -71.51004, -36.90735 ], [ -71.51282, -36.90801 ], [ -71.51426, -36.90855 ], [ -71.5157, -36.90888 ], [ -71.51854, -36.90921 ], [ -71.52184, -36.90918 ], [ -71.52302, -36.90902 ], [ -71.52524, -36.90842 ], [ -71.52612, -36.9084 ], [ -71.52653, -36.90879 ], [ -71.52641, -36.90958 ], [ -71.52583, -36.91095 ], [ -71.52438, -36.91277 ], [ -71.52325, -36.91365 ], [ -71.52084, -36.9137 ], [ -71.51571, -36.91474 ], [ -71.51406, -36.91585 ], [ -71.51156, -36.9159 ], [ -71.50826, -36.91535 ], [ -71.50473, -36.91506 ], [ -71.49558, -36.91483 ], [ -71.49233, -36.91327 ], [ -71.49001, -36.91331 ], [ -71.48677, -36.91299 ], [ -71.48545, -36.91318 ], [ -71.48451, -36.91294 ], [ -71.4831, -36.91294 ], [ -71.48126, -36.91322 ], [ -71.47978, -36.91355 ], [ -71.4783, -36.91375 ], [ -71.47698, -36.9142 ], [ -71.47514, -36.9146 ], [ -71.47322, -36.91481 ], [ -71.46558, -36.91509 ], [ -71.46268, -36.91491 ], [ -71.45865, -36.91446 ], [ -71.45347, -36.91493 ], [ -71.45148, -36.91533 ], [ -71.44882, -36.91568 ], [ -71.44585, -36.91556 ], [ -71.44329, -36.91515 ], [ -71.4428, -36.91402 ], [ -71.44211, -36.91336 ], [ -71.44033, -36.91255 ], [ -71.44002, -36.91233 ], [ -71.43982, -36.91212 ], [ -71.43963, -36.91174 ], [ -71.43916, -36.91126 ], [ -71.43854, -36.91093 ], [ -71.43825, -36.91066 ], [ -71.43792, -36.91019 ], [ -71.43791, -36.90971 ], [ -71.43773, -36.90888 ], [ -71.4371, -36.90764 ], [ -71.43613, -36.90504 ], [ -71.436, -36.90448 ], [ -71.4357, -36.90392 ], [ -71.4354, -36.90278 ], [ -71.43472, -36.90147 ], [ -71.43451, -36.90123 ], [ -71.4341, -36.89995 ], [ -71.43313, -36.89818 ], [ -71.43301, -36.89762 ], [ -71.43342, -36.89656 ], [ -71.43355, -36.89599 ], [ -71.43351, -36.89559 ], [ -71.43372, -36.89526 ], [ -71.43378, -36.89499 ], [ -71.43424, -36.89455 ], [ -71.43478, -36.89371 ], [ -71.43491, -36.89325 ], [ -71.43492, -36.89192 ], [ -71.43479, -36.89099 ], [ -71.43485, -36.89018 ], [ -71.4346, -36.88957 ], [ -71.43406, -36.88898 ], [ -71.4333, -36.88834 ], [ -71.43209, -36.88777 ], [ -71.43109, -36.88672 ], [ -71.43063, -36.88613 ], [ -71.43016, -36.8852 ], [ -71.42982, -36.88487 ], [ -71.42932, -36.88419 ], [ -71.4293, -36.88406 ], [ -71.42988, -36.88248 ], [ -71.43184, -36.88258 ], [ -71.43469, -36.88252 ], [ -71.43672, -36.88212 ], [ -71.44099, -36.88196 ], [ -71.44284, -36.88143 ], [ -71.44479, -36.8811 ], [ -71.44613, -36.88107 ], [ -71.44873, -36.88159 ], [ -71.44961, -36.88148 ], [ -71.45164, -36.88098 ], [ -71.45257, -36.88087 ], [ -71.45358, -36.88105 ], [ -71.4548, -36.88143 ], [ -71.4551, -36.88158 ], [ -71.45533, -36.88183 ], [ -71.45754, -36.88222 ], [ -71.4581, -36.88244 ], [ -71.45921, -36.88337 ], [ -71.46029, -36.88399 ], [ -71.46118, -36.8849 ], [ -71.46153, -36.88575 ], [ -71.46188, -36.88629 ], [ -71.46297, -36.88703 ], [ -71.46344, -36.88793 ], [ -71.46428, -36.88908 ], [ -71.46494, -36.88933 ] ], [ [ -71.4304, -36.91463 ], [ -71.42883, -36.91389 ], [ -71.42783, -36.91239 ], [ -71.42732, -36.91126 ], [ -71.42776, -36.91001 ], [ -71.42846, -36.90971 ], [ -71.42959, -36.90787 ], [ -71.42929, -36.90578 ], [ -71.42824, -36.90284 ], [ -71.4277, -36.90076 ], [ -71.42489, -36.89452 ], [ -71.42506, -36.89232 ], [ -71.42488, -36.89051 ], [ -71.42484, -36.88909 ], [ -71.42525, -36.889 ], [ -71.42584, -36.88904 ], [ -71.42749, -36.88946 ], [ -71.4283, -36.89007 ], [ -71.42881, -36.89104 ], [ -71.42947, -36.89302 ], [ -71.42964, -36.89383 ], [ -71.43039, -36.89589 ], [ -71.43061, -36.89741 ], [ -71.43091, -36.89846 ], [ -71.43151, -36.89947 ], [ -71.43156, -36.90004 ], [ -71.43212, -36.90086 ], [ -71.43217, -36.90141 ], [ -71.43251, -36.90209 ], [ -71.43282, -36.90328 ], [ -71.4331, -36.9037 ], [ -71.43395, -36.90631 ], [ -71.4349, -36.90724 ], [ -71.43507, -36.90762 ], [ -71.43606, -36.9108 ], [ -71.43646, -36.91134 ], [ -71.43712, -36.91247 ], [ -71.4386, -36.91334 ], [ -71.43949, -36.91402 ], [ -71.4399, -36.9148 ], [ -71.43965, -36.91542 ], [ -71.43901, -36.91572 ], [ -71.43846, -36.9158 ], [ -71.43566, -36.91585 ], [ -71.4334, -36.91571 ], [ -71.43186, -36.91574 ], [ -71.4304, -36.91463 ] ], [ [ -71.64334, -36.85954 ], [ -71.64533, -36.85949 ], [ -71.64634, -36.85976 ], [ -71.64821, -36.86046 ], [ -71.6491, -36.86153 ], [ -71.64925, -36.86358 ], [ -71.64909, -36.86485 ], [ -71.64785, -36.86536 ], [ -71.64693, -36.86681 ], [ -71.64659, -36.86777 ], [ -71.64686, -36.86908 ], [ -71.64817, -36.8706 ], [ -71.64977, -36.87142 ], [ -71.65048, -36.87161 ], [ -71.65178, -36.8717 ], [ -71.65249, -36.87196 ], [ -71.65258, -36.87246 ], [ -71.65237, -36.87279 ], [ -71.65156, -36.87281 ], [ -71.64946, -36.87232 ], [ -71.64854, -36.87234 ], [ -71.64702, -36.87253 ], [ -71.64636, -36.87278 ], [ -71.64583, -36.87363 ], [ -71.6457, -36.87417 ], [ -71.64483, -36.87478 ], [ -71.64366, -36.87511 ], [ -71.64325, -36.87613 ], [ -71.64215, -36.87675 ], [ -71.64028, -36.8784 ], [ -71.63853, -36.87928 ], [ -71.63763, -36.88102 ], [ -71.63588, -36.88208 ], [ -71.63366, -36.88225 ], [ -71.6319, -36.88276 ], [ -71.63031, -36.88393 ], [ -71.62968, -36.88508 ], [ -71.62845, -36.88612 ], [ -71.62615, -36.88886 ], [ -71.62485, -36.89003 ], [ -71.62003, -36.89236 ], [ -71.61915, -36.89259 ], [ -71.61749, -36.89363 ], [ -71.61369, -36.89436 ], [ -71.61152, -36.89612 ], [ -71.61023, -36.89758 ], [ -71.60718, -36.89944 ], [ -71.60543, -36.90041 ], [ -71.60341, -36.90117 ], [ -71.60295, -36.90346 ], [ -71.60246, -36.90469 ], [ -71.60198, -36.90635 ], [ -71.59944, -36.90762 ], [ -71.59814, -36.90851 ], [ -71.59091, -36.91088 ], [ -71.59005, -36.91176 ], [ -71.58835, -36.91423 ], [ -71.58707, -36.91576 ], [ -71.58647, -36.91663 ], [ -71.58472, -36.91753 ], [ -71.58287, -36.91807 ], [ -71.58164, -36.91867 ], [ -71.57947, -36.92014 ], [ -71.57731, -36.92234 ], [ -71.57565, -36.92337 ], [ -71.57444, -36.9244 ], [ -71.57341, -36.92543 ], [ -71.57248, -36.92688 ], [ -71.57169, -36.92747 ], [ -71.56968, -36.92851 ], [ -71.5673, -36.92942 ], [ -71.56352, -36.93072 ], [ -71.56229, -36.93125 ], [ -71.56017, -36.93186 ], [ -71.55762, -36.93299 ], [ -71.55486, -36.93291 ], [ -71.55321, -36.93423 ], [ -71.55338, -36.93616 ], [ -71.55323, -36.93702 ], [ -71.55289, -36.93774 ], [ -71.55255, -36.93808 ], [ -71.55204, -36.93891 ], [ -71.55167, -36.94025 ], [ -71.5517, -36.94111 ], [ -71.55161, -36.94206 ], [ -71.55105, -36.94303 ], [ -71.55109, -36.94589 ], [ -71.55094, -36.94685 ], [ -71.55037, -36.94753 ], [ -71.54891, -36.94847 ], [ -71.54742, -36.95052 ], [ -71.54711, -36.95141 ], [ -71.54626, -36.95272 ], [ -71.54581, -36.9533 ], [ -71.54454, -36.95461 ], [ -71.54385, -36.95506 ], [ -71.54175, -36.95612 ], [ -71.54063, -36.95657 ], [ -71.53892, -36.95776 ], [ -71.53857, -36.95812 ], [ -71.53747, -36.95876 ], [ -71.53499, -36.95941 ], [ -71.53361, -36.95987 ], [ -71.53294, -36.96022 ], [ -71.53256, -36.96051 ], [ -71.53234, -36.96088 ], [ -71.53187, -36.96123 ], [ -71.53112, -36.96159 ], [ -71.53062, -36.96208 ], [ -71.52963, -36.96252 ], [ -71.52905, -36.96295 ], [ -71.52813, -36.96329 ], [ -71.52751, -36.96364 ], [ -71.52624, -36.96462 ], [ -71.52575, -36.96488 ], [ -71.52523, -36.96537 ], [ -71.5249, -36.96592 ], [ -71.52485, -36.96643 ], [ -71.5246, -36.96736 ], [ -71.52411, -36.96769 ], [ -71.52296, -36.96815 ], [ -71.52219, -36.96895 ], [ -71.52048, -36.96891 ], [ -71.52008, -36.96898 ], [ -71.51975, -36.96931 ], [ -71.51964, -36.97078 ], [ -71.51941, -36.97116 ], [ -71.51791, -36.97183 ], [ -71.51614, -36.9723 ], [ -71.51534, -36.9721 ], [ -71.51373, -36.97206 ], [ -71.51231, -36.97238 ], [ -71.51189, -36.97303 ], [ -71.51174, -36.97396 ], [ -71.51078, -36.97449 ], [ -71.50981, -36.97479 ], [ -71.50902, -36.97494 ], [ -71.50713, -36.97516 ], [ -71.50631, -36.97517 ], [ -71.50519, -36.9749 ], [ -71.50219, -36.97508 ], [ -71.50077, -36.97484 ], [ -71.49777, -36.9741 ], [ -71.49588, -36.97325 ], [ -71.4952, -36.97269 ], [ -71.4944, -36.97223 ], [ -71.4932, -36.97169 ], [ -71.49217, -36.97112 ], [ -71.49122, -36.97024 ], [ -71.48636, -36.96725 ], [ -71.48571, -36.96643 ], [ -71.48273, -36.96396 ], [ -71.48161, -36.96276 ], [ -71.48085, -36.96215 ], [ -71.48035, -36.96147 ], [ -71.47911, -36.96105 ], [ -71.47821, -36.96048 ], [ -71.47655, -36.96003 ], [ -71.47542, -36.95961 ], [ -71.47442, -36.95911 ], [ -71.47236, -36.95827 ], [ -71.47141, -36.95752 ], [ -71.46768, -36.95688 ], [ -71.46321, -36.9564 ], [ -71.461, -36.95594 ], [ -71.45615, -36.95533 ], [ -71.45403, -36.95525 ], [ -71.45327, -36.95505 ], [ -71.4509, -36.95472 ], [ -71.44891, -36.95423 ], [ -71.44578, -36.95384 ], [ -71.44463, -36.95387 ], [ -71.44288, -36.95369 ], [ -71.44085, -36.954 ], [ -71.43907, -36.95407 ], [ -71.43769, -36.95395 ], [ -71.43638, -36.95365 ], [ -71.43608, -36.95351 ], [ -71.43558, -36.95301 ], [ -71.43326, -36.95246 ], [ -71.43129, -36.9514 ], [ -71.42972, -36.95083 ], [ -71.42884, -36.95023 ], [ -71.42826, -36.94926 ], [ -71.42584, -36.94793 ], [ -71.42508, -36.94741 ], [ -71.42511, -36.94616 ], [ -71.42516, -36.94547 ], [ -71.4253, -36.94499 ], [ -71.42544, -36.94246 ], [ -71.42497, -36.94178 ], [ -71.42425, -36.94138 ], [ -71.42223, -36.94065 ], [ -71.42133, -36.94045 ], [ -71.42095, -36.94019 ], [ -71.41949, -36.93975 ], [ -71.41674, -36.93849 ], [ -71.41309, -36.93705 ], [ -71.41173, -36.93618 ], [ -71.41034, -36.93576 ], [ -71.40974, -36.93577 ], [ -71.40933, -36.93563 ], [ -71.4091, -36.93531 ], [ -71.40849, -36.93475 ], [ -71.40766, -36.93441 ], [ -71.4068, -36.93416 ], [ -71.40566, -36.9343 ], [ -71.40529, -36.93464 ], [ -71.40459, -36.93492 ], [ -71.40393, -36.93509 ], [ -71.40211, -36.93509 ], [ -71.40051, -36.9348 ], [ -71.39968, -36.93445 ], [ -71.39716, -36.93315 ], [ -71.39679, -36.93254 ], [ -71.39658, -36.93178 ], [ -71.39573, -36.93094 ], [ -71.39534, -36.9299 ], [ -71.39486, -36.92809 ], [ -71.39467, -36.92767 ], [ -71.39465, -36.92705 ], [ -71.39375, -36.92468 ], [ -71.39239, -36.92299 ], [ -71.39098, -36.92154 ], [ -71.3873, -36.91971 ], [ -71.38622, -36.91935 ], [ -71.3859, -36.91878 ], [ -71.3853, -36.91841 ], [ -71.38388, -36.91673 ], [ -71.38414, -36.91577 ], [ -71.38521, -36.91388 ], [ -71.38528, -36.91278 ], [ -71.38435, -36.9114 ], [ -71.38357, -36.911 ], [ -71.38197, -36.91077 ], [ -71.38112, -36.91079 ], [ -71.37987, -36.91063 ], [ -71.37883, -36.91033 ], [ -71.37733, -36.90925 ], [ -71.37701, -36.9089 ], [ -71.37629, -36.90742 ], [ -71.37623, -36.90667 ], [ -71.3766, -36.9058 ], [ -71.37684, -36.90476 ], [ -71.37747, -36.90382 ], [ -71.37805, -36.90117 ], [ -71.37862, -36.90022 ], [ -71.37913, -36.89968 ], [ -71.37954, -36.89871 ], [ -71.37966, -36.89764 ], [ -71.38098, -36.89481 ], [ -71.38199, -36.89401 ], [ -71.38288, -36.89388 ], [ -71.38429, -36.89403 ], [ -71.3864, -36.89488 ], [ -71.39171, -36.89626 ], [ -71.39177, -36.8964 ], [ -71.39452, -36.89778 ], [ -71.39535, -36.89836 ], [ -71.39686, -36.89907 ], [ -71.39748, -36.89913 ], [ -71.40018, -36.89994 ], [ -71.40069, -36.90028 ], [ -71.40124, -36.9008 ], [ -71.40149, -36.9011 ], [ -71.40172, -36.90181 ], [ -71.402, -36.90217 ], [ -71.40299, -36.90262 ], [ -71.40407, -36.90296 ], [ -71.4051, -36.90356 ], [ -71.4055, -36.90393 ], [ -71.40637, -36.90506 ], [ -71.4065, -36.90551 ], [ -71.40687, -36.90607 ], [ -71.4073, -36.9064 ], [ -71.40807, -36.90719 ], [ -71.40886, -36.90773 ], [ -71.40991, -36.9083 ], [ -71.41121, -36.90887 ], [ -71.41487, -36.91035 ], [ -71.41741, -36.91173 ], [ -71.41914, -36.91244 ], [ -71.42159, -36.91325 ], [ -71.42309, -36.91339 ], [ -71.42425, -36.914 ], [ -71.42656, -36.91481 ], [ -71.42772, -36.91553 ], [ -71.42887, -36.91579 ], [ -71.42974, -36.91635 ], [ -71.43048, -36.91713 ], [ -71.43142, -36.91751 ], [ -71.4322, -36.9175 ], [ -71.43299, -36.91771 ], [ -71.43501, -36.9176 ], [ -71.43678, -36.91814 ], [ -71.43878, -36.91832 ], [ -71.43954, -36.91826 ], [ -71.44057, -36.91792 ], [ -71.44101, -36.9179 ], [ -71.44224, -36.9181 ], [ -71.44334, -36.91801 ], [ -71.44505, -36.91748 ], [ -71.44521, -36.91724 ], [ -71.44551, -36.91716 ], [ -71.44643, -36.91717 ], [ -71.44992, -36.91762 ], [ -71.45094, -36.91737 ], [ -71.45213, -36.91728 ], [ -71.4528, -36.91695 ], [ -71.45426, -36.91664 ], [ -71.45503, -36.9168 ], [ -71.45583, -36.91685 ], [ -71.45781, -36.9162 ], [ -71.45839, -36.91623 ], [ -71.45902, -36.91643 ], [ -71.45947, -36.91645 ], [ -71.45975, -36.91673 ], [ -71.46172, -36.91719 ], [ -71.46252, -36.91711 ], [ -71.46378, -36.91744 ], [ -71.46466, -36.91728 ], [ -71.46612, -36.91678 ], [ -71.46767, -36.91668 ], [ -71.46839, -36.91677 ], [ -71.46889, -36.91697 ], [ -71.47032, -36.9173 ], [ -71.47153, -36.91735 ], [ -71.47202, -36.91748 ], [ -71.47281, -36.91725 ], [ -71.47472, -36.91696 ], [ -71.47873, -36.91573 ], [ -71.48011, -36.91552 ], [ -71.48095, -36.91551 ], [ -71.48285, -36.91486 ], [ -71.48427, -36.91476 ], [ -71.48534, -36.91484 ], [ -71.4866, -36.91507 ], [ -71.48815, -36.915 ], [ -71.48869, -36.91509 ], [ -71.48958, -36.91511 ], [ -71.49075, -36.91544 ], [ -71.49175, -36.9161 ], [ -71.4926, -36.91623 ], [ -71.49515, -36.91635 ], [ -71.49757, -36.91687 ], [ -71.499, -36.91709 ], [ -71.50094, -36.9177 ], [ -71.50157, -36.91797 ], [ -71.50424, -36.91802 ], [ -71.50647, -36.91822 ], [ -71.50943, -36.91831 ], [ -71.5104, -36.91816 ], [ -71.5117, -36.91824 ], [ -71.51335, -36.91798 ], [ -71.5148, -36.91787 ], [ -71.51544, -36.91775 ], [ -71.51632, -36.91742 ], [ -71.51712, -36.91607 ], [ -71.51778, -36.91581 ], [ -71.51849, -36.91577 ], [ -71.51977, -36.91588 ], [ -71.52227, -36.91558 ], [ -71.52429, -36.91517 ], [ -71.52667, -36.91431 ], [ -71.52727, -36.91396 ], [ -71.52776, -36.91327 ], [ -71.5278, -36.91296 ], [ -71.52815, -36.91232 ], [ -71.52817, -36.91199 ], [ -71.52843, -36.91158 ], [ -71.52818, -36.90961 ], [ -71.5283, -36.90932 ], [ -71.5289, -36.909 ], [ -71.52959, -36.90876 ], [ -71.53129, -36.90855 ], [ -71.53352, -36.90787 ], [ -71.53421, -36.90794 ], [ -71.53504, -36.90842 ], [ -71.53632, -36.9089 ], [ -71.53734, -36.90893 ], [ -71.5378, -36.90872 ], [ -71.53829, -36.90835 ], [ -71.53844, -36.90801 ], [ -71.53873, -36.90784 ], [ -71.53892, -36.9076 ], [ -71.5394, -36.90749 ], [ -71.54042, -36.90756 ], [ -71.54184, -36.90724 ], [ -71.54284, -36.90665 ], [ -71.54347, -36.90623 ], [ -71.54405, -36.90571 ], [ -71.54476, -36.90491 ], [ -71.54544, -36.90459 ], [ -71.54584, -36.90417 ], [ -71.54658, -36.90318 ], [ -71.54687, -36.90215 ], [ -71.54818, -36.89967 ], [ -71.54882, -36.89908 ], [ -71.5497, -36.89799 ], [ -71.55065, -36.89704 ], [ -71.55204, -36.89596 ], [ -71.55257, -36.89513 ], [ -71.55329, -36.89458 ], [ -71.55371, -36.894 ], [ -71.55455, -36.89329 ], [ -71.55557, -36.89269 ], [ -71.55607, -36.89259 ], [ -71.5565, -36.89236 ], [ -71.55774, -36.89207 ], [ -71.55794, -36.89183 ], [ -71.55944, -36.89146 ], [ -71.55998, -36.89145 ], [ -71.5606, -36.8913 ], [ -71.561, -36.8911 ], [ -71.56198, -36.89096 ], [ -71.56248, -36.89071 ], [ -71.56398, -36.89049 ], [ -71.56475, -36.8903 ], [ -71.56579, -36.89024 ], [ -71.56739, -36.88946 ], [ -71.56868, -36.88908 ], [ -71.56912, -36.88883 ], [ -71.56948, -36.88855 ], [ -71.56961, -36.88807 ], [ -71.57091, -36.887 ], [ -71.57132, -36.88653 ], [ -71.5725, -36.8857 ], [ -71.57233, -36.88479 ], [ -71.57263, -36.8833 ], [ -71.57306, -36.88311 ], [ -71.57612, -36.88099 ], [ -71.57716, -36.88016 ], [ -71.57784, -36.87935 ], [ -71.57889, -36.8787 ], [ -71.58007, -36.87764 ], [ -71.58223, -36.87639 ], [ -71.58334, -36.87539 ], [ -71.58474, -36.87468 ], [ -71.58621, -36.87407 ], [ -71.58803, -36.87306 ], [ -71.58951, -36.87257 ], [ -71.59149, -36.87207 ], [ -71.59334, -36.87197 ], [ -71.59496, -36.87159 ], [ -71.59887, -36.87116 ], [ -71.60193, -36.8711 ], [ -71.6033, -36.87164 ], [ -71.6079, -36.87285 ], [ -71.60925, -36.87283 ], [ -71.61017, -36.87263 ], [ -71.61188, -36.87254 ], [ -71.61351, -36.87227 ], [ -71.61498, -36.87173 ], [ -71.61654, -36.87135 ], [ -71.61907, -36.87043 ], [ -71.61998, -36.8699 ], [ -71.62391, -36.86821 ], [ -71.62553, -36.86772 ], [ -71.62637, -36.86735 ], [ -71.62777, -36.86658 ], [ -71.62861, -36.86627 ], [ -71.62959, -36.8658 ], [ -71.63136, -36.86541 ], [ -71.63176, -36.86449 ], [ -71.63301, -36.86355 ], [ -71.63328, -36.86308 ], [ -71.63445, -36.86203 ], [ -71.63704, -36.86082 ], [ -71.6376, -36.86035 ], [ -71.63817, -36.86045 ], [ -71.64173, -36.86055 ], [ -71.64334, -36.85954 ] ], [ [ -71.48115, -36.89964 ], [ -71.48039, -36.89923 ], [ -71.47957, -36.89853 ], [ -71.47729, -36.89708 ], [ -71.47654, -36.89595 ], [ -71.4725, -36.8921 ], [ -71.47084, -36.89041 ], [ -71.46884, -36.88895 ], [ -71.46766, -36.88833 ], [ -71.46574, -36.88694 ], [ -71.46491, -36.88596 ], [ -71.46472, -36.88546 ], [ -71.46544, -36.88357 ], [ -71.46562, -36.88273 ], [ -71.46561, -36.88233 ], [ -71.46526, -36.88109 ], [ -71.46525, -36.88067 ], [ -71.4654, -36.88021 ], [ -71.46535, -36.87986 ], [ -71.46656, -36.88071 ], [ -71.46936, -36.88173 ], [ -71.47248, -36.88423 ], [ -71.47387, -36.88569 ], [ -71.47616, -36.8879 ], [ -71.47894, -36.89124 ], [ -71.47982, -36.89302 ], [ -71.48004, -36.89717 ], [ -71.48225, -36.8993 ], [ -71.48319, -36.89968 ], [ -71.4896, -36.89955 ], [ -71.49216, -36.89938 ], [ -71.49564, -36.89902 ], [ -71.49922, -36.89963 ], [ -71.50228, -36.89963 ], [ -71.50322, -36.89989 ], [ -71.50472, -36.90009 ], [ -71.50552, -36.90059 ], [ -71.50622, -36.90083 ], [ -71.50972, -36.90257 ], [ -71.51081, -36.90319 ], [ -71.51022, -36.90421 ], [ -71.50693, -36.90435 ], [ -71.50542, -36.90457 ], [ -71.50071, -36.905 ], [ -71.49678, -36.90551 ], [ -71.49469, -36.9053 ], [ -71.49341, -36.90504 ], [ -71.49278, -36.90479 ], [ -71.49188, -36.90474 ], [ -71.48886, -36.90563 ], [ -71.48797, -36.9058 ], [ -71.48696, -36.90586 ], [ -71.4855, -36.90563 ], [ -71.48531, -36.90542 ], [ -71.48436, -36.90344 ], [ -71.48393, -36.90292 ], [ -71.48298, -36.90211 ], [ -71.48179, -36.90011 ], [ -71.48115, -36.89964 ] ] ] } },
{ "type": "Feature", "properties": { "objectid": 318, "peligro": "Bajo", "volcan": null, "globalid_1": "c978f846-05cf-4eaf-bfe2-91fdba3717eb", "Shape__Area": 0.00054233983155427268, "Shape__Length": 0.39429707537279512 }, "geometry": { "type": "Polygon", "coordinates": [ [ [ -71.25393, -36.74483 ], [ -71.25419, -36.74173 ], [ -71.2558, -36.73928 ], [ -71.25667, -36.7387 ], [ -71.25467, -36.73935 ], [ -71.25419, -36.73994 ], [ -71.25285, -36.74036 ], [ -71.25237, -36.741 ], [ -71.24956, -36.74231 ], [ -71.24901, -36.74301 ], [ -71.24803, -36.74337 ], [ -71.24745, -36.74315 ], [ -71.24633, -36.74352 ], [ -71.24505, -36.74371 ], [ -71.24273, -36.74462 ], [ -71.24192, -36.74484 ], [ -71.23831, -36.74805 ], [ -71.23697, -36.75094 ], [ -71.23576, -36.75175 ], [ -71.23556, -36.75225 ], [ -71.23552, -36.75345 ], [ -71.23482, -36.75398 ], [ -71.23456, -36.75479 ], [ -71.23387, -36.75554 ], [ -71.23297, -36.75625 ], [ -71.23235, -36.757 ], [ -71.2313, -36.75742 ], [ -71.22928, -36.75889 ], [ -71.22784, -36.76092 ], [ -71.22708, -36.76168 ], [ -71.22689, -36.76254 ], [ -71.22606, -36.76342 ], [ -71.22508, -36.76395 ], [ -71.2241, -36.76442 ], [ -71.2229, -36.76479 ], [ -71.22198, -36.76498 ], [ -71.22121, -36.76528 ], [ -71.21852, -36.7659 ], [ -71.21767, -36.76592 ], [ -71.21605, -36.76545 ], [ -71.2119, -36.76603 ], [ -71.21048, -36.76677 ], [ -71.21064, -36.76736 ], [ -71.21029, -36.76797 ], [ -71.20993, -36.76833 ], [ -71.20927, -36.76876 ], [ -71.20818, -36.76932 ], [ -71.20693, -36.76976 ], [ -71.20615, -36.77096 ], [ -71.20426, -36.77237 ], [ -71.20405, -36.77279 ], [ -71.20362, -36.77328 ], [ -71.20274, -36.77365 ], [ -71.20164, -36.77379 ], [ -71.20068, -36.77417 ], [ -71.19334, -36.77406 ], [ -71.19165, -36.77415 ], [ -71.18631, -36.77467 ], [ -71.18405, -36.77549 ], [ -71.18206, -36.77594 ], [ -71.18067, -36.7765 ], [ -71.1778, -36.77704 ], [ -71.17539, -36.77822 ], [ -71.17351, -36.77876 ], [ -71.17283, -36.77969 ], [ -71.17014, -36.78146 ], [ -71.16956, -36.78225 ], [ -71.16737, -36.78336 ], [ -71.16674, -36.78463 ], [ -71.1658, -36.78536 ], [ -71.16353, -36.78629 ], [ -71.1611, -36.78699 ], [ -71.15993, -36.78773 ], [ -71.15973, -36.78821 ], [ -71.15835, -36.78919 ], [ -71.15731, -36.78933 ], [ -71.15621, -36.78959 ], [ -71.15533, -36.79002 ], [ -71.15447, -36.79093 ], [ -71.15381, -36.79148 ], [ -71.15264, -36.79186 ], [ -71.15049, -36.79207 ], [ -71.1489, -36.79265 ], [ -71.14773, -36.79354 ], [ -71.14639, -36.79408 ], [ -71.14577, -36.79454 ], [ -71.14501, -36.79547 ], [ -71.14376, -36.79664 ], [ -71.14356, -36.79699 ], [ -71.14295, -36.79826 ], [ -71.1427, -36.79958 ], [ -71.14273, -36.80032 ], [ -71.14304, -36.80123 ], [ -71.14326, -36.80169 ], [ -71.14378, -36.80231 ], [ -71.14401, -36.80305 ], [ -71.14384, -36.80454 ], [ -71.14358, -36.80557 ], [ -71.1436, -36.80603 ], [ -71.14425, -36.80659 ], [ -71.14483, -36.80681 ], [ -71.14541, -36.80714 ], [ -71.14564, -36.80771 ], [ -71.14577, -36.81 ], [ -71.14615, -36.81079 ], [ -71.14624, -36.81136 ], [ -71.14683, -36.81232 ], [ -71.147, -36.81341 ], [ -71.14766, -36.8138 ], [ -71.14815, -36.81379 ], [ -71.14858, -36.81361 ], [ -71.1487, -36.81303 ], [ -71.14859, -36.81172 ], [ -71.14873, -36.81132 ], [ -71.1485, -36.81086 ], [ -71.14833, -36.80984 ], [ -71.1481, -36.80933 ], [ -71.14776, -36.80721 ], [ -71.14753, -36.80665 ], [ -71.14694, -36.80586 ], [ -71.14684, -36.80488 ], [ -71.14631, -36.80369 ], [ -71.14606, -36.80249 ], [ -71.14568, -36.8017 ], [ -71.14552, -36.80107 ], [ -71.14549, -36.79981 ], [ -71.14569, -36.7993 ], [ -71.1461, -36.79895 ], [ -71.14642, -36.79768 ], [ -71.14697, -36.79693 ], [ -71.14781, -36.79645 ], [ -71.15049, -36.79527 ], [ -71.15327, -36.79345 ], [ -71.15554, -36.79277 ], [ -71.15786, -36.79169 ], [ -71.15983, -36.79103 ], [ -71.16305, -36.78919 ], [ -71.16522, -36.78822 ], [ -71.16807, -36.78751 ], [ -71.16969, -36.78684 ], [ -71.17049, -36.78605 ], [ -71.17105, -36.78502 ], [ -71.17193, -36.78465 ], [ -71.17318, -36.78445 ], [ -71.17434, -36.78353 ], [ -71.17567, -36.78339 ], [ -71.1767, -36.78307 ], [ -71.17734, -36.78199 ], [ -71.17793, -36.7818 ], [ -71.1788, -36.78136 ], [ -71.1796, -36.78081 ], [ -71.18061, -36.77984 ], [ -71.18207, -36.7791 ], [ -71.18421, -36.7787 ], [ -71.18576, -36.77855 ], [ -71.18672, -36.77812 ], [ -71.18744, -36.77739 ], [ -71.18847, -36.77719 ], [ -71.19047, -36.77716 ], [ -71.19221, -36.77684 ], [ -71.19353, -36.77633 ], [ -71.19661, -36.77597 ], [ -71.19882, -36.77626 ], [ -71.20421, -36.77565 ], [ -71.2045, -36.77541 ], [ -71.20508, -36.77516 ], [ -71.20597, -36.77496 ], [ -71.20685, -36.77459 ], [ -71.20698, -36.77411 ], [ -71.2077, -36.7732 ], [ -71.20828, -36.77271 ], [ -71.20914, -36.7718 ], [ -71.20942, -36.77132 ], [ -71.2106, -36.771 ], [ -71.21132, -36.77021 ], [ -71.21188, -36.76937 ], [ -71.2124, -36.7693 ], [ -71.21306, -36.76905 ], [ -71.21349, -36.7685 ], [ -71.21401, -36.76843 ], [ -71.21475, -36.7686 ], [ -71.21514, -36.76907 ], [ -71.2153, -36.76954 ], [ -71.21524, -36.77014 ], [ -71.21459, -36.77087 ], [ -71.21387, -36.77148 ], [ -71.21344, -36.77202 ], [ -71.21295, -36.77292 ], [ -71.21275, -36.77358 ], [ -71.21195, -36.77408 ], [ -71.21146, -36.77534 ], [ -71.21059, -36.77589 ], [ -71.20852, -36.77861 ], [ -71.20784, -36.78071 ], [ -71.20714, -36.78233 ], [ -71.20679, -36.78282 ], [ -71.20666, -36.78347 ], [ -71.20667, -36.78383 ], [ -71.20567, -36.7851 ], [ -71.20501, -36.78565 ], [ -71.20437, -36.7865 ], [ -71.20395, -36.78722 ], [ -71.20272, -36.78844 ], [ -71.20237, -36.78898 ], [ -71.20225, -36.78993 ], [ -71.20155, -36.7915 ], [ -71.20103, -36.79419 ], [ -71.20069, -36.79527 ], [ -71.20065, -36.79622 ], [ -71.2013, -36.79824 ], [ -71.20169, -36.79913 ], [ -71.20217, -36.80007 ], [ -71.20263, -36.80078 ], [ -71.20308, -36.80107 ], [ -71.20325, -36.80178 ], [ -71.2032, -36.80267 ], [ -71.2025, -36.80412 ], [ -71.20238, -36.80501 ], [ -71.20325, -36.8067 ], [ -71.20506, -36.80667 ], [ -71.20515, -36.80574 ], [ -71.20497, -36.80479 ], [ -71.20531, -36.80377 ], [ -71.20582, -36.80322 ], [ -71.2058, -36.80269 ], [ -71.20525, -36.80144 ], [ -71.20491, -36.80026 ], [ -71.2046, -36.79973 ], [ -71.20384, -36.79885 ], [ -71.20426, -36.79795 ], [ -71.20371, -36.79694 ], [ -71.20389, -36.79569 ], [ -71.20456, -36.79305 ], [ -71.2052, -36.79203 ], [ -71.20539, -36.79113 ], [ -71.2061, -36.78998 ], [ -71.20608, -36.78915 ], [ -71.2062, -36.78813 ], [ -71.20641, -36.78765 ], [ -71.20677, -36.78741 ], [ -71.20721, -36.78728 ], [ -71.20743, -36.7871 ], [ -71.20784, -36.78608 ], [ -71.20798, -36.78554 ], [ -71.20877, -36.78481 ], [ -71.20905, -36.7842 ], [ -71.20904, -36.78373 ], [ -71.20953, -36.783 ], [ -71.20986, -36.78133 ], [ -71.21058, -36.7806 ], [ -71.21115, -36.77987 ], [ -71.21121, -36.77928 ], [ -71.21141, -36.7785 ], [ -71.21184, -36.77825 ], [ -71.21258, -36.77812 ], [ -71.2128, -36.77799 ], [ -71.21393, -36.77607 ], [ -71.21414, -36.77564 ], [ -71.2142, -36.77523 ], [ -71.21463, -36.77462 ], [ -71.21521, -36.77413 ], [ -71.21592, -36.77329 ], [ -71.21665, -36.77291 ], [ -71.21731, -36.77237 ], [ -71.2178, -36.77146 ], [ -71.21816, -36.7711 ], [ -71.21865, -36.77019 ], [ -71.21893, -36.76953 ], [ -71.21906, -36.76882 ], [ -71.21979, -36.76868 ], [ -71.22133, -36.76818 ], [ -71.22295, -36.76801 ], [ -71.22453, -36.76734 ], [ -71.22542, -36.7668 ], [ -71.22704, -36.76614 ], [ -71.22968, -36.76391 ], [ -71.23043, -36.76304 ], [ -71.23152, -36.76136 ], [ -71.23221, -36.76055 ], [ -71.23341, -36.76024 ], [ -71.23389, -36.75972 ], [ -71.23517, -36.75941 ], [ -71.23558, -36.759 ], [ -71.23605, -36.75796 ], [ -71.23604, -36.75761 ], [ -71.2368, -36.75703 ], [ -71.23827, -36.7562 ], [ -71.23883, -36.75567 ], [ -71.23917, -36.75509 ], [ -71.23937, -36.75469 ], [ -71.23932, -36.75309 ], [ -71.23902, -36.75252 ], [ -71.23907, -36.75172 ], [ -71.23934, -36.75137 ], [ -71.24025, -36.75078 ], [ -71.24094, -36.7502 ], [ -71.24163, -36.74938 ], [ -71.24189, -36.74863 ], [ -71.24502, -36.74623 ], [ -71.24623, -36.74626 ], [ -71.24831, -36.74606 ], [ -71.25222, -36.7455 ], [ -71.25393, -36.74483 ] ] ] } },
{ "type": "Feature", "properties": { "objectid": 319, "peligro": "Bajo", "volcan": null, "globalid_1": "37ccd1a6-221e-4c1a-90db-837f277375f5", "Shape__Area": 0.00010105641899826878, "Shape__Length": 0.10099178107675702 }, "geometry": { "type": "Polygon", "coordinates": [ [ [ -71.28601, -36.75762 ], [ -71.28397, -36.75675 ], [ -71.28257, -36.75463 ], [ -71.28144, -36.75357 ], [ -71.28151, -36.75589 ], [ -71.28132, -36.75675 ], [ -71.28106, -36.75762 ], [ -71.28019, -36.75947 ], [ -71.28, -36.76021 ], [ -71.27947, -36.76137 ], [ -71.27934, -36.76206 ], [ -71.27944, -36.7652 ], [ -71.27954, -36.76646 ], [ -71.28038, -36.76793 ], [ -71.28098, -36.76941 ], [ -71.28106, -36.76983 ], [ -71.28137, -36.77049 ], [ -71.2818, -36.77065 ], [ -71.28226, -36.77179 ], [ -71.2837, -36.77456 ], [ -71.28473, -36.77586 ], [ -71.28745, -36.77861 ], [ -71.28946, -36.77949 ], [ -71.29035, -36.78056 ], [ -71.29293, -36.7812 ], [ -71.29394, -36.78175 ], [ -71.2949, -36.78347 ], [ -71.29718, -36.7846 ], [ -71.29925, -36.78545 ], [ -71.30077, -36.78676 ], [ -71.30245, -36.78732 ], [ -71.30468, -36.78728 ], [ -71.30559, -36.78697 ], [ -71.30577, -36.78652 ], [ -71.30443, -36.78515 ], [ -71.30408, -36.78516 ], [ -71.30328, -36.78477 ], [ -71.30256, -36.78456 ], [ -71.30143, -36.7847 ], [ -71.30108, -36.78482 ], [ -71.30051, -36.78483 ], [ -71.29928, -36.78399 ], [ -71.2989, -36.78343 ], [ -71.29818, -36.78304 ], [ -71.29775, -36.78294 ], [ -71.29759, -36.78237 ], [ -71.29729, -36.7818 ], [ -71.29642, -36.78142 ], [ -71.29503, -36.7804 ], [ -71.29165, -36.77919 ], [ -71.29013, -36.77802 ], [ -71.2896, -36.77736 ], [ -71.28859, -36.77653 ], [ -71.28808, -36.77585 ], [ -71.28764, -36.77552 ], [ -71.2866, -36.77411 ], [ -71.28615, -36.77326 ], [ -71.28592, -36.77263 ], [ -71.28526, -36.77202 ], [ -71.28478, -36.77042 ], [ -71.28449, -36.76981 ], [ -71.28248, -36.76703 ], [ -71.28224, -36.76635 ], [ -71.28164, -36.76516 ], [ -71.28146, -36.76373 ], [ -71.28172, -36.76316 ], [ -71.28169, -36.7619 ], [ -71.2821, -36.76138 ], [ -71.28241, -36.76005 ], [ -71.2824, -36.75942 ], [ -71.28334, -36.75786 ], [ -71.28441, -36.75767 ], [ -71.28601, -36.75762 ] ] ] } },
{ "type": "Feature", "properties": { "objectid": 320, "peligro": "Bajo", "volcan": null, "globalid_1": "f1c8615e-780e-4c3d-9168-5cb5d879f6f7", "Shape__Area": 0.00019864776641043136, "Shape__Length": 0.18674366556140329 }, "geometry": { "type": "Polygon", "coordinates": [ [ [ -71.26089, -36.7752 ], [ -71.26208, -36.77528 ], [ -71.26356, -36.77525 ], [ -71.26526, -36.77656 ], [ -71.26511, -36.77761 ], [ -71.26516, -36.7794 ], [ -71.26511, -36.78137 ], [ -71.26564, -36.78358 ], [ -71.26567, -36.7848 ], [ -71.26615, -36.78593 ], [ -71.26635, -36.78686 ], [ -71.26637, -36.7875 ], [ -71.26667, -36.78836 ], [ -71.26611, -36.79066 ], [ -71.26614, -36.79159 ], [ -71.26601, -36.7933 ], [ -71.26657, -36.79709 ], [ -71.26687, -36.79815 ], [ -71.26689, -36.79951 ], [ -71.26841, -36.80154 ], [ -71.26938, -36.80316 ], [ -71.27044, -36.80746 ], [ -71.27359, -36.81366 ], [ -71.2744, -36.81603 ], [ -71.27557, -36.8181 ], [ -71.27842, -36.82043 ], [ -71.28049, -36.82158 ], [ -71.28242, -36.82295 ], [ -71.28552, -36.82412 ], [ -71.28749, -36.82466 ], [ -71.29149, -36.82451 ], [ -71.29221, -36.82464 ], [ -71.29347, -36.82518 ], [ -71.29455, -36.82552 ], [ -71.2969, -36.82684 ], [ -71.29727, -36.82719 ], [ -71.29756, -36.82818 ], [ -71.29821, -36.82896 ], [ -71.29937, -36.82915 ], [ -71.30045, -36.82956 ], [ -71.30231, -36.82931 ], [ -71.30302, -36.82901 ], [ -71.30407, -36.82849 ], [ -71.30476, -36.8279 ], [ -71.30599, -36.8273 ], [ -71.30634, -36.82694 ], [ -71.30855, -36.82661 ], [ -71.31007, -36.82679 ], [ -71.31122, -36.82677 ], [ -71.31336, -36.82632 ], [ -71.31359, -36.82608 ], [ -71.31376, -36.82569 ], [ -71.31383, -36.82507 ], [ -71.31334, -36.82468 ], [ -71.31284, -36.82453 ], [ -71.31154, -36.82456 ], [ -71.30915, -36.82505 ], [ -71.306, -36.82511 ], [ -71.30465, -36.82553 ], [ -71.30366, -36.82663 ], [ -71.30262, -36.82758 ], [ -71.30209, -36.82774 ], [ -71.30129, -36.82775 ], [ -71.3003, -36.82749 ], [ -71.29975, -36.82678 ], [ -71.29884, -36.82616 ], [ -71.29805, -36.82586 ], [ -71.29634, -36.82455 ], [ -71.29618, -36.82434 ], [ -71.29529, -36.82372 ], [ -71.29403, -36.82317 ], [ -71.29269, -36.82291 ], [ -71.29143, -36.82243 ], [ -71.28991, -36.82225 ], [ -71.28902, -36.82205 ], [ -71.28776, -36.82165 ], [ -71.28437, -36.82143 ], [ -71.28304, -36.82167 ], [ -71.28205, -36.82126 ], [ -71.28092, -36.81899 ], [ -71.27926, -36.81723 ], [ -71.2778, -36.8159 ], [ -71.27707, -36.81534 ], [ -71.2754, -36.81316 ], [ -71.27501, -36.8118 ], [ -71.2747, -36.81038 ], [ -71.27458, -36.80945 ], [ -71.27419, -36.80817 ], [ -71.27372, -36.80732 ], [ -71.27242, -36.80534 ], [ -71.27222, -36.80485 ], [ -71.27166, -36.80393 ], [ -71.27008, -36.80174 ], [ -71.26979, -36.80082 ], [ -71.26962, -36.79817 ], [ -71.26923, -36.79703 ], [ -71.26903, -36.79604 ], [ -71.26864, -36.79497 ], [ -71.26843, -36.79383 ], [ -71.26836, -36.79147 ], [ -71.26884, -36.78967 ], [ -71.26909, -36.78711 ], [ -71.26906, -36.786 ], [ -71.26879, -36.7851 ], [ -71.2673, -36.78284 ], [ -71.26725, -36.78098 ], [ -71.26749, -36.78004 ], [ -71.26771, -36.77839 ], [ -71.26759, -36.77746 ], [ -71.26729, -36.7764 ], [ -71.26576, -36.77462 ], [ -71.26386, -36.77301 ], [ -71.26294, -36.77213 ], [ -71.26261, -36.77247 ], [ -71.26138, -36.77473 ], [ -71.26089, -36.7752 ] ] ] } },
{ "type": "Feature", "properties": { "objectid": 321, "peligro": "Bajo", "volcan": null, "globalid_1": "a8767b6d-8039-4a1d-a5a1-58b0fa6ebeec", "Shape__Area": 0.0014053893362415693, "Shape__Length": 1.2492416607530801 }, "geometry": { "type": "Polygon", "coordinates": [ [ [ -71.25611, -36.82201 ], [ -71.25528, -36.82138 ], [ -71.25511, -36.82078 ], [ -71.25487, -36.82031 ], [ -71.25442, -36.82008 ], [ -71.2528, -36.81866 ], [ -71.25261, -36.8188 ], [ -71.25226, -36.81971 ], [ -71.25191, -36.82031 ], [ -71.25193, -36.82137 ], [ -71.251, -36.82316 ], [ -71.2503, -36.82352 ], [ -71.24975, -36.82421 ], [ -71.24983, -36.82707 ], [ -71.24956, -36.82736 ], [ -71.24883, -36.82938 ], [ -71.24851, -36.83042 ], [ -71.24853, -36.83122 ], [ -71.24834, -36.83214 ], [ -71.24775, -36.83387 ], [ -71.24737, -36.83542 ], [ -71.24697, -36.83617 ], [ -71.24599, -36.83682 ], [ -71.24437, -36.83742 ], [ -71.24262, -36.83837 ], [ -71.24157, -36.83908 ], [ -71.24086, -36.83926 ], [ -71.23931, -36.83992 ], [ -71.23798, -36.84063 ], [ -71.23708, -36.84128 ], [ -71.23652, -36.84186 ], [ -71.23582, -36.84233 ], [ -71.23526, -36.84251 ], [ -71.23364, -36.84343 ], [ -71.23322, -36.84387 ], [ -71.23297, -36.84462 ], [ -71.23243, -36.84554 ], [ -71.23176, -36.84704 ], [ -71.23114, -36.84763 ], [ -71.22859, -36.84836 ], [ -71.22804, -36.84883 ], [ -71.22673, -36.85052 ], [ -71.22554, -36.851 ], [ -71.22466, -36.85261 ], [ -71.22414, -36.85446 ], [ -71.22255, -36.85603 ], [ -71.22229, -36.85684 ], [ -71.22179, -36.85931 ], [ -71.22139, -36.86017 ], [ -71.22119, -36.86081 ], [ -71.22058, -36.86173 ], [ -71.21919, -36.8629 ], [ -71.21827, -36.86321 ], [ -71.21701, -36.86397 ], [ -71.21645, -36.86439 ], [ -71.21618, -36.86479 ], [ -71.21443, -36.8658 ], [ -71.21306, -36.86619 ], [ -71.21031, -36.86872 ], [ -71.21025, -36.86897 ], [ -71.20907, -36.87019 ], [ -71.20781, -36.87084 ], [ -71.20704, -36.87137 ], [ -71.20691, -36.87177 ], [ -71.20629, -36.87247 ], [ -71.20503, -36.87324 ], [ -71.20397, -36.8736 ], [ -71.20327, -36.87407 ], [ -71.20286, -36.87465 ], [ -71.20161, -36.87594 ], [ -71.20049, -36.87636 ], [ -71.19884, -36.8761 ], [ -71.19611, -36.87529 ], [ -71.19525, -36.87531 ], [ -71.19419, -36.87572 ], [ -71.19377, -36.8758 ], [ -71.19081, -36.87694 ], [ -71.18976, -36.87741 ], [ -71.18892, -36.87795 ], [ -71.18771, -36.87802 ], [ -71.18603, -36.87891 ], [ -71.18433, -36.87946 ], [ -71.18265, -36.88029 ], [ -71.18045, -36.88085 ], [ -71.17847, -36.88123 ], [ -71.17657, -36.88195 ], [ -71.17096, -36.88274 ], [ -71.16687, -36.88436 ], [ -71.16488, -36.88457 ], [ -71.16295, -36.88409 ], [ -71.16109, -36.88406 ], [ -71.15974, -36.88372 ], [ -71.15671, -36.88344 ], [ -71.15324, -36.88142 ], [ -71.15168, -36.8812 ], [ -71.15031, -36.88048 ], [ -71.14766, -36.88001 ], [ -71.14238, -36.87742 ], [ -71.14179, -36.87669 ], [ -71.14149, -36.87606 ], [ -71.14141, -36.87309 ], [ -71.14124, -36.8725 ], [ -71.13989, -36.87087 ], [ -71.13862, -36.87007 ], [ -71.13769, -36.87018 ], [ -71.1372, -36.87042 ], [ -71.13811, -36.87246 ], [ -71.13823, -36.87406 ], [ -71.13878, -36.87605 ], [ -71.13933, -36.87679 ], [ -71.13977, -36.87719 ], [ -71.14044, -36.87827 ], [ -71.14251, -36.87954 ], [ -71.14555, -36.88091 ], [ -71.1467, -36.88166 ], [ -71.14945, -36.88306 ], [ -71.15096, -36.88375 ], [ -71.15183, -36.88406 ], [ -71.15384, -36.8846 ], [ -71.15364, -36.885 ], [ -71.15279, -36.88519 ], [ -71.15258, -36.88536 ], [ -71.15096, -36.88608 ], [ -71.15004, -36.88627 ], [ -71.14876, -36.88634 ], [ -71.14746, -36.88691 ], [ -71.14631, -36.88788 ], [ -71.14646, -36.88828 ], [ -71.1474, -36.88849 ], [ -71.1491, -36.88829 ], [ -71.1508, -36.8878 ], [ -71.1527, -36.88719 ], [ -71.15439, -36.88642 ], [ -71.15695, -36.88626 ], [ -71.15952, -36.88644 ], [ -71.1633, -36.88654 ], [ -71.16558, -36.8865 ], [ -71.16686, -36.88642 ], [ -71.16849, -36.88593 ], [ -71.17026, -36.88584 ], [ -71.17309, -36.88499 ], [ -71.17422, -36.88451 ], [ -71.17725, -36.88365 ], [ -71.18002, -36.88326 ], [ -71.18037, -36.88302 ], [ -71.18185, -36.88248 ], [ -71.18313, -36.88217 ], [ -71.18643, -36.88057 ], [ -71.18862, -36.88001 ], [ -71.18954, -36.87988 ], [ -71.19221, -36.87834 ], [ -71.19311, -36.8777 ], [ -71.19431, -36.87722 ], [ -71.19573, -36.87702 ], [ -71.19673, -36.877 ], [ -71.19752, -36.87739 ], [ -71.19767, -36.87773 ], [ -71.19805, -36.87823 ], [ -71.19843, -36.87838 ], [ -71.2007, -36.87904 ], [ -71.20277, -36.87901 ], [ -71.20363, -36.87933 ], [ -71.20322, -36.87991 ], [ -71.20282, -36.88072 ], [ -71.20291, -36.88135 ], [ -71.20335, -36.8818 ], [ -71.20316, -36.88255 ], [ -71.20203, -36.88308 ], [ -71.20057, -36.88425 ], [ -71.19955, -36.88605 ], [ -71.19909, -36.88731 ], [ -71.19914, -36.88909 ], [ -71.19838, -36.88985 ], [ -71.19727, -36.89078 ], [ -71.19658, -36.89183 ], [ -71.19598, -36.89321 ], [ -71.19614, -36.89395 ], [ -71.19594, -36.89441 ], [ -71.1951, -36.89489 ], [ -71.19483, -36.89523 ], [ -71.19409, -36.89668 ], [ -71.19347, -36.89755 ], [ -71.19341, -36.89812 ], [ -71.19351, -36.89881 ], [ -71.19297, -36.90013 ], [ -71.19107, -36.90097 ], [ -71.18814, -36.90314 ], [ -71.18667, -36.90408 ], [ -71.18561, -36.90445 ], [ -71.18506, -36.90509 ], [ -71.18493, -36.90543 ], [ -71.18416, -36.90608 ], [ -71.18332, -36.90649 ], [ -71.18299, -36.90747 ], [ -71.18147, -36.90899 ], [ -71.18005, -36.90936 ], [ -71.17921, -36.90983 ], [ -71.17889, -36.91121 ], [ -71.17798, -36.91174 ], [ -71.17759, -36.91284 ], [ -71.17689, -36.91336 ], [ -71.17543, -36.91482 ], [ -71.17502, -36.91552 ], [ -71.1749, -36.91603 ], [ -71.17448, -36.9165 ], [ -71.17378, -36.91685 ], [ -71.17181, -36.91763 ], [ -71.17119, -36.91825 ], [ -71.17108, -36.91883 ], [ -71.16963, -36.91935 ], [ -71.16825, -36.92027 ], [ -71.16755, -36.92103 ], [ -71.16523, -36.92199 ], [ -71.16351, -36.92433 ], [ -71.16164, -36.92639 ], [ -71.16095, -36.9282 ], [ -71.15967, -36.92976 ], [ -71.15947, -36.93022 ], [ -71.15837, -36.93144 ], [ -71.15804, -36.93231 ], [ -71.15702, -36.93421 ], [ -71.15574, -36.93608 ], [ -71.15552, -36.93659 ], [ -71.1549, -36.93734 ], [ -71.15443, -36.93827 ], [ -71.15339, -36.9396 ], [ -71.15262, -36.94007 ], [ -71.1505, -36.94063 ], [ -71.14632, -36.94104 ], [ -71.14406, -36.94098 ], [ -71.14381, -36.94075 ], [ -71.14232, -36.94049 ], [ -71.13964, -36.94025 ], [ -71.13793, -36.94057 ], [ -71.13585, -36.9408 ], [ -71.13457, -36.94119 ], [ -71.13336, -36.94205 ], [ -71.13096, -36.94328 ], [ -71.1302, -36.94377 ], [ -71.12887, -36.94508 ], [ -71.12822, -36.94524 ], [ -71.12743, -36.94463 ], [ -71.127, -36.94407 ], [ -71.1265, -36.94298 ], [ -71.12555, -36.94208 ], [ -71.12471, -36.94166 ], [ -71.12227, -36.93956 ], [ -71.12137, -36.93896 ], [ -71.12046, -36.93854 ], [ -71.11938, -36.93818 ], [ -71.11806, -36.93788 ], [ -71.11717, -36.93779 ], [ -71.11615, -36.93739 ], [ -71.11471, -36.93725 ], [ -71.11112, -36.93666 ], [ -71.11022, -36.93682 ], [ -71.10912, -36.93725 ], [ -71.10885, -36.93771 ], [ -71.10801, -36.93813 ], [ -71.10737, -36.9382 ], [ -71.10499, -36.93715 ], [ -71.10321, -36.9373 ], [ -71.10279, -36.93759 ], [ -71.10296, -36.93826 ], [ -71.10353, -36.93849 ], [ -71.10596, -36.93897 ], [ -71.10684, -36.93906 ], [ -71.1092, -36.93883 ], [ -71.11022, -36.93826 ], [ -71.11114, -36.93807 ], [ -71.11536, -36.93863 ], [ -71.11666, -36.93918 ], [ -71.11795, -36.93938 ], [ -71.1186, -36.93971 ], [ -71.12019, -36.94026 ], [ -71.12113, -36.9407 ], [ -71.12163, -36.9408 ], [ -71.12337, -36.94192 ], [ -71.1242, -36.94278 ], [ -71.12542, -36.94377 ], [ -71.12572, -36.94439 ], [ -71.12575, -36.94465 ], [ -71.12593, -36.94489 ], [ -71.12653, -36.94635 ], [ -71.12663, -36.94644 ], [ -71.12695, -36.94739 ], [ -71.12661, -36.94797 ], [ -71.12603, -36.9487 ], [ -71.12552, -36.94966 ], [ -71.1252, -36.95067 ], [ -71.12519, -36.95253 ], [ -71.12553, -36.95405 ], [ -71.12532, -36.95529 ], [ -71.12562, -36.95601 ], [ -71.12614, -36.95692 ], [ -71.12684, -36.95903 ], [ -71.12695, -36.96023 ], [ -71.12689, -36.96055 ], [ -71.12709, -36.96103 ], [ -71.12742, -36.96236 ], [ -71.128, -36.96383 ], [ -71.12874, -36.96501 ], [ -71.12919, -36.96615 ], [ -71.12975, -36.9669 ], [ -71.12965, -36.96707 ], [ -71.13027, -36.96798 ], [ -71.13087, -36.96918 ], [ -71.13155, -36.96953 ], [ -71.13184, -36.96941 ], [ -71.13225, -36.96877 ], [ -71.13166, -36.9681 ], [ -71.13126, -36.96673 ], [ -71.13074, -36.96611 ], [ -71.13045, -36.9656 ], [ -71.13044, -36.96529 ], [ -71.12902, -36.96209 ], [ -71.12897, -36.96014 ], [ -71.12859, -36.95948 ], [ -71.12754, -36.95573 ], [ -71.12763, -36.95501 ], [ -71.12723, -36.95244 ], [ -71.1272, -36.95164 ], [ -71.12739, -36.95055 ], [ -71.12786, -36.94951 ], [ -71.12792, -36.94905 ], [ -71.12881, -36.948 ], [ -71.12916, -36.94748 ], [ -71.12949, -36.94673 ], [ -71.13025, -36.94563 ], [ -71.13298, -36.94409 ], [ -71.13446, -36.94338 ], [ -71.13516, -36.94274 ], [ -71.13594, -36.94272 ], [ -71.13885, -36.94233 ], [ -71.14092, -36.94223 ], [ -71.14292, -36.94231 ], [ -71.14428, -36.94252 ], [ -71.14834, -36.9425 ], [ -71.15418, -36.94206 ], [ -71.15565, -36.94128 ], [ -71.15592, -36.94087 ], [ -71.15597, -36.93984 ], [ -71.15701, -36.93879 ], [ -71.15713, -36.9381 ], [ -71.15818, -36.93757 ], [ -71.15891, -36.93544 ], [ -71.16007, -36.9337 ], [ -71.16063, -36.93323 ], [ -71.16097, -36.9326 ], [ -71.16095, -36.93197 ], [ -71.16115, -36.93134 ], [ -71.16336, -36.92895 ], [ -71.16341, -36.92826 ], [ -71.16485, -36.92635 ], [ -71.16532, -36.92531 ], [ -71.16552, -36.92462 ], [ -71.16783, -36.92332 ], [ -71.17009, -36.92236 ], [ -71.17077, -36.92143 ], [ -71.17239, -36.92066 ], [ -71.17287, -36.92013 ], [ -71.17364, -36.91955 ], [ -71.17443, -36.91953 ], [ -71.17538, -36.91887 ], [ -71.17668, -36.91765 ], [ -71.17708, -36.9169 ], [ -71.17831, -36.91665 ], [ -71.17923, -36.91747 ], [ -71.17983, -36.91782 ], [ -71.18207, -36.91825 ], [ -71.18417, -36.91893 ], [ -71.1843, -36.91905 ], [ -71.18509, -36.91939 ], [ -71.18697, -36.92069 ], [ -71.18764, -36.92135 ], [ -71.18875, -36.92281 ], [ -71.18914, -36.92375 ], [ -71.19003, -36.92457 ], [ -71.19162, -36.92511 ], [ -71.19271, -36.92602 ], [ -71.19379, -36.92662 ], [ -71.19452, -36.92718 ], [ -71.19618, -36.92916 ], [ -71.19715, -36.92985 ], [ -71.19933, -36.93081 ], [ -71.20106, -36.93141 ], [ -71.20208, -36.93162 ], [ -71.20346, -36.93217 ], [ -71.20481, -36.93362 ], [ -71.20722, -36.93477 ], [ -71.20831, -36.93546 ], [ -71.21083, -36.93647 ], [ -71.2122, -36.93673 ], [ -71.21604, -36.93785 ], [ -71.21712, -36.9383 ], [ -71.21729, -36.93848 ], [ -71.21845, -36.9388 ], [ -71.22164, -36.94113 ], [ -71.22421, -36.94199 ], [ -71.22447, -36.94184 ], [ -71.2272, -36.94169 ], [ -71.2282, -36.94185 ], [ -71.22894, -36.94171 ], [ -71.23011, -36.94109 ], [ -71.22979, -36.9405 ], [ -71.22836, -36.94007 ], [ -71.22642, -36.94012 ], [ -71.22312, -36.9399 ], [ -71.22276, -36.93969 ], [ -71.2215, -36.93921 ], [ -71.22131, -36.93886 ], [ -71.22021, -36.93788 ], [ -71.21867, -36.93698 ], [ -71.21559, -36.93539 ], [ -71.21398, -36.9352 ], [ -71.21238, -36.93523 ], [ -71.21112, -36.93476 ], [ -71.21004, -36.93449 ], [ -71.20833, -36.93381 ], [ -71.2076, -36.93339 ], [ -71.2068, -36.93319 ], [ -71.20632, -36.93227 ], [ -71.20589, -36.93177 ], [ -71.20376, -36.93058 ], [ -71.20288, -36.93033 ], [ -71.20117, -36.92965 ], [ -71.1999, -36.92889 ], [ -71.1989, -36.92819 ], [ -71.19736, -36.92743 ], [ -71.19658, -36.92667 ], [ -71.19445, -36.9253 ], [ -71.19323, -36.92437 ], [ -71.19156, -36.92297 ], [ -71.19128, -36.92263 ], [ -71.18952, -36.92121 ], [ -71.18879, -36.9205 ], [ -71.18814, -36.91973 ], [ -71.18687, -36.91875 ], [ -71.18578, -36.9182 ], [ -71.1855, -36.9177 ], [ -71.18459, -36.91686 ], [ -71.18423, -36.91581 ], [ -71.18408, -36.91571 ], [ -71.18329, -36.9143 ], [ -71.18424, -36.91179 ], [ -71.1876, -36.90994 ], [ -71.18888, -36.90777 ], [ -71.18987, -36.90632 ], [ -71.1922, -36.90473 ], [ -71.19286, -36.90446 ], [ -71.19401, -36.90383 ], [ -71.19463, -36.90325 ], [ -71.19533, -36.90284 ], [ -71.1959, -36.9027 ], [ -71.19645, -36.90224 ], [ -71.19686, -36.90166 ], [ -71.19726, -36.90063 ], [ -71.19732, -36.9 ], [ -71.19672, -36.89903 ], [ -71.19663, -36.89852 ], [ -71.19685, -36.89778 ], [ -71.19676, -36.89768 ], [ -71.19731, -36.89748 ], [ -71.19791, -36.89783 ], [ -71.19823, -36.89877 ], [ -71.199, -36.89947 ], [ -71.20152, -36.89955 ], [ -71.20316, -36.89975 ], [ -71.206, -36.90054 ], [ -71.20779, -36.90086 ], [ -71.21047, -36.90093 ], [ -71.21107, -36.90116 ], [ -71.21213, -36.90185 ], [ -71.21288, -36.9022 ], [ -71.21349, -36.90266 ], [ -71.21426, -36.90384 ], [ -71.21608, -36.90488 ], [ -71.21713, -36.90534 ], [ -71.21936, -36.90541 ], [ -71.22145, -36.90597 ], [ -71.22309, -36.90618 ], [ -71.2258, -36.90756 ], [ -71.2267, -36.90778 ], [ -71.22853, -36.9093 ], [ -71.23003, -36.90998 ], [ -71.23273, -36.91089 ], [ -71.23471, -36.91264 ], [ -71.23502, -36.91311 ], [ -71.23655, -36.91451 ], [ -71.23761, -36.91521 ], [ -71.23838, -36.91615 ], [ -71.24123, -36.91717 ], [ -71.24213, -36.91739 ], [ -71.24465, -36.91746 ], [ -71.24626, -36.91671 ], [ -71.24835, -36.91703 ], [ -71.24894, -36.9169 ], [ -71.25146, -36.91673 ], [ -71.2522, -36.9166 ], [ -71.25262, -36.91576 ], [ -71.25157, -36.91518 ], [ -71.24118, -36.91538 ], [ -71.23786, -36.91377 ], [ -71.23557, -36.91155 ], [ -71.23495, -36.91073 ], [ -71.23463, -36.90978 ], [ -71.23192, -36.90864 ], [ -71.23057, -36.90795 ], [ -71.22769, -36.90609 ], [ -71.22425, -36.90508 ], [ -71.22364, -36.90474 ], [ -71.21991, -36.90409 ], [ -71.21886, -36.90375 ], [ -71.2169, -36.90272 ], [ -71.21555, -36.90215 ], [ -71.21328, -36.90076 ], [ -71.21253, -36.90018 ], [ -71.21058, -36.8995 ], [ -71.2064, -36.89886 ], [ -71.2052, -36.89829 ], [ -71.20222, -36.89786 ], [ -71.20103, -36.89789 ], [ -71.19891, -36.89638 ], [ -71.19917, -36.89507 ], [ -71.19947, -36.89422 ], [ -71.1997, -36.89405 ], [ -71.19984, -36.8936 ], [ -71.20015, -36.89182 ], [ -71.20075, -36.8906 ], [ -71.20117, -36.8902 ], [ -71.2015, -36.8895 ], [ -71.20151, -36.8871 ], [ -71.2022, -36.88651 ], [ -71.20284, -36.8865 ], [ -71.20301, -36.88724 ], [ -71.20256, -36.88891 ], [ -71.20295, -36.89016 ], [ -71.20297, -36.89102 ], [ -71.20278, -36.89165 ], [ -71.20279, -36.89228 ], [ -71.20343, -36.89366 ], [ -71.20484, -36.89429 ], [ -71.20628, -36.89464 ], [ -71.21176, -36.89531 ], [ -71.21626, -36.89484 ], [ -71.22003, -36.89382 ], [ -71.22416, -36.89293 ], [ -71.22564, -36.8923 ], [ -71.22622, -36.89187 ], [ -71.22777, -36.89131 ], [ -71.22895, -36.89111 ], [ -71.23162, -36.891 ], [ -71.23264, -36.89125 ], [ -71.23704, -36.89083 ], [ -71.23912, -36.89055 ], [ -71.23984, -36.89037 ], [ -71.24678, -36.88916 ], [ -71.24931, -36.88929 ], [ -71.25043, -36.88963 ], [ -71.2531, -36.88976 ], [ -71.25424, -36.89045 ], [ -71.25523, -36.89139 ], [ -71.25555, -36.89216 ], [ -71.25592, -36.89251 ], [ -71.25609, -36.89256 ], [ -71.25761, -36.89408 ], [ -71.25906, -36.89531 ], [ -71.25939, -36.89655 ], [ -71.25941, -36.89733 ], [ -71.25992, -36.89952 ], [ -71.26054, -36.90041 ], [ -71.26073, -36.90166 ], [ -71.26132, -36.90409 ], [ -71.26134, -36.90474 ], [ -71.26309, -36.90632 ], [ -71.26393, -36.9069 ], [ -71.26444, -36.90671 ], [ -71.26515, -36.90545 ], [ -71.26505, -36.90485 ], [ -71.26458, -36.90379 ], [ -71.26381, -36.90291 ], [ -71.26325, -36.90167 ], [ -71.26271, -36.90078 ], [ -71.2615, -36.89765 ], [ -71.26125, -36.89652 ], [ -71.26061, -36.8951 ], [ -71.25991, -36.89398 ], [ -71.25929, -36.89322 ], [ -71.25816, -36.8924 ], [ -71.2565, -36.88966 ], [ -71.256, -36.88934 ], [ -71.25492, -36.8889 ], [ -71.25384, -36.88852 ], [ -71.24952, -36.88738 ], [ -71.24629, -36.8878 ], [ -71.24184, -36.88794 ], [ -71.23816, -36.88879 ], [ -71.2366, -36.88888 ], [ -71.2337, -36.88869 ], [ -71.23185, -36.88873 ], [ -71.23038, -36.88917 ], [ -71.2283, -36.88921 ], [ -71.22638, -36.88967 ], [ -71.22463, -36.89047 ], [ -71.2211, -36.89191 ], [ -71.22007, -36.89223 ], [ -71.21926, -36.89224 ], [ -71.21631, -36.89307 ], [ -71.21446, -36.89329 ], [ -71.21233, -36.89374 ], [ -71.21092, -36.89377 ], [ -71.20876, -36.89363 ], [ -71.20687, -36.89253 ], [ -71.20648, -36.89194 ], [ -71.20632, -36.89123 ], [ -71.2066, -36.89069 ], [ -71.20566, -36.88794 ], [ -71.20539, -36.88594 ], [ -71.20515, -36.88514 ], [ -71.20535, -36.88434 ], [ -71.2061, -36.88329 ], [ -71.20609, -36.88289 ], [ -71.20665, -36.88008 ], [ -71.20648, -36.87911 ], [ -71.20644, -36.87774 ], [ -71.20655, -36.87682 ], [ -71.20646, -36.87596 ], [ -71.20709, -36.87549 ], [ -71.20784, -36.87439 ], [ -71.21014, -36.87286 ], [ -71.21085, -36.87273 ], [ -71.21154, -36.87175 ], [ -71.21201, -36.87082 ], [ -71.21246, -36.86921 ], [ -71.21342, -36.86788 ], [ -71.21427, -36.86757 ], [ -71.21632, -36.86708 ], [ -71.21794, -36.86648 ], [ -71.21914, -36.86583 ], [ -71.22116, -36.86401 ], [ -71.22174, -36.86364 ], [ -71.22438, -36.86252 ], [ -71.22597, -36.86094 ], [ -71.22668, -36.85997 ], [ -71.22643, -36.85652 ], [ -71.22811, -36.85291 ], [ -71.23046, -36.85191 ], [ -71.23349, -36.84923 ], [ -71.23519, -36.84728 ], [ -71.23553, -36.84601 ], [ -71.23587, -36.84517 ], [ -71.23675, -36.84474 ], [ -71.23857, -36.84363 ], [ -71.23967, -36.84325 ], [ -71.2404, -36.84276 ], [ -71.24223, -36.84183 ], [ -71.24391, -36.84109 ], [ -71.24463, -36.8403 ], [ -71.24602, -36.83956 ], [ -71.24675, -36.83907 ], [ -71.24748, -36.83875 ], [ -71.24807, -36.83862 ], [ -71.24973, -36.83722 ], [ -71.25021, -36.83584 ], [ -71.25017, -36.83435 ], [ -71.25055, -36.83232 ], [ -71.25098, -36.83153 ], [ -71.25095, -36.8307 ], [ -71.25116, -36.83016 ], [ -71.25128, -36.82938 ], [ -71.25156, -36.82872 ], [ -71.25185, -36.82842 ], [ -71.25252, -36.82864 ], [ -71.25313, -36.82923 ], [ -71.25465, -36.83027 ], [ -71.25512, -36.8311 ], [ -71.25836, -36.833 ], [ -71.25966, -36.83417 ], [ -71.26146, -36.83503 ], [ -71.26259, -36.83566 ], [ -71.26394, -36.83868 ], [ -71.26397, -36.83969 ], [ -71.26386, -36.84095 ], [ -71.2639, -36.84226 ], [ -71.26415, -36.84446 ], [ -71.26427, -36.84488 ], [ -71.26426, -36.84529 ], [ -71.26463, -36.84695 ], [ -71.26503, -36.84784 ], [ -71.26537, -36.84938 ], [ -71.26593, -36.8508 ], [ -71.26725, -36.85257 ], [ -71.26908, -36.8545 ], [ -71.27022, -36.85525 ], [ -71.27276, -36.85586 ], [ -71.27532, -36.85718 ], [ -71.27697, -36.85781 ], [ -71.28374, -36.86095 ], [ -71.28429, -36.86202 ], [ -71.28499, -36.86302 ], [ -71.28614, -36.86425 ], [ -71.28668, -36.86495 ], [ -71.28767, -36.86577 ], [ -71.28918, -36.86657 ], [ -71.29128, -36.86731 ], [ -71.29243, -36.86854 ], [ -71.29367, -36.8706 ], [ -71.29377, -36.87559 ], [ -71.29328, -36.87722 ], [ -71.29271, -36.87807 ], [ -71.29266, -36.87891 ], [ -71.29181, -36.88011 ], [ -71.291, -36.88055 ], [ -71.28993, -36.88176 ], [ -71.28738, -36.88336 ], [ -71.28696, -36.88444 ], [ -71.28684, -36.88516 ], [ -71.28616, -36.8875 ], [ -71.28538, -36.88852 ], [ -71.28455, -36.8898 ], [ -71.28342, -36.89453 ], [ -71.28302, -36.89728 ], [ -71.28299, -36.89793 ], [ -71.28308, -36.89846 ], [ -71.28383, -36.89869 ], [ -71.28478, -36.89837 ], [ -71.28535, -36.89765 ], [ -71.28609, -36.89507 ], [ -71.28651, -36.89178 ], [ -71.28692, -36.89052 ], [ -71.28768, -36.88854 ], [ -71.28861, -36.88745 ], [ -71.28936, -36.88529 ], [ -71.29088, -36.88401 ], [ -71.29152, -36.8831 ], [ -71.29283, -36.88224 ], [ -71.29394, -36.88119 ], [ -71.29503, -36.8796 ], [ -71.296, -36.87628 ], [ -71.29572, -36.87455 ], [ -71.2957, -36.87372 ], [ -71.29635, -36.87091 ], [ -71.29629, -36.86882 ], [ -71.29568, -36.86812 ], [ -71.29225, -36.86526 ], [ -71.29172, -36.86468 ], [ -71.29014, -36.86405 ], [ -71.28901, -36.86336 ], [ -71.28809, -36.8626 ], [ -71.28743, -36.86189 ], [ -71.28234, -36.85829 ], [ -71.27758, -36.85611 ], [ -71.2769, -36.85567 ], [ -71.27556, -36.85515 ], [ -71.27397, -36.85405 ], [ -71.27269, -36.85359 ], [ -71.27177, -36.85266 ], [ -71.27003, -36.85138 ], [ -71.26919, -36.85044 ], [ -71.26872, -36.84974 ], [ -71.2684, -36.84903 ], [ -71.26746, -36.84738 ], [ -71.26723, -36.8444 ], [ -71.26689, -36.84315 ], [ -71.26626, -36.84174 ], [ -71.26621, -36.84004 ], [ -71.26558, -36.83821 ], [ -71.26556, -36.83738 ], [ -71.26491, -36.83616 ], [ -71.26458, -36.83521 ], [ -71.26403, -36.83421 ], [ -71.2632, -36.83369 ], [ -71.26251, -36.83292 ], [ -71.26153, -36.83241 ], [ -71.25943, -36.83161 ], [ -71.25889, -36.83073 ], [ -71.25731, -36.83004 ], [ -71.25616, -36.82869 ], [ -71.25503, -36.82824 ], [ -71.25448, -36.8279 ], [ -71.25274, -36.82536 ], [ -71.25313, -36.82422 ], [ -71.2537, -36.82343 ], [ -71.25428, -36.82295 ], [ -71.25479, -36.82234 ], [ -71.25537, -36.82209 ], [ -71.25611, -36.82201 ] ] ] } }
]
}
