{
"type": "FeatureCollection",
"name": "LON",
"crs": { "type": "name", "properties": { "name": "urn:ogc:def:crs:OGC:1.3:CRS84" } },
"xy_coordinate_resolution": 1e-05,
"features": [
{ "type": "Feature", "properties": { "osm_id": 22892347, "nombre": "Río Biobío", "tipo": "river", "volcan_codigo": "LON", "volcan_nombre": "Lonquimay", "drena_volcan": false }, "geometry": { "type": "LineString", "coordinates": [ [ -71.10559, -38.64714 ], [ -71.10778, -38.64654 ], [ -71.1086, -38.6457 ], [ -71.10866, -38.64546 ], [ -71.10854, -38.64433 ], [ -71.10885, -38.64229 ], [ -71.10998, -38.63934 ], [ -71.1103, -38.63759 ], [ -71.11091, -38.63648 ], [ -71.11159, -38.63561 ], [ -71.11249, -38.63463 ], [ -71.11291, -38.6343 ], [ -71.11378, -38.63387 ], [ -71.11418, -38.63375 ], [ -71.11463, -38.63377 ], [ -71.11627, -38.63459 ], [ -71.1172, -38.6354 ], [ -71.11758, -38.63562 ], [ -71.11916, -38.63587 ], [ -71.11962, -38.63587 ], [ -71.11996, -38.63583 ], [ -71.12042, -38.63557 ], [ -71.12131, -38.63558 ], [ -71.12185, -38.63581 ], [ -71.12256, -38.6363 ], [ -71.12454, -38.637 ], [ -71.1267, -38.63725 ], [ -71.12783, -38.63713 ], [ -71.1287, -38.63672 ], [ -71.12894, -38.63651 ], [ -71.12913, -38.63611 ], [ -71.12924, -38.63532 ], [ -71.12954, -38.63474 ], [ -71.12991, -38.63437 ], [ -71.13113, -38.63349 ], [ -71.13144, -38.63306 ], [ -71.13163, -38.63269 ], [ -71.13235, -38.63031 ], [ -71.1327, -38.62951 ], [ -71.13334, -38.6276 ], [ -71.13364, -38.62715 ], [ -71.13447, -38.6265 ], [ -71.135, -38.62621 ], [ -71.13554, -38.62615 ], [ -71.13617, -38.62625 ], [ -71.13692, -38.62655 ], [ -71.13779, -38.62658 ], [ -71.13806, -38.6265 ], [ -71.13881, -38.62599 ], [ -71.13945, -38.62569 ], [ -71.14013, -38.62522 ], [ -71.14034, -38.62498 ], [ -71.14082, -38.62414 ], [ -71.14132, -38.62365 ], [ -71.14259, -38.62297 ], [ -71.14433, -38.62182 ], [ -71.14458, -38.62153 ], [ -71.14496, -38.62056 ], [ -71.1457, -38.61993 ], [ -71.14646, -38.61983 ], [ -71.14758, -38.61944 ], [ -71.14818, -38.6194 ], [ -71.14959, -38.61987 ], [ -71.15141, -38.62028 ], [ -71.15193, -38.62031 ], [ -71.15252, -38.62006 ], [ -71.1531, -38.61957 ], [ -71.15345, -38.61904 ], [ -71.15398, -38.61786 ], [ -71.15417, -38.61704 ], [ -71.15414, -38.61667 ], [ -71.154, -38.61629 ], [ -71.15332, -38.61527 ], [ -71.15314, -38.61482 ], [ -71.15314, -38.61361 ], [ -71.15305, -38.61336 ], [ -71.15263, -38.61271 ], [ -71.15214, -38.61222 ], [ -71.15113, -38.61142 ], [ -71.15069, -38.61081 ], [ -71.1506, -38.6102 ], [ -71.15084, -38.60865 ], [ -71.15078, -38.60832 ], [ -71.1491, -38.6072 ], [ -71.14616, -38.60566 ], [ -71.14547, -38.60511 ], [ -71.14503, -38.60454 ], [ -71.14494, -38.60427 ], [ -71.14492, -38.60302 ], [ -71.14473, -38.60166 ], [ -71.14481, -38.60066 ], [ -71.14471, -38.59921 ], [ -71.14481, -38.59814 ], [ -71.14512, -38.59787 ], [ -71.14513, -38.59772 ], [ -71.14466, -38.59654 ], [ -71.14458, -38.59543 ], [ -71.14444, -38.59476 ], [ -71.14369, -38.59391 ], [ -71.14232, -38.59291 ], [ -71.14139, -38.59235 ], [ -71.14027, -38.59183 ], [ -71.13939, -38.5912 ], [ -71.13888, -38.59046 ], [ -71.13853, -38.58981 ], [ -71.13849, -38.58963 ], [ -71.13857, -38.58942 ], [ -71.13897, -38.58919 ], [ -71.13907, -38.58903 ], [ -71.13945, -38.58777 ], [ -71.13988, -38.58695 ], [ -71.13958, -38.58445 ], [ -71.13979, -38.5838 ], [ -71.14021, -38.58331 ], [ -71.14117, -38.58317 ], [ -71.1419, -38.58287 ], [ -71.1424, -38.58241 ], [ -71.14345, -38.58112 ], [ -71.14396, -38.58065 ], [ -71.14475, -38.58013 ], [ -71.14529, -38.58006 ], [ -71.14627, -38.58031 ], [ -71.1466, -38.5803 ], [ -71.14894, -38.57973 ], [ -71.14935, -38.57947 ], [ -71.14962, -38.57885 ], [ -71.14968, -38.57841 ], [ -71.14927, -38.57655 ], [ -71.14919, -38.57604 ], [ -71.14922, -38.57563 ], [ -71.14947, -38.57484 ], [ -71.14986, -38.57423 ], [ -71.15017, -38.57393 ], [ -71.15073, -38.57365 ], [ -71.1536, -38.57336 ], [ -71.15397, -38.57338 ], [ -71.15423, -38.57348 ], [ -71.15466, -38.57388 ], [ -71.15564, -38.57434 ], [ -71.15645, -38.57506 ], [ -71.15709, -38.57516 ], [ -71.15752, -38.57507 ], [ -71.15822, -38.57464 ], [ -71.15912, -38.57425 ], [ -71.16206, -38.57382 ], [ -71.16472, -38.57281 ], [ -71.16623, -38.57247 ], [ -71.16824, -38.57221 ], [ -71.17004, -38.57213 ], [ -71.17437, -38.57229 ], [ -71.17537, -38.57213 ], [ -71.17602, -38.5718 ], [ -71.17655, -38.57148 ], [ -71.17692, -38.57111 ], [ -71.1772, -38.57052 ], [ -71.17753, -38.56929 ], [ -71.17787, -38.5672 ], [ -71.17775, -38.56426 ], [ -71.17921, -38.56237 ], [ -71.18009, -38.56143 ], [ -71.18164, -38.56023 ], [ -71.18218, -38.56016 ], [ -71.18246, -38.56019 ], [ -71.18279, -38.56038 ], [ -71.1833, -38.5613 ], [ -71.18367, -38.5616 ], [ -71.18451, -38.56163 ], [ -71.1852, -38.5614 ], [ -71.18576, -38.56109 ], [ -71.18618, -38.56067 ], [ -71.18691, -38.55935 ], [ -71.18704, -38.55886 ], [ -71.18717, -38.55729 ], [ -71.18743, -38.55591 ], [ -71.18781, -38.55522 ], [ -71.18826, -38.55473 ], [ -71.18877, -38.55442 ], [ -71.19047, -38.55382 ], [ -71.19194, -38.55384 ], [ -71.19343, -38.55416 ], [ -71.19393, -38.55419 ], [ -71.19454, -38.55407 ], [ -71.19509, -38.55373 ], [ -71.19546, -38.55295 ], [ -71.19557, -38.55252 ], [ -71.1959, -38.55019 ], [ -71.19572, -38.54875 ], [ -71.19651, -38.54528 ], [ -71.19652, -38.54429 ], [ -71.19642, -38.54357 ], [ -71.19624, -38.54303 ], [ -71.19414, -38.5391 ], [ -71.19393, -38.53847 ], [ -71.19396, -38.53708 ], [ -71.19411, -38.53593 ], [ -71.19422, -38.53518 ], [ -71.19466, -38.53357 ], [ -71.19471, -38.53287 ], [ -71.19424, -38.53103 ], [ -71.19355, -38.52961 ], [ -71.19338, -38.529 ], [ -71.19337, -38.52867 ], [ -71.19472, -38.52456 ], [ -71.19576, -38.52251 ], [ -71.19601, -38.52159 ], [ -71.19603, -38.52105 ], [ -71.19589, -38.52011 ], [ -71.19577, -38.51969 ], [ -71.19527, -38.51872 ], [ -71.1951, -38.51811 ], [ -71.19513, -38.51766 ], [ -71.19531, -38.51703 ], [ -71.19555, -38.51662 ], [ -71.19625, -38.51611 ], [ -71.19799, -38.51545 ], [ -71.19837, -38.51521 ], [ -71.20042, -38.51294 ], [ -71.20109, -38.51194 ], [ -71.20283, -38.50783 ], [ -71.20302, -38.5072 ], [ -71.20325, -38.50585 ], [ -71.2033, -38.50451 ], [ -71.20302, -38.50268 ], [ -71.20214, -38.50037 ], [ -71.20216, -38.49986 ], [ -71.20229, -38.49947 ], [ -71.20254, -38.49919 ], [ -71.20275, -38.49911 ], [ -71.20325, -38.49911 ], [ -71.20385, -38.49925 ], [ -71.20663, -38.50084 ], [ -71.20687, -38.50173 ], [ -71.20715, -38.50244 ], [ -71.20732, -38.50386 ], [ -71.2075, -38.50465 ], [ -71.20839, -38.50567 ], [ -71.20938, -38.50639 ], [ -71.2105, -38.50681 ], [ -71.21141, -38.50698 ], [ -71.21346, -38.50762 ], [ -71.21441, -38.50783 ], [ -71.21524, -38.50776 ], [ -71.21631, -38.50741 ], [ -71.21692, -38.50704 ], [ -71.21842, -38.50587 ], [ -71.21983, -38.50447 ], [ -71.22061, -38.50295 ], [ -71.22071, -38.50266 ], [ -71.22075, -38.5019 ], [ -71.22114, -38.5008 ], [ -71.22164, -38.50029 ], [ -71.22203, -38.4997 ], [ -71.22249, -38.49938 ], [ -71.2228, -38.49886 ], [ -71.22345, -38.49699 ], [ -71.22345, -38.49682 ], [ -71.22323, -38.49645 ], [ -71.22328, -38.49626 ], [ -71.224, -38.49516 ], [ -71.22517, -38.49422 ], [ -71.22792, -38.49127 ], [ -71.2283, -38.4906 ], [ -71.22859, -38.49033 ], [ -71.22929, -38.49011 ], [ -71.22971, -38.48958 ], [ -71.23039, -38.488 ], [ -71.23042, -38.48759 ], [ -71.23025, -38.48654 ], [ -71.23031, -38.48592 ], [ -71.23137, -38.48389 ], [ -71.23162, -38.48364 ], [ -71.23234, -38.4833 ], [ -71.23334, -38.48207 ], [ -71.23526, -38.48071 ], [ -71.23636, -38.479 ], [ -71.23699, -38.4763 ], [ -71.23712, -38.47468 ], [ -71.23693, -38.47405 ], [ -71.23563, -38.47231 ], [ -71.23467, -38.4714 ], [ -71.23402, -38.47093 ], [ -71.2324, -38.47011 ], [ -71.23171, -38.46953 ], [ -71.23102, -38.46871 ], [ -71.23023, -38.46739 ], [ -71.22987, -38.4664 ], [ -71.22984, -38.46608 ], [ -71.22997, -38.46552 ], [ -71.23051, -38.46443 ], [ -71.23202, -38.46248 ], [ -71.23229, -38.4619 ], [ -71.2323, -38.4613 ], [ -71.23204, -38.45961 ], [ -71.23191, -38.45897 ], [ -71.23139, -38.4575 ], [ -71.23133, -38.45716 ], [ -71.23139, -38.45688 ], [ -71.23175, -38.45631 ], [ -71.23255, -38.4557 ], [ -71.23302, -38.45544 ], [ -71.23455, -38.45495 ], [ -71.23504, -38.45457 ], [ -71.23518, -38.45421 ], [ -71.23516, -38.45401 ], [ -71.23464, -38.45242 ], [ -71.23415, -38.45163 ], [ -71.23371, -38.45123 ], [ -71.23312, -38.45099 ], [ -71.23205, -38.45076 ], [ -71.23141, -38.4507 ], [ -71.23052, -38.45077 ], [ -71.22891, -38.45122 ], [ -71.22759, -38.45137 ], [ -71.22704, -38.4513 ], [ -71.22596, -38.45096 ], [ -71.22459, -38.4504 ], [ -71.22413, -38.45004 ], [ -71.22383, -38.44955 ], [ -71.22375, -38.44875 ], [ -71.22384, -38.44792 ], [ -71.22407, -38.44717 ], [ -71.22517, -38.44435 ], [ -71.22536, -38.44362 ], [ -71.22548, -38.44295 ], [ -71.22554, -38.44163 ], [ -71.22538, -38.44008 ], [ -71.22556, -38.43926 ], [ -71.22575, -38.43889 ], [ -71.22655, -38.43802 ], [ -71.22691, -38.43777 ], [ -71.22743, -38.43756 ], [ -71.22818, -38.43733 ], [ -71.22886, -38.43726 ], [ -71.23098, -38.4373 ], [ -71.2313, -38.43712 ], [ -71.23142, -38.43696 ], [ -71.23167, -38.4363 ], [ -71.23154, -38.43552 ], [ -71.23136, -38.43532 ], [ -71.23026, -38.43464 ], [ -71.23004, -38.43425 ], [ -71.23016, -38.43356 ], [ -71.23055, -38.43273 ], [ -71.23117, -38.43166 ], [ -71.23225, -38.4302 ], [ -71.23368, -38.42854 ], [ -71.23427, -38.42792 ], [ -71.23808, -38.4247 ], [ -71.23883, -38.4239 ], [ -71.23906, -38.42339 ], [ -71.23927, -38.42148 ], [ -71.23959, -38.42087 ], [ -71.24018, -38.42041 ], [ -71.24125, -38.41988 ], [ -71.24178, -38.41949 ], [ -71.24301, -38.41778 ], [ -71.24312, -38.41743 ], [ -71.24333, -38.41488 ], [ -71.24356, -38.41401 ], [ -71.244, -38.41313 ], [ -71.24549, -38.41065 ], [ -71.24612, -38.409 ], [ -71.2467, -38.40707 ], [ -71.24687, -38.40565 ], [ -71.24686, -38.40506 ], [ -71.24661, -38.40377 ], [ -71.24632, -38.40339 ], [ -71.24504, -38.40263 ], [ -71.2445, -38.40222 ], [ -71.24343, -38.4007 ], [ -71.24257, -38.39924 ], [ -71.24236, -38.39863 ], [ -71.24252, -38.39716 ], [ -71.24248, -38.39651 ], [ -71.24236, -38.3959 ], [ -71.2419, -38.39476 ], [ -71.23934, -38.39117 ], [ -71.23863, -38.39032 ], [ -71.2377, -38.3894 ], [ -71.23613, -38.38826 ], [ -71.23567, -38.38736 ], [ -71.2353, -38.38637 ], [ -71.23518, -38.38541 ], [ -71.23546, -38.38424 ], [ -71.23571, -38.38383 ], [ -71.23672, -38.38278 ], [ -71.2371, -38.38254 ], [ -71.23835, -38.38204 ], [ -71.24025, -38.38107 ], [ -71.24088, -38.38062 ], [ -71.24218, -38.3795 ], [ -71.24246, -38.37892 ], [ -71.24242, -38.37771 ], [ -71.2426, -38.37708 ], [ -71.24334, -38.37612 ], [ -71.24422, -38.37543 ], [ -71.2455, -38.37485 ], [ -71.24604, -38.37474 ], [ -71.24744, -38.37465 ], [ -71.24965, -38.37405 ], [ -71.25102, -38.3738 ], [ -71.2519, -38.3734 ], [ -71.25228, -38.37309 ], [ -71.25289, -38.37226 ], [ -71.25294, -38.37161 ], [ -71.25279, -38.37105 ], [ -71.25221, -38.36976 ], [ -71.25179, -38.36634 ], [ -71.25185, -38.36564 ], [ -71.25197, -38.36541 ], [ -71.25226, -38.36506 ], [ -71.25265, -38.36481 ], [ -71.25328, -38.36459 ], [ -71.25588, -38.36403 ], [ -71.25842, -38.3633 ], [ -71.2627, -38.36264 ], [ -71.26386, -38.36255 ], [ -71.26455, -38.36259 ], [ -71.26873, -38.36346 ], [ -71.27104, -38.36369 ], [ -71.27216, -38.36368 ], [ -71.27531, -38.36341 ], [ -71.27638, -38.36318 ], [ -71.27685, -38.36303 ], [ -71.27718, -38.36283 ], [ -71.27791, -38.36195 ], [ -71.27944, -38.35965 ], [ -71.27989, -38.35889 ], [ -71.28055, -38.35727 ], [ -71.28064, -38.35667 ], [ -71.28061, -38.35594 ], [ -71.28035, -38.35551 ], [ -71.27986, -38.3551 ], [ -71.27967, -38.35473 ], [ -71.27954, -38.35381 ], [ -71.27903, -38.35195 ], [ -71.27894, -38.35132 ], [ -71.27896, -38.34882 ], [ -71.27916, -38.34806 ], [ -71.27953, -38.34759 ], [ -71.28144, -38.34635 ], [ -71.28408, -38.34499 ], [ -71.28569, -38.34439 ], [ -71.28716, -38.3441 ], [ -71.28939, -38.34381 ], [ -71.29095, -38.34339 ], [ -71.29148, -38.34304 ], [ -71.29314, -38.34166 ], [ -71.29526, -38.34046 ], [ -71.30053, -38.33914 ], [ -71.30167, -38.33895 ], [ -71.30244, -38.33894 ], [ -71.30569, -38.33971 ], [ -71.30632, -38.33968 ], [ -71.30793, -38.33934 ], [ -71.30845, -38.33939 ], [ -71.30975, -38.33987 ], [ -71.31015, -38.33988 ], [ -71.31035, -38.33977 ], [ -71.31248, -38.33762 ], [ -71.31432, -38.33658 ], [ -71.31464, -38.33633 ], [ -71.31515, -38.33565 ], [ -71.31553, -38.33467 ], [ -71.31573, -38.33386 ], [ -71.31603, -38.33106 ], [ -71.31641, -38.32997 ], [ -71.31698, -38.32929 ], [ -71.31747, -38.32799 ], [ -71.31788, -38.32727 ], [ -71.31997, -38.32491 ], [ -71.32159, -38.32287 ], [ -71.3222, -38.32152 ], [ -71.32342, -38.31958 ], [ -71.32362, -38.31887 ], [ -71.3237, -38.31808 ], [ -71.32388, -38.31762 ], [ -71.32445, -38.31683 ], [ -71.32559, -38.31552 ], [ -71.32611, -38.31401 ], [ -71.32678, -38.31327 ], [ -71.32859, -38.312 ], [ -71.32984, -38.31054 ], [ -71.33056, -38.30995 ], [ -71.33177, -38.30924 ], [ -71.33438, -38.30807 ], [ -71.33476, -38.30762 ], [ -71.33541, -38.30648 ], [ -71.33578, -38.30528 ], [ -71.33622, -38.30444 ], [ -71.33614, -38.30398 ], [ -71.3357, -38.30331 ], [ -71.33505, -38.30186 ], [ -71.33457, -38.30116 ], [ -71.33229, -38.29868 ], [ -71.33143, -38.29746 ], [ -71.33053, -38.29644 ], [ -71.33023, -38.29599 ], [ -71.32969, -38.29508 ], [ -71.32937, -38.29373 ], [ -71.32919, -38.29344 ], [ -71.328, -38.29283 ], [ -71.32595, -38.29157 ], [ -71.32138, -38.28925 ], [ -71.32077, -38.2887 ], [ -71.32051, -38.28789 ], [ -71.32045, -38.28735 ], [ -71.32058, -38.28664 ], [ -71.32077, -38.286 ], [ -71.32103, -38.28553 ], [ -71.32262, -38.28394 ], [ -71.32328, -38.28352 ], [ -71.32448, -38.28292 ], [ -71.32552, -38.28224 ], [ -71.32599, -38.2816 ], [ -71.32608, -38.28108 ], [ -71.32587, -38.28039 ], [ -71.32549, -38.27967 ], [ -71.3244, -38.27837 ], [ -71.32397, -38.27798 ], [ -71.32337, -38.27708 ], [ -71.32294, -38.27622 ], [ -71.3225, -38.27568 ], [ -71.32178, -38.27496 ], [ -71.32075, -38.27419 ], [ -71.32015, -38.27389 ], [ -71.31919, -38.27355 ], [ -71.31858, -38.27309 ], [ -71.31794, -38.27223 ], [ -71.31781, -38.27168 ], [ -71.31782, -38.2713 ], [ -71.318, -38.2707 ], [ -71.31828, -38.27028 ], [ -71.31862, -38.27008 ], [ -71.31984, -38.2698 ], [ -71.32071, -38.26886 ], [ -71.32108, -38.26834 ], [ -71.32161, -38.26674 ], [ -71.32427, -38.26373 ], [ -71.32434, -38.2634 ], [ -71.32393, -38.26225 ], [ -71.32279, -38.26131 ], [ -71.32087, -38.26002 ], [ -71.31974, -38.25881 ], [ -71.31934, -38.25847 ], [ -71.31785, -38.25757 ], [ -71.31729, -38.25749 ], [ -71.31679, -38.25767 ], [ -71.31447, -38.25951 ], [ -71.31376, -38.25998 ], [ -71.31328, -38.2602 ], [ -71.31187, -38.26063 ], [ -71.30691, -38.26181 ], [ -71.30593, -38.26197 ], [ -71.30323, -38.2621 ], [ -71.30258, -38.26206 ], [ -71.30207, -38.26193 ], [ -71.30188, -38.26149 ], [ -71.30187, -38.26092 ], [ -71.30204, -38.26052 ], [ -71.30358, -38.25806 ], [ -71.30514, -38.25672 ], [ -71.30758, -38.25526 ], [ -71.30866, -38.25453 ], [ -71.3097, -38.25353 ], [ -71.31109, -38.25181 ], [ -71.31243, -38.24985 ], [ -71.3126, -38.24921 ], [ -71.31259, -38.24862 ], [ -71.31217, -38.24666 ], [ -71.31214, -38.24534 ], [ -71.31204, -38.24501 ], [ -71.31169, -38.24444 ], [ -71.31154, -38.24356 ], [ -71.31172, -38.24278 ], [ -71.31227, -38.24153 ], [ -71.31234, -38.24068 ], [ -71.31265, -38.23909 ], [ -71.31269, -38.23835 ], [ -71.31242, -38.2374 ], [ -71.31145, -38.23589 ], [ -71.31093, -38.23532 ], [ -71.31057, -38.23515 ], [ -71.30954, -38.23493 ], [ -71.3062, -38.23361 ], [ -71.30578, -38.23335 ], [ -71.30458, -38.23202 ], [ -71.30449, -38.2318 ], [ -71.30451, -38.23156 ], [ -71.30579, -38.23019 ], [ -71.30602, -38.22973 ], [ -71.30617, -38.22915 ], [ -71.30614, -38.2288 ], [ -71.30594, -38.22815 ], [ -71.30644, -38.22506 ], [ -71.30635, -38.22406 ], [ -71.30614, -38.22338 ], [ -71.30442, -38.22158 ], [ -71.30147, -38.21917 ], [ -71.29814, -38.21625 ], [ -71.2964, -38.21446 ], [ -71.29593, -38.21379 ], [ -71.29593, -38.21311 ], [ -71.29613, -38.21249 ], [ -71.29651, -38.21181 ], [ -71.29662, -38.21141 ], [ -71.29677, -38.21007 ], [ -71.29705, -38.20928 ], [ -71.29737, -38.20887 ], [ -71.2978, -38.20852 ], [ -71.29968, -38.20742 ], [ -71.30004, -38.20698 ], [ -71.30022, -38.20651 ], [ -71.3001, -38.20614 ], [ -71.29937, -38.20502 ], [ -71.29919, -38.20395 ], [ -71.29937, -38.20229 ], [ -71.29933, -38.20119 ], [ -71.29856, -38.1986 ], [ -71.29775, -38.19671 ], [ -71.29757, -38.19576 ], [ -71.29763, -38.19545 ], [ -71.2979, -38.19499 ], [ -71.29839, -38.19459 ], [ -71.29958, -38.19392 ], [ -71.29978, -38.19368 ], [ -71.30007, -38.19303 ], [ -71.30023, -38.19261 ], [ -71.30028, -38.19209 ], [ -71.30023, -38.19062 ], [ -71.3003, -38.18971 ], [ -71.30086, -38.18796 ], [ -71.30104, -38.18677 ], [ -71.30131, -38.18591 ], [ -71.30248, -38.18474 ], [ -71.3033, -38.18412 ], [ -71.30686, -38.18182 ], [ -71.30979, -38.17977 ] ] } },
{ "type": "Feature", "properties": { "osm_id": 22892445, "nombre": "Sin nombre", "tipo": "river", "volcan_codigo": "LON", "volcan_nombre": "Lonquimay", "drena_volcan": false }, "geometry": { "type": "LineString", "coordinates": [ [ -71.66095, -38.50315 ], [ -71.66224, -38.50283 ], [ -71.66304, -38.5022 ], [ -71.66343, -38.50129 ], [ -71.66508, -38.4992 ], [ -71.66806, -38.49666 ], [ -71.66909, -38.49491 ], [ -71.66963, -38.49268 ], [ -71.66896, -38.48915 ], [ -71.66742, -38.48601 ], [ -71.66753, -38.48477 ], [ -71.66658, -38.48322 ] ] } },
{ "type": "Feature", "properties": { "osm_id": 51078726, "nombre": "Río Cautín", "tipo": "river", "volcan_codigo": "LON", "volcan_nombre": "Lonquimay", "drena_volcan": true }, "geometry": { "type": "LineString", "coordinates": [ [ -71.51762, -38.46546 ], [ -71.51816, -38.46588 ], [ -71.51837, -38.4665 ], [ -71.519, -38.46692 ], [ -71.51941, -38.46751 ], [ -71.51984, -38.46771 ], [ -71.52046, -38.4687 ], [ -71.52069, -38.4688 ], [ -71.52079, -38.46859 ], [ -71.52089, -38.46858 ], [ -71.52138, -38.46901 ], [ -71.52165, -38.46888 ], [ -71.522, -38.46905 ], [ -71.52213, -38.46914 ], [ -71.52244, -38.46979 ], [ -71.52276, -38.47004 ], [ -71.52321, -38.47019 ], [ -71.52416, -38.47079 ], [ -71.5258, -38.47222 ], [ -71.52637, -38.47252 ], [ -71.52644, -38.47266 ], [ -71.52636, -38.47297 ], [ -71.52638, -38.47327 ], [ -71.52673, -38.47381 ], [ -71.52679, -38.47418 ], [ -71.52662, -38.47434 ], [ -71.52616, -38.47428 ], [ -71.52594, -38.47444 ], [ -71.52561, -38.47547 ], [ -71.52571, -38.47584 ], [ -71.52622, -38.47612 ], [ -71.52717, -38.47635 ], [ -71.52727, -38.47643 ], [ -71.52738, -38.47679 ], [ -71.52757, -38.47693 ], [ -71.5291, -38.47779 ], [ -71.53035, -38.47824 ], [ -71.53067, -38.47858 ], [ -71.53073, -38.47876 ], [ -71.5306, -38.47935 ], [ -71.53065, -38.47943 ], [ -71.53114, -38.4794 ], [ -71.53238, -38.48028 ], [ -71.53255, -38.48031 ], [ -71.53288, -38.48013 ], [ -71.53318, -38.48013 ], [ -71.53474, -38.48074 ], [ -71.5356, -38.48086 ], [ -71.53671, -38.48077 ], [ -71.53797, -38.48017 ], [ -71.53813, -38.48025 ], [ -71.53821, -38.48061 ], [ -71.53873, -38.48104 ], [ -71.53969, -38.48141 ], [ -71.54024, -38.48135 ], [ -71.54052, -38.48096 ], [ -71.54073, -38.48085 ], [ -71.54165, -38.48094 ], [ -71.54237, -38.48125 ], [ -71.54267, -38.48127 ], [ -71.54302, -38.48102 ], [ -71.54311, -38.48074 ], [ -71.54343, -38.48044 ], [ -71.54462, -38.48002 ], [ -71.54477, -38.4799 ], [ -71.5449, -38.47927 ], [ -71.54504, -38.47908 ], [ -71.54618, -38.47872 ], [ -71.5471, -38.47871 ], [ -71.54832, -38.47796 ], [ -71.54845, -38.47798 ], [ -71.54862, -38.47823 ], [ -71.54889, -38.47831 ], [ -71.54956, -38.4779 ], [ -71.55053, -38.47757 ], [ -71.55247, -38.4775 ], [ -71.55434, -38.47706 ], [ -71.55471, -38.47674 ], [ -71.5549, -38.4764 ], [ -71.55518, -38.47566 ], [ -71.55525, -38.47497 ], [ -71.55547, -38.47481 ], [ -71.55601, -38.47507 ], [ -71.55649, -38.47506 ], [ -71.55687, -38.47538 ], [ -71.55728, -38.47556 ], [ -71.55807, -38.4755 ], [ -71.55841, -38.47516 ], [ -71.55862, -38.47515 ], [ -71.5604, -38.47569 ], [ -71.56089, -38.47576 ], [ -71.5616, -38.47564 ], [ -71.56252, -38.47516 ], [ -71.56333, -38.47505 ], [ -71.56375, -38.47511 ], [ -71.56477, -38.47571 ], [ -71.56517, -38.47624 ], [ -71.56528, -38.4769 ], [ -71.56548, -38.47703 ], [ -71.56575, -38.47707 ], [ -71.5679, -38.4768 ], [ -71.56838, -38.47683 ], [ -71.56916, -38.47705 ], [ -71.56982, -38.477 ], [ -71.57008, -38.47692 ], [ -71.57104, -38.47631 ], [ -71.57292, -38.47615 ], [ -71.57304, -38.47622 ], [ -71.57304, -38.47728 ], [ -71.57336, -38.47755 ], [ -71.57363, -38.4775 ], [ -71.57355, -38.47722 ], [ -71.57366, -38.47706 ], [ -71.57415, -38.47689 ], [ -71.57468, -38.47693 ], [ -71.57509, -38.47713 ], [ -71.57511, -38.47727 ], [ -71.57475, -38.47754 ], [ -71.57502, -38.47805 ], [ -71.57468, -38.47909 ], [ -71.57468, -38.47928 ], [ -71.57486, -38.47949 ], [ -71.57547, -38.47982 ], [ -71.57639, -38.48001 ], [ -71.57783, -38.47994 ], [ -71.58012, -38.48031 ], [ -71.58103, -38.4803 ], [ -71.58389, -38.47981 ], [ -71.58537, -38.47924 ], [ -71.58572, -38.479 ], [ -71.58628, -38.47837 ], [ -71.58694, -38.47716 ], [ -71.58734, -38.47682 ], [ -71.58874, -38.47691 ], [ -71.59043, -38.47597 ], [ -71.59107, -38.47596 ], [ -71.59168, -38.4762 ], [ -71.59346, -38.47586 ], [ -71.59474, -38.47518 ], [ -71.59579, -38.4743 ], [ -71.59634, -38.47353 ], [ -71.59672, -38.4734 ], [ -71.59736, -38.47357 ], [ -71.59763, -38.47383 ], [ -71.59768, -38.47403 ], [ -71.59751, -38.47468 ], [ -71.59753, -38.47493 ], [ -71.59796, -38.47547 ], [ -71.59831, -38.47565 ], [ -71.59891, -38.47559 ], [ -71.59957, -38.47582 ], [ -71.60058, -38.4759 ], [ -71.60074, -38.47601 ], [ -71.60118, -38.47684 ], [ -71.60136, -38.47698 ], [ -71.60184, -38.47693 ], [ -71.60323, -38.47635 ], [ -71.60396, -38.47638 ], [ -71.60444, -38.47667 ], [ -71.6056, -38.47602 ], [ -71.606, -38.47597 ], [ -71.60642, -38.47603 ], [ -71.60671, -38.4763 ], [ -71.60666, -38.47653 ], [ -71.60647, -38.47661 ], [ -71.60568, -38.47654 ], [ -71.60547, -38.47685 ], [ -71.60558, -38.47789 ], [ -71.60575, -38.47834 ], [ -71.60612, -38.47852 ], [ -71.60679, -38.47846 ], [ -71.60703, -38.47827 ], [ -71.60712, -38.47805 ], [ -71.60724, -38.47733 ], [ -71.60748, -38.47715 ], [ -71.60783, -38.4772 ], [ -71.60897, -38.47781 ], [ -71.6091, -38.47795 ], [ -71.60897, -38.47817 ], [ -71.60802, -38.47858 ], [ -71.60785, -38.47876 ], [ -71.60779, -38.47897 ], [ -71.60789, -38.47913 ], [ -71.60838, -38.47918 ], [ -71.60904, -38.47892 ], [ -71.60943, -38.4786 ], [ -71.6098, -38.47758 ], [ -71.61007, -38.47724 ], [ -71.61025, -38.4772 ], [ -71.61101, -38.47731 ], [ -71.61141, -38.47723 ], [ -71.61157, -38.47703 ], [ -71.61157, -38.47687 ], [ -71.61145, -38.4767 ], [ -71.61081, -38.47627 ], [ -71.61048, -38.47539 ], [ -71.61051, -38.47522 ], [ -71.6109, -38.475 ], [ -71.61104, -38.47466 ], [ -71.61108, -38.47428 ], [ -71.61128, -38.47372 ], [ -71.6112, -38.47248 ], [ -71.61135, -38.47216 ], [ -71.61281, -38.47118 ], [ -71.61355, -38.47089 ], [ -71.61523, -38.47041 ], [ -71.61603, -38.46991 ], [ -71.61682, -38.46954 ], [ -71.61723, -38.46943 ], [ -71.6187, -38.46931 ], [ -71.62055, -38.46934 ], [ -71.62093, -38.46915 ], [ -71.62181, -38.46822 ], [ -71.62385, -38.46708 ], [ -71.62477, -38.46685 ], [ -71.62679, -38.46675 ], [ -71.62694, -38.46663 ], [ -71.62692, -38.46607 ], [ -71.62706, -38.46545 ], [ -71.62815, -38.46395 ], [ -71.62865, -38.46361 ], [ -71.6301, -38.4633 ], [ -71.63045, -38.46337 ], [ -71.63093, -38.46406 ], [ -71.63119, -38.4642 ], [ -71.63172, -38.46439 ], [ -71.63267, -38.4645 ], [ -71.63293, -38.46465 ], [ -71.63302, -38.46488 ], [ -71.63313, -38.4659 ], [ -71.63353, -38.46642 ], [ -71.63377, -38.46656 ], [ -71.63434, -38.46656 ], [ -71.63463, -38.46665 ], [ -71.63559, -38.46773 ], [ -71.63652, -38.46808 ], [ -71.63708, -38.46811 ], [ -71.63796, -38.46792 ], [ -71.63921, -38.46746 ], [ -71.63972, -38.46749 ], [ -71.64027, -38.46783 ], [ -71.64088, -38.46852 ], [ -71.6413, -38.46881 ], [ -71.64158, -38.46886 ], [ -71.64212, -38.46876 ], [ -71.64274, -38.46897 ], [ -71.64398, -38.46972 ], [ -71.6445, -38.47024 ], [ -71.64506, -38.47045 ], [ -71.64549, -38.47051 ], [ -71.64595, -38.4705 ], [ -71.64745, -38.47021 ], [ -71.64949, -38.47073 ], [ -71.64986, -38.47054 ], [ -71.6508, -38.4698 ], [ -71.6512, -38.46966 ], [ -71.65208, -38.46964 ], [ -71.65279, -38.46991 ], [ -71.65317, -38.47013 ], [ -71.65383, -38.47079 ], [ -71.65459, -38.47084 ], [ -71.6548, -38.47101 ], [ -71.65488, -38.47139 ], [ -71.65368, -38.47276 ], [ -71.65362, -38.47313 ], [ -71.65397, -38.47355 ], [ -71.65559, -38.47465 ], [ -71.65577, -38.4746 ], [ -71.65614, -38.47426 ], [ -71.65649, -38.4736 ], [ -71.65755, -38.47334 ], [ -71.65874, -38.47211 ], [ -71.65911, -38.47185 ], [ -71.65967, -38.47171 ], [ -71.66101, -38.47182 ], [ -71.66129, -38.47139 ], [ -71.66143, -38.4713 ], [ -71.66267, -38.4711 ], [ -71.66334, -38.47038 ], [ -71.66474, -38.47009 ], [ -71.66587, -38.46937 ], [ -71.66622, -38.46931 ], [ -71.66746, -38.46993 ], [ -71.66928, -38.47003 ], [ -71.67039, -38.47064 ], [ -71.67046, -38.47087 ], [ -71.67018, -38.47134 ], [ -71.67018, -38.47162 ], [ -71.67044, -38.47213 ], [ -71.67097, -38.47271 ], [ -71.67225, -38.47331 ], [ -71.67362, -38.47434 ], [ -71.67536, -38.47519 ], [ -71.67567, -38.47523 ], [ -71.67663, -38.47516 ], [ -71.67811, -38.47476 ], [ -71.67859, -38.47472 ], [ -71.67903, -38.4749 ], [ -71.67942, -38.47571 ], [ -71.67989, -38.47616 ], [ -71.68047, -38.47659 ], [ -71.68131, -38.47692 ], [ -71.6828, -38.47718 ], [ -71.68431, -38.47729 ], [ -71.68654, -38.47772 ], [ -71.6869, -38.47769 ], [ -71.68868, -38.47722 ], [ -71.68934, -38.4772 ], [ -71.68968, -38.47736 ], [ -71.69062, -38.4782 ], [ -71.69145, -38.47857 ], [ -71.693, -38.47848 ], [ -71.69407, -38.47865 ], [ -71.69548, -38.47813 ], [ -71.69692, -38.47786 ], [ -71.69749, -38.47758 ], [ -71.69849, -38.47668 ], [ -71.69897, -38.47603 ], [ -71.70335, -38.47319 ], [ -71.70414, -38.47302 ], [ -71.70525, -38.47292 ], [ -71.70614, -38.47296 ], [ -71.70707, -38.47284 ], [ -71.70792, -38.4725 ], [ -71.70825, -38.47223 ], [ -71.70861, -38.47163 ], [ -71.70866, -38.47068 ], [ -71.70878, -38.47011 ], [ -71.70894, -38.46974 ], [ -71.70971, -38.46905 ], [ -71.71029, -38.46832 ], [ -71.71041, -38.468 ], [ -71.71042, -38.46755 ], [ -71.71033, -38.46679 ], [ -71.70978, -38.46599 ], [ -71.70925, -38.46553 ], [ -71.70846, -38.4651 ], [ -71.70682, -38.46445 ], [ -71.7066, -38.46428 ], [ -71.70643, -38.46391 ], [ -71.7065, -38.46353 ], [ -71.70745, -38.46291 ], [ -71.70768, -38.46263 ], [ -71.70775, -38.46233 ], [ -71.70758, -38.46184 ], [ -71.70762, -38.46112 ], [ -71.70774, -38.46084 ], [ -71.70796, -38.46067 ], [ -71.70834, -38.46057 ], [ -71.70948, -38.46062 ], [ -71.71021, -38.46123 ], [ -71.71208, -38.46119 ], [ -71.71365, -38.46147 ], [ -71.71432, -38.46167 ], [ -71.71468, -38.46187 ], [ -71.71487, -38.4621 ], [ -71.71499, -38.46332 ], [ -71.71517, -38.46364 ], [ -71.7154, -38.46381 ], [ -71.71584, -38.46391 ], [ -71.71602, -38.46388 ], [ -71.71657, -38.46354 ], [ -71.71702, -38.4634 ], [ -71.71832, -38.46324 ], [ -71.71968, -38.46334 ], [ -71.72193, -38.46318 ], [ -71.72317, -38.46349 ], [ -71.72369, -38.46346 ], [ -71.72509, -38.46273 ], [ -71.72584, -38.46217 ], [ -71.72649, -38.46166 ], [ -71.7271, -38.46091 ], [ -71.72738, -38.46075 ], [ -71.72799, -38.46063 ], [ -71.72964, -38.46051 ], [ -71.73128, -38.46016 ], [ -71.73167, -38.46015 ], [ -71.73233, -38.4603 ], [ -71.73268, -38.46055 ], [ -71.73277, -38.46076 ], [ -71.7328, -38.46133 ], [ -71.73304, -38.46159 ], [ -71.73511, -38.46147 ], [ -71.73938, -38.46157 ], [ -71.74046, -38.46175 ], [ -71.74085, -38.46193 ], [ -71.74218, -38.46283 ], [ -71.74253, -38.46297 ], [ -71.74291, -38.46291 ], [ -71.74446, -38.46299 ], [ -71.74481, -38.46287 ], [ -71.74507, -38.46259 ], [ -71.74557, -38.46257 ], [ -71.74614, -38.46278 ], [ -71.74686, -38.4633 ], [ -71.74973, -38.46433 ], [ -71.75152, -38.46454 ], [ -71.75386, -38.465 ], [ -71.75445, -38.46498 ], [ -71.75497, -38.46487 ], [ -71.75627, -38.46417 ], [ -71.75687, -38.46397 ], [ -71.75732, -38.46393 ], [ -71.75794, -38.46404 ], [ -71.75921, -38.46472 ], [ -71.75963, -38.46481 ], [ -71.7602, -38.46479 ], [ -71.76053, -38.46469 ], [ -71.7613, -38.46416 ], [ -71.76161, -38.46409 ], [ -71.76361, -38.46435 ], [ -71.76637, -38.46452 ], [ -71.76872, -38.46488 ], [ -71.77076, -38.46496 ], [ -71.77111, -38.46505 ], [ -71.77154, -38.46548 ], [ -71.7716, -38.46569 ], [ -71.77139, -38.4662 ], [ -71.77142, -38.46647 ], [ -71.77242, -38.46775 ], [ -71.7729, -38.46806 ], [ -71.77324, -38.46805 ], [ -71.77345, -38.46794 ], [ -71.77396, -38.46732 ], [ -71.7743, -38.46714 ], [ -71.77462, -38.46709 ], [ -71.77641, -38.46749 ], [ -71.77801, -38.46828 ], [ -71.77844, -38.46834 ], [ -71.7789, -38.46834 ], [ -71.7796, -38.46813 ], [ -71.77996, -38.46795 ], [ -71.78027, -38.46763 ], [ -71.7807, -38.46737 ], [ -71.78112, -38.46729 ], [ -71.78153, -38.46731 ], [ -71.78181, -38.46739 ], [ -71.78208, -38.46759 ], [ -71.78219, -38.46787 ], [ -71.78202, -38.46899 ], [ -71.78211, -38.46923 ], [ -71.78232, -38.4694 ], [ -71.783, -38.46968 ], [ -71.78435, -38.47042 ], [ -71.78547, -38.4705 ], [ -71.78734, -38.47032 ], [ -71.78856, -38.47037 ], [ -71.78977, -38.47056 ], [ -71.79049, -38.47108 ], [ -71.79076, -38.47193 ], [ -71.79095, -38.47217 ], [ -71.7917, -38.4726 ], [ -71.79287, -38.47401 ], [ -71.79421, -38.4751 ], [ -71.79456, -38.47527 ], [ -71.79781, -38.47616 ], [ -71.79872, -38.4767 ], [ -71.79883, -38.47715 ], [ -71.79877, -38.47738 ], [ -71.79829, -38.47814 ], [ -71.79851, -38.47867 ], [ -71.79883, -38.47895 ], [ -71.80294, -38.48003 ], [ -71.80333, -38.48022 ], [ -71.805, -38.48145 ], [ -71.80556, -38.48163 ], [ -71.80673, -38.48167 ], [ -71.80802, -38.48136 ], [ -71.81022, -38.48062 ], [ -71.8114, -38.48076 ], [ -71.81268, -38.48074 ], [ -71.81363, -38.48108 ], [ -71.81401, -38.4815 ], [ -71.81415, -38.48191 ], [ -71.81396, -38.4822 ], [ -71.81264, -38.48238 ], [ -71.81232, -38.48265 ], [ -71.81242, -38.48438 ], [ -71.81265, -38.48452 ], [ -71.81331, -38.48452 ], [ -71.81372, -38.4847 ], [ -71.81394, -38.48504 ], [ -71.81464, -38.48679 ], [ -71.81552, -38.48748 ], [ -71.81639, -38.48801 ], [ -71.81716, -38.48832 ], [ -71.81756, -38.4884 ], [ -71.81807, -38.48832 ], [ -71.81843, -38.4882 ], [ -71.81952, -38.48759 ], [ -71.82044, -38.48722 ], [ -71.82161, -38.487 ], [ -71.82239, -38.48714 ], [ -71.82353, -38.48747 ], [ -71.82391, -38.48767 ], [ -71.82442, -38.48821 ], [ -71.82495, -38.4886 ], [ -71.82627, -38.48928 ], [ -71.8266, -38.48967 ], [ -71.82681, -38.49025 ], [ -71.82692, -38.49109 ], [ -71.82699, -38.49124 ], [ -71.8272, -38.49139 ], [ -71.82744, -38.49142 ], [ -71.82788, -38.49103 ], [ -71.82872, -38.49083 ], [ -71.83001, -38.49102 ], [ -71.83081, -38.49143 ], [ -71.83131, -38.492 ], [ -71.83145, -38.49278 ], [ -71.83089, -38.49389 ], [ -71.83024, -38.49465 ], [ -71.82988, -38.49599 ], [ -71.82927, -38.49735 ], [ -71.82935, -38.49838 ], [ -71.82961, -38.49871 ], [ -71.8309, -38.49963 ], [ -71.83135, -38.50007 ], [ -71.83156, -38.50036 ], [ -71.8326, -38.50248 ], [ -71.83319, -38.50338 ], [ -71.83389, -38.50425 ], [ -71.83444, -38.5047 ], [ -71.8349, -38.50492 ], [ -71.83576, -38.50494 ], [ -71.83634, -38.50472 ], [ -71.83661, -38.50433 ], [ -71.8366, -38.50373 ], [ -71.83645, -38.50337 ], [ -71.83583, -38.5025 ], [ -71.83574, -38.5015 ], [ -71.83581, -38.50136 ], [ -71.83605, -38.50123 ], [ -71.83775, -38.50126 ], [ -71.84031, -38.50045 ], [ -71.84201, -38.50016 ], [ -71.84278, -38.49995 ], [ -71.84355, -38.49967 ], [ -71.84494, -38.499 ], [ -71.84523, -38.49895 ], [ -71.84683, -38.49911 ], [ -71.84805, -38.49934 ], [ -71.85186, -38.49926 ], [ -71.8524, -38.49903 ], [ -71.85322, -38.49793 ], [ -71.85353, -38.49778 ], [ -71.85501, -38.49766 ], [ -71.85527, -38.49756 ], [ -71.85615, -38.49656 ], [ -71.85669, -38.49612 ], [ -71.85854, -38.49511 ], [ -71.86037, -38.49429 ], [ -71.86555, -38.49281 ], [ -71.8667, -38.49218 ], [ -71.86858, -38.49138 ], [ -71.86913, -38.49125 ], [ -71.87011, -38.49136 ], [ -71.87026, -38.49155 ], [ -71.87017, -38.49214 ], [ -71.87054, -38.49257 ], [ -71.87081, -38.49269 ], [ -71.87164, -38.49262 ], [ -71.87357, -38.49208 ], [ -71.8743, -38.49148 ], [ -71.87516, -38.49112 ], [ -71.87573, -38.4911 ], [ -71.87609, -38.49124 ], [ -71.87651, -38.4915 ], [ -71.87687, -38.49198 ], [ -71.87734, -38.4923 ] ] } },
{ "type": "Feature", "properties": { "osm_id": 51078727, "nombre": "Río Blanco", "tipo": "river", "volcan_codigo": "LON", "volcan_nombre": "Lonquimay", "drena_volcan": true }, "geometry": { "type": "LineString", "coordinates": [ [ -71.72804, -38.3526 ], [ -71.7282, -38.35335 ], [ -71.72758, -38.35534 ], [ -71.72801, -38.35635 ], [ -71.72605, -38.35762 ], [ -71.7261, -38.35908 ], [ -71.72534, -38.36042 ], [ -71.72505, -38.36124 ], [ -71.72405, -38.36274 ], [ -71.72348, -38.36442 ], [ -71.7219, -38.36562 ], [ -71.72014, -38.36734 ], [ -71.71981, -38.36884 ], [ -71.71914, -38.36932 ], [ -71.7194, -38.37009 ], [ -71.71996, -38.37069 ], [ -71.71967, -38.37263 ], [ -71.71936, -38.37313 ], [ -71.71885, -38.37318 ], [ -71.7182, -38.37289 ], [ -71.71796, -38.37252 ], [ -71.71768, -38.37253 ], [ -71.71759, -38.37296 ], [ -71.71792, -38.37336 ], [ -71.71792, -38.37374 ], [ -71.71656, -38.37463 ], [ -71.71673, -38.37565 ], [ -71.71616, -38.37616 ], [ -71.71399, -38.37763 ], [ -71.7138, -38.37876 ], [ -71.71307, -38.37942 ], [ -71.7125, -38.38107 ], [ -71.70994, -38.38155 ], [ -71.71059, -38.38238 ], [ -71.71036, -38.38316 ], [ -71.70914, -38.38316 ], [ -71.70823, -38.38328 ], [ -71.70861, -38.38433 ], [ -71.7091, -38.38406 ], [ -71.70968, -38.38448 ], [ -71.7091, -38.38615 ], [ -71.70853, -38.3875 ], [ -71.70827, -38.38792 ], [ -71.70899, -38.38848 ], [ -71.70861, -38.38884 ], [ -71.7072, -38.38875 ], [ -71.70701, -38.38947 ], [ -71.70815, -38.39031 ], [ -71.70827, -38.39117 ], [ -71.70895, -38.39165 ], [ -71.70922, -38.3924 ], [ -71.70964, -38.39306 ], [ -71.71036, -38.39339 ], [ -71.71033, -38.39563 ], [ -71.71101, -38.39599 ], [ -71.71162, -38.39671 ], [ -71.71097, -38.39844 ], [ -71.71212, -38.39859 ], [ -71.71181, -38.39931 ], [ -71.71277, -38.39958 ], [ -71.71338, -38.40149 ], [ -71.71471, -38.40176 ], [ -71.71498, -38.40248 ], [ -71.7167, -38.40316 ], [ -71.71727, -38.40463 ], [ -71.71825, -38.40477 ], [ -71.71876, -38.40532 ], [ -71.71944, -38.40675 ], [ -71.72204, -38.40849 ], [ -71.72513, -38.40875 ], [ -71.72707, -38.40837 ], [ -71.72822, -38.41037 ], [ -71.72913, -38.40983 ], [ -71.73066, -38.41171 ], [ -71.73249, -38.41237 ], [ -71.73436, -38.41363 ], [ -71.73623, -38.41408 ], [ -71.7389, -38.41575 ], [ -71.74027, -38.41623 ], [ -71.74298, -38.41659 ], [ -71.74413, -38.41856 ], [ -71.7463, -38.41841 ], [ -71.74779, -38.41901 ], [ -71.74912, -38.4182 ], [ -71.7505, -38.41975 ], [ -71.75317, -38.42029 ], [ -71.7545, -38.42101 ], [ -71.75786, -38.42048 ], [ -71.75893, -38.42098 ], [ -71.75961, -38.4217 ], [ -71.7611, -38.42164 ], [ -71.76297, -38.42206 ], [ -71.76488, -38.42236 ], [ -71.76603, -38.42298 ], [ -71.76672, -38.4236 ], [ -71.76755, -38.42367 ], [ -71.76807, -38.42391 ], [ -71.76871, -38.42462 ], [ -71.7691, -38.42491 ], [ -71.7698, -38.4251 ], [ -71.77328, -38.42636 ], [ -71.77399, -38.42683 ], [ -71.77466, -38.42698 ], [ -71.77518, -38.42723 ], [ -71.77571, -38.42736 ], [ -71.7763, -38.42775 ], [ -71.7777, -38.42828 ], [ -71.77859, -38.42835 ], [ -71.77901, -38.42846 ], [ -71.77963, -38.42879 ], [ -71.78004, -38.42875 ], [ -71.78041, -38.42889 ], [ -71.78087, -38.42935 ], [ -71.7816, -38.42967 ], [ -71.78238, -38.42991 ], [ -71.78423, -38.43106 ], [ -71.78484, -38.43182 ], [ -71.78469, -38.43234 ], [ -71.78577, -38.43314 ], [ -71.78735, -38.43371 ], [ -71.78787, -38.43431 ], [ -71.78794, -38.43469 ], [ -71.7881, -38.43506 ], [ -71.78907, -38.43581 ], [ -71.79096, -38.43781 ], [ -71.79196, -38.43858 ], [ -71.79358, -38.43957 ], [ -71.79372, -38.43996 ], [ -71.79421, -38.44003 ], [ -71.79544, -38.43998 ], [ -71.79784, -38.44111 ], [ -71.79938, -38.44142 ], [ -71.80011, -38.44187 ], [ -71.80056, -38.44178 ], [ -71.80128, -38.44125 ], [ -71.8025, -38.44112 ], [ -71.80341, -38.44115 ], [ -71.80384, -38.44151 ], [ -71.80432, -38.4425 ], [ -71.80545, -38.44268 ], [ -71.80629, -38.4427 ], [ -71.80738, -38.44264 ], [ -71.80796, -38.44241 ], [ -71.80881, -38.44279 ], [ -71.80987, -38.4437 ], [ -71.81033, -38.44396 ], [ -71.81207, -38.44357 ], [ -71.81236, -38.44402 ], [ -71.81235, -38.44451 ], [ -71.81267, -38.44491 ], [ -71.81315, -38.44521 ], [ -71.81385, -38.4453 ], [ -71.81437, -38.44548 ], [ -71.81486, -38.4453 ], [ -71.81562, -38.44558 ], [ -71.81695, -38.44707 ], [ -71.81782, -38.44737 ], [ -71.81951, -38.44722 ], [ -71.81972, -38.44798 ], [ -71.8204, -38.44886 ], [ -71.82063, -38.44952 ], [ -71.82208, -38.45004 ], [ -71.82363, -38.45094 ], [ -71.82412, -38.45155 ], [ -71.82498, -38.45165 ], [ -71.82624, -38.45216 ], [ -71.82713, -38.45264 ], [ -71.82788, -38.45286 ], [ -71.82812, -38.45356 ], [ -71.82765, -38.45414 ], [ -71.82812, -38.45454 ], [ -71.82924, -38.45473 ], [ -71.82934, -38.45497 ], [ -71.82932, -38.45524 ], [ -71.82877, -38.45619 ], [ -71.82877, -38.45696 ], [ -71.82957, -38.45759 ], [ -71.8305, -38.45817 ], [ -71.83181, -38.45839 ], [ -71.83275, -38.45916 ], [ -71.83336, -38.45931 ], [ -71.83534, -38.4593 ], [ -71.83598, -38.45971 ], [ -71.83659, -38.46034 ], [ -71.83802, -38.4605 ], [ -71.83857, -38.46105 ], [ -71.83843, -38.46169 ], [ -71.8385, -38.46198 ], [ -71.83884, -38.46214 ], [ -71.83988, -38.46209 ], [ -71.84078, -38.46227 ], [ -71.84232, -38.46202 ], [ -71.84279, -38.46209 ], [ -71.84322, -38.46229 ], [ -71.84464, -38.46232 ], [ -71.84535, -38.46244 ], [ -71.84607, -38.46234 ], [ -71.84682, -38.46239 ], [ -71.84747, -38.46273 ], [ -71.84831, -38.46348 ], [ -71.84912, -38.46359 ], [ -71.85084, -38.46485 ], [ -71.85199, -38.46521 ], [ -71.85344, -38.46549 ], [ -71.85514, -38.46523 ], [ -71.85566, -38.46527 ], [ -71.85645, -38.46568 ], [ -71.85664, -38.46568 ], [ -71.85717, -38.46517 ], [ -71.8571, -38.46494 ], [ -71.85615, -38.46436 ], [ -71.85603, -38.46405 ], [ -71.85622, -38.46392 ], [ -71.85657, -38.46392 ], [ -71.85713, -38.46417 ], [ -71.85774, -38.46412 ], [ -71.85852, -38.46376 ], [ -71.85937, -38.46316 ], [ -71.86043, -38.46215 ], [ -71.86107, -38.46041 ], [ -71.86145, -38.45978 ], [ -71.86262, -38.45903 ], [ -71.86386, -38.45898 ], [ -71.86479, -38.45829 ], [ -71.86529, -38.45772 ], [ -71.86593, -38.45668 ], [ -71.86672, -38.45585 ], [ -71.86704, -38.4553 ], [ -71.86758, -38.45477 ], [ -71.86828, -38.45451 ], [ -71.86846, -38.45462 ], [ -71.86864, -38.45615 ], [ -71.86899, -38.45666 ], [ -71.86969, -38.45716 ], [ -71.87021, -38.45725 ], [ -71.87078, -38.45708 ] ] } },
{ "type": "Feature", "properties": { "osm_id": 51706708, "nombre": "Río Dillo", "tipo": "river", "volcan_codigo": "LON", "volcan_nombre": "Lonquimay", "drena_volcan": false }, "geometry": { "type": "LineString", "coordinates": [ [ -71.79436, -38.30277 ], [ -71.79514, -38.30285 ], [ -71.79573, -38.30301 ], [ -71.79627, -38.30352 ], [ -71.79702, -38.30393 ], [ -71.79853, -38.30376 ], [ -71.79955, -38.3032 ], [ -71.80026, -38.30323 ], [ -71.80065, -38.30352 ], [ -71.80078, -38.30427 ], [ -71.80151, -38.30469 ], [ -71.80197, -38.30531 ], [ -71.80276, -38.3061 ], [ -71.80386, -38.30757 ], [ -71.80427, -38.30769 ], [ -71.80471, -38.30768 ], [ -71.80533, -38.30781 ], [ -71.80548, -38.30816 ], [ -71.80548, -38.30972 ], [ -71.80576, -38.31037 ], [ -71.80701, -38.31117 ], [ -71.80738, -38.31173 ], [ -71.80799, -38.31173 ], [ -71.80842, -38.31193 ], [ -71.80896, -38.31288 ], [ -71.80941, -38.31401 ], [ -71.80991, -38.31423 ], [ -71.81118, -38.31399 ], [ -71.81163, -38.31449 ], [ -71.81178, -38.31499 ], [ -71.81096, -38.31548 ], [ -71.81075, -38.31582 ], [ -71.81098, -38.31591 ], [ -71.81211, -38.31579 ], [ -71.81221, -38.316 ], [ -71.81193, -38.31638 ], [ -71.81146, -38.31763 ], [ -71.81221, -38.31831 ], [ -71.81241, -38.31908 ], [ -71.81256, -38.31929 ], [ -71.8134, -38.31993 ], [ -71.8136, -38.32022 ], [ -71.81345, -38.3213 ], [ -71.81386, -38.32201 ], [ -71.81452, -38.32221 ], [ -71.81526, -38.32297 ], [ -71.8153, -38.32334 ], [ -71.81519, -38.32389 ], [ -71.81522, -38.32464 ], [ -71.81552, -38.32515 ], [ -71.81586, -38.32554 ], [ -71.81651, -38.32588 ], [ -71.81731, -38.32613 ], [ -71.81988, -38.32661 ], [ -71.82044, -38.32702 ], [ -71.82074, -38.32753 ], [ -71.82083, -38.32889 ], [ -71.82109, -38.3291 ], [ -71.82175, -38.3287 ], [ -71.82208, -38.32864 ], [ -71.82234, -38.32883 ], [ -71.82232, -38.32952 ], [ -71.82186, -38.33091 ], [ -71.82244, -38.33084 ], [ -71.82281, -38.33103 ], [ -71.82318, -38.33151 ], [ -71.82409, -38.33221 ], [ -71.82624, -38.33336 ], [ -71.82827, -38.33405 ], [ -71.82905, -38.33414 ], [ -71.83006, -38.33417 ], [ -71.83043, -38.33393 ], [ -71.83106, -38.33382 ], [ -71.83293, -38.33491 ], [ -71.83397, -38.33516 ], [ -71.83593, -38.33583 ], [ -71.83652, -38.33621 ], [ -71.83742, -38.33705 ], [ -71.8379, -38.33714 ], [ -71.83912, -38.33664 ], [ -71.83967, -38.33671 ], [ -71.84036, -38.33719 ], [ -71.84098, -38.33725 ], [ -71.84161, -38.33712 ], [ -71.84226, -38.33727 ], [ -71.84303, -38.33711 ], [ -71.84338, -38.33687 ], [ -71.84364, -38.33642 ], [ -71.84403, -38.33605 ], [ -71.84491, -38.33601 ], [ -71.84588, -38.33655 ], [ -71.84765, -38.33705 ], [ -71.84823, -38.33762 ], [ -71.84879, -38.33779 ], [ -71.85002, -38.33775 ], [ -71.85229, -38.33848 ], [ -71.85279, -38.33848 ], [ -71.85356, -38.33829 ], [ -71.85391, -38.33836 ], [ -71.85643, -38.33931 ], [ -71.85732, -38.33917 ], [ -71.85812, -38.3393 ], [ -71.85928, -38.33965 ], [ -71.86004, -38.34018 ], [ -71.86079, -38.34054 ], [ -71.86107, -38.34099 ], [ -71.86105, -38.34142 ], [ -71.86131, -38.34183 ], [ -71.86198, -38.34219 ], [ -71.86338, -38.34275 ], [ -71.86411, -38.34266 ], [ -71.8647, -38.34269 ], [ -71.86547, -38.34285 ], [ -71.86763, -38.34387 ], [ -71.86981, -38.34437 ], [ -71.87042, -38.34469 ], [ -71.87106, -38.34534 ], [ -71.87247, -38.3458 ], [ -71.87316, -38.34617 ], [ -71.87367, -38.34655 ], [ -71.87406, -38.347 ], [ -71.87482, -38.34754 ], [ -71.87586, -38.34786 ], [ -71.87616, -38.34808 ], [ -71.8764, -38.34855 ], [ -71.87941, -38.35041 ], [ -71.88022, -38.35082 ], [ -71.88129, -38.35111 ], [ -71.88241, -38.35163 ], [ -71.88282, -38.35196 ], [ -71.88446, -38.35216 ], [ -71.88598, -38.3531 ], [ -71.88682, -38.35318 ], [ -71.88794, -38.35343 ], [ -71.88893, -38.3538 ], [ -71.89129, -38.35489 ], [ -71.89213, -38.35554 ], [ -71.8932, -38.357 ], [ -71.89388, -38.35888 ], [ -71.89532, -38.36156 ], [ -71.89571, -38.36262 ], [ -71.8956, -38.36333 ], [ -71.89569, -38.36457 ], [ -71.8959, -38.36517 ], [ -71.89631, -38.36727 ], [ -71.89662, -38.36781 ], [ -71.89737, -38.36845 ], [ -71.89815, -38.36951 ], [ -71.8988, -38.36983 ], [ -71.89987, -38.37016 ], [ -71.90154, -38.37053 ], [ -71.90313, -38.37076 ], [ -71.90469, -38.3705 ], [ -71.90602, -38.37041 ], [ -71.90663, -38.3705 ], [ -71.9076, -38.3713 ], [ -71.90844, -38.37243 ], [ -71.90896, -38.3729 ], [ -71.91079, -38.37376 ], [ -71.91235, -38.3742 ], [ -71.91382, -38.3744 ], [ -71.91532, -38.37447 ], [ -71.91627, -38.37466 ], [ -71.91807, -38.37531 ], [ -71.91833, -38.37561 ], [ -71.9188, -38.37652 ], [ -71.9201, -38.37964 ], [ -71.92048, -38.38084 ], [ -71.92104, -38.3836 ], [ -71.92152, -38.38508 ], [ -71.9223, -38.3869 ], [ -71.92355, -38.38831 ], [ -71.92452, -38.38977 ], [ -71.92471, -38.39191 ], [ -71.92501, -38.39313 ], [ -71.92549, -38.39437 ], [ -71.92551, -38.39744 ], [ -71.9257, -38.3979 ], [ -71.92625, -38.39825 ], [ -71.92698, -38.39901 ], [ -71.92719, -38.39999 ], [ -71.92778, -38.40103 ], [ -71.92909, -38.40185 ], [ -71.93138, -38.40303 ], [ -71.93274, -38.40337 ], [ -71.93356, -38.40382 ], [ -71.93395, -38.40423 ], [ -71.93445, -38.40518 ], [ -71.93478, -38.40699 ], [ -71.93534, -38.40782 ], [ -71.93572, -38.40812 ], [ -71.93705, -38.40955 ], [ -71.93759, -38.41024 ], [ -71.93797, -38.4105 ], [ -71.9391, -38.41083 ], [ -71.93943, -38.41105 ], [ -71.93955, -38.41128 ], [ -71.93957, -38.41157 ], [ -71.93973, -38.41185 ], [ -71.9402, -38.41207 ], [ -71.94092, -38.41323 ], [ -71.94094, -38.41347 ], [ -71.94085, -38.41378 ], [ -71.94143, -38.41518 ], [ -71.94175, -38.41562 ], [ -71.94204, -38.41573 ], [ -71.94216, -38.41601 ], [ -71.9421, -38.41633 ], [ -71.94194, -38.41665 ], [ -71.94098, -38.41716 ], [ -71.94134, -38.41897 ], [ -71.94262, -38.42193 ], [ -71.94332, -38.42294 ], [ -71.94392, -38.42338 ], [ -71.94512, -38.42539 ], [ -71.94589, -38.42619 ], [ -71.94666, -38.4272 ], [ -71.94723, -38.4278 ], [ -71.94844, -38.42894 ], [ -71.94904, -38.42919 ], [ -71.9501, -38.42991 ], [ -71.95119, -38.43043 ], [ -71.95173, -38.43082 ], [ -71.95178, -38.43142 ], [ -71.95134, -38.43191 ], [ -71.95094, -38.4329 ], [ -71.95156, -38.43418 ], [ -71.95181, -38.43522 ], [ -71.95225, -38.43561 ], [ -71.95307, -38.43592 ], [ -71.95307, -38.43623 ], [ -71.95258, -38.43672 ], [ -71.95196, -38.43693 ], [ -71.95146, -38.43736 ], [ -71.95164, -38.43785 ] ] } },
{ "type": "Feature", "properties": { "osm_id": 51756914, "nombre": "Río Blanco", "tipo": "river", "volcan_codigo": "LON", "volcan_nombre": "Lonquimay", "drena_volcan": false }, "geometry": { "type": "LineString", "coordinates": [ [ -71.67353, -38.30393 ], [ -71.67448, -38.30497 ], [ -71.67548, -38.30529 ], [ -71.67692, -38.30552 ], [ -71.67761, -38.30636 ], [ -71.67954, -38.30815 ], [ -71.68044, -38.30847 ], [ -71.68153, -38.31029 ], [ -71.6818, -38.31137 ], [ -71.68224, -38.31263 ], [ -71.68339, -38.31413 ], [ -71.68478, -38.3151 ], [ -71.68571, -38.31667 ], [ -71.68685, -38.31767 ], [ -71.68839, -38.31886 ], [ -71.68952, -38.31951 ], [ -71.69147, -38.32047 ], [ -71.69313, -38.32091 ], [ -71.69408, -38.3216 ], [ -71.69523, -38.32221 ], [ -71.69674, -38.32441 ], [ -71.69755, -38.32504 ], [ -71.69821, -38.32501 ], [ -71.69899, -38.32558 ], [ -71.69945, -38.32646 ], [ -71.70194, -38.32868 ], [ -71.70395, -38.32995 ], [ -71.70514, -38.33081 ], [ -71.70614, -38.33188 ], [ -71.70837, -38.33318 ], [ -71.70924, -38.33387 ], [ -71.71247, -38.33535 ], [ -71.71264, -38.33617 ], [ -71.71244, -38.3369 ], [ -71.71274, -38.33765 ], [ -71.71327, -38.33849 ], [ -71.71413, -38.33924 ], [ -71.71527, -38.33998 ], [ -71.7153, -38.34092 ], [ -71.71574, -38.34148 ], [ -71.71579, -38.34268 ], [ -71.7163, -38.34353 ], [ -71.71642, -38.34437 ], [ -71.71786, -38.34569 ], [ -71.71899, -38.34579 ], [ -71.72008, -38.34864 ], [ -71.72057, -38.34937 ], [ -71.72167, -38.35036 ], [ -71.72143, -38.35105 ], [ -71.72192, -38.35195 ], [ -71.72162, -38.35285 ], [ -71.7214, -38.35408 ], [ -71.72072, -38.35528 ], [ -71.72207, -38.35719 ], [ -71.7217, -38.35821 ], [ -71.7207, -38.35932 ], [ -71.7205, -38.35994 ], [ -71.71938, -38.36028 ], [ -71.71903, -38.36105 ], [ -71.71867, -38.36218 ], [ -71.71698, -38.36315 ], [ -71.7185, -38.36363 ], [ -71.71803, -38.36432 ], [ -71.71789, -38.36522 ], [ -71.71725, -38.36568 ], [ -71.71737, -38.36654 ], [ -71.71941, -38.3667 ], [ -71.7198, -38.36681 ], [ -71.72014, -38.36734 ] ] } },
{ "type": "Feature", "properties": { "osm_id": 52429286, "nombre": "Río Lonquimay", "tipo": "river", "volcan_codigo": "LON", "volcan_nombre": "Lonquimay", "drena_volcan": false }, "geometry": { "type": "LineString", "coordinates": [ [ -71.42059, -38.53738 ], [ -71.42019, -38.5374 ], [ -71.41986, -38.53753 ], [ -71.41958, -38.5375 ], [ -71.41911, -38.53706 ], [ -71.41888, -38.53671 ], [ -71.41874, -38.53625 ], [ -71.41853, -38.53608 ], [ -71.4179, -38.5359 ], [ -71.4167, -38.53588 ], [ -71.41599, -38.53576 ], [ -71.4153, -38.53525 ], [ -71.41508, -38.53495 ], [ -71.4151, -38.53474 ], [ -71.41615, -38.5334 ], [ -71.41633, -38.53306 ], [ -71.41621, -38.53266 ], [ -71.41594, -38.53242 ], [ -71.41516, -38.53224 ], [ -71.41444, -38.53231 ], [ -71.41378, -38.53245 ], [ -71.41209, -38.53321 ], [ -71.41148, -38.53324 ], [ -71.41134, -38.53307 ], [ -71.41117, -38.53192 ], [ -71.41123, -38.53103 ], [ -71.41147, -38.5304 ], [ -71.41156, -38.53025 ], [ -71.41197, -38.52998 ], [ -71.41284, -38.52977 ], [ -71.41343, -38.52951 ], [ -71.41372, -38.52917 ], [ -71.41375, -38.52886 ], [ -71.41345, -38.52841 ], [ -71.413, -38.52807 ], [ -71.41263, -38.52792 ], [ -71.41213, -38.52804 ], [ -71.41162, -38.52852 ], [ -71.41093, -38.52878 ], [ -71.40982, -38.52897 ], [ -71.409, -38.52897 ], [ -71.40866, -38.5287 ], [ -71.40843, -38.52789 ], [ -71.40803, -38.52706 ], [ -71.4078, -38.52599 ], [ -71.40786, -38.52529 ], [ -71.40812, -38.52502 ], [ -71.40861, -38.52475 ], [ -71.40961, -38.5245 ], [ -71.41001, -38.52422 ], [ -71.41008, -38.52408 ], [ -71.4098, -38.52353 ], [ -71.40963, -38.52335 ], [ -71.40906, -38.52297 ], [ -71.40782, -38.52253 ], [ -71.40745, -38.52228 ], [ -71.40738, -38.52196 ], [ -71.40764, -38.52157 ], [ -71.40872, -38.52103 ], [ -71.40888, -38.52092 ], [ -71.40897, -38.52071 ], [ -71.40875, -38.52038 ], [ -71.40827, -38.52016 ], [ -71.40693, -38.52037 ], [ -71.40662, -38.52029 ], [ -71.40653, -38.51945 ], [ -71.40621, -38.51811 ], [ -71.4063, -38.51772 ], [ -71.40657, -38.51745 ], [ -71.40697, -38.51729 ], [ -71.40819, -38.5171 ], [ -71.40867, -38.51673 ], [ -71.40892, -38.51622 ], [ -71.40896, -38.51575 ], [ -71.4086, -38.51442 ], [ -71.4085, -38.51423 ], [ -71.40825, -38.5141 ], [ -71.40624, -38.51394 ], [ -71.40566, -38.51364 ], [ -71.40497, -38.51356 ], [ -71.40401, -38.51395 ], [ -71.40289, -38.51351 ], [ -71.40257, -38.51314 ], [ -71.40243, -38.51217 ], [ -71.40254, -38.51125 ], [ -71.40207, -38.51025 ], [ -71.40202, -38.50986 ], [ -71.40212, -38.50947 ], [ -71.40247, -38.50914 ], [ -71.40318, -38.50871 ], [ -71.40369, -38.50821 ], [ -71.40375, -38.5079 ], [ -71.4037, -38.50764 ], [ -71.40341, -38.50737 ], [ -71.40284, -38.50709 ], [ -71.40223, -38.50695 ], [ -71.40191, -38.50705 ], [ -71.40127, -38.50755 ], [ -71.40078, -38.50772 ], [ -71.40005, -38.50762 ], [ -71.3994, -38.50738 ], [ -71.39872, -38.50697 ], [ -71.39831, -38.50692 ], [ -71.39757, -38.50724 ], [ -71.39731, -38.50714 ], [ -71.39722, -38.50695 ], [ -71.3973, -38.50643 ], [ -71.39753, -38.50586 ], [ -71.39777, -38.50567 ], [ -71.39858, -38.50543 ], [ -71.39885, -38.50512 ], [ -71.39888, -38.50457 ], [ -71.39872, -38.50269 ], [ -71.39851, -38.50237 ], [ -71.39818, -38.50229 ], [ -71.39736, -38.50264 ], [ -71.39691, -38.50261 ], [ -71.39651, -38.50245 ], [ -71.39583, -38.50201 ], [ -71.39563, -38.50182 ], [ -71.39543, -38.5013 ], [ -71.39571, -38.50067 ], [ -71.3955, -38.50029 ], [ -71.39489, -38.49977 ], [ -71.39411, -38.49947 ], [ -71.394, -38.49933 ], [ -71.39395, -38.49896 ], [ -71.39401, -38.49872 ], [ -71.39426, -38.49836 ], [ -71.39485, -38.49781 ], [ -71.39521, -38.49716 ], [ -71.3952, -38.49695 ], [ -71.39509, -38.49681 ], [ -71.39466, -38.4967 ], [ -71.39433, -38.49681 ], [ -71.39309, -38.49849 ], [ -71.39274, -38.49863 ], [ -71.39245, -38.49846 ], [ -71.3918, -38.49763 ], [ -71.39135, -38.49661 ], [ -71.39147, -38.49621 ], [ -71.39186, -38.49583 ], [ -71.39207, -38.49533 ], [ -71.39198, -38.49442 ], [ -71.3918, -38.49421 ], [ -71.39145, -38.49425 ], [ -71.391, -38.49446 ], [ -71.39055, -38.49484 ], [ -71.38967, -38.49593 ], [ -71.389, -38.49705 ], [ -71.38881, -38.49716 ], [ -71.3884, -38.49714 ], [ -71.38808, -38.49691 ], [ -71.38752, -38.49554 ], [ -71.3875, -38.49514 ], [ -71.38789, -38.49428 ], [ -71.388, -38.49379 ], [ -71.38789, -38.49312 ], [ -71.38772, -38.49293 ], [ -71.38752, -38.49287 ], [ -71.38733, -38.49293 ], [ -71.38703, -38.49328 ], [ -71.38662, -38.49416 ], [ -71.38626, -38.49439 ], [ -71.38591, -38.49444 ], [ -71.38561, -38.49439 ], [ -71.38511, -38.4941 ], [ -71.38456, -38.49401 ], [ -71.38337, -38.49465 ], [ -71.3831, -38.49462 ], [ -71.38293, -38.49451 ], [ -71.38264, -38.49412 ], [ -71.38194, -38.49353 ], [ -71.38114, -38.49244 ], [ -71.38093, -38.49205 ], [ -71.38094, -38.49164 ], [ -71.38161, -38.48957 ], [ -71.38166, -38.48912 ], [ -71.38198, -38.48887 ], [ -71.38233, -38.48887 ], [ -71.38343, -38.48934 ], [ -71.38399, -38.48942 ], [ -71.38421, -38.48934 ], [ -71.38436, -38.48907 ], [ -71.38421, -38.48864 ], [ -71.38381, -38.48812 ], [ -71.38257, -38.48765 ], [ -71.38202, -38.48734 ], [ -71.38163, -38.48668 ], [ -71.38138, -38.48544 ], [ -71.38115, -38.48531 ], [ -71.38092, -38.48535 ], [ -71.38042, -38.48594 ], [ -71.38001, -38.48619 ], [ -71.37972, -38.48618 ], [ -71.3794, -38.48606 ], [ -71.37924, -38.4859 ], [ -71.37922, -38.48568 ], [ -71.37965, -38.4851 ], [ -71.37971, -38.48467 ], [ -71.37958, -38.48435 ], [ -71.37948, -38.48427 ], [ -71.37892, -38.48426 ], [ -71.37855, -38.4844 ], [ -71.3783, -38.48464 ], [ -71.3782, -38.48529 ], [ -71.37843, -38.48611 ], [ -71.37825, -38.48641 ], [ -71.37803, -38.48655 ], [ -71.37724, -38.48666 ], [ -71.37536, -38.48659 ], [ -71.37406, -38.48646 ], [ -71.37368, -38.48634 ], [ -71.37351, -38.48601 ], [ -71.37356, -38.48576 ], [ -71.37375, -38.48558 ], [ -71.37458, -38.4853 ], [ -71.37496, -38.48506 ], [ -71.37528, -38.48471 ], [ -71.37549, -38.48387 ], [ -71.37544, -38.48324 ], [ -71.37559, -38.483 ], [ -71.37561, -38.48273 ], [ -71.37546, -38.48247 ], [ -71.3753, -38.48234 ], [ -71.375, -38.48228 ], [ -71.37433, -38.48228 ], [ -71.37404, -38.482 ], [ -71.3739, -38.48164 ], [ -71.37401, -38.48128 ], [ -71.37433, -38.48093 ], [ -71.37469, -38.48075 ], [ -71.375, -38.48047 ], [ -71.37528, -38.47976 ], [ -71.37512, -38.47945 ], [ -71.37476, -38.47926 ], [ -71.37434, -38.47915 ], [ -71.37363, -38.47915 ], [ -71.37279, -38.47969 ], [ -71.37152, -38.47974 ], [ -71.37082, -38.48028 ], [ -71.37048, -38.48043 ], [ -71.37, -38.48023 ], [ -71.36883, -38.47912 ], [ -71.36801, -38.47862 ], [ -71.36797, -38.47781 ], [ -71.36782, -38.47729 ], [ -71.36764, -38.47714 ], [ -71.36639, -38.47726 ], [ -71.36596, -38.47717 ], [ -71.36575, -38.47698 ], [ -71.3656, -38.4754 ], [ -71.36571, -38.47506 ], [ -71.36595, -38.47482 ], [ -71.36644, -38.47457 ], [ -71.36847, -38.47425 ], [ -71.36962, -38.47389 ], [ -71.37003, -38.4735 ], [ -71.37001, -38.47325 ], [ -71.36991, -38.47316 ], [ -71.36977, -38.47306 ], [ -71.36932, -38.473 ], [ -71.36837, -38.47315 ], [ -71.3671, -38.47382 ], [ -71.36628, -38.47406 ], [ -71.36567, -38.47399 ], [ -71.36496, -38.4736 ], [ -71.36435, -38.47304 ], [ -71.36379, -38.47165 ], [ -71.36367, -38.47067 ], [ -71.36333, -38.47006 ], [ -71.363, -38.46983 ], [ -71.36173, -38.46964 ], [ -71.36149, -38.46951 ], [ -71.36107, -38.46888 ], [ -71.36085, -38.46825 ], [ -71.36054, -38.4679 ], [ -71.36025, -38.46778 ], [ -71.35868, -38.46745 ], [ -71.35749, -38.46706 ], [ -71.35671, -38.46657 ], [ -71.35624, -38.46612 ], [ -71.35552, -38.46518 ], [ -71.35516, -38.46425 ], [ -71.35525, -38.46372 ], [ -71.35568, -38.46291 ], [ -71.3557, -38.46267 ], [ -71.35562, -38.46252 ], [ -71.35531, -38.4624 ], [ -71.35381, -38.46316 ], [ -71.35271, -38.46337 ], [ -71.35222, -38.4634 ], [ -71.35167, -38.46323 ], [ -71.35151, -38.46303 ], [ -71.3516, -38.46232 ], [ -71.35145, -38.46163 ], [ -71.35053, -38.46084 ], [ -71.35047, -38.46057 ], [ -71.35023, -38.46015 ], [ -71.3494, -38.4594 ], [ -71.3488, -38.45935 ], [ -71.34763, -38.45949 ], [ -71.34672, -38.45941 ], [ -71.34568, -38.45852 ], [ -71.34521, -38.45788 ], [ -71.34474, -38.45771 ], [ -71.34452, -38.45805 ], [ -71.34396, -38.45847 ], [ -71.34368, -38.4588 ], [ -71.34375, -38.46001 ], [ -71.34349, -38.46042 ], [ -71.34302, -38.46071 ], [ -71.34191, -38.46045 ], [ -71.34022, -38.4598 ], [ -71.33919, -38.45836 ], [ -71.33946, -38.45757 ], [ -71.33951, -38.45712 ], [ -71.33979, -38.4568 ], [ -71.34054, -38.45638 ], [ -71.34171, -38.45656 ], [ -71.34214, -38.45636 ], [ -71.34223, -38.45591 ], [ -71.34192, -38.4552 ], [ -71.34136, -38.45463 ], [ -71.34085, -38.45425 ], [ -71.33994, -38.45381 ], [ -71.33814, -38.45219 ], [ -71.33781, -38.45202 ], [ -71.33717, -38.45189 ], [ -71.33672, -38.4519 ], [ -71.33611, -38.45206 ], [ -71.33583, -38.4522 ], [ -71.33481, -38.45318 ], [ -71.33376, -38.45384 ], [ -71.33301, -38.4539 ], [ -71.33214, -38.45386 ], [ -71.33148, -38.45355 ], [ -71.33047, -38.45279 ], [ -71.32988, -38.45264 ], [ -71.32923, -38.45279 ], [ -71.32758, -38.4537 ], [ -71.32695, -38.45396 ], [ -71.32639, -38.45406 ], [ -71.326, -38.45404 ], [ -71.32503, -38.45365 ], [ -71.32368, -38.45268 ], [ -71.32334, -38.45255 ], [ -71.323, -38.45249 ], [ -71.32223, -38.45254 ], [ -71.32155, -38.45281 ], [ -71.32144, -38.45304 ], [ -71.32158, -38.45345 ], [ -71.32224, -38.45464 ], [ -71.32231, -38.45509 ], [ -71.32214, -38.45542 ], [ -71.32143, -38.45553 ], [ -71.32069, -38.45549 ], [ -71.31871, -38.45503 ], [ -71.31786, -38.45497 ], [ -71.31678, -38.45533 ], [ -71.31549, -38.45604 ], [ -71.31472, -38.45635 ], [ -71.31414, -38.4564 ], [ -71.31354, -38.45633 ], [ -71.31315, -38.45626 ], [ -71.31263, -38.45601 ], [ -71.31068, -38.4549 ], [ -71.30822, -38.45331 ], [ -71.30781, -38.45321 ], [ -71.30616, -38.4531 ], [ -71.30576, -38.4528 ], [ -71.30576, -38.45236 ], [ -71.30611, -38.45183 ], [ -71.30634, -38.4516 ], [ -71.30698, -38.4513 ], [ -71.30808, -38.45119 ], [ -71.30994, -38.45148 ], [ -71.31028, -38.45145 ], [ -71.31059, -38.45125 ], [ -71.31063, -38.45091 ], [ -71.31039, -38.45044 ], [ -71.30927, -38.44968 ], [ -71.30861, -38.44911 ], [ -71.30787, -38.44871 ], [ -71.30681, -38.44848 ], [ -71.30612, -38.44861 ], [ -71.30311, -38.45027 ], [ -71.30249, -38.45086 ], [ -71.30198, -38.45158 ], [ -71.3016, -38.45181 ], [ -71.30115, -38.45177 ], [ -71.30017, -38.45091 ], [ -71.29989, -38.45043 ], [ -71.29995, -38.45011 ], [ -71.30018, -38.44965 ], [ -71.30019, -38.44943 ], [ -71.29983, -38.44844 ], [ -71.29998, -38.447 ], [ -71.29969, -38.44665 ], [ -71.29813, -38.44544 ], [ -71.29791, -38.44516 ], [ -71.29779, -38.4447 ], [ -71.29781, -38.44446 ], [ -71.29814, -38.44406 ], [ -71.29884, -38.44377 ], [ -71.29992, -38.44348 ], [ -71.30058, -38.44314 ], [ -71.30072, -38.44298 ], [ -71.3008, -38.44268 ], [ -71.30073, -38.44245 ], [ -71.30042, -38.44214 ], [ -71.30015, -38.44205 ], [ -71.29969, -38.44201 ], [ -71.2995, -38.44207 ], [ -71.29818, -38.44285 ], [ -71.2974, -38.44306 ], [ -71.29638, -38.44302 ], [ -71.29475, -38.44275 ], [ -71.29413, -38.4428 ], [ -71.29386, -38.44293 ], [ -71.29352, -38.4434 ], [ -71.29332, -38.44416 ], [ -71.29336, -38.44544 ], [ -71.29325, -38.44596 ], [ -71.29295, -38.4464 ], [ -71.29243, -38.44687 ], [ -71.29194, -38.44743 ], [ -71.29178, -38.44809 ], [ -71.29176, -38.44854 ], [ -71.29187, -38.44928 ], [ -71.29172, -38.44961 ], [ -71.2914, -38.44973 ], [ -71.29103, -38.4496 ], [ -71.2903, -38.44885 ], [ -71.28912, -38.44716 ], [ -71.28856, -38.44677 ], [ -71.28728, -38.44621 ], [ -71.28705, -38.44596 ], [ -71.28716, -38.44502 ], [ -71.28729, -38.44473 ], [ -71.28756, -38.44445 ], [ -71.28794, -38.44435 ], [ -71.28818, -38.44442 ], [ -71.28895, -38.44482 ], [ -71.28949, -38.445 ], [ -71.28999, -38.44496 ], [ -71.29019, -38.44484 ], [ -71.29033, -38.44449 ], [ -71.29025, -38.44403 ], [ -71.28978, -38.44337 ], [ -71.28915, -38.44299 ], [ -71.28846, -38.44298 ], [ -71.28697, -38.44353 ], [ -71.28629, -38.44359 ], [ -71.28497, -38.4433 ], [ -71.28404, -38.44281 ], [ -71.28267, -38.44271 ], [ -71.28162, -38.44285 ], [ -71.28044, -38.44316 ], [ -71.27947, -38.44364 ], [ -71.27849, -38.44453 ], [ -71.27785, -38.44476 ], [ -71.27696, -38.44472 ], [ -71.27629, -38.44443 ], [ -71.27567, -38.44426 ], [ -71.2736, -38.44404 ], [ -71.27302, -38.44406 ], [ -71.27106, -38.44454 ], [ -71.27023, -38.44459 ], [ -71.2695, -38.44438 ], [ -71.26923, -38.44417 ], [ -71.26902, -38.4439 ], [ -71.2688, -38.44328 ], [ -71.26816, -38.44256 ], [ -71.26767, -38.44245 ], [ -71.26465, -38.44244 ], [ -71.26233, -38.44167 ], [ -71.26131, -38.44177 ], [ -71.26076, -38.44205 ], [ -71.25912, -38.44218 ], [ -71.25627, -38.44217 ], [ -71.25388, -38.44277 ], [ -71.25051, -38.44406 ], [ -71.24955, -38.4439 ], [ -71.24871, -38.44306 ], [ -71.24867, -38.44206 ], [ -71.24807, -38.44156 ], [ -71.24675, -38.44093 ], [ -71.24647, -38.44027 ], [ -71.24563, -38.43974 ], [ -71.24344, -38.43958 ], [ -71.24116, -38.43999 ], [ -71.24004, -38.43996 ], [ -71.23808, -38.43896 ], [ -71.23684, -38.4377 ], [ -71.2366, -38.43711 ], [ -71.23644, -38.43633 ], [ -71.236, -38.43579 ], [ -71.2354, -38.43561 ], [ -71.2344, -38.43573 ], [ -71.23352, -38.43554 ], [ -71.23316, -38.43498 ], [ -71.2324, -38.43464 ], [ -71.23136, -38.43532 ] ] } },
{ "type": "Feature", "properties": { "osm_id": 52473807, "nombre": "Sin nombre", "tipo": "river", "volcan_codigo": "LON", "volcan_nombre": "Lonquimay", "drena_volcan": false }, "geometry": { "type": "LineString", "coordinates": [ [ -71.66481, -38.09188 ], [ -71.66468, -38.0914 ], [ -71.6649, -38.09113 ], [ -71.66591, -38.09078 ], [ -71.66673, -38.09032 ], [ -71.66774, -38.09003 ], [ -71.66905, -38.08997 ], [ -71.66994, -38.08982 ], [ -71.67051, -38.08991 ], [ -71.67253, -38.08975 ], [ -71.6732, -38.09021 ], [ -71.67407, -38.09034 ], [ -71.67448, -38.09031 ], [ -71.67614, -38.08915 ], [ -71.67662, -38.08893 ], [ -71.67822, -38.08875 ], [ -71.68077, -38.08861 ], [ -71.68101, -38.08853 ], [ -71.68169, -38.0881 ], [ -71.68216, -38.088 ], [ -71.68305, -38.08792 ], [ -71.68386, -38.0881 ], [ -71.68506, -38.08798 ], [ -71.68589, -38.08726 ], [ -71.68661, -38.08702 ], [ -71.6877, -38.08694 ], [ -71.68811, -38.08656 ], [ -71.68898, -38.08605 ], [ -71.68943, -38.08564 ], [ -71.68979, -38.08551 ], [ -71.69016, -38.0852 ], [ -71.69033, -38.08491 ], [ -71.69045, -38.08427 ], [ -71.6907, -38.08387 ], [ -71.69157, -38.08342 ], [ -71.69306, -38.08334 ], [ -71.69372, -38.083 ], [ -71.69417, -38.08292 ], [ -71.69479, -38.08304 ], [ -71.69518, -38.08345 ], [ -71.69565, -38.08367 ], [ -71.69649, -38.08392 ], [ -71.69686, -38.08395 ], [ -71.69833, -38.0833 ], [ -71.69907, -38.08274 ] ] } },
{ "type": "Feature", "properties": { "osm_id": 53313866, "nombre": "Sin nombre", "tipo": "canal", "volcan_codigo": "LON", "volcan_nombre": "Lonquimay", "drena_volcan": false }, "geometry": { "type": "LineString", "coordinates": [ [ -71.88705, -38.4336 ], [ -71.88734, -38.43382 ], [ -71.88757, -38.43378 ], [ -71.88826, -38.43339 ], [ -71.88967, -38.43373 ], [ -71.88987, -38.43392 ], [ -71.89035, -38.43399 ], [ -71.89127, -38.43375 ], [ -71.89203, -38.43339 ], [ -71.89214, -38.43339 ], [ -71.89233, -38.43359 ], [ -71.89263, -38.43358 ], [ -71.89328, -38.43288 ], [ -71.89413, -38.43297 ], [ -71.8959, -38.43254 ], [ -71.8966, -38.43247 ], [ -71.89704, -38.43233 ], [ -71.89744, -38.43201 ], [ -71.89771, -38.43192 ], [ -71.89832, -38.43193 ], [ -71.89875, -38.43204 ], [ -71.89905, -38.43198 ], [ -71.89955, -38.43154 ], [ -71.90006, -38.43128 ], [ -71.90014, -38.43108 ], [ -71.90006, -38.43086 ], [ -71.90011, -38.43075 ], [ -71.90086, -38.43006 ], [ -71.90131, -38.42978 ], [ -71.90139, -38.42967 ], [ -71.90142, -38.42932 ], [ -71.90171, -38.42907 ] ] } },
{ "type": "Feature", "properties": { "osm_id": 53313871, "nombre": "Río Amantible", "tipo": "river", "volcan_codigo": "LON", "volcan_nombre": "Lonquimay", "drena_volcan": false }, "geometry": { "type": "LineString", "coordinates": [ [ -71.88725, -38.41931 ], [ -71.8874, -38.41959 ], [ -71.88768, -38.41989 ], [ -71.88794, -38.4204 ], [ -71.88815, -38.4206 ], [ -71.88831, -38.42113 ], [ -71.88881, -38.42121 ], [ -71.88957, -38.42153 ], [ -71.88953, -38.42192 ], [ -71.8899, -38.42235 ], [ -71.88977, -38.42309 ], [ -71.88985, -38.42314 ], [ -71.89008, -38.42297 ], [ -71.89031, -38.42294 ], [ -71.89048, -38.42316 ], [ -71.89041, -38.42339 ], [ -71.89115, -38.42375 ], [ -71.89121, -38.42415 ], [ -71.89087, -38.42458 ], [ -71.89088, -38.42486 ], [ -71.89107, -38.42495 ], [ -71.89132, -38.42492 ], [ -71.8921, -38.42523 ], [ -71.89232, -38.42518 ], [ -71.89258, -38.42495 ], [ -71.89279, -38.42495 ], [ -71.89295, -38.42505 ], [ -71.89297, -38.42529 ], [ -71.89271, -38.42547 ], [ -71.89255, -38.42586 ], [ -71.89264, -38.4261 ], [ -71.89294, -38.42612 ], [ -71.89313, -38.42583 ], [ -71.89338, -38.42578 ], [ -71.89385, -38.42597 ], [ -71.89421, -38.42643 ], [ -71.89455, -38.4267 ], [ -71.8949, -38.42681 ], [ -71.89507, -38.42669 ], [ -71.89509, -38.42646 ], [ -71.89482, -38.42612 ], [ -71.89483, -38.42594 ], [ -71.89498, -38.42585 ], [ -71.89543, -38.42586 ], [ -71.89627, -38.42653 ], [ -71.8966, -38.42655 ], [ -71.89715, -38.42688 ], [ -71.89796, -38.42693 ], [ -71.89824, -38.42708 ], [ -71.89884, -38.42758 ], [ -71.8995, -38.42845 ], [ -71.89961, -38.42876 ], [ -71.90025, -38.42933 ], [ -71.9007, -38.42934 ], [ -71.90122, -38.42904 ], [ -71.90271, -38.42924 ] ] } },
{ "type": "Feature", "properties": { "osm_id": 53313878, "nombre": "Sin nombre", "tipo": "stream", "volcan_codigo": "LON", "volcan_nombre": "Lonquimay", "drena_volcan": false }, "geometry": { "type": "LineString", "coordinates": [ [ -71.85285, -38.44293 ], [ -71.85331, -38.44296 ], [ -71.85399, -38.44352 ], [ -71.85447, -38.4434 ], [ -71.85547, -38.44344 ], [ -71.85637, -38.44313 ], [ -71.85723, -38.4432 ], [ -71.85903, -38.44397 ], [ -71.86004, -38.44457 ], [ -71.86146, -38.44487 ], [ -71.86257, -38.4449 ], [ -71.86363, -38.44519 ], [ -71.86484, -38.44568 ], [ -71.86569, -38.44578 ], [ -71.86704, -38.44628 ], [ -71.86757, -38.4463 ], [ -71.8689, -38.44577 ], [ -71.87014, -38.44502 ], [ -71.87089, -38.44482 ], [ -71.87116, -38.4445 ], [ -71.87191, -38.44413 ], [ -71.87369, -38.44403 ], [ -71.87442, -38.44378 ], [ -71.87508, -38.44377 ], [ -71.8759, -38.44298 ], [ -71.87604, -38.44273 ], [ -71.87612, -38.4421 ], [ -71.87627, -38.44188 ], [ -71.87642, -38.44182 ], [ -71.8771, -38.44166 ], [ -71.87925, -38.44166 ], [ -71.87946, -38.44146 ], [ -71.87974, -38.44137 ], [ -71.88043, -38.44145 ], [ -71.88067, -38.44135 ] ] } },
{ "type": "Feature", "properties": { "osm_id": 53313897, "nombre": "Sin nombre", "tipo": "river", "volcan_codigo": "LON", "volcan_nombre": "Lonquimay", "drena_volcan": false }, "geometry": { "type": "LineString", "coordinates": [ [ -71.90271, -38.42924 ], [ -71.90293, -38.42926 ], [ -71.90312, -38.42938 ], [ -71.90319, -38.42968 ], [ -71.9035, -38.43013 ], [ -71.90392, -38.43033 ], [ -71.90487, -38.43033 ], [ -71.90629, -38.42983 ], [ -71.90711, -38.42981 ], [ -71.90767, -38.42995 ], [ -71.90874, -38.43041 ], [ -71.90938, -38.43053 ], [ -71.91039, -38.43018 ], [ -71.91109, -38.42963 ], [ -71.91176, -38.42956 ], [ -71.91197, -38.42965 ], [ -71.91228, -38.4301 ], [ -71.91263, -38.43022 ], [ -71.91321, -38.43018 ], [ -71.91404, -38.42974 ], [ -71.91487, -38.42969 ], [ -71.91623, -38.42981 ], [ -71.9174, -38.43033 ], [ -71.91832, -38.43039 ], [ -71.91885, -38.43015 ], [ -71.91931, -38.43008 ], [ -71.92008, -38.42973 ], [ -71.92078, -38.42987 ], [ -71.92131, -38.42988 ], [ -71.92211, -38.42985 ], [ -71.9226, -38.42965 ], [ -71.9235, -38.42962 ], [ -71.92361, -38.42953 ], [ -71.9237, -38.4292 ], [ -71.92393, -38.42891 ], [ -71.92568, -38.42843 ], [ -71.92599, -38.42821 ], [ -71.92617, -38.42777 ], [ -71.92648, -38.42742 ], [ -71.92653, -38.42721 ], [ -71.92634, -38.42704 ], [ -71.92592, -38.4269 ], [ -71.92581, -38.4267 ], [ -71.92579, -38.42649 ], [ -71.92596, -38.42623 ], [ -71.92672, -38.426 ], [ -71.92733, -38.42601 ], [ -71.92769, -38.4262 ], [ -71.92793, -38.42648 ], [ -71.92819, -38.42657 ], [ -71.93, -38.42658 ], [ -71.93047, -38.42671 ], [ -71.93067, -38.42685 ], [ -71.93066, -38.42816 ] ] } },
{ "type": "Feature", "properties": { "osm_id": 54214185, "nombre": "Río Blanco", "tipo": "river", "volcan_codigo": "LON", "volcan_nombre": "Lonquimay", "drena_volcan": false }, "geometry": { "type": "LineString", "coordinates": [ [ -71.90163, -38.43795 ], [ -71.90204, -38.43774 ], [ -71.90289, -38.43713 ], [ -71.90415, -38.43665 ], [ -71.90466, -38.43656 ], [ -71.90622, -38.43652 ], [ -71.90762, -38.43675 ], [ -71.90823, -38.4365 ], [ -71.90935, -38.43628 ], [ -71.91039, -38.43628 ], [ -71.91143, -38.43649 ], [ -71.91214, -38.43674 ], [ -71.91259, -38.43669 ], [ -71.91285, -38.43632 ], [ -71.91301, -38.43623 ], [ -71.91349, -38.43625 ], [ -71.91482, -38.4367 ], [ -71.91562, -38.43666 ], [ -71.91637, -38.43676 ], [ -71.92029, -38.43859 ], [ -71.92104, -38.43883 ], [ -71.92182, -38.43898 ], [ -71.92385, -38.43972 ], [ -71.92436, -38.43932 ], [ -71.92458, -38.4385 ], [ -71.92538, -38.43806 ], [ -71.92636, -38.4378 ], [ -71.92746, -38.43764 ], [ -71.929, -38.43766 ], [ -71.92966, -38.43721 ], [ -71.92989, -38.43647 ], [ -71.93044, -38.43618 ], [ -71.93203, -38.43588 ], [ -71.93611, -38.43573 ], [ -71.93775, -38.43549 ], [ -71.9394, -38.43507 ], [ -71.93972, -38.43488 ], [ -71.94131, -38.43483 ], [ -71.94368, -38.43567 ], [ -71.94483, -38.4365 ], [ -71.94565, -38.43695 ], [ -71.94754, -38.43721 ], [ -71.94844, -38.43657 ], [ -71.94967, -38.43625 ], [ -71.95074, -38.43747 ], [ -71.95164, -38.43785 ], [ -71.95443, -38.43837 ], [ -71.95877, -38.43843 ], [ -71.96091, -38.43862 ], [ -71.96255, -38.43837 ], [ -71.96369, -38.43869 ], [ -71.96484, -38.43991 ], [ -71.96533, -38.4419 ], [ -71.96624, -38.44415 ], [ -71.9673, -38.44486 ], [ -71.9687, -38.44486 ], [ -71.96927, -38.44376 ], [ -71.96886, -38.44222 ], [ -71.96943, -38.44158 ], [ -71.97017, -38.44132 ], [ -71.9705, -38.44185 ], [ -71.97058, -38.44258 ], [ -71.97097, -38.44295 ], [ -71.97212, -38.44278 ], [ -71.97341, -38.44156 ], [ -71.97561, -38.44075 ], [ -71.97703, -38.44067 ], [ -71.97903, -38.44087 ], [ -71.9807, -38.44067 ], [ -71.98272, -38.43907 ], [ -71.98424, -38.43876 ], [ -71.98537, -38.43884 ], [ -71.98654, -38.43917 ], [ -71.98757, -38.43987 ], [ -71.9888, -38.4403 ], [ -71.99096, -38.44036 ] ] } },
{ "type": "Feature", "properties": { "osm_id": 58199537, "nombre": "Estero El Seco", "tipo": "stream", "volcan_codigo": "LON", "volcan_nombre": "Lonquimay", "drena_volcan": false }, "geometry": { "type": "LineString", "coordinates": [ [ -71.94401, -38.67649 ], [ -71.94472, -38.67664 ], [ -71.94522, -38.6765 ], [ -71.94575, -38.67652 ], [ -71.94654, -38.67669 ], [ -71.94808, -38.67682 ], [ -71.94977, -38.67711 ], [ -71.95068, -38.67717 ], [ -71.95114, -38.67736 ], [ -71.9513, -38.67765 ], [ -71.9516, -38.67795 ], [ -71.9521, -38.67824 ], [ -71.95229, -38.67871 ], [ -71.95277, -38.67908 ], [ -71.95323, -38.67922 ], [ -71.95401, -38.6792 ], [ -71.95552, -38.67942 ], [ -71.95597, -38.67939 ], [ -71.95704, -38.67912 ], [ -71.95799, -38.6791 ], [ -71.95835, -38.67886 ], [ -71.95853, -38.67819 ], [ -71.95901, -38.67783 ], [ -71.95956, -38.67772 ], [ -71.96104, -38.67791 ], [ -71.96254, -38.67732 ], [ -71.96336, -38.67754 ], [ -71.96415, -38.67798 ], [ -71.96475, -38.67807 ], [ -71.96578, -38.67807 ], [ -71.96641, -38.67831 ], [ -71.96706, -38.67845 ], [ -71.96785, -38.67832 ], [ -71.96839, -38.678 ], [ -71.96899, -38.67733 ], [ -71.96933, -38.67724 ], [ -71.97015, -38.67738 ], [ -71.97059, -38.67759 ], [ -71.97098, -38.67766 ], [ -71.97201, -38.67761 ], [ -71.97249, -38.67767 ], [ -71.97427, -38.6773 ], [ -71.97671, -38.67741 ], [ -71.97943, -38.67793 ], [ -71.98124, -38.67801 ], [ -71.98194, -38.67826 ], [ -71.9837, -38.67786 ], [ -71.98477, -38.67791 ], [ -71.98591, -38.67819 ], [ -71.98712, -38.67868 ], [ -71.98759, -38.67906 ], [ -71.9877, -38.67927 ], [ -71.98809, -38.67949 ], [ -71.98832, -38.67953 ], [ -71.98885, -38.67945 ], [ -71.98901, -38.67951 ], [ -71.98925, -38.67976 ], [ -71.98949, -38.68066 ], [ -71.99002, -38.68124 ], [ -71.99054, -38.68157 ], [ -71.99187, -38.68196 ], [ -71.99258, -38.68257 ], [ -71.99328, -38.68289 ], [ -71.99414, -38.68292 ], [ -71.995, -38.68284 ], [ -71.99615, -38.68311 ], [ -71.99652, -38.6831 ], [ -71.99684, -38.68299 ], [ -71.99721, -38.68281 ], [ -71.99747, -38.68249 ], [ -71.99746, -38.68177 ], [ -71.99765, -38.68113 ], [ -71.99791, -38.681 ], [ -71.99821, -38.68106 ], [ -71.99884, -38.68168 ], [ -71.99958, -38.68268 ], [ -71.9996, -38.68285 ], [ -71.99938, -38.68326 ], [ -71.99936, -38.68377 ], [ -71.99966, -38.68422 ] ] } },
{ "type": "Feature", "properties": { "osm_id": 82980873, "nombre": "Río Malleco", "tipo": "river", "volcan_codigo": "LON", "volcan_nombre": "Lonquimay", "drena_volcan": false }, "geometry": { "type": "LineString", "coordinates": [ [ -71.8268, -38.21738 ], [ -71.82879, -38.21788 ], [ -71.82921, -38.21773 ], [ -71.82987, -38.21778 ], [ -71.83096, -38.21803 ], [ -71.83223, -38.21806 ], [ -71.83295, -38.21817 ], [ -71.83332, -38.21833 ], [ -71.83376, -38.2183 ], [ -71.83418, -38.21815 ], [ -71.83469, -38.21761 ], [ -71.83498, -38.21748 ], [ -71.83546, -38.21744 ], [ -71.83592, -38.21723 ], [ -71.83624, -38.21719 ], [ -71.8365, -38.21722 ], [ -71.83697, -38.21753 ], [ -71.83735, -38.21755 ], [ -71.83809, -38.21736 ], [ -71.83828, -38.21741 ], [ -71.83895, -38.21814 ], [ -71.83944, -38.218 ], [ -71.84029, -38.218 ], [ -71.8406, -38.2179 ], [ -71.84167, -38.21784 ], [ -71.84229, -38.21814 ], [ -71.84217, -38.21858 ], [ -71.84238, -38.2187 ], [ -71.84301, -38.21864 ], [ -71.84451, -38.21823 ], [ -71.84501, -38.21766 ], [ -71.84563, -38.21786 ], [ -71.84659, -38.21849 ], [ -71.8469, -38.2184 ], [ -71.84803, -38.21744 ], [ -71.84919, -38.21702 ], [ -71.84982, -38.21706 ], [ -71.85034, -38.21736 ], [ -71.85059, -38.21737 ], [ -71.85108, -38.21716 ], [ -71.85154, -38.21707 ], [ -71.85244, -38.21709 ], [ -71.85315, -38.21675 ], [ -71.854, -38.21578 ], [ -71.85473, -38.21536 ], [ -71.85509, -38.21608 ], [ -71.85537, -38.21635 ], [ -71.85566, -38.21661 ], [ -71.85632, -38.21689 ], [ -71.85681, -38.21694 ], [ -71.85714, -38.21686 ], [ -71.85753, -38.21674 ], [ -71.85804, -38.21644 ], [ -71.85956, -38.21607 ], [ -71.85984, -38.21603 ], [ -71.86057, -38.21619 ], [ -71.86109, -38.21645 ], [ -71.86305, -38.21823 ], [ -71.86365, -38.21862 ], [ -71.86451, -38.21898 ], [ -71.86489, -38.21902 ], [ -71.86539, -38.21895 ], [ -71.86634, -38.21848 ], [ -71.86681, -38.21859 ], [ -71.86725, -38.21918 ], [ -71.86716, -38.21943 ], [ -71.86717, -38.2197 ], [ -71.86743, -38.21989 ], [ -71.86818, -38.21994 ], [ -71.86865, -38.21985 ], [ -71.8694, -38.21941 ], [ -71.86961, -38.21886 ], [ -71.86984, -38.21864 ], [ -71.8702, -38.21854 ], [ -71.87043, -38.21856 ], [ -71.87102, -38.21899 ], [ -71.87131, -38.2191 ], [ -71.87158, -38.21906 ], [ -71.87191, -38.21884 ], [ -71.8723, -38.21873 ], [ -71.87267, -38.21872 ], [ -71.87322, -38.2189 ], [ -71.874, -38.21895 ], [ -71.87452, -38.21887 ], [ -71.87551, -38.21852 ], [ -71.87598, -38.21867 ], [ -71.87649, -38.21896 ], [ -71.87703, -38.21908 ], [ -71.87781, -38.21889 ], [ -71.87849, -38.21884 ], [ -71.87961, -38.21884 ], [ -71.88125, -38.21906 ], [ -71.88182, -38.21899 ], [ -71.88227, -38.21909 ], [ -71.88241, -38.2195 ], [ -71.88276, -38.21987 ], [ -71.88359, -38.22006 ], [ -71.88416, -38.22 ], [ -71.88458, -38.21983 ], [ -71.88534, -38.21983 ], [ -71.88777, -38.22006 ], [ -71.88862, -38.22024 ], [ -71.88953, -38.22026 ], [ -71.89033, -38.22015 ], [ -71.89075, -38.22024 ], [ -71.89129, -38.22012 ], [ -71.89164, -38.21982 ], [ -71.89227, -38.2196 ], [ -71.89292, -38.21963 ], [ -71.89348, -38.21991 ], [ -71.8943, -38.22075 ], [ -71.89592, -38.22127 ], [ -71.89644, -38.22154 ], [ -71.89681, -38.22202 ], [ -71.89754, -38.22201 ], [ -71.89876, -38.22132 ], [ -71.89947, -38.22126 ], [ -71.90026, -38.22128 ], [ -71.90177, -38.2216 ], [ -71.90206, -38.22191 ], [ -71.90245, -38.22201 ], [ -71.90301, -38.22189 ], [ -71.90358, -38.22199 ], [ -71.90383, -38.22195 ], [ -71.90419, -38.22128 ], [ -71.90448, -38.22103 ], [ -71.90481, -38.22106 ], [ -71.90486, -38.22132 ], [ -71.90475, -38.22172 ], [ -71.90489, -38.22187 ], [ -71.90539, -38.22188 ], [ -71.90746, -38.22118 ], [ -71.91002, -38.22158 ], [ -71.91032, -38.22187 ], [ -71.91082, -38.22204 ], [ -71.91415, -38.2228 ], [ -71.91482, -38.22327 ], [ -71.91578, -38.22364 ], [ -71.91638, -38.22408 ], [ -71.91665, -38.22396 ], [ -71.91734, -38.22285 ], [ -71.91767, -38.22261 ], [ -71.91842, -38.22246 ], [ -71.91944, -38.22264 ], [ -71.91987, -38.22241 ], [ -71.9201, -38.22205 ], [ -71.9202, -38.22168 ], [ -71.92084, -38.22096 ], [ -71.9215, -38.22038 ], [ -71.92234, -38.22033 ], [ -71.9229, -38.21995 ], [ -71.92302, -38.21937 ], [ -71.92254, -38.21895 ], [ -71.92243, -38.21845 ], [ -71.92308, -38.21807 ], [ -71.92326, -38.21759 ], [ -71.92287, -38.21696 ], [ -71.92366, -38.21559 ], [ -71.92489, -38.21452 ], [ -71.92499, -38.21371 ], [ -71.92459, -38.21092 ], [ -71.92473, -38.21026 ], [ -71.92501, -38.20969 ], [ -71.92536, -38.20921 ], [ -71.92578, -38.20892 ] ] } },
{ "type": "Feature", "properties": { "osm_id": 89183079, "nombre": "Río Biobío", "tipo": "river", "volcan_codigo": "LON", "volcan_nombre": "Lonquimay", "drena_volcan": false }, "geometry": { "type": "LineString", "coordinates": [ [ -71.1491, -38.6072 ], [ -71.14877, -38.60677 ], [ -71.14842, -38.60608 ], [ -71.14807, -38.60513 ], [ -71.14805, -38.60437 ], [ -71.14823, -38.60366 ], [ -71.14805, -38.60282 ], [ -71.14804, -38.60135 ], [ -71.14795, -38.60088 ], [ -71.14728, -38.59981 ], [ -71.14649, -38.59933 ], [ -71.14595, -38.59867 ], [ -71.14561, -38.59792 ], [ -71.14511, -38.59756 ] ] } },
{ "type": "Feature", "properties": { "osm_id": 93462900, "nombre": "Río Biobío", "tipo": "river", "volcan_codigo": "LON", "volcan_nombre": "Lonquimay", "drena_volcan": false }, "geometry": { "type": "LineString", "coordinates": [ [ -71.25764, -38.68786 ], [ -71.25749, -38.6884 ], [ -71.25726, -38.68885 ], [ -71.25686, -38.68908 ], [ -71.25653, -38.6891 ], [ -71.2563, -38.68903 ], [ -71.25584, -38.68863 ], [ -71.25552, -38.68852 ], [ -71.25319, -38.68792 ], [ -71.25259, -38.68787 ], [ -71.25114, -38.68795 ], [ -71.25029, -38.68788 ], [ -71.25006, -38.68794 ], [ -71.24973, -38.68825 ], [ -71.24965, -38.68861 ], [ -71.24954, -38.68878 ], [ -71.24814, -38.68995 ], [ -71.24778, -38.69053 ], [ -71.24729, -38.69099 ], [ -71.24559, -38.6923 ], [ -71.24535, -38.69263 ], [ -71.24504, -38.69335 ], [ -71.24485, -38.69355 ], [ -71.24452, -38.69371 ], [ -71.244, -38.69378 ], [ -71.2434, -38.69365 ], [ -71.24208, -38.69318 ], [ -71.24133, -38.69315 ], [ -71.24101, -38.69328 ], [ -71.2409, -38.69352 ], [ -71.24092, -38.69525 ], [ -71.24115, -38.69654 ], [ -71.24096, -38.69707 ], [ -71.24033, -38.69743 ], [ -71.23955, -38.69772 ], [ -71.23803, -38.69787 ], [ -71.23602, -38.69846 ], [ -71.23582, -38.6986 ], [ -71.23559, -38.69903 ], [ -71.23497, -38.69949 ], [ -71.23442, -38.69975 ], [ -71.2328, -38.70019 ], [ -71.23205, -38.70066 ], [ -71.23135, -38.70144 ], [ -71.23092, -38.70221 ], [ -71.23055, -38.70257 ], [ -71.23021, -38.70276 ], [ -71.22961, -38.70284 ], [ -71.22843, -38.70256 ], [ -71.22725, -38.70241 ], [ -71.22568, -38.70248 ], [ -71.22221, -38.70312 ], [ -71.22167, -38.70338 ], [ -71.22086, -38.70398 ], [ -71.22055, -38.70413 ], [ -71.21919, -38.7039 ], [ -71.21899, -38.70392 ], [ -71.21797, -38.70422 ], [ -71.21742, -38.70452 ], [ -71.2174, -38.70479 ], [ -71.21769, -38.70508 ], [ -71.21865, -38.70511 ], [ -71.21929, -38.70536 ], [ -71.22059, -38.7056 ], [ -71.22084, -38.70573 ], [ -71.22107, -38.70602 ], [ -71.22107, -38.70625 ], [ -71.22092, -38.70652 ], [ -71.22078, -38.70662 ], [ -71.21909, -38.70699 ], [ -71.21722, -38.70715 ], [ -71.21452, -38.70692 ], [ -71.21253, -38.70716 ], [ -71.21226, -38.70728 ], [ -71.21199, -38.70757 ], [ -71.21138, -38.70883 ], [ -71.21124, -38.70949 ], [ -71.21072, -38.70992 ], [ -71.21019, -38.71 ], [ -71.2094, -38.70982 ], [ -71.20833, -38.70932 ], [ -71.20829, -38.70834 ], [ -71.20817, -38.70793 ], [ -71.20792, -38.70747 ], [ -71.20711, -38.7067 ], [ -71.20662, -38.7065 ], [ -71.20637, -38.7065 ], [ -71.20522, -38.70673 ], [ -71.20472, -38.707 ], [ -71.20427, -38.70739 ], [ -71.20413, -38.70756 ], [ -71.20399, -38.70801 ], [ -71.20404, -38.70853 ], [ -71.20422, -38.70885 ], [ -71.20477, -38.70928 ], [ -71.20515, -38.7097 ], [ -71.20543, -38.71028 ], [ -71.20538, -38.71063 ], [ -71.20514, -38.71098 ], [ -71.20432, -38.71157 ], [ -71.2035, -38.71197 ], [ -71.20283, -38.71214 ], [ -71.20142, -38.71209 ], [ -71.20034, -38.71227 ], [ -71.19841, -38.71329 ], [ -71.19804, -38.71344 ], [ -71.19703, -38.7136 ], [ -71.19634, -38.71345 ], [ -71.19553, -38.71224 ], [ -71.19496, -38.71182 ], [ -71.19463, -38.71183 ], [ -71.19397, -38.71221 ], [ -71.19351, -38.71268 ], [ -71.19336, -38.71298 ], [ -71.19271, -38.71339 ], [ -71.19172, -38.71371 ], [ -71.1913, -38.71376 ], [ -71.19047, -38.7142 ], [ -71.19014, -38.71461 ], [ -71.19013, -38.7149 ], [ -71.1903, -38.71518 ], [ -71.19079, -38.7155 ], [ -71.19127, -38.71624 ], [ -71.19127, -38.7164 ], [ -71.19111, -38.71664 ], [ -71.19036, -38.71727 ], [ -71.18971, -38.71748 ], [ -71.18908, -38.71791 ], [ -71.1879, -38.71855 ], [ -71.18772, -38.71872 ], [ -71.18763, -38.71971 ], [ -71.18738, -38.72001 ], [ -71.18657, -38.72062 ], [ -71.18626, -38.72071 ], [ -71.1858, -38.72056 ], [ -71.185, -38.72057 ], [ -71.18478, -38.7207 ], [ -71.18464, -38.72102 ], [ -71.18401, -38.72113 ], [ -71.1825, -38.72177 ], [ -71.18209, -38.72221 ], [ -71.18175, -38.72304 ], [ -71.18171, -38.7233 ], [ -71.18181, -38.72377 ], [ -71.18173, -38.72393 ], [ -71.17975, -38.72469 ], [ -71.17928, -38.72478 ], [ -71.17858, -38.72481 ], [ -71.17625, -38.72466 ], [ -71.1743, -38.72486 ], [ -71.17306, -38.72512 ], [ -71.17277, -38.7253 ], [ -71.17237, -38.72577 ], [ -71.17224, -38.7263 ], [ -71.17235, -38.72699 ], [ -71.17201, -38.7274 ], [ -71.17163, -38.72759 ], [ -71.17099, -38.72771 ], [ -71.16924, -38.72751 ], [ -71.16879, -38.72756 ], [ -71.1682, -38.72777 ], [ -71.16767, -38.72807 ], [ -71.16699, -38.72866 ], [ -71.16539, -38.73029 ], [ -71.16364, -38.7316 ], [ -71.16293, -38.732 ], [ -71.16187, -38.73234 ], [ -71.16104, -38.73249 ], [ -71.16037, -38.73246 ], [ -71.15948, -38.73225 ], [ -71.15727, -38.73228 ], [ -71.15614, -38.73204 ], [ -71.15391, -38.73131 ], [ -71.15159, -38.73073 ], [ -71.15121, -38.73034 ], [ -71.1509, -38.72944 ], [ -71.15088, -38.7291 ], [ -71.15118, -38.72792 ], [ -71.1511, -38.72739 ], [ -71.15084, -38.72701 ], [ -71.15013, -38.72653 ] ] } },
{ "type": "Feature", "properties": { "osm_id": 137185764, "nombre": "Río Villucura", "tipo": "river", "volcan_codigo": "LON", "volcan_nombre": "Lonquimay", "drena_volcan": false }, "geometry": { "type": "LineString", "coordinates": [ [ -71.64397, -38.28542 ], [ -71.64475, -38.28475 ], [ -71.64472, -38.28334 ], [ -71.64557, -38.2827 ], [ -71.64581, -38.28186 ], [ -71.64572, -38.28084 ], [ -71.64509, -38.27947 ], [ -71.64508, -38.2791 ], [ -71.64464, -38.27858 ], [ -71.64451, -38.27798 ], [ -71.64456, -38.27718 ], [ -71.64503, -38.27631 ], [ -71.64576, -38.27558 ], [ -71.64614, -38.27471 ], [ -71.64586, -38.27403 ], [ -71.64609, -38.27361 ], [ -71.64658, -38.27317 ], [ -71.64625, -38.27236 ], [ -71.64627, -38.27188 ], [ -71.64549, -38.2706 ], [ -71.64545, -38.2701 ], [ -71.64506, -38.269 ], [ -71.6451, -38.26882 ], [ -71.64495, -38.2685 ], [ -71.6449, -38.26814 ], [ -71.6453, -38.26777 ], [ -71.64588, -38.26766 ], [ -71.64618, -38.26715 ], [ -71.64562, -38.26641 ], [ -71.64537, -38.26574 ], [ -71.6451, -38.26552 ], [ -71.64515, -38.26508 ], [ -71.64436, -38.26393 ], [ -71.64426, -38.26339 ], [ -71.64406, -38.26289 ], [ -71.64413, -38.26262 ], [ -71.64461, -38.26189 ], [ -71.64444, -38.2614 ], [ -71.64401, -38.26104 ], [ -71.64402, -38.26062 ], [ -71.64392, -38.26013 ], [ -71.64363, -38.2598 ], [ -71.64382, -38.25942 ], [ -71.64356, -38.25889 ], [ -71.64315, -38.25856 ], [ -71.64319, -38.25835 ], [ -71.64266, -38.25807 ], [ -71.64265, -38.25787 ], [ -71.64247, -38.25761 ], [ -71.64183, -38.2574 ], [ -71.64092, -38.25614 ], [ -71.64095, -38.25587 ], [ -71.64138, -38.25549 ], [ -71.64188, -38.25473 ], [ -71.64128, -38.25407 ], [ -71.64092, -38.25347 ], [ -71.6405, -38.25315 ], [ -71.63942, -38.25305 ], [ -71.63898, -38.25261 ], [ -71.63839, -38.25261 ], [ -71.63815, -38.25198 ], [ -71.6371, -38.25129 ], [ -71.63712, -38.25088 ], [ -71.63687, -38.25033 ], [ -71.63681, -38.24948 ], [ -71.63619, -38.24895 ], [ -71.63555, -38.24809 ], [ -71.63481, -38.24775 ], [ -71.63441, -38.24727 ], [ -71.63507, -38.24673 ], [ -71.63522, -38.24629 ], [ -71.63479, -38.24594 ], [ -71.6343, -38.24572 ], [ -71.63393, -38.24529 ], [ -71.63402, -38.24448 ], [ -71.63301, -38.24404 ], [ -71.6326, -38.2435 ], [ -71.63247, -38.24264 ], [ -71.63295, -38.24203 ], [ -71.63279, -38.24141 ], [ -71.63299, -38.24076 ], [ -71.63294, -38.24032 ], [ -71.63265, -38.2399 ], [ -71.63319, -38.23904 ], [ -71.63316, -38.23874 ], [ -71.6334, -38.23782 ], [ -71.63369, -38.23726 ], [ -71.63441, -38.23688 ], [ -71.63459, -38.2361 ], [ -71.63527, -38.23572 ], [ -71.63586, -38.23459 ], [ -71.63672, -38.23411 ], [ -71.63679, -38.23378 ], [ -71.63632, -38.23363 ], [ -71.63661, -38.23318 ], [ -71.63692, -38.23234 ], [ -71.63751, -38.23152 ], [ -71.6382, -38.2314 ], [ -71.63899, -38.2311 ], [ -71.63986, -38.23057 ], [ -71.64058, -38.22975 ], [ -71.64049, -38.22788 ], [ -71.64063, -38.22725 ], [ -71.64169, -38.2258 ], [ -71.64198, -38.22554 ], [ -71.64172, -38.2248 ], [ -71.64184, -38.22422 ], [ -71.6421, -38.22358 ], [ -71.64309, -38.22234 ], [ -71.64355, -38.22112 ], [ -71.6436, -38.22041 ], [ -71.6433, -38.21947 ], [ -71.64365, -38.21853 ], [ -71.64519, -38.21617 ], [ -71.64614, -38.21397 ], [ -71.64664, -38.2134 ], [ -71.6473, -38.21286 ], [ -71.64797, -38.21164 ], [ -71.64823, -38.21107 ], [ -71.64819, -38.21033 ], [ -71.6481, -38.20976 ], [ -71.64785, -38.20912 ], [ -71.64738, -38.20858 ], [ -71.64652, -38.2078 ], [ -71.64631, -38.20693 ], [ -71.64605, -38.20635 ], [ -71.64518, -38.20547 ], [ -71.64455, -38.20413 ], [ -71.64411, -38.20362 ], [ -71.64163, -38.20241 ], [ -71.64146, -38.20207 ], [ -71.64124, -38.19991 ], [ -71.63991, -38.19829 ], [ -71.63979, -38.19738 ], [ -71.64016, -38.19616 ], [ -71.64064, -38.19559 ], [ -71.64086, -38.19512 ], [ -71.64086, -38.19445 ], [ -71.63923, -38.19323 ], [ -71.63925, -38.19249 ], [ -71.63901, -38.19175 ], [ -71.6388, -38.1914 ], [ -71.63837, -38.19101 ], [ -71.63772, -38.19077 ], [ -71.63678, -38.19057 ], [ -71.63648, -38.19027 ], [ -71.63634, -38.18994 ], [ -71.63642, -38.18954 ], [ -71.63614, -38.18843 ], [ -71.63618, -38.18806 ], [ -71.63523, -38.18709 ], [ -71.63478, -38.18621 ], [ -71.63429, -38.18583 ], [ -71.63282, -38.18544 ], [ -71.63236, -38.18521 ], [ -71.63206, -38.18487 ], [ -71.63195, -38.1846 ], [ -71.63217, -38.1837 ], [ -71.63246, -38.18296 ], [ -71.63249, -38.18252 ], [ -71.63225, -38.18197 ], [ -71.63142, -38.18079 ], [ -71.63129, -38.18045 ], [ -71.63148, -38.17947 ], [ -71.63193, -38.17856 ], [ -71.63191, -38.17802 ], [ -71.63127, -38.17718 ], [ -71.63103, -38.17669 ], [ -71.63095, -38.1762 ], [ -71.63077, -38.17579 ], [ -71.6301, -38.17485 ], [ -71.62953, -38.17352 ], [ -71.62914, -38.1732 ], [ -71.62854, -38.17299 ], [ -71.62805, -38.17291 ], [ -71.62627, -38.17291 ], [ -71.62421, -38.1724 ], [ -71.62397, -38.17207 ], [ -71.62346, -38.17169 ], [ -71.62281, -38.17141 ], [ -71.62155, -38.17171 ], [ -71.62112, -38.17166 ], [ -71.62052, -38.17122 ], [ -71.61989, -38.16997 ], [ -71.61951, -38.16943 ], [ -71.61888, -38.16882 ], [ -71.61856, -38.16838 ], [ -71.61807, -38.16805 ], [ -71.61731, -38.16781 ], [ -71.61623, -38.16803 ], [ -71.61575, -38.16835 ], [ -71.61489, -38.16933 ], [ -71.61421, -38.16972 ], [ -71.6138, -38.16972 ], [ -71.61333, -38.1695 ], [ -71.61264, -38.16891 ], [ -71.6122, -38.168 ], [ -71.61204, -38.16727 ], [ -71.612, -38.16662 ], [ -71.61223, -38.16602 ], [ -71.6116, -38.16543 ], [ -71.61114, -38.16525 ], [ -71.60919, -38.16486 ], [ -71.6079, -38.1662 ], [ -71.60314, -38.16756 ], [ -71.602, -38.16825 ], [ -71.60126, -38.16852 ], [ -71.60054, -38.16856 ], [ -71.59927, -38.16894 ], [ -71.59826, -38.16936 ], [ -71.59742, -38.16995 ], [ -71.59651, -38.17019 ], [ -71.59584, -38.17021 ], [ -71.59503, -38.17008 ], [ -71.593, -38.16941 ], [ -71.59108, -38.1694 ], [ -71.58962, -38.16889 ], [ -71.58876, -38.16844 ], [ -71.58802, -38.16818 ], [ -71.58709, -38.16814 ], [ -71.58648, -38.16857 ], [ -71.58629, -38.16895 ], [ -71.58558, -38.16932 ], [ -71.58485, -38.16952 ], [ -71.58422, -38.16952 ], [ -71.58404, -38.16928 ], [ -71.58346, -38.16913 ], [ -71.58226, -38.16921 ], [ -71.582, -38.16874 ], [ -71.58183, -38.16775 ], [ -71.58133, -38.16749 ], [ -71.58035, -38.16729 ], [ -71.58022, -38.16734 ], [ -71.57895, -38.16653 ], [ -71.57676, -38.16614 ], [ -71.57391, -38.1664 ], [ -71.5732, -38.16675 ], [ -71.57286, -38.16714 ], [ -71.57282, -38.16812 ], [ -71.57298, -38.16899 ], [ -71.57259, -38.16989 ], [ -71.57223, -38.17022 ], [ -71.5702, -38.17019 ], [ -71.56913, -38.16999 ], [ -71.56683, -38.16991 ], [ -71.56578, -38.16962 ], [ -71.5643, -38.16866 ], [ -71.56353, -38.16805 ], [ -71.56265, -38.16776 ], [ -71.56202, -38.16771 ], [ -71.56108, -38.16802 ], [ -71.55882, -38.16909 ], [ -71.55754, -38.16928 ], [ -71.55559, -38.16925 ], [ -71.55428, -38.16932 ], [ -71.55329, -38.16923 ], [ -71.55197, -38.16881 ], [ -71.55076, -38.16852 ], [ -71.54998, -38.16818 ], [ -71.5487, -38.1666 ], [ -71.54747, -38.16623 ], [ -71.54687, -38.16623 ], [ -71.54595, -38.16657 ], [ -71.54556, -38.16705 ], [ -71.54546, -38.1677 ], [ -71.54522, -38.16832 ], [ -71.54466, -38.16891 ], [ -71.54374, -38.16943 ], [ -71.54273, -38.16979 ], [ -71.54202, -38.1699 ], [ -71.54023, -38.16972 ] ] } },
{ "type": "Feature", "properties": { "osm_id": 168081062, "nombre": "Río Quinquén", "tipo": "river", "volcan_codigo": "LON", "volcan_nombre": "Lonquimay", "drena_volcan": false }, "geometry": { "type": "LineString", "coordinates": [ [ -71.4921, -38.69995 ], [ -71.49151, -38.70039 ], [ -71.49048, -38.70056 ], [ -71.49015, -38.7007 ], [ -71.4899, -38.70091 ], [ -71.48989, -38.70114 ], [ -71.48972, -38.70128 ], [ -71.48926, -38.70133 ], [ -71.48885, -38.70127 ], [ -71.48859, -38.70138 ], [ -71.48801, -38.70141 ], [ -71.48714, -38.70112 ], [ -71.48691, -38.70116 ], [ -71.48667, -38.70175 ], [ -71.48649, -38.70196 ], [ -71.48604, -38.70224 ], [ -71.48508, -38.70261 ], [ -71.48456, -38.70258 ], [ -71.48437, -38.7029 ], [ -71.48408, -38.7029 ], [ -71.48391, -38.70317 ], [ -71.48357, -38.70321 ], [ -71.48247, -38.70367 ], [ -71.48181, -38.70364 ], [ -71.48163, -38.70377 ], [ -71.48152, -38.704 ], [ -71.48098, -38.70402 ], [ -71.48028, -38.70419 ], [ -71.47967, -38.70475 ], [ -71.47884, -38.70466 ], [ -71.47871, -38.70485 ], [ -71.47882, -38.70501 ], [ -71.47881, -38.7053 ], [ -71.47864, -38.70553 ], [ -71.47842, -38.70559 ], [ -71.47821, -38.70544 ], [ -71.47787, -38.70552 ], [ -71.47773, -38.70579 ], [ -71.47698, -38.70605 ], [ -71.47685, -38.70634 ], [ -71.47669, -38.70643 ], [ -71.47656, -38.70641 ], [ -71.47637, -38.70618 ], [ -71.47546, -38.70621 ], [ -71.47515, -38.70611 ], [ -71.47469, -38.70611 ], [ -71.47354, -38.70631 ], [ -71.47342, -38.70623 ], [ -71.47331, -38.70592 ], [ -71.47282, -38.70597 ], [ -71.47271, -38.70585 ], [ -71.47266, -38.70562 ], [ -71.47229, -38.70551 ], [ -71.47202, -38.70525 ], [ -71.47131, -38.70491 ], [ -71.47102, -38.70501 ], [ -71.47075, -38.70534 ], [ -71.47057, -38.70545 ], [ -71.46974, -38.70556 ], [ -71.46915, -38.70539 ], [ -71.46874, -38.70575 ], [ -71.46848, -38.70585 ], [ -71.46724, -38.70615 ], [ -71.46609, -38.7062 ], [ -71.46579, -38.70632 ], [ -71.46568, -38.70652 ], [ -71.4655, -38.70656 ], [ -71.46526, -38.70653 ], [ -71.46496, -38.70636 ], [ -71.46418, -38.70638 ], [ -71.46408, -38.70631 ], [ -71.46406, -38.70613 ], [ -71.46387, -38.70603 ], [ -71.46334, -38.70607 ], [ -71.46246, -38.70596 ], [ -71.46203, -38.706 ], [ -71.46169, -38.70587 ], [ -71.46026, -38.7061 ], [ -71.46012, -38.70649 ], [ -71.45982, -38.70663 ], [ -71.45954, -38.70688 ], [ -71.45912, -38.70701 ], [ -71.45886, -38.70658 ], [ -71.45882, -38.70635 ], [ -71.45889, -38.7061 ], [ -71.45863, -38.70598 ], [ -71.45693, -38.70619 ], [ -71.45683, -38.7063 ], [ -71.45704, -38.7066 ], [ -71.45682, -38.70668 ], [ -71.45576, -38.70649 ], [ -71.45514, -38.70679 ], [ -71.45499, -38.70705 ], [ -71.45486, -38.7071 ], [ -71.45444, -38.70704 ], [ -71.45429, -38.70695 ], [ -71.45416, -38.70655 ], [ -71.45387, -38.70628 ], [ -71.45324, -38.70613 ], [ -71.45283, -38.70589 ], [ -71.45269, -38.70597 ], [ -71.45264, -38.7064 ], [ -71.45249, -38.70654 ], [ -71.45213, -38.70649 ], [ -71.45199, -38.70615 ], [ -71.45131, -38.70557 ], [ -71.45092, -38.70506 ], [ -71.44985, -38.70502 ], [ -71.44956, -38.7049 ], [ -71.44921, -38.7049 ], [ -71.44867, -38.70466 ], [ -71.44723, -38.70481 ], [ -71.4462, -38.70472 ], [ -71.44615, -38.70463 ], [ -71.44636, -38.70449 ], [ -71.44646, -38.7041 ], [ -71.44599, -38.70382 ], [ -71.44475, -38.70329 ], [ -71.44456, -38.70307 ], [ -71.44449, -38.70272 ], [ -71.44441, -38.70265 ], [ -71.44372, -38.70257 ], [ -71.44378, -38.70239 ], [ -71.44358, -38.702 ], [ -71.44329, -38.70182 ], [ -71.44307, -38.70183 ], [ -71.4429, -38.70194 ], [ -71.44291, -38.70206 ], [ -71.44318, -38.70228 ], [ -71.44315, -38.70255 ], [ -71.44255, -38.70241 ], [ -71.44226, -38.70247 ], [ -71.44229, -38.70275 ], [ -71.44248, -38.70294 ], [ -71.4424, -38.7031 ], [ -71.44157, -38.70306 ], [ -71.44076, -38.7027 ], [ -71.44075, -38.7025 ], [ -71.44114, -38.70244 ], [ -71.44113, -38.70224 ], [ -71.44055, -38.70157 ], [ -71.44009, -38.70149 ], [ -71.43986, -38.70152 ], [ -71.43984, -38.70163 ], [ -71.43994, -38.70177 ], [ -71.43989, -38.70189 ], [ -71.43973, -38.70186 ], [ -71.43961, -38.70157 ], [ -71.43905, -38.70169 ], [ -71.43896, -38.70193 ], [ -71.4391, -38.70208 ], [ -71.43898, -38.70219 ], [ -71.43896, -38.70256 ], [ -71.43878, -38.70258 ], [ -71.43848, -38.70242 ], [ -71.43812, -38.7024 ], [ -71.43741, -38.70273 ], [ -71.4372, -38.70248 ], [ -71.437, -38.70199 ], [ -71.43491, -38.70106 ], [ -71.43492, -38.70095 ], [ -71.43544, -38.70064 ], [ -71.43556, -38.70024 ], [ -71.43548, -38.70011 ], [ -71.4343, -38.70019 ], [ -71.43329, -38.69972 ], [ -71.43275, -38.69992 ], [ -71.43258, -38.69974 ], [ -71.43154, -38.69962 ], [ -71.4314, -38.69954 ], [ -71.43117, -38.6992 ], [ -71.43053, -38.6989 ], [ -71.42958, -38.69821 ], [ -71.4288, -38.69864 ], [ -71.42829, -38.69882 ], [ -71.42793, -38.69876 ], [ -71.42654, -38.69896 ], [ -71.42414, -38.69849 ], [ -71.42362, -38.69877 ], [ -71.42345, -38.69904 ], [ -71.42328, -38.69904 ], [ -71.42266, -38.69881 ], [ -71.42144, -38.69875 ], [ -71.42053, -38.69843 ], [ -71.4197, -38.69861 ], [ -71.41942, -38.6986 ], [ -71.41913, -38.69845 ], [ -71.41914, -38.69812 ], [ -71.41905, -38.69804 ], [ -71.4185, -38.69774 ], [ -71.41799, -38.69764 ], [ -71.41785, -38.69774 ], [ -71.41785, -38.69799 ], [ -71.41773, -38.69815 ], [ -71.41698, -38.69846 ], [ -71.417, -38.69856 ], [ -71.41745, -38.69871 ], [ -71.41758, -38.69888 ], [ -71.41751, -38.69904 ], [ -71.417, -38.69914 ], [ -71.41678, -38.69932 ], [ -71.41652, -38.69939 ], [ -71.41645, -38.69929 ], [ -71.41657, -38.69906 ], [ -71.41662, -38.69857 ], [ -71.41647, -38.6985 ], [ -71.41618, -38.69887 ], [ -71.41543, -38.69925 ], [ -71.41512, -38.69895 ], [ -71.4153, -38.69851 ], [ -71.41489, -38.69837 ], [ -71.41461, -38.69854 ], [ -71.41468, -38.69877 ], [ -71.41444, -38.69911 ], [ -71.41374, -38.69977 ], [ -71.41343, -38.69981 ], [ -71.41308, -38.69953 ], [ -71.41262, -38.69885 ], [ -71.41203, -38.69838 ], [ -71.41199, -38.69823 ], [ -71.41212, -38.6979 ], [ -71.41176, -38.69751 ], [ -71.41111, -38.69738 ], [ -71.41076, -38.69746 ], [ -71.41078, -38.69777 ], [ -71.41062, -38.698 ], [ -71.41007, -38.69825 ], [ -71.41009, -38.69866 ], [ -71.40985, -38.69863 ], [ -71.409, -38.69805 ], [ -71.40888, -38.69777 ], [ -71.40915, -38.69723 ], [ -71.40946, -38.69685 ], [ -71.4094, -38.69672 ], [ -71.40932, -38.69667 ], [ -71.4088, -38.69684 ], [ -71.40839, -38.69668 ], [ -71.40771, -38.69679 ], [ -71.40709, -38.69663 ], [ -71.40686, -38.69686 ], [ -71.40652, -38.69663 ], [ -71.40587, -38.69645 ], [ -71.40547, -38.6958 ], [ -71.40526, -38.69566 ], [ -71.40482, -38.69572 ], [ -71.40476, -38.69595 ], [ -71.40452, -38.69592 ], [ -71.40433, -38.6958 ], [ -71.40426, -38.69566 ], [ -71.40446, -38.69538 ], [ -71.40446, -38.69526 ], [ -71.40406, -38.69485 ], [ -71.40363, -38.69473 ], [ -71.40384, -38.69457 ], [ -71.40435, -38.69442 ], [ -71.40445, -38.6943 ], [ -71.4044, -38.69423 ], [ -71.4038, -38.69385 ], [ -71.40316, -38.69404 ], [ -71.40256, -38.69405 ], [ -71.40249, -38.69397 ], [ -71.40259, -38.69376 ], [ -71.4024, -38.69364 ], [ -71.40214, -38.69376 ], [ -71.40214, -38.69417 ], [ -71.40175, -38.69409 ], [ -71.40157, -38.69396 ], [ -71.40127, -38.69341 ], [ -71.40084, -38.69298 ], [ -71.40036, -38.6927 ], [ -71.40033, -38.69259 ], [ -71.40054, -38.69249 ], [ -71.40106, -38.6927 ], [ -71.40146, -38.693 ], [ -71.40169, -38.69302 ], [ -71.40193, -38.69271 ], [ -71.40192, -38.69262 ], [ -71.40169, -38.69245 ], [ -71.40136, -38.69241 ], [ -71.40126, -38.69229 ], [ -71.40135, -38.69219 ], [ -71.40187, -38.69205 ], [ -71.40158, -38.69179 ], [ -71.40111, -38.69187 ], [ -71.40095, -38.69177 ], [ -71.40097, -38.69165 ], [ -71.40143, -38.69152 ], [ -71.40163, -38.69135 ], [ -71.40099, -38.69104 ], [ -71.40086, -38.69076 ], [ -71.40059, -38.69079 ], [ -71.40048, -38.69111 ], [ -71.40024, -38.69124 ], [ -71.40008, -38.69146 ], [ -71.39988, -38.69148 ], [ -71.39965, -38.69135 ], [ -71.39953, -38.69118 ], [ -71.39948, -38.69079 ], [ -71.39927, -38.6905 ], [ -71.39966, -38.69033 ], [ -71.39972, -38.69018 ], [ -71.39947, -38.68992 ], [ -71.3994, -38.68965 ], [ -71.39908, -38.68931 ], [ -71.39907, -38.68918 ], [ -71.39926, -38.68894 ], [ -71.39893, -38.68812 ], [ -71.39892, -38.68782 ], [ -71.39882, -38.68757 ], [ -71.3987, -38.68746 ], [ -71.39843, -38.68741 ], [ -71.3983, -38.68747 ], [ -71.39821, -38.68771 ], [ -71.3979, -38.6878 ], [ -71.39773, -38.68753 ], [ -71.39772, -38.68736 ], [ -71.39791, -38.68714 ], [ -71.39824, -38.68706 ], [ -71.39881, -38.68709 ], [ -71.39905, -38.68696 ], [ -71.39885, -38.6866 ], [ -71.39831, -38.68664 ], [ -71.39813, -38.68649 ], [ -71.39814, -38.68599 ], [ -71.39827, -38.68589 ], [ -71.39865, -38.68586 ], [ -71.39876, -38.68575 ], [ -71.39872, -38.68564 ], [ -71.39827, -38.68538 ], [ -71.39844, -38.68511 ], [ -71.39844, -38.68493 ], [ -71.39763, -38.68458 ], [ -71.39745, -38.68466 ], [ -71.39742, -38.68508 ], [ -71.3971, -38.6851 ], [ -71.39686, -38.68497 ], [ -71.39683, -38.68458 ], [ -71.39673, -38.68441 ], [ -71.39649, -38.68432 ], [ -71.39616, -38.68433 ], [ -71.3959, -38.68457 ], [ -71.39576, -38.68458 ], [ -71.39569, -38.68434 ], [ -71.39594, -38.68407 ], [ -71.39605, -38.68375 ], [ -71.39637, -38.68355 ], [ -71.39632, -38.68332 ], [ -71.39603, -38.68327 ], [ -71.39551, -38.68347 ], [ -71.39535, -38.68345 ], [ -71.3954, -38.68321 ], [ -71.39562, -38.6829 ], [ -71.3955, -38.68272 ], [ -71.39504, -38.68274 ], [ -71.39489, -38.68265 ], [ -71.39495, -38.68178 ], [ -71.39485, -38.6816 ], [ -71.39463, -38.68156 ], [ -71.39449, -38.68162 ], [ -71.39444, -38.68178 ], [ -71.39453, -38.68208 ], [ -71.39437, -38.68235 ], [ -71.39417, -38.6823 ], [ -71.39392, -38.682 ], [ -71.39395, -38.68156 ], [ -71.39384, -38.68122 ], [ -71.39413, -38.68087 ], [ -71.3943, -38.68048 ], [ -71.39478, -38.68004 ], [ -71.39487, -38.67989 ], [ -71.39487, -38.67959 ], [ -71.39464, -38.67928 ], [ -71.39474, -38.67899 ], [ -71.39468, -38.67886 ], [ -71.39451, -38.67868 ], [ -71.3939, -38.67847 ], [ -71.39383, -38.67829 ], [ -71.39407, -38.6781 ], [ -71.39459, -38.67803 ], [ -71.39464, -38.67788 ], [ -71.39405, -38.67727 ], [ -71.39389, -38.67726 ], [ -71.39363, -38.67738 ], [ -71.39351, -38.67726 ], [ -71.39378, -38.67656 ], [ -71.39364, -38.6763 ], [ -71.39389, -38.67614 ], [ -71.39386, -38.67589 ], [ -71.39331, -38.6757 ], [ -71.39302, -38.67547 ], [ -71.3926, -38.67571 ], [ -71.39241, -38.67558 ], [ -71.3923, -38.67464 ], [ -71.39243, -38.67375 ], [ -71.3926, -38.67333 ], [ -71.39268, -38.67287 ], [ -71.3925, -38.67279 ], [ -71.39179, -38.67312 ], [ -71.39095, -38.67266 ], [ -71.39065, -38.67194 ], [ -71.39071, -38.67164 ], [ -71.39094, -38.67131 ], [ -71.39092, -38.67119 ], [ -71.39059, -38.67087 ], [ -71.39031, -38.67037 ], [ -71.38967, -38.66994 ], [ -71.38874, -38.66961 ], [ -71.38839, -38.66929 ], [ -71.38754, -38.6683 ], [ -71.38714, -38.66749 ], [ -71.38714, -38.66732 ] ] } },
{ "type": "Feature", "properties": { "osm_id": 178703311, "nombre": "Estero El Claro", "tipo": "stream", "volcan_codigo": "LON", "volcan_nombre": "Lonquimay", "drena_volcan": false }, "geometry": { "type": "LineString", "coordinates": [ [ -71.57827, -38.52513 ], [ -71.57809, -38.5249 ], [ -71.57802, -38.52459 ], [ -71.57753, -38.52433 ], [ -71.57749, -38.5242 ], [ -71.57785, -38.52394 ], [ -71.57791, -38.52363 ], [ -71.57762, -38.52304 ], [ -71.57762, -38.52286 ], [ -71.57723, -38.52244 ], [ -71.57716, -38.52216 ], [ -71.57741, -38.52153 ], [ -71.57794, -38.52097 ], [ -71.57779, -38.52061 ], [ -71.5778, -38.5201 ], [ -71.57808, -38.5188 ], [ -71.57791, -38.51812 ], [ -71.57903, -38.51642 ], [ -71.57919, -38.51579 ], [ -71.57954, -38.51521 ], [ -71.57979, -38.51494 ], [ -71.58033, -38.51475 ], [ -71.58055, -38.51449 ], [ -71.58055, -38.51429 ], [ -71.58011, -38.51384 ], [ -71.58013, -38.51362 ], [ -71.57997, -38.51308 ], [ -71.57973, -38.51279 ], [ -71.5792, -38.51239 ], [ -71.57902, -38.51203 ], [ -71.57898, -38.51172 ], [ -71.57923, -38.5113 ], [ -71.5795, -38.51034 ], [ -71.58035, -38.50922 ], [ -71.58108, -38.5085 ], [ -71.58108, -38.50789 ], [ -71.58091, -38.50732 ], [ -71.58123, -38.50659 ], [ -71.58195, -38.50626 ], [ -71.58175, -38.50603 ], [ -71.58202, -38.5046 ], [ -71.58232, -38.50433 ], [ -71.58423, -38.50311 ], [ -71.585, -38.50287 ], [ -71.58543, -38.50264 ], [ -71.58552, -38.50242 ], [ -71.58552, -38.50165 ], [ -71.5858, -38.50119 ], [ -71.58728, -38.50017 ], [ -71.58777, -38.49898 ], [ -71.58812, -38.49879 ], [ -71.58841, -38.49847 ], [ -71.58842, -38.49805 ], [ -71.58824, -38.49762 ], [ -71.58824, -38.49683 ], [ -71.5879, -38.49609 ], [ -71.58705, -38.49518 ], [ -71.58491, -38.49379 ], [ -71.58425, -38.49287 ], [ -71.58389, -38.4919 ], [ -71.58351, -38.49119 ], [ -71.58355, -38.49077 ], [ -71.58372, -38.49045 ], [ -71.58376, -38.49011 ], [ -71.58258, -38.48941 ], [ -71.58228, -38.4891 ], [ -71.58253, -38.48841 ], [ -71.58254, -38.48811 ], [ -71.58111, -38.48712 ], [ -71.58012, -38.48665 ], [ -71.57841, -38.48564 ], [ -71.57802, -38.4853 ], [ -71.57782, -38.48478 ], [ -71.57754, -38.48434 ], [ -71.57723, -38.4832 ], [ -71.577, -38.48282 ], [ -71.57655, -38.48245 ], [ -71.57648, -38.48231 ], [ -71.57658, -38.48208 ], [ -71.57699, -38.48186 ], [ -71.57726, -38.48127 ], [ -71.57675, -38.48107 ], [ -71.57626, -38.48062 ], [ -71.57606, -38.48031 ], [ -71.57603, -38.47997 ] ] } },
{ "type": "Feature", "properties": { "osm_id": 181082384, "nombre": "Río Truful Truful", "tipo": "river", "volcan_codigo": "LON", "volcan_nombre": "Lonquimay", "drena_volcan": false }, "geometry": { "type": "LineString", "coordinates": [ [ -71.63025, -38.76706 ], [ -71.63046, -38.76787 ], [ -71.63269, -38.77081 ], [ -71.63278, -38.7714 ], [ -71.63293, -38.77175 ], [ -71.63307, -38.77275 ], [ -71.633, -38.77303 ], [ -71.63288, -38.77314 ], [ -71.63288, -38.774 ], [ -71.63276, -38.77429 ], [ -71.63253, -38.77456 ], [ -71.63237, -38.77499 ], [ -71.63221, -38.77503 ], [ -71.6321, -38.77574 ], [ -71.63182, -38.77629 ], [ -71.63216, -38.77659 ], [ -71.63281, -38.77678 ], [ -71.63286, -38.77723 ], [ -71.63299, -38.77742 ], [ -71.63283, -38.77773 ], [ -71.63288, -38.7781 ], [ -71.63277, -38.77843 ], [ -71.63337, -38.77899 ], [ -71.63392, -38.77922 ], [ -71.63415, -38.7791 ], [ -71.63428, -38.77838 ], [ -71.63451, -38.77806 ], [ -71.63508, -38.778 ], [ -71.63544, -38.77864 ], [ -71.6361, -38.77928 ], [ -71.63724, -38.77948 ], [ -71.6376, -38.77985 ], [ -71.63771, -38.78117 ], [ -71.63788, -38.78169 ], [ -71.63895, -38.78247 ], [ -71.63921, -38.78289 ], [ -71.63951, -38.78313 ], [ -71.64032, -38.78473 ], [ -71.64166, -38.78568 ], [ -71.64196, -38.78601 ], [ -71.64204, -38.78623 ], [ -71.64208, -38.78681 ], [ -71.64133, -38.7889 ], [ -71.64132, -38.78947 ], [ -71.64165, -38.7901 ], [ -71.64231, -38.79067 ], [ -71.64302, -38.79157 ], [ -71.64314, -38.79181 ], [ -71.64313, -38.79223 ], [ -71.64275, -38.79307 ], [ -71.64225, -38.7937 ], [ -71.64181, -38.79464 ], [ -71.64187, -38.79601 ], [ -71.6417, -38.79696 ], [ -71.64121, -38.79759 ], [ -71.63968, -38.79873 ], [ -71.63967, -38.79901 ], [ -71.64038, -38.79977 ], [ -71.64064, -38.80037 ], [ -71.64058, -38.8011 ], [ -71.64062, -38.80276 ], [ -71.64025, -38.80348 ], [ -71.63947, -38.80428 ], [ -71.63935, -38.80452 ], [ -71.63929, -38.80494 ], [ -71.63968, -38.80756 ], [ -71.63987, -38.80795 ], [ -71.64048, -38.80853 ], [ -71.64099, -38.80876 ], [ -71.64214, -38.80905 ], [ -71.6426, -38.80928 ], [ -71.64299, -38.80965 ], [ -71.64324, -38.81009 ], [ -71.6436, -38.81048 ], [ -71.64393, -38.81096 ], [ -71.64419, -38.81156 ], [ -71.64427, -38.81241 ], [ -71.64392, -38.8129 ], [ -71.64387, -38.8133 ], [ -71.64394, -38.81386 ], [ -71.64417, -38.8145 ], [ -71.64406, -38.81604 ], [ -71.64408, -38.81677 ], [ -71.64391, -38.81776 ], [ -71.64407, -38.81868 ], [ -71.64435, -38.81902 ], [ -71.64478, -38.81929 ], [ -71.64586, -38.81963 ], [ -71.64677, -38.82007 ], [ -71.64786, -38.82129 ], [ -71.64885, -38.82454 ], [ -71.64932, -38.82526 ], [ -71.65012, -38.82586 ], [ -71.65056, -38.8266 ], [ -71.6509, -38.82671 ], [ -71.65112, -38.82688 ], [ -71.6513, -38.82801 ], [ -71.65171, -38.82864 ], [ -71.65226, -38.82904 ], [ -71.65418, -38.83007 ], [ -71.65569, -38.83033 ], [ -71.65648, -38.83061 ], [ -71.65696, -38.83097 ], [ -71.65743, -38.83168 ], [ -71.65747, -38.83212 ], [ -71.65737, -38.83291 ], [ -71.65763, -38.83419 ], [ -71.65755, -38.83479 ], [ -71.65715, -38.83552 ], [ -71.65597, -38.83669 ], [ -71.65585, -38.8369 ], [ -71.65601, -38.83731 ], [ -71.65606, -38.83806 ], [ -71.65586, -38.83952 ], [ -71.6559, -38.84165 ], [ -71.65599, -38.84245 ], [ -71.65648, -38.84307 ], [ -71.657, -38.84358 ], [ -71.65794, -38.84402 ], [ -71.65927, -38.84444 ], [ -71.65978, -38.84487 ], [ -71.66103, -38.84619 ], [ -71.66137, -38.84644 ], [ -71.66333, -38.84713 ], [ -71.66413, -38.84752 ], [ -71.66751, -38.84938 ], [ -71.6677, -38.84963 ], [ -71.6683, -38.84983 ], [ -71.66974, -38.84997 ], [ -71.67096, -38.85032 ], [ -71.67142, -38.85094 ], [ -71.67191, -38.85226 ] ] } },
{ "type": "Feature", "properties": { "osm_id": 186648787, "nombre": "Sin nombre", "tipo": "river", "volcan_codigo": "LON", "volcan_nombre": "Lonquimay", "drena_volcan": false }, "geometry": { "type": "LineString", "coordinates": [ [ -71.71264, -38.54682 ], [ -71.71341, -38.54703 ], [ -71.7159, -38.54732 ], [ -71.71695, -38.54712 ], [ -71.71806, -38.5467 ], [ -71.71843, -38.54649 ] ] } },
{ "type": "Feature", "properties": { "osm_id": 186648789, "nombre": "Sin nombre", "tipo": "river", "volcan_codigo": "LON", "volcan_nombre": "Lonquimay", "drena_volcan": true }, "geometry": { "type": "LineString", "coordinates": [ [ -71.66658, -38.48322 ], [ -71.66672, -38.4821 ], [ -71.66705, -38.48165 ], [ -71.66743, -38.48042 ], [ -71.66724, -38.48036 ], [ -71.66717, -38.48021 ], [ -71.66732, -38.48011 ], [ -71.66836, -38.48001 ], [ -71.66871, -38.47988 ], [ -71.66912, -38.47917 ], [ -71.66916, -38.47836 ], [ -71.66969, -38.47689 ], [ -71.67001, -38.47662 ], [ -71.67052, -38.47644 ], [ -71.67064, -38.47625 ], [ -71.67079, -38.47563 ], [ -71.67136, -38.47513 ], [ -71.67251, -38.47468 ], [ -71.67254, -38.47452 ], [ -71.67281, -38.47441 ], [ -71.67324, -38.47446 ], [ -71.67362, -38.47434 ] ] } },
{ "type": "Feature", "properties": { "osm_id": 186648790, "nombre": "Río Blanco", "tipo": "river", "volcan_codigo": "LON", "volcan_nombre": "Lonquimay", "drena_volcan": false }, "geometry": { "type": "LineString", "coordinates": [ [ -71.63224, -38.57579 ], [ -71.63241, -38.57576 ], [ -71.63295, -38.5754 ], [ -71.6331, -38.57497 ], [ -71.6333, -38.57477 ], [ -71.63354, -38.57468 ], [ -71.63422, -38.57479 ], [ -71.63463, -38.57468 ], [ -71.63521, -38.57483 ], [ -71.63576, -38.5746 ], [ -71.63755, -38.57437 ], [ -71.63842, -38.57449 ], [ -71.63962, -38.57508 ], [ -71.63989, -38.57515 ], [ -71.64008, -38.575 ], [ -71.64034, -38.57496 ], [ -71.64093, -38.57514 ], [ -71.64255, -38.57507 ], [ -71.64326, -38.5753 ], [ -71.64355, -38.5752 ], [ -71.64404, -38.5752 ], [ -71.64473, -38.57547 ], [ -71.64601, -38.57524 ], [ -71.64691, -38.57546 ], [ -71.64709, -38.57542 ], [ -71.64774, -38.57488 ], [ -71.64793, -38.5748 ], [ -71.649, -38.57472 ], [ -71.64995, -38.57443 ], [ -71.65043, -38.57371 ], [ -71.65055, -38.5736 ], [ -71.65129, -38.57334 ], [ -71.65142, -38.57297 ], [ -71.65163, -38.57277 ], [ -71.65308, -38.57232 ], [ -71.65322, -38.57195 ], [ -71.65341, -38.57173 ], [ -71.65361, -38.57164 ], [ -71.65395, -38.57098 ], [ -71.65419, -38.57077 ], [ -71.65474, -38.57055 ], [ -71.65526, -38.57021 ], [ -71.65586, -38.5702 ], [ -71.65614, -38.57005 ], [ -71.65637, -38.56954 ], [ -71.65735, -38.56926 ], [ -71.65787, -38.56892 ], [ -71.65818, -38.56886 ], [ -71.65885, -38.5689 ], [ -71.65904, -38.56875 ], [ -71.65905, -38.56849 ], [ -71.65929, -38.56814 ], [ -71.65973, -38.56795 ], [ -71.65984, -38.56781 ], [ -71.65974, -38.56703 ], [ -71.65989, -38.56636 ], [ -71.65969, -38.56482 ], [ -71.65993, -38.56439 ], [ -71.65998, -38.56401 ], [ -71.66041, -38.5632 ], [ -71.6607, -38.5631 ], [ -71.66097, -38.56317 ], [ -71.66107, -38.56308 ], [ -71.66117, -38.56252 ], [ -71.66146, -38.56198 ], [ -71.66176, -38.56184 ], [ -71.66213, -38.56127 ], [ -71.66242, -38.56108 ], [ -71.66317, -38.56094 ], [ -71.66324, -38.56085 ], [ -71.66309, -38.56025 ], [ -71.66319, -38.55998 ], [ -71.66312, -38.55965 ], [ -71.66291, -38.55937 ], [ -71.6631, -38.55875 ], [ -71.66308, -38.55813 ], [ -71.66356, -38.55765 ], [ -71.66416, -38.55752 ], [ -71.66486, -38.55754 ], [ -71.66584, -38.5569 ], [ -71.66602, -38.55671 ], [ -71.66625, -38.55624 ], [ -71.66666, -38.55591 ], [ -71.66699, -38.55579 ], [ -71.66737, -38.55552 ], [ -71.6677, -38.55496 ], [ -71.66793, -38.55474 ], [ -71.66866, -38.55428 ], [ -71.66888, -38.55402 ], [ -71.66964, -38.55347 ], [ -71.66981, -38.55312 ], [ -71.66988, -38.55244 ], [ -71.67053, -38.55176 ], [ -71.6708, -38.55158 ], [ -71.67169, -38.55139 ], [ -71.67247, -38.55102 ], [ -71.67291, -38.55063 ], [ -71.67301, -38.5504 ], [ -71.67302, -38.54999 ], [ -71.67327, -38.54971 ], [ -71.67463, -38.54931 ], [ -71.67559, -38.54931 ], [ -71.67647, -38.54905 ], [ -71.67688, -38.5486 ], [ -71.67708, -38.54819 ], [ -71.67756, -38.54792 ], [ -71.67817, -38.54701 ], [ -71.67898, -38.54653 ], [ -71.67928, -38.54625 ], [ -71.6803, -38.54614 ], [ -71.68115, -38.54575 ], [ -71.68171, -38.54574 ], [ -71.68249, -38.54535 ], [ -71.68297, -38.54495 ], [ -71.68336, -38.54484 ], [ -71.68361, -38.54458 ] ] } },
{ "type": "Feature", "properties": { "osm_id": 186648807, "nombre": "Estero Vergara", "tipo": "stream", "volcan_codigo": "LON", "volcan_nombre": "Lonquimay", "drena_volcan": false }, "geometry": { "type": "LineString", "coordinates": [ [ -71.6056, -38.55868 ], [ -71.60582, -38.5577 ], [ -71.60565, -38.55674 ], [ -71.60584, -38.55575 ], [ -71.60633, -38.5548 ], [ -71.60643, -38.5539 ], [ -71.60706, -38.55103 ], [ -71.60947, -38.54496 ], [ -71.60965, -38.54336 ], [ -71.61005, -38.54214 ], [ -71.61065, -38.54172 ], [ -71.61121, -38.54115 ], [ -71.61204, -38.53969 ], [ -71.61217, -38.53907 ], [ -71.61259, -38.53827 ], [ -71.61313, -38.53633 ], [ -71.61336, -38.53584 ], [ -71.61361, -38.53471 ], [ -71.6143, -38.53393 ], [ -71.61444, -38.53324 ], [ -71.61503, -38.53298 ], [ -71.61544, -38.53164 ], [ -71.61604, -38.53162 ], [ -71.61617, -38.53152 ], [ -71.61619, -38.53121 ], [ -71.61657, -38.53085 ], [ -71.61651, -38.53055 ], [ -71.61658, -38.53036 ], [ -71.61687, -38.53026 ], [ -71.61758, -38.52977 ], [ -71.61845, -38.5295 ], [ -71.61833, -38.52893 ], [ -71.61849, -38.52849 ], [ -71.61956, -38.52769 ], [ -71.62026, -38.52686 ], [ -71.62031, -38.52662 ], [ -71.62062, -38.52636 ], [ -71.62069, -38.52597 ], [ -71.62062, -38.52539 ], [ -71.62076, -38.52477 ], [ -71.62137, -38.52361 ], [ -71.62188, -38.52306 ], [ -71.62217, -38.52288 ], [ -71.62236, -38.52263 ], [ -71.62242, -38.52231 ], [ -71.62277, -38.5219 ], [ -71.62281, -38.52173 ], [ -71.62437, -38.52082 ], [ -71.62453, -38.52048 ], [ -71.62529, -38.52007 ], [ -71.62549, -38.51988 ], [ -71.62532, -38.51907 ], [ -71.62572, -38.51796 ], [ -71.62566, -38.51742 ], [ -71.62603, -38.51691 ], [ -71.6261, -38.51657 ], [ -71.62611, -38.51618 ], [ -71.62565, -38.51562 ], [ -71.62644, -38.51439 ], [ -71.62637, -38.51407 ], [ -71.62607, -38.51375 ], [ -71.62608, -38.51356 ], [ -71.62664, -38.51275 ], [ -71.62648, -38.5124 ], [ -71.62582, -38.51221 ], [ -71.6254, -38.51166 ], [ -71.62534, -38.51143 ], [ -71.62566, -38.51111 ], [ -71.62573, -38.51094 ], [ -71.62533, -38.51007 ], [ -71.62534, -38.50939 ], [ -71.62523, -38.50906 ], [ -71.62528, -38.50852 ], [ -71.62548, -38.50803 ], [ -71.62556, -38.50745 ], [ -71.62584, -38.50698 ], [ -71.62592, -38.50667 ], [ -71.6255, -38.50621 ], [ -71.62567, -38.50598 ], [ -71.62609, -38.50586 ], [ -71.62636, -38.50559 ], [ -71.6264, -38.50541 ], [ -71.62611, -38.50476 ], [ -71.62612, -38.5046 ], [ -71.62665, -38.50392 ], [ -71.62675, -38.50363 ], [ -71.62644, -38.50311 ], [ -71.62623, -38.50236 ], [ -71.62606, -38.50216 ], [ -71.62613, -38.5018 ], [ -71.626, -38.50123 ], [ -71.62622, -38.5007 ], [ -71.62626, -38.50035 ], [ -71.62613, -38.49991 ], [ -71.62577, -38.49965 ], [ -71.62591, -38.4991 ], [ -71.62575, -38.49858 ], [ -71.62582, -38.49836 ], [ -71.62605, -38.49813 ], [ -71.62683, -38.49775 ], [ -71.62696, -38.49751 ], [ -71.627, -38.49708 ], [ -71.62731, -38.49664 ], [ -71.62861, -38.49588 ], [ -71.62867, -38.49541 ], [ -71.62857, -38.49511 ], [ -71.62862, -38.49486 ], [ -71.62886, -38.49446 ], [ -71.62919, -38.49426 ], [ -71.62944, -38.49389 ], [ -71.62963, -38.49332 ], [ -71.6302, -38.49231 ], [ -71.63055, -38.49209 ], [ -71.63142, -38.49188 ], [ -71.63215, -38.49188 ], [ -71.63249, -38.49159 ], [ -71.63358, -38.49033 ], [ -71.63372, -38.48987 ], [ -71.63423, -38.48911 ], [ -71.63442, -38.4884 ], [ -71.63463, -38.48817 ], [ -71.6352, -38.48787 ], [ -71.63535, -38.48755 ], [ -71.6357, -38.48713 ], [ -71.63641, -38.48684 ], [ -71.63658, -38.4866 ], [ -71.63699, -38.48537 ], [ -71.6373, -38.48491 ], [ -71.63726, -38.48457 ], [ -71.63773, -38.48363 ], [ -71.63769, -38.48273 ], [ -71.63787, -38.48183 ], [ -71.63801, -38.48024 ], [ -71.63773, -38.47897 ], [ -71.63759, -38.47865 ], [ -71.63725, -38.47799 ], [ -71.63682, -38.47761 ], [ -71.63629, -38.4769 ], [ -71.63631, -38.47653 ], [ -71.63648, -38.47634 ], [ -71.63655, -38.47607 ], [ -71.63652, -38.47559 ], [ -71.63624, -38.47499 ], [ -71.63628, -38.47477 ], [ -71.63727, -38.47401 ], [ -71.63719, -38.47371 ], [ -71.6366, -38.47343 ], [ -71.63734, -38.47244 ], [ -71.63769, -38.47236 ], [ -71.63818, -38.47249 ], [ -71.63852, -38.47231 ], [ -71.63856, -38.47219 ], [ -71.63825, -38.4713 ], [ -71.63825, -38.4712 ], [ -71.6385, -38.47093 ], [ -71.64056, -38.47039 ], [ -71.64178, -38.4704 ], [ -71.64261, -38.47054 ], [ -71.64351, -38.47043 ], [ -71.64399, -38.4706 ], [ -71.64526, -38.47138 ], [ -71.64619, -38.47246 ], [ -71.6468, -38.47284 ], [ -71.64706, -38.47274 ], [ -71.64715, -38.47229 ], [ -71.64739, -38.47225 ], [ -71.64826, -38.47274 ], [ -71.64869, -38.47283 ], [ -71.64975, -38.4727 ], [ -71.65055, -38.47286 ], [ -71.65129, -38.47274 ], [ -71.65234, -38.47293 ], [ -71.6536, -38.47302 ] ] } },
{ "type": "Feature", "properties": { "osm_id": 186648821, "nombre": "Río Blanco", "tipo": "river", "volcan_codigo": "LON", "volcan_nombre": "Lonquimay", "drena_volcan": true }, "geometry": { "type": "LineString", "coordinates": [ [ -71.68361, -38.54458 ], [ -71.68484, -38.54466 ], [ -71.686, -38.54493 ], [ -71.68611, -38.54522 ], [ -71.6865, -38.54558 ], [ -71.68737, -38.54594 ], [ -71.68776, -38.54616 ], [ -71.68825, -38.54661 ], [ -71.68857, -38.54668 ], [ -71.69052, -38.54687 ], [ -71.69166, -38.54605 ], [ -71.69201, -38.54602 ], [ -71.69251, -38.54617 ], [ -71.6935, -38.54648 ], [ -71.69451, -38.54707 ], [ -71.69536, -38.54744 ], [ -71.6961, -38.54814 ], [ -71.69643, -38.54831 ], [ -71.69861, -38.54904 ], [ -71.69903, -38.54888 ], [ -71.7, -38.54877 ], [ -71.70061, -38.54905 ], [ -71.70119, -38.54917 ], [ -71.70183, -38.54916 ], [ -71.7029, -38.54899 ], [ -71.70413, -38.5493 ], [ -71.70439, -38.54919 ], [ -71.70531, -38.54839 ], [ -71.70658, -38.54791 ], [ -71.70711, -38.54796 ], [ -71.70888, -38.54875 ], [ -71.71026, -38.54893 ], [ -71.71057, -38.54872 ], [ -71.71122, -38.54751 ], [ -71.71152, -38.54725 ], [ -71.71202, -38.54701 ], [ -71.71301, -38.54671 ], [ -71.7141, -38.54617 ], [ -71.71484, -38.54604 ], [ -71.71693, -38.54619 ], [ -71.71843, -38.54649 ], [ -71.71882, -38.54647 ], [ -71.72009, -38.54602 ], [ -71.72304, -38.54578 ], [ -71.72364, -38.54566 ], [ -71.72508, -38.54505 ], [ -71.72614, -38.54502 ], [ -71.72794, -38.5452 ], [ -71.72939, -38.5455 ], [ -71.73371, -38.54613 ], [ -71.73441, -38.54606 ], [ -71.73483, -38.54592 ], [ -71.73534, -38.54566 ], [ -71.73577, -38.54529 ], [ -71.73626, -38.54502 ], [ -71.7374, -38.54535 ], [ -71.73831, -38.54538 ], [ -71.73904, -38.54531 ], [ -71.74312, -38.54373 ], [ -71.74388, -38.54317 ], [ -71.74443, -38.54319 ], [ -71.74639, -38.54256 ], [ -71.74877, -38.54123 ], [ -71.75048, -38.54092 ], [ -71.75165, -38.54096 ], [ -71.75223, -38.54088 ], [ -71.75405, -38.54024 ], [ -71.75531, -38.54006 ], [ -71.7562, -38.53978 ], [ -71.758, -38.53964 ], [ -71.75888, -38.53917 ], [ -71.75939, -38.53866 ], [ -71.76001, -38.53847 ], [ -71.76055, -38.53839 ], [ -71.76241, -38.53847 ], [ -71.76416, -38.53796 ], [ -71.76471, -38.53794 ], [ -71.76658, -38.53809 ], [ -71.76697, -38.53819 ], [ -71.76785, -38.53866 ], [ -71.76861, -38.5388 ], [ -71.76934, -38.53882 ], [ -71.77034, -38.53862 ], [ -71.77072, -38.5387 ], [ -71.77127, -38.53865 ], [ -71.77296, -38.53907 ], [ -71.77371, -38.5394 ], [ -71.77398, -38.53944 ], [ -71.77481, -38.53928 ], [ -71.77637, -38.53969 ], [ -71.7781, -38.53987 ], [ -71.77851, -38.54013 ], [ -71.77864, -38.54086 ], [ -71.77894, -38.54118 ], [ -71.78088, -38.54146 ], [ -71.78147, -38.54165 ], [ -71.78356, -38.54174 ], [ -71.7846, -38.54207 ], [ -71.78627, -38.54301 ], [ -71.78799, -38.54316 ], [ -71.78879, -38.54332 ], [ -71.78892, -38.54321 ], [ -71.78883, -38.54279 ], [ -71.78886, -38.54246 ], [ -71.78913, -38.54189 ], [ -71.78951, -38.54177 ], [ -71.78994, -38.54188 ], [ -71.79037, -38.54188 ], [ -71.79074, -38.54176 ], [ -71.79088, -38.54145 ], [ -71.7908, -38.54105 ], [ -71.79049, -38.54066 ], [ -71.78959, -38.53991 ], [ -71.78947, -38.53937 ], [ -71.7895, -38.53903 ], [ -71.78969, -38.53865 ], [ -71.79003, -38.5385 ], [ -71.79053, -38.53846 ], [ -71.79206, -38.5388 ], [ -71.7924, -38.53877 ], [ -71.79283, -38.53845 ], [ -71.79314, -38.53801 ], [ -71.79332, -38.53734 ], [ -71.79359, -38.53677 ], [ -71.79429, -38.53652 ], [ -71.79491, -38.53571 ], [ -71.79516, -38.53552 ], [ -71.79554, -38.53538 ], [ -71.79593, -38.53544 ], [ -71.79618, -38.53573 ], [ -71.79628, -38.53604 ], [ -71.79626, -38.53636 ], [ -71.7952, -38.53699 ], [ -71.7955, -38.53727 ], [ -71.79614, -38.53736 ], [ -71.79687, -38.53727 ], [ -71.7993, -38.53748 ], [ -71.80053, -38.53767 ], [ -71.80117, -38.53801 ], [ -71.80205, -38.53869 ], [ -71.80264, -38.53899 ], [ -71.80325, -38.53904 ], [ -71.80446, -38.53841 ], [ -71.80564, -38.53757 ], [ -71.80576, -38.53719 ], [ -71.80556, -38.53686 ], [ -71.80554, -38.53648 ], [ -71.80559, -38.53625 ], [ -71.80592, -38.53608 ], [ -71.80672, -38.53591 ], [ -71.80706, -38.53593 ], [ -71.8079, -38.53645 ], [ -71.80858, -38.53673 ], [ -71.80889, -38.53677 ], [ -71.80923, -38.53674 ], [ -71.80967, -38.53648 ], [ -71.80985, -38.53619 ], [ -71.80988, -38.53594 ], [ -71.8096, -38.53503 ], [ -71.8097, -38.53478 ], [ -71.81067, -38.53431 ], [ -71.81147, -38.53354 ], [ -71.8116, -38.53317 ], [ -71.81159, -38.53296 ], [ -71.81147, -38.53284 ], [ -71.81062, -38.53263 ], [ -71.81026, -38.53236 ], [ -71.81013, -38.53152 ], [ -71.81019, -38.53122 ], [ -71.81064, -38.53087 ], [ -71.81155, -38.53058 ], [ -71.81297, -38.52967 ], [ -71.81317, -38.52904 ], [ -71.81335, -38.52882 ], [ -71.81371, -38.52859 ], [ -71.81435, -38.52836 ], [ -71.81459, -38.52815 ], [ -71.8147, -38.52794 ], [ -71.81466, -38.52753 ], [ -71.81475, -38.52718 ], [ -71.81502, -38.52695 ], [ -71.81537, -38.52685 ], [ -71.81643, -38.52691 ], [ -71.81677, -38.52682 ], [ -71.8173, -38.52652 ], [ -71.81758, -38.52648 ], [ -71.8179, -38.52653 ], [ -71.81907, -38.527 ], [ -71.81948, -38.52699 ], [ -71.81984, -38.52689 ], [ -71.82052, -38.52641 ], [ -71.82087, -38.52626 ], [ -71.82123, -38.5263 ], [ -71.82239, -38.52668 ], [ -71.82301, -38.52665 ], [ -71.82348, -38.52651 ], [ -71.82457, -38.5259 ], [ -71.82486, -38.52565 ], [ -71.82568, -38.52548 ], [ -71.82612, -38.52549 ], [ -71.82708, -38.52583 ], [ -71.82737, -38.52585 ], [ -71.82829, -38.5255 ], [ -71.82912, -38.52479 ], [ -71.82955, -38.52461 ], [ -71.83009, -38.52451 ], [ -71.83046, -38.52433 ], [ -71.83085, -38.52399 ], [ -71.83178, -38.52272 ], [ -71.83222, -38.52245 ], [ -71.8329, -38.52182 ], [ -71.83358, -38.5215 ], [ -71.83399, -38.52138 ], [ -71.83566, -38.52127 ], [ -71.83689, -38.52134 ], [ -71.83796, -38.52108 ], [ -71.83883, -38.52153 ], [ -71.83905, -38.52154 ], [ -71.83945, -38.52137 ], [ -71.83962, -38.52112 ], [ -71.83966, -38.52057 ], [ -71.83933, -38.51968 ], [ -71.83948, -38.51907 ], [ -71.83934, -38.51863 ], [ -71.83906, -38.51851 ], [ -71.838, -38.51874 ], [ -71.8377, -38.51876 ], [ -71.83744, -38.51867 ], [ -71.83642, -38.51808 ], [ -71.83575, -38.51757 ], [ -71.83559, -38.5172 ], [ -71.83566, -38.51671 ], [ -71.83617, -38.51599 ], [ -71.83691, -38.51551 ], [ -71.83962, -38.51475 ], [ -71.84027, -38.51442 ], [ -71.84062, -38.51416 ], [ -71.84099, -38.51326 ], [ -71.84187, -38.51202 ], [ -71.84214, -38.51171 ], [ -71.84356, -38.5107 ], [ -71.84392, -38.51023 ], [ -71.84426, -38.50947 ], [ -71.84408, -38.50891 ], [ -71.84425, -38.5083 ], [ -71.84517, -38.50725 ], [ -71.84558, -38.50638 ], [ -71.84567, -38.50575 ], [ -71.84565, -38.50494 ], [ -71.84579, -38.50447 ], [ -71.84622, -38.50414 ], [ -71.84689, -38.50345 ], [ -71.8476, -38.50291 ], [ -71.84766, -38.50276 ], [ -71.84758, -38.50252 ], [ -71.84648, -38.50163 ], [ -71.84655, -38.50142 ], [ -71.84695, -38.50094 ], [ -71.84695, -38.50062 ], [ -71.84655, -38.50011 ], [ -71.84552, -38.49953 ], [ -71.84526, -38.49917 ], [ -71.84523, -38.49895 ] ] } },
{ "type": "Feature", "properties": { "osm_id": 190997679, "nombre": "Río Cautín", "tipo": "river", "volcan_codigo": "LON", "volcan_nombre": "Lonquimay", "drena_volcan": true }, "geometry": { "type": "LineString", "coordinates": [ [ -71.5708, -38.47648 ], [ -71.57119, -38.47664 ], [ -71.57155, -38.47707 ], [ -71.57259, -38.47715 ], [ -71.57304, -38.47728 ] ] } },
{ "type": "Feature", "properties": { "osm_id": 191634544, "nombre": "Estero Lancoino", "tipo": "stream", "volcan_codigo": "LON", "volcan_nombre": "Lonquimay", "drena_volcan": false }, "geometry": { "type": "LineString", "coordinates": [ [ -71.55876, -38.57585 ], [ -71.55794, -38.57551 ], [ -71.55781, -38.57513 ], [ -71.55733, -38.57481 ], [ -71.55714, -38.57457 ], [ -71.55708, -38.57403 ], [ -71.55694, -38.57391 ], [ -71.55644, -38.57377 ], [ -71.55641, -38.57362 ], [ -71.55619, -38.57341 ], [ -71.55615, -38.57297 ], [ -71.55594, -38.57283 ], [ -71.55587, -38.57268 ], [ -71.55538, -38.57257 ], [ -71.55485, -38.57266 ], [ -71.55469, -38.57257 ], [ -71.55457, -38.57156 ], [ -71.55418, -38.57142 ], [ -71.55402, -38.5712 ], [ -71.55406, -38.57097 ], [ -71.55317, -38.57041 ], [ -71.55308, -38.56965 ], [ -71.55249, -38.56928 ], [ -71.55241, -38.56907 ], [ -71.55252, -38.56886 ], [ -71.55249, -38.56868 ], [ -71.55167, -38.56836 ], [ -71.55147, -38.56799 ], [ -71.55113, -38.56786 ], [ -71.55103, -38.5676 ], [ -71.55045, -38.56736 ], [ -71.55034, -38.56714 ], [ -71.55009, -38.567 ], [ -71.55, -38.56684 ], [ -71.55006, -38.56659 ], [ -71.54998, -38.5664 ], [ -71.54999, -38.56611 ], [ -71.54986, -38.56586 ], [ -71.54986, -38.56558 ], [ -71.54942, -38.56534 ], [ -71.54931, -38.5652 ], [ -71.54926, -38.56509 ], [ -71.5493, -38.56464 ], [ -71.54894, -38.5642 ], [ -71.54797, -38.56376 ], [ -71.54782, -38.56339 ], [ -71.54757, -38.5632 ], [ -71.54743, -38.56297 ], [ -71.54687, -38.56294 ], [ -71.54612, -38.56262 ], [ -71.5455, -38.56265 ], [ -71.54516, -38.56247 ], [ -71.54477, -38.5621 ], [ -71.54454, -38.56205 ], [ -71.54389, -38.56212 ], [ -71.54341, -38.5617 ], [ -71.54285, -38.56171 ], [ -71.54223, -38.56183 ], [ -71.54169, -38.56154 ], [ -71.54106, -38.56155 ], [ -71.54062, -38.56135 ], [ -71.53977, -38.56125 ], [ -71.53925, -38.56103 ], [ -71.538, -38.56101 ], [ -71.53744, -38.56071 ], [ -71.53709, -38.56061 ], [ -71.53621, -38.56067 ], [ -71.53562, -38.56061 ], [ -71.5354, -38.56075 ], [ -71.53518, -38.56107 ], [ -71.53494, -38.56117 ], [ -71.53394, -38.56099 ], [ -71.53309, -38.56131 ], [ -71.53223, -38.56122 ], [ -71.53104, -38.56084 ], [ -71.52972, -38.56091 ], [ -71.52906, -38.56047 ], [ -71.52882, -38.56043 ], [ -71.52783, -38.5607 ], [ -71.52595, -38.56097 ], [ -71.52544, -38.56084 ], [ -71.52499, -38.56061 ], [ -71.52435, -38.56057 ], [ -71.52384, -38.56039 ], [ -71.5225, -38.56012 ], [ -71.52189, -38.55974 ], [ -71.52124, -38.55982 ], [ -71.52071, -38.55951 ], [ -71.51939, -38.55935 ], [ -71.51901, -38.55908 ], [ -71.51816, -38.55882 ], [ -71.51708, -38.55825 ], [ -71.51698, -38.55797 ], [ -71.51661, -38.55786 ], [ -71.51616, -38.55742 ], [ -71.51597, -38.55734 ], [ -71.51532, -38.55732 ], [ -71.51479, -38.55705 ], [ -71.51389, -38.55682 ], [ -71.51259, -38.55674 ], [ -71.51183, -38.5565 ], [ -71.51094, -38.5564 ], [ -71.51018, -38.55622 ], [ -71.50922, -38.55621 ], [ -71.50845, -38.55636 ], [ -71.50786, -38.55637 ], [ -71.50742, -38.55651 ], [ -71.50688, -38.55632 ], [ -71.50606, -38.5563 ], [ -71.50549, -38.55645 ], [ -71.50463, -38.55631 ], [ -71.50312, -38.55634 ], [ -71.50257, -38.5562 ], [ -71.50194, -38.55632 ], [ -71.50181, -38.5562 ], [ -71.50173, -38.55589 ], [ -71.50152, -38.55578 ], [ -71.50028, -38.55577 ], [ -71.49992, -38.55587 ], [ -71.49945, -38.55669 ], [ -71.49899, -38.5572 ], [ -71.49899, -38.55737 ], [ -71.49926, -38.55796 ], [ -71.49929, -38.55826 ], [ -71.49903, -38.55913 ], [ -71.49854, -38.55935 ], [ -71.49844, -38.5595 ], [ -71.49831, -38.55977 ], [ -71.49821, -38.56043 ], [ -71.49808, -38.56062 ], [ -71.49759, -38.56095 ], [ -71.49711, -38.56145 ], [ -71.49615, -38.56222 ], [ -71.49571, -38.56282 ], [ -71.49541, -38.5637 ], [ -71.49509, -38.56423 ], [ -71.49412, -38.56479 ], [ -71.49385, -38.56531 ], [ -71.49376, -38.56611 ], [ -71.49362, -38.56635 ] ] } },
{ "type": "Feature", "properties": { "osm_id": 191634545, "nombre": "Río Lonquimay", "tipo": "river", "volcan_codigo": "LON", "volcan_nombre": "Lonquimay", "drena_volcan": false }, "geometry": { "type": "LineString", "coordinates": [ [ -71.56943, -38.6087 ], [ -71.5648, -38.61105 ], [ -71.56342, -38.61266 ], [ -71.56068, -38.61487 ], [ -71.56008, -38.61561 ], [ -71.55956, -38.61655 ], [ -71.55793, -38.61762 ], [ -71.5557, -38.61876 ], [ -71.55458, -38.61889 ], [ -71.55381, -38.61876 ], [ -71.55261, -38.61836 ], [ -71.55089, -38.61795 ], [ -71.54823, -38.61782 ], [ -71.54746, -38.61762 ], [ -71.54634, -38.61762 ], [ -71.54514, -38.61775 ], [ -71.54411, -38.61769 ], [ -71.54317, -38.61795 ], [ -71.54188, -38.61856 ], [ -71.54059, -38.61963 ], [ -71.53973, -38.61983 ], [ -71.53905, -38.6205 ], [ -71.53828, -38.62111 ], [ -71.53742, -38.62144 ], [ -71.53673, -38.62191 ], [ -71.53553, -38.62332 ], [ -71.53356, -38.62426 ], [ -71.53278, -38.62453 ], [ -71.5315, -38.62473 ], [ -71.53072, -38.62446 ], [ -71.52832, -38.62399 ], [ -71.52677, -38.62439 ], [ -71.52574, -38.62439 ], [ -71.52257, -38.62473 ], [ -71.51974, -38.62479 ], [ -71.51819, -38.6252 ], [ -71.51708, -38.6258 ], [ -71.51167, -38.62667 ], [ -71.50961, -38.6264 ], [ -71.50841, -38.62647 ], [ -71.50738, -38.62701 ], [ -71.50649, -38.6276 ], [ -71.50503, -38.6276 ], [ -71.50426, -38.62774 ], [ -71.50297, -38.62774 ], [ -71.5022, -38.62814 ], [ -71.50142, -38.62908 ], [ -71.50031, -38.62975 ], [ -71.49902, -38.63028 ], [ -71.4973, -38.63075 ], [ -71.49636, -38.63115 ], [ -71.49464, -38.63156 ], [ -71.4937, -38.63142 ], [ -71.49276, -38.63115 ], [ -71.49112, -38.63109 ], [ -71.49009, -38.63095 ], [ -71.48924, -38.63069 ], [ -71.48778, -38.63048 ], [ -71.4858, -38.62975 ], [ -71.48426, -38.62941 ], [ -71.4834, -38.62908 ], [ -71.48254, -38.62887 ], [ -71.48065, -38.62807 ], [ -71.47997, -38.6274 ], [ -71.47825, -38.62485 ], [ -71.47791, -38.62411 ], [ -71.47739, -38.62351 ], [ -71.4761, -38.62257 ], [ -71.47379, -38.62204 ], [ -71.47319, -38.6217 ], [ -71.47216, -38.62136 ], [ -71.47164, -38.62096 ], [ -71.47138, -38.62056 ], [ -71.4713, -38.62009 ], [ -71.47138, -38.61969 ], [ -71.47086, -38.61922 ], [ -71.47036, -38.61901 ], [ -71.47021, -38.61883 ], [ -71.47009, -38.61867 ], [ -71.46994, -38.61782 ], [ -71.46973, -38.61766 ], [ -71.46896, -38.61771 ], [ -71.46745, -38.61802 ], [ -71.46689, -38.61803 ], [ -71.46646, -38.61793 ], [ -71.46609, -38.6177 ], [ -71.46593, -38.61749 ], [ -71.46598, -38.61732 ], [ -71.46707, -38.61652 ], [ -71.46733, -38.6161 ], [ -71.46725, -38.61589 ], [ -71.46675, -38.61541 ], [ -71.46617, -38.61515 ], [ -71.46589, -38.61494 ], [ -71.46553, -38.6137 ], [ -71.4652, -38.61325 ], [ -71.46459, -38.61299 ], [ -71.46425, -38.61301 ], [ -71.4639, -38.61312 ], [ -71.46333, -38.61358 ], [ -71.46285, -38.6136 ], [ -71.46247, -38.61334 ], [ -71.46191, -38.61265 ], [ -71.46117, -38.61248 ], [ -71.46098, -38.61234 ], [ -71.46102, -38.61202 ], [ -71.46146, -38.61183 ], [ -71.46251, -38.61108 ], [ -71.46264, -38.61056 ], [ -71.4626, -38.61037 ], [ -71.46207, -38.60978 ], [ -71.46168, -38.60957 ], [ -71.46137, -38.60952 ], [ -71.46066, -38.60971 ], [ -71.46046, -38.60967 ], [ -71.46031, -38.60897 ], [ -71.45989, -38.60794 ], [ -71.45968, -38.60772 ], [ -71.45926, -38.60766 ], [ -71.45866, -38.60782 ], [ -71.45833, -38.60777 ], [ -71.45796, -38.60757 ], [ -71.45776, -38.60731 ], [ -71.4577, -38.60615 ], [ -71.45785, -38.60575 ], [ -71.45805, -38.60553 ], [ -71.45806, -38.6053 ], [ -71.45734, -38.60456 ], [ -71.4573, -38.60438 ], [ -71.45744, -38.60421 ], [ -71.45847, -38.60388 ], [ -71.45874, -38.60366 ], [ -71.45828, -38.60291 ], [ -71.45811, -38.60277 ], [ -71.45784, -38.60272 ], [ -71.45711, -38.60288 ], [ -71.45687, -38.60265 ], [ -71.4568, -38.60239 ], [ -71.45681, -38.60175 ], [ -71.45704, -38.59997 ], [ -71.45692, -38.5995 ], [ -71.45683, -38.59938 ], [ -71.4559, -38.59946 ], [ -71.45567, -38.59936 ], [ -71.45585, -38.59838 ], [ -71.45585, -38.59783 ], [ -71.45577, -38.5976 ], [ -71.45551, -38.59753 ], [ -71.45519, -38.59773 ], [ -71.45465, -38.59719 ], [ -71.45449, -38.59692 ], [ -71.45459, -38.59675 ], [ -71.45533, -38.59654 ], [ -71.4558, -38.59626 ], [ -71.45602, -38.59588 ], [ -71.45609, -38.59556 ], [ -71.45609, -38.59539 ], [ -71.45593, -38.59513 ], [ -71.45554, -38.59491 ], [ -71.4547, -38.59462 ], [ -71.45443, -38.59445 ], [ -71.45427, -38.59422 ], [ -71.45431, -38.59391 ], [ -71.45446, -38.5937 ], [ -71.45505, -38.59331 ], [ -71.45537, -38.59284 ], [ -71.45494, -38.59152 ], [ -71.45424, -38.59081 ], [ -71.45393, -38.59013 ], [ -71.45166, -38.58801 ], [ -71.45176, -38.58749 ], [ -71.45163, -38.58681 ], [ -71.45169, -38.58635 ], [ -71.452, -38.58595 ], [ -71.45268, -38.58535 ], [ -71.45287, -38.58508 ], [ -71.45289, -38.58477 ], [ -71.45272, -38.58453 ], [ -71.45202, -38.584 ], [ -71.45164, -38.58345 ], [ -71.45111, -38.58311 ], [ -71.4502, -38.58271 ], [ -71.45001, -38.58246 ], [ -71.44993, -38.5819 ], [ -71.45032, -38.58053 ], [ -71.45036, -38.57877 ], [ -71.45028, -38.57816 ], [ -71.45049, -38.57762 ], [ -71.45048, -38.57717 ], [ -71.45016, -38.57659 ], [ -71.44939, -38.57606 ], [ -71.44909, -38.57551 ], [ -71.44889, -38.57528 ], [ -71.44851, -38.57505 ], [ -71.44777, -38.57502 ], [ -71.44728, -38.57518 ], [ -71.44694, -38.57507 ], [ -71.44661, -38.57461 ], [ -71.44628, -38.57397 ], [ -71.44622, -38.57354 ], [ -71.44586, -38.57278 ], [ -71.44495, -38.57217 ], [ -71.4448, -38.57187 ], [ -71.44481, -38.57163 ], [ -71.44503, -38.57116 ], [ -71.44455, -38.57052 ], [ -71.44424, -38.57024 ], [ -71.44346, -38.5698 ], [ -71.4428, -38.56919 ], [ -71.44265, -38.56913 ], [ -71.44193, -38.56914 ], [ -71.44025, -38.56864 ], [ -71.44008, -38.56848 ], [ -71.43923, -38.56659 ], [ -71.43897, -38.56635 ], [ -71.43823, -38.56594 ], [ -71.4375, -38.56508 ], [ -71.43736, -38.56472 ], [ -71.43738, -38.56433 ], [ -71.43773, -38.56391 ], [ -71.43823, -38.5637 ], [ -71.43838, -38.56349 ], [ -71.43805, -38.56319 ], [ -71.43778, -38.56264 ], [ -71.43698, -38.56219 ], [ -71.43679, -38.56173 ], [ -71.4367, -38.56109 ], [ -71.43576, -38.55949 ], [ -71.43543, -38.55927 ], [ -71.43435, -38.55879 ], [ -71.43374, -38.55823 ], [ -71.43358, -38.55761 ], [ -71.43367, -38.55607 ], [ -71.43327, -38.55512 ], [ -71.43318, -38.55473 ], [ -71.43327, -38.55425 ], [ -71.43359, -38.5536 ], [ -71.43332, -38.55299 ], [ -71.43247, -38.55236 ], [ -71.43186, -38.55205 ], [ -71.42985, -38.55173 ], [ -71.42949, -38.55137 ], [ -71.42912, -38.55118 ], [ -71.42875, -38.55038 ], [ -71.42853, -38.55019 ], [ -71.42815, -38.55009 ], [ -71.42728, -38.55002 ], [ -71.42669, -38.54975 ], [ -71.42643, -38.54939 ], [ -71.42639, -38.54879 ], [ -71.42595, -38.54804 ], [ -71.4252, -38.54716 ], [ -71.42458, -38.54662 ], [ -71.42374, -38.5464 ], [ -71.42343, -38.54651 ], [ -71.42332, -38.54672 ], [ -71.42341, -38.5471 ], [ -71.42336, -38.54789 ], [ -71.42313, -38.54815 ], [ -71.42281, -38.54833 ], [ -71.42233, -38.54832 ], [ -71.42173, -38.54804 ], [ -71.42153, -38.54786 ], [ -71.42133, -38.54759 ], [ -71.4213, -38.54725 ], [ -71.42138, -38.54682 ], [ -71.42162, -38.54628 ], [ -71.42223, -38.54533 ], [ -71.42214, -38.54467 ], [ -71.42178, -38.54393 ], [ -71.42192, -38.54353 ], [ -71.42235, -38.54336 ], [ -71.42283, -38.54351 ], [ -71.42309, -38.54349 ], [ -71.42435, -38.54311 ], [ -71.4245, -38.54283 ], [ -71.4243, -38.54214 ], [ -71.42413, -38.54193 ], [ -71.42324, -38.54159 ], [ -71.42277, -38.54118 ], [ -71.42248, -38.5407 ], [ -71.42237, -38.54006 ], [ -71.42206, -38.53976 ], [ -71.42147, -38.53959 ], [ -71.42129, -38.53965 ], [ -71.42115, -38.54004 ], [ -71.4211, -38.5412 ], [ -71.42061, -38.54129 ], [ -71.4203, -38.54114 ], [ -71.42002, -38.54047 ], [ -71.42043, -38.53879 ], [ -71.42089, -38.53772 ], [ -71.42084, -38.53751 ], [ -71.42059, -38.53738 ] ] } },
{ "type": "Feature", "properties": { "osm_id": 196548271, "nombre": "Estero Huemul", "tipo": "river", "volcan_codigo": "LON", "volcan_nombre": "Lonquimay", "drena_volcan": false }, "geometry": { "type": "LineString", "coordinates": [ [ -71.37397, -38.63918 ], [ -71.37415, -38.63926 ], [ -71.37404, -38.64003 ], [ -71.37414, -38.64027 ], [ -71.3744, -38.64046 ], [ -71.37536, -38.64046 ], [ -71.37543, -38.6406 ], [ -71.3753, -38.64101 ], [ -71.3756, -38.64093 ], [ -71.37571, -38.64076 ], [ -71.37573, -38.64039 ], [ -71.37594, -38.64029 ], [ -71.37663, -38.64034 ], [ -71.37678, -38.64047 ], [ -71.37695, -38.64071 ], [ -71.37694, -38.6411 ], [ -71.37671, -38.64133 ], [ -71.37629, -38.64158 ], [ -71.37618, -38.64181 ], [ -71.37648, -38.64222 ], [ -71.37652, -38.64258 ], [ -71.37667, -38.64265 ], [ -71.3775, -38.64231 ], [ -71.3778, -38.64226 ], [ -71.378, -38.64234 ], [ -71.37816, -38.64262 ], [ -71.37878, -38.64294 ], [ -71.37903, -38.64331 ], [ -71.37921, -38.64334 ], [ -71.37966, -38.64322 ], [ -71.37988, -38.6434 ], [ -71.38015, -38.64408 ], [ -71.3799, -38.64439 ], [ -71.37951, -38.64462 ], [ -71.37783, -38.64523 ], [ -71.37758, -38.64551 ], [ -71.37754, -38.64578 ], [ -71.37818, -38.64694 ], [ -71.37821, -38.64771 ], [ -71.37836, -38.64786 ], [ -71.37908, -38.648 ], [ -71.37932, -38.64862 ], [ -71.3793, -38.64876 ], [ -71.37894, -38.64913 ], [ -71.37895, -38.6493 ], [ -71.37925, -38.64973 ], [ -71.37934, -38.64977 ], [ -71.37958, -38.6497 ], [ -71.37981, -38.64953 ], [ -71.3802, -38.64948 ], [ -71.38028, -38.64956 ], [ -71.38021, -38.65003 ], [ -71.37999, -38.65021 ], [ -71.37933, -38.65045 ], [ -71.37894, -38.65037 ], [ -71.3788, -38.65049 ], [ -71.37875, -38.65153 ], [ -71.37941, -38.65182 ], [ -71.37947, -38.65197 ], [ -71.3794, -38.6521 ], [ -71.37886, -38.65229 ], [ -71.37907, -38.65258 ], [ -71.37968, -38.65291 ], [ -71.37988, -38.65293 ], [ -71.38006, -38.65274 ], [ -71.38007, -38.65251 ], [ -71.3803, -38.65241 ], [ -71.38054, -38.65248 ], [ -71.38072, -38.65264 ], [ -71.38086, -38.65306 ], [ -71.38045, -38.65336 ], [ -71.37986, -38.65356 ], [ -71.38009, -38.65396 ], [ -71.38095, -38.65458 ], [ -71.38191, -38.65498 ], [ -71.38209, -38.65514 ], [ -71.38223, -38.65559 ], [ -71.38271, -38.65612 ], [ -71.3829, -38.65622 ], [ -71.3836, -38.65616 ], [ -71.38381, -38.65622 ], [ -71.38384, -38.65636 ], [ -71.38311, -38.65664 ], [ -71.38318, -38.65712 ], [ -71.38314, -38.65763 ], [ -71.38291, -38.6579 ], [ -71.38293, -38.65809 ], [ -71.38313, -38.65812 ], [ -71.38352, -38.65791 ], [ -71.384, -38.65747 ], [ -71.38431, -38.65736 ], [ -71.3845, -38.65747 ], [ -71.38469, -38.65782 ], [ -71.38462, -38.658 ], [ -71.38386, -38.65851 ], [ -71.38359, -38.65879 ], [ -71.38371, -38.65952 ], [ -71.3838, -38.65968 ], [ -71.38366, -38.65986 ], [ -71.38273, -38.66048 ], [ -71.38257, -38.66093 ], [ -71.38314, -38.66145 ], [ -71.38375, -38.66152 ], [ -71.38487, -38.66146 ], [ -71.38544, -38.66167 ], [ -71.3858, -38.66219 ], [ -71.38569, -38.66232 ], [ -71.385, -38.66253 ], [ -71.38493, -38.66267 ], [ -71.3854, -38.66286 ], [ -71.38647, -38.66301 ], [ -71.38744, -38.6626 ], [ -71.38788, -38.66261 ], [ -71.38833, -38.66302 ], [ -71.38852, -38.66306 ], [ -71.38874, -38.66296 ], [ -71.38883, -38.66303 ], [ -71.38856, -38.66341 ], [ -71.38853, -38.66379 ], [ -71.3884, -38.66404 ], [ -71.38803, -38.66435 ], [ -71.38804, -38.66449 ], [ -71.38796, -38.66457 ], [ -71.38749, -38.66487 ], [ -71.38765, -38.66502 ], [ -71.38796, -38.66508 ], [ -71.3883, -38.66557 ], [ -71.38802, -38.66597 ], [ -71.38788, -38.66679 ], [ -71.3877, -38.66696 ], [ -71.38752, -38.66701 ], [ -71.38731, -38.66732 ], [ -71.38714, -38.66732 ] ] } },
{ "type": "Feature", "properties": { "osm_id": 196548293, "nombre": "Estero Huemul", "tipo": "river", "volcan_codigo": "LON", "volcan_nombre": "Lonquimay", "drena_volcan": false }, "geometry": { "type": "LineString", "coordinates": [ [ -71.38035, -38.60752 ], [ -71.38063, -38.60757 ], [ -71.3811, -38.60788 ], [ -71.38103, -38.60819 ], [ -71.38115, -38.60833 ], [ -71.38105, -38.60866 ], [ -71.38124, -38.60874 ], [ -71.38164, -38.60863 ], [ -71.38198, -38.60886 ], [ -71.3817, -38.60934 ], [ -71.38164, -38.6096 ], [ -71.3814, -38.6097 ], [ -71.38138, -38.60985 ], [ -71.38163, -38.61005 ], [ -71.38156, -38.61016 ], [ -71.38106, -38.61032 ], [ -71.38106, -38.61042 ], [ -71.3813, -38.61064 ], [ -71.38135, -38.61078 ], [ -71.38119, -38.61112 ], [ -71.38157, -38.61152 ], [ -71.38146, -38.61196 ], [ -71.38184, -38.61214 ], [ -71.382, -38.61247 ], [ -71.38198, -38.61263 ], [ -71.38163, -38.61332 ], [ -71.38101, -38.61332 ], [ -71.38096, -38.61345 ], [ -71.38111, -38.6137 ], [ -71.38195, -38.61367 ], [ -71.3822, -38.61381 ], [ -71.38176, -38.61427 ], [ -71.38172, -38.6145 ], [ -71.3822, -38.61474 ], [ -71.38227, -38.6149 ], [ -71.38213, -38.6151 ], [ -71.38152, -38.61528 ], [ -71.38145, -38.61536 ], [ -71.38141, -38.61554 ], [ -71.38155, -38.61578 ], [ -71.38151, -38.61623 ], [ -71.38139, -38.61625 ], [ -71.38098, -38.61604 ], [ -71.38074, -38.61624 ], [ -71.3806, -38.61683 ], [ -71.3805, -38.61695 ], [ -71.38035, -38.6169 ], [ -71.3799, -38.6165 ], [ -71.37974, -38.61695 ], [ -71.38004, -38.61721 ], [ -71.38001, -38.6173 ], [ -71.37951, -38.61741 ], [ -71.37925, -38.61774 ], [ -71.3785, -38.61778 ], [ -71.37827, -38.61801 ], [ -71.37802, -38.61851 ], [ -71.3777, -38.61869 ], [ -71.3774, -38.61905 ], [ -71.3762, -38.62001 ], [ -71.37604, -38.62027 ], [ -71.37595, -38.62052 ], [ -71.37602, -38.62151 ], [ -71.3758, -38.6219 ], [ -71.37608, -38.62233 ], [ -71.37593, -38.62271 ], [ -71.37565, -38.6229 ], [ -71.37557, -38.62305 ], [ -71.376, -38.62344 ], [ -71.37583, -38.62369 ], [ -71.37621, -38.62396 ], [ -71.37626, -38.62414 ], [ -71.37607, -38.62454 ], [ -71.37611, -38.62467 ], [ -71.37675, -38.62492 ], [ -71.37675, -38.62531 ], [ -71.37649, -38.62564 ], [ -71.37662, -38.62587 ], [ -71.37659, -38.62602 ], [ -71.37679, -38.62616 ], [ -71.37638, -38.62631 ], [ -71.37588, -38.62633 ], [ -71.37574, -38.62644 ], [ -71.37533, -38.62655 ], [ -71.37478, -38.62651 ], [ -71.37448, -38.6266 ], [ -71.3744, -38.62672 ], [ -71.37453, -38.62695 ], [ -71.37479, -38.62702 ], [ -71.37609, -38.62708 ], [ -71.37641, -38.62717 ], [ -71.37661, -38.62725 ], [ -71.37682, -38.62751 ], [ -71.37662, -38.62804 ], [ -71.37622, -38.62822 ], [ -71.37559, -38.62822 ], [ -71.37492, -38.62792 ], [ -71.37413, -38.62775 ], [ -71.37386, -38.62782 ], [ -71.37373, -38.62799 ], [ -71.37372, -38.6283 ], [ -71.3732, -38.62886 ], [ -71.3731, -38.62914 ], [ -71.37316, -38.62931 ], [ -71.37337, -38.62961 ], [ -71.3737, -38.62975 ], [ -71.37424, -38.6294 ], [ -71.37461, -38.62942 ], [ -71.37518, -38.62959 ], [ -71.37526, -38.62974 ], [ -71.3745, -38.63038 ], [ -71.3745, -38.63047 ], [ -71.37494, -38.63063 ], [ -71.37507, -38.63088 ], [ -71.37468, -38.63099 ], [ -71.37417, -38.63091 ], [ -71.37396, -38.63102 ], [ -71.3744, -38.63138 ], [ -71.3744, -38.63149 ], [ -71.37427, -38.63161 ], [ -71.37371, -38.63167 ], [ -71.37346, -38.63158 ], [ -71.37299, -38.63123 ], [ -71.37239, -38.63156 ], [ -71.3723, -38.63177 ], [ -71.37269, -38.63208 ], [ -71.37268, -38.63221 ], [ -71.37211, -38.63269 ], [ -71.37205, -38.63289 ], [ -71.37261, -38.63362 ], [ -71.37294, -38.63376 ], [ -71.37297, -38.63386 ], [ -71.37252, -38.63411 ], [ -71.37161, -38.63408 ], [ -71.37147, -38.63419 ], [ -71.37153, -38.63446 ], [ -71.37197, -38.63484 ], [ -71.37239, -38.63489 ], [ -71.3733, -38.63473 ], [ -71.37347, -38.63482 ], [ -71.37374, -38.6352 ], [ -71.37379, -38.63533 ], [ -71.37344, -38.63548 ], [ -71.37314, -38.63552 ], [ -71.37279, -38.63531 ], [ -71.37217, -38.63542 ], [ -71.37205, -38.63553 ], [ -71.37198, -38.63577 ], [ -71.37244, -38.63621 ], [ -71.37314, -38.63638 ], [ -71.37329, -38.63704 ], [ -71.37323, -38.63773 ], [ -71.37332, -38.63799 ], [ -71.37283, -38.63819 ], [ -71.37266, -38.63836 ], [ -71.37279, -38.63853 ], [ -71.37301, -38.6386 ], [ -71.3731, -38.63879 ], [ -71.37324, -38.63885 ], [ -71.37357, -38.63929 ], [ -71.37383, -38.63929 ], [ -71.37397, -38.63918 ] ] } },
{ "type": "Feature", "properties": { "osm_id": 196591749, "nombre": "Río Naranjo", "tipo": "river", "volcan_codigo": "LON", "volcan_nombre": "Lonquimay", "drena_volcan": false }, "geometry": { "type": "LineString", "coordinates": [ [ -71.37519, -38.43077 ], [ -71.37446, -38.43167 ], [ -71.37435, -38.43193 ], [ -71.37452, -38.43243 ], [ -71.37444, -38.43265 ], [ -71.37324, -38.4335 ], [ -71.37262, -38.43408 ], [ -71.37152, -38.43446 ], [ -71.36974, -38.4355 ], [ -71.36901, -38.43623 ], [ -71.36828, -38.43749 ], [ -71.36772, -38.43801 ], [ -71.36658, -38.44129 ], [ -71.3662, -38.44283 ], [ -71.36629, -38.44355 ], [ -71.36655, -38.44422 ], [ -71.36661, -38.44485 ], [ -71.36656, -38.44518 ], [ -71.36615, -38.44601 ], [ -71.3662, -38.4486 ], [ -71.36603, -38.44888 ], [ -71.36478, -38.44952 ], [ -71.36441, -38.45001 ], [ -71.36345, -38.45023 ], [ -71.36294, -38.4512 ], [ -71.36235, -38.45155 ], [ -71.36064, -38.45228 ], [ -71.36013, -38.45263 ], [ -71.3595, -38.45335 ], [ -71.35877, -38.45375 ], [ -71.35899, -38.45421 ], [ -71.35901, -38.45458 ], [ -71.35882, -38.4552 ], [ -71.35845, -38.45545 ], [ -71.35814, -38.45553 ], [ -71.35761, -38.45542 ], [ -71.3566, -38.45562 ], [ -71.35716, -38.45585 ], [ -71.35736, -38.45612 ], [ -71.35725, -38.45693 ], [ -71.35641, -38.45686 ], [ -71.35551, -38.45738 ], [ -71.35512, -38.45747 ], [ -71.35457, -38.45725 ], [ -71.35418, -38.45732 ], [ -71.35418, -38.4575 ], [ -71.35491, -38.45774 ], [ -71.35523, -38.45792 ], [ -71.35557, -38.45848 ], [ -71.35609, -38.45865 ], [ -71.35611, -38.4588 ], [ -71.35504, -38.45962 ], [ -71.35431, -38.4598 ], [ -71.35397, -38.45971 ], [ -71.35378, -38.45954 ], [ -71.35377, -38.45927 ], [ -71.35394, -38.45888 ], [ -71.35393, -38.45854 ], [ -71.35364, -38.45838 ], [ -71.35328, -38.45851 ], [ -71.35311, -38.45881 ], [ -71.35302, -38.45947 ], [ -71.35361, -38.46029 ], [ -71.35345, -38.46054 ], [ -71.35275, -38.46068 ], [ -71.35211, -38.46123 ], [ -71.35124, -38.4609 ], [ -71.35101, -38.46125 ] ] } },
{ "type": "Feature", "properties": { "osm_id": 196657133, "nombre": "Río Naranjo", "tipo": "river", "volcan_codigo": "LON", "volcan_nombre": "Lonquimay", "drena_volcan": false }, "geometry": { "type": "LineString", "coordinates": [ [ -71.45185, -38.38917 ], [ -71.45217, -38.38947 ], [ -71.452, -38.38972 ], [ -71.45169, -38.38996 ], [ -71.45126, -38.39009 ], [ -71.45096, -38.39047 ], [ -71.45114, -38.39088 ], [ -71.45085, -38.39079 ], [ -71.45036, -38.39044 ], [ -71.45002, -38.39096 ], [ -71.45018, -38.39119 ], [ -71.44986, -38.39124 ], [ -71.44951, -38.39104 ], [ -71.44914, -38.39103 ], [ -71.44897, -38.39148 ], [ -71.44906, -38.39141 ], [ -71.44952, -38.39146 ], [ -71.44833, -38.39219 ], [ -71.4476, -38.3924 ], [ -71.44742, -38.3926 ], [ -71.44764, -38.3932 ], [ -71.44746, -38.39335 ], [ -71.44701, -38.3931 ], [ -71.44672, -38.39368 ], [ -71.44642, -38.39405 ], [ -71.44638, -38.39479 ], [ -71.44619, -38.3949 ], [ -71.44661, -38.39567 ], [ -71.44618, -38.3959 ], [ -71.44572, -38.39599 ], [ -71.44496, -38.39703 ], [ -71.44488, -38.39746 ], [ -71.44512, -38.39759 ], [ -71.44525, -38.39822 ], [ -71.44522, -38.39843 ], [ -71.4449, -38.39838 ], [ -71.44478, -38.39848 ], [ -71.44516, -38.39901 ], [ -71.44559, -38.39941 ], [ -71.44551, -38.39952 ], [ -71.44436, -38.39919 ], [ -71.44404, -38.39925 ], [ -71.44387, -38.39951 ], [ -71.44395, -38.40007 ], [ -71.44388, -38.40044 ], [ -71.44398, -38.40082 ], [ -71.44424, -38.40098 ], [ -71.4445, -38.40098 ], [ -71.44479, -38.40116 ], [ -71.44461, -38.40156 ], [ -71.44384, -38.40161 ], [ -71.4436, -38.40178 ], [ -71.44317, -38.40184 ], [ -71.44208, -38.40191 ], [ -71.44162, -38.4023 ], [ -71.44055, -38.40288 ], [ -71.43997, -38.40408 ], [ -71.43944, -38.40449 ], [ -71.43912, -38.40467 ], [ -71.43848, -38.40465 ], [ -71.43818, -38.40476 ], [ -71.43803, -38.40535 ], [ -71.43825, -38.40587 ], [ -71.43844, -38.40602 ], [ -71.43863, -38.40639 ], [ -71.43868, -38.40672 ], [ -71.4382, -38.40656 ], [ -71.43746, -38.40674 ], [ -71.4359, -38.40777 ], [ -71.43527, -38.40798 ], [ -71.435, -38.4083 ], [ -71.43487, -38.40869 ], [ -71.43436, -38.40901 ], [ -71.43344, -38.40943 ], [ -71.43262, -38.40963 ], [ -71.43202, -38.40995 ], [ -71.43189, -38.41038 ], [ -71.43154, -38.41039 ], [ -71.43127, -38.41028 ], [ -71.43085, -38.41038 ], [ -71.43015, -38.4102 ], [ -71.42923, -38.41058 ], [ -71.4283, -38.41043 ], [ -71.42808, -38.4105 ], [ -71.42743, -38.41099 ], [ -71.4271, -38.41149 ], [ -71.42658, -38.41172 ], [ -71.42632, -38.41192 ], [ -71.4259, -38.41259 ], [ -71.4259, -38.41295 ], [ -71.42482, -38.41338 ], [ -71.42439, -38.41392 ], [ -71.42381, -38.41419 ], [ -71.42315, -38.41431 ], [ -71.42283, -38.41427 ], [ -71.42236, -38.41409 ], [ -71.42214, -38.41411 ], [ -71.42188, -38.41436 ], [ -71.42184, -38.41481 ], [ -71.42165, -38.41501 ], [ -71.42072, -38.41558 ], [ -71.41958, -38.41604 ], [ -71.41883, -38.4162 ], [ -71.41857, -38.41611 ], [ -71.41835, -38.41588 ], [ -71.4181, -38.4158 ], [ -71.41776, -38.41584 ], [ -71.41697, -38.41626 ], [ -71.41637, -38.41676 ], [ -71.4157, -38.4167 ], [ -71.41543, -38.41692 ], [ -71.41539, -38.41712 ], [ -71.41474, -38.4177 ], [ -71.41454, -38.41831 ], [ -71.41362, -38.41875 ], [ -71.41345, -38.41892 ], [ -71.4135, -38.41933 ], [ -71.41252, -38.41983 ], [ -71.41231, -38.42045 ], [ -71.4124, -38.42061 ], [ -71.41232, -38.42079 ], [ -71.41238, -38.42149 ], [ -71.41221, -38.42181 ], [ -71.41147, -38.42202 ], [ -71.41095, -38.42226 ], [ -71.41057, -38.42235 ], [ -71.41044, -38.42226 ], [ -71.41021, -38.42227 ], [ -71.40921, -38.42262 ], [ -71.40906, -38.42275 ], [ -71.40891, -38.4231 ], [ -71.40891, -38.42335 ], [ -71.40864, -38.42353 ], [ -71.40828, -38.42343 ], [ -71.40798, -38.42345 ], [ -71.40748, -38.42398 ], [ -71.40709, -38.42395 ], [ -71.40589, -38.42323 ], [ -71.40556, -38.42333 ], [ -71.40572, -38.42369 ], [ -71.40567, -38.42383 ], [ -71.40471, -38.42417 ], [ -71.40421, -38.42452 ], [ -71.40387, -38.4246 ], [ -71.40365, -38.42445 ], [ -71.40354, -38.42422 ], [ -71.40329, -38.42398 ], [ -71.40326, -38.42371 ], [ -71.40278, -38.42351 ], [ -71.40237, -38.4231 ], [ -71.40206, -38.42318 ], [ -71.40142, -38.42364 ], [ -71.40124, -38.42397 ], [ -71.40007, -38.42478 ], [ -71.39974, -38.42484 ], [ -71.39798, -38.42482 ], [ -71.39705, -38.42506 ], [ -71.39627, -38.42455 ], [ -71.39576, -38.42371 ], [ -71.39562, -38.42313 ], [ -71.3954, -38.42293 ], [ -71.39461, -38.42286 ], [ -71.39453, -38.42257 ], [ -71.39428, -38.42216 ], [ -71.39382, -38.42236 ], [ -71.39264, -38.42211 ], [ -71.39089, -38.42141 ], [ -71.39037, -38.42137 ], [ -71.38992, -38.421 ], [ -71.38955, -38.42085 ], [ -71.38842, -38.42081 ], [ -71.38792, -38.42095 ], [ -71.38752, -38.42131 ], [ -71.38684, -38.42123 ], [ -71.38658, -38.42088 ], [ -71.38594, -38.42094 ], [ -71.38554, -38.42114 ], [ -71.38499, -38.42117 ], [ -71.38449, -38.42141 ], [ -71.3841, -38.42186 ], [ -71.38384, -38.42203 ], [ -71.38309, -38.42221 ], [ -71.38236, -38.42255 ], [ -71.38208, -38.42292 ], [ -71.38229, -38.42347 ], [ -71.38201, -38.42408 ], [ -71.38209, -38.42426 ], [ -71.38206, -38.42444 ], [ -71.38178, -38.42465 ], [ -71.38091, -38.42451 ], [ -71.38046, -38.42459 ], [ -71.38039, -38.42527 ], [ -71.38028, -38.42544 ], [ -71.37956, -38.42564 ], [ -71.37895, -38.42599 ], [ -71.37865, -38.42599 ], [ -71.3786, -38.42572 ], [ -71.37848, -38.42561 ], [ -71.37811, -38.42565 ], [ -71.37787, -38.42602 ], [ -71.37762, -38.42624 ], [ -71.37678, -38.4268 ], [ -71.37638, -38.42683 ], [ -71.37534, -38.42674 ], [ -71.3751, -38.42702 ], [ -71.37512, -38.4272 ], [ -71.37558, -38.42776 ], [ -71.37533, -38.42893 ], [ -71.37521, -38.42913 ], [ -71.37539, -38.4303 ], [ -71.37519, -38.43077 ] ] } },
{ "type": "Feature", "properties": { "osm_id": 200036987, "nombre": "Río Miraflores", "tipo": "river", "volcan_codigo": "LON", "volcan_nombre": "Lonquimay", "drena_volcan": false }, "geometry": { "type": "LineString", "coordinates": [ [ -71.40842, -38.73861 ], [ -71.40828, -38.73873 ], [ -71.40613, -38.73952 ], [ -71.40572, -38.73952 ], [ -71.40546, -38.73948 ], [ -71.40542, -38.73936 ], [ -71.40551, -38.73907 ], [ -71.40545, -38.73879 ], [ -71.40491, -38.73839 ], [ -71.40455, -38.73826 ], [ -71.40355, -38.73856 ], [ -71.40332, -38.73851 ], [ -71.40314, -38.73824 ], [ -71.40226, -38.73802 ], [ -71.40107, -38.73827 ], [ -71.40083, -38.73856 ], [ -71.40095, -38.73877 ], [ -71.4009, -38.73893 ], [ -71.4006, -38.73905 ], [ -71.40005, -38.73917 ], [ -71.39898, -38.73915 ], [ -71.39869, -38.73899 ], [ -71.39781, -38.73815 ], [ -71.39772, -38.73778 ], [ -71.39748, -38.73753 ], [ -71.39626, -38.73731 ], [ -71.39609, -38.73721 ], [ -71.3953, -38.73668 ], [ -71.39515, -38.73624 ], [ -71.39491, -38.73598 ], [ -71.39439, -38.73582 ], [ -71.3942, -38.73534 ], [ -71.39354, -38.73499 ], [ -71.39306, -38.73489 ], [ -71.39261, -38.73469 ], [ -71.39236, -38.73435 ], [ -71.39276, -38.73392 ], [ -71.39268, -38.73365 ], [ -71.39229, -38.73351 ], [ -71.39182, -38.73348 ], [ -71.39094, -38.73358 ], [ -71.39045, -38.73346 ], [ -71.38995, -38.7336 ], [ -71.38961, -38.73358 ], [ -71.38871, -38.73243 ], [ -71.38832, -38.73256 ], [ -71.388, -38.73254 ], [ -71.38794, -38.73236 ], [ -71.38819, -38.73192 ], [ -71.38811, -38.73182 ], [ -71.38744, -38.73177 ], [ -71.38725, -38.73169 ], [ -71.38721, -38.73135 ], [ -71.38654, -38.73169 ], [ -71.38624, -38.73169 ], [ -71.38605, -38.73154 ], [ -71.38624, -38.73095 ], [ -71.38605, -38.73078 ], [ -71.38568, -38.73085 ], [ -71.38555, -38.73119 ], [ -71.38538, -38.73136 ], [ -71.38515, -38.7313 ], [ -71.38508, -38.73112 ], [ -71.38521, -38.73018 ], [ -71.3842, -38.7301 ], [ -71.38356, -38.72995 ], [ -71.3835, -38.7298 ], [ -71.38356, -38.72926 ], [ -71.38304, -38.72921 ], [ -71.38242, -38.72936 ], [ -71.38199, -38.72933 ], [ -71.38184, -38.72918 ], [ -71.38201, -38.72898 ], [ -71.38227, -38.72894 ], [ -71.38257, -38.72873 ], [ -71.38244, -38.72834 ], [ -71.38229, -38.72817 ], [ -71.38158, -38.72823 ], [ -71.38129, -38.72807 ], [ -71.38154, -38.72754 ], [ -71.38135, -38.7272 ], [ -71.38152, -38.727 ], [ -71.38156, -38.72663 ], [ -71.38178, -38.72625 ], [ -71.38143, -38.72591 ], [ -71.38135, -38.72573 ], [ -71.38096, -38.72573 ], [ -71.38068, -38.72628 ], [ -71.38047, -38.72625 ], [ -71.38013, -38.72603 ], [ -71.3798, -38.72546 ], [ -71.3798, -38.72526 ], [ -71.37993, -38.72499 ], [ -71.37991, -38.72481 ], [ -71.37952, -38.72499 ], [ -71.37927, -38.72503 ], [ -71.3792, -38.72464 ], [ -71.3791, -38.72446 ], [ -71.37871, -38.72422 ], [ -71.37867, -38.72405 ], [ -71.3791, -38.72376 ], [ -71.37903, -38.72357 ], [ -71.37858, -38.72325 ], [ -71.3783, -38.72285 ], [ -71.37742, -38.72297 ], [ -71.37725, -38.72275 ], [ -71.37747, -38.72225 ], [ -71.37777, -38.72183 ], [ -71.37747, -38.72158 ], [ -71.37704, -38.72168 ], [ -71.37682, -38.72164 ], [ -71.37691, -38.72144 ], [ -71.37751, -38.72114 ], [ -71.37757, -38.72091 ], [ -71.37742, -38.72083 ], [ -71.37663, -38.72091 ], [ -71.37656, -38.72064 ], [ -71.37671, -38.72032 ], [ -71.37665, -38.71977 ], [ -71.37644, -38.71974 ], [ -71.37592, -38.71989 ], [ -71.37592, -38.72021 ], [ -71.37536, -38.72044 ], [ -71.37502, -38.72086 ], [ -71.37472, -38.72096 ], [ -71.37444, -38.72086 ], [ -71.37453, -38.72066 ], [ -71.37498, -38.72014 ], [ -71.37553, -38.71984 ], [ -71.37564, -38.7197 ], [ -71.37551, -38.71954 ], [ -71.37481, -38.71952 ], [ -71.3742, -38.71937 ], [ -71.37408, -38.71925 ], [ -71.37422, -38.71833 ], [ -71.37392, -38.71798 ], [ -71.37322, -38.71748 ], [ -71.37234, -38.71749 ], [ -71.37208, -38.71737 ], [ -71.37199, -38.71724 ], [ -71.37208, -38.71709 ], [ -71.37292, -38.71682 ], [ -71.37275, -38.71597 ], [ -71.37189, -38.71495 ], [ -71.37184, -38.71475 ], [ -71.37229, -38.71377 ], [ -71.37292, -38.71332 ], [ -71.37298, -38.71317 ], [ -71.37285, -38.71302 ], [ -71.37229, -38.71254 ], [ -71.37204, -38.71252 ], [ -71.37171, -38.71272 ], [ -71.37154, -38.71346 ], [ -71.37131, -38.71344 ], [ -71.37116, -38.71331 ], [ -71.37041, -38.71217 ], [ -71.37047, -38.71143 ], [ -71.37079, -38.71106 ], [ -71.37041, -38.71045 ], [ -71.36995, -38.71033 ], [ -71.36963, -38.71034 ], [ -71.36927, -38.71001 ], [ -71.36892, -38.70999 ], [ -71.36835, -38.71043 ], [ -71.36804, -38.71048 ], [ -71.36772, -38.7104 ], [ -71.36753, -38.71021 ], [ -71.36669, -38.70991 ], [ -71.36543, -38.70874 ], [ -71.36491, -38.70849 ], [ -71.36403, -38.70842 ], [ -71.36373, -38.70822 ], [ -71.36332, -38.70773 ], [ -71.36298, -38.70748 ], [ -71.36227, -38.70651 ], [ -71.3612, -38.70641 ], [ -71.36099, -38.70629 ], [ -71.36077, -38.70586 ], [ -71.36032, -38.70556 ], [ -71.35893, -38.70547 ], [ -71.35856, -38.7053 ], [ -71.35751, -38.7043 ], [ -71.35751, -38.70392 ], [ -71.35777, -38.70308 ], [ -71.35764, -38.70247 ], [ -71.35736, -38.70241 ], [ -71.3568, -38.70269 ], [ -71.35652, -38.70274 ], [ -71.35611, -38.70254 ], [ -71.3559, -38.70232 ], [ -71.35543, -38.70153 ], [ -71.35504, -38.70122 ], [ -71.35487, -38.70075 ], [ -71.35506, -38.70018 ], [ -71.35504, -38.7 ], [ -71.35414, -38.69931 ], [ -71.35356, -38.69792 ], [ -71.35339, -38.69775 ], [ -71.3527, -38.69752 ], [ -71.35242, -38.69726 ], [ -71.35111, -38.69673 ], [ -71.35088, -38.69651 ], [ -71.35049, -38.69589 ], [ -71.35026, -38.69571 ], [ -71.34987, -38.69561 ], [ -71.34953, -38.69564 ], [ -71.34899, -38.69522 ], [ -71.34609, -38.69477 ], [ -71.34577, -38.69465 ], [ -71.34549, -38.69442 ], [ -71.34502, -38.69355 ], [ -71.34438, -38.69313 ], [ -71.34384, -38.69259 ], [ -71.34352, -38.69239 ], [ -71.34264, -38.69275 ], [ -71.34209, -38.69306 ], [ -71.34132, -38.69321 ], [ -71.34029, -38.69283 ], [ -71.3395, -38.69274 ], [ -71.33888, -38.69278 ], [ -71.33824, -38.69261 ], [ -71.3378, -38.69196 ], [ -71.33747, -38.69174 ], [ -71.33689, -38.69164 ], [ -71.33583, -38.69186 ], [ -71.3354, -38.69177 ], [ -71.33523, -38.69147 ], [ -71.3353, -38.69127 ], [ -71.33559, -38.69105 ], [ -71.33655, -38.69074 ], [ -71.3379, -38.69047 ], [ -71.3386, -38.68949 ], [ -71.3386, -38.68916 ], [ -71.33841, -38.68898 ], [ -71.33807, -38.68894 ], [ -71.33757, -38.68917 ], [ -71.33707, -38.68917 ], [ -71.33642, -38.68886 ], [ -71.33524, -38.68796 ], [ -71.33484, -38.68725 ], [ -71.33427, -38.68706 ], [ -71.33383, -38.68707 ], [ -71.33313, -38.68692 ], [ -71.33251, -38.6871 ], [ -71.33208, -38.68735 ], [ -71.33152, -38.68799 ], [ -71.33145, -38.6882 ], [ -71.33176, -38.68895 ], [ -71.33223, -38.68927 ], [ -71.33287, -38.68948 ], [ -71.33325, -38.68971 ], [ -71.33347, -38.69003 ], [ -71.33351, -38.69036 ], [ -71.33258, -38.69108 ], [ -71.3313, -38.69132 ], [ -71.33089, -38.69147 ] ] } },
{ "type": "Feature", "properties": { "osm_id": 200734260, "nombre": "Estero El Seco", "tipo": "river", "volcan_codigo": "LON", "volcan_nombre": "Lonquimay", "drena_volcan": false }, "geometry": { "type": "LineString", "coordinates": [ [ -71.99966, -38.68422 ], [ -72.00107, -38.68546 ], [ -72.00166, -38.68616 ], [ -72.002, -38.68696 ], [ -72.00212, -38.68792 ], [ -72.00235, -38.6884 ], [ -72.00477, -38.69013 ], [ -72.00559, -38.69037 ], [ -72.00675, -38.69032 ], [ -72.00752, -38.69043 ], [ -72.00812, -38.69083 ], [ -72.00812, -38.69104 ], [ -72.00844, -38.69138 ], [ -72.00892, -38.69149 ], [ -72.00962, -38.69183 ], [ -72.01027, -38.69195 ], [ -72.01092, -38.6923 ], [ -72.01244, -38.69291 ] ] } },
{ "type": "Feature", "properties": { "osm_id": 200734277, "nombre": "Río Calbuco", "tipo": "river", "volcan_codigo": "LON", "volcan_nombre": "Lonquimay", "drena_volcan": false }, "geometry": { "type": "LineString", "coordinates": [ [ -71.80079, -38.71776 ], [ -71.80134, -38.71796 ], [ -71.80184, -38.71842 ], [ -71.80217, -38.71891 ], [ -71.80346, -38.71943 ], [ -71.80443, -38.71936 ], [ -71.80591, -38.71948 ], [ -71.80631, -38.71963 ], [ -71.80702, -38.71966 ], [ -71.8081, -38.72017 ], [ -71.80851, -38.72028 ], [ -71.80918, -38.72066 ], [ -71.80975, -38.72126 ], [ -71.80997, -38.72191 ], [ -71.80993, -38.72262 ], [ -71.81009, -38.72287 ], [ -71.81072, -38.72313 ], [ -71.81107, -38.72319 ], [ -71.81161, -38.72345 ], [ -71.81224, -38.7235 ], [ -71.81346, -38.72316 ], [ -71.8145, -38.72316 ], [ -71.81534, -38.7233 ], [ -71.81562, -38.72356 ], [ -71.81769, -38.7248 ], [ -71.81796, -38.72541 ], [ -71.81843, -38.72564 ], [ -71.81976, -38.72665 ], [ -71.82045, -38.72757 ], [ -71.82361, -38.72864 ], [ -71.82537, -38.72879 ], [ -71.82769, -38.72886 ], [ -71.82874, -38.72911 ], [ -71.82947, -38.72948 ], [ -71.83078, -38.72987 ], [ -71.83194, -38.72943 ], [ -71.83351, -38.72851 ], [ -71.83473, -38.72799 ], [ -71.83548, -38.72791 ], [ -71.83612, -38.72804 ], [ -71.83724, -38.72844 ], [ -71.83793, -38.72848 ], [ -71.83904, -38.72838 ], [ -71.84012, -38.72727 ], [ -71.84063, -38.72687 ], [ -71.84125, -38.72645 ], [ -71.84209, -38.72623 ], [ -71.84344, -38.72618 ], [ -71.84769, -38.72648 ], [ -71.84857, -38.72663 ], [ -71.85316, -38.72844 ], [ -71.85385, -38.72884 ], [ -71.85462, -38.72968 ], [ -71.85715, -38.73092 ], [ -71.8594, -38.73117 ], [ -71.86033, -38.73115 ], [ -71.86134, -38.731 ], [ -71.86316, -38.73042 ], [ -71.86402, -38.73045 ], [ -71.86488, -38.73079 ], [ -71.86683, -38.73174 ], [ -71.87222, -38.73276 ], [ -71.8729, -38.73313 ], [ -71.87406, -38.73397 ], [ -71.87511, -38.73448 ], [ -71.87584, -38.73442 ], [ -71.8765, -38.73416 ], [ -71.87707, -38.73447 ], [ -71.87739, -38.73505 ], [ -71.87797, -38.73544 ], [ -71.87884, -38.73546 ], [ -71.88048, -38.73606 ], [ -71.88149, -38.73631 ], [ -71.88352, -38.73663 ], [ -71.88599, -38.73718 ], [ -71.88998, -38.73711 ], [ -71.89088, -38.73718 ], [ -71.89348, -38.73763 ], [ -71.89451, -38.7379 ], [ -71.89664, -38.73885 ], [ -71.89781, -38.73907 ], [ -71.89981, -38.73964 ], [ -71.90127, -38.73869 ], [ -71.9017, -38.73825 ], [ -71.90226, -38.73788 ], [ -71.90603, -38.73557 ], [ -71.90732, -38.7345 ], [ -71.90822, -38.73316 ], [ -71.90908, -38.73246 ], [ -71.90972, -38.73159 ], [ -71.91041, -38.73115 ], [ -71.91217, -38.73028 ], [ -71.91356, -38.72997 ], [ -71.91625, -38.72961 ], [ -71.92094, -38.7294 ], [ -71.92397, -38.72878 ], [ -71.92796, -38.72821 ], [ -71.93015, -38.72824 ], [ -71.93322, -38.72812 ], [ -71.93526, -38.72841 ], [ -71.93592, -38.72869 ], [ -71.93633, -38.72871 ], [ -71.93725, -38.72846 ], [ -71.93757, -38.72808 ], [ -71.93785, -38.72798 ], [ -71.93944, -38.72786 ], [ -71.94, -38.72769 ], [ -71.94303, -38.72714 ], [ -71.94396, -38.72721 ], [ -71.9445, -38.72761 ], [ -71.94486, -38.72765 ], [ -71.94502, -38.72754 ], [ -71.94531, -38.72706 ], [ -71.94585, -38.72666 ], [ -71.94623, -38.7262 ], [ -71.94647, -38.72608 ], [ -71.94728, -38.72603 ], [ -71.94784, -38.72575 ], [ -71.94836, -38.72571 ], [ -71.94853, -38.72557 ], [ -71.94881, -38.72509 ], [ -71.94922, -38.72497 ], [ -71.94999, -38.72491 ], [ -71.95246, -38.72376 ], [ -71.95454, -38.72378 ], [ -71.95518, -38.72361 ], [ -71.95633, -38.72268 ], [ -71.95706, -38.72161 ], [ -71.95775, -38.72088 ], [ -71.95891, -38.71984 ], [ -71.96311, -38.7181 ], [ -71.96414, -38.71749 ] ] } },
{ "type": "Feature", "properties": { "osm_id": 204759350, "nombre": "Estero Mapocho", "tipo": "river", "volcan_codigo": "LON", "volcan_nombre": "Lonquimay", "drena_volcan": false }, "geometry": { "type": "LineString", "coordinates": [ [ -71.49809, -38.81981 ], [ -71.49798, -38.8207 ], [ -71.49775, -38.82111 ], [ -71.49796, -38.82129 ], [ -71.49781, -38.82177 ], [ -71.49785, -38.8219 ], [ -71.49737, -38.82271 ], [ -71.49675, -38.82342 ], [ -71.49695, -38.82389 ], [ -71.49694, -38.8241 ], [ -71.49633, -38.82528 ], [ -71.49631, -38.82563 ], [ -71.49607, -38.8258 ], [ -71.49605, -38.826 ], [ -71.49586, -38.82612 ], [ -71.49437, -38.82782 ], [ -71.49393, -38.828 ], [ -71.49367, -38.82845 ], [ -71.49301, -38.82916 ], [ -71.49256, -38.82994 ], [ -71.49143, -38.83147 ], [ -71.49134, -38.83192 ], [ -71.49141, -38.83215 ], [ -71.49137, -38.83243 ], [ -71.49106, -38.83256 ], [ -71.49089, -38.83293 ], [ -71.48923, -38.83516 ], [ -71.48857, -38.83543 ], [ -71.48851, -38.83566 ], [ -71.48807, -38.836 ], [ -71.48813, -38.83635 ], [ -71.48832, -38.83651 ], [ -71.48836, -38.83673 ], [ -71.48803, -38.83732 ], [ -71.48817, -38.83774 ], [ -71.48817, -38.83798 ], [ -71.48748, -38.83925 ], [ -71.48729, -38.84015 ], [ -71.48689, -38.84103 ], [ -71.48689, -38.84127 ], [ -71.48706, -38.8415 ], [ -71.48717, -38.84187 ], [ -71.48704, -38.84296 ], [ -71.48703, -38.84445 ], [ -71.48684, -38.84485 ], [ -71.48665, -38.8461 ], [ -71.48722, -38.84641 ], [ -71.48744, -38.84683 ], [ -71.48773, -38.8477 ], [ -71.48757, -38.84814 ], [ -71.4879, -38.84889 ], [ -71.48837, -38.84924 ], [ -71.4904, -38.84994 ] ] } },
{ "type": "Feature", "properties": { "osm_id": 222080817, "nombre": "Río Nalcas", "tipo": "river", "volcan_codigo": "LON", "volcan_nombre": "Lonquimay", "drena_volcan": true }, "geometry": { "type": "LineString", "coordinates": [ [ -71.50101, -38.26288 ], [ -71.50084, -38.26264 ], [ -71.50073, -38.26221 ], [ -71.50051, -38.262 ], [ -71.50043, -38.26178 ], [ -71.50076, -38.26124 ], [ -71.5007, -38.26104 ], [ -71.50034, -38.26084 ], [ -71.49964, -38.26074 ], [ -71.49923, -38.26054 ], [ -71.49831, -38.26036 ], [ -71.4977, -38.26008 ], [ -71.49778, -38.25965 ], [ -71.49776, -38.25921 ], [ -71.49767, -38.25907 ], [ -71.49712, -38.25871 ], [ -71.49659, -38.25821 ], [ -71.49559, -38.25785 ], [ -71.49514, -38.25723 ], [ -71.49462, -38.25679 ], [ -71.49341, -38.25464 ], [ -71.49311, -38.25437 ], [ -71.49284, -38.25365 ], [ -71.49294, -38.25339 ], [ -71.49331, -38.25293 ], [ -71.49346, -38.25232 ], [ -71.49343, -38.2519 ], [ -71.49312, -38.25153 ], [ -71.49277, -38.25143 ], [ -71.49193, -38.25138 ], [ -71.4914, -38.25118 ], [ -71.49123, -38.25066 ], [ -71.49075, -38.24971 ], [ -71.49071, -38.24863 ], [ -71.49055, -38.24829 ], [ -71.48978, -38.24795 ], [ -71.48919, -38.24791 ], [ -71.48842, -38.24807 ], [ -71.48747, -38.24795 ], [ -71.48727, -38.24758 ], [ -71.48721, -38.247 ], [ -71.48714, -38.24689 ], [ -71.48686, -38.24678 ], [ -71.48611, -38.24685 ], [ -71.48533, -38.24707 ], [ -71.48497, -38.24708 ], [ -71.48451, -38.24692 ], [ -71.48367, -38.24615 ], [ -71.48343, -38.24579 ], [ -71.48289, -38.24568 ], [ -71.48235, -38.24572 ], [ -71.4822, -38.24561 ], [ -71.48201, -38.24529 ], [ -71.48199, -38.24492 ], [ -71.48164, -38.24413 ], [ -71.48079, -38.24274 ], [ -71.48041, -38.24227 ], [ -71.47981, -38.24211 ], [ -71.47949, -38.2422 ], [ -71.47935, -38.24237 ], [ -71.47927, -38.24265 ], [ -71.47908, -38.24285 ], [ -71.47874, -38.24287 ], [ -71.47806, -38.24221 ], [ -71.478, -38.24193 ], [ -71.47818, -38.24103 ], [ -71.47797, -38.24016 ], [ -71.47816, -38.23977 ], [ -71.4787, -38.2391 ], [ -71.4787, -38.23866 ], [ -71.47852, -38.23825 ], [ -71.47837, -38.23809 ], [ -71.47803, -38.23797 ], [ -71.477, -38.23696 ], [ -71.47645, -38.23662 ], [ -71.47517, -38.23638 ], [ -71.47391, -38.23598 ], [ -71.47374, -38.23586 ], [ -71.47354, -38.23551 ], [ -71.47365, -38.23515 ], [ -71.47414, -38.23485 ], [ -71.47499, -38.23471 ], [ -71.4752, -38.2345 ], [ -71.47506, -38.23423 ], [ -71.47418, -38.234 ], [ -71.47368, -38.23397 ], [ -71.47299, -38.23397 ], [ -71.47215, -38.23411 ], [ -71.47103, -38.23356 ], [ -71.47074, -38.23332 ], [ -71.47023, -38.23261 ], [ -71.46928, -38.2303 ], [ -71.46906, -38.23006 ], [ -71.46864, -38.22904 ], [ -71.4685, -38.22892 ], [ -71.46771, -38.22862 ], [ -71.46748, -38.2284 ], [ -71.46685, -38.22825 ], [ -71.46685, -38.22706 ], [ -71.46669, -38.22669 ], [ -71.46627, -38.22644 ], [ -71.46624, -38.22625 ], [ -71.46627, -38.22598 ], [ -71.46656, -38.22537 ], [ -71.46633, -38.22503 ], [ -71.46573, -38.22465 ], [ -71.46551, -38.22417 ], [ -71.46514, -38.22402 ], [ -71.46504, -38.22334 ], [ -71.4651, -38.22288 ], [ -71.46502, -38.22254 ], [ -71.46499, -38.22241 ], [ -71.46462, -38.22206 ], [ -71.46447, -38.22153 ] ] } },
{ "type": "Feature", "properties": { "osm_id": 222082650, "nombre": "Río Ránquil", "tipo": "river", "volcan_codigo": "LON", "volcan_nombre": "Lonquimay", "drena_volcan": false }, "geometry": { "type": "LineString", "coordinates": [ [ -71.09598, -38.13974 ], [ -71.09587, -38.14036 ], [ -71.09678, -38.14103 ], [ -71.09738, -38.14186 ], [ -71.09805, -38.14221 ], [ -71.09866, -38.14273 ], [ -71.09831, -38.14355 ], [ -71.09797, -38.14494 ], [ -71.0986, -38.14712 ], [ -71.09858, -38.14754 ], [ -71.09842, -38.14801 ], [ -71.09888, -38.14829 ], [ -71.09916, -38.14822 ], [ -71.09994, -38.14838 ], [ -71.09995, -38.14881 ], [ -71.09967, -38.14917 ], [ -71.0997, -38.1496 ], [ -71.09987, -38.14999 ], [ -71.10028, -38.15019 ], [ -71.10048, -38.15043 ], [ -71.10065, -38.15086 ], [ -71.10071, -38.15111 ], [ -71.10067, -38.15166 ], [ -71.10085, -38.15193 ], [ -71.10053, -38.15244 ], [ -71.10081, -38.15296 ], [ -71.10144, -38.1533 ], [ -71.10157, -38.15349 ], [ -71.10165, -38.15381 ], [ -71.10147, -38.15398 ], [ -71.10133, -38.15436 ], [ -71.10163, -38.1551 ], [ -71.10215, -38.15541 ], [ -71.10216, -38.15605 ], [ -71.10229, -38.1563 ], [ -71.10264, -38.15651 ], [ -71.10311, -38.15645 ], [ -71.1039, -38.15667 ], [ -71.1044, -38.15748 ], [ -71.10504, -38.15807 ], [ -71.10527, -38.15861 ], [ -71.106, -38.15879 ], [ -71.1063, -38.15901 ], [ -71.10645, -38.15937 ], [ -71.1064, -38.15971 ], [ -71.10646, -38.15991 ], [ -71.10672, -38.16018 ], [ -71.10681, -38.1606 ], [ -71.1072, -38.1609 ], [ -71.10775, -38.16102 ], [ -71.10805, -38.16114 ], [ -71.10814, -38.16127 ], [ -71.10812, -38.16156 ], [ -71.10793, -38.16207 ], [ -71.10862, -38.16254 ], [ -71.11024, -38.16331 ], [ -71.11047, -38.16388 ], [ -71.11051, -38.16447 ], [ -71.11143, -38.16492 ], [ -71.11181, -38.16529 ], [ -71.11238, -38.16569 ], [ -71.11242, -38.1659 ], [ -71.11261, -38.16609 ], [ -71.11288, -38.1662 ], [ -71.1139, -38.16621 ], [ -71.11419, -38.16628 ], [ -71.11504, -38.1672 ], [ -71.11505, -38.16746 ], [ -71.11492, -38.16771 ], [ -71.11502, -38.16822 ], [ -71.11534, -38.16861 ], [ -71.11602, -38.16913 ], [ -71.11623, -38.16968 ], [ -71.11647, -38.17007 ], [ -71.11734, -38.17072 ], [ -71.11795, -38.17093 ], [ -71.11815, -38.1711 ], [ -71.11857, -38.17177 ], [ -71.11857, -38.1721 ], [ -71.11887, -38.17258 ], [ -71.11995, -38.17265 ], [ -71.12048, -38.17281 ], [ -71.1206, -38.17319 ], [ -71.12215, -38.17405 ], [ -71.12277, -38.17513 ], [ -71.12325, -38.17536 ], [ -71.1251, -38.17538 ], [ -71.12577, -38.17525 ], [ -71.12616, -38.17543 ], [ -71.1268, -38.17603 ], [ -71.12803, -38.17616 ], [ -71.12903, -38.17646 ], [ -71.12938, -38.17675 ], [ -71.12972, -38.17732 ], [ -71.13002, -38.1775 ], [ -71.13133, -38.17754 ], [ -71.13189, -38.17769 ], [ -71.13367, -38.17933 ], [ -71.1338, -38.17975 ], [ -71.1337, -38.18018 ], [ -71.13401, -38.18053 ], [ -71.13479, -38.18091 ], [ -71.13543, -38.1811 ], [ -71.1359, -38.18139 ], [ -71.13603, -38.18222 ], [ -71.13632, -38.18276 ], [ -71.13777, -38.18392 ], [ -71.13852, -38.18401 ], [ -71.13881, -38.18393 ], [ -71.13932, -38.18352 ], [ -71.13996, -38.18338 ], [ -71.14057, -38.18361 ], [ -71.141, -38.18449 ], [ -71.14137, -38.18475 ], [ -71.14166, -38.18482 ], [ -71.14211, -38.18472 ], [ -71.14269, -38.18478 ], [ -71.14298, -38.185 ], [ -71.14353, -38.18558 ], [ -71.14429, -38.18672 ], [ -71.14547, -38.18705 ], [ -71.14691, -38.18848 ], [ -71.1474, -38.18921 ], [ -71.14787, -38.18941 ], [ -71.14882, -38.18955 ], [ -71.14919, -38.18972 ], [ -71.15003, -38.19122 ], [ -71.15072, -38.19159 ], [ -71.15164, -38.19351 ], [ -71.15338, -38.19506 ], [ -71.15403, -38.19542 ], [ -71.15508, -38.19554 ], [ -71.15744, -38.19672 ], [ -71.15812, -38.1973 ], [ -71.15837, -38.19786 ], [ -71.15876, -38.19829 ], [ -71.1592, -38.19911 ], [ -71.15953, -38.19951 ], [ -71.16009, -38.19984 ], [ -71.16091, -38.20062 ], [ -71.16154, -38.20079 ], [ -71.16256, -38.20196 ], [ -71.16368, -38.20368 ], [ -71.16425, -38.20406 ], [ -71.16493, -38.20425 ], [ -71.16596, -38.20433 ], [ -71.16643, -38.20464 ], [ -71.16716, -38.2048 ], [ -71.16867, -38.20477 ], [ -71.1693, -38.20485 ], [ -71.17036, -38.20465 ], [ -71.17121, -38.20537 ], [ -71.17153, -38.20552 ], [ -71.17225, -38.20558 ], [ -71.17311, -38.20607 ], [ -71.17346, -38.20665 ], [ -71.17389, -38.20776 ], [ -71.17485, -38.20885 ], [ -71.17587, -38.20941 ], [ -71.17675, -38.2102 ], [ -71.1779, -38.21067 ], [ -71.17818, -38.21104 ], [ -71.17862, -38.21134 ], [ -71.17892, -38.21148 ], [ -71.18049, -38.21122 ], [ -71.18075, -38.21144 ], [ -71.18092, -38.21178 ], [ -71.18162, -38.21221 ], [ -71.18212, -38.21242 ], [ -71.18283, -38.21256 ], [ -71.18427, -38.21241 ], [ -71.18491, -38.21255 ], [ -71.18545, -38.21302 ], [ -71.18549, -38.2136 ], [ -71.18597, -38.21439 ], [ -71.18669, -38.21469 ], [ -71.18699, -38.2146 ], [ -71.18752, -38.21463 ], [ -71.18795, -38.21538 ], [ -71.18868, -38.21614 ], [ -71.18953, -38.2164 ], [ -71.19093, -38.21716 ], [ -71.19173, -38.21773 ], [ -71.19225, -38.21839 ], [ -71.19248, -38.21888 ], [ -71.19243, -38.21938 ], [ -71.19198, -38.21982 ], [ -71.19237, -38.22033 ], [ -71.1928, -38.22056 ], [ -71.19344, -38.22074 ], [ -71.19387, -38.22102 ], [ -71.19458, -38.22173 ], [ -71.19534, -38.22202 ], [ -71.19597, -38.2221 ], [ -71.19768, -38.22158 ], [ -71.19803, -38.22129 ], [ -71.19917, -38.2211 ], [ -71.19978, -38.22124 ], [ -71.20058, -38.22175 ], [ -71.20119, -38.22201 ], [ -71.20227, -38.22184 ], [ -71.20279, -38.22143 ], [ -71.20327, -38.22122 ], [ -71.20404, -38.22166 ], [ -71.20487, -38.22246 ], [ -71.20595, -38.22391 ], [ -71.20846, -38.22607 ], [ -71.20919, -38.22641 ], [ -71.21064, -38.22818 ], [ -71.21139, -38.22944 ], [ -71.21186, -38.23053 ], [ -71.21226, -38.23107 ], [ -71.21323, -38.23146 ], [ -71.21439, -38.2318 ], [ -71.21538, -38.23198 ], [ -71.21587, -38.23233 ], [ -71.21662, -38.2327 ], [ -71.21722, -38.23351 ], [ -71.2181, -38.23502 ], [ -71.21869, -38.23527 ], [ -71.21947, -38.23585 ], [ -71.21998, -38.23645 ], [ -71.22119, -38.23742 ], [ -71.222, -38.23769 ], [ -71.22224, -38.23797 ], [ -71.22195, -38.23859 ], [ -71.22161, -38.23885 ], [ -71.2214, -38.2393 ], [ -71.22155, -38.23973 ], [ -71.2221, -38.24022 ], [ -71.2241, -38.24094 ], [ -71.22476, -38.24125 ], [ -71.22546, -38.24173 ], [ -71.22572, -38.24224 ], [ -71.2262, -38.2428 ], [ -71.22636, -38.24316 ], [ -71.22643, -38.24397 ], [ -71.22659, -38.24465 ], [ -71.22676, -38.245 ], [ -71.22704, -38.24539 ], [ -71.22797, -38.24618 ], [ -71.22816, -38.24645 ], [ -71.22819, -38.24707 ], [ -71.22886, -38.24821 ], [ -71.22881, -38.24875 ], [ -71.22892, -38.2492 ], [ -71.22916, -38.24943 ], [ -71.22971, -38.24951 ], [ -71.23181, -38.24931 ], [ -71.23286, -38.24916 ], [ -71.23317, -38.24893 ], [ -71.23413, -38.24884 ], [ -71.23511, -38.2493 ], [ -71.23561, -38.2499 ], [ -71.23572, -38.2505 ], [ -71.23592, -38.2509 ], [ -71.23627, -38.2513 ], [ -71.23707, -38.25162 ], [ -71.23841, -38.25167 ], [ -71.23908, -38.2519 ], [ -71.24011, -38.25261 ], [ -71.24087, -38.25288 ], [ -71.24166, -38.25302 ], [ -71.24289, -38.25292 ], [ -71.24355, -38.25305 ], [ -71.2442, -38.25347 ], [ -71.24485, -38.25406 ], [ -71.2451, -38.25462 ], [ -71.24534, -38.25485 ], [ -71.24555, -38.2553 ], [ -71.2459, -38.2556 ], [ -71.24655, -38.25583 ], [ -71.24704, -38.25587 ], [ -71.2478, -38.25572 ], [ -71.24841, -38.25542 ], [ -71.24858, -38.25502 ], [ -71.24875, -38.25393 ], [ -71.24939, -38.25371 ], [ -71.25003, -38.25392 ], [ -71.25025, -38.2542 ], [ -71.25035, -38.25473 ], [ -71.25033, -38.25519 ], [ -71.25045, -38.2554 ], [ -71.25077, -38.25569 ], [ -71.25119, -38.25585 ], [ -71.252, -38.25593 ], [ -71.25267, -38.25615 ], [ -71.25315, -38.25618 ], [ -71.25376, -38.25604 ], [ -71.25406, -38.25587 ], [ -71.25445, -38.25535 ], [ -71.255, -38.25519 ], [ -71.25584, -38.25511 ], [ -71.25647, -38.25529 ], [ -71.25673, -38.25559 ], [ -71.25708, -38.25641 ], [ -71.25739, -38.25674 ], [ -71.25769, -38.25684 ], [ -71.2582, -38.25717 ], [ -71.25899, -38.25827 ], [ -71.25931, -38.25857 ], [ -71.25957, -38.25873 ], [ -71.25985, -38.25877 ], [ -71.26052, -38.25872 ], [ -71.26103, -38.25883 ], [ -71.26137, -38.25913 ], [ -71.26206, -38.26011 ], [ -71.26249, -38.26037 ], [ -71.26416, -38.26091 ], [ -71.26429, -38.26115 ], [ -71.26429, -38.2618 ], [ -71.26443, -38.26227 ], [ -71.26477, -38.26264 ], [ -71.2653, -38.26269 ], [ -71.26682, -38.26255 ], [ -71.26728, -38.26268 ], [ -71.26737, -38.26287 ], [ -71.26674, -38.26399 ], [ -71.26674, -38.26439 ], [ -71.26712, -38.2646 ], [ -71.26851, -38.26413 ], [ -71.26937, -38.26395 ], [ -71.26975, -38.26411 ], [ -71.27039, -38.26453 ], [ -71.27147, -38.26552 ], [ -71.27198, -38.26583 ], [ -71.27222, -38.2659 ], [ -71.27311, -38.26562 ], [ -71.27357, -38.26562 ], [ -71.27392, -38.26592 ], [ -71.27413, -38.26622 ], [ -71.27417, -38.26648 ], [ -71.27399, -38.2669 ], [ -71.27308, -38.26753 ], [ -71.27313, -38.26786 ], [ -71.27467, -38.26849 ], [ -71.27512, -38.26888 ], [ -71.27525, -38.2693 ], [ -71.27509, -38.26976 ], [ -71.27425, -38.27024 ], [ -71.2742, -38.27038 ], [ -71.27427, -38.2706 ], [ -71.27445, -38.27071 ], [ -71.27556, -38.27074 ], [ -71.27643, -38.27147 ], [ -71.27764, -38.27155 ], [ -71.27844, -38.27192 ], [ -71.28034, -38.27339 ], [ -71.28042, -38.27368 ], [ -71.28118, -38.27445 ], [ -71.2817, -38.27484 ], [ -71.28217, -38.27546 ], [ -71.28277, -38.27591 ], [ -71.28357, -38.27584 ], [ -71.28413, -38.27559 ], [ -71.28518, -38.27481 ], [ -71.28559, -38.27462 ], [ -71.28624, -38.27461 ], [ -71.28656, -38.27471 ], [ -71.28789, -38.27569 ], [ -71.28835, -38.2757 ], [ -71.28891, -38.27542 ], [ -71.28966, -38.27543 ], [ -71.29079, -38.27578 ], [ -71.29126, -38.27576 ], [ -71.29179, -38.2756 ], [ -71.29211, -38.27492 ], [ -71.29254, -38.27447 ], [ -71.29285, -38.27424 ], [ -71.29329, -38.27412 ], [ -71.29374, -38.27412 ], [ -71.29407, -38.27429 ], [ -71.29462, -38.27491 ], [ -71.29488, -38.27508 ], [ -71.29658, -38.27521 ], [ -71.29752, -38.27487 ], [ -71.29924, -38.27407 ], [ -71.30044, -38.27371 ], [ -71.30351, -38.27299 ], [ -71.30468, -38.27248 ], [ -71.30563, -38.27226 ], [ -71.30674, -38.27234 ], [ -71.30745, -38.273 ], [ -71.30821, -38.27332 ], [ -71.309, -38.27348 ], [ -71.30956, -38.27315 ], [ -71.30983, -38.27254 ], [ -71.31036, -38.27204 ], [ -71.3109, -38.27181 ], [ -71.31172, -38.27168 ], [ -71.31242, -38.27184 ], [ -71.31322, -38.2719 ], [ -71.3136, -38.27122 ], [ -71.31478, -38.27137 ], [ -71.31531, -38.27168 ], [ -71.31603, -38.27117 ], [ -71.31747, -38.27099 ], [ -71.318, -38.2707 ] ] } },
{ "type": "Feature", "properties": { "osm_id": 252925782, "nombre": "Sin nombre", "tipo": "stream", "volcan_codigo": "LON", "volcan_nombre": "Lonquimay", "drena_volcan": false }, "geometry": { "type": "LineString", "coordinates": [ [ -71.34584, -38.70463 ], [ -71.34657, -38.70441 ], [ -71.34707, -38.70437 ], [ -71.34761, -38.70404 ], [ -71.34768, -38.70387 ], [ -71.34791, -38.70389 ], [ -71.34822, -38.70376 ], [ -71.34863, -38.70376 ], [ -71.34864, -38.70394 ], [ -71.34893, -38.704 ], [ -71.34923, -38.70365 ], [ -71.34926, -38.70342 ], [ -71.34908, -38.70302 ], [ -71.34917, -38.70275 ], [ -71.34902, -38.70261 ], [ -71.34918, -38.70227 ], [ -71.34888, -38.70224 ], [ -71.34873, -38.70205 ], [ -71.34847, -38.70194 ], [ -71.34845, -38.70179 ], [ -71.34834, -38.70167 ], [ -71.34804, -38.70163 ], [ -71.34799, -38.70156 ], [ -71.3481, -38.70133 ], [ -71.3479, -38.70122 ], [ -71.34785, -38.70109 ], [ -71.34771, -38.70108 ], [ -71.34763, -38.70095 ], [ -71.3473, -38.701 ], [ -71.3474, -38.70061 ], [ -71.34727, -38.70022 ], [ -71.34766, -38.70009 ], [ -71.34779, -38.69961 ], [ -71.34716, -38.69955 ], [ -71.34703, -38.69942 ], [ -71.34712, -38.69938 ], [ -71.34706, -38.69933 ], [ -71.34673, -38.69946 ], [ -71.34665, -38.69942 ], [ -71.34666, -38.69927 ], [ -71.34648, -38.69912 ], [ -71.34675, -38.69912 ], [ -71.34689, -38.6989 ], [ -71.34649, -38.69878 ], [ -71.34661, -38.6986 ], [ -71.34606, -38.69835 ], [ -71.34614, -38.69802 ], [ -71.34607, -38.69795 ], [ -71.34616, -38.69785 ], [ -71.346, -38.6976 ], [ -71.34539, -38.69754 ], [ -71.34502, -38.69728 ], [ -71.34462, -38.69717 ], [ -71.34443, -38.69692 ], [ -71.34432, -38.6969 ], [ -71.3441, -38.69718 ], [ -71.34383, -38.69701 ], [ -71.34356, -38.69694 ], [ -71.34338, -38.69677 ], [ -71.34301, -38.69671 ], [ -71.34258, -38.69646 ], [ -71.34188, -38.69629 ], [ -71.34145, -38.69592 ], [ -71.34141, -38.69553 ], [ -71.34151, -38.69536 ], [ -71.34132, -38.69497 ], [ -71.34154, -38.69489 ], [ -71.34217, -38.69538 ], [ -71.34252, -38.6953 ], [ -71.34255, -38.69518 ], [ -71.34205, -38.69465 ], [ -71.34148, -38.69421 ], [ -71.34142, -38.6941 ], [ -71.34148, -38.69401 ], [ -71.34186, -38.69404 ], [ -71.34205, -38.69451 ], [ -71.34257, -38.69434 ], [ -71.34297, -38.69462 ], [ -71.34316, -38.69455 ], [ -71.34282, -38.6942 ], [ -71.34277, -38.69401 ], [ -71.34188, -38.6935 ], [ -71.34172, -38.69348 ], [ -71.34164, -38.69359 ], [ -71.34151, -38.69355 ], [ -71.34132, -38.69321 ] ] } },
{ "type": "Feature", "properties": { "osm_id": 252925783, "nombre": "Sin nombre", "tipo": "river", "volcan_codigo": "LON", "volcan_nombre": "Lonquimay", "drena_volcan": false }, "geometry": { "type": "LineString", "coordinates": [ [ -71.24786, -38.73925 ], [ -71.24665, -38.73887 ], [ -71.24623, -38.73887 ], [ -71.24574, -38.739 ], [ -71.24504, -38.7389 ], [ -71.24418, -38.73894 ], [ -71.24396, -38.73879 ], [ -71.24269, -38.73863 ], [ -71.24132, -38.7391 ], [ -71.24083, -38.73891 ], [ -71.24037, -38.739 ], [ -71.24, -38.7388 ], [ -71.23884, -38.73906 ], [ -71.23818, -38.73905 ], [ -71.23786, -38.73885 ], [ -71.23713, -38.73862 ], [ -71.23688, -38.7387 ], [ -71.23667, -38.73906 ], [ -71.23578, -38.73902 ], [ -71.23577, -38.73911 ], [ -71.23595, -38.73929 ], [ -71.23598, -38.73944 ], [ -71.23589, -38.73955 ], [ -71.23574, -38.73966 ], [ -71.23519, -38.73974 ], [ -71.2351, -38.73985 ], [ -71.23509, -38.74003 ], [ -71.23476, -38.74017 ], [ -71.23423, -38.74004 ], [ -71.23408, -38.73977 ], [ -71.23261, -38.73943 ], [ -71.23228, -38.73926 ], [ -71.23212, -38.73897 ], [ -71.23188, -38.7388 ], [ -71.23136, -38.7388 ], [ -71.23127, -38.73906 ], [ -71.23112, -38.739 ], [ -71.23096, -38.73887 ], [ -71.23099, -38.73866 ], [ -71.23112, -38.73854 ], [ -71.23083, -38.73833 ], [ -71.23048, -38.7384 ], [ -71.23032, -38.73856 ], [ -71.23011, -38.73852 ], [ -71.2299, -38.73825 ], [ -71.22932, -38.73819 ], [ -71.22914, -38.73842 ], [ -71.22935, -38.73893 ], [ -71.22928, -38.739 ], [ -71.22884, -38.73886 ], [ -71.22828, -38.73909 ], [ -71.22778, -38.73865 ], [ -71.22741, -38.73853 ], [ -71.22685, -38.73864 ], [ -71.22673, -38.73883 ], [ -71.22658, -38.7389 ], [ -71.22622, -38.7388 ], [ -71.22598, -38.73888 ], [ -71.22521, -38.73981 ], [ -71.2248, -38.74008 ], [ -71.22434, -38.74079 ], [ -71.22353, -38.74088 ], [ -71.22339, -38.74092 ], [ -71.22341, -38.74106 ], [ -71.2233, -38.74108 ], [ -71.22318, -38.74104 ], [ -71.22308, -38.74079 ], [ -71.2232, -38.7405 ], [ -71.22304, -38.74038 ], [ -71.22245, -38.74046 ], [ -71.22237, -38.74057 ], [ -71.22248, -38.74092 ], [ -71.22227, -38.74112 ], [ -71.22248, -38.74134 ], [ -71.22239, -38.74172 ], [ -71.2223, -38.74181 ], [ -71.22207, -38.74164 ], [ -71.22138, -38.7416 ], [ -71.22126, -38.74166 ], [ -71.22132, -38.74187 ], [ -71.22127, -38.74195 ], [ -71.22104, -38.74206 ], [ -71.22083, -38.74188 ], [ -71.22038, -38.7417 ], [ -71.22027, -38.7417 ], [ -71.22016, -38.74182 ], [ -71.21987, -38.74184 ], [ -71.21932, -38.74213 ], [ -71.21916, -38.74207 ], [ -71.21921, -38.74195 ], [ -71.21875, -38.74196 ], [ -71.21873, -38.74182 ], [ -71.21885, -38.74177 ], [ -71.2187, -38.74164 ], [ -71.21871, -38.74146 ], [ -71.21906, -38.74135 ], [ -71.2191, -38.74125 ], [ -71.21903, -38.74106 ], [ -71.21858, -38.74073 ], [ -71.21804, -38.74074 ], [ -71.21811, -38.74053 ], [ -71.2179, -38.74042 ], [ -71.21775, -38.74045 ], [ -71.21754, -38.74056 ], [ -71.21749, -38.74068 ], [ -71.21755, -38.74092 ], [ -71.21743, -38.7411 ], [ -71.21704, -38.74125 ], [ -71.21676, -38.74127 ], [ -71.21671, -38.74141 ], [ -71.21701, -38.74161 ], [ -71.21687, -38.74196 ], [ -71.21631, -38.74186 ], [ -71.21599, -38.74203 ], [ -71.21569, -38.74208 ], [ -71.21558, -38.74225 ], [ -71.21576, -38.74251 ], [ -71.21573, -38.74272 ], [ -71.21548, -38.74273 ], [ -71.21526, -38.74306 ], [ -71.21486, -38.74305 ], [ -71.21481, -38.74321 ], [ -71.21464, -38.74333 ], [ -71.2141, -38.74348 ] ] } },
{ "type": "Feature", "properties": { "osm_id": 265791351, "nombre": "Estero La Fusta", "tipo": "stream", "volcan_codigo": "LON", "volcan_nombre": "Lonquimay", "drena_volcan": false }, "geometry": { "type": "LineString", "coordinates": [ [ -71.48045, -38.64233 ], [ -71.48052, -38.64213 ], [ -71.48149, -38.64148 ], [ -71.48207, -38.64133 ], [ -71.48244, -38.64113 ], [ -71.48333, -38.64113 ], [ -71.48343, -38.64103 ], [ -71.48354, -38.64062 ], [ -71.4837, -38.64052 ], [ -71.4843, -38.64051 ], [ -71.48473, -38.64027 ], [ -71.48498, -38.63991 ], [ -71.48488, -38.63934 ], [ -71.48492, -38.63877 ], [ -71.48484, -38.63788 ], [ -71.48466, -38.63759 ], [ -71.48481, -38.63694 ], [ -71.48493, -38.63671 ], [ -71.48538, -38.63651 ], [ -71.48534, -38.63631 ], [ -71.48577, -38.63618 ], [ -71.4859, -38.63628 ], [ -71.48634, -38.63626 ], [ -71.4862, -38.63607 ], [ -71.48632, -38.63584 ], [ -71.48676, -38.63593 ], [ -71.48699, -38.6358 ], [ -71.48697, -38.63562 ], [ -71.48757, -38.63527 ], [ -71.48742, -38.63502 ], [ -71.48756, -38.63489 ], [ -71.48799, -38.63473 ], [ -71.48814, -38.63456 ], [ -71.48819, -38.63424 ], [ -71.48813, -38.63394 ], [ -71.48763, -38.63363 ], [ -71.48629, -38.63349 ], [ -71.48607, -38.6333 ], [ -71.4859, -38.63272 ], [ -71.4846, -38.63184 ], [ -71.48508, -38.63169 ], [ -71.48498, -38.63142 ], [ -71.48474, -38.63118 ], [ -71.4838, -38.63076 ], [ -71.48289, -38.6306 ], [ -71.48123, -38.62991 ], [ -71.48132, -38.62924 ], [ -71.48162, -38.62898 ], [ -71.48151, -38.62847 ] ] } },
{ "type": "Feature", "properties": { "osm_id": 265934917, "nombre": "Quebrada Honda", "tipo": "stream", "volcan_codigo": "LON", "volcan_nombre": "Lonquimay", "drena_volcan": false }, "geometry": { "type": "LineString", "coordinates": [ [ -71.92443, -38.63851 ], [ -71.92686, -38.63856 ], [ -71.92882, -38.63816 ], [ -71.93052, -38.63763 ], [ -71.93195, -38.63776 ], [ -71.93356, -38.63866 ], [ -71.93432, -38.63955 ], [ -71.93479, -38.64082 ], [ -71.93499, -38.64186 ], [ -71.93603, -38.64204 ], [ -71.93759, -38.64214 ], [ -71.93821, -38.64268 ], [ -71.939, -38.64293 ], [ -71.94122, -38.64293 ], [ -71.94237, -38.64327 ], [ -71.94377, -38.64299 ], [ -71.94528, -38.6435 ], [ -71.94596, -38.64323 ], [ -71.94688, -38.64248 ], [ -71.94751, -38.64241 ], [ -71.94821, -38.64251 ], [ -71.94907, -38.64197 ], [ -71.95001, -38.64157 ], [ -71.95138, -38.64145 ], [ -71.9527, -38.64191 ], [ -71.95375, -38.6421 ], [ -71.95533, -38.64034 ], [ -71.95655, -38.63979 ], [ -71.95704, -38.63974 ], [ -71.95754, -38.64018 ], [ -71.95795, -38.6404 ], [ -71.9585, -38.64054 ], [ -71.9591, -38.64012 ], [ -71.95984, -38.63929 ], [ -71.9611, -38.63894 ], [ -71.96307, -38.63885 ], [ -71.96362, -38.63772 ], [ -71.9645, -38.63705 ], [ -71.96579, -38.63579 ], [ -71.96759, -38.63293 ], [ -71.96839, -38.63303 ], [ -71.97049, -38.63353 ], [ -71.97197, -38.63289 ], [ -71.97372, -38.6308 ], [ -71.97457, -38.63067 ], [ -71.97548, -38.63068 ], [ -71.97613, -38.6309 ], [ -71.97977, -38.63165 ], [ -71.98047, -38.6317 ], [ -71.98109, -38.63148 ], [ -71.98125, -38.63072 ], [ -71.98174, -38.62944 ], [ -71.98184, -38.62883 ], [ -71.98218, -38.62837 ], [ -71.98312, -38.62841 ], [ -71.98395, -38.62818 ], [ -71.98454, -38.62778 ], [ -71.98535, -38.62579 ], [ -71.98579, -38.62547 ], [ -71.98738, -38.62521 ], [ -71.98838, -38.62515 ], [ -71.9895, -38.62475 ], [ -71.99229, -38.62479 ], [ -71.9956, -38.62369 ], [ -71.99605, -38.62303 ], [ -71.99595, -38.6203 ], [ -71.9965, -38.61973 ], [ -71.99718, -38.61921 ], [ -71.9974, -38.61866 ] ] } },
{ "type": "Feature", "properties": { "osm_id": 266012390, "nombre": "Canal aducción Central Hidroeléctrica Trueno", "tipo": "canal", "volcan_codigo": "LON", "volcan_nombre": "Lonquimay", "drena_volcan": false }, "geometry": { "type": "LineString", "coordinates": [ [ -71.99832, -38.61884 ], [ -71.99876, -38.61932 ], [ -72.00038, -38.62064 ], [ -72.00093, -38.62063 ], [ -72.00132, -38.62022 ], [ -72.00217, -38.62007 ], [ -72.00249, -38.62009 ], [ -72.00307, -38.62027 ], [ -72.00358, -38.62057 ], [ -72.00413, -38.62062 ], [ -72.00549, -38.62101 ], [ -72.00579, -38.62086 ], [ -72.00666, -38.62071 ], [ -72.00763, -38.62043 ], [ -72.00907, -38.62025 ], [ -72.00995, -38.62032 ], [ -72.01016, -38.62028 ], [ -72.01026, -38.62018 ], [ -72.01035, -38.6197 ], [ -72.01061, -38.61951 ], [ -72.0108, -38.61888 ], [ -72.01134, -38.61819 ], [ -72.01177, -38.61703 ], [ -72.01191, -38.61681 ], [ -72.01373, -38.6159 ], [ -72.01453, -38.61592 ], [ -72.01518, -38.61553 ], [ -72.01533, -38.61497 ], [ -72.01524, -38.61355 ], [ -72.01512, -38.61309 ], [ -72.01518, -38.61272 ], [ -72.01537, -38.61241 ], [ -72.01561, -38.61219 ], [ -72.01761, -38.61203 ], [ -72.01776, -38.61187 ], [ -72.01786, -38.6111 ], [ -72.01823, -38.61076 ], [ -72.01931, -38.61005 ], [ -72.01956, -38.60996 ], [ -72.02056, -38.61015 ], [ -72.021, -38.61033 ], [ -72.02134, -38.6102 ], [ -72.02269, -38.61014 ], [ -72.02317, -38.61027 ], [ -72.02409, -38.61029 ], [ -72.02498, -38.60986 ], [ -72.02585, -38.60961 ], [ -72.02618, -38.60935 ], [ -72.02722, -38.60915 ], [ -72.02785, -38.60876 ], [ -72.02816, -38.60845 ], [ -72.02853, -38.60779 ], [ -72.02853, -38.60728 ], [ -72.02959, -38.60661 ], [ -72.03015, -38.60643 ], [ -72.03126, -38.60589 ], [ -72.03291, -38.60564 ], [ -72.03335, -38.60545 ], [ -72.03479, -38.60555 ], [ -72.03666, -38.60526 ], [ -72.03737, -38.60559 ], [ -72.03767, -38.60544 ], [ -72.038, -38.60539 ], [ -72.03965, -38.60532 ], [ -72.03995, -38.60512 ], [ -72.0411, -38.6048 ], [ -72.04139, -38.60501 ], [ -72.04168, -38.60508 ], [ -72.04202, -38.60464 ], [ -72.04218, -38.60459 ], [ -72.04256, -38.60462 ], [ -72.04304, -38.60485 ], [ -72.04334, -38.60489 ], [ -72.04363, -38.60516 ], [ -72.04382, -38.60522 ], [ -72.04413, -38.60476 ], [ -72.04432, -38.60469 ], [ -72.0455, -38.60466 ], [ -72.04614, -38.60421 ] ] } },
{ "type": "Feature", "properties": { "osm_id": 267233519, "nombre": "Río Trueno", "tipo": "river", "volcan_codigo": "LON", "volcan_nombre": "Lonquimay", "drena_volcan": false }, "geometry": { "type": "LineString", "coordinates": [ [ -71.99879, -38.619 ], [ -71.99925, -38.61914 ], [ -72.00067, -38.62033 ], [ -72.00083, -38.62027 ], [ -72.00137, -38.6197 ], [ -72.00181, -38.61957 ], [ -72.00272, -38.61986 ], [ -72.0045, -38.62008 ], [ -72.00546, -38.6205 ], [ -72.0057, -38.62053 ], [ -72.00638, -38.62039 ], [ -72.00665, -38.61993 ], [ -72.00761, -38.61922 ], [ -72.00811, -38.6192 ], [ -72.00857, -38.61943 ], [ -72.0092, -38.61946 ], [ -72.00998, -38.61891 ], [ -72.01031, -38.61856 ], [ -72.01038, -38.61842 ], [ -72.01038, -38.61768 ], [ -72.01052, -38.61701 ], [ -72.01168, -38.6154 ], [ -72.01265, -38.61514 ], [ -72.01329, -38.61511 ], [ -72.01358, -38.61518 ], [ -72.0141, -38.61494 ], [ -72.01418, -38.6143 ], [ -72.01415, -38.6123 ], [ -72.01426, -38.612 ], [ -72.01468, -38.61146 ], [ -72.01524, -38.61107 ], [ -72.0156, -38.61094 ], [ -72.01593, -38.61103 ], [ -72.01627, -38.61127 ], [ -72.01666, -38.61129 ], [ -72.0169, -38.61107 ], [ -72.01698, -38.61082 ], [ -72.0168, -38.61017 ], [ -72.01683, -38.60994 ], [ -72.01717, -38.60962 ], [ -72.01798, -38.60945 ], [ -72.01829, -38.60885 ], [ -72.0186, -38.6086 ], [ -72.019, -38.60845 ], [ -72.0194, -38.60844 ], [ -72.02059, -38.60871 ], [ -72.02135, -38.6085 ], [ -72.02157, -38.60854 ], [ -72.0221, -38.60898 ], [ -72.02328, -38.60911 ], [ -72.02384, -38.60903 ], [ -72.02453, -38.60866 ], [ -72.02506, -38.60817 ], [ -72.02618, -38.6076 ], [ -72.02642, -38.60741 ], [ -72.02662, -38.60697 ], [ -72.02642, -38.60596 ], [ -72.02651, -38.60575 ], [ -72.0268, -38.60559 ], [ -72.0283, -38.60528 ], [ -72.02861, -38.60505 ], [ -72.02935, -38.60474 ], [ -72.03223, -38.60391 ], [ -72.03235, -38.60365 ], [ -72.03236, -38.603 ], [ -72.03255, -38.60266 ], [ -72.03272, -38.60253 ], [ -72.03307, -38.60251 ], [ -72.03343, -38.60259 ], [ -72.03421, -38.60297 ], [ -72.03515, -38.60278 ], [ -72.03643, -38.60313 ], [ -72.03685, -38.60315 ], [ -72.03823, -38.60236 ], [ -72.03917, -38.6017 ], [ -72.03934, -38.60149 ], [ -72.03955, -38.60082 ], [ -72.03972, -38.6007 ], [ -72.04016, -38.60066 ], [ -72.04043, -38.60074 ], [ -72.04094, -38.60144 ], [ -72.04145, -38.60169 ], [ -72.04247, -38.60168 ], [ -72.04281, -38.60188 ], [ -72.04328, -38.60193 ], [ -72.04416, -38.60084 ], [ -72.04416, -38.60054 ], [ -72.04405, -38.6002 ], [ -72.0442, -38.59992 ], [ -72.04448, -38.59974 ], [ -72.04476, -38.59968 ], [ -72.04643, -38.5997 ], [ -72.04724, -38.59985 ], [ -72.04774, -38.60026 ], [ -72.04792, -38.6005 ], [ -72.04793, -38.60083 ], [ -72.04769, -38.60142 ], [ -72.0478, -38.60156 ], [ -72.04848, -38.60167 ], [ -72.04953, -38.60143 ], [ -72.04977, -38.60131 ], [ -72.05006, -38.601 ], [ -72.05023, -38.60057 ], [ -72.05063, -38.60003 ], [ -72.05142, -38.5995 ], [ -72.05284, -38.59911 ], [ -72.05358, -38.59905 ], [ -72.05407, -38.59919 ], [ -72.05449, -38.59947 ], [ -72.05498, -38.60025 ], [ -72.05508, -38.60072 ], [ -72.05524, -38.60096 ], [ -72.05568, -38.60115 ], [ -72.05656, -38.60111 ], [ -72.05679, -38.60117 ], [ -72.05706, -38.60139 ], [ -72.05731, -38.60185 ], [ -72.05772, -38.60202 ], [ -72.05906, -38.60201 ], [ -72.06099, -38.60226 ], [ -72.06147, -38.60217 ], [ -72.06187, -38.60191 ], [ -72.06232, -38.60181 ], [ -72.0626, -38.60191 ], [ -72.06345, -38.60243 ], [ -72.06375, -38.60247 ], [ -72.06622, -38.60214 ], [ -72.06736, -38.60182 ], [ -72.0681, -38.60149 ], [ -72.06889, -38.60134 ], [ -72.06907, -38.60145 ], [ -72.0692, -38.60206 ], [ -72.06939, -38.60219 ], [ -72.06971, -38.60222 ], [ -72.07044, -38.60192 ], [ -72.0713, -38.60113 ], [ -72.07169, -38.60088 ], [ -72.07218, -38.6007 ], [ -72.07299, -38.60057 ], [ -72.0738, -38.60028 ], [ -72.0741, -38.60004 ], [ -72.07467, -38.59932 ], [ -72.07512, -38.59926 ], [ -72.07527, -38.59936 ], [ -72.07536, -38.59957 ], [ -72.07571, -38.59981 ], [ -72.07619, -38.59998 ], [ -72.07637, -38.59995 ], [ -72.0768, -38.59969 ], [ -72.07832, -38.59846 ], [ -72.07888, -38.59817 ], [ -72.07954, -38.59804 ], [ -72.0798, -38.59813 ], [ -72.08007, -38.59871 ], [ -72.08106, -38.59949 ], [ -72.08129, -38.59951 ], [ -72.08174, -38.59922 ], [ -72.0823, -38.59906 ], [ -72.08318, -38.59903 ], [ -72.08477, -38.59995 ], [ -72.08555, -38.60019 ], [ -72.08602, -38.60015 ], [ -72.08617, -38.60003 ], [ -72.08667, -38.59921 ], [ -72.08721, -38.5988 ], [ -72.08776, -38.59865 ], [ -72.08809, -38.59879 ], [ -72.08847, -38.59882 ], [ -72.08912, -38.59863 ], [ -72.09074, -38.59843 ], [ -72.0925, -38.59793 ], [ -72.0928, -38.59776 ], [ -72.09321, -38.59718 ], [ -72.09338, -38.59656 ], [ -72.09354, -38.59537 ], [ -72.09431, -38.59405 ], [ -72.09476, -38.5935 ], [ -72.09607, -38.59241 ], [ -72.09784, -38.59152 ], [ -72.09838, -38.5909 ], [ -72.09908, -38.59074 ], [ -72.09927, -38.59077 ], [ -72.10011, -38.59128 ], [ -72.10066, -38.59129 ], [ -72.10091, -38.59117 ], [ -72.10145, -38.59022 ], [ -72.10211, -38.5896 ], [ -72.10223, -38.58937 ], [ -72.10222, -38.58857 ], [ -72.1021, -38.58792 ], [ -72.1022, -38.5874 ], [ -72.10243, -38.58708 ], [ -72.1027, -38.58687 ], [ -72.10317, -38.58691 ] ] } },
{ "type": "Feature", "properties": { "osm_id": 267734425, "nombre": "Estero Pidenco", "tipo": "stream", "volcan_codigo": "LON", "volcan_nombre": "Lonquimay", "drena_volcan": false }, "geometry": { "type": "LineString", "coordinates": [ [ -71.899, -38.42782 ], [ -71.89987, -38.42741 ], [ -71.90043, -38.42734 ], [ -71.90048, -38.4272 ], [ -71.90035, -38.42704 ], [ -71.90071, -38.42659 ], [ -71.90064, -38.42629 ], [ -71.90031, -38.42628 ], [ -71.90023, -38.42613 ], [ -71.9004, -38.42592 ], [ -71.90044, -38.42572 ], [ -71.90035, -38.42556 ], [ -71.89999, -38.42542 ], [ -71.89921, -38.42569 ], [ -71.89911, -38.42541 ], [ -71.89884, -38.42506 ], [ -71.89877, -38.42462 ], [ -71.89887, -38.42418 ], [ -71.89941, -38.42354 ], [ -71.89907, -38.4225 ], [ -71.89909, -38.42205 ], [ -71.89964, -38.42144 ], [ -71.89976, -38.42113 ], [ -71.8997, -38.42103 ] ] } },
{ "type": "Feature", "properties": { "osm_id": 286314979, "nombre": "Río Indio", "tipo": "river", "volcan_codigo": "LON", "volcan_nombre": "Lonquimay", "drena_volcan": true }, "geometry": { "type": "LineString", "coordinates": [ [ -71.71101, -38.41751 ], [ -71.71526, -38.41948 ], [ -71.71638, -38.41965 ], [ -71.71925, -38.41917 ], [ -71.72064, -38.42011 ], [ -71.72181, -38.42211 ], [ -71.72322, -38.42294 ], [ -71.72531, -38.42336 ], [ -71.72661, -38.4238 ], [ -71.7281, -38.42445 ], [ -71.73099, -38.42639 ], [ -71.73409, -38.42895 ], [ -71.73498, -38.43006 ], [ -71.73555, -38.43231 ], [ -71.73549, -38.43289 ], [ -71.73592, -38.43332 ], [ -71.73617, -38.4339 ], [ -71.736, -38.43454 ], [ -71.73562, -38.43499 ], [ -71.73536, -38.43558 ], [ -71.73477, -38.43595 ], [ -71.73488, -38.4365 ], [ -71.7352, -38.4372 ], [ -71.73666, -38.43804 ], [ -71.73759, -38.43819 ], [ -71.73857, -38.43877 ], [ -71.74008, -38.43941 ], [ -71.7402, -38.43985 ], [ -71.741, -38.43997 ], [ -71.74215, -38.44041 ], [ -71.74322, -38.44106 ], [ -71.74389, -38.44232 ], [ -71.74497, -38.44327 ], [ -71.74524, -38.44458 ], [ -71.74508, -38.44581 ], [ -71.74456, -38.44662 ], [ -71.74326, -38.4483 ], [ -71.74229, -38.44975 ], [ -71.7412, -38.45421 ], [ -71.74055, -38.45508 ], [ -71.73967, -38.45602 ], [ -71.73965, -38.45656 ], [ -71.74003, -38.45887 ], [ -71.74037, -38.45995 ], [ -71.74044, -38.4608 ], [ -71.74057, -38.4611 ], [ -71.74104, -38.46115 ], [ -71.74176, -38.46106 ], [ -71.74292, -38.46135 ], [ -71.744, -38.46184 ], [ -71.74507, -38.46259 ] ] } },
{ "type": "Feature", "properties": { "osm_id": 294255643, "nombre": "Río Lolco", "tipo": "river", "volcan_codigo": "LON", "volcan_nombre": "Lonquimay", "drena_volcan": true }, "geometry": { "type": "LineString", "coordinates": [ [ -71.49184, -38.29502 ], [ -71.49156, -38.29481 ], [ -71.49164, -38.29441 ], [ -71.49138, -38.29434 ], [ -71.4912, -38.29444 ], [ -71.49114, -38.29469 ], [ -71.49143, -38.29502 ], [ -71.49124, -38.29517 ], [ -71.4911, -38.29515 ], [ -71.49075, -38.29462 ], [ -71.49062, -38.29399 ], [ -71.49046, -38.29391 ], [ -71.49016, -38.29398 ], [ -71.49001, -38.29424 ], [ -71.48988, -38.29425 ], [ -71.48902, -38.2938 ], [ -71.48889, -38.29382 ], [ -71.48868, -38.29414 ], [ -71.48849, -38.2941 ], [ -71.4884, -38.29377 ], [ -71.4889, -38.29347 ], [ -71.48903, -38.29327 ], [ -71.4888, -38.29306 ], [ -71.48793, -38.29278 ], [ -71.48842, -38.29236 ], [ -71.48843, -38.29226 ], [ -71.48814, -38.29209 ], [ -71.48796, -38.29208 ], [ -71.48773, -38.29231 ], [ -71.48757, -38.29235 ], [ -71.48696, -38.29215 ], [ -71.48675, -38.29196 ], [ -71.48687, -38.29167 ], [ -71.48639, -38.29136 ], [ -71.48626, -38.29106 ], [ -71.48612, -38.291 ], [ -71.48595, -38.29109 ], [ -71.48605, -38.29122 ], [ -71.48595, -38.2914 ], [ -71.48527, -38.2914 ], [ -71.48492, -38.29159 ], [ -71.48391, -38.29153 ], [ -71.48347, -38.29173 ], [ -71.4831, -38.29214 ], [ -71.48282, -38.29222 ] ] } },
{ "type": "Feature", "properties": { "osm_id": 294336683, "nombre": "Estero Guapitrio", "tipo": "stream", "volcan_codigo": "LON", "volcan_nombre": "Lonquimay", "drena_volcan": false }, "geometry": { "type": "LineString", "coordinates": [ [ -71.41218, -38.18422 ], [ -71.41197, -38.18346 ], [ -71.41214, -38.1833 ], [ -71.41234, -38.18242 ], [ -71.41299, -38.18173 ], [ -71.41424, -38.18134 ], [ -71.41537, -38.18061 ], [ -71.41593, -38.18037 ], [ -71.41619, -38.18015 ], [ -71.4162, -38.18002 ], [ -71.4159, -38.17983 ], [ -71.41473, -38.17956 ], [ -71.41412, -38.17913 ], [ -71.41412, -38.17901 ], [ -71.41428, -38.17869 ], [ -71.41457, -38.17857 ], [ -71.41514, -38.17813 ], [ -71.41546, -38.17801 ], [ -71.41612, -38.17753 ], [ -71.41622, -38.17712 ], [ -71.41616, -38.17662 ], [ -71.4162, -38.17643 ], [ -71.41642, -38.17616 ], [ -71.41738, -38.17555 ], [ -71.41794, -38.17555 ], [ -71.41867, -38.1752 ], [ -71.41929, -38.17417 ], [ -71.42001, -38.17396 ], [ -71.42059, -38.17342 ], [ -71.42128, -38.17326 ], [ -71.42159, -38.1729 ], [ -71.42163, -38.17273 ], [ -71.42151, -38.17248 ], [ -71.42152, -38.17232 ], [ -71.42228, -38.17195 ], [ -71.4223, -38.17164 ], [ -71.42284, -38.1714 ], [ -71.42288, -38.1704 ], [ -71.42322, -38.17026 ], [ -71.4244, -38.17008 ], [ -71.42458, -38.16971 ], [ -71.42485, -38.16947 ], [ -71.42481, -38.16929 ], [ -71.42505, -38.16892 ], [ -71.42597, -38.16867 ], [ -71.42634, -38.16773 ], [ -71.4269, -38.16707 ], [ -71.42701, -38.16585 ], [ -71.42765, -38.16457 ], [ -71.42783, -38.16381 ], [ -71.42802, -38.16228 ] ] } },
{ "type": "Feature", "properties": { "osm_id": 296512006, "nombre": "Sin nombre", "tipo": "river", "volcan_codigo": "LON", "volcan_nombre": "Lonquimay", "drena_volcan": false }, "geometry": { "type": "LineString", "coordinates": [ [ -71.54461, -38.18207 ], [ -71.5436, -38.18201 ], [ -71.5428, -38.18208 ], [ -71.54269, -38.18201 ], [ -71.54272, -38.18153 ], [ -71.54289, -38.18117 ], [ -71.54279, -38.181 ], [ -71.54243, -38.18099 ], [ -71.54198, -38.18112 ], [ -71.54099, -38.18098 ], [ -71.54079, -38.18055 ], [ -71.54058, -38.1804 ], [ -71.54023, -38.18053 ], [ -71.5398, -38.18055 ], [ -71.53924, -38.18042 ], [ -71.53617, -38.18007 ], [ -71.5358, -38.17994 ], [ -71.53493, -38.17884 ], [ -71.53458, -38.17875 ], [ -71.5337, -38.17872 ], [ -71.53325, -38.17848 ], [ -71.53316, -38.17822 ], [ -71.53319, -38.17792 ], [ -71.53339, -38.17767 ], [ -71.53366, -38.17751 ], [ -71.53394, -38.17691 ], [ -71.53365, -38.17586 ], [ -71.53378, -38.17567 ], [ -71.53398, -38.17454 ], [ -71.5343, -38.17394 ], [ -71.53429, -38.17371 ], [ -71.53311, -38.17108 ], [ -71.53309, -38.17077 ], [ -71.5332, -38.17024 ], [ -71.53367, -38.16944 ] ] } },
{ "type": "Feature", "properties": { "osm_id": 296542538, "nombre": "Estero Pichilolco", "tipo": "stream", "volcan_codigo": "LON", "volcan_nombre": "Lonquimay", "drena_volcan": false }, "geometry": { "type": "LineString", "coordinates": [ [ -71.39683, -38.17419 ], [ -71.39809, -38.17429 ], [ -71.39915, -38.17404 ], [ -71.40035, -38.17403 ], [ -71.40296, -38.17467 ], [ -71.40344, -38.17464 ], [ -71.40407, -38.17449 ], [ -71.40519, -38.17409 ], [ -71.40572, -38.17356 ], [ -71.40658, -38.17288 ], [ -71.40675, -38.17255 ], [ -71.40661, -38.17201 ], [ -71.40662, -38.17171 ], [ -71.40697, -38.17138 ], [ -71.40771, -38.17113 ], [ -71.40831, -38.17078 ], [ -71.40852, -38.17049 ], [ -71.40858, -38.16954 ], [ -71.40872, -38.16912 ], [ -71.40895, -38.16885 ], [ -71.40957, -38.16844 ], [ -71.41031, -38.16822 ], [ -71.41151, -38.16818 ], [ -71.41324, -38.16835 ], [ -71.41415, -38.16804 ], [ -71.41481, -38.16742 ], [ -71.41523, -38.16715 ], [ -71.41556, -38.16704 ], [ -71.41654, -38.16692 ], [ -71.41821, -38.16603 ], [ -71.42007, -38.16587 ], [ -71.42085, -38.16598 ], [ -71.42119, -38.16614 ], [ -71.42212, -38.16599 ], [ -71.42298, -38.16595 ], [ -71.42391, -38.16609 ], [ -71.42483, -38.16585 ], [ -71.42568, -38.16487 ], [ -71.42669, -38.16459 ], [ -71.42783, -38.16381 ] ] } },
{ "type": "Feature", "properties": { "osm_id": 296543441, "nombre": "Sin nombre", "tipo": "stream", "volcan_codigo": "LON", "volcan_nombre": "Lonquimay", "drena_volcan": false }, "geometry": { "type": "LineString", "coordinates": [ [ -71.38385, -38.16037 ], [ -71.38519, -38.16061 ], [ -71.38573, -38.16102 ], [ -71.38626, -38.16108 ], [ -71.38674, -38.16098 ], [ -71.38765, -38.16031 ], [ -71.3906, -38.16015 ], [ -71.39164, -38.16003 ], [ -71.39334, -38.1597 ], [ -71.39378, -38.15929 ], [ -71.39418, -38.15923 ], [ -71.39494, -38.15812 ], [ -71.39537, -38.15783 ], [ -71.39582, -38.15723 ], [ -71.39626, -38.15705 ], [ -71.39833, -38.15684 ], [ -71.39896, -38.15682 ], [ -71.39926, -38.15695 ], [ -71.39968, -38.15693 ], [ -71.40011, -38.15672 ], [ -71.40119, -38.15666 ], [ -71.40171, -38.15647 ], [ -71.40203, -38.15584 ], [ -71.40247, -38.15548 ], [ -71.40303, -38.15519 ], [ -71.40322, -38.15499 ], [ -71.40362, -38.1543 ], [ -71.40364, -38.15382 ], [ -71.40384, -38.15355 ], [ -71.40455, -38.15321 ], [ -71.40509, -38.15312 ], [ -71.40534, -38.15297 ], [ -71.40548, -38.15258 ], [ -71.40569, -38.15236 ], [ -71.40716, -38.15132 ], [ -71.40804, -38.15087 ], [ -71.40858, -38.15037 ], [ -71.40992, -38.14969 ], [ -71.41131, -38.14921 ], [ -71.41242, -38.14831 ], [ -71.4129, -38.14825 ], [ -71.41312, -38.1481 ], [ -71.41395, -38.14802 ], [ -71.41418, -38.14791 ], [ -71.41443, -38.14746 ] ] } },
{ "type": "Feature", "properties": { "osm_id": 296776894, "nombre": "Río Dillo", "tipo": "river", "volcan_codigo": "LON", "volcan_nombre": "Lonquimay", "drena_volcan": false }, "geometry": { "type": "LineString", "coordinates": [ [ -71.70125, -38.2509 ], [ -71.70296, -38.2501 ], [ -71.70371, -38.24966 ], [ -71.70407, -38.24929 ], [ -71.70437, -38.24864 ], [ -71.70486, -38.24815 ], [ -71.70505, -38.24771 ], [ -71.70556, -38.247 ], [ -71.70568, -38.24669 ], [ -71.70569, -38.24624 ], [ -71.70586, -38.24603 ], [ -71.70611, -38.24582 ], [ -71.7068, -38.24553 ], [ -71.70809, -38.24465 ], [ -71.70906, -38.24423 ], [ -71.70955, -38.24388 ], [ -71.7101, -38.24319 ], [ -71.71081, -38.24265 ], [ -71.71096, -38.24243 ], [ -71.71105, -38.24198 ], [ -71.71122, -38.24182 ], [ -71.71154, -38.24173 ], [ -71.71207, -38.24172 ], [ -71.71305, -38.24146 ], [ -71.71359, -38.2411 ], [ -71.71439, -38.24105 ], [ -71.71461, -38.24082 ], [ -71.71461, -38.24059 ], [ -71.7147, -38.24049 ], [ -71.71556, -38.24011 ], [ -71.71628, -38.24002 ], [ -71.71687, -38.23984 ], [ -71.71743, -38.23998 ], [ -71.71782, -38.23989 ], [ -71.72014, -38.23869 ], [ -71.72164, -38.23827 ], [ -71.72269, -38.23772 ], [ -71.7235, -38.23772 ], [ -71.72421, -38.23758 ], [ -71.72432, -38.23753 ], [ -71.72446, -38.23726 ], [ -71.7244, -38.23683 ], [ -71.72448, -38.23667 ], [ -71.72566, -38.23588 ], [ -71.72596, -38.23575 ], [ -71.72697, -38.23549 ], [ -71.72752, -38.23553 ], [ -71.7283, -38.23543 ], [ -71.72906, -38.23546 ], [ -71.73019, -38.23526 ], [ -71.73074, -38.23526 ], [ -71.73101, -38.23531 ], [ -71.73114, -38.23547 ], [ -71.73165, -38.23564 ], [ -71.73228, -38.23566 ], [ -71.73384, -38.2364 ], [ -71.73455, -38.23649 ], [ -71.7351, -38.23669 ], [ -71.73566, -38.23669 ], [ -71.73812, -38.23706 ], [ -71.73873, -38.23696 ], [ -71.74086, -38.2369 ], [ -71.74161, -38.2371 ], [ -71.74258, -38.23719 ], [ -71.74374, -38.23757 ], [ -71.74395, -38.23781 ], [ -71.74405, -38.23826 ], [ -71.74399, -38.23855 ], [ -71.74418, -38.23901 ], [ -71.745, -38.23987 ], [ -71.745, -38.24022 ], [ -71.74514, -38.24046 ], [ -71.74555, -38.24079 ], [ -71.74583, -38.24083 ], [ -71.74675, -38.24137 ], [ -71.74697, -38.24173 ], [ -71.74776, -38.24226 ], [ -71.74851, -38.24245 ], [ -71.74851, -38.24272 ], [ -71.74868, -38.2429 ], [ -71.74889, -38.24337 ], [ -71.74891, -38.24394 ], [ -71.74902, -38.24421 ], [ -71.74969, -38.24486 ], [ -71.75, -38.24554 ], [ -71.75068, -38.246 ], [ -71.75082, -38.24621 ], [ -71.7509, -38.24671 ], [ -71.75105, -38.24705 ], [ -71.75107, -38.24728 ], [ -71.75097, -38.24752 ], [ -71.75121, -38.24851 ], [ -71.75149, -38.2486 ], [ -71.75173, -38.24853 ], [ -71.75199, -38.24869 ], [ -71.75195, -38.24884 ], [ -71.75163, -38.249 ], [ -71.75131, -38.24933 ], [ -71.75166, -38.24953 ], [ -71.75177, -38.24983 ], [ -71.75211, -38.25009 ], [ -71.75213, -38.25024 ], [ -71.75195, -38.25053 ], [ -71.75213, -38.2507 ], [ -71.75218, -38.2509 ], [ -71.75272, -38.25086 ], [ -71.75324, -38.25091 ], [ -71.7534, -38.25124 ], [ -71.75368, -38.25137 ], [ -71.75384, -38.2516 ], [ -71.75373, -38.25201 ], [ -71.75377, -38.25211 ], [ -71.75462, -38.25225 ], [ -71.75473, -38.25237 ], [ -71.75466, -38.25261 ], [ -71.75473, -38.25269 ], [ -71.75491, -38.25271 ], [ -71.75527, -38.2525 ], [ -71.75549, -38.25278 ], [ -71.75577, -38.25281 ], [ -71.75619, -38.25269 ], [ -71.75648, -38.25277 ], [ -71.75656, -38.253 ], [ -71.75713, -38.25293 ], [ -71.75727, -38.25305 ], [ -71.7573, -38.25332 ], [ -71.7575, -38.25357 ], [ -71.75771, -38.25356 ], [ -71.75797, -38.25341 ], [ -71.75806, -38.25348 ], [ -71.75811, -38.25382 ], [ -71.75829, -38.25397 ], [ -71.75859, -38.25408 ], [ -71.75881, -38.25428 ], [ -71.75919, -38.25438 ], [ -71.75936, -38.25457 ], [ -71.75997, -38.25476 ], [ -71.76013, -38.25498 ], [ -71.76047, -38.25499 ], [ -71.76079, -38.25482 ], [ -71.76144, -38.25515 ], [ -71.762, -38.25532 ], [ -71.76211, -38.25555 ], [ -71.76207, -38.25616 ], [ -71.7622, -38.25633 ], [ -71.76314, -38.25656 ], [ -71.76348, -38.25688 ], [ -71.76349, -38.25725 ], [ -71.76371, -38.25752 ], [ -71.76456, -38.25776 ], [ -71.76507, -38.25824 ], [ -71.76522, -38.25872 ], [ -71.7655, -38.25903 ], [ -71.76568, -38.25948 ], [ -71.76543, -38.25987 ], [ -71.76542, -38.26048 ], [ -71.76572, -38.26074 ], [ -71.76585, -38.26111 ], [ -71.76689, -38.26204 ], [ -71.76763, -38.26309 ], [ -71.7683, -38.26362 ], [ -71.76824, -38.26384 ], [ -71.76891, -38.2648 ], [ -71.76979, -38.26528 ], [ -71.76987, -38.26539 ], [ -71.76987, -38.26567 ], [ -71.77003, -38.2659 ], [ -71.77085, -38.266 ], [ -71.77101, -38.26639 ], [ -71.77178, -38.26687 ], [ -71.77251, -38.26768 ], [ -71.77254, -38.26778 ], [ -71.77233, -38.26805 ], [ -71.77281, -38.2684 ], [ -71.77292, -38.26864 ], [ -71.77337, -38.26904 ], [ -71.77358, -38.26952 ], [ -71.77353, -38.2696 ], [ -71.77218, -38.26977 ], [ -71.77148, -38.27013 ], [ -71.77108, -38.27045 ], [ -71.77053, -38.27107 ], [ -71.77042, -38.27141 ], [ -71.77069, -38.27167 ], [ -71.77108, -38.27171 ], [ -71.77135, -38.2716 ], [ -71.77172, -38.27165 ], [ -71.77183, -38.27182 ], [ -71.77139, -38.27223 ], [ -71.77005, -38.27285 ], [ -71.7698, -38.27319 ], [ -71.76986, -38.27344 ], [ -71.77089, -38.2739 ], [ -71.77124, -38.27416 ], [ -71.77175, -38.27492 ], [ -71.77182, -38.2754 ], [ -71.77197, -38.27551 ], [ -71.77314, -38.2754 ], [ -71.7741, -38.27544 ], [ -71.77451, -38.27568 ], [ -71.77504, -38.27659 ], [ -71.77495, -38.27681 ], [ -71.7746, -38.27692 ], [ -71.77445, -38.27706 ], [ -71.77443, -38.27736 ], [ -71.77506, -38.27787 ], [ -71.775, -38.27846 ], [ -71.77511, -38.27868 ], [ -71.77558, -38.27874 ], [ -71.77607, -38.27851 ], [ -71.77642, -38.27853 ], [ -71.77668, -38.2787 ], [ -71.77669, -38.27902 ], [ -71.77647, -38.27938 ], [ -71.77659, -38.27984 ], [ -71.77685, -38.28029 ], [ -71.77685, -38.28067 ], [ -71.77673, -38.28084 ], [ -71.77612, -38.28103 ], [ -71.77584, -38.28125 ], [ -71.77578, -38.28152 ], [ -71.77591, -38.282 ], [ -71.77658, -38.28273 ], [ -71.77686, -38.28288 ], [ -71.77802, -38.28293 ], [ -71.77873, -38.28304 ], [ -71.78025, -38.28393 ], [ -71.7809, -38.2845 ], [ -71.78107, -38.28481 ], [ -71.78107, -38.28532 ], [ -71.78181, -38.28685 ], [ -71.78201, -38.28711 ], [ -71.78267, -38.28787 ], [ -71.78295, -38.28811 ], [ -71.7834, -38.28832 ], [ -71.78437, -38.28932 ], [ -71.7851, -38.28972 ], [ -71.78517, -38.28991 ], [ -71.78516, -38.2903 ], [ -71.78606, -38.29071 ], [ -71.78635, -38.29163 ], [ -71.78686, -38.29228 ], [ -71.78684, -38.29258 ], [ -71.78724, -38.29336 ], [ -71.78747, -38.29363 ], [ -71.78821, -38.29381 ], [ -71.7884, -38.29401 ], [ -71.78826, -38.29494 ], [ -71.78838, -38.29543 ], [ -71.78858, -38.2957 ], [ -71.78887, -38.29587 ], [ -71.78911, -38.29642 ], [ -71.78956, -38.29686 ], [ -71.79041, -38.29709 ], [ -71.7906, -38.29726 ], [ -71.79051, -38.29789 ], [ -71.79066, -38.29847 ], [ -71.79166, -38.29902 ], [ -71.79172, -38.29941 ], [ -71.7915, -38.29989 ], [ -71.79147, -38.30022 ], [ -71.79157, -38.30064 ], [ -71.79175, -38.30083 ], [ -71.7923, -38.30101 ], [ -71.79289, -38.30107 ], [ -71.79307, -38.30148 ], [ -71.7934, -38.30186 ], [ -71.79425, -38.30253 ], [ -71.79436, -38.30277 ] ] } },
{ "type": "Feature", "properties": { "osm_id": 298030499, "nombre": "Sin nombre", "tipo": "river", "volcan_codigo": "LON", "volcan_nombre": "Lonquimay", "drena_volcan": false }, "geometry": { "type": "LineString", "coordinates": [ [ -71.78654, -38.09737 ], [ -71.78713, -38.0973 ], [ -71.78801, -38.09691 ], [ -71.78965, -38.09686 ], [ -71.79019, -38.09705 ], [ -71.7904, -38.09684 ], [ -71.79039, -38.09649 ], [ -71.79087, -38.09582 ], [ -71.79086, -38.09558 ], [ -71.79065, -38.09508 ], [ -71.79069, -38.09467 ], [ -71.79087, -38.09427 ], [ -71.79135, -38.09408 ], [ -71.79178, -38.09408 ], [ -71.79208, -38.09391 ], [ -71.79227, -38.09338 ], [ -71.79251, -38.0933 ], [ -71.79327, -38.09278 ], [ -71.79394, -38.0925 ], [ -71.79429, -38.09242 ], [ -71.79493, -38.09242 ], [ -71.79551, -38.09206 ], [ -71.79591, -38.09206 ], [ -71.79658, -38.09233 ], [ -71.79691, -38.09234 ], [ -71.79732, -38.0923 ], [ -71.79797, -38.09201 ], [ -71.79834, -38.09089 ], [ -71.79873, -38.09027 ], [ -71.79904, -38.09002 ], [ -71.8002, -38.08984 ], [ -71.80121, -38.09009 ], [ -71.80173, -38.09039 ], [ -71.80222, -38.0908 ], [ -71.80269, -38.09162 ], [ -71.80357, -38.09204 ], [ -71.80387, -38.0925 ], [ -71.80381, -38.09277 ], [ -71.80408, -38.09321 ], [ -71.80465, -38.0938 ], [ -71.80523, -38.09398 ], [ -71.80659, -38.09368 ], [ -71.80901, -38.09403 ], [ -71.80968, -38.09393 ], [ -71.81025, -38.09424 ], [ -71.81066, -38.09402 ], [ -71.81167, -38.09399 ], [ -71.81192, -38.09377 ], [ -71.81249, -38.09359 ], [ -71.81323, -38.09369 ], [ -71.81411, -38.09341 ], [ -71.81436, -38.09293 ], [ -71.81475, -38.0927 ], [ -71.81512, -38.09235 ], [ -71.81544, -38.09221 ], [ -71.81603, -38.09225 ], [ -71.81679, -38.09179 ], [ -71.81697, -38.09148 ], [ -71.81697, -38.09117 ], [ -71.8165, -38.09069 ], [ -71.81658, -38.09044 ], [ -71.81681, -38.09015 ], [ -71.81716, -38.08994 ], [ -71.81802, -38.0896 ], [ -71.81829, -38.0899 ], [ -71.81902, -38.09025 ], [ -71.81952, -38.09031 ], [ -71.81992, -38.09046 ], [ -71.82032, -38.09047 ], [ -71.82125, -38.09091 ], [ -71.82163, -38.09098 ], [ -71.82206, -38.09073 ], [ -71.82369, -38.09047 ], [ -71.82395, -38.09087 ], [ -71.82416, -38.09099 ], [ -71.82466, -38.09112 ], [ -71.82481, -38.09128 ], [ -71.82542, -38.09139 ], [ -71.82597, -38.09171 ], [ -71.82602, -38.09208 ], [ -71.82634, -38.09221 ], [ -71.8267, -38.09224 ], [ -71.82762, -38.09269 ], [ -71.82954, -38.09254 ], [ -71.83054, -38.09297 ], [ -71.83263, -38.09275 ], [ -71.8332, -38.09306 ], [ -71.8341, -38.09313 ], [ -71.83452, -38.09296 ], [ -71.83536, -38.09212 ], [ -71.83663, -38.09263 ], [ -71.83815, -38.09309 ], [ -71.8389, -38.09376 ], [ -71.83952, -38.09418 ], [ -71.83975, -38.09426 ], [ -71.84056, -38.09424 ], [ -71.84153, -38.09394 ], [ -71.84273, -38.09405 ], [ -71.84373, -38.09375 ], [ -71.84683, -38.09423 ], [ -71.84737, -38.09444 ], [ -71.84781, -38.09443 ], [ -71.8484, -38.09385 ], [ -71.84984, -38.09328 ], [ -71.85055, -38.09288 ], [ -71.8508, -38.0926 ], [ -71.85077, -38.09198 ], [ -71.85091, -38.09155 ], [ -71.85111, -38.09132 ], [ -71.85172, -38.0909 ], [ -71.85204, -38.09001 ], [ -71.85232, -38.08985 ], [ -71.85264, -38.0892 ], [ -71.85322, -38.08897 ], [ -71.85353, -38.08872 ], [ -71.85366, -38.08849 ], [ -71.85362, -38.08761 ], [ -71.85569, -38.08664 ], [ -71.85617, -38.08659 ], [ -71.85705, -38.08663 ], [ -71.85733, -38.08683 ], [ -71.85746, -38.08708 ], [ -71.85769, -38.08716 ], [ -71.85794, -38.08705 ], [ -71.85773, -38.08649 ], [ -71.85788, -38.08617 ], [ -71.85813, -38.08586 ], [ -71.85862, -38.08561 ], [ -71.85919, -38.08556 ], [ -71.85987, -38.08595 ], [ -71.86018, -38.08633 ], [ -71.86047, -38.08642 ], [ -71.86102, -38.08626 ], [ -71.86173, -38.08597 ], [ -71.86233, -38.08558 ], [ -71.86255, -38.08527 ], [ -71.86268, -38.08488 ], [ -71.86271, -38.08441 ], [ -71.86295, -38.08409 ], [ -71.86325, -38.08396 ], [ -71.86379, -38.08389 ], [ -71.86437, -38.0839 ], [ -71.86491, -38.08373 ], [ -71.8655, -38.08335 ], [ -71.86665, -38.08313 ], [ -71.86706, -38.08293 ], [ -71.86721, -38.08267 ], [ -71.8673, -38.08193 ], [ -71.86761, -38.08168 ], [ -71.86864, -38.08145 ], [ -71.86899, -38.08106 ], [ -71.86907, -38.07994 ], [ -71.86935, -38.07965 ], [ -71.87006, -38.07931 ], [ -71.87122, -38.07856 ], [ -71.87171, -38.07808 ], [ -71.8719, -38.0776 ], [ -71.87187, -38.07733 ], [ -71.87118, -38.07647 ], [ -71.87119, -38.07629 ], [ -71.87151, -38.07603 ], [ -71.87207, -38.07582 ] ] } },
{ "type": "Feature", "properties": { "osm_id": 298030500, "nombre": "Río Malleco", "tipo": "river", "volcan_codigo": "LON", "volcan_nombre": "Lonquimay", "drena_volcan": false }, "geometry": { "type": "LineString", "coordinates": [ [ -71.73242, -38.22731 ], [ -71.73299, -38.22697 ], [ -71.7333, -38.22655 ], [ -71.73416, -38.22593 ], [ -71.7353, -38.22539 ], [ -71.73579, -38.22527 ], [ -71.73593, -38.22512 ], [ -71.73633, -38.22495 ], [ -71.73675, -38.22461 ], [ -71.73717, -38.2244 ], [ -71.73847, -38.2243 ], [ -71.73935, -38.22387 ], [ -71.73987, -38.22375 ], [ -71.74054, -38.22344 ], [ -71.74162, -38.2231 ], [ -71.74412, -38.22276 ], [ -71.74445, -38.22263 ], [ -71.74476, -38.22224 ], [ -71.74535, -38.2219 ], [ -71.7463, -38.22177 ], [ -71.74757, -38.22191 ], [ -71.75037, -38.22142 ], [ -71.75169, -38.22139 ], [ -71.75426, -38.22105 ], [ -71.75506, -38.22122 ], [ -71.75555, -38.22141 ], [ -71.75624, -38.22207 ], [ -71.75839, -38.2221 ], [ -71.75969, -38.22164 ], [ -71.76057, -38.22144 ], [ -71.76172, -38.22099 ], [ -71.76215, -38.22061 ], [ -71.76234, -38.22005 ], [ -71.76301, -38.21966 ], [ -71.76363, -38.21958 ], [ -71.76462, -38.21985 ], [ -71.76492, -38.21982 ], [ -71.76512, -38.21966 ], [ -71.76516, -38.21938 ], [ -71.76533, -38.21901 ], [ -71.76561, -38.21882 ], [ -71.76598, -38.21875 ], [ -71.76648, -38.21877 ], [ -71.76702, -38.21896 ], [ -71.76734, -38.21922 ], [ -71.76763, -38.21914 ], [ -71.76788, -38.21918 ], [ -71.76816, -38.21931 ], [ -71.76839, -38.21968 ], [ -71.76875, -38.2198 ], [ -71.76948, -38.21974 ], [ -71.77001, -38.21989 ], [ -71.77033, -38.2199 ], [ -71.7708, -38.21975 ], [ -71.77137, -38.21971 ], [ -71.77162, -38.21955 ], [ -71.77197, -38.21948 ], [ -71.77209, -38.21955 ], [ -71.77209, -38.21977 ], [ -71.77234, -38.21987 ], [ -71.77253, -38.21985 ], [ -71.77286, -38.21965 ], [ -71.77315, -38.21965 ], [ -71.77333, -38.21977 ], [ -71.77337, -38.22014 ], [ -71.77361, -38.22023 ], [ -71.7739, -38.22006 ], [ -71.77425, -38.21968 ], [ -71.77446, -38.2196 ], [ -71.77462, -38.21973 ], [ -71.77486, -38.22022 ], [ -71.7753, -38.22026 ], [ -71.77607, -38.21992 ], [ -71.77664, -38.21944 ], [ -71.77727, -38.21955 ], [ -71.77767, -38.21934 ], [ -71.77802, -38.21912 ], [ -71.77806, -38.21893 ], [ -71.77828, -38.21875 ], [ -71.77881, -38.21804 ], [ -71.77984, -38.21746 ], [ -71.78018, -38.2175 ], [ -71.7804, -38.21775 ], [ -71.7807, -38.21792 ], [ -71.78166, -38.21802 ], [ -71.78189, -38.21789 ], [ -71.7817, -38.21732 ], [ -71.78185, -38.21703 ], [ -71.78285, -38.21689 ], [ -71.78303, -38.21702 ], [ -71.78313, -38.21727 ], [ -71.78332, -38.21736 ], [ -71.78377, -38.2172 ], [ -71.78456, -38.21718 ], [ -71.78479, -38.217 ], [ -71.78491, -38.2165 ], [ -71.78553, -38.21622 ], [ -71.78604, -38.21628 ], [ -71.78621, -38.21642 ], [ -71.78627, -38.21686 ], [ -71.78685, -38.21719 ], [ -71.78719, -38.21722 ], [ -71.78737, -38.21706 ], [ -71.78739, -38.21666 ], [ -71.78724, -38.21617 ], [ -71.78732, -38.21599 ], [ -71.7876, -38.21585 ], [ -71.78868, -38.21567 ], [ -71.78938, -38.21582 ], [ -71.78944, -38.21599 ], [ -71.7892, -38.21637 ], [ -71.7893, -38.21648 ], [ -71.79004, -38.21661 ], [ -71.79058, -38.21682 ], [ -71.79155, -38.21673 ], [ -71.79194, -38.21656 ], [ -71.7921, -38.21635 ], [ -71.7921, -38.21601 ], [ -71.79224, -38.21568 ], [ -71.79275, -38.21554 ], [ -71.79293, -38.21555 ], [ -71.79315, -38.2157 ], [ -71.79361, -38.21622 ], [ -71.79443, -38.21642 ], [ -71.79475, -38.2162 ], [ -71.79479, -38.21579 ], [ -71.79499, -38.21565 ], [ -71.7957, -38.21569 ], [ -71.79644, -38.21557 ], [ -71.79753, -38.21556 ], [ -71.79786, -38.21549 ], [ -71.79798, -38.21523 ], [ -71.79792, -38.21479 ], [ -71.79799, -38.21441 ], [ -71.79831, -38.21417 ], [ -71.79864, -38.21417 ], [ -71.79909, -38.2144 ], [ -71.79965, -38.21491 ], [ -71.79988, -38.21476 ], [ -71.80026, -38.21418 ], [ -71.80058, -38.21408 ], [ -71.80155, -38.21403 ], [ -71.80212, -38.21394 ], [ -71.80338, -38.21355 ], [ -71.8045, -38.21345 ], [ -71.80496, -38.21355 ], [ -71.80579, -38.2139 ], [ -71.80627, -38.214 ], [ -71.8068, -38.214 ], [ -71.8078, -38.21437 ], [ -71.80793, -38.21444 ], [ -71.80787, -38.21482 ], [ -71.80796, -38.21502 ], [ -71.80851, -38.21506 ], [ -71.80896, -38.21491 ], [ -71.80921, -38.21498 ], [ -71.80957, -38.2152 ], [ -71.80995, -38.21581 ], [ -71.81013, -38.21592 ], [ -71.81044, -38.21597 ], [ -71.81083, -38.21584 ], [ -71.8112, -38.21558 ], [ -71.81142, -38.21558 ], [ -71.81151, -38.21566 ], [ -71.81144, -38.21589 ], [ -71.81149, -38.21605 ], [ -71.81215, -38.21609 ], [ -71.81315, -38.21574 ], [ -71.81341, -38.21574 ], [ -71.81355, -38.21586 ], [ -71.81361, -38.21629 ], [ -71.81387, -38.21643 ], [ -71.8142, -38.21644 ], [ -71.81474, -38.21635 ], [ -71.81606, -38.21578 ] ] } },
{ "type": "Feature", "properties": { "osm_id": 332227283, "nombre": "Sin nombre", "tipo": "stream", "volcan_codigo": "LON", "volcan_nombre": "Lonquimay", "drena_volcan": false }, "geometry": { "type": "LineString", "coordinates": [ [ -71.51032, -37.93512 ], [ -71.51116, -37.93509 ], [ -71.51179, -37.93488 ], [ -71.51195, -37.93498 ], [ -71.51254, -37.93491 ], [ -71.51278, -37.93499 ], [ -71.51331, -37.93487 ], [ -71.51363, -37.93497 ], [ -71.51447, -37.9347 ], [ -71.51495, -37.93438 ], [ -71.51719, -37.93376 ], [ -71.51792, -37.93319 ], [ -71.51866, -37.93223 ], [ -71.51889, -37.93212 ], [ -71.51934, -37.93209 ], [ -71.51975, -37.93215 ], [ -71.52005, -37.9321 ], [ -71.52048, -37.93189 ], [ -71.52085, -37.93163 ], [ -71.5212, -37.93122 ], [ -71.52148, -37.93109 ], [ -71.52165, -37.93085 ], [ -71.52153, -37.93056 ], [ -71.5216, -37.93035 ], [ -71.52213, -37.93031 ], [ -71.52231, -37.9302 ], [ -71.5224, -37.9299 ], [ -71.52268, -37.92957 ], [ -71.52276, -37.92924 ], [ -71.52301, -37.92898 ], [ -71.52345, -37.928 ], [ -71.52367, -37.9279 ], [ -71.52444, -37.92796 ], [ -71.52462, -37.92787 ], [ -71.52472, -37.92775 ], [ -71.52461, -37.92678 ], [ -71.52449, -37.92652 ], [ -71.5248, -37.92631 ], [ -71.52486, -37.92615 ], [ -71.52432, -37.92585 ], [ -71.52429, -37.92564 ], [ -71.52407, -37.92527 ], [ -71.52372, -37.925 ], [ -71.52354, -37.92408 ], [ -71.52359, -37.92389 ], [ -71.5238, -37.92369 ], [ -71.52424, -37.92345 ], [ -71.52631, -37.92325 ], [ -71.52651, -37.92313 ], [ -71.52664, -37.92287 ], [ -71.52652, -37.92261 ], [ -71.52617, -37.9222 ], [ -71.52617, -37.92185 ], [ -71.52627, -37.92158 ], [ -71.52649, -37.92137 ], [ -71.52677, -37.92134 ], [ -71.52691, -37.92117 ], [ -71.52695, -37.92088 ], [ -71.52666, -37.91992 ], [ -71.52667, -37.91973 ], [ -71.52681, -37.91961 ], [ -71.52674, -37.91937 ], [ -71.52691, -37.91934 ], [ -71.52691, -37.91907 ], [ -71.527, -37.91895 ], [ -71.52697, -37.91873 ], [ -71.52707, -37.91859 ], [ -71.52729, -37.91853 ], [ -71.52801, -37.91756 ], [ -71.52794, -37.91663 ], [ -71.52748, -37.91648 ], [ -71.52719, -37.91619 ], [ -71.52746, -37.91518 ], [ -71.52799, -37.91501 ], [ -71.52822, -37.91484 ], [ -71.52833, -37.91461 ], [ -71.52836, -37.91412 ], [ -71.52891, -37.91378 ], [ -71.52917, -37.91343 ], [ -71.52973, -37.91342 ], [ -71.53072, -37.91272 ], [ -71.53075, -37.9125 ], [ -71.53102, -37.9121 ], [ -71.53137, -37.91181 ], [ -71.53179, -37.91101 ], [ -71.53244, -37.91047 ], [ -71.53284, -37.91036 ], [ -71.53301, -37.91023 ], [ -71.53373, -37.91015 ], [ -71.53387, -37.91 ], [ -71.53401, -37.90946 ], [ -71.53425, -37.909 ], [ -71.53456, -37.9086 ], [ -71.53482, -37.90838 ], [ -71.53507, -37.90837 ], [ -71.53531, -37.90823 ], [ -71.53604, -37.90652 ], [ -71.53636, -37.90622 ], [ -71.53645, -37.90564 ], [ -71.53657, -37.90546 ], [ -71.53694, -37.90522 ], [ -71.53762, -37.90497 ], [ -71.53836, -37.90453 ], [ -71.53852, -37.9043 ], [ -71.53848, -37.90403 ], [ -71.53886, -37.90329 ], [ -71.53976, -37.90311 ], [ -71.54031, -37.90319 ], [ -71.54047, -37.9031 ] ] } },
{ "type": "Feature", "properties": { "osm_id": 333742378, "nombre": "Sin nombre", "tipo": "stream", "volcan_codigo": "LON", "volcan_nombre": "Lonquimay", "drena_volcan": false }, "geometry": { "type": "LineString", "coordinates": [ [ -71.65296, -38.6541 ], [ -71.6532, -38.65376 ], [ -71.65301, -38.6533 ], [ -71.65329, -38.65308 ], [ -71.65327, -38.65269 ], [ -71.65249, -38.65246 ], [ -71.65191, -38.65213 ], [ -71.6515, -38.65204 ], [ -71.65115, -38.6521 ], [ -71.65053, -38.65194 ], [ -71.65012, -38.65173 ], [ -71.65014, -38.6515 ], [ -71.64954, -38.65134 ], [ -71.649, -38.65133 ], [ -71.64777, -38.65114 ], [ -71.64762, -38.65085 ], [ -71.64727, -38.65054 ], [ -71.64667, -38.65032 ], [ -71.64616, -38.64969 ], [ -71.6457, -38.64936 ], [ -71.64541, -38.64808 ], [ -71.6455, -38.64786 ], [ -71.64539, -38.6478 ], [ -71.64534, -38.64762 ], [ -71.6454, -38.64721 ], [ -71.64551, -38.64715 ], [ -71.64552, -38.64698 ], [ -71.64574, -38.64676 ], [ -71.64591, -38.64629 ], [ -71.64613, -38.646 ], [ -71.64644, -38.64595 ], [ -71.64683, -38.64611 ], [ -71.64719, -38.64595 ], [ -71.6473, -38.64578 ] ] } },
{ "type": "Feature", "properties": { "osm_id": 335664047, "nombre": "Río Malleco", "tipo": "river", "volcan_codigo": "LON", "volcan_nombre": "Lonquimay", "drena_volcan": false }, "geometry": { "type": "LineString", "coordinates": [ [ -71.93003, -38.1972 ], [ -71.93018, -38.19714 ], [ -71.93093, -38.19721 ], [ -71.93128, -38.19712 ], [ -71.93188, -38.19659 ], [ -71.93252, -38.19563 ], [ -71.93301, -38.19532 ], [ -71.93365, -38.19514 ], [ -71.9345, -38.19509 ], [ -71.93582, -38.19448 ], [ -71.9369, -38.19425 ], [ -71.93752, -38.19399 ] ] } },
{ "type": "Feature", "properties": { "osm_id": 335664052, "nombre": "Río Renaico", "tipo": "river", "volcan_codigo": "LON", "volcan_nombre": "Lonquimay", "drena_volcan": false }, "geometry": { "type": "LineString", "coordinates": [ [ -71.7206, -38.14529 ], [ -71.71783, -38.14337 ], [ -71.71584, -38.14158 ], [ -71.71564, -38.14126 ], [ -71.71554, -38.14075 ], [ -71.71438, -38.13996 ], [ -71.71416, -38.1397 ], [ -71.71415, -38.13875 ], [ -71.71379, -38.13831 ], [ -71.71341, -38.13803 ], [ -71.71298, -38.13789 ], [ -71.71203, -38.13788 ], [ -71.71099, -38.13718 ], [ -71.71096, -38.13692 ], [ -71.71173, -38.13618 ], [ -71.71166, -38.13587 ], [ -71.71098, -38.13551 ], [ -71.7107, -38.13524 ], [ -71.71051, -38.1349 ], [ -71.71026, -38.13473 ], [ -71.70944, -38.13433 ], [ -71.70935, -38.13412 ], [ -71.70941, -38.13348 ], [ -71.70932, -38.13334 ], [ -71.70879, -38.13295 ], [ -71.70865, -38.13243 ], [ -71.7088, -38.13208 ], [ -71.70923, -38.13155 ], [ -71.70933, -38.13096 ], [ -71.70916, -38.13053 ], [ -71.70877, -38.13008 ], [ -71.70896, -38.12911 ], [ -71.70889, -38.12776 ], [ -71.70876, -38.12756 ], [ -71.70819, -38.12727 ], [ -71.70807, -38.1271 ], [ -71.70799, -38.12641 ], [ -71.70821, -38.1253 ], [ -71.7081, -38.12505 ], [ -71.70788, -38.12492 ], [ -71.70729, -38.12483 ], [ -71.70656, -38.12455 ], [ -71.70635, -38.12434 ], [ -71.70613, -38.12375 ], [ -71.70641, -38.12161 ], [ -71.70657, -38.12134 ], [ -71.70712, -38.12089 ], [ -71.7075, -38.12042 ], [ -71.7074, -38.12011 ], [ -71.70686, -38.11984 ], [ -71.7066, -38.11962 ], [ -71.70637, -38.11916 ], [ -71.7065, -38.1188 ], [ -71.70721, -38.11804 ], [ -71.70725, -38.11761 ], [ -71.70714, -38.11747 ], [ -71.70623, -38.1173 ], [ -71.70585, -38.11705 ], [ -71.70571, -38.11679 ], [ -71.70552, -38.11594 ], [ -71.7053, -38.11556 ], [ -71.7053, -38.11536 ], [ -71.70495, -38.11432 ], [ -71.70501, -38.11348 ], [ -71.70539, -38.11271 ], [ -71.70563, -38.11136 ], [ -71.7056, -38.11109 ], [ -71.70535, -38.11075 ], [ -71.70534, -38.11044 ], [ -71.70556, -38.11008 ], [ -71.70602, -38.10974 ], [ -71.70612, -38.10947 ], [ -71.70608, -38.10935 ], [ -71.70559, -38.10891 ], [ -71.70553, -38.10867 ], [ -71.70571, -38.10808 ], [ -71.70636, -38.10745 ], [ -71.70649, -38.10728 ], [ -71.70649, -38.10714 ], [ -71.70529, -38.10658 ], [ -71.70503, -38.10637 ], [ -71.70484, -38.10603 ], [ -71.70479, -38.1057 ], [ -71.70487, -38.10483 ], [ -71.70496, -38.10454 ], [ -71.7052, -38.10424 ], [ -71.70593, -38.10374 ], [ -71.7062, -38.10343 ], [ -71.7062, -38.10313 ], [ -71.70607, -38.10279 ], [ -71.70542, -38.10208 ], [ -71.70268, -38.09947 ], [ -71.7026, -38.0993 ], [ -71.70258, -38.09917 ], [ -71.70294, -38.09807 ], [ -71.70298, -38.09685 ], [ -71.7031, -38.09655 ], [ -71.70352, -38.09616 ], [ -71.70358, -38.09596 ], [ -71.70346, -38.09576 ], [ -71.70328, -38.09567 ], [ -71.7021, -38.09543 ], [ -71.70178, -38.09521 ], [ -71.70152, -38.09472 ], [ -71.70172, -38.09397 ], [ -71.70172, -38.09358 ], [ -71.70157, -38.0932 ], [ -71.70125, -38.09294 ], [ -71.70016, -38.09298 ], [ -71.6999, -38.09282 ], [ -71.69995, -38.09169 ], [ -71.70024, -38.09074 ], [ -71.70148, -38.08973 ], [ -71.70163, -38.08953 ], [ -71.70164, -38.08931 ], [ -71.70135, -38.08911 ], [ -71.69989, -38.08882 ], [ -71.69937, -38.08859 ], [ -71.69934, -38.08833 ], [ -71.69999, -38.08693 ], [ -71.69997, -38.08555 ], [ -71.69984, -38.08526 ], [ -71.69966, -38.08511 ], [ -71.69809, -38.08442 ], [ -71.69793, -38.08424 ], [ -71.69887, -38.08351 ], [ -71.69907, -38.08274 ], [ -71.70004, -38.08131 ], [ -71.70028, -38.08082 ], [ -71.70036, -38.08035 ], [ -71.70016, -38.07981 ], [ -71.70007, -38.07894 ], [ -71.70018, -38.07785 ], [ -71.70012, -38.07747 ], [ -71.69948, -38.07607 ], [ -71.69947, -38.07564 ], [ -71.69959, -38.07532 ], [ -71.70039, -38.07412 ], [ -71.70067, -38.0731 ], [ -71.7013, -38.07215 ], [ -71.70138, -38.07148 ], [ -71.70074, -38.07003 ], [ -71.70073, -38.06971 ], [ -71.70084, -38.06943 ], [ -71.70104, -38.06928 ], [ -71.70208, -38.06907 ], [ -71.70237, -38.06889 ], [ -71.70297, -38.06819 ], [ -71.70328, -38.06795 ], [ -71.70377, -38.06766 ], [ -71.70424, -38.0676 ], [ -71.70492, -38.06732 ], [ -71.7051, -38.06721 ], [ -71.70563, -38.06655 ], [ -71.7061, -38.06628 ], [ -71.7078, -38.06592 ], [ -71.70985, -38.06566 ], [ -71.71083, -38.06566 ], [ -71.71098, -38.06558 ], [ -71.71151, -38.06446 ], [ -71.71174, -38.06424 ], [ -71.71251, -38.06381 ], [ -71.71325, -38.06246 ], [ -71.71345, -38.06223 ], [ -71.71443, -38.06154 ], [ -71.71548, -38.06121 ], [ -71.71557, -38.06111 ], [ -71.71572, -38.05989 ], [ -71.71601, -38.05932 ], [ -71.71626, -38.05904 ], [ -71.71714, -38.05846 ], [ -71.71869, -38.05825 ], [ -71.71968, -38.05783 ], [ -71.7201, -38.05754 ], [ -71.72042, -38.05718 ], [ -71.72066, -38.05611 ], [ -71.72088, -38.05558 ], [ -71.72195, -38.05435 ], [ -71.72261, -38.0532 ], [ -71.7231, -38.05258 ], [ -71.72358, -38.05237 ], [ -71.72452, -38.05223 ], [ -71.72491, -38.05209 ], [ -71.72643, -38.05146 ], [ -71.72925, -38.05005 ], [ -71.72945, -38.04988 ], [ -71.72967, -38.04951 ], [ -71.73011, -38.04851 ], [ -71.73068, -38.04786 ], [ -71.7313, -38.0475 ], [ -71.73243, -38.04706 ] ] } },
{ "type": "Feature", "properties": { "osm_id": 339856361, "nombre": "Río Butaco", "tipo": "stream", "volcan_codigo": "LON", "volcan_nombre": "Lonquimay", "drena_volcan": false }, "geometry": { "type": "LineString", "coordinates": [ [ -71.59975, -38.07178 ], [ -71.59899, -38.07115 ], [ -71.59889, -38.07089 ], [ -71.59892, -38.07069 ], [ -71.5992, -38.07047 ], [ -71.5993, -38.07029 ], [ -71.59927, -38.06988 ], [ -71.59937, -38.06955 ], [ -71.59962, -38.06931 ], [ -71.59968, -38.06916 ], [ -71.59958, -38.06864 ], [ -71.59969, -38.06783 ], [ -71.59958, -38.06662 ], [ -71.59979, -38.06553 ], [ -71.60003, -38.06505 ], [ -71.60057, -38.06442 ], [ -71.60065, -38.06395 ], [ -71.6, -38.06336 ], [ -71.59985, -38.06302 ], [ -71.5996, -38.06099 ], [ -71.59966, -38.06053 ], [ -71.60007, -38.05991 ], [ -71.60011, -38.05959 ], [ -71.59991, -38.05945 ], [ -71.59942, -38.05933 ], [ -71.59902, -38.05897 ], [ -71.59874, -38.05846 ], [ -71.59879, -38.05835 ], [ -71.59912, -38.05837 ], [ -71.59929, -38.05829 ], [ -71.59943, -38.05807 ], [ -71.59945, -38.05783 ], [ -71.5992, -38.05731 ], [ -71.59927, -38.05709 ], [ -71.59853, -38.05694 ], [ -71.59834, -38.0568 ], [ -71.59818, -38.05642 ], [ -71.59796, -38.05551 ], [ -71.59801, -38.0553 ], [ -71.59819, -38.05509 ], [ -71.59877, -38.05472 ], [ -71.59931, -38.05459 ], [ -71.59948, -38.05446 ], [ -71.59948, -38.05434 ], [ -71.59936, -38.05421 ], [ -71.59852, -38.0541 ], [ -71.59832, -38.05328 ], [ -71.59835, -38.05313 ], [ -71.59867, -38.05287 ], [ -71.59869, -38.05276 ], [ -71.5982, -38.05248 ], [ -71.59798, -38.05225 ], [ -71.5975, -38.0511 ], [ -71.59779, -38.05045 ], [ -71.59755, -38.04985 ], [ -71.59757, -38.04968 ], [ -71.5984, -38.0491 ], [ -71.59839, -38.04894 ], [ -71.59776, -38.04861 ], [ -71.59767, -38.04836 ], [ -71.59773, -38.04815 ], [ -71.59849, -38.04756 ], [ -71.59858, -38.04739 ], [ -71.59842, -38.047 ], [ -71.59864, -38.04649 ], [ -71.59848, -38.04589 ], [ -71.59809, -38.04527 ], [ -71.59793, -38.04515 ], [ -71.59707, -38.04503 ], [ -71.59683, -38.04481 ], [ -71.59665, -38.04444 ], [ -71.59662, -38.04406 ], [ -71.59685, -38.04219 ], [ -71.5968, -38.04191 ], [ -71.59623, -38.0412 ], [ -71.59617, -38.04092 ], [ -71.5963, -38.0385 ], [ -71.59684, -38.03789 ], [ -71.59693, -38.03765 ], [ -71.59684, -38.03733 ], [ -71.59648, -38.03679 ], [ -71.59645, -38.03659 ], [ -71.59708, -38.03551 ], [ -71.59726, -38.03489 ], [ -71.59722, -38.03456 ], [ -71.5969, -38.03426 ], [ -71.59576, -38.03393 ], [ -71.59549, -38.03374 ], [ -71.59536, -38.03352 ], [ -71.59581, -38.03292 ], [ -71.59584, -38.0327 ], [ -71.59558, -38.03199 ], [ -71.59568, -38.03155 ], [ -71.59556, -38.03126 ], [ -71.59561, -38.03087 ], [ -71.59533, -38.0302 ], [ -71.59506, -38.02999 ], [ -71.59344, -38.02932 ], [ -71.59274, -38.02882 ], [ -71.59239, -38.02872 ], [ -71.59209, -38.0285 ], [ -71.59182, -38.02783 ], [ -71.59158, -38.02756 ], [ -71.59145, -38.02724 ], [ -71.59158, -38.02656 ], [ -71.59145, -38.02637 ], [ -71.59088, -38.02591 ], [ -71.59076, -38.0257 ], [ -71.59081, -38.02526 ], [ -71.59076, -38.02499 ], [ -71.59052, -38.02453 ], [ -71.5902, -38.02399 ], [ -71.58955, -38.02316 ], [ -71.58898, -38.0228 ], [ -71.58877, -38.02256 ], [ -71.58856, -38.02205 ], [ -71.58835, -38.02093 ], [ -71.58762, -38.01994 ], [ -71.5872, -38.01977 ], [ -71.58713, -38.01803 ], [ -71.58702, -38.01768 ], [ -71.58697, -38.01663 ], [ -71.5868, -38.0156 ], [ -71.58538, -38.01417 ], [ -71.58533, -38.01398 ], [ -71.58537, -38.01358 ], [ -71.58531, -38.01346 ], [ -71.58396, -38.01274 ], [ -71.58377, -38.01247 ], [ -71.58372, -38.01203 ], [ -71.58396, -38.01165 ], [ -71.5839, -38.01146 ], [ -71.58345, -38.01098 ], [ -71.58326, -38.01061 ], [ -71.58319, -38.0099 ], [ -71.58305, -38.00963 ], [ -71.58306, -38.00951 ], [ -71.58351, -38.00881 ], [ -71.58353, -38.00842 ], [ -71.58365, -38.00807 ], [ -71.58374, -38.00793 ], [ -71.58409, -38.0077 ], [ -71.58427, -38.00717 ], [ -71.58431, -38.00593 ], [ -71.58425, -38.00568 ], [ -71.58417, -38.00556 ], [ -71.58389, -38.00548 ], [ -71.58367, -38.00531 ], [ -71.58351, -38.0051 ], [ -71.58347, -38.00472 ], [ -71.58368, -38.00442 ], [ -71.58378, -38.00404 ], [ -71.58376, -38.00375 ], [ -71.58409, -38.00335 ], [ -71.58357, -38.00291 ], [ -71.5835, -38.00266 ], [ -71.58362, -38.00223 ], [ -71.58404, -38.00178 ], [ -71.58418, -38.0015 ], [ -71.58418, -38.00136 ], [ -71.58401, -38.00112 ], [ -71.58386, -38.00044 ], [ -71.5833, -37.99957 ], [ -71.58254, -37.99939 ], [ -71.58227, -37.99918 ], [ -71.58189, -37.99862 ], [ -71.58136, -37.99826 ], [ -71.58111, -37.99799 ], [ -71.58091, -37.99754 ], [ -71.58084, -37.99613 ], [ -71.58077, -37.99593 ], [ -71.5803, -37.9957 ], [ -71.57965, -37.99564 ], [ -71.57953, -37.99522 ], [ -71.5793, -37.99493 ], [ -71.57851, -37.99461 ], [ -71.5781, -37.99424 ], [ -71.57673, -37.9934 ], [ -71.57647, -37.99315 ], [ -71.57627, -37.99269 ], [ -71.57607, -37.99243 ], [ -71.57576, -37.99226 ], [ -71.57484, -37.99212 ], [ -71.57432, -37.9917 ], [ -71.57403, -37.99156 ], [ -71.57289, -37.99126 ], [ -71.57255, -37.99066 ], [ -71.5718, -37.99025 ], [ -71.57153, -37.99021 ], [ -71.57113, -37.99028 ], [ -71.57083, -37.99055 ], [ -71.57057, -37.99066 ], [ -71.57036, -37.9906 ], [ -71.5701, -37.99039 ], [ -71.56991, -37.9898 ], [ -71.56947, -37.98932 ], [ -71.56889, -37.98893 ], [ -71.56871, -37.98872 ], [ -71.5686, -37.98819 ], [ -71.56839, -37.98798 ], [ -71.56742, -37.98752 ], [ -71.56622, -37.98729 ], [ -71.56603, -37.98713 ], [ -71.56592, -37.98668 ], [ -71.56573, -37.98644 ], [ -71.56475, -37.98596 ], [ -71.56443, -37.98569 ], [ -71.56398, -37.98518 ], [ -71.5633, -37.98415 ], [ -71.56288, -37.98389 ], [ -71.56226, -37.98334 ], [ -71.56147, -37.98234 ], [ -71.56111, -37.98204 ], [ -71.56016, -37.98088 ], [ -71.55994, -37.98081 ] ] } },
{ "type": "Feature", "properties": { "osm_id": 339858280, "nombre": "Río Bureo", "tipo": "river", "volcan_codigo": "LON", "volcan_nombre": "Lonquimay", "drena_volcan": false }, "geometry": { "type": "LineString", "coordinates": [ [ -71.71462, -37.95699 ], [ -71.71499, -37.95694 ], [ -71.71571, -37.95655 ], [ -71.71614, -37.95646 ], [ -71.71641, -37.95659 ], [ -71.71665, -37.95689 ], [ -71.71686, -37.95693 ], [ -71.71736, -37.95691 ], [ -71.71784, -37.95671 ], [ -71.71814, -37.95669 ], [ -71.71926, -37.95698 ], [ -71.71959, -37.95699 ], [ -71.72013, -37.95677 ], [ -71.72052, -37.95673 ], [ -71.72181, -37.95683 ], [ -71.72241, -37.95699 ], [ -71.72269, -37.95698 ], [ -71.72316, -37.95684 ], [ -71.72354, -37.95684 ], [ -71.72441, -37.95713 ], [ -71.72483, -37.9569 ], [ -71.72528, -37.95685 ], [ -71.72571, -37.95712 ], [ -71.72629, -37.95734 ], [ -71.72735, -37.95739 ], [ -71.72778, -37.95708 ], [ -71.72859, -37.95681 ], [ -71.72923, -37.95628 ], [ -71.72996, -37.95607 ], [ -71.73054, -37.95558 ], [ -71.73094, -37.95554 ], [ -71.73174, -37.95565 ], [ -71.73243, -37.95527 ], [ -71.73353, -37.95523 ], [ -71.73486, -37.95498 ], [ -71.73558, -37.95439 ], [ -71.7365, -37.95404 ], [ -71.73662, -37.95359 ], [ -71.7369, -37.95336 ] ] } },
{ "type": "Feature", "properties": { "osm_id": 340018820, "nombre": "Río Butaco", "tipo": "stream", "volcan_codigo": "LON", "volcan_nombre": "Lonquimay", "drena_volcan": false }, "geometry": { "type": "LineString", "coordinates": [ [ -71.55994, -37.98081 ], [ -71.5584, -37.98069 ], [ -71.55821, -37.98055 ], [ -71.55814, -37.98023 ], [ -71.558, -37.98007 ], [ -71.55663, -37.97952 ], [ -71.5563, -37.9792 ], [ -71.55628, -37.97883 ] ] } },
{ "type": "Feature", "properties": { "osm_id": 359690113, "nombre": "Río Biobío", "tipo": "river", "volcan_codigo": "LON", "volcan_nombre": "Lonquimay", "drena_volcan": true }, "geometry": { "type": "LineString", "coordinates": [ [ -71.4788, -38.0444 ], [ -71.47947, -38.04389 ], [ -71.47974, -38.04292 ], [ -71.47989, -38.04188 ], [ -71.48066, -38.04011 ], [ -71.48102, -38.03639 ], [ -71.48184, -38.03514 ], [ -71.48211, -38.03459 ], [ -71.48243, -38.03366 ], [ -71.48246, -38.03332 ], [ -71.48234, -38.03304 ], [ -71.48194, -38.03275 ], [ -71.47978, -38.03169 ], [ -71.47924, -38.03136 ], [ -71.47902, -38.03104 ], [ -71.47893, -38.03052 ], [ -71.47908, -38.02972 ], [ -71.4787, -38.02754 ], [ -71.47878, -38.02429 ], [ -71.47868, -38.02257 ], [ -71.47907, -38.02121 ], [ -71.47975, -38.01757 ], [ -71.48039, -38.01609 ], [ -71.48092, -38.01442 ], [ -71.48112, -38.01338 ], [ -71.48126, -38.01263 ], [ -71.48105, -38.01181 ], [ -71.48088, -38.01059 ], [ -71.48128, -38.0083 ], [ -71.48207, -38.00684 ], [ -71.48239, -38.00608 ], [ -71.48325, -38.00498 ], [ -71.4842, -38.00404 ], [ -71.48512, -38.00361 ], [ -71.48638, -38.00336 ], [ -71.48793, -38.00329 ], [ -71.48919, -38.00331 ], [ -71.49081, -38.00377 ], [ -71.4921, -38.00445 ], [ -71.49308, -38.00522 ], [ -71.49368, -38.00596 ], [ -71.49416, -38.0064 ], [ -71.49455, -38.00663 ], [ -71.49538, -38.00695 ], [ -71.496, -38.00741 ], [ -71.4963, -38.0078 ], [ -71.49697, -38.00918 ], [ -71.49712, -38.00936 ], [ -71.49865, -38.00957 ], [ -71.49948, -38.0095 ], [ -71.49979, -38.00942 ], [ -71.50003, -38.00924 ], [ -71.50078, -38.0084 ], [ -71.50179, -38.00614 ], [ -71.50309, -38.00507 ], [ -71.50473, -38.0041 ], [ -71.50536, -38.00393 ], [ -71.50818, -38.00286 ], [ -71.50955, -38.00264 ], [ -71.51126, -38.00262 ], [ -71.51142, -38.00254 ], [ -71.51232, -38.00166 ], [ -71.51399, -38.00049 ], [ -71.51637, -37.99839 ], [ -71.51794, -37.99654 ], [ -71.52054, -37.9946 ], [ -71.52267, -37.99277 ], [ -71.52325, -37.99235 ], [ -71.52386, -37.99204 ], [ -71.52432, -37.99182 ], [ -71.52557, -37.99154 ], [ -71.52839, -37.9914 ], [ -71.52969, -37.99119 ], [ -71.53337, -37.98961 ], [ -71.53461, -37.98918 ], [ -71.5375, -37.98845 ], [ -71.53846, -37.98835 ], [ -71.53939, -37.98839 ], [ -71.54006, -37.98856 ], [ -71.54194, -37.98963 ] ] } },
{ "type": "Feature", "properties": { "osm_id": 360633221, "nombre": "Río Renaico", "tipo": "river", "volcan_codigo": "LON", "volcan_nombre": "Lonquimay", "drena_volcan": false }, "geometry": { "type": "LineString", "coordinates": [ [ -71.74119, -38.04021 ], [ -71.74157, -38.03989 ], [ -71.74225, -38.03963 ], [ -71.74497, -38.03959 ], [ -71.74534, -38.03951 ], [ -71.7456, -38.0393 ], [ -71.74611, -38.03851 ], [ -71.74629, -38.0384 ], [ -71.74744, -38.03817 ], [ -71.74839, -38.03778 ], [ -71.74913, -38.03774 ], [ -71.74986, -38.03788 ], [ -71.7502, -38.03782 ], [ -71.75065, -38.03746 ], [ -71.75124, -38.03658 ], [ -71.75216, -38.03603 ], [ -71.7526, -38.0359 ], [ -71.75371, -38.03572 ], [ -71.75727, -38.03574 ], [ -71.75747, -38.03569 ], [ -71.75831, -38.03519 ], [ -71.76145, -38.0345 ], [ -71.7628, -38.03453 ], [ -71.764, -38.03349 ], [ -71.76502, -38.0323 ], [ -71.76524, -38.03213 ], [ -71.76558, -38.03201 ], [ -71.76607, -38.03197 ], [ -71.76731, -38.032 ], [ -71.76815, -38.03177 ], [ -71.76914, -38.03127 ], [ -71.76934, -38.03109 ], [ -71.76969, -38.0302 ], [ -71.76995, -38.03011 ], [ -71.77048, -38.0301 ], [ -71.77166, -38.03049 ], [ -71.775, -38.03032 ], [ -71.77695, -38.03031 ], [ -71.77734, -38.03052 ], [ -71.77748, -38.03082 ], [ -71.77742, -38.03136 ], [ -71.77769, -38.0316 ], [ -71.77865, -38.03169 ], [ -71.77922, -38.03182 ], [ -71.78083, -38.03246 ], [ -71.782, -38.03262 ], [ -71.78274, -38.03285 ], [ -71.78395, -38.03339 ], [ -71.78428, -38.03347 ], [ -71.7852, -38.03348 ], [ -71.78575, -38.03368 ], [ -71.78664, -38.0344 ], [ -71.78688, -38.03474 ], [ -71.78706, -38.03513 ], [ -71.78716, -38.03571 ], [ -71.78712, -38.03673 ], [ -71.78733, -38.03717 ], [ -71.78767, -38.03739 ], [ -71.78914, -38.03745 ], [ -71.79064, -38.0371 ], [ -71.79205, -38.03745 ], [ -71.79245, -38.03747 ], [ -71.79565, -38.03718 ], [ -71.798, -38.03761 ], [ -71.80076, -38.03843 ], [ -71.80189, -38.03887 ], [ -71.8024, -38.03932 ], [ -71.80253, -38.03953 ], [ -71.80278, -38.04038 ], [ -71.80287, -38.04112 ], [ -71.80304, -38.04137 ], [ -71.80334, -38.04155 ], [ -71.80381, -38.04168 ], [ -71.80453, -38.04167 ] ] } },
{ "type": "Feature", "properties": { "osm_id": 360633225, "nombre": "Río Renaico", "tipo": "river", "volcan_codigo": "LON", "volcan_nombre": "Lonquimay", "drena_volcan": false }, "geometry": { "type": "LineString", "coordinates": [ [ -71.73243, -38.04706 ], [ -71.73353, -38.04594 ], [ -71.73373, -38.04545 ], [ -71.73417, -38.04371 ], [ -71.73445, -38.04322 ], [ -71.73462, -38.04307 ], [ -71.73523, -38.04295 ], [ -71.73628, -38.04307 ], [ -71.73681, -38.04326 ], [ -71.73704, -38.04328 ], [ -71.73727, -38.04318 ], [ -71.73776, -38.04256 ], [ -71.73811, -38.04163 ], [ -71.7384, -38.04122 ], [ -71.7386, -38.04107 ], [ -71.73917, -38.04102 ], [ -71.74074, -38.04119 ], [ -71.74095, -38.04102 ], [ -71.74119, -38.04021 ] ] } },
{ "type": "Feature", "properties": { "osm_id": 360812918, "nombre": "Río Malleco", "tipo": "river", "volcan_codigo": "LON", "volcan_nombre": "Lonquimay", "drena_volcan": false }, "geometry": { "type": "LineString", "coordinates": [ [ -71.92578, -38.20892 ], [ -71.92635, -38.20828 ], [ -71.92635, -38.20769 ], [ -71.9275, -38.20624 ], [ -71.92759, -38.20575 ] ] } },
{ "type": "Feature", "properties": { "osm_id": 360814089, "nombre": "Río Malleco", "tipo": "river", "volcan_codigo": "LON", "volcan_nombre": "Lonquimay", "drena_volcan": false }, "geometry": { "type": "LineString", "coordinates": [ [ -71.98441, -38.17715 ], [ -71.98566, -38.17645 ], [ -71.98615, -38.17606 ], [ -71.98775, -38.17595 ], [ -71.98853, -38.17549 ], [ -71.98904, -38.17475 ], [ -71.98926, -38.17213 ], [ -71.98946, -38.17178 ], [ -71.99006, -38.17122 ], [ -71.99152, -38.17025 ], [ -71.99336, -38.16965 ], [ -71.99399, -38.16963 ], [ -71.99517, -38.16986 ], [ -71.99565, -38.16983 ], [ -71.99632, -38.16965 ], [ -71.99755, -38.16908 ], [ -71.99846, -38.16826 ], [ -71.99887, -38.16808 ], [ -71.99952, -38.168 ], [ -71.99997, -38.16806 ], [ -72.00074, -38.16832 ], [ -72.00191, -38.16884 ], [ -72.00283, -38.16915 ], [ -72.00342, -38.16947 ], [ -72.00549, -38.17106 ], [ -72.00618, -38.17116 ], [ -72.00963, -38.1711 ], [ -72.01097, -38.17123 ], [ -72.01248, -38.17095 ], [ -72.01365, -38.17092 ], [ -72.01432, -38.17107 ], [ -72.01611, -38.17177 ], [ -72.01781, -38.17207 ], [ -72.01974, -38.17297 ], [ -72.02036, -38.17318 ], [ -72.02108, -38.17322 ], [ -72.02189, -38.17311 ], [ -72.02426, -38.17252 ], [ -72.02532, -38.17216 ], [ -72.02599, -38.17204 ], [ -72.02845, -38.17206 ], [ -72.03145, -38.17299 ], [ -72.03238, -38.17316 ], [ -72.03351, -38.17317 ], [ -72.03459, -38.17307 ], [ -72.03529, -38.17284 ], [ -72.03585, -38.17247 ], [ -72.03645, -38.17146 ], [ -72.03695, -38.17105 ], [ -72.04106, -38.16969 ], [ -72.04259, -38.16868 ], [ -72.04412, -38.16789 ], [ -72.04556, -38.16636 ], [ -72.04616, -38.16593 ], [ -72.04728, -38.16535 ], [ -72.04823, -38.16497 ], [ -72.05016, -38.16322 ], [ -72.05288, -38.16131 ], [ -72.05308, -38.16065 ], [ -72.05301, -38.15961 ], [ -72.05305, -38.15931 ], [ -72.05362, -38.15879 ], [ -72.05507, -38.15815 ], [ -72.05686, -38.15763 ], [ -72.05779, -38.15717 ], [ -72.05792, -38.15701 ], [ -72.05805, -38.15665 ], [ -72.05803, -38.15629 ], [ -72.05758, -38.15557 ], [ -72.05745, -38.15519 ], [ -72.05764, -38.1548 ], [ -72.05784, -38.15466 ], [ -72.05839, -38.15445 ], [ -72.05894, -38.15446 ], [ -72.05974, -38.15482 ], [ -72.06052, -38.15528 ], [ -72.06073, -38.15528 ], [ -72.06116, -38.15511 ], [ -72.06153, -38.15474 ], [ -72.06232, -38.15279 ], [ -72.0627, -38.15208 ], [ -72.06317, -38.15175 ], [ -72.06546, -38.15118 ], [ -72.0662, -38.15122 ], [ -72.06884, -38.15206 ], [ -72.0694, -38.15211 ], [ -72.07034, -38.15197 ], [ -72.07196, -38.15162 ], [ -72.07293, -38.15124 ], [ -72.07344, -38.15077 ], [ -72.07406, -38.1493 ], [ -72.07493, -38.14877 ], [ -72.07583, -38.14871 ], [ -72.07743, -38.14929 ], [ -72.07814, -38.14929 ], [ -72.07906, -38.14865 ], [ -72.07966, -38.14756 ], [ -72.08031, -38.14662 ], [ -72.0806, -38.14609 ], [ -72.08072, -38.14552 ], [ -72.08123, -38.14475 ], [ -72.08203, -38.14415 ], [ -72.08428, -38.14323 ], [ -72.08502, -38.14238 ], [ -72.0859, -38.14057 ], [ -72.08612, -38.14027 ], [ -72.0865, -38.14004 ], [ -72.0869, -38.13995 ], [ -72.08743, -38.14006 ], [ -72.08858, -38.14093 ], [ -72.08899, -38.14098 ], [ -72.0893, -38.14078 ], [ -72.08974, -38.13894 ], [ -72.09023, -38.13823 ], [ -72.09175, -38.13792 ], [ -72.09353, -38.13795 ], [ -72.09478, -38.13786 ], [ -72.0965, -38.13732 ], [ -72.09724, -38.13658 ], [ -72.09767, -38.13503 ], [ -72.09815, -38.13417 ], [ -72.09898, -38.13372 ], [ -72.0998, -38.13357 ], [ -72.10223, -38.13377 ], [ -72.10277, -38.13362 ], [ -72.10306, -38.13326 ], [ -72.10325, -38.13281 ], [ -72.10352, -38.13265 ], [ -72.10631, -38.13229 ], [ -72.10674, -38.132 ], [ -72.10988, -38.128 ], [ -72.11086, -38.12712 ], [ -72.1122, -38.12637 ], [ -72.11291, -38.12608 ], [ -72.11509, -38.12565 ], [ -72.11579, -38.12444 ], [ -72.11674, -38.12317 ], [ -72.1179, -38.1228 ], [ -72.11831, -38.12285 ], [ -72.12027, -38.12273 ], [ -72.12167, -38.12233 ], [ -72.12406, -38.12116 ], [ -72.12501, -38.12083 ], [ -72.12594, -38.12065 ], [ -72.12712, -38.12066 ], [ -72.12785, -38.12056 ], [ -72.1321, -38.11902 ], [ -72.13322, -38.11887 ], [ -72.13376, -38.1189 ], [ -72.1344, -38.11911 ], [ -72.13449, -38.11941 ], [ -72.13447, -38.1201 ], [ -72.13461, -38.12032 ], [ -72.13507, -38.12043 ], [ -72.1363, -38.12032 ], [ -72.13882, -38.1208 ], [ -72.14097, -38.12105 ], [ -72.14132, -38.12087 ], [ -72.14225, -38.11923 ], [ -72.14266, -38.11826 ], [ -72.14267, -38.11716 ], [ -72.14304, -38.11631 ], [ -72.1435, -38.11594 ], [ -72.14425, -38.11573 ], [ -72.14587, -38.11596 ], [ -72.14785, -38.11488 ], [ -72.14768, -38.11401 ], [ -72.14828, -38.11355 ], [ -72.1489, -38.11327 ], [ -72.14927, -38.11328 ], [ -72.15096, -38.11299 ], [ -72.15296, -38.11217 ], [ -72.15342, -38.11222 ], [ -72.15465, -38.1131 ], [ -72.15589, -38.1142 ], [ -72.15646, -38.11449 ], [ -72.15692, -38.11426 ], [ -72.15707, -38.1136 ], [ -72.15681, -38.11252 ], [ -72.15673, -38.11177 ], [ -72.15697, -38.1115 ], [ -72.15769, -38.11127 ], [ -72.15803, -38.11089 ], [ -72.15827, -38.11044 ], [ -72.15801, -38.11 ], [ -72.15812, -38.10966 ], [ -72.15856, -38.10935 ], [ -72.15962, -38.10922 ], [ -72.16045, -38.10885 ], [ -72.16116, -38.10878 ], [ -72.16219, -38.1089 ], [ -72.16294, -38.10921 ], [ -72.16402, -38.10932 ], [ -72.165, -38.10918 ], [ -72.16597, -38.10869 ], [ -72.16675, -38.10842 ], [ -72.16971, -38.10801 ], [ -72.17213, -38.10749 ], [ -72.17309, -38.10743 ], [ -72.174, -38.10712 ], [ -72.17533, -38.10648 ], [ -72.17727, -38.10527 ], [ -72.18002, -38.1034 ], [ -72.18099, -38.10085 ], [ -72.18135, -38.10036 ], [ -72.18191, -38.10011 ], [ -72.18322, -38.10007 ], [ -72.18517, -38.09941 ], [ -72.1858, -38.09854 ], [ -72.1859, -38.09822 ], [ -72.18579, -38.09775 ], [ -72.18542, -38.09743 ], [ -72.18536, -38.09716 ], [ -72.18576, -38.09672 ], [ -72.18588, -38.09628 ], [ -72.18618, -38.09582 ], [ -72.18701, -38.09529 ], [ -72.18904, -38.09422 ], [ -72.18952, -38.09428 ], [ -72.19119, -38.09376 ], [ -72.19153, -38.09298 ], [ -72.19159, -38.09081 ], [ -72.19371, -38.09013 ], [ -72.19607, -38.08972 ], [ -72.19689, -38.08968 ], [ -72.19836, -38.08991 ], [ -72.19913, -38.08995 ], [ -72.19982, -38.08979 ], [ -72.20053, -38.08925 ], [ -72.20114, -38.08833 ], [ -72.20341, -38.08787 ], [ -72.20677, -38.08609 ], [ -72.20739, -38.08611 ], [ -72.20788, -38.08635 ], [ -72.20811, -38.08693 ], [ -72.2086, -38.08699 ], [ -72.20914, -38.08686 ], [ -72.20972, -38.08698 ], [ -72.21168, -38.08845 ], [ -72.21282, -38.08888 ], [ -72.21476, -38.08898 ], [ -72.21549, -38.08859 ], [ -72.21572, -38.08798 ], [ -72.21798, -38.08529 ], [ -72.21905, -38.0845 ], [ -72.21982, -38.08429 ], [ -72.22101, -38.08462 ], [ -72.22266, -38.08491 ], [ -72.22344, -38.08486 ], [ -72.22373, -38.08445 ], [ -72.22411, -38.0834 ], [ -72.22472, -38.0824 ], [ -72.22551, -38.08151 ], [ -72.22612, -38.08133 ], [ -72.22658, -38.08139 ], [ -72.22773, -38.08198 ], [ -72.22854, -38.08225 ], [ -72.23026, -38.0824 ], [ -72.23298, -38.08172 ], [ -72.23412, -38.08134 ], [ -72.23489, -38.08088 ], [ -72.23609, -38.07964 ], [ -72.23674, -38.07919 ], [ -72.23751, -38.07898 ], [ -72.23973, -38.0788 ], [ -72.24025, -38.07854 ], [ -72.24174, -38.07725 ], [ -72.24225, -38.07695 ], [ -72.24397, -38.07643 ], [ -72.24491, -38.07582 ], [ -72.24574, -38.07555 ], [ -72.24669, -38.07553 ], [ -72.24879, -38.07605 ], [ -72.24972, -38.07603 ], [ -72.25245, -38.07571 ], [ -72.25491, -38.0752 ], [ -72.25532, -38.07496 ], [ -72.25561, -38.07387 ], [ -72.25663, -38.07299 ], [ -72.25745, -38.07251 ], [ -72.25798, -38.07237 ], [ -72.26, -38.07215 ], [ -72.26062, -38.07223 ], [ -72.26166, -38.07221 ], [ -72.26337, -38.07162 ], [ -72.26377, -38.07129 ], [ -72.26462, -38.07031 ], [ -72.26522, -38.06924 ], [ -72.26529, -38.06848 ], [ -72.26523, -38.06616 ], [ -72.26634, -38.06468 ], [ -72.26772, -38.0631 ], [ -72.26941, -38.06184 ], [ -72.27016, -38.06164 ], [ -72.27299, -38.06165 ], [ -72.27427, -38.06174 ], [ -72.27564, -38.06172 ], [ -72.27679, -38.06156 ], [ -72.27816, -38.06104 ], [ -72.27904, -38.0605 ], [ -72.28086, -38.05991 ], [ -72.28176, -38.06005 ], [ -72.28239, -38.0604 ], [ -72.28283, -38.06091 ], [ -72.28325, -38.06184 ], [ -72.28471, -38.06336 ], [ -72.28534, -38.06374 ], [ -72.28576, -38.06342 ], [ -72.28629, -38.06321 ], [ -72.28676, -38.06319 ], [ -72.28788, -38.06362 ], [ -72.28948, -38.06402 ], [ -72.29075, -38.06454 ], [ -72.29158, -38.06479 ], [ -72.29226, -38.06482 ], [ -72.29563, -38.06423 ], [ -72.29631, -38.06395 ], [ -72.3006, -38.06063 ], [ -72.30189, -38.05867 ], [ -72.30243, -38.05819 ], [ -72.30309, -38.05792 ], [ -72.30387, -38.05785 ], [ -72.30581, -38.05832 ], [ -72.30703, -38.05841 ], [ -72.30783, -38.05811 ], [ -72.30939, -38.05725 ], [ -72.31053, -38.05692 ], [ -72.31113, -38.05701 ], [ -72.31199, -38.05692 ], [ -72.31427, -38.05707 ], [ -72.31597, -38.05741 ], [ -72.31675, -38.05736 ], [ -72.31737, -38.057 ], [ -72.31977, -38.05489 ], [ -72.32184, -38.05167 ], [ -72.32238, -38.05143 ], [ -72.32261, -38.05151 ], [ -72.32281, -38.0518 ], [ -72.3235, -38.05227 ], [ -72.32455, -38.05256 ], [ -72.3266, -38.05256 ], [ -72.32775, -38.05194 ], [ -72.32977, -38.05146 ], [ -72.33027, -38.05121 ], [ -72.33043, -38.0508 ], [ -72.33038, -38.04931 ], [ -72.33062, -38.04877 ], [ -72.33211, -38.04825 ], [ -72.33382, -38.04822 ], [ -72.33719, -38.05058 ], [ -72.33774, -38.05064 ], [ -72.33839, -38.05037 ], [ -72.33959, -38.04951 ], [ -72.34006, -38.04888 ], [ -72.34041, -38.0482 ], [ -72.3405, -38.04754 ], [ -72.34034, -38.047 ], [ -72.33962, -38.04569 ], [ -72.33952, -38.04523 ], [ -72.33975, -38.0446 ], [ -72.34028, -38.04396 ], [ -72.34056, -38.04329 ], [ -72.34109, -38.04271 ], [ -72.34201, -38.04205 ], [ -72.34297, -38.04169 ], [ -72.34424, -38.0416 ], [ -72.34465, -38.04147 ], [ -72.34531, -38.04104 ], [ -72.34577, -38.04084 ], [ -72.34781, -38.04035 ], [ -72.3486, -38.0399 ], [ -72.35059, -38.03827 ], [ -72.3511, -38.03745 ], [ -72.35145, -38.03664 ], [ -72.35111, -38.0357 ], [ -72.3511, -38.03531 ], [ -72.35137, -38.03491 ], [ -72.35315, -38.03385 ], [ -72.35368, -38.03326 ], [ -72.35404, -38.03235 ], [ -72.35438, -38.03188 ], [ -72.3573, -38.03028 ], [ -72.35767, -38.02982 ], [ -72.35768, -38.02917 ], [ -72.35783, -38.02857 ], [ -72.35819, -38.02814 ], [ -72.35883, -38.02819 ], [ -72.35945, -38.02837 ], [ -72.36, -38.02821 ], [ -72.36056, -38.02743 ], [ -72.36062, -38.02704 ], [ -72.36209, -38.02623 ], [ -72.36307, -38.02586 ], [ -72.36382, -38.02585 ], [ -72.36508, -38.02623 ], [ -72.36582, -38.02623 ], [ -72.36675, -38.02597 ], [ -72.36829, -38.02592 ], [ -72.37067, -38.02488 ], [ -72.37102, -38.0242 ], [ -72.37276, -38.0226 ], [ -72.37315, -38.02197 ], [ -72.37374, -38.02167 ], [ -72.37447, -38.02155 ], [ -72.37526, -38.02156 ], [ -72.37578, -38.02168 ], [ -72.37642, -38.02196 ], [ -72.37737, -38.02266 ], [ -72.37931, -38.02283 ], [ -72.3809, -38.02308 ], [ -72.38144, -38.02309 ], [ -72.38193, -38.02288 ], [ -72.38204, -38.0227 ], [ -72.38199, -38.02247 ], [ -72.38178, -38.02226 ], [ -72.38126, -38.02195 ], [ -72.3804, -38.02166 ], [ -72.3801, -38.02136 ], [ -72.38048, -38.01917 ], [ -72.38092, -38.01807 ], [ -72.38151, -38.01742 ], [ -72.38183, -38.01725 ], [ -72.38481, -38.01614 ], [ -72.3852, -38.01594 ], [ -72.38542, -38.01572 ], [ -72.38544, -38.01558 ], [ -72.3853, -38.01539 ], [ -72.38453, -38.01523 ], [ -72.38435, -38.01513 ], [ -72.38432, -38.015 ], [ -72.38482, -38.01479 ], [ -72.38494, -38.01438 ], [ -72.38513, -38.01418 ], [ -72.3866, -38.01322 ], [ -72.38834, -38.01118 ], [ -72.38877, -38.01039 ], [ -72.39071, -38.0089 ], [ -72.39108, -38.00836 ], [ -72.39177, -38.00662 ], [ -72.39229, -38.00593 ], [ -72.39266, -38.00559 ], [ -72.39317, -38.00529 ], [ -72.39477, -38.00448 ], [ -72.39655, -38.0037 ], [ -72.39999, -38.00256 ], [ -72.40183, -38.0021 ], [ -72.40345, -38.0018 ], [ -72.40509, -38.00169 ], [ -72.40569, -38.00156 ], [ -72.40618, -38.00109 ], [ -72.40651, -38.00042 ], [ -72.40647, -37.99994 ], [ -72.40582, -37.99888 ], [ -72.40573, -37.9984 ], [ -72.40609, -37.99787 ], [ -72.40674, -37.99749 ], [ -72.40687, -37.99732 ], [ -72.40704, -37.99681 ], [ -72.4071, -37.996 ], [ -72.40723, -37.99569 ], [ -72.40741, -37.9955 ], [ -72.40799, -37.99521 ], [ -72.40838, -37.99516 ], [ -72.40908, -37.9952 ], [ -72.41036, -37.99493 ], [ -72.41367, -37.99364 ], [ -72.41496, -37.99297 ], [ -72.4161, -37.99216 ], [ -72.4169, -37.99125 ], [ -72.41739, -37.99046 ], [ -72.41975, -37.98825 ], [ -72.42027, -37.98721 ], [ -72.42035, -37.98631 ], [ -72.42029, -37.98564 ], [ -72.42019, -37.98528 ], [ -72.41978, -37.98447 ], [ -72.41974, -37.98388 ], [ -72.41998, -37.98322 ], [ -72.42045, -37.98241 ], [ -72.42113, -37.98062 ], [ -72.42159, -37.97996 ], [ -72.42218, -37.97945 ], [ -72.42532, -37.97728 ], [ -72.42543, -37.97654 ], [ -72.4262, -37.9752 ], [ -72.42682, -37.97386 ], [ -72.42756, -37.97155 ], [ -72.4286, -37.96949 ], [ -72.42921, -37.96875 ], [ -72.43069, -37.96726 ], [ -72.4322, -37.96639 ] ] } },
{ "type": "Feature", "properties": { "osm_id": 360826008, "nombre": "Río Renaico", "tipo": "river", "volcan_codigo": "LON", "volcan_nombre": "Lonquimay", "drena_volcan": false }, "geometry": { "type": "LineString", "coordinates": [ [ -71.69924, -38.18082 ], [ -71.69826, -38.18049 ], [ -71.69717, -38.17974 ], [ -71.69452, -38.17836 ], [ -71.69393, -38.17734 ], [ -71.69382, -38.17668 ], [ -71.69341, -38.17619 ], [ -71.69335, -38.17562 ], [ -71.69354, -38.17474 ], [ -71.69335, -38.17394 ], [ -71.69381, -38.17237 ], [ -71.69389, -38.17133 ], [ -71.69419, -38.17076 ], [ -71.69414, -38.1702 ], [ -71.69425, -38.16974 ], [ -71.69418, -38.16933 ], [ -71.69425, -38.16902 ], [ -71.69441, -38.16878 ], [ -71.69507, -38.16844 ], [ -71.69534, -38.1682 ], [ -71.69588, -38.16742 ], [ -71.69622, -38.16711 ], [ -71.69688, -38.16671 ], [ -71.69759, -38.16614 ], [ -71.69827, -38.16584 ], [ -71.69867, -38.16557 ], [ -71.69907, -38.16503 ], [ -71.69979, -38.16446 ], [ -71.7006, -38.16348 ], [ -71.70096, -38.16315 ], [ -71.70164, -38.16285 ], [ -71.70196, -38.16246 ], [ -71.70224, -38.16226 ], [ -71.7025, -38.16167 ], [ -71.70311, -38.1612 ], [ -71.7035, -38.16075 ], [ -71.70385, -38.1601 ], [ -71.7042, -38.15984 ], [ -71.70464, -38.15935 ], [ -71.70573, -38.15852 ], [ -71.70673, -38.15809 ], [ -71.7072, -38.15806 ], [ -71.70811, -38.15736 ], [ -71.70916, -38.15734 ], [ -71.71252, -38.15642 ], [ -71.71339, -38.15604 ], [ -71.71439, -38.15539 ], [ -71.71501, -38.15463 ], [ -71.71515, -38.15392 ], [ -71.71564, -38.1532 ], [ -71.7163, -38.15244 ], [ -71.71695, -38.1519 ], [ -71.71745, -38.15128 ], [ -71.71813, -38.15071 ], [ -71.71866, -38.15011 ], [ -71.71986, -38.1492 ], [ -71.72001, -38.149 ], [ -71.72012, -38.14844 ], [ -71.72039, -38.14798 ], [ -71.72045, -38.1477 ], [ -71.72088, -38.14731 ], [ -71.72111, -38.14698 ], [ -71.72149, -38.14674 ], [ -71.72157, -38.14661 ], [ -71.72148, -38.14619 ], [ -71.72157, -38.14574 ], [ -71.72145, -38.14565 ], [ -71.72105, -38.14559 ], [ -71.7206, -38.14529 ] ] } },
{ "type": "Feature", "properties": { "osm_id": 364261916, "nombre": "Río Malleco", "tipo": "river", "volcan_codigo": "LON", "volcan_nombre": "Lonquimay", "drena_volcan": false }, "geometry": { "type": "LineString", "coordinates": [ [ -71.93752, -38.19399 ], [ -71.94112, -38.19245 ], [ -71.94273, -38.19194 ], [ -71.94415, -38.19173 ], [ -71.94471, -38.19149 ], [ -71.94478, -38.19132 ], [ -71.94443, -38.1906 ], [ -71.94468, -38.19025 ], [ -71.94535, -38.19001 ], [ -71.94582, -38.18954 ], [ -71.94617, -38.18877 ], [ -71.94635, -38.18782 ], [ -71.94677, -38.18715 ], [ -71.94719, -38.18716 ], [ -71.9475, -38.18687 ], [ -71.94773, -38.18613 ], [ -71.94761, -38.18578 ], [ -71.94723, -38.18544 ], [ -71.94669, -38.18521 ], [ -71.94595, -38.1851 ], [ -71.94545, -38.18481 ], [ -71.94576, -38.1835 ], [ -71.94532, -38.18287 ], [ -71.94521, -38.18148 ], [ -71.94595, -38.18 ], [ -71.946, -38.17904 ], [ -71.946, -38.17884 ], [ -71.94556, -38.17766 ], [ -71.94577, -38.17739 ], [ -71.94704, -38.17707 ], [ -71.94729, -38.17674 ], [ -71.9478, -38.1753 ], [ -71.94828, -38.17474 ], [ -71.9488, -38.17448 ], [ -71.94948, -38.17425 ], [ -71.94998, -38.1743 ], [ -71.95112, -38.17459 ], [ -71.95271, -38.17462 ], [ -71.95373, -38.1745 ], [ -71.95389, -38.17437 ], [ -71.95389, -38.17415 ], [ -71.95367, -38.17363 ], [ -71.95355, -38.17271 ], [ -71.95374, -38.17242 ], [ -71.95401, -38.17225 ], [ -71.95456, -38.17238 ], [ -71.95527, -38.1724 ], [ -71.95661, -38.17324 ], [ -71.95734, -38.17341 ], [ -71.95816, -38.1734 ], [ -71.95905, -38.1737 ], [ -71.95972, -38.17403 ], [ -71.96125, -38.1756 ], [ -71.96221, -38.17593 ], [ -71.96254, -38.17592 ], [ -71.9632, -38.17561 ], [ -71.96348, -38.17562 ], [ -71.9638, -38.17575 ], [ -71.96413, -38.17618 ], [ -71.96431, -38.17662 ], [ -71.96557, -38.17674 ], [ -71.96616, -38.17694 ], [ -71.96657, -38.17732 ], [ -71.96649, -38.1778 ], [ -71.96633, -38.17822 ], [ -71.96648, -38.17848 ], [ -71.96721, -38.17859 ], [ -71.97026, -38.17832 ], [ -71.97154, -38.17845 ], [ -71.97221, -38.17832 ], [ -71.97292, -38.17805 ], [ -71.97374, -38.1779 ], [ -71.97532, -38.17804 ] ] } },
{ "type": "Feature", "properties": { "osm_id": 364261922, "nombre": "Río Malleco", "tipo": "river", "volcan_codigo": "LON", "volcan_nombre": "Lonquimay", "drena_volcan": false }, "geometry": { "type": "LineString", "coordinates": [ [ -71.92759, -38.20575 ], [ -71.92722, -38.20515 ], [ -71.92733, -38.20488 ], [ -71.92756, -38.20461 ], [ -71.92799, -38.20455 ], [ -71.92821, -38.20442 ], [ -71.92832, -38.2041 ], [ -71.92816, -38.20363 ], [ -71.92738, -38.20303 ], [ -71.92719, -38.2026 ], [ -71.92724, -38.20201 ], [ -71.92741, -38.20153 ], [ -71.92825, -38.20089 ], [ -71.92835, -38.20055 ], [ -71.92818, -38.19992 ], [ -71.92818, -38.19943 ], [ -71.92868, -38.19852 ], [ -71.92919, -38.19825 ], [ -71.92972, -38.19829 ], [ -71.92997, -38.19821 ], [ -71.93002, -38.19798 ], [ -71.92993, -38.19742 ], [ -71.93003, -38.1972 ] ] } },
{ "type": "Feature", "properties": { "osm_id": 364262041, "nombre": "Sin nombre", "tipo": "stream", "volcan_codigo": "LON", "volcan_nombre": "Lonquimay", "drena_volcan": false }, "geometry": { "type": "LineString", "coordinates": [ [ -71.82088, -38.1305 ], [ -71.82156, -38.13027 ], [ -71.82202, -38.12994 ], [ -71.82257, -38.1297 ], [ -71.82339, -38.12894 ], [ -71.82361, -38.12851 ], [ -71.82377, -38.12835 ], [ -71.82396, -38.12786 ], [ -71.82435, -38.12747 ], [ -71.82454, -38.12699 ], [ -71.82536, -38.12594 ], [ -71.82732, -38.12563 ], [ -71.8276, -38.12545 ], [ -71.82784, -38.1251 ], [ -71.82806, -38.12436 ], [ -71.82898, -38.12343 ], [ -71.82934, -38.12342 ], [ -71.82986, -38.12362 ], [ -71.83035, -38.1237 ], [ -71.83098, -38.12364 ], [ -71.83154, -38.12339 ] ] } },
{ "type": "Feature", "properties": { "osm_id": 364262042, "nombre": "Sin nombre", "tipo": "stream", "volcan_codigo": "LON", "volcan_nombre": "Lonquimay", "drena_volcan": false }, "geometry": { "type": "LineString", "coordinates": [ [ -71.84286, -38.11044 ], [ -71.84323, -38.11005 ], [ -71.84357, -38.10984 ], [ -71.84473, -38.10968 ], [ -71.84529, -38.1088 ], [ -71.84565, -38.10863 ], [ -71.84663, -38.1083 ], [ -71.84735, -38.10837 ], [ -71.84832, -38.10809 ], [ -71.84855, -38.10774 ], [ -71.84908, -38.1075 ], [ -71.8493, -38.10723 ], [ -71.84941, -38.10696 ], [ -71.85025, -38.10646 ], [ -71.85073, -38.10543 ], [ -71.851, -38.1052 ], [ -71.85178, -38.10483 ], [ -71.85193, -38.10459 ], [ -71.85184, -38.10404 ], [ -71.85122, -38.1034 ], [ -71.85125, -38.10286 ], [ -71.8515, -38.10255 ], [ -71.85163, -38.10223 ], [ -71.85138, -38.10173 ], [ -71.85135, -38.10146 ], [ -71.85173, -38.10112 ], [ -71.85186, -38.10063 ], [ -71.85232, -38.10019 ], [ -71.85246, -38.09982 ], [ -71.85354, -38.09867 ], [ -71.85367, -38.09823 ], [ -71.85424, -38.09779 ], [ -71.85432, -38.09759 ], [ -71.85427, -38.09725 ], [ -71.85438, -38.0968 ], [ -71.85475, -38.09635 ], [ -71.855, -38.0956 ], [ -71.85483, -38.09521 ], [ -71.85485, -38.09486 ], [ -71.85539, -38.09406 ], [ -71.85545, -38.09387 ], [ -71.85542, -38.0937 ], [ -71.85515, -38.09345 ], [ -71.85491, -38.09299 ], [ -71.85479, -38.09233 ], [ -71.85385, -38.0911 ], [ -71.85337, -38.0909 ], [ -71.85297, -38.09061 ], [ -71.8525, -38.08954 ] ] } },
{ "type": "Feature", "properties": { "osm_id": 364262043, "nombre": "Sin nombre", "tipo": "stream", "volcan_codigo": "LON", "volcan_nombre": "Lonquimay", "drena_volcan": false }, "geometry": { "type": "LineString", "coordinates": [ [ -71.83154, -38.12339 ], [ -71.83217, -38.123 ], [ -71.83248, -38.12259 ], [ -71.83271, -38.12207 ], [ -71.83314, -38.12168 ], [ -71.83376, -38.12119 ], [ -71.83469, -38.12088 ], [ -71.83477, -38.12076 ], [ -71.83473, -38.12004 ], [ -71.83487, -38.11984 ], [ -71.83517, -38.11974 ], [ -71.83554, -38.11975 ], [ -71.83618, -38.12011 ], [ -71.83686, -38.12028 ], [ -71.83784, -38.12033 ], [ -71.8392, -38.12097 ], [ -71.8396, -38.12095 ], [ -71.83996, -38.1208 ], [ -71.84018, -38.12045 ], [ -71.84011, -38.12004 ], [ -71.83948, -38.11881 ], [ -71.83922, -38.11796 ], [ -71.83904, -38.11778 ], [ -71.83827, -38.11738 ], [ -71.83825, -38.11683 ], [ -71.83816, -38.11661 ], [ -71.83775, -38.11636 ], [ -71.83773, -38.11618 ], [ -71.83789, -38.1159 ], [ -71.83788, -38.11564 ], [ -71.83768, -38.11536 ], [ -71.83768, -38.11515 ], [ -71.83789, -38.11445 ], [ -71.83785, -38.11403 ], [ -71.83808, -38.11233 ], [ -71.83827, -38.11197 ], [ -71.83854, -38.11174 ], [ -71.8399, -38.11165 ], [ -71.84007, -38.11143 ], [ -71.84007, -38.11123 ], [ -71.84022, -38.11101 ], [ -71.84052, -38.11094 ], [ -71.84149, -38.11101 ], [ -71.84192, -38.11094 ], [ -71.84241, -38.11079 ], [ -71.84286, -38.11044 ] ] } },
{ "type": "Feature", "properties": { "osm_id": 364262265, "nombre": "Río Niblinto", "tipo": "river", "volcan_codigo": "LON", "volcan_nombre": "Lonquimay", "drena_volcan": false }, "geometry": { "type": "LineString", "coordinates": [ [ -71.82729, -38.14973 ], [ -71.82812, -38.14964 ], [ -71.8294, -38.14909 ], [ -71.83015, -38.14856 ], [ -71.83069, -38.14797 ], [ -71.83103, -38.14783 ], [ -71.83241, -38.14765 ], [ -71.83373, -38.14769 ], [ -71.83432, -38.14763 ], [ -71.83437, -38.14753 ], [ -71.83422, -38.14695 ], [ -71.83432, -38.14666 ], [ -71.83457, -38.14639 ], [ -71.83485, -38.14624 ], [ -71.83558, -38.14613 ], [ -71.83658, -38.14583 ] ] } },
{ "type": "Feature", "properties": { "osm_id": 364262266, "nombre": "Río Niblinto", "tipo": "river", "volcan_codigo": "LON", "volcan_nombre": "Lonquimay", "drena_volcan": false }, "geometry": { "type": "LineString", "coordinates": [ [ -71.83658, -38.14583 ], [ -71.8383, -38.14573 ], [ -71.84043, -38.14639 ], [ -71.84143, -38.14641 ], [ -71.84232, -38.14614 ], [ -71.8426, -38.14582 ], [ -71.84264, -38.1455 ], [ -71.84277, -38.1454 ], [ -71.84307, -38.14535 ], [ -71.84345, -38.14546 ], [ -71.84391, -38.14577 ], [ -71.84453, -38.14576 ], [ -71.84616, -38.14485 ], [ -71.84689, -38.14428 ], [ -71.84726, -38.14422 ], [ -71.84779, -38.14426 ], [ -71.84855, -38.14446 ], [ -71.84928, -38.14485 ], [ -71.84953, -38.14483 ], [ -71.84968, -38.14478 ], [ -71.84996, -38.14398 ], [ -71.85015, -38.14378 ], [ -71.85056, -38.14351 ], [ -71.85109, -38.14336 ], [ -71.85162, -38.14338 ], [ -71.85244, -38.14389 ], [ -71.85355, -38.14397 ], [ -71.85454, -38.14395 ], [ -71.85497, -38.1438 ], [ -71.85538, -38.14348 ], [ -71.85594, -38.14265 ], [ -71.85606, -38.14225 ], [ -71.85606, -38.14197 ], [ -71.85589, -38.14167 ], [ -71.85601, -38.14137 ], [ -71.85655, -38.14119 ], [ -71.85709, -38.14113 ], [ -71.85832, -38.14119 ], [ -71.86006, -38.14182 ], [ -71.86223, -38.14143 ], [ -71.86285, -38.14143 ], [ -71.86347, -38.14158 ], [ -71.86371, -38.14177 ], [ -71.86401, -38.14233 ], [ -71.86439, -38.14382 ], [ -71.86584, -38.14515 ], [ -71.86778, -38.14613 ], [ -71.86937, -38.14679 ], [ -71.87023, -38.14683 ], [ -71.87203, -38.14653 ], [ -71.87257, -38.1462 ], [ -71.87295, -38.14576 ], [ -71.87319, -38.14565 ], [ -71.87357, -38.14564 ], [ -71.87536, -38.14653 ], [ -71.87666, -38.14699 ], [ -71.87688, -38.14729 ], [ -71.8773, -38.14763 ], [ -71.87776, -38.14774 ], [ -71.8783, -38.14773 ], [ -71.87876, -38.14789 ], [ -71.87947, -38.14883 ], [ -71.88003, -38.14897 ], [ -71.88154, -38.14881 ], [ -71.88175, -38.14885 ], [ -71.88185, -38.14901 ], [ -71.88135, -38.14956 ], [ -71.88133, -38.14982 ], [ -71.8815, -38.1501 ], [ -71.8818, -38.15021 ], [ -71.88206, -38.15012 ], [ -71.88219, -38.14985 ], [ -71.88325, -38.14934 ], [ -71.88337, -38.1491 ], [ -71.88328, -38.14849 ], [ -71.88341, -38.14805 ], [ -71.88353, -38.14789 ], [ -71.88448, -38.14759 ], [ -71.88547, -38.14755 ], [ -71.88672, -38.14762 ], [ -71.88752, -38.14751 ], [ -71.88765, -38.14732 ], [ -71.88773, -38.14654 ], [ -71.88791, -38.14632 ], [ -71.88833, -38.14618 ], [ -71.88906, -38.14618 ], [ -71.88978, -38.14632 ], [ -71.89081, -38.14666 ], [ -71.89168, -38.14672 ], [ -71.89199, -38.14641 ], [ -71.89246, -38.14575 ], [ -71.89281, -38.14566 ], [ -71.89333, -38.14567 ], [ -71.89378, -38.14586 ], [ -71.8945, -38.14637 ], [ -71.89497, -38.14653 ], [ -71.89521, -38.1465 ], [ -71.89677, -38.14549 ], [ -71.89699, -38.14539 ], [ -71.89732, -38.14538 ], [ -71.89759, -38.14571 ], [ -71.89797, -38.14594 ], [ -71.89864, -38.14617 ], [ -71.89932, -38.14632 ], [ -71.89981, -38.14624 ], [ -71.9004, -38.14628 ], [ -71.90075, -38.14648 ], [ -71.90145, -38.14734 ], [ -71.90178, -38.14737 ], [ -71.90202, -38.14718 ], [ -71.90262, -38.14703 ], [ -71.90764, -38.14736 ], [ -71.90965, -38.14737 ], [ -71.91034, -38.14728 ], [ -71.9107, -38.14731 ], [ -71.91188, -38.14787 ], [ -71.91261, -38.14801 ], [ -71.91527, -38.14728 ], [ -71.91571, -38.14677 ], [ -71.91609, -38.14657 ], [ -71.91642, -38.14664 ], [ -71.91723, -38.14708 ], [ -71.91861, -38.14822 ], [ -71.91961, -38.14876 ], [ -71.9199, -38.14902 ], [ -71.92017, -38.14955 ], [ -71.92074, -38.15 ], [ -71.92119, -38.15062 ], [ -71.92198, -38.15122 ], [ -71.92451, -38.15193 ], [ -71.92679, -38.15212 ], [ -71.92726, -38.15237 ], [ -71.92924, -38.15482 ], [ -71.92983, -38.15517 ], [ -71.93045, -38.1552 ], [ -71.9317, -38.15479 ], [ -71.93218, -38.1545 ], [ -71.93275, -38.15443 ], [ -71.93384, -38.15453 ], [ -71.93523, -38.15489 ], [ -71.9363, -38.15528 ], [ -71.93871, -38.15661 ], [ -71.94098, -38.15726 ], [ -71.94132, -38.15767 ], [ -71.94123, -38.15812 ], [ -71.94095, -38.15865 ], [ -71.94097, -38.15911 ], [ -71.94145, -38.15945 ], [ -71.94249, -38.15964 ], [ -71.94373, -38.16001 ], [ -71.9446, -38.16004 ], [ -71.94518, -38.16015 ], [ -71.94585, -38.16098 ], [ -71.94627, -38.1621 ], [ -71.94662, -38.16275 ], [ -71.94819, -38.16471 ], [ -71.94845, -38.16514 ], [ -71.94845, -38.16566 ], [ -71.94862, -38.16616 ], [ -71.94919, -38.1668 ], [ -71.94993, -38.16722 ], [ -71.95466, -38.17064 ], [ -71.95485, -38.17102 ], [ -71.95495, -38.17239 ] ] } },
{ "type": "Feature", "properties": { "osm_id": 364262267, "nombre": "Río Niblinto", "tipo": "river", "volcan_codigo": "LON", "volcan_nombre": "Lonquimay", "drena_volcan": false }, "geometry": { "type": "LineString", "coordinates": [ [ -71.77139, -38.15426 ], [ -71.77253, -38.1543 ], [ -71.77363, -38.15399 ], [ -71.77443, -38.15398 ], [ -71.7757, -38.15415 ], [ -71.77595, -38.15401 ], [ -71.77609, -38.15376 ], [ -71.77635, -38.15357 ], [ -71.77736, -38.15309 ], [ -71.77767, -38.15253 ], [ -71.77812, -38.15256 ], [ -71.77845, -38.15294 ], [ -71.77909, -38.15302 ], [ -71.78113, -38.15198 ], [ -71.78189, -38.15146 ], [ -71.78258, -38.15063 ], [ -71.78313, -38.15027 ], [ -71.78513, -38.14995 ], [ -71.7865, -38.14917 ], [ -71.78712, -38.14866 ], [ -71.78793, -38.14837 ], [ -71.7889, -38.1483 ], [ -71.79117, -38.1478 ], [ -71.79299, -38.14779 ], [ -71.7946, -38.14816 ], [ -71.79495, -38.14836 ], [ -71.79557, -38.14854 ], [ -71.79687, -38.1484 ], [ -71.79729, -38.14856 ], [ -71.79767, -38.14894 ], [ -71.79792, -38.14932 ], [ -71.79822, -38.14944 ], [ -71.79866, -38.14944 ], [ -71.79898, -38.14954 ], [ -71.79929, -38.15008 ], [ -71.7996, -38.15041 ], [ -71.80015, -38.15065 ], [ -71.8005, -38.15071 ], [ -71.80079, -38.1503 ], [ -71.80141, -38.14992 ], [ -71.80182, -38.14999 ], [ -71.80316, -38.15106 ], [ -71.80379, -38.1513 ], [ -71.80538, -38.15131 ], [ -71.80607, -38.15144 ], [ -71.80633, -38.15173 ], [ -71.80687, -38.15207 ], [ -71.80745, -38.1527 ], [ -71.80788, -38.15304 ], [ -71.80847, -38.15311 ], [ -71.80891, -38.15307 ], [ -71.80894, -38.15284 ], [ -71.80823, -38.15237 ], [ -71.80799, -38.15185 ], [ -71.80801, -38.15161 ], [ -71.80812, -38.15135 ], [ -71.8084, -38.15111 ], [ -71.80896, -38.15084 ], [ -71.8098, -38.15073 ], [ -71.81047, -38.15077 ], [ -71.81078, -38.1509 ], [ -71.81124, -38.15148 ], [ -71.81157, -38.15156 ], [ -71.81173, -38.15152 ], [ -71.81191, -38.15136 ], [ -71.81223, -38.15073 ], [ -71.81246, -38.15054 ], [ -71.81281, -38.15055 ], [ -71.81404, -38.15106 ], [ -71.81467, -38.15108 ], [ -71.81514, -38.15094 ], [ -71.81529, -38.15067 ], [ -71.81634, -38.14996 ], [ -71.81684, -38.14986 ], [ -71.81742, -38.14997 ], [ -71.81783, -38.15018 ], [ -71.81864, -38.15086 ], [ -71.81906, -38.15095 ], [ -71.81936, -38.15092 ], [ -71.81955, -38.15049 ], [ -71.81984, -38.15012 ], [ -71.82099, -38.14994 ], [ -71.8216, -38.14964 ], [ -71.82224, -38.14951 ], [ -71.82276, -38.14951 ], [ -71.82366, -38.1497 ], [ -71.82418, -38.14957 ], [ -71.82542, -38.149 ], [ -71.8261, -38.14883 ], [ -71.82634, -38.14884 ], [ -71.82647, -38.14895 ], [ -71.82634, -38.14952 ], [ -71.8264, -38.14969 ], [ -71.82656, -38.14979 ], [ -71.82729, -38.14973 ] ] } },
{ "type": "Feature", "properties": { "osm_id": 364262447, "nombre": "Río Pichimalleco", "tipo": "river", "volcan_codigo": "LON", "volcan_nombre": "Lonquimay", "drena_volcan": false }, "geometry": { "type": "LineString", "coordinates": [ [ -71.92823, -38.1962 ], [ -71.92895, -38.19639 ], [ -71.92923, -38.19655 ], [ -71.92949, -38.1969 ], [ -71.92998, -38.19707 ], [ -71.93003, -38.1972 ] ] } },
{ "type": "Feature", "properties": { "osm_id": 364262448, "nombre": "Río Pichimalleco", "tipo": "river", "volcan_codigo": "LON", "volcan_nombre": "Lonquimay", "drena_volcan": false }, "geometry": { "type": "LineString", "coordinates": [ [ -71.89999, -38.18484 ], [ -71.90022, -38.18493 ], [ -71.90055, -38.18555 ], [ -71.90074, -38.18574 ], [ -71.90119, -38.18591 ], [ -71.90252, -38.18613 ], [ -71.90276, -38.18621 ], [ -71.90303, -38.18649 ], [ -71.90317, -38.18652 ], [ -71.9036, -38.18636 ], [ -71.90381, -38.18639 ], [ -71.90421, -38.18662 ], [ -71.90456, -38.18669 ], [ -71.90506, -38.18662 ], [ -71.90561, -38.18683 ], [ -71.90702, -38.18811 ], [ -71.90765, -38.18888 ], [ -71.90892, -38.19002 ], [ -71.90937, -38.19029 ], [ -71.90974, -38.19038 ], [ -71.91075, -38.19031 ], [ -71.91206, -38.19077 ], [ -71.91277, -38.19126 ], [ -71.91292, -38.19152 ], [ -71.91321, -38.19179 ], [ -71.91411, -38.19235 ], [ -71.91513, -38.1934 ], [ -71.91574, -38.19381 ], [ -71.91666, -38.19509 ], [ -71.91799, -38.19596 ], [ -71.91927, -38.19657 ], [ -71.91999, -38.1968 ], [ -71.92071, -38.19688 ], [ -71.9223, -38.19605 ], [ -71.92341, -38.19576 ], [ -71.92401, -38.19545 ], [ -71.92437, -38.19546 ], [ -71.92458, -38.19557 ], [ -71.92469, -38.19573 ], [ -71.92503, -38.19582 ], [ -71.92602, -38.19588 ], [ -71.92661, -38.19626 ], [ -71.92692, -38.19631 ], [ -71.92782, -38.19617 ], [ -71.92823, -38.1962 ] ] } },
{ "type": "Feature", "properties": { "osm_id": 364262449, "nombre": "Río Pichimalleco", "tipo": "river", "volcan_codigo": "LON", "volcan_nombre": "Lonquimay", "drena_volcan": false }, "geometry": { "type": "LineString", "coordinates": [ [ -71.81298, -38.19213 ], [ -71.81333, -38.19204 ], [ -71.8142, -38.19206 ], [ -71.81452, -38.19196 ], [ -71.81491, -38.19202 ], [ -71.81551, -38.1919 ], [ -71.81624, -38.19207 ], [ -71.81703, -38.19207 ], [ -71.8182, -38.19183 ], [ -71.81978, -38.19214 ], [ -71.82013, -38.19214 ], [ -71.82055, -38.1921 ], [ -71.82111, -38.19189 ], [ -71.82134, -38.1919 ], [ -71.82213, -38.19221 ], [ -71.8228, -38.19204 ], [ -71.82358, -38.19219 ], [ -71.82398, -38.19204 ], [ -71.82428, -38.19204 ], [ -71.82444, -38.19207 ], [ -71.82508, -38.19259 ], [ -71.82585, -38.19258 ], [ -71.82626, -38.19249 ], [ -71.8266, -38.19216 ], [ -71.8268, -38.19207 ], [ -71.82705, -38.192 ], [ -71.82779, -38.19206 ], [ -71.82793, -38.192 ], [ -71.82805, -38.19178 ], [ -71.82804, -38.19142 ], [ -71.82811, -38.19134 ], [ -71.82889, -38.19139 ], [ -71.82954, -38.19114 ], [ -71.83027, -38.19139 ], [ -71.83084, -38.19124 ], [ -71.83152, -38.19139 ], [ -71.83185, -38.19166 ], [ -71.8328, -38.19193 ], [ -71.83309, -38.19225 ], [ -71.83424, -38.19296 ], [ -71.83444, -38.19293 ], [ -71.83462, -38.19277 ], [ -71.83575, -38.19255 ], [ -71.83635, -38.19277 ], [ -71.83714, -38.19284 ], [ -71.83748, -38.1927 ], [ -71.83765, -38.19251 ], [ -71.83782, -38.19258 ], [ -71.83793, -38.19294 ], [ -71.83802, -38.193 ], [ -71.83846, -38.19299 ], [ -71.83868, -38.19287 ], [ -71.83881, -38.19253 ], [ -71.83944, -38.19237 ], [ -71.83951, -38.19183 ], [ -71.83972, -38.19158 ], [ -71.84025, -38.19148 ], [ -71.84069, -38.19172 ], [ -71.84081, -38.19167 ], [ -71.84088, -38.19136 ], [ -71.84179, -38.19103 ], [ -71.84345, -38.19011 ], [ -71.84379, -38.18957 ], [ -71.844, -38.1894 ], [ -71.84487, -38.18907 ], [ -71.84591, -38.18887 ], [ -71.84644, -38.18862 ], [ -71.84691, -38.18863 ], [ -71.84703, -38.18855 ], [ -71.84717, -38.18835 ], [ -71.84731, -38.18771 ], [ -71.84745, -38.18759 ], [ -71.84776, -38.18757 ], [ -71.84868, -38.18776 ], [ -71.84968, -38.18779 ], [ -71.8503, -38.18793 ], [ -71.85054, -38.18803 ], [ -71.85091, -38.18861 ], [ -71.85147, -38.18892 ], [ -71.85191, -38.1888 ], [ -71.8525, -38.1883 ], [ -71.8535, -38.18791 ], [ -71.85395, -38.1879 ], [ -71.85421, -38.18798 ], [ -71.85473, -38.18835 ], [ -71.85505, -38.18848 ], [ -71.85553, -38.1884 ], [ -71.85583, -38.18823 ], [ -71.85678, -38.18833 ], [ -71.85743, -38.18802 ], [ -71.85836, -38.18812 ], [ -71.85929, -38.18833 ], [ -71.86013, -38.18816 ], [ -71.86064, -38.18815 ], [ -71.86175, -38.18834 ], [ -71.86221, -38.18853 ], [ -71.86301, -38.18907 ], [ -71.86329, -38.18951 ], [ -71.864, -38.18972 ], [ -71.86432, -38.18973 ], [ -71.86457, -38.18955 ], [ -71.86462, -38.18924 ], [ -71.86489, -38.18894 ], [ -71.86518, -38.18869 ], [ -71.86564, -38.18848 ], [ -71.86606, -38.18841 ], [ -71.86644, -38.18844 ], [ -71.86771, -38.18876 ], [ -71.86806, -38.18876 ], [ -71.86893, -38.18859 ], [ -71.86932, -38.18849 ], [ -71.87045, -38.18789 ], [ -71.87115, -38.18771 ], [ -71.87201, -38.18734 ], [ -71.87308, -38.18723 ], [ -71.87438, -38.18689 ], [ -71.87476, -38.18655 ], [ -71.87574, -38.18622 ], [ -71.87653, -38.18624 ], [ -71.87708, -38.18617 ], [ -71.87755, -38.18619 ], [ -71.87822, -38.18639 ], [ -71.87931, -38.18634 ], [ -71.88064, -38.18623 ], [ -71.88086, -38.18613 ], [ -71.88113, -38.18583 ], [ -71.88199, -38.18558 ], [ -71.88398, -38.18573 ], [ -71.88497, -38.18566 ], [ -71.88651, -38.18512 ], [ -71.88765, -38.1849 ], [ -71.88851, -38.18452 ], [ -71.88956, -38.18442 ], [ -71.89006, -38.18456 ], [ -71.89043, -38.18454 ], [ -71.89158, -38.18402 ], [ -71.89304, -38.18365 ], [ -71.89347, -38.1836 ], [ -71.89481, -38.18369 ], [ -71.89574, -38.18355 ], [ -71.8961, -38.18361 ], [ -71.89647, -38.18369 ], [ -71.89725, -38.18412 ], [ -71.89774, -38.18421 ], [ -71.89908, -38.18467 ], [ -71.89999, -38.18484 ] ] } },
{ "type": "Feature", "properties": { "osm_id": 364262995, "nombre": "Río Renaico", "tipo": "river", "volcan_codigo": "LON", "volcan_nombre": "Lonquimay", "drena_volcan": false }, "geometry": { "type": "LineString", "coordinates": [ [ -71.80453, -38.04167 ], [ -71.80556, -38.04137 ], [ -71.80697, -38.04145 ], [ -71.80789, -38.04178 ], [ -71.8084, -38.04223 ], [ -71.8087, -38.04237 ], [ -71.80936, -38.04216 ], [ -71.81048, -38.04161 ], [ -71.81179, -38.04135 ], [ -71.8133, -38.0414 ], [ -71.81461, -38.04157 ], [ -71.8156, -38.04184 ], [ -71.81895, -38.04309 ], [ -71.82165, -38.04432 ], [ -71.8232, -38.04589 ], [ -71.82376, -38.04619 ] ] } },
{ "type": "Feature", "properties": { "osm_id": 364263437, "nombre": "Río Malleco", "tipo": "river", "volcan_codigo": "LON", "volcan_nombre": "Lonquimay", "drena_volcan": false }, "geometry": { "type": "LineString", "coordinates": [ [ -71.69619, -38.23898 ], [ -71.69827, -38.23784 ], [ -71.69872, -38.23743 ], [ -71.70062, -38.23659 ], [ -71.7011, -38.23615 ], [ -71.70224, -38.23572 ], [ -71.7028, -38.23565 ], [ -71.7031, -38.23551 ], [ -71.70352, -38.23519 ], [ -71.7038, -38.23484 ], [ -71.70454, -38.23429 ], [ -71.70507, -38.2342 ], [ -71.70529, -38.23403 ], [ -71.7062, -38.23372 ], [ -71.70663, -38.23333 ], [ -71.7071, -38.23312 ], [ -71.70762, -38.23275 ], [ -71.70861, -38.23267 ], [ -71.70932, -38.23218 ], [ -71.71019, -38.23198 ], [ -71.71072, -38.23171 ], [ -71.712, -38.23157 ], [ -71.71301, -38.23128 ], [ -71.71517, -38.23118 ], [ -71.71721, -38.23084 ], [ -71.71761, -38.23087 ], [ -71.71811, -38.23116 ], [ -71.71842, -38.23119 ], [ -71.72216, -38.23071 ], [ -71.7238, -38.23068 ], [ -71.72514, -38.23039 ], [ -71.72617, -38.23034 ], [ -71.72834, -38.22956 ], [ -71.72914, -38.22891 ], [ -71.73, -38.22864 ], [ -71.73131, -38.22777 ], [ -71.73208, -38.22744 ] ] } },
{ "type": "Feature", "properties": { "osm_id": 367361103, "nombre": "Río Lolco", "tipo": "river", "volcan_codigo": "LON", "volcan_nombre": "Lonquimay", "drena_volcan": true }, "geometry": { "type": "LineString", "coordinates": [ [ -71.4558, -38.21167 ], [ -71.45559, -38.2103 ], [ -71.45534, -38.2097 ], [ -71.45472, -38.20883 ], [ -71.45445, -38.20824 ], [ -71.4544, -38.20785 ], [ -71.45444, -38.20731 ], [ -71.45474, -38.20623 ], [ -71.45473, -38.20558 ], [ -71.4544, -38.20492 ], [ -71.4542, -38.20427 ], [ -71.45427, -38.20367 ], [ -71.45469, -38.20282 ], [ -71.45483, -38.20226 ], [ -71.45477, -38.20197 ], [ -71.45434, -38.20167 ], [ -71.4535, -38.20138 ], [ -71.45253, -38.20117 ], [ -71.45192, -38.20115 ], [ -71.45029, -38.20142 ], [ -71.44988, -38.20123 ], [ -71.44958, -38.20081 ], [ -71.44956, -38.20035 ], [ -71.44987, -38.19853 ], [ -71.44978, -38.19836 ], [ -71.44914, -38.19816 ], [ -71.44891, -38.19796 ], [ -71.44861, -38.19744 ], [ -71.4483, -38.19669 ], [ -71.44799, -38.19626 ], [ -71.44762, -38.19613 ], [ -71.44719, -38.19565 ], [ -71.44673, -38.19496 ], [ -71.44643, -38.19427 ], [ -71.44656, -38.19386 ], [ -71.4464, -38.1927 ], [ -71.44565, -38.19212 ], [ -71.44499, -38.19141 ], [ -71.44437, -38.19101 ], [ -71.44408, -38.1906 ], [ -71.44251, -38.18935 ], [ -71.44237, -38.18839 ], [ -71.44201, -38.18783 ], [ -71.44111, -38.1869 ], [ -71.44073, -38.18572 ], [ -71.44029, -38.18521 ], [ -71.43924, -38.18458 ], [ -71.43907, -38.18416 ], [ -71.43925, -38.18383 ], [ -71.43961, -38.1836 ], [ -71.44036, -38.18329 ], [ -71.44062, -38.18279 ], [ -71.44037, -38.18226 ], [ -71.4387, -38.18142 ], [ -71.43838, -38.18111 ], [ -71.43846, -38.1808 ], [ -71.43894, -38.18054 ], [ -71.43929, -38.18014 ], [ -71.43927, -38.17969 ], [ -71.439, -38.17941 ], [ -71.4383, -38.17911 ], [ -71.4373, -38.17833 ], [ -71.43619, -38.177 ] ] } },
{ "type": "Feature", "properties": { "osm_id": 367361104, "nombre": "Río Lolco", "tipo": "river", "volcan_codigo": "LON", "volcan_nombre": "Lonquimay", "drena_volcan": true }, "geometry": { "type": "LineString", "coordinates": [ [ -71.48282, -38.29222 ], [ -71.48247, -38.29228 ], [ -71.48217, -38.29217 ], [ -71.48192, -38.29153 ], [ -71.48163, -38.2913 ], [ -71.48073, -38.29105 ], [ -71.48016, -38.29073 ], [ -71.47968, -38.28987 ], [ -71.4793, -38.28961 ], [ -71.47922, -38.28947 ], [ -71.4793, -38.28916 ], [ -71.47922, -38.28888 ], [ -71.47876, -38.28819 ], [ -71.47877, -38.28797 ], [ -71.47901, -38.28755 ], [ -71.47908, -38.28722 ], [ -71.479, -38.28667 ], [ -71.47886, -38.28644 ], [ -71.47795, -38.28568 ], [ -71.47744, -38.28499 ], [ -71.47699, -38.28465 ], [ -71.47676, -38.28415 ], [ -71.47677, -38.28388 ], [ -71.47701, -38.28349 ], [ -71.47667, -38.28291 ], [ -71.4768, -38.28244 ], [ -71.4766, -38.28217 ], [ -71.47584, -38.28173 ], [ -71.47516, -38.28052 ], [ -71.47502, -38.28007 ], [ -71.47511, -38.27969 ], [ -71.47514, -38.27915 ], [ -71.47504, -38.2788 ], [ -71.47511, -38.27847 ], [ -71.4751, -38.27825 ], [ -71.47491, -38.27807 ], [ -71.4749, -38.27776 ], [ -71.47509, -38.27718 ], [ -71.47504, -38.27671 ], [ -71.47438, -38.27543 ], [ -71.47445, -38.27492 ], [ -71.47429, -38.27365 ], [ -71.47398, -38.273 ], [ -71.47387, -38.27253 ], [ -71.474, -38.27183 ], [ -71.47397, -38.27143 ], [ -71.47378, -38.27117 ], [ -71.47237, -38.27083 ], [ -71.47178, -38.27053 ], [ -71.47141, -38.27029 ], [ -71.47117, -38.26997 ], [ -71.47121, -38.26973 ], [ -71.47213, -38.26921 ], [ -71.47228, -38.26889 ], [ -71.47227, -38.26849 ], [ -71.47198, -38.26788 ], [ -71.47096, -38.26756 ], [ -71.47062, -38.26697 ], [ -71.47035, -38.26673 ], [ -71.47027, -38.26658 ], [ -71.47021, -38.26589 ], [ -71.47007, -38.26556 ], [ -71.47005, -38.26509 ], [ -71.46963, -38.26438 ], [ -71.46971, -38.26322 ], [ -71.46984, -38.26299 ], [ -71.47001, -38.2622 ], [ -71.47036, -38.26173 ], [ -71.47033, -38.26155 ], [ -71.47, -38.26102 ], [ -71.46997, -38.26075 ], [ -71.47001, -38.25961 ], [ -71.46976, -38.25886 ], [ -71.46993, -38.25823 ], [ -71.46921, -38.25795 ], [ -71.46883, -38.25677 ], [ -71.46884, -38.25643 ], [ -71.46915, -38.25592 ], [ -71.46941, -38.25569 ], [ -71.46945, -38.25546 ], [ -71.469, -38.25527 ], [ -71.46887, -38.25502 ], [ -71.46899, -38.25421 ], [ -71.46921, -38.25373 ], [ -71.46945, -38.25352 ], [ -71.47009, -38.25356 ], [ -71.47029, -38.25339 ], [ -71.46976, -38.25312 ], [ -71.46977, -38.25291 ], [ -71.46996, -38.25263 ], [ -71.46984, -38.25212 ], [ -71.46898, -38.25177 ], [ -71.4688, -38.25156 ], [ -71.46905, -38.24977 ], [ -71.46871, -38.24945 ], [ -71.46796, -38.24906 ], [ -71.46715, -38.24905 ], [ -71.4665, -38.2489 ], [ -71.46595, -38.24856 ], [ -71.4657, -38.2482 ], [ -71.46558, -38.24795 ], [ -71.46549, -38.24723 ], [ -71.46442, -38.24622 ], [ -71.46448, -38.24594 ], [ -71.4647, -38.24557 ], [ -71.46487, -38.2449 ], [ -71.46484, -38.24479 ], [ -71.46443, -38.2446 ], [ -71.46454, -38.24378 ], [ -71.46449, -38.24348 ], [ -71.46414, -38.24328 ], [ -71.46314, -38.24295 ], [ -71.46303, -38.24252 ], [ -71.46317, -38.24222 ], [ -71.46324, -38.24177 ], [ -71.46302, -38.241 ], [ -71.4619, -38.24016 ], [ -71.46159, -38.2398 ], [ -71.46141, -38.23929 ], [ -71.46055, -38.2389 ], [ -71.4603, -38.23857 ], [ -71.46028, -38.23823 ], [ -71.46039, -38.23774 ], [ -71.46032, -38.23749 ], [ -71.4601, -38.23731 ], [ -71.45937, -38.23703 ], [ -71.45901, -38.23677 ], [ -71.45896, -38.23644 ], [ -71.45935, -38.23577 ], [ -71.4593, -38.23548 ], [ -71.45877, -38.23469 ], [ -71.45802, -38.23405 ], [ -71.45787, -38.23364 ], [ -71.4581, -38.23331 ], [ -71.45849, -38.23299 ], [ -71.45855, -38.23272 ], [ -71.45845, -38.23237 ], [ -71.45819, -38.23193 ], [ -71.45809, -38.23154 ], [ -71.45838, -38.23118 ], [ -71.45835, -38.2308 ], [ -71.45821, -38.23036 ], [ -71.45763, -38.22968 ], [ -71.45756, -38.22932 ], [ -71.45766, -38.22891 ], [ -71.45753, -38.22732 ], [ -71.4577, -38.22674 ], [ -71.45798, -38.22622 ], [ -71.45795, -38.22583 ], [ -71.4577, -38.22558 ], [ -71.45683, -38.22533 ], [ -71.4565, -38.2251 ], [ -71.45634, -38.22487 ], [ -71.45662, -38.22412 ], [ -71.45633, -38.22336 ], [ -71.4562, -38.22258 ], [ -71.45585, -38.22219 ], [ -71.45574, -38.22049 ], [ -71.45593, -38.22034 ], [ -71.45671, -38.22029 ], [ -71.45684, -38.22012 ], [ -71.45677, -38.21996 ], [ -71.45613, -38.21974 ], [ -71.45608, -38.2195 ], [ -71.45637, -38.21905 ], [ -71.45666, -38.21898 ], [ -71.45743, -38.21904 ], [ -71.45754, -38.21897 ], [ -71.45756, -38.21861 ], [ -71.45741, -38.21822 ], [ -71.45697, -38.21783 ], [ -71.45669, -38.21742 ], [ -71.45661, -38.21703 ], [ -71.45664, -38.21662 ], [ -71.45722, -38.21588 ], [ -71.45718, -38.21561 ], [ -71.45695, -38.21535 ], [ -71.45606, -38.21489 ], [ -71.45592, -38.21453 ], [ -71.45598, -38.21389 ], [ -71.45618, -38.21327 ], [ -71.45638, -38.21303 ], [ -71.45634, -38.21275 ], [ -71.45617, -38.21252 ], [ -71.45567, -38.21221 ], [ -71.4556, -38.2121 ], [ -71.4558, -38.21167 ] ] } },
{ "type": "Feature", "properties": { "osm_id": 367361105, "nombre": "Río Nalcas", "tipo": "river", "volcan_codigo": "LON", "volcan_nombre": "Lonquimay", "drena_volcan": true }, "geometry": { "type": "LineString", "coordinates": [ [ -71.46447, -38.22153 ], [ -71.46448, -38.22097 ], [ -71.46414, -38.22002 ], [ -71.46381, -38.21985 ], [ -71.46259, -38.21969 ], [ -71.46203, -38.2195 ], [ -71.46193, -38.21933 ], [ -71.46185, -38.21813 ], [ -71.46175, -38.21802 ], [ -71.46127, -38.21766 ], [ -71.46067, -38.21745 ], [ -71.45988, -38.21798 ], [ -71.45974, -38.21797 ], [ -71.45967, -38.21789 ], [ -71.45943, -38.21703 ], [ -71.45928, -38.21539 ], [ -71.45885, -38.215 ], [ -71.4577, -38.21481 ], [ -71.45748, -38.21462 ], [ -71.45738, -38.21443 ], [ -71.45739, -38.21407 ], [ -71.45749, -38.21394 ], [ -71.45832, -38.21349 ], [ -71.45843, -38.21334 ], [ -71.45843, -38.21289 ], [ -71.45819, -38.2124 ], [ -71.4578, -38.21207 ], [ -71.45645, -38.21196 ], [ -71.4558, -38.21167 ] ] } },
{ "type": "Feature", "properties": { "osm_id": 367361106, "nombre": "Sin nombre", "tipo": "stream", "volcan_codigo": "LON", "volcan_nombre": "Lonquimay", "drena_volcan": false }, "geometry": { "type": "LineString", "coordinates": [ [ -71.48686, -38.32139 ], [ -71.48622, -38.3202 ], [ -71.48573, -38.31997 ], [ -71.48537, -38.31947 ], [ -71.48518, -38.319 ], [ -71.48511, -38.31829 ], [ -71.48478, -38.31773 ], [ -71.48476, -38.31752 ], [ -71.48453, -38.31722 ], [ -71.48447, -38.317 ], [ -71.4842, -38.31674 ], [ -71.48402, -38.31638 ], [ -71.48393, -38.31589 ], [ -71.48383, -38.31575 ], [ -71.48384, -38.3155 ], [ -71.48339, -38.3146 ], [ -71.48329, -38.31413 ], [ -71.48296, -38.31373 ], [ -71.48283, -38.31368 ], [ -71.48283, -38.31323 ], [ -71.48261, -38.31304 ], [ -71.48259, -38.31285 ], [ -71.48231, -38.31245 ], [ -71.48219, -38.31208 ], [ -71.48204, -38.31187 ], [ -71.4818, -38.31132 ], [ -71.48179, -38.31032 ], [ -71.48149, -38.31003 ], [ -71.48135, -38.30936 ], [ -71.48119, -38.30926 ], [ -71.48113, -38.30889 ], [ -71.48086, -38.30866 ], [ -71.48083, -38.30855 ], [ -71.48121, -38.30814 ], [ -71.48134, -38.30775 ], [ -71.48186, -38.30711 ], [ -71.48187, -38.3068 ], [ -71.48219, -38.30646 ], [ -71.48219, -38.30619 ], [ -71.4824, -38.30579 ], [ -71.48242, -38.30541 ], [ -71.48285, -38.30454 ], [ -71.48281, -38.30408 ], [ -71.48322, -38.30337 ], [ -71.48339, -38.30279 ], [ -71.48333, -38.3026 ], [ -71.48343, -38.30192 ], [ -71.48328, -38.30153 ], [ -71.48343, -38.30125 ], [ -71.48344, -38.30097 ], [ -71.48294, -38.29952 ], [ -71.48299, -38.2991 ], [ -71.48339, -38.2984 ], [ -71.48353, -38.29785 ], [ -71.48344, -38.29699 ], [ -71.48324, -38.29659 ], [ -71.48256, -38.29604 ], [ -71.48225, -38.29467 ], [ -71.48245, -38.2944 ], [ -71.48318, -38.29384 ], [ -71.48325, -38.29295 ] ] } },
{ "type": "Feature", "properties": { "osm_id": 367361795, "nombre": "Río Lolco", "tipo": "river", "volcan_codigo": "LON", "volcan_nombre": "Lonquimay", "drena_volcan": true }, "geometry": { "type": "LineString", "coordinates": [ [ -71.43401, -38.1724 ], [ -71.43314, -38.17177 ], [ -71.43264, -38.17103 ], [ -71.43258, -38.17068 ], [ -71.43288, -38.16971 ], [ -71.43269, -38.1694 ], [ -71.43212, -38.16884 ], [ -71.43203, -38.16857 ], [ -71.43203, -38.16805 ], [ -71.43228, -38.1672 ], [ -71.43228, -38.16692 ], [ -71.43211, -38.16649 ], [ -71.4317, -38.16618 ], [ -71.43071, -38.16608 ], [ -71.43044, -38.16595 ], [ -71.42912, -38.16472 ], [ -71.42892, -38.16445 ], [ -71.42802, -38.16228 ], [ -71.42803, -38.16178 ], [ -71.42815, -38.16131 ], [ -71.42905, -38.16028 ], [ -71.42912, -38.15977 ], [ -71.42905, -38.15959 ], [ -71.42868, -38.15924 ], [ -71.42818, -38.15908 ], [ -71.42667, -38.15932 ], [ -71.42645, -38.15929 ], [ -71.4259, -38.159 ], [ -71.42565, -38.15867 ], [ -71.42558, -38.15842 ], [ -71.42527, -38.15634 ] ] } },
{ "type": "Feature", "properties": { "osm_id": 370100630, "nombre": "Río Pehuenco", "tipo": "river", "volcan_codigo": "LON", "volcan_nombre": "Lonquimay", "drena_volcan": false }, "geometry": { "type": "LineString", "coordinates": [ [ -71.2637, -38.28614 ], [ -71.264, -38.28631 ], [ -71.26427, -38.28631 ], [ -71.26454, -38.28621 ], [ -71.26478, -38.28625 ], [ -71.26539, -38.28599 ], [ -71.26692, -38.28601 ], [ -71.26701, -38.28593 ], [ -71.26722, -38.28593 ], [ -71.2676, -38.28621 ], [ -71.26805, -38.28628 ], [ -71.26831, -38.2865 ], [ -71.2685, -38.28653 ], [ -71.2698, -38.28582 ], [ -71.27078, -38.28572 ], [ -71.27119, -38.28605 ], [ -71.27109, -38.2863 ], [ -71.27156, -38.28661 ], [ -71.27217, -38.28737 ], [ -71.27224, -38.28797 ], [ -71.27279, -38.28796 ], [ -71.27318, -38.28811 ], [ -71.27389, -38.28814 ], [ -71.27434, -38.28791 ], [ -71.27483, -38.28788 ], [ -71.27526, -38.28765 ], [ -71.27549, -38.28787 ], [ -71.27575, -38.28797 ], [ -71.27676, -38.2877 ], [ -71.27691, -38.28777 ], [ -71.27678, -38.28805 ], [ -71.27702, -38.28812 ], [ -71.27742, -38.28797 ], [ -71.27797, -38.28802 ], [ -71.27915, -38.28822 ], [ -71.27975, -38.2885 ], [ -71.28013, -38.28849 ], [ -71.28105, -38.28811 ], [ -71.28143, -38.28776 ], [ -71.28198, -38.28766 ], [ -71.28231, -38.28764 ], [ -71.28344, -38.288 ], [ -71.28412, -38.28803 ], [ -71.28476, -38.28794 ], [ -71.28646, -38.28722 ], [ -71.28744, -38.28738 ], [ -71.28807, -38.2874 ], [ -71.28885, -38.28732 ], [ -71.28943, -38.28711 ], [ -71.28967, -38.28731 ], [ -71.28994, -38.28738 ], [ -71.29154, -38.28757 ], [ -71.2934, -38.28832 ], [ -71.29368, -38.2887 ], [ -71.29457, -38.28889 ], [ -71.29501, -38.28865 ], [ -71.29576, -38.28844 ], [ -71.29636, -38.28811 ], [ -71.29779, -38.2878 ], [ -71.29837, -38.28778 ], [ -71.29869, -38.2879 ], [ -71.29909, -38.28789 ], [ -71.29942, -38.28764 ], [ -71.30021, -38.28742 ], [ -71.30062, -38.28714 ], [ -71.3008, -38.28663 ], [ -71.30161, -38.28625 ], [ -71.30191, -38.28583 ], [ -71.30209, -38.28578 ], [ -71.30259, -38.2859 ], [ -71.30336, -38.28581 ], [ -71.30464, -38.28528 ], [ -71.3057, -38.28442 ], [ -71.3059, -38.28363 ], [ -71.30605, -38.28348 ], [ -71.30657, -38.28313 ], [ -71.3088, -38.28252 ], [ -71.30911, -38.28233 ], [ -71.30931, -38.28194 ], [ -71.3096, -38.28182 ], [ -71.31031, -38.28201 ], [ -71.311, -38.28189 ], [ -71.31125, -38.28177 ], [ -71.31147, -38.2818 ], [ -71.3118, -38.28191 ], [ -71.31212, -38.2822 ], [ -71.31256, -38.28227 ], [ -71.31294, -38.28208 ], [ -71.31325, -38.28217 ], [ -71.31338, -38.28186 ], [ -71.31349, -38.28177 ], [ -71.31367, -38.28177 ], [ -71.31413, -38.28182 ], [ -71.31422, -38.28189 ], [ -71.31427, -38.28214 ], [ -71.31447, -38.28222 ], [ -71.31569, -38.28224 ], [ -71.31574, -38.28233 ], [ -71.3157, -38.28259 ], [ -71.31583, -38.28265 ], [ -71.31639, -38.28239 ], [ -71.31647, -38.28246 ], [ -71.31645, -38.2829 ], [ -71.31663, -38.28311 ], [ -71.31706, -38.28314 ], [ -71.31761, -38.28336 ], [ -71.3177, -38.28369 ], [ -71.31793, -38.28384 ], [ -71.31861, -38.28389 ], [ -71.31892, -38.28419 ], [ -71.31923, -38.28421 ], [ -71.31939, -38.28442 ], [ -71.31986, -38.28457 ], [ -71.32047, -38.28463 ], [ -71.32095, -38.28456 ], [ -71.32181, -38.284 ], [ -71.3224, -38.28412 ] ] } },
{ "type": "Feature", "properties": { "osm_id": 370100648, "nombre": "Río Llanquén", "tipo": "river", "volcan_codigo": "LON", "volcan_nombre": "Lonquimay", "drena_volcan": false }, "geometry": { "type": "LineString", "coordinates": [ [ -71.18716, -38.11712 ], [ -71.18721, -38.11778 ], [ -71.1873, -38.11797 ], [ -71.18748, -38.11808 ], [ -71.18735, -38.11884 ], [ -71.18722, -38.11919 ], [ -71.18729, -38.12061 ], [ -71.18706, -38.12204 ], [ -71.18727, -38.12247 ], [ -71.18712, -38.12276 ], [ -71.18704, -38.12331 ], [ -71.18723, -38.12427 ], [ -71.18743, -38.12455 ], [ -71.18791, -38.12494 ], [ -71.18781, -38.12518 ], [ -71.18805, -38.12543 ], [ -71.18867, -38.12561 ], [ -71.18912, -38.12609 ], [ -71.18997, -38.12633 ], [ -71.19069, -38.12674 ], [ -71.19116, -38.12685 ], [ -71.1915, -38.12683 ], [ -71.19186, -38.12715 ], [ -71.19226, -38.12735 ], [ -71.19239, -38.1275 ], [ -71.19255, -38.12798 ], [ -71.19346, -38.12828 ], [ -71.19386, -38.12865 ], [ -71.19394, -38.12887 ], [ -71.19419, -38.129 ], [ -71.19421, -38.12929 ], [ -71.19449, -38.12986 ], [ -71.19472, -38.13013 ], [ -71.19474, -38.13035 ], [ -71.19488, -38.13058 ], [ -71.1951, -38.13071 ], [ -71.1956, -38.13121 ], [ -71.19593, -38.13176 ], [ -71.19627, -38.13206 ], [ -71.19609, -38.13245 ], [ -71.19601, -38.1329 ], [ -71.19607, -38.13314 ], [ -71.19598, -38.1334 ], [ -71.19615, -38.13374 ], [ -71.19591, -38.13412 ], [ -71.19669, -38.13525 ], [ -71.19716, -38.13574 ], [ -71.19672, -38.1373 ], [ -71.19674, -38.13737 ], [ -71.19704, -38.13743 ], [ -71.19723, -38.13756 ], [ -71.19731, -38.1378 ], [ -71.19724, -38.13811 ], [ -71.19733, -38.13831 ], [ -71.19743, -38.13841 ], [ -71.19778, -38.13848 ], [ -71.19839, -38.13853 ], [ -71.19899, -38.13895 ], [ -71.19956, -38.13911 ], [ -71.19958, -38.1393 ], [ -71.19912, -38.13963 ], [ -71.19919, -38.13979 ], [ -71.19964, -38.14011 ], [ -71.1999, -38.14079 ], [ -71.20014, -38.14101 ], [ -71.20072, -38.14119 ], [ -71.20169, -38.14129 ], [ -71.20194, -38.14165 ], [ -71.20263, -38.14197 ], [ -71.20373, -38.14198 ], [ -71.20404, -38.14235 ], [ -71.20439, -38.14246 ], [ -71.20455, -38.14298 ], [ -71.20559, -38.14326 ], [ -71.20572, -38.14335 ], [ -71.20603, -38.14392 ], [ -71.20598, -38.14425 ], [ -71.20609, -38.14437 ], [ -71.20628, -38.14502 ], [ -71.20671, -38.14537 ], [ -71.20676, -38.1455 ], [ -71.2066, -38.14578 ], [ -71.20673, -38.14603 ], [ -71.20704, -38.14621 ], [ -71.20752, -38.14609 ], [ -71.20792, -38.14615 ], [ -71.20807, -38.14668 ], [ -71.20834, -38.14689 ], [ -71.20836, -38.14746 ], [ -71.20851, -38.1476 ], [ -71.20891, -38.14767 ], [ -71.20986, -38.14868 ], [ -71.21042, -38.14896 ], [ -71.211, -38.14915 ], [ -71.21134, -38.14957 ], [ -71.2124, -38.14979 ], [ -71.21265, -38.15005 ], [ -71.21355, -38.15041 ], [ -71.21385, -38.15067 ], [ -71.21382, -38.15138 ], [ -71.21405, -38.15178 ], [ -71.21436, -38.15204 ], [ -71.21518, -38.15234 ], [ -71.21577, -38.15235 ], [ -71.21684, -38.15224 ], [ -71.21791, -38.15174 ], [ -71.21968, -38.15168 ], [ -71.22036, -38.15151 ], [ -71.22096, -38.15178 ], [ -71.22153, -38.15162 ], [ -71.22254, -38.15106 ], [ -71.2232, -38.15118 ], [ -71.22434, -38.15077 ], [ -71.22645, -38.15115 ], [ -71.22721, -38.15137 ], [ -71.22947, -38.15105 ], [ -71.22982, -38.15109 ], [ -71.22995, -38.15117 ], [ -71.23007, -38.15171 ], [ -71.23023, -38.15199 ], [ -71.23048, -38.15215 ], [ -71.23171, -38.15241 ], [ -71.23228, -38.1527 ], [ -71.23268, -38.15304 ], [ -71.23276, -38.1533 ], [ -71.23311, -38.15362 ], [ -71.23376, -38.15405 ], [ -71.23407, -38.15411 ], [ -71.2359, -38.15397 ], [ -71.23702, -38.15409 ], [ -71.23753, -38.1543 ], [ -71.23787, -38.15417 ], [ -71.23835, -38.15383 ], [ -71.23966, -38.1534 ], [ -71.23991, -38.15339 ], [ -71.2406, -38.15347 ], [ -71.24168, -38.15347 ], [ -71.24218, -38.1538 ], [ -71.24247, -38.15389 ], [ -71.24296, -38.15386 ], [ -71.24317, -38.1538 ], [ -71.24329, -38.15364 ], [ -71.24341, -38.15364 ], [ -71.24445, -38.15396 ], [ -71.24482, -38.1538 ], [ -71.24502, -38.15348 ], [ -71.24521, -38.15338 ], [ -71.24568, -38.15339 ], [ -71.24652, -38.15385 ], [ -71.24831, -38.15449 ], [ -71.2487, -38.15504 ], [ -71.25023, -38.15539 ], [ -71.25052, -38.15562 ], [ -71.25093, -38.15627 ], [ -71.25114, -38.15638 ], [ -71.25269, -38.15657 ], [ -71.25317, -38.15689 ], [ -71.25424, -38.15794 ], [ -71.25467, -38.15816 ], [ -71.25591, -38.15858 ], [ -71.25607, -38.15887 ], [ -71.25649, -38.15908 ], [ -71.25707, -38.15912 ], [ -71.25756, -38.15896 ], [ -71.25823, -38.159 ], [ -71.25876, -38.15929 ], [ -71.25906, -38.15993 ], [ -71.25983, -38.16051 ], [ -71.26032, -38.16073 ], [ -71.2614, -38.16099 ], [ -71.26367, -38.16064 ], [ -71.26394, -38.16084 ], [ -71.26435, -38.16132 ], [ -71.26483, -38.16166 ], [ -71.26508, -38.16199 ], [ -71.26544, -38.16298 ], [ -71.26587, -38.16341 ], [ -71.26746, -38.16359 ], [ -71.26893, -38.16392 ], [ -71.27086, -38.16408 ], [ -71.27123, -38.16426 ], [ -71.27209, -38.16519 ], [ -71.27322, -38.1654 ], [ -71.27441, -38.16581 ], [ -71.276, -38.16605 ], [ -71.27773, -38.16643 ], [ -71.27827, -38.16646 ], [ -71.27856, -38.16622 ], [ -71.27903, -38.1656 ], [ -71.27963, -38.16527 ], [ -71.28032, -38.16514 ], [ -71.28122, -38.16518 ], [ -71.28161, -38.16527 ], [ -71.2821, -38.16551 ], [ -71.28247, -38.1658 ], [ -71.28277, -38.16644 ], [ -71.28307, -38.16656 ], [ -71.28366, -38.16651 ], [ -71.28408, -38.16666 ], [ -71.2847, -38.16712 ], [ -71.28502, -38.16721 ], [ -71.28585, -38.16773 ], [ -71.28648, -38.16791 ], [ -71.28682, -38.1681 ], [ -71.28705, -38.16834 ], [ -71.28695, -38.16924 ], [ -71.28711, -38.16949 ], [ -71.28836, -38.17008 ], [ -71.28911, -38.17022 ], [ -71.28931, -38.17016 ], [ -71.28976, -38.16977 ], [ -71.2904, -38.16997 ], [ -71.29095, -38.17002 ], [ -71.2915, -38.16982 ], [ -71.29187, -38.16956 ], [ -71.2924, -38.16947 ], [ -71.29281, -38.16962 ], [ -71.29286, -38.16978 ], [ -71.29344, -38.17015 ], [ -71.29369, -38.17091 ], [ -71.29358, -38.17154 ], [ -71.29384, -38.17216 ], [ -71.29434, -38.17272 ], [ -71.29476, -38.17299 ], [ -71.29532, -38.1731 ], [ -71.29638, -38.17305 ], [ -71.29818, -38.17318 ], [ -71.29879, -38.17307 ], [ -71.29934, -38.17309 ], [ -71.29955, -38.17322 ], [ -71.29981, -38.17353 ], [ -71.30003, -38.17422 ], [ -71.3002, -38.17441 ], [ -71.30041, -38.17455 ], [ -71.30116, -38.17473 ], [ -71.30156, -38.17448 ], [ -71.30171, -38.17382 ], [ -71.30261, -38.17363 ], [ -71.30361, -38.1733 ], [ -71.30375, -38.17303 ], [ -71.30429, -38.17278 ], [ -71.30557, -38.17261 ], [ -71.30591, -38.17264 ], [ -71.30641, -38.17305 ], [ -71.30691, -38.17314 ], [ -71.30875, -38.17274 ], [ -71.30996, -38.17323 ], [ -71.31026, -38.17313 ], [ -71.31094, -38.17256 ], [ -71.31111, -38.1725 ], [ -71.31278, -38.17308 ] ] } },
{ "type": "Feature", "properties": { "osm_id": 370185892, "nombre": "Río Rahue", "tipo": "river", "volcan_codigo": "LON", "volcan_nombre": "Lonquimay", "drena_volcan": false }, "geometry": { "type": "LineString", "coordinates": [ [ -71.12337, -38.27555 ], [ -71.12356, -38.27586 ], [ -71.12505, -38.2761 ], [ -71.12512, -38.2763 ], [ -71.12497, -38.2765 ], [ -71.12444, -38.27687 ], [ -71.12436, -38.27716 ], [ -71.12462, -38.27767 ], [ -71.12493, -38.27776 ], [ -71.12545, -38.27839 ], [ -71.12548, -38.27897 ], [ -71.12584, -38.27921 ], [ -71.126, -38.27945 ], [ -71.1259, -38.27968 ], [ -71.12517, -38.28015 ], [ -71.1251, -38.28027 ], [ -71.1254, -38.28083 ], [ -71.12523, -38.28144 ], [ -71.12448, -38.28255 ], [ -71.12451, -38.28289 ], [ -71.12481, -38.28336 ], [ -71.12477, -38.28352 ], [ -71.12607, -38.28323 ], [ -71.12677, -38.28297 ], [ -71.12774, -38.28291 ], [ -71.12854, -38.28272 ], [ -71.12891, -38.28283 ], [ -71.12929, -38.28306 ], [ -71.12989, -38.2835 ], [ -71.13038, -38.28405 ], [ -71.13125, -38.28438 ], [ -71.13304, -38.28464 ], [ -71.13409, -38.28505 ], [ -71.13524, -38.28476 ], [ -71.13594, -38.28487 ], [ -71.13668, -38.28598 ], [ -71.13739, -38.28667 ], [ -71.13824, -38.28678 ], [ -71.13908, -38.28701 ], [ -71.13944, -38.2873 ], [ -71.13907, -38.28824 ], [ -71.1393, -38.28921 ], [ -71.13934, -38.29006 ], [ -71.13969, -38.29101 ], [ -71.14024, -38.29193 ], [ -71.14077, -38.2925 ], [ -71.14097, -38.29283 ], [ -71.14056, -38.29334 ], [ -71.14027, -38.29418 ], [ -71.14052, -38.29576 ], [ -71.14049, -38.29624 ], [ -71.14035, -38.29665 ], [ -71.14038, -38.29698 ], [ -71.14083, -38.29837 ], [ -71.14106, -38.29881 ], [ -71.14145, -38.299 ], [ -71.14236, -38.29904 ], [ -71.14313, -38.29918 ], [ -71.14358, -38.29965 ], [ -71.1438, -38.30077 ], [ -71.14414, -38.30125 ], [ -71.1446, -38.30174 ], [ -71.14632, -38.30276 ], [ -71.14653, -38.30335 ], [ -71.14638, -38.30435 ], [ -71.14649, -38.30471 ], [ -71.14728, -38.30559 ], [ -71.14737, -38.30659 ], [ -71.14753, -38.30699 ], [ -71.14803, -38.30765 ], [ -71.1481, -38.30804 ], [ -71.14771, -38.30853 ], [ -71.14739, -38.30875 ], [ -71.14738, -38.30911 ], [ -71.14703, -38.30935 ], [ -71.14609, -38.30963 ], [ -71.1456, -38.30996 ], [ -71.14541, -38.31058 ], [ -71.14577, -38.31164 ], [ -71.14622, -38.31254 ], [ -71.14857, -38.31541 ], [ -71.14858, -38.31566 ], [ -71.14839, -38.31616 ], [ -71.14844, -38.3165 ], [ -71.14896, -38.31697 ], [ -71.14969, -38.31782 ], [ -71.14993, -38.31795 ], [ -71.15115, -38.31809 ], [ -71.15237, -38.31835 ], [ -71.15261, -38.31847 ], [ -71.15273, -38.31874 ], [ -71.15217, -38.32127 ], [ -71.15128, -38.32193 ], [ -71.15012, -38.32245 ], [ -71.14915, -38.32267 ], [ -71.14862, -38.32307 ], [ -71.14837, -38.32338 ], [ -71.14664, -38.32446 ], [ -71.14638, -38.32502 ], [ -71.14641, -38.32546 ], [ -71.14686, -38.32656 ], [ -71.14788, -38.3272 ], [ -71.14817, -38.32761 ], [ -71.14838, -38.32803 ], [ -71.14847, -38.32856 ], [ -71.14884, -38.32928 ], [ -71.15075, -38.32985 ], [ -71.15097, -38.33024 ], [ -71.15099, -38.33072 ], [ -71.15144, -38.33109 ], [ -71.15272, -38.33159 ], [ -71.15385, -38.3323 ], [ -71.15562, -38.33327 ], [ -71.15713, -38.33391 ], [ -71.15874, -38.33483 ], [ -71.15904, -38.33556 ], [ -71.15872, -38.33602 ], [ -71.15816, -38.33633 ], [ -71.15798, -38.33675 ], [ -71.15815, -38.33723 ], [ -71.15841, -38.33772 ], [ -71.16041, -38.33838 ], [ -71.16056, -38.33871 ], [ -71.1605, -38.33906 ], [ -71.15922, -38.34029 ], [ -71.15884, -38.34084 ], [ -71.15875, -38.34115 ], [ -71.15878, -38.34147 ], [ -71.15903, -38.34205 ], [ -71.15989, -38.34322 ], [ -71.15995, -38.34343 ], [ -71.15993, -38.34373 ], [ -71.15973, -38.34413 ], [ -71.15887, -38.34521 ], [ -71.15721, -38.34656 ], [ -71.15702, -38.34731 ], [ -71.1572, -38.34882 ], [ -71.15733, -38.34921 ], [ -71.15803, -38.35015 ], [ -71.15835, -38.35069 ], [ -71.1594, -38.35153 ], [ -71.16013, -38.35252 ], [ -71.16066, -38.35302 ], [ -71.16163, -38.35372 ], [ -71.16241, -38.35418 ], [ -71.16534, -38.35489 ], [ -71.16606, -38.35523 ], [ -71.16632, -38.35558 ], [ -71.16638, -38.35587 ], [ -71.16631, -38.35613 ], [ -71.16606, -38.35659 ], [ -71.16509, -38.35749 ], [ -71.16495, -38.35778 ], [ -71.16491, -38.35811 ], [ -71.16532, -38.35957 ], [ -71.16569, -38.36002 ], [ -71.16634, -38.36061 ], [ -71.16669, -38.36114 ], [ -71.16692, -38.36233 ], [ -71.16677, -38.3633 ], [ -71.16643, -38.36426 ], [ -71.16634, -38.36482 ], [ -71.16636, -38.36527 ], [ -71.16663, -38.36622 ], [ -71.1666, -38.3665 ], [ -71.16627, -38.36723 ], [ -71.16546, -38.36849 ], [ -71.1651, -38.3692 ], [ -71.16512, -38.36961 ], [ -71.16526, -38.36987 ], [ -71.16639, -38.37082 ], [ -71.16655, -38.37136 ], [ -71.16559, -38.37356 ], [ -71.16561, -38.37433 ], [ -71.16598, -38.37487 ], [ -71.16657, -38.37507 ], [ -71.16701, -38.37487 ], [ -71.1679, -38.37491 ], [ -71.16866, -38.37524 ], [ -71.16908, -38.37563 ], [ -71.16938, -38.37604 ], [ -71.16951, -38.37687 ], [ -71.1698, -38.37722 ], [ -71.17087, -38.37895 ], [ -71.17215, -38.37987 ], [ -71.17261, -38.38034 ], [ -71.17258, -38.38052 ], [ -71.17212, -38.38112 ], [ -71.17195, -38.38148 ], [ -71.17193, -38.38173 ], [ -71.17217, -38.38211 ], [ -71.17248, -38.38236 ], [ -71.17285, -38.38246 ], [ -71.17377, -38.38239 ], [ -71.17643, -38.38299 ], [ -71.17701, -38.38321 ], [ -71.17857, -38.38403 ], [ -71.18112, -38.38431 ], [ -71.18165, -38.38453 ], [ -71.18198, -38.38494 ], [ -71.18196, -38.38525 ], [ -71.18174, -38.38567 ], [ -71.18088, -38.38649 ], [ -71.18076, -38.38689 ], [ -71.18084, -38.3872 ], [ -71.18188, -38.38848 ], [ -71.18223, -38.38927 ], [ -71.18231, -38.3898 ], [ -71.18248, -38.39 ], [ -71.18327, -38.39028 ], [ -71.18451, -38.39054 ], [ -71.18497, -38.39082 ], [ -71.18519, -38.39107 ], [ -71.1853, -38.39128 ], [ -71.18534, -38.39167 ], [ -71.18503, -38.3924 ], [ -71.18495, -38.39282 ], [ -71.18558, -38.39363 ], [ -71.18658, -38.39421 ], [ -71.18699, -38.39456 ], [ -71.18785, -38.39507 ], [ -71.19011, -38.39597 ], [ -71.19158, -38.39685 ], [ -71.19305, -38.39793 ], [ -71.19545, -38.39913 ], [ -71.19604, -38.3996 ], [ -71.1966, -38.40038 ], [ -71.19702, -38.40077 ], [ -71.19785, -38.40109 ], [ -71.20002, -38.4016 ], [ -71.20098, -38.40209 ], [ -71.20138, -38.40276 ], [ -71.20186, -38.40429 ], [ -71.20252, -38.40496 ], [ -71.20586, -38.40531 ], [ -71.20707, -38.4061 ], [ -71.20737, -38.40678 ], [ -71.20739, -38.40803 ], [ -71.20762, -38.40939 ], [ -71.20819, -38.40986 ], [ -71.20904, -38.40996 ], [ -71.2099, -38.40985 ], [ -71.21049, -38.4096 ], [ -71.21088, -38.40954 ], [ -71.21248, -38.4099 ], [ -71.21378, -38.41003 ], [ -71.21425, -38.41001 ], [ -71.21501, -38.40964 ], [ -71.21582, -38.40895 ], [ -71.21617, -38.40851 ], [ -71.21667, -38.40824 ], [ -71.21724, -38.40818 ], [ -71.2184, -38.40854 ], [ -71.2192, -38.40852 ], [ -71.21974, -38.40832 ], [ -71.22035, -38.40779 ], [ -71.22113, -38.40748 ], [ -71.22568, -38.40691 ], [ -71.22744, -38.40726 ], [ -71.22877, -38.40857 ], [ -71.2301, -38.40899 ], [ -71.23114, -38.40879 ], [ -71.23358, -38.40743 ], [ -71.23655, -38.40548 ], [ -71.23686, -38.40515 ], [ -71.237, -38.40476 ], [ -71.23701, -38.40401 ], [ -71.23681, -38.40268 ], [ -71.2367, -38.40123 ], [ -71.23685, -38.40066 ], [ -71.23705, -38.40024 ], [ -71.23747, -38.39994 ], [ -71.23926, -38.39936 ], [ -71.24042, -38.39829 ], [ -71.24109, -38.39794 ], [ -71.24249, -38.39741 ] ] } },
{ "type": "Feature", "properties": { "osm_id": 370185894, "nombre": "Río Rahue", "tipo": "river", "volcan_codigo": "LON", "volcan_nombre": "Lonquimay", "drena_volcan": false }, "geometry": { "type": "LineString", "coordinates": [ [ -71.02457, -38.27977 ], [ -71.02462, -38.2799 ], [ -71.0249, -38.27985 ], [ -71.02489, -38.27994 ], [ -71.02467, -38.28012 ], [ -71.02473, -38.28026 ], [ -71.0252, -38.28031 ], [ -71.02541, -38.28072 ], [ -71.02582, -38.28091 ], [ -71.02593, -38.28116 ], [ -71.0262, -38.28136 ], [ -71.02625, -38.28145 ], [ -71.02613, -38.2816 ], [ -71.02622, -38.28172 ], [ -71.02638, -38.28178 ], [ -71.02655, -38.2817 ], [ -71.0267, -38.28187 ], [ -71.02679, -38.28216 ], [ -71.02691, -38.28228 ], [ -71.02691, -38.28251 ], [ -71.02705, -38.28288 ], [ -71.02728, -38.28307 ], [ -71.02775, -38.28379 ], [ -71.02759, -38.28441 ], [ -71.02817, -38.28474 ], [ -71.02831, -38.28496 ], [ -71.02827, -38.28518 ], [ -71.02809, -38.28532 ], [ -71.02818, -38.28567 ], [ -71.02838, -38.28578 ], [ -71.0288, -38.28581 ], [ -71.02892, -38.28594 ], [ -71.02892, -38.28619 ], [ -71.02866, -38.28659 ], [ -71.02869, -38.28668 ], [ -71.02935, -38.28701 ], [ -71.02935, -38.2872 ], [ -71.02916, -38.28728 ], [ -71.02973, -38.28832 ], [ -71.02968, -38.28879 ], [ -71.02995, -38.28909 ], [ -71.02989, -38.28925 ], [ -71.0293, -38.28986 ], [ -71.02965, -38.29055 ], [ -71.03024, -38.29073 ], [ -71.03047, -38.29095 ], [ -71.03051, -38.29121 ], [ -71.03036, -38.29134 ], [ -71.0304, -38.29169 ], [ -71.03052, -38.29178 ], [ -71.0311, -38.29187 ], [ -71.03135, -38.2918 ], [ -71.03157, -38.29224 ], [ -71.0318, -38.29244 ], [ -71.0316, -38.2927 ], [ -71.03151, -38.29301 ], [ -71.03167, -38.29315 ], [ -71.03227, -38.29337 ], [ -71.03234, -38.29356 ], [ -71.0322, -38.29378 ], [ -71.03178, -38.29387 ], [ -71.03153, -38.29414 ], [ -71.03162, -38.29457 ], [ -71.03225, -38.29462 ], [ -71.0324, -38.29496 ], [ -71.03228, -38.29565 ], [ -71.03242, -38.29572 ], [ -71.03246, -38.29596 ], [ -71.0324, -38.29618 ], [ -71.03267, -38.29644 ], [ -71.03266, -38.29669 ], [ -71.0328, -38.29718 ], [ -71.03361, -38.29749 ], [ -71.03373, -38.2979 ], [ -71.03332, -38.29809 ], [ -71.03322, -38.29824 ], [ -71.0334, -38.29871 ], [ -71.03398, -38.2993 ], [ -71.03385, -38.29963 ], [ -71.03393, -38.29975 ], [ -71.03426, -38.29989 ], [ -71.03451, -38.30069 ], [ -71.03485, -38.30112 ], [ -71.03485, -38.30126 ], [ -71.03467, -38.30142 ], [ -71.0346, -38.30162 ], [ -71.03467, -38.3018 ], [ -71.03442, -38.30218 ], [ -71.03443, -38.30245 ], [ -71.03499, -38.30242 ], [ -71.0353, -38.30305 ], [ -71.03562, -38.30346 ], [ -71.03574, -38.30423 ], [ -71.03557, -38.3045 ], [ -71.03556, -38.30474 ], [ -71.03569, -38.30495 ], [ -71.03586, -38.30489 ], [ -71.03602, -38.30508 ], [ -71.03628, -38.3051 ], [ -71.03634, -38.3058 ], [ -71.03662, -38.30563 ], [ -71.03667, -38.30571 ], [ -71.03645, -38.30626 ], [ -71.03644, -38.30651 ], [ -71.03675, -38.30657 ], [ -71.03717, -38.3069 ], [ -71.03768, -38.30706 ], [ -71.038, -38.30754 ], [ -71.03805, -38.30801 ], [ -71.0387, -38.30842 ], [ -71.03865, -38.30858 ], [ -71.03842, -38.30874 ], [ -71.03891, -38.30922 ], [ -71.03913, -38.30926 ], [ -71.03961, -38.30911 ], [ -71.0398, -38.30955 ], [ -71.03994, -38.30961 ], [ -71.04061, -38.30951 ], [ -71.04104, -38.30956 ], [ -71.04158, -38.30945 ], [ -71.04172, -38.30956 ], [ -71.04162, -38.30972 ], [ -71.04158, -38.31015 ], [ -71.04172, -38.31047 ], [ -71.04207, -38.31062 ], [ -71.04271, -38.31047 ], [ -71.04293, -38.31049 ], [ -71.04307, -38.31061 ], [ -71.04312, -38.31093 ], [ -71.04323, -38.31107 ], [ -71.04351, -38.31119 ], [ -71.04389, -38.3112 ], [ -71.04424, -38.3111 ], [ -71.04453, -38.31115 ], [ -71.04453, -38.31147 ], [ -71.04527, -38.31181 ], [ -71.04551, -38.31182 ], [ -71.04618, -38.31163 ], [ -71.04714, -38.31209 ], [ -71.04759, -38.31193 ], [ -71.04822, -38.312 ], [ -71.04846, -38.31218 ], [ -71.04856, -38.31241 ], [ -71.04918, -38.3124 ], [ -71.04931, -38.31247 ], [ -71.04948, -38.3128 ], [ -71.05006, -38.31289 ], [ -71.05017, -38.31296 ], [ -71.0502, -38.31317 ], [ -71.05065, -38.31356 ], [ -71.05234, -38.31347 ], [ -71.05312, -38.31373 ], [ -71.05319, -38.31388 ], [ -71.05346, -38.314 ], [ -71.05453, -38.31418 ], [ -71.05506, -38.31436 ], [ -71.05561, -38.31398 ], [ -71.05637, -38.31396 ], [ -71.05659, -38.31369 ], [ -71.05729, -38.31396 ], [ -71.0577, -38.31382 ], [ -71.05789, -38.31383 ], [ -71.05802, -38.31396 ], [ -71.05807, -38.31422 ], [ -71.05829, -38.31438 ], [ -71.05864, -38.31436 ], [ -71.05888, -38.31423 ], [ -71.05933, -38.3143 ], [ -71.05948, -38.31421 ], [ -71.05984, -38.31421 ], [ -71.06002, -38.31449 ], [ -71.06005, -38.31473 ], [ -71.06077, -38.3148 ], [ -71.06106, -38.31498 ], [ -71.06141, -38.31538 ], [ -71.06177, -38.31553 ], [ -71.06298, -38.31547 ], [ -71.06311, -38.31559 ], [ -71.06315, -38.31579 ], [ -71.06335, -38.31585 ], [ -71.0636, -38.3164 ], [ -71.06359, -38.31689 ], [ -71.06366, -38.31694 ], [ -71.06443, -38.3169 ], [ -71.06506, -38.31657 ], [ -71.06546, -38.31658 ], [ -71.06556, -38.31711 ], [ -71.06565, -38.31717 ], [ -71.06559, -38.31727 ], [ -71.06506, -38.31757 ], [ -71.06497, -38.31773 ], [ -71.06499, -38.31797 ], [ -71.06518, -38.31807 ], [ -71.06536, -38.31832 ], [ -71.06561, -38.31838 ], [ -71.06675, -38.31827 ], [ -71.06727, -38.31838 ], [ -71.06712, -38.31896 ], [ -71.06749, -38.31908 ], [ -71.0676, -38.31924 ], [ -71.06817, -38.31962 ], [ -71.06898, -38.31982 ], [ -71.06913, -38.31997 ], [ -71.06912, -38.32022 ], [ -71.0689, -38.32065 ], [ -71.06902, -38.32175 ], [ -71.06925, -38.32193 ], [ -71.06952, -38.32175 ], [ -71.06964, -38.32175 ], [ -71.07023, -38.32211 ], [ -71.07079, -38.32232 ], [ -71.07089, -38.32266 ], [ -71.07038, -38.32315 ], [ -71.07048, -38.3233 ], [ -71.07056, -38.3237 ], [ -71.07104, -38.32408 ], [ -71.07114, -38.32425 ], [ -71.07115, -38.32451 ], [ -71.07083, -38.32479 ], [ -71.07072, -38.3251 ], [ -71.07152, -38.32611 ], [ -71.07203, -38.32621 ], [ -71.07246, -38.3265 ], [ -71.07375, -38.32683 ], [ -71.0742, -38.32741 ], [ -71.07514, -38.32735 ], [ -71.07552, -38.328 ], [ -71.07564, -38.32853 ], [ -71.07584, -38.32873 ], [ -71.07629, -38.32897 ], [ -71.07708, -38.32894 ], [ -71.07758, -38.32913 ], [ -71.07835, -38.32965 ], [ -71.07885, -38.33016 ], [ -71.07932, -38.33036 ], [ -71.07997, -38.33085 ], [ -71.08046, -38.33095 ], [ -71.08057, -38.33149 ], [ -71.08093, -38.332 ], [ -71.0821, -38.33287 ], [ -71.08315, -38.33315 ], [ -71.08405, -38.33418 ], [ -71.08435, -38.33441 ], [ -71.08546, -38.33459 ], [ -71.08602, -38.33501 ], [ -71.08721, -38.33521 ], [ -71.08786, -38.33574 ], [ -71.08848, -38.33606 ], [ -71.08895, -38.3367 ], [ -71.0896, -38.33719 ], [ -71.09065, -38.33753 ], [ -71.09122, -38.33751 ], [ -71.09275, -38.33799 ], [ -71.09318, -38.338 ], [ -71.09334, -38.33806 ], [ -71.09353, -38.33842 ], [ -71.09491, -38.33861 ], [ -71.09604, -38.33893 ], [ -71.09802, -38.33903 ], [ -71.09933, -38.33876 ], [ -71.10053, -38.33894 ], [ -71.10113, -38.33881 ], [ -71.1015, -38.33862 ], [ -71.10171, -38.33866 ], [ -71.102, -38.33895 ], [ -71.10329, -38.33903 ], [ -71.10406, -38.33923 ], [ -71.10554, -38.33925 ], [ -71.10576, -38.33917 ], [ -71.10606, -38.33885 ], [ -71.10621, -38.33887 ], [ -71.10628, -38.33901 ], [ -71.10668, -38.33914 ], [ -71.10757, -38.33927 ], [ -71.10902, -38.33931 ], [ -71.1093, -38.33943 ], [ -71.10962, -38.34008 ], [ -71.10977, -38.34022 ], [ -71.11035, -38.34036 ], [ -71.11105, -38.34077 ], [ -71.11195, -38.34099 ], [ -71.11224, -38.34117 ], [ -71.11367, -38.34162 ], [ -71.11399, -38.34165 ], [ -71.11477, -38.34117 ], [ -71.11518, -38.3411 ], [ -71.11542, -38.34113 ], [ -71.1161, -38.34157 ], [ -71.11665, -38.34172 ], [ -71.11711, -38.34173 ], [ -71.11746, -38.34149 ], [ -71.11834, -38.34128 ], [ -71.11861, -38.34124 ], [ -71.11937, -38.34139 ], [ -71.11981, -38.34136 ], [ -71.12055, -38.34105 ], [ -71.12102, -38.34104 ], [ -71.12147, -38.34116 ], [ -71.12194, -38.34148 ], [ -71.12336, -38.34171 ], [ -71.12396, -38.34143 ], [ -71.12449, -38.34137 ], [ -71.12476, -38.34144 ], [ -71.12542, -38.34184 ], [ -71.12607, -38.34155 ], [ -71.12652, -38.34158 ], [ -71.12716, -38.34146 ], [ -71.12799, -38.34104 ], [ -71.12932, -38.34148 ], [ -71.13075, -38.34153 ], [ -71.13105, -38.34164 ], [ -71.13141, -38.34192 ], [ -71.13207, -38.34217 ], [ -71.13226, -38.34241 ], [ -71.13276, -38.34261 ], [ -71.13333, -38.34312 ], [ -71.13394, -38.34328 ], [ -71.13443, -38.34316 ], [ -71.13466, -38.3428 ], [ -71.13557, -38.34227 ], [ -71.13592, -38.34234 ], [ -71.13606, -38.34257 ], [ -71.13698, -38.34291 ], [ -71.13763, -38.343 ], [ -71.13909, -38.34303 ], [ -71.14081, -38.34329 ], [ -71.14142, -38.34352 ], [ -71.14236, -38.34434 ], [ -71.14348, -38.34513 ], [ -71.14466, -38.34548 ], [ -71.14604, -38.34646 ], [ -71.14678, -38.34726 ], [ -71.1474, -38.34723 ], [ -71.14882, -38.34776 ], [ -71.14944, -38.34821 ], [ -71.15014, -38.34833 ], [ -71.15183, -38.3478 ], [ -71.15245, -38.34778 ], [ -71.15314, -38.34835 ], [ -71.15366, -38.34848 ], [ -71.15392, -38.34854 ], [ -71.15592, -38.3485 ], [ -71.1567, -38.34869 ], [ -71.15726, -38.34903 ] ] } },
{ "type": "Feature", "properties": { "osm_id": 370192786, "nombre": "Sin nombre", "tipo": "river", "volcan_codigo": "LON", "volcan_nombre": "Lonquimay", "drena_volcan": false }, "geometry": { "type": "LineString", "coordinates": [ [ -71.37224, -38.39472 ], [ -71.37193, -38.39497 ], [ -71.37165, -38.39533 ], [ -71.37155, -38.39572 ], [ -71.3709, -38.39645 ], [ -71.37089, -38.39697 ], [ -71.36995, -38.39827 ], [ -71.36964, -38.39903 ], [ -71.36988, -38.39975 ], [ -71.37008, -38.40082 ], [ -71.37022, -38.40109 ], [ -71.37023, -38.40148 ], [ -71.36984, -38.40182 ], [ -71.36928, -38.40254 ], [ -71.3688, -38.40283 ], [ -71.36829, -38.40295 ], [ -71.36684, -38.40302 ], [ -71.36665, -38.40355 ], [ -71.36616, -38.40438 ], [ -71.36623, -38.40481 ], [ -71.36618, -38.40501 ], [ -71.36586, -38.4052 ], [ -71.36571, -38.40546 ], [ -71.36578, -38.4058 ], [ -71.36549, -38.40654 ], [ -71.3647, -38.40689 ], [ -71.36441, -38.40722 ], [ -71.36386, -38.40735 ], [ -71.36368, -38.40751 ], [ -71.36353, -38.40785 ], [ -71.36369, -38.40807 ], [ -71.36366, -38.40828 ], [ -71.36394, -38.40873 ], [ -71.36385, -38.40916 ], [ -71.36396, -38.40984 ], [ -71.36379, -38.41008 ], [ -71.36377, -38.41031 ], [ -71.3639, -38.41071 ], [ -71.36407, -38.41096 ], [ -71.36366, -38.41163 ], [ -71.36362, -38.41181 ], [ -71.36365, -38.41196 ], [ -71.36399, -38.41233 ], [ -71.3638, -38.41286 ], [ -71.36395, -38.41341 ], [ -71.36382, -38.41378 ], [ -71.36405, -38.41418 ], [ -71.36474, -38.41468 ], [ -71.3649, -38.41492 ], [ -71.3647, -38.4153 ], [ -71.36468, -38.41559 ], [ -71.36537, -38.41634 ], [ -71.36551, -38.4166 ], [ -71.36543, -38.41737 ], [ -71.36559, -38.41751 ], [ -71.36605, -38.41742 ], [ -71.36637, -38.41744 ], [ -71.3665, -38.41751 ], [ -71.36655, -38.41767 ], [ -71.36653, -38.41789 ], [ -71.36612, -38.41855 ], [ -71.36571, -38.41877 ], [ -71.36575, -38.41896 ], [ -71.36515, -38.41931 ], [ -71.36496, -38.41999 ], [ -71.36504, -38.42024 ], [ -71.36484, -38.42068 ], [ -71.36492, -38.42079 ], [ -71.36535, -38.42099 ], [ -71.36513, -38.42144 ], [ -71.36552, -38.42195 ], [ -71.36566, -38.42256 ], [ -71.36559, -38.42273 ], [ -71.36509, -38.42318 ], [ -71.36513, -38.42335 ], [ -71.36536, -38.42364 ], [ -71.3653, -38.42391 ], [ -71.3654, -38.42452 ], [ -71.36505, -38.425 ], [ -71.36507, -38.42515 ], [ -71.36552, -38.4256 ], [ -71.36553, -38.42583 ], [ -71.36522, -38.42615 ], [ -71.36516, -38.42637 ], [ -71.36499, -38.42657 ], [ -71.36522, -38.42696 ], [ -71.36516, -38.42712 ], [ -71.36455, -38.4273 ], [ -71.3643, -38.42778 ], [ -71.36424, -38.42844 ], [ -71.36442, -38.42863 ], [ -71.36441, -38.4289 ], [ -71.3648, -38.42948 ], [ -71.3648, -38.42973 ], [ -71.36499, -38.43023 ], [ -71.36488, -38.4306 ], [ -71.3649, -38.43082 ], [ -71.36512, -38.43101 ], [ -71.36546, -38.43114 ], [ -71.36557, -38.43129 ], [ -71.36563, -38.43153 ], [ -71.36547, -38.43193 ], [ -71.36551, -38.43216 ], [ -71.36575, -38.43221 ], [ -71.36583, -38.43234 ], [ -71.36587, -38.43257 ], [ -71.36575, -38.43278 ], [ -71.3658, -38.43299 ], [ -71.36602, -38.43319 ], [ -71.3665, -38.4334 ], [ -71.36651, -38.43401 ], [ -71.36705, -38.43409 ], [ -71.36718, -38.43418 ], [ -71.36727, -38.43495 ], [ -71.36796, -38.43528 ], [ -71.36809, -38.43556 ], [ -71.36788, -38.43622 ], [ -71.36753, -38.43656 ], [ -71.36674, -38.43668 ], [ -71.36645, -38.43681 ], [ -71.36637, -38.43707 ], [ -71.36635, -38.43727 ], [ -71.3667, -38.43789 ], [ -71.36669, -38.43826 ], [ -71.36649, -38.43842 ], [ -71.36651, -38.43867 ], [ -71.3669, -38.43902 ], [ -71.36692, -38.43924 ], [ -71.36717, -38.43957 ] ] } },
{ "type": "Feature", "properties": { "osm_id": 370207421, "nombre": "Sin nombre", "tipo": "river", "volcan_codigo": "LON", "volcan_nombre": "Lonquimay", "drena_volcan": false }, "geometry": { "type": "LineString", "coordinates": [ [ -71.01608, -38.38461 ], [ -71.01617, -38.38475 ], [ -71.01608, -38.38563 ], [ -71.01641, -38.38589 ], [ -71.01679, -38.38658 ], [ -71.0173, -38.38661 ], [ -71.01766, -38.38641 ], [ -71.01799, -38.38657 ], [ -71.01821, -38.38692 ], [ -71.01871, -38.38697 ], [ -71.02003, -38.38767 ], [ -71.02051, -38.38767 ], [ -71.02082, -38.38791 ], [ -71.02197, -38.38827 ], [ -71.02262, -38.38872 ], [ -71.02244, -38.38953 ], [ -71.02256, -38.38981 ], [ -71.02251, -38.3901 ], [ -71.02262, -38.39053 ], [ -71.02281, -38.39093 ], [ -71.02312, -38.39105 ], [ -71.02384, -38.39087 ], [ -71.02447, -38.39113 ], [ -71.02526, -38.39101 ], [ -71.0255, -38.39144 ], [ -71.02644, -38.39215 ], [ -71.02703, -38.39224 ], [ -71.02754, -38.3926 ], [ -71.02748, -38.39293 ], [ -71.02779, -38.39337 ], [ -71.02773, -38.39369 ], [ -71.02806, -38.39443 ], [ -71.02785, -38.39448 ], [ -71.0275, -38.39476 ], [ -71.02747, -38.39508 ], [ -71.02803, -38.39522 ], [ -71.02806, -38.39543 ], [ -71.02826, -38.39567 ], [ -71.02785, -38.39667 ], [ -71.02749, -38.39626 ], [ -71.02706, -38.39654 ], [ -71.02729, -38.39684 ], [ -71.02726, -38.3972 ], [ -71.02681, -38.39706 ], [ -71.02632, -38.39712 ], [ -71.02608, -38.39738 ], [ -71.02639, -38.39767 ], [ -71.0257, -38.39775 ], [ -71.02574, -38.39794 ], [ -71.02656, -38.39857 ], [ -71.02622, -38.39876 ], [ -71.02608, -38.399 ], [ -71.02628, -38.39937 ], [ -71.02757, -38.40017 ], [ -71.02707, -38.40032 ], [ -71.02674, -38.40088 ], [ -71.02645, -38.4011 ], [ -71.02638, -38.40137 ], [ -71.02659, -38.40144 ], [ -71.0269, -38.40138 ], [ -71.02729, -38.40143 ], [ -71.02776, -38.40175 ], [ -71.02808, -38.40213 ], [ -71.02884, -38.40203 ], [ -71.02897, -38.40228 ], [ -71.02863, -38.40262 ], [ -71.02889, -38.40283 ], [ -71.02969, -38.40269 ], [ -71.02988, -38.40273 ], [ -71.02992, -38.40308 ], [ -71.03015, -38.40333 ], [ -71.03022, -38.4036 ], [ -71.03012, -38.40412 ], [ -71.03021, -38.40447 ], [ -71.03005, -38.40465 ], [ -71.03027, -38.40513 ], [ -71.02993, -38.40622 ], [ -71.02992, -38.40659 ], [ -71.03029, -38.40721 ], [ -71.03073, -38.40771 ], [ -71.03097, -38.40856 ], [ -71.03118, -38.40898 ], [ -71.03116, -38.40927 ], [ -71.03025, -38.4094 ], [ -71.02966, -38.40938 ], [ -71.0295, -38.40966 ], [ -71.02948, -38.40995 ], [ -71.02892, -38.40976 ], [ -71.02868, -38.4098 ], [ -71.02869, -38.40993 ], [ -71.02915, -38.41014 ], [ -71.02926, -38.41037 ], [ -71.03052, -38.41064 ], [ -71.03071, -38.41085 ], [ -71.0306, -38.41101 ], [ -71.03043, -38.41108 ], [ -71.02986, -38.41098 ], [ -71.02972, -38.4113 ], [ -71.02993, -38.41151 ], [ -71.03036, -38.41165 ], [ -71.03041, -38.41179 ], [ -71.03029, -38.41203 ], [ -71.03045, -38.41216 ], [ -71.03083, -38.41195 ], [ -71.03163, -38.41236 ], [ -71.03156, -38.41262 ], [ -71.03139, -38.41275 ], [ -71.03145, -38.41292 ], [ -71.03178, -38.41299 ], [ -71.03204, -38.41283 ], [ -71.03221, -38.41286 ], [ -71.03219, -38.41316 ], [ -71.03228, -38.41347 ], [ -71.03214, -38.41358 ], [ -71.03187, -38.4135 ], [ -71.03165, -38.41363 ], [ -71.03167, -38.41383 ], [ -71.03213, -38.41411 ], [ -71.03236, -38.41385 ], [ -71.03273, -38.41386 ], [ -71.03289, -38.41404 ], [ -71.03286, -38.41417 ], [ -71.03243, -38.41433 ], [ -71.03235, -38.41451 ], [ -71.03244, -38.41486 ], [ -71.03267, -38.41505 ], [ -71.03307, -38.41491 ], [ -71.03342, -38.41491 ], [ -71.03363, -38.4151 ], [ -71.03377, -38.41544 ], [ -71.03404, -38.41547 ], [ -71.03426, -38.41536 ], [ -71.03451, -38.41549 ], [ -71.03478, -38.41593 ], [ -71.03498, -38.41679 ], [ -71.03516, -38.41692 ], [ -71.03517, -38.41723 ], [ -71.03507, -38.41738 ], [ -71.03475, -38.41748 ], [ -71.03466, -38.41773 ], [ -71.03531, -38.41822 ], [ -71.03528, -38.4195 ], [ -71.03536, -38.41972 ], [ -71.03562, -38.41985 ], [ -71.0358, -38.4207 ], [ -71.03667, -38.42121 ], [ -71.03674, -38.42184 ], [ -71.03708, -38.42195 ], [ -71.03852, -38.42209 ], [ -71.03993, -38.42187 ], [ -71.04046, -38.42158 ], [ -71.04159, -38.42167 ], [ -71.04247, -38.42184 ], [ -71.04299, -38.42178 ], [ -71.04312, -38.42169 ], [ -71.04323, -38.42177 ], [ -71.04333, -38.42207 ], [ -71.04347, -38.42215 ], [ -71.04378, -38.42218 ], [ -71.04406, -38.42196 ], [ -71.04611, -38.42245 ], [ -71.04609, -38.42295 ], [ -71.04616, -38.42312 ], [ -71.04629, -38.4232 ], [ -71.04637, -38.42358 ], [ -71.04653, -38.42362 ], [ -71.04745, -38.42297 ], [ -71.04756, -38.42263 ], [ -71.0475, -38.42232 ], [ -71.04771, -38.42222 ], [ -71.0484, -38.42214 ], [ -71.04892, -38.42235 ], [ -71.04921, -38.42236 ], [ -71.04957, -38.42216 ], [ -71.04973, -38.4222 ], [ -71.05024, -38.42269 ], [ -71.05052, -38.42265 ], [ -71.05078, -38.42247 ], [ -71.05185, -38.42214 ], [ -71.0541, -38.42192 ], [ -71.05485, -38.42234 ], [ -71.05496, -38.42247 ], [ -71.05657, -38.42294 ], [ -71.05691, -38.42324 ], [ -71.05729, -38.4233 ], [ -71.05766, -38.42354 ], [ -71.05774, -38.42376 ], [ -71.0584, -38.42452 ], [ -71.0596, -38.42557 ], [ -71.06002, -38.42667 ], [ -71.06, -38.4273 ], [ -71.0601, -38.42769 ], [ -71.06075, -38.42834 ], [ -71.0616, -38.4288 ], [ -71.06324, -38.4295 ], [ -71.06395, -38.42961 ], [ -71.06483, -38.42989 ], [ -71.0651, -38.42992 ], [ -71.06565, -38.42976 ], [ -71.0662, -38.42989 ], [ -71.06661, -38.43006 ], [ -71.06688, -38.4303 ], [ -71.06687, -38.4307 ], [ -71.06796, -38.43118 ], [ -71.0686, -38.43097 ], [ -71.06882, -38.43082 ], [ -71.06927, -38.43074 ], [ -71.06957, -38.43084 ], [ -71.06993, -38.43117 ], [ -71.0704, -38.43125 ], [ -71.07073, -38.43109 ], [ -71.0711, -38.43111 ], [ -71.07228, -38.43172 ], [ -71.07336, -38.43183 ], [ -71.07453, -38.43207 ], [ -71.07525, -38.43247 ], [ -71.07598, -38.4326 ], [ -71.07657, -38.43337 ], [ -71.07759, -38.43369 ], [ -71.07785, -38.4339 ], [ -71.07819, -38.43402 ], [ -71.07824, -38.43396 ], [ -71.07815, -38.43368 ], [ -71.07832, -38.43336 ], [ -71.07855, -38.43327 ], [ -71.07884, -38.43327 ], [ -71.07935, -38.43351 ], [ -71.08034, -38.43382 ], [ -71.08119, -38.43407 ], [ -71.08172, -38.43413 ], [ -71.08264, -38.43444 ], [ -71.0835, -38.43444 ], [ -71.08401, -38.43464 ], [ -71.08473, -38.43507 ], [ -71.08704, -38.43531 ], [ -71.08771, -38.43552 ], [ -71.08992, -38.43557 ], [ -71.09124, -38.43627 ], [ -71.09151, -38.43653 ], [ -71.0928, -38.43714 ], [ -71.09359, -38.43716 ], [ -71.09452, -38.43741 ], [ -71.09523, -38.43776 ], [ -71.09553, -38.43803 ], [ -71.09572, -38.43837 ], [ -71.09546, -38.43892 ], [ -71.0955, -38.43966 ], [ -71.09586, -38.43979 ], [ -71.09637, -38.43953 ], [ -71.09672, -38.43915 ], [ -71.09787, -38.43884 ], [ -71.09818, -38.43884 ], [ -71.09898, -38.43927 ], [ -71.09898, -38.4395 ], [ -71.09851, -38.43998 ], [ -71.09873, -38.44035 ], [ -71.09893, -38.44042 ], [ -71.1, -38.44024 ], [ -71.10056, -38.44069 ], [ -71.10088, -38.44079 ], [ -71.10323, -38.44119 ], [ -71.10333, -38.44146 ], [ -71.10303, -38.4417 ], [ -71.10336, -38.44192 ], [ -71.10376, -38.442 ], [ -71.10408, -38.44192 ], [ -71.10467, -38.44149 ], [ -71.10528, -38.44131 ], [ -71.106, -38.44092 ], [ -71.10672, -38.44087 ], [ -71.10721, -38.4409 ], [ -71.10823, -38.44128 ], [ -71.10876, -38.4418 ], [ -71.10907, -38.44194 ], [ -71.10968, -38.44128 ], [ -71.11, -38.4411 ], [ -71.11056, -38.44102 ], [ -71.11094, -38.4412 ], [ -71.1125, -38.44114 ], [ -71.11359, -38.44137 ], [ -71.11418, -38.44122 ], [ -71.11461, -38.44126 ], [ -71.115, -38.44139 ], [ -71.11593, -38.44144 ], [ -71.11661, -38.44169 ], [ -71.11707, -38.44132 ], [ -71.11746, -38.44074 ], [ -71.1178, -38.44044 ], [ -71.11847, -38.44042 ], [ -71.11877, -38.44055 ], [ -71.11975, -38.44159 ], [ -71.12162, -38.44311 ], [ -71.12169, -38.44365 ], [ -71.12243, -38.44372 ], [ -71.12297, -38.44364 ], [ -71.12387, -38.44309 ], [ -71.12482, -38.44262 ], [ -71.12502, -38.44259 ], [ -71.12527, -38.44263 ], [ -71.12597, -38.44297 ], [ -71.12623, -38.44291 ], [ -71.12695, -38.44248 ], [ -71.12744, -38.44259 ], [ -71.12796, -38.44282 ], [ -71.12888, -38.4428 ], [ -71.12901, -38.44276 ], [ -71.12905, -38.44264 ], [ -71.12884, -38.44249 ], [ -71.12887, -38.44232 ], [ -71.12909, -38.4421 ], [ -71.13008, -38.44187 ], [ -71.12977, -38.44257 ], [ -71.12995, -38.44273 ], [ -71.13071, -38.44305 ], [ -71.13175, -38.44388 ], [ -71.13226, -38.44388 ], [ -71.13245, -38.44373 ], [ -71.13274, -38.44256 ], [ -71.13291, -38.44241 ], [ -71.13367, -38.44239 ], [ -71.13407, -38.44247 ], [ -71.13415, -38.44258 ], [ -71.13422, -38.4431 ], [ -71.13446, -38.44334 ], [ -71.13474, -38.44346 ], [ -71.13501, -38.44347 ], [ -71.13511, -38.44328 ], [ -71.13507, -38.44315 ], [ -71.13514, -38.44293 ], [ -71.13532, -38.44265 ], [ -71.13554, -38.44261 ], [ -71.13599, -38.44284 ], [ -71.13641, -38.44289 ], [ -71.13731, -38.44253 ], [ -71.13787, -38.44243 ], [ -71.13818, -38.44211 ], [ -71.13817, -38.44157 ], [ -71.13806, -38.44113 ], [ -71.1382, -38.44076 ], [ -71.13856, -38.4406 ], [ -71.13902, -38.44057 ], [ -71.13979, -38.44104 ], [ -71.14022, -38.4412 ], [ -71.14119, -38.44126 ], [ -71.14169, -38.4418 ], [ -71.14211, -38.44199 ], [ -71.14284, -38.44184 ], [ -71.14462, -38.44168 ], [ -71.14618, -38.44179 ], [ -71.1465, -38.44155 ], [ -71.14726, -38.44164 ], [ -71.14865, -38.44162 ], [ -71.14926, -38.44136 ], [ -71.14976, -38.44084 ], [ -71.15006, -38.44072 ], [ -71.15085, -38.44061 ], [ -71.15186, -38.44019 ], [ -71.15247, -38.44024 ], [ -71.15426, -38.44131 ], [ -71.15524, -38.4411 ], [ -71.15711, -38.4409 ], [ -71.15766, -38.4407 ], [ -71.15888, -38.44063 ], [ -71.15963, -38.44077 ], [ -71.16015, -38.44066 ], [ -71.16057, -38.44035 ], [ -71.161, -38.44047 ], [ -71.16126, -38.44063 ], [ -71.16144, -38.44088 ], [ -71.16152, -38.44126 ], [ -71.16168, -38.44148 ], [ -71.16221, -38.44171 ], [ -71.16224, -38.44192 ], [ -71.16207, -38.44249 ], [ -71.1622, -38.44263 ], [ -71.16246, -38.44269 ], [ -71.16289, -38.44265 ], [ -71.16351, -38.44236 ], [ -71.16381, -38.44235 ], [ -71.16505, -38.443 ], [ -71.16594, -38.44368 ], [ -71.1666, -38.44432 ], [ -71.16698, -38.44439 ], [ -71.16761, -38.44411 ], [ -71.16809, -38.44406 ], [ -71.17028, -38.44443 ], [ -71.17105, -38.44492 ], [ -71.17213, -38.44518 ], [ -71.17327, -38.44559 ], [ -71.17362, -38.44599 ], [ -71.17396, -38.44658 ], [ -71.1738, -38.44807 ], [ -71.17397, -38.44866 ], [ -71.17529, -38.44926 ], [ -71.17543, -38.44974 ], [ -71.17545, -38.45021 ], [ -71.17598, -38.45066 ], [ -71.17609, -38.45125 ], [ -71.17601, -38.45196 ], [ -71.1756, -38.45297 ], [ -71.17554, -38.45335 ], [ -71.17588, -38.45411 ], [ -71.17593, -38.4553 ], [ -71.17609, -38.45557 ], [ -71.17754, -38.45663 ], [ -71.17857, -38.45779 ], [ -71.17892, -38.45865 ], [ -71.17865, -38.46004 ], [ -71.1787, -38.4612 ], [ -71.17937, -38.4622 ], [ -71.17972, -38.46252 ], [ -71.18094, -38.46268 ], [ -71.181, -38.46279 ], [ -71.18104, -38.46355 ], [ -71.18116, -38.46398 ], [ -71.18093, -38.46431 ], [ -71.1807, -38.46486 ], [ -71.17981, -38.46575 ], [ -71.17989, -38.46612 ], [ -71.18016, -38.4665 ], [ -71.18091, -38.46684 ], [ -71.1812, -38.46715 ], [ -71.18131, -38.46786 ], [ -71.18169, -38.46872 ], [ -71.18096, -38.46974 ], [ -71.18083, -38.47016 ], [ -71.18084, -38.47039 ], [ -71.1816, -38.47096 ], [ -71.18242, -38.47235 ], [ -71.18407, -38.47357 ], [ -71.18453, -38.47403 ], [ -71.18486, -38.4745 ], [ -71.18488, -38.47506 ], [ -71.18431, -38.47574 ], [ -71.1841, -38.4763 ], [ -71.184, -38.47678 ], [ -71.18418, -38.47742 ], [ -71.18516, -38.47766 ], [ -71.18584, -38.47764 ], [ -71.18653, -38.47809 ], [ -71.18664, -38.47835 ], [ -71.1867, -38.47868 ], [ -71.18653, -38.47905 ], [ -71.18627, -38.47928 ], [ -71.18547, -38.47958 ], [ -71.18487, -38.48006 ], [ -71.18445, -38.48052 ], [ -71.18429, -38.48086 ], [ -71.18426, -38.48126 ], [ -71.18453, -38.48178 ], [ -71.1856, -38.48279 ], [ -71.1857, -38.48315 ], [ -71.18562, -38.48338 ], [ -71.18491, -38.48447 ], [ -71.18469, -38.48505 ], [ -71.18472, -38.48554 ], [ -71.18505, -38.48657 ], [ -71.18493, -38.48733 ], [ -71.18442, -38.48838 ], [ -71.18449, -38.48873 ], [ -71.18465, -38.48896 ], [ -71.18577, -38.48931 ], [ -71.18732, -38.4904 ], [ -71.18743, -38.49063 ], [ -71.18728, -38.49098 ], [ -71.18695, -38.49113 ], [ -71.18632, -38.49116 ], [ -71.18583, -38.49128 ], [ -71.1857, -38.4914 ], [ -71.18576, -38.49154 ], [ -71.18588, -38.49163 ], [ -71.18691, -38.49166 ], [ -71.18787, -38.49238 ], [ -71.1884, -38.49262 ], [ -71.18867, -38.4929 ], [ -71.18894, -38.49339 ], [ -71.18877, -38.49373 ], [ -71.18875, -38.49443 ], [ -71.18882, -38.49464 ], [ -71.18963, -38.49515 ], [ -71.1901, -38.49623 ], [ -71.19055, -38.49685 ], [ -71.19079, -38.4989 ], [ -71.19065, -38.49909 ], [ -71.1904, -38.49921 ], [ -71.18999, -38.49928 ], [ -71.18966, -38.49923 ], [ -71.18941, -38.49931 ], [ -71.18897, -38.49964 ], [ -71.1886, -38.50012 ], [ -71.18854, -38.50067 ], [ -71.1886, -38.50086 ], [ -71.1888, -38.50104 ], [ -71.18908, -38.50111 ], [ -71.18956, -38.50211 ], [ -71.18995, -38.50232 ], [ -71.1918, -38.50291 ], [ -71.19271, -38.5036 ], [ -71.19455, -38.5043 ], [ -71.19516, -38.50437 ], [ -71.19613, -38.50432 ], [ -71.19852, -38.5058 ], [ -71.19896, -38.506 ], [ -71.1997, -38.5062 ], [ -71.20044, -38.50622 ], [ -71.20325, -38.50585 ] ] } },
{ "type": "Feature", "properties": { "osm_id": 370247048, "nombre": "Río Lolén", "tipo": "stream", "volcan_codigo": "LON", "volcan_nombre": "Lonquimay", "drena_volcan": false }, "geometry": { "type": "LineString", "coordinates": [ [ -71.25979, -38.47516 ], [ -71.25957, -38.47496 ], [ -71.25953, -38.47466 ], [ -71.25938, -38.47445 ], [ -71.25911, -38.47451 ], [ -71.25875, -38.47422 ], [ -71.25842, -38.47411 ], [ -71.25768, -38.47424 ], [ -71.25739, -38.47406 ], [ -71.25689, -38.4739 ], [ -71.2567, -38.47366 ], [ -71.25597, -38.4733 ], [ -71.25535, -38.47328 ], [ -71.25523, -38.47316 ], [ -71.25509, -38.47319 ], [ -71.25469, -38.47306 ], [ -71.25383, -38.47325 ], [ -71.25359, -38.47304 ], [ -71.25329, -38.47292 ], [ -71.25316, -38.47292 ], [ -71.25316, -38.47306 ], [ -71.25271, -38.4731 ], [ -71.25234, -38.473 ], [ -71.25215, -38.47285 ], [ -71.25185, -38.47286 ], [ -71.25145, -38.47265 ], [ -71.25081, -38.4726 ], [ -71.25066, -38.47273 ], [ -71.25063, -38.47295 ], [ -71.25053, -38.47296 ], [ -71.25006, -38.47267 ], [ -71.24966, -38.47289 ], [ -71.24949, -38.47288 ], [ -71.24906, -38.47304 ], [ -71.24868, -38.47304 ], [ -71.24842, -38.47333 ], [ -71.24801, -38.47319 ], [ -71.2477, -38.47325 ], [ -71.24745, -38.47354 ], [ -71.24689, -38.47376 ], [ -71.24666, -38.47392 ], [ -71.2464, -38.47393 ], [ -71.24591, -38.47379 ], [ -71.24516, -38.4742 ], [ -71.24414, -38.47415 ], [ -71.24368, -38.47393 ], [ -71.24259, -38.4743 ], [ -71.24191, -38.47427 ], [ -71.24139, -38.47438 ], [ -71.24073, -38.4746 ], [ -71.2404, -38.47492 ], [ -71.24022, -38.47492 ], [ -71.2399, -38.47471 ], [ -71.23908, -38.47469 ], [ -71.23832, -38.47473 ], [ -71.23712, -38.47495 ] ] } },
{ "type": "Feature", "properties": { "osm_id": 370248368, "nombre": "Sin nombre", "tipo": "stream", "volcan_codigo": "LON", "volcan_nombre": "Lonquimay", "drena_volcan": false }, "geometry": { "type": "LineString", "coordinates": [ [ -71.2104, -38.58511 ], [ -71.21002, -38.58462 ], [ -71.20773, -38.58343 ], [ -71.20745, -38.58294 ], [ -71.20749, -38.58257 ], [ -71.20806, -38.58214 ], [ -71.2081, -38.58168 ], [ -71.20805, -38.58123 ], [ -71.20734, -38.57993 ], [ -71.20753, -38.57945 ], [ -71.20741, -38.57863 ], [ -71.20755, -38.57737 ], [ -71.20744, -38.57692 ], [ -71.20755, -38.57653 ], [ -71.20804, -38.57624 ], [ -71.20824, -38.5759 ], [ -71.20755, -38.57506 ], [ -71.20776, -38.57479 ], [ -71.20784, -38.57448 ], [ -71.20754, -38.57424 ], [ -71.20785, -38.57365 ], [ -71.20772, -38.57324 ], [ -71.20671, -38.57203 ], [ -71.20622, -38.5717 ], [ -71.20502, -38.57127 ], [ -71.20344, -38.57149 ], [ -71.20235, -38.57176 ], [ -71.20099, -38.57122 ], [ -71.20123, -38.57072 ], [ -71.20113, -38.57059 ], [ -71.20061, -38.5705 ], [ -71.20033, -38.57009 ], [ -71.20014, -38.57021 ], [ -71.19978, -38.57074 ], [ -71.19923, -38.57113 ], [ -71.19922, -38.57128 ], [ -71.19943, -38.57154 ], [ -71.19923, -38.5718 ], [ -71.19876, -38.57168 ], [ -71.19823, -38.5713 ], [ -71.19773, -38.5708 ], [ -71.19631, -38.57068 ], [ -71.19405, -38.57001 ], [ -71.19325, -38.56993 ], [ -71.19295, -38.56964 ], [ -71.19247, -38.56894 ], [ -71.19208, -38.56885 ], [ -71.19175, -38.5689 ], [ -71.19132, -38.56929 ], [ -71.19088, -38.56944 ], [ -71.19005, -38.56947 ], [ -71.18969, -38.56936 ], [ -71.18916, -38.56869 ], [ -71.189, -38.56864 ], [ -71.18855, -38.56897 ], [ -71.1883, -38.56884 ], [ -71.18788, -38.56842 ], [ -71.18743, -38.56817 ], [ -71.18709, -38.56809 ], [ -71.18619, -38.5683 ], [ -71.18603, -38.56825 ], [ -71.18571, -38.56797 ], [ -71.18614, -38.56784 ], [ -71.18626, -38.56765 ], [ -71.18594, -38.56697 ], [ -71.18574, -38.56675 ], [ -71.18588, -38.56637 ], [ -71.18574, -38.56626 ], [ -71.18573, -38.56595 ], [ -71.18543, -38.56575 ], [ -71.18437, -38.56547 ], [ -71.18315, -38.56454 ], [ -71.18296, -38.56452 ], [ -71.18246, -38.56477 ], [ -71.18217, -38.56476 ], [ -71.18162, -38.56491 ], [ -71.18141, -38.56487 ], [ -71.18127, -38.56461 ], [ -71.18123, -38.56426 ], [ -71.18106, -38.5638 ], [ -71.18122, -38.56352 ], [ -71.18106, -38.56337 ], [ -71.1812, -38.56276 ], [ -71.18101, -38.56251 ], [ -71.1804, -38.56229 ], [ -71.18009, -38.56143 ] ] } },
{ "type": "Feature", "properties": { "osm_id": 370250322, "nombre": "Sin nombre", "tipo": "river", "volcan_codigo": "LON", "volcan_nombre": "Lonquimay", "drena_volcan": false }, "geometry": { "type": "LineString", "coordinates": [ [ -71.80683, -38.43481 ], [ -71.80737, -38.43511 ], [ -71.80735, -38.43536 ], [ -71.8076, -38.43593 ], [ -71.80755, -38.43603 ], [ -71.80703, -38.43622 ], [ -71.80684, -38.43653 ], [ -71.80686, -38.43706 ], [ -71.80704, -38.43726 ], [ -71.80709, -38.43744 ], [ -71.80704, -38.43759 ], [ -71.80714, -38.43777 ], [ -71.80908, -38.43922 ], [ -71.80942, -38.44002 ], [ -71.81096, -38.44041 ], [ -71.81105, -38.44061 ], [ -71.81102, -38.44095 ], [ -71.81082, -38.44124 ], [ -71.81101, -38.44155 ], [ -71.81147, -38.44148 ], [ -71.81191, -38.44107 ], [ -71.8121, -38.44114 ], [ -71.8124, -38.44154 ], [ -71.81269, -38.44172 ], [ -71.81357, -38.44195 ], [ -71.81422, -38.44197 ], [ -71.81453, -38.44191 ], [ -71.81506, -38.44151 ], [ -71.81596, -38.44138 ], [ -71.81643, -38.44154 ], [ -71.81705, -38.44194 ], [ -71.81865, -38.44224 ], [ -71.81935, -38.44291 ], [ -71.82032, -38.4429 ], [ -71.82061, -38.44308 ], [ -71.82102, -38.44356 ], [ -71.8216, -38.44393 ], [ -71.82214, -38.44481 ], [ -71.8232, -38.44603 ], [ -71.82355, -38.44629 ], [ -71.82501, -38.44673 ], [ -71.82538, -38.44694 ], [ -71.82561, -38.44734 ], [ -71.82582, -38.44751 ], [ -71.82674, -38.44775 ], [ -71.82722, -38.44805 ], [ -71.82749, -38.44836 ], [ -71.82833, -38.44832 ], [ -71.82904, -38.44807 ], [ -71.82983, -38.44809 ], [ -71.83037, -38.44779 ], [ -71.83073, -38.44745 ], [ -71.83109, -38.44738 ], [ -71.83236, -38.44788 ], [ -71.83346, -38.44813 ], [ -71.83409, -38.44837 ], [ -71.83477, -38.44874 ], [ -71.83563, -38.44948 ], [ -71.83535, -38.44996 ], [ -71.83551, -38.45048 ], [ -71.8359, -38.45079 ], [ -71.83636, -38.45088 ], [ -71.83744, -38.4509 ], [ -71.83783, -38.45123 ], [ -71.83788, -38.4516 ], [ -71.83823, -38.45203 ], [ -71.83889, -38.45237 ], [ -71.84063, -38.45287 ], [ -71.84106, -38.45309 ], [ -71.84115, -38.45323 ], [ -71.84108, -38.45339 ], [ -71.84045, -38.45369 ], [ -71.8403, -38.45432 ], [ -71.84045, -38.45453 ], [ -71.84071, -38.45473 ], [ -71.84144, -38.45492 ], [ -71.84302, -38.45501 ], [ -71.84464, -38.45532 ], [ -71.8457, -38.4552 ], [ -71.84655, -38.45493 ], [ -71.84724, -38.45495 ], [ -71.84856, -38.4556 ], [ -71.84999, -38.45597 ], [ -71.85059, -38.45602 ], [ -71.85201, -38.45594 ], [ -71.853, -38.45634 ], [ -71.85332, -38.45635 ], [ -71.85445, -38.45596 ], [ -71.85496, -38.45593 ], [ -71.85551, -38.45602 ], [ -71.85603, -38.45597 ], [ -71.85644, -38.45574 ], [ -71.85778, -38.45594 ], [ -71.85882, -38.45539 ], [ -71.85939, -38.45538 ], [ -71.85979, -38.45551 ], [ -71.86047, -38.45553 ], [ -71.86146, -38.45539 ], [ -71.86239, -38.4555 ], [ -71.86337, -38.45547 ], [ -71.86391, -38.45552 ], [ -71.86443, -38.45568 ], [ -71.86495, -38.45563 ], [ -71.86519, -38.45551 ], [ -71.86549, -38.45519 ], [ -71.86618, -38.45539 ], [ -71.86653, -38.45536 ], [ -71.86695, -38.45545 ] ] } },
{ "type": "Feature", "properties": { "osm_id": 370275513, "nombre": "Sin nombre", "tipo": "stream", "volcan_codigo": "LON", "volcan_nombre": "Lonquimay", "drena_volcan": false }, "geometry": { "type": "LineString", "coordinates": [ [ -71.79621, -38.46038 ], [ -71.79639, -38.46009 ], [ -71.79709, -38.45967 ], [ -71.79883, -38.4582 ], [ -71.7994, -38.4581 ], [ -71.79963, -38.45816 ], [ -71.80033, -38.45857 ], [ -71.80164, -38.45851 ], [ -71.80224, -38.4583 ], [ -71.80304, -38.45782 ], [ -71.80386, -38.45787 ], [ -71.80481, -38.45691 ], [ -71.80499, -38.45701 ], [ -71.80537, -38.45703 ], [ -71.8055, -38.45683 ], [ -71.80545, -38.45668 ], [ -71.80551, -38.45644 ], [ -71.80658, -38.45577 ], [ -71.80713, -38.45565 ], [ -71.80801, -38.45562 ], [ -71.80885, -38.45573 ], [ -71.80948, -38.45565 ], [ -71.8101, -38.45572 ], [ -71.81115, -38.45562 ], [ -71.81209, -38.45532 ], [ -71.81301, -38.45531 ], [ -71.81334, -38.45523 ], [ -71.81389, -38.455 ], [ -71.81439, -38.45462 ], [ -71.81475, -38.45407 ], [ -71.81547, -38.45343 ], [ -71.81669, -38.45332 ], [ -71.81737, -38.45314 ], [ -71.81864, -38.45225 ], [ -71.82034, -38.45211 ], [ -71.82085, -38.45224 ], [ -71.82141, -38.45259 ], [ -71.82186, -38.45307 ], [ -71.82272, -38.45379 ], [ -71.82322, -38.455 ], [ -71.82398, -38.45601 ], [ -71.8243, -38.45661 ], [ -71.82437, -38.45697 ], [ -71.82431, -38.45793 ], [ -71.82513, -38.45848 ], [ -71.82526, -38.45874 ], [ -71.82487, -38.45919 ], [ -71.8251, -38.46023 ], [ -71.82533, -38.46057 ], [ -71.82554, -38.46077 ], [ -71.82684, -38.46106 ], [ -71.82737, -38.46129 ], [ -71.82765, -38.46157 ], [ -71.82785, -38.46223 ], [ -71.82807, -38.46263 ], [ -71.82853, -38.46325 ], [ -71.82901, -38.46362 ], [ -71.82936, -38.46468 ], [ -71.82981, -38.46475 ], [ -71.83047, -38.46456 ], [ -71.83145, -38.46501 ], [ -71.83179, -38.46554 ], [ -71.83209, -38.46565 ], [ -71.83283, -38.46565 ], [ -71.83317, -38.46594 ], [ -71.83475, -38.46769 ], [ -71.83627, -38.46841 ], [ -71.83706, -38.46947 ], [ -71.838, -38.47033 ], [ -71.83896, -38.47149 ], [ -71.84017, -38.47192 ], [ -71.84088, -38.47195 ], [ -71.84095, -38.47215 ], [ -71.84117, -38.47221 ], [ -71.84278, -38.47206 ], [ -71.84378, -38.47182 ], [ -71.84551, -38.47227 ], [ -71.84629, -38.47263 ], [ -71.84643, -38.4726 ], [ -71.8465, -38.47229 ], [ -71.8482, -38.47186 ], [ -71.84871, -38.47164 ], [ -71.84893, -38.47164 ], [ -71.84915, -38.47172 ], [ -71.84949, -38.47232 ], [ -71.84975, -38.47244 ], [ -71.85076, -38.47236 ], [ -71.8534, -38.47312 ] ] } },
{ "type": "Feature", "properties": { "osm_id": 370275514, "nombre": "Río Rariruca", "tipo": "river", "volcan_codigo": "LON", "volcan_nombre": "Lonquimay", "drena_volcan": false }, "geometry": { "type": "LineString", "coordinates": [ [ -71.86489, -38.32385 ], [ -71.86663, -38.32583 ], [ -71.86798, -38.32658 ], [ -71.86881, -38.32724 ], [ -71.86977, -38.32845 ], [ -71.87022, -38.32921 ], [ -71.87238, -38.33076 ], [ -71.87307, -38.33211 ], [ -71.87418, -38.33264 ], [ -71.8756, -38.33421 ], [ -71.87677, -38.33469 ], [ -71.87915, -38.33592 ], [ -71.8831, -38.33713 ], [ -71.8849, -38.33815 ], [ -71.88569, -38.33814 ], [ -71.88607, -38.33849 ], [ -71.88664, -38.33922 ], [ -71.88846, -38.33888 ], [ -71.88909, -38.33936 ], [ -71.88972, -38.34072 ], [ -71.89107, -38.34135 ], [ -71.89175, -38.34074 ], [ -71.89273, -38.34079 ], [ -71.89353, -38.34159 ], [ -71.89469, -38.34238 ], [ -71.89529, -38.343 ], [ -71.89587, -38.34323 ], [ -71.89772, -38.34354 ], [ -71.89956, -38.344 ], [ -71.90027, -38.34496 ], [ -71.90284, -38.34527 ], [ -71.90317, -38.34584 ], [ -71.90352, -38.3462 ], [ -71.9043, -38.34648 ], [ -71.90479, -38.34647 ], [ -71.90521, -38.34629 ], [ -71.90548, -38.34599 ], [ -71.9055, -38.34543 ], [ -71.90593, -38.34487 ], [ -71.90645, -38.34468 ], [ -71.90717, -38.34477 ], [ -71.90804, -38.34508 ], [ -71.90937, -38.34504 ], [ -71.91056, -38.3457 ], [ -71.91105, -38.34609 ], [ -71.91147, -38.34686 ], [ -71.91208, -38.3475 ], [ -71.91274, -38.34724 ], [ -71.9132, -38.34691 ], [ -71.91387, -38.34731 ], [ -71.91448, -38.349 ], [ -71.91543, -38.34918 ], [ -71.91578, -38.34989 ], [ -71.91671, -38.35122 ], [ -71.91828, -38.35195 ], [ -71.91878, -38.35187 ], [ -71.91927, -38.35154 ], [ -71.91917, -38.35105 ], [ -71.91927, -38.35075 ], [ -71.91955, -38.35051 ], [ -71.9199, -38.35047 ], [ -71.92039, -38.35063 ], [ -71.92095, -38.35125 ], [ -71.92105, -38.35175 ], [ -71.92124, -38.35205 ], [ -71.92174, -38.35236 ], [ -71.92218, -38.35278 ], [ -71.92238, -38.35312 ], [ -71.92244, -38.35355 ], [ -71.92286, -38.35382 ], [ -71.92364, -38.3535 ], [ -71.92382, -38.35333 ], [ -71.92384, -38.35313 ], [ -71.92408, -38.35306 ], [ -71.92652, -38.35325 ], [ -71.9269, -38.35319 ], [ -71.9284, -38.35347 ], [ -71.92958, -38.35359 ], [ -71.93019, -38.35385 ], [ -71.93064, -38.35395 ], [ -71.93241, -38.35393 ], [ -71.93282, -38.35415 ], [ -71.93309, -38.35454 ], [ -71.93346, -38.35539 ], [ -71.93387, -38.35564 ], [ -71.93542, -38.35541 ], [ -71.93624, -38.35551 ], [ -71.93746, -38.35548 ], [ -71.93787, -38.35576 ], [ -71.93825, -38.35673 ], [ -71.9383, -38.35762 ], [ -71.93965, -38.35844 ], [ -71.94159, -38.36 ], [ -71.94238, -38.36052 ], [ -71.94367, -38.36172 ], [ -71.94394, -38.36245 ], [ -71.94395, -38.36294 ], [ -71.94428, -38.36343 ], [ -71.94575, -38.36456 ], [ -71.94651, -38.36553 ], [ -71.94861, -38.36677 ], [ -71.94982, -38.36774 ], [ -71.9509, -38.36833 ], [ -71.95132, -38.36875 ], [ -71.95155, -38.36957 ], [ -71.95178, -38.37144 ], [ -71.952, -38.37167 ], [ -71.9526, -38.3718 ], [ -71.9527, -38.37191 ], [ -71.95268, -38.37204 ], [ -71.95251, -38.37223 ], [ -71.95135, -38.37305 ], [ -71.95024, -38.3741 ], [ -71.95015, -38.37444 ], [ -71.95012, -38.37538 ], [ -71.95034, -38.37579 ], [ -71.95161, -38.37666 ], [ -71.95234, -38.37753 ], [ -71.95265, -38.37847 ], [ -71.95278, -38.37903 ], [ -71.95236, -38.37934 ], [ -71.95171, -38.38 ], [ -71.95186, -38.38085 ], [ -71.95218, -38.38118 ], [ -71.95338, -38.38162 ], [ -71.95376, -38.38201 ], [ -71.95383, -38.38231 ], [ -71.95328, -38.3833 ], [ -71.95271, -38.38363 ], [ -71.95212, -38.3844 ], [ -71.95206, -38.38461 ], [ -71.95215, -38.3858 ], [ -71.9523, -38.38618 ], [ -71.95278, -38.38669 ], [ -71.95295, -38.38731 ], [ -71.95267, -38.38893 ], [ -71.95228, -38.38955 ], [ -71.95216, -38.3901 ], [ -71.95248, -38.39101 ], [ -71.95271, -38.39135 ], [ -71.95333, -38.39181 ], [ -71.95339, -38.39195 ], [ -71.95341, -38.39208 ], [ -71.95317, -38.39253 ], [ -71.9533, -38.39334 ], [ -71.95425, -38.3945 ], [ -71.95425, -38.39469 ], [ -71.9539, -38.39528 ], [ -71.95391, -38.39567 ], [ -71.95418, -38.39634 ], [ -71.95481, -38.39682 ], [ -71.95534, -38.39692 ], [ -71.95732, -38.39828 ], [ -71.95776, -38.39843 ], [ -71.9588, -38.39833 ], [ -71.95999, -38.39845 ], [ -71.96102, -38.39897 ], [ -71.96152, -38.39938 ], [ -71.96241, -38.39937 ], [ -71.96279, -38.39953 ], [ -71.96374, -38.39967 ], [ -71.96425, -38.39988 ], [ -71.96494, -38.4008 ], [ -71.96532, -38.40116 ], [ -71.9678, -38.40287 ], [ -71.96901, -38.40382 ], [ -71.96958, -38.40449 ], [ -71.97027, -38.40549 ], [ -71.97015, -38.40596 ], [ -71.96964, -38.4064 ], [ -71.96967, -38.40669 ], [ -71.96974, -38.40678 ], [ -71.96996, -38.40681 ], [ -71.97086, -38.40657 ], [ -71.97103, -38.40663 ], [ -71.97063, -38.40744 ], [ -71.97061, -38.40763 ], [ -71.97091, -38.4079 ], [ -71.97133, -38.40803 ], [ -71.97178, -38.40804 ], [ -71.97259, -38.4079 ], [ -71.97413, -38.40722 ], [ -71.97489, -38.40698 ], [ -71.97592, -38.40679 ], [ -71.97703, -38.40735 ], [ -71.97804, -38.40833 ], [ -71.97854, -38.409 ], [ -71.97884, -38.41015 ], [ -71.97882, -38.41073 ], [ -71.97911, -38.41108 ], [ -71.97923, -38.41195 ], [ -71.97912, -38.41235 ], [ -71.97857, -38.41308 ], [ -71.97875, -38.41331 ], [ -71.97872, -38.41337 ], [ -71.97801, -38.41389 ], [ -71.97797, -38.41438 ], [ -71.97805, -38.41455 ], [ -71.97872, -38.41506 ], [ -71.97843, -38.41559 ], [ -71.97842, -38.41583 ], [ -71.97825, -38.41607 ], [ -71.97826, -38.41621 ], [ -71.97831, -38.41638 ], [ -71.97886, -38.4164 ], [ -71.97895, -38.41647 ], [ -71.97883, -38.41678 ], [ -71.97898, -38.41694 ], [ -71.97925, -38.4177 ], [ -71.97951, -38.4178 ], [ -71.98007, -38.41785 ], [ -71.98031, -38.41801 ], [ -71.98076, -38.41857 ], [ -71.98063, -38.41926 ], [ -71.98036, -38.4196 ], [ -71.98028, -38.41998 ], [ -71.98084, -38.42084 ], [ -71.98083, -38.42116 ], [ -71.98053, -38.42157 ], [ -71.97981, -38.42185 ], [ -71.97973, -38.42215 ], [ -71.97979, -38.42236 ], [ -71.97996, -38.42256 ], [ -71.98047, -38.42286 ], [ -71.98117, -38.42314 ], [ -71.98143, -38.4238 ], [ -71.98156, -38.42399 ], [ -71.9822, -38.42449 ], [ -71.98229, -38.42468 ], [ -71.98227, -38.42494 ], [ -71.98256, -38.42526 ], [ -71.98283, -38.42531 ], [ -71.98318, -38.42524 ], [ -71.98405, -38.42465 ], [ -71.98439, -38.42463 ], [ -71.98464, -38.42476 ], [ -71.98516, -38.42533 ], [ -71.98529, -38.42567 ], [ -71.98506, -38.42666 ], [ -71.98513, -38.42704 ], [ -71.98556, -38.4275 ], [ -71.98608, -38.42758 ], [ -71.98622, -38.42749 ], [ -71.98625, -38.42719 ], [ -71.98643, -38.427 ], [ -71.98653, -38.42673 ], [ -71.98781, -38.42586 ], [ -71.98903, -38.42484 ], [ -71.98938, -38.42465 ], [ -71.98978, -38.42457 ], [ -71.9905, -38.42459 ], [ -71.99193, -38.42501 ], [ -71.99213, -38.42494 ], [ -71.99243, -38.42456 ], [ -71.99407, -38.4244 ], [ -71.99537, -38.42458 ], [ -71.99707, -38.4243 ], [ -71.99794, -38.42439 ], [ -72.0007, -38.4242 ], [ -72.00221, -38.424 ], [ -72.00355, -38.424 ], [ -72.00506, -38.42421 ], [ -72.00679, -38.42498 ], [ -72.00715, -38.42508 ], [ -72.00838, -38.42511 ], [ -72.00887, -38.42496 ], [ -72.00945, -38.42452 ], [ -72.00981, -38.42443 ], [ -72.01007, -38.42441 ], [ -72.01073, -38.42464 ], [ -72.01151, -38.42477 ], [ -72.0121, -38.42447 ], [ -72.01223, -38.42418 ], [ -72.01327, -38.42358 ], [ -72.01444, -38.4232 ], [ -72.01529, -38.42311 ], [ -72.01719, -38.42333 ], [ -72.01802, -38.42369 ], [ -72.01838, -38.42374 ], [ -72.01982, -38.42373 ], [ -72.02014, -38.42383 ], [ -72.02054, -38.42422 ], [ -72.02101, -38.42446 ], [ -72.02157, -38.42458 ], [ -72.02245, -38.42427 ], [ -72.02485, -38.42452 ], [ -72.02516, -38.42462 ], [ -72.02535, -38.42488 ], [ -72.02596, -38.42542 ] ] } },
{ "type": "Feature", "properties": { "osm_id": 386047755, "nombre": "Sin nombre", "tipo": "stream", "volcan_codigo": "LON", "volcan_nombre": "Lonquimay", "drena_volcan": false }, "geometry": { "type": "LineString", "coordinates": [ [ -71.59731, -38.69902 ], [ -71.59742, -38.69842 ], [ -71.59773, -38.69775 ], [ -71.59747, -38.6961 ], [ -71.59759, -38.6955 ], [ -71.59761, -38.69418 ], [ -71.59792, -38.69335 ], [ -71.59789, -38.69224 ] ] } },
{ "type": "Feature", "properties": { "osm_id": 386047757, "nombre": "Sin nombre", "tipo": "stream", "volcan_codigo": "LON", "volcan_nombre": "Lonquimay", "drena_volcan": false }, "geometry": { "type": "LineString", "coordinates": [ [ -71.6155, -38.63214 ], [ -71.61558, -38.63261 ], [ -71.61553, -38.63278 ], [ -71.61572, -38.63298 ], [ -71.61528, -38.6342 ], [ -71.61535, -38.63442 ], [ -71.61557, -38.63462 ], [ -71.61563, -38.63489 ] ] } },
{ "type": "Feature", "properties": { "osm_id": 386047760, "nombre": "Sin nombre", "tipo": "stream", "volcan_codigo": "LON", "volcan_nombre": "Lonquimay", "drena_volcan": false }, "geometry": { "type": "LineString", "coordinates": [ [ -71.5902, -38.61276 ], [ -71.59051, -38.61298 ], [ -71.59067, -38.6135 ], [ -71.59032, -38.61459 ], [ -71.59007, -38.6151 ], [ -71.58992, -38.61655 ], [ -71.5894, -38.61715 ], [ -71.58954, -38.6181 ], [ -71.59002, -38.6191 ], [ -71.59052, -38.61968 ], [ -71.59097, -38.62054 ], [ -71.59145, -38.62085 ], [ -71.59187, -38.62143 ], [ -71.59245, -38.62166 ], [ -71.59367, -38.62301 ], [ -71.59379, -38.62348 ], [ -71.59375, -38.62395 ], [ -71.59381, -38.62419 ], [ -71.5936, -38.6244 ], [ -71.5936, -38.62456 ], [ -71.59377, -38.62478 ], [ -71.59383, -38.6251 ], [ -71.59418, -38.62565 ], [ -71.59401, -38.62683 ], [ -71.59421, -38.62777 ], [ -71.59443, -38.62819 ], [ -71.59472, -38.6296 ], [ -71.59502, -38.62999 ], [ -71.59488, -38.63069 ], [ -71.59494, -38.6311 ], [ -71.59486, -38.63159 ], [ -71.59507, -38.63193 ], [ -71.59517, -38.63356 ], [ -71.59572, -38.63522 ], [ -71.59622, -38.63626 ], [ -71.59649, -38.63669 ], [ -71.59734, -38.63728 ], [ -71.59762, -38.63783 ], [ -71.59791, -38.63803 ], [ -71.59846, -38.63958 ], [ -71.5984, -38.64013 ], [ -71.59877, -38.64179 ], [ -71.59937, -38.64256 ], [ -71.59977, -38.64336 ], [ -71.59994, -38.64391 ], [ -71.6002, -38.6443 ], [ -71.60087, -38.645 ], [ -71.60072, -38.64613 ], [ -71.6011, -38.64652 ], [ -71.60161, -38.64745 ], [ -71.60305, -38.64858 ], [ -71.6032, -38.64881 ], [ -71.60349, -38.64902 ], [ -71.60475, -38.64937 ], [ -71.6056, -38.64994 ], [ -71.60577, -38.64997 ], [ -71.60638, -38.6498 ], [ -71.6067, -38.64979 ], [ -71.60682, -38.64997 ], [ -71.60684, -38.65025 ], [ -71.60667, -38.6506 ], [ -71.60749, -38.65194 ], [ -71.60801, -38.65246 ], [ -71.60814, -38.65273 ], [ -71.60812, -38.6531 ], [ -71.60825, -38.65335 ], [ -71.60843, -38.65359 ], [ -71.60955, -38.65409 ], [ -71.61022, -38.65463 ], [ -71.61057, -38.65528 ], [ -71.61064, -38.65574 ], [ -71.61111, -38.65632 ], [ -71.61176, -38.65685 ], [ -71.61196, -38.65823 ], [ -71.61228, -38.65933 ], [ -71.61277, -38.66038 ], [ -71.61271, -38.66097 ], [ -71.61254, -38.66121 ], [ -71.61258, -38.66181 ], [ -71.61299, -38.66233 ], [ -71.61373, -38.6627 ], [ -71.61407, -38.66314 ], [ -71.61397, -38.66366 ], [ -71.61361, -38.66443 ], [ -71.61359, -38.66594 ], [ -71.61345, -38.66621 ], [ -71.61292, -38.66643 ], [ -71.61273, -38.6666 ], [ -71.61274, -38.66686 ], [ -71.61285, -38.66704 ], [ -71.61246, -38.66762 ], [ -71.61223, -38.66849 ], [ -71.61149, -38.66925 ], [ -71.61107, -38.67005 ], [ -71.61115, -38.67015 ], [ -71.61122, -38.67085 ], [ -71.61113, -38.67197 ], [ -71.61108, -38.6722 ], [ -71.61053, -38.67308 ] ] } },
{ "type": "Feature", "properties": { "osm_id": 386047761, "nombre": "Sin nombre", "tipo": "stream", "volcan_codigo": "LON", "volcan_nombre": "Lonquimay", "drena_volcan": false }, "geometry": { "type": "LineString", "coordinates": [ [ -71.61546, -38.62976 ], [ -71.61588, -38.63046 ], [ -71.61608, -38.63107 ], [ -71.61598, -38.63154 ], [ -71.61639, -38.63189 ], [ -71.61645, -38.63305 ], [ -71.61702, -38.63442 ] ] } },
{ "type": "Feature", "properties": { "osm_id": 386047762, "nombre": "Sin nombre", "tipo": "stream", "volcan_codigo": "LON", "volcan_nombre": "Lonquimay", "drena_volcan": false }, "geometry": { "type": "LineString", "coordinates": [ [ -71.61598, -38.63154 ], [ -71.61566, -38.63199 ], [ -71.61489, -38.63276 ], [ -71.61489, -38.63334 ], [ -71.61457, -38.63403 ], [ -71.61467, -38.63495 ] ] } },
{ "type": "Feature", "properties": { "osm_id": 386047763, "nombre": "Sin nombre", "tipo": "stream", "volcan_codigo": "LON", "volcan_nombre": "Lonquimay", "drena_volcan": false }, "geometry": { "type": "LineString", "coordinates": [ [ -71.61348, -38.62934 ], [ -71.61374, -38.62965 ], [ -71.61367, -38.63001 ], [ -71.61381, -38.63016 ], [ -71.61375, -38.63043 ], [ -71.614, -38.63065 ], [ -71.61402, -38.63084 ], [ -71.61436, -38.63111 ], [ -71.61429, -38.63147 ], [ -71.6145, -38.63178 ], [ -71.61347, -38.63238 ], [ -71.61355, -38.63271 ], [ -71.61384, -38.63279 ], [ -71.61399, -38.63303 ], [ -71.61418, -38.63308 ], [ -71.61441, -38.63347 ], [ -71.61415, -38.6339 ], [ -71.61424, -38.63408 ], [ -71.61424, -38.63438 ], [ -71.61403, -38.63459 ], [ -71.61404, -38.63488 ], [ -71.61418, -38.6351 ] ] } },
{ "type": "Feature", "properties": { "osm_id": 386047764, "nombre": "Sin nombre", "tipo": "stream", "volcan_codigo": "LON", "volcan_nombre": "Lonquimay", "drena_volcan": false }, "geometry": { "type": "LineString", "coordinates": [ [ -71.59012, -38.69546 ], [ -71.59021, -38.69512 ], [ -71.59151, -38.69377 ], [ -71.59291, -38.69149 ], [ -71.59541, -38.69041 ] ] } },
{ "type": "Feature", "properties": { "osm_id": 386047765, "nombre": "Sin nombre", "tipo": "river", "volcan_codigo": "LON", "volcan_nombre": "Lonquimay", "drena_volcan": false }, "geometry": { "type": "LineString", "coordinates": [ [ -71.56458, -38.67325 ], [ -71.56505, -38.67322 ], [ -71.5664, -38.67333 ], [ -71.56722, -38.67355 ], [ -71.56756, -38.67391 ], [ -71.56755, -38.67454 ], [ -71.56721, -38.67495 ], [ -71.56713, -38.67519 ], [ -71.56727, -38.67562 ], [ -71.56782, -38.67578 ], [ -71.5679, -38.67592 ], [ -71.56779, -38.67615 ], [ -71.5681, -38.67633 ], [ -71.56883, -38.67653 ], [ -71.5692, -38.67673 ], [ -71.56911, -38.67736 ], [ -71.5703, -38.67815 ], [ -71.57132, -38.67856 ], [ -71.57167, -38.67899 ], [ -71.57169, -38.67915 ], [ -71.57154, -38.67944 ], [ -71.57157, -38.68004 ], [ -71.57209, -38.68101 ], [ -71.57224, -38.68117 ], [ -71.57308, -38.68153 ], [ -71.57377, -38.68209 ], [ -71.57396, -38.68236 ], [ -71.57407, -38.68279 ], [ -71.57402, -38.68315 ], [ -71.5739, -38.68334 ], [ -71.57353, -38.68357 ], [ -71.57356, -38.68372 ], [ -71.57382, -38.68376 ], [ -71.57441, -38.68363 ], [ -71.57459, -38.68371 ], [ -71.57499, -38.68401 ], [ -71.57513, -38.68471 ], [ -71.57537, -38.68469 ], [ -71.57577, -38.68445 ], [ -71.57607, -38.68448 ], [ -71.57665, -38.68503 ], [ -71.57701, -38.68572 ], [ -71.57758, -38.68591 ], [ -71.57805, -38.68593 ] ] } },
{ "type": "Feature", "properties": { "osm_id": 386047766, "nombre": "Sin nombre", "tipo": "river", "volcan_codigo": "LON", "volcan_nombre": "Lonquimay", "drena_volcan": false }, "geometry": { "type": "LineString", "coordinates": [ [ -71.57919, -38.68628 ], [ -71.57921, -38.68655 ], [ -71.57952, -38.68673 ], [ -71.57966, -38.68697 ], [ -71.58096, -38.68706 ], [ -71.58119, -38.68724 ], [ -71.58137, -38.68758 ], [ -71.58223, -38.68749 ], [ -71.5825, -38.68732 ], [ -71.58271, -38.68738 ], [ -71.58318, -38.68786 ], [ -71.58349, -38.68794 ], [ -71.58455, -38.68769 ], [ -71.58515, -38.68744 ], [ -71.58564, -38.68742 ], [ -71.58586, -38.68773 ], [ -71.58552, -38.68828 ], [ -71.58614, -38.68881 ], [ -71.58673, -38.68908 ], [ -71.58703, -38.68944 ], [ -71.58729, -38.68959 ], [ -71.58745, -38.68958 ], [ -71.58756, -38.68948 ], [ -71.58761, -38.6892 ], [ -71.58786, -38.68904 ], [ -71.58819, -38.68912 ], [ -71.58861, -38.6897 ], [ -71.5894, -38.68974 ], [ -71.59041, -38.68997 ], [ -71.59091, -38.68996 ], [ -71.59247, -38.68936 ] ] } },
{ "type": "Feature", "properties": { "osm_id": 427544498, "nombre": "Sin nombre", "tipo": "stream", "volcan_codigo": "LON", "volcan_nombre": "Lonquimay", "drena_volcan": false }, "geometry": { "type": "LineString", "coordinates": [ [ -71.43489, -38.53604 ], [ -71.43496, -38.53644 ], [ -71.43515, -38.53657 ], [ -71.43508, -38.53684 ], [ -71.43563, -38.5375 ], [ -71.43527, -38.538 ], [ -71.43537, -38.5381 ], [ -71.43526, -38.53816 ], [ -71.43522, -38.53868 ], [ -71.43511, -38.53883 ], [ -71.43524, -38.5389 ], [ -71.43542, -38.53918 ], [ -71.43525, -38.53944 ], [ -71.43529, -38.54019 ], [ -71.43514, -38.5403 ], [ -71.43508, -38.54048 ] ] } },
{ "type": "Feature", "properties": { "osm_id": 427548989, "nombre": "Estero La Cascada", "tipo": "stream", "volcan_codigo": "LON", "volcan_nombre": "Lonquimay", "drena_volcan": false }, "geometry": { "type": "LineString", "coordinates": [ [ -71.43095, -38.49601 ], [ -71.43058, -38.49609 ], [ -71.42994, -38.496 ], [ -71.42956, -38.49615 ], [ -71.429, -38.49656 ], [ -71.42829, -38.49669 ], [ -71.42834, -38.49683 ], [ -71.42788, -38.49729 ], [ -71.42754, -38.49734 ], [ -71.4265, -38.49823 ], [ -71.42614, -38.49823 ], [ -71.42585, -38.49849 ], [ -71.42574, -38.49866 ], [ -71.42578, -38.49877 ], [ -71.42563, -38.49893 ], [ -71.42507, -38.4992 ], [ -71.42341, -38.49974 ], [ -71.42264, -38.49965 ], [ -71.42237, -38.49982 ], [ -71.42218, -38.49978 ], [ -71.42199, -38.49998 ], [ -71.42161, -38.49986 ], [ -71.42104, -38.49991 ], [ -71.42084, -38.50003 ], [ -71.42076, -38.5002 ], [ -71.42083, -38.50043 ], [ -71.42079, -38.50065 ], [ -71.42059, -38.50088 ], [ -71.42021, -38.501 ], [ -71.41944, -38.50097 ], [ -71.41841, -38.50155 ], [ -71.41781, -38.50202 ], [ -71.41775, -38.50214 ], [ -71.41799, -38.50253 ], [ -71.41805, -38.50274 ], [ -71.41801, -38.5029 ], [ -71.41745, -38.50321 ], [ -71.41713, -38.50329 ], [ -71.41694, -38.50345 ], [ -71.41682, -38.50398 ], [ -71.41659, -38.50424 ], [ -71.41572, -38.50475 ], [ -71.41521, -38.50443 ], [ -71.41481, -38.50436 ], [ -71.4143, -38.50459 ], [ -71.41361, -38.50511 ], [ -71.41345, -38.50512 ], [ -71.41288, -38.50475 ] ] } },
{ "type": "Feature", "properties": { "osm_id": 427548990, "nombre": "Estero La Cascada", "tipo": "stream", "volcan_codigo": "LON", "volcan_nombre": "Lonquimay", "drena_volcan": false }, "geometry": { "type": "LineString", "coordinates": [ [ -71.41288, -38.50475 ], [ -71.41239, -38.50473 ], [ -71.41165, -38.50456 ], [ -71.41142, -38.50463 ], [ -71.41122, -38.50482 ], [ -71.41009, -38.5047 ], [ -71.40989, -38.50448 ], [ -71.40983, -38.50416 ], [ -71.41, -38.50328 ], [ -71.40954, -38.50281 ], [ -71.40922, -38.50262 ], [ -71.40881, -38.50252 ], [ -71.40827, -38.50262 ], [ -71.4081, -38.50294 ], [ -71.40799, -38.50339 ], [ -71.40813, -38.50356 ], [ -71.4075, -38.50446 ], [ -71.4075, -38.5046 ], [ -71.40781, -38.50505 ], [ -71.40752, -38.50524 ], [ -71.40673, -38.50506 ], [ -71.40638, -38.50511 ], [ -71.40623, -38.50538 ], [ -71.40602, -38.50531 ], [ -71.40603, -38.50513 ], [ -71.40595, -38.50506 ], [ -71.40577, -38.50515 ], [ -71.40457, -38.50498 ], [ -71.40391, -38.50548 ], [ -71.4037, -38.50555 ], [ -71.40361, -38.50572 ], [ -71.40327, -38.50585 ], [ -71.40283, -38.50579 ], [ -71.40255, -38.50609 ], [ -71.40229, -38.50595 ], [ -71.402, -38.50598 ], [ -71.40186, -38.50588 ], [ -71.4016, -38.50589 ], [ -71.40129, -38.50578 ], [ -71.40117, -38.50579 ], [ -71.40114, -38.506 ], [ -71.40076, -38.506 ], [ -71.4005, -38.50617 ], [ -71.40024, -38.50622 ], [ -71.39929, -38.50603 ], [ -71.39927, -38.5055 ], [ -71.39916, -38.50526 ], [ -71.39922, -38.50502 ], [ -71.39888, -38.50487 ] ] } },
{ "type": "Feature", "properties": { "osm_id": 435226024, "nombre": "Río Renaico", "tipo": "river", "volcan_codigo": "LON", "volcan_nombre": "Lonquimay", "drena_volcan": false }, "geometry": { "type": "LineString", "coordinates": [ [ -71.93262, -38.04274 ], [ -71.93316, -38.04134 ], [ -71.93407, -38.03973 ], [ -71.93415, -38.03946 ], [ -71.93418, -38.03867 ], [ -71.93392, -38.03787 ], [ -71.93281, -38.03631 ], [ -71.9317, -38.03525 ], [ -71.93014, -38.03411 ], [ -71.92967, -38.03349 ], [ -71.92963, -38.03264 ], [ -71.92997, -38.03166 ], [ -71.93094, -38.03068 ], [ -71.93099, -38.03047 ], [ -71.93094, -38.03028 ], [ -71.93066, -38.02998 ], [ -71.93057, -38.02974 ], [ -71.93073, -38.02936 ], [ -71.9312, -38.02906 ], [ -71.93192, -38.02883 ], [ -71.93233, -38.02877 ], [ -71.93335, -38.02882 ], [ -71.93415, -38.02874 ], [ -71.93527, -38.02835 ], [ -71.93555, -38.02818 ], [ -71.93626, -38.0275 ], [ -71.93668, -38.02652 ], [ -71.93714, -38.02499 ], [ -71.93748, -38.02451 ], [ -71.9378, -38.02426 ], [ -71.94035, -38.02258 ], [ -71.94317, -38.02146 ], [ -71.94471, -38.02015 ], [ -71.94672, -38.02023 ], [ -71.94748, -38.01972 ], [ -71.94776, -38.01912 ], [ -71.94776, -38.01735 ], [ -71.94808, -38.0166 ], [ -71.94969, -38.01448 ], [ -71.9509, -38.01307 ], [ -71.95159, -38.01165 ], [ -71.95215, -38.01076 ], [ -71.95405, -38.00908 ], [ -71.95449, -38.00846 ], [ -71.95484, -38.00767 ], [ -71.95552, -38.00556 ], [ -71.95635, -38.00237 ], [ -71.95661, -38.00203 ], [ -71.9572, -38.00171 ], [ -71.95867, -38.00158 ], [ -71.96046, -38.00193 ], [ -71.96203, -38.00194 ], [ -71.96308, -38.0018 ], [ -71.96442, -38.00121 ], [ -71.96585, -38.00041 ], [ -71.96624, -38.00014 ], [ -71.96699, -37.99943 ], [ -71.96714, -37.99902 ], [ -71.9671, -37.99889 ], [ -71.96623, -37.9983 ], [ -71.96579, -37.99773 ], [ -71.96493, -37.99693 ], [ -71.96483, -37.99666 ], [ -71.96483, -37.99619 ], [ -71.96518, -37.99541 ], [ -71.96531, -37.99458 ], [ -71.96548, -37.99425 ], [ -71.96589, -37.99388 ], [ -71.96648, -37.9937 ], [ -71.96727, -37.99363 ], [ -71.97012, -37.99393 ], [ -71.97218, -37.99377 ], [ -71.97458, -37.99316 ], [ -71.97525, -37.99276 ], [ -71.97597, -37.99247 ], [ -71.97744, -37.99234 ], [ -71.97895, -37.99245 ], [ -71.98176, -37.99206 ], [ -71.98222, -37.99206 ], [ -71.98244, -37.99217 ], [ -71.98251, -37.99239 ], [ -71.98221, -37.99374 ], [ -71.98259, -37.99493 ], [ -71.98382, -37.9965 ], [ -71.98501, -37.99712 ], [ -71.98556, -37.9973 ], [ -71.98722, -37.99775 ], [ -71.98938, -37.99804 ], [ -71.99039, -37.99789 ], [ -71.99443, -37.99665 ], [ -71.99599, -37.99653 ], [ -71.99672, -37.9967 ], [ -71.99695, -37.99711 ], [ -71.99687, -37.99734 ], [ -71.99623, -37.99828 ], [ -71.9963, -37.9986 ], [ -71.9977, -37.99962 ], [ -71.99793, -37.99999 ], [ -71.99993, -38.00085 ], [ -72.00137, -38.00178 ], [ -72.00261, -38.00299 ], [ -72.00373, -38.00439 ], [ -72.00473, -38.00509 ] ] } },
{ "type": "Feature", "properties": { "osm_id": 435226030, "nombre": "Río Renaico", "tipo": "river", "volcan_codigo": "LON", "volcan_nombre": "Lonquimay", "drena_volcan": false }, "geometry": { "type": "LineString", "coordinates": [ [ -71.82376, -38.04619 ], [ -71.8243, -38.04635 ], [ -71.82497, -38.04674 ], [ -71.82535, -38.04712 ], [ -71.82545, -38.04733 ], [ -71.82648, -38.04801 ], [ -71.82694, -38.04863 ], [ -71.82785, -38.04936 ], [ -71.82816, -38.04978 ], [ -71.82872, -38.05014 ], [ -71.82932, -38.05027 ], [ -71.83015, -38.05012 ], [ -71.83067, -38.05018 ], [ -71.8323, -38.05068 ], [ -71.83391, -38.05095 ], [ -71.83447, -38.05122 ], [ -71.8355, -38.05224 ], [ -71.83593, -38.05251 ], [ -71.83928, -38.05301 ], [ -71.84084, -38.05334 ], [ -71.84263, -38.0541 ], [ -71.84342, -38.05476 ], [ -71.84451, -38.05525 ], [ -71.84542, -38.05526 ], [ -71.84631, -38.05515 ], [ -71.84714, -38.05527 ], [ -71.84784, -38.05555 ], [ -71.84799, -38.05573 ], [ -71.84793, -38.0563 ], [ -71.84806, -38.05648 ], [ -71.84986, -38.05738 ], [ -71.85056, -38.05755 ], [ -71.85082, -38.0577 ], [ -71.85186, -38.0589 ], [ -71.85382, -38.06054 ], [ -71.85471, -38.06114 ], [ -71.856, -38.06165 ], [ -71.85833, -38.06236 ], [ -71.85944, -38.06304 ], [ -71.86016, -38.06394 ], [ -71.86038, -38.06411 ], [ -71.86248, -38.06462 ], [ -71.86349, -38.0651 ], [ -71.86376, -38.06558 ], [ -71.86384, -38.06713 ], [ -71.86392, -38.06741 ], [ -71.86401, -38.06761 ], [ -71.86443, -38.06798 ], [ -71.86481, -38.06844 ], [ -71.86498, -38.06859 ], [ -71.86554, -38.06865 ], [ -71.8664, -38.06969 ], [ -71.86702, -38.07025 ], [ -71.86764, -38.07043 ], [ -71.86901, -38.0706 ], [ -71.86979, -38.07098 ], [ -71.87029, -38.07141 ], [ -71.87033, -38.07175 ], [ -71.87013, -38.07207 ], [ -71.87108, -38.07424 ], [ -71.87156, -38.07512 ], [ -71.87207, -38.07582 ], [ -71.87232, -38.07599 ], [ -71.87501, -38.07699 ], [ -71.87748, -38.07807 ], [ -71.87843, -38.07822 ], [ -71.87949, -38.07823 ], [ -71.87991, -38.07809 ], [ -71.88069, -38.07758 ], [ -71.88171, -38.07644 ], [ -71.88244, -38.07579 ], [ -71.88446, -38.07421 ], [ -71.88497, -38.074 ], [ -71.88651, -38.07385 ], [ -71.88684, -38.07391 ], [ -71.88697, -38.07416 ], [ -71.88697, -38.07466 ], [ -71.88709, -38.07516 ], [ -71.88736, -38.0756 ], [ -71.88778, -38.07575 ], [ -71.88846, -38.07571 ], [ -71.8889, -38.07551 ], [ -71.88972, -38.07462 ], [ -71.89044, -38.07416 ], [ -71.89174, -38.07407 ], [ -71.89616, -38.07302 ], [ -71.89647, -38.07286 ], [ -71.89679, -38.07245 ], [ -71.89676, -38.07209 ], [ -71.89649, -38.07131 ], [ -71.89653, -38.07087 ], [ -71.89674, -38.07047 ], [ -71.90023, -38.06795 ], [ -71.90113, -38.06742 ], [ -71.90132, -38.06712 ], [ -71.90129, -38.06672 ], [ -71.90097, -38.06628 ], [ -71.89973, -38.06553 ], [ -71.89956, -38.06529 ], [ -71.89956, -38.06425 ], [ -71.89975, -38.06377 ], [ -71.90019, -38.06333 ], [ -71.90093, -38.06293 ], [ -71.90163, -38.06266 ], [ -71.90297, -38.06243 ], [ -71.90405, -38.06178 ], [ -71.90464, -38.0609 ], [ -71.90464, -38.06037 ], [ -71.90456, -38.06016 ], [ -71.90411, -38.05955 ], [ -71.90409, -38.05936 ], [ -71.90416, -38.05912 ], [ -71.90439, -38.05881 ], [ -71.90455, -38.05869 ], [ -71.90496, -38.05865 ], [ -71.90606, -38.05906 ], [ -71.9067, -38.05916 ], [ -71.9076, -38.05891 ], [ -71.908, -38.05869 ], [ -71.90824, -38.05841 ], [ -71.90834, -38.05784 ], [ -71.90833, -38.05727 ], [ -71.90845, -38.057 ], [ -71.90912, -38.05649 ], [ -71.90991, -38.05625 ], [ -71.91081, -38.05629 ], [ -71.91291, -38.05611 ], [ -71.91373, -38.05558 ], [ -71.914, -38.05529 ], [ -71.91417, -38.05493 ], [ -71.91424, -38.05426 ], [ -71.91432, -38.05412 ], [ -71.91454, -38.05402 ], [ -71.91613, -38.05378 ], [ -71.91752, -38.05341 ], [ -71.91807, -38.05315 ], [ -71.91837, -38.05296 ], [ -71.91851, -38.05272 ], [ -71.91857, -38.05242 ], [ -71.91845, -38.05195 ], [ -71.91828, -38.05165 ], [ -71.91765, -38.05084 ], [ -71.91763, -38.05057 ], [ -71.91773, -38.05032 ], [ -71.91796, -38.0501 ], [ -71.91973, -38.04905 ], [ -71.92119, -38.04862 ], [ -71.9222, -38.04842 ], [ -71.92445, -38.0484 ], [ -71.92479, -38.04829 ], [ -71.92536, -38.04771 ], [ -71.92603, -38.04672 ], [ -71.92664, -38.04636 ], [ -71.92751, -38.04613 ], [ -71.92768, -38.04618 ], [ -71.92784, -38.04661 ], [ -71.92882, -38.04714 ], [ -71.9292, -38.04722 ], [ -71.92972, -38.04721 ], [ -71.93003, -38.04709 ], [ -71.93036, -38.04664 ], [ -71.93057, -38.04604 ], [ -71.93079, -38.0457 ], [ -71.9316, -38.04461 ], [ -71.93262, -38.04274 ] ] } },
{ "type": "Feature", "properties": { "osm_id": 438742399, "nombre": "Río Ralco", "tipo": "river", "volcan_codigo": "LON", "volcan_nombre": "Lonquimay", "drena_volcan": false }, "geometry": { "type": "LineString", "coordinates": [ [ -71.34342, -37.88182 ], [ -71.34334, -37.88206 ], [ -71.34296, -37.88259 ], [ -71.34302, -37.88266 ], [ -71.34342, -37.88272 ], [ -71.34376, -37.88304 ], [ -71.34369, -37.88338 ], [ -71.34376, -37.8836 ], [ -71.34374, -37.88428 ], [ -71.34332, -37.88497 ], [ -71.34347, -37.88523 ], [ -71.34401, -37.88557 ], [ -71.34396, -37.88585 ], [ -71.34403, -37.88604 ], [ -71.34395, -37.8862 ], [ -71.34381, -37.88619 ], [ -71.34376, -37.88586 ], [ -71.34362, -37.88572 ], [ -71.34332, -37.88602 ], [ -71.34306, -37.88613 ], [ -71.34317, -37.88648 ], [ -71.34337, -37.88671 ], [ -71.34372, -37.88746 ], [ -71.34306, -37.88938 ], [ -71.34316, -37.88961 ], [ -71.34328, -37.88964 ], [ -71.34379, -37.8892 ], [ -71.34418, -37.88916 ], [ -71.34426, -37.88928 ], [ -71.34428, -37.88986 ], [ -71.34311, -37.89147 ], [ -71.34312, -37.8916 ], [ -71.34334, -37.89191 ], [ -71.34312, -37.89249 ], [ -71.34309, -37.89281 ], [ -71.34322, -37.89417 ], [ -71.34308, -37.89435 ], [ -71.34254, -37.89429 ], [ -71.34246, -37.89439 ], [ -71.34247, -37.89473 ], [ -71.34263, -37.89514 ], [ -71.34271, -37.89622 ], [ -71.34226, -37.89664 ], [ -71.34225, -37.89694 ], [ -71.34179, -37.89768 ], [ -71.34146, -37.89781 ], [ -71.34088, -37.89796 ], [ -71.34035, -37.89777 ], [ -71.33966, -37.89782 ], [ -71.33885, -37.89759 ], [ -71.33845, -37.89722 ], [ -71.33827, -37.8972 ], [ -71.33787, -37.89746 ], [ -71.33745, -37.8976 ], [ -71.33739, -37.89778 ], [ -71.33683, -37.898 ], [ -71.33649, -37.89836 ], [ -71.33644, -37.89877 ], [ -71.33655, -37.89905 ], [ -71.33624, -37.89954 ], [ -71.33625, -37.89978 ], [ -71.33587, -37.90046 ], [ -71.3354, -37.90208 ], [ -71.33542, -37.90277 ], [ -71.33522, -37.90343 ], [ -71.33486, -37.904 ], [ -71.33431, -37.90447 ], [ -71.3339, -37.90495 ], [ -71.33332, -37.90629 ], [ -71.333, -37.90644 ], [ -71.33285, -37.9067 ], [ -71.3328, -37.90704 ], [ -71.33295, -37.9073 ], [ -71.33311, -37.90732 ], [ -71.33316, -37.90741 ], [ -71.33319, -37.90778 ], [ -71.33292, -37.9082 ], [ -71.33288, -37.90854 ], [ -71.33319, -37.90898 ], [ -71.33384, -37.90894 ], [ -71.33395, -37.90898 ], [ -71.33411, -37.90923 ], [ -71.33448, -37.91039 ], [ -71.33439, -37.91164 ], [ -71.33466, -37.91222 ], [ -71.33468, -37.91251 ], [ -71.33457, -37.91292 ], [ -71.3341, -37.91332 ], [ -71.33383, -37.91379 ], [ -71.33377, -37.91411 ], [ -71.33384, -37.91463 ], [ -71.33365, -37.915 ], [ -71.33271, -37.91596 ], [ -71.3327, -37.91633 ], [ -71.33322, -37.91737 ], [ -71.3332, -37.91758 ], [ -71.33313, -37.91786 ], [ -71.33286, -37.91833 ], [ -71.3322, -37.91899 ], [ -71.332, -37.91929 ], [ -71.3319, -37.92065 ], [ -71.33161, -37.92138 ], [ -71.33171, -37.92183 ], [ -71.33171, -37.92283 ], [ -71.33182, -37.92314 ], [ -71.33214, -37.92343 ], [ -71.33312, -37.92386 ], [ -71.33337, -37.92413 ], [ -71.33352, -37.92447 ], [ -71.33351, -37.92467 ], [ -71.33342, -37.92474 ], [ -71.33284, -37.92496 ], [ -71.33257, -37.92519 ], [ -71.33223, -37.9256 ], [ -71.33215, -37.92584 ], [ -71.33223, -37.92664 ], [ -71.33234, -37.92689 ], [ -71.33279, -37.92694 ], [ -71.33297, -37.92706 ], [ -71.33333, -37.92762 ], [ -71.33351, -37.92834 ], [ -71.33372, -37.92846 ], [ -71.33435, -37.9284 ], [ -71.33447, -37.92829 ], [ -71.33454, -37.92796 ], [ -71.33487, -37.92754 ], [ -71.33537, -37.92736 ], [ -71.33577, -37.9274 ], [ -71.33626, -37.92788 ], [ -71.33782, -37.92838 ], [ -71.33755, -37.92874 ], [ -71.33758, -37.92908 ], [ -71.33779, -37.92979 ], [ -71.33836, -37.93063 ], [ -71.33847, -37.9309 ], [ -71.33836, -37.93106 ], [ -71.33798, -37.93121 ], [ -71.33675, -37.93154 ], [ -71.33658, -37.93188 ], [ -71.33654, -37.93243 ], [ -71.33668, -37.93283 ], [ -71.33739, -37.93342 ], [ -71.33742, -37.93365 ], [ -71.33728, -37.93396 ], [ -71.33742, -37.93412 ], [ -71.33782, -37.93429 ], [ -71.33797, -37.93464 ], [ -71.33798, -37.93503 ], [ -71.33679, -37.9363 ], [ -71.33691, -37.93653 ], [ -71.33724, -37.93677 ], [ -71.338, -37.93702 ], [ -71.33835, -37.93747 ], [ -71.33843, -37.93774 ], [ -71.33841, -37.93895 ], [ -71.33818, -37.93927 ], [ -71.33859, -37.93969 ], [ -71.33875, -37.94046 ], [ -71.33855, -37.94082 ], [ -71.33768, -37.94145 ], [ -71.33745, -37.94148 ], [ -71.33697, -37.94135 ], [ -71.33678, -37.9414 ], [ -71.33652, -37.94166 ], [ -71.33588, -37.94206 ], [ -71.33555, -37.94244 ], [ -71.33489, -37.94273 ], [ -71.33441, -37.94306 ], [ -71.33394, -37.94365 ], [ -71.33335, -37.94418 ], [ -71.33219, -37.94447 ], [ -71.332, -37.94468 ], [ -71.33206, -37.94507 ], [ -71.33177, -37.94539 ], [ -71.33152, -37.94586 ], [ -71.3311, -37.94622 ], [ -71.33023, -37.9467 ], [ -71.32979, -37.94657 ], [ -71.32959, -37.94671 ], [ -71.32985, -37.94746 ], [ -71.32982, -37.94789 ], [ -71.3285, -37.95128 ], [ -71.32844, -37.95165 ], [ -71.32852, -37.95185 ], [ -71.32868, -37.95193 ], [ -71.32865, -37.95224 ], [ -71.32815, -37.95291 ], [ -71.32801, -37.95323 ], [ -71.32824, -37.95348 ], [ -71.32827, -37.95381 ], [ -71.32815, -37.95429 ], [ -71.32815, -37.95462 ], [ -71.32886, -37.95628 ], [ -71.32892, -37.95733 ], [ -71.32903, -37.95778 ], [ -71.32847, -37.95854 ], [ -71.32799, -37.95886 ], [ -71.3267, -37.95917 ], [ -71.32651, -37.95915 ], [ -71.32637, -37.95897 ], [ -71.32608, -37.95894 ], [ -71.32572, -37.95905 ], [ -71.32526, -37.95938 ], [ -71.32497, -37.95931 ], [ -71.32436, -37.95954 ], [ -71.32313, -37.95955 ], [ -71.32266, -37.9604 ], [ -71.32164, -37.96121 ], [ -71.32107, -37.9621 ], [ -71.32028, -37.96238 ], [ -71.31933, -37.96238 ], [ -71.31911, -37.96246 ], [ -71.31877, -37.96292 ], [ -71.31822, -37.96344 ], [ -71.31805, -37.96405 ], [ -71.31811, -37.96453 ], [ -71.31795, -37.96491 ], [ -71.31736, -37.96524 ], [ -71.31726, -37.96539 ], [ -71.3172, -37.96587 ], [ -71.31609, -37.96674 ], [ -71.31599, -37.96694 ], [ -71.31595, -37.96744 ], [ -71.31518, -37.96827 ], [ -71.31481, -37.96886 ], [ -71.31463, -37.96932 ], [ -71.3142, -37.96982 ], [ -71.31399, -37.97067 ], [ -71.31407, -37.97154 ], [ -71.31398, -37.97193 ], [ -71.31371, -37.97263 ], [ -71.31292, -37.97352 ], [ -71.31326, -37.97447 ], [ -71.31306, -37.97495 ], [ -71.31295, -37.97575 ], [ -71.31271, -37.97662 ], [ -71.31265, -37.9773 ], [ -71.31314, -37.97917 ], [ -71.31322, -37.98038 ], [ -71.31265, -37.98103 ], [ -71.3121, -37.98218 ], [ -71.31203, -37.98277 ], [ -71.31212, -37.98364 ], [ -71.31233, -37.98439 ], [ -71.3126, -37.98498 ], [ -71.3136, -37.98583 ], [ -71.31426, -37.98602 ], [ -71.31447, -37.98616 ], [ -71.31447, -37.98653 ], [ -71.31477, -37.98779 ], [ -71.31457, -37.9891 ], [ -71.31435, -37.98966 ], [ -71.31387, -37.99019 ], [ -71.31038, -37.99298 ], [ -71.30995, -37.99373 ], [ -71.30966, -37.99548 ], [ -71.30967, -37.99599 ], [ -71.30983, -37.99654 ], [ -71.31005, -37.99672 ], [ -71.31094, -37.99699 ], [ -71.31207, -37.99839 ], [ -71.31216, -37.99867 ], [ -71.31207, -37.99892 ], [ -71.31168, -37.99946 ], [ -71.31149, -38.00042 ], [ -71.31126, -38.00079 ], [ -71.30999, -38.00187 ], [ -71.30979, -38.00252 ], [ -71.30969, -38.00319 ], [ -71.30935, -38.00392 ], [ -71.30918, -38.00532 ], [ -71.30919, -38.00587 ], [ -71.30886, -38.0069 ], [ -71.30882, -38.00728 ], [ -71.30887, -38.00782 ], [ -71.30916, -38.00904 ], [ -71.30915, -38.01058 ], [ -71.30922, -38.01092 ], [ -71.30963, -38.01174 ], [ -71.31002, -38.01207 ], [ -71.31183, -38.01233 ], [ -71.31213, -38.01249 ], [ -71.31213, -38.01264 ], [ -71.31168, -38.01327 ], [ -71.31156, -38.01385 ], [ -71.31165, -38.01461 ], [ -71.31205, -38.01569 ], [ -71.31256, -38.01622 ], [ -71.31383, -38.017 ], [ -71.31446, -38.01768 ], [ -71.31487, -38.01797 ], [ -71.31556, -38.01831 ], [ -71.31633, -38.01852 ], [ -71.31642, -38.01861 ], [ -71.3165, -38.01888 ], [ -71.31644, -38.01938 ], [ -71.31653, -38.01979 ], [ -71.31722, -38.0208 ], [ -71.31754, -38.02181 ], [ -71.31817, -38.0222 ], [ -71.31858, -38.02234 ], [ -71.319, -38.02271 ], [ -71.31913, -38.02295 ], [ -71.3192, -38.02336 ], [ -71.31985, -38.02393 ], [ -71.32003, -38.02441 ], [ -71.32047, -38.02489 ], [ -71.32105, -38.02574 ], [ -71.32156, -38.02606 ], [ -71.32268, -38.0263 ], [ -71.32347, -38.02661 ], [ -71.32513, -38.02749 ], [ -71.32517, -38.02761 ], [ -71.325, -38.02788 ], [ -71.32428, -38.02852 ], [ -71.3237, -38.02928 ], [ -71.32353, -38.02956 ], [ -71.32346, -38.03007 ], [ -71.32364, -38.03049 ], [ -71.32383, -38.03065 ], [ -71.32484, -38.03106 ], [ -71.32525, -38.03136 ], [ -71.32528, -38.03229 ], [ -71.32598, -38.0329 ], [ -71.32648, -38.03348 ], [ -71.32677, -38.03398 ], [ -71.32671, -38.03564 ], [ -71.32656, -38.0361 ], [ -71.32625, -38.03643 ], [ -71.32561, -38.03666 ], [ -71.32422, -38.03679 ], [ -71.3235, -38.03697 ], [ -71.32316, -38.03723 ], [ -71.32313, -38.03766 ], [ -71.32352, -38.03875 ], [ -71.32436, -38.0397 ], [ -71.3248, -38.04047 ], [ -71.32515, -38.04161 ], [ -71.32539, -38.04203 ], [ -71.32556, -38.04283 ], [ -71.32617, -38.04333 ], [ -71.32646, -38.04403 ], [ -71.32665, -38.04426 ], [ -71.32738, -38.04486 ], [ -71.32786, -38.04586 ], [ -71.32942, -38.04722 ], [ -71.32941, -38.04749 ], [ -71.32909, -38.04788 ], [ -71.32916, -38.049 ], [ -71.32859, -38.04964 ], [ -71.32771, -38.05033 ] ] } },
{ "type": "Feature", "properties": { "osm_id": 438747578, "nombre": "Río Quillaicahue", "tipo": "river", "volcan_codigo": "LON", "volcan_nombre": "Lonquimay", "drena_volcan": false }, "geometry": { "type": "LineString", "coordinates": [ [ -71.37456, -37.93249 ], [ -71.37374, -37.93288 ], [ -71.37343, -37.93294 ], [ -71.37325, -37.93316 ], [ -71.37317, -37.93345 ], [ -71.37297, -37.93363 ], [ -71.3722, -37.93367 ], [ -71.37153, -37.93408 ], [ -71.37044, -37.93433 ], [ -71.37031, -37.93454 ], [ -71.37016, -37.93511 ], [ -71.36945, -37.93549 ], [ -71.36796, -37.93558 ], [ -71.36741, -37.93575 ], [ -71.36702, -37.93605 ], [ -71.36676, -37.93656 ], [ -71.36646, -37.93687 ], [ -71.36572, -37.93745 ], [ -71.36483, -37.9377 ], [ -71.36418, -37.93805 ], [ -71.36351, -37.93799 ], [ -71.36334, -37.93828 ], [ -71.36287, -37.93847 ], [ -71.36287, -37.93877 ], [ -71.36271, -37.93889 ], [ -71.36227, -37.93904 ], [ -71.3618, -37.93901 ], [ -71.36105, -37.9387 ], [ -71.36084, -37.93881 ], [ -71.36062, -37.93936 ], [ -71.36041, -37.93947 ], [ -71.36017, -37.93948 ], [ -71.35994, -37.93967 ], [ -71.35964, -37.93967 ], [ -71.35932, -37.93988 ], [ -71.35852, -37.93965 ], [ -71.35826, -37.93967 ], [ -71.35785, -37.94001 ], [ -71.35718, -37.94026 ], [ -71.35679, -37.94068 ], [ -71.35563, -37.94073 ], [ -71.35457, -37.94129 ], [ -71.35389, -37.94127 ], [ -71.35339, -37.94137 ], [ -71.35298, -37.94128 ], [ -71.3527, -37.94129 ], [ -71.35254, -37.94138 ], [ -71.35242, -37.94161 ], [ -71.35202, -37.94173 ], [ -71.35116, -37.94153 ], [ -71.35072, -37.9416 ], [ -71.3505, -37.94182 ], [ -71.35002, -37.94202 ], [ -71.34911, -37.94275 ], [ -71.34879, -37.94329 ], [ -71.34831, -37.94344 ], [ -71.34802, -37.94397 ], [ -71.34766, -37.94421 ], [ -71.34768, -37.94432 ], [ -71.34617, -37.94479 ], [ -71.34582, -37.94463 ], [ -71.3453, -37.94467 ], [ -71.34456, -37.94505 ], [ -71.34441, -37.94525 ], [ -71.34439, -37.94548 ], [ -71.34451, -37.94612 ], [ -71.34477, -37.94662 ], [ -71.34438, -37.94728 ], [ -71.34389, -37.94767 ], [ -71.34376, -37.94798 ], [ -71.34374, -37.94831 ], [ -71.34314, -37.94855 ], [ -71.34266, -37.9486 ], [ -71.34226, -37.94906 ], [ -71.34167, -37.94938 ], [ -71.34122, -37.95004 ], [ -71.34084, -37.95029 ], [ -71.34047, -37.95071 ], [ -71.34012, -37.95163 ], [ -71.33987, -37.95198 ], [ -71.33966, -37.95247 ], [ -71.33804, -37.95336 ], [ -71.33762, -37.95418 ], [ -71.33713, -37.95454 ], [ -71.33701, -37.95517 ], [ -71.33684, -37.95524 ], [ -71.3365, -37.95518 ], [ -71.33626, -37.95525 ], [ -71.33611, -37.95586 ], [ -71.33562, -37.95587 ], [ -71.33524, -37.95636 ], [ -71.33483, -37.95622 ], [ -71.33466, -37.95624 ], [ -71.33441, -37.95655 ], [ -71.33383, -37.95683 ], [ -71.33357, -37.95686 ], [ -71.33304, -37.95669 ], [ -71.33289, -37.95674 ], [ -71.33279, -37.95698 ], [ -71.33202, -37.95746 ], [ -71.33188, -37.95769 ], [ -71.33189, -37.95797 ], [ -71.33151, -37.95818 ], [ -71.33138, -37.95834 ], [ -71.33129, -37.95882 ], [ -71.33125, -37.96033 ], [ -71.3314, -37.96051 ], [ -71.33206, -37.96079 ], [ -71.33258, -37.96129 ], [ -71.33246, -37.96176 ], [ -71.33222, -37.96216 ], [ -71.33266, -37.96314 ], [ -71.33268, -37.96342 ], [ -71.33222, -37.96406 ], [ -71.33212, -37.96435 ], [ -71.33224, -37.96492 ], [ -71.3322, -37.96533 ], [ -71.33173, -37.96624 ], [ -71.33175, -37.96676 ], [ -71.3317, -37.96684 ], [ -71.33139, -37.967 ], [ -71.33074, -37.96759 ], [ -71.3302, -37.96782 ], [ -71.32958, -37.96852 ], [ -71.32954, -37.96869 ], [ -71.32968, -37.969 ], [ -71.32964, -37.96929 ], [ -71.32928, -37.96981 ], [ -71.32912, -37.97032 ], [ -71.32882, -37.97073 ], [ -71.32874, -37.97142 ], [ -71.32892, -37.97168 ], [ -71.32852, -37.97195 ], [ -71.32828, -37.97252 ], [ -71.32765, -37.97326 ], [ -71.32742, -37.9737 ], [ -71.32736, -37.97403 ], [ -71.32707, -37.97444 ], [ -71.32744, -37.97503 ], [ -71.3273, -37.97525 ], [ -71.32697, -37.97542 ], [ -71.32684, -37.97564 ], [ -71.32685, -37.97581 ], [ -71.32706, -37.97595 ], [ -71.32664, -37.97636 ], [ -71.32669, -37.97692 ], [ -71.3257, -37.97743 ], [ -71.32551, -37.97803 ], [ -71.32501, -37.97847 ], [ -71.32469, -37.97855 ], [ -71.32474, -37.979 ], [ -71.32468, -37.97919 ], [ -71.32333, -37.97988 ], [ -71.32283, -37.98052 ], [ -71.32264, -37.98092 ], [ -71.32215, -37.9814 ], [ -71.3219, -37.98184 ], [ -71.32118, -37.9823 ], [ -71.32067, -37.98236 ], [ -71.32018, -37.98253 ], [ -71.31981, -37.98314 ], [ -71.31933, -37.98351 ], [ -71.31845, -37.98449 ], [ -71.31773, -37.98479 ], [ -71.31696, -37.98542 ], [ -71.31608, -37.98581 ], [ -71.31557, -37.98591 ], [ -71.31497, -37.98587 ], [ -71.31453, -37.98596 ], [ -71.31441, -37.98609 ] ] } },
{ "type": "Feature", "properties": { "osm_id": 438748500, "nombre": "Río Chaquilvín", "tipo": "river", "volcan_codigo": "LON", "volcan_nombre": "Lonquimay", "drena_volcan": false }, "geometry": { "type": "LineString", "coordinates": [ [ -71.23452, -38.04312 ], [ -71.23491, -38.04286 ], [ -71.23513, -38.04283 ], [ -71.23553, -38.0429 ], [ -71.23603, -38.04321 ], [ -71.23652, -38.04388 ], [ -71.23717, -38.04556 ], [ -71.23742, -38.04594 ], [ -71.23874, -38.04642 ], [ -71.24009, -38.04716 ], [ -71.24064, -38.04793 ], [ -71.24158, -38.04882 ], [ -71.24193, -38.04931 ], [ -71.24205, -38.04964 ], [ -71.24198, -38.04989 ], [ -71.24136, -38.05057 ], [ -71.24157, -38.05144 ], [ -71.24176, -38.0516 ], [ -71.24257, -38.05194 ], [ -71.24383, -38.05281 ], [ -71.24478, -38.05322 ], [ -71.24534, -38.05355 ], [ -71.24643, -38.05367 ], [ -71.25241, -38.05211 ], [ -71.25369, -38.05238 ], [ -71.25497, -38.05251 ], [ -71.25541, -38.0524 ], [ -71.2562, -38.05197 ], [ -71.25672, -38.05195 ], [ -71.2576, -38.05218 ], [ -71.25851, -38.05221 ], [ -71.26059, -38.05287 ], [ -71.26177, -38.05316 ], [ -71.26385, -38.05329 ], [ -71.26413, -38.05351 ], [ -71.26432, -38.05423 ], [ -71.26453, -38.05449 ], [ -71.26535, -38.055 ], [ -71.26618, -38.05534 ], [ -71.26717, -38.05558 ], [ -71.26849, -38.05538 ], [ -71.26904, -38.05539 ], [ -71.26944, -38.05551 ], [ -71.27029, -38.05605 ], [ -71.27183, -38.0563 ], [ -71.27287, -38.05666 ], [ -71.27341, -38.05664 ], [ -71.27475, -38.0563 ], [ -71.27526, -38.05588 ], [ -71.27567, -38.05517 ], [ -71.27598, -38.05486 ], [ -71.27646, -38.05464 ], [ -71.27741, -38.05462 ], [ -71.27875, -38.05487 ], [ -71.27937, -38.05513 ], [ -71.28034, -38.05573 ], [ -71.28117, -38.05607 ], [ -71.28207, -38.05611 ], [ -71.28224, -38.05603 ], [ -71.28343, -38.05588 ], [ -71.28404, -38.05598 ], [ -71.28482, -38.0565 ], [ -71.28583, -38.05669 ], [ -71.28626, -38.05687 ], [ -71.28732, -38.05751 ], [ -71.28797, -38.05832 ], [ -71.2884, -38.05853 ], [ -71.28879, -38.05848 ], [ -71.28959, -38.05808 ], [ -71.29046, -38.05836 ], [ -71.29096, -38.05838 ], [ -71.2919, -38.05825 ], [ -71.29295, -38.0585 ], [ -71.29533, -38.05827 ], [ -71.29559, -38.05834 ], [ -71.29624, -38.05876 ], [ -71.29684, -38.05893 ], [ -71.29737, -38.05893 ], [ -71.29799, -38.0587 ], [ -71.29851, -38.05876 ], [ -71.29877, -38.05895 ], [ -71.29902, -38.0593 ], [ -71.29994, -38.05962 ], [ -71.30051, -38.05963 ], [ -71.30128, -38.05936 ], [ -71.30165, -38.05932 ], [ -71.30226, -38.05974 ], [ -71.30489, -38.06078 ], [ -71.30544, -38.06082 ], [ -71.30604, -38.06071 ], [ -71.30694, -38.06068 ], [ -71.30811, -38.06079 ], [ -71.30871, -38.06098 ], [ -71.31002, -38.06174 ], [ -71.31165, -38.06237 ], [ -71.31201, -38.06264 ], [ -71.31256, -38.06324 ], [ -71.31299, -38.0635 ], [ -71.31319, -38.06382 ], [ -71.31332, -38.06564 ], [ -71.31345, -38.06615 ], [ -71.31497, -38.06853 ], [ -71.3158, -38.06955 ], [ -71.31616, -38.06966 ], [ -71.31683, -38.06966 ], [ -71.31727, -38.06975 ], [ -71.31876, -38.07113 ], [ -71.31916, -38.07137 ], [ -71.32013, -38.0717 ], [ -71.32206, -38.07212 ], [ -71.32306, -38.07224 ], [ -71.32359, -38.07203 ], [ -71.32441, -38.07155 ], [ -71.32506, -38.0714 ], [ -71.32561, -38.07142 ], [ -71.32665, -38.07162 ], [ -71.32835, -38.07133 ], [ -71.32935, -38.07146 ], [ -71.33069, -38.07208 ], [ -71.33155, -38.07226 ], [ -71.33237, -38.07256 ], [ -71.33402, -38.07277 ], [ -71.3342, -38.07276 ], [ -71.33472, -38.07254 ], [ -71.33519, -38.07247 ], [ -71.3385, -38.07293 ], [ -71.34124, -38.07253 ], [ -71.34371, -38.07248 ], [ -71.34478, -38.07217 ], [ -71.3453, -38.07185 ], [ -71.34548, -38.07139 ], [ -71.34555, -38.07078 ], [ -71.34577, -38.07035 ], [ -71.3459, -38.07016 ], [ -71.34666, -38.06962 ], [ -71.34675, -38.06948 ], [ -71.34691, -38.06862 ], [ -71.34702, -38.06846 ], [ -71.34737, -38.06807 ], [ -71.34812, -38.06744 ], [ -71.34854, -38.0669 ], [ -71.34906, -38.06675 ], [ -71.34938, -38.06687 ], [ -71.35041, -38.06673 ] ] } },
{ "type": "Feature", "properties": { "osm_id": 438748501, "nombre": "Río Lomín", "tipo": "river", "volcan_codigo": "LON", "volcan_nombre": "Lonquimay", "drena_volcan": false }, "geometry": { "type": "LineString", "coordinates": [ [ -71.25023, -37.95373 ], [ -71.25179, -37.9542 ], [ -71.25221, -37.9542 ], [ -71.25272, -37.95397 ], [ -71.25284, -37.95402 ], [ -71.25292, -37.95396 ], [ -71.25305, -37.9541 ], [ -71.25314, -37.95449 ], [ -71.25345, -37.95458 ], [ -71.25379, -37.95487 ], [ -71.25414, -37.95495 ], [ -71.25442, -37.95538 ], [ -71.25448, -37.95603 ], [ -71.25485, -37.95613 ], [ -71.25504, -37.9566 ], [ -71.255, -37.95697 ], [ -71.25477, -37.95753 ], [ -71.25476, -37.95818 ], [ -71.25532, -37.95935 ], [ -71.25597, -37.96031 ], [ -71.25633, -37.96069 ], [ -71.25662, -37.96083 ], [ -71.25686, -37.96082 ], [ -71.25726, -37.96064 ], [ -71.25755, -37.96 ], [ -71.25788, -37.95987 ], [ -71.25843, -37.96032 ], [ -71.25923, -37.96084 ], [ -71.25944, -37.96109 ], [ -71.25949, -37.96141 ], [ -71.25924, -37.96191 ], [ -71.25965, -37.96254 ], [ -71.25998, -37.96292 ], [ -71.26031, -37.96312 ], [ -71.2609, -37.96396 ], [ -71.26094, -37.96422 ], [ -71.26064, -37.96483 ], [ -71.2608, -37.96552 ], [ -71.2608, -37.96592 ], [ -71.26055, -37.96691 ], [ -71.26057, -37.96709 ], [ -71.26087, -37.96749 ], [ -71.26094, -37.96793 ], [ -71.26051, -37.9684 ], [ -71.26037, -37.96882 ], [ -71.26043, -37.9692 ], [ -71.26105, -37.97012 ], [ -71.2606, -37.97073 ], [ -71.26053, -37.97097 ], [ -71.26061, -37.97143 ], [ -71.26043, -37.97161 ], [ -71.25979, -37.97179 ], [ -71.25968, -37.97217 ], [ -71.25977, -37.97277 ], [ -71.25999, -37.97308 ], [ -71.26016, -37.97366 ], [ -71.25998, -37.97463 ], [ -71.26015, -37.97504 ], [ -71.26056, -37.97541 ], [ -71.26096, -37.97621 ], [ -71.26179, -37.97655 ], [ -71.26225, -37.97688 ], [ -71.26264, -37.9773 ], [ -71.26355, -37.97707 ], [ -71.26381, -37.97671 ], [ -71.26394, -37.97664 ], [ -71.26516, -37.97647 ], [ -71.26596, -37.97665 ], [ -71.2665, -37.97711 ], [ -71.26685, -37.9773 ], [ -71.26836, -37.97753 ], [ -71.26867, -37.97764 ], [ -71.2688, -37.97782 ], [ -71.2688, -37.97805 ], [ -71.26946, -37.97849 ], [ -71.26971, -37.97958 ], [ -71.27028, -37.97983 ], [ -71.27082, -37.98031 ], [ -71.27124, -37.98139 ], [ -71.27141, -37.9815 ], [ -71.27191, -37.98144 ], [ -71.27207, -37.98189 ], [ -71.27246, -37.98245 ], [ -71.27329, -37.98262 ], [ -71.27347, -37.9828 ], [ -71.27342, -37.9831 ], [ -71.27312, -37.98346 ], [ -71.27219, -37.9841 ], [ -71.27202, -37.98435 ], [ -71.27205, -37.98457 ], [ -71.27231, -37.98486 ], [ -71.2725, -37.98541 ], [ -71.27246, -37.98588 ], [ -71.27253, -37.98623 ], [ -71.27287, -37.98666 ], [ -71.27279, -37.98685 ], [ -71.27245, -37.9871 ], [ -71.27239, -37.98737 ], [ -71.27263, -37.98765 ], [ -71.27304, -37.98785 ], [ -71.27286, -37.9886 ], [ -71.27323, -37.98913 ], [ -71.27333, -37.98944 ], [ -71.27335, -37.99003 ], [ -71.27318, -37.99116 ], [ -71.27319, -37.99197 ], [ -71.27328, -37.99226 ], [ -71.27348, -37.9925 ], [ -71.27432, -37.99296 ], [ -71.27444, -37.99319 ], [ -71.27431, -37.99377 ], [ -71.27433, -37.99442 ], [ -71.27421, -37.99495 ], [ -71.27291, -37.9968 ], [ -71.27282, -37.99721 ], [ -71.2729, -37.99772 ], [ -71.27315, -37.99814 ], [ -71.27353, -37.9985 ], [ -71.27512, -37.9986 ], [ -71.27532, -37.99888 ], [ -71.27573, -37.99919 ], [ -71.276, -37.99952 ], [ -71.27649, -38.00097 ], [ -71.27727, -38.00185 ], [ -71.27989, -38.00312 ], [ -71.28001, -38.00331 ], [ -71.28004, -38.00379 ], [ -71.27968, -38.00473 ], [ -71.2796, -38.00519 ], [ -71.27969, -38.00549 ], [ -71.27991, -38.00574 ], [ -71.28088, -38.00642 ], [ -71.2817, -38.00673 ], [ -71.28201, -38.00667 ], [ -71.28251, -38.00614 ], [ -71.28315, -38.00617 ], [ -71.28409, -38.00743 ], [ -71.28479, -38.00875 ], [ -71.28531, -38.00943 ], [ -71.28609, -38.00999 ], [ -71.28761, -38.01033 ], [ -71.28798, -38.01067 ], [ -71.2879, -38.01097 ], [ -71.28737, -38.01158 ], [ -71.28728, -38.01202 ], [ -71.28781, -38.01283 ], [ -71.2881, -38.01348 ], [ -71.28887, -38.01422 ], [ -71.28988, -38.01555 ], [ -71.28999, -38.016 ], [ -71.28929, -38.01677 ], [ -71.28922, -38.01705 ], [ -71.28936, -38.01735 ], [ -71.28986, -38.01783 ], [ -71.29042, -38.01859 ], [ -71.29059, -38.01899 ], [ -71.29047, -38.01958 ], [ -71.29013, -38.02 ], [ -71.29009, -38.02018 ], [ -71.29013, -38.0206 ], [ -71.29005, -38.0212 ], [ -71.28947, -38.02253 ], [ -71.28949, -38.02283 ], [ -71.28965, -38.02311 ], [ -71.29008, -38.02341 ], [ -71.29149, -38.02379 ], [ -71.29233, -38.02413 ], [ -71.29269, -38.02445 ], [ -71.29353, -38.02579 ], [ -71.2946, -38.02606 ], [ -71.29507, -38.02637 ], [ -71.29603, -38.02681 ], [ -71.29623, -38.02698 ], [ -71.29676, -38.02779 ], [ -71.29737, -38.02838 ], [ -71.29814, -38.02898 ], [ -71.29867, -38.02918 ], [ -71.29898, -38.02921 ], [ -71.30098, -38.02924 ], [ -71.30173, -38.02937 ], [ -71.30231, -38.02961 ], [ -71.30276, -38.03013 ], [ -71.30282, -38.0304 ], [ -71.30246, -38.03064 ], [ -71.30217, -38.03072 ], [ -71.30135, -38.03068 ], [ -71.3011, -38.03075 ], [ -71.30081, -38.03097 ], [ -71.3007, -38.03129 ], [ -71.30103, -38.0316 ], [ -71.30244, -38.03176 ], [ -71.3027, -38.03198 ], [ -71.30291, -38.03231 ], [ -71.30287, -38.03248 ], [ -71.30237, -38.03301 ], [ -71.30249, -38.03324 ], [ -71.30287, -38.03339 ], [ -71.3034, -38.03377 ], [ -71.30434, -38.03481 ], [ -71.30483, -38.03511 ], [ -71.30674, -38.03556 ], [ -71.30738, -38.0359 ], [ -71.30834, -38.03692 ], [ -71.30901, -38.03719 ], [ -71.30956, -38.03803 ], [ -71.31102, -38.03924 ], [ -71.31289, -38.04007 ], [ -71.31343, -38.04061 ], [ -71.3153, -38.04119 ], [ -71.316, -38.04156 ], [ -71.3163, -38.04185 ], [ -71.31705, -38.04286 ], [ -71.31737, -38.04342 ], [ -71.31733, -38.04445 ], [ -71.31749, -38.04494 ], [ -71.31836, -38.04568 ], [ -71.31854, -38.04597 ], [ -71.31858, -38.04659 ], [ -71.31819, -38.04776 ], [ -71.31813, -38.04832 ], [ -71.31829, -38.0489 ], [ -71.31841, -38.04908 ], [ -71.319, -38.04955 ], [ -71.31961, -38.04985 ], [ -71.31987, -38.04988 ], [ -71.3204, -38.04978 ], [ -71.3216, -38.04928 ], [ -71.32253, -38.04864 ], [ -71.32386, -38.04822 ], [ -71.32508, -38.04818 ], [ -71.32624, -38.04837 ], [ -71.32668, -38.04855 ], [ -71.32693, -38.04949 ], [ -71.32792, -38.05062 ], [ -71.32847, -38.051 ], [ -71.3292, -38.05126 ], [ -71.32962, -38.05152 ], [ -71.33076, -38.05283 ], [ -71.33097, -38.05294 ], [ -71.33155, -38.05303 ], [ -71.33438, -38.05387 ], [ -71.33546, -38.05447 ], [ -71.33712, -38.05517 ], [ -71.33812, -38.0558 ], [ -71.33856, -38.05631 ], [ -71.33865, -38.05708 ], [ -71.33916, -38.05808 ], [ -71.33917, -38.05837 ], [ -71.33901, -38.05895 ], [ -71.33864, -38.05974 ], [ -71.33859, -38.06001 ], [ -71.33869, -38.06036 ], [ -71.33912, -38.06075 ], [ -71.33948, -38.06148 ], [ -71.34017, -38.06251 ], [ -71.34059, -38.06294 ], [ -71.3413, -38.06336 ], [ -71.34185, -38.06385 ], [ -71.34257, -38.06465 ], [ -71.34347, -38.06584 ], [ -71.34398, -38.06601 ], [ -71.34444, -38.06603 ], [ -71.34483, -38.0659 ], [ -71.3453, -38.06545 ], [ -71.34557, -38.0649 ], [ -71.34612, -38.06429 ], [ -71.34651, -38.06424 ], [ -71.34794, -38.06435 ], [ -71.34844, -38.0645 ], [ -71.34897, -38.06486 ], [ -71.34962, -38.06573 ], [ -71.34978, -38.06609 ], [ -71.35018, -38.0664 ], [ -71.35041, -38.06673 ], [ -71.3518, -38.06678 ] ] } },
{ "type": "Feature", "properties": { "osm_id": 438899778, "nombre": "Río Lomín", "tipo": "river", "volcan_codigo": "LON", "volcan_nombre": "Lonquimay", "drena_volcan": false }, "geometry": { "type": "LineString", "coordinates": [ [ -71.28102, -38.00649 ], [ -71.28134, -38.00646 ], [ -71.28203, -38.00617 ], [ -71.28258, -38.00612 ] ] } },
{ "type": "Feature", "properties": { "osm_id": 438899780, "nombre": "Río Lomín", "tipo": "river", "volcan_codigo": "LON", "volcan_nombre": "Lonquimay", "drena_volcan": false }, "geometry": { "type": "LineString", "coordinates": [ [ -71.2813, -38.0066 ], [ -71.28172, -38.00689 ], [ -71.28215, -38.00699 ], [ -71.28234, -38.00679 ], [ -71.2823, -38.00635 ] ] } },
{ "type": "Feature", "properties": { "osm_id": 438901317, "nombre": "Río Chaquilvín", "tipo": "river", "volcan_codigo": "LON", "volcan_nombre": "Lonquimay", "drena_volcan": false }, "geometry": { "type": "LineString", "coordinates": [ [ -71.28161, -38.0561 ], [ -71.28193, -38.05614 ], [ -71.28286, -38.0565 ], [ -71.28446, -38.05675 ], [ -71.28583, -38.05669 ] ] } },
{ "type": "Feature", "properties": { "osm_id": 438901318, "nombre": "Río Chaquilvín", "tipo": "river", "volcan_codigo": "LON", "volcan_nombre": "Lonquimay", "drena_volcan": false }, "geometry": { "type": "LineString", "coordinates": [ [ -71.28416, -38.05669 ], [ -71.28482, -38.0565 ] ] } },
{ "type": "Feature", "properties": { "osm_id": 438906115, "nombre": "Río Chaquilvín", "tipo": "river", "volcan_codigo": "LON", "volcan_nombre": "Lonquimay", "drena_volcan": false }, "geometry": { "type": "LineString", "coordinates": [ [ -71.23742, -38.04594 ], [ -71.23784, -38.0464 ], [ -71.23814, -38.04656 ], [ -71.23895, -38.04655 ] ] } },
{ "type": "Feature", "properties": { "osm_id": 459055978, "nombre": "Sin nombre", "tipo": "stream", "volcan_codigo": "LON", "volcan_nombre": "Lonquimay", "drena_volcan": false }, "geometry": { "type": "LineString", "coordinates": [ [ -71.89672, -38.4395 ], [ -71.89798, -38.43929 ] ] } },
{ "type": "Feature", "properties": { "osm_id": 459055979, "nombre": "Sin nombre", "tipo": "stream", "volcan_codigo": "LON", "volcan_nombre": "Lonquimay", "drena_volcan": false }, "geometry": { "type": "LineString", "coordinates": [ [ -71.89632, -38.4396 ], [ -71.89672, -38.4395 ] ] } },
{ "type": "Feature", "properties": { "osm_id": 459055980, "nombre": "Sin nombre", "tipo": "stream", "volcan_codigo": "LON", "volcan_nombre": "Lonquimay", "drena_volcan": false }, "geometry": { "type": "LineString", "coordinates": [ [ -71.89593, -38.43958 ], [ -71.89632, -38.4396 ] ] } },
{ "type": "Feature", "properties": { "osm_id": 459055981, "nombre": "Sin nombre", "tipo": "stream", "volcan_codigo": "LON", "volcan_nombre": "Lonquimay", "drena_volcan": false }, "geometry": { "type": "LineString", "coordinates": [ [ -71.89503, -38.43972 ], [ -71.89531, -38.4396 ], [ -71.89593, -38.43958 ] ] } },
{ "type": "Feature", "properties": { "osm_id": 459055982, "nombre": "Sin nombre", "tipo": "stream", "volcan_codigo": "LON", "volcan_nombre": "Lonquimay", "drena_volcan": false }, "geometry": { "type": "LineString", "coordinates": [ [ -71.89466, -38.43973 ], [ -71.89503, -38.43972 ] ] } },
{ "type": "Feature", "properties": { "osm_id": 459055983, "nombre": "Sin nombre", "tipo": "stream", "volcan_codigo": "LON", "volcan_nombre": "Lonquimay", "drena_volcan": false }, "geometry": { "type": "LineString", "coordinates": [ [ -71.89356, -38.43981 ], [ -71.89382, -38.4398 ], [ -71.89411, -38.43965 ], [ -71.89466, -38.43973 ] ] } },
{ "type": "Feature", "properties": { "osm_id": 459055984, "nombre": "Sin nombre", "tipo": "stream", "volcan_codigo": "LON", "volcan_nombre": "Lonquimay", "drena_volcan": false }, "geometry": { "type": "LineString", "coordinates": [ [ -71.89306, -38.43987 ], [ -71.89356, -38.43981 ] ] } },
{ "type": "Feature", "properties": { "osm_id": 459055985, "nombre": "Sin nombre", "tipo": "stream", "volcan_codigo": "LON", "volcan_nombre": "Lonquimay", "drena_volcan": false }, "geometry": { "type": "LineString", "coordinates": [ [ -71.89229, -38.43999 ], [ -71.89279, -38.43984 ], [ -71.89306, -38.43987 ] ] } },
{ "type": "Feature", "properties": { "osm_id": 459055986, "nombre": "Sin nombre", "tipo": "stream", "volcan_codigo": "LON", "volcan_nombre": "Lonquimay", "drena_volcan": false }, "geometry": { "type": "LineString", "coordinates": [ [ -71.89996, -38.43852 ], [ -71.90051, -38.43826 ], [ -71.90111, -38.43816 ], [ -71.90163, -38.43795 ] ] } },
{ "type": "Feature", "properties": { "osm_id": 459055987, "nombre": "Sin nombre", "tipo": "stream", "volcan_codigo": "LON", "volcan_nombre": "Lonquimay", "drena_volcan": false }, "geometry": { "type": "LineString", "coordinates": [ [ -71.8996, -38.43863 ], [ -71.89996, -38.43852 ] ] } },
{ "type": "Feature", "properties": { "osm_id": 459055988, "nombre": "Sin nombre", "tipo": "stream", "volcan_codigo": "LON", "volcan_nombre": "Lonquimay", "drena_volcan": false }, "geometry": { "type": "LineString", "coordinates": [ [ -71.89177, -38.44007 ], [ -71.89229, -38.43999 ] ] } },
{ "type": "Feature", "properties": { "osm_id": 459055989, "nombre": "Sin nombre", "tipo": "stream", "volcan_codigo": "LON", "volcan_nombre": "Lonquimay", "drena_volcan": false }, "geometry": { "type": "LineString", "coordinates": [ [ -71.89086, -38.44019 ], [ -71.89127, -38.44012 ], [ -71.8915, -38.44018 ], [ -71.89177, -38.44007 ] ] } },
{ "type": "Feature", "properties": { "osm_id": 459055990, "nombre": "Sin nombre", "tipo": "stream", "volcan_codigo": "LON", "volcan_nombre": "Lonquimay", "drena_volcan": false }, "geometry": { "type": "LineString", "coordinates": [ [ -71.89071, -38.44019 ], [ -71.89086, -38.44019 ] ] } },
{ "type": "Feature", "properties": { "osm_id": 459055991, "nombre": "Sin nombre", "tipo": "stream", "volcan_codigo": "LON", "volcan_nombre": "Lonquimay", "drena_volcan": false }, "geometry": { "type": "LineString", "coordinates": [ [ -71.88947, -38.43991 ], [ -71.89009, -38.43993 ], [ -71.89035, -38.44011 ], [ -71.89071, -38.44019 ] ] } },
{ "type": "Feature", "properties": { "osm_id": 459055993, "nombre": "Sin nombre", "tipo": "stream", "volcan_codigo": "LON", "volcan_nombre": "Lonquimay", "drena_volcan": false }, "geometry": { "type": "LineString", "coordinates": [ [ -71.88837, -38.43995 ], [ -71.88947, -38.43991 ] ] } },
{ "type": "Feature", "properties": { "osm_id": 459055994, "nombre": "Sin nombre", "tipo": "stream", "volcan_codigo": "LON", "volcan_nombre": "Lonquimay", "drena_volcan": false }, "geometry": { "type": "LineString", "coordinates": [ [ -71.8881, -38.44006 ], [ -71.88837, -38.43995 ] ] } },
{ "type": "Feature", "properties": { "osm_id": 459055995, "nombre": "Sin nombre", "tipo": "stream", "volcan_codigo": "LON", "volcan_nombre": "Lonquimay", "drena_volcan": false }, "geometry": { "type": "LineString", "coordinates": [ [ -71.88316, -38.44051 ], [ -71.88414, -38.44028 ], [ -71.88439, -38.44013 ], [ -71.88469, -38.44006 ], [ -71.88505, -38.44004 ], [ -71.88544, -38.44021 ], [ -71.88627, -38.44015 ], [ -71.88703, -38.44021 ], [ -71.8881, -38.44006 ] ] } },
{ "type": "Feature", "properties": { "osm_id": 459055996, "nombre": "Sin nombre", "tipo": "stream", "volcan_codigo": "LON", "volcan_nombre": "Lonquimay", "drena_volcan": false }, "geometry": { "type": "LineString", "coordinates": [ [ -71.88265, -38.44073 ], [ -71.88316, -38.44051 ] ] } },
{ "type": "Feature", "properties": { "osm_id": 459055997, "nombre": "Sin nombre", "tipo": "stream", "volcan_codigo": "LON", "volcan_nombre": "Lonquimay", "drena_volcan": false }, "geometry": { "type": "LineString", "coordinates": [ [ -71.88238, -38.44086 ], [ -71.88265, -38.44073 ] ] } },
{ "type": "Feature", "properties": { "osm_id": 459055998, "nombre": "Sin nombre", "tipo": "stream", "volcan_codigo": "LON", "volcan_nombre": "Lonquimay", "drena_volcan": false }, "geometry": { "type": "LineString", "coordinates": [ [ -71.88181, -38.4412 ], [ -71.882, -38.44099 ], [ -71.88238, -38.44086 ] ] } },
{ "type": "Feature", "properties": { "osm_id": 459055999, "nombre": "Sin nombre", "tipo": "stream", "volcan_codigo": "LON", "volcan_nombre": "Lonquimay", "drena_volcan": false }, "geometry": { "type": "LineString", "coordinates": [ [ -71.89798, -38.43929 ], [ -71.89864, -38.43909 ], [ -71.89925, -38.43874 ], [ -71.8996, -38.43863 ] ] } },
{ "type": "Feature", "properties": { "osm_id": 459056000, "nombre": "Sin nombre", "tipo": "stream", "volcan_codigo": "LON", "volcan_nombre": "Lonquimay", "drena_volcan": false }, "geometry": { "type": "LineString", "coordinates": [ [ -71.88067, -38.44135 ], [ -71.88097, -38.44127 ], [ -71.88158, -38.44129 ], [ -71.88181, -38.4412 ] ] } },
{ "type": "Feature", "properties": { "osm_id": 462198123, "nombre": "Río Blanco", "tipo": "stream", "volcan_codigo": "LON", "volcan_nombre": "Lonquimay", "drena_volcan": false }, "geometry": { "type": "LineString", "coordinates": [ [ -71.60161, -38.58935 ], [ -71.60297, -38.58919 ], [ -71.60455, -38.58863 ], [ -71.60542, -38.58886 ], [ -71.60602, -38.58881 ], [ -71.60667, -38.58921 ], [ -71.60818, -38.58933 ], [ -71.60846, -38.58901 ], [ -71.60874, -38.58892 ], [ -71.60958, -38.58892 ], [ -71.61006, -38.5886 ], [ -71.61053, -38.58856 ], [ -71.6111, -38.58821 ], [ -71.61196, -38.58826 ], [ -71.6125, -38.58818 ], [ -71.61278, -38.58821 ], [ -71.61287, -38.58839 ], [ -71.6134, -38.58871 ], [ -71.61411, -38.5889 ], [ -71.61497, -38.58883 ], [ -71.61515, -38.58899 ], [ -71.61557, -38.589 ], [ -71.61565, -38.5891 ], [ -71.61596, -38.58919 ], [ -71.61635, -38.58922 ], [ -71.61689, -38.58915 ], [ -71.61711, -38.58899 ], [ -71.61772, -38.58922 ], [ -71.6184, -38.5897 ], [ -71.61883, -38.58977 ], [ -71.61935, -38.58972 ], [ -71.61961, -38.5898 ], [ -71.62024, -38.58975 ], [ -71.62041, -38.58936 ], [ -71.62119, -38.5887 ], [ -71.62136, -38.58838 ], [ -71.62162, -38.58752 ], [ -71.62217, -38.58715 ], [ -71.62265, -38.58656 ], [ -71.62291, -38.58581 ], [ -71.62351, -38.58545 ], [ -71.62531, -38.58389 ], [ -71.62658, -38.58378 ], [ -71.62705, -38.58382 ], [ -71.62779, -38.58368 ], [ -71.62861, -38.58307 ], [ -71.6293, -38.58282 ], [ -71.62941, -38.58255 ], [ -71.62965, -38.58242 ], [ -71.62989, -38.58189 ], [ -71.63004, -38.58129 ], [ -71.63025, -38.58106 ], [ -71.63049, -38.5805 ], [ -71.63027, -38.57953 ], [ -71.63043, -38.57887 ], [ -71.63055, -38.57768 ], [ -71.63134, -38.57657 ], [ -71.63217, -38.57602 ], [ -71.63231, -38.57588 ], [ -71.63224, -38.57579 ] ] } },
{ "type": "Feature", "properties": { "osm_id": 462198124, "nombre": "Sin nombre", "tipo": "stream", "volcan_codigo": "LON", "volcan_nombre": "Lonquimay", "drena_volcan": false }, "geometry": { "type": "LineString", "coordinates": [ [ -71.5904, -38.55671 ], [ -71.59068, -38.55596 ], [ -71.59086, -38.55579 ], [ -71.59078, -38.55561 ], [ -71.59089, -38.55498 ], [ -71.59135, -38.55435 ], [ -71.59137, -38.5542 ], [ -71.59099, -38.55416 ], [ -71.59083, -38.55404 ], [ -71.59113, -38.55344 ], [ -71.591, -38.55333 ], [ -71.59065, -38.55332 ], [ -71.59042, -38.55274 ], [ -71.59023, -38.55253 ], [ -71.59029, -38.55192 ], [ -71.59015, -38.55158 ], [ -71.58994, -38.5514 ], [ -71.58938, -38.5512 ], [ -71.58883, -38.55081 ], [ -71.58835, -38.55072 ], [ -71.58761, -38.55038 ], [ -71.58751, -38.55024 ], [ -71.58691, -38.54988 ], [ -71.58633, -38.5492 ], [ -71.58605, -38.54915 ], [ -71.58529, -38.54927 ], [ -71.58494, -38.54846 ], [ -71.5849, -38.54802 ], [ -71.58478, -38.54782 ], [ -71.58432, -38.5476 ], [ -71.58423, -38.54744 ], [ -71.58426, -38.54722 ] ] } },
{ "type": "Feature", "properties": { "osm_id": 496195438, "nombre": "Sin nombre", "tipo": "stream", "volcan_codigo": "LON", "volcan_nombre": "Lonquimay", "drena_volcan": false }, "geometry": { "type": "LineString", "coordinates": [ [ -71.56188, -38.45762 ], [ -71.56187, -38.45787 ], [ -71.56205, -38.45813 ], [ -71.56193, -38.45898 ], [ -71.56201, -38.45996 ], [ -71.56182, -38.46074 ], [ -71.56138, -38.46143 ], [ -71.56131, -38.46171 ], [ -71.5616, -38.46251 ], [ -71.5612, -38.46309 ], [ -71.56081, -38.46343 ], [ -71.56069, -38.46368 ], [ -71.5608, -38.46391 ], [ -71.56113, -38.46427 ], [ -71.56135, -38.46494 ], [ -71.56176, -38.46512 ], [ -71.56195, -38.46536 ], [ -71.56212, -38.46608 ], [ -71.56205, -38.4664 ], [ -71.56222, -38.46713 ], [ -71.56195, -38.4678 ], [ -71.5606, -38.4686 ], [ -71.56033, -38.46867 ], [ -71.5603, -38.46895 ], [ -71.56006, -38.46928 ], [ -71.55945, -38.46986 ], [ -71.55921, -38.47024 ], [ -71.55919, -38.47109 ], [ -71.55927, -38.4713 ], [ -71.5591, -38.47165 ], [ -71.55882, -38.472 ], [ -71.55783, -38.47283 ] ] } },
{ "type": "Feature", "properties": { "osm_id": 496200590, "nombre": "Sin nombre", "tipo": "stream", "volcan_codigo": "LON", "volcan_nombre": "Lonquimay", "drena_volcan": false }, "geometry": { "type": "LineString", "coordinates": [ [ -71.63747, -38.32983 ], [ -71.63754, -38.33098 ], [ -71.63765, -38.33122 ], [ -71.63737, -38.33197 ], [ -71.63739, -38.33276 ], [ -71.63748, -38.33319 ], [ -71.63739, -38.33388 ], [ -71.63704, -38.33475 ], [ -71.63715, -38.33524 ], [ -71.6371, -38.33594 ], [ -71.63787, -38.33704 ], [ -71.63792, -38.33729 ], [ -71.6378, -38.33744 ], [ -71.63779, -38.33772 ], [ -71.63751, -38.33808 ], [ -71.63729, -38.33818 ], [ -71.63667, -38.33906 ], [ -71.63669, -38.33935 ], [ -71.63692, -38.33995 ], [ -71.6367, -38.34032 ], [ -71.63671, -38.34082 ], [ -71.63704, -38.34176 ], [ -71.63731, -38.34216 ], [ -71.63756, -38.34296 ], [ -71.63772, -38.34315 ], [ -71.6381, -38.34414 ], [ -71.63814, -38.34432 ], [ -71.63797, -38.34456 ], [ -71.63798, -38.34469 ], [ -71.63806, -38.34487 ], [ -71.63821, -38.3449 ], [ -71.63827, -38.34511 ], [ -71.63818, -38.34531 ], [ -71.63841, -38.34589 ], [ -71.63846, -38.34628 ], [ -71.63906, -38.34671 ], [ -71.63954, -38.3479 ], [ -71.63941, -38.34841 ], [ -71.63921, -38.34869 ], [ -71.63992, -38.34915 ], [ -71.64051, -38.35037 ], [ -71.64104, -38.35087 ], [ -71.6426, -38.35157 ] ] } },
{ "type": "Feature", "properties": { "osm_id": 496726564, "nombre": "Sin nombre", "tipo": "river", "volcan_codigo": "LON", "volcan_nombre": "Lonquimay", "drena_volcan": false }, "geometry": { "type": "LineString", "coordinates": [ [ -71.3, -38.55067 ], [ -71.29992, -38.5513 ], [ -71.29972, -38.55153 ], [ -71.29918, -38.55161 ], [ -71.29903, -38.55177 ], [ -71.29717, -38.55247 ], [ -71.29614, -38.55275 ], [ -71.29399, -38.55278 ], [ -71.29292, -38.55252 ], [ -71.29144, -38.55243 ], [ -71.29075, -38.55247 ], [ -71.28999, -38.55234 ], [ -71.2891, -38.55199 ], [ -71.28871, -38.55245 ], [ -71.28852, -38.55253 ], [ -71.28808, -38.5525 ], [ -71.28796, -38.55239 ], [ -71.28781, -38.55239 ], [ -71.28764, -38.55264 ], [ -71.28744, -38.55269 ], [ -71.28683, -38.55246 ], [ -71.28654, -38.55265 ], [ -71.28626, -38.5526 ], [ -71.28608, -38.55293 ], [ -71.28587, -38.55298 ], [ -71.28511, -38.55272 ], [ -71.28469, -38.55272 ], [ -71.28447, -38.55252 ], [ -71.28419, -38.55254 ], [ -71.28395, -38.55267 ], [ -71.28336, -38.55227 ], [ -71.28298, -38.55228 ], [ -71.28233, -38.5519 ], [ -71.28182, -38.55217 ], [ -71.28163, -38.5518 ], [ -71.28107, -38.55196 ], [ -71.28082, -38.55188 ], [ -71.28075, -38.55197 ], [ -71.28079, -38.55211 ], [ -71.28045, -38.55222 ], [ -71.28029, -38.55238 ], [ -71.28012, -38.55217 ], [ -71.27975, -38.55203 ], [ -71.27938, -38.55254 ], [ -71.27842, -38.5524 ], [ -71.27823, -38.55278 ], [ -71.27791, -38.55264 ], [ -71.27764, -38.55237 ], [ -71.27739, -38.55255 ], [ -71.27728, -38.55292 ], [ -71.27692, -38.553 ], [ -71.27672, -38.55275 ], [ -71.27632, -38.55271 ], [ -71.27597, -38.55286 ], [ -71.27563, -38.55271 ], [ -71.27536, -38.55273 ], [ -71.27483, -38.55247 ], [ -71.27418, -38.55236 ], [ -71.27378, -38.55217 ], [ -71.27195, -38.55247 ], [ -71.27153, -38.55205 ], [ -71.27124, -38.55218 ], [ -71.27112, -38.55238 ], [ -71.27081, -38.5525 ], [ -71.27045, -38.55241 ], [ -71.26964, -38.55259 ], [ -71.26932, -38.55223 ], [ -71.26911, -38.55184 ], [ -71.26865, -38.55195 ], [ -71.26825, -38.55135 ], [ -71.26721, -38.55139 ], [ -71.26717, -38.55121 ], [ -71.26672, -38.5513 ], [ -71.26558, -38.55132 ], [ -71.26534, -38.55109 ], [ -71.26523, -38.55114 ], [ -71.26514, -38.55141 ], [ -71.26491, -38.55145 ], [ -71.26468, -38.55139 ], [ -71.26416, -38.55102 ], [ -71.26396, -38.55109 ], [ -71.26337, -38.55181 ], [ -71.26303, -38.55162 ], [ -71.26286, -38.55111 ], [ -71.26239, -38.55096 ], [ -71.26173, -38.55051 ], [ -71.2611, -38.5506 ], [ -71.26089, -38.55031 ], [ -71.26051, -38.55015 ], [ -71.2599, -38.5502 ], [ -71.25903, -38.54963 ], [ -71.25845, -38.54971 ], [ -71.25839, -38.54956 ], [ -71.25813, -38.5494 ], [ -71.25803, -38.54914 ], [ -71.25822, -38.54884 ], [ -71.25799, -38.54862 ], [ -71.2572, -38.54826 ], [ -71.25709, -38.54797 ], [ -71.25717, -38.54709 ], [ -71.2571, -38.54682 ], [ -71.2569, -38.54655 ], [ -71.25686, -38.54627 ], [ -71.25695, -38.54606 ], [ -71.25661, -38.54566 ], [ -71.25669, -38.54496 ], [ -71.2566, -38.54476 ], [ -71.25624, -38.54459 ], [ -71.25604, -38.54434 ], [ -71.25598, -38.54403 ], [ -71.25601, -38.54355 ], [ -71.25588, -38.54316 ], [ -71.25575, -38.54221 ], [ -71.25587, -38.542 ], [ -71.25604, -38.54195 ], [ -71.25601, -38.54175 ], [ -71.25538, -38.54111 ], [ -71.25506, -38.54049 ], [ -71.25511, -38.54023 ], [ -71.25503, -38.54006 ], [ -71.25454, -38.53988 ], [ -71.25432, -38.53963 ], [ -71.25401, -38.53905 ], [ -71.25355, -38.53868 ], [ -71.25297, -38.53772 ], [ -71.25303, -38.53719 ], [ -71.25268, -38.53623 ], [ -71.25314, -38.53587 ], [ -71.25308, -38.53556 ], [ -71.25283, -38.53521 ], [ -71.25292, -38.53467 ], [ -71.2529, -38.5342 ], [ -71.25189, -38.53245 ], [ -71.2512, -38.53169 ], [ -71.25096, -38.53154 ], [ -71.25082, -38.5313 ], [ -71.25016, -38.5308 ], [ -71.24969, -38.53048 ], [ -71.24912, -38.53032 ], [ -71.24666, -38.52844 ], [ -71.2461, -38.52853 ], [ -71.24566, -38.52847 ], [ -71.24519, -38.52828 ], [ -71.24495, -38.52803 ], [ -71.24476, -38.52764 ], [ -71.2445, -38.52742 ], [ -71.24325, -38.5267 ], [ -71.24286, -38.52664 ], [ -71.24253, -38.52674 ], [ -71.24235, -38.52709 ], [ -71.24201, -38.52727 ], [ -71.24149, -38.52725 ], [ -71.24075, -38.527 ], [ -71.24033, -38.52676 ], [ -71.23886, -38.52635 ], [ -71.23741, -38.52643 ], [ -71.23552, -38.52674 ], [ -71.23463, -38.52666 ], [ -71.23411, -38.52675 ], [ -71.23263, -38.52742 ], [ -71.23209, -38.52776 ], [ -71.23076, -38.52787 ], [ -71.23035, -38.52812 ], [ -71.23008, -38.52841 ], [ -71.22982, -38.52905 ], [ -71.22885, -38.52968 ], [ -71.22828, -38.52962 ], [ -71.22805, -38.52939 ], [ -71.22724, -38.52922 ], [ -71.22656, -38.52946 ], [ -71.22587, -38.52982 ], [ -71.22516, -38.52996 ], [ -71.22394, -38.53001 ], [ -71.2231, -38.53024 ], [ -71.22265, -38.53007 ], [ -71.22095, -38.52977 ], [ -71.21913, -38.53004 ], [ -71.21763, -38.5301 ], [ -71.21637, -38.53033 ], [ -71.21558, -38.53074 ], [ -71.21491, -38.53077 ], [ -71.21407, -38.53058 ], [ -71.21323, -38.53053 ], [ -71.21186, -38.53032 ], [ -71.21004, -38.53043 ], [ -71.2093, -38.53021 ], [ -71.20876, -38.53021 ], [ -71.20762, -38.52992 ], [ -71.20567, -38.53057 ], [ -71.20248, -38.53046 ], [ -71.19963, -38.52981 ], [ -71.19892, -38.52935 ], [ -71.19801, -38.52911 ], [ -71.19787, -38.52891 ], [ -71.19763, -38.52881 ], [ -71.19723, -38.52891 ], [ -71.19544, -38.52888 ], [ -71.19488, -38.529 ], [ -71.19417, -38.52877 ], [ -71.19338, -38.529 ] ] } },
{ "type": "Feature", "properties": { "osm_id": 520667062, "nombre": "Sin nombre", "tipo": "river", "volcan_codigo": "LON", "volcan_nombre": "Lonquimay", "drena_volcan": false }, "geometry": { "type": "LineString", "coordinates": [ [ -71.75835, -38.6055 ], [ -71.75859, -38.60453 ], [ -71.75944, -38.60384 ], [ -71.7603, -38.60293 ], [ -71.7612, -38.60213 ], [ -71.76181, -38.60121 ], [ -71.76271, -38.60016 ], [ -71.76299, -38.59947 ], [ -71.76332, -38.59904 ], [ -71.764, -38.59859 ], [ -71.76571, -38.59698 ], [ -71.76624, -38.59612 ], [ -71.76682, -38.59473 ], [ -71.76838, -38.59321 ], [ -71.76899, -38.59296 ], [ -71.77151, -38.59252 ], [ -71.77172, -38.5923 ], [ -71.77176, -38.59183 ], [ -71.77208, -38.59157 ], [ -71.77221, -38.59075 ], [ -71.77249, -38.59021 ], [ -71.77347, -38.58895 ], [ -71.77421, -38.58822 ], [ -71.77536, -38.58764 ], [ -71.77572, -38.58712 ], [ -71.77636, -38.58655 ], [ -71.77758, -38.58599 ], [ -71.77804, -38.5857 ], [ -71.77813, -38.58511 ], [ -71.77802, -38.58458 ], [ -71.77823, -38.58414 ], [ -71.77894, -38.58333 ], [ -71.77908, -38.58295 ], [ -71.77908, -38.58233 ], [ -71.77927, -38.58157 ], [ -71.77943, -38.58131 ], [ -71.77966, -38.58037 ], [ -71.78009, -38.57957 ], [ -71.78015, -38.57826 ], [ -71.78054, -38.57718 ], [ -71.78059, -38.57637 ], [ -71.78074, -38.57598 ], [ -71.78064, -38.57539 ], [ -71.78106, -38.57487 ], [ -71.78159, -38.57469 ], [ -71.78181, -38.5745 ], [ -71.78107, -38.57393 ], [ -71.78079, -38.57356 ], [ -71.78022, -38.57318 ], [ -71.78016, -38.5728 ], [ -71.78026, -38.57251 ], [ -71.78066, -38.5721 ], [ -71.78192, -38.57165 ], [ -71.78275, -38.57085 ], [ -71.78304, -38.57022 ], [ -71.78362, -38.56987 ], [ -71.78384, -38.56959 ], [ -71.78483, -38.5689 ], [ -71.78498, -38.56863 ], [ -71.78563, -38.56834 ], [ -71.78587, -38.56794 ], [ -71.78683, -38.56687 ], [ -71.787, -38.56678 ], [ -71.78739, -38.56686 ], [ -71.78832, -38.56724 ] ] } },
{ "type": "Feature", "properties": { "osm_id": 520667068, "nombre": "Río Colorado", "tipo": "river", "volcan_codigo": "LON", "volcan_nombre": "Lonquimay", "drena_volcan": false }, "geometry": { "type": "LineString", "coordinates": [ [ -71.69443, -38.58408 ], [ -71.69482, -38.58385 ], [ -71.69543, -38.58312 ], [ -71.69594, -38.58283 ], [ -71.69623, -38.58251 ], [ -71.69663, -38.58242 ], [ -71.69715, -38.5826 ], [ -71.69743, -38.58261 ], [ -71.69846, -38.58215 ], [ -71.69873, -38.58193 ], [ -71.69872, -38.58152 ], [ -71.69881, -38.58133 ], [ -71.69948, -38.58085 ], [ -71.69971, -38.58054 ], [ -71.70016, -38.58022 ], [ -71.70048, -38.57963 ], [ -71.70112, -38.5794 ], [ -71.70164, -38.57903 ], [ -71.7022, -38.5785 ], [ -71.70322, -38.57732 ], [ -71.70426, -38.57652 ], [ -71.70451, -38.57616 ], [ -71.70541, -38.57573 ], [ -71.7087, -38.57514 ], [ -71.70914, -38.57516 ], [ -71.70968, -38.57531 ], [ -71.71006, -38.57559 ], [ -71.71019, -38.57556 ], [ -71.71033, -38.57541 ], [ -71.71096, -38.57534 ], [ -71.71113, -38.57509 ], [ -71.71147, -38.57491 ], [ -71.71217, -38.57486 ], [ -71.71248, -38.57503 ], [ -71.71354, -38.57528 ], [ -71.71397, -38.57535 ], [ -71.71451, -38.57521 ], [ -71.71469, -38.5753 ], [ -71.71482, -38.57586 ], [ -71.71497, -38.57603 ], [ -71.71574, -38.57625 ], [ -71.7163, -38.57693 ], [ -71.71654, -38.57705 ], [ -71.71762, -38.57706 ], [ -71.71799, -38.57674 ], [ -71.7185, -38.57673 ], [ -71.71916, -38.57681 ], [ -71.71946, -38.57702 ], [ -71.72024, -38.57719 ], [ -71.72049, -38.5772 ], [ -71.72131, -38.57699 ], [ -71.72144, -38.57702 ], [ -71.72166, -38.57734 ], [ -71.7224, -38.57718 ], [ -71.72279, -38.5774 ], [ -71.72389, -38.57751 ], [ -71.72447, -38.57743 ], [ -71.72465, -38.57747 ], [ -71.72477, -38.57777 ], [ -71.72492, -38.57786 ], [ -71.72676, -38.5779 ], [ -71.72695, -38.5779 ], [ -71.72726, -38.57767 ], [ -71.72821, -38.57783 ], [ -71.7294, -38.57771 ], [ -71.72976, -38.57725 ], [ -71.73058, -38.57692 ], [ -71.73098, -38.57648 ], [ -71.73111, -38.5761 ], [ -71.73147, -38.57588 ], [ -71.73164, -38.57567 ], [ -71.7324, -38.5754 ], [ -71.73307, -38.57537 ], [ -71.73368, -38.57581 ], [ -71.73407, -38.57633 ], [ -71.73423, -38.57638 ], [ -71.73475, -38.57612 ], [ -71.73527, -38.57634 ], [ -71.73565, -38.57586 ], [ -71.73652, -38.57618 ], [ -71.73748, -38.57622 ], [ -71.73798, -38.57643 ], [ -71.73818, -38.57639 ], [ -71.7383, -38.57625 ], [ -71.7383, -38.57611 ], [ -71.73814, -38.57564 ], [ -71.73756, -38.575 ], [ -71.73758, -38.5746 ], [ -71.73859, -38.57487 ], [ -71.73885, -38.57524 ], [ -71.73909, -38.57531 ], [ -71.73945, -38.57496 ], [ -71.73972, -38.57498 ], [ -71.73992, -38.57515 ], [ -71.73973, -38.57557 ], [ -71.74003, -38.57572 ], [ -71.74042, -38.57566 ], [ -71.74079, -38.57538 ], [ -71.74134, -38.5752 ], [ -71.74189, -38.5747 ], [ -71.74229, -38.5746 ], [ -71.7428, -38.5747 ], [ -71.7432, -38.57509 ], [ -71.74388, -38.57535 ], [ -71.74424, -38.57519 ], [ -71.74449, -38.57489 ], [ -71.74519, -38.57506 ], [ -71.74558, -38.57501 ], [ -71.74594, -38.57473 ], [ -71.74583, -38.57408 ], [ -71.74621, -38.57351 ], [ -71.74601, -38.57305 ], [ -71.74612, -38.57235 ], [ -71.74643, -38.57224 ], [ -71.74652, -38.57228 ], [ -71.74673, -38.5734 ], [ -71.74697, -38.57362 ], [ -71.7473, -38.57363 ], [ -71.74752, -38.57345 ], [ -71.74779, -38.57247 ], [ -71.7476, -38.57218 ], [ -71.7473, -38.57193 ], [ -71.74723, -38.57172 ], [ -71.74729, -38.57166 ], [ -71.7482, -38.57122 ], [ -71.74829, -38.57128 ], [ -71.74862, -38.57222 ], [ -71.74884, -38.57234 ], [ -71.74918, -38.57191 ], [ -71.74949, -38.5717 ], [ -71.75165, -38.57166 ], [ -71.7518, -38.57158 ], [ -71.75207, -38.57121 ], [ -71.75236, -38.57059 ], [ -71.75293, -38.57033 ], [ -71.75318, -38.57007 ], [ -71.75324, -38.56934 ], [ -71.7535, -38.56903 ], [ -71.75402, -38.56901 ], [ -71.75459, -38.56925 ], [ -71.75494, -38.56927 ], [ -71.75545, -38.56917 ], [ -71.75667, -38.56922 ], [ -71.75797, -38.56917 ], [ -71.7589, -38.56943 ], [ -71.76008, -38.56901 ], [ -71.76101, -38.56891 ], [ -71.76115, -38.56872 ], [ -71.76154, -38.56844 ], [ -71.76291, -38.56826 ], [ -71.7632, -38.56784 ], [ -71.7642, -38.56721 ], [ -71.76543, -38.56678 ], [ -71.76584, -38.56626 ], [ -71.76811, -38.56552 ], [ -71.76942, -38.56491 ], [ -71.77002, -38.56486 ], [ -71.77146, -38.56452 ], [ -71.77265, -38.56455 ], [ -71.77316, -38.56468 ], [ -71.77345, -38.56481 ], [ -71.77364, -38.565 ], [ -71.77349, -38.56585 ], [ -71.77391, -38.56581 ], [ -71.77417, -38.56556 ], [ -71.77503, -38.56573 ], [ -71.7753, -38.56582 ], [ -71.77548, -38.56604 ], [ -71.77553, -38.56647 ], [ -71.77588, -38.56661 ], [ -71.77686, -38.56672 ], [ -71.77718, -38.56667 ], [ -71.77826, -38.56629 ], [ -71.77945, -38.56629 ], [ -71.78018, -38.56616 ], [ -71.78075, -38.56619 ], [ -71.78152, -38.56638 ], [ -71.78217, -38.56678 ], [ -71.78265, -38.56695 ], [ -71.78344, -38.56694 ], [ -71.78389, -38.56678 ], [ -71.78463, -38.56673 ], [ -71.78522, -38.56703 ], [ -71.78547, -38.56702 ], [ -71.78572, -38.56635 ], [ -71.78634, -38.56614 ], [ -71.78769, -38.56587 ], [ -71.78826, -38.56619 ], [ -71.78846, -38.5665 ], [ -71.78829, -38.56709 ], [ -71.78834, -38.56754 ], [ -71.78873, -38.56829 ], [ -71.78861, -38.56895 ], [ -71.78868, -38.5693 ], [ -71.7891, -38.57046 ], [ -71.7895, -38.57104 ], [ -71.78953, -38.57127 ], [ -71.78942, -38.57184 ], [ -71.78917, -38.57232 ], [ -71.78942, -38.57327 ], [ -71.78965, -38.57361 ], [ -71.79058, -38.57455 ], [ -71.7909, -38.57454 ], [ -71.79208, -38.57413 ], [ -71.79304, -38.57327 ], [ -71.79321, -38.5732 ], [ -71.79384, -38.57324 ], [ -71.79561, -38.57372 ], [ -71.79717, -38.57392 ], [ -71.79782, -38.57382 ], [ -71.79849, -38.57354 ], [ -71.80017, -38.5731 ], [ -71.80084, -38.57307 ], [ -71.80224, -38.57345 ], [ -71.8035, -38.57316 ], [ -71.80389, -38.57251 ], [ -71.80399, -38.57203 ], [ -71.80415, -38.57171 ], [ -71.80505, -38.57067 ], [ -71.80746, -38.56977 ], [ -71.80821, -38.5694 ], [ -71.80918, -38.56908 ], [ -71.81078, -38.56911 ], [ -71.81137, -38.56882 ], [ -71.812, -38.56835 ], [ -71.81236, -38.56789 ], [ -71.81238, -38.56757 ], [ -71.81223, -38.56716 ], [ -71.8122, -38.56632 ], [ -71.81228, -38.5658 ], [ -71.81256, -38.56539 ], [ -71.81321, -38.56501 ], [ -71.81336, -38.56445 ], [ -71.8133, -38.56394 ], [ -71.81363, -38.56328 ], [ -71.81387, -38.56302 ], [ -71.81457, -38.5626 ], [ -71.81587, -38.56223 ], [ -71.81615, -38.56208 ], [ -71.81666, -38.56151 ], [ -71.81749, -38.56111 ], [ -71.81821, -38.56049 ], [ -71.81836, -38.55806 ], [ -71.8181, -38.55695 ], [ -71.81787, -38.55639 ], [ -71.81762, -38.55617 ], [ -71.81774, -38.55584 ], [ -71.81803, -38.55566 ], [ -71.81832, -38.55534 ], [ -71.81851, -38.55496 ], [ -71.81851, -38.55478 ], [ -71.81835, -38.55419 ], [ -71.81834, -38.55368 ], [ -71.81815, -38.55321 ], [ -71.81813, -38.55262 ], [ -71.81766, -38.55181 ], [ -71.81743, -38.55057 ], [ -71.81756, -38.55024 ], [ -71.81794, -38.54996 ], [ -71.81898, -38.54979 ], [ -71.81934, -38.54957 ], [ -71.81939, -38.54919 ], [ -71.81916, -38.54864 ], [ -71.81944, -38.54826 ], [ -71.81941, -38.548 ], [ -71.81883, -38.54764 ], [ -71.81852, -38.54712 ], [ -71.8184, -38.54657 ], [ -71.81814, -38.54586 ], [ -71.81812, -38.5456 ], [ -71.81822, -38.5452 ], [ -71.81882, -38.54414 ], [ -71.81921, -38.54384 ], [ -71.82044, -38.54345 ], [ -71.82089, -38.54312 ], [ -71.82102, -38.54279 ], [ -71.82073, -38.54247 ], [ -71.82073, -38.54237 ], [ -71.82158, -38.54234 ], [ -71.82272, -38.5418 ], [ -71.82604, -38.54184 ], [ -71.82729, -38.54194 ], [ -71.82771, -38.54187 ], [ -71.82815, -38.54153 ], [ -71.82885, -38.54119 ], [ -71.82917, -38.54095 ], [ -71.82962, -38.54046 ], [ -71.83022, -38.54005 ], [ -71.83104, -38.53918 ], [ -71.83102, -38.53873 ], [ -71.83116, -38.5381 ], [ -71.83125, -38.53801 ], [ -71.83199, -38.5376 ], [ -71.83287, -38.5368 ], [ -71.83397, -38.53597 ], [ -71.83503, -38.53558 ], [ -71.83548, -38.53481 ], [ -71.83657, -38.53367 ], [ -71.83707, -38.53234 ], [ -71.83814, -38.53126 ], [ -71.83886, -38.53041 ], [ -71.83949, -38.53013 ], [ -71.83964, -38.52971 ], [ -71.8398, -38.52793 ], [ -71.83994, -38.52758 ], [ -71.84031, -38.5271 ], [ -71.84061, -38.52678 ], [ -71.84102, -38.52661 ], [ -71.84333, -38.52597 ], [ -71.84367, -38.5257 ], [ -71.84251, -38.52479 ], [ -71.84234, -38.5245 ], [ -71.84238, -38.52413 ], [ -71.84303, -38.52309 ], [ -71.84325, -38.52233 ], [ -71.84355, -38.52193 ], [ -71.84428, -38.5215 ], [ -71.84457, -38.52117 ], [ -71.8444, -38.52099 ], [ -71.84421, -38.52093 ], [ -71.84398, -38.52057 ], [ -71.84394, -38.52005 ], [ -71.84405, -38.51987 ], [ -71.84472, -38.5194 ], [ -71.84491, -38.51883 ], [ -71.84545, -38.51779 ], [ -71.84603, -38.515 ], [ -71.84641, -38.51443 ], [ -71.84783, -38.51361 ], [ -71.84917, -38.51233 ], [ -71.84967, -38.51161 ], [ -71.85031, -38.51103 ], [ -71.85146, -38.51041 ], [ -71.85252, -38.51017 ], [ -71.85392, -38.50971 ], [ -71.85409, -38.50952 ], [ -71.85437, -38.50843 ], [ -71.85478, -38.50754 ], [ -71.85566, -38.50651 ], [ -71.8559, -38.50597 ], [ -71.85619, -38.50487 ], [ -71.85673, -38.50412 ], [ -71.8584, -38.50239 ], [ -71.85933, -38.50104 ], [ -71.85973, -38.50008 ], [ -71.85974, -38.49895 ], [ -71.86001, -38.49845 ], [ -71.86096, -38.49779 ], [ -71.86233, -38.49725 ], [ -71.86381, -38.49632 ], [ -71.86409, -38.49604 ], [ -71.8645, -38.49523 ], [ -71.86449, -38.49459 ], [ -71.86436, -38.4943 ], [ -71.86404, -38.49391 ], [ -71.86401, -38.4933 ] ] } },
{ "type": "Feature", "properties": { "osm_id": 520667078, "nombre": "Sin nombre", "tipo": "stream", "volcan_codigo": "LON", "volcan_nombre": "Lonquimay", "drena_volcan": false }, "geometry": { "type": "LineString", "coordinates": [ [ -71.65927, -38.59383 ], [ -71.65873, -38.59351 ], [ -71.65777, -38.59314 ], [ -71.65483, -38.59083 ], [ -71.65279, -38.58962 ], [ -71.65159, -38.58875 ], [ -71.6512, -38.58789 ], [ -71.65088, -38.58555 ], [ -71.65047, -38.58449 ], [ -71.64963, -38.5831 ], [ -71.64893, -38.58238 ], [ -71.64848, -38.58172 ], [ -71.64768, -38.58108 ], [ -71.6468, -38.58008 ], [ -71.64648, -38.57838 ], [ -71.6467, -38.57654 ], [ -71.64691, -38.57546 ] ] } },
{ "type": "Feature", "properties": { "osm_id": 520667080, "nombre": "Sin nombre", "tipo": "stream", "volcan_codigo": "LON", "volcan_nombre": "Lonquimay", "drena_volcan": false }, "geometry": { "type": "LineString", "coordinates": [ [ -71.60157, -38.57938 ], [ -71.60303, -38.57978 ], [ -71.60817, -38.58025 ], [ -71.60869, -38.58013 ], [ -71.60924, -38.57982 ], [ -71.61051, -38.57946 ], [ -71.61158, -38.57925 ], [ -71.61295, -38.57949 ], [ -71.61956, -38.57858 ], [ -71.62036, -38.57836 ], [ -71.62134, -38.57789 ], [ -71.62316, -38.57726 ], [ -71.62477, -38.57629 ], [ -71.62573, -38.57598 ] ] } },
{ "type": "Feature", "properties": { "osm_id": 534710812, "nombre": "Sin nombre", "tipo": "stream", "volcan_codigo": "LON", "volcan_nombre": "Lonquimay", "drena_volcan": false }, "geometry": { "type": "LineString", "coordinates": [ [ -71.78424, -38.02397 ], [ -71.7841, -38.02435 ], [ -71.78404, -38.02487 ], [ -71.78332, -38.02611 ], [ -71.78325, -38.02639 ], [ -71.78245, -38.02719 ], [ -71.78177, -38.02844 ], [ -71.78088, -38.02949 ], [ -71.78059, -38.03004 ], [ -71.78013, -38.03066 ], [ -71.77984, -38.03175 ], [ -71.77987, -38.03205 ] ] } },
{ "type": "Feature", "properties": { "osm_id": 534710813, "nombre": "Sin nombre", "tipo": "stream", "volcan_codigo": "LON", "volcan_nombre": "Lonquimay", "drena_volcan": false }, "geometry": { "type": "LineString", "coordinates": [ [ -71.78537, -38.02536 ], [ -71.78539, -38.02618 ], [ -71.78554, -38.02656 ], [ -71.78557, -38.02705 ], [ -71.78539, -38.02751 ], [ -71.78506, -38.02801 ], [ -71.7849, -38.02874 ], [ -71.7849, -38.02917 ] ] } },
{ "type": "Feature", "properties": { "osm_id": 534710814, "nombre": "Sin nombre", "tipo": "stream", "volcan_codigo": "LON", "volcan_nombre": "Lonquimay", "drena_volcan": false }, "geometry": { "type": "LineString", "coordinates": [ [ -71.7849, -38.02917 ], [ -71.7839, -38.03006 ], [ -71.78331, -38.0309 ], [ -71.78335, -38.03166 ], [ -71.78298, -38.0324 ], [ -71.78297, -38.03293 ] ] } },
{ "type": "Feature", "properties": { "osm_id": 534710815, "nombre": "Sin nombre", "tipo": "stream", "volcan_codigo": "LON", "volcan_nombre": "Lonquimay", "drena_volcan": false }, "geometry": { "type": "LineString", "coordinates": [ [ -71.81553, -38.02391 ], [ -71.81647, -38.02404 ], [ -71.81691, -38.02419 ], [ -71.81852, -38.02424 ] ] } },
{ "type": "Feature", "properties": { "osm_id": 534710816, "nombre": "Sin nombre", "tipo": "stream", "volcan_codigo": "LON", "volcan_nombre": "Lonquimay", "drena_volcan": false }, "geometry": { "type": "LineString", "coordinates": [ [ -71.83207, -38.02323 ], [ -71.83175, -38.02375 ], [ -71.83152, -38.02435 ], [ -71.8312, -38.02473 ] ] } },
{ "type": "Feature", "properties": { "osm_id": 534710817, "nombre": "Sin nombre", "tipo": "stream", "volcan_codigo": "LON", "volcan_nombre": "Lonquimay", "drena_volcan": false }, "geometry": { "type": "LineString", "coordinates": [ [ -71.83481, -38.0226 ], [ -71.8344, -38.02299 ], [ -71.83398, -38.02362 ], [ -71.83362, -38.02391 ], [ -71.83313, -38.02412 ], [ -71.8329, -38.0243 ], [ -71.83225, -38.02455 ], [ -71.8312, -38.02473 ] ] } },
{ "type": "Feature", "properties": { "osm_id": 534710818, "nombre": "Sin nombre", "tipo": "stream", "volcan_codigo": "LON", "volcan_nombre": "Lonquimay", "drena_volcan": false }, "geometry": { "type": "LineString", "coordinates": [ [ -71.83458, -38.02521 ], [ -71.8333, -38.02539 ], [ -71.83252, -38.02577 ], [ -71.83205, -38.02584 ], [ -71.83167, -38.02586 ], [ -71.83072, -38.02567 ], [ -71.82973, -38.02566 ] ] } },
{ "type": "Feature", "properties": { "osm_id": 534710819, "nombre": "Sin nombre", "tipo": "stream", "volcan_codigo": "LON", "volcan_nombre": "Lonquimay", "drena_volcan": false }, "geometry": { "type": "LineString", "coordinates": [ [ -71.811, -38.02555 ], [ -71.80911, -38.02605 ], [ -71.80777, -38.02682 ] ] } },
{ "type": "Feature", "properties": { "osm_id": 534710820, "nombre": "Sin nombre", "tipo": "stream", "volcan_codigo": "LON", "volcan_nombre": "Lonquimay", "drena_volcan": false }, "geometry": { "type": "LineString", "coordinates": [ [ -71.81147, -38.02388 ], [ -71.81058, -38.02438 ], [ -71.80918, -38.02494 ], [ -71.80843, -38.02547 ], [ -71.80773, -38.02633 ] ] } },
{ "type": "Feature", "properties": { "osm_id": 534710821, "nombre": "Sin nombre", "tipo": "stream", "volcan_codigo": "LON", "volcan_nombre": "Lonquimay", "drena_volcan": false }, "geometry": { "type": "LineString", "coordinates": [ [ -71.79612, -38.02065 ], [ -71.79713, -38.02127 ], [ -71.79811, -38.02162 ], [ -71.79855, -38.02168 ] ] } },
{ "type": "Feature", "properties": { "osm_id": 534710822, "nombre": "Sin nombre", "tipo": "stream", "volcan_codigo": "LON", "volcan_nombre": "Lonquimay", "drena_volcan": false }, "geometry": { "type": "LineString", "coordinates": [ [ -71.79888, -38.01848 ], [ -71.79957, -38.01918 ], [ -71.79976, -38.01967 ], [ -71.8009, -38.02113 ], [ -71.80151, -38.02145 ], [ -71.8036, -38.02209 ], [ -71.80437, -38.0224 ] ] } },
{ "type": "Feature", "properties": { "osm_id": 534710823, "nombre": "Sin nombre", "tipo": "stream", "volcan_codigo": "LON", "volcan_nombre": "Lonquimay", "drena_volcan": false }, "geometry": { "type": "LineString", "coordinates": [ [ -71.80038, -38.01828 ], [ -71.80132, -38.01934 ], [ -71.8019, -38.0202 ], [ -71.8034, -38.02111 ], [ -71.80467, -38.02271 ], [ -71.80559, -38.02326 ] ] } },
{ "type": "Feature", "properties": { "osm_id": 534710824, "nombre": "Sin nombre", "tipo": "stream", "volcan_codigo": "LON", "volcan_nombre": "Lonquimay", "drena_volcan": false }, "geometry": { "type": "LineString", "coordinates": [ [ -71.8012, -38.01682 ], [ -71.80156, -38.01722 ], [ -71.80216, -38.01829 ], [ -71.803, -38.0191 ], [ -71.80409, -38.01977 ] ] } },
{ "type": "Feature", "properties": { "osm_id": 534710825, "nombre": "Sin nombre", "tipo": "stream", "volcan_codigo": "LON", "volcan_nombre": "Lonquimay", "drena_volcan": false }, "geometry": { "type": "LineString", "coordinates": [ [ -71.80289, -38.01632 ], [ -71.80312, -38.01715 ], [ -71.80382, -38.01862 ], [ -71.80409, -38.01977 ] ] } },
{ "type": "Feature", "properties": { "osm_id": 534710826, "nombre": "Sin nombre", "tipo": "stream", "volcan_codigo": "LON", "volcan_nombre": "Lonquimay", "drena_volcan": false }, "geometry": { "type": "LineString", "coordinates": [ [ -71.80409, -38.01977 ], [ -71.80467, -38.0209 ], [ -71.80475, -38.0216 ], [ -71.80517, -38.02238 ], [ -71.8054, -38.02302 ], [ -71.80559, -38.02326 ], [ -71.8069, -38.02421 ], [ -71.80747, -38.02498 ] ] } },
{ "type": "Feature", "properties": { "osm_id": 534710827, "nombre": "Sin nombre", "tipo": "stream", "volcan_codigo": "LON", "volcan_nombre": "Lonquimay", "drena_volcan": false }, "geometry": { "type": "LineString", "coordinates": [ [ -71.79717, -38.02659 ], [ -71.79704, -38.02688 ], [ -71.79671, -38.0273 ], [ -71.79553, -38.02844 ], [ -71.7951, -38.02871 ] ] } },
{ "type": "Feature", "properties": { "osm_id": 534710828, "nombre": "Sin nombre", "tipo": "stream", "volcan_codigo": "LON", "volcan_nombre": "Lonquimay", "drena_volcan": false }, "geometry": { "type": "LineString", "coordinates": [ [ -71.79614, -38.02315 ], [ -71.7961, -38.02372 ], [ -71.7954, -38.02521 ] ] } },
{ "type": "Feature", "properties": { "osm_id": 534710829, "nombre": "Sin nombre", "tipo": "stream", "volcan_codigo": "LON", "volcan_nombre": "Lonquimay", "drena_volcan": false }, "geometry": { "type": "LineString", "coordinates": [ [ -71.79467, -38.02283 ], [ -71.79481, -38.02361 ], [ -71.79511, -38.02406 ], [ -71.79525, -38.02488 ], [ -71.7954, -38.02521 ] ] } },
{ "type": "Feature", "properties": { "osm_id": 534710830, "nombre": "Sin nombre", "tipo": "stream", "volcan_codigo": "LON", "volcan_nombre": "Lonquimay", "drena_volcan": false }, "geometry": { "type": "LineString", "coordinates": [ [ -71.7954, -38.02521 ], [ -71.79538, -38.02551 ], [ -71.79509, -38.02605 ], [ -71.79492, -38.02655 ], [ -71.79495, -38.02674 ], [ -71.79529, -38.02731 ], [ -71.7953, -38.02766 ], [ -71.79521, -38.02783 ], [ -71.79514, -38.0285 ], [ -71.79469, -38.02977 ], [ -71.79438, -38.03041 ], [ -71.79426, -38.03091 ], [ -71.79435, -38.03183 ], [ -71.79426, -38.03302 ], [ -71.79439, -38.03368 ], [ -71.79441, -38.03526 ], [ -71.7946, -38.03591 ], [ -71.79466, -38.03663 ], [ -71.79502, -38.03719 ] ] } },
{ "type": "Feature", "properties": { "osm_id": 534710831, "nombre": "Sin nombre", "tipo": "stream", "volcan_codigo": "LON", "volcan_nombre": "Lonquimay", "drena_volcan": false }, "geometry": { "type": "LineString", "coordinates": [ [ -71.80101, -38.0273 ], [ -71.80107, -38.02838 ], [ -71.80077, -38.02909 ], [ -71.80063, -38.0297 ], [ -71.80044, -38.03007 ], [ -71.80017, -38.03141 ], [ -71.80015, -38.03191 ], [ -71.80029, -38.03238 ], [ -71.80029, -38.03287 ], [ -71.80047, -38.03324 ], [ -71.80077, -38.03359 ], [ -71.80098, -38.03416 ], [ -71.80106, -38.03477 ], [ -71.80136, -38.0357 ], [ -71.8016, -38.03732 ] ] } },
{ "type": "Feature", "properties": { "osm_id": 534710832, "nombre": "Sin nombre", "tipo": "stream", "volcan_codigo": "LON", "volcan_nombre": "Lonquimay", "drena_volcan": false }, "geometry": { "type": "LineString", "coordinates": [ [ -71.79308, -38.02123 ], [ -71.79276, -38.02178 ], [ -71.79262, -38.02224 ], [ -71.79187, -38.02338 ], [ -71.79121, -38.02386 ], [ -71.78956, -38.02473 ] ] } },
{ "type": "Feature", "properties": { "osm_id": 534710833, "nombre": "Sin nombre", "tipo": "stream", "volcan_codigo": "LON", "volcan_nombre": "Lonquimay", "drena_volcan": false }, "geometry": { "type": "LineString", "coordinates": [ [ -71.78851, -38.02183 ], [ -71.78854, -38.02203 ], [ -71.78897, -38.02277 ], [ -71.78902, -38.02362 ], [ -71.78956, -38.02473 ] ] } },
{ "type": "Feature", "properties": { "osm_id": 534710834, "nombre": "Sin nombre", "tipo": "stream", "volcan_codigo": "LON", "volcan_nombre": "Lonquimay", "drena_volcan": false }, "geometry": { "type": "LineString", "coordinates": [ [ -71.78956, -38.02473 ], [ -71.78966, -38.02562 ], [ -71.78947, -38.02621 ], [ -71.78944, -38.02695 ], [ -71.7893, -38.0273 ], [ -71.7893, -38.02771 ], [ -71.7896, -38.0286 ], [ -71.7897, -38.02926 ], [ -71.78976, -38.03033 ], [ -71.78961, -38.03139 ], [ -71.78931, -38.03199 ], [ -71.78887, -38.03259 ], [ -71.78877, -38.03308 ], [ -71.78854, -38.03355 ], [ -71.78841, -38.03369 ], [ -71.78772, -38.03406 ], [ -71.78728, -38.03455 ], [ -71.78688, -38.03474 ] ] } },
{ "type": "Feature", "properties": { "osm_id": 534710837, "nombre": "Sin nombre", "tipo": "stream", "volcan_codigo": "LON", "volcan_nombre": "Lonquimay", "drena_volcan": false }, "geometry": { "type": "LineString", "coordinates": [ [ -71.80276, -38.02808 ], [ -71.80338, -38.02888 ], [ -71.80344, -38.02965 ], [ -71.80397, -38.03104 ], [ -71.80461, -38.03215 ], [ -71.80485, -38.03281 ], [ -71.80535, -38.03352 ] ] } },
{ "type": "Feature", "properties": { "osm_id": 534710839, "nombre": "Sin nombre", "tipo": "stream", "volcan_codigo": "LON", "volcan_nombre": "Lonquimay", "drena_volcan": false }, "geometry": { "type": "LineString", "coordinates": [ [ -71.79715, -38.01999 ], [ -71.79793, -38.02075 ], [ -71.79829, -38.02143 ], [ -71.79855, -38.02168 ], [ -71.80046, -38.02252 ], [ -71.80098, -38.02295 ], [ -71.80164, -38.02332 ], [ -71.80194, -38.02363 ], [ -71.80236, -38.02449 ], [ -71.8026, -38.02479 ], [ -71.80398, -38.02533 ], [ -71.80448, -38.02585 ], [ -71.8051, -38.02609 ], [ -71.80559, -38.02643 ], [ -71.80583, -38.02669 ], [ -71.80603, -38.02737 ], [ -71.80681, -38.02844 ], [ -71.80699, -38.02899 ] ] } },
{ "type": "Feature", "properties": { "osm_id": 534710840, "nombre": "Sin nombre", "tipo": "stream", "volcan_codigo": "LON", "volcan_nombre": "Lonquimay", "drena_volcan": false }, "geometry": { "type": "LineString", "coordinates": [ [ -71.81129, -38.01969 ], [ -71.81123, -38.01982 ], [ -71.81048, -38.02046 ], [ -71.8096, -38.02198 ], [ -71.80816, -38.0231 ], [ -71.80807, -38.02327 ], [ -71.80768, -38.02358 ] ] } },
{ "type": "Feature", "properties": { "osm_id": 534710841, "nombre": "Sin nombre", "tipo": "stream", "volcan_codigo": "LON", "volcan_nombre": "Lonquimay", "drena_volcan": false }, "geometry": { "type": "LineString", "coordinates": [ [ -71.80917, -38.01676 ], [ -71.80914, -38.01737 ], [ -71.80882, -38.01804 ], [ -71.80871, -38.01863 ], [ -71.8084, -38.01938 ], [ -71.80839, -38.02117 ], [ -71.80833, -38.02149 ], [ -71.80764, -38.02271 ], [ -71.80765, -38.02428 ], [ -71.80747, -38.02517 ], [ -71.80777, -38.02642 ], [ -71.80777, -38.02748 ], [ -71.80768, -38.0279 ], [ -71.80732, -38.02863 ], [ -71.80708, -38.02893 ], [ -71.80667, -38.02924 ], [ -71.80639, -38.0297 ], [ -71.80639, -38.03024 ], [ -71.8062, -38.03127 ], [ -71.8062, -38.03252 ], [ -71.80583, -38.03309 ], [ -71.80546, -38.03335 ], [ -71.80517, -38.03384 ], [ -71.80493, -38.03402 ], [ -71.80483, -38.03421 ], [ -71.80481, -38.03459 ], [ -71.8041, -38.03562 ], [ -71.80339, -38.03618 ], [ -71.80186, -38.03694 ], [ -71.80151, -38.03758 ], [ -71.80141, -38.03865 ] ] } },
{ "type": "Feature", "properties": { "osm_id": 534710842, "nombre": "Sin nombre", "tipo": "stream", "volcan_codigo": "LON", "volcan_nombre": "Lonquimay", "drena_volcan": false }, "geometry": { "type": "LineString", "coordinates": [ [ -71.81294, -38.02597 ], [ -71.81291, -38.02757 ], [ -71.8125, -38.02855 ], [ -71.81244, -38.02949 ], [ -71.81231, -38.02989 ], [ -71.81094, -38.03261 ], [ -71.81005, -38.03369 ], [ -71.80987, -38.03403 ], [ -71.80988, -38.03517 ], [ -71.81018, -38.03575 ], [ -71.81032, -38.03585 ] ] } },
{ "type": "Feature", "properties": { "osm_id": 534710843, "nombre": "Sin nombre", "tipo": "stream", "volcan_codigo": "LON", "volcan_nombre": "Lonquimay", "drena_volcan": false }, "geometry": { "type": "LineString", "coordinates": [ [ -71.81233, -38.03186 ], [ -71.81205, -38.03235 ], [ -71.81198, -38.03331 ], [ -71.81182, -38.03384 ], [ -71.81138, -38.03424 ], [ -71.81094, -38.03488 ], [ -71.81056, -38.03522 ], [ -71.81034, -38.03564 ], [ -71.81032, -38.03585 ] ] } },
{ "type": "Feature", "properties": { "osm_id": 534710844, "nombre": "Sin nombre", "tipo": "stream", "volcan_codigo": "LON", "volcan_nombre": "Lonquimay", "drena_volcan": false }, "geometry": { "type": "LineString", "coordinates": [ [ -71.81032, -38.03585 ], [ -71.81044, -38.03659 ], [ -71.81037, -38.03725 ], [ -71.80988, -38.03776 ], [ -71.80975, -38.03803 ], [ -71.80977, -38.03856 ], [ -71.81001, -38.03899 ], [ -71.80981, -38.03961 ], [ -71.80982, -38.03989 ], [ -71.81029, -38.04033 ], [ -71.81125, -38.04046 ], [ -71.81183, -38.04071 ], [ -71.81258, -38.04135 ] ] } },
{ "type": "Feature", "properties": { "osm_id": 534710845, "nombre": "Sin nombre", "tipo": "stream", "volcan_codigo": "LON", "volcan_nombre": "Lonquimay", "drena_volcan": false }, "geometry": { "type": "LineString", "coordinates": [ [ -71.81305, -38.01673 ], [ -71.81339, -38.01694 ], [ -71.81365, -38.01727 ], [ -71.81475, -38.01774 ], [ -71.81592, -38.01857 ], [ -71.81813, -38.01938 ] ] } },
{ "type": "Feature", "properties": { "osm_id": 534710846, "nombre": "Sin nombre", "tipo": "stream", "volcan_codigo": "LON", "volcan_nombre": "Lonquimay", "drena_volcan": false }, "geometry": { "type": "LineString", "coordinates": [ [ -71.81494, -38.01598 ], [ -71.8155, -38.01642 ], [ -71.81595, -38.01654 ], [ -71.81656, -38.01683 ], [ -71.8175, -38.0177 ], [ -71.81767, -38.01805 ], [ -71.81775, -38.01866 ], [ -71.818, -38.01919 ], [ -71.81932, -38.021 ] ] } },
{ "type": "Feature", "properties": { "osm_id": 534710847, "nombre": "Sin nombre", "tipo": "stream", "volcan_codigo": "LON", "volcan_nombre": "Lonquimay", "drena_volcan": false }, "geometry": { "type": "LineString", "coordinates": [ [ -71.82936, -38.01656 ], [ -71.82816, -38.01687 ], [ -71.82679, -38.01765 ], [ -71.82594, -38.01799 ] ] } },
{ "type": "Feature", "properties": { "osm_id": 534710848, "nombre": "Sin nombre", "tipo": "stream", "volcan_codigo": "LON", "volcan_nombre": "Lonquimay", "drena_volcan": false }, "geometry": { "type": "LineString", "coordinates": [ [ -71.82844, -38.0184 ], [ -71.82694, -38.01836 ], [ -71.82594, -38.01799 ] ] } },
{ "type": "Feature", "properties": { "osm_id": 534710849, "nombre": "Sin nombre", "tipo": "stream", "volcan_codigo": "LON", "volcan_nombre": "Lonquimay", "drena_volcan": false }, "geometry": { "type": "LineString", "coordinates": [ [ -71.82594, -38.01799 ], [ -71.82463, -38.0177 ], [ -71.82371, -38.01767 ], [ -71.82226, -38.01791 ], [ -71.82176, -38.01821 ] ] } },
{ "type": "Feature", "properties": { "osm_id": 534710850, "nombre": "Sin nombre", "tipo": "stream", "volcan_codigo": "LON", "volcan_nombre": "Lonquimay", "drena_volcan": false }, "geometry": { "type": "LineString", "coordinates": [ [ -71.82407, -38.02451 ], [ -71.82295, -38.02511 ], [ -71.82266, -38.0255 ], [ -71.82233, -38.02575 ], [ -71.82191, -38.0264 ], [ -71.8216, -38.02656 ], [ -71.82086, -38.02671 ], [ -71.82044, -38.02698 ], [ -71.82003, -38.02765 ] ] } },
{ "type": "Feature", "properties": { "osm_id": 534710851, "nombre": "Sin nombre", "tipo": "stream", "volcan_codigo": "LON", "volcan_nombre": "Lonquimay", "drena_volcan": false }, "geometry": { "type": "LineString", "coordinates": [ [ -71.81551, -38.03091 ], [ -71.81547, -38.03133 ], [ -71.81537, -38.03149 ], [ -71.81497, -38.03203 ], [ -71.8146, -38.03225 ] ] } },
{ "type": "Feature", "properties": { "osm_id": 534710852, "nombre": "Sin nombre", "tipo": "stream", "volcan_codigo": "LON", "volcan_nombre": "Lonquimay", "drena_volcan": false }, "geometry": { "type": "LineString", "coordinates": [ [ -71.81486, -38.02918 ], [ -71.81468, -38.02964 ], [ -71.81428, -38.0302 ], [ -71.81405, -38.03073 ], [ -71.81408, -38.03112 ], [ -71.81431, -38.03183 ], [ -71.8146, -38.03225 ] ] } },
{ "type": "Feature", "properties": { "osm_id": 534710853, "nombre": "Sin nombre", "tipo": "stream", "volcan_codigo": "LON", "volcan_nombre": "Lonquimay", "drena_volcan": false }, "geometry": { "type": "LineString", "coordinates": [ [ -71.8146, -38.03225 ], [ -71.81459, -38.03274 ], [ -71.81485, -38.03331 ], [ -71.815, -38.03346 ], [ -71.81586, -38.03409 ], [ -71.81683, -38.03444 ], [ -71.81737, -38.03472 ], [ -71.81824, -38.03499 ] ] } },
{ "type": "Feature", "properties": { "osm_id": 534710854, "nombre": "Sin nombre", "tipo": "stream", "volcan_codigo": "LON", "volcan_nombre": "Lonquimay", "drena_volcan": false }, "geometry": { "type": "LineString", "coordinates": [ [ -71.83013, -38.01312 ], [ -71.82991, -38.01315 ], [ -71.82902, -38.0137 ], [ -71.82821, -38.01392 ], [ -71.82784, -38.01412 ], [ -71.82719, -38.01474 ], [ -71.82694, -38.01517 ], [ -71.82652, -38.01548 ], [ -71.8256, -38.01584 ], [ -71.82485, -38.01599 ], [ -71.82409, -38.01626 ], [ -71.82342, -38.01667 ], [ -71.82238, -38.01707 ], [ -71.82184, -38.01736 ] ] } },
{ "type": "Feature", "properties": { "osm_id": 534710855, "nombre": "Sin nombre", "tipo": "stream", "volcan_codigo": "LON", "volcan_nombre": "Lonquimay", "drena_volcan": false }, "geometry": { "type": "LineString", "coordinates": [ [ -71.82775, -38.01207 ], [ -71.82736, -38.01249 ], [ -71.82706, -38.01312 ], [ -71.82672, -38.01359 ], [ -71.82552, -38.01484 ], [ -71.82449, -38.01539 ], [ -71.82364, -38.01561 ], [ -71.82283, -38.01565 ], [ -71.8223, -38.01577 ] ] } },
{ "type": "Feature", "properties": { "osm_id": 534710856, "nombre": "Sin nombre", "tipo": "stream", "volcan_codigo": "LON", "volcan_nombre": "Lonquimay", "drena_volcan": false }, "geometry": { "type": "LineString", "coordinates": [ [ -71.8222, -38.00848 ], [ -71.82219, -38.00878 ], [ -71.82152, -38.00976 ], [ -71.82146, -38.0102 ], [ -71.82119, -38.01067 ] ] } },
{ "type": "Feature", "properties": { "osm_id": 534710857, "nombre": "Sin nombre", "tipo": "stream", "volcan_codigo": "LON", "volcan_nombre": "Lonquimay", "drena_volcan": false }, "geometry": { "type": "LineString", "coordinates": [ [ -71.81582, -38.00958 ], [ -71.81699, -38.00985 ], [ -71.81818, -38.00992 ] ] } },
{ "type": "Feature", "properties": { "osm_id": 534710858, "nombre": "Sin nombre", "tipo": "stream", "volcan_codigo": "LON", "volcan_nombre": "Lonquimay", "drena_volcan": false }, "geometry": { "type": "LineString", "coordinates": [ [ -71.81737, -38.00801 ], [ -71.81759, -38.00834 ], [ -71.81762, -38.00864 ], [ -71.81792, -38.0096 ], [ -71.81818, -38.00992 ] ] } },
{ "type": "Feature", "properties": { "osm_id": 534710859, "nombre": "Sin nombre", "tipo": "stream", "volcan_codigo": "LON", "volcan_nombre": "Lonquimay", "drena_volcan": false }, "geometry": { "type": "LineString", "coordinates": [ [ -71.81489, -38.01178 ], [ -71.81534, -38.0119 ], [ -71.81616, -38.01193 ], [ -71.81707, -38.01177 ], [ -71.81801, -38.01176 ], [ -71.81997, -38.01223 ] ] } },
{ "type": "Feature", "properties": { "osm_id": 534710860, "nombre": "Sin nombre", "tipo": "stream", "volcan_codigo": "LON", "volcan_nombre": "Lonquimay", "drena_volcan": false }, "geometry": { "type": "LineString", "coordinates": [ [ -71.81818, -38.00992 ], [ -71.81941, -38.01115 ], [ -71.81997, -38.01223 ], [ -71.8203, -38.01265 ], [ -71.82064, -38.01293 ] ] } },
{ "type": "Feature", "properties": { "osm_id": 534710861, "nombre": "Sin nombre", "tipo": "stream", "volcan_codigo": "LON", "volcan_nombre": "Lonquimay", "drena_volcan": false }, "geometry": { "type": "LineString", "coordinates": [ [ -71.83299, -38.0208 ], [ -71.83226, -38.02069 ], [ -71.83182, -38.02073 ], [ -71.83065, -38.02112 ], [ -71.83016, -38.0214 ], [ -71.82936, -38.02163 ], [ -71.82815, -38.02215 ], [ -71.82663, -38.02244 ], [ -71.82549, -38.0224 ], [ -71.82505, -38.02224 ], [ -71.82448, -38.02182 ], [ -71.82388, -38.02153 ], [ -71.82296, -38.02123 ], [ -71.82249, -38.02116 ], [ -71.82208, -38.02117 ], [ -71.82127, -38.0217 ], [ -71.8197, -38.02173 ], [ -71.81901, -38.02199 ], [ -71.81879, -38.02217 ] ] } },
{ "type": "Feature", "properties": { "osm_id": 534710862, "nombre": "Sin nombre", "tipo": "stream", "volcan_codigo": "LON", "volcan_nombre": "Lonquimay", "drena_volcan": false }, "geometry": { "type": "LineString", "coordinates": [ [ -71.82713, -38.03213 ], [ -71.82622, -38.03237 ], [ -71.82549, -38.03273 ], [ -71.82326, -38.03254 ], [ -71.82271, -38.03283 ], [ -71.82224, -38.03343 ], [ -71.82145, -38.03358 ], [ -71.8204, -38.03362 ], [ -71.81824, -38.03462 ] ] } },
{ "type": "Feature", "properties": { "osm_id": 534710863, "nombre": "Sin nombre", "tipo": "stream", "volcan_codigo": "LON", "volcan_nombre": "Lonquimay", "drena_volcan": false }, "geometry": { "type": "LineString", "coordinates": [ [ -71.8246, -38.01011 ], [ -71.82433, -38.01072 ], [ -71.82428, -38.01119 ], [ -71.82368, -38.01217 ], [ -71.82229, -38.01305 ], [ -71.82219, -38.01321 ], [ -71.82214, -38.01398 ], [ -71.82205, -38.01436 ], [ -71.82188, -38.01465 ] ] } },
{ "type": "Feature", "properties": { "osm_id": 534710864, "nombre": "Sin nombre", "tipo": "stream", "volcan_codigo": "LON", "volcan_nombre": "Lonquimay", "drena_volcan": false }, "geometry": { "type": "LineString", "coordinates": [ [ -71.81426, -38.01326 ], [ -71.81503, -38.01338 ], [ -71.81572, -38.01361 ], [ -71.81677, -38.01414 ], [ -71.81831, -38.01469 ], [ -71.81984, -38.01498 ], [ -71.82101, -38.01541 ], [ -71.8223, -38.01577 ] ] } },
{ "type": "Feature", "properties": { "osm_id": 534710865, "nombre": "Sin nombre", "tipo": "stream", "volcan_codigo": "LON", "volcan_nombre": "Lonquimay", "drena_volcan": false }, "geometry": { "type": "LineString", "coordinates": [ [ -71.8312, -38.02473 ], [ -71.83073, -38.02495 ], [ -71.82981, -38.02558 ], [ -71.82912, -38.02635 ], [ -71.82835, -38.0267 ], [ -71.82712, -38.02679 ], [ -71.82544, -38.02711 ], [ -71.82471, -38.02782 ], [ -71.82459, -38.02805 ], [ -71.8245, -38.0289 ], [ -71.82428, -38.0291 ], [ -71.82337, -38.02938 ], [ -71.82139, -38.02937 ], [ -71.8198, -38.02985 ] ] } },
{ "type": "Feature", "properties": { "osm_id": 534710866, "nombre": "Estero Mellizos", "tipo": "stream", "volcan_codigo": "LON", "volcan_nombre": "Lonquimay", "drena_volcan": false }, "geometry": { "type": "LineString", "coordinates": [ [ -71.82064, -38.01293 ], [ -71.82106, -38.01364 ], [ -71.82148, -38.01405 ], [ -71.82188, -38.01465 ], [ -71.82228, -38.01553 ], [ -71.82228, -38.01604 ], [ -71.82188, -38.01707 ], [ -71.82176, -38.01821 ], [ -71.82122, -38.0189 ], [ -71.81973, -38.0202 ], [ -71.81909, -38.02141 ], [ -71.81846, -38.02316 ], [ -71.81852, -38.02424 ], [ -71.81868, -38.02504 ], [ -71.81868, -38.02606 ], [ -71.8188, -38.02657 ], [ -71.81913, -38.027 ], [ -71.82003, -38.02765 ], [ -71.82021, -38.02825 ], [ -71.82019, -38.02881 ], [ -71.81972, -38.03015 ], [ -71.81894, -38.03198 ], [ -71.81876, -38.03294 ], [ -71.81823, -38.03393 ], [ -71.81818, -38.03515 ], [ -71.81735, -38.03592 ], [ -71.81732, -38.03677 ], [ -71.81678, -38.03712 ], [ -71.81621, -38.03782 ], [ -71.81574, -38.03807 ], [ -71.81552, -38.03831 ], [ -71.81553, -38.03871 ], [ -71.81545, -38.03886 ], [ -71.81439, -38.04012 ], [ -71.81409, -38.04099 ], [ -71.81405, -38.04149 ] ] } },
{ "type": "Feature", "properties": { "osm_id": 535371001, "nombre": "Río Renaico", "tipo": "river", "volcan_codigo": "LON", "volcan_nombre": "Lonquimay", "drena_volcan": false }, "geometry": { "type": "LineString", "coordinates": [ [ -71.80651, -38.0414 ], [ -71.80702, -38.04172 ], [ -71.80755, -38.04248 ], [ -71.80799, -38.0428 ], [ -71.80824, -38.04286 ], [ -71.80848, -38.04282 ], [ -71.80861, -38.04269 ], [ -71.8087, -38.04237 ] ] } },
{ "type": "Feature", "properties": { "osm_id": 535371004, "nombre": "Río Renaico", "tipo": "river", "volcan_codigo": "LON", "volcan_nombre": "Lonquimay", "drena_volcan": false }, "geometry": { "type": "LineString", "coordinates": [ [ -71.82545, -38.04733 ], [ -71.82589, -38.04815 ], [ -71.8263, -38.04871 ], [ -71.82632, -38.04939 ], [ -71.82642, -38.04968 ], [ -71.82676, -38.05009 ], [ -71.82973, -38.0518 ], [ -71.83157, -38.05227 ], [ -71.83251, -38.05229 ], [ -71.83346, -38.05213 ], [ -71.83483, -38.05208 ], [ -71.83573, -38.05242 ] ] } },
{ "type": "Feature", "properties": { "osm_id": 535371008, "nombre": "Sin nombre", "tipo": "stream", "volcan_codigo": "LON", "volcan_nombre": "Lonquimay", "drena_volcan": false }, "geometry": { "type": "LineString", "coordinates": [ [ -71.83583, -38.03949 ], [ -71.83502, -38.03971 ], [ -71.83461, -38.04004 ], [ -71.83395, -38.04029 ], [ -71.83355, -38.04059 ] ] } },
{ "type": "Feature", "properties": { "osm_id": 535371011, "nombre": "Sin nombre", "tipo": "stream", "volcan_codigo": "LON", "volcan_nombre": "Lonquimay", "drena_volcan": false }, "geometry": { "type": "LineString", "coordinates": [ [ -71.85593, -38.02453 ], [ -71.85542, -38.02475 ], [ -71.85415, -38.02501 ], [ -71.85392, -38.02522 ] ] } },
{ "type": "Feature", "properties": { "osm_id": 535371014, "nombre": "Sin nombre", "tipo": "stream", "volcan_codigo": "LON", "volcan_nombre": "Lonquimay", "drena_volcan": false }, "geometry": { "type": "LineString", "coordinates": [ [ -71.85406, -38.0239 ], [ -71.85412, -38.02427 ], [ -71.8539, -38.02484 ], [ -71.85392, -38.02522 ] ] } },
{ "type": "Feature", "properties": { "osm_id": 535371017, "nombre": "Sin nombre", "tipo": "stream", "volcan_codigo": "LON", "volcan_nombre": "Lonquimay", "drena_volcan": false }, "geometry": { "type": "LineString", "coordinates": [ [ -71.85294, -38.02401 ], [ -71.85262, -38.02508 ], [ -71.85243, -38.02544 ], [ -71.85199, -38.02597 ], [ -71.85185, -38.02658 ], [ -71.85162, -38.02706 ], [ -71.8516, -38.02786 ] ] } },
{ "type": "Feature", "properties": { "osm_id": 535371020, "nombre": "Sin nombre", "tipo": "stream", "volcan_codigo": "LON", "volcan_nombre": "Lonquimay", "drena_volcan": false }, "geometry": { "type": "LineString", "coordinates": [ [ -71.85023, -38.0255 ], [ -71.85045, -38.02605 ], [ -71.85108, -38.02655 ], [ -71.85128, -38.02684 ], [ -71.85144, -38.02755 ], [ -71.85176, -38.02825 ], [ -71.8517, -38.02902 ], [ -71.85185, -38.02961 ] ] } },
{ "type": "Feature", "properties": { "osm_id": 535371024, "nombre": "Sin nombre", "tipo": "stream", "volcan_codigo": "LON", "volcan_nombre": "Lonquimay", "drena_volcan": false }, "geometry": { "type": "LineString", "coordinates": [ [ -71.8485, -38.02695 ], [ -71.84884, -38.02731 ], [ -71.84919, -38.02748 ], [ -71.84968, -38.02787 ], [ -71.84984, -38.02861 ], [ -71.85008, -38.02898 ], [ -71.85033, -38.02961 ], [ -71.85058, -38.02992 ], [ -71.85096, -38.03094 ] ] } },
{ "type": "Feature", "properties": { "osm_id": 535371025, "nombre": "Sin nombre", "tipo": "stream", "volcan_codigo": "LON", "volcan_nombre": "Lonquimay", "drena_volcan": false }, "geometry": { "type": "LineString", "coordinates": [ [ -71.85611, -38.02921 ], [ -71.85538, -38.02944 ], [ -71.85451, -38.02942 ], [ -71.85411, -38.02952 ], [ -71.85383, -38.02971 ], [ -71.85341, -38.03037 ], [ -71.85277, -38.03095 ], [ -71.85167, -38.03146 ], [ -71.85105, -38.03162 ] ] } },
{ "type": "Feature", "properties": { "osm_id": 535371026, "nombre": "Sin nombre", "tipo": "stream", "volcan_codigo": "LON", "volcan_nombre": "Lonquimay", "drena_volcan": false }, "geometry": { "type": "LineString", "coordinates": [ [ -71.85708, -38.02718 ], [ -71.85487, -38.02796 ], [ -71.85406, -38.02813 ], [ -71.85348, -38.02842 ], [ -71.8533, -38.0286 ], [ -71.85306, -38.02917 ], [ -71.85266, -38.02954 ], [ -71.85192, -38.03052 ], [ -71.85159, -38.03109 ], [ -71.85058, -38.03217 ], [ -71.85018, -38.03239 ] ] } },
{ "type": "Feature", "properties": { "osm_id": 535371027, "nombre": "Sin nombre", "tipo": "stream", "volcan_codigo": "LON", "volcan_nombre": "Lonquimay", "drena_volcan": false }, "geometry": { "type": "LineString", "coordinates": [ [ -71.82249, -38.03523 ], [ -71.8223, -38.0356 ], [ -71.82169, -38.03632 ], [ -71.82147, -38.0369 ], [ -71.82144, -38.03729 ], [ -71.82177, -38.03794 ] ] } },
{ "type": "Feature", "properties": { "osm_id": 535371030, "nombre": "Sin nombre", "tipo": "stream", "volcan_codigo": "LON", "volcan_nombre": "Lonquimay", "drena_volcan": false }, "geometry": { "type": "LineString", "coordinates": [ [ -71.82434, -38.0354 ], [ -71.82382, -38.03596 ], [ -71.82282, -38.03668 ], [ -71.82177, -38.03794 ] ] } },
{ "type": "Feature", "properties": { "osm_id": 535371033, "nombre": "Sin nombre", "tipo": "stream", "volcan_codigo": "LON", "volcan_nombre": "Lonquimay", "drena_volcan": false }, "geometry": { "type": "LineString", "coordinates": [ [ -71.82177, -38.03794 ], [ -71.82179, -38.03815 ], [ -71.82159, -38.03894 ], [ -71.8221, -38.03957 ], [ -71.82224, -38.04 ], [ -71.82212, -38.04142 ], [ -71.82193, -38.04174 ], [ -71.82155, -38.04206 ], [ -71.82071, -38.04235 ], [ -71.82037, -38.04254 ], [ -71.82019, -38.04284 ], [ -71.82026, -38.04367 ] ] } },
{ "type": "Feature", "properties": { "osm_id": 535371037, "nombre": "Sin nombre", "tipo": "stream", "volcan_codigo": "LON", "volcan_nombre": "Lonquimay", "drena_volcan": false }, "geometry": { "type": "LineString", "coordinates": [ [ -71.83419, -38.03358 ], [ -71.83323, -38.03449 ], [ -71.83234, -38.0348 ], [ -71.83187, -38.03488 ], [ -71.83155, -38.03503 ], [ -71.8311, -38.03542 ] ] } },
{ "type": "Feature", "properties": { "osm_id": 535371040, "nombre": "Sin nombre", "tipo": "stream", "volcan_codigo": "LON", "volcan_nombre": "Lonquimay", "drena_volcan": false }, "geometry": { "type": "LineString", "coordinates": [ [ -71.83831, -38.0261 ], [ -71.83853, -38.02656 ], [ -71.83844, -38.02681 ], [ -71.83849, -38.02734 ], [ -71.83842, -38.02767 ] ] } },
{ "type": "Feature", "properties": { "osm_id": 535371043, "nombre": "Sin nombre", "tipo": "stream", "volcan_codigo": "LON", "volcan_nombre": "Lonquimay", "drena_volcan": false }, "geometry": { "type": "LineString", "coordinates": [ [ -71.84066, -38.02828 ], [ -71.84016, -38.02828 ], [ -71.83959, -38.02863 ], [ -71.83904, -38.02874 ], [ -71.83846, -38.02907 ], [ -71.83753, -38.02918 ], [ -71.83679, -38.02915 ] ] } },
{ "type": "Feature", "properties": { "osm_id": 535371045, "nombre": "Sin nombre", "tipo": "stream", "volcan_codigo": "LON", "volcan_nombre": "Lonquimay", "drena_volcan": false }, "geometry": { "type": "LineString", "coordinates": [ [ -71.84036, -38.02692 ], [ -71.83985, -38.02713 ], [ -71.83922, -38.02753 ], [ -71.83832, -38.02772 ], [ -71.83753, -38.02827 ], [ -71.83727, -38.02888 ], [ -71.83637, -38.02948 ], [ -71.83608, -38.02961 ], [ -71.83568, -38.02965 ], [ -71.83474, -38.02963 ], [ -71.83406, -38.02986 ], [ -71.83336, -38.03109 ], [ -71.83312, -38.03127 ] ] } },
{ "type": "Feature", "properties": { "osm_id": 535371049, "nombre": "Sin nombre", "tipo": "stream", "volcan_codigo": "LON", "volcan_nombre": "Lonquimay", "drena_volcan": false }, "geometry": { "type": "LineString", "coordinates": [ [ -71.83269, -38.0274 ], [ -71.83277, -38.02769 ], [ -71.83275, -38.02844 ], [ -71.83299, -38.02877 ], [ -71.83303, -38.02907 ], [ -71.83328, -38.0296 ], [ -71.8333, -38.03038 ] ] } },
{ "type": "Feature", "properties": { "osm_id": 535371051, "nombre": "Sin nombre", "tipo": "stream", "volcan_codigo": "LON", "volcan_nombre": "Lonquimay", "drena_volcan": false }, "geometry": { "type": "LineString", "coordinates": [ [ -71.83484, -38.02668 ], [ -71.83473, -38.02724 ], [ -71.83417, -38.02806 ], [ -71.83405, -38.02879 ], [ -71.83359, -38.02937 ], [ -71.83355, -38.02996 ], [ -71.83318, -38.03072 ], [ -71.83312, -38.03127 ] ] } },
{ "type": "Feature", "properties": { "osm_id": 535371054, "nombre": "Sin nombre", "tipo": "stream", "volcan_codigo": "LON", "volcan_nombre": "Lonquimay", "drena_volcan": false }, "geometry": { "type": "LineString", "coordinates": [ [ -71.83468, -38.04165 ], [ -71.834, -38.04202 ], [ -71.83355, -38.04257 ], [ -71.83312, -38.04287 ], [ -71.83294, -38.04317 ], [ -71.83286, -38.04374 ], [ -71.83264, -38.044 ], [ -71.83134, -38.04464 ] ] } },
{ "type": "Feature", "properties": { "osm_id": 535371058, "nombre": "Sin nombre", "tipo": "stream", "volcan_codigo": "LON", "volcan_nombre": "Lonquimay", "drena_volcan": false }, "geometry": { "type": "LineString", "coordinates": [ [ -71.83123, -38.03879 ], [ -71.83137, -38.03927 ], [ -71.8314, -38.04009 ], [ -71.8316, -38.04051 ], [ -71.83199, -38.04105 ], [ -71.83207, -38.04127 ], [ -71.83209, -38.04186 ] ] } },
{ "type": "Feature", "properties": { "osm_id": 535371060, "nombre": "Sin nombre", "tipo": "stream", "volcan_codigo": "LON", "volcan_nombre": "Lonquimay", "drena_volcan": false }, "geometry": { "type": "LineString", "coordinates": [ [ -71.83611, -38.03688 ], [ -71.83551, -38.0372 ], [ -71.83507, -38.03766 ], [ -71.83411, -38.03803 ], [ -71.8337, -38.03831 ] ] } },
{ "type": "Feature", "properties": { "osm_id": 535371063, "nombre": "Sin nombre", "tipo": "stream", "volcan_codigo": "LON", "volcan_nombre": "Lonquimay", "drena_volcan": false }, "geometry": { "type": "LineString", "coordinates": [ [ -71.8354, -38.03375 ], [ -71.83506, -38.03432 ], [ -71.83425, -38.03477 ], [ -71.83336, -38.03576 ], [ -71.83331, -38.03653 ], [ -71.83342, -38.03683 ], [ -71.83374, -38.03729 ], [ -71.83368, -38.03821 ], [ -71.83397, -38.03905 ], [ -71.834, -38.03947 ], [ -71.83355, -38.04059 ], [ -71.83243, -38.04161 ], [ -71.83177, -38.04207 ], [ -71.83154, -38.04243 ], [ -71.83142, -38.04279 ], [ -71.83141, -38.04322 ], [ -71.83169, -38.04398 ], [ -71.83141, -38.04456 ], [ -71.83126, -38.0447 ], [ -71.83082, -38.04484 ], [ -71.83009, -38.04486 ], [ -71.8298, -38.04496 ], [ -71.8293, -38.04531 ], [ -71.82915, -38.04603 ], [ -71.82935, -38.04655 ], [ -71.8293, -38.04698 ], [ -71.82951, -38.04745 ], [ -71.83002, -38.0478 ], [ -71.83022, -38.04815 ], [ -71.83073, -38.04867 ], [ -71.83168, -38.04909 ], [ -71.83212, -38.04956 ], [ -71.83252, -38.04981 ], [ -71.83353, -38.05023 ], [ -71.83368, -38.05091 ] ] } },
{ "type": "Feature", "properties": { "osm_id": 535371071, "nombre": "Sin nombre", "tipo": "stream", "volcan_codigo": "LON", "volcan_nombre": "Lonquimay", "drena_volcan": false }, "geometry": { "type": "LineString", "coordinates": [ [ -71.83312, -38.03127 ], [ -71.83297, -38.03199 ], [ -71.83275, -38.03243 ], [ -71.83229, -38.03282 ], [ -71.83204, -38.03324 ], [ -71.83122, -38.03395 ], [ -71.83109, -38.03433 ], [ -71.8311, -38.03542 ], [ -71.83104, -38.03559 ], [ -71.83024, -38.03625 ], [ -71.83001, -38.03689 ], [ -71.82948, -38.03739 ], [ -71.82939, -38.03769 ], [ -71.82901, -38.03824 ], [ -71.82871, -38.03852 ], [ -71.82846, -38.039 ], [ -71.82807, -38.03919 ], [ -71.82795, -38.03944 ], [ -71.8277, -38.03962 ], [ -71.82707, -38.0399 ], [ -71.82684, -38.04022 ], [ -71.82639, -38.0406 ], [ -71.82619, -38.04067 ], [ -71.82592, -38.04099 ], [ -71.82506, -38.04119 ], [ -71.82474, -38.04142 ], [ -71.8247, -38.04159 ], [ -71.82482, -38.04199 ], [ -71.82469, -38.04242 ], [ -71.82486, -38.04289 ], [ -71.82479, -38.04339 ], [ -71.82488, -38.04357 ], [ -71.8249, -38.04397 ], [ -71.8243, -38.04469 ], [ -71.82419, -38.045 ], [ -71.8242, -38.04556 ], [ -71.82376, -38.04619 ] ] } },
{ "type": "Feature", "properties": { "osm_id": 535371079, "nombre": "Sin nombre", "tipo": "stream", "volcan_codigo": "LON", "volcan_nombre": "Lonquimay", "drena_volcan": false }, "geometry": { "type": "LineString", "coordinates": [ [ -71.85973, -38.03601 ], [ -71.85905, -38.03675 ], [ -71.85879, -38.03694 ], [ -71.85808, -38.03735 ], [ -71.85717, -38.03772 ], [ -71.85696, -38.03823 ], [ -71.85662, -38.03872 ] ] } },
{ "type": "Feature", "properties": { "osm_id": 535371082, "nombre": "Sin nombre", "tipo": "stream", "volcan_codigo": "LON", "volcan_nombre": "Lonquimay", "drena_volcan": false }, "geometry": { "type": "LineString", "coordinates": [ [ -71.8618, -38.03636 ], [ -71.86146, -38.0366 ], [ -71.86126, -38.03691 ], [ -71.86068, -38.0372 ], [ -71.8604, -38.03755 ], [ -71.85994, -38.03785 ], [ -71.85938, -38.0381 ], [ -71.85844, -38.03829 ], [ -71.85789, -38.03851 ], [ -71.85651, -38.03875 ], [ -71.85622, -38.03889 ], [ -71.85562, -38.03937 ] ] } },
{ "type": "Feature", "properties": { "osm_id": 535371087, "nombre": "Sin nombre", "tipo": "stream", "volcan_codigo": "LON", "volcan_nombre": "Lonquimay", "drena_volcan": false }, "geometry": { "type": "LineString", "coordinates": [ [ -71.85755, -38.03464 ], [ -71.85679, -38.03515 ], [ -71.85671, -38.03541 ], [ -71.85671, -38.03619 ], [ -71.85629, -38.03678 ], [ -71.85616, -38.03736 ], [ -71.85584, -38.03789 ], [ -71.8558, -38.03826 ], [ -71.85566, -38.03852 ], [ -71.85562, -38.03937 ] ] } },
{ "type": "Feature", "properties": { "osm_id": 535371090, "nombre": "Sin nombre", "tipo": "stream", "volcan_codigo": "LON", "volcan_nombre": "Lonquimay", "drena_volcan": false }, "geometry": { "type": "LineString", "coordinates": [ [ -71.86506, -38.03872 ], [ -71.86484, -38.03877 ], [ -71.86457, -38.03906 ], [ -71.86349, -38.03938 ], [ -71.86284, -38.03981 ], [ -71.86197, -38.04016 ] ] } },
{ "type": "Feature", "properties": { "osm_id": 535371093, "nombre": "Sin nombre", "tipo": "stream", "volcan_codigo": "LON", "volcan_nombre": "Lonquimay", "drena_volcan": false }, "geometry": { "type": "LineString", "coordinates": [ [ -71.86293, -38.03732 ], [ -71.8629, -38.03769 ], [ -71.86252, -38.03826 ], [ -71.86249, -38.03885 ], [ -71.86231, -38.03932 ], [ -71.86226, -38.03972 ], [ -71.86197, -38.04016 ] ] } },
{ "type": "Feature", "properties": { "osm_id": 535371095, "nombre": "Sin nombre", "tipo": "stream", "volcan_codigo": "LON", "volcan_nombre": "Lonquimay", "drena_volcan": false }, "geometry": { "type": "LineString", "coordinates": [ [ -71.86197, -38.04016 ], [ -71.86144, -38.04086 ], [ -71.86095, -38.04126 ], [ -71.86068, -38.04147 ], [ -71.85944, -38.04197 ], [ -71.85913, -38.04224 ], [ -71.85894, -38.0426 ], [ -71.85761, -38.04362 ], [ -71.85613, -38.04423 ], [ -71.85548, -38.0444 ], [ -71.85487, -38.04436 ] ] } },
{ "type": "Feature", "properties": { "osm_id": 535371099, "nombre": "Sin nombre", "tipo": "stream", "volcan_codigo": "LON", "volcan_nombre": "Lonquimay", "drena_volcan": false }, "geometry": { "type": "LineString", "coordinates": [ [ -71.85845, -38.04028 ], [ -71.85796, -38.04069 ], [ -71.85774, -38.04121 ], [ -71.85738, -38.0417 ], [ -71.85673, -38.04207 ], [ -71.85592, -38.04332 ], [ -71.85487, -38.04436 ] ] } },
{ "type": "Feature", "properties": { "osm_id": 535371102, "nombre": "Sin nombre", "tipo": "stream", "volcan_codigo": "LON", "volcan_nombre": "Lonquimay", "drena_volcan": false }, "geometry": { "type": "LineString", "coordinates": [ [ -71.85487, -38.04436 ], [ -71.85361, -38.04533 ], [ -71.85276, -38.04562 ], [ -71.85172, -38.04643 ], [ -71.85123, -38.04658 ], [ -71.85033, -38.0467 ], [ -71.84979, -38.04697 ], [ -71.84912, -38.04772 ], [ -71.84864, -38.04798 ], [ -71.84798, -38.04856 ], [ -71.84732, -38.04954 ], [ -71.84672, -38.04985 ], [ -71.84635, -38.05024 ], [ -71.84548, -38.05151 ], [ -71.84524, -38.05214 ], [ -71.84436, -38.05281 ], [ -71.84345, -38.05389 ] ] } },
{ "type": "Feature", "properties": { "osm_id": 535371106, "nombre": "Sin nombre", "tipo": "stream", "volcan_codigo": "LON", "volcan_nombre": "Lonquimay", "drena_volcan": false }, "geometry": { "type": "LineString", "coordinates": [ [ -71.85348, -38.03624 ], [ -71.85277, -38.03703 ], [ -71.85245, -38.03773 ], [ -71.85211, -38.03821 ], [ -71.85142, -38.03885 ], [ -71.85129, -38.03958 ], [ -71.851, -38.04019 ], [ -71.85095, -38.04087 ], [ -71.85075, -38.04126 ], [ -71.85065, -38.0419 ], [ -71.85039, -38.04231 ], [ -71.85031, -38.04311 ], [ -71.84982, -38.04345 ], [ -71.84921, -38.04441 ] ] } },
{ "type": "Feature", "properties": { "osm_id": 535371111, "nombre": "Sin nombre", "tipo": "stream", "volcan_codigo": "LON", "volcan_nombre": "Lonquimay", "drena_volcan": false }, "geometry": { "type": "LineString", "coordinates": [ [ -71.85562, -38.03937 ], [ -71.85517, -38.03997 ], [ -71.85459, -38.04039 ], [ -71.85436, -38.0409 ], [ -71.85416, -38.0411 ], [ -71.85344, -38.04146 ], [ -71.85268, -38.04216 ], [ -71.85266, -38.04283 ], [ -71.8525, -38.04304 ], [ -71.85186, -38.04338 ], [ -71.85021, -38.04392 ], [ -71.84973, -38.04435 ], [ -71.84874, -38.04449 ], [ -71.8478, -38.04528 ], [ -71.8477, -38.04556 ], [ -71.84774, -38.04628 ], [ -71.84764, -38.04672 ], [ -71.84764, -38.04711 ], [ -71.84777, -38.04748 ], [ -71.84759, -38.04784 ], [ -71.84728, -38.04818 ], [ -71.8465, -38.04852 ], [ -71.84603, -38.04882 ], [ -71.84539, -38.04898 ], [ -71.84534, -38.04955 ], [ -71.84519, -38.04981 ], [ -71.84444, -38.05039 ], [ -71.84334, -38.05177 ], [ -71.84327, -38.05254 ], [ -71.8431, -38.05285 ], [ -71.8431, -38.053 ], [ -71.84338, -38.05335 ], [ -71.84344, -38.05358 ], [ -71.84345, -38.05393 ], [ -71.84322, -38.05439 ], [ -71.84325, -38.0546 ] ] } },
{ "type": "Feature", "properties": { "osm_id": 535371120, "nombre": "Sin nombre", "tipo": "stream", "volcan_codigo": "LON", "volcan_nombre": "Lonquimay", "drena_volcan": false }, "geometry": { "type": "LineString", "coordinates": [ [ -71.83785, -38.03313 ], [ -71.83797, -38.03366 ], [ -71.83845, -38.03423 ], [ -71.83854, -38.03477 ], [ -71.83884, -38.03537 ], [ -71.83887, -38.03563 ] ] } },
{ "type": "Feature", "properties": { "osm_id": 535371123, "nombre": "Sin nombre", "tipo": "stream", "volcan_codigo": "LON", "volcan_nombre": "Lonquimay", "drena_volcan": false }, "geometry": { "type": "LineString", "coordinates": [ [ -71.84113, -38.03954 ], [ -71.84108, -38.04043 ], [ -71.84059, -38.04109 ], [ -71.84045, -38.04181 ], [ -71.84009, -38.04233 ], [ -71.83998, -38.04296 ], [ -71.83998, -38.04392 ], [ -71.83956, -38.04442 ], [ -71.83915, -38.04552 ], [ -71.83863, -38.04649 ], [ -71.8386, -38.04673 ], [ -71.83815, -38.04735 ] ] } },
{ "type": "Feature", "properties": { "osm_id": 535371127, "nombre": "Sin nombre", "tipo": "stream", "volcan_codigo": "LON", "volcan_nombre": "Lonquimay", "drena_volcan": false }, "geometry": { "type": "LineString", "coordinates": [ [ -71.84016, -38.03161 ], [ -71.84018, -38.03191 ], [ -71.84002, -38.03235 ], [ -71.84001, -38.03294 ], [ -71.83987, -38.0333 ], [ -71.83955, -38.03366 ], [ -71.83942, -38.03423 ], [ -71.8391, -38.03499 ], [ -71.83908, -38.03524 ], [ -71.83874, -38.03602 ], [ -71.83867, -38.03739 ], [ -71.83884, -38.03777 ], [ -71.83885, -38.038 ], [ -71.83904, -38.03835 ], [ -71.83906, -38.03876 ], [ -71.83922, -38.0391 ], [ -71.83921, -38.03936 ], [ -71.839, -38.03991 ], [ -71.83897, -38.04035 ], [ -71.83884, -38.04057 ], [ -71.83907, -38.04209 ], [ -71.83897, -38.04325 ], [ -71.83824, -38.04409 ], [ -71.83713, -38.04476 ], [ -71.83632, -38.04507 ], [ -71.8358, -38.04508 ], [ -71.83525, -38.04499 ], [ -71.83491, -38.04503 ], [ -71.83434, -38.04528 ], [ -71.83389, -38.04569 ], [ -71.83289, -38.04612 ], [ -71.83207, -38.04722 ], [ -71.83157, -38.04819 ], [ -71.83194, -38.04881 ], [ -71.83225, -38.0491 ], [ -71.83357, -38.04942 ], [ -71.83425, -38.04976 ], [ -71.83455, -38.05007 ], [ -71.83468, -38.05071 ], [ -71.83509, -38.05128 ], [ -71.83668, -38.05208 ] ] } },
{ "type": "Feature", "properties": { "osm_id": 535371135, "nombre": "Sin nombre", "tipo": "stream", "volcan_codigo": "LON", "volcan_nombre": "Lonquimay", "drena_volcan": false }, "geometry": { "type": "LineString", "coordinates": [ [ -71.84629, -38.02825 ], [ -71.84634, -38.02855 ], [ -71.84658, -38.02896 ], [ -71.84677, -38.02979 ], [ -71.84661, -38.0306 ], [ -71.84676, -38.03093 ], [ -71.84668, -38.03144 ], [ -71.84702, -38.03206 ], [ -71.8471, -38.03259 ], [ -71.84732, -38.03309 ], [ -71.84738, -38.03396 ], [ -71.84774, -38.03477 ], [ -71.84781, -38.03581 ], [ -71.84798, -38.03608 ], [ -71.84802, -38.03643 ], [ -71.84828, -38.03708 ], [ -71.84828, -38.03767 ] ] } },
{ "type": "Feature", "properties": { "osm_id": 535371140, "nombre": "Sin nombre", "tipo": "stream", "volcan_codigo": "LON", "volcan_nombre": "Lonquimay", "drena_volcan": false }, "geometry": { "type": "LineString", "coordinates": [ [ -71.85781, -38.03032 ], [ -71.85635, -38.03082 ], [ -71.85573, -38.03127 ], [ -71.85543, -38.03137 ], [ -71.85492, -38.03179 ], [ -71.85433, -38.03207 ], [ -71.85374, -38.03207 ], [ -71.85335, -38.03225 ], [ -71.85236, -38.0324 ], [ -71.85118, -38.03301 ], [ -71.84966, -38.03335 ] ] } },
{ "type": "Feature", "properties": { "osm_id": 535371145, "nombre": "Sin nombre", "tipo": "stream", "volcan_codigo": "LON", "volcan_nombre": "Lonquimay", "drena_volcan": false }, "geometry": { "type": "LineString", "coordinates": [ [ -71.85149, -38.03438 ], [ -71.85022, -38.0348 ], [ -71.84973, -38.03545 ] ] } },
{ "type": "Feature", "properties": { "osm_id": 535371147, "nombre": "Sin nombre", "tipo": "stream", "volcan_codigo": "LON", "volcan_nombre": "Lonquimay", "drena_volcan": false }, "geometry": { "type": "LineString", "coordinates": [ [ -71.85378, -38.03483 ], [ -71.8525, -38.03516 ], [ -71.85099, -38.03514 ], [ -71.85058, -38.03521 ], [ -71.84916, -38.03561 ], [ -71.84865, -38.03586 ] ] } },
{ "type": "Feature", "properties": { "osm_id": 535371151, "nombre": "Sin nombre", "tipo": "stream", "volcan_codigo": "LON", "volcan_nombre": "Lonquimay", "drena_volcan": false }, "geometry": { "type": "LineString", "coordinates": [ [ -71.8425, -38.03439 ], [ -71.84333, -38.0351 ], [ -71.8436, -38.03558 ], [ -71.84379, -38.03643 ], [ -71.84435, -38.03695 ], [ -71.84481, -38.03775 ], [ -71.84505, -38.03802 ], [ -71.84522, -38.03866 ], [ -71.84514, -38.0393 ], [ -71.84531, -38.03965 ], [ -71.84531, -38.03994 ] ] } },
{ "type": "Feature", "properties": { "osm_id": 535371155, "nombre": "Sin nombre", "tipo": "stream", "volcan_codigo": "LON", "volcan_nombre": "Lonquimay", "drena_volcan": false }, "geometry": { "type": "LineString", "coordinates": [ [ -71.84438, -38.0311 ], [ -71.84526, -38.03207 ], [ -71.84533, -38.03254 ], [ -71.84524, -38.03284 ], [ -71.84562, -38.03362 ], [ -71.84573, -38.0346 ], [ -71.846, -38.0351 ], [ -71.84605, -38.03551 ], [ -71.8458, -38.03609 ], [ -71.84561, -38.03684 ], [ -71.8456, -38.0373 ], [ -71.84586, -38.0379 ], [ -71.84567, -38.03856 ], [ -71.84579, -38.03889 ], [ -71.84578, -38.03921 ], [ -71.84504, -38.04033 ], [ -71.84487, -38.04093 ], [ -71.84458, -38.04125 ], [ -71.84401, -38.04161 ], [ -71.84364, -38.04265 ] ] } },
{ "type": "Feature", "properties": { "osm_id": 535371160, "nombre": "Estero Chorrillos", "tipo": "stream", "volcan_codigo": "LON", "volcan_nombre": "Lonquimay", "drena_volcan": false }, "geometry": { "type": "LineString", "coordinates": [ [ -71.85185, -38.02961 ], [ -71.85164, -38.03003 ], [ -71.85062, -38.03133 ], [ -71.85029, -38.03222 ], [ -71.85004, -38.03255 ], [ -71.84958, -38.03357 ], [ -71.8486, -38.03503 ], [ -71.84858, -38.03563 ], [ -71.84871, -38.03655 ], [ -71.84865, -38.03718 ], [ -71.84828, -38.03767 ], [ -71.84734, -38.03828 ], [ -71.84724, -38.03897 ], [ -71.84708, -38.03934 ], [ -71.84653, -38.03998 ], [ -71.84569, -38.04164 ], [ -71.84528, -38.04196 ], [ -71.84436, -38.04212 ], [ -71.8433, -38.04282 ], [ -71.8426, -38.0429 ], [ -71.84198, -38.04333 ], [ -71.84173, -38.0439 ], [ -71.84117, -38.04454 ], [ -71.84109, -38.04491 ], [ -71.84123, -38.04548 ], [ -71.8409, -38.04588 ], [ -71.84052, -38.04605 ], [ -71.84021, -38.04646 ], [ -71.83934, -38.04693 ], [ -71.83763, -38.04757 ], [ -71.83752, -38.04781 ], [ -71.83753, -38.0481 ], [ -71.83715, -38.04861 ], [ -71.83712, -38.04938 ], [ -71.83677, -38.04972 ], [ -71.83645, -38.05096 ], [ -71.83643, -38.05126 ], [ -71.83666, -38.05159 ], [ -71.83668, -38.05208 ], [ -71.83683, -38.05267 ] ] } },
{ "type": "Feature", "properties": { "osm_id": 535372055, "nombre": "Sin nombre", "tipo": "stream", "volcan_codigo": "LON", "volcan_nombre": "Lonquimay", "drena_volcan": false }, "geometry": { "type": "LineString", "coordinates": [ [ -71.76919, -38.02415 ], [ -71.76861, -38.02481 ], [ -71.7681, -38.02518 ], [ -71.76766, -38.02562 ] ] } },
{ "type": "Feature", "properties": { "osm_id": 535372056, "nombre": "Sin nombre", "tipo": "stream", "volcan_codigo": "LON", "volcan_nombre": "Lonquimay", "drena_volcan": false }, "geometry": { "type": "LineString", "coordinates": [ [ -71.76693, -38.01597 ], [ -71.76697, -38.01748 ], [ -71.76712, -38.01785 ] ] } },
{ "type": "Feature", "properties": { "osm_id": 535372057, "nombre": "Sin nombre", "tipo": "stream", "volcan_codigo": "LON", "volcan_nombre": "Lonquimay", "drena_volcan": false }, "geometry": { "type": "LineString", "coordinates": [ [ -71.76835, -38.01637 ], [ -71.76813, -38.01665 ], [ -71.76776, -38.01693 ], [ -71.76712, -38.01785 ] ] } },
{ "type": "Feature", "properties": { "osm_id": 535372058, "nombre": "Sin nombre", "tipo": "stream", "volcan_codigo": "LON", "volcan_nombre": "Lonquimay", "drena_volcan": false }, "geometry": { "type": "LineString", "coordinates": [ [ -71.76953, -38.01635 ], [ -71.7694, -38.01671 ], [ -71.76935, -38.01722 ], [ -71.76895, -38.01766 ], [ -71.76811, -38.01992 ], [ -71.76775, -38.02067 ] ] } },
{ "type": "Feature", "properties": { "osm_id": 535372059, "nombre": "Sin nombre", "tipo": "stream", "volcan_codigo": "LON", "volcan_nombre": "Lonquimay", "drena_volcan": false }, "geometry": { "type": "LineString", "coordinates": [ [ -71.76544, -38.01808 ], [ -71.76558, -38.01833 ], [ -71.76595, -38.01957 ], [ -71.76654, -38.02018 ], [ -71.76685, -38.0212 ], [ -71.7668, -38.02176 ] ] } },
{ "type": "Feature", "properties": { "osm_id": 535372060, "nombre": "Sin nombre", "tipo": "stream", "volcan_codigo": "LON", "volcan_nombre": "Lonquimay", "drena_volcan": false }, "geometry": { "type": "LineString", "coordinates": [ [ -71.76712, -38.01785 ], [ -71.76723, -38.01835 ], [ -71.76723, -38.01889 ], [ -71.76778, -38.0198 ], [ -71.76773, -38.02077 ], [ -71.7676, -38.02105 ], [ -71.76699, -38.0215 ], [ -71.7667, -38.02192 ], [ -71.7664, -38.02215 ], [ -71.766, -38.02263 ] ] } },
{ "type": "Feature", "properties": { "osm_id": 535372061, "nombre": "Sin nombre", "tipo": "stream", "volcan_codigo": "LON", "volcan_nombre": "Lonquimay", "drena_volcan": false }, "geometry": { "type": "LineString", "coordinates": [ [ -71.76349, -38.01844 ], [ -71.76348, -38.01894 ], [ -71.76369, -38.01949 ], [ -71.76411, -38.01993 ], [ -71.76436, -38.02056 ], [ -71.76507, -38.02127 ], [ -71.76526, -38.02172 ], [ -71.76575, -38.02247 ], [ -71.766, -38.02263 ] ] } },
{ "type": "Feature", "properties": { "osm_id": 535372062, "nombre": "Sin nombre", "tipo": "stream", "volcan_codigo": "LON", "volcan_nombre": "Lonquimay", "drena_volcan": false }, "geometry": { "type": "LineString", "coordinates": [ [ -71.766, -38.02263 ], [ -71.76606, -38.02288 ], [ -71.76663, -38.02364 ], [ -71.7669, -38.02457 ], [ -71.7676, -38.02544 ], [ -71.76772, -38.02599 ], [ -71.76766, -38.02669 ], [ -71.76793, -38.0271 ], [ -71.76819, -38.02778 ], [ -71.76904, -38.0284 ], [ -71.76934, -38.02893 ], [ -71.77002, -38.02948 ], [ -71.77013, -38.02966 ], [ -71.77018, -38.0301 ] ] } },
{ "type": "Feature", "properties": { "osm_id": 535372063, "nombre": "Sin nombre", "tipo": "stream", "volcan_codigo": "LON", "volcan_nombre": "Lonquimay", "drena_volcan": false }, "geometry": { "type": "LineString", "coordinates": [ [ -71.77321, -38.01671 ], [ -71.77349, -38.01694 ], [ -71.77363, -38.01717 ], [ -71.77365, -38.01766 ], [ -71.77384, -38.01829 ], [ -71.77387, -38.01886 ], [ -71.77362, -38.01956 ], [ -71.77362, -38.01988 ], [ -71.77334, -38.02038 ], [ -71.77331, -38.02062 ], [ -71.77341, -38.02167 ], [ -71.77338, -38.02212 ], [ -71.77324, -38.0224 ], [ -71.77328, -38.02289 ], [ -71.77288, -38.02329 ], [ -71.77256, -38.02401 ], [ -71.77271, -38.02487 ], [ -71.77257, -38.02503 ], [ -71.77253, -38.02524 ], [ -71.7726, -38.02615 ], [ -71.77249, -38.02672 ], [ -71.77253, -38.02771 ], [ -71.77213, -38.0291 ], [ -71.77217, -38.02963 ], [ -71.77203, -38.03014 ], [ -71.77209, -38.03045 ] ] } },
{ "type": "Feature", "properties": { "osm_id": 535372064, "nombre": "Sin nombre", "tipo": "stream", "volcan_codigo": "LON", "volcan_nombre": "Lonquimay", "drena_volcan": false }, "geometry": { "type": "LineString", "coordinates": [ [ -71.7816, -38.02554 ], [ -71.78069, -38.02609 ], [ -71.78001, -38.02631 ], [ -71.7793, -38.02667 ] ] } },
{ "type": "Feature", "properties": { "osm_id": 535372065, "nombre": "Estero Canoas del Diablo", "tipo": "stream", "volcan_codigo": "LON", "volcan_nombre": "Lonquimay", "drena_volcan": false }, "geometry": { "type": "LineString", "coordinates": [ [ -71.77923, -38.02167 ], [ -71.77913, -38.02204 ], [ -71.77926, -38.02263 ], [ -71.77913, -38.02392 ], [ -71.77945, -38.02473 ], [ -71.77936, -38.02642 ], [ -71.77924, -38.02704 ], [ -71.77923, -38.02768 ], [ -71.77933, -38.02823 ], [ -71.77904, -38.02864 ], [ -71.7789, -38.02919 ], [ -71.77864, -38.02954 ], [ -71.77758, -38.02995 ], [ -71.77732, -38.03014 ], [ -71.77719, -38.03042 ] ] } },
{ "type": "Feature", "properties": { "osm_id": 535432737, "nombre": "Sin nombre", "tipo": "stream", "volcan_codigo": "LON", "volcan_nombre": "Lonquimay", "drena_volcan": false }, "geometry": { "type": "LineString", "coordinates": [ [ -71.86273, -38.05311 ], [ -71.86239, -38.05313 ], [ -71.86171, -38.0535 ], [ -71.86096, -38.05372 ], [ -71.85666, -38.0541 ], [ -71.8558, -38.05439 ], [ -71.85509, -38.0545 ], [ -71.85449, -38.05476 ], [ -71.85411, -38.05519 ], [ -71.85324, -38.05575 ], [ -71.85287, -38.05623 ] ] } },
{ "type": "Feature", "properties": { "osm_id": 535432738, "nombre": "Sin nombre", "tipo": "stream", "volcan_codigo": "LON", "volcan_nombre": "Lonquimay", "drena_volcan": false }, "geometry": { "type": "LineString", "coordinates": [ [ -71.86512, -38.05113 ], [ -71.86307, -38.05014 ], [ -71.86179, -38.04999 ], [ -71.86079, -38.04952 ] ] } },
{ "type": "Feature", "properties": { "osm_id": 535432739, "nombre": "Sin nombre", "tipo": "stream", "volcan_codigo": "LON", "volcan_nombre": "Lonquimay", "drena_volcan": false }, "geometry": { "type": "LineString", "coordinates": [ [ -71.86781, -38.04532 ], [ -71.86681, -38.04532 ], [ -71.86525, -38.04582 ] ] } },
{ "type": "Feature", "properties": { "osm_id": 535432740, "nombre": "Sin nombre", "tipo": "stream", "volcan_codigo": "LON", "volcan_nombre": "Lonquimay", "drena_volcan": false }, "geometry": { "type": "LineString", "coordinates": [ [ -71.86597, -38.0442 ], [ -71.86598, -38.04447 ], [ -71.86537, -38.04524 ], [ -71.86525, -38.04582 ] ] } },
{ "type": "Feature", "properties": { "osm_id": 535432741, "nombre": "Sin nombre", "tipo": "stream", "volcan_codigo": "LON", "volcan_nombre": "Lonquimay", "drena_volcan": false }, "geometry": { "type": "LineString", "coordinates": [ [ -71.86392, -38.04491 ], [ -71.86366, -38.04542 ], [ -71.86306, -38.04626 ], [ -71.863, -38.04686 ], [ -71.8628, -38.04757 ] ] } },
{ "type": "Feature", "properties": { "osm_id": 535432742, "nombre": "Sin nombre", "tipo": "stream", "volcan_codigo": "LON", "volcan_nombre": "Lonquimay", "drena_volcan": false }, "geometry": { "type": "LineString", "coordinates": [ [ -71.86728, -38.04806 ], [ -71.86655, -38.04848 ], [ -71.86585, -38.04872 ], [ -71.86508, -38.04879 ], [ -71.86387, -38.04907 ], [ -71.86328, -38.04908 ], [ -71.86261, -38.04925 ], [ -71.86172, -38.04929 ], [ -71.86079, -38.04952 ], [ -71.85932, -38.04969 ] ] } },
{ "type": "Feature", "properties": { "osm_id": 535432743, "nombre": "Sin nombre", "tipo": "stream", "volcan_codigo": "LON", "volcan_nombre": "Lonquimay", "drena_volcan": false }, "geometry": { "type": "LineString", "coordinates": [ [ -71.86525, -38.04582 ], [ -71.86414, -38.04665 ], [ -71.86364, -38.04714 ], [ -71.8628, -38.04757 ], [ -71.8624, -38.04791 ], [ -71.86166, -38.04822 ], [ -71.85949, -38.04953 ], [ -71.85868, -38.05022 ], [ -71.85782, -38.05074 ], [ -71.85751, -38.0511 ], [ -71.85666, -38.05164 ], [ -71.85652, -38.05181 ], [ -71.85637, -38.05224 ], [ -71.856, -38.05262 ], [ -71.8539, -38.05347 ], [ -71.85266, -38.05418 ], [ -71.85256, -38.05435 ], [ -71.85256, -38.05502 ], [ -71.85287, -38.05564 ], [ -71.85287, -38.05652 ], [ -71.85303, -38.05717 ], [ -71.85303, -38.05763 ], [ -71.85269, -38.05839 ], [ -71.85272, -38.05887 ], [ -71.85339, -38.05975 ], [ -71.85382, -38.06054 ] ] } },
{ "type": "Feature", "properties": { "osm_id": 535432744, "nombre": "Sin nombre", "tipo": "stream", "volcan_codigo": "LON", "volcan_nombre": "Lonquimay", "drena_volcan": false }, "geometry": { "type": "LineString", "coordinates": [ [ -71.86312, -38.04304 ], [ -71.86276, -38.04304 ], [ -71.86211, -38.04322 ], [ -71.86105, -38.04379 ], [ -71.859, -38.04436 ], [ -71.85742, -38.04514 ], [ -71.85521, -38.04593 ], [ -71.85424, -38.04644 ], [ -71.85393, -38.04672 ], [ -71.85373, -38.04706 ], [ -71.85262, -38.04782 ], [ -71.85225, -38.04842 ], [ -71.8514, -38.04867 ], [ -71.85105, -38.04905 ], [ -71.85056, -38.04927 ], [ -71.8499, -38.04978 ], [ -71.84932, -38.04983 ], [ -71.84899, -38.04976 ], [ -71.84874, -38.04984 ], [ -71.84852, -38.05004 ], [ -71.84815, -38.05082 ], [ -71.8476, -38.05139 ], [ -71.84746, -38.05166 ], [ -71.84762, -38.05281 ], [ -71.8474, -38.05335 ], [ -71.84739, -38.05373 ], [ -71.84754, -38.05398 ], [ -71.84788, -38.05425 ], [ -71.84928, -38.05481 ], [ -71.85037, -38.0556 ], [ -71.85061, -38.05594 ], [ -71.85069, -38.05653 ], [ -71.85109, -38.05731 ], [ -71.85115, -38.0576 ], [ -71.85112, -38.05802 ] ] } },
{ "type": "Feature", "properties": { "osm_id": 535432748, "nombre": "Sin nombre", "tipo": "stream", "volcan_codigo": "LON", "volcan_nombre": "Lonquimay", "drena_volcan": false }, "geometry": { "type": "LineString", "coordinates": [ [ -71.81404, -38.03561 ], [ -71.81461, -38.0363 ], [ -71.81478, -38.03695 ], [ -71.81518, -38.03761 ], [ -71.81522, -38.03808 ], [ -71.81511, -38.03863 ], [ -71.81529, -38.03901 ] ] } },
{ "type": "Feature", "properties": { "osm_id": 535432749, "nombre": "Sin nombre", "tipo": "stream", "volcan_codigo": "LON", "volcan_nombre": "Lonquimay", "drena_volcan": false }, "geometry": { "type": "LineString", "coordinates": [ [ -71.87391, -38.02495 ], [ -71.87568, -38.02527 ], [ -71.87599, -38.02546 ], [ -71.87659, -38.02615 ], [ -71.87745, -38.02685 ], [ -71.87833, -38.02782 ], [ -71.87872, -38.02805 ], [ -71.88007, -38.02838 ], [ -71.88257, -38.02836 ], [ -71.8841, -38.02844 ], [ -71.88536, -38.02815 ], [ -71.88608, -38.02811 ], [ -71.88729, -38.02855 ], [ -71.88804, -38.02873 ], [ -71.88968, -38.02879 ], [ -71.89087, -38.02862 ], [ -71.89188, -38.02808 ], [ -71.89243, -38.0279 ], [ -71.89431, -38.02784 ], [ -71.89492, -38.02762 ], [ -71.89546, -38.02759 ], [ -71.89613, -38.02787 ], [ -71.89723, -38.02857 ], [ -71.89803, -38.02888 ], [ -71.89919, -38.02886 ], [ -71.89967, -38.02871 ], [ -71.9003, -38.02864 ], [ -71.90099, -38.02867 ], [ -71.90146, -38.0289 ], [ -71.90207, -38.02966 ], [ -71.90212, -38.03026 ], [ -71.90199, -38.03062 ], [ -71.90208, -38.03132 ], [ -71.90204, -38.03188 ], [ -71.9016, -38.03229 ], [ -71.90155, -38.03265 ], [ -71.90186, -38.03324 ], [ -71.90219, -38.03346 ] ] } },
{ "type": "Feature", "properties": { "osm_id": 535432750, "nombre": "Sin nombre", "tipo": "stream", "volcan_codigo": "LON", "volcan_nombre": "Lonquimay", "drena_volcan": false }, "geometry": { "type": "LineString", "coordinates": [ [ -71.87924, -38.03331 ], [ -71.87978, -38.03433 ], [ -71.87991, -38.03493 ], [ -71.88049, -38.03609 ] ] } },
{ "type": "Feature", "properties": { "osm_id": 535432751, "nombre": "Sin nombre", "tipo": "stream", "volcan_codigo": "LON", "volcan_nombre": "Lonquimay", "drena_volcan": false }, "geometry": { "type": "LineString", "coordinates": [ [ -71.8846, -38.03331 ], [ -71.88484, -38.03348 ], [ -71.88534, -38.03409 ], [ -71.88606, -38.0353 ], [ -71.88674, -38.03592 ], [ -71.88731, -38.03621 ], [ -71.88842, -38.03646 ], [ -71.88916, -38.03673 ] ] } },
{ "type": "Feature", "properties": { "osm_id": 535432752, "nombre": "Sin nombre", "tipo": "stream", "volcan_codigo": "LON", "volcan_nombre": "Lonquimay", "drena_volcan": false }, "geometry": { "type": "LineString", "coordinates": [ [ -71.88264, -38.03315 ], [ -71.88285, -38.03341 ], [ -71.88307, -38.03393 ], [ -71.88305, -38.03485 ], [ -71.88347, -38.03548 ], [ -71.88362, -38.03638 ], [ -71.88379, -38.03678 ] ] } },
{ "type": "Feature", "properties": { "osm_id": 535432753, "nombre": "Sin nombre", "tipo": "stream", "volcan_codigo": "LON", "volcan_nombre": "Lonquimay", "drena_volcan": false }, "geometry": { "type": "LineString", "coordinates": [ [ -71.88686, -38.03244 ], [ -71.8875, -38.03292 ], [ -71.88803, -38.0332 ], [ -71.88817, -38.03337 ], [ -71.88845, -38.03406 ], [ -71.88941, -38.035 ], [ -71.88992, -38.03584 ], [ -71.89035, -38.03621 ] ] } },
{ "type": "Feature", "properties": { "osm_id": 535432754, "nombre": "Sin nombre", "tipo": "stream", "volcan_codigo": "LON", "volcan_nombre": "Lonquimay", "drena_volcan": false }, "geometry": { "type": "LineString", "coordinates": [ [ -71.89392, -38.03365 ], [ -71.89425, -38.03338 ], [ -71.89449, -38.0333 ], [ -71.89521, -38.03308 ], [ -71.89607, -38.03299 ] ] } },
{ "type": "Feature", "properties": { "osm_id": 535432755, "nombre": "Sin nombre", "tipo": "stream", "volcan_codigo": "LON", "volcan_nombre": "Lonquimay", "drena_volcan": false }, "geometry": { "type": "LineString", "coordinates": [ [ -71.89736, -38.03151 ], [ -71.8971, -38.03243 ], [ -71.89683, -38.03292 ], [ -71.89678, -38.03339 ] ] } },
{ "type": "Feature", "properties": { "osm_id": 535432756, "nombre": "Sin nombre", "tipo": "stream", "volcan_codigo": "LON", "volcan_nombre": "Lonquimay", "drena_volcan": false }, "geometry": { "type": "LineString", "coordinates": [ [ -71.89587, -38.03078 ], [ -71.89555, -38.03137 ], [ -71.89554, -38.0318 ], [ -71.8957, -38.03245 ], [ -71.89568, -38.03266 ] ] } },
{ "type": "Feature", "properties": { "osm_id": 535432757, "nombre": "Sin nombre", "tipo": "stream", "volcan_codigo": "LON", "volcan_nombre": "Lonquimay", "drena_volcan": false }, "geometry": { "type": "LineString", "coordinates": [ [ -71.89384, -38.03034 ], [ -71.89393, -38.0307 ], [ -71.89436, -38.03123 ], [ -71.89465, -38.0321 ] ] } },
{ "type": "Feature", "properties": { "osm_id": 535432759, "nombre": "Sin nombre", "tipo": "stream", "volcan_codigo": "LON", "volcan_nombre": "Lonquimay", "drena_volcan": false }, "geometry": { "type": "LineString", "coordinates": [ [ -71.89119, -38.03156 ], [ -71.89317, -38.03192 ], [ -71.89361, -38.03177 ] ] } },
{ "type": "Feature", "properties": { "osm_id": 535432761, "nombre": "Sin nombre", "tipo": "stream", "volcan_codigo": "LON", "volcan_nombre": "Lonquimay", "drena_volcan": false }, "geometry": { "type": "LineString", "coordinates": [ [ -71.89144, -38.03269 ], [ -71.89253, -38.03285 ], [ -71.89314, -38.03269 ], [ -71.8934, -38.03248 ], [ -71.89396, -38.03228 ], [ -71.8944, -38.03202 ] ] } },
{ "type": "Feature", "properties": { "osm_id": 535432763, "nombre": "Sin nombre", "tipo": "stream", "volcan_codigo": "LON", "volcan_nombre": "Lonquimay", "drena_volcan": false }, "geometry": { "type": "LineString", "coordinates": [ [ -71.89218, -38.03035 ], [ -71.89231, -38.03063 ], [ -71.8929, -38.03123 ], [ -71.89361, -38.03177 ], [ -71.89401, -38.03199 ], [ -71.89465, -38.0321 ], [ -71.8949, -38.03232 ], [ -71.89557, -38.03259 ], [ -71.89607, -38.03299 ], [ -71.89653, -38.03316 ], [ -71.89678, -38.03339 ], [ -71.89696, -38.03377 ], [ -71.89745, -38.03422 ], [ -71.89774, -38.03462 ], [ -71.8981, -38.0349 ], [ -71.89844, -38.03503 ] ] } },
{ "type": "Feature", "properties": { "osm_id": 535432769, "nombre": "Sin nombre", "tipo": "stream", "volcan_codigo": "LON", "volcan_nombre": "Lonquimay", "drena_volcan": false }, "geometry": { "type": "LineString", "coordinates": [ [ -71.90939, -38.01339 ], [ -71.90958, -38.01241 ], [ -71.90936, -38.01198 ], [ -71.90919, -38.01127 ], [ -71.90918, -38.01086 ], [ -71.90951, -38.01012 ] ] } },
{ "type": "Feature", "properties": { "osm_id": 535432772, "nombre": "Sin nombre", "tipo": "stream", "volcan_codigo": "LON", "volcan_nombre": "Lonquimay", "drena_volcan": false }, "geometry": { "type": "LineString", "coordinates": [ [ -71.90488, -38.01751 ], [ -71.90482, -38.0171 ], [ -71.90465, -38.01677 ], [ -71.90465, -38.01629 ], [ -71.90454, -38.01592 ], [ -71.90466, -38.0143 ] ] } },
{ "type": "Feature", "properties": { "osm_id": 535432774, "nombre": "Sin nombre", "tipo": "stream", "volcan_codigo": "LON", "volcan_nombre": "Lonquimay", "drena_volcan": false }, "geometry": { "type": "LineString", "coordinates": [ [ -71.87841, -38.02237 ], [ -71.87895, -38.02248 ], [ -71.87952, -38.02246 ], [ -71.88015, -38.02226 ], [ -71.88101, -38.0222 ], [ -71.88295, -38.02234 ], [ -71.8843, -38.02187 ], [ -71.88525, -38.02168 ], [ -71.88632, -38.02164 ], [ -71.88676, -38.02174 ], [ -71.8881, -38.02184 ], [ -71.88883, -38.02178 ], [ -71.88919, -38.02166 ], [ -71.8903, -38.02096 ], [ -71.891, -38.02069 ], [ -71.89302, -38.01953 ], [ -71.89354, -38.0189 ], [ -71.89405, -38.01849 ], [ -71.89588, -38.01745 ], [ -71.89696, -38.01653 ], [ -71.89742, -38.01625 ], [ -71.89808, -38.0161 ], [ -71.89948, -38.01608 ], [ -71.9, -38.01598 ], [ -71.90199, -38.01531 ], [ -71.90304, -38.01514 ], [ -71.90429, -38.01461 ], [ -71.9049, -38.01406 ], [ -71.90565, -38.01294 ], [ -71.90568, -38.01147 ], [ -71.90552, -38.0107 ], [ -71.90552, -38.01029 ], [ -71.90561, -38.00993 ] ] } },
{ "type": "Feature", "properties": { "osm_id": 535432775, "nombre": "Sin nombre", "tipo": "stream", "volcan_codigo": "LON", "volcan_nombre": "Lonquimay", "drena_volcan": false }, "geometry": { "type": "LineString", "coordinates": [ [ -71.87029, -38.00143 ], [ -71.87029, -38.0018 ], [ -71.87057, -38.00241 ], [ -71.87068, -38.00314 ], [ -71.871, -38.00392 ], [ -71.87148, -38.00442 ], [ -71.8718, -38.00498 ], [ -71.87267, -38.00566 ] ] } },
{ "type": "Feature", "properties": { "osm_id": 535432776, "nombre": "Sin nombre", "tipo": "stream", "volcan_codigo": "LON", "volcan_nombre": "Lonquimay", "drena_volcan": false }, "geometry": { "type": "LineString", "coordinates": [ [ -71.87222, -38.00102 ], [ -71.8724, -38.00228 ], [ -71.87229, -38.00289 ], [ -71.87226, -38.00426 ], [ -71.8726, -38.0055 ], [ -71.87286, -38.00595 ] ] } },
{ "type": "Feature", "properties": { "osm_id": 535432777, "nombre": "Sin nombre", "tipo": "stream", "volcan_codigo": "LON", "volcan_nombre": "Lonquimay", "drena_volcan": false }, "geometry": { "type": "LineString", "coordinates": [ [ -71.87669, -38.00227 ], [ -71.87704, -38.00293 ], [ -71.87739, -38.00388 ], [ -71.87759, -38.00479 ] ] } },
{ "type": "Feature", "properties": { "osm_id": 535432778, "nombre": "Sin nombre", "tipo": "stream", "volcan_codigo": "LON", "volcan_nombre": "Lonquimay", "drena_volcan": false }, "geometry": { "type": "LineString", "coordinates": [ [ -71.8783, -38.00211 ], [ -71.87824, -38.00271 ], [ -71.87802, -38.00313 ], [ -71.87798, -38.00359 ], [ -71.87777, -38.00405 ], [ -71.8777, -38.00463 ], [ -71.87753, -38.00496 ], [ -71.87755, -38.00569 ] ] } },
{ "type": "Feature", "properties": { "osm_id": 535432779, "nombre": "Sin nombre", "tipo": "stream", "volcan_codigo": "LON", "volcan_nombre": "Lonquimay", "drena_volcan": false }, "geometry": { "type": "LineString", "coordinates": [ [ -71.85892, -38.00397 ], [ -71.85935, -38.0045 ], [ -71.85959, -38.00498 ], [ -71.86032, -38.00603 ], [ -71.86037, -38.00676 ], [ -71.8606, -38.00721 ], [ -71.8605, -38.00814 ], [ -71.86069, -38.00848 ] ] } },
{ "type": "Feature", "properties": { "osm_id": 535432780, "nombre": "Sin nombre", "tipo": "stream", "volcan_codigo": "LON", "volcan_nombre": "Lonquimay", "drena_volcan": false }, "geometry": { "type": "LineString", "coordinates": [ [ -71.85551, -38.00541 ], [ -71.85623, -38.00627 ], [ -71.85722, -38.00682 ], [ -71.85794, -38.00764 ], [ -71.85817, -38.00817 ], [ -71.85812, -38.00881 ], [ -71.85846, -38.00928 ] ] } },
{ "type": "Feature", "properties": { "osm_id": 535432781, "nombre": "Sin nombre", "tipo": "stream", "volcan_codigo": "LON", "volcan_nombre": "Lonquimay", "drena_volcan": false }, "geometry": { "type": "LineString", "coordinates": [ [ -71.86424, -38.00175 ], [ -71.86428, -38.00205 ], [ -71.86467, -38.0028 ], [ -71.8646, -38.00411 ], [ -71.86479, -38.00484 ], [ -71.86492, -38.00501 ], [ -71.86615, -38.00599 ] ] } },
{ "type": "Feature", "properties": { "osm_id": 535432782, "nombre": "Sin nombre", "tipo": "stream", "volcan_codigo": "LON", "volcan_nombre": "Lonquimay", "drena_volcan": false }, "geometry": { "type": "LineString", "coordinates": [ [ -71.85551, -38.01374 ], [ -71.85545, -38.01332 ], [ -71.85512, -38.01271 ], [ -71.855, -38.01221 ], [ -71.85498, -38.01157 ], [ -71.85508, -38.01086 ], [ -71.855, -38.00988 ], [ -71.85515, -38.00935 ] ] } },
{ "type": "Feature", "properties": { "osm_id": 535432783, "nombre": "Sin nombre", "tipo": "stream", "volcan_codigo": "LON", "volcan_nombre": "Lonquimay", "drena_volcan": false }, "geometry": { "type": "LineString", "coordinates": [ [ -71.85269, -38.0171 ], [ -71.85264, -38.01648 ], [ -71.85292, -38.01469 ], [ -71.85252, -38.01381 ], [ -71.8517, -38.01264 ], [ -71.85151, -38.01188 ], [ -71.85161, -38.01132 ] ] } },
{ "type": "Feature", "properties": { "osm_id": 535432784, "nombre": "Sin nombre", "tipo": "stream", "volcan_codigo": "LON", "volcan_nombre": "Lonquimay", "drena_volcan": false }, "geometry": { "type": "LineString", "coordinates": [ [ -71.83777, -38.02265 ], [ -71.83837, -38.02282 ], [ -71.83963, -38.02348 ], [ -71.8404, -38.02364 ], [ -71.84091, -38.02364 ], [ -71.84214, -38.0232 ], [ -71.84333, -38.02247 ], [ -71.84377, -38.02228 ], [ -71.84427, -38.02233 ], [ -71.84531, -38.0227 ], [ -71.84568, -38.02269 ], [ -71.84608, -38.02246 ], [ -71.84617, -38.02219 ], [ -71.84593, -38.02174 ], [ -71.84585, -38.02108 ], [ -71.84612, -38.02087 ], [ -71.84652, -38.02086 ], [ -71.84677, -38.02075 ], [ -71.84706, -38.02022 ], [ -71.84764, -38.01962 ], [ -71.84781, -38.01922 ], [ -71.84775, -38.01873 ], [ -71.84728, -38.01815 ], [ -71.84712, -38.01747 ], [ -71.84729, -38.01719 ], [ -71.84805, -38.01665 ], [ -71.84824, -38.01635 ], [ -71.84806, -38.01534 ], [ -71.84808, -38.0146 ], [ -71.84821, -38.0143 ], [ -71.84908, -38.01328 ], [ -71.84912, -38.01288 ], [ -71.84894, -38.01251 ], [ -71.84889, -38.01196 ], [ -71.84903, -38.01171 ], [ -71.84919, -38.01161 ] ] } },
{ "type": "Feature", "properties": { "osm_id": 535432785, "nombre": "Sin nombre", "tipo": "stream", "volcan_codigo": "LON", "volcan_nombre": "Lonquimay", "drena_volcan": false }, "geometry": { "type": "LineString", "coordinates": [ [ -71.87159, -38.01129 ], [ -71.87178, -38.01031 ], [ -71.87266, -38.00942 ], [ -71.87259, -38.0078 ], [ -71.87326, -38.00631 ], [ -71.87352, -38.00591 ] ] } },
{ "type": "Feature", "properties": { "osm_id": 535432786, "nombre": "Sin nombre", "tipo": "stream", "volcan_codigo": "LON", "volcan_nombre": "Lonquimay", "drena_volcan": false }, "geometry": { "type": "LineString", "coordinates": [ [ -71.86512, -38.01238 ], [ -71.86495, -38.01157 ], [ -71.86466, -38.01105 ], [ -71.86455, -38.01064 ], [ -71.86475, -38.00988 ], [ -71.86474, -38.00965 ], [ -71.86461, -38.00935 ], [ -71.86409, -38.00878 ], [ -71.86392, -38.00778 ], [ -71.86409, -38.00749 ] ] } },
{ "type": "Feature", "properties": { "osm_id": 535432787, "nombre": "Sin nombre", "tipo": "stream", "volcan_codigo": "LON", "volcan_nombre": "Lonquimay", "drena_volcan": false }, "geometry": { "type": "LineString", "coordinates": [ [ -71.86802, -38.0119 ], [ -71.86803, -38.01138 ], [ -71.86787, -38.01113 ], [ -71.86783, -38.01052 ], [ -71.86763, -38.01019 ], [ -71.86758, -38.00989 ], [ -71.8677, -38.00895 ], [ -71.86701, -38.00778 ], [ -71.86711, -38.00762 ], [ -71.86766, -38.00719 ], [ -71.8682, -38.0062 ], [ -71.86888, -38.0055 ] ] } },
{ "type": "Feature", "properties": { "osm_id": 535432788, "nombre": "Sin nombre", "tipo": "stream", "volcan_codigo": "LON", "volcan_nombre": "Lonquimay", "drena_volcan": false }, "geometry": { "type": "LineString", "coordinates": [ [ -71.85026, -38.00577 ], [ -71.85058, -38.0063 ], [ -71.85067, -38.00707 ], [ -71.85106, -38.00783 ], [ -71.85244, -38.00931 ] ] } },
{ "type": "Feature", "properties": { "osm_id": 535432789, "nombre": "Sin nombre", "tipo": "stream", "volcan_codigo": "LON", "volcan_nombre": "Lonquimay", "drena_volcan": false }, "geometry": { "type": "LineString", "coordinates": [ [ -71.8532, -38.00575 ], [ -71.85311, -38.0066 ], [ -71.85283, -38.00735 ], [ -71.85244, -38.00895 ], [ -71.85244, -38.00931 ], [ -71.85262, -38.00975 ], [ -71.85304, -38.01015 ] ] } },
{ "type": "Feature", "properties": { "osm_id": 535432790, "nombre": "Sin nombre", "tipo": "stream", "volcan_codigo": "LON", "volcan_nombre": "Lonquimay", "drena_volcan": false }, "geometry": { "type": "LineString", "coordinates": [ [ -71.88771, -38.00532 ], [ -71.88721, -38.00616 ], [ -71.88688, -38.0076 ], [ -71.88647, -38.00802 ], [ -71.88581, -38.00842 ], [ -71.88541, -38.00898 ] ] } },
{ "type": "Feature", "properties": { "osm_id": 535432791, "nombre": "Sin nombre", "tipo": "stream", "volcan_codigo": "LON", "volcan_nombre": "Lonquimay", "drena_volcan": false }, "geometry": { "type": "LineString", "coordinates": [ [ -71.88626, -38.00468 ], [ -71.88587, -38.00511 ], [ -71.88552, -38.00575 ], [ -71.88449, -38.00709 ], [ -71.8843, -38.00781 ], [ -71.88434, -38.00849 ] ] } },
{ "type": "Feature", "properties": { "osm_id": 535432792, "nombre": "Sin nombre", "tipo": "stream", "volcan_codigo": "LON", "volcan_nombre": "Lonquimay", "drena_volcan": false }, "geometry": { "type": "LineString", "coordinates": [ [ -71.88341, -38.00309 ], [ -71.8833, -38.00332 ], [ -71.88329, -38.00361 ], [ -71.88345, -38.0041 ], [ -71.88332, -38.00486 ], [ -71.88334, -38.00593 ], [ -71.88303, -38.00665 ], [ -71.88298, -38.00714 ], [ -71.88327, -38.00805 ], [ -71.8835, -38.00844 ] ] } },
{ "type": "Feature", "properties": { "osm_id": 535432793, "nombre": "Sin nombre", "tipo": "stream", "volcan_codigo": "LON", "volcan_nombre": "Lonquimay", "drena_volcan": false }, "geometry": { "type": "LineString", "coordinates": [ [ -71.89065, -38.00271 ], [ -71.89176, -38.00424 ], [ -71.89246, -38.00465 ], [ -71.89395, -38.00583 ] ] } },
{ "type": "Feature", "properties": { "osm_id": 535432794, "nombre": "Sin nombre", "tipo": "stream", "volcan_codigo": "LON", "volcan_nombre": "Lonquimay", "drena_volcan": false }, "geometry": { "type": "LineString", "coordinates": [ [ -71.89233, -38.00184 ], [ -71.8925, -38.00217 ], [ -71.89279, -38.00249 ], [ -71.89301, -38.00346 ], [ -71.89373, -38.00452 ], [ -71.89392, -38.00574 ], [ -71.89438, -38.00648 ], [ -71.89469, -38.00743 ], [ -71.89578, -38.00892 ], [ -71.89598, -38.00937 ], [ -71.89624, -38.0097 ] ] } },
{ "type": "Feature", "properties": { "osm_id": 535432795, "nombre": "Sin nombre", "tipo": "stream", "volcan_codigo": "LON", "volcan_nombre": "Lonquimay", "drena_volcan": false }, "geometry": { "type": "LineString", "coordinates": [ [ -71.89648, -37.9991 ], [ -71.89666, -38.00006 ], [ -71.89696, -38.00036 ], [ -71.89798, -38.00082 ], [ -71.8981, -38.00098 ], [ -71.89847, -38.00178 ], [ -71.8985, -38.00262 ], [ -71.89882, -38.00312 ], [ -71.89883, -38.00343 ], [ -71.8986, -38.00418 ], [ -71.89874, -38.00562 ], [ -71.89869, -38.00752 ], [ -71.89916, -38.00927 ] ] } },
{ "type": "Feature", "properties": { "osm_id": 535432806, "nombre": "Sin nombre", "tipo": "stream", "volcan_codigo": "LON", "volcan_nombre": "Lonquimay", "drena_volcan": false }, "geometry": { "type": "LineString", "coordinates": [ [ -71.8347, -38.01714 ], [ -71.8362, -38.01683 ], [ -71.83739, -38.01684 ], [ -71.83862, -38.01673 ] ] } },
{ "type": "Feature", "properties": { "osm_id": 535432807, "nombre": "Sin nombre", "tipo": "stream", "volcan_codigo": "LON", "volcan_nombre": "Lonquimay", "drena_volcan": false }, "geometry": { "type": "LineString", "coordinates": [ [ -71.83521, -38.01927 ], [ -71.83668, -38.01866 ], [ -71.83702, -38.01833 ], [ -71.83813, -38.01754 ], [ -71.8383, -38.01736 ], [ -71.83862, -38.01673 ] ] } },
{ "type": "Feature", "properties": { "osm_id": 535432808, "nombre": "Sin nombre", "tipo": "stream", "volcan_codigo": "LON", "volcan_nombre": "Lonquimay", "drena_volcan": false }, "geometry": { "type": "LineString", "coordinates": [ [ -71.83862, -38.01673 ], [ -71.83979, -38.01596 ], [ -71.8409, -38.01552 ], [ -71.84199, -38.01443 ], [ -71.84222, -38.01431 ], [ -71.84403, -38.01416 ], [ -71.84459, -38.01392 ], [ -71.84482, -38.01368 ], [ -71.84488, -38.01325 ], [ -71.84507, -38.01297 ], [ -71.84566, -38.01254 ], [ -71.84596, -38.0119 ], [ -71.84653, -38.0115 ] ] } },
{ "type": "Feature", "properties": { "osm_id": 535432809, "nombre": "Sin nombre", "tipo": "stream", "volcan_codigo": "LON", "volcan_nombre": "Lonquimay", "drena_volcan": false }, "geometry": { "type": "LineString", "coordinates": [ [ -71.87624, -38.0165 ], [ -71.87715, -38.01628 ], [ -71.87767, -38.016 ], [ -71.87808, -38.01587 ], [ -71.87953, -38.01592 ], [ -71.88022, -38.01569 ], [ -71.88146, -38.01565 ], [ -71.88332, -38.01514 ], [ -71.88484, -38.0149 ] ] } },
{ "type": "Feature", "properties": { "osm_id": 535432810, "nombre": "Sin nombre", "tipo": "stream", "volcan_codigo": "LON", "volcan_nombre": "Lonquimay", "drena_volcan": false }, "geometry": { "type": "LineString", "coordinates": [ [ -71.86093, -38.02822 ], [ -71.86273, -38.02827 ], [ -71.86359, -38.02844 ], [ -71.86488, -38.02848 ], [ -71.86693, -38.02883 ] ] } },
{ "type": "Feature", "properties": { "osm_id": 535432811, "nombre": "Sin nombre", "tipo": "stream", "volcan_codigo": "LON", "volcan_nombre": "Lonquimay", "drena_volcan": false }, "geometry": { "type": "LineString", "coordinates": [ [ -71.86521, -38.02396 ], [ -71.86501, -38.02446 ], [ -71.8651, -38.02506 ], [ -71.86548, -38.02564 ], [ -71.86593, -38.02686 ], [ -71.86669, -38.02772 ], [ -71.86693, -38.02848 ], [ -71.86739, -38.02918 ] ] } },
{ "type": "Feature", "properties": { "osm_id": 535432812, "nombre": "Sin nombre", "tipo": "stream", "volcan_codigo": "LON", "volcan_nombre": "Lonquimay", "drena_volcan": false }, "geometry": { "type": "LineString", "coordinates": [ [ -71.86149, -38.02448 ], [ -71.86304, -38.0255 ], [ -71.86384, -38.02663 ], [ -71.86469, -38.0273 ], [ -71.86504, -38.02768 ], [ -71.86597, -38.0282 ], [ -71.86739, -38.02918 ] ] } },
{ "type": "Feature", "properties": { "osm_id": 535432813, "nombre": "Sin nombre", "tipo": "stream", "volcan_codigo": "LON", "volcan_nombre": "Lonquimay", "drena_volcan": false }, "geometry": { "type": "LineString", "coordinates": [ [ -71.87173, -38.02057 ], [ -71.87267, -38.02004 ], [ -71.87355, -38.0197 ], [ -71.87417, -38.01927 ], [ -71.876, -38.01884 ], [ -71.87812, -38.01899 ], [ -71.87861, -38.01888 ], [ -71.87921, -38.01846 ], [ -71.87981, -38.01836 ], [ -71.88007, -38.01841 ], [ -71.88074, -38.01884 ], [ -71.88101, -38.01891 ], [ -71.88217, -38.01903 ], [ -71.88277, -38.01889 ], [ -71.8832, -38.01851 ], [ -71.88334, -38.01812 ], [ -71.88377, -38.01754 ], [ -71.88403, -38.01623 ], [ -71.88481, -38.01526 ], [ -71.88492, -38.01473 ] ] } },
{ "type": "Feature", "properties": { "osm_id": 535432814, "nombre": "Sin nombre", "tipo": "stream", "volcan_codigo": "LON", "volcan_nombre": "Lonquimay", "drena_volcan": false }, "geometry": { "type": "LineString", "coordinates": [ [ -71.88492, -38.01473 ], [ -71.88585, -38.01379 ], [ -71.88602, -38.01345 ], [ -71.88638, -38.01304 ], [ -71.8866, -38.01239 ], [ -71.88736, -38.0116 ] ] } },
{ "type": "Feature", "properties": { "osm_id": 535432815, "nombre": "Río Agrio", "tipo": "stream", "volcan_codigo": "LON", "volcan_nombre": "Lonquimay", "drena_volcan": false }, "geometry": { "type": "LineString", "coordinates": [ [ -71.84653, -38.0115 ], [ -71.8482, -38.01141 ], [ -71.84955, -38.01168 ], [ -71.85022, -38.01169 ], [ -71.85079, -38.01145 ], [ -71.85185, -38.01131 ], [ -71.85227, -38.01111 ], [ -71.85243, -38.01095 ], [ -71.8533, -38.00983 ], [ -71.85368, -38.0098 ], [ -71.85449, -38.00949 ], [ -71.85611, -38.00908 ], [ -71.85709, -38.00929 ], [ -71.85942, -38.00936 ], [ -71.85989, -38.00919 ], [ -71.86051, -38.00859 ], [ -71.86081, -38.00846 ], [ -71.86119, -38.00861 ], [ -71.86169, -38.00906 ], [ -71.86222, -38.00911 ], [ -71.86246, -38.0089 ], [ -71.86267, -38.00822 ], [ -71.86285, -38.00808 ], [ -71.86319, -38.00796 ], [ -71.86386, -38.00754 ], [ -71.86498, -38.00735 ], [ -71.8653, -38.00714 ], [ -71.8656, -38.00638 ], [ -71.86593, -38.00605 ], [ -71.86709, -38.00589 ], [ -71.86811, -38.00541 ], [ -71.86849, -38.00539 ], [ -71.86875, -38.00545 ], [ -71.86972, -38.00599 ], [ -71.87019, -38.00612 ], [ -71.87178, -38.00597 ], [ -71.8742, -38.00592 ], [ -71.87498, -38.0064 ], [ -71.87546, -38.00655 ], [ -71.87581, -38.00649 ], [ -71.87621, -38.00621 ], [ -71.87729, -38.00572 ], [ -71.8782, -38.00565 ], [ -71.87855, -38.00578 ], [ -71.87896, -38.00611 ], [ -71.87991, -38.00655 ], [ -71.88003, -38.00682 ], [ -71.87992, -38.00717 ], [ -71.87997, -38.00736 ], [ -71.88045, -38.00766 ], [ -71.88086, -38.0078 ], [ -71.88151, -38.00834 ], [ -71.88181, -38.00849 ], [ -71.88227, -38.00865 ], [ -71.88277, -38.00868 ], [ -71.8835, -38.00844 ], [ -71.88404, -38.00843 ], [ -71.88508, -38.00867 ], [ -71.88534, -38.00889 ], [ -71.88562, -38.00929 ], [ -71.88598, -38.01032 ], [ -71.88654, -38.01108 ], [ -71.88675, -38.01131 ], [ -71.88724, -38.01158 ], [ -71.88874, -38.01168 ], [ -71.8906, -38.01105 ], [ -71.89206, -38.01085 ], [ -71.89328, -38.01042 ], [ -71.89394, -38.01032 ], [ -71.89436, -38.01014 ], [ -71.89485, -38.00979 ], [ -71.89612, -38.00973 ], [ -71.89767, -38.00912 ], [ -71.898, -38.00907 ], [ -71.8985, -38.00908 ], [ -71.89897, -38.00926 ], [ -71.89957, -38.00929 ], [ -71.9002, -38.00921 ], [ -71.90078, -38.00903 ], [ -71.90116, -38.00903 ], [ -71.90272, -38.00939 ], [ -71.90367, -38.00973 ], [ -71.90491, -38.00993 ], [ -71.90561, -38.00993 ], [ -71.90638, -38.00972 ], [ -71.90677, -38.00971 ], [ -71.90765, -38.01 ], [ -71.90868, -38.01012 ], [ -71.90966, -38.01011 ], [ -71.91041, -38.00996 ], [ -71.91101, -38.00971 ], [ -71.91236, -38.00965 ], [ -71.9135, -38.00932 ], [ -71.91427, -38.00932 ], [ -71.91642, -38.00986 ], [ -71.91753, -38.00955 ], [ -71.91808, -38.00955 ], [ -71.9196, -38.01037 ], [ -71.92036, -38.01068 ], [ -71.92091, -38.01105 ], [ -71.92195, -38.01144 ], [ -71.92242, -38.01197 ], [ -71.92263, -38.01235 ], [ -71.92332, -38.01263 ], [ -71.92437, -38.01264 ], [ -71.9251, -38.0128 ], [ -71.92624, -38.0127 ], [ -71.92774, -38.01286 ], [ -71.92823, -38.01259 ], [ -71.9285, -38.01215 ], [ -71.92873, -38.01192 ], [ -71.92896, -38.01187 ], [ -71.92932, -38.01189 ], [ -71.92976, -38.01219 ], [ -71.9301, -38.01228 ], [ -71.93143, -38.01212 ], [ -71.93214, -38.01186 ], [ -71.93272, -38.01176 ], [ -71.93307, -38.01187 ], [ -71.93306, -38.01214 ], [ -71.93313, -38.01222 ], [ -71.93363, -38.01235 ], [ -71.93431, -38.01238 ], [ -71.9353, -38.01222 ], [ -71.93563, -38.01237 ], [ -71.93587, -38.01271 ], [ -71.93598, -38.01275 ], [ -71.93781, -38.01295 ], [ -71.93902, -38.01358 ], [ -71.93989, -38.01423 ], [ -71.94076, -38.01464 ], [ -71.94229, -38.01484 ], [ -71.94275, -38.01497 ], [ -71.94344, -38.01539 ], [ -71.94385, -38.01591 ], [ -71.94418, -38.01608 ], [ -71.94479, -38.01623 ], [ -71.94531, -38.01623 ], [ -71.94619, -38.01603 ], [ -71.94673, -38.01606 ], [ -71.9472, -38.01637 ], [ -71.94784, -38.01715 ] ] } },
{ "type": "Feature", "properties": { "osm_id": 535432816, "nombre": "Río Aguas Blancas", "tipo": "stream", "volcan_codigo": "LON", "volcan_nombre": "Lonquimay", "drena_volcan": false }, "geometry": { "type": "LineString", "coordinates": [ [ -71.90219, -38.03346 ], [ -71.90262, -38.0333 ], [ -71.90353, -38.0333 ], [ -71.90456, -38.03319 ], [ -71.90503, -38.0333 ], [ -71.90564, -38.03361 ], [ -71.90657, -38.03349 ], [ -71.90704, -38.0339 ], [ -71.90769, -38.03393 ], [ -71.90806, -38.03431 ], [ -71.90829, -38.03443 ], [ -71.90932, -38.03437 ], [ -71.91022, -38.03478 ], [ -71.91121, -38.03495 ], [ -71.9116, -38.03516 ], [ -71.91244, -38.03516 ], [ -71.91285, -38.03524 ], [ -71.91401, -38.03569 ], [ -71.91502, -38.03553 ], [ -71.91542, -38.03555 ], [ -71.91699, -38.03597 ], [ -71.9175, -38.03619 ], [ -71.91794, -38.03647 ], [ -71.91823, -38.03653 ], [ -71.91886, -38.03649 ], [ -71.91923, -38.03608 ], [ -71.91948, -38.03597 ], [ -71.92097, -38.03601 ], [ -71.92274, -38.03572 ], [ -71.92307, -38.03574 ], [ -71.9236, -38.03591 ], [ -71.92417, -38.03632 ], [ -71.9247, -38.03643 ], [ -71.92602, -38.03648 ], [ -71.92709, -38.03706 ], [ -71.92833, -38.0375 ], [ -71.92897, -38.03732 ], [ -71.92983, -38.03722 ], [ -71.93064, -38.03723 ], [ -71.93153, -38.03713 ], [ -71.93176, -38.03702 ], [ -71.9318, -38.03678 ], [ -71.93153, -38.03616 ], [ -71.93054, -38.03528 ], [ -71.93029, -38.03494 ], [ -71.93019, -38.03472 ], [ -71.93014, -38.03411 ] ] } },
{ "type": "Feature", "properties": { "osm_id": 535447145, "nombre": "Sin nombre", "tipo": "stream", "volcan_codigo": "LON", "volcan_nombre": "Lonquimay", "drena_volcan": false }, "geometry": { "type": "LineString", "coordinates": [ [ -71.69931, -37.98837 ], [ -71.69871, -37.9884 ], [ -71.69824, -37.98863 ], [ -71.69769, -37.98868 ], [ -71.69658, -37.98915 ], [ -71.69568, -37.98936 ], [ -71.69506, -37.98929 ], [ -71.6946, -37.98893 ], [ -71.69383, -37.98888 ], [ -71.69343, -37.98873 ], [ -71.69323, -37.98857 ], [ -71.693, -37.98856 ] ] } },
{ "type": "Feature", "properties": { "osm_id": 535447146, "nombre": "Sin nombre", "tipo": "stream", "volcan_codigo": "LON", "volcan_nombre": "Lonquimay", "drena_volcan": false }, "geometry": { "type": "LineString", "coordinates": [ [ -71.70474, -37.9834 ], [ -71.70412, -37.98367 ], [ -71.70262, -37.98398 ], [ -71.70229, -37.98416 ], [ -71.70158, -37.98426 ], [ -71.70116, -37.98448 ], [ -71.70075, -37.98447 ], [ -71.69913, -37.98478 ], [ -71.69877, -37.98478 ], [ -71.69821, -37.98501 ], [ -71.6973, -37.98504 ], [ -71.69681, -37.98515 ], [ -71.69619, -37.98513 ], [ -71.69519, -37.98546 ], [ -71.69339, -37.98527 ], [ -71.69299, -37.98537 ] ] } },
{ "type": "Feature", "properties": { "osm_id": 535447147, "nombre": "Sin nombre", "tipo": "stream", "volcan_codigo": "LON", "volcan_nombre": "Lonquimay", "drena_volcan": false }, "geometry": { "type": "LineString", "coordinates": [ [ -71.70311, -37.97237 ], [ -71.70231, -37.97287 ], [ -71.70133, -37.97386 ], [ -71.70023, -37.9745 ], [ -71.69951, -37.97476 ], [ -71.69914, -37.97509 ], [ -71.698, -37.97577 ], [ -71.69743, -37.97589 ], [ -71.6961, -37.97687 ], [ -71.69538, -37.97712 ], [ -71.6949, -37.9774 ], [ -71.69413, -37.97794 ], [ -71.69366, -37.97857 ], [ -71.6931, -37.97902 ] ] } },
{ "type": "Feature", "properties": { "osm_id": 535447148, "nombre": "Sin nombre", "tipo": "stream", "volcan_codigo": "LON", "volcan_nombre": "Lonquimay", "drena_volcan": false }, "geometry": { "type": "LineString", "coordinates": [ [ -71.69678, -37.97099 ], [ -71.69596, -37.97181 ], [ -71.69506, -37.97239 ], [ -71.69462, -37.97292 ], [ -71.69378, -37.97298 ], [ -71.69327, -37.97311 ], [ -71.69287, -37.97334 ], [ -71.69271, -37.97356 ] ] } },
{ "type": "Feature", "properties": { "osm_id": 535447149, "nombre": "Sin nombre", "tipo": "stream", "volcan_codigo": "LON", "volcan_nombre": "Lonquimay", "drena_volcan": false }, "geometry": { "type": "LineString", "coordinates": [ [ -71.69132, -37.96669 ], [ -71.69168, -37.96724 ], [ -71.69177, -37.96773 ], [ -71.69203, -37.96828 ], [ -71.69206, -37.96868 ], [ -71.6919, -37.96932 ], [ -71.69207, -37.96995 ], [ -71.69202, -37.97052 ], [ -71.69234, -37.97116 ], [ -71.69234, -37.97173 ], [ -71.69256, -37.97212 ], [ -71.6925, -37.9729 ], [ -71.69272, -37.9738 ], [ -71.69268, -37.97399 ], [ -71.6925, -37.97423 ], [ -71.69207, -37.97605 ], [ -71.69232, -37.97663 ], [ -71.69236, -37.97692 ] ] } },
{ "type": "Feature", "properties": { "osm_id": 535447150, "nombre": "Sin nombre", "tipo": "stream", "volcan_codigo": "LON", "volcan_nombre": "Lonquimay", "drena_volcan": false }, "geometry": { "type": "LineString", "coordinates": [ [ -71.67828, -37.98116 ], [ -71.67836, -37.98202 ], [ -71.6786, -37.98247 ], [ -71.67861, -37.98302 ], [ -71.67889, -37.98346 ], [ -71.67895, -37.98394 ], [ -71.67926, -37.9844 ], [ -71.67935, -37.98519 ], [ -71.67968, -37.9857 ], [ -71.6798, -37.98631 ], [ -71.67996, -37.98663 ], [ -71.68082, -37.98745 ], [ -71.68142, -37.98848 ], [ -71.68153, -37.98883 ], [ -71.68153, -37.98948 ], [ -71.6819, -37.99032 ], [ -71.68198, -37.99082 ] ] } },
{ "type": "Feature", "properties": { "osm_id": 535447153, "nombre": "Sin nombre", "tipo": "stream", "volcan_codigo": "LON", "volcan_nombre": "Lonquimay", "drena_volcan": false }, "geometry": { "type": "LineString", "coordinates": [ [ -71.7245, -38.01717 ], [ -71.72488, -38.01666 ], [ -71.72514, -38.01614 ], [ -71.72527, -38.01564 ], [ -71.72547, -38.01535 ] ] } },
{ "type": "Feature", "properties": { "osm_id": 535447154, "nombre": "Sin nombre", "tipo": "stream", "volcan_codigo": "LON", "volcan_nombre": "Lonquimay", "drena_volcan": false }, "geometry": { "type": "LineString", "coordinates": [ [ -71.67083, -38.00875 ], [ -71.66949, -38.01128 ], [ -71.66953, -38.01234 ], [ -71.66967, -38.01271 ], [ -71.66978, -38.01388 ], [ -71.66948, -38.01561 ], [ -71.66931, -38.01621 ], [ -71.66906, -38.01666 ], [ -71.66884, -38.01792 ], [ -71.66815, -38.01854 ], [ -71.66776, -38.01925 ], [ -71.6677, -38.01993 ], [ -71.6675, -38.02053 ], [ -71.66744, -38.02096 ], [ -71.66744, -38.02118 ], [ -71.66776, -38.02206 ], [ -71.66777, -38.02233 ], [ -71.6675, -38.0229 ], [ -71.66749, -38.02315 ], [ -71.66776, -38.02365 ], [ -71.6684, -38.02383 ], [ -71.66853, -38.02408 ], [ -71.66813, -38.02479 ], [ -71.6681, -38.02507 ], [ -71.6682, -38.02532 ], [ -71.66818, -38.02574 ], [ -71.66833, -38.0261 ], [ -71.66834, -38.02664 ], [ -71.66814, -38.02712 ], [ -71.66797, -38.02809 ], [ -71.66822, -38.02889 ], [ -71.66865, -38.02932 ], [ -71.66863, -38.02983 ] ] } },
{ "type": "Feature", "properties": { "osm_id": 535447155, "nombre": "Sin nombre", "tipo": "stream", "volcan_codigo": "LON", "volcan_nombre": "Lonquimay", "drena_volcan": false }, "geometry": { "type": "LineString", "coordinates": [ [ -71.68205, -38.02026 ], [ -71.68369, -38.0203 ], [ -71.68514, -38.01999 ], [ -71.6876, -38.01981 ] ] } },
{ "type": "Feature", "properties": { "osm_id": 535447156, "nombre": "Sin nombre", "tipo": "stream", "volcan_codigo": "LON", "volcan_nombre": "Lonquimay", "drena_volcan": false }, "geometry": { "type": "LineString", "coordinates": [ [ -71.68507, -38.01814 ], [ -71.68604, -38.0186 ], [ -71.68684, -38.01928 ], [ -71.6876, -38.01981 ], [ -71.68872, -38.02004 ], [ -71.6896, -38.02067 ], [ -71.68984, -38.02075 ], [ -71.69064, -38.02078 ], [ -71.69111, -38.02042 ], [ -71.69213, -38.02015 ], [ -71.69302, -38.01973 ], [ -71.69341, -38.01975 ] ] } },
{ "type": "Feature", "properties": { "osm_id": 535447157, "nombre": "Sin nombre", "tipo": "stream", "volcan_codigo": "LON", "volcan_nombre": "Lonquimay", "drena_volcan": false }, "geometry": { "type": "LineString", "coordinates": [ [ -71.70188, -38.00748 ], [ -71.70103, -38.00764 ], [ -71.69987, -38.00767 ], [ -71.69886, -38.0075 ], [ -71.69781, -38.00753 ], [ -71.69706, -38.00701 ], [ -71.6964, -38.00682 ], [ -71.69487, -38.00681 ], [ -71.69314, -38.007 ] ] } },
{ "type": "Feature", "properties": { "osm_id": 535447158, "nombre": "Sin nombre", "tipo": "stream", "volcan_codigo": "LON", "volcan_nombre": "Lonquimay", "drena_volcan": false }, "geometry": { "type": "LineString", "coordinates": [ [ -71.70298, -38.0056 ], [ -71.70232, -38.0062 ], [ -71.70118, -38.00657 ], [ -71.69923, -38.00664 ], [ -71.69843, -38.00638 ], [ -71.69725, -38.00626 ], [ -71.69623, -38.00591 ], [ -71.69571, -38.00595 ], [ -71.69524, -38.00615 ], [ -71.69452, -38.00616 ], [ -71.6941, -38.00626 ], [ -71.69338, -38.00623 ] ] } },
{ "type": "Feature", "properties": { "osm_id": 535447159, "nombre": "Sin nombre", "tipo": "stream", "volcan_codigo": "LON", "volcan_nombre": "Lonquimay", "drena_volcan": false }, "geometry": { "type": "LineString", "coordinates": [ [ -71.70134, -38.00422 ], [ -71.70067, -38.00432 ], [ -71.70008, -38.00463 ], [ -71.69934, -38.00471 ], [ -71.69814, -38.00511 ], [ -71.69699, -38.00528 ], [ -71.69597, -38.00556 ], [ -71.69499, -38.00559 ], [ -71.69403, -38.00575 ], [ -71.69349, -38.00596 ] ] } },
{ "type": "Feature", "properties": { "osm_id": 535447160, "nombre": "Sin nombre", "tipo": "stream", "volcan_codigo": "LON", "volcan_nombre": "Lonquimay", "drena_volcan": false }, "geometry": { "type": "LineString", "coordinates": [ [ -71.70359, -38.00126 ], [ -71.70297, -38.00168 ] ] } },
{ "type": "Feature", "properties": { "osm_id": 535447161, "nombre": "Sin nombre", "tipo": "stream", "volcan_codigo": "LON", "volcan_nombre": "Lonquimay", "drena_volcan": false }, "geometry": { "type": "LineString", "coordinates": [ [ -71.70221, -38.00101 ], [ -71.70098, -38.00155 ] ] } },
{ "type": "Feature", "properties": { "osm_id": 535447162, "nombre": "Sin nombre", "tipo": "stream", "volcan_codigo": "LON", "volcan_nombre": "Lonquimay", "drena_volcan": false }, "geometry": { "type": "LineString", "coordinates": [ [ -71.70352, -38.00169 ], [ -71.70196, -38.00167 ], [ -71.70098, -38.00155 ] ] } },
{ "type": "Feature", "properties": { "osm_id": 535447163, "nombre": "Sin nombre", "tipo": "stream", "volcan_codigo": "LON", "volcan_nombre": "Lonquimay", "drena_volcan": false }, "geometry": { "type": "LineString", "coordinates": [ [ -71.70098, -38.00155 ], [ -71.6999, -38.00192 ], [ -71.69794, -38.00206 ], [ -71.69694, -38.00232 ], [ -71.69535, -38.00242 ], [ -71.69391, -38.00292 ] ] } },
{ "type": "Feature", "properties": { "osm_id": 535447164, "nombre": "Sin nombre", "tipo": "stream", "volcan_codigo": "LON", "volcan_nombre": "Lonquimay", "drena_volcan": false }, "geometry": { "type": "LineString", "coordinates": [ [ -71.69833, -38.02001 ], [ -71.69781, -38.02059 ], [ -71.69759, -38.02131 ], [ -71.69683, -38.02228 ], [ -71.69671, -38.02285 ], [ -71.69672, -38.02351 ] ] } },
{ "type": "Feature", "properties": { "osm_id": 535447165, "nombre": "Sin nombre", "tipo": "stream", "volcan_codigo": "LON", "volcan_nombre": "Lonquimay", "drena_volcan": false }, "geometry": { "type": "LineString", "coordinates": [ [ -71.6995, -38.01649 ], [ -71.69773, -38.0166 ], [ -71.69717, -38.01682 ], [ -71.69629, -38.01749 ], [ -71.69485, -38.01775 ], [ -71.69416, -38.01773 ], [ -71.69367, -38.01783 ] ] } },
{ "type": "Feature", "properties": { "osm_id": 535447166, "nombre": "Sin nombre", "tipo": "stream", "volcan_codigo": "LON", "volcan_nombre": "Lonquimay", "drena_volcan": false }, "geometry": { "type": "LineString", "coordinates": [ [ -71.70365, -38.01255 ], [ -71.70302, -38.01258 ], [ -71.70264, -38.01246 ], [ -71.7018, -38.01255 ], [ -71.70044, -38.01226 ], [ -71.69989, -38.01225 ] ] } },
{ "type": "Feature", "properties": { "osm_id": 535447167, "nombre": "Sin nombre", "tipo": "stream", "volcan_codigo": "LON", "volcan_nombre": "Lonquimay", "drena_volcan": false }, "geometry": { "type": "LineString", "coordinates": [ [ -71.70154, -38.0106 ], [ -71.70107, -38.01077 ], [ -71.70032, -38.01121 ], [ -71.70016, -38.01179 ], [ -71.69989, -38.01225 ] ] } },
{ "type": "Feature", "properties": { "osm_id": 535447168, "nombre": "Sin nombre", "tipo": "stream", "volcan_codigo": "LON", "volcan_nombre": "Lonquimay", "drena_volcan": false }, "geometry": { "type": "LineString", "coordinates": [ [ -71.69989, -38.01225 ], [ -71.69942, -38.01241 ], [ -71.69853, -38.01252 ], [ -71.69657, -38.01242 ], [ -71.69562, -38.0125 ], [ -71.69497, -38.01235 ], [ -71.69432, -38.01209 ], [ -71.69356, -38.01202 ] ] } },
{ "type": "Feature", "properties": { "osm_id": 535447169, "nombre": "Sin nombre", "tipo": "stream", "volcan_codigo": "LON", "volcan_nombre": "Lonquimay", "drena_volcan": false }, "geometry": { "type": "LineString", "coordinates": [ [ -71.70476, -38.01803 ], [ -71.70501, -38.01878 ], [ -71.70573, -38.01949 ], [ -71.70575, -38.0198 ], [ -71.70595, -38.02038 ], [ -71.70591, -38.02126 ], [ -71.70618, -38.02189 ], [ -71.70612, -38.02232 ], [ -71.70618, -38.02252 ], [ -71.7066, -38.02329 ], [ -71.70753, -38.02425 ], [ -71.70762, -38.02512 ], [ -71.70759, -38.02587 ], [ -71.7077, -38.02621 ] ] } },
{ "type": "Feature", "properties": { "osm_id": 535447170, "nombre": "Sin nombre", "tipo": "stream", "volcan_codigo": "LON", "volcan_nombre": "Lonquimay", "drena_volcan": false }, "geometry": { "type": "LineString", "coordinates": [ [ -71.70772, -38.01518 ], [ -71.70793, -38.0159 ], [ -71.70775, -38.0165 ] ] } },
{ "type": "Feature", "properties": { "osm_id": 535447171, "nombre": "Sin nombre", "tipo": "stream", "volcan_codigo": "LON", "volcan_nombre": "Lonquimay", "drena_volcan": false }, "geometry": { "type": "LineString", "coordinates": [ [ -71.70554, -38.01232 ], [ -71.70549, -38.01287 ], [ -71.70555, -38.01339 ], [ -71.70547, -38.01397 ], [ -71.70604, -38.01537 ], [ -71.70621, -38.01559 ], [ -71.70662, -38.01579 ], [ -71.70688, -38.01627 ], [ -71.70733, -38.01646 ], [ -71.70775, -38.0165 ] ] } },
{ "type": "Feature", "properties": { "osm_id": 535447172, "nombre": "Sin nombre", "tipo": "stream", "volcan_codigo": "LON", "volcan_nombre": "Lonquimay", "drena_volcan": false }, "geometry": { "type": "LineString", "coordinates": [ [ -71.70775, -38.0165 ], [ -71.70804, -38.01677 ], [ -71.70819, -38.01704 ], [ -71.70888, -38.01739 ], [ -71.70908, -38.01769 ], [ -71.70916, -38.01818 ], [ -71.70908, -38.01881 ], [ -71.7093, -38.01922 ], [ -71.70941, -38.01963 ], [ -71.70993, -38.02027 ], [ -71.71019, -38.02092 ], [ -71.7102, -38.02113 ], [ -71.7101, -38.0213 ], [ -71.70959, -38.02163 ], [ -71.70946, -38.02207 ], [ -71.70923, -38.02234 ], [ -71.70921, -38.02255 ], [ -71.70946, -38.0229 ], [ -71.71011, -38.0234 ], [ -71.71026, -38.02368 ], [ -71.7103, -38.02402 ], [ -71.71023, -38.02436 ], [ -71.71039, -38.02481 ], [ -71.71035, -38.02544 ], [ -71.71054, -38.02595 ] ] } },
{ "type": "Feature", "properties": { "osm_id": 535447173, "nombre": "Sin nombre", "tipo": "stream", "volcan_codigo": "LON", "volcan_nombre": "Lonquimay", "drena_volcan": false }, "geometry": { "type": "LineString", "coordinates": [ [ -71.71189, -38.01387 ], [ -71.71137, -38.01434 ], [ -71.71083, -38.01514 ], [ -71.7104, -38.01545 ] ] } },
{ "type": "Feature", "properties": { "osm_id": 535447205, "nombre": "Sin nombre", "tipo": "stream", "volcan_codigo": "LON", "volcan_nombre": "Lonquimay", "drena_volcan": false }, "geometry": { "type": "LineString", "coordinates": [ [ -71.70985, -38.01284 ], [ -71.70969, -38.01328 ], [ -71.70968, -38.01431 ], [ -71.70987, -38.01469 ], [ -71.71032, -38.01521 ], [ -71.7104, -38.01545 ] ] } },
{ "type": "Feature", "properties": { "osm_id": 535447208, "nombre": "Sin nombre", "tipo": "stream", "volcan_codigo": "LON", "volcan_nombre": "Lonquimay", "drena_volcan": false }, "geometry": { "type": "LineString", "coordinates": [ [ -71.71797, -38.02816 ], [ -71.7177, -38.02784 ], [ -71.71748, -38.02738 ], [ -71.71655, -38.02668 ], [ -71.71609, -38.02618 ], [ -71.71585, -38.02565 ], [ -71.71592, -38.02524 ] ] } },
{ "type": "Feature", "properties": { "osm_id": 535447211, "nombre": "Sin nombre", "tipo": "stream", "volcan_codigo": "LON", "volcan_nombre": "Lonquimay", "drena_volcan": false }, "geometry": { "type": "LineString", "coordinates": [ [ -71.71647, -38.02929 ], [ -71.71622, -38.02873 ], [ -71.71544, -38.02801 ], [ -71.71493, -38.02731 ], [ -71.71429, -38.026 ] ] } },
{ "type": "Feature", "properties": { "osm_id": 535447215, "nombre": "Sin nombre", "tipo": "stream", "volcan_codigo": "LON", "volcan_nombre": "Lonquimay", "drena_volcan": false }, "geometry": { "type": "LineString", "coordinates": [ [ -71.7104, -38.01545 ], [ -71.71026, -38.01585 ], [ -71.70997, -38.01616 ], [ -71.70998, -38.0175 ], [ -71.7109, -38.01823 ], [ -71.71157, -38.01911 ], [ -71.7118, -38.01989 ], [ -71.7126, -38.0206 ], [ -71.71298, -38.0214 ], [ -71.71349, -38.02196 ], [ -71.71374, -38.02244 ], [ -71.7138, -38.02302 ], [ -71.71421, -38.02421 ], [ -71.71481, -38.02518 ] ] } },
{ "type": "Feature", "properties": { "osm_id": 535447219, "nombre": "Sin nombre", "tipo": "stream", "volcan_codigo": "LON", "volcan_nombre": "Lonquimay", "drena_volcan": false }, "geometry": { "type": "LineString", "coordinates": [ [ -71.74494, -38.01365 ], [ -71.74546, -38.01376 ], [ -71.7468, -38.01442 ], [ -71.74813, -38.01479 ], [ -71.7491, -38.01523 ], [ -71.75116, -38.01583 ] ] } },
{ "type": "Feature", "properties": { "osm_id": 535447223, "nombre": "Sin nombre", "tipo": "stream", "volcan_codigo": "LON", "volcan_nombre": "Lonquimay", "drena_volcan": false }, "geometry": { "type": "LineString", "coordinates": [ [ -71.74419, -38.01179 ], [ -71.7454, -38.0119 ], [ -71.74589, -38.01177 ], [ -71.74761, -38.0117 ], [ -71.74854, -38.01184 ], [ -71.74927, -38.01217 ] ] } },
{ "type": "Feature", "properties": { "osm_id": 535447225, "nombre": "Sin nombre", "tipo": "stream", "volcan_codigo": "LON", "volcan_nombre": "Lonquimay", "drena_volcan": false }, "geometry": { "type": "LineString", "coordinates": [ [ -71.75952, -38.01199 ], [ -71.7592, -38.01188 ], [ -71.75855, -38.01144 ], [ -71.75812, -38.01126 ], [ -71.75741, -38.01119 ], [ -71.75619, -38.01081 ], [ -71.75458, -38.01081 ] ] } },
{ "type": "Feature", "properties": { "osm_id": 535447227, "nombre": "Sin nombre", "tipo": "stream", "volcan_codigo": "LON", "volcan_nombre": "Lonquimay", "drena_volcan": false }, "geometry": { "type": "LineString", "coordinates": [ [ -71.76426, -38.00889 ], [ -71.76411, -38.00932 ], [ -71.76409, -38.00971 ], [ -71.76445, -38.01053 ], [ -71.76445, -38.01082 ], [ -71.76402, -38.01171 ], [ -71.76398, -38.01263 ], [ -71.76381, -38.01309 ], [ -71.76377, -38.0137 ] ] } },
{ "type": "Feature", "properties": { "osm_id": 535447228, "nombre": "Sin nombre", "tipo": "stream", "volcan_codigo": "LON", "volcan_nombre": "Lonquimay", "drena_volcan": false }, "geometry": { "type": "LineString", "coordinates": [ [ -71.76025, -38.0221 ], [ -71.76004, -38.02231 ], [ -71.75933, -38.02268 ], [ -71.75854, -38.02331 ], [ -71.75819, -38.0238 ], [ -71.75795, -38.02439 ] ] } },
{ "type": "Feature", "properties": { "osm_id": 535447229, "nombre": "Sin nombre", "tipo": "stream", "volcan_codigo": "LON", "volcan_nombre": "Lonquimay", "drena_volcan": false }, "geometry": { "type": "LineString", "coordinates": [ [ -71.75894, -38.02025 ], [ -71.75779, -38.02184 ], [ -71.75782, -38.0229 ], [ -71.75757, -38.02395 ] ] } },
{ "type": "Feature", "properties": { "osm_id": 535447230, "nombre": "Sin nombre", "tipo": "stream", "volcan_codigo": "LON", "volcan_nombre": "Lonquimay", "drena_volcan": false }, "geometry": { "type": "LineString", "coordinates": [ [ -71.76377, -38.0137 ], [ -71.76345, -38.01426 ], [ -71.76346, -38.01484 ], [ -71.76299, -38.01537 ], [ -71.76288, -38.01564 ], [ -71.76252, -38.0159 ], [ -71.76222, -38.01632 ], [ -71.76189, -38.01641 ], [ -71.76095, -38.01636 ], [ -71.76025, -38.01688 ], [ -71.75868, -38.01749 ], [ -71.75817, -38.01783 ], [ -71.75742, -38.01814 ], [ -71.757, -38.01856 ], [ -71.75699, -38.01885 ], [ -71.75731, -38.01928 ], [ -71.7573, -38.01949 ], [ -71.75711, -38.01976 ], [ -71.75669, -38.01992 ], [ -71.75638, -38.02019 ], [ -71.75632, -38.02096 ], [ -71.75622, -38.02136 ], [ -71.75565, -38.02206 ], [ -71.75551, -38.02286 ], [ -71.75554, -38.02321 ] ] } },
{ "type": "Feature", "properties": { "osm_id": 535447231, "nombre": "Sin nombre", "tipo": "stream", "volcan_codigo": "LON", "volcan_nombre": "Lonquimay", "drena_volcan": false }, "geometry": { "type": "LineString", "coordinates": [ [ -71.75795, -38.0085 ], [ -71.75698, -38.009 ], [ -71.75639, -38.0097 ], [ -71.75539, -38.01024 ], [ -71.75488, -38.01066 ], [ -71.75363, -38.01112 ] ] } },
{ "type": "Feature", "properties": { "osm_id": 535447232, "nombre": "Sin nombre", "tipo": "stream", "volcan_codigo": "LON", "volcan_nombre": "Lonquimay", "drena_volcan": false }, "geometry": { "type": "LineString", "coordinates": [ [ -71.75396, -38.00703 ], [ -71.75376, -38.0077 ], [ -71.75377, -38.00908 ], [ -71.75393, -38.00987 ], [ -71.75366, -38.01047 ], [ -71.75363, -38.01112 ] ] } },
{ "type": "Feature", "properties": { "osm_id": 535447233, "nombre": "Sin nombre", "tipo": "stream", "volcan_codigo": "LON", "volcan_nombre": "Lonquimay", "drena_volcan": false }, "geometry": { "type": "LineString", "coordinates": [ [ -71.75363, -38.01112 ], [ -71.75317, -38.01171 ], [ -71.75265, -38.01217 ], [ -71.75244, -38.01254 ], [ -71.75116, -38.01367 ], [ -71.75064, -38.01485 ] ] } },
{ "type": "Feature", "properties": { "osm_id": 535447235, "nombre": "Sin nombre", "tipo": "stream", "volcan_codigo": "LON", "volcan_nombre": "Lonquimay", "drena_volcan": false }, "geometry": { "type": "LineString", "coordinates": [ [ -71.69458, -38.03101 ], [ -71.6948, -38.03064 ], [ -71.69496, -38.03001 ], [ -71.69578, -38.02893 ], [ -71.69629, -38.02776 ], [ -71.69758, -38.02696 ], [ -71.69832, -38.02676 ], [ -71.69864, -38.02659 ] ] } },
{ "type": "Feature", "properties": { "osm_id": 535447236, "nombre": "Sin nombre", "tipo": "stream", "volcan_codigo": "LON", "volcan_nombre": "Lonquimay", "drena_volcan": false }, "geometry": { "type": "LineString", "coordinates": [ [ -71.69491, -38.03362 ], [ -71.69587, -38.03321 ], [ -71.69638, -38.03286 ], [ -71.69715, -38.03268 ] ] } },
{ "type": "Feature", "properties": { "osm_id": 535447237, "nombre": "Sin nombre", "tipo": "stream", "volcan_codigo": "LON", "volcan_nombre": "Lonquimay", "drena_volcan": false }, "geometry": { "type": "LineString", "coordinates": [ [ -71.69596, -38.03629 ], [ -71.69633, -38.03575 ], [ -71.69648, -38.03468 ], [ -71.69728, -38.03366 ], [ -71.6971, -38.03276 ], [ -71.69773, -38.03215 ], [ -71.69762, -38.0312 ], [ -71.69809, -38.03069 ], [ -71.69808, -38.0305 ], [ -71.69796, -38.03035 ], [ -71.69796, -38.03012 ], [ -71.69805, -38.02995 ], [ -71.69793, -38.0296 ], [ -71.69791, -38.02932 ], [ -71.69845, -38.02758 ], [ -71.6985, -38.02686 ], [ -71.69891, -38.02628 ], [ -71.70012, -38.02594 ] ] } },
{ "type": "Feature", "properties": { "osm_id": 535447238, "nombre": "Sin nombre", "tipo": "stream", "volcan_codigo": "LON", "volcan_nombre": "Lonquimay", "drena_volcan": false }, "geometry": { "type": "LineString", "coordinates": [ [ -71.69943, -38.03295 ], [ -71.69981, -38.03283 ], [ -71.70062, -38.03238 ], [ -71.70124, -38.03218 ], [ -71.7023, -38.03161 ] ] } },
{ "type": "Feature", "properties": { "osm_id": 535447239, "nombre": "Sin nombre", "tipo": "stream", "volcan_codigo": "LON", "volcan_nombre": "Lonquimay", "drena_volcan": false }, "geometry": { "type": "LineString", "coordinates": [ [ -71.70791, -38.03142 ], [ -71.70792, -38.03115 ], [ -71.70806, -38.03086 ], [ -71.70806, -38.03057 ], [ -71.70775, -38.02975 ], [ -71.70761, -38.02851 ], [ -71.70794, -38.02789 ], [ -71.70797, -38.02719 ], [ -71.70827, -38.0267 ] ] } },
{ "type": "Feature", "properties": { "osm_id": 535447240, "nombre": "Sin nombre", "tipo": "stream", "volcan_codigo": "LON", "volcan_nombre": "Lonquimay", "drena_volcan": false }, "geometry": { "type": "LineString", "coordinates": [ [ -71.70614, -38.0315 ], [ -71.70604, -38.0312 ], [ -71.70571, -38.03072 ], [ -71.70569, -38.0303 ], [ -71.70536, -38.02921 ], [ -71.70534, -38.02844 ], [ -71.70514, -38.02767 ], [ -71.70524, -38.02732 ], [ -71.70539, -38.02713 ], [ -71.70576, -38.02697 ], [ -71.70706, -38.02696 ], [ -71.70935, -38.02651 ] ] } },
{ "type": "Feature", "properties": { "osm_id": 535447241, "nombre": "Sin nombre", "tipo": "stream", "volcan_codigo": "LON", "volcan_nombre": "Lonquimay", "drena_volcan": false }, "geometry": { "type": "LineString", "coordinates": [ [ -71.72354, -38.02872 ], [ -71.72397, -38.02825 ], [ -71.72425, -38.02771 ], [ -71.72433, -38.02666 ], [ -71.72425, -38.02634 ], [ -71.72391, -38.0258 ], [ -71.72337, -38.0246 ], [ -71.72313, -38.02385 ] ] } },
{ "type": "Feature", "properties": { "osm_id": 535447242, "nombre": "Sin nombre", "tipo": "stream", "volcan_codigo": "LON", "volcan_nombre": "Lonquimay", "drena_volcan": false }, "geometry": { "type": "LineString", "coordinates": [ [ -71.71952, -38.0291 ], [ -71.72065, -38.02826 ], [ -71.72092, -38.02795 ], [ -71.72108, -38.02707 ], [ -71.72132, -38.0267 ], [ -71.72129, -38.02585 ], [ -71.72166, -38.02543 ], [ -71.72183, -38.02476 ], [ -71.72212, -38.0245 ], [ -71.72297, -38.02407 ], [ -71.72319, -38.02365 ], [ -71.72351, -38.02328 ] ] } },
{ "type": "Feature", "properties": { "osm_id": 535447243, "nombre": "Sin nombre", "tipo": "stream", "volcan_codigo": "LON", "volcan_nombre": "Lonquimay", "drena_volcan": false }, "geometry": { "type": "LineString", "coordinates": [ [ -71.71584, -38.03027 ], [ -71.71552, -38.03002 ], [ -71.71527, -38.02962 ], [ -71.71497, -38.02936 ], [ -71.71467, -38.02888 ], [ -71.71408, -38.02822 ] ] } },
{ "type": "Feature", "properties": { "osm_id": 535447244, "nombre": "Sin nombre", "tipo": "stream", "volcan_codigo": "LON", "volcan_nombre": "Lonquimay", "drena_volcan": false }, "geometry": { "type": "LineString", "coordinates": [ [ -71.71304, -38.03075 ], [ -71.71351, -38.03021 ], [ -71.71357, -38.02991 ], [ -71.71404, -38.02892 ], [ -71.71409, -38.02784 ], [ -71.71388, -38.02708 ], [ -71.71398, -38.02651 ] ] } },
{ "type": "Feature", "properties": { "osm_id": 535447245, "nombre": "Sin nombre", "tipo": "stream", "volcan_codigo": "LON", "volcan_nombre": "Lonquimay", "drena_volcan": false }, "geometry": { "type": "LineString", "coordinates": [ [ -71.70922, -38.03191 ], [ -71.70947, -38.03172 ], [ -71.70989, -38.03099 ], [ -71.71034, -38.03066 ], [ -71.71053, -38.03011 ], [ -71.71099, -38.02959 ], [ -71.71078, -38.02909 ], [ -71.71071, -38.02836 ], [ -71.71054, -38.02817 ], [ -71.71038, -38.02748 ], [ -71.71006, -38.02685 ], [ -71.70998, -38.02652 ] ] } },
{ "type": "Feature", "properties": { "osm_id": 535447246, "nombre": "Sin nombre", "tipo": "stream", "volcan_codigo": "LON", "volcan_nombre": "Lonquimay", "drena_volcan": false }, "geometry": { "type": "LineString", "coordinates": [ [ -71.69943, -38.03522 ], [ -71.69989, -38.03472 ], [ -71.70039, -38.03443 ], [ -71.70102, -38.03382 ], [ -71.70132, -38.03336 ], [ -71.70164, -38.03245 ], [ -71.7023, -38.03161 ], [ -71.70243, -38.0311 ], [ -71.70228, -38.03054 ], [ -71.70216, -38.02945 ], [ -71.70198, -38.02889 ], [ -71.70201, -38.02851 ], [ -71.70279, -38.0273 ], [ -71.70319, -38.02681 ], [ -71.70385, -38.02626 ], [ -71.70431, -38.02568 ] ] } },
{ "type": "Feature", "properties": { "osm_id": 535447248, "nombre": "Sin nombre", "tipo": "stream", "volcan_codigo": "LON", "volcan_nombre": "Lonquimay", "drena_volcan": false }, "geometry": { "type": "LineString", "coordinates": [ [ -71.75109, -38.00559 ], [ -71.75017, -38.00706 ], [ -71.74993, -38.00771 ], [ -71.74981, -38.00916 ], [ -71.74933, -38.01004 ], [ -71.7491, -38.01086 ], [ -71.74905, -38.01148 ] ] } },
{ "type": "Feature", "properties": { "osm_id": 535447249, "nombre": "Sin nombre", "tipo": "stream", "volcan_codigo": "LON", "volcan_nombre": "Lonquimay", "drena_volcan": false }, "geometry": { "type": "LineString", "coordinates": [ [ -71.76275, -38.0225 ], [ -71.76266, -38.02278 ], [ -71.76219, -38.02333 ], [ -71.76211, -38.0242 ], [ -71.76194, -38.02456 ], [ -71.7612, -38.02551 ], [ -71.76104, -38.02603 ] ] } },
{ "type": "Feature", "properties": { "osm_id": 535447250, "nombre": "Sin nombre", "tipo": "stream", "volcan_codigo": "LON", "volcan_nombre": "Lonquimay", "drena_volcan": false }, "geometry": { "type": "LineString", "coordinates": [ [ -71.73891, -38.021 ], [ -71.73894, -38.02158 ], [ -71.73865, -38.02205 ], [ -71.73825, -38.02248 ], [ -71.73811, -38.02279 ], [ -71.73805, -38.0232 ], [ -71.73814, -38.02399 ] ] } },
{ "type": "Feature", "properties": { "osm_id": 535447251, "nombre": "Sin nombre", "tipo": "stream", "volcan_codigo": "LON", "volcan_nombre": "Lonquimay", "drena_volcan": false }, "geometry": { "type": "LineString", "coordinates": [ [ -71.73689, -38.01984 ], [ -71.73713, -38.02069 ], [ -71.7372, -38.02191 ], [ -71.73719, -38.02251 ], [ -71.73704, -38.02299 ], [ -71.73711, -38.02365 ] ] } },
{ "type": "Feature", "properties": { "osm_id": 535447252, "nombre": "Sin nombre", "tipo": "stream", "volcan_codigo": "LON", "volcan_nombre": "Lonquimay", "drena_volcan": false }, "geometry": { "type": "LineString", "coordinates": [ [ -71.72682, -38.01793 ], [ -71.72784, -38.01798 ], [ -71.72897, -38.01773 ], [ -71.72973, -38.01771 ], [ -71.73072, -38.01755 ], [ -71.73144, -38.01757 ] ] } },
{ "type": "Feature", "properties": { "osm_id": 535447253, "nombre": "Sin nombre", "tipo": "stream", "volcan_codigo": "LON", "volcan_nombre": "Lonquimay", "drena_volcan": false }, "geometry": { "type": "LineString", "coordinates": [ [ -71.72743, -38.01951 ], [ -71.72786, -38.0196 ], [ -71.72902, -38.01964 ], [ -71.73122, -38.02025 ] ] } },
{ "type": "Feature", "properties": { "osm_id": 535447254, "nombre": "Sin nombre", "tipo": "stream", "volcan_codigo": "LON", "volcan_nombre": "Lonquimay", "drena_volcan": false }, "geometry": { "type": "LineString", "coordinates": [ [ -71.73531, -38.0179 ], [ -71.73442, -38.01814 ], [ -71.73283, -38.01798 ], [ -71.73158, -38.01863 ] ] } },
{ "type": "Feature", "properties": { "osm_id": 535447255, "nombre": "Sin nombre", "tipo": "stream", "volcan_codigo": "LON", "volcan_nombre": "Lonquimay", "drena_volcan": false }, "geometry": { "type": "LineString", "coordinates": [ [ -71.7365, -38.01493 ], [ -71.73604, -38.01483 ], [ -71.73516, -38.01482 ], [ -71.73414, -38.01453 ] ] } },
{ "type": "Feature", "properties": { "osm_id": 535447256, "nombre": "Sin nombre", "tipo": "stream", "volcan_codigo": "LON", "volcan_nombre": "Lonquimay", "drena_volcan": false }, "geometry": { "type": "LineString", "coordinates": [ [ -71.73534, -38.01668 ], [ -71.73378, -38.0168 ], [ -71.73313, -38.01717 ], [ -71.73191, -38.01755 ], [ -71.73161, -38.01772 ] ] } },
{ "type": "Feature", "properties": { "osm_id": 535447257, "nombre": "Sin nombre", "tipo": "stream", "volcan_codigo": "LON", "volcan_nombre": "Lonquimay", "drena_volcan": false }, "geometry": { "type": "LineString", "coordinates": [ [ -71.72249, -38.011 ], [ -71.72294, -38.01146 ], [ -71.72308, -38.01191 ], [ -71.72325, -38.01214 ], [ -71.72385, -38.01256 ], [ -71.72423, -38.0131 ], [ -71.72544, -38.01367 ], [ -71.72632, -38.01476 ], [ -71.72665, -38.01497 ] ] } },
{ "type": "Feature", "properties": { "osm_id": 535447258, "nombre": "Sin nombre", "tipo": "stream", "volcan_codigo": "LON", "volcan_nombre": "Lonquimay", "drena_volcan": false }, "geometry": { "type": "LineString", "coordinates": [ [ -71.72163, -38.01327 ], [ -71.72121, -38.01395 ], [ -71.72113, -38.01423 ] ] } },
{ "type": "Feature", "properties": { "osm_id": 535447259, "nombre": "Sin nombre", "tipo": "stream", "volcan_codigo": "LON", "volcan_nombre": "Lonquimay", "drena_volcan": false }, "geometry": { "type": "LineString", "coordinates": [ [ -71.72106, -38.01159 ], [ -71.72075, -38.01316 ], [ -71.7209, -38.0138 ], [ -71.7212, -38.01436 ], [ -71.72126, -38.01475 ] ] } },
{ "type": "Feature", "properties": { "osm_id": 535447260, "nombre": "Sin nombre", "tipo": "stream", "volcan_codigo": "LON", "volcan_nombre": "Lonquimay", "drena_volcan": false }, "geometry": { "type": "LineString", "coordinates": [ [ -71.72029, -38.01009 ], [ -71.71973, -38.01103 ], [ -71.7195, -38.01184 ], [ -71.71904, -38.0125 ], [ -71.71878, -38.01305 ], [ -71.7187, -38.01326 ], [ -71.71871, -38.01384 ] ] } },
{ "type": "Feature", "properties": { "osm_id": 535447261, "nombre": "Sin nombre", "tipo": "stream", "volcan_codigo": "LON", "volcan_nombre": "Lonquimay", "drena_volcan": false }, "geometry": { "type": "LineString", "coordinates": [ [ -71.73822, -38.00783 ], [ -71.73684, -38.00837 ], [ -71.73623, -38.00881 ], [ -71.73532, -38.00905 ] ] } },
{ "type": "Feature", "properties": { "osm_id": 535447262, "nombre": "Sin nombre", "tipo": "stream", "volcan_codigo": "LON", "volcan_nombre": "Lonquimay", "drena_volcan": false }, "geometry": { "type": "LineString", "coordinates": [ [ -71.73595, -38.0062 ], [ -71.73593, -38.00665 ], [ -71.73563, -38.00725 ], [ -71.73561, -38.00784 ], [ -71.73541, -38.00829 ], [ -71.73532, -38.00905 ] ] } },
{ "type": "Feature", "properties": { "osm_id": 535447263, "nombre": "Sin nombre", "tipo": "stream", "volcan_codigo": "LON", "volcan_nombre": "Lonquimay", "drena_volcan": false }, "geometry": { "type": "LineString", "coordinates": [ [ -71.73532, -38.00905 ], [ -71.73364, -38.01009 ], [ -71.73337, -38.01057 ], [ -71.73312, -38.01081 ], [ -71.7328, -38.0109 ], [ -71.73234, -38.0109 ], [ -71.73197, -38.01109 ], [ -71.73132, -38.01127 ], [ -71.73049, -38.01184 ] ] } },
{ "type": "Feature", "properties": { "osm_id": 535447264, "nombre": "Sin nombre", "tipo": "stream", "volcan_codigo": "LON", "volcan_nombre": "Lonquimay", "drena_volcan": false }, "geometry": { "type": "LineString", "coordinates": [ [ -71.73319, -38.00533 ], [ -71.73284, -38.00583 ], [ -71.73264, -38.00648 ], [ -71.73236, -38.0068 ], [ -71.73216, -38.0074 ], [ -71.73176, -38.00793 ], [ -71.73152, -38.00868 ], [ -71.7311, -38.00919 ], [ -71.73063, -38.0102 ], [ -71.73025, -38.01066 ], [ -71.72993, -38.01123 ] ] } },
{ "type": "Feature", "properties": { "osm_id": 535447265, "nombre": "Sin nombre", "tipo": "stream", "volcan_codigo": "LON", "volcan_nombre": "Lonquimay", "drena_volcan": false }, "geometry": { "type": "LineString", "coordinates": [ [ -71.72178, -37.99976 ], [ -71.72286, -38.00031 ], [ -71.72334, -38.00078 ], [ -71.72466, -38.00152 ], [ -71.72503, -38.00161 ], [ -71.72582, -38.00158 ], [ -71.72639, -38.00175 ], [ -71.72727, -38.00231 ], [ -71.72768, -38.00285 ], [ -71.72784, -38.00392 ], [ -71.72764, -38.00437 ], [ -71.7271, -38.00483 ], [ -71.72684, -38.00554 ], [ -71.72636, -38.00637 ], [ -71.72606, -38.00795 ] ] } },
{ "type": "Feature", "properties": { "osm_id": 535447266, "nombre": "Sin nombre", "tipo": "stream", "volcan_codigo": "LON", "volcan_nombre": "Lonquimay", "drena_volcan": false }, "geometry": { "type": "LineString", "coordinates": [ [ -71.73156, -38.00435 ], [ -71.73112, -38.00487 ], [ -71.73097, -38.00523 ], [ -71.73043, -38.00583 ], [ -71.72994, -38.00625 ], [ -71.72938, -38.00709 ], [ -71.72896, -38.00794 ], [ -71.72852, -38.0096 ] ] } },
{ "type": "Feature", "properties": { "osm_id": 535447267, "nombre": "Sin nombre", "tipo": "stream", "volcan_codigo": "LON", "volcan_nombre": "Lonquimay", "drena_volcan": false }, "geometry": { "type": "LineString", "coordinates": [ [ -71.73994, -38.01048 ], [ -71.73901, -38.01118 ], [ -71.73844, -38.01193 ], [ -71.73725, -38.01288 ], [ -71.7361, -38.01358 ], [ -71.73463, -38.01418 ], [ -71.73414, -38.01453 ], [ -71.73386, -38.01485 ], [ -71.73313, -38.01523 ], [ -71.73263, -38.01569 ], [ -71.731, -38.01677 ] ] } },
{ "type": "Feature", "properties": { "osm_id": 535447268, "nombre": "Sin nombre", "tipo": "stream", "volcan_codigo": "LON", "volcan_nombre": "Lonquimay", "drena_volcan": false }, "geometry": { "type": "LineString", "coordinates": [ [ -71.7408, -38.01326 ], [ -71.7408, -38.01388 ], [ -71.7405, -38.01477 ], [ -71.74051, -38.01494 ], [ -71.74088, -38.01589 ], [ -71.74131, -38.0165 ], [ -71.74139, -38.01681 ], [ -71.742, -38.01778 ], [ -71.74231, -38.01971 ], [ -71.74272, -38.02033 ], [ -71.74283, -38.02092 ], [ -71.7432, -38.02156 ], [ -71.74327, -38.02192 ], [ -71.74367, -38.02283 ] ] } },
{ "type": "Feature", "properties": { "osm_id": 535447269, "nombre": "Estero Copo del Diablo", "tipo": "stream", "volcan_codigo": "LON", "volcan_nombre": "Lonquimay", "drena_volcan": false }, "geometry": { "type": "LineString", "coordinates": [ [ -71.74905, -38.01148 ], [ -71.74927, -38.01217 ], [ -71.74961, -38.01284 ], [ -71.75052, -38.01424 ], [ -71.75067, -38.01495 ], [ -71.751, -38.01549 ], [ -71.75124, -38.01614 ], [ -71.75147, -38.01641 ], [ -71.75182, -38.01705 ], [ -71.75255, -38.01769 ], [ -71.75281, -38.01815 ], [ -71.7528, -38.01873 ], [ -71.75289, -38.01892 ], [ -71.7538, -38.0202 ], [ -71.7545, -38.02102 ], [ -71.75458, -38.02186 ], [ -71.75554, -38.02321 ], [ -71.7564, -38.02384 ], [ -71.75685, -38.02402 ] ] } },
{ "type": "Feature", "properties": { "osm_id": 535447270, "nombre": "Estero Los Pinos", "tipo": "stream", "volcan_codigo": "LON", "volcan_nombre": "Lonquimay", "drena_volcan": false }, "geometry": { "type": "LineString", "coordinates": [ [ -71.7134, -38.00719 ], [ -71.71379, -38.00728 ], [ -71.71407, -38.00757 ], [ -71.71407, -38.0085 ], [ -71.71459, -38.00964 ], [ -71.71513, -38.01022 ], [ -71.71542, -38.01082 ], [ -71.71583, -38.01126 ], [ -71.71651, -38.01176 ], [ -71.71699, -38.01265 ], [ -71.7177, -38.01326 ], [ -71.71843, -38.01361 ], [ -71.71911, -38.01423 ], [ -71.71961, -38.01443 ], [ -71.72115, -38.01471 ], [ -71.72156, -38.01501 ], [ -71.72242, -38.01496 ], [ -71.72302, -38.01523 ], [ -71.72365, -38.01525 ], [ -71.72434, -38.01545 ], [ -71.72489, -38.01545 ], [ -71.7257, -38.0153 ], [ -71.72652, -38.01498 ], [ -71.72731, -38.01505 ], [ -71.72765, -38.01528 ], [ -71.72811, -38.01509 ], [ -71.72876, -38.01512 ], [ -71.72892, -38.01532 ], [ -71.72885, -38.01545 ], [ -71.72859, -38.01559 ], [ -71.72856, -38.01572 ], [ -71.72882, -38.01601 ], [ -71.72971, -38.01605 ], [ -71.72996, -38.01621 ], [ -71.73009, -38.01642 ], [ -71.73062, -38.01669 ], [ -71.731, -38.01699 ] ] } },
{ "type": "Feature", "properties": { "osm_id": 535447271, "nombre": "Estero San Jorge", "tipo": "stream", "volcan_codigo": "LON", "volcan_nombre": "Lonquimay", "drena_volcan": false }, "geometry": { "type": "LineString", "coordinates": [ [ -71.72606, -38.00795 ], [ -71.72657, -38.00853 ], [ -71.72685, -38.00871 ], [ -71.72829, -38.00933 ], [ -71.72875, -38.00998 ], [ -71.73049, -38.01184 ], [ -71.73051, -38.01207 ], [ -71.73036, -38.01239 ], [ -71.73037, -38.0129 ], [ -71.73063, -38.01366 ], [ -71.73066, -38.01408 ], [ -71.73027, -38.01462 ], [ -71.73018, -38.01517 ], [ -71.73034, -38.01542 ], [ -71.73087, -38.01581 ], [ -71.731, -38.01723 ], [ -71.73161, -38.01772 ], [ -71.73175, -38.01798 ], [ -71.73173, -38.01818 ], [ -71.73149, -38.01835 ], [ -71.73164, -38.01881 ], [ -71.7316, -38.0189 ], [ -71.73109, -38.01946 ], [ -71.73108, -38.01956 ], [ -71.73113, -38.01974 ], [ -71.73139, -38.01993 ], [ -71.7314, -38.02014 ], [ -71.73122, -38.02025 ], [ -71.73111, -38.02042 ], [ -71.73111, -38.02062 ], [ -71.73126, -38.02088 ], [ -71.73126, -38.0211 ], [ -71.73113, -38.02136 ], [ -71.7314, -38.02189 ], [ -71.73136, -38.02228 ], [ -71.73162, -38.02278 ], [ -71.73162, -38.02326 ] ] } },
{ "type": "Feature", "properties": { "osm_id": 535447272, "nombre": "Estero Cuyano", "tipo": "stream", "volcan_codigo": "LON", "volcan_nombre": "Lonquimay", "drena_volcan": false }, "geometry": { "type": "LineString", "coordinates": [ [ -71.64606, -37.96102 ], [ -71.64666, -37.96118 ], [ -71.6482, -37.96115 ], [ -71.64883, -37.96133 ], [ -71.65014, -37.96208 ], [ -71.65176, -37.96266 ], [ -71.653, -37.96357 ], [ -71.65471, -37.96457 ], [ -71.65497, -37.96494 ], [ -71.65503, -37.96533 ], [ -71.65548, -37.9663 ], [ -71.65564, -37.96695 ], [ -71.65637, -37.96817 ], [ -71.65648, -37.96866 ], [ -71.65717, -37.96948 ], [ -71.6581, -37.97091 ] ] } },
{ "type": "Feature", "properties": { "osm_id": 535447273, "nombre": "Río Diablo", "tipo": "stream", "volcan_codigo": "LON", "volcan_nombre": "Lonquimay", "drena_volcan": false }, "geometry": { "type": "LineString", "coordinates": [ [ -71.6547, -38.0194 ], [ -71.65467, -38.01981 ], [ -71.65447, -38.02033 ], [ -71.65422, -38.02079 ], [ -71.65379, -38.02131 ], [ -71.65363, -38.02169 ], [ -71.65323, -38.02218 ], [ -71.653, -38.02322 ], [ -71.65265, -38.02377 ], [ -71.65244, -38.02443 ], [ -71.65253, -38.02533 ], [ -71.65275, -38.02569 ], [ -71.65284, -38.02604 ], [ -71.65284, -38.02648 ], [ -71.65259, -38.02695 ], [ -71.65256, -38.02725 ], [ -71.65285, -38.02767 ], [ -71.65291, -38.02808 ], [ -71.65301, -38.02825 ], [ -71.65351, -38.02857 ], [ -71.65384, -38.02905 ], [ -71.65484, -38.02929 ], [ -71.6553, -38.0295 ], [ -71.65594, -38.02953 ], [ -71.65681, -38.02936 ], [ -71.65774, -38.02932 ], [ -71.65852, -38.02897 ], [ -71.65955, -38.02899 ], [ -71.66031, -38.02867 ], [ -71.66147, -38.02856 ], [ -71.66216, -38.02858 ], [ -71.66263, -38.02844 ], [ -71.66371, -38.02837 ], [ -71.66448, -38.02853 ], [ -71.66481, -38.0287 ], [ -71.66523, -38.0288 ], [ -71.66554, -38.02904 ], [ -71.66635, -38.02905 ], [ -71.66863, -38.02983 ] ] } },
{ "type": "Feature", "properties": { "osm_id": 535447274, "nombre": "Río Diablo", "tipo": "stream", "volcan_codigo": "LON", "volcan_nombre": "Lonquimay", "drena_volcan": false }, "geometry": { "type": "LineString", "coordinates": [ [ -71.66863, -38.02983 ], [ -71.66882, -38.03007 ], [ -71.66869, -38.03066 ], [ -71.66894, -38.03071 ], [ -71.66953, -38.03063 ], [ -71.66998, -38.03066 ], [ -71.6701, -38.03076 ], [ -71.67009, -38.0311 ], [ -71.67019, -38.03129 ], [ -71.67042, -38.03136 ], [ -71.67101, -38.03133 ], [ -71.67124, -38.03157 ], [ -71.67193, -38.03178 ], [ -71.67336, -38.03198 ], [ -71.67467, -38.03176 ], [ -71.67545, -38.03145 ], [ -71.67639, -38.03129 ], [ -71.67674, -38.03112 ], [ -71.67723, -38.03056 ], [ -71.67795, -38.03012 ], [ -71.67851, -38.02991 ], [ -71.67929, -38.02932 ], [ -71.67972, -38.02909 ], [ -71.6805, -38.02912 ], [ -71.68105, -38.02881 ], [ -71.68259, -38.02825 ], [ -71.68295, -38.02823 ], [ -71.68341, -38.02838 ], [ -71.68381, -38.0282 ], [ -71.68447, -38.02807 ], [ -71.68551, -38.02727 ], [ -71.68566, -38.02681 ], [ -71.68589, -38.02657 ], [ -71.68662, -38.02609 ], [ -71.68744, -38.0258 ], [ -71.68784, -38.02531 ], [ -71.68831, -38.02498 ], [ -71.68879, -38.02438 ], [ -71.68933, -38.02441 ], [ -71.68966, -38.02423 ], [ -71.69002, -38.02364 ], [ -71.69025, -38.02365 ], [ -71.69041, -38.02414 ], [ -71.69062, -38.02421 ], [ -71.69097, -38.02393 ], [ -71.6918, -38.02383 ], [ -71.69276, -38.02327 ], [ -71.69323, -38.02314 ], [ -71.69369, -38.02282 ], [ -71.6941, -38.02273 ] ] } },
{ "type": "Feature", "properties": { "osm_id": 535447275, "nombre": "Estero San Salvador", "tipo": "stream", "volcan_codigo": "LON", "volcan_nombre": "Lonquimay", "drena_volcan": false }, "geometry": { "type": "LineString", "coordinates": [ [ -71.68095, -37.95784 ], [ -71.68091, -37.95875 ], [ -71.68128, -37.95962 ], [ -71.68147, -37.96036 ], [ -71.68151, -37.96105 ], [ -71.68192, -37.96212 ], [ -71.68192, -37.96255 ], [ -71.6815, -37.96344 ], [ -71.68156, -37.9643 ], [ -71.68124, -37.96469 ], [ -71.68118, -37.96489 ], [ -71.68126, -37.96564 ], [ -71.68122, -37.96614 ], [ -71.68106, -37.9664 ], [ -71.6806, -37.96684 ], [ -71.68041, -37.9672 ], [ -71.6806, -37.96775 ], [ -71.68064, -37.96835 ], [ -71.68141, -37.96921 ], [ -71.68163, -37.96965 ], [ -71.68247, -37.97047 ], [ -71.68267, -37.97133 ], [ -71.68286, -37.97167 ], [ -71.68367, -37.97227 ], [ -71.68418, -37.97302 ], [ -71.68493, -37.97364 ], [ -71.68546, -37.97387 ], [ -71.68672, -37.97396 ], [ -71.68724, -37.97424 ], [ -71.68748, -37.97456 ], [ -71.68844, -37.97504 ], [ -71.68895, -37.97548 ], [ -71.68999, -37.97575 ], [ -71.6908, -37.9762 ], [ -71.69172, -37.97643 ], [ -71.69236, -37.97692 ] ] } },
{ "type": "Feature", "properties": { "osm_id": 535447276, "nombre": "Estero San Salvador", "tipo": "stream", "volcan_codigo": "LON", "volcan_nombre": "Lonquimay", "drena_volcan": false }, "geometry": { "type": "LineString", "coordinates": [ [ -71.69236, -37.97692 ], [ -71.69242, -37.97723 ], [ -71.69262, -37.97761 ], [ -71.69266, -37.97795 ], [ -71.69305, -37.97854 ], [ -71.6931, -37.97902 ], [ -71.693, -37.97932 ], [ -71.69344, -37.97999 ], [ -71.69343, -37.98052 ], [ -71.69315, -37.98099 ], [ -71.69325, -37.98143 ], [ -71.69316, -37.98184 ], [ -71.69331, -37.98234 ], [ -71.69327, -37.98295 ], [ -71.69335, -37.9833 ], [ -71.69301, -37.98407 ], [ -71.69303, -37.98449 ], [ -71.69316, -37.98495 ], [ -71.69287, -37.98557 ], [ -71.6929, -37.98605 ], [ -71.6927, -37.98647 ], [ -71.69287, -37.98712 ], [ -71.69281, -37.98764 ], [ -71.69304, -37.98803 ], [ -71.69303, -37.98886 ], [ -71.69269, -37.99012 ], [ -71.69258, -37.99027 ], [ -71.69219, -37.99045 ], [ -71.69182, -37.99081 ], [ -71.69157, -37.99128 ], [ -71.69186, -37.99298 ], [ -71.69169, -37.99376 ] ] } },
{ "type": "Feature", "properties": { "osm_id": 535447277, "nombre": "Estero Cuyano", "tipo": "stream", "volcan_codigo": "LON", "volcan_nombre": "Lonquimay", "drena_volcan": false }, "geometry": { "type": "LineString", "coordinates": [ [ -71.6581, -37.97091 ], [ -71.65823, -37.9715 ], [ -71.65857, -37.97193 ], [ -71.65893, -37.97221 ], [ -71.65922, -37.97267 ], [ -71.65923, -37.97314 ], [ -71.65896, -37.97356 ], [ -71.65894, -37.97374 ], [ -71.65916, -37.9742 ], [ -71.65977, -37.97489 ], [ -71.65976, -37.97607 ], [ -71.6602, -37.9765 ], [ -71.66012, -37.97685 ], [ -71.66014, -37.97756 ], [ -71.66, -37.97816 ], [ -71.66026, -37.97877 ], [ -71.66062, -37.97923 ], [ -71.66131, -37.97948 ], [ -71.66128, -37.97983 ], [ -71.66136, -37.97994 ], [ -71.66192, -37.98017 ], [ -71.66215, -37.98046 ], [ -71.66253, -37.98075 ], [ -71.66258, -37.98094 ], [ -71.66249, -37.98141 ], [ -71.66268, -37.98175 ], [ -71.66283, -37.98187 ], [ -71.66332, -37.98194 ], [ -71.66388, -37.98263 ], [ -71.66417, -37.98276 ], [ -71.66485, -37.98279 ], [ -71.66527, -37.98299 ], [ -71.66535, -37.98343 ], [ -71.66529, -37.98369 ], [ -71.66506, -37.984 ], [ -71.66506, -37.98419 ], [ -71.66572, -37.98435 ], [ -71.66626, -37.98487 ], [ -71.66649, -37.98539 ], [ -71.66671, -37.9863 ], [ -71.66715, -37.98679 ], [ -71.66744, -37.98734 ], [ -71.66769, -37.98741 ], [ -71.66864, -37.98738 ], [ -71.66927, -37.98764 ], [ -71.66955, -37.98753 ], [ -71.66952, -37.98734 ], [ -71.66958, -37.98726 ], [ -71.66982, -37.98721 ], [ -71.67031, -37.98717 ], [ -71.67072, -37.98735 ], [ -71.67114, -37.98736 ], [ -71.67162, -37.98754 ], [ -71.67217, -37.9872 ], [ -71.67284, -37.98723 ], [ -71.67375, -37.98793 ], [ -71.67464, -37.98829 ], [ -71.67486, -37.98853 ], [ -71.67511, -37.98864 ], [ -71.67534, -37.98901 ], [ -71.6756, -37.98908 ], [ -71.67597, -37.98904 ], [ -71.67645, -37.98929 ], [ -71.67712, -37.9895 ], [ -71.67769, -37.99 ], [ -71.67895, -37.99009 ], [ -71.67926, -37.99027 ], [ -71.67978, -37.99039 ], [ -71.68039, -37.99073 ], [ -71.68102, -37.99095 ], [ -71.68135, -37.99097 ], [ -71.68198, -37.99082 ], [ -71.68262, -37.99079 ], [ -71.68397, -37.99102 ], [ -71.68433, -37.99122 ], [ -71.68482, -37.99169 ], [ -71.68515, -37.99185 ], [ -71.68536, -37.99188 ], [ -71.68584, -37.9917 ], [ -71.6861, -37.99171 ], [ -71.68684, -37.99188 ], [ -71.68724, -37.99189 ], [ -71.68809, -37.99215 ], [ -71.6886, -37.99215 ], [ -71.68885, -37.9923 ], [ -71.68897, -37.99251 ], [ -71.68937, -37.99274 ], [ -71.69036, -37.99285 ], [ -71.69087, -37.99324 ], [ -71.69136, -37.99344 ], [ -71.69169, -37.99376 ] ] } },
{ "type": "Feature", "properties": { "osm_id": 535447279, "nombre": "Estero San Salvador", "tipo": "river", "volcan_codigo": "LON", "volcan_nombre": "Lonquimay", "drena_volcan": false }, "geometry": { "type": "LineString", "coordinates": [ [ -71.69169, -37.99376 ], [ -71.692, -37.99417 ], [ -71.69225, -37.99489 ], [ -71.69249, -37.99746 ], [ -71.69283, -37.99819 ], [ -71.69366, -37.99876 ], [ -71.69392, -37.99979 ], [ -71.69388, -38.00055 ], [ -71.69356, -38.00141 ], [ -71.69348, -38.00186 ], [ -71.69389, -38.00282 ], [ -71.69407, -38.0037 ], [ -71.69384, -38.00461 ], [ -71.69349, -38.00528 ], [ -71.69349, -38.00596 ], [ -71.69319, -38.00648 ], [ -71.69314, -38.0069 ], [ -71.69324, -38.00891 ], [ -71.69392, -38.01002 ], [ -71.69399, -38.01031 ], [ -71.69382, -38.0114 ], [ -71.69356, -38.01202 ], [ -71.69368, -38.01276 ], [ -71.69348, -38.01333 ], [ -71.6937, -38.01408 ], [ -71.6937, -38.01485 ], [ -71.69352, -38.01541 ], [ -71.69352, -38.01579 ], [ -71.69373, -38.01652 ], [ -71.69373, -38.01671 ], [ -71.69361, -38.01696 ], [ -71.69373, -38.01752 ], [ -71.69359, -38.0179 ], [ -71.69302, -38.01801 ], [ -71.69239, -38.01849 ], [ -71.69229, -38.01875 ], [ -71.69255, -38.01916 ], [ -71.69363, -38.01997 ], [ -71.69396, -38.02047 ], [ -71.69396, -38.02084 ], [ -71.69327, -38.02131 ], [ -71.69323, -38.02161 ], [ -71.6933, -38.02178 ], [ -71.69388, -38.0222 ], [ -71.6941, -38.02273 ] ] } },
{ "type": "Feature", "properties": { "osm_id": 535447280, "nombre": "Río Diablo", "tipo": "river", "volcan_codigo": "LON", "volcan_nombre": "Lonquimay", "drena_volcan": false }, "geometry": { "type": "LineString", "coordinates": [ [ -71.6941, -38.02273 ], [ -71.69473, -38.02331 ], [ -71.69561, -38.02387 ], [ -71.69611, -38.02384 ], [ -71.69658, -38.02352 ], [ -71.69684, -38.02356 ], [ -71.69699, -38.02376 ], [ -71.69684, -38.02469 ], [ -71.69708, -38.02502 ], [ -71.69768, -38.02522 ], [ -71.69839, -38.02502 ], [ -71.69878, -38.02501 ], [ -71.69976, -38.02588 ], [ -71.7005, -38.02599 ], [ -71.70106, -38.02596 ], [ -71.70182, -38.02542 ], [ -71.70256, -38.02531 ], [ -71.70365, -38.02571 ], [ -71.70472, -38.02569 ], [ -71.70546, -38.02591 ], [ -71.70748, -38.02615 ], [ -71.70869, -38.02647 ], [ -71.70998, -38.02652 ], [ -71.71019, -38.02639 ], [ -71.71042, -38.02597 ], [ -71.71067, -38.02595 ], [ -71.71228, -38.02652 ], [ -71.71328, -38.02666 ], [ -71.71378, -38.02664 ], [ -71.71407, -38.02642 ], [ -71.71446, -38.02546 ], [ -71.71481, -38.02518 ], [ -71.71592, -38.02524 ], [ -71.71726, -38.02489 ], [ -71.71807, -38.02453 ], [ -71.71921, -38.02443 ], [ -71.7198, -38.02393 ], [ -71.72014, -38.02377 ], [ -71.72169, -38.02351 ], [ -71.7227, -38.02309 ], [ -71.72377, -38.02335 ], [ -71.72447, -38.02341 ], [ -71.72673, -38.02281 ], [ -71.72904, -38.02278 ], [ -71.73015, -38.0232 ], [ -71.7307, -38.02328 ], [ -71.73162, -38.02326 ], [ -71.73274, -38.02369 ], [ -71.73299, -38.02371 ], [ -71.73335, -38.02366 ], [ -71.73406, -38.02329 ], [ -71.73498, -38.02326 ], [ -71.73606, -38.02361 ], [ -71.73735, -38.02371 ], [ -71.73878, -38.02419 ], [ -71.73936, -38.0245 ], [ -71.7397, -38.02445 ], [ -71.74009, -38.02392 ], [ -71.74066, -38.02364 ], [ -71.74259, -38.02363 ], [ -71.74309, -38.02303 ], [ -71.74342, -38.02285 ], [ -71.74367, -38.02283 ], [ -71.74406, -38.02296 ], [ -71.74478, -38.02341 ], [ -71.74564, -38.02381 ], [ -71.74661, -38.02396 ], [ -71.74787, -38.02447 ], [ -71.74824, -38.02452 ], [ -71.74893, -38.02422 ], [ -71.74973, -38.02424 ], [ -71.74998, -38.02433 ], [ -71.7507, -38.0249 ], [ -71.75129, -38.02525 ], [ -71.75192, -38.02543 ], [ -71.75254, -38.02545 ], [ -71.75344, -38.02519 ], [ -71.75374, -38.02518 ], [ -71.75565, -38.02556 ], [ -71.75669, -38.02566 ], [ -71.75708, -38.02565 ], [ -71.75718, -38.02549 ], [ -71.75685, -38.02439 ], [ -71.75684, -38.02411 ], [ -71.75696, -38.02385 ], [ -71.7572, -38.0238 ], [ -71.75774, -38.02408 ], [ -71.75814, -38.02471 ], [ -71.75846, -38.02502 ], [ -71.75897, -38.02531 ], [ -71.76066, -38.02578 ], [ -71.76113, -38.02609 ], [ -71.76208, -38.02725 ], [ -71.76255, -38.02844 ], [ -71.76334, -38.02929 ], [ -71.76364, -38.02986 ], [ -71.76418, -38.03054 ], [ -71.76484, -38.03095 ], [ -71.76536, -38.03098 ], [ -71.7657, -38.03085 ], [ -71.7661, -38.03084 ], [ -71.76644, -38.0311 ], [ -71.76703, -38.03202 ] ] } },
{ "type": "Feature", "properties": { "osm_id": 535817842, "nombre": "Sin nombre", "tipo": "stream", "volcan_codigo": "LON", "volcan_nombre": "Lonquimay", "drena_volcan": false }, "geometry": { "type": "LineString", "coordinates": [ [ -71.68712, -38.05606 ], [ -71.68727, -38.05564 ], [ -71.68738, -38.05384 ], [ -71.68759, -38.05336 ], [ -71.68764, -38.05273 ], [ -71.68792, -38.05226 ], [ -71.68801, -38.05104 ], [ -71.68822, -38.05069 ] ] } },
{ "type": "Feature", "properties": { "osm_id": 535817843, "nombre": "Sin nombre", "tipo": "stream", "volcan_codigo": "LON", "volcan_nombre": "Lonquimay", "drena_volcan": false }, "geometry": { "type": "LineString", "coordinates": [ [ -71.72703, -38.02806 ], [ -71.72725, -38.02726 ], [ -71.72813, -38.02646 ], [ -71.72912, -38.02617 ], [ -71.72978, -38.02555 ], [ -71.72996, -38.02496 ], [ -71.73039, -38.02473 ], [ -71.73105, -38.02412 ], [ -71.73242, -38.02357 ] ] } },
{ "type": "Feature", "properties": { "osm_id": 535817844, "nombre": "Sin nombre", "tipo": "stream", "volcan_codigo": "LON", "volcan_nombre": "Lonquimay", "drena_volcan": false }, "geometry": { "type": "LineString", "coordinates": [ [ -71.6853, -38.03636 ], [ -71.6858, -38.03562 ], [ -71.68655, -38.03515 ], [ -71.6866, -38.03471 ], [ -71.68682, -38.03437 ], [ -71.68729, -38.03412 ], [ -71.68767, -38.03371 ], [ -71.68794, -38.03322 ], [ -71.68806, -38.03276 ], [ -71.68833, -38.03235 ], [ -71.68839, -38.03207 ], [ -71.68862, -38.03175 ], [ -71.68941, -38.03129 ], [ -71.69013, -38.03109 ], [ -71.69076, -38.0306 ], [ -71.69123, -38.03042 ], [ -71.69172, -38.03009 ], [ -71.69189, -38.02965 ], [ -71.69191, -38.02936 ], [ -71.69221, -38.02877 ], [ -71.69188, -38.02793 ], [ -71.69187, -38.0276 ], [ -71.6921, -38.02746 ], [ -71.69271, -38.02735 ], [ -71.69303, -38.02721 ], [ -71.69314, -38.02681 ], [ -71.69354, -38.02656 ], [ -71.69366, -38.02632 ], [ -71.69399, -38.02596 ], [ -71.69416, -38.02508 ], [ -71.69494, -38.02498 ], [ -71.69537, -38.02435 ], [ -71.69587, -38.02388 ] ] } },
{ "type": "Feature", "properties": { "osm_id": 535817845, "nombre": "Sin nombre", "tipo": "stream", "volcan_codigo": "LON", "volcan_nombre": "Lonquimay", "drena_volcan": false }, "geometry": { "type": "LineString", "coordinates": [ [ -71.68704, -38.04086 ], [ -71.6874, -38.04119 ], [ -71.68758, -38.04148 ], [ -71.68775, -38.04203 ], [ -71.68782, -38.04284 ], [ -71.68838, -38.04419 ], [ -71.68837, -38.04603 ], [ -71.68807, -38.04737 ], [ -71.68844, -38.04829 ], [ -71.68841, -38.04907 ], [ -71.68848, -38.04927 ], [ -71.68917, -38.04995 ], [ -71.68971, -38.05082 ] ] } },
{ "type": "Feature", "properties": { "osm_id": 535817846, "nombre": "Río Diablito", "tipo": "stream", "volcan_codigo": "LON", "volcan_nombre": "Lonquimay", "drena_volcan": false }, "geometry": { "type": "LineString", "coordinates": [ [ -71.68971, -38.05082 ], [ -71.69314, -38.05096 ], [ -71.6956, -38.05025 ], [ -71.69644, -38.04949 ], [ -71.69783, -38.04902 ], [ -71.6981, -38.04864 ], [ -71.69822, -38.04824 ], [ -71.69989, -38.04673 ], [ -71.70007, -38.04627 ], [ -71.70043, -38.04597 ], [ -71.70046, -38.04567 ], [ -71.70059, -38.04551 ], [ -71.70126, -38.0452 ], [ -71.70134, -38.04491 ], [ -71.7011, -38.04468 ], [ -71.70104, -38.04416 ], [ -71.70117, -38.044 ], [ -71.70156, -38.04377 ], [ -71.70165, -38.04285 ], [ -71.70247, -38.04262 ], [ -71.70247, -38.04189 ], [ -71.70265, -38.04172 ], [ -71.70304, -38.04148 ], [ -71.70367, -38.04154 ], [ -71.70403, -38.04167 ], [ -71.70454, -38.04169 ], [ -71.70495, -38.04143 ], [ -71.70518, -38.04086 ], [ -71.7055, -38.04055 ], [ -71.70614, -38.04052 ], [ -71.70662, -38.0404 ], [ -71.7068, -38.04028 ], [ -71.70714, -38.03977 ], [ -71.7079, -38.03976 ], [ -71.7083, -38.03937 ], [ -71.70943, -38.03907 ], [ -71.70975, -38.03889 ], [ -71.70988, -38.03872 ], [ -71.70987, -38.03851 ], [ -71.70974, -38.03826 ], [ -71.70974, -38.03794 ], [ -71.70989, -38.03766 ], [ -71.71009, -38.0375 ], [ -71.71084, -38.03723 ], [ -71.71137, -38.03686 ], [ -71.71239, -38.03635 ], [ -71.71477, -38.03561 ], [ -71.71643, -38.03564 ], [ -71.71731, -38.03522 ], [ -71.71783, -38.0351 ], [ -71.71918, -38.03542 ], [ -71.72055, -38.0355 ], [ -71.72121, -38.03541 ], [ -71.72171, -38.03563 ], [ -71.72237, -38.03564 ], [ -71.72258, -38.03586 ], [ -71.72253, -38.03625 ], [ -71.72259, -38.03643 ], [ -71.72322, -38.03652 ], [ -71.72362, -38.03688 ], [ -71.72466, -38.03686 ], [ -71.72475, -38.03693 ], [ -71.7248, -38.03732 ], [ -71.72496, -38.03759 ], [ -71.72551, -38.03781 ], [ -71.7262, -38.03783 ], [ -71.72641, -38.03794 ], [ -71.72654, -38.0381 ], [ -71.72657, -38.03828 ], [ -71.72632, -38.03866 ], [ -71.72636, -38.03917 ], [ -71.72667, -38.0393 ], [ -71.72735, -38.03928 ], [ -71.72762, -38.03935 ], [ -71.72842, -38.03983 ], [ -71.72855, -38.03999 ], [ -71.7286, -38.04055 ], [ -71.72906, -38.0411 ], [ -71.7298, -38.04146 ], [ -71.73032, -38.04191 ], [ -71.73133, -38.04219 ], [ -71.73277, -38.04234 ], [ -71.73349, -38.04273 ], [ -71.73395, -38.04288 ], [ -71.73445, -38.04322 ] ] } },
{ "type": "Feature", "properties": { "osm_id": 535817847, "nombre": "Sin nombre", "tipo": "stream", "volcan_codigo": "LON", "volcan_nombre": "Lonquimay", "drena_volcan": false }, "geometry": { "type": "LineString", "coordinates": [ [ -71.68193, -37.98379 ], [ -71.68168, -37.98438 ], [ -71.68168, -37.98504 ], [ -71.68105, -37.98586 ], [ -71.68096, -37.98623 ], [ -71.68074, -37.98657 ], [ -71.68063, -37.98721 ] ] } },
{ "type": "Feature", "properties": { "osm_id": 535817848, "nombre": "Sin nombre", "tipo": "stream", "volcan_codigo": "LON", "volcan_nombre": "Lonquimay", "drena_volcan": false }, "geometry": { "type": "LineString", "coordinates": [ [ -71.6629, -37.99121 ], [ -71.66388, -37.9909 ], [ -71.66598, -37.99091 ], [ -71.66652, -37.99083 ], [ -71.66759, -37.99035 ], [ -71.66831, -37.98948 ], [ -71.66865, -37.98944 ], [ -71.66899, -37.98928 ], [ -71.66902, -37.98899 ], [ -71.66929, -37.98877 ], [ -71.66949, -37.98842 ], [ -71.66972, -37.98833 ], [ -71.67055, -37.98834 ], [ -71.67092, -37.98825 ], [ -71.67126, -37.98806 ], [ -71.67183, -37.98745 ] ] } },
{ "type": "Feature", "properties": { "osm_id": 535817849, "nombre": "Sin nombre", "tipo": "stream", "volcan_codigo": "LON", "volcan_nombre": "Lonquimay", "drena_volcan": false }, "geometry": { "type": "LineString", "coordinates": [ [ -71.68042, -38.03682 ], [ -71.68002, -38.03638 ], [ -71.67783, -38.03534 ], [ -71.67626, -38.03418 ], [ -71.67522, -38.03379 ], [ -71.6744, -38.03358 ] ] } },
{ "type": "Feature", "properties": { "osm_id": 535817850, "nombre": "Sin nombre", "tipo": "stream", "volcan_codigo": "LON", "volcan_nombre": "Lonquimay", "drena_volcan": false }, "geometry": { "type": "LineString", "coordinates": [ [ -71.67605, -38.03906 ], [ -71.67571, -38.03851 ], [ -71.6756, -38.03767 ], [ -71.67526, -38.03701 ], [ -71.67505, -38.03634 ], [ -71.67444, -38.03543 ], [ -71.6743, -38.03504 ] ] } },
{ "type": "Feature", "properties": { "osm_id": 535817851, "nombre": "Sin nombre", "tipo": "stream", "volcan_codigo": "LON", "volcan_nombre": "Lonquimay", "drena_volcan": false }, "geometry": { "type": "LineString", "coordinates": [ [ -71.67362, -38.04136 ], [ -71.67336, -38.04058 ], [ -71.67336, -38.0403 ], [ -71.67358, -38.0399 ], [ -71.67358, -38.03907 ], [ -71.67367, -38.03887 ], [ -71.67349, -38.03819 ], [ -71.67353, -38.03727 ], [ -71.67367, -38.03663 ], [ -71.67369, -38.03612 ], [ -71.67387, -38.03556 ], [ -71.6743, -38.03504 ], [ -71.67457, -38.03444 ], [ -71.67458, -38.0341 ], [ -71.67454, -38.03378 ], [ -71.67403, -38.03323 ], [ -71.67381, -38.03284 ], [ -71.67367, -38.03239 ], [ -71.67344, -38.03219 ], [ -71.67343, -38.03197 ] ] } },
{ "type": "Feature", "properties": { "osm_id": 535817852, "nombre": "Sin nombre", "tipo": "stream", "volcan_codigo": "LON", "volcan_nombre": "Lonquimay", "drena_volcan": false }, "geometry": { "type": "LineString", "coordinates": [ [ -71.69202, -38.03269 ], [ -71.69228, -38.03181 ], [ -71.69229, -38.0315 ], [ -71.69219, -38.0312 ], [ -71.69216, -38.03071 ], [ -71.69181, -38.02992 ] ] } },
{ "type": "Feature", "properties": { "osm_id": 535817853, "nombre": "Sin nombre", "tipo": "stream", "volcan_codigo": "LON", "volcan_nombre": "Lonquimay", "drena_volcan": false }, "geometry": { "type": "LineString", "coordinates": [ [ -71.68917, -38.03855 ], [ -71.68915, -38.03744 ], [ -71.68901, -38.03679 ], [ -71.68903, -38.03646 ], [ -71.68917, -38.03609 ], [ -71.68949, -38.0358 ], [ -71.68959, -38.03532 ], [ -71.68931, -38.03449 ], [ -71.68887, -38.034 ], [ -71.68855, -38.03311 ], [ -71.68819, -38.03259 ] ] } },
{ "type": "Feature", "properties": { "osm_id": 535817854, "nombre": "Sin nombre", "tipo": "stream", "volcan_codigo": "LON", "volcan_nombre": "Lonquimay", "drena_volcan": false }, "geometry": { "type": "LineString", "coordinates": [ [ -71.68125, -38.03486 ], [ -71.68132, -38.03423 ], [ -71.68151, -38.03388 ], [ -71.68154, -38.03356 ], [ -71.682, -38.03271 ], [ -71.68218, -38.03255 ], [ -71.68233, -38.0321 ] ] } },
{ "type": "Feature", "properties": { "osm_id": 535817855, "nombre": "Sin nombre", "tipo": "stream", "volcan_codigo": "LON", "volcan_nombre": "Lonquimay", "drena_volcan": false }, "geometry": { "type": "LineString", "coordinates": [ [ -71.68295, -38.03533 ], [ -71.68295, -38.03496 ], [ -71.68319, -38.03449 ], [ -71.68296, -38.03331 ], [ -71.6828, -38.03305 ], [ -71.68277, -38.03266 ], [ -71.68233, -38.0321 ], [ -71.68194, -38.03127 ], [ -71.68216, -38.03019 ], [ -71.68212, -38.02966 ], [ -71.68192, -38.02911 ], [ -71.68191, -38.02862 ], [ -71.68199, -38.02851 ] ] } },
{ "type": "Feature", "properties": { "osm_id": 535817856, "nombre": "Sin nombre", "tipo": "stream", "volcan_codigo": "LON", "volcan_nombre": "Lonquimay", "drena_volcan": false }, "geometry": { "type": "LineString", "coordinates": [ [ -71.66618, -38.03624 ], [ -71.66667, -38.03546 ], [ -71.66687, -38.03491 ], [ -71.66771, -38.03405 ], [ -71.6687, -38.03343 ], [ -71.66965, -38.03308 ], [ -71.67077, -38.03235 ], [ -71.6714, -38.03176 ], [ -71.67161, -38.03171 ] ] } },
{ "type": "Feature", "properties": { "osm_id": 535817857, "nombre": "Sin nombre", "tipo": "stream", "volcan_codigo": "LON", "volcan_nombre": "Lonquimay", "drena_volcan": false }, "geometry": { "type": "LineString", "coordinates": [ [ -71.70907, -37.97454 ], [ -71.70741, -37.97382 ], [ -71.707, -37.97345 ], [ -71.70656, -37.97289 ], [ -71.70596, -37.97254 ], [ -71.7045, -37.97218 ], [ -71.70386, -37.97218 ], [ -71.70311, -37.97237 ] ] } },
{ "type": "Feature", "properties": { "osm_id": 535817858, "nombre": "Sin nombre", "tipo": "stream", "volcan_codigo": "LON", "volcan_nombre": "Lonquimay", "drena_volcan": false }, "geometry": { "type": "LineString", "coordinates": [ [ -71.7028, -37.96641 ], [ -71.7031, -37.96688 ], [ -71.7034, -37.96777 ], [ -71.70386, -37.9686 ], [ -71.70412, -37.96928 ], [ -71.70439, -37.96963 ], [ -71.70472, -37.97024 ], [ -71.70473, -37.97078 ], [ -71.7046, -37.97115 ], [ -71.70418, -37.97151 ], [ -71.70387, -37.97166 ], [ -71.70311, -37.97237 ] ] } },
{ "type": "Feature", "properties": { "osm_id": 535817859, "nombre": "Sin nombre", "tipo": "stream", "volcan_codigo": "LON", "volcan_nombre": "Lonquimay", "drena_volcan": false }, "geometry": { "type": "LineString", "coordinates": [ [ -71.69394, -37.96195 ], [ -71.69378, -37.9625 ], [ -71.69376, -37.9632 ], [ -71.69364, -37.96336 ], [ -71.69301, -37.96376 ], [ -71.69273, -37.96453 ], [ -71.69243, -37.96487 ], [ -71.69198, -37.96521 ], [ -71.69185, -37.96564 ], [ -71.69132, -37.96669 ] ] } },
{ "type": "Feature", "properties": { "osm_id": 535817860, "nombre": "Sin nombre", "tipo": "stream", "volcan_codigo": "LON", "volcan_nombre": "Lonquimay", "drena_volcan": false }, "geometry": { "type": "LineString", "coordinates": [ [ -71.6867, -37.95965 ], [ -71.68726, -37.96047 ], [ -71.68828, -37.96271 ], [ -71.68919, -37.96367 ], [ -71.68959, -37.96457 ], [ -71.6898, -37.96537 ], [ -71.69015, -37.96579 ], [ -71.69064, -37.96606 ], [ -71.69132, -37.96669 ] ] } },
{ "type": "Feature", "properties": { "osm_id": 535817861, "nombre": "Sin nombre", "tipo": "stream", "volcan_codigo": "LON", "volcan_nombre": "Lonquimay", "drena_volcan": false }, "geometry": { "type": "LineString", "coordinates": [ [ -71.70794, -37.97808 ], [ -71.70629, -37.97826 ], [ -71.70511, -37.9788 ], [ -71.70453, -37.97894 ], [ -71.70279, -37.97956 ], [ -71.70006, -37.97994 ], [ -71.69915, -37.9804 ], [ -71.69849, -37.98063 ], [ -71.69811, -37.98068 ], [ -71.69688, -37.98113 ], [ -71.69602, -37.98169 ], [ -71.69475, -37.98212 ], [ -71.69399, -37.98271 ], [ -71.69327, -37.98295 ] ] } },
{ "type": "Feature", "properties": { "osm_id": 535817862, "nombre": "Sin nombre", "tipo": "stream", "volcan_codigo": "LON", "volcan_nombre": "Lonquimay", "drena_volcan": false }, "geometry": { "type": "LineString", "coordinates": [ [ -71.6665, -37.96275 ], [ -71.66544, -37.96337 ], [ -71.66455, -37.96417 ], [ -71.66316, -37.96483 ], [ -71.66263, -37.96518 ], [ -71.66057, -37.96685 ], [ -71.66034, -37.96717 ], [ -71.65938, -37.9681 ], [ -71.65927, -37.96866 ], [ -71.65854, -37.96969 ], [ -71.65829, -37.97055 ], [ -71.6581, -37.97091 ] ] } },
{ "type": "Feature", "properties": { "osm_id": 535817863, "nombre": "Sin nombre", "tipo": "stream", "volcan_codigo": "LON", "volcan_nombre": "Lonquimay", "drena_volcan": false }, "geometry": { "type": "LineString", "coordinates": [ [ -71.70426, -37.98807 ], [ -71.7028, -37.98749 ], [ -71.70122, -37.98733 ], [ -71.70068, -37.98746 ], [ -71.70009, -37.98775 ], [ -71.69931, -37.98837 ] ] } },
{ "type": "Feature", "properties": { "osm_id": 535817864, "nombre": "Sin nombre", "tipo": "stream", "volcan_codigo": "LON", "volcan_nombre": "Lonquimay", "drena_volcan": false }, "geometry": { "type": "LineString", "coordinates": [ [ -71.70384, -37.99025 ], [ -71.70146, -37.98953 ], [ -71.70058, -37.98898 ], [ -71.69965, -37.98865 ], [ -71.69931, -37.98837 ] ] } },
{ "type": "Feature", "properties": { "osm_id": 535817865, "nombre": "Sin nombre", "tipo": "stream", "volcan_codigo": "LON", "volcan_nombre": "Lonquimay", "drena_volcan": false }, "geometry": { "type": "LineString", "coordinates": [ [ -71.69738, -37.99281 ], [ -71.69673, -37.99275 ], [ -71.6962, -37.99257 ], [ -71.69436, -37.9925 ], [ -71.69373, -37.99278 ], [ -71.69258, -37.99274 ], [ -71.69186, -37.99298 ] ] } },
{ "type": "Feature", "properties": { "osm_id": 535817866, "nombre": "Sin nombre", "tipo": "stream", "volcan_codigo": "LON", "volcan_nombre": "Lonquimay", "drena_volcan": false }, "geometry": { "type": "LineString", "coordinates": [ [ -71.70328, -38.00033 ], [ -71.70183, -37.99973 ], [ -71.70096, -37.99947 ] ] } },
{ "type": "Feature", "properties": { "osm_id": 535817867, "nombre": "Sin nombre", "tipo": "stream", "volcan_codigo": "LON", "volcan_nombre": "Lonquimay", "drena_volcan": false }, "geometry": { "type": "LineString", "coordinates": [ [ -71.70242, -37.99915 ], [ -71.70067, -37.99948 ], [ -71.70035, -37.99941 ], [ -71.6988, -37.99941 ], [ -71.6969, -37.99904 ] ] } },
{ "type": "Feature", "properties": { "osm_id": 535817868, "nombre": "Sin nombre", "tipo": "stream", "volcan_codigo": "LON", "volcan_nombre": "Lonquimay", "drena_volcan": false }, "geometry": { "type": "LineString", "coordinates": [ [ -71.70296, -37.99808 ], [ -71.70074, -37.99845 ], [ -71.70007, -37.99847 ], [ -71.69972, -37.9986 ], [ -71.69779, -37.99885 ], [ -71.69713, -37.99903 ], [ -71.69628, -37.99897 ], [ -71.69568, -37.99908 ], [ -71.69377, -37.99923 ] ] } },
{ "type": "Feature", "properties": { "osm_id": 535817869, "nombre": "Sin nombre", "tipo": "stream", "volcan_codigo": "LON", "volcan_nombre": "Lonquimay", "drena_volcan": false }, "geometry": { "type": "LineString", "coordinates": [ [ -71.6588, -38.02498 ], [ -71.65827, -38.02611 ], [ -71.65836, -38.02665 ], [ -71.6583, -38.0273 ], [ -71.65851, -38.02776 ], [ -71.65846, -38.02796 ], [ -71.65826, -38.02819 ], [ -71.65821, -38.02887 ], [ -71.65829, -38.02905 ] ] } },
{ "type": "Feature", "properties": { "osm_id": 535817870, "nombre": "Sin nombre", "tipo": "stream", "volcan_codigo": "LON", "volcan_nombre": "Lonquimay", "drena_volcan": false }, "geometry": { "type": "LineString", "coordinates": [ [ -71.66022, -38.00833 ], [ -71.6598, -38.00911 ], [ -71.6597, -38.00995 ], [ -71.65867, -38.01128 ], [ -71.65821, -38.0131 ], [ -71.65711, -38.01454 ], [ -71.65673, -38.01539 ], [ -71.65623, -38.01588 ], [ -71.65545, -38.01752 ], [ -71.65507, -38.01807 ], [ -71.6547, -38.0194 ] ] } },
{ "type": "Feature", "properties": { "osm_id": 535817871, "nombre": "Sin nombre", "tipo": "stream", "volcan_codigo": "LON", "volcan_nombre": "Lonquimay", "drena_volcan": false }, "geometry": { "type": "LineString", "coordinates": [ [ -71.66508, -38.00712 ], [ -71.66586, -38.00619 ], [ -71.66654, -38.00565 ], [ -71.66698, -38.00496 ], [ -71.66792, -38.00408 ], [ -71.6683, -38.00361 ], [ -71.66837, -38.00331 ], [ -71.66822, -38.00294 ], [ -71.66861, -38.00229 ], [ -71.66873, -38.00166 ], [ -71.66864, -38.00094 ] ] } },
{ "type": "Feature", "properties": { "osm_id": 535817872, "nombre": "Sin nombre", "tipo": "stream", "volcan_codigo": "LON", "volcan_nombre": "Lonquimay", "drena_volcan": false }, "geometry": { "type": "LineString", "coordinates": [ [ -71.67425, -38.00597 ], [ -71.67538, -38.00541 ], [ -71.6757, -38.00519 ], [ -71.67624, -38.00463 ], [ -71.67701, -38.00417 ], [ -71.67739, -38.00378 ], [ -71.67767, -38.00331 ], [ -71.67803, -38.00297 ], [ -71.67855, -38.00263 ], [ -71.6801, -38.00217 ], [ -71.68135, -38.00154 ], [ -71.68263, -38.00128 ], [ -71.68364, -38.00092 ], [ -71.68447, -38.00081 ] ] } },
{ "type": "Feature", "properties": { "osm_id": 535817876, "nombre": "Sin nombre", "tipo": "stream", "volcan_codigo": "LON", "volcan_nombre": "Lonquimay", "drena_volcan": false }, "geometry": { "type": "LineString", "coordinates": [ [ -71.67398, -38.00495 ], [ -71.67428, -38.00471 ], [ -71.67454, -38.00419 ], [ -71.6751, -38.0037 ], [ -71.67546, -38.0031 ], [ -71.67699, -38.00222 ], [ -71.67922, -38.00158 ], [ -71.67935, -38.00114 ], [ -71.67873, -38.00019 ], [ -71.67878, -37.99989 ], [ -71.6791, -37.99962 ] ] } },
{ "type": "Feature", "properties": { "osm_id": 535817882, "nombre": "Sin nombre", "tipo": "stream", "volcan_codigo": "LON", "volcan_nombre": "Lonquimay", "drena_volcan": false }, "geometry": { "type": "LineString", "coordinates": [ [ -71.67699, -38.02185 ], [ -71.67709, -38.0228 ], [ -71.67745, -38.02353 ], [ -71.67808, -38.02442 ], [ -71.67891, -38.02529 ], [ -71.6793, -38.02588 ], [ -71.68024, -38.027 ], [ -71.68105, -38.02881 ] ] } },
{ "type": "Feature", "properties": { "osm_id": 535817886, "nombre": "Sin nombre", "tipo": "stream", "volcan_codigo": "LON", "volcan_nombre": "Lonquimay", "drena_volcan": false }, "geometry": { "type": "LineString", "coordinates": [ [ -71.68452, -38.01568 ], [ -71.68622, -38.01585 ], [ -71.68811, -38.01638 ], [ -71.68921, -38.01638 ], [ -71.69016, -38.01625 ], [ -71.69182, -38.01616 ], [ -71.69314, -38.01618 ], [ -71.69368, -38.01632 ] ] } },
{ "type": "Feature", "properties": { "osm_id": 535817889, "nombre": "Sin nombre", "tipo": "stream", "volcan_codigo": "LON", "volcan_nombre": "Lonquimay", "drena_volcan": false }, "geometry": { "type": "LineString", "coordinates": [ [ -71.68485, -38.01341 ], [ -71.6873, -38.01348 ], [ -71.68962, -38.01396 ], [ -71.69187, -38.01405 ], [ -71.6937, -38.01438 ] ] } },
{ "type": "Feature", "properties": { "osm_id": 535817891, "nombre": "Sin nombre", "tipo": "stream", "volcan_codigo": "LON", "volcan_nombre": "Lonquimay", "drena_volcan": false }, "geometry": { "type": "LineString", "coordinates": [ [ -71.67836, -38.01876 ], [ -71.6795, -38.01895 ], [ -71.68105, -38.01897 ], [ -71.68236, -38.01847 ], [ -71.68328, -38.01833 ], [ -71.68412, -38.01831 ], [ -71.68507, -38.01814 ] ] } },
{ "type": "Feature", "properties": { "osm_id": 535817892, "nombre": "Sin nombre", "tipo": "stream", "volcan_codigo": "LON", "volcan_nombre": "Lonquimay", "drena_volcan": false }, "geometry": { "type": "LineString", "coordinates": [ [ -71.67845, -38.01607 ], [ -71.67978, -38.01652 ], [ -71.68108, -38.01725 ], [ -71.68334, -38.01754 ], [ -71.68507, -38.01814 ] ] } },
{ "type": "Feature", "properties": { "osm_id": 535817893, "nombre": "Sin nombre", "tipo": "stream", "volcan_codigo": "LON", "volcan_nombre": "Lonquimay", "drena_volcan": false }, "geometry": { "type": "LineString", "coordinates": [ [ -71.67921, -38.01276 ], [ -71.68016, -38.01258 ], [ -71.68145, -38.0125 ], [ -71.68238, -38.01217 ], [ -71.68618, -38.01158 ], [ -71.68648, -38.01141 ], [ -71.68709, -38.01083 ], [ -71.68918, -38.01001 ] ] } },
{ "type": "Feature", "properties": { "osm_id": 535817894, "nombre": "Sin nombre", "tipo": "stream", "volcan_codigo": "LON", "volcan_nombre": "Lonquimay", "drena_volcan": false }, "geometry": { "type": "LineString", "coordinates": [ [ -71.67955, -38.0064 ], [ -71.68044, -38.00633 ], [ -71.68133, -38.00614 ], [ -71.68237, -38.00627 ], [ -71.68342, -38.0063 ], [ -71.68481, -38.00578 ], [ -71.68582, -38.00517 ], [ -71.68661, -38.00488 ] ] } },
{ "type": "Feature", "properties": { "osm_id": 535817895, "nombre": "Sin nombre", "tipo": "stream", "volcan_codigo": "LON", "volcan_nombre": "Lonquimay", "drena_volcan": false }, "geometry": { "type": "LineString", "coordinates": [ [ -71.67771, -38.00852 ], [ -71.68178, -38.00876 ], [ -71.68295, -38.00913 ] ] } },
{ "type": "Feature", "properties": { "osm_id": 535817896, "nombre": "Sin nombre", "tipo": "stream", "volcan_codigo": "LON", "volcan_nombre": "Lonquimay", "drena_volcan": false }, "geometry": { "type": "LineString", "coordinates": [ [ -71.67884, -38.01055 ], [ -71.67916, -38.01039 ], [ -71.68016, -38.01016 ], [ -71.68269, -38.00921 ], [ -71.68389, -38.009 ], [ -71.68483, -38.00865 ], [ -71.68635, -38.00851 ], [ -71.68715, -38.0083 ], [ -71.6879, -38.00827 ] ] } },
{ "type": "Feature", "properties": { "osm_id": 535817897, "nombre": "Sin nombre", "tipo": "stream", "volcan_codigo": "LON", "volcan_nombre": "Lonquimay", "drena_volcan": false }, "geometry": { "type": "LineString", "coordinates": [ [ -71.69873, -38.01531 ], [ -71.69707, -38.01523 ], [ -71.69523, -38.01471 ], [ -71.6943, -38.01457 ], [ -71.6937, -38.01457 ] ] } },
{ "type": "Feature", "properties": { "osm_id": 535817898, "nombre": "Sin nombre", "tipo": "stream", "volcan_codigo": "LON", "volcan_nombre": "Lonquimay", "drena_volcan": false }, "geometry": { "type": "LineString", "coordinates": [ [ -71.66026, -38.00434 ], [ -71.6611, -38.00395 ], [ -71.66214, -38.00305 ], [ -71.6637, -38.00215 ], [ -71.6647, -38.00192 ], [ -71.66684, -38.00159 ], [ -71.66853, -38.001 ], [ -71.67026, -37.99994 ], [ -71.67129, -37.99987 ], [ -71.6715, -37.99976 ], [ -71.67229, -37.99905 ], [ -71.67263, -37.99893 ], [ -71.67311, -37.99856 ], [ -71.67372, -37.99865 ], [ -71.67432, -37.99848 ], [ -71.6749, -37.99848 ], [ -71.67561, -37.99859 ], [ -71.67607, -37.99889 ], [ -71.6764, -37.99931 ], [ -71.67784, -37.99967 ], [ -71.67839, -37.9996 ], [ -71.6796, -37.99963 ], [ -71.67992, -37.99949 ], [ -71.68039, -37.99912 ], [ -71.68118, -37.99901 ], [ -71.68142, -37.9991 ], [ -71.68175, -37.99954 ], [ -71.68209, -37.99982 ], [ -71.68296, -37.99997 ], [ -71.68381, -38.00049 ], [ -71.68437, -38.00074 ], [ -71.68493, -38.00137 ], [ -71.68561, -38.0026 ], [ -71.68606, -38.00316 ], [ -71.68612, -38.00377 ], [ -71.68658, -38.00466 ], [ -71.68661, -38.00539 ], [ -71.68671, -38.00566 ], [ -71.68702, -38.00594 ], [ -71.68801, -38.00651 ], [ -71.68823, -38.00675 ], [ -71.6883, -38.00735 ], [ -71.68782, -38.00779 ], [ -71.68781, -38.00809 ], [ -71.68801, -38.00835 ], [ -71.68849, -38.00847 ], [ -71.68882, -38.00876 ], [ -71.68883, -38.00895 ], [ -71.68859, -38.00933 ], [ -71.68861, -38.0096 ], [ -71.68884, -38.0097 ], [ -71.68904, -38.00996 ], [ -71.68931, -38.01004 ], [ -71.69092, -38.01003 ], [ -71.69255, -38.01012 ], [ -71.69386, -38.00992 ] ] } },
{ "type": "Feature", "properties": { "osm_id": 535817899, "nombre": "Sin nombre", "tipo": "stream", "volcan_codigo": "LON", "volcan_nombre": "Lonquimay", "drena_volcan": false }, "geometry": { "type": "LineString", "coordinates": [ [ -71.72654, -38.02047 ], [ -71.72635, -38.02116 ], [ -71.72588, -38.02217 ], [ -71.72591, -38.02252 ], [ -71.72619, -38.02292 ] ] } },
{ "type": "Feature", "properties": { "osm_id": 535817900, "nombre": "Sin nombre", "tipo": "stream", "volcan_codigo": "LON", "volcan_nombre": "Lonquimay", "drena_volcan": false }, "geometry": { "type": "LineString", "coordinates": [ [ -71.71895, -38.01833 ], [ -71.71889, -38.01937 ], [ -71.71866, -38.02 ], [ -71.71866, -38.02061 ], [ -71.71883, -38.02102 ], [ -71.71883, -38.02142 ], [ -71.71865, -38.02192 ], [ -71.71869, -38.02262 ], [ -71.71915, -38.02379 ], [ -71.71954, -38.02415 ] ] } },
{ "type": "Feature", "properties": { "osm_id": 535831297, "nombre": "Sin nombre", "tipo": "stream", "volcan_codigo": "LON", "volcan_nombre": "Lonquimay", "drena_volcan": false }, "geometry": { "type": "LineString", "coordinates": [ [ -71.794, -37.98754 ], [ -71.79509, -37.98779 ], [ -71.79605, -37.98816 ], [ -71.79851, -37.9886 ], [ -71.80055, -37.98923 ], [ -71.80114, -37.98929 ], [ -71.80167, -37.98923 ], [ -71.80245, -37.98882 ], [ -71.80323, -37.98858 ] ] } },
{ "type": "Feature", "properties": { "osm_id": 535831298, "nombre": "Sin nombre", "tipo": "stream", "volcan_codigo": "LON", "volcan_nombre": "Lonquimay", "drena_volcan": false }, "geometry": { "type": "LineString", "coordinates": [ [ -71.79011, -37.99227 ], [ -71.79118, -37.9924 ], [ -71.79218, -37.99264 ], [ -71.79338, -37.99336 ], [ -71.79418, -37.99363 ], [ -71.7957, -37.99371 ], [ -71.79615, -37.99354 ], [ -71.79731, -37.99339 ], [ -71.79889, -37.9937 ], [ -71.79952, -37.99397 ], [ -71.80042, -37.99459 ] ] } },
{ "type": "Feature", "properties": { "osm_id": 535831299, "nombre": "Sin nombre", "tipo": "stream", "volcan_codigo": "LON", "volcan_nombre": "Lonquimay", "drena_volcan": false }, "geometry": { "type": "LineString", "coordinates": [ [ -71.7882, -37.9939 ], [ -71.78993, -37.99423 ], [ -71.79218, -37.99487 ], [ -71.79413, -37.9952 ] ] } },
{ "type": "Feature", "properties": { "osm_id": 535831300, "nombre": "Sin nombre", "tipo": "stream", "volcan_codigo": "LON", "volcan_nombre": "Lonquimay", "drena_volcan": false }, "geometry": { "type": "LineString", "coordinates": [ [ -71.78892, -37.99312 ], [ -71.79177, -37.99384 ], [ -71.79354, -37.99494 ], [ -71.7962, -37.99609 ], [ -71.79864, -37.99673 ], [ -71.79984, -37.9968 ] ] } },
{ "type": "Feature", "properties": { "osm_id": 535831301, "nombre": "Sin nombre", "tipo": "stream", "volcan_codigo": "LON", "volcan_nombre": "Lonquimay", "drena_volcan": false }, "geometry": { "type": "LineString", "coordinates": [ [ -71.79865, -37.98363 ], [ -71.79916, -37.98388 ], [ -71.8007, -37.98422 ], [ -71.80152, -37.9846 ], [ -71.80186, -37.98498 ], [ -71.80259, -37.98542 ], [ -71.80313, -37.98564 ], [ -71.80389, -37.98575 ] ] } },
{ "type": "Feature", "properties": { "osm_id": 535831302, "nombre": "Sin nombre", "tipo": "stream", "volcan_codigo": "LON", "volcan_nombre": "Lonquimay", "drena_volcan": false }, "geometry": { "type": "LineString", "coordinates": [ [ -71.79852, -37.98218 ], [ -71.80019, -37.98261 ], [ -71.80191, -37.98284 ], [ -71.80306, -37.98279 ], [ -71.80412, -37.9825 ] ] } },
{ "type": "Feature", "properties": { "osm_id": 535831303, "nombre": "Sin nombre", "tipo": "stream", "volcan_codigo": "LON", "volcan_nombre": "Lonquimay", "drena_volcan": false }, "geometry": { "type": "LineString", "coordinates": [ [ -71.82421, -37.97742 ], [ -71.82379, -37.97771 ], [ -71.82282, -37.97799 ], [ -71.82183, -37.97846 ] ] } },
{ "type": "Feature", "properties": { "osm_id": 535831304, "nombre": "Sin nombre", "tipo": "stream", "volcan_codigo": "LON", "volcan_nombre": "Lonquimay", "drena_volcan": false }, "geometry": { "type": "LineString", "coordinates": [ [ -71.82535, -37.97619 ], [ -71.8248, -37.9762 ], [ -71.82441, -37.9763 ], [ -71.82215, -37.97714 ], [ -71.8206, -37.97753 ], [ -71.8199, -37.97797 ], [ -71.81953, -37.97809 ] ] } },
{ "type": "Feature", "properties": { "osm_id": 535831305, "nombre": "Sin nombre", "tipo": "stream", "volcan_codigo": "LON", "volcan_nombre": "Lonquimay", "drena_volcan": false }, "geometry": { "type": "LineString", "coordinates": [ [ -71.81936, -37.9753 ], [ -71.81796, -37.97506 ], [ -71.81696, -37.97525 ], [ -71.81525, -37.97525 ], [ -71.81442, -37.97567 ], [ -71.81381, -37.97578 ] ] } },
{ "type": "Feature", "properties": { "osm_id": 535831306, "nombre": "Sin nombre", "tipo": "stream", "volcan_codigo": "LON", "volcan_nombre": "Lonquimay", "drena_volcan": false }, "geometry": { "type": "LineString", "coordinates": [ [ -71.82582, -37.9794 ], [ -71.82517, -37.97931 ], [ -71.82411, -37.97931 ], [ -71.82312, -37.97914 ], [ -71.82265, -37.97896 ], [ -71.82183, -37.97846 ], [ -71.82045, -37.97849 ], [ -71.81862, -37.97767 ], [ -71.81786, -37.97707 ], [ -71.81713, -37.97683 ], [ -71.81617, -37.97677 ], [ -71.81551, -37.97662 ], [ -71.8143, -37.9761 ], [ -71.81365, -37.97572 ], [ -71.81236, -37.97598 ], [ -71.81173, -37.97583 ], [ -71.8113, -37.97549 ], [ -71.81129, -37.97489 ], [ -71.81121, -37.97471 ], [ -71.81121, -37.97452 ], [ -71.81153, -37.974 ], [ -71.81152, -37.97364 ], [ -71.81075, -37.97281 ] ] } },
{ "type": "Feature", "properties": { "osm_id": 535831307, "nombre": "Sin nombre", "tipo": "stream", "volcan_codigo": "LON", "volcan_nombre": "Lonquimay", "drena_volcan": false }, "geometry": { "type": "LineString", "coordinates": [ [ -71.82449, -37.97462 ], [ -71.82304, -37.97407 ], [ -71.8219, -37.97403 ], [ -71.821, -37.97391 ], [ -71.81935, -37.97329 ], [ -71.81748, -37.97342 ], [ -71.8169, -37.97337 ], [ -71.81631, -37.97325 ], [ -71.81441, -37.97259 ], [ -71.81314, -37.97261 ], [ -71.81232, -37.9725 ], [ -71.8112, -37.97281 ], [ -71.81075, -37.97281 ], [ -71.81021, -37.9726 ], [ -71.80982, -37.9726 ], [ -71.80892, -37.97291 ], [ -71.8081, -37.97293 ], [ -71.80776, -37.97283 ], [ -71.80701, -37.97283 ] ] } },
{ "type": "Feature", "properties": { "osm_id": 535831308, "nombre": "Sin nombre", "tipo": "stream", "volcan_codigo": "LON", "volcan_nombre": "Lonquimay", "drena_volcan": false }, "geometry": { "type": "LineString", "coordinates": [ [ -71.78846, -37.9918 ], [ -71.79044, -37.99153 ], [ -71.79356, -37.99083 ], [ -71.79546, -37.99077 ], [ -71.79606, -37.99062 ], [ -71.79772, -37.99054 ], [ -71.79873, -37.99016 ], [ -71.80048, -37.99042 ], [ -71.80208, -37.99121 ], [ -71.80245, -37.99132 ] ] } },
{ "type": "Feature", "properties": { "osm_id": 535831309, "nombre": "Sin nombre", "tipo": "stream", "volcan_codigo": "LON", "volcan_nombre": "Lonquimay", "drena_volcan": false }, "geometry": { "type": "LineString", "coordinates": [ [ -71.77883, -37.99707 ], [ -71.77954, -37.9984 ], [ -71.78049, -37.999 ], [ -71.78098, -37.99983 ], [ -71.78204, -38.00071 ], [ -71.78268, -38.00135 ], [ -71.78365, -38.00207 ] ] } },
{ "type": "Feature", "properties": { "osm_id": 535831310, "nombre": "Sin nombre", "tipo": "stream", "volcan_codigo": "LON", "volcan_nombre": "Lonquimay", "drena_volcan": false }, "geometry": { "type": "LineString", "coordinates": [ [ -71.80657, -37.99578 ], [ -71.8062, -37.99617 ], [ -71.80577, -37.99692 ], [ -71.80512, -37.99753 ] ] } },
{ "type": "Feature", "properties": { "osm_id": 535831311, "nombre": "Sin nombre", "tipo": "stream", "volcan_codigo": "LON", "volcan_nombre": "Lonquimay", "drena_volcan": false }, "geometry": { "type": "LineString", "coordinates": [ [ -71.82041, -37.9823 ], [ -71.81975, -37.9819 ], [ -71.81919, -37.98135 ], [ -71.81875, -37.98113 ], [ -71.81795, -37.9809 ], [ -71.81723, -37.98083 ], [ -71.81581, -37.98042 ], [ -71.81493, -37.98006 ], [ -71.81361, -37.98005 ], [ -71.81325, -37.97995 ], [ -71.81092, -37.97875 ], [ -71.80946, -37.97835 ], [ -71.80827, -37.97766 ], [ -71.80746, -37.97729 ], [ -71.80724, -37.97708 ] ] } },
{ "type": "Feature", "properties": { "osm_id": 535831312, "nombre": "Sin nombre", "tipo": "stream", "volcan_codigo": "LON", "volcan_nombre": "Lonquimay", "drena_volcan": false }, "geometry": { "type": "LineString", "coordinates": [ [ -71.81244, -37.99425 ], [ -71.81016, -37.99277 ], [ -71.80932, -37.99251 ], [ -71.80786, -37.99189 ], [ -71.80503, -37.99049 ], [ -71.80311, -37.9899 ] ] } },
{ "type": "Feature", "properties": { "osm_id": 535831313, "nombre": "Sin nombre", "tipo": "stream", "volcan_codigo": "LON", "volcan_nombre": "Lonquimay", "drena_volcan": false }, "geometry": { "type": "LineString", "coordinates": [ [ -71.80928, -37.99629 ], [ -71.8087, -37.997 ], [ -71.80858, -37.99728 ], [ -71.80857, -37.99782 ], [ -71.80841, -37.99803 ] ] } },
{ "type": "Feature", "properties": { "osm_id": 535831314, "nombre": "Sin nombre", "tipo": "stream", "volcan_codigo": "LON", "volcan_nombre": "Lonquimay", "drena_volcan": false }, "geometry": { "type": "LineString", "coordinates": [ [ -71.81534, -37.99199 ], [ -71.81461, -37.99117 ], [ -71.81433, -37.99051 ], [ -71.81413, -37.99018 ], [ -71.81367, -37.98968 ], [ -71.81321, -37.98867 ], [ -71.81279, -37.9881 ] ] } },
{ "type": "Feature", "properties": { "osm_id": 535831315, "nombre": "Sin nombre", "tipo": "stream", "volcan_codigo": "LON", "volcan_nombre": "Lonquimay", "drena_volcan": false }, "geometry": { "type": "LineString", "coordinates": [ [ -71.82047, -37.98678 ], [ -71.81977, -37.98692 ], [ -71.81852, -37.98696 ], [ -71.81766, -37.98713 ], [ -71.8159, -37.98704 ], [ -71.81505, -37.98707 ], [ -71.81449, -37.98721 ], [ -71.81364, -37.98758 ], [ -71.81279, -37.9881 ] ] } },
{ "type": "Feature", "properties": { "osm_id": 535831316, "nombre": "Sin nombre", "tipo": "stream", "volcan_codigo": "LON", "volcan_nombre": "Lonquimay", "drena_volcan": false }, "geometry": { "type": "LineString", "coordinates": [ [ -71.81279, -37.9881 ], [ -71.81193, -37.988 ], [ -71.81101, -37.98739 ], [ -71.80976, -37.98728 ], [ -71.80882, -37.98692 ], [ -71.80843, -37.98685 ], [ -71.80746, -37.98687 ], [ -71.80654, -37.98673 ], [ -71.80461, -37.98685 ], [ -71.80393, -37.98669 ] ] } },
{ "type": "Feature", "properties": { "osm_id": 535831317, "nombre": "Sin nombre", "tipo": "stream", "volcan_codigo": "LON", "volcan_nombre": "Lonquimay", "drena_volcan": false }, "geometry": { "type": "LineString", "coordinates": [ [ -71.81336, -37.99664 ], [ -71.81285, -37.99723 ], [ -71.81257, -37.99741 ], [ -71.81166, -37.99789 ], [ -71.81122, -37.99801 ], [ -71.8106, -37.99841 ], [ -71.81018, -37.99854 ], [ -71.80983, -37.99876 ], [ -71.80943, -37.99884 ] ] } },
{ "type": "Feature", "properties": { "osm_id": 535831318, "nombre": "Sin nombre", "tipo": "stream", "volcan_codigo": "LON", "volcan_nombre": "Lonquimay", "drena_volcan": false }, "geometry": { "type": "LineString", "coordinates": [ [ -71.81714, -38.00607 ], [ -71.81706, -38.00576 ], [ -71.81675, -38.00519 ], [ -71.81669, -38.00447 ], [ -71.81647, -38.00401 ], [ -71.81638, -38.00339 ], [ -71.81615, -38.00298 ], [ -71.8158, -38.00267 ], [ -71.8156, -38.00225 ], [ -71.81544, -38.00211 ], [ -71.81444, -38.00175 ] ] } },
{ "type": "Feature", "properties": { "osm_id": 535831319, "nombre": "Sin nombre", "tipo": "stream", "volcan_codigo": "LON", "volcan_nombre": "Lonquimay", "drena_volcan": false }, "geometry": { "type": "LineString", "coordinates": [ [ -71.81494, -38.0066 ], [ -71.81483, -38.00654 ], [ -71.81455, -38.0061 ], [ -71.81396, -38.00472 ], [ -71.81383, -38.00408 ], [ -71.81309, -38.00319 ], [ -71.8125, -38.00224 ] ] } },
{ "type": "Feature", "properties": { "osm_id": 535831320, "nombre": "Sin nombre", "tipo": "stream", "volcan_codigo": "LON", "volcan_nombre": "Lonquimay", "drena_volcan": false }, "geometry": { "type": "LineString", "coordinates": [ [ -71.81761, -37.99475 ], [ -71.81822, -37.99543 ], [ -71.81844, -37.9963 ], [ -71.8191, -37.99716 ], [ -71.81927, -37.9975 ], [ -71.81946, -37.99824 ] ] } },
{ "type": "Feature", "properties": { "osm_id": 535831321, "nombre": "Sin nombre", "tipo": "stream", "volcan_codigo": "LON", "volcan_nombre": "Lonquimay", "drena_volcan": false }, "geometry": { "type": "LineString", "coordinates": [ [ -71.82448, -37.9922 ], [ -71.82439, -37.99303 ], [ -71.82421, -37.99335 ], [ -71.82401, -37.99416 ], [ -71.82312, -37.99511 ], [ -71.82234, -37.99626 ], [ -71.8208, -37.99716 ], [ -71.82016, -37.99778 ], [ -71.81919, -37.99848 ], [ -71.81842, -37.99936 ], [ -71.81677, -38.00025 ], [ -71.81595, -38.00095 ], [ -71.81515, -38.00127 ], [ -71.81444, -38.00175 ], [ -71.81353, -38.00191 ], [ -71.8125, -38.00224 ] ] } },
{ "type": "Feature", "properties": { "osm_id": 535831322, "nombre": "Sin nombre", "tipo": "stream", "volcan_codigo": "LON", "volcan_nombre": "Lonquimay", "drena_volcan": false }, "geometry": { "type": "LineString", "coordinates": [ [ -71.80226, -38.00899 ], [ -71.80206, -38.00839 ], [ -71.80207, -38.00764 ], [ -71.80171, -38.00702 ], [ -71.80156, -38.00637 ], [ -71.80128, -38.00589 ] ] } },
{ "type": "Feature", "properties": { "osm_id": 535831323, "nombre": "Sin nombre", "tipo": "stream", "volcan_codigo": "LON", "volcan_nombre": "Lonquimay", "drena_volcan": false }, "geometry": { "type": "LineString", "coordinates": [ [ -71.80677, -38.01108 ], [ -71.80696, -38.01009 ], [ -71.80766, -38.00971 ], [ -71.80771, -38.00941 ], [ -71.80794, -38.00917 ], [ -71.80842, -38.00895 ], [ -71.80854, -38.00876 ], [ -71.8084, -38.00797 ], [ -71.80807, -38.00738 ], [ -71.80758, -38.00698 ], [ -71.80724, -38.00648 ], [ -71.80676, -38.00631 ], [ -71.80617, -38.00628 ], [ -71.80599, -38.00583 ], [ -71.8057, -38.00559 ], [ -71.80535, -38.00562 ], [ -71.80482, -38.00605 ], [ -71.80394, -38.00613 ], [ -71.80312, -38.00597 ], [ -71.80178, -38.00598 ], [ -71.80105, -38.00582 ], [ -71.80058, -38.0058 ], [ -71.79963, -38.00609 ], [ -71.79895, -38.00616 ] ] } },
{ "type": "Feature", "properties": { "osm_id": 535831324, "nombre": "Sin nombre", "tipo": "stream", "volcan_codigo": "LON", "volcan_nombre": "Lonquimay", "drena_volcan": false }, "geometry": { "type": "LineString", "coordinates": [ [ -71.80044, -38.01022 ], [ -71.80036, -38.00973 ], [ -71.79932, -38.00837 ], [ -71.79881, -38.00736 ], [ -71.7988, -38.00697 ], [ -71.79895, -38.00616 ] ] } },
{ "type": "Feature", "properties": { "osm_id": 535831325, "nombre": "Sin nombre", "tipo": "stream", "volcan_codigo": "LON", "volcan_nombre": "Lonquimay", "drena_volcan": false }, "geometry": { "type": "LineString", "coordinates": [ [ -71.79895, -38.00616 ], [ -71.79872, -38.00594 ], [ -71.798, -38.00557 ], [ -71.79772, -38.00525 ], [ -71.79729, -38.00494 ], [ -71.79712, -38.00468 ], [ -71.79643, -38.00454 ], [ -71.79592, -38.00429 ], [ -71.79586, -38.00399 ], [ -71.79549, -38.00362 ], [ -71.79526, -38.00299 ], [ -71.79524, -38.00274 ], [ -71.79575, -38.0024 ], [ -71.79594, -38.00214 ] ] } },
{ "type": "Feature", "properties": { "osm_id": 535831326, "nombre": "Sin nombre", "tipo": "stream", "volcan_codigo": "LON", "volcan_nombre": "Lonquimay", "drena_volcan": false }, "geometry": { "type": "LineString", "coordinates": [ [ -71.7819, -38.00813 ], [ -71.78223, -38.0072 ], [ -71.78219, -38.00628 ], [ -71.78251, -38.00577 ], [ -71.78264, -38.00521 ], [ -71.78373, -38.0039 ], [ -71.78478, -38.00245 ], [ -71.78556, -38.00208 ] ] } },
{ "type": "Feature", "properties": { "osm_id": 535831327, "nombre": "Sin nombre", "tipo": "stream", "volcan_codigo": "LON", "volcan_nombre": "Lonquimay", "drena_volcan": false }, "geometry": { "type": "LineString", "coordinates": [ [ -71.78376, -37.99447 ], [ -71.78458, -37.99552 ], [ -71.78496, -37.99575 ], [ -71.78528, -37.99615 ], [ -71.78588, -37.99651 ], [ -71.78592, -37.99679 ], [ -71.78586, -37.99729 ], [ -71.78643, -37.99798 ], [ -71.78697, -37.99846 ], [ -71.78743, -37.99922 ], [ -71.78799, -37.99965 ], [ -71.78813, -38.0 ], [ -71.78848, -38.00029 ], [ -71.78858, -38.00057 ], [ -71.78848, -38.00096 ], [ -71.78848, -38.00143 ], [ -71.78883, -38.00173 ] ] } },
{ "type": "Feature", "properties": { "osm_id": 535831328, "nombre": "Sin nombre", "tipo": "stream", "volcan_codigo": "LON", "volcan_nombre": "Lonquimay", "drena_volcan": false }, "geometry": { "type": "LineString", "coordinates": [ [ -71.7846, -38.00848 ], [ -71.78571, -38.00825 ], [ -71.78604, -38.00799 ], [ -71.78746, -38.00722 ], [ -71.78938, -38.00662 ], [ -71.79053, -38.00604 ], [ -71.79193, -38.00496 ], [ -71.79316, -38.00451 ], [ -71.79384, -38.00408 ] ] } },
{ "type": "Feature", "properties": { "osm_id": 535831329, "nombre": "Sin nombre", "tipo": "stream", "volcan_codigo": "LON", "volcan_nombre": "Lonquimay", "drena_volcan": false }, "geometry": { "type": "LineString", "coordinates": [ [ -71.78202, -38.01189 ], [ -71.78325, -38.01264 ], [ -71.78411, -38.01294 ], [ -71.785, -38.01299 ], [ -71.78549, -38.0129 ], [ -71.78664, -38.01298 ], [ -71.78702, -38.01284 ], [ -71.78755, -38.01283 ], [ -71.78818, -38.01299 ], [ -71.78886, -38.013 ], [ -71.78981, -38.01297 ], [ -71.79024, -38.01288 ] ] } },
{ "type": "Feature", "properties": { "osm_id": 535831330, "nombre": "Sin nombre", "tipo": "stream", "volcan_codigo": "LON", "volcan_nombre": "Lonquimay", "drena_volcan": false }, "geometry": { "type": "LineString", "coordinates": [ [ -71.79267, -38.0183 ], [ -71.79221, -38.01769 ], [ -71.79175, -38.01736 ], [ -71.79069, -38.0163 ], [ -71.79027, -38.01452 ], [ -71.79032, -38.01382 ], [ -71.79009, -38.01343 ] ] } },
{ "type": "Feature", "properties": { "osm_id": 535831331, "nombre": "Sin nombre", "tipo": "stream", "volcan_codigo": "LON", "volcan_nombre": "Lonquimay", "drena_volcan": false }, "geometry": { "type": "LineString", "coordinates": [ [ -71.79046, -38.01841 ], [ -71.79004, -38.01774 ], [ -71.78942, -38.01724 ], [ -71.78912, -38.01673 ], [ -71.7887, -38.01625 ], [ -71.78836, -38.01556 ], [ -71.78794, -38.01523 ], [ -71.78785, -38.01507 ] ] } },
{ "type": "Feature", "properties": { "osm_id": 535831332, "nombre": "Sin nombre", "tipo": "stream", "volcan_codigo": "LON", "volcan_nombre": "Lonquimay", "drena_volcan": false }, "geometry": { "type": "LineString", "coordinates": [ [ -71.8125, -38.00224 ], [ -71.81203, -38.00202 ], [ -71.81167, -38.0016 ], [ -71.8109, -38.00129 ], [ -71.81035, -38.00083 ], [ -71.80999, -38.00034 ], [ -71.80971, -37.99976 ], [ -71.80969, -37.99916 ], [ -71.80911, -37.99855 ], [ -71.80885, -37.99812 ], [ -71.80866, -37.99803 ], [ -71.8076, -37.99804 ], [ -71.80644, -37.99786 ], [ -71.80477, -37.99743 ], [ -71.80321, -37.99643 ], [ -71.80241, -37.99609 ], [ -71.80116, -37.99536 ], [ -71.80047, -37.99506 ] ] } },
{ "type": "Feature", "properties": { "osm_id": 535831333, "nombre": "Sin nombre", "tipo": "stream", "volcan_codigo": "LON", "volcan_nombre": "Lonquimay", "drena_volcan": false }, "geometry": { "type": "LineString", "coordinates": [ [ -71.76369, -38.00009 ], [ -71.76371, -38.00027 ], [ -71.76417, -38.00089 ], [ -71.7643, -38.00148 ], [ -71.76449, -38.00178 ], [ -71.76529, -38.00238 ], [ -71.76592, -38.00301 ], [ -71.76693, -38.00336 ], [ -71.76768, -38.00371 ], [ -71.76949, -38.00389 ], [ -71.77065, -38.00418 ], [ -71.77145, -38.00415 ], [ -71.77201, -38.00393 ], [ -71.77258, -38.00353 ], [ -71.77297, -38.00349 ], [ -71.77392, -38.00406 ], [ -71.77435, -38.00421 ], [ -71.77512, -38.00422 ], [ -71.77549, -38.0041 ], [ -71.77603, -38.00408 ], [ -71.77633, -38.00392 ], [ -71.77676, -38.00342 ], [ -71.77696, -38.00329 ], [ -71.77757, -38.00302 ], [ -71.7786, -38.00282 ], [ -71.77929, -38.00254 ], [ -71.78009, -38.00255 ], [ -71.78146, -38.00229 ], [ -71.78328, -38.00218 ], [ -71.78457, -38.00173 ], [ -71.78525, -38.00185 ], [ -71.78621, -38.00239 ], [ -71.78687, -38.00289 ], [ -71.78754, -38.00269 ], [ -71.78827, -38.00196 ], [ -71.78858, -38.00181 ], [ -71.78979, -38.00147 ], [ -71.79031, -38.00142 ], [ -71.79189, -38.00143 ], [ -71.79313, -38.00189 ], [ -71.79483, -38.00216 ] ] } },
{ "type": "Feature", "properties": { "osm_id": 535831334, "nombre": "Sin nombre", "tipo": "stream", "volcan_codigo": "LON", "volcan_nombre": "Lonquimay", "drena_volcan": false }, "geometry": { "type": "LineString", "coordinates": [ [ -71.78353, -38.01611 ], [ -71.78592, -38.01624 ], [ -71.78657, -38.01616 ] ] } },
{ "type": "Feature", "properties": { "osm_id": 535831335, "nombre": "Sin nombre", "tipo": "stream", "volcan_codigo": "LON", "volcan_nombre": "Lonquimay", "drena_volcan": false }, "geometry": { "type": "LineString", "coordinates": [ [ -71.78447, -38.019 ], [ -71.78554, -38.01769 ], [ -71.78583, -38.01714 ], [ -71.78657, -38.01616 ] ] } },
{ "type": "Feature", "properties": { "osm_id": 535831337, "nombre": "Estero La Mula", "tipo": "stream", "volcan_codigo": "LON", "volcan_nombre": "Lonquimay", "drena_volcan": false }, "geometry": { "type": "LineString", "coordinates": [ [ -71.79483, -38.00216 ], [ -71.79594, -38.00214 ], [ -71.79643, -38.002 ], [ -71.79797, -38.00089 ], [ -71.7988, -38.00058 ], [ -71.79927, -38.00031 ], [ -71.79942, -38.00005 ], [ -71.79942, -37.99987 ], [ -71.79929, -37.99946 ], [ -71.79896, -37.99914 ], [ -71.79891, -37.99873 ], [ -71.79903, -37.99826 ], [ -71.79924, -37.99794 ], [ -71.8, -37.99718 ], [ -71.79984, -37.9968 ], [ -71.79985, -37.9966 ], [ -71.80029, -37.99604 ], [ -71.8004, -37.99571 ], [ -71.80047, -37.99506 ], [ -71.80036, -37.99468 ], [ -71.80051, -37.99451 ], [ -71.80123, -37.99428 ], [ -71.80139, -37.99376 ], [ -71.80189, -37.99336 ], [ -71.80215, -37.99334 ], [ -71.80254, -37.99347 ], [ -71.80281, -37.99326 ], [ -71.80283, -37.99306 ], [ -71.8027, -37.99282 ], [ -71.80268, -37.99246 ], [ -71.80219, -37.99208 ], [ -71.80208, -37.99165 ], [ -71.80227, -37.9914 ], [ -71.80277, -37.99117 ], [ -71.803, -37.99092 ], [ -71.80313, -37.98969 ], [ -71.80312, -37.98885 ], [ -71.80328, -37.98834 ], [ -71.8031, -37.98756 ], [ -71.80389, -37.98698 ], [ -71.80393, -37.98669 ], [ -71.80381, -37.9864 ], [ -71.8038, -37.98594 ], [ -71.80401, -37.98558 ], [ -71.80449, -37.9854 ], [ -71.80491, -37.98501 ], [ -71.80486, -37.98405 ], [ -71.80517, -37.98363 ], [ -71.80515, -37.98324 ], [ -71.80501, -37.9831 ], [ -71.80424, -37.98279 ], [ -71.80412, -37.9825 ], [ -71.80472, -37.98187 ], [ -71.80545, -37.98089 ], [ -71.80541, -37.98021 ], [ -71.80527, -37.97995 ], [ -71.80528, -37.97976 ], [ -71.80545, -37.9794 ], [ -71.80573, -37.97918 ], [ -71.80623, -37.97913 ], [ -71.80657, -37.97898 ], [ -71.80659, -37.97888 ], [ -71.8063, -37.97874 ], [ -71.80609, -37.97849 ], [ -71.8061, -37.9783 ], [ -71.80629, -37.97805 ], [ -71.80643, -37.97762 ], [ -71.80704, -37.97731 ], [ -71.80724, -37.97708 ], [ -71.80724, -37.97687 ], [ -71.80689, -37.97623 ], [ -71.80686, -37.97589 ], [ -71.80737, -37.97486 ], [ -71.80745, -37.97381 ], [ -71.80701, -37.97283 ], [ -71.80611, -37.97197 ], [ -71.80586, -37.97129 ], [ -71.80564, -37.97105 ], [ -71.8052, -37.97092 ], [ -71.80431, -37.97088 ], [ -71.80403, -37.97075 ], [ -71.80395, -37.97059 ], [ -71.80392, -37.96987 ], [ -71.80409, -37.96936 ], [ -71.80401, -37.96908 ], [ -71.80387, -37.9689 ], [ -71.80349, -37.96869 ], [ -71.80201, -37.96832 ], [ -71.80165, -37.9681 ], [ -71.8016, -37.96762 ], [ -71.80178, -37.96736 ], [ -71.80227, -37.96709 ], [ -71.8024, -37.96662 ], [ -71.80236, -37.96644 ], [ -71.80208, -37.96621 ], [ -71.80151, -37.96596 ] ] } },
{ "type": "Feature", "properties": { "osm_id": 535835040, "nombre": "Sin nombre", "tipo": "stream", "volcan_codigo": "LON", "volcan_nombre": "Lonquimay", "drena_volcan": false }, "geometry": { "type": "LineString", "coordinates": [ [ -71.7958, -37.9823 ], [ -71.79583, -37.98208 ], [ -71.79617, -37.98165 ], [ -71.79639, -37.9812 ], [ -71.79675, -37.97927 ], [ -71.79649, -37.97734 ], [ -71.79582, -37.97612 ], [ -71.79576, -37.97571 ], [ -71.79584, -37.97528 ], [ -71.79573, -37.97397 ], [ -71.79582, -37.97369 ], [ -71.7963, -37.97298 ], [ -71.79647, -37.97244 ], [ -71.79697, -37.9717 ], [ -71.79711, -37.97128 ], [ -71.79708, -37.97087 ], [ -71.79652, -37.96994 ], [ -71.79631, -37.96931 ], [ -71.79645, -37.96878 ], [ -71.79703, -37.96803 ], [ -71.79705, -37.96752 ], [ -71.7967, -37.9667 ] ] } },
{ "type": "Feature", "properties": { "osm_id": 535835045, "nombre": "Sin nombre", "tipo": "stream", "volcan_codigo": "LON", "volcan_nombre": "Lonquimay", "drena_volcan": false }, "geometry": { "type": "LineString", "coordinates": [ [ -71.77355, -37.97567 ], [ -71.77439, -37.97591 ], [ -71.77656, -37.97584 ] ] } },
{ "type": "Feature", "properties": { "osm_id": 535835046, "nombre": "Sin nombre", "tipo": "stream", "volcan_codigo": "LON", "volcan_nombre": "Lonquimay", "drena_volcan": false }, "geometry": { "type": "LineString", "coordinates": [ [ -71.77678, -37.9745 ], [ -71.77778, -37.97499 ], [ -71.77887, -37.97618 ], [ -71.77952, -37.97658 ] ] } },
{ "type": "Feature", "properties": { "osm_id": 535835049, "nombre": "Sin nombre", "tipo": "stream", "volcan_codigo": "LON", "volcan_nombre": "Lonquimay", "drena_volcan": false }, "geometry": { "type": "LineString", "coordinates": [ [ -71.77395, -37.97451 ], [ -71.77522, -37.97497 ], [ -71.77676, -37.97597 ], [ -71.77784, -37.97637 ], [ -71.77915, -37.97658 ], [ -71.77964, -37.97656 ], [ -71.78087, -37.97632 ], [ -71.78201, -37.97643 ] ] } },
{ "type": "Feature", "properties": { "osm_id": 535835051, "nombre": "Sin nombre", "tipo": "stream", "volcan_codigo": "LON", "volcan_nombre": "Lonquimay", "drena_volcan": false }, "geometry": { "type": "LineString", "coordinates": [ [ -71.75906, -37.9806 ], [ -71.75933, -37.98086 ], [ -71.76101, -37.98164 ], [ -71.76198, -37.98245 ], [ -71.76277, -37.98288 ], [ -71.764, -37.98372 ], [ -71.76457, -37.98399 ], [ -71.76506, -37.98403 ], [ -71.7669, -37.98378 ], [ -71.76806, -37.98402 ] ] } },
{ "type": "Feature", "properties": { "osm_id": 535835054, "nombre": "Sin nombre", "tipo": "stream", "volcan_codigo": "LON", "volcan_nombre": "Lonquimay", "drena_volcan": false }, "geometry": { "type": "LineString", "coordinates": [ [ -71.7597, -37.97897 ], [ -71.76059, -37.97923 ], [ -71.76197, -37.97938 ], [ -71.76236, -37.97953 ], [ -71.76459, -37.98093 ], [ -71.76661, -37.98171 ], [ -71.76812, -37.98301 ] ] } },
{ "type": "Feature", "properties": { "osm_id": 535835057, "nombre": "Sin nombre", "tipo": "stream", "volcan_codigo": "LON", "volcan_nombre": "Lonquimay", "drena_volcan": false }, "geometry": { "type": "LineString", "coordinates": [ [ -71.76075, -37.97479 ], [ -71.76411, -37.97485 ], [ -71.76495, -37.97522 ], [ -71.76651, -37.97548 ], [ -71.76678, -37.97568 ], [ -71.76727, -37.97627 ], [ -71.76856, -37.97731 ], [ -71.76893, -37.97769 ], [ -71.76995, -37.97835 ], [ -71.77041, -37.97887 ], [ -71.77076, -37.97914 ], [ -71.77171, -37.97958 ], [ -71.77302, -37.97993 ], [ -71.77449, -37.98071 ], [ -71.77568, -37.98099 ] ] } },
{ "type": "Feature", "properties": { "osm_id": 535835061, "nombre": "Sin nombre", "tipo": "stream", "volcan_codigo": "LON", "volcan_nombre": "Lonquimay", "drena_volcan": false }, "geometry": { "type": "LineString", "coordinates": [ [ -71.75944, -37.97575 ], [ -71.75994, -37.97592 ], [ -71.7606, -37.97631 ], [ -71.76142, -37.97708 ], [ -71.76246, -37.97751 ], [ -71.76427, -37.97852 ], [ -71.76575, -37.97915 ], [ -71.76667, -37.97972 ], [ -71.76822, -37.98141 ], [ -71.76854, -37.98189 ], [ -71.7687, -37.98225 ], [ -71.76876, -37.98294 ] ] } },
{ "type": "Feature", "properties": { "osm_id": 535835065, "nombre": "Sin nombre", "tipo": "stream", "volcan_codigo": "LON", "volcan_nombre": "Lonquimay", "drena_volcan": false }, "geometry": { "type": "LineString", "coordinates": [ [ -71.79351, -37.98418 ], [ -71.79212, -37.98326 ], [ -71.79185, -37.98298 ], [ -71.79124, -37.98189 ], [ -71.79077, -37.98131 ], [ -71.79011, -37.97995 ], [ -71.78931, -37.97872 ] ] } },
{ "type": "Feature", "properties": { "osm_id": 535835068, "nombre": "Sin nombre", "tipo": "stream", "volcan_codigo": "LON", "volcan_nombre": "Lonquimay", "drena_volcan": false }, "geometry": { "type": "LineString", "coordinates": [ [ -71.79177, -37.985 ], [ -71.79072, -37.98394 ], [ -71.7904, -37.98338 ], [ -71.79019, -37.98285 ], [ -71.79009, -37.98211 ], [ -71.78925, -37.97972 ], [ -71.78923, -37.9792 ], [ -71.78931, -37.97872 ], [ -71.78914, -37.97822 ], [ -71.78878, -37.97647 ], [ -71.78874, -37.97528 ], [ -71.78888, -37.97488 ], [ -71.78972, -37.97434 ], [ -71.78975, -37.97404 ], [ -71.78926, -37.97346 ], [ -71.78869, -37.97314 ], [ -71.78857, -37.97295 ] ] } },
{ "type": "Feature", "properties": { "osm_id": 535835071, "nombre": "Sin nombre", "tipo": "stream", "volcan_codigo": "LON", "volcan_nombre": "Lonquimay", "drena_volcan": false }, "geometry": { "type": "LineString", "coordinates": [ [ -71.78619, -37.98677 ], [ -71.78617, -37.98602 ], [ -71.78623, -37.9858 ], [ -71.78664, -37.98519 ], [ -71.7868, -37.98461 ], [ -71.78724, -37.98423 ], [ -71.78738, -37.98354 ], [ -71.78776, -37.98281 ] ] } },
{ "type": "Feature", "properties": { "osm_id": 535835074, "nombre": "Sin nombre", "tipo": "stream", "volcan_codigo": "LON", "volcan_nombre": "Lonquimay", "drena_volcan": false }, "geometry": { "type": "LineString", "coordinates": [ [ -71.78984, -37.98712 ], [ -71.7888, -37.98559 ], [ -71.78858, -37.98483 ], [ -71.78812, -37.98399 ], [ -71.78811, -37.98334 ], [ -71.78776, -37.98281 ] ] } },
{ "type": "Feature", "properties": { "osm_id": 535835076, "nombre": "Sin nombre", "tipo": "stream", "volcan_codigo": "LON", "volcan_nombre": "Lonquimay", "drena_volcan": false }, "geometry": { "type": "LineString", "coordinates": [ [ -71.78776, -37.98281 ], [ -71.78759, -37.98252 ], [ -71.78711, -37.98201 ], [ -71.78704, -37.98129 ], [ -71.7867, -37.98056 ], [ -71.7859, -37.9801 ], [ -71.78553, -37.97966 ], [ -71.78524, -37.97916 ], [ -71.78497, -37.9789 ], [ -71.78394, -37.97852 ], [ -71.7832, -37.97788 ], [ -71.78314, -37.97771 ], [ -71.78327, -37.97719 ], [ -71.78321, -37.97654 ], [ -71.78326, -37.97628 ] ] } },
{ "type": "Feature", "properties": { "osm_id": 535835079, "nombre": "Sin nombre", "tipo": "stream", "volcan_codigo": "LON", "volcan_nombre": "Lonquimay", "drena_volcan": false }, "geometry": { "type": "LineString", "coordinates": [ [ -71.79827, -37.98603 ], [ -71.79968, -37.98602 ], [ -71.80088, -37.98618 ], [ -71.80177, -37.98618 ], [ -71.80284, -37.98605 ], [ -71.80379, -37.98608 ] ] } },
{ "type": "Feature", "properties": { "osm_id": 535835081, "nombre": "Sin nombre", "tipo": "stream", "volcan_codigo": "LON", "volcan_nombre": "Lonquimay", "drena_volcan": false }, "geometry": { "type": "LineString", "coordinates": [ [ -71.79526, -37.98614 ], [ -71.79565, -37.98654 ], [ -71.79649, -37.98698 ], [ -71.79691, -37.98753 ], [ -71.798, -37.98849 ] ] } },
{ "type": "Feature", "properties": { "osm_id": 535835083, "nombre": "Sin nombre", "tipo": "stream", "volcan_codigo": "LON", "volcan_nombre": "Lonquimay", "drena_volcan": false }, "geometry": { "type": "LineString", "coordinates": [ [ -71.72747, -37.98339 ], [ -71.72738, -37.98242 ], [ -71.72745, -37.98224 ], [ -71.72746, -37.98171 ], [ -71.72705, -37.9805 ], [ -71.72705, -37.98008 ], [ -71.72737, -37.97929 ], [ -71.7274, -37.97834 ], [ -71.72776, -37.9778 ], [ -71.72797, -37.97766 ], [ -71.7284, -37.97742 ], [ -71.72925, -37.9772 ], [ -71.7296, -37.97701 ] ] } },
{ "type": "Feature", "properties": { "osm_id": 535835085, "nombre": "Sin nombre", "tipo": "stream", "volcan_codigo": "LON", "volcan_nombre": "Lonquimay", "drena_volcan": false }, "geometry": { "type": "LineString", "coordinates": [ [ -71.73034, -37.98255 ], [ -71.73032, -37.98212 ], [ -71.73007, -37.98155 ], [ -71.72994, -37.98076 ], [ -71.72947, -37.98038 ], [ -71.72933, -37.98012 ], [ -71.72933, -37.97993 ], [ -71.72948, -37.97967 ], [ -71.72959, -37.97918 ], [ -71.72983, -37.97881 ], [ -71.72968, -37.97752 ], [ -71.72996, -37.97707 ] ] } },
{ "type": "Feature", "properties": { "osm_id": 535835088, "nombre": "Sin nombre", "tipo": "stream", "volcan_codigo": "LON", "volcan_nombre": "Lonquimay", "drena_volcan": false }, "geometry": { "type": "LineString", "coordinates": [ [ -71.73292, -37.98103 ], [ -71.73308, -37.98052 ], [ -71.73307, -37.98011 ], [ -71.73272, -37.97952 ], [ -71.73248, -37.97842 ], [ -71.73249, -37.97804 ], [ -71.73268, -37.97766 ] ] } },
{ "type": "Feature", "properties": { "osm_id": 535835090, "nombre": "Sin nombre", "tipo": "stream", "volcan_codigo": "LON", "volcan_nombre": "Lonquimay", "drena_volcan": false }, "geometry": { "type": "LineString", "coordinates": [ [ -71.73569, -37.98022 ], [ -71.73563, -37.97904 ], [ -71.73573, -37.97834 ], [ -71.73555, -37.97776 ], [ -71.73557, -37.97715 ] ] } },
{ "type": "Feature", "properties": { "osm_id": 535835093, "nombre": "Sin nombre", "tipo": "stream", "volcan_codigo": "LON", "volcan_nombre": "Lonquimay", "drena_volcan": false }, "geometry": { "type": "LineString", "coordinates": [ [ -71.73103, -37.97179 ], [ -71.7312, -37.97276 ], [ -71.7312, -37.97331 ], [ -71.73108, -37.97394 ], [ -71.73125, -37.97439 ], [ -71.73231, -37.9761 ], [ -71.7337, -37.97713 ], [ -71.73386, -37.97732 ] ] } },
{ "type": "Feature", "properties": { "osm_id": 535835095, "nombre": "Sin nombre", "tipo": "stream", "volcan_codigo": "LON", "volcan_nombre": "Lonquimay", "drena_volcan": false }, "geometry": { "type": "LineString", "coordinates": [ [ -71.73676, -37.96674 ], [ -71.73715, -37.96739 ], [ -71.73723, -37.96785 ], [ -71.73744, -37.96829 ], [ -71.73832, -37.9694 ] ] } },
{ "type": "Feature", "properties": { "osm_id": 535835098, "nombre": "Sin nombre", "tipo": "stream", "volcan_codigo": "LON", "volcan_nombre": "Lonquimay", "drena_volcan": false }, "geometry": { "type": "LineString", "coordinates": [ [ -71.7415, -37.96574 ], [ -71.74099, -37.96651 ], [ -71.74013, -37.96734 ], [ -71.73956, -37.96831 ], [ -71.73913, -37.96872 ], [ -71.73867, -37.96902 ], [ -71.73832, -37.9694 ] ] } },
{ "type": "Feature", "properties": { "osm_id": 535835100, "nombre": "Sin nombre", "tipo": "stream", "volcan_codigo": "LON", "volcan_nombre": "Lonquimay", "drena_volcan": false }, "geometry": { "type": "LineString", "coordinates": [ [ -71.73832, -37.9694 ], [ -71.73857, -37.9702 ], [ -71.73852, -37.97128 ], [ -71.73858, -37.9715 ], [ -71.73954, -37.97298 ], [ -71.73974, -37.97363 ], [ -71.73979, -37.97408 ], [ -71.73965, -37.97483 ], [ -71.73967, -37.9755 ], [ -71.74012, -37.97632 ] ] } },
{ "type": "Feature", "properties": { "osm_id": 535835103, "nombre": "Sin nombre", "tipo": "stream", "volcan_codigo": "LON", "volcan_nombre": "Lonquimay", "drena_volcan": false }, "geometry": { "type": "LineString", "coordinates": [ [ -71.73932, -38.00242 ], [ -71.73982, -38.00228 ], [ -71.74033, -38.00197 ], [ -71.74118, -38.00091 ], [ -71.74165, -38.0005 ], [ -71.7419, -38.00014 ], [ -71.742, -37.99987 ], [ -71.74178, -37.99926 ], [ -71.74182, -37.99793 ], [ -71.74131, -37.99717 ], [ -71.74102, -37.99633 ], [ -71.74036, -37.99574 ] ] } },
{ "type": "Feature", "properties": { "osm_id": 535835106, "nombre": "Sin nombre", "tipo": "stream", "volcan_codigo": "LON", "volcan_nombre": "Lonquimay", "drena_volcan": false }, "geometry": { "type": "LineString", "coordinates": [ [ -71.73296, -37.99189 ], [ -71.73362, -37.99197 ], [ -71.73594, -37.99199 ], [ -71.74115, -37.99295 ], [ -71.74192, -37.99289 ] ] } },
{ "type": "Feature", "properties": { "osm_id": 535835109, "nombre": "Sin nombre", "tipo": "stream", "volcan_codigo": "LON", "volcan_nombre": "Lonquimay", "drena_volcan": false }, "geometry": { "type": "LineString", "coordinates": [ [ -71.73371, -37.99331 ], [ -71.73521, -37.99337 ], [ -71.73637, -37.99385 ], [ -71.73718, -37.99404 ], [ -71.73808, -37.99405 ], [ -71.73853, -37.99394 ], [ -71.73891, -37.9936 ], [ -71.73918, -37.99348 ], [ -71.73989, -37.99339 ], [ -71.74038, -37.99321 ], [ -71.74133, -37.99313 ], [ -71.74233, -37.99267 ], [ -71.74384, -37.99224 ] ] } },
{ "type": "Feature", "properties": { "osm_id": 535835112, "nombre": "Sin nombre", "tipo": "stream", "volcan_codigo": "LON", "volcan_nombre": "Lonquimay", "drena_volcan": false }, "geometry": { "type": "LineString", "coordinates": [ [ -71.72983, -37.98557 ], [ -71.73073, -37.98591 ], [ -71.73107, -37.9862 ], [ -71.73201, -37.98679 ], [ -71.73262, -37.98695 ] ] } },
{ "type": "Feature", "properties": { "osm_id": 535835114, "nombre": "Sin nombre", "tipo": "stream", "volcan_codigo": "LON", "volcan_nombre": "Lonquimay", "drena_volcan": false }, "geometry": { "type": "LineString", "coordinates": [ [ -71.73125, -37.98394 ], [ -71.73146, -37.98429 ], [ -71.73191, -37.98542 ], [ -71.73214, -37.98575 ], [ -71.73227, -37.98632 ], [ -71.73262, -37.98695 ] ] } },
{ "type": "Feature", "properties": { "osm_id": 535835116, "nombre": "Sin nombre", "tipo": "stream", "volcan_codigo": "LON", "volcan_nombre": "Lonquimay", "drena_volcan": false }, "geometry": { "type": "LineString", "coordinates": [ [ -71.73262, -37.98695 ], [ -71.73329, -37.98726 ], [ -71.73392, -37.98744 ], [ -71.73523, -37.98742 ], [ -71.73579, -37.98753 ], [ -71.7363, -37.9875 ], [ -71.73713, -37.98728 ], [ -71.73851, -37.98725 ], [ -71.74045, -37.98689 ], [ -71.74098, -37.98689 ], [ -71.74201, -37.98725 ], [ -71.74263, -37.98733 ] ] } },
{ "type": "Feature", "properties": { "osm_id": 535835119, "nombre": "Sin nombre", "tipo": "stream", "volcan_codigo": "LON", "volcan_nombre": "Lonquimay", "drena_volcan": false }, "geometry": { "type": "LineString", "coordinates": [ [ -71.73851, -37.98225 ], [ -71.73874, -37.9825 ], [ -71.73926, -37.98282 ], [ -71.73977, -37.98389 ], [ -71.74, -37.98419 ], [ -71.74117, -37.98493 ], [ -71.74175, -37.98557 ], [ -71.74214, -37.9863 ], [ -71.74234, -37.98689 ], [ -71.74292, -37.98765 ], [ -71.74296, -37.98793 ], [ -71.74327, -37.98836 ], [ -71.74351, -37.9886 ], [ -71.74427, -37.98891 ], [ -71.74496, -37.98936 ] ] } },
{ "type": "Feature", "properties": { "osm_id": 535835122, "nombre": "Sin nombre", "tipo": "stream", "volcan_codigo": "LON", "volcan_nombre": "Lonquimay", "drena_volcan": false }, "geometry": { "type": "LineString", "coordinates": [ [ -71.77628, -38.00914 ], [ -71.77622, -38.00853 ], [ -71.77636, -38.00793 ], [ -71.77621, -38.00733 ], [ -71.7762, -38.00652 ], [ -71.77605, -38.00605 ], [ -71.77606, -38.00512 ], [ -71.77576, -38.00439 ], [ -71.77574, -38.00408 ] ] } },
{ "type": "Feature", "properties": { "osm_id": 535835125, "nombre": "Sin nombre", "tipo": "stream", "volcan_codigo": "LON", "volcan_nombre": "Lonquimay", "drena_volcan": false }, "geometry": { "type": "LineString", "coordinates": [ [ -71.77775, -37.98701 ], [ -71.77728, -37.98633 ], [ -71.777, -37.98563 ], [ -71.77672, -37.98537 ], [ -71.77596, -37.98434 ], [ -71.77576, -37.98312 ], [ -71.77574, -37.98263 ], [ -71.77582, -37.98245 ] ] } },
{ "type": "Feature", "properties": { "osm_id": 535835127, "nombre": "Sin nombre", "tipo": "stream", "volcan_codigo": "LON", "volcan_nombre": "Lonquimay", "drena_volcan": false }, "geometry": { "type": "LineString", "coordinates": [ [ -71.78268, -37.98453 ], [ -71.78247, -37.98407 ], [ -71.78236, -37.98348 ], [ -71.78206, -37.983 ], [ -71.78196, -37.98213 ], [ -71.78151, -37.98116 ], [ -71.78149, -37.98067 ], [ -71.78163, -37.98046 ] ] } },
{ "type": "Feature", "properties": { "osm_id": 535835130, "nombre": "Sin nombre", "tipo": "stream", "volcan_codigo": "LON", "volcan_nombre": "Lonquimay", "drena_volcan": false }, "geometry": { "type": "LineString", "coordinates": [ [ -71.78356, -37.98996 ], [ -71.78281, -37.98904 ], [ -71.78226, -37.98796 ], [ -71.78169, -37.98744 ] ] } },
{ "type": "Feature", "properties": { "osm_id": 535835132, "nombre": "Sin nombre", "tipo": "stream", "volcan_codigo": "LON", "volcan_nombre": "Lonquimay", "drena_volcan": false }, "geometry": { "type": "LineString", "coordinates": [ [ -71.78206, -37.9913 ], [ -71.78188, -37.99087 ], [ -71.7819, -37.98975 ], [ -71.78159, -37.98906 ], [ -71.78148, -37.98832 ], [ -71.78148, -37.98809 ], [ -71.78167, -37.98772 ], [ -71.78169, -37.98744 ], [ -71.78117, -37.98628 ], [ -71.78069, -37.98552 ], [ -71.78022, -37.98434 ] ] } },
{ "type": "Feature", "properties": { "osm_id": 535835134, "nombre": "Sin nombre", "tipo": "stream", "volcan_codigo": "LON", "volcan_nombre": "Lonquimay", "drena_volcan": false }, "geometry": { "type": "LineString", "coordinates": [ [ -71.77897, -37.9916 ], [ -71.77927, -37.99057 ], [ -71.77968, -37.99003 ], [ -71.77975, -37.98968 ], [ -71.77973, -37.98821 ], [ -71.77937, -37.98637 ], [ -71.77933, -37.98558 ], [ -71.77948, -37.98509 ], [ -71.78022, -37.98434 ], [ -71.78014, -37.98331 ], [ -71.78036, -37.98267 ], [ -71.78033, -37.98224 ], [ -71.77968, -37.98109 ], [ -71.77951, -37.98059 ] ] } },
{ "type": "Feature", "properties": { "osm_id": 535835138, "nombre": "Sin nombre", "tipo": "stream", "volcan_codigo": "LON", "volcan_nombre": "Lonquimay", "drena_volcan": false }, "geometry": { "type": "LineString", "coordinates": [ [ -71.76422, -37.99137 ], [ -71.76397, -37.99074 ], [ -71.76383, -37.98975 ], [ -71.76361, -37.98923 ] ] } },
{ "type": "Feature", "properties": { "osm_id": 535835140, "nombre": "Sin nombre", "tipo": "stream", "volcan_codigo": "LON", "volcan_nombre": "Lonquimay", "drena_volcan": false }, "geometry": { "type": "LineString", "coordinates": [ [ -71.76908, -37.99081 ], [ -71.76833, -37.99033 ], [ -71.76721, -37.98983 ], [ -71.76675, -37.98948 ] ] } },
{ "type": "Feature", "properties": { "osm_id": 535835142, "nombre": "Sin nombre", "tipo": "stream", "volcan_codigo": "LON", "volcan_nombre": "Lonquimay", "drena_volcan": false }, "geometry": { "type": "LineString", "coordinates": [ [ -71.77706, -37.99474 ], [ -71.77677, -37.99419 ], [ -71.77662, -37.9933 ], [ -71.77648, -37.99294 ], [ -71.77618, -37.99254 ], [ -71.77543, -37.99181 ], [ -71.77498, -37.99153 ] ] } },
{ "type": "Feature", "properties": { "osm_id": 535835144, "nombre": "Sin nombre", "tipo": "stream", "volcan_codigo": "LON", "volcan_nombre": "Lonquimay", "drena_volcan": false }, "geometry": { "type": "LineString", "coordinates": [ [ -71.77549, -37.99455 ], [ -71.77531, -37.99418 ], [ -71.77521, -37.99262 ], [ -71.77498, -37.99153 ] ] } },
{ "type": "Feature", "properties": { "osm_id": 535835146, "nombre": "Sin nombre", "tipo": "stream", "volcan_codigo": "LON", "volcan_nombre": "Lonquimay", "drena_volcan": false }, "geometry": { "type": "LineString", "coordinates": [ [ -71.77234, -37.99303 ], [ -71.77267, -37.99216 ], [ -71.77324, -37.9915 ], [ -71.77365, -37.99066 ], [ -71.77375, -37.99029 ] ] } },
{ "type": "Feature", "properties": { "osm_id": 535835148, "nombre": "Sin nombre", "tipo": "stream", "volcan_codigo": "LON", "volcan_nombre": "Lonquimay", "drena_volcan": false }, "geometry": { "type": "LineString", "coordinates": [ [ -71.77368, -37.99369 ], [ -71.7739, -37.99347 ], [ -71.77408, -37.99204 ], [ -71.77445, -37.99111 ] ] } },
{ "type": "Feature", "properties": { "osm_id": 535835151, "nombre": "Sin nombre", "tipo": "stream", "volcan_codigo": "LON", "volcan_nombre": "Lonquimay", "drena_volcan": false }, "geometry": { "type": "LineString", "coordinates": [ [ -71.77498, -37.99153 ], [ -71.77445, -37.99111 ], [ -71.77415, -37.99071 ], [ -71.77325, -37.98983 ], [ -71.77277, -37.98892 ], [ -71.77187, -37.98786 ], [ -71.77147, -37.98722 ], [ -71.77145, -37.98643 ], [ -71.77172, -37.9857 ], [ -71.77195, -37.98536 ], [ -71.77279, -37.98455 ], [ -71.77296, -37.98429 ], [ -71.77317, -37.98358 ], [ -71.77339, -37.98323 ] ] } },
{ "type": "Feature", "properties": { "osm_id": 535835153, "nombre": "Sin nombre", "tipo": "stream", "volcan_codigo": "LON", "volcan_nombre": "Lonquimay", "drena_volcan": false }, "geometry": { "type": "LineString", "coordinates": [ [ -71.76557, -37.99626 ], [ -71.76561, -37.99551 ], [ -71.76592, -37.99486 ], [ -71.76601, -37.9942 ] ] } },
{ "type": "Feature", "properties": { "osm_id": 535835156, "nombre": "Sin nombre", "tipo": "stream", "volcan_codigo": "LON", "volcan_nombre": "Lonquimay", "drena_volcan": false }, "geometry": { "type": "LineString", "coordinates": [ [ -71.76901, -37.99597 ], [ -71.76856, -37.99488 ], [ -71.76811, -37.99438 ], [ -71.76783, -37.99392 ] ] } },
{ "type": "Feature", "properties": { "osm_id": 535835158, "nombre": "Sin nombre", "tipo": "stream", "volcan_codigo": "LON", "volcan_nombre": "Lonquimay", "drena_volcan": false }, "geometry": { "type": "LineString", "coordinates": [ [ -71.76763, -37.99612 ], [ -71.76751, -37.99531 ], [ -71.76754, -37.9947 ], [ -71.76783, -37.99392 ] ] } },
{ "type": "Feature", "properties": { "osm_id": 535835160, "nombre": "Sin nombre", "tipo": "stream", "volcan_codigo": "LON", "volcan_nombre": "Lonquimay", "drena_volcan": false }, "geometry": { "type": "LineString", "coordinates": [ [ -71.76987, -37.99485 ], [ -71.76933, -37.99426 ], [ -71.76889, -37.99356 ], [ -71.76841, -37.99301 ], [ -71.76776, -37.99245 ], [ -71.76733, -37.99221 ] ] } },
{ "type": "Feature", "properties": { "osm_id": 535835163, "nombre": "Sin nombre", "tipo": "stream", "volcan_codigo": "LON", "volcan_nombre": "Lonquimay", "drena_volcan": false }, "geometry": { "type": "LineString", "coordinates": [ [ -71.76783, -37.99392 ], [ -71.76777, -37.99353 ], [ -71.76747, -37.99288 ], [ -71.76693, -37.99098 ], [ -71.76658, -37.9903 ], [ -71.76649, -37.98996 ] ] } },
{ "type": "Feature", "properties": { "osm_id": 535835165, "nombre": "Sin nombre", "tipo": "stream", "volcan_codigo": "LON", "volcan_nombre": "Lonquimay", "drena_volcan": false }, "geometry": { "type": "LineString", "coordinates": [ [ -71.76934, -37.98784 ], [ -71.76929, -37.98746 ], [ -71.76905, -37.98711 ], [ -71.76825, -37.98651 ], [ -71.76792, -37.98608 ] ] } },
{ "type": "Feature", "properties": { "osm_id": 535835167, "nombre": "Sin nombre", "tipo": "stream", "volcan_codigo": "LON", "volcan_nombre": "Lonquimay", "drena_volcan": false }, "geometry": { "type": "LineString", "coordinates": [ [ -71.76601, -37.9942 ], [ -71.766, -37.99391 ], [ -71.76629, -37.99309 ], [ -71.76625, -37.99177 ], [ -71.76641, -37.99114 ], [ -71.76649, -37.98996 ], [ -71.76677, -37.98938 ], [ -71.76685, -37.98799 ], [ -71.76749, -37.98673 ], [ -71.7676, -37.98633 ] ] } },
{ "type": "Feature", "properties": { "osm_id": 535835170, "nombre": "Sin nombre", "tipo": "stream", "volcan_codigo": "LON", "volcan_nombre": "Lonquimay", "drena_volcan": false }, "geometry": { "type": "LineString", "coordinates": [ [ -71.76423, -37.99292 ], [ -71.76409, -37.99249 ], [ -71.76337, -37.99149 ], [ -71.76324, -37.99119 ], [ -71.76309, -37.99073 ], [ -71.76312, -37.99024 ] ] } },
{ "type": "Feature", "properties": { "osm_id": 535835172, "nombre": "Sin nombre", "tipo": "stream", "volcan_codigo": "LON", "volcan_nombre": "Lonquimay", "drena_volcan": false }, "geometry": { "type": "LineString", "coordinates": [ [ -71.76309, -37.99567 ], [ -71.76266, -37.99493 ], [ -71.76256, -37.99453 ], [ -71.76209, -37.99364 ], [ -71.76206, -37.99248 ], [ -71.76233, -37.99182 ], [ -71.76247, -37.99119 ], [ -71.76296, -37.99039 ], [ -71.76326, -37.99009 ], [ -71.76349, -37.98973 ], [ -71.76361, -37.98923 ], [ -71.76351, -37.98789 ], [ -71.76364, -37.98764 ] ] } },
{ "type": "Feature", "properties": { "osm_id": 535835174, "nombre": "Sin nombre", "tipo": "stream", "volcan_codigo": "LON", "volcan_nombre": "Lonquimay", "drena_volcan": false }, "geometry": { "type": "LineString", "coordinates": [ [ -71.75501, -37.99707 ], [ -71.75498, -37.99668 ], [ -71.75479, -37.99628 ], [ -71.75436, -37.99576 ], [ -71.75413, -37.99499 ], [ -71.75343, -37.99403 ], [ -71.75304, -37.99383 ] ] } },
{ "type": "Feature", "properties": { "osm_id": 535835177, "nombre": "Sin nombre", "tipo": "stream", "volcan_codigo": "LON", "volcan_nombre": "Lonquimay", "drena_volcan": false }, "geometry": { "type": "LineString", "coordinates": [ [ -71.75277, -37.99758 ], [ -71.75275, -37.99656 ], [ -71.75315, -37.99467 ], [ -71.75304, -37.99383 ], [ -71.7528, -37.99337 ], [ -71.75265, -37.99264 ], [ -71.75265, -37.99204 ], [ -71.75288, -37.99101 ], [ -71.75288, -37.99057 ], [ -71.75264, -37.98986 ], [ -71.75258, -37.98895 ], [ -71.75258, -37.98854 ], [ -71.7527, -37.98801 ] ] } },
{ "type": "Feature", "properties": { "osm_id": 535835179, "nombre": "Sin nombre", "tipo": "stream", "volcan_codigo": "LON", "volcan_nombre": "Lonquimay", "drena_volcan": false }, "geometry": { "type": "LineString", "coordinates": [ [ -71.75843, -37.99712 ], [ -71.75807, -37.99657 ], [ -71.75757, -37.99606 ], [ -71.75749, -37.99573 ], [ -71.75726, -37.99527 ], [ -71.75647, -37.99465 ], [ -71.75641, -37.99387 ], [ -71.75583, -37.99334 ], [ -71.75555, -37.99295 ], [ -71.75551, -37.99253 ], [ -71.75535, -37.99204 ], [ -71.75541, -37.99102 ], [ -71.75498, -37.99009 ], [ -71.75492, -37.9896 ], [ -71.75515, -37.98906 ], [ -71.75526, -37.98821 ], [ -71.75539, -37.98799 ] ] } },
{ "type": "Feature", "properties": { "osm_id": 535835183, "nombre": "Sin nombre", "tipo": "stream", "volcan_codigo": "LON", "volcan_nombre": "Lonquimay", "drena_volcan": false }, "geometry": { "type": "LineString", "coordinates": [ [ -71.76115, -37.99664 ], [ -71.76077, -37.99618 ], [ -71.76027, -37.99577 ], [ -71.75995, -37.99527 ], [ -71.75965, -37.99497 ], [ -71.75859, -37.99421 ], [ -71.75838, -37.99356 ], [ -71.75774, -37.99223 ], [ -71.75762, -37.99133 ], [ -71.75709, -37.99057 ], [ -71.75692, -37.99013 ], [ -71.75632, -37.98927 ], [ -71.75585, -37.98885 ], [ -71.75559, -37.98845 ], [ -71.75539, -37.98799 ], [ -71.75546, -37.98748 ] ] } },
{ "type": "Feature", "properties": { "osm_id": 535835186, "nombre": "Sin nombre", "tipo": "stream", "volcan_codigo": "LON", "volcan_nombre": "Lonquimay", "drena_volcan": false }, "geometry": { "type": "LineString", "coordinates": [ [ -71.75691, -37.97802 ], [ -71.75645, -37.97882 ], [ -71.75639, -37.97934 ], [ -71.75617, -37.97978 ], [ -71.75606, -37.98031 ], [ -71.75554, -37.98106 ], [ -71.75551, -37.98134 ], [ -71.75564, -37.98173 ], [ -71.7561, -37.98249 ], [ -71.75678, -37.98467 ], [ -71.75718, -37.98517 ], [ -71.75737, -37.98576 ], [ -71.75821, -37.98673 ] ] } },
{ "type": "Feature", "properties": { "osm_id": 535835191, "nombre": "Sin nombre", "tipo": "stream", "volcan_codigo": "LON", "volcan_nombre": "Lonquimay", "drena_volcan": false }, "geometry": { "type": "LineString", "coordinates": [ [ -71.75056, -37.97406 ], [ -71.75021, -37.97424 ], [ -71.74974, -37.97495 ], [ -71.74967, -37.97592 ], [ -71.74859, -37.97798 ], [ -71.74854, -37.97848 ], [ -71.74807, -37.97967 ], [ -71.7481, -37.98025 ] ] } },
{ "type": "Feature", "properties": { "osm_id": 535835194, "nombre": "Sin nombre", "tipo": "stream", "volcan_codigo": "LON", "volcan_nombre": "Lonquimay", "drena_volcan": false }, "geometry": { "type": "LineString", "coordinates": [ [ -71.7521, -37.973 ], [ -71.75214, -37.97375 ], [ -71.75197, -37.97408 ], [ -71.75181, -37.97484 ], [ -71.75189, -37.9755 ], [ -71.75204, -37.97596 ], [ -71.75205, -37.97645 ], [ -71.7516, -37.97722 ], [ -71.75117, -37.97746 ], [ -71.74951, -37.97916 ], [ -71.7481, -37.98025 ], [ -71.74797, -37.98134 ], [ -71.74748, -37.98237 ], [ -71.74749, -37.98302 ], [ -71.74767, -37.9838 ] ] } },
{ "type": "Feature", "properties": { "osm_id": 535835200, "nombre": "Sin nombre", "tipo": "stream", "volcan_codigo": "LON", "volcan_nombre": "Lonquimay", "drena_volcan": false }, "geometry": { "type": "LineString", "coordinates": [ [ -71.74497, -37.96783 ], [ -71.74486, -37.96856 ], [ -71.74494, -37.96993 ], [ -71.74474, -37.97051 ], [ -71.74394, -37.97136 ], [ -71.74358, -37.9719 ], [ -71.74309, -37.97237 ], [ -71.74242, -37.97348 ], [ -71.74187, -37.97402 ], [ -71.74107, -37.97459 ], [ -71.74021, -37.97557 ], [ -71.74013, -37.97575 ], [ -71.74012, -37.97632 ], [ -71.74031, -37.9769 ] ] } },
{ "type": "Feature", "properties": { "osm_id": 535835204, "nombre": "Sin nombre", "tipo": "stream", "volcan_codigo": "LON", "volcan_nombre": "Lonquimay", "drena_volcan": false }, "geometry": { "type": "LineString", "coordinates": [ [ -71.74719, -37.9674 ], [ -71.7472, -37.9676 ], [ -71.74785, -37.96886 ], [ -71.74798, -37.96947 ], [ -71.74796, -37.96986 ], [ -71.74773, -37.97058 ], [ -71.74734, -37.97243 ], [ -71.7473, -37.97329 ], [ -71.74707, -37.97375 ], [ -71.74651, -37.97439 ], [ -71.74557, -37.97506 ], [ -71.74497, -37.97573 ], [ -71.74433, -37.97616 ], [ -71.74376, -37.97679 ], [ -71.74275, -37.97758 ], [ -71.74241, -37.97807 ] ] } },
{ "type": "Feature", "properties": { "osm_id": 535835207, "nombre": "Sin nombre", "tipo": "stream", "volcan_codigo": "LON", "volcan_nombre": "Lonquimay", "drena_volcan": false }, "geometry": { "type": "LineString", "coordinates": [ [ -71.75263, -37.98084 ], [ -71.75205, -37.98153 ], [ -71.75143, -37.98197 ], [ -71.75133, -37.98235 ], [ -71.75133, -37.98295 ], [ -71.75108, -37.98349 ], [ -71.75098, -37.98409 ], [ -71.75104, -37.98459 ], [ -71.75089, -37.98494 ] ] } },
{ "type": "Feature", "properties": { "osm_id": 535835210, "nombre": "Sin nombre", "tipo": "stream", "volcan_codigo": "LON", "volcan_nombre": "Lonquimay", "drena_volcan": false }, "geometry": { "type": "LineString", "coordinates": [ [ -71.74546, -38.0056 ], [ -71.74535, -38.00523 ], [ -71.74494, -38.00476 ], [ -71.7448, -38.0043 ], [ -71.74485, -38.00389 ], [ -71.74516, -38.00358 ], [ -71.74527, -38.00329 ], [ -71.74521, -38.00247 ], [ -71.74531, -38.002 ], [ -71.74527, -38.00152 ], [ -71.745, -38.00078 ], [ -71.74426, -38.00024 ], [ -71.74403, -37.99991 ], [ -71.74299, -37.99916 ], [ -71.74283, -37.9989 ], [ -71.74269, -37.99861 ], [ -71.74268, -37.99801 ], [ -71.74285, -37.99764 ], [ -71.74285, -37.99735 ], [ -71.74244, -37.99664 ], [ -71.74248, -37.99584 ], [ -71.74211, -37.995 ] ] } },
{ "type": "Feature", "properties": { "osm_id": 535835213, "nombre": "Sin nombre", "tipo": "stream", "volcan_codigo": "LON", "volcan_nombre": "Lonquimay", "drena_volcan": false }, "geometry": { "type": "LineString", "coordinates": [ [ -71.72277, -37.98883 ], [ -71.72296, -37.98929 ], [ -71.72337, -37.98968 ], [ -71.72361, -37.99005 ], [ -71.72372, -37.99035 ], [ -71.72376, -37.99086 ], [ -71.72583, -37.99314 ], [ -71.7262, -37.9937 ], [ -71.72654, -37.99465 ], [ -71.72686, -37.9952 ], [ -71.72733, -37.99577 ], [ -71.72794, -37.9961 ], [ -71.72899, -37.99646 ], [ -71.7297, -37.99699 ], [ -71.72999, -37.99731 ], [ -71.73111, -37.99773 ], [ -71.73197, -37.99788 ], [ -71.73255, -37.99823 ], [ -71.73353, -37.99841 ], [ -71.73402, -37.9987 ], [ -71.73438, -37.99877 ], [ -71.73518, -37.99844 ], [ -71.7367, -37.99839 ], [ -71.73698, -37.99832 ], [ -71.73734, -37.99803 ], [ -71.73807, -37.99768 ], [ -71.73891, -37.99665 ], [ -71.73915, -37.99647 ], [ -71.74015, -37.99614 ], [ -71.74051, -37.99551 ], [ -71.74148, -37.99529 ], [ -71.74215, -37.99496 ], [ -71.7425, -37.99429 ], [ -71.74319, -37.99379 ], [ -71.74345, -37.99341 ], [ -71.7435, -37.99282 ], [ -71.74384, -37.99224 ], [ -71.74391, -37.99186 ], [ -71.74431, -37.99146 ], [ -71.7444, -37.99127 ], [ -71.74441, -37.99083 ], [ -71.74459, -37.99037 ], [ -71.74453, -37.98986 ], [ -71.74488, -37.98938 ], [ -71.74551, -37.98933 ], [ -71.74582, -37.98941 ], [ -71.74624, -37.98937 ], [ -71.74662, -37.98949 ], [ -71.74722, -37.98951 ], [ -71.74793, -37.98935 ], [ -71.74883, -37.9895 ], [ -71.74961, -37.98931 ], [ -71.75056, -37.98924 ], [ -71.751, -37.98901 ], [ -71.75148, -37.98848 ], [ -71.75225, -37.98811 ], [ -71.75294, -37.98793 ], [ -71.75326, -37.98748 ], [ -71.75365, -37.98725 ] ] } },
{ "type": "Feature", "properties": { "osm_id": 535835224, "nombre": "Estero Malleco", "tipo": "stream", "volcan_codigo": "LON", "volcan_nombre": "Lonquimay", "drena_volcan": false }, "geometry": { "type": "LineString", "coordinates": [ [ -71.71528, -37.9761 ], [ -71.71764, -37.97605 ], [ -71.719, -37.97615 ], [ -71.72245, -37.97549 ], [ -71.72349, -37.97545 ], [ -71.7245, -37.97557 ], [ -71.72598, -37.97598 ], [ -71.72807, -37.97633 ], [ -71.72937, -37.97693 ], [ -71.72996, -37.97707 ] ] } },
{ "type": "Feature", "properties": { "osm_id": 535835227, "nombre": "Estero Malleco", "tipo": "stream", "volcan_codigo": "LON", "volcan_nombre": "Lonquimay", "drena_volcan": false }, "geometry": { "type": "LineString", "coordinates": [ [ -71.72996, -37.97707 ], [ -71.73127, -37.97728 ], [ -71.73247, -37.97764 ], [ -71.73313, -37.9777 ], [ -71.73373, -37.97734 ], [ -71.73461, -37.97732 ], [ -71.73532, -37.97715 ], [ -71.73671, -37.97704 ], [ -71.73716, -37.97688 ], [ -71.73751, -37.97661 ], [ -71.7378, -37.97651 ], [ -71.73804, -37.97651 ], [ -71.7385, -37.97668 ], [ -71.73946, -37.97671 ], [ -71.74026, -37.97687 ], [ -71.74068, -37.97734 ], [ -71.74088, -37.97746 ], [ -71.74153, -37.97758 ], [ -71.74241, -37.97807 ], [ -71.74283, -37.97888 ], [ -71.74299, -37.97944 ], [ -71.74296, -37.98053 ], [ -71.74302, -37.98076 ], [ -71.74343, -37.98112 ], [ -71.74398, -37.9812 ], [ -71.74417, -37.98129 ], [ -71.74528, -37.98264 ], [ -71.74566, -37.98296 ], [ -71.74668, -37.98369 ], [ -71.74704, -37.98379 ], [ -71.74767, -37.9838 ], [ -71.74876, -37.98422 ], [ -71.7489, -37.98434 ], [ -71.74911, -37.98477 ], [ -71.7493, -37.9849 ], [ -71.7497, -37.98496 ], [ -71.75067, -37.98487 ], [ -71.75112, -37.98512 ], [ -71.75146, -37.9852 ], [ -71.75157, -37.98533 ], [ -71.75175, -37.9858 ], [ -71.7524, -37.98652 ], [ -71.75365, -37.98725 ] ] } },
{ "type": "Feature", "properties": { "osm_id": 535835236, "nombre": "Estero Malleco", "tipo": "river", "volcan_codigo": "LON", "volcan_nombre": "Lonquimay", "drena_volcan": false }, "geometry": { "type": "LineString", "coordinates": [ [ -71.75365, -37.98725 ], [ -71.75561, -37.98748 ], [ -71.75594, -37.98737 ], [ -71.75632, -37.98694 ], [ -71.75676, -37.98677 ], [ -71.75712, -37.9867 ], [ -71.75853, -37.98675 ], [ -71.75903, -37.98657 ], [ -71.75942, -37.98652 ], [ -71.76062, -37.98679 ], [ -71.76137, -37.98715 ], [ -71.76314, -37.98775 ], [ -71.76448, -37.98753 ], [ -71.76487, -37.98714 ], [ -71.76513, -37.98656 ], [ -71.76546, -37.98619 ], [ -71.76571, -37.98615 ], [ -71.76676, -37.98638 ], [ -71.76743, -37.9864 ], [ -71.76812, -37.98589 ], [ -71.76822, -37.98558 ], [ -71.76784, -37.98444 ], [ -71.76808, -37.98386 ], [ -71.76786, -37.98352 ], [ -71.76784, -37.98334 ], [ -71.76817, -37.98296 ], [ -71.7687, -37.98291 ], [ -71.76966, -37.98326 ], [ -71.76999, -37.98351 ], [ -71.77032, -37.98354 ], [ -71.77092, -37.98319 ], [ -71.77113, -37.98288 ], [ -71.77199, -37.98261 ], [ -71.77245, -37.98272 ], [ -71.77307, -37.98319 ], [ -71.77346, -37.98323 ], [ -71.77394, -37.98306 ], [ -71.77427, -37.98274 ], [ -71.77521, -37.9825 ], [ -71.77582, -37.98245 ], [ -71.77609, -37.9823 ], [ -71.7761, -37.98209 ], [ -71.77558, -37.9814 ], [ -71.77568, -37.98099 ], [ -71.77606, -37.981 ], [ -71.77715, -37.98144 ], [ -71.77761, -37.98146 ], [ -71.77882, -37.98103 ], [ -71.77986, -37.98042 ], [ -71.7813, -37.98036 ], [ -71.78184, -37.98046 ], [ -71.78194, -37.98034 ], [ -71.78186, -37.97979 ], [ -71.7822, -37.97924 ], [ -71.78167, -37.97877 ], [ -71.78162, -37.97854 ], [ -71.78167, -37.97812 ], [ -71.78149, -37.9773 ], [ -71.78168, -37.97705 ], [ -71.78183, -37.97663 ], [ -71.78201, -37.97643 ], [ -71.78233, -37.97632 ], [ -71.78326, -37.97628 ], [ -71.78414, -37.97591 ], [ -71.78443, -37.97574 ], [ -71.7849, -37.97528 ], [ -71.786, -37.97487 ], [ -71.7864, -37.97422 ], [ -71.78665, -37.97399 ], [ -71.7882, -37.97331 ], [ -71.78868, -37.97283 ], [ -71.78887, -37.97274 ], [ -71.79008, -37.97287 ], [ -71.79072, -37.97245 ], [ -71.79145, -37.97221 ], [ -71.7918, -37.97186 ], [ -71.79216, -37.97134 ], [ -71.79279, -37.97073 ], [ -71.79341, -37.96954 ] ] } },
{ "type": "Feature", "properties": { "osm_id": 536191701, "nombre": "Sin nombre", "tipo": "stream", "volcan_codigo": "LON", "volcan_nombre": "Lonquimay", "drena_volcan": false }, "geometry": { "type": "LineString", "coordinates": [ [ -71.75516, -37.96496 ], [ -71.75582, -37.96429 ], [ -71.7561, -37.9633 ], [ -71.75728, -37.96115 ], [ -71.75731, -37.96088 ] ] } },
{ "type": "Feature", "properties": { "osm_id": 536191702, "nombre": "Sin nombre", "tipo": "stream", "volcan_codigo": "LON", "volcan_nombre": "Lonquimay", "drena_volcan": false }, "geometry": { "type": "LineString", "coordinates": [ [ -71.75103, -37.95756 ], [ -71.75149, -37.95671 ], [ -71.7516, -37.95593 ], [ -71.75177, -37.95557 ], [ -71.75185, -37.95515 ], [ -71.75212, -37.9546 ], [ -71.75217, -37.95383 ], [ -71.75247, -37.95338 ], [ -71.75255, -37.95311 ], [ -71.75252, -37.95217 ], [ -71.75296, -37.95143 ], [ -71.7535, -37.95116 ] ] } },
{ "type": "Feature", "properties": { "osm_id": 536191703, "nombre": "Sin nombre", "tipo": "stream", "volcan_codigo": "LON", "volcan_nombre": "Lonquimay", "drena_volcan": false }, "geometry": { "type": "LineString", "coordinates": [ [ -71.73642, -37.94449 ], [ -71.73617, -37.94534 ], [ -71.73557, -37.94594 ], [ -71.73456, -37.94645 ], [ -71.73416, -37.94702 ], [ -71.7333, -37.94796 ], [ -71.73313, -37.94843 ], [ -71.73288, -37.94874 ] ] } },
{ "type": "Feature", "properties": { "osm_id": 536191704, "nombre": "Sin nombre", "tipo": "stream", "volcan_codigo": "LON", "volcan_nombre": "Lonquimay", "drena_volcan": false }, "geometry": { "type": "LineString", "coordinates": [ [ -71.71461, -37.93766 ], [ -71.71463, -37.93815 ], [ -71.7148, -37.93894 ], [ -71.71472, -37.93959 ], [ -71.71472, -37.94052 ], [ -71.71435, -37.94125 ], [ -71.71427, -37.94186 ], [ -71.71442, -37.94225 ], [ -71.71465, -37.94252 ], [ -71.71494, -37.94313 ], [ -71.71532, -37.94355 ], [ -71.71605, -37.94368 ], [ -71.71741, -37.94322 ], [ -71.71807, -37.94322 ], [ -71.71889, -37.944 ], [ -71.71919, -37.94476 ], [ -71.71943, -37.94497 ], [ -71.72041, -37.94549 ], [ -71.7211, -37.94575 ], [ -71.72213, -37.94591 ], [ -71.72269, -37.94613 ], [ -71.72346, -37.94613 ], [ -71.72397, -37.94654 ], [ -71.72444, -37.9467 ], [ -71.72494, -37.947 ], [ -71.72576, -37.94763 ], [ -71.72787, -37.94872 ], [ -71.72882, -37.94888 ], [ -71.73101, -37.94891 ], [ -71.73138, -37.94881 ], [ -71.73187, -37.94847 ], [ -71.73257, -37.94831 ] ] } },
{ "type": "Feature", "properties": { "osm_id": 536191720, "nombre": "Sin nombre", "tipo": "stream", "volcan_codigo": "LON", "volcan_nombre": "Lonquimay", "drena_volcan": false }, "geometry": { "type": "LineString", "coordinates": [ [ -71.73887, -37.948 ], [ -71.73912, -37.94834 ], [ -71.74013, -37.94891 ], [ -71.74086, -37.94952 ], [ -71.74176, -37.95045 ], [ -71.74204, -37.951 ], [ -71.74244, -37.95136 ] ] } },
{ "type": "Feature", "properties": { "osm_id": 536191728, "nombre": "Sin nombre", "tipo": "stream", "volcan_codigo": "LON", "volcan_nombre": "Lonquimay", "drena_volcan": false }, "geometry": { "type": "LineString", "coordinates": [ [ -71.74111, -37.94632 ], [ -71.74169, -37.94703 ], [ -71.7418, -37.94766 ], [ -71.74211, -37.94811 ], [ -71.74245, -37.94891 ], [ -71.74253, -37.94962 ], [ -71.74272, -37.94984 ], [ -71.74313, -37.95008 ], [ -71.74328, -37.95029 ] ] } },
{ "type": "Feature", "properties": { "osm_id": 536191733, "nombre": "Sin nombre", "tipo": "stream", "volcan_codigo": "LON", "volcan_nombre": "Lonquimay", "drena_volcan": false }, "geometry": { "type": "LineString", "coordinates": [ [ -71.74689, -37.9639 ], [ -71.74677, -37.96316 ], [ -71.74689, -37.9619 ], [ -71.74686, -37.96066 ], [ -71.74671, -37.95982 ], [ -71.74675, -37.95837 ], [ -71.74659, -37.95781 ], [ -71.74652, -37.95712 ], [ -71.74602, -37.95598 ], [ -71.74529, -37.95481 ], [ -71.74513, -37.95382 ], [ -71.74514, -37.9524 ], [ -71.74461, -37.95137 ], [ -71.74432, -37.95046 ] ] } },
{ "type": "Feature", "properties": { "osm_id": 536191734, "nombre": "Sin nombre", "tipo": "stream", "volcan_codigo": "LON", "volcan_nombre": "Lonquimay", "drena_volcan": false }, "geometry": { "type": "LineString", "coordinates": [ [ -71.76407, -37.96678 ], [ -71.76539, -37.96582 ], [ -71.7657, -37.96507 ], [ -71.76628, -37.96444 ], [ -71.76634, -37.96424 ], [ -71.76727, -37.963 ], [ -71.76823, -37.96232 ], [ -71.76944, -37.96168 ], [ -71.76986, -37.96123 ], [ -71.77021, -37.96102 ], [ -71.77059, -37.96096 ], [ -71.77169, -37.96101 ], [ -71.77242, -37.96091 ], [ -71.77387, -37.96026 ] ] } },
{ "type": "Feature", "properties": { "osm_id": 536191735, "nombre": "Sin nombre", "tipo": "stream", "volcan_codigo": "LON", "volcan_nombre": "Lonquimay", "drena_volcan": false }, "geometry": { "type": "LineString", "coordinates": [ [ -71.75547, -37.96819 ], [ -71.75626, -37.9677 ], [ -71.75714, -37.96677 ], [ -71.75768, -37.96636 ], [ -71.75854, -37.96597 ], [ -71.75899, -37.96586 ], [ -71.76001, -37.96503 ], [ -71.7605, -37.96431 ], [ -71.7609, -37.96411 ], [ -71.76185, -37.96345 ], [ -71.76352, -37.96274 ], [ -71.76408, -37.96211 ], [ -71.7647, -37.96198 ], [ -71.76572, -37.96216 ], [ -71.76633, -37.96193 ], [ -71.76667, -37.96148 ], [ -71.76702, -37.96118 ], [ -71.76727, -37.96062 ], [ -71.76756, -37.96023 ], [ -71.76852, -37.95956 ], [ -71.76928, -37.95879 ], [ -71.76963, -37.95748 ], [ -71.76935, -37.95687 ] ] } },
{ "type": "Feature", "properties": { "osm_id": 536191737, "nombre": "Sin nombre", "tipo": "stream", "volcan_codigo": "LON", "volcan_nombre": "Lonquimay", "drena_volcan": false }, "geometry": { "type": "LineString", "coordinates": [ [ -71.76015, -37.96108 ], [ -71.76127, -37.96031 ], [ -71.76305, -37.9596 ] ] } },
{ "type": "Feature", "properties": { "osm_id": 536191740, "nombre": "Sin nombre", "tipo": "stream", "volcan_codigo": "LON", "volcan_nombre": "Lonquimay", "drena_volcan": false }, "geometry": { "type": "LineString", "coordinates": [ [ -71.76223, -37.96119 ], [ -71.76227, -37.96101 ], [ -71.76256, -37.96056 ], [ -71.76268, -37.96006 ], [ -71.76314, -37.9595 ], [ -71.76339, -37.959 ], [ -71.76395, -37.95872 ], [ -71.76521, -37.9585 ], [ -71.76642, -37.95839 ], [ -71.76833, -37.95727 ] ] } },
{ "type": "Feature", "properties": { "osm_id": 536191743, "nombre": "Sin nombre", "tipo": "stream", "volcan_codigo": "LON", "volcan_nombre": "Lonquimay", "drena_volcan": false }, "geometry": { "type": "LineString", "coordinates": [ [ -71.75332, -37.96061 ], [ -71.75583, -37.95932 ], [ -71.75686, -37.95851 ], [ -71.75701, -37.95832 ] ] } },
{ "type": "Feature", "properties": { "osm_id": 536191745, "nombre": "Sin nombre", "tipo": "stream", "volcan_codigo": "LON", "volcan_nombre": "Lonquimay", "drena_volcan": false }, "geometry": { "type": "LineString", "coordinates": [ [ -71.75276, -37.95932 ], [ -71.75374, -37.95843 ], [ -71.75452, -37.95728 ], [ -71.75559, -37.95638 ], [ -71.75605, -37.9558 ], [ -71.75619, -37.95542 ], [ -71.75679, -37.95486 ], [ -71.75716, -37.95435 ], [ -71.75751, -37.9541 ] ] } },
{ "type": "Feature", "properties": { "osm_id": 536191748, "nombre": "Sin nombre", "tipo": "stream", "volcan_codigo": "LON", "volcan_nombre": "Lonquimay", "drena_volcan": false }, "geometry": { "type": "LineString", "coordinates": [ [ -71.75055, -37.96569 ], [ -71.75158, -37.9647 ], [ -71.75265, -37.96408 ], [ -71.75351, -37.96341 ], [ -71.75432, -37.96301 ], [ -71.75497, -37.96245 ], [ -71.75569, -37.96215 ], [ -71.75615, -37.96184 ], [ -71.75698, -37.96118 ], [ -71.75744, -37.96071 ], [ -71.75751, -37.95937 ], [ -71.75731, -37.95892 ], [ -71.75712, -37.95869 ], [ -71.75701, -37.95832 ], [ -71.75767, -37.95712 ], [ -71.75773, -37.95682 ], [ -71.75771, -37.95652 ], [ -71.75746, -37.95595 ], [ -71.75738, -37.95553 ], [ -71.75734, -37.95471 ], [ -71.75746, -37.95421 ], [ -71.75771, -37.95361 ], [ -71.75809, -37.95311 ], [ -71.75843, -37.95247 ], [ -71.75883, -37.95211 ], [ -71.75965, -37.95169 ] ] } },
{ "type": "Feature", "properties": { "osm_id": 536191754, "nombre": "Sin nombre", "tipo": "stream", "volcan_codigo": "LON", "volcan_nombre": "Lonquimay", "drena_volcan": false }, "geometry": { "type": "LineString", "coordinates": [ [ -71.77943, -37.95825 ], [ -71.77906, -37.95882 ], [ -71.77897, -37.95931 ], [ -71.77853, -37.9598 ], [ -71.77765, -37.96047 ], [ -71.77639, -37.96127 ], [ -71.77473, -37.96212 ] ] } },
{ "type": "Feature", "properties": { "osm_id": 536191757, "nombre": "Sin nombre", "tipo": "stream", "volcan_codigo": "LON", "volcan_nombre": "Lonquimay", "drena_volcan": false }, "geometry": { "type": "LineString", "coordinates": [ [ -71.7777, -37.95796 ], [ -71.77716, -37.9584 ], [ -71.77654, -37.95866 ], [ -71.77564, -37.95917 ], [ -71.77517, -37.95979 ], [ -71.77422, -37.96043 ] ] } },
{ "type": "Feature", "properties": { "osm_id": 536191759, "nombre": "Sin nombre", "tipo": "stream", "volcan_codigo": "LON", "volcan_nombre": "Lonquimay", "drena_volcan": false }, "geometry": { "type": "LineString", "coordinates": [ [ -71.77602, -37.95707 ], [ -71.77577, -37.95712 ], [ -71.77478, -37.95775 ], [ -71.77408, -37.9585 ], [ -71.77266, -37.9596 ] ] } },
{ "type": "Feature", "properties": { "osm_id": 536191762, "nombre": "Sin nombre", "tipo": "stream", "volcan_codigo": "LON", "volcan_nombre": "Lonquimay", "drena_volcan": false }, "geometry": { "type": "LineString", "coordinates": [ [ -71.77585, -37.95383 ], [ -71.77546, -37.95388 ], [ -71.77489, -37.95412 ], [ -71.77412, -37.95458 ], [ -71.77353, -37.95512 ], [ -71.77273, -37.95551 ], [ -71.77246, -37.95586 ], [ -71.77109, -37.95692 ], [ -71.77071, -37.95738 ] ] } },
{ "type": "Feature", "properties": { "osm_id": 536191765, "nombre": "Sin nombre", "tipo": "stream", "volcan_codigo": "LON", "volcan_nombre": "Lonquimay", "drena_volcan": false }, "geometry": { "type": "LineString", "coordinates": [ [ -71.76986, -37.94287 ], [ -71.76958, -37.94339 ], [ -71.76943, -37.94399 ], [ -71.76921, -37.94425 ], [ -71.76875, -37.94519 ], [ -71.76833, -37.9457 ], [ -71.76753, -37.94723 ], [ -71.76733, -37.94767 ], [ -71.7672, -37.94822 ], [ -71.76667, -37.94933 ], [ -71.76654, -37.94987 ], [ -71.76651, -37.95055 ], [ -71.76627, -37.95161 ], [ -71.76619, -37.95327 ], [ -71.76601, -37.95358 ], [ -71.76457, -37.95458 ], [ -71.76428, -37.95489 ] ] } },
{ "type": "Feature", "properties": { "osm_id": 536191769, "nombre": "Sin nombre", "tipo": "stream", "volcan_codigo": "LON", "volcan_nombre": "Lonquimay", "drena_volcan": false }, "geometry": { "type": "LineString", "coordinates": [ [ -71.77378, -37.94831 ], [ -71.77313, -37.9488 ], [ -71.77229, -37.94971 ], [ -71.77113, -37.95177 ], [ -71.7706, -37.95255 ], [ -71.77046, -37.95291 ], [ -71.77006, -37.95347 ], [ -71.76991, -37.95383 ], [ -71.76983, -37.95438 ], [ -71.76947, -37.95502 ], [ -71.76932, -37.95558 ], [ -71.76932, -37.95619 ], [ -71.76956, -37.95666 ] ] } },
{ "type": "Feature", "properties": { "osm_id": 536191778, "nombre": "Estero La Olleta", "tipo": "stream", "volcan_codigo": "LON", "volcan_nombre": "Lonquimay", "drena_volcan": false }, "geometry": { "type": "LineString", "coordinates": [ [ -71.72412, -37.93758 ], [ -71.7242, -37.93792 ], [ -71.7245, -37.93849 ], [ -71.72458, -37.93899 ], [ -71.72492, -37.93954 ], [ -71.72565, -37.94015 ], [ -71.72618, -37.94082 ], [ -71.7266, -37.94114 ], [ -71.72707, -37.94178 ], [ -71.72791, -37.94234 ], [ -71.7282, -37.94272 ], [ -71.72892, -37.94339 ], [ -71.72927, -37.94402 ], [ -71.72976, -37.94422 ], [ -71.73021, -37.94473 ], [ -71.73044, -37.94546 ], [ -71.73047, -37.94601 ], [ -71.73055, -37.94625 ], [ -71.73077, -37.94654 ], [ -71.73123, -37.94669 ], [ -71.73164, -37.9471 ], [ -71.73224, -37.94754 ], [ -71.73257, -37.94831 ], [ -71.73382, -37.95009 ], [ -71.73399, -37.95073 ], [ -71.73438, -37.95102 ], [ -71.73515, -37.95132 ], [ -71.73577, -37.95192 ], [ -71.73639, -37.95219 ], [ -71.73724, -37.95276 ], [ -71.73785, -37.95286 ], [ -71.73861, -37.95275 ], [ -71.73911, -37.95292 ] ] } },
{ "type": "Feature", "properties": { "osm_id": 536191803, "nombre": "Río Bureo", "tipo": "river", "volcan_codigo": "LON", "volcan_nombre": "Lonquimay", "drena_volcan": false }, "geometry": { "type": "LineString", "coordinates": [ [ -71.7369, -37.95336 ], [ -71.73751, -37.95306 ], [ -71.73911, -37.95292 ], [ -71.74018, -37.95221 ], [ -71.74077, -37.95154 ], [ -71.74131, -37.95145 ], [ -71.74196, -37.95157 ], [ -71.74226, -37.95148 ], [ -71.74254, -37.95124 ], [ -71.74305, -37.95034 ], [ -71.74328, -37.95029 ], [ -71.74404, -37.95047 ], [ -71.74445, -37.95042 ], [ -71.74471, -37.95026 ], [ -71.74492, -37.94979 ], [ -71.74529, -37.94945 ], [ -71.74548, -37.94937 ], [ -71.7461, -37.94932 ], [ -71.74664, -37.94913 ], [ -71.74708, -37.94909 ], [ -71.74766, -37.94921 ], [ -71.74789, -37.94943 ], [ -71.74806, -37.95006 ], [ -71.74822, -37.95037 ], [ -71.75018, -37.95122 ], [ -71.75057, -37.95118 ], [ -71.7508, -37.95056 ], [ -71.75109, -37.95028 ], [ -71.75164, -37.95028 ], [ -71.75234, -37.9506 ], [ -71.75289, -37.95067 ], [ -71.7535, -37.95116 ], [ -71.75386, -37.95125 ], [ -71.75422, -37.95115 ], [ -71.75439, -37.95085 ], [ -71.75531, -37.95029 ], [ -71.75613, -37.95031 ], [ -71.75653, -37.95052 ], [ -71.75693, -37.95108 ], [ -71.75846, -37.95133 ], [ -71.75965, -37.95169 ], [ -71.76047, -37.9521 ], [ -71.76162, -37.95223 ], [ -71.76237, -37.95246 ], [ -71.763, -37.9531 ], [ -71.76384, -37.95359 ], [ -71.76387, -37.95385 ], [ -71.76377, -37.95442 ], [ -71.76397, -37.95478 ], [ -71.7651, -37.9552 ], [ -71.76612, -37.95544 ], [ -71.76726, -37.95604 ], [ -71.76747, -37.95628 ], [ -71.76772, -37.95682 ], [ -71.76813, -37.9572 ], [ -71.76855, -37.95731 ], [ -71.76879, -37.95727 ], [ -71.76902, -37.95717 ], [ -71.76989, -37.95641 ], [ -71.77025, -37.95654 ], [ -71.77055, -37.95719 ], [ -71.77188, -37.95846 ], [ -71.77248, -37.95946 ], [ -71.77305, -37.95985 ], [ -71.7747, -37.96073 ], [ -71.77489, -37.9611 ], [ -71.77473, -37.96212 ], [ -71.77489, -37.96263 ], [ -71.77511, -37.96295 ], [ -71.7755, -37.96319 ], [ -71.77625, -37.96335 ], [ -71.77668, -37.96366 ], [ -71.77689, -37.96395 ], [ -71.77703, -37.96475 ], [ -71.77723, -37.96495 ], [ -71.77788, -37.96516 ], [ -71.77906, -37.96539 ], [ -71.77976, -37.96586 ], [ -71.78005, -37.96619 ], [ -71.78032, -37.96686 ], [ -71.78071, -37.96735 ], [ -71.78094, -37.96745 ], [ -71.78167, -37.96743 ], [ -71.78211, -37.96755 ], [ -71.78237, -37.96777 ], [ -71.78269, -37.96831 ], [ -71.78298, -37.96857 ], [ -71.78333, -37.96862 ], [ -71.78404, -37.96851 ], [ -71.78465, -37.96898 ], [ -71.7854, -37.96941 ], [ -71.78641, -37.96966 ], [ -71.78704, -37.96971 ], [ -71.78738, -37.96972 ], [ -71.78822, -37.96952 ], [ -71.78918, -37.96946 ], [ -71.79003, -37.96974 ], [ -71.79065, -37.97005 ], [ -71.79102, -37.9701 ], [ -71.7919, -37.96992 ], [ -71.79273, -37.96961 ], [ -71.79424, -37.96937 ], [ -71.79509, -37.96892 ], [ -71.79556, -37.96842 ], [ -71.79579, -37.96767 ], [ -71.7961, -37.96705 ], [ -71.79644, -37.96673 ], [ -71.79696, -37.96665 ], [ -71.7976, -37.96643 ], [ -71.79833, -37.96634 ], [ -71.79892, -37.96639 ], [ -71.80006, -37.96686 ], [ -71.80068, -37.96685 ], [ -71.80124, -37.96662 ], [ -71.80143, -37.96641 ], [ -71.80151, -37.96616 ], [ -71.80137, -37.96495 ], [ -71.80246, -37.96346 ], [ -71.80276, -37.96218 ], [ -71.80321, -37.96173 ], [ -71.80454, -37.96142 ], [ -71.80484, -37.96121 ], [ -71.80551, -37.96019 ], [ -71.80551, -37.95964 ], [ -71.80593, -37.95941 ], [ -71.80606, -37.95924 ], [ -71.80615, -37.9583 ], [ -71.80633, -37.95797 ], [ -71.80666, -37.95782 ], [ -71.80806, -37.95778 ], [ -71.80834, -37.95763 ], [ -71.80843, -37.95749 ], [ -71.80849, -37.95662 ], [ -71.80898, -37.95594 ], [ -71.8091, -37.95591 ], [ -71.80959, -37.95618 ], [ -71.81107, -37.95613 ], [ -71.81186, -37.95622 ], [ -71.81215, -37.95613 ], [ -71.81325, -37.9552 ] ] } },
{ "type": "Feature", "properties": { "osm_id": 536191804, "nombre": "Sin nombre", "tipo": "stream", "volcan_codigo": "LON", "volcan_nombre": "Lonquimay", "drena_volcan": false }, "geometry": { "type": "LineString", "coordinates": [ [ -71.76375, -37.96962 ], [ -71.76399, -37.96959 ], [ -71.76632, -37.96875 ], [ -71.76776, -37.9684 ], [ -71.76994, -37.9676 ], [ -71.77062, -37.96743 ] ] } },
{ "type": "Feature", "properties": { "osm_id": 536191805, "nombre": "Sin nombre", "tipo": "stream", "volcan_codigo": "LON", "volcan_nombre": "Lonquimay", "drena_volcan": false }, "geometry": { "type": "LineString", "coordinates": [ [ -71.7622, -37.97186 ], [ -71.76323, -37.97147 ], [ -71.76378, -37.97091 ], [ -71.76402, -37.9708 ], [ -71.76592, -37.9706 ], [ -71.76714, -37.97021 ], [ -71.76966, -37.96907 ], [ -71.76997, -37.96887 ], [ -71.77022, -37.96859 ], [ -71.77047, -37.96759 ], [ -71.77099, -37.96722 ], [ -71.77321, -37.96684 ], [ -71.7737, -37.96711 ], [ -71.77411, -37.96745 ], [ -71.77467, -37.96769 ] ] } },
{ "type": "Feature", "properties": { "osm_id": 536191806, "nombre": "Sin nombre", "tipo": "stream", "volcan_codigo": "LON", "volcan_nombre": "Lonquimay", "drena_volcan": false }, "geometry": { "type": "LineString", "coordinates": [ [ -71.7713, -37.97172 ], [ -71.77157, -37.97078 ], [ -71.77225, -37.97017 ], [ -71.77233, -37.96976 ], [ -71.7725, -37.96945 ], [ -71.77412, -37.96835 ], [ -71.77467, -37.96769 ], [ -71.77521, -37.96728 ], [ -71.77575, -37.96703 ], [ -71.77693, -37.96667 ], [ -71.77753, -37.96614 ], [ -71.7783, -37.96522 ] ] } },
{ "type": "Feature", "properties": { "osm_id": 536191807, "nombre": "Sin nombre", "tipo": "stream", "volcan_codigo": "LON", "volcan_nombre": "Lonquimay", "drena_volcan": false }, "geometry": { "type": "LineString", "coordinates": [ [ -71.77457, -37.97108 ], [ -71.77546, -37.97067 ], [ -71.77611, -37.97021 ], [ -71.77663, -37.96969 ], [ -71.77706, -37.96948 ], [ -71.77788, -37.96888 ], [ -71.77902, -37.96834 ], [ -71.78018, -37.96749 ], [ -71.78071, -37.96735 ] ] } },
{ "type": "Feature", "properties": { "osm_id": 536191809, "nombre": "Sin nombre", "tipo": "stream", "volcan_codigo": "LON", "volcan_nombre": "Lonquimay", "drena_volcan": false }, "geometry": { "type": "LineString", "coordinates": [ [ -71.77686, -37.9724 ], [ -71.77751, -37.97226 ], [ -71.77852, -37.97154 ], [ -71.77933, -37.97114 ], [ -71.78033, -37.97088 ], [ -71.78134, -37.96988 ], [ -71.78205, -37.96958 ], [ -71.78276, -37.96914 ], [ -71.78309, -37.96882 ], [ -71.78317, -37.96862 ] ] } },
{ "type": "Feature", "properties": { "osm_id": 536241986, "nombre": "Sin nombre", "tipo": "stream", "volcan_codigo": "LON", "volcan_nombre": "Lonquimay", "drena_volcan": false }, "geometry": { "type": "LineString", "coordinates": [ [ -71.85704, -38.00218 ], [ -71.85678, -38.00145 ], [ -71.85681, -37.99998 ], [ -71.85707, -37.99954 ], [ -71.85761, -37.99819 ], [ -71.85765, -37.9977 ], [ -71.8574, -37.99727 ] ] } },
{ "type": "Feature", "properties": { "osm_id": 536241989, "nombre": "Sin nombre", "tipo": "stream", "volcan_codigo": "LON", "volcan_nombre": "Lonquimay", "drena_volcan": false }, "geometry": { "type": "LineString", "coordinates": [ [ -71.82999, -38.00171 ], [ -71.83067, -38.00107 ], [ -71.83118, -38.00036 ], [ -71.83184, -37.99985 ], [ -71.8324, -37.99962 ], [ -71.83289, -37.99928 ], [ -71.83357, -37.99823 ], [ -71.83439, -37.99753 ] ] } },
{ "type": "Feature", "properties": { "osm_id": 536241992, "nombre": "Sin nombre", "tipo": "stream", "volcan_codigo": "LON", "volcan_nombre": "Lonquimay", "drena_volcan": false }, "geometry": { "type": "LineString", "coordinates": [ [ -71.82819, -37.99922 ], [ -71.82918, -37.99899 ], [ -71.83028, -37.9981 ], [ -71.83138, -37.99757 ], [ -71.83246, -37.99745 ], [ -71.83343, -37.99753 ], [ -71.83499, -37.99748 ], [ -71.83616, -37.99724 ], [ -71.83676, -37.99702 ] ] } },
{ "type": "Feature", "properties": { "osm_id": 536241995, "nombre": "Sin nombre", "tipo": "stream", "volcan_codigo": "LON", "volcan_nombre": "Lonquimay", "drena_volcan": false }, "geometry": { "type": "LineString", "coordinates": [ [ -71.82379, -38.00068 ], [ -71.82303, -38.00076 ], [ -71.82222, -38.00111 ], [ -71.82077, -38.00141 ], [ -71.82006, -38.00173 ], [ -71.81873, -38.00202 ], [ -71.81749, -38.00207 ], [ -71.81558, -38.00158 ], [ -71.81475, -38.00158 ] ] } },
{ "type": "Feature", "properties": { "osm_id": 536241998, "nombre": "Sin nombre", "tipo": "stream", "volcan_codigo": "LON", "volcan_nombre": "Lonquimay", "drena_volcan": false }, "geometry": { "type": "LineString", "coordinates": [ [ -71.84887, -37.9829 ], [ -71.84973, -37.98332 ], [ -71.85011, -37.98388 ], [ -71.85053, -37.98409 ], [ -71.85092, -37.98443 ], [ -71.85162, -37.98475 ], [ -71.85249, -37.98492 ] ] } },
{ "type": "Feature", "properties": { "osm_id": 536242011, "nombre": "Sin nombre", "tipo": "stream", "volcan_codigo": "LON", "volcan_nombre": "Lonquimay", "drena_volcan": false }, "geometry": { "type": "LineString", "coordinates": [ [ -71.87316, -37.99703 ], [ -71.87425, -37.99586 ], [ -71.8744, -37.9953 ], [ -71.87539, -37.99377 ] ] } },
{ "type": "Feature", "properties": { "osm_id": 536242028, "nombre": "Sin nombre", "tipo": "stream", "volcan_codigo": "LON", "volcan_nombre": "Lonquimay", "drena_volcan": false }, "geometry": { "type": "LineString", "coordinates": [ [ -71.85327, -38.0021 ], [ -71.85312, -38.00088 ], [ -71.8527, -37.99989 ], [ -71.85268, -37.9991 ], [ -71.85297, -37.99861 ] ] } },
{ "type": "Feature", "properties": { "osm_id": 536242030, "nombre": "Sin nombre", "tipo": "stream", "volcan_codigo": "LON", "volcan_nombre": "Lonquimay", "drena_volcan": false }, "geometry": { "type": "LineString", "coordinates": [ [ -71.85039, -38.0027 ], [ -71.85009, -38.00169 ], [ -71.8501, -38.00085 ], [ -71.84967, -38.00009 ], [ -71.84933, -37.99923 ], [ -71.8493, -37.9987 ], [ -71.84941, -37.99851 ] ] } },
{ "type": "Feature", "properties": { "osm_id": 536242033, "nombre": "Sin nombre", "tipo": "stream", "volcan_codigo": "LON", "volcan_nombre": "Lonquimay", "drena_volcan": false }, "geometry": { "type": "LineString", "coordinates": [ [ -71.84493, -38.0038 ], [ -71.84518, -38.00313 ], [ -71.84547, -38.0028 ], [ -71.84598, -38.00189 ], [ -71.84648, -38.0014 ], [ -71.84664, -38.00113 ], [ -71.84722, -37.99921 ], [ -71.84751, -37.9988 ], [ -71.84811, -37.99828 ], [ -71.84849, -37.99808 ] ] } },
{ "type": "Feature", "properties": { "osm_id": 536242037, "nombre": "Sin nombre", "tipo": "stream", "volcan_codigo": "LON", "volcan_nombre": "Lonquimay", "drena_volcan": false }, "geometry": { "type": "LineString", "coordinates": [ [ -71.85216, -37.99133 ], [ -71.85216, -37.99179 ], [ -71.85235, -37.9924 ], [ -71.8524, -37.99311 ], [ -71.85236, -37.99354 ], [ -71.85203, -37.9941 ], [ -71.85195, -37.99445 ], [ -71.85193, -37.99573 ], [ -71.85206, -37.99631 ], [ -71.852, -37.99697 ], [ -71.85239, -37.99799 ], [ -71.85297, -37.99861 ] ] } },
{ "type": "Feature", "properties": { "osm_id": 536242040, "nombre": "Sin nombre", "tipo": "stream", "volcan_codigo": "LON", "volcan_nombre": "Lonquimay", "drena_volcan": false }, "geometry": { "type": "LineString", "coordinates": [ [ -71.84413, -37.9869 ], [ -71.84422, -37.9874 ], [ -71.84461, -37.98821 ], [ -71.84469, -37.98865 ], [ -71.84511, -37.98945 ], [ -71.84514, -37.99011 ], [ -71.84528, -37.99057 ], [ -71.84506, -37.99139 ], [ -71.84523, -37.99247 ], [ -71.84491, -37.99317 ], [ -71.8449, -37.99395 ], [ -71.84458, -37.99511 ], [ -71.8444, -37.99623 ], [ -71.84446, -37.99664 ], [ -71.84464, -37.99701 ], [ -71.845, -37.99733 ] ] } },
{ "type": "Feature", "properties": { "osm_id": 536242044, "nombre": "Sin nombre", "tipo": "stream", "volcan_codigo": "LON", "volcan_nombre": "Lonquimay", "drena_volcan": false }, "geometry": { "type": "LineString", "coordinates": [ [ -71.83492, -37.98677 ], [ -71.83472, -37.98711 ], [ -71.83413, -37.9877 ], [ -71.83365, -37.98846 ], [ -71.83352, -37.9892 ], [ -71.83326, -37.98967 ], [ -71.83329, -37.99004 ], [ -71.83362, -37.99045 ], [ -71.83365, -37.99087 ], [ -71.83405, -37.99171 ], [ -71.83405, -37.99186 ], [ -71.83389, -37.99216 ], [ -71.83392, -37.99269 ], [ -71.83375, -37.99333 ], [ -71.83386, -37.99358 ] ] } },
{ "type": "Feature", "properties": { "osm_id": 536242049, "nombre": "Río Mulchén", "tipo": "stream", "volcan_codigo": "LON", "volcan_nombre": "Lonquimay", "drena_volcan": false }, "geometry": { "type": "LineString", "coordinates": [ [ -71.82798, -37.99043 ], [ -71.82887, -37.99097 ], [ -71.82926, -37.9914 ], [ -71.8296, -37.99161 ], [ -71.83069, -37.99196 ], [ -71.83199, -37.99249 ], [ -71.83275, -37.99307 ], [ -71.83386, -37.99358 ], [ -71.83439, -37.99413 ], [ -71.83447, -37.9944 ], [ -71.83494, -37.99519 ], [ -71.83523, -37.99549 ], [ -71.83549, -37.99602 ], [ -71.83601, -37.99667 ], [ -71.83662, -37.997 ], [ -71.83751, -37.99704 ], [ -71.838, -37.99733 ], [ -71.83866, -37.99742 ], [ -71.84129, -37.99746 ], [ -71.84246, -37.99712 ], [ -71.8432, -37.99705 ], [ -71.84409, -37.99739 ], [ -71.84446, -37.99742 ], [ -71.845, -37.99733 ] ] } },
{ "type": "Feature", "properties": { "osm_id": 536242054, "nombre": "Sin nombre", "tipo": "stream", "volcan_codigo": "LON", "volcan_nombre": "Lonquimay", "drena_volcan": false }, "geometry": { "type": "LineString", "coordinates": [ [ -71.85249, -37.98492 ], [ -71.85253, -37.98512 ], [ -71.8528, -37.98546 ], [ -71.85357, -37.98579 ], [ -71.85402, -37.98617 ], [ -71.85424, -37.98625 ], [ -71.8561, -37.9868 ], [ -71.85648, -37.98685 ], [ -71.85767, -37.98679 ], [ -71.859, -37.98745 ], [ -71.86043, -37.98785 ], [ -71.86098, -37.98783 ], [ -71.86186, -37.98765 ], [ -71.86318, -37.98706 ] ] } },
{ "type": "Feature", "properties": { "osm_id": 536242066, "nombre": "Sin nombre", "tipo": "stream", "volcan_codigo": "LON", "volcan_nombre": "Lonquimay", "drena_volcan": false }, "geometry": { "type": "LineString", "coordinates": [ [ -71.86474, -37.9873 ], [ -71.86486, -37.98762 ], [ -71.86526, -37.98814 ], [ -71.86579, -37.98843 ], [ -71.86606, -37.98868 ], [ -71.86627, -37.98938 ], [ -71.86702, -37.99046 ], [ -71.86727, -37.99066 ], [ -71.86806, -37.99164 ], [ -71.8688, -37.99226 ] ] } },
{ "type": "Feature", "properties": { "osm_id": 536242069, "nombre": "Río Mulchén", "tipo": "stream", "volcan_codigo": "LON", "volcan_nombre": "Lonquimay", "drena_volcan": false }, "geometry": { "type": "LineString", "coordinates": [ [ -71.845, -37.99733 ], [ -71.846, -37.99745 ], [ -71.84772, -37.99711 ], [ -71.84824, -37.99742 ], [ -71.84837, -37.99793 ], [ -71.84849, -37.99808 ], [ -71.84873, -37.99828 ], [ -71.84906, -37.99843 ], [ -71.84986, -37.99861 ], [ -71.85122, -37.99867 ], [ -71.85297, -37.99861 ], [ -71.85377, -37.99872 ], [ -71.85413, -37.99856 ], [ -71.85648, -37.998 ], [ -71.85695, -37.99755 ], [ -71.8574, -37.99727 ], [ -71.85737, -37.9969 ], [ -71.85747, -37.99646 ], [ -71.85759, -37.99633 ], [ -71.85809, -37.9962 ], [ -71.85913, -37.99571 ], [ -71.85922, -37.99547 ], [ -71.85902, -37.99524 ], [ -71.85895, -37.99506 ], [ -71.859, -37.99494 ], [ -71.86015, -37.99462 ], [ -71.86064, -37.99433 ], [ -71.86127, -37.99381 ], [ -71.86185, -37.9937 ], [ -71.86223, -37.99382 ], [ -71.86292, -37.99419 ], [ -71.86409, -37.99508 ], [ -71.86458, -37.99518 ], [ -71.86532, -37.99459 ], [ -71.86596, -37.99431 ], [ -71.86612, -37.99382 ], [ -71.86692, -37.99339 ], [ -71.86752, -37.99266 ], [ -71.8688, -37.99226 ] ] } },
{ "type": "Feature", "properties": { "osm_id": 536242078, "nombre": "Río Mulchén", "tipo": "river", "volcan_codigo": "LON", "volcan_nombre": "Lonquimay", "drena_volcan": false }, "geometry": { "type": "LineString", "coordinates": [ [ -71.8688, -37.99226 ], [ -71.87051, -37.99265 ], [ -71.87089, -37.99285 ], [ -71.87209, -37.99317 ], [ -71.87308, -37.99364 ], [ -71.87364, -37.9937 ], [ -71.87461, -37.99364 ], [ -71.87614, -37.99388 ], [ -71.87708, -37.99353 ], [ -71.87944, -37.99354 ], [ -71.87992, -37.99317 ], [ -71.88043, -37.99301 ], [ -71.88107, -37.99292 ], [ -71.8817, -37.9924 ], [ -71.88249, -37.99224 ], [ -71.88286, -37.99158 ], [ -71.88307, -37.9914 ], [ -71.88414, -37.99112 ], [ -71.8857, -37.99 ], [ -71.88728, -37.9892 ], [ -71.88762, -37.98851 ], [ -71.88832, -37.98807 ], [ -71.88816, -37.98775 ], [ -71.88824, -37.98733 ], [ -71.88893, -37.98696 ], [ -71.88959, -37.98629 ], [ -71.8902, -37.98592 ], [ -71.89075, -37.98547 ], [ -71.89145, -37.98545 ], [ -71.89205, -37.98564 ], [ -71.893, -37.9851 ], [ -71.89315, -37.98493 ], [ -71.89315, -37.9845 ], [ -71.89328, -37.98434 ], [ -71.89434, -37.98391 ], [ -71.89459, -37.98364 ], [ -71.89484, -37.9832 ], [ -71.89571, -37.98286 ], [ -71.89598, -37.9826 ], [ -71.89618, -37.9821 ], [ -71.89631, -37.98197 ], [ -71.89666, -37.98182 ], [ -71.89719, -37.98175 ], [ -71.89881, -37.98126 ], [ -71.89917, -37.98101 ], [ -71.89968, -37.98031 ], [ -71.90181, -37.97965 ], [ -71.90281, -37.97879 ], [ -71.903, -37.97833 ], [ -71.90322, -37.97809 ], [ -71.90434, -37.97778 ], [ -71.90515, -37.97717 ], [ -71.90551, -37.977 ], [ -71.90647, -37.97663 ], [ -71.90751, -37.97649 ], [ -71.90909, -37.97611 ], [ -71.91046, -37.97523 ], [ -71.91142, -37.97436 ], [ -71.9123, -37.97343 ], [ -71.91462, -37.97232 ], [ -71.91567, -37.97161 ], [ -71.91767, -37.97112 ], [ -71.918, -37.97098 ], [ -71.91891, -37.9703 ], [ -71.91979, -37.96997 ], [ -71.92033, -37.96967 ], [ -71.92089, -37.96915 ], [ -71.92119, -37.96905 ], [ -71.92194, -37.96902 ], [ -71.92225, -37.96882 ], [ -71.92274, -37.96832 ], [ -71.92334, -37.96798 ], [ -71.92466, -37.96744 ], [ -71.92488, -37.96719 ], [ -71.92516, -37.96661 ], [ -71.92576, -37.96618 ], [ -71.9262, -37.96552 ], [ -71.92658, -37.96518 ], [ -71.92661, -37.96497 ], [ -71.92681, -37.9647 ], [ -71.9278, -37.96459 ], [ -71.92804, -37.96442 ], [ -71.92849, -37.9639 ], [ -71.92936, -37.9633 ], [ -71.92957, -37.96283 ], [ -71.92957, -37.96223 ], [ -71.92979, -37.96181 ], [ -71.92994, -37.96124 ], [ -71.93016, -37.96101 ], [ -71.93085, -37.9608 ], [ -71.93146, -37.96041 ], [ -71.93273, -37.9598 ], [ -71.93418, -37.95954 ], [ -71.93526, -37.95875 ], [ -71.93596, -37.95811 ], [ -71.93659, -37.95773 ], [ -71.93812, -37.95767 ], [ -71.93881, -37.95702 ], [ -71.94012, -37.95657 ], [ -71.94089, -37.95646 ], [ -71.94133, -37.956 ], [ -71.9417, -37.9558 ], [ -71.94206, -37.95567 ], [ -71.94383, -37.9555 ], [ -71.94415, -37.95532 ], [ -71.94489, -37.95421 ], [ -71.94518, -37.954 ], [ -71.94647, -37.95377 ], [ -71.94765, -37.95374 ], [ -71.94856, -37.95347 ], [ -71.94908, -37.95341 ], [ -71.94938, -37.95344 ], [ -71.94996, -37.95369 ], [ -71.95072, -37.9537 ], [ -71.95222, -37.95352 ], [ -71.95382, -37.95364 ], [ -71.95433, -37.95331 ], [ -71.95481, -37.95315 ], [ -71.95757, -37.95263 ], [ -71.95831, -37.95238 ], [ -71.95904, -37.9519 ], [ -71.95937, -37.95159 ], [ -71.96074, -37.95075 ], [ -71.96131, -37.9502 ], [ -71.96217, -37.9499 ], [ -71.96292, -37.94944 ], [ -71.96356, -37.94893 ], [ -71.96533, -37.94805 ], [ -71.96665, -37.94679 ], [ -71.96763, -37.94595 ], [ -71.9681, -37.94564 ], [ -71.96845, -37.94548 ], [ -71.96948, -37.94552 ], [ -71.97024, -37.94502 ], [ -71.97065, -37.945 ], [ -71.97097, -37.94511 ], [ -71.97116, -37.94495 ], [ -71.97141, -37.94425 ], [ -71.97214, -37.94347 ], [ -71.97344, -37.94358 ], [ -71.97462, -37.94352 ], [ -71.97565, -37.94317 ], [ -71.97618, -37.94311 ], [ -71.97653, -37.94319 ], [ -71.97709, -37.94355 ], [ -71.97748, -37.94354 ], [ -71.97825, -37.943 ], [ -71.97861, -37.94287 ], [ -71.97905, -37.94251 ], [ -71.97944, -37.94188 ], [ -71.97931, -37.94113 ], [ -71.97961, -37.94079 ], [ -71.98005, -37.94069 ], [ -71.98157, -37.94105 ], [ -71.98205, -37.9409 ], [ -71.98234, -37.94036 ], [ -71.98229, -37.93897 ], [ -71.98243, -37.93877 ], [ -71.98298, -37.93875 ], [ -71.98328, -37.93905 ], [ -71.98352, -37.93908 ], [ -71.98369, -37.93888 ], [ -71.98384, -37.93827 ], [ -71.9846, -37.93822 ], [ -71.98478, -37.93809 ], [ -71.9848, -37.9379 ], [ -71.98424, -37.93724 ], [ -71.98424, -37.93705 ], [ -71.98449, -37.93684 ], [ -71.98551, -37.93683 ], [ -71.98554, -37.93652 ], [ -71.98518, -37.93552 ], [ -71.98521, -37.93533 ], [ -71.9854, -37.9351 ], [ -71.98624, -37.93477 ], [ -71.98696, -37.9343 ], [ -71.98783, -37.93344 ], [ -71.98809, -37.93288 ], [ -71.98831, -37.9328 ], [ -71.98914, -37.93281 ], [ -71.98966, -37.93224 ], [ -71.99, -37.93209 ], [ -71.99077, -37.93143 ], [ -71.99178, -37.93117 ], [ -71.99206, -37.93096 ], [ -71.99232, -37.93073 ], [ -71.99257, -37.93031 ], [ -71.99259, -37.93002 ], [ -71.99245, -37.92942 ], [ -71.99287, -37.92903 ], [ -71.99327, -37.92891 ], [ -71.99377, -37.92891 ], [ -71.99465, -37.92919 ], [ -71.99512, -37.92897 ], [ -71.99566, -37.92883 ], [ -71.99591, -37.92883 ], [ -71.99658, -37.92904 ], [ -71.99785, -37.92886 ], [ -71.99815, -37.929 ], [ -71.99855, -37.92963 ], [ -71.9988, -37.92985 ], [ -71.99928, -37.92998 ], [ -71.99993, -37.93002 ], [ -72.00036, -37.9298 ], [ -72.00059, -37.92959 ], [ -72.00045, -37.92903 ], [ -72.00051, -37.92883 ], [ -72.00086, -37.92875 ], [ -72.00256, -37.9288 ], [ -72.00336, -37.92822 ], [ -72.00405, -37.92786 ], [ -72.00581, -37.92722 ], [ -72.00614, -37.92699 ], [ -72.00663, -37.92613 ], [ -72.00719, -37.92558 ], [ -72.00834, -37.925 ], [ -72.00936, -37.92473 ], [ -72.01007, -37.92434 ], [ -72.01039, -37.92404 ], [ -72.01107, -37.92282 ], [ -72.01144, -37.92237 ], [ -72.01195, -37.92227 ], [ -72.01314, -37.92182 ], [ -72.01402, -37.92182 ], [ -72.01448, -37.92102 ], [ -72.01482, -37.92068 ], [ -72.01594, -37.92023 ], [ -72.01658, -37.91985 ], [ -72.01682, -37.91961 ], [ -72.01726, -37.9189 ], [ -72.018, -37.91816 ], [ -72.01886, -37.9156 ], [ -72.01925, -37.91532 ], [ -72.01953, -37.91528 ], [ -72.01975, -37.91515 ], [ -72.02021, -37.91453 ], [ -72.02064, -37.91413 ], [ -72.02111, -37.91392 ], [ -72.02189, -37.91387 ], [ -72.02224, -37.91413 ], [ -72.02237, -37.91444 ], [ -72.02261, -37.91471 ], [ -72.02333, -37.9149 ], [ -72.02387, -37.91487 ], [ -72.02439, -37.91467 ], [ -72.02479, -37.91432 ], [ -72.02477, -37.91394 ], [ -72.02449, -37.9135 ], [ -72.02446, -37.91331 ], [ -72.02449, -37.91293 ], [ -72.0247, -37.91269 ], [ -72.02493, -37.91256 ], [ -72.02543, -37.91247 ], [ -72.02644, -37.91263 ], [ -72.02714, -37.91261 ], [ -72.02745, -37.91246 ], [ -72.02788, -37.91192 ], [ -72.02816, -37.91173 ], [ -72.02966, -37.91146 ], [ -72.03009, -37.91125 ], [ -72.03019, -37.91096 ], [ -72.02969, -37.91054 ], [ -72.02973, -37.91024 ], [ -72.03059, -37.9093 ], [ -72.03159, -37.90775 ], [ -72.03216, -37.90721 ], [ -72.03239, -37.90715 ], [ -72.03292, -37.9072 ], [ -72.03379, -37.90762 ], [ -72.0341, -37.90801 ], [ -72.03475, -37.90813 ], [ -72.03583, -37.90728 ], [ -72.0366, -37.907 ], [ -72.03729, -37.90653 ], [ -72.03769, -37.90649 ], [ -72.03789, -37.90662 ], [ -72.03802, -37.90727 ], [ -72.03848, -37.90805 ], [ -72.03847, -37.90833 ], [ -72.0381, -37.90892 ], [ -72.03804, -37.90918 ], [ -72.03813, -37.90936 ], [ -72.03859, -37.90951 ], [ -72.04015, -37.90922 ], [ -72.04046, -37.90905 ], [ -72.04058, -37.90888 ], [ -72.04051, -37.90823 ], [ -72.04071, -37.90812 ], [ -72.04149, -37.90817 ], [ -72.04287, -37.90812 ], [ -72.04366, -37.90833 ], [ -72.04392, -37.90867 ], [ -72.04403, -37.90908 ], [ -72.04403, -37.91066 ], [ -72.04392, -37.91109 ], [ -72.04358, -37.91155 ], [ -72.04335, -37.91158 ], [ -72.04303, -37.911 ], [ -72.04283, -37.91095 ], [ -72.04262, -37.911 ], [ -72.0425, -37.91114 ], [ -72.04229, -37.91206 ], [ -72.0423, -37.91247 ], [ -72.04247, -37.91281 ], [ -72.04291, -37.91302 ], [ -72.0434, -37.91308 ], [ -72.04398, -37.91291 ], [ -72.04435, -37.91263 ], [ -72.0447, -37.91154 ], [ -72.04487, -37.91129 ], [ -72.04584, -37.91059 ], [ -72.04594, -37.91034 ], [ -72.04595, -37.90994 ], [ -72.04616, -37.90957 ], [ -72.04737, -37.90919 ], [ -72.04878, -37.90933 ], [ -72.05006, -37.90911 ], [ -72.05089, -37.90966 ], [ -72.05127, -37.90963 ], [ -72.05175, -37.90931 ], [ -72.05256, -37.90831 ], [ -72.05388, -37.90766 ], [ -72.05446, -37.907 ], [ -72.05481, -37.90691 ], [ -72.05609, -37.90691 ], [ -72.05739, -37.90649 ], [ -72.05826, -37.90602 ], [ -72.05974, -37.90485 ], [ -72.06027, -37.90467 ], [ -72.0608, -37.90468 ], [ -72.06186, -37.90518 ], [ -72.06238, -37.90517 ], [ -72.0637, -37.90484 ], [ -72.06573, -37.90401 ], [ -72.06664, -37.90291 ], [ -72.06693, -37.90272 ], [ -72.06731, -37.90271 ], [ -72.06827, -37.90299 ], [ -72.06934, -37.9035 ], [ -72.07078, -37.90359 ], [ -72.07101, -37.90351 ], [ -72.07172, -37.9028 ], [ -72.07208, -37.90201 ], [ -72.07246, -37.9016 ], [ -72.07303, -37.90162 ], [ -72.07334, -37.90175 ], [ -72.07392, -37.90219 ], [ -72.07467, -37.90307 ], [ -72.07501, -37.90319 ], [ -72.07599, -37.90302 ], [ -72.07787, -37.90307 ], [ -72.07835, -37.90294 ], [ -72.0787, -37.90266 ], [ -72.07876, -37.9021 ], [ -72.07886, -37.90194 ], [ -72.07925, -37.90165 ], [ -72.07976, -37.90147 ], [ -72.08151, -37.90127 ], [ -72.08284, -37.90173 ], [ -72.08324, -37.90179 ], [ -72.08486, -37.90175 ], [ -72.08555, -37.90162 ], [ -72.0863, -37.9016 ], [ -72.08682, -37.90142 ], [ -72.08707, -37.90106 ], [ -72.08718, -37.90075 ], [ -72.08711, -37.90004 ], [ -72.08634, -37.89845 ], [ -72.08635, -37.89817 ], [ -72.08645, -37.89798 ], [ -72.08724, -37.89766 ], [ -72.08774, -37.89769 ], [ -72.0883, -37.89796 ], [ -72.08876, -37.89829 ], [ -72.08973, -37.89853 ], [ -72.09085, -37.89922 ], [ -72.09124, -37.89961 ], [ -72.0915, -37.89971 ], [ -72.09213, -37.89971 ], [ -72.09291, -37.89937 ], [ -72.09365, -37.89918 ], [ -72.09504, -37.8991 ], [ -72.09524, -37.89883 ], [ -72.09525, -37.89819 ], [ -72.09515, -37.89782 ], [ -72.09476, -37.89718 ], [ -72.09476, -37.8968 ], [ -72.09516, -37.89658 ], [ -72.09635, -37.89645 ], [ -72.09747, -37.89611 ], [ -72.09812, -37.8961 ], [ -72.09929, -37.89645 ], [ -72.09981, -37.8965 ], [ -72.10018, -37.89663 ], [ -72.10039, -37.89687 ], [ -72.10054, -37.89802 ], [ -72.1007, -37.89828 ], [ -72.10091, -37.89838 ], [ -72.10143, -37.89839 ], [ -72.10222, -37.8981 ], [ -72.10354, -37.89789 ], [ -72.10462, -37.89707 ], [ -72.1053, -37.89621 ], [ -72.10566, -37.89531 ], [ -72.10574, -37.89468 ], [ -72.10543, -37.89465 ], [ -72.10479, -37.89505 ], [ -72.10457, -37.89505 ], [ -72.10445, -37.89485 ], [ -72.10446, -37.89413 ], [ -72.1047, -37.89368 ], [ -72.10639, -37.89219 ], [ -72.10651, -37.8919 ], [ -72.10651, -37.89117 ], [ -72.10662, -37.891 ], [ -72.10705, -37.89085 ], [ -72.10733, -37.89085 ], [ -72.10837, -37.89115 ], [ -72.10884, -37.8912 ], [ -72.10972, -37.89124 ], [ -72.10989, -37.89109 ], [ -72.10992, -37.89088 ], [ -72.1096, -37.89012 ], [ -72.10958, -37.88977 ], [ -72.10935, -37.88934 ], [ -72.1086, -37.88857 ], [ -72.10801, -37.88816 ], [ -72.10692, -37.88758 ], [ -72.10669, -37.88736 ], [ -72.10669, -37.88706 ], [ -72.10729, -37.88631 ], [ -72.10812, -37.88571 ], [ -72.10925, -37.88473 ], [ -72.10958, -37.88457 ], [ -72.11012, -37.88447 ], [ -72.11277, -37.88441 ], [ -72.11321, -37.88426 ], [ -72.11384, -37.88386 ], [ -72.11434, -37.883 ], [ -72.11457, -37.8814 ], [ -72.11457, -37.88086 ] ] } },
{ "type": "Feature", "properties": { "osm_id": 536242128, "nombre": "Sin nombre", "tipo": "stream", "volcan_codigo": "LON", "volcan_nombre": "Lonquimay", "drena_volcan": false }, "geometry": { "type": "LineString", "coordinates": [ [ -71.68025, -37.9559 ], [ -71.68045, -37.95574 ], [ -71.68219, -37.95487 ], [ -71.68314, -37.9539 ], [ -71.68397, -37.95251 ], [ -71.6843, -37.95217 ], [ -71.68483, -37.95189 ] ] } },
{ "type": "Feature", "properties": { "osm_id": 536242129, "nombre": "Sin nombre", "tipo": "stream", "volcan_codigo": "LON", "volcan_nombre": "Lonquimay", "drena_volcan": false }, "geometry": { "type": "LineString", "coordinates": [ [ -71.69789, -37.96539 ], [ -71.69771, -37.9655 ], [ -71.69673, -37.96575 ], [ -71.69633, -37.96599 ], [ -71.69611, -37.96642 ], [ -71.69546, -37.96706 ], [ -71.69522, -37.96749 ], [ -71.69493, -37.96771 ], [ -71.69418, -37.96909 ], [ -71.69351, -37.96985 ], [ -71.69338, -37.97013 ], [ -71.69332, -37.97066 ], [ -71.69278, -37.97148 ], [ -71.69238, -37.97182 ] ] } },
{ "type": "Feature", "properties": { "osm_id": 536242130, "nombre": "Sin nombre", "tipo": "stream", "volcan_codigo": "LON", "volcan_nombre": "Lonquimay", "drena_volcan": false }, "geometry": { "type": "LineString", "coordinates": [ [ -71.7233, -37.94372 ], [ -71.72328, -37.944 ], [ -71.72305, -37.94466 ], [ -71.72298, -37.94553 ], [ -71.723, -37.94572 ], [ -71.72334, -37.94613 ] ] } },
{ "type": "Feature", "properties": { "osm_id": 536242131, "nombre": "Sin nombre", "tipo": "stream", "volcan_codigo": "LON", "volcan_nombre": "Lonquimay", "drena_volcan": false }, "geometry": { "type": "LineString", "coordinates": [ [ -71.7221, -37.95141 ], [ -71.72243, -37.95155 ], [ -71.72285, -37.95219 ], [ -71.72333, -37.95241 ], [ -71.72406, -37.95258 ], [ -71.72491, -37.95316 ], [ -71.72597, -37.95365 ], [ -71.72626, -37.95399 ], [ -71.72678, -37.95438 ], [ -71.72716, -37.95519 ], [ -71.72738, -37.95543 ], [ -71.72894, -37.95657 ] ] } },
{ "type": "Feature", "properties": { "osm_id": 536242132, "nombre": "Sin nombre", "tipo": "stream", "volcan_codigo": "LON", "volcan_nombre": "Lonquimay", "drena_volcan": false }, "geometry": { "type": "LineString", "coordinates": [ [ -71.70436, -37.9625 ], [ -71.7045, -37.96207 ], [ -71.70504, -37.96127 ], [ -71.70517, -37.96061 ], [ -71.70557, -37.95976 ], [ -71.70566, -37.95937 ], [ -71.70626, -37.95874 ], [ -71.70681, -37.9579 ], [ -71.70776, -37.95685 ], [ -71.70795, -37.95602 ] ] } },
{ "type": "Feature", "properties": { "osm_id": 536242133, "nombre": "Sin nombre", "tipo": "stream", "volcan_codigo": "LON", "volcan_nombre": "Lonquimay", "drena_volcan": false }, "geometry": { "type": "LineString", "coordinates": [ [ -71.69842, -37.96202 ], [ -71.6989, -37.96155 ], [ -71.69964, -37.96113 ], [ -71.70118, -37.95957 ], [ -71.70341, -37.95798 ], [ -71.7038, -37.95756 ], [ -71.70452, -37.95646 ], [ -71.70453, -37.95617 ], [ -71.70438, -37.95558 ], [ -71.70448, -37.95504 ] ] } },
{ "type": "Feature", "properties": { "osm_id": 536242134, "nombre": "Sin nombre", "tipo": "stream", "volcan_codigo": "LON", "volcan_nombre": "Lonquimay", "drena_volcan": false }, "geometry": { "type": "LineString", "coordinates": [ [ -71.69592, -37.95999 ], [ -71.69853, -37.95826 ], [ -71.69919, -37.95768 ], [ -71.6994, -37.95733 ], [ -71.69958, -37.95718 ], [ -71.70152, -37.95653 ], [ -71.70212, -37.95618 ], [ -71.70346, -37.95512 ], [ -71.70371, -37.95504 ], [ -71.70448, -37.95504 ], [ -71.70479, -37.95495 ], [ -71.70489, -37.95483 ], [ -71.70493, -37.95457 ] ] } },
{ "type": "Feature", "properties": { "osm_id": 536242135, "nombre": "Sin nombre", "tipo": "stream", "volcan_codigo": "LON", "volcan_nombre": "Lonquimay", "drena_volcan": false }, "geometry": { "type": "LineString", "coordinates": [ [ -71.69668, -37.95495 ], [ -71.69755, -37.95426 ], [ -71.69776, -37.95383 ], [ -71.69828, -37.95339 ], [ -71.69922, -37.95298 ], [ -71.70023, -37.95271 ], [ -71.70055, -37.9525 ], [ -71.70108, -37.95191 ], [ -71.70159, -37.95168 ] ] } },
{ "type": "Feature", "properties": { "osm_id": 536242136, "nombre": "Sin nombre", "tipo": "stream", "volcan_codigo": "LON", "volcan_nombre": "Lonquimay", "drena_volcan": false }, "geometry": { "type": "LineString", "coordinates": [ [ -71.69153, -37.95859 ], [ -71.69225, -37.9579 ], [ -71.69431, -37.95703 ], [ -71.69575, -37.9561 ], [ -71.69628, -37.95565 ] ] } },
{ "type": "Feature", "properties": { "osm_id": 536242137, "nombre": "Sin nombre", "tipo": "stream", "volcan_codigo": "LON", "volcan_nombre": "Lonquimay", "drena_volcan": false }, "geometry": { "type": "LineString", "coordinates": [ [ -71.69446, -37.96014 ], [ -71.69488, -37.95887 ], [ -71.69573, -37.95751 ], [ -71.69602, -37.9563 ], [ -71.69668, -37.95495 ] ] } },
{ "type": "Feature", "properties": { "osm_id": 536242138, "nombre": "Sin nombre", "tipo": "stream", "volcan_codigo": "LON", "volcan_nombre": "Lonquimay", "drena_volcan": false }, "geometry": { "type": "LineString", "coordinates": [ [ -71.69033, -37.95733 ], [ -71.69122, -37.95704 ], [ -71.69335, -37.95611 ], [ -71.6952, -37.95574 ], [ -71.69668, -37.95495 ] ] } },
{ "type": "Feature", "properties": { "osm_id": 536242139, "nombre": "Sin nombre", "tipo": "stream", "volcan_codigo": "LON", "volcan_nombre": "Lonquimay", "drena_volcan": false }, "geometry": { "type": "LineString", "coordinates": [ [ -71.73703, -37.96376 ], [ -71.73676, -37.96336 ], [ -71.73588, -37.96282 ], [ -71.73513, -37.96203 ], [ -71.73466, -37.96172 ], [ -71.73337, -37.96036 ], [ -71.73296, -37.96009 ], [ -71.73223, -37.95983 ], [ -71.73175, -37.95953 ], [ -71.73106, -37.95841 ], [ -71.73092, -37.95786 ], [ -71.7299, -37.95691 ], [ -71.72974, -37.95646 ], [ -71.72974, -37.95617 ] ] } },
{ "type": "Feature", "properties": { "osm_id": 536242140, "nombre": "Sin nombre", "tipo": "stream", "volcan_codigo": "LON", "volcan_nombre": "Lonquimay", "drena_volcan": false }, "geometry": { "type": "LineString", "coordinates": [ [ -71.74167, -37.96283 ], [ -71.74139, -37.96198 ], [ -71.74109, -37.96152 ], [ -71.74095, -37.96107 ], [ -71.74063, -37.96067 ], [ -71.74012, -37.96039 ], [ -71.73985, -37.95981 ], [ -71.73967, -37.95959 ], [ -71.73891, -37.95753 ], [ -71.7383, -37.95703 ], [ -71.7375, -37.95574 ], [ -71.73676, -37.95499 ], [ -71.7364, -37.95411 ] ] } },
{ "type": "Feature", "properties": { "osm_id": 536242141, "nombre": "Sin nombre", "tipo": "stream", "volcan_codigo": "LON", "volcan_nombre": "Lonquimay", "drena_volcan": false }, "geometry": { "type": "LineString", "coordinates": [ [ -71.73334, -37.96601 ], [ -71.73292, -37.96525 ], [ -71.73248, -37.96477 ], [ -71.73216, -37.96408 ], [ -71.73136, -37.96288 ] ] } },
{ "type": "Feature", "properties": { "osm_id": 536242142, "nombre": "Sin nombre", "tipo": "stream", "volcan_codigo": "LON", "volcan_nombre": "Lonquimay", "drena_volcan": false }, "geometry": { "type": "LineString", "coordinates": [ [ -71.7276, -37.96521 ], [ -71.72737, -37.96461 ], [ -71.72734, -37.9636 ], [ -71.72661, -37.96196 ], [ -71.72655, -37.96122 ], [ -71.72624, -37.9607 ], [ -71.72608, -37.96023 ], [ -71.72601, -37.95971 ], [ -71.72607, -37.9591 ], [ -71.72627, -37.95874 ], [ -71.72636, -37.95826 ], [ -71.72655, -37.95778 ], [ -71.72681, -37.95735 ] ] } },
{ "type": "Feature", "properties": { "osm_id": 536242143, "nombre": "Sin nombre", "tipo": "stream", "volcan_codigo": "LON", "volcan_nombre": "Lonquimay", "drena_volcan": false }, "geometry": { "type": "LineString", "coordinates": [ [ -71.73061, -37.967 ], [ -71.73088, -37.96608 ], [ -71.7305, -37.96558 ], [ -71.73044, -37.96517 ], [ -71.73063, -37.96473 ], [ -71.73106, -37.96424 ], [ -71.73082, -37.9636 ], [ -71.73136, -37.96288 ], [ -71.73118, -37.96251 ], [ -71.73113, -37.9621 ], [ -71.73079, -37.96185 ], [ -71.73068, -37.96167 ], [ -71.73065, -37.96129 ], [ -71.73072, -37.96091 ], [ -71.73067, -37.96062 ], [ -71.72915, -37.95933 ], [ -71.72886, -37.95899 ], [ -71.72855, -37.95836 ], [ -71.72851, -37.95761 ], [ -71.72835, -37.95692 ] ] } },
{ "type": "Feature", "properties": { "osm_id": 536242144, "nombre": "Sin nombre", "tipo": "stream", "volcan_codigo": "LON", "volcan_nombre": "Lonquimay", "drena_volcan": false }, "geometry": { "type": "LineString", "coordinates": [ [ -71.71761, -37.96454 ], [ -71.71764, -37.96415 ], [ -71.71797, -37.96332 ], [ -71.71805, -37.96238 ], [ -71.71792, -37.96072 ], [ -71.71801, -37.96036 ], [ -71.71831, -37.95988 ], [ -71.71848, -37.95929 ], [ -71.71908, -37.95799 ], [ -71.71926, -37.95698 ] ] } },
{ "type": "Feature", "properties": { "osm_id": 536242145, "nombre": "Sin nombre", "tipo": "stream", "volcan_codigo": "LON", "volcan_nombre": "Lonquimay", "drena_volcan": false }, "geometry": { "type": "LineString", "coordinates": [ [ -71.71392, -37.96673 ], [ -71.71381, -37.96618 ], [ -71.71377, -37.96461 ], [ -71.71384, -37.96312 ] ] } },
{ "type": "Feature", "properties": { "osm_id": 536242146, "nombre": "Sin nombre", "tipo": "stream", "volcan_codigo": "LON", "volcan_nombre": "Lonquimay", "drena_volcan": false }, "geometry": { "type": "LineString", "coordinates": [ [ -71.71199, -37.96705 ], [ -71.71224, -37.96643 ], [ -71.71291, -37.96547 ], [ -71.71345, -37.96366 ], [ -71.71384, -37.96312 ], [ -71.71402, -37.96272 ], [ -71.71433, -37.96093 ], [ -71.7148, -37.96023 ], [ -71.71496, -37.9598 ], [ -71.71506, -37.95928 ], [ -71.71482, -37.95762 ], [ -71.71488, -37.95697 ] ] } },
{ "type": "Feature", "properties": { "osm_id": 536242147, "nombre": "Sin nombre", "tipo": "stream", "volcan_codigo": "LON", "volcan_nombre": "Lonquimay", "drena_volcan": false }, "geometry": { "type": "LineString", "coordinates": [ [ -71.69492, -37.93481 ], [ -71.69493, -37.93511 ], [ -71.69438, -37.93614 ], [ -71.69437, -37.93655 ], [ -71.69403, -37.93783 ], [ -71.69405, -37.93812 ], [ -71.69461, -37.93951 ], [ -71.69494, -37.94025 ], [ -71.69509, -37.94042 ], [ -71.69559, -37.94077 ], [ -71.69639, -37.94116 ], [ -71.69701, -37.94168 ], [ -71.69734, -37.94247 ], [ -71.69843, -37.94413 ], [ -71.69862, -37.94465 ], [ -71.69874, -37.94527 ], [ -71.69865, -37.94619 ], [ -71.6987, -37.94677 ], [ -71.69897, -37.94708 ], [ -71.70005, -37.9489 ], [ -71.7011, -37.94977 ], [ -71.70167, -37.95069 ], [ -71.70176, -37.95111 ], [ -71.70206, -37.95171 ] ] } },
{ "type": "Feature", "properties": { "osm_id": 536242148, "nombre": "Río Bureo", "tipo": "stream", "volcan_codigo": "LON", "volcan_nombre": "Lonquimay", "drena_volcan": false }, "geometry": { "type": "LineString", "coordinates": [ [ -71.67419, -37.95434 ], [ -71.67457, -37.95431 ], [ -71.67503, -37.95411 ], [ -71.67614, -37.95384 ], [ -71.67726, -37.95366 ], [ -71.67918, -37.95307 ], [ -71.68052, -37.95284 ], [ -71.68241, -37.95223 ], [ -71.68483, -37.95189 ], [ -71.6863, -37.95146 ], [ -71.68944, -37.95096 ], [ -71.69095, -37.95097 ], [ -71.69241, -37.95089 ], [ -71.69356, -37.95108 ], [ -71.69626, -37.95106 ], [ -71.69728, -37.95114 ], [ -71.69826, -37.95135 ], [ -71.69979, -37.95147 ], [ -71.70054, -37.95164 ], [ -71.70206, -37.95171 ] ] } },
{ "type": "Feature", "properties": { "osm_id": 536242149, "nombre": "Río Bureo", "tipo": "river", "volcan_codigo": "LON", "volcan_nombre": "Lonquimay", "drena_volcan": false }, "geometry": { "type": "LineString", "coordinates": [ [ -71.70206, -37.95171 ], [ -71.7025, -37.95205 ], [ -71.70316, -37.9524 ], [ -71.7034, -37.95284 ], [ -71.70386, -37.95303 ], [ -71.70396, -37.95346 ], [ -71.70435, -37.95389 ], [ -71.70439, -37.95428 ], [ -71.70451, -37.95446 ], [ -71.70479, -37.95457 ], [ -71.7053, -37.95454 ], [ -71.70558, -37.95467 ], [ -71.7071, -37.95579 ], [ -71.70795, -37.95602 ], [ -71.70959, -37.95601 ], [ -71.71046, -37.95644 ], [ -71.71111, -37.95622 ], [ -71.71164, -37.9562 ], [ -71.71238, -37.95642 ], [ -71.71283, -37.95687 ], [ -71.71313, -37.957 ], [ -71.71415, -37.95714 ], [ -71.71462, -37.95699 ] ] } },
{ "type": "Feature", "properties": { "osm_id": 537297265, "nombre": "Sin nombre", "tipo": "stream", "volcan_codigo": "LON", "volcan_nombre": "Lonquimay", "drena_volcan": false }, "geometry": { "type": "LineString", "coordinates": [ [ -71.83033, -37.98587 ], [ -71.83095, -37.98513 ], [ -71.83098, -37.98464 ], [ -71.83077, -37.98421 ], [ -71.83077, -37.9838 ], [ -71.8311, -37.9832 ], [ -71.83103, -37.98253 ], [ -71.83142, -37.98197 ] ] } },
{ "type": "Feature", "properties": { "osm_id": 537297287, "nombre": "Estero Pehuenco", "tipo": "stream", "volcan_codigo": "LON", "volcan_nombre": "Lonquimay", "drena_volcan": false }, "geometry": { "type": "LineString", "coordinates": [ [ -71.83142, -37.98197 ], [ -71.83262, -37.9817 ], [ -71.83366, -37.98131 ], [ -71.83484, -37.98102 ], [ -71.8355, -37.98071 ], [ -71.83568, -37.98047 ], [ -71.83569, -37.98026 ], [ -71.83547, -37.97994 ], [ -71.83549, -37.97967 ], [ -71.83636, -37.97906 ], [ -71.83661, -37.97839 ], [ -71.83693, -37.97827 ], [ -71.83748, -37.97822 ], [ -71.838, -37.97799 ], [ -71.83838, -37.97735 ], [ -71.83928, -37.97695 ], [ -71.84025, -37.97632 ], [ -71.84131, -37.97497 ], [ -71.8419, -37.97483 ], [ -71.84287, -37.97476 ], [ -71.84373, -37.975 ], [ -71.84437, -37.97501 ], [ -71.84525, -37.97538 ], [ -71.84551, -37.97538 ], [ -71.84582, -37.97525 ], [ -71.84611, -37.97492 ], [ -71.84648, -37.97426 ], [ -71.84691, -37.97411 ], [ -71.84738, -37.97375 ], [ -71.84812, -37.97354 ], [ -71.84876, -37.9727 ], [ -71.84933, -37.9721 ], [ -71.85029, -37.97165 ], [ -71.85096, -37.97117 ], [ -71.85192, -37.97091 ], [ -71.85296, -37.97085 ], [ -71.85372, -37.97056 ], [ -71.85429, -37.97016 ], [ -71.855, -37.96991 ], [ -71.85561, -37.96983 ], [ -71.8565, -37.96931 ], [ -71.85694, -37.96892 ], [ -71.85768, -37.96877 ], [ -71.85944, -37.96787 ], [ -71.85994, -37.96713 ], [ -71.86006, -37.96673 ], [ -71.86023, -37.96658 ], [ -71.8606, -37.96647 ], [ -71.86111, -37.9661 ], [ -71.86173, -37.96601 ], [ -71.86284, -37.96538 ], [ -71.86392, -37.96503 ], [ -71.86443, -37.96435 ], [ -71.86499, -37.96408 ], [ -71.86519, -37.96371 ], [ -71.86555, -37.9633 ], [ -71.86599, -37.96322 ], [ -71.86666, -37.9635 ], [ -71.86713, -37.96337 ], [ -71.86748, -37.96315 ], [ -71.86787, -37.96305 ], [ -71.86854, -37.96305 ], [ -71.86875, -37.96297 ], [ -71.86901, -37.9628 ], [ -71.86954, -37.9622 ], [ -71.86985, -37.96201 ], [ -71.87046, -37.96185 ], [ -71.87112, -37.96116 ], [ -71.87188, -37.96091 ], [ -71.87245, -37.96057 ], [ -71.87313, -37.9606 ], [ -71.87359, -37.96046 ], [ -71.87429, -37.95986 ], [ -71.8745, -37.95959 ], [ -71.87458, -37.95929 ], [ -71.87475, -37.95904 ], [ -71.87548, -37.95861 ], [ -71.87581, -37.95815 ], [ -71.87643, -37.95772 ], [ -71.8766, -37.9573 ], [ -71.87687, -37.95695 ], [ -71.87726, -37.95661 ], [ -71.878, -37.95616 ], [ -71.87822, -37.95581 ], [ -71.87873, -37.9554 ], [ -71.87911, -37.95489 ], [ -71.88014, -37.95405 ], [ -71.88028, -37.9538 ], [ -71.88028, -37.95352 ], [ -71.88071, -37.95262 ], [ -71.8812, -37.95215 ], [ -71.88141, -37.95182 ], [ -71.88198, -37.95135 ], [ -71.88238, -37.95068 ], [ -71.88265, -37.95042 ], [ -71.88285, -37.94993 ], [ -71.88366, -37.94932 ], [ -71.884, -37.94888 ], [ -71.88423, -37.94883 ], [ -71.88457, -37.94855 ], [ -71.88464, -37.94786 ], [ -71.8848, -37.94749 ], [ -71.88512, -37.94704 ], [ -71.8856, -37.94671 ], [ -71.88576, -37.94643 ], [ -71.88562, -37.94575 ], [ -71.88571, -37.94535 ], [ -71.88564, -37.94468 ], [ -71.88583, -37.94442 ], [ -71.88646, -37.94408 ], [ -71.88689, -37.94357 ], [ -71.88666, -37.94307 ], [ -71.88656, -37.94197 ], [ -71.88668, -37.9418 ], [ -71.88722, -37.94144 ], [ -71.88731, -37.94124 ], [ -71.88734, -37.94062 ], [ -71.88748, -37.94024 ], [ -71.88816, -37.93958 ], [ -71.88817, -37.93938 ], [ -71.88798, -37.939 ], [ -71.88797, -37.93862 ], [ -71.88829, -37.93818 ], [ -71.88831, -37.93768 ], [ -71.88878, -37.93676 ], [ -71.88878, -37.93636 ], [ -71.88862, -37.93602 ], [ -71.88856, -37.93548 ], [ -71.88873, -37.93489 ], [ -71.88875, -37.9345 ], [ -71.88862, -37.9342 ], [ -71.88793, -37.93366 ], [ -71.88783, -37.93342 ], [ -71.88766, -37.93329 ], [ -71.88747, -37.93321 ], [ -71.88674, -37.93323 ], [ -71.88665, -37.93316 ], [ -71.88655, -37.933 ], [ -71.88691, -37.9325 ], [ -71.88644, -37.93217 ], [ -71.88656, -37.93159 ], [ -71.88632, -37.93129 ], [ -71.8853, -37.93085 ], [ -71.88482, -37.93037 ], [ -71.88415, -37.92989 ] ] } },
{ "type": "Feature", "properties": { "osm_id": 539536984, "nombre": "Sin nombre", "tipo": "stream", "volcan_codigo": "LON", "volcan_nombre": "Lonquimay", "drena_volcan": false }, "geometry": { "type": "LineString", "coordinates": [ [ -71.84228, -37.98141 ], [ -71.8436, -37.97956 ], [ -71.84361, -37.97916 ], [ -71.84318, -37.97779 ], [ -71.84329, -37.97706 ], [ -71.84357, -37.97633 ], [ -71.84433, -37.97534 ], [ -71.8447, -37.97513 ] ] } },
{ "type": "Feature", "properties": { "osm_id": 541922178, "nombre": "Río Malla", "tipo": "river", "volcan_codigo": "LON", "volcan_nombre": "Lonquimay", "drena_volcan": true }, "geometry": { "type": "LineString", "coordinates": [ [ -71.43361, -37.9822 ], [ -71.43397, -37.98231 ], [ -71.43406, -37.98247 ], [ -71.434, -37.98291 ], [ -71.43415, -37.98368 ], [ -71.43487, -37.98421 ], [ -71.43558, -37.98409 ], [ -71.43587, -37.98423 ], [ -71.43626, -37.9841 ], [ -71.43665, -37.98438 ], [ -71.43679, -37.98471 ], [ -71.43721, -37.98486 ], [ -71.43764, -37.98491 ], [ -71.43801, -37.98533 ], [ -71.43815, -37.98562 ], [ -71.43851, -37.98566 ], [ -71.43883, -37.98597 ], [ -71.43906, -37.98601 ], [ -71.4393, -37.98643 ], [ -71.43977, -37.98632 ], [ -71.4402, -37.98649 ], [ -71.44035, -37.98677 ], [ -71.44104, -37.98707 ], [ -71.44163, -37.98705 ], [ -71.44189, -37.98741 ], [ -71.44254, -37.9874 ], [ -71.44302, -37.98757 ], [ -71.44324, -37.98756 ], [ -71.44425, -37.98838 ], [ -71.44424, -37.98859 ], [ -71.44484, -37.98863 ], [ -71.44505, -37.98889 ], [ -71.44564, -37.98923 ], [ -71.4464, -37.98927 ], [ -71.44671, -37.98957 ], [ -71.44697, -37.98952 ], [ -71.44737, -37.98974 ], [ -71.44766, -37.98966 ], [ -71.44822, -37.9899 ], [ -71.44853, -37.9899 ], [ -71.44887, -37.99019 ], [ -71.44952, -37.99055 ], [ -71.45027, -37.99054 ], [ -71.45052, -37.99089 ], [ -71.45069, -37.99131 ], [ -71.45091, -37.9915 ], [ -71.45126, -37.99155 ], [ -71.45166, -37.99204 ], [ -71.45206, -37.99208 ], [ -71.45251, -37.99254 ], [ -71.45306, -37.99375 ], [ -71.45338, -37.99384 ], [ -71.45397, -37.99369 ], [ -71.45421, -37.99405 ], [ -71.45496, -37.99419 ], [ -71.45558, -37.99459 ], [ -71.4564, -37.9947 ], [ -71.4576, -37.99527 ], [ -71.45789, -37.99519 ], [ -71.45844, -37.99536 ], [ -71.45881, -37.99528 ], [ -71.46045, -37.99623 ], [ -71.46092, -37.99599 ], [ -71.4612, -37.99615 ], [ -71.46184, -37.99671 ], [ -71.46219, -37.99745 ], [ -71.46243, -37.99749 ], [ -71.46317, -37.99723 ], [ -71.46353, -37.99743 ], [ -71.46397, -37.99738 ], [ -71.46434, -37.9975 ], [ -71.46462, -37.99787 ], [ -71.46507, -37.99793 ], [ -71.46559, -37.99822 ], [ -71.46581, -37.99886 ], [ -71.46665, -37.99919 ], [ -71.46749, -37.99929 ], [ -71.46779, -37.99954 ], [ -71.4679, -37.99983 ], [ -71.46842, -37.99999 ], [ -71.4687, -38.00066 ], [ -71.46889, -38.00081 ], [ -71.46905, -38.00116 ], [ -71.46966, -38.00116 ], [ -71.47032, -38.00187 ], [ -71.4709, -38.00211 ], [ -71.4711, -38.00275 ], [ -71.47144, -38.00297 ], [ -71.4717, -38.0034 ], [ -71.47217, -38.00375 ], [ -71.47261, -38.00432 ], [ -71.47289, -38.00445 ], [ -71.47293, -38.00486 ], [ -71.47349, -38.00549 ], [ -71.47406, -38.00646 ], [ -71.4745, -38.00691 ], [ -71.47524, -38.00749 ], [ -71.47525, -38.00775 ], [ -71.47564, -38.00829 ], [ -71.47722, -38.00893 ], [ -71.47766, -38.00949 ], [ -71.47798, -38.00969 ], [ -71.47871, -38.01069 ], [ -71.47903, -38.01085 ], [ -71.47991, -38.011 ], [ -71.48088, -38.01059 ] ] } },
{ "type": "Feature", "properties": { "osm_id": 547945024, "nombre": "Sin nombre", "tipo": "river", "volcan_codigo": "LON", "volcan_nombre": "Lonquimay", "drena_volcan": false }, "geometry": { "type": "LineString", "coordinates": [ [ -71.52661, -38.78365 ], [ -71.53097, -38.78294 ], [ -71.53219, -38.7821 ], [ -71.53322, -38.78218 ], [ -71.53499, -38.782 ], [ -71.53739, -38.78117 ], [ -71.53908, -38.7808 ], [ -71.54014, -38.78 ], [ -71.5421, -38.7788 ], [ -71.54428, -38.77802 ], [ -71.54726, -38.77664 ], [ -71.54856, -38.77572 ], [ -71.55091, -38.77548 ], [ -71.55233, -38.77431 ], [ -71.55424, -38.77388 ], [ -71.55544, -38.7743 ], [ -71.55657, -38.77412 ], [ -71.55684, -38.77386 ], [ -71.55783, -38.77333 ], [ -71.55834, -38.77331 ], [ -71.56005, -38.77261 ], [ -71.56058, -38.77225 ], [ -71.56069, -38.772 ], [ -71.56156, -38.77158 ], [ -71.56251, -38.77164 ], [ -71.56265, -38.77135 ], [ -71.56355, -38.77121 ], [ -71.56408, -38.77092 ], [ -71.56593, -38.77089 ], [ -71.56652, -38.77071 ], [ -71.56692, -38.77044 ], [ -71.56837, -38.7701 ], [ -71.56896, -38.77 ], [ -71.57027, -38.76999 ], [ -71.57094, -38.76987 ], [ -71.57147, -38.7696 ], [ -71.57266, -38.76922 ], [ -71.57283, -38.76905 ], [ -71.57364, -38.7689 ], [ -71.57396, -38.76859 ], [ -71.57447, -38.76841 ], [ -71.57527, -38.76787 ], [ -71.57668, -38.76733 ], [ -71.57706, -38.76688 ], [ -71.57733, -38.76617 ], [ -71.57763, -38.76601 ], [ -71.57869, -38.76569 ], [ -71.57973, -38.76559 ], [ -71.5798, -38.7654 ], [ -71.58019, -38.76519 ], [ -71.58055, -38.7651 ], [ -71.58121, -38.76511 ], [ -71.58249, -38.76477 ], [ -71.58324, -38.76442 ], [ -71.58348, -38.76425 ], [ -71.58376, -38.76376 ], [ -71.58405, -38.76367 ], [ -71.58493, -38.76398 ], [ -71.58509, -38.7639 ], [ -71.58516, -38.76364 ], [ -71.58554, -38.76344 ], [ -71.58638, -38.76268 ], [ -71.58736, -38.76222 ], [ -71.5882, -38.76164 ], [ -71.58845, -38.76154 ], [ -71.58951, -38.76142 ], [ -71.5905, -38.76153 ], [ -71.59061, -38.76167 ], [ -71.59028, -38.76248 ], [ -71.59066, -38.76341 ], [ -71.59093, -38.76349 ], [ -71.59319, -38.76358 ], [ -71.59535, -38.76427 ], [ -71.59592, -38.76441 ], [ -71.59717, -38.7645 ], [ -71.59871, -38.76502 ], [ -71.59905, -38.76484 ], [ -71.59955, -38.76472 ], [ -71.60002, -38.76493 ], [ -71.60002, -38.76508 ], [ -71.60011, -38.76517 ], [ -71.60103, -38.76511 ], [ -71.60207, -38.76534 ], [ -71.60342, -38.76601 ], [ -71.60392, -38.76591 ], [ -71.60474, -38.76539 ], [ -71.60524, -38.76532 ], [ -71.60598, -38.76539 ], [ -71.60668, -38.76564 ], [ -71.60694, -38.76617 ], [ -71.60742, -38.766 ], [ -71.60797, -38.766 ], [ -71.60843, -38.76573 ], [ -71.60871, -38.76567 ], [ -71.60923, -38.76574 ], [ -71.60968, -38.76568 ], [ -71.60996, -38.76578 ], [ -71.61002, -38.76598 ], [ -71.60992, -38.76634 ], [ -71.61018, -38.76714 ], [ -71.6113, -38.76735 ], [ -71.6117, -38.76766 ], [ -71.61229, -38.76769 ], [ -71.61301, -38.76756 ], [ -71.61333, -38.76767 ], [ -71.61311, -38.76804 ], [ -71.61323, -38.7683 ], [ -71.61494, -38.76965 ], [ -71.61531, -38.7701 ], [ -71.61582, -38.77112 ], [ -71.61628, -38.77142 ], [ -71.61668, -38.77162 ], [ -71.61682, -38.77158 ], [ -71.61702, -38.77126 ], [ -71.61714, -38.77119 ], [ -71.61779, -38.77104 ], [ -71.61796, -38.77088 ], [ -71.61834, -38.7709 ], [ -71.61896, -38.77071 ], [ -71.6192, -38.77034 ], [ -71.6196, -38.77017 ], [ -71.62019, -38.77042 ], [ -71.6209, -38.77037 ], [ -71.62117, -38.77044 ], [ -71.62127, -38.77056 ], [ -71.62205, -38.77064 ], [ -71.62239, -38.77084 ], [ -71.62262, -38.77082 ], [ -71.62287, -38.77098 ], [ -71.6228, -38.77128 ], [ -71.62345, -38.7717 ], [ -71.62418, -38.77263 ], [ -71.62421, -38.77288 ], [ -71.6241, -38.77314 ], [ -71.6247, -38.77291 ], [ -71.62562, -38.77295 ], [ -71.62573, -38.773 ], [ -71.62576, -38.77328 ], [ -71.62644, -38.77351 ], [ -71.62678, -38.77384 ], [ -71.62693, -38.77419 ], [ -71.62712, -38.77441 ], [ -71.62751, -38.77466 ], [ -71.62809, -38.77473 ], [ -71.629, -38.77457 ], [ -71.62923, -38.77464 ], [ -71.62984, -38.77519 ], [ -71.63102, -38.77574 ], [ -71.6313, -38.77611 ], [ -71.63105, -38.77709 ], [ -71.6311, -38.77747 ], [ -71.63123, -38.7777 ], [ -71.63177, -38.77816 ], [ -71.63277, -38.77843 ] ] } },
{ "type": "Feature", "properties": { "osm_id": 581438440, "nombre": "Río Quillén", "tipo": "stream", "volcan_codigo": "LON", "volcan_nombre": "Lonquimay", "drena_volcan": false }, "geometry": { "type": "LineString", "coordinates": [ [ -72.01806, -38.36555 ], [ -72.01911, -38.36611 ], [ -72.01939, -38.36664 ], [ -72.01947, -38.36695 ], [ -72.01939, -38.3675 ], [ -72.01926, -38.36772 ], [ -72.01865, -38.36821 ], [ -72.01844, -38.3687 ], [ -72.01848, -38.36908 ], [ -72.01873, -38.36938 ], [ -72.01903, -38.36954 ], [ -72.01922, -38.36955 ], [ -72.01957, -38.36938 ], [ -72.01987, -38.3691 ], [ -72.02111, -38.36921 ], [ -72.02166, -38.36947 ], [ -72.02285, -38.36953 ], [ -72.02365, -38.36992 ], [ -72.02555, -38.37049 ], [ -72.02581, -38.37066 ], [ -72.02593, -38.37098 ], [ -72.02647, -38.37162 ], [ -72.02659, -38.37229 ], [ -72.0268, -38.37258 ], [ -72.02718, -38.37288 ], [ -72.02844, -38.37321 ], [ -72.02873, -38.37345 ], [ -72.02901, -38.37384 ], [ -72.0301, -38.37411 ], [ -72.03067, -38.3747 ], [ -72.03116, -38.37505 ], [ -72.03153, -38.37509 ], [ -72.03223, -38.37483 ], [ -72.03257, -38.37496 ], [ -72.03279, -38.37521 ], [ -72.03331, -38.3761 ], [ -72.03438, -38.3767 ], [ -72.03536, -38.3777 ], [ -72.0358, -38.37801 ], [ -72.03646, -38.37831 ], [ -72.0371, -38.37837 ], [ -72.03736, -38.37829 ], [ -72.0377, -38.37794 ], [ -72.03879, -38.37771 ], [ -72.03937, -38.37742 ], [ -72.04002, -38.37734 ], [ -72.04104, -38.37736 ], [ -72.04175, -38.37753 ], [ -72.04243, -38.37753 ], [ -72.04296, -38.37771 ], [ -72.04369, -38.37864 ], [ -72.04447, -38.37914 ], [ -72.04475, -38.37946 ], [ -72.045, -38.38027 ], [ -72.04487, -38.38072 ], [ -72.04537, -38.38108 ], [ -72.04515, -38.38136 ], [ -72.04518, -38.38161 ], [ -72.04572, -38.38193 ], [ -72.04583, -38.38246 ], [ -72.04616, -38.38263 ], [ -72.04675, -38.38274 ], [ -72.04701, -38.38297 ], [ -72.04707, -38.38331 ], [ -72.04685, -38.38379 ], [ -72.04674, -38.38442 ], [ -72.04689, -38.38464 ], [ -72.04725, -38.38483 ], [ -72.04815, -38.38518 ], [ -72.04884, -38.3853 ], [ -72.04976, -38.38514 ], [ -72.05029, -38.38531 ], [ -72.05095, -38.3854 ], [ -72.0511, -38.38553 ], [ -72.05117, -38.38575 ], [ -72.0514, -38.38593 ], [ -72.05145, -38.38619 ], [ -72.05155, -38.38632 ], [ -72.05209, -38.38636 ], [ -72.05241, -38.38647 ], [ -72.05317, -38.38719 ], [ -72.05353, -38.38733 ], [ -72.05462, -38.38726 ], [ -72.05493, -38.38707 ], [ -72.05542, -38.38702 ], [ -72.05609, -38.38729 ], [ -72.05672, -38.38725 ], [ -72.05756, -38.38733 ], [ -72.05885, -38.38789 ], [ -72.05921, -38.38792 ], [ -72.05949, -38.3878 ], [ -72.05981, -38.38742 ], [ -72.06007, -38.38731 ], [ -72.06066, -38.38732 ], [ -72.06117, -38.38747 ], [ -72.06158, -38.38749 ], [ -72.06242, -38.38732 ], [ -72.06312, -38.38735 ], [ -72.0645, -38.3872 ], [ -72.06466, -38.38728 ], [ -72.06492, -38.38769 ], [ -72.06551, -38.38829 ], [ -72.0662, -38.38869 ], [ -72.067, -38.38893 ], [ -72.06927, -38.38929 ], [ -72.06973, -38.38922 ], [ -72.07074, -38.38874 ], [ -72.07099, -38.38816 ], [ -72.07098, -38.38788 ], [ -72.07108, -38.38778 ], [ -72.07124, -38.38774 ], [ -72.07164, -38.38793 ], [ -72.07184, -38.38784 ], [ -72.07199, -38.38721 ], [ -72.07266, -38.38601 ], [ -72.07303, -38.3858 ], [ -72.07382, -38.38586 ], [ -72.07406, -38.38579 ], [ -72.07426, -38.3856 ], [ -72.07435, -38.38522 ], [ -72.07471, -38.38487 ], [ -72.07532, -38.38399 ], [ -72.07591, -38.38352 ], [ -72.07654, -38.38322 ], [ -72.0771, -38.38313 ], [ -72.0782, -38.38278 ], [ -72.07871, -38.38252 ], [ -72.07907, -38.38214 ], [ -72.07938, -38.38124 ], [ -72.08029, -38.38038 ], [ -72.08075, -38.37958 ], [ -72.08121, -38.37938 ], [ -72.08182, -38.37895 ], [ -72.08234, -38.37895 ], [ -72.083, -38.37935 ], [ -72.08399, -38.37941 ], [ -72.08465, -38.37978 ], [ -72.08487, -38.37998 ], [ -72.08497, -38.38021 ], [ -72.08508, -38.38104 ], [ -72.08541, -38.38126 ], [ -72.08617, -38.3814 ], [ -72.08699, -38.3813 ], [ -72.08803, -38.38104 ], [ -72.08877, -38.38109 ], [ -72.08918, -38.38135 ], [ -72.08959, -38.38201 ], [ -72.09012, -38.38209 ], [ -72.09049, -38.38197 ], [ -72.09091, -38.38166 ], [ -72.0912, -38.38111 ], [ -72.09143, -38.38085 ], [ -72.09183, -38.38072 ], [ -72.09275, -38.38068 ], [ -72.09313, -38.38047 ], [ -72.09376, -38.37988 ], [ -72.09412, -38.37972 ], [ -72.09485, -38.37982 ], [ -72.09524, -38.37977 ], [ -72.09565, -38.37961 ], [ -72.09611, -38.37931 ], [ -72.09653, -38.37919 ], [ -72.09672, -38.3793 ], [ -72.09672, -38.37958 ], [ -72.09682, -38.37977 ], [ -72.097, -38.37987 ], [ -72.09743, -38.37991 ], [ -72.09783, -38.3798 ], [ -72.09844, -38.37938 ], [ -72.09975, -38.3792 ], [ -72.10012, -38.379 ], [ -72.10023, -38.37887 ], [ -72.1002, -38.37816 ], [ -72.10044, -38.37801 ], [ -72.10108, -38.37787 ], [ -72.10163, -38.37736 ], [ -72.10184, -38.37726 ], [ -72.10235, -38.37734 ], [ -72.10283, -38.37773 ], [ -72.10317, -38.37785 ], [ -72.10402, -38.37783 ], [ -72.10467, -38.37768 ], [ -72.10563, -38.37783 ], [ -72.10602, -38.37763 ], [ -72.10621, -38.37728 ], [ -72.10674, -38.37688 ], [ -72.10714, -38.37678 ], [ -72.10846, -38.37678 ], [ -72.10901, -38.37662 ], [ -72.10952, -38.37684 ], [ -72.10975, -38.37724 ], [ -72.11036, -38.37794 ], [ -72.11094, -38.37804 ], [ -72.11149, -38.37781 ], [ -72.11227, -38.37694 ], [ -72.11231, -38.37673 ], [ -72.11219, -38.37617 ], [ -72.11225, -38.37602 ], [ -72.11249, -38.37582 ], [ -72.113, -38.37555 ], [ -72.11421, -38.37537 ], [ -72.11625, -38.37469 ], [ -72.11669, -38.37462 ], [ -72.11711, -38.37441 ], [ -72.11789, -38.37449 ], [ -72.11855, -38.37434 ], [ -72.11938, -38.3744 ], [ -72.12096, -38.37433 ], [ -72.12257, -38.37452 ], [ -72.12392, -38.37436 ], [ -72.12481, -38.37406 ], [ -72.1263, -38.37407 ], [ -72.12692, -38.37416 ], [ -72.12739, -38.37434 ], [ -72.12767, -38.37464 ], [ -72.12784, -38.37503 ], [ -72.12821, -38.3751 ], [ -72.12885, -38.37499 ], [ -72.13032, -38.37453 ], [ -72.13071, -38.3745 ] ] } },
{ "type": "Feature", "properties": { "osm_id": 581438444, "nombre": "Estero Pehuenco", "tipo": "stream", "volcan_codigo": "LON", "volcan_nombre": "Lonquimay", "drena_volcan": false }, "geometry": { "type": "LineString", "coordinates": [ [ -72.01907, -38.34535 ], [ -72.01931, -38.34561 ], [ -72.01983, -38.34564 ], [ -72.0201, -38.34577 ], [ -72.02026, -38.34602 ], [ -72.02064, -38.34632 ], [ -72.02071, -38.3465 ], [ -72.0213, -38.3468 ], [ -72.0219, -38.34734 ], [ -72.02223, -38.34786 ], [ -72.0225, -38.34788 ], [ -72.02303, -38.34767 ], [ -72.02448, -38.348 ], [ -72.02497, -38.34824 ], [ -72.02522, -38.34858 ], [ -72.02518, -38.34907 ], [ -72.02549, -38.34993 ], [ -72.02601, -38.35077 ], [ -72.02632, -38.3509 ], [ -72.02717, -38.35094 ], [ -72.02791, -38.3511 ], [ -72.02831, -38.35145 ], [ -72.02906, -38.35178 ], [ -72.02926, -38.35207 ], [ -72.02991, -38.35249 ], [ -72.03018, -38.35285 ], [ -72.03099, -38.35335 ], [ -72.0314, -38.35345 ], [ -72.0323, -38.35321 ], [ -72.03264, -38.35328 ], [ -72.0329, -38.35353 ], [ -72.03302, -38.35392 ], [ -72.03336, -38.35418 ], [ -72.03424, -38.35431 ], [ -72.03453, -38.35451 ], [ -72.03551, -38.35462 ], [ -72.03603, -38.35482 ], [ -72.03662, -38.35515 ], [ -72.03709, -38.35578 ], [ -72.03736, -38.35593 ], [ -72.03799, -38.35604 ], [ -72.03854, -38.35636 ], [ -72.03907, -38.35683 ], [ -72.04039, -38.35714 ], [ -72.04113, -38.35758 ], [ -72.04158, -38.35739 ], [ -72.04178, -38.3575 ], [ -72.04184, -38.35767 ], [ -72.04202, -38.35778 ], [ -72.0423, -38.35756 ], [ -72.04239, -38.35758 ], [ -72.04256, -38.3577 ], [ -72.04271, -38.35797 ], [ -72.04289, -38.35801 ], [ -72.04386, -38.35765 ], [ -72.04424, -38.3576 ], [ -72.04456, -38.35768 ], [ -72.04491, -38.35791 ], [ -72.04533, -38.35882 ], [ -72.04573, -38.35912 ], [ -72.04615, -38.35926 ], [ -72.04659, -38.35927 ], [ -72.04711, -38.35954 ], [ -72.04749, -38.35962 ], [ -72.04863, -38.3595 ], [ -72.04892, -38.35961 ], [ -72.04936, -38.35954 ], [ -72.04986, -38.35974 ], [ -72.05032, -38.35971 ], [ -72.05057, -38.3598 ], [ -72.05118, -38.36051 ], [ -72.05134, -38.36094 ], [ -72.05159, -38.36117 ], [ -72.05214, -38.36145 ], [ -72.05307, -38.36161 ], [ -72.05333, -38.36177 ], [ -72.05378, -38.3623 ], [ -72.05466, -38.36261 ], [ -72.05497, -38.36291 ], [ -72.05518, -38.36334 ], [ -72.05617, -38.3639 ], [ -72.05639, -38.36441 ], [ -72.05665, -38.36457 ], [ -72.05712, -38.36449 ], [ -72.05751, -38.36428 ], [ -72.05783, -38.3643 ], [ -72.05845, -38.36452 ], [ -72.05948, -38.36457 ], [ -72.06006, -38.36501 ], [ -72.06076, -38.3652 ], [ -72.06104, -38.36519 ], [ -72.06148, -38.36489 ], [ -72.0618, -38.36479 ], [ -72.06231, -38.36489 ], [ -72.0628, -38.36482 ], [ -72.06317, -38.36488 ], [ -72.06351, -38.3652 ], [ -72.06369, -38.36566 ], [ -72.06362, -38.36617 ], [ -72.06377, -38.36649 ], [ -72.06378, -38.36674 ], [ -72.0636, -38.36702 ], [ -72.06357, -38.36732 ], [ -72.06367, -38.36764 ], [ -72.06457, -38.36827 ], [ -72.06575, -38.36848 ], [ -72.0665, -38.36869 ], [ -72.06759, -38.36866 ], [ -72.06808, -38.36929 ], [ -72.06854, -38.36937 ], [ -72.06913, -38.36928 ], [ -72.06978, -38.36959 ], [ -72.0702, -38.36963 ], [ -72.07152, -38.36868 ], [ -72.072, -38.36855 ], [ -72.07222, -38.36814 ], [ -72.07237, -38.36804 ], [ -72.07257, -38.36794 ], [ -72.0733, -38.36795 ], [ -72.07363, -38.3678 ], [ -72.07453, -38.3666 ], [ -72.07468, -38.3665 ], [ -72.07522, -38.36667 ], [ -72.07554, -38.36702 ], [ -72.07573, -38.36712 ], [ -72.07647, -38.36716 ], [ -72.07688, -38.36707 ], [ -72.07705, -38.36694 ], [ -72.07718, -38.36624 ], [ -72.07737, -38.36593 ], [ -72.07776, -38.36579 ], [ -72.07856, -38.36582 ], [ -72.07926, -38.36566 ], [ -72.07942, -38.36544 ], [ -72.07944, -38.36497 ], [ -72.07959, -38.3647 ], [ -72.07974, -38.36463 ], [ -72.08034, -38.36472 ], [ -72.0812, -38.36469 ], [ -72.08147, -38.36452 ], [ -72.08175, -38.36395 ], [ -72.08191, -38.36386 ], [ -72.08262, -38.36377 ], [ -72.08279, -38.3636 ], [ -72.08287, -38.36316 ], [ -72.08307, -38.36267 ], [ -72.08376, -38.36158 ], [ -72.08442, -38.36123 ], [ -72.08555, -38.36097 ], [ -72.08631, -38.36065 ], [ -72.08705, -38.36079 ], [ -72.08739, -38.36141 ], [ -72.08773, -38.36179 ], [ -72.0881, -38.36187 ], [ -72.08848, -38.3617 ], [ -72.08906, -38.36113 ], [ -72.08986, -38.3607 ], [ -72.09051, -38.36051 ], [ -72.09113, -38.36054 ], [ -72.09141, -38.36075 ], [ -72.09158, -38.36129 ], [ -72.09152, -38.36149 ], [ -72.09129, -38.36175 ], [ -72.09124, -38.36202 ], [ -72.09162, -38.36226 ], [ -72.09197, -38.36228 ], [ -72.09247, -38.36225 ], [ -72.09273, -38.36198 ], [ -72.0929, -38.36148 ], [ -72.0933, -38.36095 ], [ -72.09384, -38.36058 ], [ -72.09424, -38.36053 ], [ -72.09448, -38.36063 ], [ -72.09489, -38.36098 ], [ -72.09575, -38.3614 ], [ -72.09591, -38.36168 ], [ -72.09593, -38.36197 ], [ -72.09619, -38.36214 ], [ -72.09705, -38.36224 ], [ -72.09742, -38.36208 ], [ -72.09773, -38.36176 ], [ -72.09829, -38.36171 ], [ -72.09904, -38.36221 ], [ -72.09933, -38.36259 ], [ -72.09992, -38.3627 ], [ -72.10079, -38.36266 ], [ -72.10113, -38.36256 ], [ -72.10157, -38.36217 ], [ -72.10208, -38.36209 ], [ -72.10299, -38.36167 ], [ -72.10382, -38.36187 ], [ -72.1042, -38.36188 ], [ -72.10539, -38.36163 ], [ -72.10603, -38.36162 ], [ -72.10638, -38.36128 ], [ -72.10656, -38.36086 ], [ -72.10677, -38.36067 ], [ -72.1071, -38.36053 ], [ -72.10742, -38.36053 ], [ -72.10826, -38.3607 ], [ -72.10856, -38.36089 ], [ -72.10881, -38.36123 ], [ -72.10878, -38.36166 ], [ -72.10886, -38.36182 ], [ -72.10926, -38.36225 ], [ -72.1095, -38.36238 ], [ -72.10974, -38.36239 ], [ -72.11062, -38.36191 ], [ -72.11105, -38.36187 ], [ -72.11299, -38.36194 ], [ -72.11344, -38.36205 ], [ -72.11374, -38.36238 ], [ -72.11373, -38.36275 ], [ -72.11387, -38.36321 ], [ -72.11385, -38.36365 ], [ -72.11395, -38.36378 ], [ -72.11448, -38.36404 ], [ -72.11488, -38.36395 ], [ -72.11535, -38.36398 ], [ -72.1156, -38.36417 ], [ -72.11565, -38.36461 ], [ -72.11535, -38.36545 ], [ -72.11533, -38.36579 ], [ -72.11548, -38.36624 ], [ -72.11567, -38.36643 ], [ -72.11671, -38.3667 ], [ -72.11699, -38.36688 ], [ -72.11714, -38.36711 ], [ -72.11734, -38.3672 ], [ -72.11779, -38.36717 ], [ -72.11922, -38.36683 ], [ -72.11969, -38.36682 ], [ -72.12053, -38.36736 ], [ -72.12144, -38.36752 ], [ -72.1224, -38.3679 ], [ -72.12346, -38.36812 ], [ -72.12365, -38.36831 ], [ -72.12417, -38.36858 ], [ -72.12446, -38.36907 ], [ -72.12495, -38.36924 ], [ -72.12543, -38.36954 ], [ -72.12584, -38.37001 ], [ -72.12597, -38.37046 ], [ -72.1262, -38.37067 ], [ -72.12665, -38.37093 ], [ -72.12713, -38.37104 ], [ -72.12795, -38.37157 ], [ -72.12885, -38.37191 ], [ -72.12941, -38.37202 ], [ -72.12979, -38.37227 ], [ -72.13009, -38.37282 ], [ -72.13014, -38.37334 ], [ -72.1303, -38.37358 ], [ -72.13044, -38.37416 ], [ -72.13071, -38.3745 ] ] } },
{ "type": "Feature", "properties": { "osm_id": 581438448, "nombre": "Estero Huillinlebu", "tipo": "stream", "volcan_codigo": "LON", "volcan_nombre": "Lonquimay", "drena_volcan": false }, "geometry": { "type": "LineString", "coordinates": [ [ -72.01778, -38.31845 ], [ -72.01779, -38.31864 ], [ -72.01806, -38.31914 ], [ -72.01801, -38.31981 ], [ -72.01859, -38.32043 ], [ -72.01869, -38.32061 ], [ -72.01871, -38.32099 ], [ -72.01892, -38.32129 ], [ -72.0194, -38.32139 ], [ -72.01974, -38.32133 ], [ -72.02051, -38.32098 ], [ -72.02119, -38.32095 ], [ -72.02149, -38.32101 ], [ -72.02194, -38.32135 ], [ -72.02205, -38.32171 ], [ -72.02225, -38.322 ], [ -72.02267, -38.32228 ], [ -72.02345, -38.32311 ], [ -72.02352, -38.32356 ], [ -72.02312, -38.32429 ], [ -72.02311, -38.32449 ], [ -72.02344, -38.32487 ], [ -72.02424, -38.32523 ], [ -72.02557, -38.32547 ], [ -72.02587, -38.32559 ], [ -72.02621, -38.32599 ], [ -72.02651, -38.32683 ], [ -72.02685, -38.32714 ], [ -72.02715, -38.32724 ], [ -72.02768, -38.32725 ], [ -72.02843, -38.32711 ], [ -72.02877, -38.32718 ], [ -72.02904, -38.32736 ], [ -72.02933, -38.32783 ], [ -72.0292, -38.32865 ], [ -72.02956, -38.32923 ], [ -72.0298, -38.32999 ], [ -72.03069, -38.33077 ], [ -72.03074, -38.33149 ], [ -72.0309, -38.33166 ], [ -72.03224, -38.33218 ], [ -72.03255, -38.33219 ], [ -72.03343, -38.33134 ], [ -72.03396, -38.33104 ], [ -72.03411, -38.33075 ], [ -72.03438, -38.33051 ], [ -72.03633, -38.33029 ], [ -72.03653, -38.33045 ], [ -72.03662, -38.33103 ], [ -72.03611, -38.33206 ], [ -72.03552, -38.33263 ], [ -72.03538, -38.33288 ], [ -72.03537, -38.33328 ], [ -72.03549, -38.33351 ], [ -72.03576, -38.33366 ], [ -72.03741, -38.33409 ], [ -72.03795, -38.3343 ], [ -72.03855, -38.33433 ], [ -72.03937, -38.33417 ], [ -72.03944, -38.33404 ], [ -72.03943, -38.33358 ], [ -72.03968, -38.33343 ], [ -72.03998, -38.33341 ], [ -72.04028, -38.33356 ], [ -72.04081, -38.33399 ], [ -72.0419, -38.33458 ], [ -72.04217, -38.33504 ], [ -72.04291, -38.3356 ], [ -72.04316, -38.33604 ], [ -72.04405, -38.33699 ], [ -72.04461, -38.33777 ], [ -72.0453, -38.33814 ], [ -72.04544, -38.33836 ], [ -72.04581, -38.33862 ], [ -72.04615, -38.33912 ], [ -72.04677, -38.33971 ], [ -72.04702, -38.34026 ], [ -72.0473, -38.34061 ], [ -72.04796, -38.341 ], [ -72.04845, -38.34148 ], [ -72.04857, -38.34206 ], [ -72.04815, -38.34268 ], [ -72.04815, -38.34303 ], [ -72.04863, -38.34352 ], [ -72.04956, -38.34398 ], [ -72.04983, -38.3444 ], [ -72.05023, -38.34476 ], [ -72.0508, -38.34497 ], [ -72.05131, -38.345 ], [ -72.0516, -38.34484 ], [ -72.05189, -38.34453 ], [ -72.05231, -38.34446 ], [ -72.05286, -38.34462 ], [ -72.05352, -38.34524 ], [ -72.05455, -38.34523 ], [ -72.05515, -38.34535 ], [ -72.05555, -38.34549 ], [ -72.05665, -38.3461 ], [ -72.05708, -38.34622 ], [ -72.05774, -38.34658 ], [ -72.05801, -38.34665 ], [ -72.05858, -38.34663 ], [ -72.05881, -38.34642 ], [ -72.05908, -38.34632 ], [ -72.05938, -38.34632 ], [ -72.06002, -38.34656 ], [ -72.06038, -38.34624 ], [ -72.06083, -38.34618 ], [ -72.06115, -38.34636 ], [ -72.06217, -38.34748 ], [ -72.06235, -38.34786 ], [ -72.06264, -38.34806 ], [ -72.06301, -38.34807 ], [ -72.06339, -38.34798 ], [ -72.06385, -38.34762 ], [ -72.0646, -38.34757 ], [ -72.06513, -38.34718 ], [ -72.06558, -38.34699 ], [ -72.06584, -38.34702 ], [ -72.06641, -38.34732 ], [ -72.06699, -38.34751 ], [ -72.06855, -38.34747 ], [ -72.07027, -38.34759 ], [ -72.07062, -38.34755 ], [ -72.07104, -38.34725 ], [ -72.07127, -38.34719 ], [ -72.07222, -38.34739 ], [ -72.07401, -38.34746 ], [ -72.07487, -38.34729 ], [ -72.07604, -38.34726 ], [ -72.07691, -38.34744 ], [ -72.07748, -38.34725 ], [ -72.07853, -38.34733 ], [ -72.07943, -38.34717 ], [ -72.0798, -38.34726 ], [ -72.08013, -38.34745 ], [ -72.08099, -38.34757 ], [ -72.08178, -38.3479 ], [ -72.08307, -38.34822 ], [ -72.08355, -38.34842 ], [ -72.08392, -38.34911 ], [ -72.08377, -38.34994 ], [ -72.08377, -38.35023 ], [ -72.08386, -38.3504 ], [ -72.08495, -38.35079 ], [ -72.08577, -38.35076 ], [ -72.08655, -38.35089 ], [ -72.08681, -38.35076 ], [ -72.08719, -38.35033 ], [ -72.08735, -38.35027 ], [ -72.08885, -38.3502 ], [ -72.08927, -38.35002 ], [ -72.09019, -38.34938 ], [ -72.09173, -38.34914 ], [ -72.0927, -38.3494 ], [ -72.09371, -38.34998 ], [ -72.09497, -38.35026 ], [ -72.0958, -38.35036 ], [ -72.09671, -38.35064 ], [ -72.09787, -38.35086 ], [ -72.09821, -38.35118 ], [ -72.09844, -38.35203 ], [ -72.09918, -38.35257 ], [ -72.09948, -38.35256 ], [ -72.1, -38.35229 ], [ -72.10058, -38.35185 ], [ -72.1009, -38.35174 ], [ -72.10127, -38.35176 ], [ -72.10209, -38.352 ], [ -72.10287, -38.35189 ], [ -72.10337, -38.35214 ], [ -72.10349, -38.35251 ], [ -72.10349, -38.35292 ], [ -72.10373, -38.35327 ], [ -72.1044, -38.35342 ], [ -72.10529, -38.35327 ], [ -72.10602, -38.35335 ], [ -72.10628, -38.35316 ], [ -72.10626, -38.35267 ], [ -72.10645, -38.35248 ], [ -72.10671, -38.35251 ], [ -72.10701, -38.35283 ], [ -72.10773, -38.35309 ], [ -72.10795, -38.35309 ], [ -72.10867, -38.35278 ], [ -72.1089, -38.35237 ], [ -72.10945, -38.35206 ], [ -72.10948, -38.35161 ], [ -72.10939, -38.35073 ], [ -72.10953, -38.35039 ], [ -72.10967, -38.35019 ], [ -72.11015, -38.34981 ], [ -72.1105, -38.34932 ], [ -72.11078, -38.34915 ], [ -72.11129, -38.34916 ], [ -72.11147, -38.34927 ], [ -72.11152, -38.34973 ], [ -72.11186, -38.35025 ], [ -72.11213, -38.35092 ], [ -72.11239, -38.35113 ], [ -72.1127, -38.35126 ], [ -72.11328, -38.35132 ], [ -72.11427, -38.35105 ], [ -72.11453, -38.3508 ], [ -72.11462, -38.34988 ], [ -72.11513, -38.34895 ], [ -72.11526, -38.34819 ], [ -72.11536, -38.34804 ], [ -72.11567, -38.34792 ], [ -72.11617, -38.34803 ], [ -72.11667, -38.34794 ], [ -72.11675, -38.34783 ], [ -72.11678, -38.34744 ], [ -72.11718, -38.34692 ], [ -72.11896, -38.3458 ], [ -72.1192, -38.34584 ], [ -72.11942, -38.34603 ], [ -72.11948, -38.34625 ], [ -72.11943, -38.34655 ], [ -72.11951, -38.34661 ], [ -72.11971, -38.34658 ], [ -72.12052, -38.34604 ], [ -72.12084, -38.34609 ], [ -72.12164, -38.34649 ], [ -72.12192, -38.34657 ], [ -72.12223, -38.3465 ], [ -72.12277, -38.34545 ], [ -72.12286, -38.34477 ], [ -72.12278, -38.3439 ], [ -72.12293, -38.34379 ], [ -72.12325, -38.34379 ], [ -72.12398, -38.34394 ], [ -72.12431, -38.34409 ], [ -72.12512, -38.34418 ], [ -72.12605, -38.34377 ], [ -72.12671, -38.34358 ], [ -72.12706, -38.34327 ], [ -72.12753, -38.3425 ], [ -72.12763, -38.34209 ], [ -72.12755, -38.34167 ], [ -72.12772, -38.34116 ], [ -72.12786, -38.34098 ], [ -72.12824, -38.34081 ], [ -72.12857, -38.34073 ], [ -72.12918, -38.34075 ], [ -72.1298, -38.34103 ], [ -72.13055, -38.34125 ], [ -72.13072, -38.34142 ], [ -72.131, -38.34203 ], [ -72.13099, -38.34248 ], [ -72.13105, -38.34257 ], [ -72.13145, -38.34275 ], [ -72.13183, -38.3428 ], [ -72.13236, -38.3428 ], [ -72.13271, -38.34266 ], [ -72.13291, -38.34249 ], [ -72.133, -38.34217 ], [ -72.13316, -38.34204 ], [ -72.13348, -38.34199 ], [ -72.13412, -38.34211 ], [ -72.13436, -38.34204 ], [ -72.13506, -38.34162 ], [ -72.13557, -38.34146 ], [ -72.13679, -38.34149 ] ] } },
{ "type": "Feature", "properties": { "osm_id": 581438458, "nombre": "Estero Huillinlebu", "tipo": "stream", "volcan_codigo": "LON", "volcan_nombre": "Lonquimay", "drena_volcan": false }, "geometry": { "type": "LineString", "coordinates": [ [ -72.03574, -38.31264 ], [ -72.03615, -38.31272 ], [ -72.03683, -38.313 ], [ -72.0371, -38.31325 ], [ -72.03744, -38.31329 ], [ -72.03792, -38.31351 ], [ -72.03861, -38.31358 ], [ -72.03913, -38.3139 ], [ -72.04057, -38.3144 ], [ -72.04112, -38.31485 ], [ -72.04145, -38.31495 ], [ -72.04205, -38.31505 ], [ -72.04332, -38.31505 ], [ -72.04475, -38.31521 ], [ -72.04749, -38.31594 ], [ -72.04967, -38.31591 ], [ -72.05003, -38.31611 ], [ -72.05078, -38.31618 ], [ -72.05194, -38.31648 ], [ -72.05223, -38.3167 ], [ -72.05272, -38.31743 ], [ -72.05314, -38.31769 ], [ -72.05348, -38.3177 ], [ -72.05376, -38.31754 ], [ -72.054, -38.31753 ], [ -72.05457, -38.31777 ], [ -72.05575, -38.31766 ], [ -72.05598, -38.31771 ], [ -72.05638, -38.31796 ], [ -72.05677, -38.31785 ], [ -72.0578, -38.31778 ], [ -72.05885, -38.318 ], [ -72.06007, -38.31801 ], [ -72.06051, -38.31809 ], [ -72.06099, -38.31833 ], [ -72.06131, -38.3187 ], [ -72.06224, -38.31944 ], [ -72.06365, -38.32009 ], [ -72.06464, -38.32015 ], [ -72.06528, -38.31998 ], [ -72.06566, -38.32007 ], [ -72.06628, -38.3206 ], [ -72.06697, -38.32094 ], [ -72.06713, -38.32098 ], [ -72.06781, -38.32089 ], [ -72.06838, -38.32099 ], [ -72.06879, -38.32122 ], [ -72.0693, -38.32167 ], [ -72.06968, -38.32178 ], [ -72.07026, -38.32181 ], [ -72.07088, -38.32149 ], [ -72.07152, -38.32155 ], [ -72.07203, -38.32176 ], [ -72.07263, -38.32184 ], [ -72.07304, -38.32209 ], [ -72.07345, -38.32252 ], [ -72.07379, -38.32268 ], [ -72.07411, -38.32275 ], [ -72.07466, -38.32273 ], [ -72.07457, -38.32302 ], [ -72.0748, -38.32328 ], [ -72.0754, -38.32346 ], [ -72.0761, -38.32338 ], [ -72.07632, -38.32355 ], [ -72.0763, -38.32378 ], [ -72.07656, -38.32395 ], [ -72.07679, -38.32402 ], [ -72.07732, -38.324 ], [ -72.07802, -38.32437 ], [ -72.07927, -38.32456 ], [ -72.08022, -38.32504 ], [ -72.08094, -38.32578 ], [ -72.08209, -38.32657 ], [ -72.08228, -38.32688 ], [ -72.08248, -38.32779 ], [ -72.08273, -38.32818 ], [ -72.08377, -38.32887 ], [ -72.08429, -38.32934 ], [ -72.08513, -38.32966 ], [ -72.08609, -38.32971 ], [ -72.08731, -38.32912 ], [ -72.08798, -38.32902 ], [ -72.08983, -38.32854 ], [ -72.09149, -38.32831 ], [ -72.09363, -38.32819 ], [ -72.09715, -38.32904 ], [ -72.09744, -38.32899 ], [ -72.09784, -38.32861 ], [ -72.09801, -38.32859 ], [ -72.09909, -38.32906 ], [ -72.09967, -38.32912 ], [ -72.1, -38.32905 ], [ -72.1006, -38.32859 ], [ -72.10091, -38.32845 ], [ -72.10144, -38.32844 ], [ -72.10219, -38.32815 ], [ -72.10297, -38.32807 ], [ -72.10356, -38.3282 ], [ -72.10534, -38.32929 ], [ -72.10601, -38.3295 ], [ -72.10719, -38.32962 ], [ -72.10816, -38.33003 ], [ -72.10893, -38.33004 ], [ -72.10945, -38.33029 ], [ -72.10971, -38.33055 ], [ -72.1111, -38.33086 ], [ -72.11165, -38.33117 ], [ -72.1129, -38.33136 ], [ -72.11379, -38.33097 ], [ -72.11421, -38.33092 ], [ -72.11454, -38.33099 ], [ -72.11492, -38.33131 ], [ -72.11524, -38.33179 ], [ -72.11547, -38.33226 ], [ -72.11568, -38.33307 ], [ -72.11594, -38.33354 ], [ -72.1162, -38.33377 ], [ -72.11681, -38.33401 ], [ -72.11887, -38.33433 ], [ -72.12061, -38.33427 ], [ -72.12126, -38.33456 ], [ -72.1219, -38.33462 ], [ -72.12259, -38.335 ], [ -72.12268, -38.33541 ], [ -72.12255, -38.33556 ], [ -72.12253, -38.33575 ], [ -72.12292, -38.33629 ], [ -72.12302, -38.33672 ], [ -72.12301, -38.33688 ], [ -72.12277, -38.33737 ], [ -72.12282, -38.33852 ], [ -72.123, -38.33891 ], [ -72.12329, -38.33927 ], [ -72.12429, -38.34015 ], [ -72.12462, -38.3402 ], [ -72.12523, -38.34002 ], [ -72.12543, -38.34012 ], [ -72.12554, -38.3403 ], [ -72.12588, -38.34039 ], [ -72.12633, -38.34039 ], [ -72.12718, -38.34011 ], [ -72.12809, -38.33963 ], [ -72.12861, -38.33947 ], [ -72.12935, -38.33936 ], [ -72.13006, -38.33936 ], [ -72.13137, -38.33983 ], [ -72.1321, -38.34025 ], [ -72.13312, -38.34054 ], [ -72.13423, -38.34062 ], [ -72.13569, -38.34044 ], [ -72.13606, -38.34055 ], [ -72.13661, -38.3411 ], [ -72.13679, -38.34149 ] ] } },
{ "type": "Feature", "properties": { "osm_id": 591907912, "nombre": "Río Agrio", "tipo": "stream", "volcan_codigo": "LON", "volcan_nombre": "Lonquimay", "drena_volcan": true }, "geometry": { "type": "LineString", "coordinates": [ [ -71.47479, -38.51101 ], [ -71.47495, -38.51121 ], [ -71.47486, -38.51173 ], [ -71.47495, -38.51224 ], [ -71.4756, -38.51283 ], [ -71.47641, -38.51378 ], [ -71.47662, -38.51497 ], [ -71.47734, -38.51552 ], [ -71.47715, -38.51594 ], [ -71.47724, -38.51647 ], [ -71.4775, -38.51695 ], [ -71.47881, -38.51752 ], [ -71.47916, -38.51783 ], [ -71.47928, -38.5182 ], [ -71.47909, -38.51844 ], [ -71.47935, -38.5188 ], [ -71.47979, -38.51871 ], [ -71.47995, -38.51891 ], [ -71.47987, -38.51942 ], [ -71.48051, -38.51959 ], [ -71.48078, -38.52004 ], [ -71.48067, -38.52028 ], [ -71.48151, -38.52059 ], [ -71.48151, -38.52094 ], [ -71.48189, -38.52095 ], [ -71.4821, -38.52073 ], [ -71.48256, -38.52085 ], [ -71.48251, -38.52099 ], [ -71.4823, -38.52112 ], [ -71.4824, -38.52134 ], [ -71.48306, -38.52106 ], [ -71.48346, -38.52107 ], [ -71.48413, -38.5215 ], [ -71.48472, -38.52201 ], [ -71.4858, -38.5223 ], [ -71.48698, -38.52233 ], [ -71.4871, -38.52257 ], [ -71.48733, -38.52278 ], [ -71.48793, -38.52313 ], [ -71.48822, -38.52311 ], [ -71.48822, -38.52324 ], [ -71.48804, -38.52333 ], [ -71.48796, -38.52347 ], [ -71.48796, -38.52363 ], [ -71.48946, -38.52371 ], [ -71.49019, -38.52383 ], [ -71.49109, -38.5238 ], [ -71.4924, -38.5235 ], [ -71.49363, -38.52337 ], [ -71.49524, -38.52337 ], [ -71.49615, -38.52322 ], [ -71.4974, -38.52252 ], [ -71.49989, -38.52294 ], [ -71.50119, -38.52332 ], [ -71.50194, -38.52344 ], [ -71.5027, -38.52309 ], [ -71.50398, -38.52279 ], [ -71.50426, -38.52247 ], [ -71.50433, -38.5219 ], [ -71.50476, -38.52124 ], [ -71.50639, -38.52062 ], [ -71.50819, -38.51953 ], [ -71.50977, -38.51882 ], [ -71.51157, -38.51828 ], [ -71.51291, -38.51794 ], [ -71.51586, -38.51747 ], [ -71.51616, -38.51725 ], [ -71.51624, -38.51684 ], [ -71.51618, -38.51643 ], [ -71.5163, -38.51616 ], [ -71.51732, -38.51538 ], [ -71.51852, -38.51415 ], [ -71.5189, -38.51389 ], [ -71.51977, -38.51364 ], [ -71.52068, -38.51315 ], [ -71.52124, -38.51272 ], [ -71.52184, -38.51196 ], [ -71.52246, -38.51035 ], [ -71.52302, -38.50966 ], [ -71.52348, -38.50928 ], [ -71.52373, -38.50872 ], [ -71.52393, -38.50846 ], [ -71.52394, -38.50737 ], [ -71.52383, -38.50702 ], [ -71.52407, -38.50656 ], [ -71.5243, -38.50639 ], [ -71.52438, -38.50606 ], [ -71.52435, -38.50592 ], [ -71.52415, -38.50577 ], [ -71.52367, -38.50579 ], [ -71.52351, -38.50573 ], [ -71.5236, -38.50454 ], [ -71.52337, -38.50387 ], [ -71.5234, -38.50291 ], [ -71.52273, -38.50108 ], [ -71.52294, -38.50026 ], [ -71.52283, -38.49962 ], [ -71.52289, -38.49922 ], [ -71.52255, -38.49824 ], [ -71.52257, -38.49789 ], [ -71.52271, -38.4975 ], [ -71.52259, -38.49687 ], [ -71.52238, -38.49663 ], [ -71.52171, -38.49653 ], [ -71.5214, -38.49633 ], [ -71.52115, -38.49557 ], [ -71.52117, -38.49539 ], [ -71.52144, -38.49512 ], [ -71.52212, -38.4946 ], [ -71.52229, -38.49422 ], [ -71.52265, -38.49393 ], [ -71.52295, -38.49343 ], [ -71.52282, -38.49305 ], [ -71.52285, -38.49268 ], [ -71.52359, -38.4921 ], [ -71.52429, -38.49177 ], [ -71.52499, -38.49155 ], [ -71.52587, -38.49066 ], [ -71.52645, -38.48975 ], [ -71.52767, -38.48884 ], [ -71.52836, -38.48858 ], [ -71.52838, -38.48835 ], [ -71.52857, -38.48808 ], [ -71.52947, -38.48745 ], [ -71.52981, -38.48742 ], [ -71.53006, -38.48753 ], [ -71.53026, -38.48783 ], [ -71.53041, -38.48793 ], [ -71.53058, -38.48784 ], [ -71.53071, -38.48763 ], [ -71.53208, -38.48784 ], [ -71.53231, -38.48777 ], [ -71.53243, -38.48761 ], [ -71.53246, -38.48724 ], [ -71.53269, -38.48711 ], [ -71.533, -38.4871 ], [ -71.53318, -38.48719 ], [ -71.53331, -38.48747 ], [ -71.53372, -38.48765 ], [ -71.53429, -38.48746 ], [ -71.53507, -38.48673 ], [ -71.53579, -38.48642 ], [ -71.536, -38.48637 ], [ -71.53617, -38.48683 ], [ -71.5364, -38.48687 ], [ -71.53652, -38.48675 ], [ -71.53652, -38.48653 ], [ -71.53677, -38.48634 ], [ -71.53765, -38.48648 ], [ -71.53789, -38.48644 ], [ -71.53852, -38.48605 ], [ -71.53878, -38.48614 ], [ -71.53888, -38.4865 ], [ -71.53907, -38.48671 ], [ -71.53925, -38.48682 ], [ -71.53955, -38.48679 ], [ -71.53972, -38.4866 ], [ -71.53977, -38.48632 ], [ -71.54049, -38.48524 ], [ -71.54079, -38.4843 ], [ -71.54105, -38.48422 ], [ -71.54125, -38.48426 ], [ -71.5414, -38.48441 ], [ -71.54141, -38.48461 ], [ -71.54128, -38.48485 ], [ -71.54127, -38.48505 ], [ -71.54165, -38.48503 ], [ -71.54271, -38.48482 ], [ -71.54316, -38.48458 ], [ -71.54396, -38.48453 ], [ -71.54401, -38.48443 ], [ -71.54398, -38.48365 ], [ -71.54428, -38.48365 ], [ -71.5451, -38.48397 ], [ -71.54561, -38.48404 ], [ -71.54596, -38.48398 ], [ -71.54631, -38.48371 ], [ -71.54657, -38.48257 ], [ -71.54575, -38.48152 ], [ -71.5456, -38.48127 ], [ -71.54558, -38.48104 ], [ -71.54565, -38.48077 ], [ -71.54582, -38.4806 ], [ -71.54615, -38.4807 ], [ -71.54672, -38.48113 ], [ -71.54693, -38.48106 ], [ -71.54715, -38.48073 ], [ -71.54742, -38.4806 ], [ -71.54752, -38.48043 ], [ -71.54742, -38.48032 ], [ -71.54693, -38.48018 ], [ -71.54688, -38.48009 ], [ -71.5469, -38.48 ], [ -71.54732, -38.4797 ], [ -71.54731, -38.47956 ], [ -71.54695, -38.47927 ], [ -71.54696, -38.47874 ] ] } },
{ "type": "Feature", "properties": { "osm_id": 595232220, "nombre": "Estero Caracoles", "tipo": "stream", "volcan_codigo": "LON", "volcan_nombre": "Lonquimay", "drena_volcan": false }, "geometry": { "type": "LineString", "coordinates": [ [ -71.55577, -38.53019 ], [ -71.55571, -38.52887 ], [ -71.55603, -38.52827 ], [ -71.5563, -38.52808 ], [ -71.55671, -38.52762 ], [ -71.55684, -38.52722 ], [ -71.55596, -38.52634 ], [ -71.55598, -38.52618 ], [ -71.55652, -38.52548 ], [ -71.55663, -38.5252 ], [ -71.55636, -38.52452 ], [ -71.55644, -38.52432 ], [ -71.55686, -38.52408 ], [ -71.55711, -38.52376 ], [ -71.55704, -38.52363 ], [ -71.55656, -38.52345 ], [ -71.55639, -38.52322 ], [ -71.55664, -38.52296 ], [ -71.55665, -38.5228 ], [ -71.55643, -38.52196 ], [ -71.55588, -38.52131 ], [ -71.55512, -38.521 ], [ -71.55467, -38.52094 ], [ -71.5545, -38.52081 ], [ -71.55421, -38.52029 ], [ -71.55387, -38.52 ], [ -71.5531, -38.51948 ], [ -71.55275, -38.51912 ], [ -71.55224, -38.51891 ], [ -71.55206, -38.51873 ], [ -71.55208, -38.51829 ], [ -71.552, -38.51817 ], [ -71.5499, -38.51761 ], [ -71.54972, -38.51743 ], [ -71.54845, -38.51672 ], [ -71.54824, -38.51667 ], [ -71.54712, -38.51719 ], [ -71.5467, -38.51715 ], [ -71.54592, -38.51688 ], [ -71.54553, -38.51641 ], [ -71.54543, -38.51551 ], [ -71.54556, -38.51467 ], [ -71.54539, -38.51447 ], [ -71.545, -38.51423 ], [ -71.54573, -38.51314 ], [ -71.54578, -38.51278 ], [ -71.54439, -38.51167 ], [ -71.54389, -38.5114 ], [ -71.54386, -38.51122 ], [ -71.5439, -38.51103 ], [ -71.54499, -38.51087 ], [ -71.54499, -38.51063 ], [ -71.54451, -38.50999 ], [ -71.54433, -38.50953 ], [ -71.54415, -38.50937 ], [ -71.54426, -38.50911 ], [ -71.5444, -38.50902 ], [ -71.5454, -38.50899 ], [ -71.54553, -38.50867 ], [ -71.54569, -38.50854 ], [ -71.54617, -38.50841 ], [ -71.54629, -38.50824 ], [ -71.54621, -38.50798 ], [ -71.54625, -38.50768 ], [ -71.54646, -38.50731 ], [ -71.54526, -38.50662 ], [ -71.54661, -38.50549 ], [ -71.54671, -38.50514 ], [ -71.54566, -38.50487 ], [ -71.54555, -38.50448 ], [ -71.54527, -38.504 ], [ -71.54505, -38.50392 ], [ -71.54433, -38.50394 ], [ -71.54432, -38.5038 ], [ -71.54468, -38.50326 ], [ -71.54523, -38.50293 ], [ -71.54551, -38.50284 ], [ -71.54665, -38.50279 ], [ -71.54685, -38.5027 ], [ -71.5468, -38.50228 ], [ -71.54719, -38.50177 ], [ -71.54709, -38.50161 ], [ -71.54792, -38.5018 ], [ -71.54805, -38.50167 ], [ -71.548, -38.50142 ], [ -71.54747, -38.50123 ], [ -71.54737, -38.50098 ], [ -71.54752, -38.50065 ], [ -71.54721, -38.50006 ], [ -71.54719, -38.49976 ], [ -71.54735, -38.49954 ], [ -71.54789, -38.49916 ], [ -71.54801, -38.49881 ], [ -71.54825, -38.49856 ], [ -71.54821, -38.49838 ], [ -71.54754, -38.49819 ], [ -71.5475, -38.49808 ], [ -71.5476, -38.49791 ], [ -71.54784, -38.49779 ], [ -71.548, -38.49711 ], [ -71.54834, -38.49665 ], [ -71.5492, -38.4963 ], [ -71.54944, -38.49608 ], [ -71.55023, -38.49585 ], [ -71.55029, -38.49576 ], [ -71.55018, -38.49558 ], [ -71.54992, -38.49534 ], [ -71.54994, -38.49508 ], [ -71.5501, -38.49497 ], [ -71.55075, -38.49488 ], [ -71.55073, -38.49475 ], [ -71.55041, -38.49436 ], [ -71.55069, -38.49415 ], [ -71.55033, -38.49359 ], [ -71.55037, -38.49324 ], [ -71.55063, -38.4932 ], [ -71.55109, -38.49328 ], [ -71.55214, -38.49272 ], [ -71.55209, -38.49254 ], [ -71.55175, -38.49221 ], [ -71.55179, -38.49206 ], [ -71.55212, -38.49179 ], [ -71.5521, -38.49161 ], [ -71.55185, -38.49113 ], [ -71.55212, -38.4909 ], [ -71.55156, -38.49071 ], [ -71.55179, -38.4905 ], [ -71.5522, -38.49031 ], [ -71.55284, -38.48975 ], [ -71.55331, -38.48963 ], [ -71.55349, -38.48971 ], [ -71.55359, -38.48988 ], [ -71.55358, -38.4901 ], [ -71.5534, -38.49033 ], [ -71.55345, -38.49056 ], [ -71.55364, -38.49073 ], [ -71.55411, -38.49076 ], [ -71.5549, -38.49098 ], [ -71.55526, -38.49067 ], [ -71.55534, -38.49037 ], [ -71.55529, -38.49028 ], [ -71.55492, -38.49016 ], [ -71.55461, -38.48989 ], [ -71.55473, -38.48952 ], [ -71.555, -38.48922 ], [ -71.55543, -38.4892 ], [ -71.55582, -38.4899 ], [ -71.55601, -38.48999 ], [ -71.55709, -38.48974 ], [ -71.55711, -38.48951 ], [ -71.55703, -38.48938 ], [ -71.55643, -38.48892 ], [ -71.55662, -38.48846 ], [ -71.5568, -38.48831 ], [ -71.55702, -38.48839 ], [ -71.55725, -38.48867 ], [ -71.55742, -38.48865 ], [ -71.55759, -38.48841 ], [ -71.55753, -38.48817 ], [ -71.55773, -38.48808 ], [ -71.55833, -38.48814 ], [ -71.5586, -38.48809 ], [ -71.55868, -38.48794 ], [ -71.55864, -38.48775 ], [ -71.55839, -38.48764 ], [ -71.55735, -38.4875 ], [ -71.55708, -38.48736 ], [ -71.55694, -38.48717 ], [ -71.55689, -38.48691 ], [ -71.55705, -38.48676 ], [ -71.55795, -38.48657 ], [ -71.5582, -38.48642 ], [ -71.55821, -38.48627 ], [ -71.55808, -38.48611 ], [ -71.55815, -38.48605 ], [ -71.55911, -38.48604 ], [ -71.55925, -38.48589 ], [ -71.55916, -38.4856 ], [ -71.55969, -38.48558 ], [ -71.55995, -38.48588 ], [ -71.5601, -38.48594 ], [ -71.56037, -38.48585 ], [ -71.56039, -38.48567 ], [ -71.56023, -38.48525 ], [ -71.56036, -38.485 ], [ -71.56005, -38.48463 ], [ -71.56008, -38.48448 ], [ -71.56091, -38.48347 ], [ -71.56134, -38.48319 ], [ -71.56158, -38.48312 ], [ -71.56215, -38.4834 ], [ -71.5623, -38.48335 ], [ -71.56237, -38.48313 ], [ -71.56272, -38.4828 ], [ -71.5644, -38.48293 ], [ -71.56484, -38.48248 ], [ -71.56484, -38.48199 ], [ -71.56501, -38.48167 ], [ -71.56548, -38.48113 ], [ -71.56583, -38.48089 ], [ -71.56636, -38.48099 ], [ -71.56648, -38.48114 ], [ -71.56604, -38.4816 ], [ -71.56606, -38.48183 ], [ -71.56646, -38.48236 ], [ -71.56682, -38.48324 ], [ -71.56695, -38.48326 ], [ -71.5673, -38.48295 ], [ -71.56781, -38.48278 ], [ -71.56816, -38.48274 ], [ -71.56825, -38.48283 ], [ -71.56819, -38.48308 ], [ -71.56793, -38.4833 ], [ -71.56778, -38.48362 ], [ -71.56802, -38.48408 ], [ -71.56825, -38.48423 ], [ -71.5685, -38.48427 ], [ -71.56869, -38.48422 ], [ -71.56877, -38.48409 ], [ -71.56865, -38.48357 ], [ -71.56872, -38.48341 ], [ -71.56986, -38.48274 ], [ -71.57012, -38.48281 ], [ -71.57083, -38.48324 ], [ -71.57119, -38.48332 ], [ -71.57158, -38.48279 ], [ -71.57179, -38.48273 ], [ -71.57216, -38.48292 ], [ -71.57245, -38.48292 ], [ -71.57307, -38.48313 ], [ -71.5734, -38.48317 ], [ -71.57373, -38.48306 ], [ -71.57378, -38.48297 ], [ -71.57371, -38.48265 ], [ -71.57413, -38.48202 ], [ -71.57442, -38.48136 ], [ -71.57466, -38.48114 ], [ -71.57519, -38.4809 ], [ -71.5752, -38.48065 ], [ -71.57496, -38.48033 ], [ -71.57491, -38.48011 ], [ -71.57522, -38.47966 ] ] } },
{ "type": "Feature", "properties": { "osm_id": 634176198, "nombre": "Sin nombre", "tipo": "river", "volcan_codigo": "LON", "volcan_nombre": "Lonquimay", "drena_volcan": false }, "geometry": { "type": "LineString", "coordinates": [ [ -71.55801, -38.27148 ], [ -71.55824, -38.27157 ], [ -71.55862, -38.2722 ], [ -71.55867, -38.27282 ], [ -71.55847, -38.27346 ], [ -71.55902, -38.27415 ], [ -71.55902, -38.2744 ], [ -71.5589, -38.27456 ], [ -71.55906, -38.27546 ], [ -71.55928, -38.27584 ], [ -71.55955, -38.27603 ], [ -71.56005, -38.27619 ], [ -71.56004, -38.27653 ], [ -71.56013, -38.27667 ], [ -71.56086, -38.27691 ], [ -71.56097, -38.27704 ], [ -71.56098, -38.27721 ], [ -71.56125, -38.27746 ], [ -71.56133, -38.2779 ], [ -71.56192, -38.27823 ], [ -71.56204, -38.27837 ], [ -71.56215, -38.27865 ], [ -71.56193, -38.27916 ], [ -71.56222, -38.27935 ], [ -71.56279, -38.27945 ], [ -71.56313, -38.27965 ], [ -71.56319, -38.27982 ], [ -71.56312, -38.28008 ], [ -71.56325, -38.28027 ], [ -71.56385, -38.28064 ], [ -71.56417, -38.28096 ], [ -71.56417, -38.28177 ], [ -71.56447, -38.28204 ], [ -71.56463, -38.28243 ], [ -71.565, -38.28282 ], [ -71.56508, -38.2833 ], [ -71.56503, -38.28354 ], [ -71.5651, -38.28374 ], [ -71.5655, -38.28423 ], [ -71.56554, -38.2844 ], [ -71.56534, -38.28464 ], [ -71.56551, -38.28495 ], [ -71.5654, -38.28521 ], [ -71.56552, -38.28582 ], [ -71.5658, -38.28597 ], [ -71.56614, -38.28649 ], [ -71.56647, -38.28678 ], [ -71.56658, -38.28697 ], [ -71.56662, -38.28744 ], [ -71.56685, -38.28763 ], [ -71.56771, -38.28778 ], [ -71.56805, -38.28815 ], [ -71.56849, -38.28829 ], [ -71.56871, -38.28871 ], [ -71.5695, -38.28945 ], [ -71.57008, -38.28954 ], [ -71.57054, -38.28972 ], [ -71.57073, -38.2903 ], [ -71.57133, -38.29068 ], [ -71.57142, -38.29092 ], [ -71.57139, -38.29107 ], [ -71.57068, -38.29183 ], [ -71.57043, -38.2925 ], [ -71.5699, -38.29311 ], [ -71.56985, -38.29327 ], [ -71.57033, -38.29411 ], [ -71.57025, -38.2944 ], [ -71.56969, -38.29495 ], [ -71.56964, -38.2951 ], [ -71.56983, -38.29541 ], [ -71.56985, -38.29579 ], [ -71.56941, -38.29646 ], [ -71.5694, -38.29669 ], [ -71.56955, -38.29688 ], [ -71.57016, -38.29719 ], [ -71.57185, -38.29741 ], [ -71.57215, -38.29735 ], [ -71.57306, -38.29687 ], [ -71.5733, -38.2965 ], [ -71.57363, -38.29641 ], [ -71.57393, -38.29648 ], [ -71.5741, -38.29672 ], [ -71.57415, -38.29732 ], [ -71.57444, -38.29772 ], [ -71.57501, -38.29793 ], [ -71.57578, -38.29791 ], [ -71.57641, -38.29809 ], [ -71.57662, -38.2982 ], [ -71.57712, -38.29872 ], [ -71.57837, -38.29937 ], [ -71.57942, -38.30041 ], [ -71.58032, -38.30093 ], [ -71.58116, -38.30109 ], [ -71.58135, -38.3012 ], [ -71.58154, -38.30146 ], [ -71.58154, -38.30211 ], [ -71.58163, -38.30225 ], [ -71.58228, -38.30262 ], [ -71.58267, -38.30304 ], [ -71.58309, -38.30308 ], [ -71.58378, -38.30286 ], [ -71.58612, -38.30288 ], [ -71.58631, -38.30292 ], [ -71.58691, -38.30325 ], [ -71.58854, -38.30311 ], [ -71.5892, -38.30339 ], [ -71.58952, -38.30344 ], [ -71.59091, -38.30317 ], [ -71.59123, -38.3034 ], [ -71.59136, -38.30367 ], [ -71.59176, -38.30411 ], [ -71.59235, -38.30429 ] ] } },
{ "type": "Feature", "properties": { "osm_id": 634176200, "nombre": "Río Nalcas", "tipo": "river", "volcan_codigo": "LON", "volcan_nombre": "Lonquimay", "drena_volcan": false }, "geometry": { "type": "LineString", "coordinates": [ [ -71.5622, -38.27134 ], [ -71.56187, -38.27126 ], [ -71.56134, -38.27134 ], [ -71.56049, -38.27131 ], [ -71.56021, -38.27115 ], [ -71.56009, -38.27089 ], [ -71.55974, -38.27085 ], [ -71.5592, -38.27098 ], [ -71.55876, -38.27134 ], [ -71.55845, -38.27144 ], [ -71.5576, -38.27144 ], [ -71.55706, -38.27131 ], [ -71.55693, -38.27116 ], [ -71.55673, -38.27061 ], [ -71.55646, -38.27048 ], [ -71.55546, -38.27035 ], [ -71.55518, -38.27024 ], [ -71.55444, -38.26939 ], [ -71.55322, -38.26909 ], [ -71.55312, -38.26895 ], [ -71.55316, -38.26833 ], [ -71.55258, -38.26765 ], [ -71.55242, -38.26726 ], [ -71.55244, -38.26699 ], [ -71.55226, -38.26666 ], [ -71.55189, -38.26647 ], [ -71.55153, -38.26606 ], [ -71.55095, -38.2659 ], [ -71.55006, -38.26608 ], [ -71.54966, -38.26597 ], [ -71.54918, -38.2657 ], [ -71.54871, -38.26563 ], [ -71.54674, -38.26592 ], [ -71.54577, -38.26616 ], [ -71.54529, -38.26637 ], [ -71.54471, -38.26687 ], [ -71.54402, -38.26729 ], [ -71.54352, -38.26774 ], [ -71.54298, -38.268 ], [ -71.54225, -38.2682 ], [ -71.54187, -38.26825 ], [ -71.54127, -38.2682 ], [ -71.54037, -38.26793 ], [ -71.53995, -38.26797 ], [ -71.53956, -38.26813 ], [ -71.53877, -38.26779 ], [ -71.53852, -38.26776 ], [ -71.53771, -38.26781 ], [ -71.53698, -38.26813 ], [ -71.53574, -38.26801 ], [ -71.53382, -38.26811 ], [ -71.53282, -38.26826 ], [ -71.53104, -38.26824 ], [ -71.53083, -38.26819 ], [ -71.53022, -38.26773 ], [ -71.5299, -38.26768 ], [ -71.5289, -38.26803 ], [ -71.52803, -38.26799 ], [ -71.52733, -38.26854 ], [ -71.5265, -38.26883 ], [ -71.52618, -38.26882 ], [ -71.52563, -38.26866 ], [ -71.52465, -38.26874 ], [ -71.52358, -38.26909 ], [ -71.52266, -38.26977 ], [ -71.52198, -38.26999 ], [ -71.52094, -38.26993 ], [ -71.51998, -38.26974 ], [ -71.51812, -38.26976 ], [ -71.5179, -38.26952 ], [ -71.51748, -38.26928 ], [ -71.51687, -38.26919 ], [ -71.51664, -38.26925 ], [ -71.51604, -38.26998 ], [ -71.51534, -38.27059 ], [ -71.51471, -38.27079 ], [ -71.51433, -38.27061 ], [ -71.514, -38.27027 ], [ -71.51389, -38.26975 ], [ -71.51389, -38.26895 ], [ -71.51378, -38.2686 ], [ -71.5136, -38.26834 ], [ -71.51305, -38.26794 ], [ -71.51296, -38.26774 ], [ -71.51302, -38.26621 ], [ -71.51292, -38.26503 ], [ -71.51264, -38.26436 ], [ -71.51227, -38.26383 ], [ -71.51145, -38.26305 ], [ -71.511, -38.26303 ], [ -71.51044, -38.26335 ], [ -71.51025, -38.26356 ], [ -71.51009, -38.2636 ], [ -71.50903, -38.26361 ], [ -71.50819, -38.26399 ], [ -71.50731, -38.26416 ], [ -71.50672, -38.26419 ], [ -71.50548, -38.26476 ], [ -71.50473, -38.26457 ], [ -71.504, -38.26427 ], [ -71.50355, -38.26426 ], [ -71.50278, -38.26454 ], [ -71.50179, -38.26422 ], [ -71.5016, -38.26397 ], [ -71.50141, -38.26332 ], [ -71.50101, -38.26288 ] ] } },
{ "type": "Feature", "properties": { "osm_id": 634203607, "nombre": "Sin nombre", "tipo": "river", "volcan_codigo": "LON", "volcan_nombre": "Lonquimay", "drena_volcan": true }, "geometry": { "type": "LineString", "coordinates": [ [ -71.47504, -38.27671 ], [ -71.47542, -38.27556 ], [ -71.47554, -38.2742 ], [ -71.47565, -38.27395 ], [ -71.47587, -38.27357 ], [ -71.47675, -38.27313 ], [ -71.47696, -38.27285 ], [ -71.47638, -38.27156 ], [ -71.47565, -38.27062 ], [ -71.47539, -38.26992 ], [ -71.47529, -38.2694 ], [ -71.4755, -38.26764 ], [ -71.47544, -38.26665 ], [ -71.4757, -38.266 ], [ -71.47563, -38.26563 ], [ -71.47595, -38.26437 ], [ -71.4758, -38.26374 ], [ -71.47565, -38.26349 ], [ -71.47432, -38.26296 ], [ -71.47389, -38.26257 ], [ -71.47352, -38.26115 ], [ -71.47298, -38.26047 ], [ -71.47286, -38.26015 ], [ -71.47257, -38.25983 ], [ -71.4724, -38.25939 ], [ -71.47204, -38.25911 ], [ -71.47165, -38.25859 ], [ -71.47145, -38.25855 ], [ -71.47087, -38.25871 ], [ -71.47034, -38.25837 ], [ -71.46993, -38.25823 ] ] } },
{ "type": "Feature", "properties": { "osm_id": 675219962, "nombre": "Sin nombre", "tipo": "stream", "volcan_codigo": "LON", "volcan_nombre": "Lonquimay", "drena_volcan": false }, "geometry": { "type": "LineString", "coordinates": [ [ -71.634, -38.76671 ], [ -71.63361, -38.76678 ], [ -71.63341, -38.76704 ], [ -71.63345, -38.76726 ], [ -71.63307, -38.76747 ], [ -71.63306, -38.76778 ], [ -71.63292, -38.76805 ], [ -71.63304, -38.7682 ], [ -71.63292, -38.76851 ], [ -71.63306, -38.76914 ], [ -71.633, -38.76962 ], [ -71.63277, -38.7699 ], [ -71.63285, -38.77021 ], [ -71.63245, -38.77042 ] ] } },
{ "type": "Feature", "properties": { "osm_id": 681517615, "nombre": "Sin nombre", "tipo": "stream", "volcan_codigo": "LON", "volcan_nombre": "Lonquimay", "drena_volcan": false }, "geometry": { "type": "LineString", "coordinates": [ [ -71.50659, -38.60636 ], [ -71.50671, -38.60632 ], [ -71.50681, -38.60615 ], [ -71.50698, -38.60616 ], [ -71.50717, -38.60598 ], [ -71.50693, -38.60586 ], [ -71.50693, -38.60559 ], [ -71.50703, -38.60546 ], [ -71.50684, -38.6053 ] ] } },
{ "type": "Feature", "properties": { "osm_id": 681517616, "nombre": "Río Punta Negra", "tipo": "river", "volcan_codigo": "LON", "volcan_nombre": "Lonquimay", "drena_volcan": false }, "geometry": { "type": "LineString", "coordinates": [ [ -71.49362, -38.56635 ], [ -71.49284, -38.56634 ], [ -71.49239, -38.56624 ], [ -71.49181, -38.56585 ], [ -71.49114, -38.56568 ], [ -71.49039, -38.56538 ], [ -71.48905, -38.56449 ], [ -71.488, -38.56411 ], [ -71.48758, -38.56381 ], [ -71.48691, -38.56306 ], [ -71.48659, -38.56286 ], [ -71.48493, -38.56224 ], [ -71.48399, -38.56219 ], [ -71.48241, -38.56168 ], [ -71.4814, -38.56113 ], [ -71.4809, -38.56043 ], [ -71.47973, -38.55985 ], [ -71.47769, -38.5594 ], [ -71.47714, -38.55946 ], [ -71.47685, -38.5594 ], [ -71.4758, -38.55868 ], [ -71.47548, -38.55722 ], [ -71.4752, -38.557 ], [ -71.47445, -38.55674 ], [ -71.47303, -38.55567 ], [ -71.472, -38.55547 ], [ -71.47074, -38.55508 ], [ -71.46897, -38.55488 ], [ -71.46822, -38.55511 ], [ -71.46755, -38.55516 ], [ -71.46654, -38.55494 ], [ -71.46525, -38.55442 ], [ -71.4635, -38.55437 ], [ -71.46166, -38.55406 ], [ -71.45939, -38.55322 ], [ -71.45834, -38.55265 ], [ -71.45709, -38.55223 ], [ -71.45542, -38.55121 ], [ -71.45453, -38.55084 ], [ -71.45357, -38.55058 ], [ -71.45156, -38.54972 ], [ -71.44931, -38.54846 ], [ -71.44886, -38.54836 ], [ -71.44768, -38.54843 ], [ -71.44741, -38.5483 ], [ -71.44705, -38.54788 ], [ -71.44656, -38.5477 ], [ -71.446, -38.54767 ], [ -71.44449, -38.54787 ], [ -71.44375, -38.54755 ], [ -71.44265, -38.54685 ], [ -71.44194, -38.5466 ], [ -71.44044, -38.54658 ], [ -71.43933, -38.54622 ], [ -71.43803, -38.54656 ], [ -71.43747, -38.54705 ], [ -71.43708, -38.54716 ], [ -71.43503, -38.54695 ], [ -71.43448, -38.54679 ], [ -71.43258, -38.54553 ], [ -71.43235, -38.54516 ], [ -71.43216, -38.54452 ], [ -71.43204, -38.54433 ], [ -71.43095, -38.54428 ], [ -71.4305, -38.54455 ], [ -71.43004, -38.54462 ], [ -71.42936, -38.54423 ], [ -71.42928, -38.54408 ], [ -71.42932, -38.54385 ], [ -71.42974, -38.54342 ], [ -71.4301, -38.54278 ], [ -71.43007, -38.54229 ], [ -71.42979, -38.54195 ], [ -71.42918, -38.54174 ], [ -71.42888, -38.54177 ], [ -71.42852, -38.54196 ], [ -71.42824, -38.54197 ], [ -71.42723, -38.54143 ], [ -71.42674, -38.54091 ], [ -71.42673, -38.54068 ], [ -71.42696, -38.54019 ], [ -71.42693, -38.54004 ], [ -71.42664, -38.53974 ], [ -71.42646, -38.5397 ], [ -71.42617, -38.5398 ], [ -71.42589, -38.54019 ], [ -71.42573, -38.54028 ], [ -71.42548, -38.54035 ], [ -71.42527, -38.54029 ], [ -71.42501, -38.53986 ], [ -71.42502, -38.53941 ], [ -71.4251, -38.53931 ], [ -71.42605, -38.53903 ], [ -71.42613, -38.53878 ], [ -71.42604, -38.53852 ], [ -71.42551, -38.5382 ], [ -71.42473, -38.53806 ], [ -71.42432, -38.5382 ], [ -71.42403, -38.53854 ], [ -71.42373, -38.53861 ], [ -71.42348, -38.53848 ], [ -71.42323, -38.53818 ], [ -71.42281, -38.5379 ], [ -71.42226, -38.53723 ], [ -71.42128, -38.53705 ], [ -71.42086, -38.53718 ], [ -71.42059, -38.53738 ] ] } },
{ "type": "Feature", "properties": { "osm_id": 681517617, "nombre": "Río Punta Negra", "tipo": "stream", "volcan_codigo": "LON", "volcan_nombre": "Lonquimay", "drena_volcan": false }, "geometry": { "type": "LineString", "coordinates": [ [ -71.5521, -38.59583 ], [ -71.55171, -38.59568 ], [ -71.55082, -38.59567 ], [ -71.55002, -38.59544 ], [ -71.54984, -38.59528 ] ] } },
{ "type": "Feature", "properties": { "osm_id": 681517618, "nombre": "Sin nombre", "tipo": "stream", "volcan_codigo": "LON", "volcan_nombre": "Lonquimay", "drena_volcan": false }, "geometry": { "type": "LineString", "coordinates": [ [ -71.55323, -38.59773 ], [ -71.55296, -38.59735 ], [ -71.55291, -38.59705 ], [ -71.55246, -38.59624 ], [ -71.55227, -38.59612 ], [ -71.55174, -38.59609 ], [ -71.55107, -38.59569 ] ] } },
{ "type": "Feature", "properties": { "osm_id": 681517619, "nombre": "Sin nombre", "tipo": "stream", "volcan_codigo": "LON", "volcan_nombre": "Lonquimay", "drena_volcan": false }, "geometry": { "type": "LineString", "coordinates": [ [ -71.50732, -38.58389 ], [ -71.50787, -38.58369 ], [ -71.50837, -38.58336 ], [ -71.50996, -38.58296 ], [ -71.5106, -38.58266 ], [ -71.51133, -38.58266 ], [ -71.51181, -38.58253 ], [ -71.51222, -38.58256 ] ] } },
{ "type": "Feature", "properties": { "osm_id": 681517620, "nombre": "Sin nombre", "tipo": "stream", "volcan_codigo": "LON", "volcan_nombre": "Lonquimay", "drena_volcan": false }, "geometry": { "type": "LineString", "coordinates": [ [ -71.55887, -38.56555 ], [ -71.55751, -38.56627 ], [ -71.55665, -38.56652 ], [ -71.55575, -38.56641 ], [ -71.55472, -38.56592 ], [ -71.55416, -38.56555 ], [ -71.55397, -38.56512 ] ] } },
{ "type": "Feature", "properties": { "osm_id": 681517621, "nombre": "Sin nombre", "tipo": "stream", "volcan_codigo": "LON", "volcan_nombre": "Lonquimay", "drena_volcan": false }, "geometry": { "type": "LineString", "coordinates": [ [ -71.56565, -38.5682 ], [ -71.56502, -38.56796 ], [ -71.56422, -38.5675 ], [ -71.56349, -38.56727 ], [ -71.56189, -38.56658 ], [ -71.5616, -38.56627 ], [ -71.56123, -38.56604 ], [ -71.56079, -38.56583 ], [ -71.56014, -38.56568 ], [ -71.55978, -38.56543 ], [ -71.55917, -38.56545 ], [ -71.55839, -38.56566 ], [ -71.5581, -38.56562 ], [ -71.55745, -38.56576 ], [ -71.55661, -38.56578 ], [ -71.55557, -38.56558 ], [ -71.55514, -38.56519 ], [ -71.55397, -38.56512 ], [ -71.55349, -38.56469 ], [ -71.55234, -38.56431 ], [ -71.55164, -38.56441 ], [ -71.55092, -38.56431 ], [ -71.55053, -38.56446 ], [ -71.5493, -38.56464 ] ] } },
{ "type": "Feature", "properties": { "osm_id": 681517622, "nombre": "Sin nombre", "tipo": "stream", "volcan_codigo": "LON", "volcan_nombre": "Lonquimay", "drena_volcan": false }, "geometry": { "type": "LineString", "coordinates": [ [ -71.57123, -38.57101 ], [ -71.57054, -38.5708 ], [ -71.57029, -38.57091 ], [ -71.56976, -38.57093 ], [ -71.56943, -38.57104 ], [ -71.56819, -38.57076 ], [ -71.56802, -38.57058 ], [ -71.56762, -38.57047 ], [ -71.56737, -38.5703 ], [ -71.56728, -38.56986 ], [ -71.56694, -38.56969 ], [ -71.56666, -38.56928 ], [ -71.5662, -38.56902 ], [ -71.56477, -38.56919 ], [ -71.56399, -38.56887 ], [ -71.5638, -38.56896 ], [ -71.56337, -38.56894 ], [ -71.56299, -38.56918 ], [ -71.56249, -38.56923 ], [ -71.56229, -38.56914 ], [ -71.56188, -38.56915 ], [ -71.56095, -38.56927 ], [ -71.56079, -38.56919 ], [ -71.56051, -38.56922 ], [ -71.55951, -38.56901 ], [ -71.55909, -38.56878 ], [ -71.55849, -38.56879 ], [ -71.55789, -38.56847 ], [ -71.55743, -38.56845 ], [ -71.55696, -38.56828 ], [ -71.55655, -38.56828 ], [ -71.55631, -38.5684 ], [ -71.55585, -38.56844 ], [ -71.5553, -38.56826 ], [ -71.55499, -38.56799 ], [ -71.55443, -38.56792 ], [ -71.55418, -38.56781 ], [ -71.55347, -38.5678 ], [ -71.55319, -38.56795 ], [ -71.55297, -38.56798 ], [ -71.55237, -38.56782 ], [ -71.55112, -38.56771 ] ] } },
{ "type": "Feature", "properties": { "osm_id": 681517623, "nombre": "Sin nombre", "tipo": "stream", "volcan_codigo": "LON", "volcan_nombre": "Lonquimay", "drena_volcan": false }, "geometry": { "type": "LineString", "coordinates": [ [ -71.56505, -38.58405 ], [ -71.56442, -38.58407 ], [ -71.56385, -38.58388 ], [ -71.56364, -38.58391 ], [ -71.56332, -38.58365 ], [ -71.56319, -38.58342 ], [ -71.56319, -38.5832 ], [ -71.56301, -38.5828 ] ] } },
{ "type": "Feature", "properties": { "osm_id": 681517624, "nombre": "Sin nombre", "tipo": "stream", "volcan_codigo": "LON", "volcan_nombre": "Lonquimay", "drena_volcan": false }, "geometry": { "type": "LineString", "coordinates": [ [ -71.57364, -38.58568 ], [ -71.57335, -38.58575 ], [ -71.57165, -38.58581 ], [ -71.57093, -38.58529 ] ] } },
{ "type": "Feature", "properties": { "osm_id": 681517625, "nombre": "Sin nombre", "tipo": "stream", "volcan_codigo": "LON", "volcan_nombre": "Lonquimay", "drena_volcan": false }, "geometry": { "type": "LineString", "coordinates": [ [ -71.57186, -38.58912 ], [ -71.57139, -38.58855 ], [ -71.57069, -38.58831 ], [ -71.57035, -38.58802 ], [ -71.56941, -38.58771 ], [ -71.56871, -38.5872 ], [ -71.5681, -38.58711 ], [ -71.56763, -38.58693 ], [ -71.5671, -38.58703 ], [ -71.56636, -38.58705 ] ] } },
{ "type": "Feature", "properties": { "osm_id": 681517626, "nombre": "Sin nombre", "tipo": "stream", "volcan_codigo": "LON", "volcan_nombre": "Lonquimay", "drena_volcan": false }, "geometry": { "type": "LineString", "coordinates": [ [ -71.57263, -38.58958 ], [ -71.57237, -38.58935 ], [ -71.57211, -38.58931 ], [ -71.5719, -38.58913 ], [ -71.57145, -38.58902 ], [ -71.57085, -38.58901 ], [ -71.56948, -38.58852 ], [ -71.56886, -38.58791 ], [ -71.56771, -38.58714 ], [ -71.56686, -38.58719 ], [ -71.56616, -38.58703 ], [ -71.56569, -38.58743 ], [ -71.56518, -38.58741 ], [ -71.56477, -38.58775 ], [ -71.56417, -38.58784 ], [ -71.56383, -38.58751 ], [ -71.56392, -38.58717 ], [ -71.56342, -38.587 ], [ -71.56316, -38.58685 ], [ -71.56305, -38.58664 ], [ -71.56248, -38.58638 ], [ -71.56145, -38.5868 ], [ -71.56093, -38.5867 ], [ -71.56031, -38.5864 ], [ -71.55974, -38.58628 ], [ -71.55877, -38.58629 ], [ -71.55844, -38.58619 ], [ -71.55814, -38.58628 ], [ -71.55787, -38.58626 ], [ -71.55737, -38.5859 ], [ -71.55738, -38.58565 ], [ -71.55723, -38.58544 ], [ -71.55696, -38.58526 ], [ -71.5567, -38.58487 ], [ -71.55598, -38.58448 ], [ -71.55573, -38.58419 ], [ -71.55554, -38.58411 ], [ -71.55452, -38.58413 ], [ -71.5542, -38.58394 ], [ -71.55379, -38.5835 ], [ -71.55305, -38.58306 ], [ -71.55246, -38.58302 ], [ -71.55123, -38.58332 ], [ -71.55036, -38.58321 ], [ -71.5492, -38.58335 ], [ -71.54845, -38.58259 ], [ -71.54812, -38.58253 ], [ -71.54776, -38.58275 ], [ -71.5474, -38.58278 ], [ -71.5472, -38.58262 ], [ -71.54684, -38.58254 ], [ -71.54579, -38.58196 ], [ -71.54543, -38.58184 ], [ -71.54501, -38.5814 ], [ -71.54377, -38.58112 ], [ -71.54326, -38.5812 ], [ -71.54184, -38.58212 ], [ -71.54136, -38.58263 ], [ -71.54093, -38.58289 ], [ -71.54037, -38.58309 ], [ -71.53994, -38.58351 ], [ -71.53919, -38.58392 ], [ -71.53887, -38.58396 ], [ -71.53856, -38.58385 ], [ -71.53817, -38.58399 ], [ -71.53772, -38.58389 ], [ -71.5371, -38.58391 ], [ -71.53673, -38.58411 ], [ -71.53599, -38.58473 ], [ -71.53473, -38.58493 ], [ -71.53431, -38.58508 ] ] } },
{ "type": "Feature", "properties": { "osm_id": 681517627, "nombre": "Sin nombre", "tipo": "stream", "volcan_codigo": "LON", "volcan_nombre": "Lonquimay", "drena_volcan": false }, "geometry": { "type": "LineString", "coordinates": [ [ -71.56406, -38.58117 ], [ -71.56326, -38.58093 ] ] } },
{ "type": "Feature", "properties": { "osm_id": 681517628, "nombre": "Sin nombre", "tipo": "stream", "volcan_codigo": "LON", "volcan_nombre": "Lonquimay", "drena_volcan": false }, "geometry": { "type": "LineString", "coordinates": [ [ -71.56928, -38.58162 ], [ -71.56917, -38.58167 ], [ -71.56912, -38.58192 ], [ -71.56886, -38.58192 ], [ -71.56759, -38.58133 ], [ -71.56695, -38.5813 ], [ -71.56667, -38.58108 ], [ -71.56601, -38.58103 ], [ -71.5652, -38.58108 ], [ -71.56479, -38.58099 ], [ -71.5636, -38.58126 ] ] } },
{ "type": "Feature", "properties": { "osm_id": 681517629, "nombre": "Sin nombre", "tipo": "stream", "volcan_codigo": "LON", "volcan_nombre": "Lonquimay", "drena_volcan": false }, "geometry": { "type": "LineString", "coordinates": [ [ -71.57408, -38.58022 ], [ -71.57386, -38.58016 ], [ -71.57285, -38.58037 ], [ -71.57211, -38.58014 ], [ -71.57186, -38.58017 ], [ -71.57125, -38.57988 ], [ -71.57091, -38.57996 ], [ -71.57056, -38.57987 ], [ -71.57024, -38.57996 ], [ -71.57002, -38.57975 ], [ -71.56977, -38.5797 ], [ -71.56915, -38.57976 ], [ -71.56833, -38.57964 ], [ -71.56766, -38.57972 ], [ -71.56678, -38.57937 ], [ -71.56602, -38.57927 ], [ -71.56574, -38.57914 ], [ -71.56569, -38.57876 ], [ -71.56528, -38.5784 ], [ -71.56497, -38.57777 ], [ -71.56473, -38.57748 ], [ -71.5639, -38.57722 ], [ -71.56377, -38.5771 ], [ -71.56363, -38.57674 ], [ -71.56316, -38.57651 ], [ -71.56271, -38.57614 ], [ -71.56214, -38.57604 ], [ -71.5615, -38.57622 ], [ -71.56038, -38.57633 ], [ -71.55927, -38.57585 ], [ -71.55876, -38.57585 ] ] } },
{ "type": "Feature", "properties": { "osm_id": 681517630, "nombre": "Sin nombre", "tipo": "stream", "volcan_codigo": "LON", "volcan_nombre": "Lonquimay", "drena_volcan": false }, "geometry": { "type": "LineString", "coordinates": [ [ -71.56341, -38.58121 ], [ -71.56317, -38.58083 ], [ -71.56259, -38.58058 ], [ -71.56233, -38.58024 ], [ -71.56163, -38.58001 ], [ -71.5613, -38.5798 ], [ -71.5612, -38.57961 ], [ -71.56057, -38.57933 ], [ -71.56, -38.57889 ], [ -71.55895, -38.57831 ], [ -71.55873, -38.57772 ], [ -71.55842, -38.5775 ], [ -71.55844, -38.57733 ], [ -71.55828, -38.57718 ], [ -71.5582, -38.57686 ], [ -71.55865, -38.57637 ], [ -71.55878, -38.57604 ], [ -71.55876, -38.57585 ] ] } },
{ "type": "Feature", "properties": { "osm_id": 681517631, "nombre": "Sin nombre", "tipo": "stream", "volcan_codigo": "LON", "volcan_nombre": "Lonquimay", "drena_volcan": false }, "geometry": { "type": "LineString", "coordinates": [ [ -71.54911, -38.58833 ], [ -71.54879, -38.58855 ], [ -71.54734, -38.58911 ], [ -71.5445, -38.58906 ], [ -71.54311, -38.58867 ], [ -71.54258, -38.58878 ], [ -71.54175, -38.58924 ], [ -71.54102, -38.58944 ] ] } },
{ "type": "Feature", "properties": { "osm_id": 681517632, "nombre": "Sin nombre", "tipo": "stream", "volcan_codigo": "LON", "volcan_nombre": "Lonquimay", "drena_volcan": false }, "geometry": { "type": "LineString", "coordinates": [ [ -71.50866, -38.58705 ], [ -71.50943, -38.58652 ], [ -71.51013, -38.58624 ], [ -71.51072, -38.58587 ], [ -71.51128, -38.5857 ], [ -71.51218, -38.58503 ], [ -71.51298, -38.58462 ], [ -71.51322, -38.58446 ], [ -71.51342, -38.58414 ], [ -71.51393, -38.58361 ] ] } },
{ "type": "Feature", "properties": { "osm_id": 681517633, "nombre": "Sin nombre", "tipo": "stream", "volcan_codigo": "LON", "volcan_nombre": "Lonquimay", "drena_volcan": false }, "geometry": { "type": "LineString", "coordinates": [ [ -71.49303, -38.58004 ], [ -71.49346, -38.57928 ], [ -71.49451, -38.57905 ], [ -71.49497, -38.57863 ], [ -71.49555, -38.57831 ], [ -71.49582, -38.57773 ], [ -71.49627, -38.57736 ], [ -71.49677, -38.57671 ], [ -71.49698, -38.57659 ] ] } },
{ "type": "Feature", "properties": { "osm_id": 681517634, "nombre": "Sin nombre", "tipo": "stream", "volcan_codigo": "LON", "volcan_nombre": "Lonquimay", "drena_volcan": false }, "geometry": { "type": "LineString", "coordinates": [ [ -71.48696, -38.58396 ], [ -71.48792, -38.58397 ], [ -71.48848, -38.58414 ], [ -71.4889, -38.58412 ], [ -71.48943, -38.58395 ], [ -71.48997, -38.5839 ], [ -71.49106, -38.58349 ], [ -71.49137, -38.58326 ], [ -71.49153, -38.58302 ], [ -71.49156, -38.58248 ], [ -71.49188, -38.58203 ], [ -71.49199, -38.58161 ], [ -71.49246, -38.58126 ], [ -71.49276, -38.58108 ], [ -71.49336, -38.58096 ], [ -71.494, -38.58058 ], [ -71.4947, -38.58035 ], [ -71.49548, -38.57972 ], [ -71.49644, -38.57947 ], [ -71.4971, -38.57918 ], [ -71.49775, -38.57869 ] ] } },
{ "type": "Feature", "properties": { "osm_id": 681517635, "nombre": "Sin nombre", "tipo": "stream", "volcan_codigo": "LON", "volcan_nombre": "Lonquimay", "drena_volcan": false }, "geometry": { "type": "LineString", "coordinates": [ [ -71.4977, -38.60301 ], [ -71.49827, -38.6029 ], [ -71.49888, -38.60236 ], [ -71.49976, -38.60217 ], [ -71.50057, -38.60165 ], [ -71.5012, -38.60139 ], [ -71.50165, -38.60087 ], [ -71.50221, -38.59994 ] ] } },
{ "type": "Feature", "properties": { "osm_id": 681517636, "nombre": "Estero Seco", "tipo": "stream", "volcan_codigo": "LON", "volcan_nombre": "Lonquimay", "drena_volcan": false }, "geometry": { "type": "LineString", "coordinates": [ [ -71.52423, -38.6054 ], [ -71.52347, -38.60539 ], [ -71.52236, -38.60575 ], [ -71.52183, -38.60605 ], [ -71.52154, -38.60645 ], [ -71.52119, -38.60663 ], [ -71.52029, -38.6074 ], [ -71.51947, -38.60757 ], [ -71.51881, -38.60747 ], [ -71.51777, -38.6077 ], [ -71.5173, -38.60772 ], [ -71.51653, -38.6075 ], [ -71.51569, -38.60746 ], [ -71.51556, -38.60736 ], [ -71.51481, -38.60727 ], [ -71.51438, -38.60711 ], [ -71.51376, -38.60715 ], [ -71.5135, -38.607 ], [ -71.51315, -38.60693 ], [ -71.51294, -38.60677 ], [ -71.51294, -38.60642 ], [ -71.5127, -38.60627 ], [ -71.51263, -38.60608 ], [ -71.51209, -38.60577 ], [ -71.51162, -38.60563 ], [ -71.51145, -38.60568 ], [ -71.51133, -38.60585 ], [ -71.51107, -38.60593 ], [ -71.51092, -38.60608 ], [ -71.51057, -38.60608 ], [ -71.51035, -38.60632 ], [ -71.50996, -38.60632 ], [ -71.50959, -38.60654 ], [ -71.50888, -38.60654 ], [ -71.50863, -38.60635 ], [ -71.50831, -38.60588 ], [ -71.50752, -38.60543 ], [ -71.50709, -38.60527 ], [ -71.50662, -38.60531 ], [ -71.50675, -38.60516 ], [ -71.50644, -38.60494 ], [ -71.50649, -38.60481 ], [ -71.50635, -38.60475 ], [ -71.50634, -38.60456 ], [ -71.50616, -38.6045 ], [ -71.50609, -38.60433 ], [ -71.50586, -38.60436 ], [ -71.50557, -38.60426 ], [ -71.50536, -38.60432 ], [ -71.50499, -38.60414 ], [ -71.50438, -38.60329 ], [ -71.50446, -38.60291 ], [ -71.50427, -38.60251 ], [ -71.50421, -38.60207 ], [ -71.50407, -38.60194 ], [ -71.50341, -38.60175 ], [ -71.50305, -38.60133 ], [ -71.50296, -38.60108 ], [ -71.50318, -38.60063 ], [ -71.50315, -38.60027 ], [ -71.50301, -38.60012 ], [ -71.50251, -38.60009 ], [ -71.50221, -38.59994 ], [ -71.50231, -38.59924 ], [ -71.50176, -38.59864 ], [ -71.50171, -38.59781 ], [ -71.50118, -38.59708 ], [ -71.50124, -38.59654 ], [ -71.50117, -38.59636 ], [ -71.50095, -38.59607 ], [ -71.5006, -38.5958 ], [ -71.50061, -38.59536 ], [ -71.50049, -38.59508 ], [ -71.50054, -38.59473 ], [ -71.50031, -38.59438 ], [ -71.49972, -38.59402 ], [ -71.49972, -38.59363 ], [ -71.49954, -38.59328 ], [ -71.49954, -38.59306 ], [ -71.49923, -38.59253 ], [ -71.49922, -38.59225 ], [ -71.49937, -38.59173 ], [ -71.49933, -38.59129 ], [ -71.49955, -38.59097 ], [ -71.49938, -38.59048 ], [ -71.49939, -38.59028 ], [ -71.49953, -38.58994 ], [ -71.50002, -38.58963 ], [ -71.50009, -38.58946 ], [ -71.49974, -38.5891 ], [ -71.49963, -38.5885 ], [ -71.49929, -38.58816 ], [ -71.49885, -38.58795 ], [ -71.49822, -38.58737 ], [ -71.49804, -38.58693 ], [ -71.49771, -38.58671 ], [ -71.49763, -38.58646 ], [ -71.49733, -38.58612 ], [ -71.49744, -38.58576 ], [ -71.49726, -38.58552 ], [ -71.49721, -38.58519 ], [ -71.49758, -38.58485 ], [ -71.49779, -38.58451 ], [ -71.49784, -38.58425 ], [ -71.49777, -38.58397 ], [ -71.49809, -38.5835 ], [ -71.4981, -38.58285 ], [ -71.49761, -38.58227 ], [ -71.49751, -38.58205 ], [ -71.49766, -38.58156 ], [ -71.49768, -38.58097 ], [ -71.4979, -38.58054 ], [ -71.49788, -38.5802 ], [ -71.49805, -38.57969 ], [ -71.49771, -38.57919 ], [ -71.49775, -38.57869 ], [ -71.49765, -38.57832 ], [ -71.49771, -38.57778 ], [ -71.49742, -38.57741 ], [ -71.49739, -38.57706 ], [ -71.49698, -38.57659 ], [ -71.49697, -38.57625 ], [ -71.49685, -38.57595 ], [ -71.4969, -38.57494 ], [ -71.49665, -38.57448 ], [ -71.4967, -38.5739 ], [ -71.49642, -38.5735 ], [ -71.49655, -38.57322 ], [ -71.49647, -38.57297 ], [ -71.4967, -38.57263 ], [ -71.49668, -38.5725 ], [ -71.49637, -38.5721 ], [ -71.49643, -38.57159 ], [ -71.49629, -38.57128 ], [ -71.49656, -38.5707 ], [ -71.49639, -38.57038 ], [ -71.49645, -38.57 ], [ -71.49626, -38.5696 ], [ -71.49598, -38.56929 ], [ -71.49558, -38.56926 ], [ -71.49539, -38.56914 ], [ -71.49524, -38.56809 ], [ -71.49506, -38.56784 ], [ -71.49416, -38.56724 ], [ -71.49395, -38.56695 ], [ -71.49326, -38.56656 ], [ -71.49319, -38.56636 ] ] } },
{ "type": "Feature", "properties": { "osm_id": 681517637, "nombre": "Sin nombre", "tipo": "stream", "volcan_codigo": "LON", "volcan_nombre": "Lonquimay", "drena_volcan": false }, "geometry": { "type": "LineString", "coordinates": [ [ -71.5099, -38.56561 ], [ -71.50942, -38.566 ], [ -71.50893, -38.56624 ], [ -71.50843, -38.56674 ], [ -71.50773, -38.56695 ], [ -71.50702, -38.56698 ], [ -71.50647, -38.56719 ], [ -71.50606, -38.56715 ], [ -71.50578, -38.56743 ], [ -71.50566, -38.56747 ] ] } },
{ "type": "Feature", "properties": { "osm_id": 681517638, "nombre": "Sin nombre", "tipo": "stream", "volcan_codigo": "LON", "volcan_nombre": "Lonquimay", "drena_volcan": false }, "geometry": { "type": "LineString", "coordinates": [ [ -71.50566, -38.56747 ], [ -71.50517, -38.56742 ], [ -71.50486, -38.56726 ], [ -71.50444, -38.56721 ], [ -71.50369, -38.5669 ], [ -71.5024, -38.56679 ], [ -71.50211, -38.56669 ], [ -71.50198, -38.5668 ], [ -71.50152, -38.56676 ], [ -71.50124, -38.56697 ], [ -71.50075, -38.56707 ], [ -71.50044, -38.56754 ], [ -71.50006, -38.56763 ], [ -71.49954, -38.56797 ] ] } },
{ "type": "Feature", "properties": { "osm_id": 681517640, "nombre": "Sin nombre", "tipo": "stream", "volcan_codigo": "LON", "volcan_nombre": "Lonquimay", "drena_volcan": false }, "geometry": { "type": "LineString", "coordinates": [ [ -71.53527, -38.56992 ], [ -71.53447, -38.57 ], [ -71.53397, -38.56988 ], [ -71.53265, -38.56991 ], [ -71.53209, -38.56965 ], [ -71.53122, -38.56967 ], [ -71.53088, -38.56958 ], [ -71.52947, -38.56881 ], [ -71.52843, -38.5687 ], [ -71.528, -38.56874 ], [ -71.52773, -38.56889 ], [ -71.52705, -38.56904 ], [ -71.52685, -38.56938 ], [ -71.52629, -38.56985 ], [ -71.52595, -38.56996 ], [ -71.52534, -38.57008 ], [ -71.52427, -38.57008 ], [ -71.52317, -38.56992 ], [ -71.52251, -38.56992 ], [ -71.52192, -38.57022 ], [ -71.52099, -38.57047 ], [ -71.52038, -38.57059 ], [ -71.51939, -38.57062 ], [ -71.51894, -38.57102 ], [ -71.51852, -38.57127 ], [ -71.51709, -38.57177 ], [ -71.51638, -38.57177 ], [ -71.51576, -38.57167 ], [ -71.51545, -38.57154 ], [ -71.51514, -38.57121 ], [ -71.51461, -38.57115 ], [ -71.5142, -38.57135 ], [ -71.51427, -38.57162 ], [ -71.51271, -38.57212 ], [ -71.51265, -38.5722 ], [ -71.51268, -38.5726 ], [ -71.51225, -38.57301 ], [ -71.51174, -38.5731 ], [ -71.5115, -38.57332 ], [ -71.51132, -38.5733 ], [ -71.51109, -38.57294 ], [ -71.51086, -38.57281 ], [ -71.50973, -38.57312 ], [ -71.5093, -38.57316 ] ] } },
{ "type": "Feature", "properties": { "osm_id": 681517641, "nombre": "Río Punta Negra", "tipo": "stream", "volcan_codigo": "LON", "volcan_nombre": "Lonquimay", "drena_volcan": false }, "geometry": { "type": "LineString", "coordinates": [ [ -71.56486, -38.59669 ], [ -71.56424, -38.59656 ], [ -71.56334, -38.59653 ], [ -71.56309, -38.59625 ], [ -71.56234, -38.59602 ], [ -71.56223, -38.59567 ], [ -71.56254, -38.59548 ], [ -71.56267, -38.59513 ], [ -71.56232, -38.59497 ], [ -71.56174, -38.59487 ], [ -71.56127, -38.59494 ], [ -71.56047, -38.59539 ], [ -71.55833, -38.59536 ], [ -71.55693, -38.59578 ], [ -71.55622, -38.59571 ], [ -71.55597, -38.59578 ], [ -71.55556, -38.59575 ], [ -71.55524, -38.59584 ], [ -71.55453, -38.59566 ], [ -71.55417, -38.59566 ], [ -71.55287, -38.59608 ], [ -71.55228, -38.59594 ], [ -71.55176, -38.59552 ], [ -71.55114, -38.59543 ], [ -71.55065, -38.59525 ], [ -71.55005, -38.59533 ], [ -71.54951, -38.5952 ], [ -71.54925, -38.59505 ], [ -71.54915, -38.59473 ], [ -71.54864, -38.59451 ], [ -71.54817, -38.59397 ], [ -71.54761, -38.59385 ], [ -71.54724, -38.59359 ], [ -71.54646, -38.5936 ], [ -71.5462, -38.59348 ], [ -71.54599, -38.59322 ], [ -71.54606, -38.59291 ], [ -71.546, -38.59268 ], [ -71.54443, -38.5922 ], [ -71.54375, -38.59183 ], [ -71.54347, -38.59158 ], [ -71.54342, -38.59111 ], [ -71.54333, -38.59098 ], [ -71.54282, -38.5906 ], [ -71.5423, -38.59054 ], [ -71.54186, -38.59028 ], [ -71.54173, -38.59014 ], [ -71.54168, -38.58985 ], [ -71.54137, -38.58958 ], [ -71.5409, -38.58938 ], [ -71.54046, -38.58868 ], [ -71.53992, -38.58835 ], [ -71.53895, -38.58794 ], [ -71.53874, -38.58756 ], [ -71.5376, -38.58725 ], [ -71.53706, -38.58723 ], [ -71.53636, -38.58705 ], [ -71.53615, -38.5867 ], [ -71.53617, -38.58643 ], [ -71.53591, -38.58603 ], [ -71.53459, -38.58536 ], [ -71.53431, -38.58508 ], [ -71.53352, -38.58539 ], [ -71.53293, -38.58552 ], [ -71.53274, -38.58536 ], [ -71.53274, -38.5851 ], [ -71.53262, -38.58488 ], [ -71.53175, -38.58469 ], [ -71.53147, -38.58451 ], [ -71.53139, -38.58434 ], [ -71.53122, -38.5843 ], [ -71.53045, -38.58451 ], [ -71.52986, -38.5842 ], [ -71.52915, -38.58425 ], [ -71.52859, -38.58414 ], [ -71.52722, -38.58445 ], [ -71.52531, -38.58449 ], [ -71.52502, -38.58463 ], [ -71.5246, -38.58511 ], [ -71.5237, -38.58591 ], [ -71.52309, -38.58632 ], [ -71.52268, -38.58643 ], [ -71.52211, -38.58673 ], [ -71.52181, -38.58674 ], [ -71.5215, -38.58657 ], [ -71.52096, -38.5865 ], [ -71.52072, -38.58628 ], [ -71.52033, -38.58617 ], [ -71.52007, -38.58617 ], [ -71.51916, -38.58654 ], [ -71.51852, -38.58659 ], [ -71.51785, -38.58622 ], [ -71.51698, -38.58606 ], [ -71.51666, -38.58577 ], [ -71.51617, -38.58554 ], [ -71.51586, -38.58523 ], [ -71.51544, -38.58504 ], [ -71.51485, -38.58429 ], [ -71.51393, -38.58361 ], [ -71.51294, -38.58312 ], [ -71.51261, -38.58281 ], [ -71.51229, -38.58264 ], [ -71.51222, -38.58256 ], [ -71.51226, -38.58215 ], [ -71.51183, -38.58203 ], [ -71.51161, -38.58183 ], [ -71.51164, -38.58151 ], [ -71.51206, -38.58067 ], [ -71.51327, -38.57957 ], [ -71.5136, -38.57815 ], [ -71.51367, -38.57721 ], [ -71.51353, -38.57693 ], [ -71.51254, -38.57625 ], [ -71.51253, -38.57544 ], [ -71.51238, -38.57525 ], [ -71.5116, -38.57477 ], [ -71.51138, -38.57437 ], [ -71.51061, -38.57419 ], [ -71.51022, -38.57418 ], [ -71.50996, -38.57407 ], [ -71.50962, -38.57371 ], [ -71.5093, -38.57316 ], [ -71.50893, -38.57293 ], [ -71.50838, -38.57293 ], [ -71.50752, -38.57335 ], [ -71.50664, -38.57342 ], [ -71.50615, -38.57322 ], [ -71.5058, -38.57258 ], [ -71.50468, -38.57169 ], [ -71.50446, -38.5713 ], [ -71.50441, -38.57104 ], [ -71.50423, -38.57079 ], [ -71.50379, -38.57069 ], [ -71.50304, -38.57068 ], [ -71.50284, -38.5706 ], [ -71.50276, -38.57044 ], [ -71.50277, -38.57004 ], [ -71.50256, -38.56974 ], [ -71.50093, -38.56889 ], [ -71.49963, -38.56805 ], [ -71.49939, -38.56786 ], [ -71.49913, -38.56734 ], [ -71.49881, -38.56704 ], [ -71.49854, -38.56697 ], [ -71.49821, -38.56703 ], [ -71.4978, -38.56752 ], [ -71.49755, -38.56765 ], [ -71.49727, -38.56768 ], [ -71.49692, -38.56742 ], [ -71.49635, -38.56649 ], [ -71.49603, -38.56628 ], [ -71.49564, -38.5663 ], [ -71.49519, -38.56646 ], [ -71.49362, -38.56635 ] ] } },
{ "type": "Feature", "properties": { "osm_id": 687429846, "nombre": "Sin nombre", "tipo": "river", "volcan_codigo": "LON", "volcan_nombre": "Lonquimay", "drena_volcan": false }, "geometry": { "type": "LineString", "coordinates": [ [ -71.30018, -38.44965 ], [ -71.30096, -38.44894 ], [ -71.30105, -38.44835 ], [ -71.30092, -38.44785 ], [ -71.30052, -38.44741 ], [ -71.29998, -38.447 ] ] } },
{ "type": "Feature", "properties": { "osm_id": 687882991, "nombre": "Sin nombre", "tipo": "river", "volcan_codigo": "LON", "volcan_nombre": "Lonquimay", "drena_volcan": false }, "geometry": { "type": "LineString", "coordinates": [ [ -71.36099, -38.33287 ], [ -71.36099, -38.33299 ], [ -71.36084, -38.33315 ], [ -71.36048, -38.33331 ], [ -71.36038, -38.33353 ], [ -71.35995, -38.33379 ], [ -71.35981, -38.33413 ], [ -71.35935, -38.3344 ], [ -71.35871, -38.33498 ], [ -71.35808, -38.33493 ], [ -71.3577, -38.33521 ], [ -71.357, -38.33534 ], [ -71.35686, -38.33548 ], [ -71.3568, -38.33559 ], [ -71.35686, -38.3358 ], [ -71.35708, -38.33612 ], [ -71.35714, -38.33636 ], [ -71.35697, -38.33709 ], [ -71.35613, -38.33732 ], [ -71.35552, -38.33707 ], [ -71.35463, -38.33707 ], [ -71.35423, -38.33738 ], [ -71.35389, -38.3379 ], [ -71.35365, -38.33811 ], [ -71.35343, -38.33818 ], [ -71.35285, -38.33816 ], [ -71.35265, -38.33824 ], [ -71.35201, -38.33856 ], [ -71.3516, -38.33897 ], [ -71.35136, -38.33904 ], [ -71.35126, -38.33901 ], [ -71.35121, -38.33873 ], [ -71.35107, -38.3386 ], [ -71.35097, -38.33851 ], [ -71.35084, -38.33854 ], [ -71.35042, -38.33918 ], [ -71.34963, -38.33922 ], [ -71.34949, -38.33942 ], [ -71.34943, -38.33993 ], [ -71.34818, -38.34043 ], [ -71.34738, -38.34037 ], [ -71.34703, -38.33991 ], [ -71.34668, -38.33994 ], [ -71.3464, -38.34091 ], [ -71.34568, -38.34118 ], [ -71.34521, -38.3421 ], [ -71.34506, -38.34217 ], [ -71.34466, -38.34198 ], [ -71.34437, -38.34209 ], [ -71.34394, -38.34264 ], [ -71.34364, -38.34283 ], [ -71.34352, -38.34305 ], [ -71.34355, -38.34341 ], [ -71.34327, -38.34407 ], [ -71.34309, -38.34421 ], [ -71.34267, -38.34422 ], [ -71.34256, -38.34452 ], [ -71.343, -38.34488 ], [ -71.34305, -38.34518 ], [ -71.34295, -38.34539 ], [ -71.34283, -38.34547 ], [ -71.34217, -38.34528 ], [ -71.34204, -38.34534 ], [ -71.34199, -38.34539 ], [ -71.34205, -38.34551 ], [ -71.34132, -38.34605 ], [ -71.34121, -38.34625 ], [ -71.34066, -38.34584 ], [ -71.34053, -38.34582 ], [ -71.34042, -38.34587 ], [ -71.34043, -38.34615 ], [ -71.34008, -38.34636 ], [ -71.33987, -38.34637 ], [ -71.33949, -38.34617 ], [ -71.33888, -38.34635 ], [ -71.33861, -38.34628 ], [ -71.33851, -38.34633 ], [ -71.33849, -38.34674 ], [ -71.33834, -38.34686 ], [ -71.33795, -38.34695 ], [ -71.33774, -38.3469 ], [ -71.3374, -38.34668 ], [ -71.33702, -38.3468 ], [ -71.33673, -38.34708 ], [ -71.33626, -38.34685 ], [ -71.33551, -38.34669 ], [ -71.33525, -38.34677 ], [ -71.33504, -38.34724 ], [ -71.33491, -38.34732 ], [ -71.33469, -38.34706 ], [ -71.33472, -38.34585 ], [ -71.33462, -38.3458 ], [ -71.33404, -38.34598 ], [ -71.33381, -38.34593 ], [ -71.33359, -38.34584 ], [ -71.33334, -38.34539 ], [ -71.33317, -38.34533 ], [ -71.33282, -38.34545 ], [ -71.33255, -38.3454 ], [ -71.33209, -38.3456 ], [ -71.33027, -38.34549 ], [ -71.33007, -38.34538 ], [ -71.32983, -38.34537 ], [ -71.32865, -38.3457 ], [ -71.32831, -38.34557 ], [ -71.32804, -38.34576 ], [ -71.32778, -38.34629 ], [ -71.32766, -38.34636 ], [ -71.32739, -38.34613 ], [ -71.32704, -38.34596 ], [ -71.32677, -38.34598 ], [ -71.32613, -38.34584 ], [ -71.32581, -38.34569 ], [ -71.32565, -38.34545 ], [ -71.32515, -38.34535 ], [ -71.32486, -38.3452 ], [ -71.32415, -38.34468 ], [ -71.3231, -38.34435 ], [ -71.32246, -38.344 ], [ -71.32169, -38.34382 ], [ -71.32143, -38.34365 ], [ -71.32089, -38.34307 ], [ -71.32069, -38.34306 ], [ -71.32026, -38.34322 ], [ -71.31984, -38.34317 ], [ -71.31925, -38.34266 ], [ -71.319, -38.34253 ], [ -71.31801, -38.34265 ], [ -71.31758, -38.34238 ], [ -71.3175, -38.34193 ], [ -71.31759, -38.3414 ], [ -71.31705, -38.3412 ], [ -71.31697, -38.34098 ], [ -71.31637, -38.34048 ], [ -71.31609, -38.33997 ], [ -71.31544, -38.33974 ], [ -71.31488, -38.3397 ], [ -71.31478, -38.33955 ], [ -71.31479, -38.33929 ], [ -71.31499, -38.339 ], [ -71.31503, -38.33874 ], [ -71.31489, -38.33803 ], [ -71.31492, -38.33766 ], [ -71.31482, -38.33752 ], [ -71.31453, -38.33736 ], [ -71.31405, -38.33725 ], [ -71.31366, -38.33697 ] ] } },
{ "type": "Feature", "properties": { "osm_id": 695533238, "nombre": "Río Aguas Blancas", "tipo": "stream", "volcan_codigo": "LON", "volcan_nombre": "Lonquimay", "drena_volcan": false }, "geometry": { "type": "LineString", "coordinates": [ [ -71.86739, -38.02918 ], [ -71.86792, -38.02978 ], [ -71.86906, -38.03046 ], [ -71.86951, -38.03126 ], [ -71.86992, -38.03162 ], [ -71.87125, -38.03243 ], [ -71.87182, -38.03262 ], [ -71.87276, -38.03315 ], [ -71.87373, -38.03402 ], [ -71.8747, -38.03452 ], [ -71.87528, -38.03505 ], [ -71.87658, -38.03598 ], [ -71.87824, -38.0367 ], [ -71.87878, -38.03684 ], [ -71.87927, -38.03679 ], [ -71.8799, -38.03621 ], [ -71.88049, -38.03609 ], [ -71.88124, -38.03644 ], [ -71.8817, -38.0371 ], [ -71.88209, -38.03737 ], [ -71.88286, -38.03735 ], [ -71.88393, -38.03669 ], [ -71.88442, -38.03659 ], [ -71.88554, -38.03667 ], [ -71.88599, -38.03683 ], [ -71.88691, -38.03738 ], [ -71.88742, -38.03748 ], [ -71.88842, -38.03713 ], [ -71.88916, -38.03673 ], [ -71.88965, -38.03666 ], [ -71.89056, -38.03611 ], [ -71.89121, -38.03604 ], [ -71.89147, -38.03622 ], [ -71.89178, -38.03673 ], [ -71.89186, -38.03691 ], [ -71.89187, -38.03741 ], [ -71.89201, -38.03766 ], [ -71.89253, -38.03796 ], [ -71.89291, -38.03846 ], [ -71.89328, -38.03851 ], [ -71.89378, -38.03805 ], [ -71.89434, -38.03779 ], [ -71.89456, -38.03757 ], [ -71.89555, -38.03714 ], [ -71.89614, -38.03658 ], [ -71.89667, -38.0363 ], [ -71.89704, -38.03599 ], [ -71.89777, -38.03564 ], [ -71.89844, -38.03503 ], [ -71.89924, -38.03473 ], [ -71.90017, -38.03461 ], [ -71.90078, -38.03438 ], [ -71.90159, -38.03399 ], [ -71.90219, -38.03346 ] ] } },
{ "type": "Feature", "properties": { "osm_id": 695533241, "nombre": "Río Agrio", "tipo": "stream", "volcan_codigo": "LON", "volcan_nombre": "Lonquimay", "drena_volcan": false }, "geometry": { "type": "LineString", "coordinates": [ [ -71.82797, -38.0074 ], [ -71.82873, -38.00702 ], [ -71.82919, -38.00652 ], [ -71.82973, -38.00632 ], [ -71.83047, -38.00592 ], [ -71.83219, -38.00589 ], [ -71.83337, -38.00572 ], [ -71.83396, -38.00579 ], [ -71.83448, -38.00599 ], [ -71.83488, -38.00598 ], [ -71.8359, -38.00556 ], [ -71.83627, -38.00554 ], [ -71.83709, -38.00589 ], [ -71.83751, -38.00637 ], [ -71.83955, -38.00688 ], [ -71.84006, -38.00719 ], [ -71.84022, -38.00734 ], [ -71.84039, -38.00771 ], [ -71.8403, -38.00856 ], [ -71.84049, -38.00905 ], [ -71.84127, -38.00959 ], [ -71.84173, -38.00977 ], [ -71.84202, -38.00997 ], [ -71.84225, -38.01025 ], [ -71.84239, -38.0107 ], [ -71.84285, -38.01116 ], [ -71.8435, -38.01122 ], [ -71.8447, -38.01156 ], [ -71.84653, -38.0115 ] ] } },
{ "type": "Feature", "properties": { "osm_id": 695533243, "nombre": "Estero Pehuenco", "tipo": "stream", "volcan_codigo": "LON", "volcan_nombre": "Lonquimay", "drena_volcan": false }, "geometry": { "type": "LineString", "coordinates": [ [ -71.82499, -37.98368 ], [ -71.82556, -37.98362 ], [ -71.82669, -37.98327 ], [ -71.8281, -37.9831 ], [ -71.82845, -37.98298 ], [ -71.82961, -37.98227 ], [ -71.82991, -37.98216 ], [ -71.83062, -37.98198 ], [ -71.83142, -37.98197 ] ] } },
{ "type": "Feature", "properties": { "osm_id": 695533244, "nombre": "Estero Copo del Diablo", "tipo": "stream", "volcan_codigo": "LON", "volcan_nombre": "Lonquimay", "drena_volcan": false }, "geometry": { "type": "LineString", "coordinates": [ [ -71.74677, -38.00838 ], [ -71.74698, -38.00874 ], [ -71.74744, -38.00919 ], [ -71.74768, -38.00988 ], [ -71.74827, -38.01039 ], [ -71.74905, -38.01148 ] ] } },
{ "type": "Feature", "properties": { "osm_id": 695533245, "nombre": "Estero Chorrillos", "tipo": "stream", "volcan_codigo": "LON", "volcan_nombre": "Lonquimay", "drena_volcan": false }, "geometry": { "type": "LineString", "coordinates": [ [ -71.85392, -38.02522 ], [ -71.85386, -38.02573 ], [ -71.85333, -38.02689 ], [ -71.85318, -38.02746 ], [ -71.85299, -38.02781 ], [ -71.85276, -38.02801 ], [ -71.85251, -38.02888 ], [ -71.85202, -38.02934 ], [ -71.85185, -38.02961 ] ] } },
{ "type": "Feature", "properties": { "osm_id": 695533246, "nombre": "Estero Mellizos", "tipo": "stream", "volcan_codigo": "LON", "volcan_nombre": "Lonquimay", "drena_volcan": false }, "geometry": { "type": "LineString", "coordinates": [ [ -71.82119, -38.01067 ], [ -71.82072, -38.01178 ], [ -71.82064, -38.01293 ] ] } },
{ "type": "Feature", "properties": { "osm_id": 695533248, "nombre": "Estero La Mula", "tipo": "stream", "volcan_codigo": "LON", "volcan_nombre": "Lonquimay", "drena_volcan": false }, "geometry": { "type": "LineString", "coordinates": [ [ -71.78657, -38.01616 ], [ -71.78702, -38.01557 ], [ -71.78785, -38.01507 ], [ -71.78848, -38.01431 ], [ -71.79009, -38.01343 ], [ -71.79021, -38.01316 ], [ -71.79028, -38.01266 ], [ -71.79067, -38.01242 ], [ -71.7907, -38.01233 ], [ -71.79061, -38.01154 ], [ -71.79091, -38.01131 ], [ -71.79126, -38.01081 ], [ -71.79187, -38.01054 ], [ -71.79247, -38.00978 ], [ -71.79262, -38.00949 ], [ -71.7926, -38.00908 ], [ -71.7927, -38.00882 ], [ -71.79307, -38.00841 ], [ -71.79312, -38.00811 ], [ -71.79345, -38.00757 ], [ -71.79333, -38.00671 ], [ -71.79359, -38.00627 ], [ -71.79349, -38.00558 ], [ -71.79359, -38.00505 ], [ -71.7938, -38.00462 ], [ -71.79385, -38.00392 ], [ -71.794, -38.00333 ], [ -71.79432, -38.0026 ], [ -71.7946, -38.00228 ], [ -71.79483, -38.00216 ] ] } },
{ "type": "Feature", "properties": { "osm_id": 696782474, "nombre": "Estero Canoas del Diablo", "tipo": "stream", "volcan_codigo": "LON", "volcan_nombre": "Lonquimay", "drena_volcan": false }, "geometry": { "type": "LineString", "coordinates": [ [ -71.77898, -38.01353 ], [ -71.77966, -38.01463 ], [ -71.77973, -38.01515 ], [ -71.77989, -38.01552 ], [ -71.78053, -38.01611 ], [ -71.78074, -38.01662 ], [ -71.78065, -38.0185 ], [ -71.78072, -38.01896 ], [ -71.78045, -38.01952 ], [ -71.78049, -38.0205 ], [ -71.78034, -38.02077 ], [ -71.78005, -38.02105 ], [ -71.77923, -38.02167 ] ] } },
{ "type": "Feature", "properties": { "osm_id": 696782475, "nombre": "Sin nombre", "tipo": "stream", "volcan_codigo": "LON", "volcan_nombre": "Lonquimay", "drena_volcan": false }, "geometry": { "type": "LineString", "coordinates": [ [ -71.77814, -38.01961 ], [ -71.77862, -38.02009 ], [ -71.77877, -38.02042 ], [ -71.77879, -38.02088 ], [ -71.77923, -38.02167 ] ] } },
{ "type": "Feature", "properties": { "osm_id": 696782931, "nombre": "Río Diablo", "tipo": "stream", "volcan_codigo": "LON", "volcan_nombre": "Lonquimay", "drena_volcan": false }, "geometry": { "type": "LineString", "coordinates": [ [ -71.6578, -38.00718 ], [ -71.65792, -38.0078 ], [ -71.65789, -38.00809 ], [ -71.65673, -38.01012 ], [ -71.65566, -38.01131 ], [ -71.65378, -38.01211 ], [ -71.6535, -38.0123 ], [ -71.65328, -38.01265 ], [ -71.6533, -38.01305 ], [ -71.65357, -38.01381 ], [ -71.65357, -38.01472 ], [ -71.65368, -38.0152 ], [ -71.65362, -38.01668 ], [ -71.6543, -38.01763 ], [ -71.65457, -38.01821 ], [ -71.6547, -38.0194 ] ] } },
{ "type": "Feature", "properties": { "osm_id": 696782932, "nombre": "Río Diablito", "tipo": "stream", "volcan_codigo": "LON", "volcan_nombre": "Lonquimay", "drena_volcan": false }, "geometry": { "type": "LineString", "coordinates": [ [ -71.673, -38.06385 ], [ -71.673, -38.06242 ], [ -71.6733, -38.06164 ], [ -71.67324, -38.06037 ], [ -71.67339, -38.05999 ], [ -71.67397, -38.05911 ], [ -71.67429, -38.05831 ], [ -71.67458, -38.05786 ], [ -71.6748, -38.05721 ], [ -71.67485, -38.05674 ], [ -71.67476, -38.05616 ], [ -71.67429, -38.0551 ], [ -71.67432, -38.05464 ], [ -71.67458, -38.05384 ], [ -71.6747, -38.05298 ], [ -71.67483, -38.05267 ], [ -71.67583, -38.05174 ], [ -71.67639, -38.0515 ], [ -71.67725, -38.05128 ], [ -71.67861, -38.05125 ], [ -71.67921, -38.05136 ], [ -71.68017, -38.05133 ], [ -71.68125, -38.05079 ], [ -71.6824, -38.0504 ], [ -71.68301, -38.05027 ], [ -71.68537, -38.05032 ], [ -71.68601, -38.0506 ], [ -71.68763, -38.0507 ], [ -71.68937, -38.05069 ], [ -71.68971, -38.05082 ] ] } },
{ "type": "Feature", "properties": { "osm_id": 696782933, "nombre": "Estero San Jorge", "tipo": "stream", "volcan_codigo": "LON", "volcan_nombre": "Lonquimay", "drena_volcan": false }, "geometry": { "type": "LineString", "coordinates": [ [ -71.71751, -38.00049 ], [ -71.71872, -38.00118 ], [ -71.71907, -38.00128 ], [ -71.72017, -38.00122 ], [ -71.72068, -38.00134 ], [ -71.72117, -38.00157 ], [ -71.72195, -38.00238 ], [ -71.72204, -38.00284 ], [ -71.72267, -38.00373 ], [ -71.72286, -38.00449 ], [ -71.72348, -38.00545 ], [ -71.72381, -38.00578 ], [ -71.7241, -38.00595 ], [ -71.7246, -38.00651 ], [ -71.7255, -38.00713 ], [ -71.72569, -38.00754 ], [ -71.72606, -38.00795 ] ] } },
{ "type": "Feature", "properties": { "osm_id": 696782934, "nombre": "Estero Los Pinos", "tipo": "stream", "volcan_codigo": "LON", "volcan_nombre": "Lonquimay", "drena_volcan": false }, "geometry": { "type": "LineString", "coordinates": [ [ -71.70976, -37.98911 ], [ -71.70987, -37.9895 ], [ -71.70991, -37.99087 ], [ -71.70997, -37.99107 ], [ -71.7106, -37.99219 ], [ -71.71088, -37.99254 ], [ -71.71141, -37.99393 ], [ -71.71178, -37.99527 ], [ -71.71199, -37.99566 ], [ -71.71214, -37.99642 ], [ -71.71274, -37.99775 ], [ -71.71287, -37.99885 ], [ -71.71287, -37.99987 ], [ -71.71257, -38.00086 ], [ -71.71246, -38.00225 ], [ -71.71223, -38.00277 ], [ -71.71173, -38.00343 ], [ -71.71167, -38.00382 ], [ -71.7118, -38.00511 ], [ -71.71209, -38.00574 ], [ -71.71223, -38.00632 ], [ -71.71273, -38.00689 ], [ -71.7134, -38.00719 ] ] } },
{ "type": "Feature", "properties": { "osm_id": 698103063, "nombre": "Río Collín", "tipo": "river", "volcan_codigo": "LON", "volcan_nombre": "Lonquimay", "drena_volcan": false }, "geometry": { "type": "LineString", "coordinates": [ [ -71.88173, -38.5741 ], [ -71.88286, -38.57492 ], [ -71.88373, -38.57539 ], [ -71.8851, -38.57579 ], [ -71.88564, -38.57629 ], [ -71.88645, -38.57683 ], [ -71.8879, -38.5773 ], [ -71.88924, -38.5773 ], [ -71.89035, -38.57754 ], [ -71.89106, -38.57789 ], [ -71.89279, -38.57923 ], [ -71.89316, -38.57982 ], [ -71.89391, -38.58041 ], [ -71.89503, -38.5807 ], [ -71.89675, -38.58129 ], [ -71.89746, -38.58236 ], [ -71.898, -38.58284 ], [ -71.89892, -38.58288 ], [ -71.89929, -38.58242 ], [ -71.90045, -38.58239 ], [ -71.90213, -38.58251 ], [ -71.90249, -38.58316 ], [ -71.90256, -38.58415 ], [ -71.90339, -38.58492 ], [ -71.90447, -38.58499 ], [ -71.90526, -38.58463 ], [ -71.90572, -38.58419 ], [ -71.90648, -38.58396 ], [ -71.90689, -38.58397 ], [ -71.90823, -38.58434 ], [ -71.90939, -38.58449 ], [ -71.91068, -38.58433 ], [ -71.91166, -38.58437 ], [ -71.91221, -38.58481 ], [ -71.91225, -38.58557 ], [ -71.91284, -38.586 ], [ -71.91361, -38.58604 ], [ -71.91433, -38.58579 ], [ -71.91478, -38.5858 ], [ -71.91504, -38.58612 ], [ -71.91496, -38.58675 ], [ -71.91467, -38.58763 ], [ -71.91508, -38.58806 ], [ -71.91589, -38.58791 ], [ -71.9164, -38.58751 ], [ -71.91727, -38.58755 ], [ -71.91866, -38.58831 ], [ -71.91987, -38.58841 ], [ -71.92099, -38.58923 ], [ -71.92235, -38.5909 ], [ -71.92329, -38.59106 ], [ -71.92388, -38.59154 ], [ -71.92436, -38.59232 ], [ -71.92426, -38.59319 ], [ -71.92536, -38.59275 ], [ -71.9262, -38.59271 ], [ -71.92733, -38.59343 ], [ -71.92995, -38.59447 ], [ -71.93032, -38.59437 ], [ -71.93133, -38.59386 ], [ -71.93233, -38.59417 ], [ -71.93379, -38.59486 ], [ -71.93484, -38.59474 ], [ -71.93543, -38.59439 ], [ -71.9361, -38.59446 ], [ -71.93838, -38.59555 ], [ -71.93895, -38.59619 ], [ -71.93998, -38.59682 ], [ -71.94095, -38.59705 ], [ -71.94219, -38.59661 ], [ -71.9446, -38.59609 ], [ -71.94564, -38.59574 ], [ -71.94694, -38.59557 ], [ -71.94925, -38.59611 ], [ -71.95096, -38.59619 ], [ -71.95259, -38.5972 ], [ -71.95379, -38.59713 ], [ -71.95521, -38.59693 ], [ -71.9565, -38.59712 ], [ -71.95723, -38.59752 ], [ -71.95797, -38.59758 ], [ -71.95817, -38.59709 ], [ -71.95867, -38.59677 ], [ -71.96287, -38.59593 ], [ -71.96392, -38.59587 ], [ -71.96559, -38.59557 ], [ -71.96908, -38.59625 ], [ -71.97061, -38.59609 ], [ -71.97268, -38.59505 ], [ -71.9733, -38.59383 ], [ -71.97396, -38.59387 ], [ -71.97459, -38.59407 ], [ -71.97501, -38.59441 ], [ -71.9756, -38.59414 ], [ -71.97584, -38.59372 ], [ -71.97745, -38.59275 ], [ -71.9783, -38.59275 ], [ -71.97917, -38.59289 ], [ -71.97954, -38.59241 ], [ -71.9803, -38.5923 ], [ -71.9806, -38.59203 ], [ -71.98138, -38.59191 ], [ -71.98196, -38.59203 ], [ -71.98219, -38.59164 ], [ -71.98261, -38.59156 ], [ -71.98368, -38.59222 ], [ -71.98386, -38.59196 ], [ -71.98459, -38.59158 ], [ -71.985, -38.59126 ], [ -71.98525, -38.5909 ], [ -71.98549, -38.59022 ], [ -71.98578, -38.58974 ], [ -71.98613, -38.58936 ], [ -71.98643, -38.58939 ], [ -71.98698, -38.58958 ], [ -71.98744, -38.58938 ], [ -71.98829, -38.58924 ], [ -71.98905, -38.58929 ], [ -71.99173, -38.58919 ], [ -71.99232, -38.58938 ], [ -71.9926, -38.58971 ], [ -71.99336, -38.5902 ], [ -71.99471, -38.58944 ], [ -71.99569, -38.58992 ], [ -71.9963, -38.58996 ], [ -71.99644, -38.58951 ], [ -71.99689, -38.58893 ], [ -71.99733, -38.58886 ], [ -71.99787, -38.58899 ], [ -71.99844, -38.58953 ], [ -71.99975, -38.58993 ], [ -71.99948, -38.59045 ], [ -71.99961, -38.59109 ], [ -72.00016, -38.59111 ], [ -72.00067, -38.59132 ], [ -72.00085, -38.59179 ], [ -72.00181, -38.59187 ], [ -72.0021, -38.59135 ], [ -72.00295, -38.5908 ], [ -72.00334, -38.59042 ], [ -72.00428, -38.59004 ], [ -72.0044, -38.5891 ], [ -72.00385, -38.58804 ], [ -72.00414, -38.58758 ], [ -72.0061, -38.58799 ], [ -72.0066, -38.5875 ], [ -72.00668, -38.58661 ], [ -72.00664, -38.58541 ], [ -72.00703, -38.58472 ], [ -72.00849, -38.58392 ], [ -72.01047, -38.58316 ], [ -72.01407, -38.58213 ], [ -72.01536, -38.58192 ], [ -72.0162, -38.58152 ], [ -72.01575, -38.58137 ], [ -72.01574, -38.58095 ], [ -72.01621, -38.58046 ], [ -72.01729, -38.57989 ], [ -72.01771, -38.58039 ], [ -72.01852, -38.58062 ], [ -72.01931, -38.58052 ], [ -72.02019, -38.57963 ], [ -72.02027, -38.57901 ], [ -72.02092, -38.5783 ], [ -72.02163, -38.57823 ], [ -72.02168, -38.57881 ], [ -72.02224, -38.57896 ], [ -72.02308, -38.5775 ], [ -72.02485, -38.57698 ], [ -72.02602, -38.57636 ], [ -72.02768, -38.57606 ], [ -72.02973, -38.57458 ], [ -72.02999, -38.57481 ], [ -72.03022, -38.57567 ], [ -72.03072, -38.57533 ], [ -72.03085, -38.57458 ], [ -72.03137, -38.57398 ], [ -72.0315, -38.57453 ], [ -72.03118, -38.57523 ], [ -72.03167, -38.57547 ], [ -72.03279, -38.57386 ], [ -72.03495, -38.57293 ], [ -72.03782, -38.57222 ], [ -72.03831, -38.5717 ], [ -72.03904, -38.57129 ], [ -72.04015, -38.57113 ], [ -72.04129, -38.57157 ], [ -72.04263, -38.57252 ], [ -72.04363, -38.57264 ], [ -72.0443, -38.57241 ], [ -72.04479, -38.57247 ], [ -72.04564, -38.57278 ], [ -72.0457, -38.57395 ], [ -72.046, -38.57461 ], [ -72.04665, -38.57483 ], [ -72.04727, -38.57462 ], [ -72.04745, -38.57421 ], [ -72.04871, -38.57401 ], [ -72.0497, -38.57367 ], [ -72.05043, -38.57318 ], [ -72.05109, -38.57309 ], [ -72.05245, -38.57363 ], [ -72.05614, -38.57318 ], [ -72.05694, -38.57297 ], [ -72.0569, -38.57221 ], [ -72.05718, -38.57167 ], [ -72.05766, -38.57106 ], [ -72.05862, -38.57051 ], [ -72.05958, -38.5701 ], [ -72.06073, -38.56977 ], [ -72.06146, -38.56929 ], [ -72.06171, -38.56883 ], [ -72.06228, -38.56872 ], [ -72.06291, -38.56878 ], [ -72.06423, -38.56832 ], [ -72.06433, -38.56812 ], [ -72.06397, -38.56764 ], [ -72.06408, -38.56752 ], [ -72.06537, -38.56719 ], [ -72.06711, -38.56726 ], [ -72.06784, -38.56713 ], [ -72.06879, -38.56687 ], [ -72.0692, -38.56668 ], [ -72.06934, -38.56645 ], [ -72.06955, -38.56635 ], [ -72.07044, -38.5665 ], [ -72.07108, -38.56597 ], [ -72.07152, -38.56577 ], [ -72.07221, -38.56582 ], [ -72.07264, -38.5661 ], [ -72.07315, -38.56765 ], [ -72.07357, -38.56769 ], [ -72.07423, -38.56761 ], [ -72.0748, -38.56746 ], [ -72.07602, -38.56774 ], [ -72.07652, -38.56814 ], [ -72.07644, -38.56879 ], [ -72.07658, -38.56921 ], [ -72.078, -38.56914 ], [ -72.07897, -38.56942 ], [ -72.07931, -38.56939 ], [ -72.07952, -38.56963 ], [ -72.07969, -38.57007 ], [ -72.08017, -38.57065 ], [ -72.08069, -38.57099 ], [ -72.08109, -38.57108 ], [ -72.08215, -38.57073 ], [ -72.08251, -38.57085 ], [ -72.08286, -38.5711 ], [ -72.08334, -38.57162 ], [ -72.08387, -38.57234 ], [ -72.0841, -38.57243 ], [ -72.08427, -38.57239 ], [ -72.08494, -38.57148 ], [ -72.08593, -38.57092 ], [ -72.08631, -38.57089 ], [ -72.08688, -38.57108 ], [ -72.08801, -38.57189 ], [ -72.0885, -38.57236 ], [ -72.08879, -38.57242 ], [ -72.08921, -38.57235 ], [ -72.08954, -38.57217 ], [ -72.09031, -38.5723 ], [ -72.091, -38.57249 ], [ -72.09179, -38.57296 ], [ -72.09249, -38.57367 ], [ -72.09272, -38.57364 ], [ -72.09305, -38.57339 ], [ -72.09363, -38.57328 ], [ -72.09429, -38.57341 ], [ -72.09595, -38.57426 ], [ -72.09625, -38.57463 ], [ -72.09629, -38.57498 ], [ -72.09612, -38.57539 ], [ -72.09573, -38.57582 ], [ -72.09579, -38.57602 ], [ -72.0963, -38.57617 ], [ -72.09749, -38.57628 ], [ -72.09773, -38.5765 ], [ -72.09779, -38.57673 ], [ -72.09767, -38.57699 ], [ -72.09727, -38.57731 ], [ -72.09713, -38.57759 ], [ -72.09782, -38.57795 ], [ -72.09801, -38.57829 ], [ -72.09831, -38.57957 ], [ -72.09906, -38.58073 ], [ -72.09942, -38.58066 ], [ -72.09975, -38.58034 ], [ -72.10008, -38.58032 ], [ -72.10153, -38.58118 ], [ -72.10222, -38.58142 ], [ -72.10315, -38.58203 ], [ -72.10351, -38.5824 ], [ -72.10371, -38.5839 ], [ -72.10404, -38.58428 ], [ -72.10347, -38.58505 ], [ -72.10291, -38.58556 ], [ -72.10295, -38.58626 ], [ -72.10317, -38.58691 ] ] } },
{ "type": "Feature", "properties": { "osm_id": 698756670, "nombre": "Sin nombre", "tipo": "stream", "volcan_codigo": "LON", "volcan_nombre": "Lonquimay", "drena_volcan": false }, "geometry": { "type": "LineString", "coordinates": [ [ -71.44957, -38.29751 ], [ -71.44952, -38.297 ], [ -71.44922, -38.29636 ], [ -71.44923, -38.29609 ], [ -71.45001, -38.2951 ], [ -71.45048, -38.29411 ], [ -71.45111, -38.29351 ], [ -71.45126, -38.29321 ], [ -71.45121, -38.29282 ], [ -71.45091, -38.29242 ], [ -71.45084, -38.29222 ], [ -71.45119, -38.29112 ], [ -71.45131, -38.29038 ], [ -71.45125, -38.29004 ], [ -71.45093, -38.28956 ], [ -71.45087, -38.28933 ], [ -71.45107, -38.28858 ], [ -71.45097, -38.28799 ], [ -71.45099, -38.28768 ], [ -71.45118, -38.28729 ], [ -71.45194, -38.28651 ], [ -71.45228, -38.28564 ], [ -71.45218, -38.2854 ], [ -71.45183, -38.28525 ], [ -71.45166, -38.28507 ], [ -71.45174, -38.28426 ], [ -71.45131, -38.28368 ], [ -71.4514, -38.28351 ], [ -71.452, -38.28306 ], [ -71.45227, -38.28248 ], [ -71.45229, -38.28198 ], [ -71.45213, -38.28146 ], [ -71.4519, -38.28107 ], [ -71.45204, -38.28039 ], [ -71.45195, -38.28002 ], [ -71.4522, -38.27961 ], [ -71.45195, -38.27915 ], [ -71.45216, -38.27874 ], [ -71.45204, -38.27833 ], [ -71.45205, -38.27805 ], [ -71.45254, -38.2769 ], [ -71.4524, -38.27592 ], [ -71.45265, -38.27563 ], [ -71.45274, -38.27535 ], [ -71.45266, -38.27505 ], [ -71.45237, -38.27466 ], [ -71.45233, -38.27422 ], [ -71.45213, -38.27379 ], [ -71.4521, -38.27344 ], [ -71.45254, -38.27196 ], [ -71.45274, -38.27088 ], [ -71.45314, -38.27033 ], [ -71.45382, -38.26974 ], [ -71.45453, -38.26933 ], [ -71.4554, -38.26895 ], [ -71.4559, -38.26861 ], [ -71.45637, -38.26776 ], [ -71.45702, -38.26724 ], [ -71.45734, -38.26665 ], [ -71.45778, -38.26611 ], [ -71.45936, -38.26485 ], [ -71.45949, -38.26446 ], [ -71.45937, -38.26383 ], [ -71.45941, -38.26333 ], [ -71.46008, -38.26202 ], [ -71.46002, -38.26182 ], [ -71.45963, -38.26146 ], [ -71.45962, -38.26117 ], [ -71.45981, -38.26099 ], [ -71.46021, -38.26098 ], [ -71.46035, -38.26053 ], [ -71.4611, -38.25984 ], [ -71.46112, -38.25973 ], [ -71.4609, -38.25933 ], [ -71.46088, -38.25904 ], [ -71.46136, -38.25853 ], [ -71.4614, -38.25832 ], [ -71.46163, -38.2581 ], [ -71.46195, -38.25802 ], [ -71.46351, -38.25834 ], [ -71.46464, -38.25795 ], [ -71.46489, -38.25757 ], [ -71.46498, -38.25706 ], [ -71.46516, -38.25671 ], [ -71.46646, -38.25614 ], [ -71.46664, -38.25588 ], [ -71.46687, -38.25539 ], [ -71.46692, -38.25476 ], [ -71.46719, -38.25459 ], [ -71.4677, -38.25458 ], [ -71.46788, -38.2545 ], [ -71.46799, -38.25436 ], [ -71.468, -38.25391 ], [ -71.46814, -38.25371 ], [ -71.46845, -38.25357 ], [ -71.46862, -38.25293 ], [ -71.46896, -38.25275 ], [ -71.46989, -38.25274 ] ] } },
{ "type": "Feature", "properties": { "osm_id": 774819873, "nombre": "Río Lolco", "tipo": "river", "volcan_codigo": "LON", "volcan_nombre": "Lonquimay", "drena_volcan": true }, "geometry": { "type": "LineString", "coordinates": [ [ -71.43619, -38.177 ], [ -71.43549, -38.17645 ], [ -71.4346, -38.17534 ], [ -71.43428, -38.17481 ], [ -71.43425, -38.17444 ], [ -71.43498, -38.17381 ], [ -71.43512, -38.17356 ], [ -71.43517, -38.17328 ], [ -71.43491, -38.17299 ], [ -71.43401, -38.1724 ] ] } },
{ "type": "Feature", "properties": { "osm_id": 774819878, "nombre": "Río Malleco", "tipo": "river", "volcan_codigo": "LON", "volcan_nombre": "Lonquimay", "drena_volcan": false }, "geometry": { "type": "LineString", "coordinates": [ [ -71.97532, -38.17804 ], [ -71.97786, -38.17829 ], [ -71.97879, -38.17819 ], [ -71.97977, -38.17793 ], [ -71.98124, -38.17725 ], [ -71.98242, -38.17697 ], [ -71.98441, -38.17715 ] ] } },
{ "type": "Feature", "properties": { "osm_id": 774819892, "nombre": "Sin nombre", "tipo": "river", "volcan_codigo": "LON", "volcan_nombre": "Lonquimay", "drena_volcan": false }, "geometry": { "type": "LineString", "coordinates": [ [ -71.93066, -38.42816 ], [ -71.93048, -38.42833 ], [ -71.93001, -38.42854 ], [ -71.92982, -38.42902 ], [ -71.92977, -38.42962 ], [ -71.92982, -38.43025 ], [ -71.93001, -38.4305 ], [ -71.93115, -38.43065 ], [ -71.93167, -38.43081 ], [ -71.93253, -38.43135 ], [ -71.93332, -38.43136 ], [ -71.93409, -38.43097 ], [ -71.93437, -38.4309 ], [ -71.93471, -38.43095 ], [ -71.93503, -38.43105 ], [ -71.93562, -38.4317 ], [ -71.93619, -38.43199 ], [ -71.93649, -38.43197 ], [ -71.93689, -38.43176 ], [ -71.93733, -38.43173 ], [ -71.93754, -38.432 ], [ -71.93758, -38.43255 ], [ -71.93796, -38.43322 ], [ -71.93818, -38.43338 ], [ -71.93848, -38.43402 ], [ -71.93924, -38.43474 ], [ -71.93972, -38.43488 ] ] } },
{ "type": "Feature", "properties": { "osm_id": 774819894, "nombre": "Río Blanco", "tipo": "river", "volcan_codigo": "LON", "volcan_nombre": "Lonquimay", "drena_volcan": false }, "geometry": { "type": "LineString", "coordinates": [ [ -71.87078, -38.45708 ], [ -71.87075, -38.45681 ], [ -71.87045, -38.45632 ], [ -71.86989, -38.45583 ], [ -71.86932, -38.45555 ], [ -71.86934, -38.45529 ], [ -71.86969, -38.45511 ], [ -71.87008, -38.45509 ], [ -71.87166, -38.45552 ], [ -71.87202, -38.45538 ], [ -71.87234, -38.45493 ], [ -71.87375, -38.45451 ], [ -71.87544, -38.45356 ], [ -71.87604, -38.45337 ], [ -71.8778, -38.45305 ], [ -71.87858, -38.45282 ], [ -71.87927, -38.45231 ], [ -71.87946, -38.45201 ], [ -71.87983, -38.45172 ], [ -71.88059, -38.45144 ], [ -71.8811, -38.45112 ], [ -71.88171, -38.45088 ], [ -71.8827, -38.45063 ], [ -71.8832, -38.45022 ], [ -71.88319, -38.44962 ], [ -71.884, -38.44922 ], [ -71.88546, -38.44883 ], [ -71.88598, -38.44881 ], [ -71.88632, -38.44889 ], [ -71.88719, -38.44965 ], [ -71.88785, -38.44994 ], [ -71.8881, -38.44993 ], [ -71.88879, -38.44967 ], [ -71.89046, -38.44873 ], [ -71.89214, -38.44725 ], [ -71.89262, -38.447 ], [ -71.89405, -38.44659 ], [ -71.89553, -38.44634 ], [ -71.89779, -38.44556 ], [ -71.89801, -38.44542 ], [ -71.89821, -38.44506 ], [ -71.8984, -38.44405 ], [ -71.89805, -38.44241 ], [ -71.89918, -38.44142 ], [ -71.89978, -38.44106 ], [ -71.9005, -38.44081 ], [ -71.90166, -38.44025 ], [ -71.90188, -38.43993 ], [ -71.90233, -38.43892 ], [ -71.90234, -38.43864 ], [ -71.90171, -38.43824 ], [ -71.90162, -38.43809 ], [ -71.90163, -38.43795 ] ] } },
{ "type": "Feature", "properties": { "osm_id": 774819896, "nombre": "Sin nombre", "tipo": "stream", "volcan_codigo": "LON", "volcan_nombre": "Lonquimay", "drena_volcan": true }, "geometry": { "type": "LineString", "coordinates": [ [ -71.8534, -38.47312 ], [ -71.85414, -38.47275 ], [ -71.85626, -38.4734 ], [ -71.85741, -38.47404 ], [ -71.8578, -38.47456 ], [ -71.85906, -38.47516 ], [ -71.85927, -38.47539 ], [ -71.85916, -38.47567 ], [ -71.85887, -38.47595 ], [ -71.85886, -38.47639 ], [ -71.85944, -38.47718 ], [ -71.85988, -38.47745 ], [ -71.86056, -38.47911 ], [ -71.86132, -38.47966 ], [ -71.86141, -38.48014 ], [ -71.86159, -38.48033 ], [ -71.86279, -38.48086 ], [ -71.8635, -38.48189 ], [ -71.86412, -38.4824 ], [ -71.8644, -38.4825 ], [ -71.86496, -38.48245 ], [ -71.86602, -38.48254 ], [ -71.866, -38.48281 ], [ -71.86614, -38.48308 ], [ -71.8666, -38.48335 ], [ -71.86692, -38.48347 ], [ -71.86724, -38.48328 ], [ -71.86768, -38.48331 ], [ -71.86788, -38.48346 ], [ -71.868, -38.4837 ], [ -71.86836, -38.48387 ], [ -71.86908, -38.48397 ], [ -71.86973, -38.48361 ], [ -71.87031, -38.4835 ], [ -71.87084, -38.48375 ], [ -71.87117, -38.48417 ], [ -71.8714, -38.48427 ], [ -71.87172, -38.48417 ], [ -71.87182, -38.48396 ], [ -71.87221, -38.48374 ], [ -71.87254, -38.48365 ], [ -71.87332, -38.48364 ], [ -71.87405, -38.48335 ], [ -71.87441, -38.48328 ], [ -71.87585, -38.48363 ], [ -71.87826, -38.48397 ], [ -71.87915, -38.48371 ], [ -71.87978, -38.48337 ], [ -71.88108, -38.48244 ], [ -71.88173, -38.48214 ], [ -71.88227, -38.48162 ], [ -71.88281, -38.48143 ], [ -71.88367, -38.48099 ], [ -71.88412, -38.48066 ], [ -71.88459, -38.48005 ], [ -71.88476, -38.47996 ], [ -71.88554, -38.47979 ], [ -71.88588, -38.48007 ] ] } },
{ "type": "Feature", "properties": { "osm_id": 774819897, "nombre": "Río Cautín", "tipo": "river", "volcan_codigo": "LON", "volcan_nombre": "Lonquimay", "drena_volcan": true }, "geometry": { "type": "LineString", "coordinates": [ [ -71.88588, -38.48007 ], [ -71.88962, -38.48047 ], [ -71.89053, -38.48069 ], [ -71.89151, -38.48114 ], [ -71.89219, -38.48166 ], [ -71.89347, -38.48323 ], [ -71.89387, -38.48347 ], [ -71.89459, -38.48338 ], [ -71.89586, -38.4828 ], [ -71.89754, -38.48231 ], [ -71.89811, -38.482 ], [ -71.8987, -38.4816 ], [ -71.90045, -38.47967 ], [ -71.90188, -38.47914 ], [ -71.90333, -38.47837 ], [ -71.9061, -38.47732 ], [ -71.90945, -38.47583 ], [ -71.91065, -38.47543 ], [ -71.91114, -38.47535 ], [ -71.91151, -38.47544 ], [ -71.91191, -38.47687 ], [ -71.91232, -38.4775 ], [ -71.91253, -38.47767 ], [ -71.91308, -38.47765 ], [ -71.91332, -38.4772 ], [ -71.91362, -38.47611 ], [ -71.91376, -38.47594 ], [ -71.91454, -38.47564 ], [ -71.91667, -38.47507 ], [ -71.91965, -38.47453 ], [ -71.92025, -38.47434 ], [ -71.92137, -38.47381 ], [ -71.92294, -38.47293 ], [ -71.92304, -38.4728 ], [ -71.92308, -38.47265 ], [ -71.92269, -38.47177 ], [ -71.92293, -38.47131 ], [ -71.92358, -38.47096 ], [ -71.92697, -38.47005 ], [ -71.92803, -38.46961 ], [ -71.92904, -38.46898 ], [ -71.93071, -38.46747 ], [ -71.93143, -38.46706 ], [ -71.93192, -38.46692 ], [ -71.93247, -38.46688 ], [ -71.93345, -38.46701 ], [ -71.93517, -38.46789 ], [ -71.93578, -38.46812 ], [ -71.93857, -38.46861 ], [ -71.94007, -38.46937 ], [ -71.94049, -38.46949 ], [ -71.94091, -38.46946 ], [ -71.9415, -38.46919 ], [ -71.94286, -38.46763 ], [ -71.94299, -38.46734 ], [ -71.94327, -38.46581 ], [ -71.94352, -38.46557 ], [ -71.94559, -38.46446 ], [ -71.9463, -38.46436 ], [ -71.94695, -38.46451 ], [ -71.9475, -38.46479 ], [ -71.94789, -38.46529 ], [ -71.94862, -38.4659 ], [ -71.94931, -38.46624 ], [ -71.9502, -38.46616 ], [ -71.95126, -38.46583 ], [ -71.95249, -38.46562 ], [ -71.95305, -38.46525 ], [ -71.95322, -38.46501 ], [ -71.95322, -38.46484 ], [ -71.95315, -38.46468 ], [ -71.9522, -38.46396 ], [ -71.95181, -38.46347 ], [ -71.95163, -38.46308 ], [ -71.95171, -38.4625 ], [ -71.95204, -38.46184 ], [ -71.9525, -38.46134 ], [ -71.95287, -38.46114 ], [ -71.95337, -38.4612 ], [ -71.95404, -38.46161 ], [ -71.9546, -38.46181 ], [ -71.95525, -38.46192 ], [ -71.95685, -38.46176 ], [ -71.95749, -38.46158 ], [ -71.95788, -38.46132 ], [ -71.95877, -38.46035 ], [ -71.95885, -38.45974 ], [ -71.95881, -38.45892 ], [ -71.95916, -38.45727 ], [ -71.95935, -38.45698 ], [ -71.95963, -38.45682 ], [ -71.95999, -38.45676 ], [ -71.96056, -38.4571 ], [ -71.96101, -38.45751 ], [ -71.96157, -38.45773 ], [ -71.96184, -38.45767 ], [ -71.96273, -38.45706 ], [ -71.96348, -38.45615 ], [ -71.96358, -38.45588 ], [ -71.9635, -38.45564 ], [ -71.96258, -38.45452 ], [ -71.96213, -38.45353 ], [ -71.96222, -38.4528 ], [ -71.96246, -38.45254 ], [ -71.96287, -38.45232 ], [ -71.96542, -38.45176 ], [ -71.96647, -38.45182 ], [ -71.96754, -38.45209 ], [ -71.96879, -38.4522 ], [ -71.97054, -38.45206 ], [ -71.97115, -38.45189 ], [ -71.97129, -38.45173 ], [ -71.97131, -38.45148 ], [ -71.9712, -38.45131 ], [ -71.97041, -38.45076 ], [ -71.9701, -38.45035 ], [ -71.97001, -38.45009 ], [ -71.97019, -38.44986 ], [ -71.97198, -38.44944 ], [ -71.97346, -38.44841 ], [ -71.97433, -38.44748 ], [ -71.97608, -38.44618 ], [ -71.97701, -38.44535 ], [ -71.98025, -38.44321 ], [ -71.98188, -38.44254 ], [ -71.98312, -38.44245 ], [ -71.98364, -38.44254 ], [ -71.98485, -38.44294 ], [ -71.98547, -38.44322 ], [ -71.98701, -38.44447 ], [ -71.98772, -38.44483 ], [ -71.98866, -38.44498 ], [ -71.98926, -38.44499 ], [ -71.98986, -38.44493 ], [ -71.99004, -38.44481 ], [ -71.99022, -38.44423 ], [ -71.99018, -38.44382 ], [ -71.9898, -38.44255 ], [ -71.98988, -38.44214 ], [ -71.99002, -38.44185 ], [ -71.99069, -38.44106 ], [ -71.99096, -38.44036 ], [ -71.99157, -38.43944 ], [ -71.99228, -38.43808 ], [ -71.99261, -38.43773 ], [ -71.99407, -38.43669 ], [ -71.99456, -38.43605 ], [ -71.99517, -38.43498 ], [ -71.99582, -38.4343 ], [ -71.99659, -38.4336 ], [ -71.99774, -38.43296 ], [ -71.99869, -38.43256 ], [ -72.00001, -38.43217 ], [ -72.00487, -38.43023 ], [ -72.00697, -38.4298 ], [ -72.00785, -38.42979 ], [ -72.00873, -38.42993 ], [ -72.01196, -38.43091 ], [ -72.01261, -38.43097 ], [ -72.01407, -38.43076 ], [ -72.01641, -38.42979 ], [ -72.01739, -38.42925 ], [ -72.01803, -38.42878 ], [ -72.01865, -38.42822 ], [ -72.02046, -38.42597 ], [ -72.02105, -38.42567 ], [ -72.02189, -38.42538 ], [ -72.02283, -38.42515 ], [ -72.02457, -38.42507 ], [ -72.02518, -38.42517 ], [ -72.02725, -38.42584 ], [ -72.02795, -38.42609 ], [ -72.02902, -38.42668 ], [ -72.0308, -38.42783 ], [ -72.03205, -38.42846 ], [ -72.0327, -38.42848 ], [ -72.0332, -38.42814 ], [ -72.03351, -38.4277 ], [ -72.03433, -38.4256 ], [ -72.03494, -38.42449 ], [ -72.03584, -38.42338 ], [ -72.03672, -38.42283 ], [ -72.03733, -38.42255 ], [ -72.03899, -38.42204 ], [ -72.03998, -38.4215 ], [ -72.04237, -38.41869 ], [ -72.04444, -38.41662 ], [ -72.04504, -38.41621 ], [ -72.04557, -38.41596 ], [ -72.04607, -38.41589 ], [ -72.04645, -38.41596 ], [ -72.04742, -38.41663 ], [ -72.04823, -38.41744 ], [ -72.04927, -38.41874 ], [ -72.05028, -38.41952 ], [ -72.05133, -38.4201 ], [ -72.05269, -38.42053 ], [ -72.05321, -38.42057 ], [ -72.05374, -38.4205 ], [ -72.05459, -38.42023 ], [ -72.0556, -38.41973 ], [ -72.05565, -38.41894 ], [ -72.05613, -38.41864 ], [ -72.05821, -38.41811 ], [ -72.05889, -38.41777 ], [ -72.05983, -38.41754 ], [ -72.06074, -38.41743 ], [ -72.06335, -38.41742 ], [ -72.06458, -38.41713 ], [ -72.06536, -38.41676 ], [ -72.06631, -38.41597 ], [ -72.0667, -38.41575 ] ] } },
{ "type": "Feature", "properties": { "osm_id": 774819898, "nombre": "Río Cautín", "tipo": "river", "volcan_codigo": "LON", "volcan_nombre": "Lonquimay", "drena_volcan": true }, "geometry": { "type": "LineString", "coordinates": [ [ -71.87734, -38.4923 ], [ -71.87816, -38.49233 ], [ -71.87898, -38.49218 ], [ -71.8797, -38.49167 ], [ -71.88016, -38.49093 ], [ -71.88197, -38.48964 ], [ -71.88308, -38.48867 ], [ -71.88368, -38.48773 ], [ -71.88405, -38.48672 ], [ -71.88423, -38.48549 ], [ -71.88491, -38.48451 ], [ -71.88552, -38.48408 ], [ -71.88603, -38.4833 ], [ -71.88543, -38.48114 ], [ -71.88557, -38.48045 ], [ -71.88588, -38.48007 ] ] } },
{ "type": "Feature", "properties": { "osm_id": 774850727, "nombre": "Sin nombre", "tipo": "river", "volcan_codigo": "LON", "volcan_nombre": "Lonquimay", "drena_volcan": false }, "geometry": { "type": "LineString", "coordinates": [ [ -71.85578, -38.56061 ], [ -71.85665, -38.5604 ], [ -71.85726, -38.5598 ], [ -71.85836, -38.55941 ], [ -71.85895, -38.55901 ], [ -71.85928, -38.55864 ], [ -71.86005, -38.55816 ], [ -71.86056, -38.55749 ], [ -71.86083, -38.55694 ], [ -71.86126, -38.55652 ], [ -71.86171, -38.55541 ], [ -71.86209, -38.55489 ], [ -71.86224, -38.55445 ], [ -71.86246, -38.55419 ], [ -71.86283, -38.55395 ], [ -71.86428, -38.55364 ], [ -71.86538, -38.55307 ], [ -71.86565, -38.55279 ], [ -71.86591, -38.55198 ], [ -71.86616, -38.55154 ], [ -71.86668, -38.55119 ], [ -71.86752, -38.55102 ], [ -71.8689, -38.5511 ], [ -71.87039, -38.55097 ], [ -71.87373, -38.54994 ], [ -71.87475, -38.54983 ], [ -71.87753, -38.54987 ], [ -71.87815, -38.54999 ], [ -71.87949, -38.55047 ], [ -71.88089, -38.55152 ], [ -71.88167, -38.5519 ], [ -71.88316, -38.55186 ], [ -71.88365, -38.55166 ], [ -71.88433, -38.55153 ], [ -71.88534, -38.55175 ], [ -71.8864, -38.55182 ], [ -71.88728, -38.55206 ], [ -71.88822, -38.55193 ], [ -71.88964, -38.55131 ], [ -71.89058, -38.55071 ], [ -71.89181, -38.55036 ], [ -71.89257, -38.54994 ], [ -71.89384, -38.54943 ], [ -71.8951, -38.54929 ], [ -71.89587, -38.54937 ], [ -71.89656, -38.54931 ], [ -71.89754, -38.54893 ], [ -71.89897, -38.54743 ], [ -71.89936, -38.54712 ], [ -71.89958, -38.54671 ], [ -71.89998, -38.54639 ], [ -71.90038, -38.54539 ], [ -71.90044, -38.54488 ], [ -71.90028, -38.54428 ], [ -71.89999, -38.54365 ], [ -71.90001, -38.54338 ], [ -71.90023, -38.54326 ], [ -71.90055, -38.54324 ], [ -71.90103, -38.54347 ], [ -71.90171, -38.5435 ], [ -71.90223, -38.54336 ], [ -71.90284, -38.54292 ], [ -71.9034, -38.54197 ], [ -71.90415, -38.5417 ], [ -71.90531, -38.54154 ], [ -71.90546, -38.54124 ], [ -71.90537, -38.54095 ], [ -71.9054, -38.54073 ], [ -71.90598, -38.54022 ], [ -71.90626, -38.54008 ], [ -71.90669, -38.53998 ], [ -71.9077, -38.53992 ], [ -71.90861, -38.53971 ], [ -71.90936, -38.53974 ], [ -71.91007, -38.54003 ], [ -71.91065, -38.54014 ], [ -71.91125, -38.54042 ], [ -71.91146, -38.54064 ], [ -71.91178, -38.54134 ], [ -71.91228, -38.54172 ], [ -71.91279, -38.54184 ], [ -71.91415, -38.54186 ], [ -71.91541, -38.54079 ], [ -71.91716, -38.53985 ], [ -71.9179, -38.53961 ], [ -71.91938, -38.53947 ], [ -71.92017, -38.53919 ], [ -71.92075, -38.53909 ], [ -71.92141, -38.53882 ], [ -71.92178, -38.53854 ], [ -71.9237, -38.53779 ], [ -71.92458, -38.5376 ], [ -71.92624, -38.53708 ], [ -71.92691, -38.53713 ], [ -71.92768, -38.53733 ], [ -71.92986, -38.53713 ], [ -71.93008, -38.53692 ], [ -71.93011, -38.53674 ], [ -71.93001, -38.5365 ], [ -71.93009, -38.53637 ], [ -71.93103, -38.53638 ], [ -71.93232, -38.53595 ], [ -71.93274, -38.53571 ], [ -71.9329, -38.53554 ], [ -71.93334, -38.53462 ], [ -71.9335, -38.5341 ], [ -71.93395, -38.53374 ], [ -71.93479, -38.5334 ], [ -71.93558, -38.53322 ], [ -71.93605, -38.53326 ], [ -71.93679, -38.53356 ], [ -71.93709, -38.53358 ], [ -71.93746, -38.53343 ], [ -71.93804, -38.53301 ], [ -71.93847, -38.53254 ], [ -71.93944, -38.53233 ], [ -71.93989, -38.53215 ], [ -71.94, -38.53204 ], [ -71.93998, -38.53191 ], [ -71.93974, -38.53139 ], [ -71.94008, -38.53095 ], [ -71.9401, -38.53032 ], [ -71.94032, -38.53 ], [ -71.94165, -38.52998 ], [ -71.94275, -38.52978 ], [ -71.94336, -38.52952 ], [ -71.94435, -38.52936 ], [ -71.94511, -38.52891 ], [ -71.94578, -38.52891 ], [ -71.94616, -38.52883 ], [ -71.94675, -38.52894 ], [ -71.9482, -38.52899 ], [ -71.94923, -38.5289 ], [ -71.94945, -38.52896 ], [ -71.94985, -38.52928 ], [ -71.95009, -38.52933 ], [ -71.95031, -38.52927 ], [ -71.95052, -38.529 ], [ -71.95078, -38.52883 ], [ -71.95091, -38.52883 ], [ -71.95226, -38.52959 ], [ -71.95355, -38.5296 ], [ -71.95459, -38.52922 ], [ -71.95588, -38.529 ], [ -71.95785, -38.52771 ], [ -71.95814, -38.52776 ], [ -71.95849, -38.52819 ], [ -71.95889, -38.52829 ], [ -71.95938, -38.52818 ], [ -71.96089, -38.52748 ], [ -71.9623, -38.52711 ], [ -71.963, -38.52716 ], [ -71.96357, -38.52744 ], [ -71.96546, -38.52773 ], [ -71.96601, -38.52772 ], [ -71.96696, -38.52789 ], [ -71.96767, -38.52784 ], [ -71.96784, -38.5277 ], [ -71.96792, -38.52747 ], [ -71.96823, -38.52724 ], [ -71.96816, -38.52692 ], [ -71.96788, -38.52658 ], [ -71.96793, -38.52645 ], [ -71.96845, -38.52612 ], [ -71.96862, -38.5259 ], [ -71.96949, -38.52557 ], [ -71.97024, -38.52553 ], [ -71.97058, -38.52559 ], [ -71.97046, -38.52578 ], [ -71.97013, -38.52602 ], [ -71.97038, -38.52626 ], [ -71.97093, -38.5263 ], [ -71.97173, -38.52602 ], [ -71.97194, -38.52606 ], [ -71.9722, -38.52628 ], [ -71.97331, -38.52652 ], [ -71.97448, -38.5263 ], [ -71.9747, -38.52601 ], [ -71.97465, -38.52583 ], [ -71.97446, -38.52562 ], [ -71.97449, -38.52552 ], [ -71.97496, -38.52527 ], [ -71.97575, -38.52509 ], [ -71.97764, -38.52516 ], [ -71.97934, -38.52567 ], [ -71.97968, -38.52563 ], [ -71.97988, -38.52551 ], [ -71.97998, -38.52524 ], [ -71.98039, -38.52478 ], [ -71.98087, -38.52472 ], [ -71.9817, -38.52492 ], [ -71.98197, -38.52508 ], [ -71.98223, -38.52538 ], [ -71.98257, -38.52544 ], [ -71.98288, -38.52524 ], [ -71.98337, -38.52475 ], [ -71.98486, -38.52457 ], [ -71.98614, -38.52421 ], [ -71.98674, -38.52432 ], [ -71.98678, -38.52467 ], [ -71.98701, -38.52489 ], [ -71.98772, -38.52506 ], [ -71.98817, -38.52534 ], [ -71.98836, -38.52537 ], [ -71.98889, -38.52533 ], [ -71.99037, -38.52493 ], [ -71.99121, -38.52495 ], [ -71.99212, -38.52485 ], [ -71.99338, -38.52493 ], [ -71.99376, -38.52482 ], [ -71.99432, -38.52445 ], [ -71.99498, -38.52442 ], [ -71.9956, -38.52429 ], [ -71.99591, -38.52442 ], [ -71.99629, -38.52499 ], [ -71.99725, -38.52543 ], [ -71.99833, -38.52541 ], [ -71.99966, -38.52558 ], [ -72.00026, -38.52541 ], [ -72.00079, -38.52538 ], [ -72.00109, -38.52542 ], [ -72.00218, -38.52582 ], [ -72.00316, -38.52585 ], [ -72.00417, -38.52577 ], [ -72.00467, -38.52581 ], [ -72.00535, -38.52601 ], [ -72.00597, -38.52585 ], [ -72.00667, -38.5255 ], [ -72.00763, -38.5252 ], [ -72.00939, -38.52504 ], [ -72.01041, -38.52507 ], [ -72.01137, -38.5249 ], [ -72.01211, -38.52498 ], [ -72.01309, -38.52468 ], [ -72.01385, -38.52467 ], [ -72.01447, -38.52434 ], [ -72.01501, -38.52418 ], [ -72.01565, -38.52441 ], [ -72.01591, -38.52459 ], [ -72.01622, -38.52502 ], [ -72.01636, -38.52508 ], [ -72.01681, -38.52503 ], [ -72.01763, -38.52471 ], [ -72.01877, -38.52478 ], [ -72.01957, -38.52444 ], [ -72.02016, -38.52429 ], [ -72.02042, -38.52372 ], [ -72.02122, -38.52298 ], [ -72.02152, -38.52284 ], [ -72.02225, -38.52276 ], [ -72.02261, -38.52259 ], [ -72.02267, -38.52251 ], [ -72.0226, -38.52243 ], [ -72.02213, -38.52243 ], [ -72.02184, -38.52233 ], [ -72.02172, -38.52224 ], [ -72.02166, -38.52206 ], [ -72.02192, -38.52187 ], [ -72.02275, -38.5215 ], [ -72.02284, -38.5214 ], [ -72.02283, -38.52103 ], [ -72.023, -38.52084 ], [ -72.0243, -38.52059 ], [ -72.02625, -38.52002 ], [ -72.02699, -38.51968 ], [ -72.02731, -38.51923 ], [ -72.02765, -38.51906 ], [ -72.02821, -38.519 ], [ -72.02896, -38.51936 ], [ -72.02935, -38.51935 ], [ -72.03022, -38.51902 ], [ -72.03113, -38.51901 ], [ -72.03222, -38.51911 ], [ -72.03257, -38.51902 ], [ -72.03301, -38.51873 ], [ -72.03373, -38.51854 ], [ -72.03387, -38.51839 ], [ -72.03411, -38.51761 ], [ -72.03419, -38.51676 ], [ -72.03448, -38.51632 ], [ -72.03498, -38.51584 ], [ -72.03652, -38.51475 ], [ -72.03843, -38.51416 ], [ -72.03908, -38.51388 ], [ -72.03956, -38.5139 ], [ -72.04022, -38.5146 ], [ -72.04052, -38.51476 ], [ -72.04145, -38.51466 ], [ -72.04278, -38.51399 ], [ -72.04295, -38.51397 ], [ -72.04392, -38.51428 ], [ -72.04596, -38.51443 ], [ -72.04614, -38.51428 ], [ -72.04617, -38.51326 ], [ -72.04627, -38.51287 ], [ -72.04646, -38.51275 ], [ -72.04711, -38.51258 ], [ -72.04788, -38.51201 ], [ -72.04855, -38.51201 ], [ -72.05007, -38.51179 ], [ -72.05103, -38.5119 ], [ -72.05146, -38.51184 ], [ -72.05249, -38.51147 ], [ -72.05361, -38.51137 ], [ -72.05441, -38.51142 ], [ -72.05538, -38.51159 ], [ -72.05598, -38.51189 ], [ -72.05646, -38.51229 ], [ -72.0569, -38.51245 ], [ -72.05884, -38.51246 ], [ -72.05949, -38.51305 ], [ -72.05982, -38.51355 ], [ -72.06001, -38.51365 ], [ -72.06132, -38.51335 ], [ -72.06236, -38.51323 ], [ -72.06344, -38.51322 ], [ -72.06463, -38.51302 ], [ -72.06584, -38.51315 ], [ -72.06696, -38.51343 ], [ -72.06802, -38.51344 ], [ -72.06965, -38.5132 ], [ -72.07072, -38.51286 ], [ -72.07146, -38.5124 ], [ -72.0723, -38.51161 ], [ -72.07317, -38.51122 ], [ -72.0744, -38.51101 ], [ -72.07768, -38.51081 ], [ -72.07845, -38.51068 ], [ -72.07945, -38.5103 ], [ -72.07992, -38.51048 ], [ -72.08063, -38.51117 ], [ -72.08091, -38.51122 ], [ -72.08195, -38.5109 ], [ -72.08246, -38.51065 ], [ -72.08302, -38.51024 ], [ -72.08338, -38.50979 ], [ -72.08369, -38.50958 ], [ -72.08401, -38.50956 ], [ -72.0846, -38.50981 ], [ -72.08555, -38.50983 ], [ -72.08727, -38.50929 ], [ -72.08851, -38.50862 ], [ -72.08995, -38.50824 ], [ -72.09049, -38.50826 ], [ -72.09216, -38.50894 ], [ -72.09365, -38.50925 ], [ -72.09448, -38.50929 ], [ -72.09583, -38.5087 ], [ -72.09623, -38.50813 ], [ -72.09687, -38.50753 ], [ -72.09767, -38.50615 ], [ -72.09785, -38.50597 ], [ -72.0982, -38.50588 ], [ -72.09878, -38.5059 ], [ -72.09923, -38.50574 ], [ -72.09959, -38.50548 ], [ -72.09997, -38.50501 ], [ -72.10015, -38.50489 ], [ -72.10098, -38.50468 ], [ -72.10169, -38.50465 ], [ -72.10254, -38.50481 ], [ -72.10366, -38.5052 ], [ -72.10405, -38.50525 ], [ -72.10425, -38.50488 ], [ -72.1042, -38.50394 ], [ -72.10459, -38.50342 ], [ -72.10505, -38.50323 ], [ -72.10544, -38.50335 ], [ -72.10555, -38.50371 ], [ -72.10567, -38.50384 ], [ -72.10684, -38.50439 ], [ -72.10718, -38.50486 ], [ -72.10719, -38.50525 ], [ -72.10698, -38.50587 ], [ -72.10702, -38.50656 ], [ -72.1068, -38.50706 ], [ -72.10665, -38.50784 ], [ -72.10673, -38.50828 ], [ -72.10704, -38.50856 ] ] } },
{ "type": "Feature", "properties": { "osm_id": 774850729, "nombre": "Estero El Seco", "tipo": "stream", "volcan_codigo": "LON", "volcan_nombre": "Lonquimay", "drena_volcan": false }, "geometry": { "type": "LineString", "coordinates": [ [ -71.88195, -38.65667 ], [ -71.88267, -38.65667 ], [ -71.88304, -38.6568 ], [ -71.88316, -38.65749 ], [ -71.88334, -38.6579 ], [ -71.88375, -38.65829 ], [ -71.88387, -38.65861 ], [ -71.88429, -38.65888 ], [ -71.8855, -38.6587 ], [ -71.88592, -38.65892 ], [ -71.88623, -38.65936 ], [ -71.88768, -38.65927 ], [ -71.88814, -38.6594 ], [ -71.88883, -38.65979 ], [ -71.88943, -38.65992 ], [ -71.88979, -38.6598 ], [ -71.88993, -38.65928 ], [ -71.89012, -38.65912 ], [ -71.89056, -38.65914 ], [ -71.89159, -38.65956 ], [ -71.89209, -38.65968 ], [ -71.8932, -38.65962 ], [ -71.8935, -38.65979 ], [ -71.89383, -38.66059 ], [ -71.89414, -38.66091 ], [ -71.89429, -38.66104 ], [ -71.89493, -38.66129 ], [ -71.89579, -38.66131 ], [ -71.8968, -38.66118 ], [ -71.89811, -38.6609 ], [ -71.89874, -38.66064 ], [ -71.89925, -38.66055 ], [ -71.90038, -38.66062 ], [ -71.90139, -38.66057 ], [ -71.90346, -38.66081 ], [ -71.90574, -38.66152 ], [ -71.90698, -38.66166 ], [ -71.90741, -38.66159 ], [ -71.90773, -38.66165 ], [ -71.90811, -38.66185 ], [ -71.90871, -38.66248 ], [ -71.9099, -38.66268 ], [ -71.91075, -38.66314 ], [ -71.9111, -38.66362 ], [ -71.91153, -38.66377 ], [ -71.91189, -38.66374 ], [ -71.91197, -38.6639 ], [ -71.91297, -38.6641 ], [ -71.91389, -38.66446 ], [ -71.91544, -38.66535 ], [ -71.91602, -38.66583 ], [ -71.91768, -38.66689 ], [ -71.91834, -38.66689 ], [ -71.91855, -38.66673 ], [ -71.91832, -38.6661 ], [ -71.91842, -38.66595 ], [ -71.91923, -38.66588 ], [ -71.9198, -38.66568 ], [ -71.92187, -38.66526 ], [ -71.92213, -38.66554 ], [ -71.92242, -38.66656 ], [ -71.92263, -38.66685 ], [ -71.92514, -38.66834 ], [ -71.92637, -38.66873 ], [ -71.927, -38.6687 ], [ -71.92773, -38.66941 ], [ -71.92847, -38.66983 ], [ -71.92906, -38.66996 ], [ -71.93028, -38.67003 ], [ -71.93059, -38.67014 ], [ -71.93107, -38.67012 ], [ -71.93153, -38.67028 ], [ -71.93258, -38.67135 ], [ -71.93263, -38.67146 ], [ -71.93254, -38.6722 ], [ -71.9326, -38.67231 ], [ -71.93366, -38.67294 ], [ -71.93508, -38.67297 ], [ -71.93576, -38.67271 ], [ -71.93625, -38.67274 ], [ -71.9382, -38.67317 ], [ -71.93904, -38.67346 ], [ -71.9406, -38.6737 ], [ -71.94243, -38.67462 ], [ -71.94277, -38.67508 ], [ -71.94289, -38.67558 ], [ -71.94344, -38.67592 ], [ -71.94364, -38.67625 ], [ -71.94401, -38.67649 ] ] } },
{ "type": "Feature", "properties": { "osm_id": 813491362, "nombre": "Sin nombre", "tipo": "stream", "volcan_codigo": "LON", "volcan_nombre": "Lonquimay", "drena_volcan": false }, "geometry": { "type": "LineString", "coordinates": [ [ -71.21842, -38.0493 ], [ -71.21865, -38.049 ], [ -71.21919, -38.04886 ], [ -71.2196, -38.04856 ], [ -71.22003, -38.04869 ], [ -71.22048, -38.04867 ], [ -71.22111, -38.04885 ], [ -71.22167, -38.04862 ], [ -71.22212, -38.0482 ], [ -71.22242, -38.04807 ], [ -71.22332, -38.04809 ], [ -71.22388, -38.04775 ], [ -71.22432, -38.04763 ], [ -71.22464, -38.04769 ], [ -71.22491, -38.04785 ], [ -71.22514, -38.04784 ], [ -71.22545, -38.04771 ], [ -71.22594, -38.04732 ], [ -71.22634, -38.04718 ], [ -71.22684, -38.04733 ], [ -71.22729, -38.04709 ], [ -71.22737, -38.04693 ], [ -71.22735, -38.04675 ], [ -71.22749, -38.04662 ], [ -71.22772, -38.04661 ], [ -71.22812, -38.04679 ], [ -71.22855, -38.04674 ], [ -71.22896, -38.04632 ], [ -71.23014, -38.04605 ], [ -71.23072, -38.0456 ], [ -71.23105, -38.04563 ], [ -71.23134, -38.0458 ], [ -71.23155, -38.04578 ], [ -71.23195, -38.04543 ], [ -71.2325, -38.04529 ], [ -71.23276, -38.04511 ], [ -71.23286, -38.04499 ], [ -71.23292, -38.04447 ], [ -71.23302, -38.04431 ], [ -71.23426, -38.04351 ], [ -71.23453, -38.04321 ], [ -71.23452, -38.04312 ] ] } },
{ "type": "Feature", "properties": { "osm_id": 813491363, "nombre": "Sin nombre", "tipo": "stream", "volcan_codigo": "LON", "volcan_nombre": "Lonquimay", "drena_volcan": false }, "geometry": { "type": "LineString", "coordinates": [ [ -71.14831, -38.07407 ], [ -71.14897, -38.07334 ], [ -71.14904, -38.07309 ], [ -71.14924, -38.07286 ], [ -71.14928, -38.07252 ], [ -71.14918, -38.07202 ], [ -71.14931, -38.07177 ], [ -71.14967, -38.07154 ], [ -71.14984, -38.07121 ], [ -71.15008, -38.07101 ], [ -71.15007, -38.07038 ], [ -71.14997, -38.07005 ], [ -71.15013, -38.0697 ], [ -71.15013, -38.06925 ], [ -71.15058, -38.06884 ], [ -71.15079, -38.06827 ], [ -71.15136, -38.06797 ], [ -71.15153, -38.06755 ], [ -71.15177, -38.06736 ], [ -71.15235, -38.06726 ], [ -71.15292, -38.06727 ], [ -71.15334, -38.06716 ], [ -71.15367, -38.06679 ], [ -71.1543, -38.0663 ], [ -71.15443, -38.06557 ], [ -71.15467, -38.06527 ], [ -71.15574, -38.06478 ], [ -71.15661, -38.06403 ], [ -71.1571, -38.06377 ], [ -71.15809, -38.06281 ], [ -71.15926, -38.06225 ], [ -71.15982, -38.06216 ], [ -71.16038, -38.06217 ], [ -71.16052, -38.06204 ], [ -71.1608, -38.06147 ], [ -71.16097, -38.06135 ], [ -71.16141, -38.06132 ], [ -71.16209, -38.0614 ], [ -71.16347, -38.06075 ], [ -71.1645, -38.06014 ], [ -71.16485, -38.05969 ], [ -71.16543, -38.0594 ], [ -71.16603, -38.05858 ], [ -71.16656, -38.05841 ], [ -71.16698, -38.05852 ], [ -71.16729, -38.05847 ], [ -71.16749, -38.058 ], [ -71.16777, -38.05772 ], [ -71.16809, -38.0577 ], [ -71.1684, -38.05795 ], [ -71.16886, -38.05787 ], [ -71.16914, -38.05776 ], [ -71.16933, -38.05754 ], [ -71.16989, -38.05722 ], [ -71.17097, -38.05716 ], [ -71.17124, -38.057 ], [ -71.17139, -38.05676 ], [ -71.1716, -38.05667 ], [ -71.1724, -38.05653 ], [ -71.17274, -38.05591 ], [ -71.17333, -38.0556 ], [ -71.17376, -38.05515 ], [ -71.17383, -38.05488 ], [ -71.17377, -38.05471 ], [ -71.17396, -38.0545 ], [ -71.1753, -38.0539 ], [ -71.17608, -38.05335 ], [ -71.17705, -38.05288 ], [ -71.17778, -38.05235 ], [ -71.1782, -38.0519 ], [ -71.17852, -38.05183 ], [ -71.17892, -38.05198 ], [ -71.17918, -38.05192 ], [ -71.17954, -38.05157 ], [ -71.17987, -38.05153 ], [ -71.18037, -38.05127 ], [ -71.18081, -38.05074 ], [ -71.18178, -38.05029 ], [ -71.18232, -38.05029 ], [ -71.18341, -38.05074 ], [ -71.18399, -38.05075 ], [ -71.18524, -38.05057 ], [ -71.18555, -38.05109 ], [ -71.18578, -38.05115 ], [ -71.1863, -38.05096 ], [ -71.18684, -38.05049 ], [ -71.18747, -38.05063 ], [ -71.18802, -38.0505 ], [ -71.18816, -38.05064 ], [ -71.18806, -38.05126 ], [ -71.18817, -38.05142 ], [ -71.18928, -38.05199 ], [ -71.1896, -38.05193 ], [ -71.19012, -38.05157 ], [ -71.19067, -38.0514 ], [ -71.19112, -38.0511 ], [ -71.19145, -38.05111 ], [ -71.19181, -38.05135 ], [ -71.19258, -38.05122 ], [ -71.19296, -38.05141 ], [ -71.19353, -38.05149 ], [ -71.19386, -38.05143 ], [ -71.19412, -38.05115 ], [ -71.19432, -38.05107 ], [ -71.19465, -38.05114 ], [ -71.19483, -38.05136 ], [ -71.19527, -38.05159 ], [ -71.19562, -38.05157 ], [ -71.19614, -38.05137 ], [ -71.19648, -38.05139 ], [ -71.19706, -38.05168 ], [ -71.19754, -38.05214 ], [ -71.19795, -38.05232 ], [ -71.19818, -38.05231 ], [ -71.19867, -38.05205 ], [ -71.19901, -38.052 ], [ -71.19934, -38.05207 ], [ -71.20023, -38.05251 ], [ -71.20057, -38.05251 ], [ -71.20099, -38.05238 ], [ -71.20125, -38.05253 ], [ -71.20136, -38.05251 ], [ -71.20145, -38.05216 ], [ -71.20166, -38.05206 ], [ -71.2021, -38.05203 ], [ -71.20301, -38.05221 ], [ -71.20318, -38.05208 ], [ -71.20326, -38.05164 ], [ -71.20402, -38.05146 ], [ -71.20466, -38.05076 ], [ -71.20497, -38.0506 ], [ -71.20531, -38.0506 ], [ -71.20586, -38.05083 ], [ -71.20627, -38.05089 ], [ -71.20657, -38.05072 ], [ -71.20676, -38.0504 ], [ -71.20694, -38.05029 ], [ -71.20727, -38.05033 ], [ -71.20816, -38.05068 ], [ -71.20855, -38.05062 ], [ -71.20899, -38.05033 ], [ -71.20978, -38.05016 ], [ -71.21016, -38.05017 ], [ -71.2107, -38.05003 ], [ -71.21125, -38.05013 ], [ -71.21165, -38.04982 ], [ -71.21186, -38.04974 ], [ -71.21218, -38.04983 ], [ -71.21235, -38.05015 ], [ -71.21268, -38.05021 ], [ -71.21299, -38.0501 ], [ -71.21372, -38.04961 ], [ -71.21395, -38.0496 ], [ -71.21445, -38.04982 ], [ -71.2148, -38.04986 ], [ -71.21512, -38.04979 ], [ -71.21543, -38.04953 ], [ -71.21723, -38.04921 ], [ -71.2177, -38.04919 ], [ -71.21822, -38.04938 ], [ -71.21842, -38.0493 ] ] } },
{ "type": "Feature", "properties": { "osm_id": 813491364, "nombre": "Río Chaviquin", "tipo": "river", "volcan_codigo": "LON", "volcan_nombre": "Lonquimay", "drena_volcan": false }, "geometry": { "type": "LineString", "coordinates": [ [ -71.20493, -38.03074 ], [ -71.20585, -38.0311 ], [ -71.20606, -38.03131 ], [ -71.20619, -38.03182 ], [ -71.20586, -38.03246 ], [ -71.20585, -38.03271 ], [ -71.20595, -38.03286 ], [ -71.20647, -38.03304 ], [ -71.20751, -38.03308 ], [ -71.20805, -38.03319 ], [ -71.2082, -38.03351 ], [ -71.20881, -38.03403 ], [ -71.20911, -38.03442 ], [ -71.20945, -38.03545 ], [ -71.20994, -38.03635 ], [ -71.21126, -38.03687 ], [ -71.21219, -38.0378 ], [ -71.21294, -38.03823 ], [ -71.2143, -38.0387 ], [ -71.21474, -38.03877 ], [ -71.2154, -38.03862 ], [ -71.21631, -38.03806 ], [ -71.21684, -38.03788 ], [ -71.21784, -38.0381 ], [ -71.21962, -38.0388 ], [ -71.22008, -38.03877 ], [ -71.22063, -38.03839 ], [ -71.22107, -38.03832 ], [ -71.22139, -38.03843 ], [ -71.22198, -38.03887 ], [ -71.22348, -38.03923 ], [ -71.22399, -38.03944 ], [ -71.22413, -38.03959 ], [ -71.22439, -38.04025 ], [ -71.22482, -38.04078 ], [ -71.22518, -38.041 ], [ -71.22552, -38.04115 ], [ -71.22598, -38.04119 ], [ -71.22714, -38.04091 ], [ -71.2281, -38.0412 ], [ -71.2285, -38.04142 ], [ -71.22884, -38.04199 ], [ -71.22929, -38.04229 ], [ -71.2304, -38.04271 ], [ -71.2319, -38.04353 ], [ -71.23266, -38.04376 ], [ -71.23314, -38.04376 ], [ -71.23452, -38.04312 ] ] } },
{ "type": "Feature", "properties": { "osm_id": 845583095, "nombre": "Río Biobío", "tipo": "canal", "volcan_codigo": "LON", "volcan_nombre": "Lonquimay", "drena_volcan": true }, "geometry": { "type": "LineString", "coordinates": [ [ -71.4751, -38.04613 ], [ -71.47534, -38.04602 ] ] } },
{ "type": "Feature", "properties": { "osm_id": 879026090, "nombre": "Sin nombre", "tipo": "stream", "volcan_codigo": "LON", "volcan_nombre": "Lonquimay", "drena_volcan": false }, "geometry": { "type": "LineString", "coordinates": [ [ -71.62679, -38.76964 ], [ -71.62745, -38.77012 ], [ -71.62757, -38.77042 ], [ -71.62772, -38.77138 ], [ -71.62788, -38.77171 ], [ -71.62749, -38.77227 ], [ -71.6275, -38.77253 ], [ -71.62727, -38.77292 ], [ -71.62733, -38.77321 ], [ -71.62727, -38.77354 ], [ -71.62707, -38.77404 ], [ -71.62693, -38.77419 ] ] } },
{ "type": "Feature", "properties": { "osm_id": 879026091, "nombre": "Sin nombre", "tipo": "stream", "volcan_codigo": "LON", "volcan_nombre": "Lonquimay", "drena_volcan": false }, "geometry": { "type": "LineString", "coordinates": [ [ -71.62581, -38.72736 ], [ -71.62559, -38.72892 ], [ -71.6258, -38.73034 ], [ -71.62577, -38.73108 ], [ -71.62538, -38.73163 ], [ -71.62531, -38.73194 ], [ -71.62554, -38.73223 ], [ -71.6257, -38.7334 ], [ -71.62562, -38.73368 ], [ -71.62529, -38.73398 ], [ -71.62494, -38.73473 ], [ -71.62435, -38.7354 ], [ -71.62428, -38.73578 ], [ -71.62465, -38.73605 ], [ -71.62466, -38.73636 ], [ -71.62444, -38.73667 ], [ -71.62457, -38.73752 ], [ -71.62466, -38.73795 ], [ -71.62493, -38.73842 ], [ -71.62488, -38.73887 ], [ -71.62501, -38.73939 ], [ -71.62541, -38.73963 ], [ -71.62531, -38.74008 ], [ -71.62557, -38.74041 ], [ -71.62544, -38.74075 ], [ -71.62578, -38.74159 ], [ -71.62544, -38.74235 ], [ -71.62521, -38.74257 ], [ -71.62458, -38.74271 ], [ -71.62444, -38.74293 ], [ -71.62451, -38.74454 ], [ -71.62433, -38.74649 ], [ -71.62435, -38.74742 ], [ -71.62464, -38.7478 ], [ -71.62471, -38.74804 ], [ -71.62517, -38.74838 ], [ -71.62511, -38.74892 ], [ -71.62533, -38.74984 ], [ -71.62476, -38.75022 ], [ -71.62473, -38.7509 ], [ -71.62408, -38.75179 ], [ -71.62437, -38.75219 ], [ -71.62374, -38.75293 ], [ -71.62363, -38.75424 ], [ -71.62378, -38.75469 ], [ -71.6236, -38.75511 ], [ -71.62362, -38.75534 ], [ -71.62391, -38.7555 ], [ -71.62391, -38.75565 ], [ -71.62371, -38.75595 ], [ -71.62366, -38.75627 ], [ -71.62377, -38.75658 ], [ -71.62374, -38.75695 ], [ -71.6234, -38.75729 ], [ -71.62338, -38.75836 ], [ -71.62364, -38.75866 ], [ -71.62357, -38.75896 ], [ -71.62309, -38.75931 ], [ -71.62303, -38.75968 ], [ -71.62333, -38.76003 ], [ -71.6233, -38.76018 ], [ -71.62311, -38.76031 ], [ -71.62299, -38.76053 ], [ -71.62307, -38.76092 ], [ -71.62326, -38.76121 ], [ -71.62457, -38.76183 ], [ -71.62471, -38.76202 ], [ -71.62421, -38.76248 ], [ -71.62431, -38.76277 ], [ -71.62456, -38.76296 ], [ -71.62528, -38.76325 ], [ -71.62498, -38.76372 ], [ -71.62495, -38.76389 ], [ -71.62536, -38.76445 ], [ -71.62536, -38.76453 ], [ -71.62521, -38.76465 ], [ -71.62522, -38.76485 ], [ -71.62574, -38.76532 ], [ -71.62596, -38.76602 ], [ -71.62609, -38.76616 ], [ -71.62599, -38.7669 ], [ -71.6265, -38.76733 ], [ -71.62644, -38.7677 ], [ -71.627, -38.76907 ], [ -71.62695, -38.76916 ], [ -71.62674, -38.76913 ], [ -71.62663, -38.76928 ], [ -71.62679, -38.76964 ] ] } },
{ "type": "Feature", "properties": { "osm_id": 879026092, "nombre": "Sin nombre", "tipo": "stream", "volcan_codigo": "LON", "volcan_nombre": "Lonquimay", "drena_volcan": false }, "geometry": { "type": "LineString", "coordinates": [ [ -71.64256, -38.78477 ], [ -71.64302, -38.78507 ], [ -71.64335, -38.78567 ], [ -71.64366, -38.78578 ], [ -71.64372, -38.78603 ], [ -71.64387, -38.78607 ], [ -71.64408, -38.78599 ], [ -71.64419, -38.78605 ], [ -71.6446, -38.78673 ], [ -71.64468, -38.78723 ], [ -71.64457, -38.78777 ], [ -71.6443, -38.78843 ], [ -71.644, -38.78848 ], [ -71.64386, -38.78902 ], [ -71.64368, -38.78929 ], [ -71.64272, -38.78999 ], [ -71.64267, -38.79072 ], [ -71.64278, -38.79126 ] ] } },
{ "type": "Feature", "properties": { "osm_id": 945144323, "nombre": "Sin nombre", "tipo": "stream", "volcan_codigo": "LON", "volcan_nombre": "Lonquimay", "drena_volcan": false }, "geometry": { "type": "LineString", "coordinates": [ [ -71.34474, -38.45771 ], [ -71.3445, -38.45724 ], [ -71.34223, -38.45591 ] ] } },
{ "type": "Feature", "properties": { "osm_id": 945144324, "nombre": "Sin nombre", "tipo": "river", "volcan_codigo": "LON", "volcan_nombre": "Lonquimay", "drena_volcan": false }, "geometry": { "type": "LineString", "coordinates": [ [ -71.33946, -38.45757 ], [ -71.34069, -38.45723 ], [ -71.34116, -38.45677 ], [ -71.34171, -38.45656 ] ] } },
{ "type": "Feature", "properties": { "osm_id": 945920424, "nombre": "Sin nombre", "tipo": "stream", "volcan_codigo": "LON", "volcan_nombre": "Lonquimay", "drena_volcan": false }, "geometry": { "type": "LineString", "coordinates": [ [ -71.36737, -38.24827 ], [ -71.36519, -38.24761 ], [ -71.36459, -38.24783 ], [ -71.36402, -38.24763 ], [ -71.36363, -38.24764 ], [ -71.3617, -38.24829 ], [ -71.36116, -38.2482 ], [ -71.36081, -38.24824 ], [ -71.36045, -38.24849 ], [ -71.36024, -38.24895 ], [ -71.36022, -38.25027 ], [ -71.36005, -38.25038 ], [ -71.35988, -38.25031 ], [ -71.35945, -38.25034 ], [ -71.3594, -38.25056 ], [ -71.35973, -38.25068 ], [ -71.35974, -38.25086 ], [ -71.35931, -38.2512 ], [ -71.35918, -38.25145 ], [ -71.35924, -38.25207 ], [ -71.3595, -38.25253 ], [ -71.35938, -38.25293 ], [ -71.3593, -38.25387 ], [ -71.35896, -38.25439 ], [ -71.35791, -38.25533 ], [ -71.35741, -38.25599 ], [ -71.35738, -38.25637 ], [ -71.35719, -38.25692 ], [ -71.35688, -38.25743 ], [ -71.35683, -38.25848 ], [ -71.3563, -38.25954 ], [ -71.35613, -38.26037 ], [ -71.35564, -38.26097 ], [ -71.35576, -38.26114 ], [ -71.35578, -38.26141 ], [ -71.35548, -38.26161 ], [ -71.35517, -38.26207 ], [ -71.35509, -38.26254 ], [ -71.35489, -38.26292 ], [ -71.3547, -38.26295 ], [ -71.35453, -38.26315 ], [ -71.35426, -38.26366 ], [ -71.35431, -38.26388 ], [ -71.35417, -38.26395 ], [ -71.35382, -38.26395 ], [ -71.35293, -38.26456 ], [ -71.35227, -38.26516 ], [ -71.35189, -38.26563 ], [ -71.3516, -38.26566 ], [ -71.35127, -38.26558 ], [ -71.35099, -38.26575 ], [ -71.35027, -38.26586 ] ] } },
{ "type": "Feature", "properties": { "osm_id": 945920425, "nombre": "Sin nombre", "tipo": "stream", "volcan_codigo": "LON", "volcan_nombre": "Lonquimay", "drena_volcan": false }, "geometry": { "type": "LineString", "coordinates": [ [ -71.36725, -38.25138 ], [ -71.36639, -38.25124 ], [ -71.36489, -38.2514 ], [ -71.36443, -38.25132 ], [ -71.3632, -38.25136 ], [ -71.36245, -38.25118 ], [ -71.36109, -38.25147 ], [ -71.36078, -38.25159 ], [ -71.36027, -38.25203 ], [ -71.35981, -38.25215 ], [ -71.35944, -38.25236 ] ] } },
{ "type": "Feature", "properties": { "osm_id": 945920426, "nombre": "Sin nombre", "tipo": "stream", "volcan_codigo": "LON", "volcan_nombre": "Lonquimay", "drena_volcan": false }, "geometry": { "type": "LineString", "coordinates": [ [ -71.37989, -38.26449 ], [ -71.37867, -38.26486 ], [ -71.3782, -38.26518 ], [ -71.37784, -38.26509 ], [ -71.37748, -38.26533 ], [ -71.3764, -38.26575 ], [ -71.37618, -38.26614 ], [ -71.37633, -38.26633 ], [ -71.37578, -38.26664 ], [ -71.37544, -38.26706 ], [ -71.3752, -38.26752 ], [ -71.3752, -38.26798 ], [ -71.37481, -38.2684 ], [ -71.3746, -38.26884 ], [ -71.374, -38.26951 ], [ -71.37324, -38.27 ], [ -71.37243, -38.26963 ], [ -71.36797, -38.26932 ], [ -71.36731, -38.26954 ], [ -71.36584, -38.26971 ], [ -71.36454, -38.27038 ] ] } },
{ "type": "Feature", "properties": { "osm_id": 945920428, "nombre": "Sin nombre", "tipo": "stream", "volcan_codigo": "LON", "volcan_nombre": "Lonquimay", "drena_volcan": false }, "geometry": { "type": "LineString", "coordinates": [ [ -71.38267, -38.27499 ], [ -71.38223, -38.27499 ], [ -71.38105, -38.27451 ], [ -71.38064, -38.27415 ], [ -71.37931, -38.27339 ], [ -71.37848, -38.2723 ], [ -71.3768, -38.27068 ], [ -71.37658, -38.27057 ] ] } },
{ "type": "Feature", "properties": { "osm_id": 945920429, "nombre": "Sin nombre", "tipo": "stream", "volcan_codigo": "LON", "volcan_nombre": "Lonquimay", "drena_volcan": false }, "geometry": { "type": "LineString", "coordinates": [ [ -71.39599, -38.27356 ], [ -71.39605, -38.27337 ], [ -71.39593, -38.27305 ], [ -71.39569, -38.2728 ], [ -71.39565, -38.27211 ], [ -71.39546, -38.27163 ], [ -71.39567, -38.27112 ], [ -71.39543, -38.27077 ], [ -71.39433, -38.26993 ], [ -71.39412, -38.26963 ], [ -71.39354, -38.26915 ] ] } },
{ "type": "Feature", "properties": { "osm_id": 945920430, "nombre": "Sin nombre", "tipo": "stream", "volcan_codigo": "LON", "volcan_nombre": "Lonquimay", "drena_volcan": false }, "geometry": { "type": "LineString", "coordinates": [ [ -71.40691, -38.26777 ], [ -71.40624, -38.26813 ], [ -71.40443, -38.26851 ], [ -71.40365, -38.26843 ], [ -71.40215, -38.26848 ], [ -71.40153, -38.26833 ], [ -71.40126, -38.26809 ], [ -71.40082, -38.26797 ], [ -71.39919, -38.26813 ], [ -71.39742, -38.26839 ], [ -71.39598, -38.26875 ], [ -71.39574, -38.26915 ], [ -71.39524, -38.26911 ], [ -71.39482, -38.26892 ], [ -71.39395, -38.26902 ], [ -71.39354, -38.26915 ], [ -71.39335, -38.26931 ], [ -71.39214, -38.26958 ], [ -71.39107, -38.26964 ], [ -71.39073, -38.26942 ], [ -71.39022, -38.2695 ], [ -71.38828, -38.2701 ], [ -71.38755, -38.2701 ], [ -71.38687, -38.27026 ], [ -71.38627, -38.27021 ], [ -71.38541, -38.26999 ], [ -71.3848, -38.27005 ], [ -71.38467, -38.27014 ], [ -71.38311, -38.27021 ], [ -71.38194, -38.27022 ], [ -71.38128, -38.27013 ], [ -71.38003, -38.27057 ], [ -71.37809, -38.27061 ], [ -71.37542, -38.27053 ], [ -71.37324, -38.27 ] ] } },
{ "type": "Feature", "properties": { "osm_id": 945920432, "nombre": "Sin nombre", "tipo": "stream", "volcan_codigo": "LON", "volcan_nombre": "Lonquimay", "drena_volcan": false }, "geometry": { "type": "LineString", "coordinates": [ [ -71.34431, -38.26822 ], [ -71.34388, -38.26845 ], [ -71.34346, -38.26843 ], [ -71.34323, -38.26827 ], [ -71.34327, -38.26813 ], [ -71.34312, -38.26799 ], [ -71.34298, -38.26798 ], [ -71.34248, -38.26821 ], [ -71.34205, -38.26822 ], [ -71.34132, -38.26807 ], [ -71.34015, -38.26814 ], [ -71.33973, -38.26823 ], [ -71.33956, -38.26841 ], [ -71.33938, -38.26846 ], [ -71.33919, -38.26845 ], [ -71.33913, -38.26831 ], [ -71.33924, -38.26821 ], [ -71.33908, -38.26808 ], [ -71.33883, -38.26812 ], [ -71.33779, -38.26864 ], [ -71.33636, -38.26901 ], [ -71.33598, -38.2692 ], [ -71.33581, -38.26946 ], [ -71.3355, -38.26972 ], [ -71.33492, -38.26995 ], [ -71.3345, -38.26989 ], [ -71.3336, -38.26948 ], [ -71.33282, -38.26928 ], [ -71.33221, -38.26936 ], [ -71.33198, -38.26947 ], [ -71.33121, -38.26946 ], [ -71.33083, -38.26966 ], [ -71.33034, -38.26956 ], [ -71.33017, -38.26961 ], [ -71.32969, -38.26932 ], [ -71.32944, -38.26931 ], [ -71.32924, -38.26942 ], [ -71.32871, -38.26932 ], [ -71.32808, -38.26933 ], [ -71.32659, -38.26987 ], [ -71.32629, -38.26969 ], [ -71.32629, -38.2694 ], [ -71.32684, -38.26887 ], [ -71.3268, -38.26875 ], [ -71.32661, -38.26866 ], [ -71.32637, -38.26806 ], [ -71.32612, -38.26794 ], [ -71.32525, -38.26793 ], [ -71.32498, -38.26784 ], [ -71.3249, -38.26742 ], [ -71.32467, -38.26722 ], [ -71.32458, -38.26703 ], [ -71.32442, -38.26695 ], [ -71.32428, -38.26668 ], [ -71.32408, -38.26649 ], [ -71.32344, -38.26642 ], [ -71.32234, -38.26587 ] ] } },
{ "type": "Feature", "properties": { "osm_id": 946140628, "nombre": "Sin nombre", "tipo": "stream", "volcan_codigo": "LON", "volcan_nombre": "Lonquimay", "drena_volcan": false }, "geometry": { "type": "LineString", "coordinates": [ [ -71.37512, -38.25809 ], [ -71.37463, -38.25885 ], [ -71.3739, -38.2594 ], [ -71.37415, -38.26003 ], [ -71.37244, -38.26128 ], [ -71.37204, -38.26176 ], [ -71.37081, -38.26242 ], [ -71.37015, -38.26289 ], [ -71.36951, -38.26304 ], [ -71.36881, -38.26358 ], [ -71.36819, -38.26421 ], [ -71.36799, -38.26473 ], [ -71.36811, -38.26551 ], [ -71.36871, -38.26688 ], [ -71.36851, -38.26716 ], [ -71.36762, -38.26728 ], [ -71.36748, -38.26752 ], [ -71.36765, -38.26841 ], [ -71.36747, -38.2689 ], [ -71.36702, -38.26912 ], [ -71.36454, -38.26857 ], [ -71.36374, -38.26859 ] ] } },
{ "type": "Feature", "properties": { "osm_id": 964800188, "nombre": "Sin nombre", "tipo": "stream", "volcan_codigo": "LON", "volcan_nombre": "Lonquimay", "drena_volcan": false }, "geometry": { "type": "LineString", "coordinates": [ [ -71.61632, -38.59959 ], [ -71.61613, -38.60022 ], [ -71.61613, -38.60102 ], [ -71.61648, -38.60205 ], [ -71.6171, -38.60347 ], [ -71.61712, -38.60517 ], [ -71.61689, -38.60575 ], [ -71.61679, -38.60668 ], [ -71.61685, -38.60748 ], [ -71.6172, -38.60803 ], [ -71.61962, -38.60897 ], [ -71.6211, -38.60909 ], [ -71.62258, -38.60888 ], [ -71.62333, -38.60886 ], [ -71.62493, -38.60953 ], [ -71.62688, -38.61005 ], [ -71.62883, -38.61104 ], [ -71.62996, -38.61173 ], [ -71.63144, -38.61226 ], [ -71.63236, -38.6124 ], [ -71.63478, -38.61228 ], [ -71.63497, -38.61241 ], [ -71.63471, -38.61282 ], [ -71.63485, -38.61328 ] ] } },
{ "type": "Feature", "properties": { "osm_id": 964800189, "nombre": "Sin nombre", "tipo": "stream", "volcan_codigo": "LON", "volcan_nombre": "Lonquimay", "drena_volcan": false }, "geometry": { "type": "LineString", "coordinates": [ [ -71.63485, -38.61328 ], [ -71.63556, -38.6142 ], [ -71.6356, -38.61458 ], [ -71.63438, -38.61609 ], [ -71.63326, -38.6184 ], [ -71.63312, -38.61889 ], [ -71.63318, -38.61936 ] ] } },
{ "type": "Feature", "properties": { "osm_id": 964800190, "nombre": "Sin nombre", "tipo": "stream", "volcan_codigo": "LON", "volcan_nombre": "Lonquimay", "drena_volcan": false }, "geometry": { "type": "LineString", "coordinates": [ [ -71.6808, -38.61605 ], [ -71.67917, -38.61842 ], [ -71.67882, -38.61955 ], [ -71.67725, -38.62099 ], [ -71.67653, -38.62212 ], [ -71.67585, -38.62347 ], [ -71.67569, -38.62444 ], [ -71.67513, -38.6253 ], [ -71.67443, -38.62608 ], [ -71.67359, -38.62849 ], [ -71.673, -38.62909 ], [ -71.6717, -38.62947 ], [ -71.6706, -38.63011 ], [ -71.66966, -38.63097 ], [ -71.66913, -38.63121 ], [ -71.66808, -38.63126 ], [ -71.66622, -38.63087 ] ] } },
{ "type": "Feature", "properties": { "osm_id": 964800191, "nombre": "Sin nombre", "tipo": "stream", "volcan_codigo": "LON", "volcan_nombre": "Lonquimay", "drena_volcan": false }, "geometry": { "type": "LineString", "coordinates": [ [ -71.65186, -38.64842 ], [ -71.65203, -38.64755 ], [ -71.65224, -38.64724 ], [ -71.65259, -38.64706 ], [ -71.65266, -38.64678 ], [ -71.6525, -38.64652 ], [ -71.65303, -38.64552 ] ] } },
{ "type": "Feature", "properties": { "osm_id": 964800192, "nombre": "Sin nombre", "tipo": "stream", "volcan_codigo": "LON", "volcan_nombre": "Lonquimay", "drena_volcan": false }, "geometry": { "type": "LineString", "coordinates": [ [ -71.66256, -38.60881 ], [ -71.66323, -38.60994 ], [ -71.66425, -38.61124 ], [ -71.66447, -38.61172 ], [ -71.66431, -38.61225 ], [ -71.66377, -38.61296 ], [ -71.66358, -38.61396 ], [ -71.66466, -38.61547 ], [ -71.66549, -38.6161 ], [ -71.66608, -38.61679 ], [ -71.666, -38.61851 ], [ -71.66688, -38.61994 ], [ -71.66661, -38.62086 ], [ -71.66616, -38.62182 ], [ -71.66477, -38.62307 ], [ -71.66446, -38.62319 ] ] } },
{ "type": "Feature", "properties": { "osm_id": 964800193, "nombre": "Sin nombre", "tipo": "stream", "volcan_codigo": "LON", "volcan_nombre": "Lonquimay", "drena_volcan": false }, "geometry": { "type": "LineString", "coordinates": [ [ -71.66838, -38.6117 ], [ -71.66782, -38.61352 ], [ -71.66755, -38.61564 ], [ -71.66785, -38.61642 ], [ -71.66844, -38.61707 ], [ -71.66873, -38.61782 ], [ -71.66809, -38.61924 ], [ -71.66822, -38.62 ], [ -71.66814, -38.62088 ], [ -71.66785, -38.62124 ], [ -71.6671, -38.62134 ], [ -71.66625, -38.62162 ] ] } },
{ "type": "Feature", "properties": { "osm_id": 964800194, "nombre": "Sin nombre", "tipo": "stream", "volcan_codigo": "LON", "volcan_nombre": "Lonquimay", "drena_volcan": false }, "geometry": { "type": "LineString", "coordinates": [ [ -71.65566, -38.60507 ], [ -71.6555, -38.6062 ], [ -71.65481, -38.60823 ], [ -71.65499, -38.60926 ], [ -71.65545, -38.61012 ], [ -71.6554, -38.61066 ], [ -71.65481, -38.61087 ] ] } },
{ "type": "Feature", "properties": { "osm_id": 964800195, "nombre": "Sin nombre", "tipo": "stream", "volcan_codigo": "LON", "volcan_nombre": "Lonquimay", "drena_volcan": false }, "geometry": { "type": "LineString", "coordinates": [ [ -71.65481, -38.61087 ], [ -71.6543, -38.61163 ], [ -71.65379, -38.61295 ], [ -71.65384, -38.61406 ], [ -71.65695, -38.61762 ], [ -71.6569, -38.61821 ], [ -71.65639, -38.61888 ] ] } },
{ "type": "Feature", "properties": { "osm_id": 964800196, "nombre": "Sin nombre", "tipo": "stream", "volcan_codigo": "LON", "volcan_nombre": "Lonquimay", "drena_volcan": false }, "geometry": { "type": "LineString", "coordinates": [ [ -71.65639, -38.61888 ], [ -71.65626, -38.61949 ], [ -71.65626, -38.62035 ], [ -71.65698, -38.62077 ], [ -71.65786, -38.62106 ], [ -71.66085, -38.62259 ], [ -71.66135, -38.62327 ] ] } },
{ "type": "Feature", "properties": { "osm_id": 964800197, "nombre": "Sin nombre", "tipo": "stream", "volcan_codigo": "LON", "volcan_nombre": "Lonquimay", "drena_volcan": false }, "geometry": { "type": "LineString", "coordinates": [ [ -71.64771, -38.60271 ], [ -71.64771, -38.60451 ], [ -71.6476, -38.60531 ], [ -71.64479, -38.60921 ], [ -71.64479, -38.60981 ], [ -71.6454, -38.61036 ], [ -71.64508, -38.61073 ], [ -71.64227, -38.61254 ], [ -71.64127, -38.61331 ], [ -71.64068, -38.61407 ], [ -71.64068, -38.61509 ], [ -71.64092, -38.617 ], [ -71.64087, -38.6174 ] ] } },
{ "type": "Feature", "properties": { "osm_id": 1030824571, "nombre": "Sin nombre", "tipo": "stream", "volcan_codigo": "LON", "volcan_nombre": "Lonquimay", "drena_volcan": false }, "geometry": { "type": "LineString", "coordinates": [ [ -71.62316, -38.57726 ], [ -71.62409, -38.5775 ], [ -71.62475, -38.57752 ], [ -71.62512, -38.5775 ], [ -71.62528, -38.57727 ], [ -71.62551, -38.57719 ], [ -71.62618, -38.57719 ], [ -71.62703, -38.57733 ], [ -71.62814, -38.57708 ], [ -71.62897, -38.57717 ], [ -71.62951, -38.57709 ], [ -71.63036, -38.57684 ], [ -71.63064, -38.57617 ] ] } },
{ "type": "Feature", "properties": { "osm_id": 1030824572, "nombre": "Sin nombre", "tipo": "stream", "volcan_codigo": "LON", "volcan_nombre": "Lonquimay", "drena_volcan": false }, "geometry": { "type": "LineString", "coordinates": [ [ -71.62804, -38.57573 ], [ -71.62893, -38.57554 ], [ -71.62998, -38.57564 ], [ -71.63023, -38.57547 ], [ -71.6304, -38.57548 ], [ -71.63064, -38.57572 ], [ -71.63103, -38.57561 ], [ -71.63128, -38.57585 ], [ -71.6316, -38.5759 ] ] } },
{ "type": "Feature", "properties": { "osm_id": 1132592540, "nombre": "Río Truful Truful", "tipo": "river", "volcan_codigo": "LON", "volcan_nombre": "Lonquimay", "drena_volcan": false }, "geometry": { "type": "LineString", "coordinates": [ [ -71.64218, -38.79058 ], [ -71.64235, -38.7912 ], [ -71.64232, -38.79192 ], [ -71.6424, -38.7926 ], [ -71.64202, -38.79341 ], [ -71.64202, -38.79366 ], [ -71.64214, -38.79393 ] ] } },
{ "type": "Feature", "properties": { "osm_id": 1156847542, "nombre": "Sin nombre", "tipo": "stream", "volcan_codigo": "LON", "volcan_nombre": "Lonquimay", "drena_volcan": true }, "geometry": { "type": "LineString", "coordinates": [ [ -71.48328, -38.29279 ], [ -71.48319, -38.29254 ], [ -71.48282, -38.29222 ] ] } },
{ "type": "Feature", "properties": { "osm_id": 1156847543, "nombre": "Sin nombre", "tipo": "stream", "volcan_codigo": "LON", "volcan_nombre": "Lonquimay", "drena_volcan": false }, "geometry": { "type": "LineString", "coordinates": [ [ -71.48325, -38.29295 ], [ -71.48328, -38.29279 ] ] } },
{ "type": "Feature", "properties": { "osm_id": 1156847544, "nombre": "Río Lolco", "tipo": "river", "volcan_codigo": "LON", "volcan_nombre": "Lonquimay", "drena_volcan": false }, "geometry": { "type": "LineString", "coordinates": [ [ -71.49208, -38.29623 ], [ -71.49186, -38.29607 ], [ -71.4917, -38.29573 ], [ -71.49117, -38.29517 ] ] } },
{ "type": "Feature", "properties": { "osm_id": 1186142211, "nombre": "Decarga Ralco", "tipo": "canal", "volcan_codigo": "LON", "volcan_nombre": "Lonquimay", "drena_volcan": false }, "geometry": { "type": "LineString", "coordinates": [ [ -71.51818, -37.99728 ], [ -71.5176, -37.99691 ] ] } },
{ "type": "Feature", "properties": { "osm_id": 1186142212, "nombre": "Río Biobío", "tipo": "canal", "volcan_codigo": "LON", "volcan_nombre": "Lonquimay", "drena_volcan": true }, "geometry": { "type": "LineString", "coordinates": [ [ -71.47534, -38.04602 ], [ -71.47665, -38.04542 ] ] } },
{ "type": "Feature", "properties": { "osm_id": 1186641064, "nombre": "Río Biobío", "tipo": "river", "volcan_codigo": "LON", "volcan_nombre": "Lonquimay", "drena_volcan": true }, "geometry": { "type": "LineString", "coordinates": [ [ -71.47665, -38.04542 ], [ -71.4788, -38.0444 ] ] } },
{ "type": "Feature", "properties": { "osm_id": 1186641066, "nombre": "Río Biobío", "tipo": "canal", "volcan_codigo": "LON", "volcan_nombre": "Lonquimay", "drena_volcan": false }, "geometry": { "type": "LineString", "coordinates": [ [ -71.47764, -38.04417 ], [ -71.4788, -38.0444 ] ] } },
{ "type": "Feature", "properties": { "osm_id": 1186641068, "nombre": "Río Biobío", "tipo": "canal", "volcan_codigo": "LON", "volcan_nombre": "Lonquimay", "drena_volcan": false }, "geometry": { "type": "LineString", "coordinates": [ [ -71.47476, -38.04511 ], [ -71.47672, -38.04407 ], [ -71.47712, -38.04404 ], [ -71.47764, -38.04417 ] ] } },
{ "type": "Feature", "properties": { "osm_id": 1189252648, "nombre": "Estero Huillinlebu", "tipo": "stream", "volcan_codigo": "LON", "volcan_nombre": "Lonquimay", "drena_volcan": false }, "geometry": { "type": "LineString", "coordinates": [ [ -72.03562, -38.31263 ], [ -72.03574, -38.31264 ] ] } },
{ "type": "Feature", "properties": { "osm_id": 1189252649, "nombre": "Estero Huillinlebu", "tipo": "stream", "volcan_codigo": "LON", "volcan_nombre": "Lonquimay", "drena_volcan": false }, "geometry": { "type": "LineString", "coordinates": [ [ -72.03461, -38.31107 ], [ -72.03512, -38.31167 ], [ -72.03513, -38.31191 ], [ -72.035, -38.31214 ], [ -72.03498, -38.31235 ], [ -72.03531, -38.31242 ], [ -72.03541, -38.3126 ], [ -72.03562, -38.31263 ] ] } },
{ "type": "Feature", "properties": { "osm_id": 1189252665, "nombre": "Estero Huillinlebu", "tipo": "stream", "volcan_codigo": "LON", "volcan_nombre": "Lonquimay", "drena_volcan": false }, "geometry": { "type": "LineString", "coordinates": [ [ -72.03439, -38.31077 ], [ -72.03461, -38.31107 ] ] } },
{ "type": "Feature", "properties": { "osm_id": 1189252666, "nombre": "Estero Huillinlebu", "tipo": "stream", "volcan_codigo": "LON", "volcan_nombre": "Lonquimay", "drena_volcan": false }, "geometry": { "type": "LineString", "coordinates": [ [ -72.0342, -38.31063 ], [ -72.03439, -38.31077 ] ] } },
{ "type": "Feature", "properties": { "osm_id": 1226593465, "nombre": "Estero Guayalí", "tipo": "stream", "volcan_codigo": "LON", "volcan_nombre": "Lonquimay", "drena_volcan": false }, "geometry": { "type": "LineString", "coordinates": [ [ -71.28201, -38.02331 ], [ -71.28211, -38.02377 ], [ -71.28189, -38.02451 ], [ -71.28136, -38.02522 ], [ -71.28106, -38.02547 ], [ -71.28136, -38.02666 ], [ -71.2816, -38.02665 ], [ -71.28169, -38.0273 ], [ -71.28135, -38.02826 ], [ -71.28049, -38.02946 ], [ -71.2802, -38.02943 ], [ -71.27941, -38.03082 ], [ -71.27979, -38.03117 ], [ -71.27901, -38.03239 ], [ -71.27737, -38.03418 ], [ -71.27669, -38.03418 ], [ -71.27675, -38.03446 ], [ -71.27694, -38.03461 ], [ -71.27639, -38.03489 ], [ -71.27643, -38.03534 ], [ -71.27628, -38.03579 ], [ -71.27649, -38.03603 ], [ -71.27611, -38.03636 ], [ -71.27623, -38.03668 ], [ -71.27517, -38.03798 ], [ -71.27462, -38.03807 ], [ -71.27404, -38.03902 ], [ -71.27389, -38.03975 ], [ -71.27334, -38.04034 ], [ -71.27316, -38.04069 ], [ -71.27296, -38.04076 ], [ -71.273, -38.04114 ], [ -71.27288, -38.04148 ], [ -71.27301, -38.04155 ], [ -71.27289, -38.04178 ], [ -71.27311, -38.04189 ], [ -71.27284, -38.04207 ], [ -71.27279, -38.04249 ], [ -71.27237, -38.0428 ], [ -71.27252, -38.04286 ], [ -71.27251, -38.04302 ], [ -71.27249, -38.04312 ], [ -71.27224, -38.04321 ], [ -71.27229, -38.0434 ], [ -71.27222, -38.04374 ], [ -71.27236, -38.044 ], [ -71.27331, -38.04415 ], [ -71.27339, -38.04448 ], [ -71.2733, -38.0449 ], [ -71.27318, -38.04521 ], [ -71.273, -38.04524 ], [ -71.27289, -38.04536 ], [ -71.27309, -38.04548 ], [ -71.27315, -38.04561 ], [ -71.27316, -38.04583 ], [ -71.27285, -38.04607 ], [ -71.27301, -38.04664 ], [ -71.27335, -38.04685 ], [ -71.27367, -38.04725 ], [ -71.27376, -38.04765 ], [ -71.27458, -38.04808 ], [ -71.27479, -38.04867 ], [ -71.27507, -38.04888 ], [ -71.27511, -38.04907 ], [ -71.27525, -38.0491 ], [ -71.27546, -38.04943 ], [ -71.27552, -38.04976 ], [ -71.27684, -38.05045 ], [ -71.27799, -38.05126 ], [ -71.27847, -38.05181 ], [ -71.2788, -38.0518 ], [ -71.27944, -38.0524 ], [ -71.27987, -38.05241 ], [ -71.28059, -38.05286 ], [ -71.28137, -38.05312 ], [ -71.28217, -38.05382 ], [ -71.2824, -38.05443 ], [ -71.28256, -38.05452 ], [ -71.28316, -38.05561 ], [ -71.28343, -38.05588 ] ] } },
{ "type": "Feature", "properties": { "osm_id": 1226792922, "nombre": "Sin nombre", "tipo": "stream", "volcan_codigo": "LON", "volcan_nombre": "Lonquimay", "drena_volcan": false }, "geometry": { "type": "LineString", "coordinates": [ [ -71.13342, -38.34636 ], [ -71.13444, -38.34578 ], [ -71.13493, -38.34602 ], [ -71.13593, -38.3462 ], [ -71.13667, -38.34618 ], [ -71.13732, -38.34646 ], [ -71.13739, -38.34664 ], [ -71.13778, -38.34665 ], [ -71.13789, -38.34682 ], [ -71.13843, -38.34696 ], [ -71.13854, -38.34707 ], [ -71.13903, -38.34708 ], [ -71.13944, -38.34697 ], [ -71.14102, -38.3471 ], [ -71.14338, -38.34782 ], [ -71.14374, -38.3478 ], [ -71.14393, -38.34763 ], [ -71.14397, -38.34697 ], [ -71.1445, -38.34659 ], [ -71.14553, -38.3461 ] ] } },
{ "type": "Feature", "properties": { "osm_id": 1226792923, "nombre": "Sin nombre", "tipo": "stream", "volcan_codigo": "LON", "volcan_nombre": "Lonquimay", "drena_volcan": false }, "geometry": { "type": "LineString", "coordinates": [ [ -71.12471, -38.3145 ], [ -71.1287, -38.31414 ], [ -71.12935, -38.31388 ], [ -71.13011, -38.31384 ], [ -71.13174, -38.3143 ], [ -71.13344, -38.31541 ], [ -71.13438, -38.31586 ], [ -71.13509, -38.31641 ], [ -71.13725, -38.31684 ], [ -71.1392, -38.3169 ], [ -71.14016, -38.31738 ], [ -71.14216, -38.31776 ], [ -71.14282, -38.31752 ], [ -71.14335, -38.31748 ], [ -71.14392, -38.31718 ], [ -71.14439, -38.31747 ], [ -71.14712, -38.3172 ], [ -71.14869, -38.31675 ] ] } },
{ "type": "Feature", "properties": { "osm_id": 1226792924, "nombre": "Sin nombre", "tipo": "stream", "volcan_codigo": "LON", "volcan_nombre": "Lonquimay", "drena_volcan": false }, "geometry": { "type": "LineString", "coordinates": [ [ -71.13092, -38.3118 ], [ -71.1348, -38.31205 ], [ -71.13605, -38.31238 ], [ -71.13826, -38.31245 ], [ -71.13885, -38.31232 ], [ -71.13934, -38.31249 ], [ -71.14024, -38.31249 ], [ -71.14094, -38.31218 ], [ -71.14248, -38.31267 ], [ -71.14319, -38.3131 ], [ -71.14486, -38.31332 ], [ -71.14522, -38.31316 ], [ -71.14537, -38.3127 ], [ -71.14559, -38.31257 ], [ -71.14622, -38.31254 ] ] } },
{ "type": "Feature", "properties": { "osm_id": 1226792925, "nombre": "Sin nombre", "tipo": "stream", "volcan_codigo": "LON", "volcan_nombre": "Lonquimay", "drena_volcan": false }, "geometry": { "type": "LineString", "coordinates": [ [ -71.13632, -38.30869 ], [ -71.13718, -38.3091 ], [ -71.13812, -38.30889 ], [ -71.13872, -38.30907 ], [ -71.13971, -38.30913 ], [ -71.14028, -38.30895 ], [ -71.14123, -38.30902 ], [ -71.14147, -38.30938 ], [ -71.1415, -38.30978 ], [ -71.142, -38.31061 ], [ -71.1434, -38.31138 ], [ -71.14562, -38.31121 ] ] } },
{ "type": "Feature", "properties": { "osm_id": 1245769937, "nombre": "Río Pichipehuenco", "tipo": "stream", "volcan_codigo": "LON", "volcan_nombre": "Lonquimay", "drena_volcan": false }, "geometry": { "type": "LineString", "coordinates": [ [ -71.07625, -38.4643 ], [ -71.07675, -38.46435 ], [ -71.07687, -38.46429 ], [ -71.07718, -38.46432 ], [ -71.07746, -38.46419 ], [ -71.0777, -38.46421 ], [ -71.07779, -38.46443 ], [ -71.07842, -38.46466 ], [ -71.07845, -38.46482 ], [ -71.07833, -38.46499 ], [ -71.07833, -38.46516 ], [ -71.07841, -38.46521 ], [ -71.07843, -38.46536 ], [ -71.07875, -38.46562 ], [ -71.07858, -38.46608 ], [ -71.0788, -38.46648 ], [ -71.07865, -38.46675 ], [ -71.07874, -38.46684 ], [ -71.07878, -38.46777 ], [ -71.07911, -38.4679 ], [ -71.07916, -38.46806 ], [ -71.07915, -38.4682 ], [ -71.07866, -38.46901 ], [ -71.07907, -38.46943 ], [ -71.07916, -38.46986 ], [ -71.07873, -38.47043 ], [ -71.0787, -38.47068 ], [ -71.07849, -38.47098 ], [ -71.07851, -38.47128 ], [ -71.07868, -38.47154 ], [ -71.07898, -38.47168 ], [ -71.07947, -38.47175 ], [ -71.07956, -38.47184 ], [ -71.07956, -38.47198 ], [ -71.07926, -38.47218 ], [ -71.07931, -38.47235 ], [ -71.07958, -38.47239 ], [ -71.07987, -38.47257 ], [ -71.07998, -38.47306 ], [ -71.08008, -38.4732 ], [ -71.08003, -38.47336 ], [ -71.08021, -38.47375 ], [ -71.08081, -38.4741 ], [ -71.08146, -38.4743 ], [ -71.08225, -38.47436 ], [ -71.08263, -38.47477 ], [ -71.08297, -38.47488 ], [ -71.08305, -38.47499 ], [ -71.08309, -38.47561 ], [ -71.08296, -38.47576 ], [ -71.08298, -38.47588 ], [ -71.08336, -38.47599 ], [ -71.08349, -38.47628 ], [ -71.08324, -38.47725 ], [ -71.08337, -38.47771 ], [ -71.08358, -38.47785 ], [ -71.08382, -38.47832 ], [ -71.0838, -38.47857 ], [ -71.08424, -38.479 ], [ -71.08454, -38.47912 ], [ -71.08456, -38.47921 ], [ -71.08527, -38.47937 ], [ -71.08533, -38.47947 ], [ -71.08527, -38.47956 ], [ -71.0855, -38.47978 ], [ -71.08606, -38.47968 ], [ -71.08626, -38.47975 ], [ -71.08661, -38.48056 ], [ -71.08686, -38.48056 ], [ -71.08703, -38.48083 ], [ -71.0871, -38.4814 ], [ -71.08763, -38.48212 ], [ -71.08763, -38.48251 ], [ -71.08832, -38.48329 ], [ -71.08824, -38.48352 ], [ -71.08792, -38.48376 ], [ -71.08779, -38.484 ], [ -71.0878, -38.48409 ], [ -71.08802, -38.48417 ], [ -71.08823, -38.48417 ], [ -71.08822, -38.48437 ], [ -71.08753, -38.48493 ], [ -71.08753, -38.4852 ], [ -71.08775, -38.48523 ], [ -71.08766, -38.48533 ], [ -71.08722, -38.48543 ], [ -71.08718, -38.48553 ], [ -71.08676, -38.48557 ], [ -71.08656, -38.48572 ], [ -71.08637, -38.48573 ], [ -71.08634, -38.48553 ], [ -71.0862, -38.48537 ], [ -71.08596, -38.48541 ], [ -71.08577, -38.48565 ], [ -71.0861, -38.48618 ], [ -71.0859, -38.48653 ], [ -71.08618, -38.48668 ], [ -71.08618, -38.48685 ], [ -71.08568, -38.48707 ], [ -71.08577, -38.48741 ], [ -71.08574, -38.48805 ], [ -71.08581, -38.48838 ], [ -71.08601, -38.48855 ], [ -71.08594, -38.48878 ], [ -71.08534, -38.48927 ], [ -71.08529, -38.48943 ], [ -71.08565, -38.49017 ], [ -71.08567, -38.49041 ], [ -71.08554, -38.49075 ], [ -71.08552, -38.49121 ], [ -71.08506, -38.49209 ], [ -71.08519, -38.49237 ], [ -71.0856, -38.49275 ], [ -71.08571, -38.49343 ], [ -71.08668, -38.49368 ], [ -71.08693, -38.49383 ], [ -71.08699, -38.49407 ], [ -71.0869, -38.49446 ], [ -71.08697, -38.49472 ], [ -71.08753, -38.49561 ], [ -71.08736, -38.49616 ], [ -71.08681, -38.49666 ], [ -71.08655, -38.49719 ], [ -71.08635, -38.4973 ], [ -71.08605, -38.49721 ], [ -71.0858, -38.49729 ], [ -71.08542, -38.49765 ], [ -71.0854, -38.49782 ], [ -71.0859, -38.49877 ], [ -71.08589, -38.49911 ], [ -71.0856, -38.49935 ], [ -71.08561, -38.49958 ], [ -71.08577, -38.49978 ], [ -71.08604, -38.49994 ], [ -71.08656, -38.5001 ], [ -71.08749, -38.50122 ], [ -71.0886, -38.50181 ], [ -71.08889, -38.50206 ], [ -71.08913, -38.50211 ], [ -71.0892, -38.5022 ], [ -71.0891, -38.50256 ], [ -71.08922, -38.50265 ], [ -71.0899, -38.50246 ], [ -71.0903, -38.50274 ], [ -71.09048, -38.50298 ], [ -71.09082, -38.50381 ], [ -71.0918, -38.50511 ], [ -71.09188, -38.50557 ], [ -71.09154, -38.50598 ], [ -71.09136, -38.50606 ], [ -71.0912, -38.50604 ], [ -71.09118, -38.50624 ], [ -71.09148, -38.50646 ], [ -71.09167, -38.50677 ], [ -71.09169, -38.50702 ], [ -71.09202, -38.5072 ], [ -71.09228, -38.50755 ], [ -71.09255, -38.50773 ], [ -71.09306, -38.50789 ], [ -71.0939, -38.50789 ], [ -71.09466, -38.50832 ], [ -71.09502, -38.50882 ], [ -71.09528, -38.50874 ], [ -71.0956, -38.50882 ], [ -71.09608, -38.5088 ], [ -71.09644, -38.5085 ], [ -71.09794, -38.5084 ], [ -71.09823, -38.50858 ], [ -71.09826, -38.50889 ], [ -71.0984, -38.50914 ], [ -71.09921, -38.50917 ], [ -71.09962, -38.50956 ], [ -71.10003, -38.50968 ], [ -71.10032, -38.50946 ], [ -71.10066, -38.50934 ], [ -71.10075, -38.5091 ], [ -71.10109, -38.50884 ], [ -71.10169, -38.50876 ], [ -71.10196, -38.50852 ], [ -71.10289, -38.50816 ], [ -71.10361, -38.50805 ], [ -71.10417, -38.5082 ], [ -71.10456, -38.50817 ], [ -71.10594, -38.50862 ], [ -71.10678, -38.50844 ], [ -71.10752, -38.50811 ], [ -71.10872, -38.50774 ], [ -71.1094, -38.50769 ], [ -71.10958, -38.50755 ], [ -71.10974, -38.50716 ], [ -71.11001, -38.50685 ], [ -71.11035, -38.50666 ], [ -71.11103, -38.50644 ], [ -71.11189, -38.50567 ], [ -71.11209, -38.50535 ], [ -71.11238, -38.50437 ], [ -71.1125, -38.5042 ], [ -71.11306, -38.50395 ], [ -71.11369, -38.50351 ], [ -71.11418, -38.50345 ], [ -71.11472, -38.50366 ], [ -71.11535, -38.50346 ], [ -71.116, -38.50364 ], [ -71.11696, -38.5035 ], [ -71.11733, -38.50366 ], [ -71.1178, -38.50458 ], [ -71.11833, -38.50507 ], [ -71.11962, -38.5068 ], [ -71.12026, -38.50743 ], [ -71.1204, -38.5077 ], [ -71.12037, -38.50798 ], [ -71.12024, -38.50816 ], [ -71.11955, -38.50857 ], [ -71.11934, -38.50877 ], [ -71.11921, -38.50927 ], [ -71.11948, -38.50988 ], [ -71.11949, -38.51048 ], [ -71.11958, -38.51079 ], [ -71.12029, -38.51162 ], [ -71.12057, -38.51211 ], [ -71.12075, -38.51341 ], [ -71.12086, -38.51374 ], [ -71.12114, -38.51414 ], [ -71.12179, -38.51466 ], [ -71.12192, -38.51488 ], [ -71.12184, -38.51521 ], [ -71.12128, -38.51573 ], [ -71.1212, -38.51591 ], [ -71.12124, -38.51616 ], [ -71.12171, -38.51668 ], [ -71.12187, -38.51708 ], [ -71.12173, -38.51741 ], [ -71.12126, -38.5178 ], [ -71.12123, -38.51816 ], [ -71.12156, -38.51856 ], [ -71.12178, -38.51954 ], [ -71.12213, -38.52007 ], [ -71.1227, -38.52043 ], [ -71.12374, -38.52068 ], [ -71.12391, -38.52089 ], [ -71.12386, -38.52108 ], [ -71.12351, -38.52135 ], [ -71.12314, -38.52197 ], [ -71.12307, -38.52235 ], [ -71.12314, -38.5229 ], [ -71.12306, -38.52316 ], [ -71.1222, -38.52414 ], [ -71.12213, -38.52449 ], [ -71.12228, -38.52509 ], [ -71.12275, -38.52568 ], [ -71.12489, -38.52706 ], [ -71.12529, -38.52773 ], [ -71.12546, -38.52788 ], [ -71.12576, -38.52799 ], [ -71.12643, -38.52804 ], [ -71.12685, -38.52835 ], [ -71.12685, -38.52848 ], [ -71.12666, -38.52867 ], [ -71.12629, -38.52961 ], [ -71.12567, -38.53054 ], [ -71.12573, -38.53079 ], [ -71.12618, -38.53111 ], [ -71.1263, -38.5313 ], [ -71.12628, -38.53146 ], [ -71.12604, -38.53173 ], [ -71.12592, -38.53202 ], [ -71.12612, -38.53307 ], [ -71.12605, -38.53342 ], [ -71.12582, -38.53378 ], [ -71.12605, -38.53424 ], [ -71.12591, -38.53451 ], [ -71.12534, -38.53493 ], [ -71.12519, -38.53528 ], [ -71.12526, -38.53604 ], [ -71.12518, -38.53668 ], [ -71.12528, -38.53687 ], [ -71.12569, -38.53726 ], [ -71.12596, -38.53786 ], [ -71.12635, -38.53805 ], [ -71.12698, -38.53792 ], [ -71.1275, -38.53798 ], [ -71.12849, -38.5387 ], [ -71.1295, -38.53928 ], [ -71.12965, -38.53948 ], [ -71.1297, -38.5397 ], [ -71.12951, -38.54028 ], [ -71.12954, -38.54066 ], [ -71.13007, -38.54139 ], [ -71.13045, -38.54167 ], [ -71.13139, -38.54206 ], [ -71.132, -38.54248 ], [ -71.13244, -38.54294 ], [ -71.13302, -38.54397 ], [ -71.13414, -38.54483 ], [ -71.13459, -38.54503 ], [ -71.13525, -38.54504 ], [ -71.13547, -38.54512 ], [ -71.13556, -38.54524 ], [ -71.13555, -38.54552 ], [ -71.13564, -38.54575 ], [ -71.13702, -38.54729 ], [ -71.13795, -38.54796 ], [ -71.13895, -38.54835 ], [ -71.13948, -38.54879 ], [ -71.13973, -38.54922 ], [ -71.13989, -38.54997 ], [ -71.14021, -38.55042 ], [ -71.14154, -38.55139 ], [ -71.14377, -38.55322 ], [ -71.14543, -38.55429 ], [ -71.14583, -38.5548 ], [ -71.14602, -38.55543 ], [ -71.14619, -38.55568 ], [ -71.14653, -38.55595 ], [ -71.14715, -38.55619 ], [ -71.14747, -38.55641 ], [ -71.14796, -38.55735 ], [ -71.14908, -38.55867 ], [ -71.14962, -38.55908 ], [ -71.15078, -38.55961 ], [ -71.15132, -38.55996 ], [ -71.15202, -38.56064 ], [ -71.15316, -38.56202 ], [ -71.1536, -38.56239 ], [ -71.15563, -38.56323 ], [ -71.15621, -38.56354 ], [ -71.1569, -38.56406 ], [ -71.15781, -38.56501 ], [ -71.15842, -38.56538 ], [ -71.15915, -38.56561 ], [ -71.16016, -38.56564 ], [ -71.16064, -38.56575 ], [ -71.16104, -38.566 ], [ -71.16145, -38.56645 ], [ -71.162, -38.56687 ], [ -71.16389, -38.5678 ], [ -71.16464, -38.56808 ], [ -71.16672, -38.56852 ], [ -71.16806, -38.56921 ], [ -71.16862, -38.56932 ], [ -71.1701, -38.56932 ], [ -71.17328, -38.56949 ], [ -71.17424, -38.56967 ], [ -71.17544, -38.57006 ], [ -71.17597, -38.57015 ], [ -71.17668, -38.57016 ], [ -71.17735, -38.57005 ] ] } },
{ "type": "Feature", "properties": { "osm_id": 1251042892, "nombre": "Sin nombre", "tipo": "river", "volcan_codigo": "LON", "volcan_nombre": "Lonquimay", "drena_volcan": false }, "geometry": { "type": "LineString", "coordinates": [ [ -71.18399, -38.39044 ], [ -71.1843, -38.39083 ], [ -71.18432, -38.39151 ], [ -71.18454, -38.39237 ], [ -71.18495, -38.39282 ] ] } },
{ "type": "Feature", "properties": { "osm_id": 1255387176, "nombre": "Sin nombre", "tipo": "river", "volcan_codigo": "LON", "volcan_nombre": "Lonquimay", "drena_volcan": false }, "geometry": { "type": "LineString", "coordinates": [ [ -71.69269, -38.32582 ], [ -71.69341, -38.32666 ], [ -71.69352, -38.32692 ], [ -71.69385, -38.3272 ], [ -71.69403, -38.32783 ], [ -71.69454, -38.32828 ], [ -71.69454, -38.32885 ], [ -71.69489, -38.32932 ], [ -71.69587, -38.33 ], [ -71.69598, -38.33022 ], [ -71.6964, -38.33025 ], [ -71.69679, -38.33058 ], [ -71.69689, -38.3309 ], [ -71.69721, -38.33105 ], [ -71.6973, -38.33131 ], [ -71.69751, -38.33157 ], [ -71.69813, -38.33182 ], [ -71.69847, -38.33223 ], [ -71.69937, -38.33271 ], [ -71.69985, -38.33317 ], [ -71.70029, -38.33343 ], [ -71.70042, -38.33368 ], [ -71.70072, -38.33369 ], [ -71.70122, -38.33394 ], [ -71.70165, -38.33396 ], [ -71.70216, -38.3341 ], [ -71.70259, -38.33408 ], [ -71.70288, -38.33425 ], [ -71.70336, -38.33422 ], [ -71.70419, -38.33459 ], [ -71.70448, -38.33459 ], [ -71.7057, -38.33554 ], [ -71.7071, -38.33577 ], [ -71.70736, -38.336 ], [ -71.70764, -38.33605 ], [ -71.70785, -38.33624 ], [ -71.70859, -38.33654 ], [ -71.70931, -38.33658 ], [ -71.70973, -38.33682 ], [ -71.71049, -38.33678 ], [ -71.71176, -38.33709 ], [ -71.71205, -38.33708 ], [ -71.7123, -38.33734 ], [ -71.71262, -38.33736 ] ] } },
{ "type": "Feature", "properties": { "osm_id": 1257581865, "nombre": "Sin nombre", "tipo": "stream", "volcan_codigo": "LON", "volcan_nombre": "Lonquimay", "drena_volcan": true }, "geometry": { "type": "LineString", "coordinates": [ [ -71.55768, -38.47294 ], [ -71.55686, -38.47356 ], [ -71.55719, -38.47414 ], [ -71.55736, -38.47429 ], [ -71.55764, -38.47433 ], [ -71.55811, -38.47433 ], [ -71.55856, -38.4742 ], [ -71.55892, -38.47427 ], [ -71.55946, -38.47475 ], [ -71.5598, -38.47491 ], [ -71.55973, -38.47506 ], [ -71.55974, -38.47546 ] ] } },
{ "type": "Feature", "properties": { "osm_id": 1257581866, "nombre": "Sin nombre", "tipo": "stream", "volcan_codigo": "LON", "volcan_nombre": "Lonquimay", "drena_volcan": false }, "geometry": { "type": "LineString", "coordinates": [ [ -71.55783, -38.47283 ], [ -71.55768, -38.47294 ] ] } },
{ "type": "Feature", "properties": { "osm_id": 1259128931, "nombre": "Estero Huemul", "tipo": "river", "volcan_codigo": "LON", "volcan_nombre": "Lonquimay", "drena_volcan": false }, "geometry": { "type": "LineString", "coordinates": [ [ -71.36084, -38.59539 ], [ -71.36114, -38.59557 ], [ -71.36155, -38.596 ], [ -71.36248, -38.59617 ], [ -71.36373, -38.59659 ], [ -71.36381, -38.59682 ], [ -71.36451, -38.59721 ], [ -71.36497, -38.59727 ], [ -71.36527, -38.59716 ], [ -71.36564, -38.59719 ], [ -71.36581, -38.59729 ], [ -71.36624, -38.59728 ], [ -71.36652, -38.59721 ], [ -71.36683, -38.59676 ], [ -71.36699, -38.59671 ], [ -71.36733, -38.59703 ], [ -71.3681, -38.59734 ], [ -71.36794, -38.59755 ], [ -71.36795, -38.59766 ], [ -71.36882, -38.59812 ], [ -71.36908, -38.59809 ], [ -71.36891, -38.59825 ], [ -71.36956, -38.5982 ], [ -71.36955, -38.59839 ], [ -71.37002, -38.5986 ], [ -71.37067, -38.59869 ], [ -71.37076, -38.59882 ], [ -71.37129, -38.5989 ], [ -71.37194, -38.59965 ], [ -71.37221, -38.59968 ], [ -71.37225, -38.59978 ], [ -71.37273, -38.5999 ], [ -71.37282, -38.60004 ], [ -71.37262, -38.60011 ], [ -71.37259, -38.60019 ], [ -71.37278, -38.60062 ], [ -71.37383, -38.60113 ], [ -71.37406, -38.60136 ], [ -71.37412, -38.60153 ], [ -71.37405, -38.60189 ], [ -71.37416, -38.60206 ], [ -71.37468, -38.60219 ], [ -71.37507, -38.60219 ], [ -71.37549, -38.60234 ], [ -71.37558, -38.60243 ], [ -71.37555, -38.6029 ], [ -71.37574, -38.60321 ], [ -71.37655, -38.60372 ], [ -71.37671, -38.60388 ], [ -71.37677, -38.60415 ], [ -71.37714, -38.60428 ], [ -71.37736, -38.60468 ], [ -71.3782, -38.6053 ], [ -71.37835, -38.60563 ], [ -71.37837, -38.60592 ], [ -71.37868, -38.6065 ], [ -71.3787, -38.6069 ], [ -71.37893, -38.60725 ], [ -71.37931, -38.60743 ], [ -71.38035, -38.60752 ] ] } },
{ "type": "Feature", "properties": { "osm_id": 1276146883, "nombre": "Sin nombre", "tipo": "stream", "volcan_codigo": "LON", "volcan_nombre": "Lonquimay", "drena_volcan": false }, "geometry": { "type": "LineString", "coordinates": [ [ -71.43497, -38.5405 ], [ -71.43468, -38.5412 ], [ -71.43455, -38.54128 ], [ -71.43449, -38.54155 ], [ -71.43462, -38.5417 ], [ -71.43459, -38.54196 ], [ -71.43467, -38.54237 ], [ -71.43451, -38.54267 ], [ -71.43439, -38.54274 ], [ -71.43379, -38.54277 ], [ -71.43361, -38.543 ], [ -71.43319, -38.54309 ], [ -71.43282, -38.54303 ], [ -71.43285, -38.54293 ], [ -71.43241, -38.54283 ], [ -71.43206, -38.54252 ], [ -71.43191, -38.54254 ], [ -71.43148, -38.54237 ], [ -71.43127, -38.54243 ], [ -71.43107, -38.54276 ], [ -71.43061, -38.54294 ], [ -71.43007, -38.54285 ] ] } },
{ "type": "Feature", "properties": { "osm_id": 1276146884, "nombre": "Sin nombre", "tipo": "stream", "volcan_codigo": "LON", "volcan_nombre": "Lonquimay", "drena_volcan": false }, "geometry": { "type": "LineString", "coordinates": [ [ -71.43508, -38.54048 ], [ -71.43497, -38.5405 ] ] } },
{ "type": "Feature", "properties": { "osm_id": 1276146906, "nombre": "Sin nombre", "tipo": "stream", "volcan_codigo": "LON", "volcan_nombre": "Lonquimay", "drena_volcan": false }, "geometry": { "type": "LineString", "coordinates": [ [ -71.43488, -38.53589 ], [ -71.43489, -38.53604 ] ] } },
{ "type": "Feature", "properties": { "osm_id": 1276146907, "nombre": "Sin nombre", "tipo": "stream", "volcan_codigo": "LON", "volcan_nombre": "Lonquimay", "drena_volcan": false }, "geometry": { "type": "LineString", "coordinates": [ [ -71.43438, -38.53461 ], [ -71.43446, -38.53495 ], [ -71.43436, -38.53509 ], [ -71.434, -38.53522 ], [ -71.43389, -38.53538 ], [ -71.43413, -38.53562 ], [ -71.43488, -38.53589 ] ] } },
{ "type": "Feature", "properties": { "osm_id": 1301535039, "nombre": "Sin nombre", "tipo": "stream", "volcan_codigo": "LON", "volcan_nombre": "Lonquimay", "drena_volcan": false }, "geometry": { "type": "LineString", "coordinates": [ [ -71.23958, -38.04039 ], [ -71.23836, -38.04074 ], [ -71.23728, -38.04153 ], [ -71.23698, -38.04187 ], [ -71.23697, -38.04207 ] ] } },
{ "type": "Feature", "properties": { "osm_id": 1301535040, "nombre": "Sin nombre", "tipo": "stream", "volcan_codigo": "LON", "volcan_nombre": "Lonquimay", "drena_volcan": false }, "geometry": { "type": "LineString", "coordinates": [ [ -71.24451, -38.03116 ], [ -71.24342, -38.03317 ], [ -71.24243, -38.03422 ], [ -71.24009, -38.03525 ], [ -71.23872, -38.03635 ], [ -71.23765, -38.03758 ], [ -71.23634, -38.03951 ], [ -71.23625, -38.03998 ], [ -71.23627, -38.04089 ], [ -71.23632, -38.0411 ], [ -71.23697, -38.04207 ], [ -71.23736, -38.04324 ], [ -71.23723, -38.04352 ], [ -71.23703, -38.04374 ], [ -71.23685, -38.04382 ], [ -71.23648, -38.04381 ] ] } },
{ "type": "Feature", "properties": { "osm_id": 1301535041, "nombre": "Sin nombre", "tipo": "stream", "volcan_codigo": "LON", "volcan_nombre": "Lonquimay", "drena_volcan": false }, "geometry": { "type": "LineString", "coordinates": [ [ -71.2274, -38.02423 ], [ -71.2275, -38.0248 ], [ -71.22789, -38.02555 ], [ -71.22817, -38.02641 ], [ -71.22813, -38.02708 ], [ -71.22821, -38.0277 ], [ -71.22844, -38.02821 ], [ -71.2288, -38.02872 ], [ -71.22893, -38.02986 ], [ -71.22885, -38.03152 ], [ -71.22855, -38.03207 ], [ -71.22821, -38.03299 ], [ -71.22816, -38.03354 ], [ -71.22844, -38.03481 ], [ -71.2283, -38.03543 ], [ -71.2278, -38.03619 ], [ -71.22753, -38.03735 ], [ -71.22625, -38.03813 ], [ -71.22552, -38.03886 ], [ -71.22511, -38.03916 ], [ -71.22463, -38.03934 ], [ -71.22416, -38.03968 ] ] } },
{ "type": "Feature", "properties": { "osm_id": 1344742284, "nombre": "Sin nombre", "tipo": "river", "volcan_codigo": "LON", "volcan_nombre": "Lonquimay", "drena_volcan": false }, "geometry": { "type": "LineString", "coordinates": [ [ -71.57805, -38.68593 ], [ -71.57805, -38.68607 ], [ -71.57822, -38.68613 ], [ -71.57896, -38.68608 ], [ -71.57913, -38.68614 ], [ -71.57919, -38.68628 ] ] } },
{ "type": "Feature", "properties": { "osm_id": 1344742285, "nombre": "Sin nombre", "tipo": "river", "volcan_codigo": "LON", "volcan_nombre": "Lonquimay", "drena_volcan": false }, "geometry": { "type": "LineString", "coordinates": [ [ -71.57805, -38.68593 ], [ -71.57825, -38.68568 ], [ -71.57862, -38.68555 ], [ -71.57925, -38.68564 ], [ -71.57951, -38.68577 ], [ -71.57953, -38.68593 ], [ -71.57938, -38.68617 ], [ -71.57919, -38.68628 ] ] } },
{ "type": "Feature", "properties": { "osm_id": 1347469222, "nombre": "Sin nombre", "tipo": "stream", "volcan_codigo": "LON", "volcan_nombre": "Lonquimay", "drena_volcan": false }, "geometry": { "type": "LineString", "coordinates": [ [ -71.73428, -38.6244 ], [ -71.7349, -38.62358 ], [ -71.73624, -38.62231 ], [ -71.73687, -38.62195 ], [ -71.73828, -38.62154 ], [ -71.73864, -38.62118 ], [ -71.73894, -38.62069 ], [ -71.74004, -38.61937 ], [ -71.74269, -38.61777 ], [ -71.74353, -38.61748 ], [ -71.74386, -38.61728 ], [ -71.74456, -38.61636 ], [ -71.74506, -38.61616 ], [ -71.74513, -38.61594 ], [ -71.74498, -38.6155 ], [ -71.74506, -38.61524 ], [ -71.74523, -38.61507 ], [ -71.74653, -38.61464 ], [ -71.74784, -38.61409 ], [ -71.74875, -38.61346 ], [ -71.75041, -38.61294 ], [ -71.75133, -38.61216 ], [ -71.75284, -38.61122 ], [ -71.7533, -38.61086 ], [ -71.75398, -38.6101 ], [ -71.75434, -38.60956 ], [ -71.75493, -38.60925 ], [ -71.75639, -38.60884 ], [ -71.7569, -38.60855 ], [ -71.75731, -38.60814 ], [ -71.75755, -38.6073 ], [ -71.75808, -38.60595 ], [ -71.75835, -38.6055 ] ] } },
{ "type": "Feature", "properties": { "osm_id": 1347469223, "nombre": "Sin nombre", "tipo": "stream", "volcan_codigo": "LON", "volcan_nombre": "Lonquimay", "drena_volcan": false }, "geometry": { "type": "LineString", "coordinates": [ [ -71.72769, -38.63444 ], [ -71.72835, -38.63426 ], [ -71.72914, -38.63357 ], [ -71.7298, -38.63316 ], [ -71.73087, -38.63223 ], [ -71.73142, -38.63113 ], [ -71.7316, -38.63013 ], [ -71.73182, -38.62989 ], [ -71.73226, -38.62866 ], [ -71.73241, -38.62799 ], [ -71.73326, -38.62616 ], [ -71.73344, -38.62533 ], [ -71.73392, -38.62465 ], [ -71.73428, -38.6244 ] ] } },
{ "type": "Feature", "properties": { "osm_id": 1347469227, "nombre": "Río Colorado", "tipo": "stream", "volcan_codigo": "LON", "volcan_nombre": "Lonquimay", "drena_volcan": false }, "geometry": { "type": "LineString", "coordinates": [ [ -71.6667, -38.59365 ], [ -71.66673, -38.59168 ], [ -71.66641, -38.59109 ], [ -71.66578, -38.5904 ], [ -71.6658, -38.59022 ], [ -71.66616, -38.58973 ], [ -71.66629, -38.58931 ], [ -71.667, -38.58851 ], [ -71.66759, -38.58765 ], [ -71.66822, -38.5872 ], [ -71.66856, -38.58673 ], [ -71.66945, -38.58594 ], [ -71.66975, -38.58555 ], [ -71.67044, -38.58509 ], [ -71.67108, -38.58448 ], [ -71.67165, -38.58411 ], [ -71.67266, -38.58391 ], [ -71.67306, -38.58359 ], [ -71.67381, -38.58318 ], [ -71.67427, -38.58309 ], [ -71.67486, -38.58309 ], [ -71.67595, -38.58356 ], [ -71.67727, -38.58362 ], [ -71.67787, -38.58378 ], [ -71.67917, -38.58471 ], [ -71.67983, -38.58487 ], [ -71.68097, -38.58472 ], [ -71.68222, -38.5849 ], [ -71.68282, -38.58474 ], [ -71.68342, -38.58469 ], [ -71.68449, -38.5844 ], [ -71.68592, -38.58461 ], [ -71.68678, -38.58428 ], [ -71.68758, -38.58409 ], [ -71.68809, -38.58412 ], [ -71.68911, -38.58434 ], [ -71.68987, -38.58431 ], [ -71.6902, -38.58438 ], [ -71.69233, -38.58422 ], [ -71.69289, -38.58399 ], [ -71.69343, -38.5842 ], [ -71.69385, -38.5842 ], [ -71.69443, -38.58408 ] ] } },
{ "type": "Feature", "properties": { "osm_id": 1347469228, "nombre": "Sin nombre", "tipo": "stream", "volcan_codigo": "LON", "volcan_nombre": "Lonquimay", "drena_volcan": false }, "geometry": { "type": "LineString", "coordinates": [ [ -71.66357, -38.53401 ], [ -71.66472, -38.53323 ], [ -71.66572, -38.53292 ], [ -71.66692, -38.53276 ], [ -71.66843, -38.53283 ], [ -71.66863, -38.53271 ], [ -71.66879, -38.5324 ], [ -71.66891, -38.53234 ], [ -71.6693, -38.53236 ], [ -71.66964, -38.53254 ], [ -71.67004, -38.53259 ], [ -71.67056, -38.53239 ], [ -71.67165, -38.53245 ], [ -71.67214, -38.53227 ], [ -71.67269, -38.5323 ], [ -71.67314, -38.53248 ], [ -71.67321, -38.53275 ], [ -71.67357, -38.53286 ], [ -71.67379, -38.53316 ], [ -71.67419, -38.5332 ], [ -71.67484, -38.53301 ], [ -71.67554, -38.53323 ], [ -71.67567, -38.53339 ], [ -71.67581, -38.53394 ], [ -71.67601, -38.53401 ], [ -71.6765, -38.53395 ], [ -71.67671, -38.53408 ], [ -71.67686, -38.53467 ], [ -71.6773, -38.53542 ], [ -71.6773, -38.53567 ], [ -71.67712, -38.53592 ], [ -71.67633, -38.53635 ], [ -71.67629, -38.53649 ], [ -71.67684, -38.53673 ], [ -71.67711, -38.53695 ], [ -71.67708, -38.53768 ], [ -71.6775, -38.53771 ], [ -71.67757, -38.53795 ], [ -71.67735, -38.53821 ], [ -71.67613, -38.53832 ], [ -71.67634, -38.5388 ], [ -71.67594, -38.53904 ], [ -71.67567, -38.53964 ], [ -71.6759, -38.54031 ], [ -71.67625, -38.54059 ], [ -71.67697, -38.54062 ], [ -71.67717, -38.5407 ], [ -71.67788, -38.54183 ], [ -71.67804, -38.54239 ], [ -71.67871, -38.54253 ], [ -71.67869, -38.54281 ], [ -71.67881, -38.54295 ], [ -71.67931, -38.54288 ], [ -71.67939, -38.54296 ], [ -71.67935, -38.54328 ], [ -71.67945, -38.54346 ], [ -71.67977, -38.54363 ], [ -71.68058, -38.54377 ], [ -71.68076, -38.54396 ], [ -71.6808, -38.54425 ], [ -71.68114, -38.5444 ], [ -71.68197, -38.54443 ], [ -71.68301, -38.54424 ], [ -71.68315, -38.54426 ], [ -71.68361, -38.54458 ] ] } },
{ "type": "Feature", "properties": { "osm_id": 1347469229, "nombre": "Sin nombre", "tipo": "river", "volcan_codigo": "LON", "volcan_nombre": "Lonquimay", "drena_volcan": false }, "geometry": { "type": "LineString", "coordinates": [ [ -71.60742, -38.57257 ], [ -71.61027, -38.57218 ], [ -71.61061, -38.57204 ], [ -71.61117, -38.57204 ], [ -71.61201, -38.57187 ], [ -71.61253, -38.57194 ], [ -71.61386, -38.57248 ], [ -71.61434, -38.57259 ], [ -71.6147, -38.57287 ], [ -71.61575, -38.57337 ], [ -71.61986, -38.57344 ], [ -71.62205, -38.57395 ], [ -71.6233, -38.57458 ], [ -71.62509, -38.57582 ], [ -71.62573, -38.57598 ], [ -71.62614, -38.57602 ], [ -71.62708, -38.57584 ], [ -71.62767, -38.5759 ], [ -71.62804, -38.57573 ], [ -71.62902, -38.57604 ], [ -71.62946, -38.576 ], [ -71.62964, -38.57614 ], [ -71.63064, -38.57617 ], [ -71.63224, -38.57579 ] ] } },
{ "type": "Feature", "properties": { "osm_id": 1347469231, "nombre": "Estero El Claro", "tipo": "stream", "volcan_codigo": "LON", "volcan_nombre": "Lonquimay", "drena_volcan": false }, "geometry": { "type": "LineString", "coordinates": [ [ -71.58153, -38.53585 ], [ -71.58165, -38.53455 ], [ -71.58146, -38.53384 ], [ -71.58059, -38.53245 ], [ -71.58005, -38.53178 ], [ -71.57965, -38.53078 ], [ -71.57842, -38.53022 ], [ -71.57818, -38.52991 ], [ -71.57817, -38.52947 ], [ -71.57798, -38.52906 ], [ -71.57843, -38.52857 ], [ -71.5784, -38.52759 ], [ -71.57864, -38.52686 ], [ -71.57841, -38.52617 ], [ -71.57842, -38.52552 ], [ -71.57827, -38.52513 ] ] } },
{ "type": "Feature", "properties": { "osm_id": 1347469232, "nombre": "Sin nombre", "tipo": "stream", "volcan_codigo": "LON", "volcan_nombre": "Lonquimay", "drena_volcan": false }, "geometry": { "type": "LineString", "coordinates": [ [ -71.56419, -38.53312 ], [ -71.56273, -38.53264 ], [ -71.56202, -38.53255 ], [ -71.56111, -38.53228 ], [ -71.5604, -38.53195 ], [ -71.55883, -38.53195 ], [ -71.55791, -38.5321 ], [ -71.55774, -38.53204 ], [ -71.55741, -38.53181 ], [ -71.55747, -38.53143 ], [ -71.55732, -38.53113 ], [ -71.55602, -38.5305 ], [ -71.55577, -38.53019 ] ] } },
{ "type": "Feature", "properties": { "osm_id": 1347469233, "nombre": "Estero El Claro", "tipo": "stream", "volcan_codigo": "LON", "volcan_nombre": "Lonquimay", "drena_volcan": false }, "geometry": { "type": "LineString", "coordinates": [ [ -71.58254, -38.55181 ], [ -71.58237, -38.55112 ], [ -71.58331, -38.54917 ], [ -71.58367, -38.54773 ], [ -71.58426, -38.54722 ], [ -71.58486, -38.54622 ], [ -71.58434, -38.54413 ], [ -71.58306, -38.54239 ], [ -71.58271, -38.54152 ], [ -71.58263, -38.54064 ], [ -71.58177, -38.5389 ], [ -71.58151, -38.53789 ], [ -71.58152, -38.53721 ], [ -71.5813, -38.53679 ], [ -71.58129, -38.53655 ], [ -71.58153, -38.53585 ] ] } },
{ "type": "Feature", "properties": { "osm_id": 1347469234, "nombre": "Estero Caracoles", "tipo": "stream", "volcan_codigo": "LON", "volcan_nombre": "Lonquimay", "drena_volcan": false }, "geometry": { "type": "LineString", "coordinates": [ [ -71.56837, -38.54559 ], [ -71.56704, -38.54471 ], [ -71.56559, -38.54437 ], [ -71.56481, -38.54373 ], [ -71.56384, -38.54336 ], [ -71.56361, -38.54286 ], [ -71.56253, -38.54187 ], [ -71.56209, -38.54173 ], [ -71.56138, -38.5413 ], [ -71.56113, -38.54086 ], [ -71.56042, -38.54034 ], [ -71.55993, -38.53978 ], [ -71.5596, -38.53922 ], [ -71.5593, -38.53893 ], [ -71.55838, -38.53851 ], [ -71.55692, -38.53756 ], [ -71.55671, -38.53737 ], [ -71.55622, -38.53664 ], [ -71.55529, -38.53587 ], [ -71.55506, -38.53511 ], [ -71.55459, -38.53445 ], [ -71.55457, -38.53425 ], [ -71.55463, -38.53414 ], [ -71.55504, -38.5339 ], [ -71.55538, -38.53272 ], [ -71.55592, -38.53194 ], [ -71.55594, -38.53151 ], [ -71.5557, -38.5307 ], [ -71.55577, -38.53019 ] ] } },
{ "type": "Feature", "properties": { "osm_id": 1347700802, "nombre": "Sin nombre", "tipo": "stream", "volcan_codigo": "LON", "volcan_nombre": "Lonquimay", "drena_volcan": false }, "geometry": { "type": "LineString", "coordinates": [ [ -71.44114, -38.79881 ], [ -71.44114, -38.79988 ], [ -71.44023, -38.80164 ], [ -71.43954, -38.80218 ], [ -71.4392, -38.80233 ], [ -71.4387, -38.80287 ], [ -71.43692, -38.80397 ], [ -71.43582, -38.80448 ], [ -71.43536, -38.80495 ], [ -71.43458, -38.80543 ], [ -71.43399, -38.80614 ], [ -71.43312, -38.8067 ], [ -71.43297, -38.80692 ], [ -71.43272, -38.80774 ], [ -71.43226, -38.8082 ], [ -71.43155, -38.80919 ], [ -71.43073, -38.81002 ], [ -71.42998, -38.81131 ], [ -71.4292, -38.81214 ], [ -71.42806, -38.81302 ], [ -71.42688, -38.8143 ], [ -71.42667, -38.81483 ], [ -71.42684, -38.81537 ], [ -71.42682, -38.81562 ], [ -71.42657, -38.81593 ], [ -71.42542, -38.81676 ], [ -71.42526, -38.81711 ], [ -71.42533, -38.81752 ], [ -71.42521, -38.81778 ], [ -71.42488, -38.81846 ], [ -71.42436, -38.819 ], [ -71.42425, -38.81924 ], [ -71.42422, -38.81972 ], [ -71.42398, -38.82021 ], [ -71.42398, -38.82038 ], [ -71.42455, -38.82118 ], [ -71.42483, -38.82198 ], [ -71.42432, -38.82272 ], [ -71.42415, -38.82361 ], [ -71.42423, -38.82386 ], [ -71.42491, -38.82446 ], [ -71.4252, -38.82485 ], [ -71.42551, -38.82537 ], [ -71.4255, -38.82567 ], [ -71.42642, -38.82621 ], [ -71.42751, -38.82657 ], [ -71.42774, -38.82705 ], [ -71.42796, -38.82725 ], [ -71.42826, -38.82771 ], [ -71.42897, -38.82792 ], [ -71.42974, -38.8284 ], [ -71.43011, -38.82873 ], [ -71.43044, -38.82928 ], [ -71.4309, -38.82973 ], [ -71.43091, -38.83004 ], [ -71.43107, -38.83045 ] ] } },
{ "type": "Feature", "properties": { "osm_id": 1347700803, "nombre": "Sin nombre", "tipo": "stream", "volcan_codigo": "LON", "volcan_nombre": "Lonquimay", "drena_volcan": false }, "geometry": { "type": "LineString", "coordinates": [ [ -71.44172, -38.78414 ], [ -71.4419, -38.78474 ], [ -71.44224, -38.78531 ], [ -71.44266, -38.78572 ], [ -71.44275, -38.78623 ], [ -71.44264, -38.78693 ], [ -71.44235, -38.7874 ], [ -71.44227, -38.78799 ], [ -71.44212, -38.7882 ], [ -71.44198, -38.78866 ], [ -71.44205, -38.78936 ], [ -71.44195, -38.79004 ], [ -71.44208, -38.79038 ], [ -71.44209, -38.79076 ], [ -71.44202, -38.79156 ], [ -71.44172, -38.79228 ], [ -71.44194, -38.79289 ], [ -71.44197, -38.79368 ], [ -71.44187, -38.7941 ], [ -71.44187, -38.79476 ], [ -71.44175, -38.79553 ], [ -71.44142, -38.79632 ], [ -71.44137, -38.79748 ], [ -71.44114, -38.79881 ] ] } },
{ "type": "Feature", "properties": { "osm_id": 1347700808, "nombre": "Río Quinquén", "tipo": "river", "volcan_codigo": "LON", "volcan_nombre": "Lonquimay", "drena_volcan": false }, "geometry": { "type": "LineString", "coordinates": [ [ -71.38714, -38.66732 ], [ -71.38693, -38.66717 ], [ -71.3861, -38.66735 ], [ -71.38572, -38.6678 ], [ -71.38512, -38.6682 ], [ -71.38425, -38.66851 ], [ -71.38349, -38.66929 ], [ -71.38329, -38.66976 ], [ -71.38249, -38.67015 ], [ -71.38135, -38.67047 ], [ -71.38046, -38.67091 ], [ -71.37996, -38.67077 ], [ -71.37976, -38.67045 ], [ -71.37933, -38.67011 ], [ -71.37913, -38.67 ], [ -71.37881, -38.66996 ], [ -71.37852, -38.67018 ], [ -71.37834, -38.67055 ], [ -71.37804, -38.6708 ], [ -71.37767, -38.67098 ], [ -71.37731, -38.67104 ], [ -71.37659, -38.67025 ], [ -71.37613, -38.66994 ], [ -71.37547, -38.66978 ], [ -71.37465, -38.66986 ], [ -71.37394, -38.67038 ], [ -71.37377, -38.6707 ], [ -71.37389, -38.67095 ], [ -71.37448, -38.67152 ], [ -71.3744, -38.67177 ], [ -71.37422, -38.67199 ], [ -71.3735, -38.67196 ], [ -71.37257, -38.67164 ], [ -71.37225, -38.67142 ], [ -71.37184, -38.67151 ], [ -71.37144, -38.67182 ], [ -71.37152, -38.67219 ], [ -71.37139, -38.67263 ], [ -71.37075, -38.67272 ], [ -71.36984, -38.67262 ], [ -71.36922, -38.67241 ], [ -71.36877, -38.67235 ], [ -71.36772, -38.6725 ], [ -71.36674, -38.67294 ], [ -71.36642, -38.6729 ], [ -71.36628, -38.67281 ], [ -71.36622, -38.67265 ], [ -71.36622, -38.67202 ], [ -71.36614, -38.67184 ], [ -71.36603, -38.6717 ], [ -71.36563, -38.67157 ], [ -71.36523, -38.67169 ], [ -71.36487, -38.67199 ], [ -71.3638, -38.67261 ], [ -71.36333, -38.67273 ], [ -71.3629, -38.67266 ], [ -71.36272, -38.67226 ], [ -71.36352, -38.67124 ], [ -71.36362, -38.67083 ], [ -71.36333, -38.67057 ], [ -71.36292, -38.67047 ], [ -71.36227, -38.67057 ], [ -71.3619, -38.6708 ], [ -71.36135, -38.67152 ], [ -71.36127, -38.67196 ], [ -71.36163, -38.67256 ], [ -71.36148, -38.67278 ], [ -71.36107, -38.67288 ], [ -71.36009, -38.67271 ], [ -71.35974, -38.67181 ], [ -71.35936, -38.67161 ], [ -71.35893, -38.67182 ], [ -71.35858, -38.67189 ], [ -71.35848, -38.6712 ], [ -71.35852, -38.67089 ], [ -71.35835, -38.67048 ], [ -71.35831, -38.67006 ], [ -71.35784, -38.66963 ], [ -71.3575, -38.66919 ], [ -71.35726, -38.66909 ], [ -71.35694, -38.66912 ], [ -71.35673, -38.66923 ], [ -71.35628, -38.67018 ], [ -71.35573, -38.6707 ], [ -71.35547, -38.67149 ], [ -71.35501, -38.67245 ], [ -71.35445, -38.67306 ], [ -71.35418, -38.67395 ], [ -71.35424, -38.67427 ], [ -71.35415, -38.67441 ], [ -71.35384, -38.67438 ], [ -71.3525, -38.67378 ], [ -71.35264, -38.67296 ], [ -71.35253, -38.67248 ], [ -71.35232, -38.67213 ], [ -71.35187, -38.67172 ], [ -71.35151, -38.67159 ], [ -71.35066, -38.67147 ], [ -71.34987, -38.67187 ], [ -71.34824, -38.67187 ], [ -71.34768, -38.67199 ], [ -71.34747, -38.67226 ], [ -71.34736, -38.67256 ], [ -71.3474, -38.67281 ], [ -71.34776, -38.67348 ], [ -71.34759, -38.67375 ], [ -71.3473, -38.67392 ], [ -71.34691, -38.67392 ], [ -71.34663, -38.6738 ], [ -71.34614, -38.6733 ], [ -71.34584, -38.6732 ], [ -71.34459, -38.67315 ], [ -71.34408, -38.67326 ], [ -71.34333, -38.67395 ], [ -71.34273, -38.67407 ], [ -71.3421, -38.67373 ], [ -71.34176, -38.6738 ], [ -71.34172, -38.67424 ], [ -71.34221, -38.67507 ], [ -71.34268, -38.67559 ], [ -71.34278, -38.67581 ], [ -71.34277, -38.67613 ], [ -71.34265, -38.67641 ], [ -71.34217, -38.6769 ], [ -71.34187, -38.67698 ], [ -71.34127, -38.67672 ], [ -71.34094, -38.6767 ], [ -71.34044, -38.67693 ], [ -71.34008, -38.67742 ], [ -71.33979, -38.67759 ], [ -71.33923, -38.6776 ], [ -71.33861, -38.67698 ], [ -71.33815, -38.67673 ], [ -71.33772, -38.6769 ], [ -71.33758, -38.67742 ], [ -71.33743, -38.67765 ], [ -71.33713, -38.67787 ], [ -71.33687, -38.67794 ], [ -71.33595, -38.67792 ], [ -71.33582, -38.67816 ], [ -71.33581, -38.6785 ], [ -71.336, -38.67887 ], [ -71.33691, -38.67919 ], [ -71.33721, -38.6794 ], [ -71.3377, -38.68013 ], [ -71.33794, -38.68037 ], [ -71.33846, -38.68038 ], [ -71.3392, -38.68008 ], [ -71.33943, -38.68011 ], [ -71.33968, -38.68035 ], [ -71.33972, -38.68058 ], [ -71.33951, -38.68087 ], [ -71.33782, -38.68199 ], [ -71.33716, -38.68209 ], [ -71.33662, -38.68194 ], [ -71.33573, -38.68213 ], [ -71.33543, -38.68206 ], [ -71.33515, -38.68182 ], [ -71.33493, -38.68135 ], [ -71.33412, -38.67928 ], [ -71.33367, -38.67896 ], [ -71.33296, -38.67819 ], [ -71.33262, -38.67812 ], [ -71.33223, -38.67827 ], [ -71.33123, -38.67887 ], [ -71.33072, -38.6787 ], [ -71.33082, -38.67755 ], [ -71.3298, -38.67654 ], [ -71.32936, -38.67644 ], [ -71.32906, -38.67674 ], [ -71.32842, -38.67656 ], [ -71.32798, -38.67633 ], [ -71.32721, -38.67722 ], [ -71.32701, -38.67802 ], [ -71.32667, -38.67886 ], [ -71.32679, -38.67955 ], [ -71.32664, -38.67976 ], [ -71.3262, -38.67988 ], [ -71.32577, -38.67981 ], [ -71.32494, -38.67921 ], [ -71.32471, -38.67917 ], [ -71.32424, -38.67927 ], [ -71.32406, -38.67948 ], [ -71.32371, -38.68023 ], [ -71.32282, -38.6809 ], [ -71.32203, -38.68122 ] ] } },
{ "type": "Feature", "properties": { "osm_id": 1380039306, "nombre": "Estero Quiñilón", "tipo": "stream", "volcan_codigo": "LON", "volcan_nombre": "Lonquimay", "drena_volcan": false }, "geometry": { "type": "LineString", "coordinates": [ [ -71.33504, -38.04221 ], [ -71.33477, -38.04259 ], [ -71.33475, -38.04299 ], [ -71.33422, -38.04351 ], [ -71.33414, -38.04371 ], [ -71.3332, -38.04412 ], [ -71.33284, -38.04453 ], [ -71.33233, -38.04467 ], [ -71.33223, -38.04495 ], [ -71.33231, -38.0454 ], [ -71.33195, -38.04565 ], [ -71.33185, -38.04588 ], [ -71.33145, -38.04615 ], [ -71.33131, -38.04638 ], [ -71.3312, -38.04662 ], [ -71.33125, -38.04682 ], [ -71.33152, -38.04698 ], [ -71.3316, -38.04746 ], [ -71.33147, -38.04813 ], [ -71.33109, -38.04869 ], [ -71.33111, -38.0488 ], [ -71.33141, -38.04903 ], [ -71.33124, -38.04937 ], [ -71.33119, -38.04998 ], [ -71.33053, -38.05048 ], [ -71.33047, -38.05074 ], [ -71.33062, -38.05107 ], [ -71.33054, -38.05119 ], [ -71.32981, -38.05174 ] ] } },
{ "type": "Feature", "properties": { "osm_id": 1380057315, "nombre": "Estero Vilcuncura", "tipo": "stream", "volcan_codigo": "LON", "volcan_nombre": "Lonquimay", "drena_volcan": false }, "geometry": { "type": "LineString", "coordinates": [ [ -71.3213, -38.00959 ], [ -71.32153, -38.01002 ], [ -71.32159, -38.01038 ], [ -71.32096, -38.01071 ], [ -71.31938, -38.01083 ], [ -71.3192, -38.01172 ], [ -71.31879, -38.01227 ], [ -71.31831, -38.01242 ], [ -71.3178, -38.01225 ], [ -71.31748, -38.01227 ], [ -71.31711, -38.01253 ], [ -71.31698, -38.01314 ], [ -71.31487, -38.01341 ], [ -71.31429, -38.01333 ], [ -71.31402, -38.01361 ], [ -71.3127, -38.01352 ], [ -71.31168, -38.01327 ] ] } },
{ "type": "Feature", "properties": { "osm_id": 1380057318, "nombre": "Estero Pelahuenco", "tipo": "stream", "volcan_codigo": "LON", "volcan_nombre": "Lonquimay", "drena_volcan": false }, "geometry": { "type": "LineString", "coordinates": [ [ -71.27681, -37.94935 ], [ -71.27668, -37.94961 ], [ -71.27665, -37.94987 ], [ -71.27674, -37.95021 ], [ -71.27639, -37.95108 ], [ -71.27651, -37.95132 ], [ -71.27649, -37.95149 ], [ -71.27636, -37.95168 ], [ -71.27628, -37.95211 ], [ -71.27641, -37.9534 ], [ -71.27588, -37.95412 ], [ -71.27547, -37.95419 ], [ -71.27529, -37.95447 ], [ -71.27535, -37.95484 ], [ -71.2752, -37.95522 ], [ -71.27556, -37.95578 ], [ -71.27592, -37.95601 ], [ -71.276, -37.95618 ], [ -71.27587, -37.95672 ], [ -71.27615, -37.95751 ], [ -71.27606, -37.95786 ], [ -71.27614, -37.95849 ], [ -71.27603, -37.95897 ], [ -71.27609, -37.9594 ], [ -71.27595, -37.95953 ], [ -71.27597, -37.95999 ], [ -71.27602, -37.9601 ], [ -71.27632, -37.96028 ], [ -71.27662, -37.96088 ], [ -71.27655, -37.96138 ], [ -71.27632, -37.96156 ], [ -71.2763, -37.96166 ], [ -71.27632, -37.96175 ], [ -71.27666, -37.96187 ], [ -71.2767, -37.962 ], [ -71.27654, -37.96216 ], [ -71.27644, -37.96261 ], [ -71.27642, -37.9631 ], [ -71.27656, -37.96321 ], [ -71.27662, -37.96346 ], [ -71.27651, -37.9635 ], [ -71.27601, -37.9634 ], [ -71.27582, -37.96362 ], [ -71.27598, -37.96393 ], [ -71.27585, -37.96423 ], [ -71.27595, -37.96478 ], [ -71.2759, -37.96544 ], [ -71.27597, -37.96567 ], [ -71.27652, -37.96644 ], [ -71.27694, -37.96678 ], [ -71.27725, -37.96672 ], [ -71.27742, -37.96677 ], [ -71.27759, -37.96695 ], [ -71.27788, -37.96736 ], [ -71.27791, -37.96763 ], [ -71.27813, -37.96807 ], [ -71.27839, -37.96839 ], [ -71.27858, -37.96902 ], [ -71.2789, -37.96934 ], [ -71.27885, -37.96978 ], [ -71.27841, -37.9703 ], [ -71.2785, -37.97102 ], [ -71.2787, -37.97142 ], [ -71.2791, -37.97169 ], [ -71.279, -37.97215 ], [ -71.27933, -37.97254 ], [ -71.27966, -37.97343 ], [ -71.27981, -37.97367 ], [ -71.28039, -37.97404 ], [ -71.28071, -37.97454 ], [ -71.28051, -37.97479 ], [ -71.28013, -37.97468 ], [ -71.27996, -37.97476 ], [ -71.27983, -37.97534 ], [ -71.28074, -37.97646 ], [ -71.28111, -37.97675 ], [ -71.28122, -37.97701 ], [ -71.28127, -37.97721 ], [ -71.28109, -37.97764 ], [ -71.2807, -37.9782 ], [ -71.28083, -37.97832 ], [ -71.28133, -37.9785 ], [ -71.28147, -37.97865 ], [ -71.2815, -37.97883 ], [ -71.28137, -37.97909 ], [ -71.28157, -37.97995 ], [ -71.28159, -37.98044 ], [ -71.28175, -37.98062 ], [ -71.28218, -37.98087 ], [ -71.28253, -37.98156 ], [ -71.28326, -37.98216 ], [ -71.28366, -37.98282 ], [ -71.28358, -37.9834 ], [ -71.28379, -37.98373 ], [ -71.28409, -37.98405 ], [ -71.28442, -37.98425 ], [ -71.28475, -37.98463 ], [ -71.28476, -37.98489 ], [ -71.28505, -37.98521 ], [ -71.28561, -37.98556 ], [ -71.28566, -37.98573 ], [ -71.28509, -37.98603 ], [ -71.28546, -37.98659 ], [ -71.28546, -37.98677 ], [ -71.28467, -37.98717 ], [ -71.28462, -37.98738 ], [ -71.28473, -37.98773 ], [ -71.28536, -37.9887 ], [ -71.28543, -37.98899 ], [ -71.28513, -37.98987 ], [ -71.28508, -37.99044 ], [ -71.28493, -37.99075 ], [ -71.28465, -37.99083 ], [ -71.28453, -37.99097 ], [ -71.28462, -37.99116 ], [ -71.28567, -37.99161 ], [ -71.2854, -37.99237 ], [ -71.28568, -37.99302 ], [ -71.28566, -37.99326 ], [ -71.28552, -37.99366 ], [ -71.2853, -37.99389 ], [ -71.28502, -37.99401 ], [ -71.2845, -37.99448 ], [ -71.28463, -37.99473 ], [ -71.2843, -37.99534 ], [ -71.28515, -37.99722 ], [ -71.28526, -37.99779 ], [ -71.28553, -37.99842 ], [ -71.2856, -37.99902 ], [ -71.28551, -37.99963 ], [ -71.28498, -38.00057 ], [ -71.28492, -38.0008 ], [ -71.2845, -38.00119 ], [ -71.28458, -38.00174 ], [ -71.28442, -38.0019 ], [ -71.28385, -38.00185 ], [ -71.28349, -38.00199 ], [ -71.28348, -38.00244 ], [ -71.28365, -38.00311 ], [ -71.2839, -38.00353 ], [ -71.28391, -38.00374 ], [ -71.28472, -38.00539 ], [ -71.28514, -38.00596 ], [ -71.28535, -38.00643 ], [ -71.28525, -38.00697 ], [ -71.28503, -38.0072 ], [ -71.28503, -38.00737 ], [ -71.28591, -38.00794 ], [ -71.28724, -38.00856 ], [ -71.28762, -38.00934 ], [ -71.28798, -38.00961 ], [ -71.28808, -38.00981 ], [ -71.288, -38.01027 ], [ -71.28809, -38.01046 ], [ -71.28798, -38.01067 ] ] } },
{ "type": "Feature", "properties": { "osm_id": 1380095712, "nombre": "Estero Ñireco", "tipo": "stream", "volcan_codigo": "LON", "volcan_nombre": "Lonquimay", "drena_volcan": false }, "geometry": { "type": "LineString", "coordinates": [ [ -71.4839, -37.99585 ], [ -71.48337, -37.99638 ], [ -71.48304, -37.99684 ], [ -71.48167, -37.99803 ], [ -71.48191, -37.99863 ], [ -71.48158, -37.99901 ], [ -71.48148, -37.99951 ], [ -71.48105, -37.99997 ], [ -71.48059, -38.00062 ], [ -71.48055, -38.0009 ], [ -71.48092, -38.0011 ], [ -71.48154, -38.00179 ], [ -71.48171, -38.00209 ], [ -71.48215, -38.00236 ], [ -71.48278, -38.00255 ], [ -71.48423, -38.00324 ], [ -71.48483, -38.00375 ] ] } },
{ "type": "Feature", "properties": { "osm_id": 1380095715, "nombre": "Estero Leu", "tipo": "stream", "volcan_codigo": "LON", "volcan_nombre": "Lonquimay", "drena_volcan": false }, "geometry": { "type": "LineString", "coordinates": [ [ -71.52071, -37.98887 ], [ -71.52152, -37.99048 ], [ -71.52157, -37.99181 ], [ -71.52144, -37.99213 ], [ -71.52183, -37.99262 ], [ -71.52243, -37.99297 ] ] } },
{ "type": "Feature", "properties": { "osm_id": 1380095716, "nombre": "Estero El Avellano", "tipo": "stream", "volcan_codigo": "LON", "volcan_nombre": "Lonquimay", "drena_volcan": true }, "geometry": { "type": "LineString", "coordinates": [ [ -71.52758, -37.98794 ], [ -71.52763, -37.98832 ], [ -71.52751, -37.98861 ], [ -71.52674, -37.98944 ], [ -71.52667, -37.98987 ], [ -71.52669, -37.99146 ] ] } },
{ "type": "Feature", "properties": { "osm_id": 1380095720, "nombre": "Estero El Saltillo de San Pedro", "tipo": "stream", "volcan_codigo": "LON", "volcan_nombre": "Lonquimay", "drena_volcan": false }, "geometry": { "type": "LineString", "coordinates": [ [ -71.54946, -37.93287 ], [ -71.55113, -37.93273 ], [ -71.55202, -37.93256 ], [ -71.55259, -37.93259 ], [ -71.55407, -37.93242 ], [ -71.55607, -37.93239 ], [ -71.55861, -37.93252 ], [ -71.56019, -37.93227 ], [ -71.56335, -37.93261 ], [ -71.56428, -37.93296 ] ] } },
{ "type": "Feature", "properties": { "osm_id": 1380095721, "nombre": "Estero Las Carpas", "tipo": "stream", "volcan_codigo": "LON", "volcan_nombre": "Lonquimay", "drena_volcan": true }, "geometry": { "type": "LineString", "coordinates": [ [ -71.55906, -37.96773 ], [ -71.55927, -37.96835 ], [ -71.55931, -37.969 ], [ -71.55919, -37.96943 ], [ -71.55929, -37.9697 ], [ -71.55954, -37.96988 ], [ -71.55971, -37.97045 ], [ -71.5595, -37.9714 ] ] } },
{ "type": "Feature", "properties": { "osm_id": 1380095722, "nombre": "Estero Los Cruceros", "tipo": "stream", "volcan_codigo": "LON", "volcan_nombre": "Lonquimay", "drena_volcan": false }, "geometry": { "type": "LineString", "coordinates": [ [ -71.54604, -37.98037 ], [ -71.5465, -37.98079 ], [ -71.54656, -37.98106 ], [ -71.54633, -37.98124 ], [ -71.54633, -37.98137 ], [ -71.54662, -37.98177 ], [ -71.54655, -37.98297 ], [ -71.54631, -37.98342 ], [ -71.54623, -37.98398 ], [ -71.54633, -37.98451 ], [ -71.5463, -37.98537 ], [ -71.54651, -37.98577 ] ] } },
{ "type": "Feature", "properties": { "osm_id": 1380095726, "nombre": "Río Los Parrones o Huirihuiri", "tipo": "river", "volcan_codigo": "LON", "volcan_nombre": "Lonquimay", "drena_volcan": false }, "geometry": { "type": "LineString", "coordinates": [ [ -71.52371, -37.99911 ], [ -71.52353, -37.99874 ], [ -71.52353, -37.99828 ], [ -71.5237, -37.99796 ], [ -71.52405, -37.99758 ], [ -71.52466, -37.99708 ], [ -71.52543, -37.99662 ], [ -71.52576, -37.99627 ], [ -71.52591, -37.99467 ], [ -71.52629, -37.99438 ], [ -71.52674, -37.99429 ], [ -71.52722, -37.99444 ], [ -71.5274, -37.9943 ], [ -71.52745, -37.99396 ], [ -71.52835, -37.99282 ], [ -71.52878, -37.99259 ], [ -71.52948, -37.99203 ], [ -71.52973, -37.99157 ], [ -71.52969, -37.99119 ] ] } },
{ "type": "Feature", "properties": { "osm_id": 1380095728, "nombre": "Río Quepuca", "tipo": "river", "volcan_codigo": "LON", "volcan_nombre": "Lonquimay", "drena_volcan": false }, "geometry": { "type": "LineString", "coordinates": [ [ -71.41378, -38.05071 ], [ -71.41398, -38.05144 ], [ -71.41493, -38.05178 ], [ -71.41523, -38.05205 ], [ -71.41566, -38.05224 ], [ -71.41695, -38.05219 ], [ -71.41761, -38.05236 ] ] } },
{ "type": "Feature", "properties": { "osm_id": 1415025163, "nombre": "Sin nombre", "tipo": "stream", "volcan_codigo": "LON", "volcan_nombre": "Lonquimay", "drena_volcan": false }, "geometry": { "type": "LineString", "coordinates": [ [ -71.41927, -38.03651 ], [ -71.41896, -38.03817 ], [ -71.41892, -38.03892 ], [ -71.41814, -38.04027 ], [ -71.41833, -38.0418 ], [ -71.41833, -38.04223 ], [ -71.41814, -38.04286 ], [ -71.41817, -38.04312 ], [ -71.41834, -38.04348 ], [ -71.41828, -38.04384 ], [ -71.41782, -38.04455 ], [ -71.41734, -38.04491 ], [ -71.41671, -38.04512 ], [ -71.4152, -38.0453 ], [ -71.41498, -38.04587 ], [ -71.41456, -38.04644 ], [ -71.41424, -38.04707 ], [ -71.41427, -38.04744 ], [ -71.41438, -38.04762 ], [ -71.41503, -38.04793 ], [ -71.41567, -38.04871 ], [ -71.41559, -38.05019 ], [ -71.41525, -38.05068 ], [ -71.41514, -38.05126 ], [ -71.41493, -38.05178 ] ] } },
{ "type": "Feature", "properties": { "osm_id": 1452978946, "nombre": "Sin nombre", "tipo": "stream", "volcan_codigo": "LON", "volcan_nombre": "Lonquimay", "drena_volcan": false }, "geometry": { "type": "LineString", "coordinates": [ [ -71.40661, -38.74742 ], [ -71.40614, -38.74656 ], [ -71.40553, -38.74596 ], [ -71.40476, -38.74392 ], [ -71.405, -38.74322 ], [ -71.40495, -38.74285 ], [ -71.40514, -38.74243 ], [ -71.40489, -38.74212 ], [ -71.4049, -38.74174 ], [ -71.40456, -38.74101 ], [ -71.40453, -38.7407 ], [ -71.40469, -38.74009 ], [ -71.40486, -38.73979 ], [ -71.40513, -38.73954 ], [ -71.40546, -38.73948 ] ] } },
{ "type": "Feature", "properties": { "osm_id": 1454267617, "nombre": "Río Tupuyuntue", "tipo": "river", "volcan_codigo": "LON", "volcan_nombre": "Lonquimay", "drena_volcan": false }, "geometry": { "type": "LineString", "coordinates": [ [ -71.44608, -38.3807 ], [ -71.44707, -38.38114 ], [ -71.44691, -38.38155 ], [ -71.44711, -38.38165 ], [ -71.44719, -38.38189 ], [ -71.44737, -38.3821 ], [ -71.44827, -38.38206 ], [ -71.44852, -38.38218 ], [ -71.44912, -38.38308 ], [ -71.44919, -38.38331 ], [ -71.449, -38.38357 ], [ -71.44904, -38.38385 ], [ -71.44922, -38.38414 ], [ -71.44985, -38.38437 ], [ -71.45036, -38.38437 ], [ -71.45066, -38.38446 ], [ -71.45114, -38.38611 ], [ -71.45103, -38.38698 ], [ -71.45156, -38.38858 ], [ -71.45185, -38.38917 ] ] } },
{ "type": "Feature", "properties": { "osm_id": 1454267618, "nombre": "Sin nombre", "tipo": "stream", "volcan_codigo": "LON", "volcan_nombre": "Lonquimay", "drena_volcan": true }, "geometry": { "type": "LineString", "coordinates": [ [ -71.49247, -38.29434 ], [ -71.49223, -38.2943 ], [ -71.49186, -38.29445 ], [ -71.49164, -38.29441 ] ] } },
{ "type": "Feature", "properties": { "osm_id": 1455327087, "nombre": "Sin nombre", "tipo": "stream", "volcan_codigo": "LON", "volcan_nombre": "Lonquimay", "drena_volcan": false }, "geometry": { "type": "LineString", "coordinates": [ [ -71.72694, -38.21995 ], [ -71.72726, -38.22053 ], [ -71.72802, -38.22114 ], [ -71.72913, -38.22223 ], [ -71.7294, -38.2228 ], [ -71.73027, -38.22331 ], [ -71.73048, -38.22374 ], [ -71.7308, -38.22414 ], [ -71.7309, -38.22453 ], [ -71.73132, -38.22514 ], [ -71.73168, -38.22532 ], [ -71.73277, -38.22509 ], [ -71.73341, -38.22517 ] ] } },
{ "type": "Feature", "properties": { "osm_id": 1455327092, "nombre": "Sin nombre", "tipo": "stream", "volcan_codigo": "LON", "volcan_nombre": "Lonquimay", "drena_volcan": false }, "geometry": { "type": "LineString", "coordinates": [ [ -71.86296, -38.67502 ], [ -71.86309, -38.67403 ], [ -71.86353, -38.67334 ], [ -71.86711, -38.67038 ], [ -71.86815, -38.66984 ], [ -71.86876, -38.6699 ], [ -71.86938, -38.67009 ], [ -71.86976, -38.66973 ], [ -71.87014, -38.66952 ], [ -71.8715, -38.66933 ], [ -71.87667, -38.66784 ], [ -71.87842, -38.66753 ], [ -71.87946, -38.66751 ], [ -71.88007, -38.66775 ], [ -71.88028, -38.66798 ], [ -71.88064, -38.66803 ], [ -71.88184, -38.66778 ], [ -71.88427, -38.66808 ], [ -71.88549, -38.66812 ], [ -71.88587, -38.66836 ], [ -71.88612, -38.66873 ], [ -71.88677, -38.66886 ], [ -71.89126, -38.66919 ] ] } },
{ "type": "Feature", "properties": { "osm_id": 1455327096, "nombre": "Sin nombre", "tipo": "stream", "volcan_codigo": "LON", "volcan_nombre": "Lonquimay", "drena_volcan": false }, "geometry": { "type": "LineString", "coordinates": [ [ -71.7847, -38.70889 ], [ -71.78501, -38.70961 ], [ -71.78515, -38.70971 ], [ -71.78538, -38.70973 ], [ -71.78567, -38.70995 ], [ -71.78591, -38.71 ], [ -71.78695, -38.71007 ], [ -71.78772, -38.71053 ], [ -71.78856, -38.71044 ], [ -71.78901, -38.71022 ], [ -71.78973, -38.71014 ], [ -71.79023, -38.7102 ], [ -71.79106, -38.71046 ], [ -71.79159, -38.71121 ], [ -71.79167, -38.71174 ], [ -71.79148, -38.712 ], [ -71.79172, -38.71221 ], [ -71.79202, -38.71233 ], [ -71.79246, -38.71288 ], [ -71.79323, -38.71323 ], [ -71.79379, -38.71429 ], [ -71.79429, -38.71452 ], [ -71.79503, -38.71455 ], [ -71.79512, -38.71484 ], [ -71.79537, -38.71503 ], [ -71.79551, -38.71567 ], [ -71.79592, -38.71593 ], [ -71.79604, -38.71608 ], [ -71.79638, -38.71618 ], [ -71.79662, -38.7165 ], [ -71.79705, -38.71668 ], [ -71.79707, -38.717 ], [ -71.79752, -38.71728 ], [ -71.7978, -38.71736 ], [ -71.79857, -38.71734 ], [ -71.79994, -38.7178 ], [ -71.80079, -38.71776 ] ] } },
{ "type": "Feature", "properties": { "osm_id": 1456931233, "nombre": "Sin nombre", "tipo": "stream", "volcan_codigo": "LON", "volcan_nombre": "Lonquimay", "drena_volcan": false }, "geometry": { "type": "LineString", "coordinates": [ [ -71.67303, -38.77845 ], [ -71.6731, -38.77862 ], [ -71.67282, -38.77924 ], [ -71.67176, -38.77987 ], [ -71.67102, -38.78042 ], [ -71.67057, -38.78108 ], [ -71.66895, -38.78223 ], [ -71.66844, -38.78296 ], [ -71.66651, -38.78377 ], [ -71.66486, -38.78431 ], [ -71.66385, -38.78513 ], [ -71.66063, -38.7863 ], [ -71.65928, -38.78718 ], [ -71.65747, -38.78753 ], [ -71.65671, -38.78741 ], [ -71.65527, -38.78783 ], [ -71.65402, -38.78792 ], [ -71.65286, -38.78825 ], [ -71.65204, -38.78819 ], [ -71.65091, -38.78865 ], [ -71.64924, -38.78964 ], [ -71.64877, -38.79036 ], [ -71.64806, -38.7907 ], [ -71.64564, -38.79099 ], [ -71.64522, -38.79142 ], [ -71.64484, -38.79223 ], [ -71.64472, -38.79232 ], [ -71.64284, -38.79283 ] ] } },
{ "type": "Feature", "properties": { "osm_id": 1457013148, "nombre": "Sin nombre", "tipo": "stream", "volcan_codigo": "LON", "volcan_nombre": "Lonquimay", "drena_volcan": false }, "geometry": { "type": "LineString", "coordinates": [ [ -71.25632, -38.71824 ], [ -71.25569, -38.71752 ], [ -71.25571, -38.71711 ], [ -71.25592, -38.71659 ], [ -71.25566, -38.71641 ], [ -71.25591, -38.71561 ], [ -71.25568, -38.71292 ], [ -71.2551, -38.7114 ], [ -71.25398, -38.71063 ], [ -71.25345, -38.7101 ], [ -71.2532, -38.70957 ], [ -71.25254, -38.70906 ], [ -71.25257, -38.7083 ], [ -71.25188, -38.70819 ], [ -71.25188, -38.70785 ], [ -71.25078, -38.70766 ], [ -71.24941, -38.70762 ], [ -71.24925, -38.70737 ], [ -71.24891, -38.70737 ], [ -71.24858, -38.70696 ], [ -71.24828, -38.70723 ], [ -71.24757, -38.70692 ], [ -71.2472, -38.70694 ], [ -71.24707, -38.70649 ], [ -71.24656, -38.70638 ], [ -71.2462, -38.70615 ], [ -71.24565, -38.70603 ], [ -71.245, -38.70617 ], [ -71.24459, -38.7057 ], [ -71.24393, -38.70526 ], [ -71.24313, -38.70531 ], [ -71.24282, -38.70505 ], [ -71.2425, -38.70505 ], [ -71.24174, -38.70481 ], [ -71.24134, -38.70506 ], [ -71.23995, -38.70496 ], [ -71.23937, -38.70458 ], [ -71.23868, -38.70431 ], [ -71.23796, -38.70429 ], [ -71.23716, -38.70455 ], [ -71.23552, -38.70546 ], [ -71.2348, -38.70533 ], [ -71.23242, -38.70616 ], [ -71.23096, -38.70609 ], [ -71.23022, -38.70597 ], [ -71.22961, -38.7056 ], [ -71.22853, -38.7056 ], [ -71.22742, -38.70575 ], [ -71.22688, -38.70611 ], [ -71.22622, -38.70618 ], [ -71.22516, -38.70583 ], [ -71.22464, -38.70577 ], [ -71.2239, -38.70594 ], [ -71.22351, -38.70592 ], [ -71.22302, -38.70615 ], [ -71.22242, -38.70619 ], [ -71.22226, -38.70638 ], [ -71.22167, -38.7065 ], [ -71.22092, -38.70652 ] ] } },
{ "type": "Feature", "properties": { "osm_id": 1461467873, "nombre": "Sin nombre", "tipo": "stream", "volcan_codigo": "LON", "volcan_nombre": "Lonquimay", "drena_volcan": false }, "geometry": { "type": "LineString", "coordinates": [ [ -71.38297, -38.28387 ], [ -71.38139, -38.28367 ], [ -71.37983, -38.28323 ], [ -71.37938, -38.28301 ], [ -71.37836, -38.2828 ], [ -71.37788, -38.28277 ], [ -71.37718, -38.2829 ], [ -71.37601, -38.2828 ], [ -71.37485, -38.28226 ], [ -71.37383, -38.28193 ], [ -71.37236, -38.28114 ], [ -71.37178, -38.28105 ], [ -71.36984, -38.28052 ], [ -71.36867, -38.28032 ], [ -71.36683, -38.27969 ], [ -71.36596, -38.27927 ], [ -71.36453, -38.27873 ], [ -71.36409, -38.27816 ], [ -71.36356, -38.27786 ], [ -71.36342, -38.27761 ], [ -71.36336, -38.27704 ], [ -71.36284, -38.2766 ], [ -71.36269, -38.27606 ], [ -71.36239, -38.27571 ], [ -71.3624, -38.27525 ], [ -71.36214, -38.27493 ], [ -71.36206, -38.27452 ], [ -71.36221, -38.27373 ], [ -71.36216, -38.27333 ], [ -71.36223, -38.27281 ], [ -71.36214, -38.27229 ] ] } },
{ "type": "Feature", "properties": { "osm_id": 1461977371, "nombre": "Estero Pichidumo", "tipo": "stream", "volcan_codigo": "LON", "volcan_nombre": "Lonquimay", "drena_volcan": false }, "geometry": { "type": "LineString", "coordinates": [ [ -72.00721, -38.18726 ], [ -72.00795, -38.18718 ], [ -72.00869, -38.18684 ], [ -72.00964, -38.18662 ], [ -72.01015, -38.18667 ], [ -72.01197, -38.18786 ], [ -72.01275, -38.18855 ], [ -72.01324, -38.18863 ], [ -72.01363, -38.18852 ], [ -72.01386, -38.18816 ], [ -72.01493, -38.1874 ], [ -72.01534, -38.18722 ], [ -72.01636, -38.18707 ], [ -72.01735, -38.18723 ], [ -72.01822, -38.187 ], [ -72.01991, -38.18697 ], [ -72.02136, -38.18667 ], [ -72.02174, -38.18668 ], [ -72.02265, -38.18704 ], [ -72.02347, -38.18715 ], [ -72.02387, -38.18713 ], [ -72.02487, -38.18685 ], [ -72.02563, -38.18679 ], [ -72.02694, -38.18703 ], [ -72.02871, -38.18701 ], [ -72.03054, -38.1866 ], [ -72.03122, -38.18634 ], [ -72.03267, -38.186 ], [ -72.03326, -38.18579 ], [ -72.03402, -38.18533 ], [ -72.03416, -38.18519 ], [ -72.03407, -38.18457 ], [ -72.03437, -38.18411 ], [ -72.03494, -38.1838 ], [ -72.03512, -38.1835 ], [ -72.03573, -38.18297 ], [ -72.0362, -38.18236 ], [ -72.03681, -38.18204 ], [ -72.03734, -38.18199 ], [ -72.03963, -38.1826 ], [ -72.04139, -38.18267 ], [ -72.04336, -38.18239 ], [ -72.04498, -38.18137 ], [ -72.04572, -38.18119 ], [ -72.04631, -38.18093 ], [ -72.04664, -38.18092 ], [ -72.04721, -38.18106 ], [ -72.04739, -38.18117 ], [ -72.04755, -38.18148 ], [ -72.04783, -38.1816 ], [ -72.04816, -38.18161 ], [ -72.04939, -38.18139 ], [ -72.0497, -38.18126 ], [ -72.05015, -38.18083 ], [ -72.05035, -38.18056 ], [ -72.05045, -38.18014 ], [ -72.05072, -38.17982 ], [ -72.05179, -38.17918 ], [ -72.05229, -38.179 ], [ -72.05269, -38.17893 ], [ -72.05365, -38.17904 ], [ -72.05407, -38.17899 ], [ -72.0547, -38.17885 ], [ -72.0552, -38.17862 ], [ -72.05606, -38.1784 ], [ -72.0567, -38.17833 ], [ -72.05733, -38.1781 ], [ -72.05799, -38.17798 ], [ -72.05878, -38.17798 ], [ -72.05925, -38.17787 ], [ -72.0602, -38.17783 ], [ -72.06063, -38.17759 ], [ -72.06079, -38.17722 ], [ -72.061, -38.17704 ], [ -72.06286, -38.17691 ], [ -72.0634, -38.17677 ], [ -72.06421, -38.17682 ], [ -72.06464, -38.17657 ], [ -72.06582, -38.1763 ], [ -72.06649, -38.17631 ], [ -72.0674, -38.17688 ], [ -72.06777, -38.17694 ], [ -72.06841, -38.17672 ], [ -72.06898, -38.17675 ], [ -72.07008, -38.17641 ], [ -72.07056, -38.17657 ], [ -72.07091, -38.17682 ], [ -72.07208, -38.17694 ], [ -72.07237, -38.17718 ], [ -72.07254, -38.1772 ], [ -72.07296, -38.17709 ], [ -72.07339, -38.1768 ], [ -72.07426, -38.17683 ], [ -72.07468, -38.17657 ], [ -72.07502, -38.17625 ], [ -72.07544, -38.17614 ], [ -72.07642, -38.1763 ], [ -72.07738, -38.17667 ], [ -72.07771, -38.17668 ], [ -72.07799, -38.17645 ], [ -72.07857, -38.17561 ], [ -72.07902, -38.17546 ], [ -72.07985, -38.1754 ], [ -72.08146, -38.17577 ], [ -72.08213, -38.17577 ], [ -72.08296, -38.17605 ], [ -72.08377, -38.17597 ], [ -72.08455, -38.17604 ], [ -72.08527, -38.176 ], [ -72.08638, -38.17626 ], [ -72.08704, -38.17613 ], [ -72.08709, -38.17598 ], [ -72.08701, -38.1757 ], [ -72.08723, -38.17562 ], [ -72.0876, -38.17584 ], [ -72.0882, -38.17594 ], [ -72.08875, -38.17601 ], [ -72.08917, -38.1759 ], [ -72.08953, -38.17628 ], [ -72.09006, -38.17636 ], [ -72.09026, -38.17632 ], [ -72.0904, -38.17606 ], [ -72.09059, -38.17593 ], [ -72.09149, -38.17575 ], [ -72.09173, -38.17559 ], [ -72.09229, -38.17542 ], [ -72.0924, -38.1745 ], [ -72.09266, -38.17432 ], [ -72.09304, -38.1744 ], [ -72.09338, -38.17488 ], [ -72.09385, -38.17497 ], [ -72.09415, -38.17497 ], [ -72.09461, -38.17475 ], [ -72.09557, -38.17466 ], [ -72.09573, -38.17479 ], [ -72.09606, -38.17538 ], [ -72.09639, -38.1755 ], [ -72.0968, -38.17551 ], [ -72.09793, -38.17495 ], [ -72.09829, -38.17494 ], [ -72.09886, -38.17506 ], [ -72.09994, -38.17491 ], [ -72.10057, -38.17525 ], [ -72.10188, -38.17516 ], [ -72.10232, -38.17524 ], [ -72.10321, -38.17511 ], [ -72.10357, -38.17517 ], [ -72.1041, -38.17541 ], [ -72.10495, -38.17536 ], [ -72.10553, -38.17561 ], [ -72.10656, -38.17556 ], [ -72.10794, -38.17587 ] ] } },
{ "type": "Feature", "properties": { "osm_id": 1461996756, "nombre": "Sin nombre", "tipo": "stream", "volcan_codigo": "LON", "volcan_nombre": "Lonquimay", "drena_volcan": false }, "geometry": { "type": "LineString", "coordinates": [ [ -71.70824, -38.18305 ], [ -71.70724, -38.18271 ], [ -71.70696, -38.1825 ], [ -71.70588, -38.18101 ], [ -71.70563, -38.18083 ], [ -71.70508, -38.18076 ], [ -71.70398, -38.18086 ], [ -71.70211, -38.18026 ] ] } },
{ "type": "Feature", "properties": { "osm_id": 1461996757, "nombre": "Sin nombre", "tipo": "stream", "volcan_codigo": "LON", "volcan_nombre": "Lonquimay", "drena_volcan": false }, "geometry": { "type": "LineString", "coordinates": [ [ -71.70783, -38.18069 ], [ -71.70689, -38.18061 ], [ -71.70598, -38.18026 ], [ -71.7055, -38.17992 ], [ -71.70393, -38.17953 ] ] } },
{ "type": "Feature", "properties": { "osm_id": 1461996758, "nombre": "Sin nombre", "tipo": "stream", "volcan_codigo": "LON", "volcan_nombre": "Lonquimay", "drena_volcan": false }, "geometry": { "type": "LineString", "coordinates": [ [ -71.70724, -38.17894 ], [ -71.70623, -38.17919 ], [ -71.70516, -38.17912 ], [ -71.70206, -38.18028 ], [ -71.70124, -38.18046 ], [ -71.7005, -38.18042 ], [ -71.7, -38.18064 ], [ -71.69924, -38.18082 ] ] } },
{ "type": "Feature", "properties": { "osm_id": 1461996764, "nombre": "Sin nombre", "tipo": "stream", "volcan_codigo": "LON", "volcan_nombre": "Lonquimay", "drena_volcan": false }, "geometry": { "type": "LineString", "coordinates": [ [ -71.69229, -38.19849 ], [ -71.69236, -38.19822 ], [ -71.69229, -38.19802 ], [ -71.69215, -38.1979 ], [ -71.69146, -38.19766 ], [ -71.69085, -38.19697 ], [ -71.69088, -38.19677 ], [ -71.69112, -38.1964 ], [ -71.69133, -38.19587 ], [ -71.69157, -38.19562 ], [ -71.69158, -38.19535 ], [ -71.69141, -38.19523 ], [ -71.6912, -38.19522 ], [ -71.69068, -38.19541 ], [ -71.69043, -38.19575 ], [ -71.69022, -38.19577 ], [ -71.69004, -38.19563 ], [ -71.69001, -38.19531 ], [ -71.69055, -38.19486 ], [ -71.69076, -38.19452 ], [ -71.69057, -38.19438 ], [ -71.68986, -38.19426 ], [ -71.68963, -38.19412 ], [ -71.68962, -38.19358 ], [ -71.68949, -38.19319 ], [ -71.6897, -38.19286 ], [ -71.69031, -38.19237 ], [ -71.69033, -38.19225 ], [ -71.69016, -38.19212 ], [ -71.68991, -38.19206 ], [ -71.6897, -38.19221 ], [ -71.68959, -38.19249 ], [ -71.6894, -38.19256 ], [ -71.68918, -38.1925 ], [ -71.689, -38.19188 ], [ -71.68839, -38.19108 ], [ -71.68829, -38.19082 ], [ -71.68782, -38.19055 ], [ -71.68782, -38.19046 ], [ -71.68799, -38.19034 ], [ -71.68841, -38.19032 ], [ -71.68874, -38.19014 ], [ -71.68876, -38.18996 ], [ -71.68863, -38.18981 ], [ -71.68793, -38.18958 ], [ -71.68771, -38.18946 ], [ -71.68754, -38.18924 ], [ -71.6871, -38.18919 ], [ -71.68684, -38.18906 ], [ -71.68634, -38.18854 ], [ -71.68613, -38.1881 ], [ -71.68589, -38.18799 ], [ -71.68476, -38.18776 ], [ -71.68426, -38.18785 ], [ -71.68351, -38.18822 ], [ -71.68312, -38.18824 ], [ -71.6828, -38.18812 ], [ -71.68243, -38.18812 ], [ -71.68191, -38.18839 ], [ -71.6814, -38.18837 ], [ -71.68132, -38.18816 ], [ -71.68154, -38.1879 ], [ -71.68161, -38.1876 ], [ -71.6815, -38.18724 ], [ -71.68126, -38.18704 ], [ -71.68004, -38.187 ], [ -71.67954, -38.18708 ], [ -71.6789, -38.1875 ], [ -71.67851, -38.18755 ], [ -71.6781, -38.18741 ], [ -71.67801, -38.18731 ], [ -71.67803, -38.18718 ], [ -71.6784, -38.18685 ], [ -71.67834, -38.18667 ], [ -71.6781, -38.18655 ], [ -71.67655, -38.18642 ], [ -71.67619, -38.18612 ], [ -71.67507, -38.18574 ], [ -71.67428, -38.18568 ], [ -71.67279, -38.18577 ], [ -71.67249, -38.18568 ], [ -71.67237, -38.18561 ], [ -71.67233, -38.18544 ], [ -71.67246, -38.18528 ], [ -71.67318, -38.18496 ], [ -71.67322, -38.18478 ], [ -71.6731, -38.18457 ], [ -71.67226, -38.18393 ], [ -71.67197, -38.18352 ], [ -71.67126, -38.18321 ], [ -71.67107, -38.1829 ], [ -71.67078, -38.18268 ], [ -71.67012, -38.18267 ], [ -71.66916, -38.18293 ], [ -71.66874, -38.18288 ], [ -71.66845, -38.18276 ], [ -71.66813, -38.1823 ], [ -71.66799, -38.18177 ], [ -71.66805, -38.18165 ], [ -71.66839, -38.18148 ], [ -71.66835, -38.18122 ], [ -71.66812, -38.18083 ], [ -71.66803, -38.18043 ], [ -71.66732, -38.17977 ], [ -71.667, -38.17973 ], [ -71.66633, -38.17985 ], [ -71.66569, -38.17959 ], [ -71.66517, -38.17954 ], [ -71.66454, -38.17999 ], [ -71.66427, -38.18004 ], [ -71.66398, -38.1798 ], [ -71.66277, -38.17912 ], [ -71.66159, -38.17916 ], [ -71.661, -38.17904 ], [ -71.6598, -38.17909 ], [ -71.65811, -38.17949 ], [ -71.65735, -38.17977 ], [ -71.65654, -38.17983 ], [ -71.65581, -38.17964 ], [ -71.65565, -38.17943 ], [ -71.65569, -38.1789 ], [ -71.65552, -38.17877 ], [ -71.65515, -38.17892 ], [ -71.65492, -38.17924 ], [ -71.65475, -38.17931 ], [ -71.65398, -38.17919 ], [ -71.65159, -38.17906 ], [ -71.6507, -38.17918 ], [ -71.64994, -38.1791 ], [ -71.6495, -38.17934 ], [ -71.64817, -38.17953 ], [ -71.6477, -38.17982 ], [ -71.64778, -38.18027 ], [ -71.64747, -38.1803 ], [ -71.64637, -38.17977 ], [ -71.64487, -38.17941 ], [ -71.64411, -38.17906 ], [ -71.64399, -38.17892 ], [ -71.64386, -38.17848 ], [ -71.64395, -38.17792 ], [ -71.64372, -38.17768 ], [ -71.6435, -38.17767 ], [ -71.64286, -38.17787 ], [ -71.64212, -38.17786 ], [ -71.64149, -38.17796 ], [ -71.64099, -38.1779 ], [ -71.64081, -38.17773 ], [ -71.64079, -38.17755 ], [ -71.64141, -38.17697 ], [ -71.64144, -38.1768 ], [ -71.64127, -38.17657 ], [ -71.64093, -38.17641 ], [ -71.64009, -38.17631 ], [ -71.63913, -38.1759 ], [ -71.63871, -38.17561 ], [ -71.63806, -38.17542 ], [ -71.63775, -38.1754 ], [ -71.63745, -38.17564 ], [ -71.63751, -38.17635 ], [ -71.63744, -38.17652 ], [ -71.63686, -38.17673 ], [ -71.63663, -38.17706 ], [ -71.63638, -38.17725 ], [ -71.63567, -38.17741 ], [ -71.63333, -38.17735 ], [ -71.63263, -38.17714 ], [ -71.632, -38.17707 ], [ -71.63095, -38.1762 ] ] } },
{ "type": "Feature", "properties": { "osm_id": 1461996767, "nombre": "Río Renaico", "tipo": "stream", "volcan_codigo": "LON", "volcan_nombre": "Lonquimay", "drena_volcan": false }, "geometry": { "type": "LineString", "coordinates": [ [ -71.70831, -38.1854 ], [ -71.70707, -38.18513 ], [ -71.70492, -38.1849 ], [ -71.70414, -38.18457 ], [ -71.70391, -38.18441 ], [ -71.70371, -38.18407 ], [ -71.70312, -38.18339 ], [ -71.70289, -38.18273 ], [ -71.70213, -38.18231 ], [ -71.70178, -38.18182 ], [ -71.70117, -38.18161 ], [ -71.70081, -38.18121 ], [ -71.69968, -38.18114 ], [ -71.69924, -38.18082 ] ] } },
{ "type": "Feature", "properties": { "osm_id": 1461996772, "nombre": "Sin nombre", "tipo": "stream", "volcan_codigo": "LON", "volcan_nombre": "Lonquimay", "drena_volcan": false }, "geometry": { "type": "LineString", "coordinates": [ [ -71.73376, -38.22528 ], [ -71.73579, -38.22527 ] ] } },
{ "type": "Feature", "properties": { "osm_id": 1461996773, "nombre": "Sin nombre", "tipo": "stream", "volcan_codigo": "LON", "volcan_nombre": "Lonquimay", "drena_volcan": false }, "geometry": { "type": "LineString", "coordinates": [ [ -71.73341, -38.22517 ], [ -71.73376, -38.22528 ] ] } },
{ "type": "Feature", "properties": { "osm_id": 1461996774, "nombre": "Sin nombre", "tipo": "stream", "volcan_codigo": "LON", "volcan_nombre": "Lonquimay", "drena_volcan": false }, "geometry": { "type": "LineString", "coordinates": [ [ -71.69399, -38.24028 ], [ -71.69432, -38.2401 ], [ -71.69441, -38.23987 ], [ -71.69465, -38.23965 ], [ -71.69569, -38.23932 ], [ -71.69619, -38.23898 ] ] } },
{ "type": "Feature", "properties": { "osm_id": 1461996775, "nombre": "Río Malleco", "tipo": "river", "volcan_codigo": "LON", "volcan_nombre": "Lonquimay", "drena_volcan": false }, "geometry": { "type": "LineString", "coordinates": [ [ -71.73208, -38.22744 ], [ -71.73242, -38.22731 ] ] } },
{ "type": "Feature", "properties": { "osm_id": 1461996776, "nombre": "Río Dillo", "tipo": "river", "volcan_codigo": "LON", "volcan_nombre": "Lonquimay", "drena_volcan": false }, "geometry": { "type": "LineString", "coordinates": [ [ -71.75535, -38.29689 ], [ -71.75601, -38.29698 ], [ -71.7571, -38.29672 ], [ -71.75726, -38.29661 ], [ -71.75733, -38.29637 ], [ -71.75777, -38.29612 ], [ -71.75892, -38.29613 ], [ -71.75912, -38.29629 ], [ -71.75936, -38.29666 ], [ -71.75944, -38.29705 ], [ -71.75956, -38.29723 ], [ -71.75968, -38.29727 ], [ -71.76079, -38.29698 ], [ -71.76147, -38.29732 ], [ -71.76228, -38.29738 ], [ -71.76252, -38.29748 ], [ -71.76278, -38.29771 ], [ -71.7636, -38.29777 ], [ -71.76416, -38.29763 ], [ -71.76454, -38.29773 ], [ -71.76469, -38.29786 ], [ -71.76483, -38.29848 ], [ -71.76502, -38.2986 ], [ -71.7653, -38.29863 ], [ -71.76583, -38.29853 ], [ -71.76613, -38.29855 ], [ -71.76708, -38.29889 ], [ -71.7673, -38.29885 ], [ -71.76762, -38.29853 ], [ -71.76779, -38.29848 ], [ -71.76793, -38.29854 ], [ -71.76805, -38.29878 ], [ -71.76828, -38.29953 ], [ -71.76868, -38.29976 ], [ -71.76907, -38.29982 ], [ -71.77028, -38.30027 ], [ -71.77052, -38.30028 ], [ -71.77149, -38.29987 ], [ -71.77214, -38.29991 ], [ -71.77235, -38.29961 ], [ -71.77312, -38.29933 ], [ -71.77347, -38.29926 ], [ -71.77403, -38.29937 ], [ -71.77463, -38.29913 ], [ -71.77485, -38.29941 ], [ -71.77508, -38.29949 ], [ -71.77593, -38.29932 ], [ -71.77635, -38.29933 ], [ -71.77666, -38.29943 ], [ -71.77742, -38.30008 ], [ -71.77782, -38.30022 ], [ -71.77834, -38.2999 ], [ -71.77881, -38.29981 ], [ -71.78001, -38.29979 ], [ -71.78226, -38.30002 ], [ -71.78311, -38.29983 ], [ -71.7841, -38.30015 ], [ -71.78473, -38.30026 ], [ -71.78506, -38.30021 ], [ -71.78559, -38.30037 ], [ -71.78635, -38.30073 ], [ -71.78649, -38.301 ], [ -71.78738, -38.3016 ], [ -71.78775, -38.30162 ], [ -71.78874, -38.30193 ], [ -71.78924, -38.30228 ], [ -71.79003, -38.30219 ], [ -71.79024, -38.30232 ], [ -71.79036, -38.30255 ], [ -71.79055, -38.30263 ], [ -71.79093, -38.30262 ], [ -71.79166, -38.30277 ], [ -71.79219, -38.30276 ], [ -71.79363, -38.30303 ], [ -71.79436, -38.30277 ] ] } },
{ "type": "Feature", "properties": { "osm_id": 1461996779, "nombre": "Sin nombre", "tipo": "stream", "volcan_codigo": "LON", "volcan_nombre": "Lonquimay", "drena_volcan": false }, "geometry": { "type": "LineString", "coordinates": [ [ -71.6974, -38.25061 ], [ -71.69767, -38.25063 ], [ -71.6982, -38.25111 ], [ -71.6986, -38.25117 ], [ -71.69899, -38.25145 ] ] } },
{ "type": "Feature", "properties": { "osm_id": 1461996780, "nombre": "Río Dillo", "tipo": "stream", "volcan_codigo": "LON", "volcan_nombre": "Lonquimay", "drena_volcan": false }, "geometry": { "type": "LineString", "coordinates": [ [ -71.69918, -38.25317 ], [ -71.69884, -38.25279 ], [ -71.69872, -38.25237 ], [ -71.69885, -38.25213 ], [ -71.69881, -38.25192 ], [ -71.69892, -38.25179 ], [ -71.6989, -38.25153 ], [ -71.69913, -38.25134 ], [ -71.69979, -38.25108 ], [ -71.69993, -38.2509 ], [ -71.7001, -38.25098 ], [ -71.70035, -38.25088 ], [ -71.70101, -38.25099 ], [ -71.70125, -38.2509 ] ] } },
{ "type": "Feature", "properties": { "osm_id": 1464187082, "nombre": "Sin nombre", "tipo": "stream", "volcan_codigo": "LON", "volcan_nombre": "Lonquimay", "drena_volcan": false }, "geometry": { "type": "LineString", "coordinates": [ [ -71.51823, -38.09861 ], [ -71.51747, -38.09917 ], [ -71.51669, -38.0993 ], [ -71.51657, -38.09924 ], [ -71.51669, -38.09895 ], [ -71.51659, -38.0987 ], [ -71.51635, -38.09859 ], [ -71.51588, -38.09868 ], [ -71.51529, -38.09913 ], [ -71.51513, -38.0994 ], [ -71.51498, -38.09951 ], [ -71.51466, -38.09954 ], [ -71.5144, -38.09936 ], [ -71.51422, -38.09935 ], [ -71.51377, -38.09963 ], [ -71.51346, -38.09991 ], [ -71.5134, -38.10028 ], [ -71.51319, -38.10073 ], [ -71.51218, -38.10071 ], [ -71.51137, -38.10083 ], [ -71.51091, -38.10103 ], [ -71.51027, -38.10166 ], [ -71.5099, -38.10164 ], [ -71.50914, -38.10131 ], [ -71.50869, -38.10132 ], [ -71.50848, -38.10138 ], [ -71.50833, -38.10173 ], [ -71.50807, -38.10176 ], [ -71.5077, -38.10205 ], [ -71.50677, -38.10204 ], [ -71.50613, -38.10224 ], [ -71.50522, -38.10217 ], [ -71.5046, -38.10182 ], [ -71.50426, -38.10191 ], [ -71.50289, -38.10199 ], [ -71.50219, -38.10221 ], [ -71.50101, -38.10189 ], [ -71.49982, -38.10215 ], [ -71.4995, -38.10206 ], [ -71.49881, -38.1021 ], [ -71.49826, -38.10239 ], [ -71.49792, -38.10267 ], [ -71.49661, -38.10288 ], [ -71.49642, -38.10306 ], [ -71.49622, -38.10356 ], [ -71.49585, -38.10382 ], [ -71.49455, -38.10387 ], [ -71.49398, -38.10431 ], [ -71.4934, -38.10452 ], [ -71.49281, -38.10484 ], [ -71.49232, -38.10518 ], [ -71.49188, -38.10563 ], [ -71.49152, -38.10577 ], [ -71.49097, -38.10573 ], [ -71.49084, -38.10567 ], [ -71.49061, -38.10535 ], [ -71.48976, -38.10515 ], [ -71.48864, -38.10519 ], [ -71.48792, -38.10505 ], [ -71.48716, -38.10508 ], [ -71.48678, -38.10495 ], [ -71.48612, -38.10442 ], [ -71.4856, -38.10444 ], [ -71.48525, -38.10425 ], [ -71.485, -38.10436 ], [ -71.48416, -38.10425 ], [ -71.48395, -38.10437 ], [ -71.4839, -38.10466 ], [ -71.48376, -38.1047 ], [ -71.48309, -38.1047 ], [ -71.4826, -38.10484 ], [ -71.48208, -38.10461 ], [ -71.48171, -38.1046 ], [ -71.48149, -38.10469 ], [ -71.48134, -38.10496 ], [ -71.48186, -38.1055 ], [ -71.48192, -38.10595 ], [ -71.4818, -38.10618 ], [ -71.4813, -38.10632 ], [ -71.48106, -38.10647 ], [ -71.48088, -38.10683 ], [ -71.48076, -38.10691 ], [ -71.48046, -38.10697 ], [ -71.48021, -38.10686 ], [ -71.47996, -38.10636 ], [ -71.47949, -38.10603 ], [ -71.47923, -38.10607 ], [ -71.47894, -38.10627 ], [ -71.4784, -38.1064 ], [ -71.47708, -38.1063 ], [ -71.4765, -38.10675 ], [ -71.47552, -38.10715 ], [ -71.4749, -38.1076 ], [ -71.47421, -38.10791 ], [ -71.47326, -38.10819 ], [ -71.47236, -38.10832 ], [ -71.47171, -38.10822 ], [ -71.47103, -38.10783 ], [ -71.47079, -38.10783 ], [ -71.4705, -38.10799 ], [ -71.46945, -38.10784 ], [ -71.46891, -38.10805 ], [ -71.46575, -38.10864 ], [ -71.46548, -38.10885 ], [ -71.46524, -38.1092 ], [ -71.46486, -38.10926 ], [ -71.46427, -38.10907 ], [ -71.46409, -38.10874 ], [ -71.46403, -38.10836 ], [ -71.46361, -38.10788 ], [ -71.46297, -38.10776 ], [ -71.46238, -38.10703 ], [ -71.4616, -38.1068 ], [ -71.46109, -38.10654 ], [ -71.46044, -38.10597 ], [ -71.46019, -38.10553 ], [ -71.46022, -38.1054 ], [ -71.46053, -38.10511 ], [ -71.4605, -38.10484 ], [ -71.46002, -38.1042 ], [ -71.45967, -38.10355 ], [ -71.46009, -38.10262 ], [ -71.46, -38.10249 ], [ -71.45938, -38.10241 ], [ -71.45906, -38.10215 ], [ -71.45881, -38.1018 ], [ -71.45831, -38.10091 ], [ -71.458, -38.10007 ], [ -71.45759, -38.09956 ], [ -71.45748, -38.09922 ], [ -71.45748, -38.09882 ], [ -71.45717, -38.09812 ], [ -71.45718, -38.09758 ], [ -71.45691, -38.0972 ], [ -71.45615, -38.09677 ], [ -71.4559, -38.09633 ], [ -71.4557, -38.09614 ], [ -71.45564, -38.0959 ], [ -71.45594, -38.09522 ], [ -71.45585, -38.09465 ], [ -71.45577, -38.09456 ], [ -71.45532, -38.09446 ], [ -71.45512, -38.09416 ], [ -71.45453, -38.09368 ], [ -71.45357, -38.09386 ], [ -71.45333, -38.09378 ], [ -71.45328, -38.0936 ] ] } },
{ "type": "Feature", "properties": { "osm_id": 1465376347, "nombre": "Sin nombre", "tipo": "stream", "volcan_codigo": "LON", "volcan_nombre": "Lonquimay", "drena_volcan": false }, "geometry": { "type": "LineString", "coordinates": [ [ -71.89126, -38.66919 ], [ -71.89168, -38.66926 ], [ -71.89277, -38.66978 ], [ -71.89314, -38.67028 ], [ -71.89334, -38.67075 ], [ -71.89399, -38.67121 ], [ -71.89418, -38.67154 ], [ -71.89478, -38.67213 ], [ -71.89533, -38.67235 ], [ -71.89599, -38.67239 ], [ -71.89649, -38.67251 ], [ -71.89699, -38.67291 ], [ -71.89764, -38.67367 ], [ -71.89843, -38.67407 ], [ -71.89867, -38.67428 ], [ -71.89942, -38.67453 ], [ -71.89963, -38.67476 ], [ -71.89961, -38.67518 ], [ -71.89973, -38.67543 ], [ -71.89998, -38.67555 ], [ -71.90088, -38.6754 ], [ -71.90186, -38.67486 ], [ -71.90293, -38.67458 ], [ -71.90332, -38.67468 ], [ -71.90393, -38.67514 ], [ -71.90455, -38.67537 ], [ -71.90538, -38.67512 ], [ -71.90613, -38.67506 ], [ -71.90734, -38.67526 ], [ -71.90809, -38.67527 ], [ -71.90913, -38.67491 ], [ -71.90994, -38.67485 ], [ -71.91108, -38.67429 ], [ -71.91295, -38.67396 ], [ -71.9139, -38.67369 ], [ -71.91445, -38.67347 ], [ -71.91536, -38.6727 ], [ -71.91571, -38.67257 ], [ -71.91705, -38.67257 ], [ -71.91749, -38.6727 ], [ -71.9182, -38.67312 ], [ -71.9187, -38.67317 ], [ -71.92029, -38.67296 ], [ -71.92266, -38.6725 ], [ -71.9237, -38.67212 ], [ -71.92449, -38.67202 ], [ -71.9258, -38.67229 ], [ -71.92677, -38.67223 ], [ -71.92736, -38.67239 ], [ -71.92848, -38.67284 ], [ -71.92965, -38.67298 ], [ -71.9303, -38.67314 ], [ -71.93118, -38.67353 ], [ -71.93326, -38.67407 ], [ -71.93425, -38.67459 ], [ -71.93509, -38.67485 ], [ -71.93556, -38.67517 ], [ -71.93621, -38.6754 ], [ -71.93684, -38.67574 ], [ -71.93848, -38.67625 ], [ -71.93956, -38.67639 ], [ -71.94161, -38.67635 ], [ -71.94327, -38.67678 ], [ -71.94349, -38.67676 ], [ -71.94401, -38.67649 ] ] } },
{ "type": "Feature", "properties": { "osm_id": 1465448130, "nombre": "Sin nombre", "tipo": "stream", "volcan_codigo": "LON", "volcan_nombre": "Lonquimay", "drena_volcan": false }, "geometry": { "type": "LineString", "coordinates": [ [ -71.61636, -38.71001 ], [ -71.61665, -38.71043 ], [ -71.61699, -38.71072 ], [ -71.61705, -38.71103 ], [ -71.61723, -38.71129 ], [ -71.61722, -38.71159 ], [ -71.61741, -38.71174 ] ] } },
{ "type": "Feature", "properties": { "osm_id": 1465448131, "nombre": "Sin nombre", "tipo": "stream", "volcan_codigo": "LON", "volcan_nombre": "Lonquimay", "drena_volcan": false }, "geometry": { "type": "LineString", "coordinates": [ [ -71.61741, -38.71174 ], [ -71.61809, -38.71188 ], [ -71.6187, -38.71212 ], [ -71.61872, -38.7122 ], [ -71.61847, -38.71246 ], [ -71.61821, -38.71309 ], [ -71.61819, -38.71364 ], [ -71.61854, -38.71393 ], [ -71.61886, -38.7147 ], [ -71.61925, -38.71492 ], [ -71.61935, -38.71546 ], [ -71.61981, -38.71597 ], [ -71.61976, -38.71641 ], [ -71.62008, -38.71686 ], [ -71.62059, -38.71704 ], [ -71.62081, -38.7176 ], [ -71.62107, -38.71761 ], [ -71.62114, -38.71732 ], [ -71.62123, -38.71723 ], [ -71.6214, -38.71722 ], [ -71.62152, -38.71745 ], [ -71.62206, -38.71798 ], [ -71.62242, -38.71806 ], [ -71.62293, -38.71797 ], [ -71.62338, -38.71815 ], [ -71.62357, -38.71847 ], [ -71.62359, -38.7189 ], [ -71.62397, -38.71915 ], [ -71.62438, -38.71925 ], [ -71.6246, -38.71944 ], [ -71.62467, -38.71985 ], [ -71.62437, -38.7202 ], [ -71.6239, -38.72159 ], [ -71.62409, -38.72217 ], [ -71.62462, -38.72262 ], [ -71.62472, -38.72283 ], [ -71.62474, -38.72299 ], [ -71.62457, -38.72321 ], [ -71.62459, -38.7233 ], [ -71.62512, -38.72339 ], [ -71.6253, -38.72359 ], [ -71.62544, -38.72462 ], [ -71.62531, -38.72486 ], [ -71.62475, -38.72527 ], [ -71.62465, -38.72554 ], [ -71.625, -38.72583 ], [ -71.62508, -38.72612 ], [ -71.62516, -38.72616 ], [ -71.62586, -38.72609 ], [ -71.62606, -38.72626 ], [ -71.62619, -38.72675 ], [ -71.62591, -38.7271 ], [ -71.62581, -38.72736 ] ] } },
{ "type": "Feature", "properties": { "osm_id": 1465448132, "nombre": "Sin nombre", "tipo": "stream", "volcan_codigo": "LON", "volcan_nombre": "Lonquimay", "drena_volcan": false }, "geometry": { "type": "LineString", "coordinates": [ [ -71.61991, -38.70303 ], [ -71.62014, -38.70331 ], [ -71.62009, -38.70355 ], [ -71.62015, -38.70388 ], [ -71.62043, -38.70426 ], [ -71.62059, -38.70466 ], [ -71.62035, -38.70529 ], [ -71.62051, -38.70582 ], [ -71.62045, -38.70654 ], [ -71.62034, -38.70681 ], [ -71.62037, -38.70716 ], [ -71.62017, -38.7076 ], [ -71.61984, -38.70802 ], [ -71.62004, -38.70856 ], [ -71.61982, -38.70887 ], [ -71.61952, -38.70903 ], [ -71.61958, -38.70929 ], [ -71.6194, -38.70954 ], [ -71.61938, -38.70983 ], [ -71.61925, -38.71005 ], [ -71.6194, -38.71033 ], [ -71.6191, -38.71055 ], [ -71.619, -38.71086 ], [ -71.61875, -38.71089 ], [ -71.6185, -38.71068 ], [ -71.61838, -38.71069 ], [ -71.61822, -38.71096 ], [ -71.61793, -38.71112 ], [ -71.61748, -38.71153 ], [ -71.61741, -38.71174 ] ] } },
{ "type": "Feature", "properties": { "osm_id": 1465448133, "nombre": "Sin nombre", "tipo": "stream", "volcan_codigo": "LON", "volcan_nombre": "Lonquimay", "drena_volcan": false }, "geometry": { "type": "LineString", "coordinates": [ [ -71.70817, -38.65895 ], [ -71.70839, -38.65854 ], [ -71.70873, -38.65816 ], [ -71.70864, -38.65696 ], [ -71.70882, -38.65667 ], [ -71.70873, -38.65641 ], [ -71.70886, -38.65584 ], [ -71.70864, -38.65535 ], [ -71.70795, -38.65465 ], [ -71.70707, -38.65346 ], [ -71.70716, -38.65312 ], [ -71.70711, -38.65236 ], [ -71.70718, -38.65195 ], [ -71.70709, -38.65171 ], [ -71.70688, -38.6515 ], [ -71.70685, -38.65129 ], [ -71.70643, -38.65105 ] ] } },
{ "type": "Feature", "properties": { "osm_id": 1465448134, "nombre": "Sin nombre", "tipo": "stream", "volcan_codigo": "LON", "volcan_nombre": "Lonquimay", "drena_volcan": false }, "geometry": { "type": "LineString", "coordinates": [ [ -71.69921, -38.65746 ], [ -71.69896, -38.65703 ], [ -71.69894, -38.6568 ], [ -71.69905, -38.65653 ], [ -71.69937, -38.65617 ], [ -71.69972, -38.65594 ], [ -71.70045, -38.65575 ], [ -71.70055, -38.65561 ], [ -71.70056, -38.65532 ], [ -71.70101, -38.65483 ], [ -71.70131, -38.6548 ], [ -71.70182, -38.65492 ], [ -71.70204, -38.65486 ], [ -71.70261, -38.65452 ], [ -71.7036, -38.65366 ], [ -71.70425, -38.6534 ], [ -71.70488, -38.65298 ], [ -71.70542, -38.65239 ], [ -71.70635, -38.65184 ], [ -71.70629, -38.65131 ], [ -71.70643, -38.65105 ] ] } },
{ "type": "Feature", "properties": { "osm_id": 1465448135, "nombre": "Sin nombre", "tipo": "stream", "volcan_codigo": "LON", "volcan_nombre": "Lonquimay", "drena_volcan": false }, "geometry": { "type": "LineString", "coordinates": [ [ -71.70526, -38.64206 ], [ -71.70527, -38.6418 ], [ -71.7054, -38.64171 ], [ -71.70536, -38.64157 ], [ -71.70557, -38.64103 ], [ -71.70618, -38.64068 ], [ -71.70647, -38.64063 ], [ -71.70706, -38.64022 ] ] } },
{ "type": "Feature", "properties": { "osm_id": 1465448136, "nombre": "Sin nombre", "tipo": "stream", "volcan_codigo": "LON", "volcan_nombre": "Lonquimay", "drena_volcan": false }, "geometry": { "type": "LineString", "coordinates": [ [ -71.70526, -38.64223 ], [ -71.70526, -38.64206 ] ] } },
{ "type": "Feature", "properties": { "osm_id": 1465448137, "nombre": "Sin nombre", "tipo": "stream", "volcan_codigo": "LON", "volcan_nombre": "Lonquimay", "drena_volcan": false }, "geometry": { "type": "LineString", "coordinates": [ [ -71.70643, -38.65105 ], [ -71.7063, -38.65092 ], [ -71.70632, -38.65054 ], [ -71.70624, -38.65034 ], [ -71.70636, -38.65019 ], [ -71.70632, -38.64994 ], [ -71.70643, -38.64982 ], [ -71.70643, -38.64965 ], [ -71.70683, -38.64927 ], [ -71.70667, -38.6487 ], [ -71.70645, -38.64839 ], [ -71.70652, -38.64814 ], [ -71.70686, -38.64794 ], [ -71.70705, -38.64745 ], [ -71.70685, -38.64668 ], [ -71.70696, -38.64634 ], [ -71.70695, -38.64605 ], [ -71.70679, -38.6458 ], [ -71.70673, -38.64535 ], [ -71.70633, -38.6449 ], [ -71.70628, -38.64432 ], [ -71.70604, -38.64414 ], [ -71.70596, -38.64393 ], [ -71.7056, -38.64363 ], [ -71.70536, -38.64327 ], [ -71.70534, -38.64256 ], [ -71.70526, -38.64223 ] ] } },
{ "type": "Feature", "properties": { "osm_id": 1465448140, "nombre": "Sin nombre", "tipo": "stream", "volcan_codigo": "LON", "volcan_nombre": "Lonquimay", "drena_volcan": false }, "geometry": { "type": "LineString", "coordinates": [ [ -71.7045, -38.63991 ], [ -71.7047, -38.64008 ], [ -71.70531, -38.64012 ], [ -71.70616, -38.63986 ], [ -71.70658, -38.63957 ], [ -71.70674, -38.63954 ], [ -71.70692, -38.63963 ], [ -71.70687, -38.63993 ], [ -71.707, -38.64022 ], [ -71.70807, -38.64 ], [ -71.70824, -38.63974 ], [ -71.70841, -38.6397 ], [ -71.70876, -38.63981 ], [ -71.70904, -38.64007 ], [ -71.70958, -38.64003 ], [ -71.70993, -38.64019 ], [ -71.71007, -38.64039 ], [ -71.71045, -38.64042 ], [ -71.7106, -38.64027 ], [ -71.71062, -38.64007 ], [ -71.71049, -38.63979 ], [ -71.71066, -38.63946 ], [ -71.7111, -38.63926 ], [ -71.71166, -38.63918 ], [ -71.71193, -38.63902 ], [ -71.71206, -38.6388 ], [ -71.71199, -38.63857 ], [ -71.71226, -38.6384 ], [ -71.7131, -38.63835 ], [ -71.71313, -38.63818 ], [ -71.7135, -38.63771 ], [ -71.71367, -38.63737 ], [ -71.71423, -38.63684 ], [ -71.71445, -38.63676 ], [ -71.71484, -38.63681 ], [ -71.71521, -38.63662 ], [ -71.71533, -38.63642 ], [ -71.71595, -38.63609 ], [ -71.71678, -38.63594 ], [ -71.71731, -38.63565 ], [ -71.71848, -38.63558 ], [ -71.71981, -38.63537 ], [ -71.72076, -38.63549 ], [ -71.72138, -38.63539 ], [ -71.72219, -38.63562 ], [ -71.72256, -38.6358 ], [ -71.72332, -38.63587 ], [ -71.72435, -38.63545 ], [ -71.72478, -38.63516 ], [ -71.72551, -38.63502 ], [ -71.72599, -38.63476 ], [ -71.72724, -38.63446 ], [ -71.72769, -38.63444 ] ] } },
{ "type": "Feature", "properties": { "osm_id": 1465448152, "nombre": "Sin nombre", "tipo": "stream", "volcan_codigo": "LON", "volcan_nombre": "Lonquimay", "drena_volcan": false }, "geometry": { "type": "LineString", "coordinates": [ [ -71.62863, -38.76134 ], [ -71.62872, -38.7617 ], [ -71.6291, -38.76237 ], [ -71.62901, -38.76299 ], [ -71.6297, -38.7636 ], [ -71.62991, -38.76419 ], [ -71.6304, -38.76488 ], [ -71.63036, -38.7652 ], [ -71.63009, -38.7659 ], [ -71.63011, -38.76633 ], [ -71.63003, -38.76651 ], [ -71.63025, -38.76706 ] ] } },
{ "type": "Feature", "properties": { "osm_id": 1465731620, "nombre": "Río Trueno", "tipo": "river", "volcan_codigo": "LON", "volcan_nombre": "Lonquimay", "drena_volcan": false }, "geometry": { "type": "LineString", "coordinates": [ [ -71.99837, -38.61887 ], [ -71.99879, -38.619 ] ] } },
{ "type": "Feature", "properties": { "osm_id": 1465731621, "nombre": "Río Trueno", "tipo": "river", "volcan_codigo": "LON", "volcan_nombre": "Lonquimay", "drena_volcan": false }, "geometry": { "type": "LineString", "coordinates": [ [ -71.88689, -38.60285 ], [ -71.88787, -38.60312 ], [ -71.889, -38.60292 ], [ -71.89058, -38.60376 ], [ -71.89186, -38.60379 ], [ -71.89277, -38.60403 ], [ -71.89452, -38.60499 ], [ -71.89638, -38.60527 ], [ -71.90114, -38.60523 ], [ -71.90285, -38.60536 ], [ -71.90508, -38.60617 ], [ -71.90711, -38.60664 ], [ -71.90821, -38.60685 ], [ -71.91022, -38.60698 ], [ -71.91066, -38.60713 ], [ -71.91149, -38.60711 ], [ -71.91172, -38.60702 ], [ -71.91304, -38.60688 ], [ -71.91395, -38.60663 ], [ -71.91452, -38.60684 ], [ -71.91515, -38.60766 ], [ -71.91662, -38.60735 ], [ -71.91754, -38.60738 ], [ -71.91804, -38.60756 ], [ -71.91822, -38.60792 ], [ -71.91882, -38.60794 ], [ -71.91904, -38.6078 ], [ -71.91881, -38.60747 ], [ -71.91902, -38.60711 ], [ -71.91967, -38.60683 ], [ -71.92031, -38.60683 ], [ -71.92058, -38.60694 ], [ -71.92074, -38.6071 ], [ -71.92057, -38.60725 ], [ -71.92066, -38.60736 ], [ -71.92173, -38.60727 ], [ -71.92304, -38.60784 ], [ -71.92436, -38.60781 ], [ -71.92829, -38.60727 ], [ -71.92912, -38.60652 ], [ -71.92996, -38.60642 ], [ -71.93069, -38.60687 ], [ -71.93048, -38.60786 ], [ -71.93168, -38.60792 ], [ -71.93328, -38.60845 ], [ -71.93442, -38.60923 ], [ -71.93543, -38.60912 ], [ -71.93592, -38.60865 ], [ -71.93599, -38.60816 ], [ -71.93631, -38.60772 ], [ -71.93692, -38.60763 ], [ -71.9378, -38.60821 ], [ -71.93861, -38.60807 ], [ -71.94056, -38.60854 ], [ -71.94082, -38.60803 ], [ -71.94141, -38.60772 ], [ -71.94214, -38.60765 ], [ -71.94283, -38.60809 ], [ -71.94315, -38.60795 ], [ -71.94327, -38.60777 ], [ -71.94252, -38.60704 ], [ -71.94239, -38.60677 ], [ -71.94272, -38.60658 ], [ -71.94368, -38.60667 ], [ -71.94455, -38.60701 ], [ -71.94565, -38.60683 ], [ -71.94652, -38.60694 ], [ -71.94759, -38.60666 ], [ -71.94812, -38.60681 ], [ -71.94969, -38.60814 ], [ -71.95038, -38.60844 ], [ -71.95266, -38.60861 ], [ -71.95358, -38.60912 ], [ -71.95509, -38.60939 ], [ -71.95694, -38.61005 ], [ -71.95717, -38.61002 ], [ -71.95795, -38.6093 ], [ -71.95826, -38.60926 ], [ -71.95929, -38.60976 ], [ -71.96013, -38.61047 ], [ -71.96039, -38.61046 ], [ -71.96107, -38.60969 ], [ -71.96146, -38.60976 ], [ -71.96223, -38.61031 ], [ -71.96244, -38.61029 ], [ -71.96312, -38.60968 ], [ -71.96409, -38.60933 ], [ -71.96583, -38.61037 ], [ -71.96622, -38.61079 ], [ -71.96673, -38.6111 ], [ -71.967, -38.61093 ], [ -71.96752, -38.61033 ], [ -71.96779, -38.61028 ], [ -71.96803, -38.61036 ], [ -71.96827, -38.6109 ], [ -71.96925, -38.61217 ], [ -71.96943, -38.61209 ], [ -71.96984, -38.6116 ], [ -71.97139, -38.61184 ], [ -71.97234, -38.61238 ], [ -71.97274, -38.6132 ], [ -71.97371, -38.61346 ], [ -71.97514, -38.61313 ], [ -71.97657, -38.61326 ], [ -71.97744, -38.61381 ], [ -71.97786, -38.61439 ], [ -71.97873, -38.61466 ], [ -71.97967, -38.61476 ], [ -71.98009, -38.61503 ], [ -71.98078, -38.61512 ], [ -71.98114, -38.61454 ], [ -71.98186, -38.61422 ], [ -71.98219, -38.61438 ], [ -71.98221, -38.61495 ], [ -71.98245, -38.61546 ], [ -71.98324, -38.61557 ], [ -71.98405, -38.61528 ], [ -71.98512, -38.6151 ], [ -71.98691, -38.61562 ], [ -71.98819, -38.61623 ], [ -71.98857, -38.61583 ], [ -71.989, -38.61558 ], [ -71.98959, -38.61567 ], [ -71.9901, -38.61641 ], [ -71.99071, -38.61649 ], [ -71.99131, -38.61639 ], [ -71.99194, -38.61661 ], [ -71.99219, -38.61773 ], [ -71.99256, -38.61778 ], [ -71.99301, -38.61766 ], [ -71.99343, -38.61767 ], [ -71.99545, -38.61837 ], [ -71.9959, -38.61871 ], [ -71.9961, -38.61866 ], [ -71.99639, -38.61828 ], [ -71.99654, -38.61829 ] ] } }
]
}
