{
"type": "FeatureCollection",
"name": "SOL",
"crs": { "type": "name", "properties": { "name": "urn:ogc:def:crs:OGC:1.3:CRS84" } },
"xy_coordinate_resolution": 1e-05,
"features": [
{ "type": "Feature", "properties": { "osm_id": 50834901, "nombre": "Río Liucura", "tipo": "river", "volcan_codigo": "SOL", "volcan_nombre": "Sollipulli", "drena_volcan": false }, "geometry": { "type": "LineString", "coordinates": [ [ -71.57959, -39.17286 ], [ -71.58119, -39.17358 ], [ -71.58129, -39.17384 ], [ -71.58124, -39.17422 ], [ -71.58165, -39.1748 ], [ -71.58277, -39.17566 ], [ -71.58281, -39.17606 ], [ -71.58294, -39.17628 ], [ -71.58317, -39.17647 ], [ -71.58334, -39.17693 ], [ -71.58395, -39.17724 ], [ -71.58413, -39.1774 ], [ -71.58419, -39.17767 ], [ -71.58475, -39.17814 ], [ -71.5848, -39.17846 ], [ -71.5847, -39.17917 ], [ -71.58436, -39.17931 ], [ -71.58418, -39.1795 ], [ -71.58388, -39.1809 ], [ -71.58404, -39.18119 ], [ -71.58403, -39.18174 ], [ -71.58441, -39.18297 ], [ -71.58495, -39.18356 ], [ -71.58512, -39.18409 ], [ -71.58522, -39.18533 ], [ -71.58554, -39.18568 ], [ -71.58542, -39.18603 ], [ -71.58539, -39.18629 ], [ -71.58546, -39.18649 ], [ -71.58529, -39.18757 ], [ -71.58498, -39.18785 ], [ -71.58476, -39.18848 ], [ -71.58514, -39.18889 ], [ -71.58507, -39.18963 ], [ -71.58554, -39.19008 ], [ -71.58575, -39.19062 ], [ -71.58616, -39.19085 ], [ -71.58636, -39.19227 ], [ -71.58781, -39.19307 ], [ -71.58873, -39.19376 ], [ -71.58919, -39.19388 ], [ -71.58988, -39.19474 ], [ -71.59017, -39.19543 ], [ -71.59016, -39.19636 ], [ -71.59083, -39.19726 ], [ -71.59103, -39.19743 ], [ -71.59184, -39.1976 ], [ -71.59255, -39.19815 ], [ -71.59337, -39.19832 ], [ -71.59392, -39.19896 ], [ -71.59422, -39.19919 ], [ -71.59557, -39.19952 ], [ -71.59556, -39.19977 ], [ -71.59572, -39.20003 ], [ -71.59616, -39.20027 ], [ -71.59646, -39.2007 ], [ -71.59673, -39.20092 ], [ -71.59775, -39.20133 ], [ -71.59817, -39.20167 ], [ -71.59835, -39.20174 ], [ -71.59895, -39.20152 ], [ -71.59964, -39.20163 ], [ -71.60003, -39.20218 ], [ -71.60006, -39.20329 ], [ -71.60048, -39.2038 ], [ -71.60145, -39.20411 ], [ -71.6027, -39.20474 ], [ -71.60283, -39.20491 ], [ -71.60295, -39.20529 ], [ -71.60292, -39.20553 ], [ -71.60271, -39.20569 ], [ -71.6028, -39.20611 ], [ -71.60301, -39.20661 ], [ -71.60372, -39.20732 ], [ -71.60592, -39.20901 ], [ -71.60725, -39.20939 ], [ -71.6084, -39.21035 ], [ -71.61025, -39.21128 ], [ -71.61057, -39.21155 ], [ -71.61091, -39.21206 ], [ -71.61119, -39.21268 ], [ -71.61123, -39.2139 ], [ -71.6114, -39.21405 ], [ -71.61166, -39.21415 ], [ -71.61193, -39.21409 ], [ -71.61211, -39.21394 ], [ -71.61209, -39.2135 ], [ -71.61216, -39.21328 ], [ -71.61293, -39.21282 ], [ -71.6133, -39.21274 ], [ -71.6142, -39.21378 ], [ -71.61508, -39.21435 ], [ -71.61592, -39.21468 ], [ -71.61661, -39.21511 ], [ -71.61706, -39.21558 ], [ -71.61748, -39.21617 ], [ -71.61771, -39.2163 ], [ -71.6182, -39.21656 ], [ -71.61917, -39.21665 ], [ -71.61967, -39.21662 ], [ -71.6201, -39.2165 ], [ -71.62033, -39.21654 ], [ -71.62057, -39.2168 ], [ -71.62098, -39.21755 ], [ -71.62095, -39.21803 ], [ -71.62106, -39.21839 ], [ -71.62138, -39.21867 ], [ -71.62201, -39.21902 ], [ -71.62299, -39.21938 ], [ -71.62342, -39.21943 ], [ -71.62489, -39.21917 ], [ -71.62497, -39.219 ], [ -71.62482, -39.2187 ], [ -71.62476, -39.21837 ], [ -71.62483, -39.2182 ], [ -71.62532, -39.21799 ], [ -71.62579, -39.21794 ], [ -71.62599, -39.21762 ], [ -71.62624, -39.21754 ], [ -71.62729, -39.21758 ], [ -71.62789, -39.21778 ], [ -71.62843, -39.21764 ], [ -71.62922, -39.21758 ], [ -71.62934, -39.21775 ], [ -71.62965, -39.21775 ], [ -71.62987, -39.2179 ], [ -71.63057, -39.21799 ], [ -71.63233, -39.21794 ], [ -71.63303, -39.21823 ], [ -71.63327, -39.2185 ], [ -71.63316, -39.21931 ], [ -71.63334, -39.21961 ], [ -71.63363, -39.21974 ], [ -71.6341, -39.2196 ], [ -71.63412, -39.21921 ], [ -71.63516, -39.21922 ], [ -71.63597, -39.21908 ], [ -71.63764, -39.21971 ], [ -71.63815, -39.22017 ], [ -71.63886, -39.22033 ], [ -71.6399, -39.22074 ], [ -71.63997, -39.2209 ], [ -71.64017, -39.22102 ], [ -71.6406, -39.22094 ], [ -71.64121, -39.22118 ], [ -71.64125, -39.22138 ], [ -71.6415, -39.22149 ], [ -71.64254, -39.22149 ], [ -71.64317, -39.22176 ], [ -71.64386, -39.22157 ], [ -71.64435, -39.22156 ], [ -71.64472, -39.22178 ], [ -71.64493, -39.22216 ], [ -71.64497, -39.22267 ], [ -71.64612, -39.22367 ], [ -71.64626, -39.22396 ], [ -71.64649, -39.22487 ], [ -71.64683, -39.22509 ], [ -71.6486, -39.22522 ], [ -71.64899, -39.22532 ], [ -71.64936, -39.2255 ], [ -71.64983, -39.22589 ], [ -71.65103, -39.22597 ], [ -71.65265, -39.22673 ], [ -71.65329, -39.22682 ], [ -71.65468, -39.22646 ], [ -71.65502, -39.22649 ], [ -71.65719, -39.22738 ], [ -71.65819, -39.22733 ], [ -71.65878, -39.22708 ], [ -71.65945, -39.22695 ], [ -71.66025, -39.22709 ], [ -71.66082, -39.22742 ], [ -71.6611, -39.22778 ], [ -71.66144, -39.22934 ], [ -71.66165, -39.2295 ], [ -71.66205, -39.22964 ], [ -71.66226, -39.22962 ], [ -71.66296, -39.22931 ], [ -71.66388, -39.22881 ], [ -71.66576, -39.2275 ], [ -71.6664, -39.2267 ], [ -71.66672, -39.22646 ], [ -71.66691, -39.22642 ], [ -71.66717, -39.22668 ], [ -71.66766, -39.22685 ], [ -71.66879, -39.2268 ], [ -71.66935, -39.22662 ], [ -71.66988, -39.2262 ], [ -71.67012, -39.22548 ], [ -71.67031, -39.22513 ], [ -71.67068, -39.22498 ], [ -71.67198, -39.22485 ], [ -71.67275, -39.22497 ], [ -71.67338, -39.22493 ], [ -71.67433, -39.22517 ], [ -71.67582, -39.22606 ], [ -71.67636, -39.22623 ], [ -71.67673, -39.22624 ], [ -71.67754, -39.22595 ], [ -71.67827, -39.22558 ], [ -71.67893, -39.22499 ], [ -71.67963, -39.22457 ], [ -71.67998, -39.22448 ], [ -71.68052, -39.22459 ], [ -71.68083, -39.225 ], [ -71.68178, -39.22568 ], [ -71.68216, -39.2258 ], [ -71.68256, -39.22576 ], [ -71.68288, -39.225 ], [ -71.68394, -39.22401 ], [ -71.68456, -39.22265 ], [ -71.68457, -39.22236 ], [ -71.68471, -39.22221 ], [ -71.68503, -39.22212 ], [ -71.68581, -39.22212 ], [ -71.68744, -39.22239 ], [ -71.68806, -39.22232 ], [ -71.68984, -39.22274 ], [ -71.69041, -39.22266 ], [ -71.69056, -39.22255 ], [ -71.69064, -39.22233 ], [ -71.69033, -39.22148 ], [ -71.69041, -39.22105 ], [ -71.69085, -39.22042 ], [ -71.69114, -39.22025 ], [ -71.6921, -39.21999 ], [ -71.69299, -39.21986 ], [ -71.69402, -39.21951 ], [ -71.69467, -39.21901 ], [ -71.69482, -39.2186 ], [ -71.69501, -39.21842 ], [ -71.69535, -39.21837 ], [ -71.69639, -39.21846 ], [ -71.69674, -39.21868 ], [ -71.69687, -39.21863 ], [ -71.69671, -39.21842 ], [ -71.6969, -39.2181 ], [ -71.69704, -39.21752 ], [ -71.69729, -39.21741 ], [ -71.69775, -39.21761 ], [ -71.69831, -39.21767 ], [ -71.69858, -39.21754 ], [ -71.69885, -39.21727 ], [ -71.69914, -39.2172 ], [ -71.69945, -39.21736 ], [ -71.6997, -39.21774 ], [ -71.70001, -39.21802 ], [ -71.7009, -39.2182 ], [ -71.70184, -39.21827 ], [ -71.7024, -39.21821 ], [ -71.70322, -39.21785 ], [ -71.70412, -39.21773 ], [ -71.70584, -39.2178 ], [ -71.70638, -39.21731 ], [ -71.70717, -39.21702 ], [ -71.70723, -39.21689 ], [ -71.70705, -39.21602 ], [ -71.70719, -39.21585 ], [ -71.7084, -39.21567 ], [ -71.70985, -39.21502 ], [ -71.71096, -39.21475 ], [ -71.7116, -39.21449 ], [ -71.71197, -39.21412 ], [ -71.71216, -39.21405 ], [ -71.71254, -39.21408 ], [ -71.71297, -39.21401 ], [ -71.71344, -39.21378 ], [ -71.71479, -39.21351 ], [ -71.71554, -39.21363 ], [ -71.71643, -39.21354 ], [ -71.71792, -39.21296 ], [ -71.71947, -39.21302 ], [ -71.71976, -39.21289 ], [ -71.72032, -39.21236 ], [ -71.72054, -39.2123 ], [ -71.72133, -39.21249 ], [ -71.72254, -39.21259 ], [ -71.72469, -39.21204 ], [ -71.72593, -39.21195 ], [ -71.72693, -39.212 ], [ -71.72867, -39.21177 ], [ -71.72937, -39.21203 ], [ -71.72964, -39.21228 ], [ -71.72956, -39.21252 ], [ -71.72908, -39.21288 ], [ -71.72844, -39.21314 ], [ -71.72885, -39.21346 ], [ -71.72875, -39.21367 ], [ -71.72877, -39.21382 ], [ -71.72929, -39.21416 ], [ -71.72986, -39.21488 ], [ -71.73095, -39.21507 ], [ -71.73152, -39.21538 ], [ -71.73322, -39.2151 ], [ -71.73358, -39.21529 ], [ -71.73491, -39.21651 ], [ -71.73541, -39.21667 ], [ -71.7367, -39.21682 ], [ -71.73851, -39.2175 ], [ -71.73943, -39.21759 ], [ -71.74074, -39.21742 ], [ -71.74158, -39.21744 ], [ -71.7425, -39.21781 ], [ -71.743, -39.21829 ], [ -71.74407, -39.2196 ], [ -71.74407, -39.22025 ], [ -71.74387, -39.2208 ], [ -71.74407, -39.22124 ], [ -71.74425, -39.22231 ], [ -71.74393, -39.22435 ], [ -71.7444, -39.22475 ], [ -71.74461, -39.22661 ], [ -71.74468, -39.2269 ], [ -71.7449, -39.22716 ], [ -71.7454, -39.22719 ], [ -71.74603, -39.22644 ], [ -71.74653, -39.22567 ], [ -71.74671, -39.22508 ], [ -71.74708, -39.22448 ], [ -71.74844, -39.2242 ], [ -71.74914, -39.22413 ], [ -71.74992, -39.2242 ], [ -71.75044, -39.22443 ], [ -71.7505, -39.22463 ], [ -71.75042, -39.22492 ], [ -71.7506, -39.22535 ], [ -71.75165, -39.2258 ], [ -71.75292, -39.22589 ], [ -71.75408, -39.22544 ], [ -71.75529, -39.22554 ], [ -71.75624, -39.22533 ], [ -71.75639, -39.22575 ], [ -71.75578, -39.22752 ], [ -71.75583, -39.23035 ], [ -71.75575, -39.2318 ], [ -71.75536, -39.23335 ], [ -71.75546, -39.23366 ], [ -71.7564, -39.23362 ], [ -71.75692, -39.23335 ], [ -71.7583, -39.23288 ], [ -71.75862, -39.23285 ], [ -71.75881, -39.23306 ], [ -71.75842, -39.23399 ], [ -71.7585, -39.23433 ], [ -71.75922, -39.23502 ], [ -71.7593, -39.23545 ], [ -71.75952, -39.23579 ], [ -71.76044, -39.23625 ], [ -71.7612, -39.23682 ], [ -71.76171, -39.23762 ], [ -71.76174, -39.23881 ], [ -71.76209, -39.23933 ], [ -71.76396, -39.2401 ], [ -71.76513, -39.24079 ], [ -71.76583, -39.24128 ], [ -71.76654, -39.24217 ], [ -71.76741, -39.2425 ], [ -71.76783, -39.24285 ], [ -71.76803, -39.24394 ], [ -71.7683, -39.2442 ], [ -71.77004, -39.24511 ], [ -71.77064, -39.24566 ], [ -71.77133, -39.24609 ], [ -71.77312, -39.24662 ], [ -71.77377, -39.24692 ], [ -71.77429, -39.24733 ], [ -71.77504, -39.24822 ], [ -71.77535, -39.24923 ], [ -71.77556, -39.24961 ], [ -71.77603, -39.24991 ], [ -71.77653, -39.25098 ], [ -71.77885, -39.25223 ], [ -71.78011, -39.25227 ], [ -71.78116, -39.25182 ], [ -71.78146, -39.25184 ], [ -71.78176, -39.25203 ], [ -71.78305, -39.2544 ], [ -71.78369, -39.25533 ], [ -71.78502, -39.25597 ], [ -71.78499, -39.25641 ], [ -71.78422, -39.25751 ], [ -71.78413, -39.25805 ], [ -71.78422, -39.2585 ], [ -71.78454, -39.25865 ], [ -71.78527, -39.25841 ], [ -71.78581, -39.25808 ], [ -71.78662, -39.25782 ], [ -71.78748, -39.25816 ], [ -71.78828, -39.25889 ], [ -71.7886, -39.25893 ], [ -71.78942, -39.2582 ], [ -71.78966, -39.25808 ], [ -71.78998, -39.25806 ], [ -71.79038, -39.25839 ], [ -71.79037, -39.25933 ], [ -71.79108, -39.25985 ], [ -71.79171, -39.26004 ], [ -71.79235, -39.26003 ], [ -71.79379, -39.25975 ], [ -71.79429, -39.25983 ], [ -71.79457, -39.26008 ], [ -71.79543, -39.26137 ], [ -71.79585, -39.26159 ], [ -71.79708, -39.26173 ], [ -71.79827, -39.26236 ], [ -71.79841, -39.26265 ], [ -71.79852, -39.26323 ], [ -71.7989, -39.26341 ], [ -71.79937, -39.26333 ], [ -71.80125, -39.26223 ], [ -71.80162, -39.26169 ], [ -71.8021, -39.26122 ], [ -71.80324, -39.26084 ], [ -71.80396, -39.26087 ], [ -71.80461, -39.26107 ], [ -71.80554, -39.26102 ], [ -71.80664, -39.2612 ], [ -71.80821, -39.26172 ], [ -71.81244, -39.26114 ], [ -71.81258, -39.26086 ], [ -71.81256, -39.25883 ], [ -71.81204, -39.25782 ], [ -71.81206, -39.25756 ], [ -71.81229, -39.25738 ], [ -71.8127, -39.25741 ], [ -71.81305, -39.25757 ], [ -71.81353, -39.25812 ], [ -71.81414, -39.25857 ], [ -71.81444, -39.25862 ], [ -71.81478, -39.25859 ], [ -71.81624, -39.25738 ], [ -71.81653, -39.25731 ], [ -71.81715, -39.25753 ], [ -71.81925, -39.25798 ], [ -71.81978, -39.25757 ], [ -71.82034, -39.25734 ], [ -71.82188, -39.25747 ], [ -71.82216, -39.25778 ], [ -71.82261, -39.25856 ], [ -71.82293, -39.25888 ], [ -71.8247, -39.25953 ], [ -71.82614, -39.26021 ], [ -71.82754, -39.2612 ], [ -71.82816, -39.26143 ], [ -71.8291, -39.26155 ], [ -71.8312, -39.26156 ], [ -71.83369, -39.26041 ], [ -71.83429, -39.26021 ], [ -71.83493, -39.26011 ], [ -71.83578, -39.2602 ], [ -71.83624, -39.26011 ], [ -71.83646, -39.25987 ], [ -71.83647, -39.25957 ], [ -71.83541, -39.25636 ], [ -71.83533, -39.25576 ], [ -71.83535, -39.25518 ], [ -71.83582, -39.25432 ], [ -71.8365, -39.25385 ], [ -71.83683, -39.25283 ], [ -71.83714, -39.25244 ], [ -71.83757, -39.2522 ], [ -71.83829, -39.25226 ], [ -71.83912, -39.25212 ], [ -71.84021, -39.25162 ], [ -71.84098, -39.25109 ], [ -71.84145, -39.25049 ], [ -71.84193, -39.24879 ], [ -71.84249, -39.24846 ] ] } },
{ "type": "Feature", "properties": { "osm_id": 52429286, "nombre": "Río Lonquimay", "tipo": "river", "volcan_codigo": "SOL", "volcan_nombre": "Sollipulli", "drena_volcan": false }, "geometry": { "type": "LineString", "coordinates": [ [ -71.42059, -38.53738 ], [ -71.42019, -38.5374 ], [ -71.41986, -38.53753 ], [ -71.41958, -38.5375 ], [ -71.41911, -38.53706 ], [ -71.41888, -38.53671 ], [ -71.41874, -38.53625 ], [ -71.41853, -38.53608 ], [ -71.4179, -38.5359 ], [ -71.4167, -38.53588 ], [ -71.41599, -38.53576 ], [ -71.4153, -38.53525 ], [ -71.41508, -38.53495 ], [ -71.4151, -38.53474 ], [ -71.41615, -38.5334 ], [ -71.41633, -38.53306 ], [ -71.41621, -38.53266 ], [ -71.41594, -38.53242 ], [ -71.41516, -38.53224 ], [ -71.41444, -38.53231 ], [ -71.41378, -38.53245 ], [ -71.41209, -38.53321 ], [ -71.41148, -38.53324 ], [ -71.41134, -38.53307 ], [ -71.41117, -38.53192 ], [ -71.41123, -38.53103 ], [ -71.41147, -38.5304 ], [ -71.41156, -38.53025 ], [ -71.41197, -38.52998 ], [ -71.41284, -38.52977 ], [ -71.41343, -38.52951 ], [ -71.41372, -38.52917 ], [ -71.41375, -38.52886 ], [ -71.41345, -38.52841 ], [ -71.413, -38.52807 ], [ -71.41263, -38.52792 ], [ -71.41213, -38.52804 ], [ -71.41162, -38.52852 ], [ -71.41093, -38.52878 ], [ -71.40982, -38.52897 ], [ -71.409, -38.52897 ], [ -71.40866, -38.5287 ], [ -71.40843, -38.52789 ], [ -71.40803, -38.52706 ], [ -71.4078, -38.52599 ], [ -71.40786, -38.52529 ], [ -71.40812, -38.52502 ], [ -71.40861, -38.52475 ], [ -71.40961, -38.5245 ], [ -71.41001, -38.52422 ], [ -71.41008, -38.52408 ], [ -71.4098, -38.52353 ], [ -71.40963, -38.52335 ], [ -71.40906, -38.52297 ], [ -71.40782, -38.52253 ], [ -71.40745, -38.52228 ], [ -71.40738, -38.52196 ], [ -71.40764, -38.52157 ], [ -71.40872, -38.52103 ], [ -71.40888, -38.52092 ], [ -71.40897, -38.52071 ], [ -71.40875, -38.52038 ], [ -71.40827, -38.52016 ], [ -71.40693, -38.52037 ], [ -71.40662, -38.52029 ], [ -71.40653, -38.51945 ], [ -71.40621, -38.51811 ], [ -71.4063, -38.51772 ], [ -71.40657, -38.51745 ], [ -71.40697, -38.51729 ], [ -71.40819, -38.5171 ], [ -71.40867, -38.51673 ], [ -71.40892, -38.51622 ], [ -71.40896, -38.51575 ], [ -71.4086, -38.51442 ], [ -71.4085, -38.51423 ], [ -71.40825, -38.5141 ], [ -71.40624, -38.51394 ], [ -71.40566, -38.51364 ], [ -71.40497, -38.51356 ], [ -71.40401, -38.51395 ], [ -71.40289, -38.51351 ], [ -71.40257, -38.51314 ], [ -71.40243, -38.51217 ], [ -71.40254, -38.51125 ], [ -71.40207, -38.51025 ], [ -71.40202, -38.50986 ], [ -71.40212, -38.50947 ], [ -71.40247, -38.50914 ], [ -71.40318, -38.50871 ], [ -71.40369, -38.50821 ], [ -71.40375, -38.5079 ], [ -71.4037, -38.50764 ], [ -71.40341, -38.50737 ], [ -71.40284, -38.50709 ], [ -71.40223, -38.50695 ], [ -71.40191, -38.50705 ], [ -71.40127, -38.50755 ], [ -71.40078, -38.50772 ], [ -71.40005, -38.50762 ], [ -71.3994, -38.50738 ], [ -71.39872, -38.50697 ], [ -71.39831, -38.50692 ], [ -71.39757, -38.50724 ], [ -71.39731, -38.50714 ], [ -71.39722, -38.50695 ], [ -71.3973, -38.50643 ], [ -71.39753, -38.50586 ], [ -71.39777, -38.50567 ], [ -71.39858, -38.50543 ], [ -71.39885, -38.50512 ], [ -71.39888, -38.50457 ], [ -71.39872, -38.50269 ], [ -71.39851, -38.50237 ], [ -71.39818, -38.50229 ], [ -71.39736, -38.50264 ], [ -71.39691, -38.50261 ], [ -71.39651, -38.50245 ], [ -71.39583, -38.50201 ], [ -71.39563, -38.50182 ], [ -71.39543, -38.5013 ], [ -71.39571, -38.50067 ], [ -71.3955, -38.50029 ], [ -71.39489, -38.49977 ], [ -71.39411, -38.49947 ], [ -71.394, -38.49933 ], [ -71.39395, -38.49896 ], [ -71.39401, -38.49872 ], [ -71.39426, -38.49836 ], [ -71.39485, -38.49781 ], [ -71.39521, -38.49716 ], [ -71.3952, -38.49695 ], [ -71.39509, -38.49681 ], [ -71.39466, -38.4967 ], [ -71.39433, -38.49681 ], [ -71.39309, -38.49849 ], [ -71.39274, -38.49863 ], [ -71.39245, -38.49846 ], [ -71.3918, -38.49763 ], [ -71.39135, -38.49661 ], [ -71.39147, -38.49621 ], [ -71.39186, -38.49583 ], [ -71.39207, -38.49533 ], [ -71.39198, -38.49442 ], [ -71.3918, -38.49421 ], [ -71.39145, -38.49425 ], [ -71.391, -38.49446 ], [ -71.39055, -38.49484 ], [ -71.38967, -38.49593 ], [ -71.389, -38.49705 ], [ -71.38881, -38.49716 ], [ -71.3884, -38.49714 ], [ -71.38808, -38.49691 ], [ -71.38752, -38.49554 ], [ -71.3875, -38.49514 ], [ -71.38789, -38.49428 ], [ -71.388, -38.49379 ], [ -71.38789, -38.49312 ], [ -71.38772, -38.49293 ], [ -71.38752, -38.49287 ], [ -71.38733, -38.49293 ], [ -71.38703, -38.49328 ], [ -71.38662, -38.49416 ], [ -71.38626, -38.49439 ], [ -71.38591, -38.49444 ], [ -71.38561, -38.49439 ], [ -71.38511, -38.4941 ], [ -71.38456, -38.49401 ], [ -71.38337, -38.49465 ], [ -71.3831, -38.49462 ], [ -71.38293, -38.49451 ], [ -71.38264, -38.49412 ], [ -71.38194, -38.49353 ], [ -71.38114, -38.49244 ], [ -71.38093, -38.49205 ], [ -71.38094, -38.49164 ], [ -71.38161, -38.48957 ], [ -71.38166, -38.48912 ], [ -71.38198, -38.48887 ], [ -71.38233, -38.48887 ], [ -71.38343, -38.48934 ], [ -71.38399, -38.48942 ], [ -71.38421, -38.48934 ], [ -71.38436, -38.48907 ], [ -71.38421, -38.48864 ], [ -71.38381, -38.48812 ], [ -71.38257, -38.48765 ], [ -71.38202, -38.48734 ], [ -71.38163, -38.48668 ], [ -71.38138, -38.48544 ], [ -71.38115, -38.48531 ], [ -71.38092, -38.48535 ], [ -71.38042, -38.48594 ], [ -71.38001, -38.48619 ], [ -71.37972, -38.48618 ], [ -71.3794, -38.48606 ], [ -71.37924, -38.4859 ], [ -71.37922, -38.48568 ], [ -71.37965, -38.4851 ], [ -71.37971, -38.48467 ], [ -71.37958, -38.48435 ], [ -71.37948, -38.48427 ], [ -71.37892, -38.48426 ], [ -71.37855, -38.4844 ], [ -71.3783, -38.48464 ], [ -71.3782, -38.48529 ], [ -71.37843, -38.48611 ], [ -71.37825, -38.48641 ], [ -71.37803, -38.48655 ], [ -71.37724, -38.48666 ], [ -71.37536, -38.48659 ], [ -71.37406, -38.48646 ], [ -71.37368, -38.48634 ], [ -71.37351, -38.48601 ], [ -71.37356, -38.48576 ], [ -71.37375, -38.48558 ], [ -71.37458, -38.4853 ], [ -71.37496, -38.48506 ], [ -71.37528, -38.48471 ], [ -71.37549, -38.48387 ], [ -71.37544, -38.48324 ], [ -71.37559, -38.483 ], [ -71.37561, -38.48273 ], [ -71.37546, -38.48247 ], [ -71.3753, -38.48234 ], [ -71.375, -38.48228 ], [ -71.37433, -38.48228 ], [ -71.37404, -38.482 ], [ -71.3739, -38.48164 ], [ -71.37401, -38.48128 ], [ -71.37433, -38.48093 ], [ -71.37469, -38.48075 ], [ -71.375, -38.48047 ], [ -71.37528, -38.47976 ], [ -71.37512, -38.47945 ], [ -71.37476, -38.47926 ], [ -71.37434, -38.47915 ], [ -71.37363, -38.47915 ], [ -71.37279, -38.47969 ], [ -71.37152, -38.47974 ], [ -71.37082, -38.48028 ], [ -71.37048, -38.48043 ], [ -71.37, -38.48023 ], [ -71.36883, -38.47912 ], [ -71.36801, -38.47862 ], [ -71.36797, -38.47781 ], [ -71.36782, -38.47729 ], [ -71.36764, -38.47714 ], [ -71.36639, -38.47726 ], [ -71.36596, -38.47717 ], [ -71.36575, -38.47698 ], [ -71.3656, -38.4754 ], [ -71.36571, -38.47506 ], [ -71.36595, -38.47482 ], [ -71.36644, -38.47457 ], [ -71.36847, -38.47425 ], [ -71.36962, -38.47389 ], [ -71.37003, -38.4735 ], [ -71.37001, -38.47325 ], [ -71.36991, -38.47316 ], [ -71.36977, -38.47306 ], [ -71.36932, -38.473 ], [ -71.36837, -38.47315 ], [ -71.3671, -38.47382 ], [ -71.36628, -38.47406 ], [ -71.36567, -38.47399 ], [ -71.36496, -38.4736 ], [ -71.36435, -38.47304 ], [ -71.36379, -38.47165 ], [ -71.36367, -38.47067 ], [ -71.36333, -38.47006 ], [ -71.363, -38.46983 ], [ -71.36173, -38.46964 ], [ -71.36149, -38.46951 ], [ -71.36107, -38.46888 ], [ -71.36085, -38.46825 ], [ -71.36054, -38.4679 ], [ -71.36025, -38.46778 ], [ -71.35868, -38.46745 ], [ -71.35749, -38.46706 ], [ -71.35671, -38.46657 ], [ -71.35624, -38.46612 ], [ -71.35552, -38.46518 ], [ -71.35516, -38.46425 ], [ -71.35525, -38.46372 ], [ -71.35568, -38.46291 ], [ -71.3557, -38.46267 ], [ -71.35562, -38.46252 ], [ -71.35531, -38.4624 ], [ -71.35381, -38.46316 ], [ -71.35271, -38.46337 ], [ -71.35222, -38.4634 ], [ -71.35167, -38.46323 ], [ -71.35151, -38.46303 ], [ -71.3516, -38.46232 ], [ -71.35145, -38.46163 ], [ -71.35053, -38.46084 ], [ -71.35047, -38.46057 ], [ -71.35023, -38.46015 ], [ -71.3494, -38.4594 ], [ -71.3488, -38.45935 ], [ -71.34763, -38.45949 ], [ -71.34672, -38.45941 ], [ -71.34568, -38.45852 ], [ -71.34521, -38.45788 ], [ -71.34474, -38.45771 ], [ -71.34452, -38.45805 ], [ -71.34396, -38.45847 ], [ -71.34368, -38.4588 ], [ -71.34375, -38.46001 ], [ -71.34349, -38.46042 ], [ -71.34302, -38.46071 ], [ -71.34191, -38.46045 ], [ -71.34022, -38.4598 ], [ -71.33919, -38.45836 ], [ -71.33946, -38.45757 ], [ -71.33951, -38.45712 ], [ -71.33979, -38.4568 ], [ -71.34054, -38.45638 ], [ -71.34171, -38.45656 ], [ -71.34214, -38.45636 ], [ -71.34223, -38.45591 ], [ -71.34192, -38.4552 ], [ -71.34136, -38.45463 ], [ -71.34085, -38.45425 ], [ -71.33994, -38.45381 ], [ -71.33814, -38.45219 ], [ -71.33781, -38.45202 ], [ -71.33717, -38.45189 ], [ -71.33672, -38.4519 ], [ -71.33611, -38.45206 ], [ -71.33583, -38.4522 ], [ -71.33481, -38.45318 ], [ -71.33376, -38.45384 ], [ -71.33301, -38.4539 ], [ -71.33214, -38.45386 ], [ -71.33148, -38.45355 ], [ -71.33047, -38.45279 ], [ -71.32988, -38.45264 ], [ -71.32923, -38.45279 ], [ -71.32758, -38.4537 ], [ -71.32695, -38.45396 ], [ -71.32639, -38.45406 ], [ -71.326, -38.45404 ], [ -71.32503, -38.45365 ], [ -71.32368, -38.45268 ], [ -71.32334, -38.45255 ], [ -71.323, -38.45249 ], [ -71.32223, -38.45254 ], [ -71.32155, -38.45281 ], [ -71.32144, -38.45304 ], [ -71.32158, -38.45345 ], [ -71.32224, -38.45464 ], [ -71.32231, -38.45509 ], [ -71.32214, -38.45542 ], [ -71.32143, -38.45553 ], [ -71.32069, -38.45549 ], [ -71.31871, -38.45503 ], [ -71.31786, -38.45497 ], [ -71.31678, -38.45533 ], [ -71.31549, -38.45604 ], [ -71.31472, -38.45635 ], [ -71.31414, -38.4564 ], [ -71.31354, -38.45633 ], [ -71.31315, -38.45626 ], [ -71.31263, -38.45601 ], [ -71.31068, -38.4549 ], [ -71.30822, -38.45331 ], [ -71.30781, -38.45321 ], [ -71.30616, -38.4531 ], [ -71.30576, -38.4528 ], [ -71.30576, -38.45236 ], [ -71.30611, -38.45183 ], [ -71.30634, -38.4516 ], [ -71.30698, -38.4513 ], [ -71.30808, -38.45119 ], [ -71.30994, -38.45148 ], [ -71.31028, -38.45145 ], [ -71.31059, -38.45125 ], [ -71.31063, -38.45091 ], [ -71.31039, -38.45044 ], [ -71.30927, -38.44968 ], [ -71.30861, -38.44911 ], [ -71.30787, -38.44871 ], [ -71.30681, -38.44848 ], [ -71.30612, -38.44861 ], [ -71.30311, -38.45027 ], [ -71.30249, -38.45086 ], [ -71.30198, -38.45158 ], [ -71.3016, -38.45181 ], [ -71.30115, -38.45177 ], [ -71.30017, -38.45091 ], [ -71.29989, -38.45043 ], [ -71.29995, -38.45011 ], [ -71.30018, -38.44965 ], [ -71.30019, -38.44943 ], [ -71.29983, -38.44844 ], [ -71.29998, -38.447 ], [ -71.29969, -38.44665 ], [ -71.29813, -38.44544 ], [ -71.29791, -38.44516 ], [ -71.29779, -38.4447 ], [ -71.29781, -38.44446 ], [ -71.29814, -38.44406 ], [ -71.29884, -38.44377 ], [ -71.29992, -38.44348 ], [ -71.30058, -38.44314 ], [ -71.30072, -38.44298 ], [ -71.3008, -38.44268 ], [ -71.30073, -38.44245 ], [ -71.30042, -38.44214 ], [ -71.30015, -38.44205 ], [ -71.29969, -38.44201 ], [ -71.2995, -38.44207 ], [ -71.29818, -38.44285 ], [ -71.2974, -38.44306 ], [ -71.29638, -38.44302 ], [ -71.29475, -38.44275 ], [ -71.29413, -38.4428 ], [ -71.29386, -38.44293 ], [ -71.29352, -38.4434 ], [ -71.29332, -38.44416 ], [ -71.29336, -38.44544 ], [ -71.29325, -38.44596 ], [ -71.29295, -38.4464 ], [ -71.29243, -38.44687 ], [ -71.29194, -38.44743 ], [ -71.29178, -38.44809 ], [ -71.29176, -38.44854 ], [ -71.29187, -38.44928 ], [ -71.29172, -38.44961 ], [ -71.2914, -38.44973 ], [ -71.29103, -38.4496 ], [ -71.2903, -38.44885 ], [ -71.28912, -38.44716 ], [ -71.28856, -38.44677 ], [ -71.28728, -38.44621 ], [ -71.28705, -38.44596 ], [ -71.28716, -38.44502 ], [ -71.28729, -38.44473 ], [ -71.28756, -38.44445 ], [ -71.28794, -38.44435 ], [ -71.28818, -38.44442 ], [ -71.28895, -38.44482 ], [ -71.28949, -38.445 ], [ -71.28999, -38.44496 ], [ -71.29019, -38.44484 ], [ -71.29033, -38.44449 ], [ -71.29025, -38.44403 ], [ -71.28978, -38.44337 ], [ -71.28915, -38.44299 ], [ -71.28846, -38.44298 ], [ -71.28697, -38.44353 ], [ -71.28629, -38.44359 ], [ -71.28497, -38.4433 ], [ -71.28404, -38.44281 ], [ -71.28267, -38.44271 ], [ -71.28162, -38.44285 ], [ -71.28044, -38.44316 ], [ -71.27947, -38.44364 ], [ -71.27849, -38.44453 ], [ -71.27785, -38.44476 ], [ -71.27696, -38.44472 ], [ -71.27629, -38.44443 ], [ -71.27567, -38.44426 ], [ -71.2736, -38.44404 ], [ -71.27302, -38.44406 ], [ -71.27106, -38.44454 ], [ -71.27023, -38.44459 ], [ -71.2695, -38.44438 ], [ -71.26923, -38.44417 ], [ -71.26902, -38.4439 ], [ -71.2688, -38.44328 ], [ -71.26816, -38.44256 ], [ -71.26767, -38.44245 ], [ -71.26465, -38.44244 ], [ -71.26233, -38.44167 ], [ -71.26131, -38.44177 ], [ -71.26076, -38.44205 ], [ -71.25912, -38.44218 ], [ -71.25627, -38.44217 ], [ -71.25388, -38.44277 ], [ -71.25051, -38.44406 ], [ -71.24955, -38.4439 ], [ -71.24871, -38.44306 ], [ -71.24867, -38.44206 ], [ -71.24807, -38.44156 ], [ -71.24675, -38.44093 ], [ -71.24647, -38.44027 ], [ -71.24563, -38.43974 ], [ -71.24344, -38.43958 ], [ -71.24116, -38.43999 ], [ -71.24004, -38.43996 ], [ -71.23808, -38.43896 ], [ -71.23684, -38.4377 ], [ -71.2366, -38.43711 ], [ -71.23644, -38.43633 ], [ -71.236, -38.43579 ], [ -71.2354, -38.43561 ], [ -71.2344, -38.43573 ], [ -71.23352, -38.43554 ], [ -71.23316, -38.43498 ], [ -71.2324, -38.43464 ], [ -71.23136, -38.43532 ] ] } },
{ "type": "Feature", "properties": { "osm_id": 58199537, "nombre": "Estero El Seco", "tipo": "stream", "volcan_codigo": "SOL", "volcan_nombre": "Sollipulli", "drena_volcan": false }, "geometry": { "type": "LineString", "coordinates": [ [ -71.94401, -38.67649 ], [ -71.94472, -38.67664 ], [ -71.94522, -38.6765 ], [ -71.94575, -38.67652 ], [ -71.94654, -38.67669 ], [ -71.94808, -38.67682 ], [ -71.94977, -38.67711 ], [ -71.95068, -38.67717 ], [ -71.95114, -38.67736 ], [ -71.9513, -38.67765 ], [ -71.9516, -38.67795 ], [ -71.9521, -38.67824 ], [ -71.95229, -38.67871 ], [ -71.95277, -38.67908 ], [ -71.95323, -38.67922 ], [ -71.95401, -38.6792 ], [ -71.95552, -38.67942 ], [ -71.95597, -38.67939 ], [ -71.95704, -38.67912 ], [ -71.95799, -38.6791 ], [ -71.95835, -38.67886 ], [ -71.95853, -38.67819 ], [ -71.95901, -38.67783 ], [ -71.95956, -38.67772 ], [ -71.96104, -38.67791 ], [ -71.96254, -38.67732 ], [ -71.96336, -38.67754 ], [ -71.96415, -38.67798 ], [ -71.96475, -38.67807 ], [ -71.96578, -38.67807 ], [ -71.96641, -38.67831 ], [ -71.96706, -38.67845 ], [ -71.96785, -38.67832 ], [ -71.96839, -38.678 ], [ -71.96899, -38.67733 ], [ -71.96933, -38.67724 ], [ -71.97015, -38.67738 ], [ -71.97059, -38.67759 ], [ -71.97098, -38.67766 ], [ -71.97201, -38.67761 ], [ -71.97249, -38.67767 ], [ -71.97427, -38.6773 ], [ -71.97671, -38.67741 ], [ -71.97943, -38.67793 ], [ -71.98124, -38.67801 ], [ -71.98194, -38.67826 ], [ -71.9837, -38.67786 ], [ -71.98477, -38.67791 ], [ -71.98591, -38.67819 ], [ -71.98712, -38.67868 ], [ -71.98759, -38.67906 ], [ -71.9877, -38.67927 ], [ -71.98809, -38.67949 ], [ -71.98832, -38.67953 ], [ -71.98885, -38.67945 ], [ -71.98901, -38.67951 ], [ -71.98925, -38.67976 ], [ -71.98949, -38.68066 ], [ -71.99002, -38.68124 ], [ -71.99054, -38.68157 ], [ -71.99187, -38.68196 ], [ -71.99258, -38.68257 ], [ -71.99328, -38.68289 ], [ -71.99414, -38.68292 ], [ -71.995, -38.68284 ], [ -71.99615, -38.68311 ], [ -71.99652, -38.6831 ], [ -71.99684, -38.68299 ], [ -71.99721, -38.68281 ], [ -71.99747, -38.68249 ], [ -71.99746, -38.68177 ], [ -71.99765, -38.68113 ], [ -71.99791, -38.681 ], [ -71.99821, -38.68106 ], [ -71.99884, -38.68168 ], [ -71.99958, -38.68268 ], [ -71.9996, -38.68285 ], [ -71.99938, -38.68326 ], [ -71.99936, -38.68377 ], [ -71.99966, -38.68422 ] ] } },
{ "type": "Feature", "properties": { "osm_id": 89182987, "nombre": "Río Biobío", "tipo": "river", "volcan_codigo": "SOL", "volcan_nombre": "Sollipulli", "drena_volcan": false }, "geometry": { "type": "LineString", "coordinates": [ [ -71.15013, -38.72653 ], [ -71.1493, -38.7259 ], [ -71.1481, -38.72453 ], [ -71.14768, -38.72414 ], [ -71.14586, -38.72291 ], [ -71.14472, -38.72178 ], [ -71.14384, -38.7213 ], [ -71.14305, -38.72121 ], [ -71.14172, -38.7214 ], [ -71.14131, -38.72167 ], [ -71.14095, -38.72237 ], [ -71.14041, -38.72282 ], [ -71.13999, -38.72298 ], [ -71.13907, -38.72308 ], [ -71.13875, -38.72303 ], [ -71.13806, -38.72266 ], [ -71.13713, -38.7223 ], [ -71.13611, -38.72202 ], [ -71.13292, -38.72195 ], [ -71.12978, -38.72134 ], [ -71.12919, -38.72143 ], [ -71.12851, -38.72182 ], [ -71.12614, -38.7216 ], [ -71.12527, -38.72135 ], [ -71.12464, -38.72093 ], [ -71.12363, -38.72078 ], [ -71.12164, -38.72066 ], [ -71.11909, -38.72019 ], [ -71.11763, -38.71974 ], [ -71.1161, -38.71903 ], [ -71.11554, -38.71867 ], [ -71.11512, -38.71829 ], [ -71.11481, -38.71777 ], [ -71.11476, -38.71692 ], [ -71.11498, -38.71599 ], [ -71.11569, -38.71484 ], [ -71.1157, -38.71448 ], [ -71.11501, -38.71344 ], [ -71.11436, -38.71207 ], [ -71.11352, -38.71153 ], [ -71.11281, -38.71129 ], [ -71.11252, -38.71096 ], [ -71.11191, -38.70874 ], [ -71.11159, -38.70823 ], [ -71.11092, -38.70752 ], [ -71.11078, -38.70723 ], [ -71.11103, -38.70537 ], [ -71.11053, -38.70448 ], [ -71.11023, -38.70436 ], [ -71.10886, -38.70459 ], [ -71.10808, -38.70446 ], [ -71.1079, -38.70432 ], [ -71.10789, -38.70403 ], [ -71.10832, -38.7034 ], [ -71.10833, -38.70326 ], [ -71.10709, -38.70275 ], [ -71.10629, -38.70205 ], [ -71.10481, -38.70011 ], [ -71.10405, -38.69939 ], [ -71.10351, -38.69905 ], [ -71.10286, -38.69886 ], [ -71.10134, -38.69891 ], [ -71.101, -38.69885 ], [ -71.10033, -38.6986 ], [ -71.09967, -38.6982 ], [ -71.09925, -38.69764 ], [ -71.09898, -38.69718 ], [ -71.09886, -38.6968 ], [ -71.09883, -38.69648 ], [ -71.09899, -38.69604 ], [ -71.09966, -38.69514 ], [ -71.09979, -38.69478 ], [ -71.09973, -38.69442 ], [ -71.09962, -38.69423 ], [ -71.09912, -38.69377 ], [ -71.09832, -38.69343 ], [ -71.09752, -38.69335 ], [ -71.09654, -38.69351 ], [ -71.09474, -38.69394 ], [ -71.09447, -38.69385 ], [ -71.09401, -38.6935 ], [ -71.09382, -38.69324 ], [ -71.09374, -38.69228 ], [ -71.09356, -38.69151 ], [ -71.09318, -38.69096 ], [ -71.0923, -38.69033 ], [ -71.09196, -38.68992 ], [ -71.0917, -38.68943 ], [ -71.09162, -38.68867 ], [ -71.09152, -38.68836 ], [ -71.09094, -38.68793 ], [ -71.08998, -38.68752 ], [ -71.08948, -38.68689 ], [ -71.08945, -38.68675 ], [ -71.08956, -38.68643 ], [ -71.09002, -38.68577 ], [ -71.09017, -38.68535 ], [ -71.09021, -38.68473 ], [ -71.09012, -38.6836 ], [ -71.09057, -38.68177 ], [ -71.09073, -38.67976 ], [ -71.09066, -38.67961 ], [ -71.09051, -38.67955 ], [ -71.09028, -38.67914 ], [ -71.09029, -38.67874 ], [ -71.09036, -38.67861 ], [ -71.0907, -38.67863 ], [ -71.09106, -38.67844 ], [ -71.09185, -38.67744 ], [ -71.09212, -38.67697 ], [ -71.09223, -38.67656 ], [ -71.09219, -38.67615 ], [ -71.09194, -38.67563 ], [ -71.09075, -38.67459 ], [ -71.09053, -38.67428 ], [ -71.09035, -38.67381 ], [ -71.09034, -38.67336 ], [ -71.09052, -38.67254 ], [ -71.09053, -38.6721 ], [ -71.09007, -38.6697 ], [ -71.08998, -38.66934 ], [ -71.08911, -38.66797 ], [ -71.08902, -38.66761 ], [ -71.08901, -38.66719 ], [ -71.0893, -38.66569 ], [ -71.0891, -38.6652 ], [ -71.08877, -38.66475 ], [ -71.08864, -38.66468 ], [ -71.08812, -38.66473 ], [ -71.08796, -38.66464 ], [ -71.0879, -38.66405 ], [ -71.0881, -38.66314 ], [ -71.08849, -38.66242 ], [ -71.08983, -38.66104 ], [ -71.09054, -38.66042 ], [ -71.09223, -38.65933 ], [ -71.09352, -38.65777 ], [ -71.09423, -38.65713 ], [ -71.09474, -38.65678 ], [ -71.09495, -38.65635 ], [ -71.09509, -38.6555 ], [ -71.09536, -38.6548 ], [ -71.0968, -38.65422 ], [ -71.09828, -38.65387 ], [ -71.09921, -38.65336 ], [ -71.09966, -38.65292 ], [ -71.10009, -38.65209 ], [ -71.10035, -38.65177 ], [ -71.10084, -38.6514 ], [ -71.10179, -38.65086 ], [ -71.10292, -38.64944 ], [ -71.10449, -38.64783 ], [ -71.1048, -38.64757 ], [ -71.10559, -38.64714 ] ] } },
{ "type": "Feature", "properties": { "osm_id": 93462900, "nombre": "Río Biobío", "tipo": "river", "volcan_codigo": "SOL", "volcan_nombre": "Sollipulli", "drena_volcan": false }, "geometry": { "type": "LineString", "coordinates": [ [ -71.25764, -38.68786 ], [ -71.25749, -38.6884 ], [ -71.25726, -38.68885 ], [ -71.25686, -38.68908 ], [ -71.25653, -38.6891 ], [ -71.2563, -38.68903 ], [ -71.25584, -38.68863 ], [ -71.25552, -38.68852 ], [ -71.25319, -38.68792 ], [ -71.25259, -38.68787 ], [ -71.25114, -38.68795 ], [ -71.25029, -38.68788 ], [ -71.25006, -38.68794 ], [ -71.24973, -38.68825 ], [ -71.24965, -38.68861 ], [ -71.24954, -38.68878 ], [ -71.24814, -38.68995 ], [ -71.24778, -38.69053 ], [ -71.24729, -38.69099 ], [ -71.24559, -38.6923 ], [ -71.24535, -38.69263 ], [ -71.24504, -38.69335 ], [ -71.24485, -38.69355 ], [ -71.24452, -38.69371 ], [ -71.244, -38.69378 ], [ -71.2434, -38.69365 ], [ -71.24208, -38.69318 ], [ -71.24133, -38.69315 ], [ -71.24101, -38.69328 ], [ -71.2409, -38.69352 ], [ -71.24092, -38.69525 ], [ -71.24115, -38.69654 ], [ -71.24096, -38.69707 ], [ -71.24033, -38.69743 ], [ -71.23955, -38.69772 ], [ -71.23803, -38.69787 ], [ -71.23602, -38.69846 ], [ -71.23582, -38.6986 ], [ -71.23559, -38.69903 ], [ -71.23497, -38.69949 ], [ -71.23442, -38.69975 ], [ -71.2328, -38.70019 ], [ -71.23205, -38.70066 ], [ -71.23135, -38.70144 ], [ -71.23092, -38.70221 ], [ -71.23055, -38.70257 ], [ -71.23021, -38.70276 ], [ -71.22961, -38.70284 ], [ -71.22843, -38.70256 ], [ -71.22725, -38.70241 ], [ -71.22568, -38.70248 ], [ -71.22221, -38.70312 ], [ -71.22167, -38.70338 ], [ -71.22086, -38.70398 ], [ -71.22055, -38.70413 ], [ -71.21919, -38.7039 ], [ -71.21899, -38.70392 ], [ -71.21797, -38.70422 ], [ -71.21742, -38.70452 ], [ -71.2174, -38.70479 ], [ -71.21769, -38.70508 ], [ -71.21865, -38.70511 ], [ -71.21929, -38.70536 ], [ -71.22059, -38.7056 ], [ -71.22084, -38.70573 ], [ -71.22107, -38.70602 ], [ -71.22107, -38.70625 ], [ -71.22092, -38.70652 ], [ -71.22078, -38.70662 ], [ -71.21909, -38.70699 ], [ -71.21722, -38.70715 ], [ -71.21452, -38.70692 ], [ -71.21253, -38.70716 ], [ -71.21226, -38.70728 ], [ -71.21199, -38.70757 ], [ -71.21138, -38.70883 ], [ -71.21124, -38.70949 ], [ -71.21072, -38.70992 ], [ -71.21019, -38.71 ], [ -71.2094, -38.70982 ], [ -71.20833, -38.70932 ], [ -71.20829, -38.70834 ], [ -71.20817, -38.70793 ], [ -71.20792, -38.70747 ], [ -71.20711, -38.7067 ], [ -71.20662, -38.7065 ], [ -71.20637, -38.7065 ], [ -71.20522, -38.70673 ], [ -71.20472, -38.707 ], [ -71.20427, -38.70739 ], [ -71.20413, -38.70756 ], [ -71.20399, -38.70801 ], [ -71.20404, -38.70853 ], [ -71.20422, -38.70885 ], [ -71.20477, -38.70928 ], [ -71.20515, -38.7097 ], [ -71.20543, -38.71028 ], [ -71.20538, -38.71063 ], [ -71.20514, -38.71098 ], [ -71.20432, -38.71157 ], [ -71.2035, -38.71197 ], [ -71.20283, -38.71214 ], [ -71.20142, -38.71209 ], [ -71.20034, -38.71227 ], [ -71.19841, -38.71329 ], [ -71.19804, -38.71344 ], [ -71.19703, -38.7136 ], [ -71.19634, -38.71345 ], [ -71.19553, -38.71224 ], [ -71.19496, -38.71182 ], [ -71.19463, -38.71183 ], [ -71.19397, -38.71221 ], [ -71.19351, -38.71268 ], [ -71.19336, -38.71298 ], [ -71.19271, -38.71339 ], [ -71.19172, -38.71371 ], [ -71.1913, -38.71376 ], [ -71.19047, -38.7142 ], [ -71.19014, -38.71461 ], [ -71.19013, -38.7149 ], [ -71.1903, -38.71518 ], [ -71.19079, -38.7155 ], [ -71.19127, -38.71624 ], [ -71.19127, -38.7164 ], [ -71.19111, -38.71664 ], [ -71.19036, -38.71727 ], [ -71.18971, -38.71748 ], [ -71.18908, -38.71791 ], [ -71.1879, -38.71855 ], [ -71.18772, -38.71872 ], [ -71.18763, -38.71971 ], [ -71.18738, -38.72001 ], [ -71.18657, -38.72062 ], [ -71.18626, -38.72071 ], [ -71.1858, -38.72056 ], [ -71.185, -38.72057 ], [ -71.18478, -38.7207 ], [ -71.18464, -38.72102 ], [ -71.18401, -38.72113 ], [ -71.1825, -38.72177 ], [ -71.18209, -38.72221 ], [ -71.18175, -38.72304 ], [ -71.18171, -38.7233 ], [ -71.18181, -38.72377 ], [ -71.18173, -38.72393 ], [ -71.17975, -38.72469 ], [ -71.17928, -38.72478 ], [ -71.17858, -38.72481 ], [ -71.17625, -38.72466 ], [ -71.1743, -38.72486 ], [ -71.17306, -38.72512 ], [ -71.17277, -38.7253 ], [ -71.17237, -38.72577 ], [ -71.17224, -38.7263 ], [ -71.17235, -38.72699 ], [ -71.17201, -38.7274 ], [ -71.17163, -38.72759 ], [ -71.17099, -38.72771 ], [ -71.16924, -38.72751 ], [ -71.16879, -38.72756 ], [ -71.1682, -38.72777 ], [ -71.16767, -38.72807 ], [ -71.16699, -38.72866 ], [ -71.16539, -38.73029 ], [ -71.16364, -38.7316 ], [ -71.16293, -38.732 ], [ -71.16187, -38.73234 ], [ -71.16104, -38.73249 ], [ -71.16037, -38.73246 ], [ -71.15948, -38.73225 ], [ -71.15727, -38.73228 ], [ -71.15614, -38.73204 ], [ -71.15391, -38.73131 ], [ -71.15159, -38.73073 ], [ -71.15121, -38.73034 ], [ -71.1509, -38.72944 ], [ -71.15088, -38.7291 ], [ -71.15118, -38.72792 ], [ -71.1511, -38.72739 ], [ -71.15084, -38.72701 ], [ -71.15013, -38.72653 ] ] } },
{ "type": "Feature", "properties": { "osm_id": 105619800, "nombre": "Estero Guampoe", "tipo": "river", "volcan_codigo": "SOL", "volcan_nombre": "Sollipulli", "drena_volcan": false }, "geometry": { "type": "LineString", "coordinates": [ [ -71.65547, -39.44278 ], [ -71.65599, -39.44207 ], [ -71.65581, -39.44147 ], [ -71.65626, -39.44071 ], [ -71.65711, -39.43956 ], [ -71.65779, -39.43909 ], [ -71.65768, -39.43845 ], [ -71.658, -39.43703 ], [ -71.65805, -39.43596 ], [ -71.65845, -39.43521 ], [ -71.65922, -39.43444 ], [ -71.65992, -39.43419 ], [ -71.66015, -39.43378 ], [ -71.66016, -39.43297 ], [ -71.66032, -39.43255 ], [ -71.66049, -39.43232 ], [ -71.66092, -39.43217 ], [ -71.66108, -39.43197 ], [ -71.66104, -39.43173 ], [ -71.66151, -39.43148 ], [ -71.66148, -39.43119 ], [ -71.66123, -39.43081 ], [ -71.66128, -39.43058 ], [ -71.66166, -39.42992 ], [ -71.66184, -39.42913 ], [ -71.66185, -39.42635 ], [ -71.66209, -39.42584 ], [ -71.66213, -39.42485 ], [ -71.6624, -39.42443 ], [ -71.66268, -39.42366 ], [ -71.66268, -39.42249 ], [ -71.66277, -39.42178 ], [ -71.66328, -39.4212 ], [ -71.66428, -39.42106 ], [ -71.66728, -39.42085 ], [ -71.66813, -39.42001 ], [ -71.66838, -39.4192 ], [ -71.66843, -39.41838 ], [ -71.66916, -39.41763 ], [ -71.66921, -39.4169 ], [ -71.66944, -39.41635 ], [ -71.66988, -39.4162 ], [ -71.67056, -39.41625 ], [ -71.67076, -39.41602 ], [ -71.6703, -39.41559 ], [ -71.66965, -39.41475 ], [ -71.66996, -39.41406 ], [ -71.67105, -39.41283 ], [ -71.67163, -39.41169 ], [ -71.67238, -39.4108 ], [ -71.67275, -39.40943 ], [ -71.67378, -39.40869 ], [ -71.67417, -39.40788 ], [ -71.67414, -39.40723 ], [ -71.67428, -39.4067 ], [ -71.67477, -39.40606 ], [ -71.67565, -39.40525 ], [ -71.67586, -39.40477 ], [ -71.67667, -39.40394 ], [ -71.67707, -39.40318 ], [ -71.67696, -39.40208 ], [ -71.67719, -39.40129 ], [ -71.677, -39.40087 ], [ -71.67752, -39.39953 ], [ -71.67826, -39.39861 ], [ -71.67902, -39.39796 ], [ -71.67948, -39.39732 ], [ -71.68008, -39.39675 ], [ -71.68085, -39.39556 ], [ -71.68175, -39.39451 ], [ -71.68211, -39.39383 ], [ -71.68199, -39.39293 ], [ -71.68236, -39.39254 ], [ -71.68266, -39.3914 ], [ -71.68377, -39.39093 ], [ -71.6849, -39.3895 ], [ -71.68447, -39.389 ], [ -71.68454, -39.38866 ], [ -71.68499, -39.38812 ], [ -71.68516, -39.38802 ], [ -71.68631, -39.38766 ], [ -71.68612, -39.38746 ], [ -71.68636, -39.38708 ], [ -71.68637, -39.38671 ], [ -71.68643, -39.38664 ], [ -71.68819, -39.38626 ], [ -71.68867, -39.38572 ], [ -71.68875, -39.38549 ], [ -71.68864, -39.38532 ], [ -71.68867, -39.38521 ], [ -71.68932, -39.38443 ], [ -71.68931, -39.38427 ], [ -71.68887, -39.38368 ], [ -71.68883, -39.38329 ], [ -71.68925, -39.38251 ], [ -71.69016, -39.38122 ], [ -71.69037, -39.38045 ], [ -71.69048, -39.38029 ] ] } },
{ "type": "Feature", "properties": { "osm_id": 105619829, "nombre": "Río Machín", "tipo": "river", "volcan_codigo": "SOL", "volcan_nombre": "Sollipulli", "drena_volcan": true }, "geometry": { "type": "LineString", "coordinates": [ [ -71.43261, -39.24382 ], [ -71.43237, -39.24507 ], [ -71.4318, -39.246 ], [ -71.43081, -39.24879 ], [ -71.43093, -39.24938 ], [ -71.43132, -39.24979 ], [ -71.43337, -39.25077 ], [ -71.43372, -39.25107 ], [ -71.43383, -39.25131 ], [ -71.43389, -39.25183 ], [ -71.43351, -39.25315 ], [ -71.43312, -39.25378 ], [ -71.43298, -39.25419 ], [ -71.43304, -39.25592 ], [ -71.43283, -39.25682 ], [ -71.43237, -39.25806 ], [ -71.43205, -39.26043 ], [ -71.43182, -39.26142 ], [ -71.43143, -39.26216 ], [ -71.43127, -39.26339 ], [ -71.43137, -39.26364 ], [ -71.43184, -39.26422 ], [ -71.43329, -39.26487 ], [ -71.43479, -39.26532 ], [ -71.43544, -39.26561 ], [ -71.43571, -39.2659 ], [ -71.43578, -39.26638 ], [ -71.43542, -39.2679 ], [ -71.43498, -39.26881 ], [ -71.43438, -39.26941 ], [ -71.43298, -39.27011 ], [ -71.43281, -39.2703 ], [ -71.43279, -39.27083 ], [ -71.43291, -39.27237 ], [ -71.43281, -39.27348 ], [ -71.43247, -39.27427 ], [ -71.43134, -39.27587 ], [ -71.43131, -39.27617 ], [ -71.43145, -39.27657 ], [ -71.43288, -39.27802 ], [ -71.43296, -39.27847 ], [ -71.43283, -39.27906 ], [ -71.43239, -39.27993 ], [ -71.42969, -39.2829 ], [ -71.42857, -39.28516 ], [ -71.42847, -39.28555 ], [ -71.42848, -39.28596 ], [ -71.42862, -39.28665 ], [ -71.42926, -39.28849 ], [ -71.42987, -39.29078 ], [ -71.43003, -39.2919 ], [ -71.43042, -39.29277 ], [ -71.43073, -39.29303 ], [ -71.43127, -39.29315 ], [ -71.43303, -39.2929 ], [ -71.43369, -39.29291 ], [ -71.43382, -39.29305 ], [ -71.43403, -39.29384 ], [ -71.43423, -39.2941 ], [ -71.43471, -39.29436 ], [ -71.43593, -39.29474 ], [ -71.43636, -39.29502 ], [ -71.43646, -39.29519 ], [ -71.43646, -39.2955 ], [ -71.43603, -39.29678 ], [ -71.43596, -39.29708 ], [ -71.436, -39.29738 ], [ -71.43627, -39.29812 ], [ -71.4365, -39.29973 ], [ -71.43688, -39.30031 ], [ -71.43734, -39.30076 ], [ -71.43798, -39.30107 ], [ -71.43942, -39.30158 ], [ -71.43986, -39.30183 ], [ -71.4404, -39.3022 ], [ -71.44115, -39.30305 ], [ -71.44228, -39.30385 ], [ -71.44289, -39.30414 ], [ -71.4434, -39.30426 ], [ -71.44423, -39.30405 ], [ -71.44492, -39.30406 ], [ -71.44567, -39.30423 ], [ -71.44664, -39.3047 ], [ -71.44764, -39.30541 ], [ -71.44821, -39.30646 ], [ -71.44863, -39.30696 ], [ -71.44979, -39.30716 ], [ -71.45091, -39.30758 ], [ -71.4523, -39.30793 ], [ -71.45438, -39.30871 ], [ -71.4555, -39.30925 ], [ -71.45639, -39.30953 ], [ -71.45904, -39.31012 ], [ -71.46056, -39.31059 ], [ -71.46325, -39.31099 ], [ -71.46557, -39.31151 ], [ -71.46604, -39.31192 ], [ -71.46636, -39.31244 ], [ -71.46731, -39.31329 ], [ -71.46767, -39.31431 ], [ -71.46841, -39.31519 ], [ -71.469, -39.31653 ], [ -71.46929, -39.31689 ], [ -71.46984, -39.31691 ], [ -71.47132, -39.31598 ], [ -71.47207, -39.31582 ], [ -71.4763, -39.31423 ], [ -71.47697, -39.31411 ], [ -71.47741, -39.3142 ], [ -71.47753, -39.3143 ], [ -71.47781, -39.31491 ], [ -71.47815, -39.31512 ], [ -71.47874, -39.31534 ], [ -71.47964, -39.31547 ], [ -71.48096, -39.31608 ], [ -71.48233, -39.31686 ], [ -71.48323, -39.317 ], [ -71.48358, -39.31755 ], [ -71.48468, -39.31826 ], [ -71.48482, -39.31864 ], [ -71.48531, -39.31892 ], [ -71.48628, -39.31912 ], [ -71.48676, -39.31938 ], [ -71.48716, -39.31978 ], [ -71.48841, -39.32055 ], [ -71.49019, -39.32185 ], [ -71.49045, -39.32211 ], [ -71.49092, -39.32239 ], [ -71.49094, -39.32256 ], [ -71.49189, -39.32355 ], [ -71.49219, -39.32375 ], [ -71.49302, -39.32404 ], [ -71.49343, -39.32435 ], [ -71.49408, -39.32454 ], [ -71.49489, -39.32494 ], [ -71.49528, -39.32524 ], [ -71.49574, -39.32571 ], [ -71.49616, -39.32631 ], [ -71.4963, -39.3267 ], [ -71.49629, -39.32764 ], [ -71.49652, -39.32806 ], [ -71.49861, -39.32953 ], [ -71.49903, -39.32977 ], [ -71.50014, -39.33012 ], [ -71.50032, -39.33026 ], [ -71.50055, -39.33058 ], [ -71.50116, -39.33196 ], [ -71.50217, -39.33237 ], [ -71.50277, -39.33303 ], [ -71.50365, -39.33375 ], [ -71.50409, -39.33404 ], [ -71.50496, -39.33429 ], [ -71.50545, -39.33459 ], [ -71.50724, -39.33537 ], [ -71.50806, -39.33541 ], [ -71.50921, -39.33589 ], [ -71.51041, -39.33622 ], [ -71.51071, -39.33622 ], [ -71.51154, -39.33587 ], [ -71.5123, -39.33524 ], [ -71.51421, -39.33549 ], [ -71.51546, -39.33589 ], [ -71.51637, -39.33591 ], [ -71.5167, -39.33573 ], [ -71.51752, -39.33577 ], [ -71.51808, -39.33596 ], [ -71.51841, -39.33595 ], [ -71.5196, -39.33556 ], [ -71.52005, -39.33528 ], [ -71.52051, -39.33515 ], [ -71.52123, -39.33465 ], [ -71.52248, -39.33469 ], [ -71.52331, -39.33449 ], [ -71.52381, -39.33446 ], [ -71.52453, -39.33424 ], [ -71.52552, -39.33415 ], [ -71.5268, -39.33413 ], [ -71.52879, -39.33436 ], [ -71.53034, -39.33377 ], [ -71.53186, -39.33369 ], [ -71.53228, -39.33344 ], [ -71.53292, -39.33268 ], [ -71.53397, -39.33251 ], [ -71.53571, -39.3317 ], [ -71.53638, -39.33109 ], [ -71.53683, -39.33007 ], [ -71.53735, -39.32988 ], [ -71.53759, -39.32964 ], [ -71.53775, -39.32928 ], [ -71.53803, -39.329 ], [ -71.53884, -39.3286 ], [ -71.53928, -39.32824 ], [ -71.54025, -39.3282 ], [ -71.54316, -39.32724 ], [ -71.54381, -39.32714 ], [ -71.54513, -39.3272 ], [ -71.54551, -39.32734 ], [ -71.54596, -39.32764 ], [ -71.5465, -39.32767 ], [ -71.5478, -39.32719 ], [ -71.54843, -39.32688 ], [ -71.54997, -39.32582 ], [ -71.55121, -39.3251 ], [ -71.5518, -39.32499 ], [ -71.55277, -39.3252 ], [ -71.55485, -39.32623 ], [ -71.55564, -39.32672 ], [ -71.55746, -39.32906 ], [ -71.55789, -39.32941 ], [ -71.55862, -39.32974 ], [ -71.56065, -39.33004 ], [ -71.56122, -39.33034 ], [ -71.56163, -39.3307 ], [ -71.56328, -39.33104 ], [ -71.56432, -39.33114 ], [ -71.56435, -39.33236 ], [ -71.56494, -39.33267 ], [ -71.56543, -39.33361 ], [ -71.56608, -39.33457 ], [ -71.56658, -39.33493 ], [ -71.56688, -39.33499 ], [ -71.56742, -39.3345 ], [ -71.56776, -39.33441 ], [ -71.56848, -39.33458 ], [ -71.56888, -39.33479 ], [ -71.56914, -39.33471 ], [ -71.56933, -39.33442 ], [ -71.57003, -39.33411 ], [ -71.57086, -39.33429 ], [ -71.57175, -39.3348 ], [ -71.57224, -39.33556 ], [ -71.57248, -39.3369 ], [ -71.57237, -39.33811 ], [ -71.57268, -39.33973 ], [ -71.57289, -39.3421 ], [ -71.5732, -39.34296 ], [ -71.57466, -39.34477 ], [ -71.57472, -39.34547 ], [ -71.57498, -39.34651 ], [ -71.57484, -39.34741 ], [ -71.57498, -39.34796 ], [ -71.57525, -39.34823 ], [ -71.57577, -39.34838 ], [ -71.57622, -39.34827 ], [ -71.57723, -39.34775 ], [ -71.5779, -39.34774 ], [ -71.57811, -39.34781 ], [ -71.57873, -39.34827 ], [ -71.5789, -39.34846 ], [ -71.5791, -39.3489 ], [ -71.57955, -39.34916 ] ] } },
{ "type": "Feature", "properties": { "osm_id": 105762170, "nombre": "Sin nombre", "tipo": "stream", "volcan_codigo": "SOL", "volcan_nombre": "Sollipulli", "drena_volcan": true }, "geometry": { "type": "LineString", "coordinates": [ [ -71.53274, -39.33536 ], [ -71.53217, -39.33508 ], [ -71.53159, -39.33461 ], [ -71.53195, -39.33416 ], [ -71.53171, -39.33373 ] ] } },
{ "type": "Feature", "properties": { "osm_id": 134860993, "nombre": "Arroyo Las Ánimas", "tipo": "river", "volcan_codigo": "SOL", "volcan_nombre": "Sollipulli", "drena_volcan": false }, "geometry": { "type": "LineString", "coordinates": [ [ -71.3498, -38.91736 ], [ -71.34914, -38.91762 ], [ -71.34886, -38.91788 ], [ -71.34805, -38.91811 ], [ -71.34787, -38.91825 ], [ -71.34772, -38.91874 ], [ -71.34724, -38.91883 ], [ -71.34714, -38.91863 ], [ -71.34694, -38.91849 ], [ -71.34626, -38.91868 ], [ -71.34599, -38.91889 ], [ -71.34603, -38.91902 ], [ -71.34633, -38.91914 ], [ -71.34593, -38.9196 ], [ -71.34586, -38.91979 ], [ -71.34537, -38.91961 ], [ -71.34502, -38.91959 ], [ -71.34471, -38.91973 ], [ -71.34476, -38.91992 ], [ -71.34471, -38.92015 ], [ -71.34399, -38.92033 ], [ -71.34364, -38.92022 ], [ -71.34343, -38.92025 ], [ -71.34338, -38.92045 ], [ -71.34368, -38.92064 ], [ -71.34411, -38.92075 ], [ -71.34426, -38.92103 ], [ -71.34397, -38.92137 ], [ -71.34346, -38.92136 ], [ -71.3432, -38.92123 ], [ -71.34298, -38.9207 ], [ -71.3428, -38.92057 ], [ -71.34252, -38.92061 ], [ -71.34161, -38.92108 ], [ -71.34147, -38.92133 ], [ -71.34181, -38.92196 ], [ -71.34163, -38.9223 ], [ -71.34122, -38.92238 ], [ -71.34098, -38.92226 ], [ -71.34093, -38.92204 ], [ -71.34055, -38.92192 ], [ -71.34002, -38.92203 ], [ -71.33989, -38.92226 ], [ -71.33995, -38.92354 ], [ -71.33974, -38.92359 ], [ -71.33913, -38.92297 ], [ -71.33845, -38.92278 ], [ -71.3382, -38.92289 ], [ -71.33821, -38.92315 ], [ -71.33798, -38.92404 ], [ -71.33708, -38.92377 ], [ -71.33653, -38.92394 ], [ -71.33589, -38.92446 ], [ -71.33551, -38.92443 ], [ -71.33492, -38.92393 ], [ -71.3347, -38.92397 ], [ -71.33437, -38.9242 ], [ -71.3347, -38.92465 ], [ -71.33529, -38.92474 ], [ -71.33519, -38.925 ], [ -71.33464, -38.92513 ], [ -71.33381, -38.92501 ], [ -71.33368, -38.92469 ], [ -71.33337, -38.92452 ], [ -71.33291, -38.92454 ], [ -71.3324, -38.92486 ], [ -71.33293, -38.92582 ], [ -71.3319, -38.92582 ], [ -71.33163, -38.92589 ], [ -71.33179, -38.92624 ], [ -71.33216, -38.92654 ], [ -71.33165, -38.92672 ], [ -71.33049, -38.92743 ], [ -71.32958, -38.92879 ], [ -71.32901, -38.92906 ], [ -71.32813, -38.92968 ], [ -71.32801, -38.92985 ], [ -71.32701, -38.93064 ], [ -71.32654, -38.93083 ], [ -71.32676, -38.93146 ], [ -71.3273, -38.93195 ], [ -71.32711, -38.93214 ], [ -71.32678, -38.93226 ], [ -71.32625, -38.933 ], [ -71.32626, -38.93315 ], [ -71.32585, -38.93369 ], [ -71.32489, -38.93364 ], [ -71.32451, -38.93385 ], [ -71.32317, -38.93383 ], [ -71.32286, -38.93405 ] ] } },
{ "type": "Feature", "properties": { "osm_id": 134903147, "nombre": "Arroyo El Saco", "tipo": "stream", "volcan_codigo": "SOL", "volcan_nombre": "Sollipulli", "drena_volcan": false }, "geometry": { "type": "LineString", "coordinates": [ [ -71.30976, -39.00735 ], [ -71.30988, -39.00711 ], [ -71.30951, -39.00669 ], [ -71.3096, -39.00631 ], [ -71.3094, -39.0062 ], [ -71.30907, -39.00543 ], [ -71.30935, -39.0051 ], [ -71.30936, -39.00483 ], [ -71.3091, -39.00463 ], [ -71.30921, -39.0044 ], [ -71.30892, -39.00417 ], [ -71.30917, -39.00383 ], [ -71.30912, -39.00346 ], [ -71.30993, -39.00258 ], [ -71.30985, -39.00234 ], [ -71.31007, -39.00212 ], [ -71.31001, -39.00187 ], [ -71.31029, -39.00147 ], [ -71.31025, -39.00122 ], [ -71.31035, -39.00105 ], [ -71.31026, -39.00054 ], [ -71.31031, -39.00041 ], [ -71.31062, -39.0003 ], [ -71.31057, -39.00012 ], [ -71.31072, -38.99996 ], [ -71.31122, -38.99983 ], [ -71.31142, -38.9997 ], [ -71.31148, -38.99943 ], [ -71.31164, -38.99926 ], [ -71.31187, -38.99888 ], [ -71.31194, -38.99856 ], [ -71.31211, -38.99839 ], [ -71.31219, -38.99773 ], [ -71.31249, -38.99739 ], [ -71.31257, -38.99713 ], [ -71.31253, -38.99642 ], [ -71.31261, -38.99615 ], [ -71.31241, -38.99594 ], [ -71.31257, -38.99564 ], [ -71.31254, -38.99525 ], [ -71.31326, -38.99449 ], [ -71.31325, -38.99403 ], [ -71.31339, -38.9935 ], [ -71.31331, -38.99306 ], [ -71.31382, -38.99253 ], [ -71.31371, -38.99203 ], [ -71.31395, -38.99175 ], [ -71.31383, -38.99114 ], [ -71.31404, -38.99077 ], [ -71.31398, -38.99058 ], [ -71.31461, -38.98993 ], [ -71.3153, -38.98939 ], [ -71.31548, -38.98858 ], [ -71.31608, -38.98776 ], [ -71.31605, -38.98744 ], [ -71.31613, -38.98706 ], [ -71.31647, -38.98682 ], [ -71.31648, -38.9867 ], [ -71.31704, -38.9861 ], [ -71.31699, -38.98599 ], [ -71.31668, -38.98576 ], [ -71.31669, -38.98564 ], [ -71.31704, -38.98534 ], [ -71.318, -38.98496 ], [ -71.31834, -38.98467 ], [ -71.3183, -38.98429 ], [ -71.31926, -38.98384 ], [ -71.31981, -38.98331 ], [ -71.31986, -38.98301 ], [ -71.31976, -38.98278 ], [ -71.31996, -38.98264 ], [ -71.3203, -38.98258 ], [ -71.32186, -38.98083 ], [ -71.32254, -38.9803 ], [ -71.32293, -38.98016 ], [ -71.32318, -38.97997 ], [ -71.3231, -38.97948 ], [ -71.32348, -38.97902 ], [ -71.32389, -38.97894 ], [ -71.32425, -38.97907 ], [ -71.32494, -38.97874 ], [ -71.32518, -38.97846 ], [ -71.32499, -38.97818 ], [ -71.32507, -38.97799 ], [ -71.32562, -38.97764 ], [ -71.32645, -38.97746 ], [ -71.32651, -38.977 ], [ -71.32663, -38.97676 ], [ -71.32664, -38.97612 ], [ -71.32676, -38.97578 ], [ -71.32756, -38.97568 ], [ -71.32809, -38.97538 ], [ -71.32949, -38.97424 ], [ -71.33302, -38.97347 ], [ -71.33367, -38.97293 ], [ -71.33425, -38.97275 ], [ -71.33624, -38.97257 ], [ -71.34037, -38.97127 ], [ -71.34166, -38.97068 ], [ -71.34306, -38.97048 ], [ -71.3438, -38.97006 ], [ -71.34483, -38.96899 ], [ -71.34523, -38.96826 ], [ -71.34483, -38.96771 ], [ -71.34569, -38.96684 ], [ -71.34613, -38.96654 ], [ -71.34632, -38.96538 ], [ -71.34588, -38.9643 ], [ -71.34479, -38.96347 ], [ -71.34427, -38.96264 ], [ -71.34395, -38.9623 ] ] } },
{ "type": "Feature", "properties": { "osm_id": 134903148, "nombre": "Sin nombre", "tipo": "stream", "volcan_codigo": "SOL", "volcan_nombre": "Sollipulli", "drena_volcan": false }, "geometry": { "type": "LineString", "coordinates": [ [ -71.30519, -38.95817 ], [ -71.30631, -38.95726 ], [ -71.30774, -38.95675 ], [ -71.30818, -38.95606 ], [ -71.3098, -38.95531 ], [ -71.30996, -38.95478 ], [ -71.31026, -38.95427 ], [ -71.31022, -38.95394 ], [ -71.31058, -38.95256 ], [ -71.31038, -38.95192 ], [ -71.3105, -38.9515 ], [ -71.31079, -38.9509 ], [ -71.31084, -38.95043 ], [ -71.311, -38.95009 ], [ -71.31163, -38.94943 ], [ -71.31167, -38.9492 ], [ -71.31161, -38.94895 ], [ -71.31176, -38.94831 ], [ -71.31195, -38.94807 ], [ -71.31237, -38.94713 ], [ -71.31247, -38.9465 ] ] } },
{ "type": "Feature", "properties": { "osm_id": 134903149, "nombre": "Arroyo Moca", "tipo": "stream", "volcan_codigo": "SOL", "volcan_nombre": "Sollipulli", "drena_volcan": false }, "geometry": { "type": "LineString", "coordinates": [ [ -71.32002, -38.96227 ], [ -71.32064, -38.96167 ], [ -71.32176, -38.95843 ], [ -71.32224, -38.95781 ], [ -71.32229, -38.95738 ], [ -71.32121, -38.95564 ], [ -71.31961, -38.95414 ], [ -71.31985, -38.95223 ], [ -71.32013, -38.95181 ], [ -71.3209, -38.95125 ], [ -71.32105, -38.95104 ], [ -71.32138, -38.95112 ] ] } },
{ "type": "Feature", "properties": { "osm_id": 134903150, "nombre": "Sin nombre", "tipo": "stream", "volcan_codigo": "SOL", "volcan_nombre": "Sollipulli", "drena_volcan": false }, "geometry": { "type": "LineString", "coordinates": [ [ -71.31678, -38.95859 ], [ -71.31648, -38.9577 ], [ -71.31684, -38.95713 ], [ -71.31716, -38.95641 ], [ -71.31753, -38.95531 ], [ -71.31795, -38.95493 ], [ -71.31915, -38.95447 ], [ -71.31961, -38.95414 ] ] } },
{ "type": "Feature", "properties": { "osm_id": 134903151, "nombre": "Río Quillahue", "tipo": "river", "volcan_codigo": "SOL", "volcan_nombre": "Sollipulli", "drena_volcan": false }, "geometry": { "type": "LineString", "coordinates": [ [ -71.35669, -38.96628 ], [ -71.3561, -38.9656 ], [ -71.35612, -38.96528 ], [ -71.35642, -38.965 ], [ -71.35714, -38.96463 ], [ -71.35769, -38.96457 ], [ -71.3579, -38.96446 ], [ -71.35763, -38.96377 ], [ -71.35721, -38.96331 ], [ -71.35675, -38.96299 ], [ -71.35611, -38.96284 ], [ -71.35546, -38.96287 ], [ -71.35499, -38.9631 ], [ -71.35492, -38.96344 ], [ -71.35457, -38.96378 ], [ -71.35409, -38.96376 ], [ -71.35373, -38.96389 ], [ -71.3528, -38.96449 ], [ -71.35271, -38.96487 ], [ -71.35252, -38.96507 ], [ -71.35215, -38.96521 ], [ -71.35197, -38.96509 ], [ -71.3515, -38.96517 ], [ -71.35153, -38.9649 ], [ -71.35173, -38.96462 ], [ -71.35161, -38.96421 ], [ -71.35114, -38.96344 ], [ -71.35057, -38.96328 ], [ -71.34981, -38.96331 ], [ -71.34922, -38.96359 ], [ -71.34868, -38.96347 ], [ -71.34835, -38.96286 ], [ -71.34806, -38.96188 ], [ -71.34795, -38.96164 ], [ -71.34779, -38.96153 ], [ -71.34758, -38.96149 ], [ -71.34681, -38.96161 ], [ -71.34464, -38.9623 ], [ -71.34351, -38.9623 ], [ -71.34292, -38.96191 ], [ -71.34249, -38.96042 ], [ -71.34202, -38.95971 ], [ -71.34172, -38.95959 ], [ -71.34133, -38.95951 ], [ -71.33926, -38.95977 ], [ -71.33867, -38.95977 ], [ -71.33835, -38.95968 ], [ -71.33706, -38.95844 ], [ -71.33609, -38.95795 ], [ -71.33571, -38.95795 ], [ -71.33525, -38.95817 ], [ -71.33489, -38.95874 ], [ -71.33466, -38.95886 ], [ -71.3336, -38.95901 ], [ -71.33281, -38.95893 ], [ -71.3324, -38.95874 ], [ -71.33235, -38.95847 ], [ -71.3327, -38.95714 ], [ -71.33246, -38.95585 ], [ -71.33208, -38.95522 ], [ -71.3318, -38.95497 ], [ -71.33095, -38.95474 ], [ -71.33071, -38.9548 ], [ -71.33054, -38.95543 ], [ -71.33032, -38.95578 ], [ -71.33, -38.95593 ], [ -71.32967, -38.95598 ], [ -71.32832, -38.95527 ], [ -71.3271, -38.95513 ], [ -71.32676, -38.95485 ], [ -71.32659, -38.95457 ], [ -71.32664, -38.95421 ], [ -71.32642, -38.95356 ], [ -71.32607, -38.95314 ], [ -71.32598, -38.95264 ], [ -71.32572, -38.95196 ], [ -71.3253, -38.95148 ], [ -71.32383, -38.95063 ], [ -71.3234, -38.9506 ], [ -71.32138, -38.95112 ], [ -71.32092, -38.95087 ], [ -71.32025, -38.95004 ], [ -71.32012, -38.94971 ], [ -71.32015, -38.94935 ], [ -71.32096, -38.94762 ], [ -71.32146, -38.94719 ], [ -71.3221, -38.94603 ], [ -71.32226, -38.94569 ], [ -71.32222, -38.94538 ], [ -71.32208, -38.94513 ], [ -71.32168, -38.94494 ], [ -71.31982, -38.94496 ], [ -71.31823, -38.94433 ] ] } },
{ "type": "Feature", "properties": { "osm_id": 134903152, "nombre": "Sin nombre", "tipo": "stream", "volcan_codigo": "SOL", "volcan_nombre": "Sollipulli", "drena_volcan": false }, "geometry": { "type": "LineString", "coordinates": [ [ -71.34014, -38.94007 ], [ -71.33942, -38.94035 ], [ -71.33909, -38.94064 ], [ -71.33906, -38.94103 ], [ -71.33869, -38.94153 ], [ -71.33804, -38.9418 ], [ -71.33773, -38.94208 ], [ -71.33756, -38.94259 ], [ -71.33734, -38.94286 ], [ -71.33684, -38.9431 ], [ -71.3368, -38.94358 ], [ -71.33665, -38.944 ] ] } },
{ "type": "Feature", "properties": { "osm_id": 142543372, "nombre": "Río Trancura", "tipo": "river", "volcan_codigo": "SOL", "volcan_nombre": "Sollipulli", "drena_volcan": false }, "geometry": { "type": "LineString", "coordinates": [ [ -71.55253, -39.53095 ], [ -71.55238, -39.53067 ], [ -71.55208, -39.53047 ], [ -71.55234, -39.52969 ], [ -71.5524, -39.52922 ], [ -71.5529, -39.52878 ], [ -71.55302, -39.52849 ], [ -71.55313, -39.52794 ], [ -71.55286, -39.52717 ], [ -71.55268, -39.52698 ], [ -71.55177, -39.52643 ], [ -71.55045, -39.52593 ], [ -71.55, -39.52544 ], [ -71.55027, -39.52502 ], [ -71.55025, -39.52482 ], [ -71.54944, -39.52406 ], [ -71.54944, -39.5238 ], [ -71.54866, -39.52286 ], [ -71.54866, -39.52234 ], [ -71.54841, -39.52178 ], [ -71.54724, -39.5207 ], [ -71.54632, -39.52052 ], [ -71.54599, -39.5202 ], [ -71.54576, -39.51991 ], [ -71.54535, -39.51887 ], [ -71.54456, -39.51798 ], [ -71.54447, -39.51771 ], [ -71.54466, -39.51741 ], [ -71.54536, -39.51704 ], [ -71.54554, -39.51673 ], [ -71.54561, -39.51641 ], [ -71.54552, -39.51615 ], [ -71.54497, -39.51549 ], [ -71.54454, -39.51456 ], [ -71.54345, -39.5138 ], [ -71.543, -39.5133 ], [ -71.54298, -39.51267 ], [ -71.54312, -39.51089 ], [ -71.54231, -39.50982 ], [ -71.54243, -39.5093 ], [ -71.54263, -39.50902 ], [ -71.54269, -39.50847 ], [ -71.5429, -39.5081 ], [ -71.54301, -39.50753 ], [ -71.5426, -39.50632 ], [ -71.54256, -39.50597 ], [ -71.54271, -39.50465 ], [ -71.54354, -39.50402 ], [ -71.54389, -39.50392 ], [ -71.54412, -39.50359 ], [ -71.5444, -39.50277 ], [ -71.54428, -39.50245 ], [ -71.54391, -39.50198 ], [ -71.54397, -39.5017 ], [ -71.54449, -39.50118 ], [ -71.54464, -39.50077 ], [ -71.54477, -39.49978 ], [ -71.54503, -39.49945 ], [ -71.54555, -39.49902 ], [ -71.54574, -39.49869 ], [ -71.5455, -39.4977 ], [ -71.54575, -39.49655 ], [ -71.54605, -39.49628 ], [ -71.54652, -39.49604 ], [ -71.54733, -39.49481 ], [ -71.54745, -39.49447 ], [ -71.54742, -39.49382 ], [ -71.54768, -39.4932 ], [ -71.54782, -39.49264 ], [ -71.5478, -39.49247 ], [ -71.54765, -39.49228 ], [ -71.54679, -39.49158 ], [ -71.54662, -39.49098 ], [ -71.54605, -39.49002 ], [ -71.54595, -39.48921 ], [ -71.54605, -39.48823 ], [ -71.54603, -39.4875 ], [ -71.54583, -39.48688 ], [ -71.54595, -39.48658 ], [ -71.54656, -39.48649 ], [ -71.54672, -39.48624 ], [ -71.5465, -39.48564 ], [ -71.54605, -39.48494 ], [ -71.54628, -39.48384 ], [ -71.54609, -39.48305 ], [ -71.54608, -39.48251 ], [ -71.54632, -39.48209 ], [ -71.54684, -39.48155 ], [ -71.54691, -39.48106 ], [ -71.54677, -39.48007 ], [ -71.54691, -39.47933 ], [ -71.54739, -39.47874 ], [ -71.54773, -39.47812 ], [ -71.54766, -39.47739 ], [ -71.54707, -39.47522 ], [ -71.5473, -39.47389 ], [ -71.54775, -39.47304 ], [ -71.54868, -39.47167 ], [ -71.549, -39.47071 ], [ -71.54908, -39.47005 ], [ -71.54937, -39.46909 ], [ -71.55096, -39.4667 ], [ -71.55105, -39.46585 ], [ -71.55135, -39.46538 ], [ -71.55119, -39.46497 ], [ -71.55048, -39.46471 ], [ -71.54912, -39.46345 ], [ -71.54903, -39.46265 ], [ -71.5494, -39.4616 ], [ -71.54899, -39.4599 ], [ -71.54859, -39.45893 ], [ -71.54739, -39.45795 ], [ -71.54738, -39.45761 ], [ -71.54753, -39.45734 ], [ -71.54767, -39.45678 ], [ -71.548, -39.45615 ], [ -71.5494, -39.45419 ], [ -71.54972, -39.45356 ], [ -71.55063, -39.45238 ], [ -71.55084, -39.45182 ], [ -71.55132, -39.45103 ], [ -71.55144, -39.44978 ], [ -71.55138, -39.44886 ], [ -71.5495, -39.44624 ], [ -71.54828, -39.44427 ], [ -71.54801, -39.44337 ], [ -71.54803, -39.44283 ], [ -71.5482, -39.44231 ], [ -71.54875, -39.44192 ], [ -71.55003, -39.44122 ], [ -71.55145, -39.44068 ], [ -71.5517, -39.44017 ], [ -71.55177, -39.4395 ], [ -71.55169, -39.43785 ], [ -71.55142, -39.43754 ], [ -71.55104, -39.43734 ], [ -71.55069, -39.43729 ], [ -71.5501, -39.43683 ], [ -71.54958, -39.43622 ], [ -71.54942, -39.43579 ], [ -71.54962, -39.43536 ], [ -71.55016, -39.4349 ], [ -71.55037, -39.43459 ], [ -71.55066, -39.43437 ], [ -71.5512, -39.43431 ], [ -71.5517, -39.43401 ], [ -71.55272, -39.43315 ], [ -71.55295, -39.43239 ], [ -71.55276, -39.4319 ], [ -71.55222, -39.43163 ], [ -71.55154, -39.43154 ], [ -71.55077, -39.43168 ], [ -71.54922, -39.43239 ], [ -71.54897, -39.43235 ], [ -71.54852, -39.43212 ], [ -71.54804, -39.43162 ], [ -71.54759, -39.43135 ], [ -71.54754, -39.43094 ], [ -71.5478, -39.43071 ], [ -71.54839, -39.43086 ], [ -71.54943, -39.43054 ], [ -71.5501, -39.43008 ], [ -71.55036, -39.42965 ], [ -71.55037, -39.42918 ], [ -71.5501, -39.42886 ], [ -71.54837, -39.4284 ], [ -71.54833, -39.42825 ], [ -71.54927, -39.42773 ], [ -71.54989, -39.42726 ], [ -71.55053, -39.42632 ], [ -71.55067, -39.42568 ], [ -71.54976, -39.42411 ], [ -71.54912, -39.42329 ], [ -71.54765, -39.42185 ], [ -71.54713, -39.42153 ], [ -71.54665, -39.42094 ], [ -71.54638, -39.41942 ], [ -71.54592, -39.41916 ], [ -71.54514, -39.41918 ], [ -71.54403, -39.41897 ], [ -71.54345, -39.41875 ], [ -71.54303, -39.41844 ], [ -71.54287, -39.41714 ], [ -71.54265, -39.41662 ], [ -71.5419, -39.41543 ], [ -71.54198, -39.41518 ], [ -71.54227, -39.41501 ], [ -71.5428, -39.41416 ], [ -71.54326, -39.41401 ], [ -71.54366, -39.41397 ], [ -71.54402, -39.41407 ], [ -71.54445, -39.4145 ], [ -71.54584, -39.41491 ], [ -71.547, -39.41564 ], [ -71.5475, -39.41552 ], [ -71.54771, -39.41524 ], [ -71.54774, -39.4145 ], [ -71.54739, -39.41427 ], [ -71.54732, -39.41383 ], [ -71.5474, -39.41329 ], [ -71.54708, -39.41233 ], [ -71.54714, -39.41185 ], [ -71.54743, -39.41119 ], [ -71.54813, -39.41068 ], [ -71.54908, -39.41019 ], [ -71.54992, -39.40991 ], [ -71.55031, -39.40946 ], [ -71.55036, -39.40879 ], [ -71.55023, -39.40807 ], [ -71.54968, -39.40736 ], [ -71.54899, -39.407 ], [ -71.54835, -39.40622 ], [ -71.54759, -39.40446 ], [ -71.54768, -39.40392 ], [ -71.54808, -39.40345 ], [ -71.5487, -39.40307 ], [ -71.54962, -39.40201 ], [ -71.54974, -39.40152 ], [ -71.54966, -39.40053 ], [ -71.54971, -39.39971 ], [ -71.55008, -39.39926 ], [ -71.5507, -39.39884 ], [ -71.55216, -39.39874 ], [ -71.55252, -39.3986 ], [ -71.55332, -39.39808 ], [ -71.55574, -39.39739 ], [ -71.55635, -39.39711 ], [ -71.55671, -39.39681 ], [ -71.55707, -39.39637 ], [ -71.55727, -39.39594 ], [ -71.55788, -39.39534 ], [ -71.55987, -39.39401 ], [ -71.5605, -39.39345 ], [ -71.56135, -39.39211 ], [ -71.56244, -39.39065 ], [ -71.56343, -39.38895 ], [ -71.56386, -39.38766 ], [ -71.56447, -39.38727 ], [ -71.56531, -39.38704 ], [ -71.56596, -39.3867 ], [ -71.56659, -39.38616 ], [ -71.56789, -39.38594 ], [ -71.5698, -39.38592 ], [ -71.57058, -39.38547 ], [ -71.57143, -39.38403 ], [ -71.57135, -39.38288 ], [ -71.57108, -39.38212 ], [ -71.57043, -39.38165 ], [ -71.56933, -39.38057 ], [ -71.56919, -39.38009 ], [ -71.56915, -39.37903 ], [ -71.5688, -39.37807 ], [ -71.56879, -39.37729 ], [ -71.569, -39.37704 ], [ -71.57013, -39.37638 ], [ -71.57099, -39.37608 ], [ -71.57144, -39.37559 ], [ -71.57148, -39.37466 ], [ -71.57189, -39.37418 ], [ -71.5738, -39.37342 ], [ -71.57571, -39.37343 ], [ -71.57705, -39.37385 ], [ -71.57768, -39.3738 ], [ -71.57902, -39.37344 ], [ -71.57958, -39.37317 ], [ -71.57983, -39.37266 ], [ -71.57982, -39.37214 ], [ -71.57827, -39.37073 ], [ -71.57779, -39.37015 ], [ -71.57757, -39.36927 ], [ -71.57766, -39.36837 ], [ -71.57806, -39.36767 ], [ -71.58129, -39.36618 ], [ -71.58244, -39.36556 ], [ -71.58316, -39.36502 ], [ -71.5833, -39.3647 ], [ -71.58323, -39.36418 ], [ -71.58299, -39.36378 ], [ -71.58253, -39.36324 ], [ -71.58142, -39.36261 ], [ -71.58115, -39.36235 ], [ -71.58099, -39.36212 ], [ -71.58106, -39.3619 ], [ -71.58125, -39.36171 ], [ -71.58292, -39.36105 ], [ -71.58487, -39.35969 ], [ -71.58514, -39.35934 ], [ -71.58518, -39.35916 ], [ -71.58508, -39.35861 ], [ -71.58469, -39.35833 ], [ -71.58397, -39.35809 ], [ -71.58215, -39.35777 ], [ -71.58161, -39.3575 ], [ -71.58121, -39.35712 ], [ -71.58113, -39.3568 ], [ -71.5813, -39.35321 ], [ -71.58123, -39.35274 ], [ -71.58085, -39.35158 ], [ -71.58017, -39.35101 ], [ -71.57925, -39.35001 ], [ -71.57917, -39.34962 ], [ -71.57924, -39.34943 ], [ -71.57955, -39.34916 ] ] } },
{ "type": "Feature", "properties": { "osm_id": 157353728, "nombre": "Río Pucón", "tipo": "river", "volcan_codigo": "SOL", "volcan_nombre": "Sollipulli", "drena_volcan": true }, "geometry": { "type": "LineString", "coordinates": [ [ -71.93237, -39.26619 ], [ -71.93394, -39.26581 ], [ -71.93805, -39.26527 ], [ -71.94045, -39.26531 ], [ -71.94158, -39.26514 ], [ -71.94264, -39.2648 ], [ -71.94588, -39.26275 ], [ -71.94769, -39.26145 ], [ -71.94843, -39.26111 ], [ -71.94947, -39.26085 ], [ -71.95004, -39.26099 ], [ -71.95042, -39.26087 ], [ -71.95143, -39.25983 ], [ -71.95176, -39.25739 ], [ -71.95293, -39.25593 ], [ -71.95457, -39.25513 ], [ -71.95636, -39.25538 ], [ -71.95726, -39.25598 ], [ -71.95821, -39.25642 ], [ -71.95932, -39.2565 ], [ -71.95989, -39.25621 ], [ -71.96133, -39.25515 ], [ -71.96466, -39.25367 ], [ -71.96589, -39.25223 ], [ -71.967, -39.25116 ], [ -71.96759, -39.25075 ], [ -71.96792, -39.25066 ], [ -71.97059, -39.25049 ], [ -71.97378, -39.25007 ], [ -71.97475, -39.25011 ], [ -71.97546, -39.25029 ], [ -71.97662, -39.25099 ] ] } },
{ "type": "Feature", "properties": { "osm_id": 157353729, "nombre": "Río Pucón", "tipo": "river", "volcan_codigo": "SOL", "volcan_nombre": "Sollipulli", "drena_volcan": true }, "geometry": { "type": "LineString", "coordinates": [ [ -71.81422, -39.33318 ], [ -71.81585, -39.33284 ], [ -71.81959, -39.33152 ], [ -71.82116, -39.33113 ], [ -71.82303, -39.33088 ], [ -71.82745, -39.32909 ], [ -71.82862, -39.32853 ], [ -71.82999, -39.32735 ], [ -71.83074, -39.32697 ], [ -71.83173, -39.32622 ], [ -71.83329, -39.32307 ], [ -71.83365, -39.3225 ], [ -71.83421, -39.32206 ], [ -71.83529, -39.32079 ], [ -71.83559, -39.31968 ], [ -71.8377, -39.31605 ], [ -71.83841, -39.31498 ], [ -71.83943, -39.31282 ], [ -71.83979, -39.31265 ], [ -71.84086, -39.31245 ], [ -71.84241, -39.31189 ], [ -71.84335, -39.31124 ], [ -71.84382, -39.31059 ], [ -71.84386, -39.31013 ], [ -71.84372, -39.30929 ], [ -71.84382, -39.30856 ], [ -71.8444, -39.30725 ], [ -71.84481, -39.30676 ], [ -71.84541, -39.30635 ], [ -71.84626, -39.30614 ], [ -71.84699, -39.30581 ], [ -71.84804, -39.30484 ], [ -71.84838, -39.30405 ], [ -71.84827, -39.30365 ], [ -71.84811, -39.3034 ], [ -71.84748, -39.30296 ], [ -71.84727, -39.30271 ], [ -71.84694, -39.30181 ], [ -71.84632, -39.30119 ], [ -71.84611, -39.30083 ], [ -71.84614, -39.30041 ], [ -71.84657, -39.29996 ], [ -71.84663, -39.29848 ], [ -71.84679, -39.29815 ], [ -71.84821, -39.29697 ], [ -71.84914, -39.29663 ], [ -71.84953, -39.29612 ], [ -71.84939, -39.29444 ], [ -71.8494, -39.29188 ], [ -71.84961, -39.29118 ], [ -71.85078, -39.28916 ], [ -71.85126, -39.28792 ], [ -71.85139, -39.28694 ], [ -71.85148, -39.28475 ], [ -71.85123, -39.28311 ], [ -71.8513, -39.28211 ], [ -71.85215, -39.28137 ], [ -71.85281, -39.28099 ], [ -71.85408, -39.28065 ], [ -71.85619, -39.28084 ], [ -71.85846, -39.28068 ], [ -71.86056, -39.27993 ], [ -71.86275, -39.27956 ], [ -71.86353, -39.27989 ], [ -71.8648, -39.28069 ], [ -71.86671, -39.2812 ], [ -71.86792, -39.28097 ], [ -71.86936, -39.28048 ], [ -71.87088, -39.27891 ], [ -71.87205, -39.27751 ], [ -71.8738, -39.27617 ], [ -71.87599, -39.2754 ], [ -71.87929, -39.27447 ], [ -71.88268, -39.273 ], [ -71.88486, -39.27171 ], [ -71.88564, -39.27086 ], [ -71.88654, -39.2704 ], [ -71.89195, -39.27161 ], [ -71.89419, -39.27306 ], [ -71.896, -39.27483 ], [ -71.89712, -39.27505 ] ] } },
{ "type": "Feature", "properties": { "osm_id": 168081062, "nombre": "Río Quinquén", "tipo": "river", "volcan_codigo": "SOL", "volcan_nombre": "Sollipulli", "drena_volcan": false }, "geometry": { "type": "LineString", "coordinates": [ [ -71.4921, -38.69995 ], [ -71.49151, -38.70039 ], [ -71.49048, -38.70056 ], [ -71.49015, -38.7007 ], [ -71.4899, -38.70091 ], [ -71.48989, -38.70114 ], [ -71.48972, -38.70128 ], [ -71.48926, -38.70133 ], [ -71.48885, -38.70127 ], [ -71.48859, -38.70138 ], [ -71.48801, -38.70141 ], [ -71.48714, -38.70112 ], [ -71.48691, -38.70116 ], [ -71.48667, -38.70175 ], [ -71.48649, -38.70196 ], [ -71.48604, -38.70224 ], [ -71.48508, -38.70261 ], [ -71.48456, -38.70258 ], [ -71.48437, -38.7029 ], [ -71.48408, -38.7029 ], [ -71.48391, -38.70317 ], [ -71.48357, -38.70321 ], [ -71.48247, -38.70367 ], [ -71.48181, -38.70364 ], [ -71.48163, -38.70377 ], [ -71.48152, -38.704 ], [ -71.48098, -38.70402 ], [ -71.48028, -38.70419 ], [ -71.47967, -38.70475 ], [ -71.47884, -38.70466 ], [ -71.47871, -38.70485 ], [ -71.47882, -38.70501 ], [ -71.47881, -38.7053 ], [ -71.47864, -38.70553 ], [ -71.47842, -38.70559 ], [ -71.47821, -38.70544 ], [ -71.47787, -38.70552 ], [ -71.47773, -38.70579 ], [ -71.47698, -38.70605 ], [ -71.47685, -38.70634 ], [ -71.47669, -38.70643 ], [ -71.47656, -38.70641 ], [ -71.47637, -38.70618 ], [ -71.47546, -38.70621 ], [ -71.47515, -38.70611 ], [ -71.47469, -38.70611 ], [ -71.47354, -38.70631 ], [ -71.47342, -38.70623 ], [ -71.47331, -38.70592 ], [ -71.47282, -38.70597 ], [ -71.47271, -38.70585 ], [ -71.47266, -38.70562 ], [ -71.47229, -38.70551 ], [ -71.47202, -38.70525 ], [ -71.47131, -38.70491 ], [ -71.47102, -38.70501 ], [ -71.47075, -38.70534 ], [ -71.47057, -38.70545 ], [ -71.46974, -38.70556 ], [ -71.46915, -38.70539 ], [ -71.46874, -38.70575 ], [ -71.46848, -38.70585 ], [ -71.46724, -38.70615 ], [ -71.46609, -38.7062 ], [ -71.46579, -38.70632 ], [ -71.46568, -38.70652 ], [ -71.4655, -38.70656 ], [ -71.46526, -38.70653 ], [ -71.46496, -38.70636 ], [ -71.46418, -38.70638 ], [ -71.46408, -38.70631 ], [ -71.46406, -38.70613 ], [ -71.46387, -38.70603 ], [ -71.46334, -38.70607 ], [ -71.46246, -38.70596 ], [ -71.46203, -38.706 ], [ -71.46169, -38.70587 ], [ -71.46026, -38.7061 ], [ -71.46012, -38.70649 ], [ -71.45982, -38.70663 ], [ -71.45954, -38.70688 ], [ -71.45912, -38.70701 ], [ -71.45886, -38.70658 ], [ -71.45882, -38.70635 ], [ -71.45889, -38.7061 ], [ -71.45863, -38.70598 ], [ -71.45693, -38.70619 ], [ -71.45683, -38.7063 ], [ -71.45704, -38.7066 ], [ -71.45682, -38.70668 ], [ -71.45576, -38.70649 ], [ -71.45514, -38.70679 ], [ -71.45499, -38.70705 ], [ -71.45486, -38.7071 ], [ -71.45444, -38.70704 ], [ -71.45429, -38.70695 ], [ -71.45416, -38.70655 ], [ -71.45387, -38.70628 ], [ -71.45324, -38.70613 ], [ -71.45283, -38.70589 ], [ -71.45269, -38.70597 ], [ -71.45264, -38.7064 ], [ -71.45249, -38.70654 ], [ -71.45213, -38.70649 ], [ -71.45199, -38.70615 ], [ -71.45131, -38.70557 ], [ -71.45092, -38.70506 ], [ -71.44985, -38.70502 ], [ -71.44956, -38.7049 ], [ -71.44921, -38.7049 ], [ -71.44867, -38.70466 ], [ -71.44723, -38.70481 ], [ -71.4462, -38.70472 ], [ -71.44615, -38.70463 ], [ -71.44636, -38.70449 ], [ -71.44646, -38.7041 ], [ -71.44599, -38.70382 ], [ -71.44475, -38.70329 ], [ -71.44456, -38.70307 ], [ -71.44449, -38.70272 ], [ -71.44441, -38.70265 ], [ -71.44372, -38.70257 ], [ -71.44378, -38.70239 ], [ -71.44358, -38.702 ], [ -71.44329, -38.70182 ], [ -71.44307, -38.70183 ], [ -71.4429, -38.70194 ], [ -71.44291, -38.70206 ], [ -71.44318, -38.70228 ], [ -71.44315, -38.70255 ], [ -71.44255, -38.70241 ], [ -71.44226, -38.70247 ], [ -71.44229, -38.70275 ], [ -71.44248, -38.70294 ], [ -71.4424, -38.7031 ], [ -71.44157, -38.70306 ], [ -71.44076, -38.7027 ], [ -71.44075, -38.7025 ], [ -71.44114, -38.70244 ], [ -71.44113, -38.70224 ], [ -71.44055, -38.70157 ], [ -71.44009, -38.70149 ], [ -71.43986, -38.70152 ], [ -71.43984, -38.70163 ], [ -71.43994, -38.70177 ], [ -71.43989, -38.70189 ], [ -71.43973, -38.70186 ], [ -71.43961, -38.70157 ], [ -71.43905, -38.70169 ], [ -71.43896, -38.70193 ], [ -71.4391, -38.70208 ], [ -71.43898, -38.70219 ], [ -71.43896, -38.70256 ], [ -71.43878, -38.70258 ], [ -71.43848, -38.70242 ], [ -71.43812, -38.7024 ], [ -71.43741, -38.70273 ], [ -71.4372, -38.70248 ], [ -71.437, -38.70199 ], [ -71.43491, -38.70106 ], [ -71.43492, -38.70095 ], [ -71.43544, -38.70064 ], [ -71.43556, -38.70024 ], [ -71.43548, -38.70011 ], [ -71.4343, -38.70019 ], [ -71.43329, -38.69972 ], [ -71.43275, -38.69992 ], [ -71.43258, -38.69974 ], [ -71.43154, -38.69962 ], [ -71.4314, -38.69954 ], [ -71.43117, -38.6992 ], [ -71.43053, -38.6989 ], [ -71.42958, -38.69821 ], [ -71.4288, -38.69864 ], [ -71.42829, -38.69882 ], [ -71.42793, -38.69876 ], [ -71.42654, -38.69896 ], [ -71.42414, -38.69849 ], [ -71.42362, -38.69877 ], [ -71.42345, -38.69904 ], [ -71.42328, -38.69904 ], [ -71.42266, -38.69881 ], [ -71.42144, -38.69875 ], [ -71.42053, -38.69843 ], [ -71.4197, -38.69861 ], [ -71.41942, -38.6986 ], [ -71.41913, -38.69845 ], [ -71.41914, -38.69812 ], [ -71.41905, -38.69804 ], [ -71.4185, -38.69774 ], [ -71.41799, -38.69764 ], [ -71.41785, -38.69774 ], [ -71.41785, -38.69799 ], [ -71.41773, -38.69815 ], [ -71.41698, -38.69846 ], [ -71.417, -38.69856 ], [ -71.41745, -38.69871 ], [ -71.41758, -38.69888 ], [ -71.41751, -38.69904 ], [ -71.417, -38.69914 ], [ -71.41678, -38.69932 ], [ -71.41652, -38.69939 ], [ -71.41645, -38.69929 ], [ -71.41657, -38.69906 ], [ -71.41662, -38.69857 ], [ -71.41647, -38.6985 ], [ -71.41618, -38.69887 ], [ -71.41543, -38.69925 ], [ -71.41512, -38.69895 ], [ -71.4153, -38.69851 ], [ -71.41489, -38.69837 ], [ -71.41461, -38.69854 ], [ -71.41468, -38.69877 ], [ -71.41444, -38.69911 ], [ -71.41374, -38.69977 ], [ -71.41343, -38.69981 ], [ -71.41308, -38.69953 ], [ -71.41262, -38.69885 ], [ -71.41203, -38.69838 ], [ -71.41199, -38.69823 ], [ -71.41212, -38.6979 ], [ -71.41176, -38.69751 ], [ -71.41111, -38.69738 ], [ -71.41076, -38.69746 ], [ -71.41078, -38.69777 ], [ -71.41062, -38.698 ], [ -71.41007, -38.69825 ], [ -71.41009, -38.69866 ], [ -71.40985, -38.69863 ], [ -71.409, -38.69805 ], [ -71.40888, -38.69777 ], [ -71.40915, -38.69723 ], [ -71.40946, -38.69685 ], [ -71.4094, -38.69672 ], [ -71.40932, -38.69667 ], [ -71.4088, -38.69684 ], [ -71.40839, -38.69668 ], [ -71.40771, -38.69679 ], [ -71.40709, -38.69663 ], [ -71.40686, -38.69686 ], [ -71.40652, -38.69663 ], [ -71.40587, -38.69645 ], [ -71.40547, -38.6958 ], [ -71.40526, -38.69566 ], [ -71.40482, -38.69572 ], [ -71.40476, -38.69595 ], [ -71.40452, -38.69592 ], [ -71.40433, -38.6958 ], [ -71.40426, -38.69566 ], [ -71.40446, -38.69538 ], [ -71.40446, -38.69526 ], [ -71.40406, -38.69485 ], [ -71.40363, -38.69473 ], [ -71.40384, -38.69457 ], [ -71.40435, -38.69442 ], [ -71.40445, -38.6943 ], [ -71.4044, -38.69423 ], [ -71.4038, -38.69385 ], [ -71.40316, -38.69404 ], [ -71.40256, -38.69405 ], [ -71.40249, -38.69397 ], [ -71.40259, -38.69376 ], [ -71.4024, -38.69364 ], [ -71.40214, -38.69376 ], [ -71.40214, -38.69417 ], [ -71.40175, -38.69409 ], [ -71.40157, -38.69396 ], [ -71.40127, -38.69341 ], [ -71.40084, -38.69298 ], [ -71.40036, -38.6927 ], [ -71.40033, -38.69259 ], [ -71.40054, -38.69249 ], [ -71.40106, -38.6927 ], [ -71.40146, -38.693 ], [ -71.40169, -38.69302 ], [ -71.40193, -38.69271 ], [ -71.40192, -38.69262 ], [ -71.40169, -38.69245 ], [ -71.40136, -38.69241 ], [ -71.40126, -38.69229 ], [ -71.40135, -38.69219 ], [ -71.40187, -38.69205 ], [ -71.40158, -38.69179 ], [ -71.40111, -38.69187 ], [ -71.40095, -38.69177 ], [ -71.40097, -38.69165 ], [ -71.40143, -38.69152 ], [ -71.40163, -38.69135 ], [ -71.40099, -38.69104 ], [ -71.40086, -38.69076 ], [ -71.40059, -38.69079 ], [ -71.40048, -38.69111 ], [ -71.40024, -38.69124 ], [ -71.40008, -38.69146 ], [ -71.39988, -38.69148 ], [ -71.39965, -38.69135 ], [ -71.39953, -38.69118 ], [ -71.39948, -38.69079 ], [ -71.39927, -38.6905 ], [ -71.39966, -38.69033 ], [ -71.39972, -38.69018 ], [ -71.39947, -38.68992 ], [ -71.3994, -38.68965 ], [ -71.39908, -38.68931 ], [ -71.39907, -38.68918 ], [ -71.39926, -38.68894 ], [ -71.39893, -38.68812 ], [ -71.39892, -38.68782 ], [ -71.39882, -38.68757 ], [ -71.3987, -38.68746 ], [ -71.39843, -38.68741 ], [ -71.3983, -38.68747 ], [ -71.39821, -38.68771 ], [ -71.3979, -38.6878 ], [ -71.39773, -38.68753 ], [ -71.39772, -38.68736 ], [ -71.39791, -38.68714 ], [ -71.39824, -38.68706 ], [ -71.39881, -38.68709 ], [ -71.39905, -38.68696 ], [ -71.39885, -38.6866 ], [ -71.39831, -38.68664 ], [ -71.39813, -38.68649 ], [ -71.39814, -38.68599 ], [ -71.39827, -38.68589 ], [ -71.39865, -38.68586 ], [ -71.39876, -38.68575 ], [ -71.39872, -38.68564 ], [ -71.39827, -38.68538 ], [ -71.39844, -38.68511 ], [ -71.39844, -38.68493 ], [ -71.39763, -38.68458 ], [ -71.39745, -38.68466 ], [ -71.39742, -38.68508 ], [ -71.3971, -38.6851 ], [ -71.39686, -38.68497 ], [ -71.39683, -38.68458 ], [ -71.39673, -38.68441 ], [ -71.39649, -38.68432 ], [ -71.39616, -38.68433 ], [ -71.3959, -38.68457 ], [ -71.39576, -38.68458 ], [ -71.39569, -38.68434 ], [ -71.39594, -38.68407 ], [ -71.39605, -38.68375 ], [ -71.39637, -38.68355 ], [ -71.39632, -38.68332 ], [ -71.39603, -38.68327 ], [ -71.39551, -38.68347 ], [ -71.39535, -38.68345 ], [ -71.3954, -38.68321 ], [ -71.39562, -38.6829 ], [ -71.3955, -38.68272 ], [ -71.39504, -38.68274 ], [ -71.39489, -38.68265 ], [ -71.39495, -38.68178 ], [ -71.39485, -38.6816 ], [ -71.39463, -38.68156 ], [ -71.39449, -38.68162 ], [ -71.39444, -38.68178 ], [ -71.39453, -38.68208 ], [ -71.39437, -38.68235 ], [ -71.39417, -38.6823 ], [ -71.39392, -38.682 ], [ -71.39395, -38.68156 ], [ -71.39384, -38.68122 ], [ -71.39413, -38.68087 ], [ -71.3943, -38.68048 ], [ -71.39478, -38.68004 ], [ -71.39487, -38.67989 ], [ -71.39487, -38.67959 ], [ -71.39464, -38.67928 ], [ -71.39474, -38.67899 ], [ -71.39468, -38.67886 ], [ -71.39451, -38.67868 ], [ -71.3939, -38.67847 ], [ -71.39383, -38.67829 ], [ -71.39407, -38.6781 ], [ -71.39459, -38.67803 ], [ -71.39464, -38.67788 ], [ -71.39405, -38.67727 ], [ -71.39389, -38.67726 ], [ -71.39363, -38.67738 ], [ -71.39351, -38.67726 ], [ -71.39378, -38.67656 ], [ -71.39364, -38.6763 ], [ -71.39389, -38.67614 ], [ -71.39386, -38.67589 ], [ -71.39331, -38.6757 ], [ -71.39302, -38.67547 ], [ -71.3926, -38.67571 ], [ -71.39241, -38.67558 ], [ -71.3923, -38.67464 ], [ -71.39243, -38.67375 ], [ -71.3926, -38.67333 ], [ -71.39268, -38.67287 ], [ -71.3925, -38.67279 ], [ -71.39179, -38.67312 ], [ -71.39095, -38.67266 ], [ -71.39065, -38.67194 ], [ -71.39071, -38.67164 ], [ -71.39094, -38.67131 ], [ -71.39092, -38.67119 ], [ -71.39059, -38.67087 ], [ -71.39031, -38.67037 ], [ -71.38967, -38.66994 ], [ -71.38874, -38.66961 ], [ -71.38839, -38.66929 ], [ -71.38754, -38.6683 ], [ -71.38714, -38.66749 ], [ -71.38714, -38.66732 ] ] } },
{ "type": "Feature", "properties": { "osm_id": 173322844, "nombre": "Rucanuco", "tipo": "river", "volcan_codigo": "SOL", "volcan_nombre": "Sollipulli", "drena_volcan": false }, "geometry": { "type": "LineString", "coordinates": [ [ -71.25214, -38.77263 ], [ -71.24861, -38.77135 ], [ -71.24788, -38.77077 ], [ -71.24709, -38.76993 ], [ -71.24679, -38.76929 ], [ -71.24554, -38.76804 ], [ -71.24507, -38.76807 ], [ -71.24482, -38.76822 ], [ -71.24457, -38.76856 ], [ -71.24455, -38.76894 ], [ -71.24473, -38.76954 ], [ -71.24464, -38.77004 ], [ -71.24437, -38.77019 ], [ -71.24382, -38.7703 ], [ -71.24346, -38.77022 ], [ -71.24318, -38.77006 ], [ -71.24261, -38.76958 ], [ -71.24249, -38.76924 ], [ -71.24295, -38.76879 ], [ -71.24328, -38.76827 ], [ -71.2435, -38.76764 ], [ -71.24346, -38.76725 ], [ -71.24312, -38.76683 ], [ -71.24267, -38.76665 ], [ -71.24219, -38.7666 ], [ -71.24181, -38.76669 ], [ -71.24081, -38.76759 ], [ -71.24004, -38.7679 ], [ -71.23974, -38.76881 ], [ -71.23905, -38.76972 ], [ -71.23864, -38.76993 ], [ -71.23773, -38.77015 ], [ -71.2376, -38.77038 ], [ -71.23743, -38.77135 ], [ -71.23706, -38.77218 ], [ -71.237, -38.77259 ], [ -71.23681, -38.77287 ], [ -71.23646, -38.77291 ], [ -71.23551, -38.77241 ], [ -71.23467, -38.77239 ], [ -71.23381, -38.77268 ], [ -71.23345, -38.77305 ], [ -71.2326, -38.7735 ], [ -71.232, -38.77412 ], [ -71.2318, -38.77415 ], [ -71.23142, -38.77399 ], [ -71.23085, -38.77353 ], [ -71.23066, -38.77324 ], [ -71.23066, -38.77277 ], [ -71.23124, -38.77162 ], [ -71.23132, -38.77118 ], [ -71.23122, -38.77083 ], [ -71.2308, -38.77017 ], [ -71.2301, -38.76978 ], [ -71.22942, -38.76951 ], [ -71.22829, -38.76918 ], [ -71.22645, -38.7685 ], [ -71.22548, -38.76763 ], [ -71.22422, -38.76668 ], [ -71.224, -38.76642 ], [ -71.22397, -38.76619 ], [ -71.2241, -38.76599 ], [ -71.22482, -38.76563 ], [ -71.22564, -38.76566 ], [ -71.22716, -38.76554 ], [ -71.2278, -38.76539 ], [ -71.228, -38.76503 ], [ -71.22786, -38.7643 ], [ -71.22797, -38.76406 ], [ -71.22851, -38.76373 ], [ -71.2294, -38.76372 ], [ -71.22962, -38.76364 ], [ -71.22992, -38.76332 ], [ -71.2301, -38.7629 ], [ -71.23001, -38.76249 ], [ -71.22972, -38.76215 ], [ -71.22926, -38.76198 ], [ -71.22856, -38.76192 ], [ -71.22833, -38.76204 ], [ -71.22786, -38.7625 ], [ -71.22706, -38.76301 ], [ -71.22591, -38.76328 ], [ -71.22553, -38.76318 ], [ -71.2253, -38.763 ], [ -71.22524, -38.76227 ], [ -71.22541, -38.76179 ], [ -71.22554, -38.76168 ], [ -71.22621, -38.76148 ], [ -71.22639, -38.76127 ], [ -71.22647, -38.76058 ], [ -71.22612, -38.76013 ], [ -71.22595, -38.75887 ], [ -71.22577, -38.75872 ], [ -71.22463, -38.75853 ], [ -71.22385, -38.75828 ], [ -71.22365, -38.75809 ], [ -71.22366, -38.75778 ], [ -71.22443, -38.75699 ], [ -71.22556, -38.75553 ], [ -71.22583, -38.75534 ], [ -71.22668, -38.75501 ], [ -71.22683, -38.75491 ], [ -71.227, -38.75458 ], [ -71.22695, -38.7543 ], [ -71.22616, -38.75328 ], [ -71.2258, -38.75257 ], [ -71.22533, -38.75196 ], [ -71.22471, -38.75134 ], [ -71.22431, -38.74974 ], [ -71.22414, -38.74947 ], [ -71.22362, -38.7491 ], [ -71.22326, -38.74912 ], [ -71.22298, -38.7493 ], [ -71.22281, -38.74956 ], [ -71.22212, -38.7501 ], [ -71.22181, -38.75045 ], [ -71.22143, -38.75052 ], [ -71.22116, -38.75043 ], [ -71.22088, -38.75016 ], [ -71.22074, -38.74983 ], [ -71.221, -38.74944 ], [ -71.22161, -38.74904 ], [ -71.22168, -38.74857 ], [ -71.22113, -38.74837 ], [ -71.22028, -38.7483 ], [ -71.21995, -38.74819 ], [ -71.21961, -38.74797 ], [ -71.21936, -38.74746 ], [ -71.21945, -38.74727 ], [ -71.21982, -38.7471 ], [ -71.2206, -38.74727 ], [ -71.22112, -38.74755 ], [ -71.22155, -38.74756 ], [ -71.22162, -38.74735 ], [ -71.22136, -38.74696 ], [ -71.22053, -38.74621 ], [ -71.21963, -38.74587 ], [ -71.21878, -38.74527 ], [ -71.21852, -38.74485 ], [ -71.2185, -38.74405 ], [ -71.21829, -38.74367 ], [ -71.21789, -38.74343 ], [ -71.2173, -38.74332 ], [ -71.21611, -38.74359 ], [ -71.21473, -38.74356 ], [ -71.21376, -38.74339 ], [ -71.21343, -38.74315 ], [ -71.2131, -38.74273 ], [ -71.21277, -38.74216 ], [ -71.21182, -38.74098 ], [ -71.21141, -38.74029 ], [ -71.21107, -38.73994 ], [ -71.21054, -38.73962 ], [ -71.20996, -38.73941 ], [ -71.20813, -38.7394 ], [ -71.20783, -38.73891 ], [ -71.20737, -38.73842 ], [ -71.20714, -38.7379 ], [ -71.20723, -38.73698 ], [ -71.20757, -38.73583 ], [ -71.2075, -38.73546 ], [ -71.20701, -38.73491 ], [ -71.20638, -38.73472 ], [ -71.20408, -38.735 ], [ -71.20334, -38.73553 ], [ -71.20271, -38.73586 ], [ -71.20235, -38.73615 ], [ -71.20198, -38.73671 ], [ -71.20181, -38.73682 ], [ -71.20105, -38.73684 ], [ -71.20076, -38.73664 ], [ -71.20061, -38.73638 ], [ -71.20061, -38.73518 ], [ -71.2002, -38.73458 ], [ -71.19999, -38.73413 ], [ -71.19938, -38.73371 ], [ -71.19846, -38.73342 ], [ -71.19735, -38.73284 ], [ -71.19616, -38.73295 ], [ -71.19553, -38.73322 ], [ -71.19517, -38.73326 ], [ -71.19477, -38.73311 ], [ -71.19444, -38.73286 ], [ -71.19429, -38.73237 ], [ -71.1937, -38.73201 ], [ -71.19347, -38.73171 ], [ -71.1935, -38.73154 ], [ -71.19371, -38.73125 ], [ -71.19428, -38.73088 ], [ -71.19518, -38.73014 ], [ -71.19537, -38.72982 ], [ -71.19533, -38.72967 ], [ -71.19423, -38.72883 ], [ -71.19396, -38.72832 ], [ -71.1923, -38.72702 ], [ -71.19132, -38.72639 ], [ -71.18971, -38.72559 ], [ -71.18663, -38.72486 ], [ -71.18376, -38.724 ], [ -71.18322, -38.72394 ], [ -71.1826, -38.72401 ], [ -71.18173, -38.72393 ] ] } },
{ "type": "Feature", "properties": { "osm_id": 178703311, "nombre": "Estero El Claro", "tipo": "stream", "volcan_codigo": "SOL", "volcan_nombre": "Sollipulli", "drena_volcan": false }, "geometry": { "type": "LineString", "coordinates": [ [ -71.57827, -38.52513 ], [ -71.57809, -38.5249 ], [ -71.57802, -38.52459 ], [ -71.57753, -38.52433 ], [ -71.57749, -38.5242 ], [ -71.57785, -38.52394 ], [ -71.57791, -38.52363 ], [ -71.57762, -38.52304 ], [ -71.57762, -38.52286 ], [ -71.57723, -38.52244 ], [ -71.57716, -38.52216 ], [ -71.57741, -38.52153 ], [ -71.57794, -38.52097 ], [ -71.57779, -38.52061 ], [ -71.5778, -38.5201 ], [ -71.57808, -38.5188 ], [ -71.57791, -38.51812 ], [ -71.57903, -38.51642 ], [ -71.57919, -38.51579 ], [ -71.57954, -38.51521 ], [ -71.57979, -38.51494 ], [ -71.58033, -38.51475 ], [ -71.58055, -38.51449 ], [ -71.58055, -38.51429 ], [ -71.58011, -38.51384 ], [ -71.58013, -38.51362 ], [ -71.57997, -38.51308 ], [ -71.57973, -38.51279 ], [ -71.5792, -38.51239 ], [ -71.57902, -38.51203 ], [ -71.57898, -38.51172 ], [ -71.57923, -38.5113 ], [ -71.5795, -38.51034 ], [ -71.58035, -38.50922 ], [ -71.58108, -38.5085 ], [ -71.58108, -38.50789 ], [ -71.58091, -38.50732 ], [ -71.58123, -38.50659 ], [ -71.58195, -38.50626 ], [ -71.58175, -38.50603 ], [ -71.58202, -38.5046 ], [ -71.58232, -38.50433 ], [ -71.58423, -38.50311 ], [ -71.585, -38.50287 ], [ -71.58543, -38.50264 ], [ -71.58552, -38.50242 ], [ -71.58552, -38.50165 ], [ -71.5858, -38.50119 ], [ -71.58728, -38.50017 ], [ -71.58777, -38.49898 ], [ -71.58812, -38.49879 ], [ -71.58841, -38.49847 ], [ -71.58842, -38.49805 ], [ -71.58824, -38.49762 ], [ -71.58824, -38.49683 ], [ -71.5879, -38.49609 ], [ -71.58705, -38.49518 ], [ -71.58491, -38.49379 ], [ -71.58425, -38.49287 ], [ -71.58389, -38.4919 ], [ -71.58351, -38.49119 ], [ -71.58355, -38.49077 ], [ -71.58372, -38.49045 ], [ -71.58376, -38.49011 ], [ -71.58258, -38.48941 ], [ -71.58228, -38.4891 ], [ -71.58253, -38.48841 ], [ -71.58254, -38.48811 ], [ -71.58111, -38.48712 ], [ -71.58012, -38.48665 ], [ -71.57841, -38.48564 ], [ -71.57802, -38.4853 ], [ -71.57782, -38.48478 ], [ -71.57754, -38.48434 ], [ -71.57723, -38.4832 ], [ -71.577, -38.48282 ], [ -71.57655, -38.48245 ], [ -71.57648, -38.48231 ], [ -71.57658, -38.48208 ], [ -71.57699, -38.48186 ], [ -71.57726, -38.48127 ], [ -71.57675, -38.48107 ], [ -71.57626, -38.48062 ], [ -71.57606, -38.48031 ], [ -71.57603, -38.47997 ] ] } },
{ "type": "Feature", "properties": { "osm_id": 180142886, "nombre": "Río Liucura", "tipo": "river", "volcan_codigo": "SOL", "volcan_nombre": "Sollipulli", "drena_volcan": false }, "geometry": { "type": "LineString", "coordinates": [ [ -71.88248, -39.26526 ], [ -71.88329, -39.26587 ], [ -71.88382, -39.26613 ], [ -71.88442, -39.26607 ], [ -71.88481, -39.26586 ], [ -71.88518, -39.26473 ] ] } },
{ "type": "Feature", "properties": { "osm_id": 180144331, "nombre": "Sin nombre", "tipo": "river", "volcan_codigo": "SOL", "volcan_nombre": "Sollipulli", "drena_volcan": false }, "geometry": { "type": "LineString", "coordinates": [ [ -71.91291, -39.25213 ], [ -71.91294, -39.25242 ], [ -71.91312, -39.25263 ], [ -71.91379, -39.25301 ], [ -71.914, -39.25372 ], [ -71.91414, -39.25383 ], [ -71.91456, -39.25385 ], [ -71.91484, -39.25402 ], [ -71.91491, -39.25445 ], [ -71.91484, -39.25467 ], [ -71.91605, -39.25535 ], [ -71.91658, -39.25582 ], [ -71.91704, -39.25598 ], [ -71.91739, -39.25629 ], [ -71.91789, -39.25653 ], [ -71.91845, -39.25663 ], [ -71.9194, -39.25753 ], [ -71.91977, -39.25774 ], [ -71.92037, -39.25829 ], [ -71.92068, -39.25844 ], [ -71.92093, -39.25869 ], [ -71.92103, -39.25907 ], [ -71.92125, -39.25922 ], [ -71.9221, -39.25956 ], [ -71.9227, -39.25967 ], [ -71.92292, -39.25956 ], [ -71.92325, -39.25953 ], [ -71.92383, -39.25972 ], [ -71.92481, -39.25936 ], [ -71.92549, -39.25894 ], [ -71.92573, -39.25886 ], [ -71.92618, -39.25891 ], [ -71.92662, -39.25868 ], [ -71.927, -39.25824 ], [ -71.92679, -39.25775 ], [ -71.92683, -39.25741 ], [ -71.92736, -39.25729 ], [ -71.92746, -39.2571 ], [ -71.92741, -39.25667 ], [ -71.92762, -39.2563 ], [ -71.92793, -39.25613 ], [ -71.92862, -39.25605 ], [ -71.92905, -39.25581 ], [ -71.92906, -39.2555 ], [ -71.92919, -39.25515 ], [ -71.93037, -39.25486 ], [ -71.93093, -39.25481 ], [ -71.931, -39.25409 ], [ -71.93125, -39.25393 ], [ -71.93142, -39.25389 ], [ -71.93157, -39.25401 ], [ -71.93185, -39.25404 ], [ -71.9341, -39.25327 ], [ -71.93476, -39.25298 ], [ -71.93541, -39.25251 ], [ -71.93534, -39.25206 ], [ -71.93556, -39.25165 ], [ -71.93633, -39.25145 ], [ -71.9373, -39.25047 ], [ -71.9385, -39.25038 ], [ -71.93942, -39.2506 ] ] } },
{ "type": "Feature", "properties": { "osm_id": 181082384, "nombre": "Río Truful Truful", "tipo": "river", "volcan_codigo": "SOL", "volcan_nombre": "Sollipulli", "drena_volcan": true }, "geometry": { "type": "LineString", "coordinates": [ [ -71.63025, -38.76706 ], [ -71.63046, -38.76787 ], [ -71.63269, -38.77081 ], [ -71.63278, -38.7714 ], [ -71.63293, -38.77175 ], [ -71.63307, -38.77275 ], [ -71.633, -38.77303 ], [ -71.63288, -38.77314 ], [ -71.63288, -38.774 ], [ -71.63276, -38.77429 ], [ -71.63253, -38.77456 ], [ -71.63237, -38.77499 ], [ -71.63221, -38.77503 ], [ -71.6321, -38.77574 ], [ -71.63182, -38.77629 ], [ -71.63216, -38.77659 ], [ -71.63281, -38.77678 ], [ -71.63286, -38.77723 ], [ -71.63299, -38.77742 ], [ -71.63283, -38.77773 ], [ -71.63288, -38.7781 ], [ -71.63277, -38.77843 ], [ -71.63337, -38.77899 ], [ -71.63392, -38.77922 ], [ -71.63415, -38.7791 ], [ -71.63428, -38.77838 ], [ -71.63451, -38.77806 ], [ -71.63508, -38.778 ], [ -71.63544, -38.77864 ], [ -71.6361, -38.77928 ], [ -71.63724, -38.77948 ], [ -71.6376, -38.77985 ], [ -71.63771, -38.78117 ], [ -71.63788, -38.78169 ], [ -71.63895, -38.78247 ], [ -71.63921, -38.78289 ], [ -71.63951, -38.78313 ], [ -71.64032, -38.78473 ], [ -71.64166, -38.78568 ], [ -71.64196, -38.78601 ], [ -71.64204, -38.78623 ], [ -71.64208, -38.78681 ], [ -71.64133, -38.7889 ], [ -71.64132, -38.78947 ], [ -71.64165, -38.7901 ], [ -71.64231, -38.79067 ], [ -71.64302, -38.79157 ], [ -71.64314, -38.79181 ], [ -71.64313, -38.79223 ], [ -71.64275, -38.79307 ], [ -71.64225, -38.7937 ], [ -71.64181, -38.79464 ], [ -71.64187, -38.79601 ], [ -71.6417, -38.79696 ], [ -71.64121, -38.79759 ], [ -71.63968, -38.79873 ], [ -71.63967, -38.79901 ], [ -71.64038, -38.79977 ], [ -71.64064, -38.80037 ], [ -71.64058, -38.8011 ], [ -71.64062, -38.80276 ], [ -71.64025, -38.80348 ], [ -71.63947, -38.80428 ], [ -71.63935, -38.80452 ], [ -71.63929, -38.80494 ], [ -71.63968, -38.80756 ], [ -71.63987, -38.80795 ], [ -71.64048, -38.80853 ], [ -71.64099, -38.80876 ], [ -71.64214, -38.80905 ], [ -71.6426, -38.80928 ], [ -71.64299, -38.80965 ], [ -71.64324, -38.81009 ], [ -71.6436, -38.81048 ], [ -71.64393, -38.81096 ], [ -71.64419, -38.81156 ], [ -71.64427, -38.81241 ], [ -71.64392, -38.8129 ], [ -71.64387, -38.8133 ], [ -71.64394, -38.81386 ], [ -71.64417, -38.8145 ], [ -71.64406, -38.81604 ], [ -71.64408, -38.81677 ], [ -71.64391, -38.81776 ], [ -71.64407, -38.81868 ], [ -71.64435, -38.81902 ], [ -71.64478, -38.81929 ], [ -71.64586, -38.81963 ], [ -71.64677, -38.82007 ], [ -71.64786, -38.82129 ], [ -71.64885, -38.82454 ], [ -71.64932, -38.82526 ], [ -71.65012, -38.82586 ], [ -71.65056, -38.8266 ], [ -71.6509, -38.82671 ], [ -71.65112, -38.82688 ], [ -71.6513, -38.82801 ], [ -71.65171, -38.82864 ], [ -71.65226, -38.82904 ], [ -71.65418, -38.83007 ], [ -71.65569, -38.83033 ], [ -71.65648, -38.83061 ], [ -71.65696, -38.83097 ], [ -71.65743, -38.83168 ], [ -71.65747, -38.83212 ], [ -71.65737, -38.83291 ], [ -71.65763, -38.83419 ], [ -71.65755, -38.83479 ], [ -71.65715, -38.83552 ], [ -71.65597, -38.83669 ], [ -71.65585, -38.8369 ], [ -71.65601, -38.83731 ], [ -71.65606, -38.83806 ], [ -71.65586, -38.83952 ], [ -71.6559, -38.84165 ], [ -71.65599, -38.84245 ], [ -71.65648, -38.84307 ], [ -71.657, -38.84358 ], [ -71.65794, -38.84402 ], [ -71.65927, -38.84444 ], [ -71.65978, -38.84487 ], [ -71.66103, -38.84619 ], [ -71.66137, -38.84644 ], [ -71.66333, -38.84713 ], [ -71.66413, -38.84752 ], [ -71.66751, -38.84938 ], [ -71.6677, -38.84963 ], [ -71.6683, -38.84983 ], [ -71.66974, -38.84997 ], [ -71.67096, -38.85032 ], [ -71.67142, -38.85094 ], [ -71.67191, -38.85226 ] ] } },
{ "type": "Feature", "properties": { "osm_id": 182559077, "nombre": "Río Palguín", "tipo": "river", "volcan_codigo": "SOL", "volcan_nombre": "Sollipulli", "drena_volcan": false }, "geometry": { "type": "LineString", "coordinates": [ [ -71.77303, -39.35042 ], [ -71.7731, -39.3501 ], [ -71.77323, -39.34993 ], [ -71.77374, -39.34982 ], [ -71.77386, -39.34976 ], [ -71.77389, -39.34962 ], [ -71.77321, -39.34817 ], [ -71.77325, -39.34709 ], [ -71.7731, -39.3461 ], [ -71.77249, -39.34532 ], [ -71.77207, -39.3452 ], [ -71.77185, -39.34532 ], [ -71.77183, -39.34626 ], [ -71.77173, -39.34653 ], [ -71.77146, -39.34664 ], [ -71.77112, -39.34659 ], [ -71.77066, -39.346 ], [ -71.77014, -39.34571 ], [ -71.76888, -39.3456 ], [ -71.7669, -39.34613 ], [ -71.76663, -39.346 ], [ -71.76652, -39.34578 ], [ -71.76647, -39.34547 ], [ -71.76659, -39.34477 ], [ -71.76625, -39.34458 ], [ -71.76529, -39.34445 ], [ -71.76087, -39.34481 ], [ -71.75999, -39.34428 ], [ -71.75824, -39.34248 ], [ -71.75691, -39.34029 ], [ -71.75535, -39.33825 ], [ -71.75507, -39.33799 ], [ -71.75484, -39.33737 ], [ -71.75631, -39.33607 ], [ -71.75641, -39.33567 ], [ -71.75608, -39.33471 ], [ -71.75582, -39.33428 ], [ -71.75503, -39.33335 ], [ -71.75497, -39.33309 ], [ -71.75506, -39.33284 ], [ -71.75536, -39.33275 ], [ -71.75671, -39.333 ], [ -71.75808, -39.33265 ], [ -71.75881, -39.33258 ], [ -71.75923, -39.33267 ], [ -71.76042, -39.33321 ], [ -71.76119, -39.33319 ], [ -71.76242, -39.33277 ], [ -71.76277, -39.33242 ], [ -71.76291, -39.33216 ], [ -71.76292, -39.33096 ], [ -71.76329, -39.33029 ], [ -71.76313, -39.3297 ], [ -71.76319, -39.32953 ], [ -71.76381, -39.3292 ] ] } },
{ "type": "Feature", "properties": { "osm_id": 182559093, "nombre": "Río Correntoso", "tipo": "stream", "volcan_codigo": "SOL", "volcan_nombre": "Sollipulli", "drena_volcan": false }, "geometry": { "type": "LineString", "coordinates": [ [ -71.8904, -39.34764 ], [ -71.88905, -39.34736 ], [ -71.88854, -39.34703 ], [ -71.88894, -39.34636 ], [ -71.88857, -39.34598 ], [ -71.88605, -39.34436 ], [ -71.88574, -39.34365 ], [ -71.88588, -39.34269 ], [ -71.88672, -39.34213 ], [ -71.88559, -39.33876 ], [ -71.88533, -39.33596 ], [ -71.885, -39.33508 ], [ -71.88462, -39.33449 ], [ -71.8848, -39.33339 ], [ -71.88469, -39.33317 ], [ -71.88441, -39.33312 ], [ -71.88413, -39.3324 ], [ -71.88385, -39.33217 ], [ -71.88383, -39.33166 ], [ -71.88353, -39.33117 ], [ -71.88333, -39.33055 ], [ -71.8832, -39.32982 ], [ -71.88331, -39.32945 ], [ -71.88402, -39.32859 ], [ -71.884, -39.32827 ], [ -71.88362, -39.32807 ], [ -71.88345, -39.32764 ], [ -71.8836, -39.32709 ], [ -71.88393, -39.32647 ], [ -71.88349, -39.32575 ], [ -71.88325, -39.32478 ], [ -71.88342, -39.32434 ], [ -71.88347, -39.32305 ], [ -71.88329, -39.32243 ], [ -71.88287, -39.32149 ], [ -71.88277, -39.32051 ], [ -71.88284, -39.31999 ], [ -71.8827, -39.31963 ], [ -71.88239, -39.31925 ], [ -71.88235, -39.31896 ], [ -71.88224, -39.31877 ], [ -71.88182, -39.31869 ], [ -71.88155, -39.31854 ], [ -71.88172, -39.31752 ], [ -71.88143, -39.31688 ], [ -71.88145, -39.31641 ], [ -71.88112, -39.31583 ], [ -71.88115, -39.31539 ], [ -71.88186, -39.31392 ], [ -71.88202, -39.31336 ], [ -71.88198, -39.3128 ], [ -71.88209, -39.31204 ], [ -71.88255, -39.31177 ], [ -71.88289, -39.31142 ], [ -71.88321, -39.31078 ], [ -71.88349, -39.31069 ], [ -71.88387, -39.31042 ], [ -71.88391, -39.30997 ], [ -71.88428, -39.30947 ], [ -71.88424, -39.30916 ], [ -71.88404, -39.30875 ], [ -71.88444, -39.30798 ], [ -71.88436, -39.30768 ], [ -71.88405, -39.30739 ], [ -71.88408, -39.3072 ], [ -71.88473, -39.30629 ], [ -71.88513, -39.30517 ], [ -71.88476, -39.30461 ], [ -71.88522, -39.30408 ], [ -71.88524, -39.30372 ] ] } },
{ "type": "Feature", "properties": { "osm_id": 186648787, "nombre": "Sin nombre", "tipo": "river", "volcan_codigo": "SOL", "volcan_nombre": "Sollipulli", "drena_volcan": false }, "geometry": { "type": "LineString", "coordinates": [ [ -71.71264, -38.54682 ], [ -71.71341, -38.54703 ], [ -71.7159, -38.54732 ], [ -71.71695, -38.54712 ], [ -71.71806, -38.5467 ], [ -71.71843, -38.54649 ] ] } },
{ "type": "Feature", "properties": { "osm_id": 186648790, "nombre": "Río Blanco", "tipo": "river", "volcan_codigo": "SOL", "volcan_nombre": "Sollipulli", "drena_volcan": false }, "geometry": { "type": "LineString", "coordinates": [ [ -71.63224, -38.57579 ], [ -71.63241, -38.57576 ], [ -71.63295, -38.5754 ], [ -71.6331, -38.57497 ], [ -71.6333, -38.57477 ], [ -71.63354, -38.57468 ], [ -71.63422, -38.57479 ], [ -71.63463, -38.57468 ], [ -71.63521, -38.57483 ], [ -71.63576, -38.5746 ], [ -71.63755, -38.57437 ], [ -71.63842, -38.57449 ], [ -71.63962, -38.57508 ], [ -71.63989, -38.57515 ], [ -71.64008, -38.575 ], [ -71.64034, -38.57496 ], [ -71.64093, -38.57514 ], [ -71.64255, -38.57507 ], [ -71.64326, -38.5753 ], [ -71.64355, -38.5752 ], [ -71.64404, -38.5752 ], [ -71.64473, -38.57547 ], [ -71.64601, -38.57524 ], [ -71.64691, -38.57546 ], [ -71.64709, -38.57542 ], [ -71.64774, -38.57488 ], [ -71.64793, -38.5748 ], [ -71.649, -38.57472 ], [ -71.64995, -38.57443 ], [ -71.65043, -38.57371 ], [ -71.65055, -38.5736 ], [ -71.65129, -38.57334 ], [ -71.65142, -38.57297 ], [ -71.65163, -38.57277 ], [ -71.65308, -38.57232 ], [ -71.65322, -38.57195 ], [ -71.65341, -38.57173 ], [ -71.65361, -38.57164 ], [ -71.65395, -38.57098 ], [ -71.65419, -38.57077 ], [ -71.65474, -38.57055 ], [ -71.65526, -38.57021 ], [ -71.65586, -38.5702 ], [ -71.65614, -38.57005 ], [ -71.65637, -38.56954 ], [ -71.65735, -38.56926 ], [ -71.65787, -38.56892 ], [ -71.65818, -38.56886 ], [ -71.65885, -38.5689 ], [ -71.65904, -38.56875 ], [ -71.65905, -38.56849 ], [ -71.65929, -38.56814 ], [ -71.65973, -38.56795 ], [ -71.65984, -38.56781 ], [ -71.65974, -38.56703 ], [ -71.65989, -38.56636 ], [ -71.65969, -38.56482 ], [ -71.65993, -38.56439 ], [ -71.65998, -38.56401 ], [ -71.66041, -38.5632 ], [ -71.6607, -38.5631 ], [ -71.66097, -38.56317 ], [ -71.66107, -38.56308 ], [ -71.66117, -38.56252 ], [ -71.66146, -38.56198 ], [ -71.66176, -38.56184 ], [ -71.66213, -38.56127 ], [ -71.66242, -38.56108 ], [ -71.66317, -38.56094 ], [ -71.66324, -38.56085 ], [ -71.66309, -38.56025 ], [ -71.66319, -38.55998 ], [ -71.66312, -38.55965 ], [ -71.66291, -38.55937 ], [ -71.6631, -38.55875 ], [ -71.66308, -38.55813 ], [ -71.66356, -38.55765 ], [ -71.66416, -38.55752 ], [ -71.66486, -38.55754 ], [ -71.66584, -38.5569 ], [ -71.66602, -38.55671 ], [ -71.66625, -38.55624 ], [ -71.66666, -38.55591 ], [ -71.66699, -38.55579 ], [ -71.66737, -38.55552 ], [ -71.6677, -38.55496 ], [ -71.66793, -38.55474 ], [ -71.66866, -38.55428 ], [ -71.66888, -38.55402 ], [ -71.66964, -38.55347 ], [ -71.66981, -38.55312 ], [ -71.66988, -38.55244 ], [ -71.67053, -38.55176 ], [ -71.6708, -38.55158 ], [ -71.67169, -38.55139 ], [ -71.67247, -38.55102 ], [ -71.67291, -38.55063 ], [ -71.67301, -38.5504 ], [ -71.67302, -38.54999 ], [ -71.67327, -38.54971 ], [ -71.67463, -38.54931 ], [ -71.67559, -38.54931 ], [ -71.67647, -38.54905 ], [ -71.67688, -38.5486 ], [ -71.67708, -38.54819 ], [ -71.67756, -38.54792 ], [ -71.67817, -38.54701 ], [ -71.67898, -38.54653 ], [ -71.67928, -38.54625 ], [ -71.6803, -38.54614 ], [ -71.68115, -38.54575 ], [ -71.68171, -38.54574 ], [ -71.68249, -38.54535 ], [ -71.68297, -38.54495 ], [ -71.68336, -38.54484 ], [ -71.68361, -38.54458 ] ] } },
{ "type": "Feature", "properties": { "osm_id": 186648807, "nombre": "Estero Vergara", "tipo": "stream", "volcan_codigo": "SOL", "volcan_nombre": "Sollipulli", "drena_volcan": false }, "geometry": { "type": "LineString", "coordinates": [ [ -71.6056, -38.55868 ], [ -71.60582, -38.5577 ], [ -71.60565, -38.55674 ], [ -71.60584, -38.55575 ], [ -71.60633, -38.5548 ], [ -71.60643, -38.5539 ], [ -71.60706, -38.55103 ], [ -71.60947, -38.54496 ], [ -71.60965, -38.54336 ], [ -71.61005, -38.54214 ], [ -71.61065, -38.54172 ], [ -71.61121, -38.54115 ], [ -71.61204, -38.53969 ], [ -71.61217, -38.53907 ], [ -71.61259, -38.53827 ], [ -71.61313, -38.53633 ], [ -71.61336, -38.53584 ], [ -71.61361, -38.53471 ], [ -71.6143, -38.53393 ], [ -71.61444, -38.53324 ], [ -71.61503, -38.53298 ], [ -71.61544, -38.53164 ], [ -71.61604, -38.53162 ], [ -71.61617, -38.53152 ], [ -71.61619, -38.53121 ], [ -71.61657, -38.53085 ], [ -71.61651, -38.53055 ], [ -71.61658, -38.53036 ], [ -71.61687, -38.53026 ], [ -71.61758, -38.52977 ], [ -71.61845, -38.5295 ], [ -71.61833, -38.52893 ], [ -71.61849, -38.52849 ], [ -71.61956, -38.52769 ], [ -71.62026, -38.52686 ], [ -71.62031, -38.52662 ], [ -71.62062, -38.52636 ], [ -71.62069, -38.52597 ], [ -71.62062, -38.52539 ], [ -71.62076, -38.52477 ], [ -71.62137, -38.52361 ], [ -71.62188, -38.52306 ], [ -71.62217, -38.52288 ], [ -71.62236, -38.52263 ], [ -71.62242, -38.52231 ], [ -71.62277, -38.5219 ], [ -71.62281, -38.52173 ], [ -71.62437, -38.52082 ], [ -71.62453, -38.52048 ], [ -71.62529, -38.52007 ], [ -71.62549, -38.51988 ], [ -71.62532, -38.51907 ], [ -71.62572, -38.51796 ], [ -71.62566, -38.51742 ], [ -71.62603, -38.51691 ], [ -71.6261, -38.51657 ], [ -71.62611, -38.51618 ], [ -71.62565, -38.51562 ], [ -71.62644, -38.51439 ], [ -71.62637, -38.51407 ], [ -71.62607, -38.51375 ], [ -71.62608, -38.51356 ], [ -71.62664, -38.51275 ], [ -71.62648, -38.5124 ], [ -71.62582, -38.51221 ], [ -71.6254, -38.51166 ], [ -71.62534, -38.51143 ], [ -71.62566, -38.51111 ], [ -71.62573, -38.51094 ], [ -71.62533, -38.51007 ], [ -71.62534, -38.50939 ], [ -71.62523, -38.50906 ], [ -71.62528, -38.50852 ], [ -71.62548, -38.50803 ], [ -71.62556, -38.50745 ], [ -71.62584, -38.50698 ], [ -71.62592, -38.50667 ], [ -71.6255, -38.50621 ], [ -71.62567, -38.50598 ], [ -71.62609, -38.50586 ], [ -71.62636, -38.50559 ], [ -71.6264, -38.50541 ], [ -71.62611, -38.50476 ], [ -71.62612, -38.5046 ], [ -71.62665, -38.50392 ], [ -71.62675, -38.50363 ], [ -71.62644, -38.50311 ], [ -71.62623, -38.50236 ], [ -71.62606, -38.50216 ], [ -71.62613, -38.5018 ], [ -71.626, -38.50123 ], [ -71.62622, -38.5007 ], [ -71.62626, -38.50035 ], [ -71.62613, -38.49991 ], [ -71.62577, -38.49965 ], [ -71.62591, -38.4991 ], [ -71.62575, -38.49858 ], [ -71.62582, -38.49836 ], [ -71.62605, -38.49813 ], [ -71.62683, -38.49775 ], [ -71.62696, -38.49751 ], [ -71.627, -38.49708 ], [ -71.62731, -38.49664 ], [ -71.62861, -38.49588 ], [ -71.62867, -38.49541 ], [ -71.62857, -38.49511 ], [ -71.62862, -38.49486 ], [ -71.62886, -38.49446 ], [ -71.62919, -38.49426 ], [ -71.62944, -38.49389 ], [ -71.62963, -38.49332 ], [ -71.6302, -38.49231 ], [ -71.63055, -38.49209 ], [ -71.63142, -38.49188 ], [ -71.63215, -38.49188 ], [ -71.63249, -38.49159 ], [ -71.63358, -38.49033 ], [ -71.63372, -38.48987 ], [ -71.63423, -38.48911 ], [ -71.63442, -38.4884 ], [ -71.63463, -38.48817 ], [ -71.6352, -38.48787 ], [ -71.63535, -38.48755 ], [ -71.6357, -38.48713 ], [ -71.63641, -38.48684 ], [ -71.63658, -38.4866 ], [ -71.63699, -38.48537 ], [ -71.6373, -38.48491 ], [ -71.63726, -38.48457 ], [ -71.63773, -38.48363 ], [ -71.63769, -38.48273 ], [ -71.63787, -38.48183 ], [ -71.63801, -38.48024 ], [ -71.63773, -38.47897 ], [ -71.63759, -38.47865 ], [ -71.63725, -38.47799 ], [ -71.63682, -38.47761 ], [ -71.63629, -38.4769 ], [ -71.63631, -38.47653 ], [ -71.63648, -38.47634 ], [ -71.63655, -38.47607 ], [ -71.63652, -38.47559 ], [ -71.63624, -38.47499 ], [ -71.63628, -38.47477 ], [ -71.63727, -38.47401 ], [ -71.63719, -38.47371 ], [ -71.6366, -38.47343 ], [ -71.63734, -38.47244 ], [ -71.63769, -38.47236 ], [ -71.63818, -38.47249 ], [ -71.63852, -38.47231 ], [ -71.63856, -38.47219 ], [ -71.63825, -38.4713 ], [ -71.63825, -38.4712 ], [ -71.6385, -38.47093 ], [ -71.64056, -38.47039 ], [ -71.64178, -38.4704 ], [ -71.64261, -38.47054 ], [ -71.64351, -38.47043 ], [ -71.64399, -38.4706 ], [ -71.64526, -38.47138 ], [ -71.64619, -38.47246 ], [ -71.6468, -38.47284 ], [ -71.64706, -38.47274 ], [ -71.64715, -38.47229 ], [ -71.64739, -38.47225 ], [ -71.64826, -38.47274 ], [ -71.64869, -38.47283 ], [ -71.64975, -38.4727 ], [ -71.65055, -38.47286 ], [ -71.65129, -38.47274 ], [ -71.65234, -38.47293 ], [ -71.6536, -38.47302 ] ] } },
{ "type": "Feature", "properties": { "osm_id": 186648821, "nombre": "Río Blanco", "tipo": "river", "volcan_codigo": "SOL", "volcan_nombre": "Sollipulli", "drena_volcan": false }, "geometry": { "type": "LineString", "coordinates": [ [ -71.68361, -38.54458 ], [ -71.68484, -38.54466 ], [ -71.686, -38.54493 ], [ -71.68611, -38.54522 ], [ -71.6865, -38.54558 ], [ -71.68737, -38.54594 ], [ -71.68776, -38.54616 ], [ -71.68825, -38.54661 ], [ -71.68857, -38.54668 ], [ -71.69052, -38.54687 ], [ -71.69166, -38.54605 ], [ -71.69201, -38.54602 ], [ -71.69251, -38.54617 ], [ -71.6935, -38.54648 ], [ -71.69451, -38.54707 ], [ -71.69536, -38.54744 ], [ -71.6961, -38.54814 ], [ -71.69643, -38.54831 ], [ -71.69861, -38.54904 ], [ -71.69903, -38.54888 ], [ -71.7, -38.54877 ], [ -71.70061, -38.54905 ], [ -71.70119, -38.54917 ], [ -71.70183, -38.54916 ], [ -71.7029, -38.54899 ], [ -71.70413, -38.5493 ], [ -71.70439, -38.54919 ], [ -71.70531, -38.54839 ], [ -71.70658, -38.54791 ], [ -71.70711, -38.54796 ], [ -71.70888, -38.54875 ], [ -71.71026, -38.54893 ], [ -71.71057, -38.54872 ], [ -71.71122, -38.54751 ], [ -71.71152, -38.54725 ], [ -71.71202, -38.54701 ], [ -71.71301, -38.54671 ], [ -71.7141, -38.54617 ], [ -71.71484, -38.54604 ], [ -71.71693, -38.54619 ], [ -71.71843, -38.54649 ], [ -71.71882, -38.54647 ], [ -71.72009, -38.54602 ], [ -71.72304, -38.54578 ], [ -71.72364, -38.54566 ], [ -71.72508, -38.54505 ], [ -71.72614, -38.54502 ], [ -71.72794, -38.5452 ], [ -71.72939, -38.5455 ], [ -71.73371, -38.54613 ], [ -71.73441, -38.54606 ], [ -71.73483, -38.54592 ], [ -71.73534, -38.54566 ], [ -71.73577, -38.54529 ], [ -71.73626, -38.54502 ], [ -71.7374, -38.54535 ], [ -71.73831, -38.54538 ], [ -71.73904, -38.54531 ], [ -71.74312, -38.54373 ], [ -71.74388, -38.54317 ], [ -71.74443, -38.54319 ], [ -71.74639, -38.54256 ], [ -71.74877, -38.54123 ], [ -71.75048, -38.54092 ], [ -71.75165, -38.54096 ], [ -71.75223, -38.54088 ], [ -71.75405, -38.54024 ], [ -71.75531, -38.54006 ], [ -71.7562, -38.53978 ], [ -71.758, -38.53964 ], [ -71.75888, -38.53917 ], [ -71.75939, -38.53866 ], [ -71.76001, -38.53847 ], [ -71.76055, -38.53839 ], [ -71.76241, -38.53847 ], [ -71.76416, -38.53796 ], [ -71.76471, -38.53794 ], [ -71.76658, -38.53809 ], [ -71.76697, -38.53819 ], [ -71.76785, -38.53866 ], [ -71.76861, -38.5388 ], [ -71.76934, -38.53882 ], [ -71.77034, -38.53862 ], [ -71.77072, -38.5387 ], [ -71.77127, -38.53865 ], [ -71.77296, -38.53907 ], [ -71.77371, -38.5394 ], [ -71.77398, -38.53944 ], [ -71.77481, -38.53928 ], [ -71.77637, -38.53969 ], [ -71.7781, -38.53987 ], [ -71.77851, -38.54013 ], [ -71.77864, -38.54086 ], [ -71.77894, -38.54118 ], [ -71.78088, -38.54146 ], [ -71.78147, -38.54165 ], [ -71.78356, -38.54174 ], [ -71.7846, -38.54207 ], [ -71.78627, -38.54301 ], [ -71.78799, -38.54316 ], [ -71.78879, -38.54332 ], [ -71.78892, -38.54321 ], [ -71.78883, -38.54279 ], [ -71.78886, -38.54246 ], [ -71.78913, -38.54189 ], [ -71.78951, -38.54177 ], [ -71.78994, -38.54188 ], [ -71.79037, -38.54188 ], [ -71.79074, -38.54176 ], [ -71.79088, -38.54145 ], [ -71.7908, -38.54105 ], [ -71.79049, -38.54066 ], [ -71.78959, -38.53991 ], [ -71.78947, -38.53937 ], [ -71.7895, -38.53903 ], [ -71.78969, -38.53865 ], [ -71.79003, -38.5385 ], [ -71.79053, -38.53846 ], [ -71.79206, -38.5388 ], [ -71.7924, -38.53877 ], [ -71.79283, -38.53845 ], [ -71.79314, -38.53801 ], [ -71.79332, -38.53734 ], [ -71.79359, -38.53677 ], [ -71.79429, -38.53652 ], [ -71.79491, -38.53571 ], [ -71.79516, -38.53552 ], [ -71.79554, -38.53538 ], [ -71.79593, -38.53544 ], [ -71.79618, -38.53573 ], [ -71.79628, -38.53604 ], [ -71.79626, -38.53636 ], [ -71.7952, -38.53699 ], [ -71.7955, -38.53727 ], [ -71.79614, -38.53736 ], [ -71.79687, -38.53727 ], [ -71.7993, -38.53748 ], [ -71.80053, -38.53767 ], [ -71.80117, -38.53801 ], [ -71.80205, -38.53869 ], [ -71.80264, -38.53899 ], [ -71.80325, -38.53904 ], [ -71.80446, -38.53841 ], [ -71.80564, -38.53757 ], [ -71.80576, -38.53719 ], [ -71.80556, -38.53686 ], [ -71.80554, -38.53648 ], [ -71.80559, -38.53625 ], [ -71.80592, -38.53608 ], [ -71.80672, -38.53591 ], [ -71.80706, -38.53593 ], [ -71.8079, -38.53645 ], [ -71.80858, -38.53673 ], [ -71.80889, -38.53677 ], [ -71.80923, -38.53674 ], [ -71.80967, -38.53648 ], [ -71.80985, -38.53619 ], [ -71.80988, -38.53594 ], [ -71.8096, -38.53503 ], [ -71.8097, -38.53478 ], [ -71.81067, -38.53431 ], [ -71.81147, -38.53354 ], [ -71.8116, -38.53317 ], [ -71.81159, -38.53296 ], [ -71.81147, -38.53284 ], [ -71.81062, -38.53263 ], [ -71.81026, -38.53236 ], [ -71.81013, -38.53152 ], [ -71.81019, -38.53122 ], [ -71.81064, -38.53087 ], [ -71.81155, -38.53058 ], [ -71.81297, -38.52967 ], [ -71.81317, -38.52904 ], [ -71.81335, -38.52882 ], [ -71.81371, -38.52859 ], [ -71.81435, -38.52836 ], [ -71.81459, -38.52815 ], [ -71.8147, -38.52794 ], [ -71.81466, -38.52753 ], [ -71.81475, -38.52718 ], [ -71.81502, -38.52695 ], [ -71.81537, -38.52685 ], [ -71.81643, -38.52691 ], [ -71.81677, -38.52682 ], [ -71.8173, -38.52652 ], [ -71.81758, -38.52648 ], [ -71.8179, -38.52653 ], [ -71.81907, -38.527 ], [ -71.81948, -38.52699 ], [ -71.81984, -38.52689 ], [ -71.82052, -38.52641 ], [ -71.82087, -38.52626 ], [ -71.82123, -38.5263 ], [ -71.82239, -38.52668 ], [ -71.82301, -38.52665 ], [ -71.82348, -38.52651 ], [ -71.82457, -38.5259 ], [ -71.82486, -38.52565 ], [ -71.82568, -38.52548 ], [ -71.82612, -38.52549 ], [ -71.82708, -38.52583 ], [ -71.82737, -38.52585 ], [ -71.82829, -38.5255 ], [ -71.82912, -38.52479 ], [ -71.82955, -38.52461 ], [ -71.83009, -38.52451 ], [ -71.83046, -38.52433 ], [ -71.83085, -38.52399 ], [ -71.83178, -38.52272 ], [ -71.83222, -38.52245 ], [ -71.8329, -38.52182 ], [ -71.83358, -38.5215 ], [ -71.83399, -38.52138 ], [ -71.83566, -38.52127 ], [ -71.83689, -38.52134 ], [ -71.83796, -38.52108 ], [ -71.83883, -38.52153 ], [ -71.83905, -38.52154 ], [ -71.83945, -38.52137 ], [ -71.83962, -38.52112 ], [ -71.83966, -38.52057 ], [ -71.83933, -38.51968 ], [ -71.83948, -38.51907 ], [ -71.83934, -38.51863 ], [ -71.83906, -38.51851 ], [ -71.838, -38.51874 ], [ -71.8377, -38.51876 ], [ -71.83744, -38.51867 ], [ -71.83642, -38.51808 ], [ -71.83575, -38.51757 ], [ -71.83559, -38.5172 ], [ -71.83566, -38.51671 ], [ -71.83617, -38.51599 ], [ -71.83691, -38.51551 ], [ -71.83962, -38.51475 ], [ -71.84027, -38.51442 ], [ -71.84062, -38.51416 ], [ -71.84099, -38.51326 ], [ -71.84187, -38.51202 ], [ -71.84214, -38.51171 ], [ -71.84356, -38.5107 ], [ -71.84392, -38.51023 ], [ -71.84426, -38.50947 ], [ -71.84408, -38.50891 ], [ -71.84425, -38.5083 ], [ -71.84517, -38.50725 ], [ -71.84558, -38.50638 ], [ -71.84567, -38.50575 ], [ -71.84565, -38.50494 ], [ -71.84579, -38.50447 ], [ -71.84622, -38.50414 ], [ -71.84689, -38.50345 ], [ -71.8476, -38.50291 ], [ -71.84766, -38.50276 ], [ -71.84758, -38.50252 ], [ -71.84648, -38.50163 ], [ -71.84655, -38.50142 ], [ -71.84695, -38.50094 ], [ -71.84695, -38.50062 ], [ -71.84655, -38.50011 ], [ -71.84552, -38.49953 ], [ -71.84526, -38.49917 ], [ -71.84523, -38.49895 ] ] } },
{ "type": "Feature", "properties": { "osm_id": 191634544, "nombre": "Estero Lancoino", "tipo": "stream", "volcan_codigo": "SOL", "volcan_nombre": "Sollipulli", "drena_volcan": false }, "geometry": { "type": "LineString", "coordinates": [ [ -71.55876, -38.57585 ], [ -71.55794, -38.57551 ], [ -71.55781, -38.57513 ], [ -71.55733, -38.57481 ], [ -71.55714, -38.57457 ], [ -71.55708, -38.57403 ], [ -71.55694, -38.57391 ], [ -71.55644, -38.57377 ], [ -71.55641, -38.57362 ], [ -71.55619, -38.57341 ], [ -71.55615, -38.57297 ], [ -71.55594, -38.57283 ], [ -71.55587, -38.57268 ], [ -71.55538, -38.57257 ], [ -71.55485, -38.57266 ], [ -71.55469, -38.57257 ], [ -71.55457, -38.57156 ], [ -71.55418, -38.57142 ], [ -71.55402, -38.5712 ], [ -71.55406, -38.57097 ], [ -71.55317, -38.57041 ], [ -71.55308, -38.56965 ], [ -71.55249, -38.56928 ], [ -71.55241, -38.56907 ], [ -71.55252, -38.56886 ], [ -71.55249, -38.56868 ], [ -71.55167, -38.56836 ], [ -71.55147, -38.56799 ], [ -71.55113, -38.56786 ], [ -71.55103, -38.5676 ], [ -71.55045, -38.56736 ], [ -71.55034, -38.56714 ], [ -71.55009, -38.567 ], [ -71.55, -38.56684 ], [ -71.55006, -38.56659 ], [ -71.54998, -38.5664 ], [ -71.54999, -38.56611 ], [ -71.54986, -38.56586 ], [ -71.54986, -38.56558 ], [ -71.54942, -38.56534 ], [ -71.54931, -38.5652 ], [ -71.54926, -38.56509 ], [ -71.5493, -38.56464 ], [ -71.54894, -38.5642 ], [ -71.54797, -38.56376 ], [ -71.54782, -38.56339 ], [ -71.54757, -38.5632 ], [ -71.54743, -38.56297 ], [ -71.54687, -38.56294 ], [ -71.54612, -38.56262 ], [ -71.5455, -38.56265 ], [ -71.54516, -38.56247 ], [ -71.54477, -38.5621 ], [ -71.54454, -38.56205 ], [ -71.54389, -38.56212 ], [ -71.54341, -38.5617 ], [ -71.54285, -38.56171 ], [ -71.54223, -38.56183 ], [ -71.54169, -38.56154 ], [ -71.54106, -38.56155 ], [ -71.54062, -38.56135 ], [ -71.53977, -38.56125 ], [ -71.53925, -38.56103 ], [ -71.538, -38.56101 ], [ -71.53744, -38.56071 ], [ -71.53709, -38.56061 ], [ -71.53621, -38.56067 ], [ -71.53562, -38.56061 ], [ -71.5354, -38.56075 ], [ -71.53518, -38.56107 ], [ -71.53494, -38.56117 ], [ -71.53394, -38.56099 ], [ -71.53309, -38.56131 ], [ -71.53223, -38.56122 ], [ -71.53104, -38.56084 ], [ -71.52972, -38.56091 ], [ -71.52906, -38.56047 ], [ -71.52882, -38.56043 ], [ -71.52783, -38.5607 ], [ -71.52595, -38.56097 ], [ -71.52544, -38.56084 ], [ -71.52499, -38.56061 ], [ -71.52435, -38.56057 ], [ -71.52384, -38.56039 ], [ -71.5225, -38.56012 ], [ -71.52189, -38.55974 ], [ -71.52124, -38.55982 ], [ -71.52071, -38.55951 ], [ -71.51939, -38.55935 ], [ -71.51901, -38.55908 ], [ -71.51816, -38.55882 ], [ -71.51708, -38.55825 ], [ -71.51698, -38.55797 ], [ -71.51661, -38.55786 ], [ -71.51616, -38.55742 ], [ -71.51597, -38.55734 ], [ -71.51532, -38.55732 ], [ -71.51479, -38.55705 ], [ -71.51389, -38.55682 ], [ -71.51259, -38.55674 ], [ -71.51183, -38.5565 ], [ -71.51094, -38.5564 ], [ -71.51018, -38.55622 ], [ -71.50922, -38.55621 ], [ -71.50845, -38.55636 ], [ -71.50786, -38.55637 ], [ -71.50742, -38.55651 ], [ -71.50688, -38.55632 ], [ -71.50606, -38.5563 ], [ -71.50549, -38.55645 ], [ -71.50463, -38.55631 ], [ -71.50312, -38.55634 ], [ -71.50257, -38.5562 ], [ -71.50194, -38.55632 ], [ -71.50181, -38.5562 ], [ -71.50173, -38.55589 ], [ -71.50152, -38.55578 ], [ -71.50028, -38.55577 ], [ -71.49992, -38.55587 ], [ -71.49945, -38.55669 ], [ -71.49899, -38.5572 ], [ -71.49899, -38.55737 ], [ -71.49926, -38.55796 ], [ -71.49929, -38.55826 ], [ -71.49903, -38.55913 ], [ -71.49854, -38.55935 ], [ -71.49844, -38.5595 ], [ -71.49831, -38.55977 ], [ -71.49821, -38.56043 ], [ -71.49808, -38.56062 ], [ -71.49759, -38.56095 ], [ -71.49711, -38.56145 ], [ -71.49615, -38.56222 ], [ -71.49571, -38.56282 ], [ -71.49541, -38.5637 ], [ -71.49509, -38.56423 ], [ -71.49412, -38.56479 ], [ -71.49385, -38.56531 ], [ -71.49376, -38.56611 ], [ -71.49362, -38.56635 ] ] } },
{ "type": "Feature", "properties": { "osm_id": 191634545, "nombre": "Río Lonquimay", "tipo": "river", "volcan_codigo": "SOL", "volcan_nombre": "Sollipulli", "drena_volcan": false }, "geometry": { "type": "LineString", "coordinates": [ [ -71.56943, -38.6087 ], [ -71.5648, -38.61105 ], [ -71.56342, -38.61266 ], [ -71.56068, -38.61487 ], [ -71.56008, -38.61561 ], [ -71.55956, -38.61655 ], [ -71.55793, -38.61762 ], [ -71.5557, -38.61876 ], [ -71.55458, -38.61889 ], [ -71.55381, -38.61876 ], [ -71.55261, -38.61836 ], [ -71.55089, -38.61795 ], [ -71.54823, -38.61782 ], [ -71.54746, -38.61762 ], [ -71.54634, -38.61762 ], [ -71.54514, -38.61775 ], [ -71.54411, -38.61769 ], [ -71.54317, -38.61795 ], [ -71.54188, -38.61856 ], [ -71.54059, -38.61963 ], [ -71.53973, -38.61983 ], [ -71.53905, -38.6205 ], [ -71.53828, -38.62111 ], [ -71.53742, -38.62144 ], [ -71.53673, -38.62191 ], [ -71.53553, -38.62332 ], [ -71.53356, -38.62426 ], [ -71.53278, -38.62453 ], [ -71.5315, -38.62473 ], [ -71.53072, -38.62446 ], [ -71.52832, -38.62399 ], [ -71.52677, -38.62439 ], [ -71.52574, -38.62439 ], [ -71.52257, -38.62473 ], [ -71.51974, -38.62479 ], [ -71.51819, -38.6252 ], [ -71.51708, -38.6258 ], [ -71.51167, -38.62667 ], [ -71.50961, -38.6264 ], [ -71.50841, -38.62647 ], [ -71.50738, -38.62701 ], [ -71.50649, -38.6276 ], [ -71.50503, -38.6276 ], [ -71.50426, -38.62774 ], [ -71.50297, -38.62774 ], [ -71.5022, -38.62814 ], [ -71.50142, -38.62908 ], [ -71.50031, -38.62975 ], [ -71.49902, -38.63028 ], [ -71.4973, -38.63075 ], [ -71.49636, -38.63115 ], [ -71.49464, -38.63156 ], [ -71.4937, -38.63142 ], [ -71.49276, -38.63115 ], [ -71.49112, -38.63109 ], [ -71.49009, -38.63095 ], [ -71.48924, -38.63069 ], [ -71.48778, -38.63048 ], [ -71.4858, -38.62975 ], [ -71.48426, -38.62941 ], [ -71.4834, -38.62908 ], [ -71.48254, -38.62887 ], [ -71.48065, -38.62807 ], [ -71.47997, -38.6274 ], [ -71.47825, -38.62485 ], [ -71.47791, -38.62411 ], [ -71.47739, -38.62351 ], [ -71.4761, -38.62257 ], [ -71.47379, -38.62204 ], [ -71.47319, -38.6217 ], [ -71.47216, -38.62136 ], [ -71.47164, -38.62096 ], [ -71.47138, -38.62056 ], [ -71.4713, -38.62009 ], [ -71.47138, -38.61969 ], [ -71.47086, -38.61922 ], [ -71.47036, -38.61901 ], [ -71.47021, -38.61883 ], [ -71.47009, -38.61867 ], [ -71.46994, -38.61782 ], [ -71.46973, -38.61766 ], [ -71.46896, -38.61771 ], [ -71.46745, -38.61802 ], [ -71.46689, -38.61803 ], [ -71.46646, -38.61793 ], [ -71.46609, -38.6177 ], [ -71.46593, -38.61749 ], [ -71.46598, -38.61732 ], [ -71.46707, -38.61652 ], [ -71.46733, -38.6161 ], [ -71.46725, -38.61589 ], [ -71.46675, -38.61541 ], [ -71.46617, -38.61515 ], [ -71.46589, -38.61494 ], [ -71.46553, -38.6137 ], [ -71.4652, -38.61325 ], [ -71.46459, -38.61299 ], [ -71.46425, -38.61301 ], [ -71.4639, -38.61312 ], [ -71.46333, -38.61358 ], [ -71.46285, -38.6136 ], [ -71.46247, -38.61334 ], [ -71.46191, -38.61265 ], [ -71.46117, -38.61248 ], [ -71.46098, -38.61234 ], [ -71.46102, -38.61202 ], [ -71.46146, -38.61183 ], [ -71.46251, -38.61108 ], [ -71.46264, -38.61056 ], [ -71.4626, -38.61037 ], [ -71.46207, -38.60978 ], [ -71.46168, -38.60957 ], [ -71.46137, -38.60952 ], [ -71.46066, -38.60971 ], [ -71.46046, -38.60967 ], [ -71.46031, -38.60897 ], [ -71.45989, -38.60794 ], [ -71.45968, -38.60772 ], [ -71.45926, -38.60766 ], [ -71.45866, -38.60782 ], [ -71.45833, -38.60777 ], [ -71.45796, -38.60757 ], [ -71.45776, -38.60731 ], [ -71.4577, -38.60615 ], [ -71.45785, -38.60575 ], [ -71.45805, -38.60553 ], [ -71.45806, -38.6053 ], [ -71.45734, -38.60456 ], [ -71.4573, -38.60438 ], [ -71.45744, -38.60421 ], [ -71.45847, -38.60388 ], [ -71.45874, -38.60366 ], [ -71.45828, -38.60291 ], [ -71.45811, -38.60277 ], [ -71.45784, -38.60272 ], [ -71.45711, -38.60288 ], [ -71.45687, -38.60265 ], [ -71.4568, -38.60239 ], [ -71.45681, -38.60175 ], [ -71.45704, -38.59997 ], [ -71.45692, -38.5995 ], [ -71.45683, -38.59938 ], [ -71.4559, -38.59946 ], [ -71.45567, -38.59936 ], [ -71.45585, -38.59838 ], [ -71.45585, -38.59783 ], [ -71.45577, -38.5976 ], [ -71.45551, -38.59753 ], [ -71.45519, -38.59773 ], [ -71.45465, -38.59719 ], [ -71.45449, -38.59692 ], [ -71.45459, -38.59675 ], [ -71.45533, -38.59654 ], [ -71.4558, -38.59626 ], [ -71.45602, -38.59588 ], [ -71.45609, -38.59556 ], [ -71.45609, -38.59539 ], [ -71.45593, -38.59513 ], [ -71.45554, -38.59491 ], [ -71.4547, -38.59462 ], [ -71.45443, -38.59445 ], [ -71.45427, -38.59422 ], [ -71.45431, -38.59391 ], [ -71.45446, -38.5937 ], [ -71.45505, -38.59331 ], [ -71.45537, -38.59284 ], [ -71.45494, -38.59152 ], [ -71.45424, -38.59081 ], [ -71.45393, -38.59013 ], [ -71.45166, -38.58801 ], [ -71.45176, -38.58749 ], [ -71.45163, -38.58681 ], [ -71.45169, -38.58635 ], [ -71.452, -38.58595 ], [ -71.45268, -38.58535 ], [ -71.45287, -38.58508 ], [ -71.45289, -38.58477 ], [ -71.45272, -38.58453 ], [ -71.45202, -38.584 ], [ -71.45164, -38.58345 ], [ -71.45111, -38.58311 ], [ -71.4502, -38.58271 ], [ -71.45001, -38.58246 ], [ -71.44993, -38.5819 ], [ -71.45032, -38.58053 ], [ -71.45036, -38.57877 ], [ -71.45028, -38.57816 ], [ -71.45049, -38.57762 ], [ -71.45048, -38.57717 ], [ -71.45016, -38.57659 ], [ -71.44939, -38.57606 ], [ -71.44909, -38.57551 ], [ -71.44889, -38.57528 ], [ -71.44851, -38.57505 ], [ -71.44777, -38.57502 ], [ -71.44728, -38.57518 ], [ -71.44694, -38.57507 ], [ -71.44661, -38.57461 ], [ -71.44628, -38.57397 ], [ -71.44622, -38.57354 ], [ -71.44586, -38.57278 ], [ -71.44495, -38.57217 ], [ -71.4448, -38.57187 ], [ -71.44481, -38.57163 ], [ -71.44503, -38.57116 ], [ -71.44455, -38.57052 ], [ -71.44424, -38.57024 ], [ -71.44346, -38.5698 ], [ -71.4428, -38.56919 ], [ -71.44265, -38.56913 ], [ -71.44193, -38.56914 ], [ -71.44025, -38.56864 ], [ -71.44008, -38.56848 ], [ -71.43923, -38.56659 ], [ -71.43897, -38.56635 ], [ -71.43823, -38.56594 ], [ -71.4375, -38.56508 ], [ -71.43736, -38.56472 ], [ -71.43738, -38.56433 ], [ -71.43773, -38.56391 ], [ -71.43823, -38.5637 ], [ -71.43838, -38.56349 ], [ -71.43805, -38.56319 ], [ -71.43778, -38.56264 ], [ -71.43698, -38.56219 ], [ -71.43679, -38.56173 ], [ -71.4367, -38.56109 ], [ -71.43576, -38.55949 ], [ -71.43543, -38.55927 ], [ -71.43435, -38.55879 ], [ -71.43374, -38.55823 ], [ -71.43358, -38.55761 ], [ -71.43367, -38.55607 ], [ -71.43327, -38.55512 ], [ -71.43318, -38.55473 ], [ -71.43327, -38.55425 ], [ -71.43359, -38.5536 ], [ -71.43332, -38.55299 ], [ -71.43247, -38.55236 ], [ -71.43186, -38.55205 ], [ -71.42985, -38.55173 ], [ -71.42949, -38.55137 ], [ -71.42912, -38.55118 ], [ -71.42875, -38.55038 ], [ -71.42853, -38.55019 ], [ -71.42815, -38.55009 ], [ -71.42728, -38.55002 ], [ -71.42669, -38.54975 ], [ -71.42643, -38.54939 ], [ -71.42639, -38.54879 ], [ -71.42595, -38.54804 ], [ -71.4252, -38.54716 ], [ -71.42458, -38.54662 ], [ -71.42374, -38.5464 ], [ -71.42343, -38.54651 ], [ -71.42332, -38.54672 ], [ -71.42341, -38.5471 ], [ -71.42336, -38.54789 ], [ -71.42313, -38.54815 ], [ -71.42281, -38.54833 ], [ -71.42233, -38.54832 ], [ -71.42173, -38.54804 ], [ -71.42153, -38.54786 ], [ -71.42133, -38.54759 ], [ -71.4213, -38.54725 ], [ -71.42138, -38.54682 ], [ -71.42162, -38.54628 ], [ -71.42223, -38.54533 ], [ -71.42214, -38.54467 ], [ -71.42178, -38.54393 ], [ -71.42192, -38.54353 ], [ -71.42235, -38.54336 ], [ -71.42283, -38.54351 ], [ -71.42309, -38.54349 ], [ -71.42435, -38.54311 ], [ -71.4245, -38.54283 ], [ -71.4243, -38.54214 ], [ -71.42413, -38.54193 ], [ -71.42324, -38.54159 ], [ -71.42277, -38.54118 ], [ -71.42248, -38.5407 ], [ -71.42237, -38.54006 ], [ -71.42206, -38.53976 ], [ -71.42147, -38.53959 ], [ -71.42129, -38.53965 ], [ -71.42115, -38.54004 ], [ -71.4211, -38.5412 ], [ -71.42061, -38.54129 ], [ -71.4203, -38.54114 ], [ -71.42002, -38.54047 ], [ -71.42043, -38.53879 ], [ -71.42089, -38.53772 ], [ -71.42084, -38.53751 ], [ -71.42059, -38.53738 ] ] } },
{ "type": "Feature", "properties": { "osm_id": 196548271, "nombre": "Estero Huemul", "tipo": "river", "volcan_codigo": "SOL", "volcan_nombre": "Sollipulli", "drena_volcan": false }, "geometry": { "type": "LineString", "coordinates": [ [ -71.37397, -38.63918 ], [ -71.37415, -38.63926 ], [ -71.37404, -38.64003 ], [ -71.37414, -38.64027 ], [ -71.3744, -38.64046 ], [ -71.37536, -38.64046 ], [ -71.37543, -38.6406 ], [ -71.3753, -38.64101 ], [ -71.3756, -38.64093 ], [ -71.37571, -38.64076 ], [ -71.37573, -38.64039 ], [ -71.37594, -38.64029 ], [ -71.37663, -38.64034 ], [ -71.37678, -38.64047 ], [ -71.37695, -38.64071 ], [ -71.37694, -38.6411 ], [ -71.37671, -38.64133 ], [ -71.37629, -38.64158 ], [ -71.37618, -38.64181 ], [ -71.37648, -38.64222 ], [ -71.37652, -38.64258 ], [ -71.37667, -38.64265 ], [ -71.3775, -38.64231 ], [ -71.3778, -38.64226 ], [ -71.378, -38.64234 ], [ -71.37816, -38.64262 ], [ -71.37878, -38.64294 ], [ -71.37903, -38.64331 ], [ -71.37921, -38.64334 ], [ -71.37966, -38.64322 ], [ -71.37988, -38.6434 ], [ -71.38015, -38.64408 ], [ -71.3799, -38.64439 ], [ -71.37951, -38.64462 ], [ -71.37783, -38.64523 ], [ -71.37758, -38.64551 ], [ -71.37754, -38.64578 ], [ -71.37818, -38.64694 ], [ -71.37821, -38.64771 ], [ -71.37836, -38.64786 ], [ -71.37908, -38.648 ], [ -71.37932, -38.64862 ], [ -71.3793, -38.64876 ], [ -71.37894, -38.64913 ], [ -71.37895, -38.6493 ], [ -71.37925, -38.64973 ], [ -71.37934, -38.64977 ], [ -71.37958, -38.6497 ], [ -71.37981, -38.64953 ], [ -71.3802, -38.64948 ], [ -71.38028, -38.64956 ], [ -71.38021, -38.65003 ], [ -71.37999, -38.65021 ], [ -71.37933, -38.65045 ], [ -71.37894, -38.65037 ], [ -71.3788, -38.65049 ], [ -71.37875, -38.65153 ], [ -71.37941, -38.65182 ], [ -71.37947, -38.65197 ], [ -71.3794, -38.6521 ], [ -71.37886, -38.65229 ], [ -71.37907, -38.65258 ], [ -71.37968, -38.65291 ], [ -71.37988, -38.65293 ], [ -71.38006, -38.65274 ], [ -71.38007, -38.65251 ], [ -71.3803, -38.65241 ], [ -71.38054, -38.65248 ], [ -71.38072, -38.65264 ], [ -71.38086, -38.65306 ], [ -71.38045, -38.65336 ], [ -71.37986, -38.65356 ], [ -71.38009, -38.65396 ], [ -71.38095, -38.65458 ], [ -71.38191, -38.65498 ], [ -71.38209, -38.65514 ], [ -71.38223, -38.65559 ], [ -71.38271, -38.65612 ], [ -71.3829, -38.65622 ], [ -71.3836, -38.65616 ], [ -71.38381, -38.65622 ], [ -71.38384, -38.65636 ], [ -71.38311, -38.65664 ], [ -71.38318, -38.65712 ], [ -71.38314, -38.65763 ], [ -71.38291, -38.6579 ], [ -71.38293, -38.65809 ], [ -71.38313, -38.65812 ], [ -71.38352, -38.65791 ], [ -71.384, -38.65747 ], [ -71.38431, -38.65736 ], [ -71.3845, -38.65747 ], [ -71.38469, -38.65782 ], [ -71.38462, -38.658 ], [ -71.38386, -38.65851 ], [ -71.38359, -38.65879 ], [ -71.38371, -38.65952 ], [ -71.3838, -38.65968 ], [ -71.38366, -38.65986 ], [ -71.38273, -38.66048 ], [ -71.38257, -38.66093 ], [ -71.38314, -38.66145 ], [ -71.38375, -38.66152 ], [ -71.38487, -38.66146 ], [ -71.38544, -38.66167 ], [ -71.3858, -38.66219 ], [ -71.38569, -38.66232 ], [ -71.385, -38.66253 ], [ -71.38493, -38.66267 ], [ -71.3854, -38.66286 ], [ -71.38647, -38.66301 ], [ -71.38744, -38.6626 ], [ -71.38788, -38.66261 ], [ -71.38833, -38.66302 ], [ -71.38852, -38.66306 ], [ -71.38874, -38.66296 ], [ -71.38883, -38.66303 ], [ -71.38856, -38.66341 ], [ -71.38853, -38.66379 ], [ -71.3884, -38.66404 ], [ -71.38803, -38.66435 ], [ -71.38804, -38.66449 ], [ -71.38796, -38.66457 ], [ -71.38749, -38.66487 ], [ -71.38765, -38.66502 ], [ -71.38796, -38.66508 ], [ -71.3883, -38.66557 ], [ -71.38802, -38.66597 ], [ -71.38788, -38.66679 ], [ -71.3877, -38.66696 ], [ -71.38752, -38.66701 ], [ -71.38731, -38.66732 ], [ -71.38714, -38.66732 ] ] } },
{ "type": "Feature", "properties": { "osm_id": 196548293, "nombre": "Estero Huemul", "tipo": "river", "volcan_codigo": "SOL", "volcan_nombre": "Sollipulli", "drena_volcan": false }, "geometry": { "type": "LineString", "coordinates": [ [ -71.38035, -38.60752 ], [ -71.38063, -38.60757 ], [ -71.3811, -38.60788 ], [ -71.38103, -38.60819 ], [ -71.38115, -38.60833 ], [ -71.38105, -38.60866 ], [ -71.38124, -38.60874 ], [ -71.38164, -38.60863 ], [ -71.38198, -38.60886 ], [ -71.3817, -38.60934 ], [ -71.38164, -38.6096 ], [ -71.3814, -38.6097 ], [ -71.38138, -38.60985 ], [ -71.38163, -38.61005 ], [ -71.38156, -38.61016 ], [ -71.38106, -38.61032 ], [ -71.38106, -38.61042 ], [ -71.3813, -38.61064 ], [ -71.38135, -38.61078 ], [ -71.38119, -38.61112 ], [ -71.38157, -38.61152 ], [ -71.38146, -38.61196 ], [ -71.38184, -38.61214 ], [ -71.382, -38.61247 ], [ -71.38198, -38.61263 ], [ -71.38163, -38.61332 ], [ -71.38101, -38.61332 ], [ -71.38096, -38.61345 ], [ -71.38111, -38.6137 ], [ -71.38195, -38.61367 ], [ -71.3822, -38.61381 ], [ -71.38176, -38.61427 ], [ -71.38172, -38.6145 ], [ -71.3822, -38.61474 ], [ -71.38227, -38.6149 ], [ -71.38213, -38.6151 ], [ -71.38152, -38.61528 ], [ -71.38145, -38.61536 ], [ -71.38141, -38.61554 ], [ -71.38155, -38.61578 ], [ -71.38151, -38.61623 ], [ -71.38139, -38.61625 ], [ -71.38098, -38.61604 ], [ -71.38074, -38.61624 ], [ -71.3806, -38.61683 ], [ -71.3805, -38.61695 ], [ -71.38035, -38.6169 ], [ -71.3799, -38.6165 ], [ -71.37974, -38.61695 ], [ -71.38004, -38.61721 ], [ -71.38001, -38.6173 ], [ -71.37951, -38.61741 ], [ -71.37925, -38.61774 ], [ -71.3785, -38.61778 ], [ -71.37827, -38.61801 ], [ -71.37802, -38.61851 ], [ -71.3777, -38.61869 ], [ -71.3774, -38.61905 ], [ -71.3762, -38.62001 ], [ -71.37604, -38.62027 ], [ -71.37595, -38.62052 ], [ -71.37602, -38.62151 ], [ -71.3758, -38.6219 ], [ -71.37608, -38.62233 ], [ -71.37593, -38.62271 ], [ -71.37565, -38.6229 ], [ -71.37557, -38.62305 ], [ -71.376, -38.62344 ], [ -71.37583, -38.62369 ], [ -71.37621, -38.62396 ], [ -71.37626, -38.62414 ], [ -71.37607, -38.62454 ], [ -71.37611, -38.62467 ], [ -71.37675, -38.62492 ], [ -71.37675, -38.62531 ], [ -71.37649, -38.62564 ], [ -71.37662, -38.62587 ], [ -71.37659, -38.62602 ], [ -71.37679, -38.62616 ], [ -71.37638, -38.62631 ], [ -71.37588, -38.62633 ], [ -71.37574, -38.62644 ], [ -71.37533, -38.62655 ], [ -71.37478, -38.62651 ], [ -71.37448, -38.6266 ], [ -71.3744, -38.62672 ], [ -71.37453, -38.62695 ], [ -71.37479, -38.62702 ], [ -71.37609, -38.62708 ], [ -71.37641, -38.62717 ], [ -71.37661, -38.62725 ], [ -71.37682, -38.62751 ], [ -71.37662, -38.62804 ], [ -71.37622, -38.62822 ], [ -71.37559, -38.62822 ], [ -71.37492, -38.62792 ], [ -71.37413, -38.62775 ], [ -71.37386, -38.62782 ], [ -71.37373, -38.62799 ], [ -71.37372, -38.6283 ], [ -71.3732, -38.62886 ], [ -71.3731, -38.62914 ], [ -71.37316, -38.62931 ], [ -71.37337, -38.62961 ], [ -71.3737, -38.62975 ], [ -71.37424, -38.6294 ], [ -71.37461, -38.62942 ], [ -71.37518, -38.62959 ], [ -71.37526, -38.62974 ], [ -71.3745, -38.63038 ], [ -71.3745, -38.63047 ], [ -71.37494, -38.63063 ], [ -71.37507, -38.63088 ], [ -71.37468, -38.63099 ], [ -71.37417, -38.63091 ], [ -71.37396, -38.63102 ], [ -71.3744, -38.63138 ], [ -71.3744, -38.63149 ], [ -71.37427, -38.63161 ], [ -71.37371, -38.63167 ], [ -71.37346, -38.63158 ], [ -71.37299, -38.63123 ], [ -71.37239, -38.63156 ], [ -71.3723, -38.63177 ], [ -71.37269, -38.63208 ], [ -71.37268, -38.63221 ], [ -71.37211, -38.63269 ], [ -71.37205, -38.63289 ], [ -71.37261, -38.63362 ], [ -71.37294, -38.63376 ], [ -71.37297, -38.63386 ], [ -71.37252, -38.63411 ], [ -71.37161, -38.63408 ], [ -71.37147, -38.63419 ], [ -71.37153, -38.63446 ], [ -71.37197, -38.63484 ], [ -71.37239, -38.63489 ], [ -71.3733, -38.63473 ], [ -71.37347, -38.63482 ], [ -71.37374, -38.6352 ], [ -71.37379, -38.63533 ], [ -71.37344, -38.63548 ], [ -71.37314, -38.63552 ], [ -71.37279, -38.63531 ], [ -71.37217, -38.63542 ], [ -71.37205, -38.63553 ], [ -71.37198, -38.63577 ], [ -71.37244, -38.63621 ], [ -71.37314, -38.63638 ], [ -71.37329, -38.63704 ], [ -71.37323, -38.63773 ], [ -71.37332, -38.63799 ], [ -71.37283, -38.63819 ], [ -71.37266, -38.63836 ], [ -71.37279, -38.63853 ], [ -71.37301, -38.6386 ], [ -71.3731, -38.63879 ], [ -71.37324, -38.63885 ], [ -71.37357, -38.63929 ], [ -71.37383, -38.63929 ], [ -71.37397, -38.63918 ] ] } },
{ "type": "Feature", "properties": { "osm_id": 196686904, "nombre": "Arroyo Calfiquiera", "tipo": "river", "volcan_codigo": "SOL", "volcan_nombre": "Sollipulli", "drena_volcan": false }, "geometry": { "type": "LineString", "coordinates": [ [ -71.28201, -39.22166 ], [ -71.28147, -39.22164 ], [ -71.28048, -39.22112 ], [ -71.2801, -39.22118 ], [ -71.2798, -39.22066 ], [ -71.27939, -39.22063 ], [ -71.27911, -39.2204 ], [ -71.27898, -39.2204 ], [ -71.27838, -39.22067 ], [ -71.27774, -39.22058 ], [ -71.27715, -39.22099 ], [ -71.27656, -39.22122 ], [ -71.27585, -39.221 ], [ -71.27575, -39.22104 ], [ -71.27568, -39.22125 ], [ -71.27551, -39.22134 ], [ -71.27497, -39.22142 ], [ -71.27473, -39.22179 ], [ -71.27444, -39.22201 ], [ -71.27418, -39.22201 ], [ -71.27396, -39.22187 ], [ -71.2737, -39.22185 ], [ -71.27227, -39.22218 ], [ -71.27217, -39.22225 ], [ -71.27209, -39.22256 ], [ -71.27093, -39.22315 ], [ -71.27072, -39.22354 ], [ -71.27077, -39.22375 ], [ -71.27138, -39.22403 ], [ -71.27141, -39.22414 ], [ -71.27116, -39.22461 ], [ -71.27101, -39.22533 ], [ -71.27062, -39.22576 ], [ -71.27049, -39.22618 ], [ -71.26975, -39.22717 ], [ -71.26969, -39.22737 ], [ -71.26971, -39.22748 ], [ -71.27026, -39.22782 ], [ -71.27038, -39.22812 ], [ -71.27012, -39.22836 ], [ -71.27005, -39.22855 ], [ -71.27016, -39.22939 ], [ -71.27008, -39.22961 ], [ -71.26986, -39.22969 ], [ -71.26961, -39.22958 ], [ -71.26935, -39.22934 ], [ -71.26913, -39.22894 ], [ -71.26885, -39.22892 ], [ -71.26865, -39.22929 ], [ -71.26853, -39.2297 ], [ -71.26857, -39.23012 ], [ -71.26839, -39.23026 ], [ -71.26834, -39.23047 ], [ -71.26881, -39.23072 ], [ -71.26884, -39.23104 ], [ -71.26872, -39.23144 ], [ -71.26898, -39.23211 ], [ -71.26889, -39.2322 ], [ -71.26865, -39.23236 ], [ -71.26844, -39.23233 ], [ -71.26741, -39.23187 ], [ -71.2663, -39.23156 ], [ -71.26626, -39.23123 ], [ -71.26601, -39.23096 ], [ -71.26548, -39.23088 ], [ -71.26511, -39.231 ], [ -71.26431, -39.2309 ], [ -71.26338, -39.2311 ], [ -71.26325, -39.23127 ], [ -71.26318, -39.23159 ], [ -71.26272, -39.232 ], [ -71.26259, -39.23201 ], [ -71.26241, -39.23185 ], [ -71.26225, -39.23128 ], [ -71.26198, -39.23108 ], [ -71.26095, -39.23199 ], [ -71.26022, -39.23224 ], [ -71.25889, -39.23242 ], [ -71.25865, -39.23253 ], [ -71.25855, -39.2327 ], [ -71.25854, -39.23292 ], [ -71.25865, -39.23311 ], [ -71.25937, -39.23324 ], [ -71.2601, -39.23327 ], [ -71.26048, -39.23342 ], [ -71.26068, -39.23371 ], [ -71.26022, -39.23402 ], [ -71.25994, -39.23406 ], [ -71.25906, -39.23381 ], [ -71.25791, -39.2337 ], [ -71.25768, -39.23377 ], [ -71.25708, -39.23417 ], [ -71.25687, -39.23456 ], [ -71.25685, -39.23519 ], [ -71.2573, -39.23584 ], [ -71.25828, -39.23633 ], [ -71.25833, -39.23663 ], [ -71.25826, -39.23672 ], [ -71.25682, -39.23697 ], [ -71.25603, -39.23636 ], [ -71.25565, -39.23628 ], [ -71.25538, -39.23635 ], [ -71.2547, -39.23682 ], [ -71.25429, -39.23695 ], [ -71.25398, -39.23716 ], [ -71.25378, -39.23743 ], [ -71.25344, -39.23756 ], [ -71.25323, -39.23746 ], [ -71.25304, -39.23693 ], [ -71.25283, -39.2368 ], [ -71.25268, -39.23681 ], [ -71.25249, -39.23692 ], [ -71.25235, -39.23721 ], [ -71.2521, -39.23747 ], [ -71.25136, -39.23805 ], [ -71.25103, -39.23907 ], [ -71.25067, -39.23951 ], [ -71.25066, -39.24025 ], [ -71.25001, -39.24128 ], [ -71.25006, -39.2419 ], [ -71.24908, -39.24246 ], [ -71.24906, -39.24332 ], [ -71.24943, -39.24394 ], [ -71.24954, -39.24448 ], [ -71.24932, -39.24518 ], [ -71.24916, -39.24533 ], [ -71.24902, -39.24535 ], [ -71.24794, -39.24532 ], [ -71.24769, -39.24542 ], [ -71.24761, -39.24562 ], [ -71.24768, -39.24581 ], [ -71.24802, -39.246 ], [ -71.24946, -39.24606 ], [ -71.24987, -39.24618 ], [ -71.25007, -39.24656 ], [ -71.24986, -39.24694 ], [ -71.24956, -39.24719 ], [ -71.24917, -39.24726 ], [ -71.24848, -39.24691 ], [ -71.24796, -39.24682 ], [ -71.24689, -39.24749 ], [ -71.24626, -39.24807 ], [ -71.24561, -39.24818 ], [ -71.24523, -39.24801 ], [ -71.24507, -39.24782 ], [ -71.24493, -39.24739 ], [ -71.24464, -39.24705 ], [ -71.24432, -39.24694 ], [ -71.2441, -39.24703 ], [ -71.24354, -39.24744 ], [ -71.24352, -39.24765 ], [ -71.24368, -39.24828 ], [ -71.2425, -39.24887 ], [ -71.24149, -39.24967 ], [ -71.24107, -39.25024 ], [ -71.24101, -39.25063 ], [ -71.24068, -39.2512 ], [ -71.23973, -39.25222 ], [ -71.23912, -39.25263 ], [ -71.23896, -39.25266 ], [ -71.23824, -39.25247 ], [ -71.23797, -39.25249 ], [ -71.23661, -39.2533 ], [ -71.23622, -39.2534 ], [ -71.23591, -39.25317 ], [ -71.23586, -39.25296 ], [ -71.23594, -39.25263 ], [ -71.23589, -39.25253 ], [ -71.23556, -39.25238 ], [ -71.235, -39.25259 ], [ -71.23451, -39.25298 ], [ -71.23431, -39.25316 ], [ -71.23384, -39.25387 ], [ -71.23329, -39.25389 ], [ -71.2327, -39.25342 ], [ -71.23164, -39.25323 ], [ -71.2309, -39.25297 ], [ -71.23065, -39.25273 ], [ -71.23052, -39.25225 ], [ -71.22987, -39.252 ], [ -71.22955, -39.25173 ], [ -71.2286, -39.25117 ], [ -71.22795, -39.25112 ], [ -71.22764, -39.25081 ], [ -71.2274, -39.25088 ], [ -71.22735, -39.25114 ], [ -71.22704, -39.25136 ], [ -71.22682, -39.25146 ], [ -71.22644, -39.25144 ], [ -71.22612, -39.25126 ], [ -71.2253, -39.25046 ], [ -71.22501, -39.25029 ], [ -71.22434, -39.25025 ], [ -71.22384, -39.25038 ], [ -71.22357, -39.25036 ], [ -71.2233, -39.25002 ], [ -71.22322, -39.24968 ], [ -71.22322, -39.24913 ], [ -71.22332, -39.24894 ], [ -71.22398, -39.24878 ], [ -71.22448, -39.24838 ], [ -71.2244, -39.24815 ], [ -71.22416, -39.24797 ], [ -71.22409, -39.24776 ], [ -71.22365, -39.24724 ], [ -71.22283, -39.24671 ], [ -71.22146, -39.24645 ], [ -71.2205, -39.24612 ], [ -71.22012, -39.2461 ], [ -71.21919, -39.2459 ], [ -71.21828, -39.246 ], [ -71.218, -39.24614 ], [ -71.21794, -39.24638 ], [ -71.21809, -39.24705 ], [ -71.21827, -39.24718 ], [ -71.21898, -39.2471 ], [ -71.21919, -39.24716 ], [ -71.21931, -39.2473 ], [ -71.21901, -39.24775 ], [ -71.21715, -39.24813 ], [ -71.21669, -39.24847 ], [ -71.21628, -39.24901 ], [ -71.21517, -39.25113 ], [ -71.21489, -39.2514 ], [ -71.21468, -39.25147 ], [ -71.21351, -39.25129 ], [ -71.21279, -39.2511 ], [ -71.2125, -39.25084 ], [ -71.2126, -39.25056 ], [ -71.21361, -39.25025 ], [ -71.21418, -39.24986 ], [ -71.21438, -39.24947 ], [ -71.21438, -39.24901 ], [ -71.21415, -39.24858 ], [ -71.21375, -39.24834 ], [ -71.21266, -39.2481 ], [ -71.21218, -39.24773 ], [ -71.21195, -39.24744 ], [ -71.21166, -39.24739 ], [ -71.21144, -39.2477 ], [ -71.21135, -39.24822 ], [ -71.21105, -39.24838 ], [ -71.21068, -39.24824 ], [ -71.21018, -39.24775 ], [ -71.2098, -39.24717 ], [ -71.20963, -39.24682 ], [ -71.20953, -39.24638 ] ] } },
{ "type": "Feature", "properties": { "osm_id": 196686933, "nombre": "Arroyo Remecó", "tipo": "river", "volcan_codigo": "SOL", "volcan_nombre": "Sollipulli", "drena_volcan": false }, "geometry": { "type": "LineString", "coordinates": [ [ -71.33166, -39.07467 ], [ -71.33152, -39.07478 ], [ -71.33096, -39.07492 ], [ -71.33066, -39.07526 ], [ -71.33065, -39.0755 ], [ -71.33081, -39.07597 ], [ -71.33067, -39.07628 ], [ -71.33078, -39.07643 ], [ -71.33104, -39.0764 ], [ -71.3312, -39.07657 ], [ -71.33105, -39.07675 ], [ -71.33099, -39.07704 ], [ -71.33087, -39.07706 ], [ -71.33058, -39.07692 ], [ -71.3304, -39.077 ], [ -71.33032, -39.07715 ], [ -71.33044, -39.07729 ], [ -71.33093, -39.0774 ], [ -71.33111, -39.07756 ], [ -71.33094, -39.07772 ], [ -71.33038, -39.07778 ], [ -71.33024, -39.078 ], [ -71.33038, -39.07826 ], [ -71.33032, -39.07842 ], [ -71.32988, -39.0786 ], [ -71.33007, -39.079 ], [ -71.33036, -39.07925 ], [ -71.33003, -39.07948 ], [ -71.32965, -39.08007 ], [ -71.32958, -39.08038 ], [ -71.32971, -39.08108 ], [ -71.32943, -39.08129 ], [ -71.32911, -39.08139 ], [ -71.32911, -39.0815 ], [ -71.32934, -39.08164 ], [ -71.32942, -39.08179 ], [ -71.3293, -39.08209 ], [ -71.32911, -39.08222 ], [ -71.32939, -39.08258 ], [ -71.32937, -39.08268 ], [ -71.32914, -39.08278 ], [ -71.32904, -39.08291 ], [ -71.32923, -39.08343 ], [ -71.32899, -39.08365 ], [ -71.32818, -39.08333 ], [ -71.32787, -39.08343 ], [ -71.3279, -39.08359 ], [ -71.32822, -39.08389 ], [ -71.32884, -39.08414 ], [ -71.32875, -39.08428 ], [ -71.32886, -39.08441 ], [ -71.32874, -39.08453 ], [ -71.32849, -39.08458 ], [ -71.32841, -39.08477 ], [ -71.32854, -39.08497 ], [ -71.32897, -39.08519 ], [ -71.32911, -39.08538 ], [ -71.32897, -39.0855 ], [ -71.32847, -39.08556 ], [ -71.32809, -39.08577 ], [ -71.32788, -39.08562 ], [ -71.32783, -39.08545 ], [ -71.32812, -39.08522 ], [ -71.32813, -39.08506 ], [ -71.3279, -39.085 ], [ -71.32763, -39.08516 ], [ -71.3275, -39.08548 ], [ -71.32775, -39.08613 ], [ -71.32772, -39.08647 ], [ -71.32692, -39.08703 ], [ -71.32614, -39.08721 ], [ -71.32584, -39.08737 ], [ -71.32582, -39.08747 ], [ -71.326, -39.08769 ], [ -71.32546, -39.08816 ], [ -71.32524, -39.08859 ], [ -71.32536, -39.08913 ], [ -71.32512, -39.08931 ], [ -71.3247, -39.08948 ], [ -71.32441, -39.08998 ], [ -71.32377, -39.09016 ], [ -71.32371, -39.09085 ], [ -71.32333, -39.09142 ], [ -71.32355, -39.09168 ], [ -71.3241, -39.09152 ], [ -71.3244, -39.09181 ], [ -71.32429, -39.09206 ], [ -71.32447, -39.09229 ], [ -71.32439, -39.09271 ], [ -71.32461, -39.09298 ], [ -71.3246, -39.09309 ], [ -71.3244, -39.09321 ], [ -71.32392, -39.09311 ], [ -71.32373, -39.09325 ], [ -71.32408, -39.09357 ], [ -71.32372, -39.09385 ], [ -71.32391, -39.09401 ], [ -71.32412, -39.09402 ], [ -71.32436, -39.09434 ], [ -71.32426, -39.09475 ], [ -71.32403, -39.095 ], [ -71.32437, -39.09508 ], [ -71.32464, -39.09549 ], [ -71.32507, -39.09556 ], [ -71.32521, -39.09582 ], [ -71.32567, -39.0963 ], [ -71.32583, -39.09685 ], [ -71.32622, -39.09707 ], [ -71.32626, -39.09747 ], [ -71.32677, -39.09804 ], [ -71.32676, -39.0982 ], [ -71.32653, -39.0985 ], [ -71.32661, -39.09876 ], [ -71.32681, -39.09892 ], [ -71.32663, -39.0992 ], [ -71.32676, -39.09939 ], [ -71.32675, -39.09959 ], [ -71.32637, -39.10012 ], [ -71.32605, -39.1009 ], [ -71.32567, -39.10135 ], [ -71.32522, -39.10218 ], [ -71.32501, -39.10235 ], [ -71.32474, -39.10232 ], [ -71.32456, -39.10248 ], [ -71.32486, -39.10265 ], [ -71.32495, -39.10283 ], [ -71.32475, -39.10319 ], [ -71.32475, -39.10351 ], [ -71.32451, -39.1042 ], [ -71.32492, -39.10471 ], [ -71.32524, -39.10492 ], [ -71.32484, -39.10511 ], [ -71.32476, -39.10523 ], [ -71.32479, -39.10542 ], [ -71.32439, -39.10563 ], [ -71.32432, -39.10574 ], [ -71.32436, -39.10584 ], [ -71.32418, -39.10599 ], [ -71.32438, -39.10617 ], [ -71.32482, -39.10625 ], [ -71.32495, -39.10663 ], [ -71.32525, -39.10671 ], [ -71.32556, -39.10708 ], [ -71.32583, -39.10726 ], [ -71.32531, -39.10813 ], [ -71.32554, -39.10837 ], [ -71.32617, -39.10846 ], [ -71.32566, -39.10891 ], [ -71.32565, -39.10914 ], [ -71.32596, -39.10916 ], [ -71.32612, -39.10927 ], [ -71.32604, -39.10953 ], [ -71.32618, -39.10986 ], [ -71.32614, -39.11027 ], [ -71.32649, -39.1105 ], [ -71.3268, -39.11035 ], [ -71.32713, -39.1107 ], [ -71.32676, -39.111 ], [ -71.32618, -39.11092 ], [ -71.32609, -39.11099 ], [ -71.32609, -39.11109 ], [ -71.32624, -39.11123 ], [ -71.3268, -39.11125 ], [ -71.327, -39.11149 ], [ -71.32695, -39.11169 ], [ -71.3264, -39.11176 ], [ -71.32594, -39.11216 ], [ -71.32597, -39.11227 ], [ -71.32656, -39.11253 ], [ -71.32667, -39.11268 ], [ -71.32649, -39.11284 ], [ -71.32612, -39.11293 ], [ -71.32615, -39.11314 ], [ -71.32603, -39.11325 ], [ -71.32597, -39.11346 ], [ -71.32572, -39.11363 ], [ -71.32546, -39.11363 ], [ -71.32513, -39.11403 ], [ -71.32527, -39.11419 ], [ -71.32566, -39.11412 ], [ -71.3258, -39.1142 ], [ -71.32605, -39.11518 ], [ -71.32553, -39.11539 ], [ -71.3253, -39.11558 ], [ -71.32527, -39.11604 ], [ -71.32518, -39.11616 ], [ -71.32468, -39.11626 ], [ -71.32468, -39.11637 ], [ -71.32488, -39.11657 ], [ -71.32477, -39.11675 ], [ -71.32434, -39.11675 ], [ -71.32407, -39.11695 ], [ -71.32405, -39.11752 ], [ -71.32398, -39.11767 ], [ -71.32355, -39.11742 ], [ -71.32334, -39.11748 ], [ -71.32342, -39.11773 ], [ -71.32393, -39.1182 ], [ -71.32395, -39.11839 ], [ -71.32297, -39.11865 ], [ -71.32309, -39.1188 ], [ -71.32333, -39.11889 ], [ -71.3244, -39.11889 ], [ -71.32466, -39.11914 ], [ -71.32444, -39.11946 ], [ -71.32442, -39.11958 ], [ -71.3245, -39.11965 ], [ -71.3251, -39.11968 ], [ -71.326, -39.12001 ], [ -71.32611, -39.12018 ], [ -71.32618, -39.12081 ], [ -71.326, -39.12134 ], [ -71.32602, -39.12154 ], [ -71.3266, -39.12192 ], [ -71.3269, -39.12202 ], [ -71.32699, -39.12242 ], [ -71.32721, -39.12234 ], [ -71.32743, -39.12193 ], [ -71.32762, -39.12201 ], [ -71.32768, -39.12223 ], [ -71.32736, -39.12254 ], [ -71.32732, -39.12272 ], [ -71.32745, -39.12284 ], [ -71.32804, -39.12292 ], [ -71.32826, -39.12303 ], [ -71.32842, -39.1233 ], [ -71.32843, -39.12386 ], [ -71.32803, -39.12433 ], [ -71.32802, -39.12463 ], [ -71.32782, -39.12519 ], [ -71.32746, -39.12567 ], [ -71.32724, -39.12616 ], [ -71.32659, -39.12653 ], [ -71.32598, -39.12713 ], [ -71.32516, -39.12729 ], [ -71.3246, -39.12722 ], [ -71.32403, -39.12728 ], [ -71.32351, -39.12737 ], [ -71.32321, -39.12753 ], [ -71.32261, -39.12768 ], [ -71.32207, -39.12729 ], [ -71.32183, -39.12697 ] ] } },
{ "type": "Feature", "properties": { "osm_id": 196686943, "nombre": "Arroyo Maiaico", "tipo": "river", "volcan_codigo": "SOL", "volcan_nombre": "Sollipulli", "drena_volcan": false }, "geometry": { "type": "LineString", "coordinates": [ [ -71.34979, -39.25569 ], [ -71.34935, -39.256 ], [ -71.34923, -39.25625 ], [ -71.34922, -39.25642 ], [ -71.34953, -39.25679 ], [ -71.34861, -39.25747 ], [ -71.34836, -39.25776 ], [ -71.34829, -39.25801 ], [ -71.34833, -39.25811 ], [ -71.34883, -39.25833 ], [ -71.34933, -39.25831 ], [ -71.34935, -39.25842 ], [ -71.34883, -39.25892 ], [ -71.34789, -39.25933 ], [ -71.34811, -39.25972 ], [ -71.34808, -39.25988 ], [ -71.34798, -39.25995 ], [ -71.34736, -39.25994 ], [ -71.34728, -39.26024 ], [ -71.34693, -39.26049 ], [ -71.34693, -39.26065 ], [ -71.34715, -39.26093 ], [ -71.34727, -39.26135 ], [ -71.34741, -39.26147 ], [ -71.34729, -39.26189 ], [ -71.34771, -39.26226 ], [ -71.34731, -39.2626 ], [ -71.34722, -39.26281 ], [ -71.34757, -39.26312 ], [ -71.34745, -39.26324 ], [ -71.34699, -39.26334 ], [ -71.34656, -39.26373 ], [ -71.34603, -39.2634 ], [ -71.34578, -39.26349 ], [ -71.34587, -39.26371 ], [ -71.34571, -39.26396 ], [ -71.34574, -39.26433 ], [ -71.3454, -39.26459 ], [ -71.34561, -39.26484 ], [ -71.34573, -39.26488 ], [ -71.3456, -39.26511 ], [ -71.34574, -39.26555 ], [ -71.34503, -39.26676 ], [ -71.34508, -39.2671 ], [ -71.34523, -39.26735 ], [ -71.34471, -39.26776 ], [ -71.34458, -39.26796 ], [ -71.34493, -39.26854 ], [ -71.34424, -39.26878 ], [ -71.34395, -39.26906 ], [ -71.34392, -39.26922 ], [ -71.34401, -39.26955 ], [ -71.34388, -39.26998 ], [ -71.34362, -39.27016 ], [ -71.34321, -39.27022 ], [ -71.34307, -39.27033 ], [ -71.34301, -39.27077 ], [ -71.34277, -39.27121 ], [ -71.34289, -39.27148 ], [ -71.34317, -39.2718 ], [ -71.34303, -39.27192 ], [ -71.34261, -39.27197 ], [ -71.34221, -39.27232 ], [ -71.34215, -39.27247 ], [ -71.34242, -39.27288 ], [ -71.34244, -39.27306 ], [ -71.342, -39.27349 ], [ -71.34195, -39.27385 ], [ -71.3417, -39.27415 ], [ -71.34168, -39.27458 ], [ -71.34138, -39.27487 ], [ -71.34097, -39.27488 ], [ -71.34066, -39.27511 ], [ -71.34059, -39.27547 ], [ -71.34031, -39.27589 ], [ -71.33959, -39.27602 ], [ -71.33978, -39.27626 ], [ -71.34035, -39.27632 ], [ -71.34061, -39.27642 ], [ -71.34077, -39.27654 ], [ -71.34085, -39.27672 ], [ -71.33974, -39.27768 ], [ -71.33987, -39.27779 ], [ -71.3406, -39.27784 ], [ -71.34077, -39.27792 ], [ -71.34035, -39.2783 ], [ -71.34042, -39.27871 ], [ -71.34062, -39.27893 ], [ -71.34065, -39.27925 ], [ -71.3405, -39.27935 ], [ -71.34024, -39.27932 ], [ -71.33993, -39.2794 ], [ -71.33974, -39.27954 ], [ -71.34, -39.2798 ], [ -71.34052, -39.27963 ], [ -71.34111, -39.27982 ], [ -71.34125, -39.27994 ], [ -71.34106, -39.2802 ], [ -71.34103, -39.2804 ], [ -71.34143, -39.28062 ], [ -71.34138, -39.28072 ], [ -71.34091, -39.28102 ], [ -71.34047, -39.28084 ], [ -71.34033, -39.28094 ], [ -71.3404, -39.28108 ], [ -71.34076, -39.28126 ], [ -71.34078, -39.28137 ], [ -71.34055, -39.28151 ], [ -71.34076, -39.28166 ], [ -71.34078, -39.28177 ], [ -71.34051, -39.2819 ], [ -71.3399, -39.28175 ], [ -71.33957, -39.28226 ], [ -71.33906, -39.28229 ], [ -71.33892, -39.28235 ], [ -71.33862, -39.28275 ], [ -71.33809, -39.28283 ], [ -71.33769, -39.28304 ], [ -71.3375, -39.28307 ], [ -71.33711, -39.28297 ], [ -71.33644, -39.28336 ], [ -71.33576, -39.28314 ], [ -71.33542, -39.28327 ], [ -71.33542, -39.28369 ], [ -71.33512, -39.28406 ], [ -71.33507, -39.28426 ], [ -71.3353, -39.2846 ], [ -71.33528, -39.28481 ], [ -71.33456, -39.28519 ], [ -71.33394, -39.2852 ], [ -71.33378, -39.28529 ], [ -71.33373, -39.28556 ], [ -71.33382, -39.2857 ], [ -71.33402, -39.28576 ], [ -71.33433, -39.28559 ], [ -71.33461, -39.28575 ], [ -71.33472, -39.28594 ], [ -71.33456, -39.28617 ], [ -71.33422, -39.28635 ], [ -71.33363, -39.28643 ], [ -71.33347, -39.28652 ], [ -71.33343, -39.28679 ], [ -71.3337, -39.28733 ], [ -71.33361, -39.28791 ], [ -71.33343, -39.28796 ], [ -71.33311, -39.28783 ], [ -71.3327, -39.28784 ], [ -71.33174, -39.28835 ], [ -71.33164, -39.28848 ], [ -71.33168, -39.28861 ], [ -71.33206, -39.28892 ], [ -71.33201, -39.28908 ], [ -71.33186, -39.28917 ], [ -71.33114, -39.2891 ], [ -71.33014, -39.28925 ], [ -71.33003, -39.2894 ], [ -71.33008, -39.28959 ], [ -71.32995, -39.28965 ], [ -71.32978, -39.2896 ], [ -71.32956, -39.2893 ], [ -71.32939, -39.28932 ], [ -71.32921, -39.28939 ], [ -71.32912, -39.28977 ], [ -71.32895, -39.28987 ], [ -71.32875, -39.28987 ], [ -71.32844, -39.28869 ], [ -71.32791, -39.28831 ], [ -71.32769, -39.28825 ], [ -71.3269, -39.2889 ], [ -71.32677, -39.28915 ], [ -71.3269, -39.28937 ], [ -71.32678, -39.28962 ], [ -71.32634, -39.28995 ], [ -71.32618, -39.28994 ], [ -71.32567, -39.28952 ], [ -71.32521, -39.28951 ] ] } },
{ "type": "Feature", "properties": { "osm_id": 196702253, "nombre": "Arroyo Pilhué", "tipo": "river", "volcan_codigo": "SOL", "volcan_nombre": "Sollipulli", "drena_volcan": false }, "geometry": { "type": "LineString", "coordinates": [ [ -71.35554, -39.11655 ], [ -71.35502, -39.11635 ], [ -71.35422, -39.11571 ], [ -71.35397, -39.11574 ], [ -71.35365, -39.11594 ], [ -71.3535, -39.11627 ], [ -71.35354, -39.11652 ], [ -71.35431, -39.11699 ], [ -71.35436, -39.1173 ], [ -71.35409, -39.11778 ], [ -71.3541, -39.11803 ], [ -71.3543, -39.11814 ], [ -71.35484, -39.11819 ], [ -71.3559, -39.11793 ], [ -71.35603, -39.11804 ], [ -71.35608, -39.11854 ], [ -71.35667, -39.11873 ], [ -71.35691, -39.11896 ], [ -71.35715, -39.11949 ], [ -71.35687, -39.11986 ], [ -71.35566, -39.12061 ], [ -71.35534, -39.1209 ], [ -71.35518, -39.12117 ], [ -71.35515, -39.12163 ], [ -71.35523, -39.12197 ], [ -71.35504, -39.12223 ], [ -71.35444, -39.12233 ], [ -71.35413, -39.12248 ], [ -71.35306, -39.12277 ], [ -71.3524, -39.12341 ], [ -71.35189, -39.1237 ], [ -71.35144, -39.12414 ], [ -71.35103, -39.12507 ], [ -71.35068, -39.12549 ], [ -71.35037, -39.12567 ], [ -71.35016, -39.12569 ], [ -71.34968, -39.12553 ], [ -71.34929, -39.12566 ], [ -71.34894, -39.12592 ], [ -71.34866, -39.12627 ], [ -71.34795, -39.1266 ], [ -71.34779, -39.12696 ], [ -71.34724, -39.1273 ], [ -71.34688, -39.12739 ], [ -71.34655, -39.12736 ], [ -71.34655, -39.12721 ], [ -71.34641, -39.12703 ], [ -71.34605, -39.12679 ], [ -71.34542, -39.12681 ], [ -71.34516, -39.12665 ], [ -71.34446, -39.12672 ], [ -71.34403, -39.12663 ], [ -71.34373, -39.12673 ], [ -71.34365, -39.1269 ], [ -71.3435, -39.12698 ], [ -71.34314, -39.12691 ], [ -71.34294, -39.12696 ], [ -71.3429, -39.12708 ], [ -71.34325, -39.12758 ], [ -71.34357, -39.12763 ], [ -71.34397, -39.1275 ], [ -71.34411, -39.12753 ], [ -71.34416, -39.12765 ], [ -71.34409, -39.12775 ], [ -71.34337, -39.12799 ], [ -71.34286, -39.12797 ], [ -71.34247, -39.12784 ], [ -71.34225, -39.12789 ], [ -71.3419, -39.12817 ], [ -71.34172, -39.12846 ], [ -71.34176, -39.12872 ], [ -71.34205, -39.12879 ], [ -71.34303, -39.12873 ], [ -71.34317, -39.12885 ], [ -71.34316, -39.12925 ], [ -71.34297, -39.12943 ], [ -71.34263, -39.12952 ], [ -71.34137, -39.12931 ], [ -71.3408, -39.12979 ], [ -71.34003, -39.13065 ], [ -71.33983, -39.1308 ], [ -71.33951, -39.13089 ], [ -71.33926, -39.13089 ], [ -71.33913, -39.13079 ], [ -71.3392, -39.13045 ], [ -71.33914, -39.13032 ], [ -71.33795, -39.13028 ], [ -71.33768, -39.13038 ], [ -71.3376, -39.13057 ], [ -71.33766, -39.13072 ], [ -71.33877, -39.13138 ], [ -71.33877, -39.13151 ], [ -71.33859, -39.13177 ], [ -71.33826, -39.13194 ], [ -71.33785, -39.13206 ], [ -71.33764, -39.13168 ], [ -71.33741, -39.13149 ], [ -71.33704, -39.13139 ], [ -71.33685, -39.13141 ], [ -71.33665, -39.13162 ], [ -71.33642, -39.13159 ], [ -71.33623, -39.13114 ], [ -71.33568, -39.13089 ], [ -71.33478, -39.1309 ], [ -71.33386, -39.13134 ], [ -71.33347, -39.13139 ], [ -71.33258, -39.13173 ], [ -71.33177, -39.13185 ], [ -71.33115, -39.13172 ], [ -71.33103, -39.1313 ], [ -71.33091, -39.13113 ], [ -71.33073, -39.13102 ], [ -71.33049, -39.13101 ], [ -71.33032, -39.13108 ], [ -71.33012, -39.1313 ], [ -71.33044, -39.13179 ], [ -71.33043, -39.13197 ], [ -71.32993, -39.13219 ], [ -71.32981, -39.1323 ], [ -71.32982, -39.13249 ], [ -71.3297, -39.13261 ], [ -71.32911, -39.13248 ], [ -71.32883, -39.13258 ], [ -71.32838, -39.13252 ], [ -71.32817, -39.1322 ], [ -71.32822, -39.13205 ], [ -71.32862, -39.13214 ], [ -71.32875, -39.13202 ], [ -71.32858, -39.1311 ], [ -71.32828, -39.13106 ], [ -71.32787, -39.13124 ], [ -71.32762, -39.13125 ], [ -71.32651, -39.13084 ], [ -71.32641, -39.13075 ], [ -71.32637, -39.13058 ], [ -71.32645, -39.13046 ], [ -71.3275, -39.13002 ], [ -71.32752, -39.12986 ], [ -71.32741, -39.12966 ], [ -71.32713, -39.12955 ], [ -71.32645, -39.12957 ], [ -71.32621, -39.12953 ], [ -71.32605, -39.12941 ], [ -71.32597, -39.12926 ], [ -71.326, -39.12911 ], [ -71.32633, -39.12885 ], [ -71.32636, -39.12874 ], [ -71.32686, -39.12841 ], [ -71.32583, -39.1279 ], [ -71.32568, -39.12802 ], [ -71.32597, -39.12852 ], [ -71.326, -39.12876 ], [ -71.32593, -39.12885 ], [ -71.32506, -39.12893 ], [ -71.32433, -39.12885 ], [ -71.32418, -39.1292 ], [ -71.32418, -39.12989 ], [ -71.32376, -39.13009 ] ] } },
{ "type": "Feature", "properties": { "osm_id": 196707894, "nombre": "Río Pulmarí", "tipo": "river", "volcan_codigo": "SOL", "volcan_nombre": "Sollipulli", "drena_volcan": false }, "geometry": { "type": "LineString", "coordinates": [ [ -71.24989, -39.14848 ], [ -71.24891, -39.14796 ], [ -71.24845, -39.14792 ], [ -71.24804, -39.14821 ], [ -71.24771, -39.14858 ], [ -71.24662, -39.14924 ], [ -71.24515, -39.14975 ], [ -71.2441, -39.1498 ], [ -71.24383, -39.14969 ], [ -71.24293, -39.1488 ], [ -71.24219, -39.14826 ], [ -71.24066, -39.14748 ], [ -71.23859, -39.14576 ], [ -71.23788, -39.14489 ], [ -71.23658, -39.14371 ], [ -71.23555, -39.14307 ], [ -71.2353, -39.14303 ], [ -71.23502, -39.14305 ], [ -71.23463, -39.14328 ], [ -71.23457, -39.14366 ], [ -71.23479, -39.14428 ], [ -71.23476, -39.14444 ], [ -71.23506, -39.1451 ], [ -71.23517, -39.14557 ], [ -71.23476, -39.14599 ], [ -71.23425, -39.14615 ], [ -71.23357, -39.14597 ], [ -71.23324, -39.14563 ], [ -71.23311, -39.14537 ], [ -71.23317, -39.14517 ], [ -71.23308, -39.14479 ], [ -71.23243, -39.1443 ], [ -71.23158, -39.14389 ], [ -71.23107, -39.14389 ], [ -71.23067, -39.14415 ], [ -71.23012, -39.14436 ], [ -71.22955, -39.14438 ], [ -71.22864, -39.14457 ], [ -71.22843, -39.14469 ], [ -71.2278, -39.14541 ], [ -71.2272, -39.1454 ], [ -71.22613, -39.14498 ], [ -71.2257, -39.14442 ], [ -71.22514, -39.14415 ], [ -71.22455, -39.14408 ], [ -71.22385, -39.14458 ], [ -71.22333, -39.14464 ], [ -71.22317, -39.14458 ], [ -71.22298, -39.1443 ], [ -71.22294, -39.14409 ], [ -71.22317, -39.14378 ], [ -71.22319, -39.14361 ], [ -71.22273, -39.14302 ], [ -71.22249, -39.14189 ], [ -71.22065, -39.14079 ], [ -71.22014, -39.14057 ], [ -71.21852, -39.14023 ], [ -71.21673, -39.13943 ], [ -71.21642, -39.13899 ], [ -71.21606, -39.13872 ], [ -71.21568, -39.13851 ], [ -71.21507, -39.13832 ] ] } },
{ "type": "Feature", "properties": { "osm_id": 196707910, "nombre": "Sin nombre", "tipo": "river", "volcan_codigo": "SOL", "volcan_nombre": "Sollipulli", "drena_volcan": false }, "geometry": { "type": "LineString", "coordinates": [ [ -71.27725, -39.12906 ], [ -71.27689, -39.12948 ], [ -71.27611, -39.12986 ], [ -71.27529, -39.12999 ], [ -71.27479, -39.13015 ], [ -71.27397, -39.1308 ], [ -71.27331, -39.13108 ], [ -71.2726, -39.13155 ], [ -71.27228, -39.13205 ], [ -71.27236, -39.13251 ], [ -71.27219, -39.13253 ], [ -71.27197, -39.13224 ], [ -71.27173, -39.1322 ], [ -71.27133, -39.13235 ], [ -71.27133, -39.1326 ], [ -71.27117, -39.13309 ], [ -71.27101, -39.13314 ], [ -71.27079, -39.13306 ], [ -71.27076, -39.13271 ], [ -71.27068, -39.13267 ], [ -71.27019, -39.1329 ], [ -71.27011, -39.13301 ], [ -71.27023, -39.13321 ], [ -71.27069, -39.13329 ], [ -71.27098, -39.1335 ], [ -71.27065, -39.13374 ], [ -71.2707, -39.13395 ], [ -71.2711, -39.13397 ], [ -71.27147, -39.13382 ], [ -71.27168, -39.13401 ], [ -71.27151, -39.13414 ], [ -71.27054, -39.13445 ], [ -71.27016, -39.13471 ], [ -71.27007, -39.13487 ], [ -71.2701, -39.13504 ], [ -71.27024, -39.13517 ], [ -71.27066, -39.13524 ], [ -71.27104, -39.13501 ], [ -71.27134, -39.13455 ], [ -71.27162, -39.1345 ], [ -71.2717, -39.1346 ], [ -71.2717, -39.13502 ], [ -71.27115, -39.13589 ], [ -71.2712, -39.13612 ] ] } },
{ "type": "Feature", "properties": { "osm_id": 196768172, "nombre": "Río Pulmari", "tipo": "river", "volcan_codigo": "SOL", "volcan_nombre": "Sollipulli", "drena_volcan": false }, "geometry": { "type": "LineString", "coordinates": [ [ -71.09444, -39.11384 ], [ -71.09352, -39.1142 ], [ -71.0935, -39.11525 ], [ -71.0934, -39.11566 ], [ -71.09312, -39.116 ], [ -71.09257, -39.1163 ], [ -71.09189, -39.11637 ], [ -71.09102, -39.11625 ], [ -71.0896, -39.11629 ], [ -71.08742, -39.11622 ], [ -71.08609, -39.11629 ], [ -71.08517, -39.1165 ], [ -71.0847, -39.11676 ], [ -71.08469, -39.11707 ], [ -71.08438, -39.11742 ], [ -71.08167, -39.11909 ], [ -71.08007, -39.12043 ], [ -71.07735, -39.12146 ], [ -71.07548, -39.12101 ], [ -71.07456, -39.12047 ], [ -71.0725, -39.11951 ], [ -71.07081, -39.11953 ], [ -71.06933, -39.11879 ], [ -71.06894, -39.11797 ], [ -71.06832, -39.11775 ], [ -71.066, -39.1182 ], [ -71.06529, -39.11931 ], [ -71.06276, -39.11972 ], [ -71.06113, -39.11907 ], [ -71.05955, -39.11551 ], [ -71.05688, -39.11499 ], [ -71.05413, -39.11381 ], [ -71.05262, -39.11327 ], [ -71.04765, -39.11238 ], [ -71.04561, -39.11271 ], [ -71.04494, -39.11297 ], [ -71.04448, -39.11357 ], [ -71.04439, -39.11586 ], [ -71.04464, -39.11696 ], [ -71.04334, -39.11887 ], [ -71.04068, -39.1202 ], [ -71.03881, -39.12082 ], [ -71.03605, -39.11968 ], [ -71.03525, -39.11917 ], [ -71.03482, -39.11693 ], [ -71.03321, -39.11321 ], [ -71.03332, -39.11079 ], [ -71.0337, -39.10975 ], [ -71.03297, -39.10701 ], [ -71.03207, -39.10528 ], [ -71.02963, -39.10278 ], [ -71.02794, -39.10243 ], [ -71.02652, -39.10266 ], [ -71.02507, -39.10407 ], [ -71.02375, -39.10431 ], [ -71.02127, -39.10415 ], [ -71.02042, -39.10364 ], [ -71.02003, -39.10274 ], [ -71.0167, -39.10188 ], [ -71.01511, -39.10203 ], [ -71.01313, -39.10306 ], [ -71.00528, -39.10537 ], [ -71.0026, -39.10628 ], [ -71.00186, -39.10642 ], [ -70.99925, -39.10401 ], [ -70.99552, -39.09983 ], [ -70.99531, -39.09864 ], [ -70.99487, -39.09767 ], [ -70.99407, -39.09645 ], [ -70.99263, -39.09575 ], [ -70.99213, -39.09462 ], [ -70.99153, -39.09288 ], [ -70.99072, -39.09266 ], [ -70.98643, -39.0919 ], [ -70.98377, -39.09265 ], [ -70.98082, -39.09549 ], [ -70.97972, -39.0981 ], [ -70.97953, -39.09838 ], [ -70.97811, -39.09843 ], [ -70.97526, -39.09812 ], [ -70.97243, -39.09766 ], [ -70.96913, -39.09751 ], [ -70.96858, -39.09738 ], [ -70.96744, -39.09699 ], [ -70.96527, -39.09531 ], [ -70.96386, -39.09447 ], [ -70.96276, -39.09411 ], [ -70.96225, -39.09407 ], [ -70.96157, -39.09416 ], [ -70.96087, -39.09442 ], [ -70.95813, -39.09668 ], [ -70.95807, -39.09734 ], [ -70.95873, -39.0984 ], [ -70.95881, -39.09873 ], [ -70.95873, -39.09896 ] ] } },
{ "type": "Feature", "properties": { "osm_id": 199990516, "nombre": "Estero Icalma", "tipo": "river", "volcan_codigo": "SOL", "volcan_nombre": "Sollipulli", "drena_volcan": false }, "geometry": { "type": "LineString", "coordinates": [ [ -71.29512, -38.84817 ], [ -71.29525, -38.8476 ], [ -71.29561, -38.84697 ], [ -71.29565, -38.84644 ], [ -71.29583, -38.84631 ], [ -71.2958, -38.84623 ], [ -71.29615, -38.84608 ], [ -71.29602, -38.84585 ], [ -71.29524, -38.84523 ], [ -71.29535, -38.84456 ], [ -71.29504, -38.84469 ], [ -71.29468, -38.8447 ], [ -71.29445, -38.84456 ], [ -71.29398, -38.844 ], [ -71.29403, -38.84368 ], [ -71.29417, -38.84353 ], [ -71.2938, -38.84334 ], [ -71.29373, -38.84315 ], [ -71.29407, -38.8427 ], [ -71.29406, -38.84227 ], [ -71.29415, -38.84205 ], [ -71.29341, -38.84172 ], [ -71.29334, -38.84127 ], [ -71.29313, -38.84081 ], [ -71.2927, -38.84066 ], [ -71.29258, -38.84048 ], [ -71.29263, -38.84013 ], [ -71.29258, -38.83998 ], [ -71.29202, -38.83975 ], [ -71.29185, -38.83945 ], [ -71.29142, -38.8395 ], [ -71.29132, -38.83943 ], [ -71.29128, -38.83925 ], [ -71.2914, -38.83905 ], [ -71.29126, -38.83898 ], [ -71.29105, -38.83905 ], [ -71.29093, -38.83888 ], [ -71.2909, -38.83853 ], [ -71.291, -38.83832 ], [ -71.29146, -38.83842 ], [ -71.29168, -38.8384 ], [ -71.29167, -38.83825 ], [ -71.2912, -38.83759 ], [ -71.29159, -38.83758 ], [ -71.29181, -38.83748 ], [ -71.29123, -38.83724 ], [ -71.29117, -38.83713 ], [ -71.29147, -38.8367 ], [ -71.2921, -38.83687 ], [ -71.29216, -38.83682 ], [ -71.29212, -38.83634 ], [ -71.29238, -38.836 ], [ -71.29234, -38.83573 ], [ -71.29208, -38.83523 ], [ -71.29212, -38.83492 ], [ -71.29206, -38.83458 ], [ -71.29183, -38.8343 ], [ -71.29127, -38.83412 ], [ -71.29116, -38.83401 ], [ -71.29091, -38.83333 ], [ -71.29065, -38.83297 ], [ -71.29031, -38.83286 ], [ -71.2901, -38.83293 ], [ -71.28936, -38.83343 ], [ -71.28905, -38.83349 ], [ -71.28881, -38.83348 ], [ -71.28868, -38.83334 ], [ -71.28914, -38.83329 ], [ -71.28925, -38.83311 ], [ -71.28919, -38.83298 ], [ -71.28833, -38.833 ], [ -71.28795, -38.83293 ], [ -71.28788, -38.83282 ], [ -71.28795, -38.83256 ], [ -71.28875, -38.83158 ], [ -71.28836, -38.83112 ], [ -71.28806, -38.83099 ], [ -71.28807, -38.83044 ], [ -71.28776, -38.83031 ], [ -71.28758, -38.83007 ], [ -71.28751, -38.82995 ], [ -71.2876, -38.82967 ], [ -71.28752, -38.82958 ], [ -71.2862, -38.82957 ], [ -71.28524, -38.8288 ], [ -71.28481, -38.82862 ], [ -71.28431, -38.82866 ], [ -71.2843, -38.82834 ], [ -71.28417, -38.82824 ], [ -71.28361, -38.82821 ], [ -71.28298, -38.82804 ], [ -71.28296, -38.82794 ], [ -71.28322, -38.82754 ], [ -71.28369, -38.82731 ], [ -71.28372, -38.82707 ], [ -71.28333, -38.82696 ], [ -71.28323, -38.82685 ], [ -71.28372, -38.82639 ], [ -71.28341, -38.82611 ], [ -71.28342, -38.8255 ], [ -71.28328, -38.82514 ], [ -71.28283, -38.82481 ], [ -71.28291, -38.82441 ], [ -71.2822, -38.8241 ], [ -71.28219, -38.82387 ], [ -71.28236, -38.82369 ], [ -71.28236, -38.82359 ], [ -71.28206, -38.82369 ], [ -71.28188, -38.82364 ], [ -71.28232, -38.82334 ], [ -71.28236, -38.82323 ], [ -71.28219, -38.82308 ], [ -71.28188, -38.82332 ], [ -71.28168, -38.82338 ], [ -71.28157, -38.82333 ], [ -71.2815, -38.82316 ], [ -71.2817, -38.8231 ], [ -71.28136, -38.82288 ], [ -71.28137, -38.82275 ], [ -71.2815, -38.82267 ], [ -71.28176, -38.82257 ], [ -71.28214, -38.8227 ], [ -71.28232, -38.82254 ], [ -71.28209, -38.82216 ], [ -71.28239, -38.82183 ], [ -71.28216, -38.8216 ], [ -71.28231, -38.82125 ], [ -71.28204, -38.82083 ], [ -71.28219, -38.82035 ], [ -71.28257, -38.81992 ], [ -71.28243, -38.81957 ], [ -71.28197, -38.81911 ], [ -71.28196, -38.81896 ], [ -71.28241, -38.8186 ], [ -71.28242, -38.81848 ], [ -71.2823, -38.81811 ], [ -71.28199, -38.81778 ], [ -71.28157, -38.81673 ], [ -71.2817, -38.81584 ], [ -71.282, -38.81567 ], [ -71.28208, -38.81554 ], [ -71.28184, -38.81531 ], [ -71.28181, -38.81519 ], [ -71.28218, -38.81486 ], [ -71.28299, -38.81456 ], [ -71.28321, -38.81435 ], [ -71.28336, -38.81391 ], [ -71.28314, -38.81358 ], [ -71.28305, -38.81303 ], [ -71.28327, -38.81276 ], [ -71.2836, -38.8128 ], [ -71.28391, -38.81268 ], [ -71.28351, -38.81186 ], [ -71.28422, -38.81181 ], [ -71.28427, -38.81157 ], [ -71.28417, -38.81149 ], [ -71.28371, -38.81143 ], [ -71.28371, -38.81105 ], [ -71.28385, -38.81076 ], [ -71.28426, -38.81079 ], [ -71.28434, -38.81066 ], [ -71.28406, -38.81052 ], [ -71.28365, -38.8105 ], [ -71.2836, -38.81033 ], [ -71.28381, -38.81023 ], [ -71.28389, -38.81008 ], [ -71.28385, -38.80992 ], [ -71.28342, -38.80973 ], [ -71.28269, -38.80917 ], [ -71.28187, -38.80908 ], [ -71.28189, -38.80861 ], [ -71.28205, -38.80842 ], [ -71.28214, -38.80798 ], [ -71.28193, -38.80784 ], [ -71.28187, -38.80767 ], [ -71.28221, -38.80714 ] ] } },
{ "type": "Feature", "properties": { "osm_id": 200036987, "nombre": "Río Miraflores", "tipo": "river", "volcan_codigo": "SOL", "volcan_nombre": "Sollipulli", "drena_volcan": false }, "geometry": { "type": "LineString", "coordinates": [ [ -71.40842, -38.73861 ], [ -71.40828, -38.73873 ], [ -71.40613, -38.73952 ], [ -71.40572, -38.73952 ], [ -71.40546, -38.73948 ], [ -71.40542, -38.73936 ], [ -71.40551, -38.73907 ], [ -71.40545, -38.73879 ], [ -71.40491, -38.73839 ], [ -71.40455, -38.73826 ], [ -71.40355, -38.73856 ], [ -71.40332, -38.73851 ], [ -71.40314, -38.73824 ], [ -71.40226, -38.73802 ], [ -71.40107, -38.73827 ], [ -71.40083, -38.73856 ], [ -71.40095, -38.73877 ], [ -71.4009, -38.73893 ], [ -71.4006, -38.73905 ], [ -71.40005, -38.73917 ], [ -71.39898, -38.73915 ], [ -71.39869, -38.73899 ], [ -71.39781, -38.73815 ], [ -71.39772, -38.73778 ], [ -71.39748, -38.73753 ], [ -71.39626, -38.73731 ], [ -71.39609, -38.73721 ], [ -71.3953, -38.73668 ], [ -71.39515, -38.73624 ], [ -71.39491, -38.73598 ], [ -71.39439, -38.73582 ], [ -71.3942, -38.73534 ], [ -71.39354, -38.73499 ], [ -71.39306, -38.73489 ], [ -71.39261, -38.73469 ], [ -71.39236, -38.73435 ], [ -71.39276, -38.73392 ], [ -71.39268, -38.73365 ], [ -71.39229, -38.73351 ], [ -71.39182, -38.73348 ], [ -71.39094, -38.73358 ], [ -71.39045, -38.73346 ], [ -71.38995, -38.7336 ], [ -71.38961, -38.73358 ], [ -71.38871, -38.73243 ], [ -71.38832, -38.73256 ], [ -71.388, -38.73254 ], [ -71.38794, -38.73236 ], [ -71.38819, -38.73192 ], [ -71.38811, -38.73182 ], [ -71.38744, -38.73177 ], [ -71.38725, -38.73169 ], [ -71.38721, -38.73135 ], [ -71.38654, -38.73169 ], [ -71.38624, -38.73169 ], [ -71.38605, -38.73154 ], [ -71.38624, -38.73095 ], [ -71.38605, -38.73078 ], [ -71.38568, -38.73085 ], [ -71.38555, -38.73119 ], [ -71.38538, -38.73136 ], [ -71.38515, -38.7313 ], [ -71.38508, -38.73112 ], [ -71.38521, -38.73018 ], [ -71.3842, -38.7301 ], [ -71.38356, -38.72995 ], [ -71.3835, -38.7298 ], [ -71.38356, -38.72926 ], [ -71.38304, -38.72921 ], [ -71.38242, -38.72936 ], [ -71.38199, -38.72933 ], [ -71.38184, -38.72918 ], [ -71.38201, -38.72898 ], [ -71.38227, -38.72894 ], [ -71.38257, -38.72873 ], [ -71.38244, -38.72834 ], [ -71.38229, -38.72817 ], [ -71.38158, -38.72823 ], [ -71.38129, -38.72807 ], [ -71.38154, -38.72754 ], [ -71.38135, -38.7272 ], [ -71.38152, -38.727 ], [ -71.38156, -38.72663 ], [ -71.38178, -38.72625 ], [ -71.38143, -38.72591 ], [ -71.38135, -38.72573 ], [ -71.38096, -38.72573 ], [ -71.38068, -38.72628 ], [ -71.38047, -38.72625 ], [ -71.38013, -38.72603 ], [ -71.3798, -38.72546 ], [ -71.3798, -38.72526 ], [ -71.37993, -38.72499 ], [ -71.37991, -38.72481 ], [ -71.37952, -38.72499 ], [ -71.37927, -38.72503 ], [ -71.3792, -38.72464 ], [ -71.3791, -38.72446 ], [ -71.37871, -38.72422 ], [ -71.37867, -38.72405 ], [ -71.3791, -38.72376 ], [ -71.37903, -38.72357 ], [ -71.37858, -38.72325 ], [ -71.3783, -38.72285 ], [ -71.37742, -38.72297 ], [ -71.37725, -38.72275 ], [ -71.37747, -38.72225 ], [ -71.37777, -38.72183 ], [ -71.37747, -38.72158 ], [ -71.37704, -38.72168 ], [ -71.37682, -38.72164 ], [ -71.37691, -38.72144 ], [ -71.37751, -38.72114 ], [ -71.37757, -38.72091 ], [ -71.37742, -38.72083 ], [ -71.37663, -38.72091 ], [ -71.37656, -38.72064 ], [ -71.37671, -38.72032 ], [ -71.37665, -38.71977 ], [ -71.37644, -38.71974 ], [ -71.37592, -38.71989 ], [ -71.37592, -38.72021 ], [ -71.37536, -38.72044 ], [ -71.37502, -38.72086 ], [ -71.37472, -38.72096 ], [ -71.37444, -38.72086 ], [ -71.37453, -38.72066 ], [ -71.37498, -38.72014 ], [ -71.37553, -38.71984 ], [ -71.37564, -38.7197 ], [ -71.37551, -38.71954 ], [ -71.37481, -38.71952 ], [ -71.3742, -38.71937 ], [ -71.37408, -38.71925 ], [ -71.37422, -38.71833 ], [ -71.37392, -38.71798 ], [ -71.37322, -38.71748 ], [ -71.37234, -38.71749 ], [ -71.37208, -38.71737 ], [ -71.37199, -38.71724 ], [ -71.37208, -38.71709 ], [ -71.37292, -38.71682 ], [ -71.37275, -38.71597 ], [ -71.37189, -38.71495 ], [ -71.37184, -38.71475 ], [ -71.37229, -38.71377 ], [ -71.37292, -38.71332 ], [ -71.37298, -38.71317 ], [ -71.37285, -38.71302 ], [ -71.37229, -38.71254 ], [ -71.37204, -38.71252 ], [ -71.37171, -38.71272 ], [ -71.37154, -38.71346 ], [ -71.37131, -38.71344 ], [ -71.37116, -38.71331 ], [ -71.37041, -38.71217 ], [ -71.37047, -38.71143 ], [ -71.37079, -38.71106 ], [ -71.37041, -38.71045 ], [ -71.36995, -38.71033 ], [ -71.36963, -38.71034 ], [ -71.36927, -38.71001 ], [ -71.36892, -38.70999 ], [ -71.36835, -38.71043 ], [ -71.36804, -38.71048 ], [ -71.36772, -38.7104 ], [ -71.36753, -38.71021 ], [ -71.36669, -38.70991 ], [ -71.36543, -38.70874 ], [ -71.36491, -38.70849 ], [ -71.36403, -38.70842 ], [ -71.36373, -38.70822 ], [ -71.36332, -38.70773 ], [ -71.36298, -38.70748 ], [ -71.36227, -38.70651 ], [ -71.3612, -38.70641 ], [ -71.36099, -38.70629 ], [ -71.36077, -38.70586 ], [ -71.36032, -38.70556 ], [ -71.35893, -38.70547 ], [ -71.35856, -38.7053 ], [ -71.35751, -38.7043 ], [ -71.35751, -38.70392 ], [ -71.35777, -38.70308 ], [ -71.35764, -38.70247 ], [ -71.35736, -38.70241 ], [ -71.3568, -38.70269 ], [ -71.35652, -38.70274 ], [ -71.35611, -38.70254 ], [ -71.3559, -38.70232 ], [ -71.35543, -38.70153 ], [ -71.35504, -38.70122 ], [ -71.35487, -38.70075 ], [ -71.35506, -38.70018 ], [ -71.35504, -38.7 ], [ -71.35414, -38.69931 ], [ -71.35356, -38.69792 ], [ -71.35339, -38.69775 ], [ -71.3527, -38.69752 ], [ -71.35242, -38.69726 ], [ -71.35111, -38.69673 ], [ -71.35088, -38.69651 ], [ -71.35049, -38.69589 ], [ -71.35026, -38.69571 ], [ -71.34987, -38.69561 ], [ -71.34953, -38.69564 ], [ -71.34899, -38.69522 ], [ -71.34609, -38.69477 ], [ -71.34577, -38.69465 ], [ -71.34549, -38.69442 ], [ -71.34502, -38.69355 ], [ -71.34438, -38.69313 ], [ -71.34384, -38.69259 ], [ -71.34352, -38.69239 ], [ -71.34264, -38.69275 ], [ -71.34209, -38.69306 ], [ -71.34132, -38.69321 ], [ -71.34029, -38.69283 ], [ -71.3395, -38.69274 ], [ -71.33888, -38.69278 ], [ -71.33824, -38.69261 ], [ -71.3378, -38.69196 ], [ -71.33747, -38.69174 ], [ -71.33689, -38.69164 ], [ -71.33583, -38.69186 ], [ -71.3354, -38.69177 ], [ -71.33523, -38.69147 ], [ -71.3353, -38.69127 ], [ -71.33559, -38.69105 ], [ -71.33655, -38.69074 ], [ -71.3379, -38.69047 ], [ -71.3386, -38.68949 ], [ -71.3386, -38.68916 ], [ -71.33841, -38.68898 ], [ -71.33807, -38.68894 ], [ -71.33757, -38.68917 ], [ -71.33707, -38.68917 ], [ -71.33642, -38.68886 ], [ -71.33524, -38.68796 ], [ -71.33484, -38.68725 ], [ -71.33427, -38.68706 ], [ -71.33383, -38.68707 ], [ -71.33313, -38.68692 ], [ -71.33251, -38.6871 ], [ -71.33208, -38.68735 ], [ -71.33152, -38.68799 ], [ -71.33145, -38.6882 ], [ -71.33176, -38.68895 ], [ -71.33223, -38.68927 ], [ -71.33287, -38.68948 ], [ -71.33325, -38.68971 ], [ -71.33347, -38.69003 ], [ -71.33351, -38.69036 ], [ -71.33258, -38.69108 ], [ -71.3313, -38.69132 ], [ -71.33089, -38.69147 ] ] } },
{ "type": "Feature", "properties": { "osm_id": 200734277, "nombre": "Río Calbuco", "tipo": "river", "volcan_codigo": "SOL", "volcan_nombre": "Sollipulli", "drena_volcan": false }, "geometry": { "type": "LineString", "coordinates": [ [ -71.80079, -38.71776 ], [ -71.80134, -38.71796 ], [ -71.80184, -38.71842 ], [ -71.80217, -38.71891 ], [ -71.80346, -38.71943 ], [ -71.80443, -38.71936 ], [ -71.80591, -38.71948 ], [ -71.80631, -38.71963 ], [ -71.80702, -38.71966 ], [ -71.8081, -38.72017 ], [ -71.80851, -38.72028 ], [ -71.80918, -38.72066 ], [ -71.80975, -38.72126 ], [ -71.80997, -38.72191 ], [ -71.80993, -38.72262 ], [ -71.81009, -38.72287 ], [ -71.81072, -38.72313 ], [ -71.81107, -38.72319 ], [ -71.81161, -38.72345 ], [ -71.81224, -38.7235 ], [ -71.81346, -38.72316 ], [ -71.8145, -38.72316 ], [ -71.81534, -38.7233 ], [ -71.81562, -38.72356 ], [ -71.81769, -38.7248 ], [ -71.81796, -38.72541 ], [ -71.81843, -38.72564 ], [ -71.81976, -38.72665 ], [ -71.82045, -38.72757 ], [ -71.82361, -38.72864 ], [ -71.82537, -38.72879 ], [ -71.82769, -38.72886 ], [ -71.82874, -38.72911 ], [ -71.82947, -38.72948 ], [ -71.83078, -38.72987 ], [ -71.83194, -38.72943 ], [ -71.83351, -38.72851 ], [ -71.83473, -38.72799 ], [ -71.83548, -38.72791 ], [ -71.83612, -38.72804 ], [ -71.83724, -38.72844 ], [ -71.83793, -38.72848 ], [ -71.83904, -38.72838 ], [ -71.84012, -38.72727 ], [ -71.84063, -38.72687 ], [ -71.84125, -38.72645 ], [ -71.84209, -38.72623 ], [ -71.84344, -38.72618 ], [ -71.84769, -38.72648 ], [ -71.84857, -38.72663 ], [ -71.85316, -38.72844 ], [ -71.85385, -38.72884 ], [ -71.85462, -38.72968 ], [ -71.85715, -38.73092 ], [ -71.8594, -38.73117 ], [ -71.86033, -38.73115 ], [ -71.86134, -38.731 ], [ -71.86316, -38.73042 ], [ -71.86402, -38.73045 ], [ -71.86488, -38.73079 ], [ -71.86683, -38.73174 ], [ -71.87222, -38.73276 ], [ -71.8729, -38.73313 ], [ -71.87406, -38.73397 ], [ -71.87511, -38.73448 ], [ -71.87584, -38.73442 ], [ -71.8765, -38.73416 ], [ -71.87707, -38.73447 ], [ -71.87739, -38.73505 ], [ -71.87797, -38.73544 ], [ -71.87884, -38.73546 ], [ -71.88048, -38.73606 ], [ -71.88149, -38.73631 ], [ -71.88352, -38.73663 ], [ -71.88599, -38.73718 ], [ -71.88998, -38.73711 ], [ -71.89088, -38.73718 ], [ -71.89348, -38.73763 ], [ -71.89451, -38.7379 ], [ -71.89664, -38.73885 ], [ -71.89781, -38.73907 ], [ -71.89981, -38.73964 ], [ -71.90127, -38.73869 ], [ -71.9017, -38.73825 ], [ -71.90226, -38.73788 ], [ -71.90603, -38.73557 ], [ -71.90732, -38.7345 ], [ -71.90822, -38.73316 ], [ -71.90908, -38.73246 ], [ -71.90972, -38.73159 ], [ -71.91041, -38.73115 ], [ -71.91217, -38.73028 ], [ -71.91356, -38.72997 ], [ -71.91625, -38.72961 ], [ -71.92094, -38.7294 ], [ -71.92397, -38.72878 ], [ -71.92796, -38.72821 ], [ -71.93015, -38.72824 ], [ -71.93322, -38.72812 ], [ -71.93526, -38.72841 ], [ -71.93592, -38.72869 ], [ -71.93633, -38.72871 ], [ -71.93725, -38.72846 ], [ -71.93757, -38.72808 ], [ -71.93785, -38.72798 ], [ -71.93944, -38.72786 ], [ -71.94, -38.72769 ], [ -71.94303, -38.72714 ], [ -71.94396, -38.72721 ], [ -71.9445, -38.72761 ], [ -71.94486, -38.72765 ], [ -71.94502, -38.72754 ], [ -71.94531, -38.72706 ], [ -71.94585, -38.72666 ], [ -71.94623, -38.7262 ], [ -71.94647, -38.72608 ], [ -71.94728, -38.72603 ], [ -71.94784, -38.72575 ], [ -71.94836, -38.72571 ], [ -71.94853, -38.72557 ], [ -71.94881, -38.72509 ], [ -71.94922, -38.72497 ], [ -71.94999, -38.72491 ], [ -71.95246, -38.72376 ], [ -71.95454, -38.72378 ], [ -71.95518, -38.72361 ], [ -71.95633, -38.72268 ], [ -71.95706, -38.72161 ], [ -71.95775, -38.72088 ], [ -71.95891, -38.71984 ], [ -71.96311, -38.7181 ], [ -71.96414, -38.71749 ] ] } },
{ "type": "Feature", "properties": { "osm_id": 200737232, "nombre": "Estero Pallanilahue", "tipo": "river", "volcan_codigo": "SOL", "volcan_nombre": "Sollipulli", "drena_volcan": false }, "geometry": { "type": "LineString", "coordinates": [ [ -71.67223, -38.93825 ], [ -71.67204, -38.93786 ], [ -71.67217, -38.93743 ], [ -71.67281, -38.93661 ], [ -71.67328, -38.93628 ], [ -71.67427, -38.93581 ], [ -71.67478, -38.93526 ], [ -71.67523, -38.93459 ], [ -71.67558, -38.93434 ], [ -71.67577, -38.93401 ], [ -71.67609, -38.93367 ], [ -71.67699, -38.93314 ], [ -71.67721, -38.93274 ], [ -71.67699, -38.93237 ], [ -71.67648, -38.93206 ], [ -71.6756, -38.93191 ], [ -71.67526, -38.93144 ], [ -71.67526, -38.93122 ], [ -71.675, -38.93082 ], [ -71.67543, -38.93049 ], [ -71.67607, -38.93045 ], [ -71.67648, -38.93059 ], [ -71.67729, -38.93065 ], [ -71.67761, -38.93049 ], [ -71.67772, -38.9303 ], [ -71.6777, -38.93 ], [ -71.67731, -38.92959 ], [ -71.67745, -38.92933 ], [ -71.67779, -38.92915 ], [ -71.67923, -38.9287 ], [ -71.6797, -38.92842 ], [ -71.68011, -38.92748 ], [ -71.68002, -38.92678 ], [ -71.67972, -38.92645 ], [ -71.67966, -38.92616 ], [ -71.67966, -38.92591 ], [ -71.67978, -38.92568 ], [ -71.68047, -38.92528 ], [ -71.68128, -38.92508 ], [ -71.68161, -38.92491 ], [ -71.68311, -38.92391 ], [ -71.68392, -38.92359 ], [ -71.6844, -38.92361 ], [ -71.6848, -38.92344 ], [ -71.68605, -38.92267 ], [ -71.68646, -38.92257 ], [ -71.68697, -38.92286 ], [ -71.68736, -38.92287 ], [ -71.68894, -38.92212 ], [ -71.68931, -38.92202 ], [ -71.6907, -38.92186 ], [ -71.69238, -38.92152 ], [ -71.69281, -38.92092 ], [ -71.69322, -38.92077 ], [ -71.69349, -38.92051 ], [ -71.69368, -38.92025 ], [ -71.69385, -38.91972 ], [ -71.69406, -38.91936 ], [ -71.69444, -38.91886 ], [ -71.69475, -38.91872 ], [ -71.69556, -38.91865 ], [ -71.69597, -38.91871 ], [ -71.69658, -38.91855 ], [ -71.6973, -38.91815 ], [ -71.69765, -38.9181 ], [ -71.69792, -38.91828 ], [ -71.69828, -38.91835 ], [ -71.69869, -38.9181 ], [ -71.69877, -38.91787 ], [ -71.69895, -38.9177 ], [ -71.69957, -38.91767 ], [ -71.70058, -38.9174 ], [ -71.70463, -38.91708 ], [ -71.70491, -38.91696 ], [ -71.70551, -38.9164 ], [ -71.70583, -38.9164 ], [ -71.7065, -38.91668 ], [ -71.70693, -38.91671 ], [ -71.70779, -38.91641 ], [ -71.70954, -38.91626 ], [ -71.71141, -38.9158 ], [ -71.71178, -38.91578 ], [ -71.71296, -38.91603 ], [ -71.71456, -38.91621 ], [ -71.71508, -38.9161 ], [ -71.71577, -38.9157 ], [ -71.71609, -38.91566 ], [ -71.71639, -38.91586 ], [ -71.71645, -38.91608 ], [ -71.71609, -38.91641 ], [ -71.71605, -38.91668 ], [ -71.71641, -38.91665 ], [ -71.7174, -38.91623 ], [ -71.71834, -38.91618 ], [ -71.71954, -38.91646 ], [ -71.72094, -38.917 ], [ -71.72205, -38.9168 ], [ -71.72317, -38.91678 ], [ -71.72362, -38.91698 ], [ -71.72562, -38.91737 ], [ -71.72701, -38.91747 ], [ -71.72757, -38.9178 ], [ -71.72806, -38.91833 ], [ -71.72849, -38.91845 ], [ -71.72969, -38.91853 ], [ -71.73008, -38.91907 ], [ -71.73098, -38.91944 ], [ -71.73154, -38.91935 ], [ -71.73207, -38.9191 ], [ -71.73242, -38.9188 ], [ -71.73357, -38.91852 ] ] } },
{ "type": "Feature", "properties": { "osm_id": 200737606, "nombre": "Río Llaima", "tipo": "river", "volcan_codigo": "SOL", "volcan_nombre": "Sollipulli", "drena_volcan": false }, "geometry": { "type": "LineString", "coordinates": [ [ -71.76295, -38.8911 ], [ -71.76273, -38.89061 ], [ -71.76275, -38.89016 ], [ -71.76341, -38.88925 ], [ -71.76389, -38.88833 ], [ -71.76387, -38.88813 ], [ -71.76368, -38.88752 ], [ -71.76341, -38.88715 ], [ -71.76325, -38.88667 ], [ -71.76258, -38.88574 ], [ -71.76266, -38.8854 ], [ -71.76258, -38.88491 ], [ -71.76301, -38.88446 ], [ -71.76307, -38.88414 ], [ -71.76294, -38.88371 ], [ -71.76266, -38.88358 ], [ -71.76228, -38.88295 ], [ -71.76217, -38.88245 ], [ -71.762, -38.88223 ], [ -71.76199, -38.882 ], [ -71.76228, -38.8817 ], [ -71.76216, -38.88147 ], [ -71.76221, -38.8813 ], [ -71.76247, -38.88104 ], [ -71.76335, -38.88054 ], [ -71.76393, -38.88003 ], [ -71.7652, -38.87999 ], [ -71.76595, -38.87964 ], [ -71.76633, -38.87873 ], [ -71.76651, -38.87857 ], [ -71.76719, -38.87826 ], [ -71.76787, -38.87766 ], [ -71.76797, -38.87742 ], [ -71.76773, -38.87673 ], [ -71.7678, -38.87652 ], [ -71.76845, -38.87654 ], [ -71.76877, -38.87616 ], [ -71.76893, -38.87546 ], [ -71.7694, -38.87543 ], [ -71.76979, -38.87557 ], [ -71.77013, -38.87527 ], [ -71.77055, -38.87464 ], [ -71.77204, -38.87366 ], [ -71.77377, -38.87337 ], [ -71.77435, -38.8737 ], [ -71.77474, -38.87448 ], [ -71.77502, -38.87471 ], [ -71.7756, -38.87482 ], [ -71.77617, -38.87468 ], [ -71.7776, -38.874 ], [ -71.77828, -38.87392 ], [ -71.77937, -38.87429 ], [ -71.7796, -38.87479 ], [ -71.77963, -38.87519 ], [ -71.77997, -38.87531 ], [ -71.78115, -38.87522 ], [ -71.78182, -38.87526 ], [ -71.78265, -38.87552 ], [ -71.78403, -38.87546 ], [ -71.78512, -38.87577 ], [ -71.78605, -38.87592 ], [ -71.78717, -38.87627 ], [ -71.78863, -38.87628 ], [ -71.7897, -38.87679 ], [ -71.79091, -38.87687 ], [ -71.79141, -38.877 ] ] } },
{ "type": "Feature", "properties": { "osm_id": 200737607, "nombre": "Río Pichadinga", "tipo": "river", "volcan_codigo": "SOL", "volcan_nombre": "Sollipulli", "drena_volcan": false }, "geometry": { "type": "LineString", "coordinates": [ [ -71.69639, -38.99287 ], [ -71.69815, -38.9915 ], [ -71.69858, -38.99094 ], [ -71.69867, -38.98957 ], [ -71.69837, -38.98877 ], [ -71.69841, -38.98817 ], [ -71.69901, -38.98687 ], [ -71.69927, -38.98607 ], [ -71.69991, -38.98553 ], [ -71.70021, -38.98507 ], [ -71.70004, -38.98477 ], [ -71.6997, -38.9833 ], [ -71.70077, -38.9823 ], [ -71.70141, -38.98186 ], [ -71.70176, -38.9814 ], [ -71.70163, -38.98066 ], [ -71.70103, -38.97936 ], [ -71.70137, -38.97883 ], [ -71.7018, -38.97836 ], [ -71.70227, -38.97803 ], [ -71.70287, -38.97713 ], [ -71.70369, -38.97643 ], [ -71.70545, -38.97392 ], [ -71.70691, -38.97152 ], [ -71.70759, -38.97055 ], [ -71.70789, -38.96965 ], [ -71.70802, -38.96885 ], [ -71.70854, -38.96692 ], [ -71.70965, -38.96622 ], [ -71.70961, -38.96558 ], [ -71.70946, -38.965 ], [ -71.70995, -38.96435 ], [ -71.71008, -38.96381 ], [ -71.70967, -38.96316 ], [ -71.7097, -38.96258 ], [ -71.71021, -38.96198 ], [ -71.71038, -38.96064 ], [ -71.71064, -38.96018 ], [ -71.71159, -38.9591 ], [ -71.71218, -38.95877 ], [ -71.71326, -38.95838 ], [ -71.71355, -38.95797 ], [ -71.71338, -38.95712 ], [ -71.71408, -38.95678 ], [ -71.71486, -38.95617 ], [ -71.71498, -38.95529 ], [ -71.71532, -38.95502 ], [ -71.71547, -38.95464 ], [ -71.71537, -38.95427 ], [ -71.71574, -38.95376 ], [ -71.71625, -38.9533 ], [ -71.71641, -38.95282 ], [ -71.71633, -38.95247 ], [ -71.71648, -38.95197 ], [ -71.71709, -38.9516 ], [ -71.71723, -38.95094 ], [ -71.71799, -38.95042 ], [ -71.71797, -38.95005 ], [ -71.7175, -38.94976 ], [ -71.71768, -38.94913 ], [ -71.71832, -38.9489 ], [ -71.71861, -38.94764 ], [ -71.71825, -38.94712 ], [ -71.71836, -38.94664 ], [ -71.71869, -38.94611 ], [ -71.71919, -38.94566 ], [ -71.72011, -38.94508 ], [ -71.72051, -38.94464 ], [ -71.72049, -38.94416 ], [ -71.72007, -38.94382 ], [ -71.72011, -38.94355 ], [ -71.72058, -38.94313 ], [ -71.7206, -38.94145 ], [ -71.72051, -38.94109 ], [ -71.72098, -38.94048 ], [ -71.72231, -38.93915 ], [ -71.72321, -38.93731 ], [ -71.72424, -38.93581 ], [ -71.7245, -38.93458 ], [ -71.72476, -38.93394 ], [ -71.72519, -38.93341 ], [ -71.72639, -38.93241 ], [ -71.72738, -38.93144 ], [ -71.72845, -38.93004 ], [ -71.72905, -38.92954 ], [ -71.7306, -38.92857 ], [ -71.73107, -38.92807 ], [ -71.73124, -38.92767 ], [ -71.7312, -38.9266 ], [ -71.73201, -38.9256 ], [ -71.73321, -38.92453 ], [ -71.73343, -38.92383 ], [ -71.73347, -38.92282 ], [ -71.73407, -38.92169 ], [ -71.73381, -38.92102 ], [ -71.73377, -38.92055 ], [ -71.7339, -38.91955 ], [ -71.73383, -38.91904 ], [ -71.73357, -38.91852 ] ] } },
{ "type": "Feature", "properties": { "osm_id": 200739660, "nombre": "Río Alpehue", "tipo": "river", "volcan_codigo": "SOL", "volcan_nombre": "Sollipulli", "drena_volcan": true }, "geometry": { "type": "LineString", "coordinates": [ [ -71.56809, -38.95799 ], [ -71.56822, -38.95749 ], [ -71.56818, -38.95706 ], [ -71.56788, -38.95662 ], [ -71.56788, -38.95532 ], [ -71.56749, -38.95492 ], [ -71.56589, -38.95401 ], [ -71.56566, -38.953 ], [ -71.56585, -38.95257 ], [ -71.56589, -38.95221 ], [ -71.56552, -38.95162 ], [ -71.56569, -38.95128 ], [ -71.56561, -38.95051 ], [ -71.56621, -38.94978 ], [ -71.56627, -38.94939 ], [ -71.56688, -38.94926 ], [ -71.56753, -38.94827 ], [ -71.56806, -38.9482 ], [ -71.5685, -38.94801 ], [ -71.56818, -38.94768 ], [ -71.56803, -38.9474 ], [ -71.56819, -38.94671 ], [ -71.56855, -38.94656 ], [ -71.56906, -38.94649 ], [ -71.57007, -38.94671 ], [ -71.57044, -38.94669 ], [ -71.57073, -38.94651 ], [ -71.57061, -38.94608 ], [ -71.57063, -38.94567 ], [ -71.57035, -38.94486 ], [ -71.56996, -38.94449 ], [ -71.57108, -38.94406 ], [ -71.5734, -38.94379 ], [ -71.57644, -38.94275 ], [ -71.57649, -38.94249 ], [ -71.57683, -38.94229 ], [ -71.57734, -38.94232 ], [ -71.57782, -38.94252 ], [ -71.57837, -38.94255 ], [ -71.57868, -38.94245 ], [ -71.57928, -38.94169 ], [ -71.57975, -38.94129 ], [ -71.58078, -38.94109 ], [ -71.58159, -38.94075 ], [ -71.58189, -38.94042 ], [ -71.58193, -38.93968 ], [ -71.58282, -38.93944 ], [ -71.58327, -38.93885 ], [ -71.5859, -38.93746 ], [ -71.58644, -38.93701 ], [ -71.58703, -38.93667 ], [ -71.58731, -38.93626 ], [ -71.58759, -38.93611 ], [ -71.58791, -38.93615 ], [ -71.58861, -38.93565 ], [ -71.58932, -38.93539 ], [ -71.58977, -38.93489 ], [ -71.59054, -38.93458 ], [ -71.59176, -38.93428 ], [ -71.59247, -38.93426 ], [ -71.59275, -38.93406 ], [ -71.59406, -38.93349 ], [ -71.59468, -38.93356 ], [ -71.59535, -38.93393 ], [ -71.59563, -38.93386 ], [ -71.59581, -38.93366 ], [ -71.59685, -38.93291 ], [ -71.59711, -38.93251 ], [ -71.59696, -38.93215 ], [ -71.5973, -38.93171 ], [ -71.59732, -38.93157 ], [ -71.59762, -38.93135 ], [ -71.59794, -38.93119 ], [ -71.59925, -38.93079 ], [ -71.59976, -38.93073 ], [ -71.60035, -38.93095 ], [ -71.60062, -38.93086 ], [ -71.60097, -38.93064 ], [ -71.60157, -38.93002 ], [ -71.60181, -38.92959 ], [ -71.6026, -38.92888 ], [ -71.60283, -38.9284 ], [ -71.60302, -38.9274 ], [ -71.60348, -38.92724 ], [ -71.60398, -38.92723 ], [ -71.6043, -38.9271 ], [ -71.60539, -38.92696 ], [ -71.60635, -38.92655 ], [ -71.60702, -38.92654 ], [ -71.60739, -38.9263 ], [ -71.6076, -38.92575 ], [ -71.60838, -38.92456 ], [ -71.6088, -38.92454 ], [ -71.60898, -38.92432 ], [ -71.60868, -38.92374 ], [ -71.60816, -38.92336 ], [ -71.60803, -38.92307 ], [ -71.60784, -38.92229 ], [ -71.60809, -38.92189 ], [ -71.60808, -38.92162 ], [ -71.60791, -38.92041 ], [ -71.60762, -38.91929 ], [ -71.60764, -38.91887 ], [ -71.608, -38.91836 ], [ -71.60808, -38.91798 ], [ -71.60892, -38.91755 ], [ -71.60904, -38.91713 ], [ -71.60875, -38.91661 ], [ -71.60865, -38.91624 ], [ -71.60894, -38.91591 ], [ -71.60925, -38.91528 ], [ -71.60981, -38.91479 ], [ -71.61039, -38.91452 ], [ -71.61048, -38.91428 ], [ -71.6102, -38.91368 ], [ -71.61024, -38.91343 ], [ -71.61041, -38.91322 ], [ -71.61071, -38.91306 ], [ -71.6116, -38.91295 ], [ -71.61231, -38.91261 ], [ -71.61265, -38.91257 ], [ -71.613, -38.91265 ], [ -71.61341, -38.91196 ], [ -71.61373, -38.91179 ], [ -71.61389, -38.91148 ], [ -71.61425, -38.91138 ], [ -71.61468, -38.91082 ], [ -71.61553, -38.91061 ], [ -71.61586, -38.91033 ], [ -71.61599, -38.9096 ], [ -71.61699, -38.90824 ], [ -71.61704, -38.90745 ], [ -71.61743, -38.9061 ], [ -71.61778, -38.90591 ], [ -71.61794, -38.90553 ], [ -71.61774, -38.90491 ], [ -71.61795, -38.90457 ], [ -71.61839, -38.90436 ], [ -71.6186, -38.90411 ], [ -71.61818, -38.90262 ], [ -71.61804, -38.90239 ], [ -71.61764, -38.90218 ], [ -71.61718, -38.90171 ], [ -71.61719, -38.90123 ], [ -71.61741, -38.90081 ], [ -71.61743, -38.90055 ], [ -71.61723, -38.90033 ], [ -71.61672, -38.9003 ], [ -71.61597, -38.89933 ], [ -71.61593, -38.89922 ], [ -71.6161, -38.89877 ], [ -71.6161, -38.89851 ], [ -71.61626, -38.89832 ], [ -71.61641, -38.89827 ], [ -71.61723, -38.89835 ], [ -71.61745, -38.89823 ], [ -71.61748, -38.89802 ], [ -71.6173, -38.8977 ], [ -71.61697, -38.89749 ], [ -71.61685, -38.89727 ], [ -71.61701, -38.89707 ], [ -71.61795, -38.89674 ], [ -71.61845, -38.89574 ], [ -71.61887, -38.89568 ], [ -71.61917, -38.89589 ], [ -71.61954, -38.896 ], [ -71.62088, -38.89571 ], [ -71.62114, -38.89557 ], [ -71.62133, -38.8949 ], [ -71.62109, -38.89345 ], [ -71.62122, -38.89297 ], [ -71.6215, -38.8926 ], [ -71.62186, -38.89238 ], [ -71.62209, -38.89204 ], [ -71.62296, -38.89148 ], [ -71.62321, -38.89119 ], [ -71.62336, -38.89081 ], [ -71.62349, -38.88975 ], [ -71.62376, -38.88917 ], [ -71.624, -38.88888 ], [ -71.62509, -38.8882 ], [ -71.62563, -38.88737 ], [ -71.62571, -38.88662 ], [ -71.62595, -38.88634 ], [ -71.62665, -38.88602 ], [ -71.62695, -38.8857 ], [ -71.62718, -38.88508 ], [ -71.62744, -38.8848 ], [ -71.62756, -38.88449 ], [ -71.62711, -38.88287 ], [ -71.62724, -38.88185 ], [ -71.62769, -38.88102 ], [ -71.62775, -38.88049 ], [ -71.62799, -38.87994 ], [ -71.62803, -38.87966 ], [ -71.6279, -38.87871 ], [ -71.62804, -38.87849 ], [ -71.62859, -38.8782 ], [ -71.62909, -38.87733 ], [ -71.63009, -38.87625 ], [ -71.63021, -38.87601 ], [ -71.63048, -38.87487 ], [ -71.63081, -38.87416 ], [ -71.63083, -38.87399 ], [ -71.63053, -38.87325 ], [ -71.63061, -38.87312 ], [ -71.63087, -38.87297 ], [ -71.6312, -38.87246 ], [ -71.6313, -38.87208 ], [ -71.63127, -38.8713 ], [ -71.63146, -38.8705 ], [ -71.63161, -38.87018 ], [ -71.63233, -38.86946 ], [ -71.63259, -38.86875 ], [ -71.6329, -38.8684 ], [ -71.63442, -38.86776 ], [ -71.6351, -38.86731 ], [ -71.63582, -38.86625 ], [ -71.63612, -38.8653 ], [ -71.63666, -38.86504 ], [ -71.63703, -38.865 ], [ -71.63717, -38.8649 ], [ -71.63769, -38.86404 ], [ -71.63759, -38.86284 ], [ -71.63787, -38.86182 ], [ -71.63841, -38.86156 ], [ -71.63873, -38.86109 ], [ -71.63883, -38.86077 ], [ -71.63941, -38.86013 ], [ -71.63983, -38.8598 ], [ -71.64036, -38.85951 ], [ -71.64091, -38.85861 ], [ -71.64131, -38.85816 ], [ -71.64199, -38.85779 ], [ -71.6424, -38.85734 ], [ -71.64307, -38.85684 ], [ -71.64351, -38.85626 ], [ -71.64407, -38.85598 ], [ -71.64475, -38.85522 ], [ -71.64542, -38.85487 ], [ -71.64558, -38.85452 ], [ -71.6461, -38.85431 ], [ -71.64624, -38.85411 ], [ -71.64641, -38.85349 ], [ -71.64669, -38.85302 ], [ -71.64695, -38.85279 ], [ -71.64748, -38.8524 ], [ -71.64921, -38.85184 ], [ -71.64945, -38.8518 ], [ -71.64996, -38.8519 ], [ -71.65026, -38.85181 ], [ -71.65267, -38.85041 ], [ -71.6536, -38.84948 ], [ -71.65397, -38.84932 ], [ -71.65484, -38.84932 ], [ -71.65555, -38.84912 ], [ -71.65592, -38.84919 ], [ -71.65653, -38.8495 ], [ -71.65755, -38.84957 ] ] } },
{ "type": "Feature", "properties": { "osm_id": 200739665, "nombre": "Río Alpehue", "tipo": "river", "volcan_codigo": "SOL", "volcan_nombre": "Sollipulli", "drena_volcan": true }, "geometry": { "type": "LineString", "coordinates": [ [ -71.60694, -38.96785 ], [ -71.60758, -38.96717 ], [ -71.60794, -38.96645 ], [ -71.60884, -38.96602 ], [ -71.60906, -38.96506 ], [ -71.60869, -38.96433 ], [ -71.60869, -38.96415 ], [ -71.60936, -38.9634 ], [ -71.60951, -38.9628 ], [ -71.6105, -38.96239 ], [ -71.61103, -38.96193 ], [ -71.61198, -38.95991 ], [ -71.61236, -38.95887 ], [ -71.61399, -38.95637 ], [ -71.61438, -38.95594 ], [ -71.6146, -38.95525 ], [ -71.61459, -38.95454 ], [ -71.6153, -38.95252 ], [ -71.61558, -38.95145 ], [ -71.61558, -38.95061 ], [ -71.61567, -38.9501 ], [ -71.61608, -38.94955 ], [ -71.61681, -38.94808 ], [ -71.61719, -38.94764 ], [ -71.61753, -38.94663 ], [ -71.61734, -38.94581 ], [ -71.61745, -38.94527 ], [ -71.61777, -38.94481 ], [ -71.61816, -38.94452 ], [ -71.61861, -38.94336 ], [ -71.61886, -38.94305 ], [ -71.62009, -38.94227 ], [ -71.62035, -38.94177 ], [ -71.62101, -38.94139 ], [ -71.62084, -38.94095 ], [ -71.62082, -38.94065 ], [ -71.62069, -38.94043 ], [ -71.62071, -38.94 ], [ -71.62103, -38.93923 ], [ -71.62086, -38.93836 ], [ -71.62105, -38.93783 ], [ -71.62142, -38.93725 ], [ -71.62135, -38.937 ], [ -71.62118, -38.93683 ], [ -71.62093, -38.93625 ], [ -71.62067, -38.93534 ], [ -71.62009, -38.93466 ], [ -71.61994, -38.93401 ], [ -71.61998, -38.93369 ], [ -71.6196, -38.93342 ], [ -71.61801, -38.93291 ], [ -71.61786, -38.93264 ], [ -71.61777, -38.93239 ], [ -71.61784, -38.93194 ], [ -71.61777, -38.93139 ], [ -71.61768, -38.93107 ], [ -71.6173, -38.93055 ], [ -71.61732, -38.93029 ], [ -71.61758, -38.92975 ], [ -71.61764, -38.9288 ], [ -71.61723, -38.92742 ], [ -71.61676, -38.92718 ], [ -71.61614, -38.92701 ], [ -71.61509, -38.92691 ], [ -71.61475, -38.92611 ], [ -71.61524, -38.92555 ], [ -71.61578, -38.92453 ], [ -71.61657, -38.92364 ], [ -71.61689, -38.92302 ], [ -71.61666, -38.92276 ], [ -71.61554, -38.92217 ], [ -71.61526, -38.92174 ], [ -71.61502, -38.92116 ], [ -71.61513, -38.92082 ], [ -71.61573, -38.92019 ], [ -71.61559, -38.91945 ], [ -71.61521, -38.91909 ], [ -71.61522, -38.9187 ], [ -71.61509, -38.91797 ], [ -71.61472, -38.91718 ], [ -71.61483, -38.91671 ], [ -71.6148, -38.91624 ], [ -71.61551, -38.9156 ], [ -71.61549, -38.91475 ], [ -71.61625, -38.91346 ], [ -71.61671, -38.91301 ], [ -71.61694, -38.91262 ], [ -71.61674, -38.91218 ], [ -71.61689, -38.91186 ], [ -71.6166, -38.91144 ], [ -71.61653, -38.91112 ], [ -71.61658, -38.91059 ], [ -71.61685, -38.91031 ], [ -71.61694, -38.90956 ], [ -71.61718, -38.90912 ], [ -71.61723, -38.90886 ], [ -71.61699, -38.90824 ] ] } },
{ "type": "Feature", "properties": { "osm_id": 200739668, "nombre": "Río Allipén", "tipo": "river", "volcan_codigo": "SOL", "volcan_nombre": "Sollipulli", "drena_volcan": true }, "geometry": { "type": "LineString", "coordinates": [ [ -71.67191, -38.85226 ], [ -71.6739, -38.85515 ], [ -71.67455, -38.85553 ], [ -71.67626, -38.85621 ], [ -71.67646, -38.85666 ], [ -71.67808, -38.8577 ], [ -71.68008, -38.85811 ], [ -71.68253, -38.85827 ], [ -71.68315, -38.85846 ], [ -71.68375, -38.85872 ], [ -71.6847, -38.85969 ], [ -71.68568, -38.8605 ], [ -71.68654, -38.86106 ], [ -71.68751, -38.86145 ], [ -71.68856, -38.86163 ], [ -71.69051, -38.86185 ], [ -71.69128, -38.86185 ], [ -71.69306, -38.86211 ], [ -71.69626, -38.86291 ], [ -71.6975, -38.86337 ], [ -71.69932, -38.86389 ], [ -71.70136, -38.86401 ], [ -71.70385, -38.86435 ], [ -71.70578, -38.86427 ], [ -71.70779, -38.86522 ], [ -71.70923, -38.86572 ], [ -71.71065, -38.86588 ], [ -71.71395, -38.86577 ], [ -71.71789, -38.86524 ], [ -71.72184, -38.8621 ], [ -71.72283, -38.86167 ], [ -71.72442, -38.86168 ], [ -71.72678, -38.86324 ], [ -71.72826, -38.86355 ], [ -71.7291, -38.86333 ], [ -71.7294, -38.86338 ], [ -71.73047, -38.86427 ], [ -71.73692, -38.86712 ], [ -71.73962, -38.8676 ], [ -71.74173, -38.86758 ], [ -71.7458, -38.86692 ], [ -71.74768, -38.86567 ], [ -71.74845, -38.8655 ], [ -71.74954, -38.86584 ], [ -71.75044, -38.86664 ], [ -71.75157, -38.86692 ], [ -71.753, -38.86658 ], [ -71.75613, -38.86437 ], [ -71.75755, -38.86457 ], [ -71.75892, -38.86457 ], [ -71.76066, -38.86444 ], [ -71.76375, -38.86554 ], [ -71.76465, -38.8655 ], [ -71.76661, -38.86454 ], [ -71.76802, -38.8637 ], [ -71.77022, -38.86313 ], [ -71.77202, -38.86356 ], [ -71.77394, -38.86464 ], [ -71.7781, -38.86433 ], [ -71.78003, -38.86332 ], [ -71.78101, -38.86207 ], [ -71.78129, -38.86179 ], [ -71.7817, -38.8616 ], [ -71.78212, -38.86162 ], [ -71.78226, -38.86172 ], [ -71.78284, -38.86241 ], [ -71.78338, -38.86284 ], [ -71.78379, -38.86297 ], [ -71.78447, -38.86303 ], [ -71.78478, -38.86301 ], [ -71.78513, -38.86286 ], [ -71.78564, -38.86258 ], [ -71.78579, -38.86239 ], [ -71.78605, -38.86155 ], [ -71.78658, -38.86078 ], [ -71.78724, -38.86039 ], [ -71.78988, -38.85909 ], [ -71.79067, -38.85888 ], [ -71.79132, -38.85884 ], [ -71.79163, -38.85891 ], [ -71.79283, -38.85944 ], [ -71.79381, -38.8591 ], [ -71.79434, -38.85905 ], [ -71.79488, -38.85914 ], [ -71.79547, -38.85938 ], [ -71.79665, -38.85949 ], [ -71.79751, -38.85938 ], [ -71.79857, -38.85895 ], [ -71.79914, -38.85887 ], [ -71.79974, -38.85892 ], [ -71.80115, -38.85933 ], [ -71.80187, -38.85984 ], [ -71.80268, -38.86056 ], [ -71.80337, -38.86087 ], [ -71.80397, -38.861 ], [ -71.8065, -38.86119 ], [ -71.80711, -38.86113 ], [ -71.80735, -38.861 ], [ -71.8078, -38.86065 ], [ -71.80843, -38.85992 ], [ -71.80868, -38.85973 ], [ -71.80925, -38.85957 ], [ -71.80948, -38.85959 ], [ -71.81019, -38.8589 ], [ -71.81138, -38.859 ], [ -71.81214, -38.85956 ], [ -71.81614, -38.86012 ], [ -71.81741, -38.86055 ], [ -71.81791, -38.86081 ], [ -71.81857, -38.86142 ], [ -71.81949, -38.86276 ], [ -71.81992, -38.86321 ], [ -71.82079, -38.86368 ], [ -71.82394, -38.864 ], [ -71.82455, -38.86416 ], [ -71.82519, -38.8645 ], [ -71.82552, -38.86482 ], [ -71.82571, -38.86521 ], [ -71.82608, -38.86542 ], [ -71.8283, -38.86554 ], [ -71.82964, -38.86572 ], [ -71.83066, -38.86621 ], [ -71.83145, -38.86677 ], [ -71.83193, -38.867 ], [ -71.83241, -38.86704 ], [ -71.83306, -38.86693 ], [ -71.8335, -38.86697 ], [ -71.83415, -38.86718 ], [ -71.83513, -38.86774 ], [ -71.83547, -38.86803 ], [ -71.83601, -38.86857 ], [ -71.83651, -38.86931 ], [ -71.83787, -38.87043 ], [ -71.83836, -38.87068 ], [ -71.83945, -38.87089 ], [ -71.84018, -38.87129 ], [ -71.8407, -38.8717 ], [ -71.84179, -38.87268 ], [ -71.84192, -38.87325 ], [ -71.8421, -38.87363 ], [ -71.84251, -38.87399 ], [ -71.84325, -38.87435 ], [ -71.84397, -38.87444 ], [ -71.84484, -38.87411 ], [ -71.84551, -38.87395 ], [ -71.8468, -38.87407 ], [ -71.84772, -38.87432 ], [ -71.84809, -38.87457 ], [ -71.84824, -38.87478 ], [ -71.84895, -38.87641 ], [ -71.84944, -38.87712 ], [ -71.84976, -38.87723 ], [ -71.85093, -38.87718 ], [ -71.85112, -38.87729 ], [ -71.85141, -38.87764 ], [ -71.85185, -38.87861 ], [ -71.85221, -38.87978 ], [ -71.85245, -38.88287 ] ] } },
{ "type": "Feature", "properties": { "osm_id": 201802507, "nombre": "Arroyo Malalco", "tipo": "river", "volcan_codigo": "SOL", "volcan_nombre": "Sollipulli", "drena_volcan": false }, "geometry": { "type": "LineString", "coordinates": [ [ -71.25906, -39.32019 ], [ -71.25844, -39.32021 ], [ -71.25821, -39.32033 ], [ -71.25798, -39.3206 ], [ -71.25689, -39.32108 ], [ -71.25634, -39.32104 ], [ -71.25567, -39.32129 ], [ -71.2553, -39.32157 ], [ -71.2549, -39.32224 ], [ -71.25441, -39.32259 ], [ -71.25388, -39.3226 ], [ -71.2534, -39.32238 ], [ -71.25266, -39.32252 ], [ -71.25184, -39.32241 ], [ -71.25116, -39.32246 ], [ -71.25045, -39.32228 ], [ -71.25032, -39.32236 ], [ -71.25023, -39.32271 ], [ -71.24994, -39.32295 ], [ -71.24972, -39.32309 ], [ -71.24857, -39.32339 ], [ -71.24748, -39.32418 ], [ -71.24704, -39.3243 ], [ -71.24672, -39.32421 ], [ -71.24624, -39.32422 ], [ -71.24488, -39.32516 ], [ -71.24476, -39.32577 ], [ -71.24481, -39.32646 ], [ -71.24468, -39.32675 ], [ -71.24444, -39.32681 ], [ -71.2438, -39.32674 ], [ -71.24365, -39.32681 ], [ -71.2435, -39.32731 ], [ -71.24334, -39.32749 ], [ -71.24276, -39.32778 ], [ -71.2423, -39.32778 ], [ -71.24175, -39.32802 ], [ -71.24112, -39.32809 ], [ -71.23946, -39.32788 ], [ -71.23898, -39.32799 ], [ -71.2384, -39.32854 ], [ -71.23814, -39.32893 ], [ -71.23772, -39.32924 ], [ -71.23675, -39.3308 ], [ -71.23568, -39.33153 ], [ -71.23506, -39.33174 ], [ -71.23461, -39.33173 ], [ -71.23437, -39.33182 ], [ -71.23281, -39.33297 ], [ -71.23115, -39.33317 ], [ -71.23075, -39.33354 ], [ -71.22993, -39.33365 ], [ -71.22815, -39.33358 ], [ -71.22719, -39.33327 ], [ -71.22657, -39.33324 ], [ -71.22639, -39.33334 ], [ -71.22623, -39.33365 ], [ -71.22547, -39.33429 ], [ -71.22515, -39.3347 ], [ -71.22443, -39.33488 ], [ -71.2241, -39.33481 ], [ -71.22268, -39.33516 ], [ -71.22223, -39.33552 ], [ -71.22176, -39.33576 ], [ -71.22139, -39.33581 ], [ -71.22085, -39.33602 ], [ -71.22053, -39.33638 ], [ -71.22026, -39.33655 ], [ -71.21975, -39.33665 ], [ -71.21951, -39.33677 ], [ -71.21932, -39.33707 ], [ -71.21896, -39.33736 ], [ -71.21862, -39.33744 ], [ -71.21841, -39.33742 ], [ -71.2179, -39.33714 ], [ -71.21728, -39.337 ], [ -71.21709, -39.33703 ], [ -71.21672, -39.33787 ], [ -71.21675, -39.33807 ], [ -71.2171, -39.33835 ], [ -71.21743, -39.33884 ], [ -71.21714, -39.34012 ], [ -71.21686, -39.34031 ], [ -71.21607, -39.34019 ], [ -71.21559, -39.34004 ], [ -71.21527, -39.33985 ], [ -71.21502, -39.33985 ], [ -71.21487, -39.34 ], [ -71.21484, -39.34022 ], [ -71.21495, -39.34053 ], [ -71.21457, -39.34099 ], [ -71.21451, -39.34128 ], [ -71.21491, -39.34194 ], [ -71.21539, -39.34227 ], [ -71.21466, -39.34292 ], [ -71.21408, -39.34297 ], [ -71.21397, -39.34306 ], [ -71.21406, -39.34341 ], [ -71.21433, -39.3438 ], [ -71.2142, -39.34423 ], [ -71.21351, -39.34437 ], [ -71.21309, -39.34429 ], [ -71.2118, -39.34368 ], [ -71.21137, -39.34362 ], [ -71.21102, -39.3437 ], [ -71.20966, -39.34468 ], [ -71.20924, -39.34487 ], [ -71.20845, -39.3448 ], [ -71.20814, -39.34447 ], [ -71.20729, -39.34439 ], [ -71.20694, -39.34461 ], [ -71.20676, -39.34487 ], [ -71.20672, -39.34521 ], [ -71.20655, -39.34535 ], [ -71.20633, -39.34535 ], [ -71.20597, -39.34514 ], [ -71.20517, -39.34501 ], [ -71.20407, -39.34499 ], [ -71.20362, -39.34505 ], [ -71.20342, -39.34517 ], [ -71.20336, -39.3454 ], [ -71.2034, -39.34555 ], [ -71.20497, -39.34617 ], [ -71.2052, -39.34634 ], [ -71.20531, -39.3465 ], [ -71.20528, -39.34664 ], [ -71.20492, -39.34676 ], [ -71.20314, -39.34651 ], [ -71.20228, -39.34617 ], [ -71.20174, -39.34583 ], [ -71.20094, -39.34574 ], [ -71.20067, -39.34586 ], [ -71.20052, -39.34604 ], [ -71.2005, -39.34625 ], [ -71.20057, -39.34645 ], [ -71.20083, -39.3466 ], [ -71.20155, -39.34673 ], [ -71.20215, -39.34723 ], [ -71.20321, -39.34762 ], [ -71.20379, -39.34768 ], [ -71.20409, -39.34784 ], [ -71.20418, -39.34806 ], [ -71.20398, -39.34874 ], [ -71.20435, -39.34918 ], [ -71.20575, -39.34911 ], [ -71.20606, -39.34923 ], [ -71.20606, -39.34993 ], [ -71.20615, -39.35032 ], [ -71.20636, -39.35064 ], [ -71.20673, -39.3521 ], [ -71.20704, -39.35284 ], [ -71.20695, -39.3531 ], [ -71.2065, -39.35357 ], [ -71.20626, -39.35367 ], [ -71.20586, -39.35359 ], [ -71.20549, -39.3537 ], [ -71.20495, -39.35401 ], [ -71.20468, -39.35425 ], [ -71.20438, -39.35504 ], [ -71.20402, -39.35518 ], [ -71.20379, -39.35541 ], [ -71.20362, -39.35572 ], [ -71.20375, -39.35596 ], [ -71.20482, -39.35645 ], [ -71.20539, -39.35696 ], [ -71.20555, -39.3574 ], [ -71.20551, -39.35772 ], [ -71.20534, -39.35797 ], [ -71.20505, -39.35817 ], [ -71.20422, -39.35903 ], [ -71.20346, -39.35963 ], [ -71.20349, -39.35983 ], [ -71.20362, -39.36 ], [ -71.20432, -39.3603 ], [ -71.20436, -39.36041 ], [ -71.2043, -39.36057 ], [ -71.20393, -39.36087 ], [ -71.20266, -39.36146 ], [ -71.20219, -39.36191 ], [ -71.202, -39.36245 ], [ -71.20151, -39.36306 ], [ -71.20125, -39.36363 ], [ -71.20115, -39.36442 ], [ -71.20112, -39.36608 ], [ -71.20092, -39.36661 ], [ -71.19984, -39.36784 ], [ -71.19916, -39.36895 ], [ -71.19856, -39.36951 ], [ -71.19724, -39.37138 ], [ -71.19692, -39.37153 ], [ -71.19636, -39.37162 ] ] } },
{ "type": "Feature", "properties": { "osm_id": 201802552, "nombre": "Río Pulmarí", "tipo": "river", "volcan_codigo": "SOL", "volcan_nombre": "Sollipulli", "drena_volcan": false }, "geometry": { "type": "LineString", "coordinates": [ [ -71.1767, -39.13332 ], [ -71.17492, -39.13368 ], [ -71.17439, -39.13358 ], [ -71.17333, -39.13314 ], [ -71.17258, -39.133 ], [ -71.17165, -39.13309 ], [ -71.17061, -39.13283 ], [ -71.17026, -39.13251 ], [ -71.16997, -39.13157 ], [ -71.16998, -39.13137 ], [ -71.17054, -39.13058 ], [ -71.17059, -39.13028 ], [ -71.17038, -39.12986 ], [ -71.17038, -39.12935 ], [ -71.17024, -39.12916 ], [ -71.1686, -39.12878 ], [ -71.16785, -39.12875 ], [ -71.16752, -39.12861 ], [ -71.1671, -39.12856 ], [ -71.16359, -39.1291 ], [ -71.16312, -39.12894 ], [ -71.16282, -39.12863 ], [ -71.16248, -39.12802 ], [ -71.16272, -39.12742 ], [ -71.16327, -39.12712 ], [ -71.16354, -39.12687 ], [ -71.1639, -39.12632 ], [ -71.16364, -39.12535 ], [ -71.16311, -39.12513 ], [ -71.16274, -39.12511 ], [ -71.16176, -39.12524 ], [ -71.16096, -39.12566 ], [ -71.15898, -39.12564 ], [ -71.15823, -39.12571 ], [ -71.15719, -39.1251 ], [ -71.15703, -39.12491 ], [ -71.157, -39.12454 ], [ -71.15685, -39.12434 ], [ -71.15655, -39.12422 ], [ -71.15526, -39.12401 ], [ -71.15498, -39.12386 ], [ -71.15466, -39.1232 ], [ -71.15437, -39.12282 ], [ -71.15362, -39.1226 ], [ -71.15306, -39.12262 ], [ -71.15217, -39.12291 ], [ -71.15192, -39.12288 ], [ -71.15169, -39.12268 ], [ -71.15164, -39.12251 ], [ -71.15175, -39.12235 ], [ -71.1517, -39.12197 ], [ -71.15107, -39.12056 ], [ -71.1508, -39.1203 ], [ -71.15024, -39.12037 ], [ -71.14971, -39.12099 ], [ -71.14951, -39.12188 ], [ -71.14916, -39.12221 ], [ -71.14881, -39.12239 ], [ -71.14818, -39.12236 ], [ -71.14722, -39.1217 ], [ -71.14632, -39.12124 ], [ -71.14591, -39.12122 ], [ -71.14542, -39.1214 ], [ -71.14532, -39.12159 ], [ -71.14537, -39.12189 ], [ -71.14583, -39.12239 ], [ -71.14632, -39.12261 ], [ -71.14742, -39.12337 ], [ -71.14772, -39.12345 ], [ -71.14875, -39.12344 ], [ -71.14921, -39.12354 ], [ -71.14941, -39.124 ], [ -71.14925, -39.12444 ], [ -71.14876, -39.12478 ], [ -71.14749, -39.12452 ], [ -71.14711, -39.1243 ], [ -71.14666, -39.12418 ], [ -71.14636, -39.12417 ] ] } },
{ "type": "Feature", "properties": { "osm_id": 201802563, "nombre": "Río Pulmarí", "tipo": "river", "volcan_codigo": "SOL", "volcan_nombre": "Sollipulli", "drena_volcan": false }, "geometry": { "type": "LineString", "coordinates": [ [ -71.12821, -39.12762 ], [ -71.12805, -39.12698 ], [ -71.12774, -39.12648 ], [ -71.1263, -39.1251 ], [ -71.1253, -39.12373 ], [ -71.12429, -39.12253 ], [ -71.12378, -39.12156 ], [ -71.12335, -39.12126 ], [ -71.12277, -39.12111 ], [ -71.12234, -39.1211 ], [ -71.12211, -39.12123 ], [ -71.1221, -39.12191 ], [ -71.12228, -39.12238 ], [ -71.12223, -39.12349 ], [ -71.1221, -39.12423 ], [ -71.12187, -39.12498 ], [ -71.12178, -39.12624 ], [ -71.12168, -39.12647 ], [ -71.12012, -39.12675 ], [ -71.11866, -39.12744 ], [ -71.11821, -39.12749 ], [ -71.11683, -39.12724 ], [ -71.11271, -39.12691 ], [ -71.11204, -39.12657 ], [ -71.111, -39.1255 ], [ -71.11065, -39.12525 ], [ -71.11039, -39.12523 ], [ -71.11023, -39.12538 ], [ -71.11025, -39.12598 ], [ -71.1101, -39.12627 ], [ -71.10982, -39.12628 ], [ -71.10961, -39.12617 ], [ -71.10928, -39.12547 ], [ -71.1091, -39.12531 ], [ -71.10818, -39.12469 ], [ -71.10674, -39.12341 ], [ -71.10547, -39.12268 ], [ -71.10521, -39.1224 ], [ -71.10463, -39.12125 ], [ -71.10447, -39.12031 ], [ -71.10468, -39.11951 ], [ -71.10519, -39.11915 ], [ -71.10579, -39.11893 ] ] } },
{ "type": "Feature", "properties": { "osm_id": 201802564, "nombre": "Río Pulmarí", "tipo": "river", "volcan_codigo": "SOL", "volcan_nombre": "Sollipulli", "drena_volcan": false }, "geometry": { "type": "LineString", "coordinates": [ [ -71.14636, -39.12417 ], [ -71.14611, -39.12427 ], [ -71.14595, -39.12454 ], [ -71.14597, -39.12483 ], [ -71.14633, -39.12531 ], [ -71.14747, -39.12631 ], [ -71.14742, -39.12658 ], [ -71.14727, -39.1267 ], [ -71.14683, -39.12674 ], [ -71.14601, -39.12667 ], [ -71.14572, -39.12698 ], [ -71.14582, -39.12779 ], [ -71.14574, -39.12797 ], [ -71.14492, -39.12858 ], [ -71.14446, -39.12872 ], [ -71.14381, -39.12875 ], [ -71.14303, -39.12868 ], [ -71.14174, -39.12842 ], [ -71.1415, -39.12831 ], [ -71.1413, -39.1281 ], [ -71.14101, -39.12758 ], [ -71.14046, -39.12697 ], [ -71.14012, -39.12683 ], [ -71.13903, -39.12662 ], [ -71.13867, -39.12641 ], [ -71.1376, -39.12557 ], [ -71.13714, -39.1254 ], [ -71.13637, -39.12528 ], [ -71.13583, -39.12527 ], [ -71.13434, -39.1257 ], [ -71.1334, -39.1261 ], [ -71.13112, -39.12689 ], [ -71.13023, -39.12733 ], [ -71.12995, -39.12761 ], [ -71.13, -39.12805 ], [ -71.13223, -39.12931 ], [ -71.13242, -39.12969 ], [ -71.13243, -39.13023 ], [ -71.1322, -39.1305 ], [ -71.13199, -39.13059 ], [ -71.13167, -39.13058 ], [ -71.13139, -39.13045 ], [ -71.12994, -39.12933 ], [ -71.12855, -39.12839 ], [ -71.12821, -39.12762 ] ] } },
{ "type": "Feature", "properties": { "osm_id": 204759349, "nombre": "Río Carilafquén", "tipo": "river", "volcan_codigo": "SOL", "volcan_nombre": "Sollipulli", "drena_volcan": true }, "geometry": { "type": "LineString", "coordinates": [ [ -71.51056, -38.95825 ], [ -71.51048, -38.95786 ], [ -71.51104, -38.95734 ], [ -71.51079, -38.95709 ], [ -71.51072, -38.95679 ], [ -71.51104, -38.9566 ], [ -71.51104, -38.95631 ], [ -71.51097, -38.95626 ], [ -71.5112, -38.95528 ], [ -71.51093, -38.95489 ], [ -71.51037, -38.9545 ], [ -71.51013, -38.95421 ], [ -71.50991, -38.95416 ], [ -71.50973, -38.95397 ], [ -71.50957, -38.95359 ], [ -71.50906, -38.95359 ], [ -71.50873, -38.95343 ], [ -71.50859, -38.95317 ], [ -71.50865, -38.953 ], [ -71.50851, -38.95281 ], [ -71.50859, -38.95181 ], [ -71.50876, -38.9515 ], [ -71.5086, -38.95116 ], [ -71.50897, -38.95078 ], [ -71.5089, -38.95041 ], [ -71.50904, -38.95012 ], [ -71.50888, -38.9497 ], [ -71.50906, -38.94933 ], [ -71.50898, -38.94914 ], [ -71.50866, -38.94896 ], [ -71.50878, -38.94878 ], [ -71.50862, -38.94844 ], [ -71.509, -38.9483 ], [ -71.50915, -38.94806 ], [ -71.50896, -38.9476 ], [ -71.50904, -38.94744 ], [ -71.50902, -38.94717 ], [ -71.50879, -38.94709 ], [ -71.50867, -38.94691 ], [ -71.50861, -38.94671 ], [ -71.50868, -38.94635 ], [ -71.50842, -38.94616 ], [ -71.50832, -38.94595 ], [ -71.50836, -38.94572 ], [ -71.50885, -38.94537 ], [ -71.50888, -38.94505 ], [ -71.50878, -38.94488 ], [ -71.50878, -38.94466 ], [ -71.50934, -38.94391 ], [ -71.50939, -38.9436 ], [ -71.50872, -38.9433 ], [ -71.50845, -38.94298 ], [ -71.50858, -38.94192 ], [ -71.50852, -38.94154 ], [ -71.50813, -38.94084 ], [ -71.50809, -38.94046 ], [ -71.50771, -38.93996 ], [ -71.50766, -38.93975 ], [ -71.50672, -38.93931 ], [ -71.50683, -38.9383 ], [ -71.50648, -38.93784 ], [ -71.50607, -38.93764 ], [ -71.50622, -38.93751 ], [ -71.50609, -38.93731 ], [ -71.50615, -38.93712 ], [ -71.5058, -38.93673 ], [ -71.50544, -38.93656 ], [ -71.50532, -38.9364 ], [ -71.50414, -38.9358 ], [ -71.504, -38.93526 ], [ -71.50382, -38.9352 ], [ -71.50373, -38.93484 ], [ -71.50327, -38.93403 ], [ -71.50255, -38.93366 ], [ -71.50267, -38.93349 ], [ -71.50267, -38.93329 ], [ -71.50246, -38.93303 ], [ -71.50254, -38.93262 ], [ -71.50299, -38.93146 ], [ -71.50289, -38.92995 ], [ -71.5024, -38.9297 ], [ -71.50153, -38.92944 ], [ -71.50092, -38.92946 ], [ -71.50023, -38.92907 ], [ -71.50015, -38.92886 ], [ -71.49989, -38.92864 ], [ -71.49946, -38.92848 ], [ -71.4991, -38.92841 ], [ -71.4987, -38.92852 ], [ -71.49851, -38.92844 ], [ -71.49831, -38.92828 ], [ -71.49833, -38.92753 ], [ -71.49784, -38.92688 ], [ -71.4976, -38.92668 ], [ -71.49667, -38.92641 ], [ -71.49641, -38.92623 ], [ -71.49624, -38.92596 ], [ -71.49571, -38.92473 ], [ -71.49571, -38.92405 ], [ -71.49547, -38.92371 ], [ -71.49508, -38.92347 ], [ -71.49509, -38.92331 ], [ -71.49558, -38.92287 ], [ -71.49563, -38.92272 ], [ -71.49574, -38.92161 ], [ -71.49555, -38.92117 ], [ -71.49578, -38.92049 ], [ -71.49607, -38.92003 ], [ -71.49602, -38.91959 ], [ -71.49544, -38.91912 ], [ -71.49534, -38.91866 ], [ -71.49518, -38.91836 ], [ -71.49517, -38.91819 ], [ -71.49547, -38.9177 ], [ -71.49561, -38.91766 ], [ -71.49574, -38.91747 ], [ -71.49579, -38.91712 ], [ -71.49573, -38.91686 ], [ -71.49623, -38.91648 ], [ -71.49626, -38.91575 ], [ -71.49693, -38.91546 ], [ -71.49732, -38.91435 ], [ -71.49796, -38.91347 ], [ -71.49842, -38.91313 ], [ -71.4989, -38.91237 ], [ -71.50074, -38.91114 ], [ -71.50126, -38.91042 ], [ -71.50149, -38.91021 ], [ -71.50155, -38.91013 ], [ -71.50156, -38.90935 ], [ -71.50169, -38.90918 ], [ -71.50294, -38.90875 ], [ -71.5035, -38.90819 ], [ -71.50383, -38.9077 ], [ -71.50533, -38.9071 ], [ -71.50585, -38.90676 ], [ -71.50658, -38.90616 ], [ -71.50769, -38.90483 ], [ -71.50834, -38.90432 ], [ -71.50916, -38.90427 ], [ -71.51039, -38.90456 ], [ -71.51138, -38.90449 ], [ -71.51151, -38.90409 ], [ -71.51181, -38.90379 ], [ -71.51499, -38.90382 ], [ -71.51649, -38.90296 ], [ -71.51748, -38.90199 ], [ -71.51911, -38.90102 ], [ -71.51962, -38.90055 ], [ -71.51992, -38.90002 ], [ -71.52039, -38.89875 ], [ -71.52074, -38.89828 ], [ -71.52129, -38.89785 ], [ -71.52207, -38.89674 ], [ -71.52361, -38.89497 ], [ -71.5237, -38.89427 ], [ -71.52335, -38.89337 ], [ -71.52396, -38.8926 ], [ -71.52503, -38.89183 ], [ -71.52631, -38.89119 ], [ -71.5271, -38.88999 ], [ -71.52754, -38.88893 ], [ -71.52974, -38.88609 ], [ -71.53092, -38.88437 ], [ -71.53185, -38.88318 ], [ -71.53309, -38.88189 ], [ -71.53584, -38.87996 ], [ -71.53682, -38.87921 ], [ -71.53751, -38.8785 ], [ -71.53782, -38.87764 ], [ -71.53756, -38.8742 ], [ -71.53762, -38.87374 ], [ -71.53857, -38.87146 ], [ -71.53928, -38.87092 ], [ -71.53989, -38.87083 ], [ -71.54092, -38.87125 ], [ -71.54158, -38.87117 ], [ -71.54177, -38.87101 ], [ -71.54148, -38.87036 ], [ -71.54153, -38.87011 ], [ -71.5418, -38.86995 ], [ -71.54212, -38.8699 ], [ -71.54259, -38.87008 ], [ -71.54319, -38.87008 ], [ -71.54366, -38.86998 ], [ -71.54432, -38.8691 ], [ -71.54439, -38.86856 ], [ -71.54541, -38.86746 ], [ -71.54735, -38.86668 ], [ -71.54902, -38.86583 ], [ -71.54921, -38.86565 ], [ -71.54931, -38.86542 ], [ -71.54932, -38.86501 ], [ -71.54947, -38.86486 ], [ -71.54971, -38.86486 ], [ -71.54998, -38.86462 ], [ -71.5502, -38.86425 ], [ -71.55043, -38.86367 ], [ -71.55038, -38.86329 ], [ -71.55048, -38.86283 ], [ -71.55089, -38.86208 ], [ -71.55123, -38.86183 ], [ -71.55201, -38.86145 ], [ -71.55322, -38.86152 ], [ -71.55346, -38.86142 ], [ -71.55409, -38.8609 ], [ -71.55464, -38.86115 ], [ -71.55524, -38.86101 ], [ -71.55595, -38.85958 ], [ -71.55642, -38.85889 ], [ -71.55641, -38.85865 ], [ -71.55608, -38.85841 ], [ -71.55598, -38.85776 ], [ -71.55624, -38.8575 ], [ -71.55667, -38.85741 ], [ -71.55739, -38.85742 ], [ -71.55767, -38.85725 ], [ -71.55726, -38.85547 ], [ -71.55741, -38.8553 ], [ -71.55799, -38.85496 ], [ -71.55807, -38.85475 ], [ -71.55807, -38.85443 ], [ -71.55795, -38.85408 ], [ -71.5581, -38.8539 ], [ -71.55852, -38.85368 ], [ -71.5588, -38.85338 ], [ -71.55863, -38.85283 ], [ -71.55924, -38.8522 ] ] } },
{ "type": "Feature", "properties": { "osm_id": 204759350, "nombre": "Estero Mapocho", "tipo": "river", "volcan_codigo": "SOL", "volcan_nombre": "Sollipulli", "drena_volcan": false }, "geometry": { "type": "LineString", "coordinates": [ [ -71.49809, -38.81981 ], [ -71.49798, -38.8207 ], [ -71.49775, -38.82111 ], [ -71.49796, -38.82129 ], [ -71.49781, -38.82177 ], [ -71.49785, -38.8219 ], [ -71.49737, -38.82271 ], [ -71.49675, -38.82342 ], [ -71.49695, -38.82389 ], [ -71.49694, -38.8241 ], [ -71.49633, -38.82528 ], [ -71.49631, -38.82563 ], [ -71.49607, -38.8258 ], [ -71.49605, -38.826 ], [ -71.49586, -38.82612 ], [ -71.49437, -38.82782 ], [ -71.49393, -38.828 ], [ -71.49367, -38.82845 ], [ -71.49301, -38.82916 ], [ -71.49256, -38.82994 ], [ -71.49143, -38.83147 ], [ -71.49134, -38.83192 ], [ -71.49141, -38.83215 ], [ -71.49137, -38.83243 ], [ -71.49106, -38.83256 ], [ -71.49089, -38.83293 ], [ -71.48923, -38.83516 ], [ -71.48857, -38.83543 ], [ -71.48851, -38.83566 ], [ -71.48807, -38.836 ], [ -71.48813, -38.83635 ], [ -71.48832, -38.83651 ], [ -71.48836, -38.83673 ], [ -71.48803, -38.83732 ], [ -71.48817, -38.83774 ], [ -71.48817, -38.83798 ], [ -71.48748, -38.83925 ], [ -71.48729, -38.84015 ], [ -71.48689, -38.84103 ], [ -71.48689, -38.84127 ], [ -71.48706, -38.8415 ], [ -71.48717, -38.84187 ], [ -71.48704, -38.84296 ], [ -71.48703, -38.84445 ], [ -71.48684, -38.84485 ], [ -71.48665, -38.8461 ], [ -71.48722, -38.84641 ], [ -71.48744, -38.84683 ], [ -71.48773, -38.8477 ], [ -71.48757, -38.84814 ], [ -71.4879, -38.84889 ], [ -71.48837, -38.84924 ], [ -71.4904, -38.84994 ] ] } },
{ "type": "Feature", "properties": { "osm_id": 204759351, "nombre": "Estero Marcial", "tipo": "river", "volcan_codigo": "SOL", "volcan_nombre": "Sollipulli", "drena_volcan": false }, "geometry": { "type": "LineString", "coordinates": [ [ -71.45653, -38.89166 ], [ -71.45818, -38.89164 ], [ -71.4602, -38.89139 ], [ -71.4629, -38.89082 ], [ -71.46346, -38.89039 ], [ -71.46619, -38.8893 ], [ -71.46749, -38.88954 ], [ -71.46795, -38.88935 ], [ -71.46864, -38.88954 ], [ -71.46914, -38.89022 ], [ -71.46974, -38.89076 ], [ -71.47014, -38.89138 ], [ -71.47083, -38.89281 ], [ -71.47079, -38.89317 ], [ -71.47061, -38.89336 ], [ -71.47084, -38.89358 ], [ -71.47085, -38.89372 ], [ -71.47068, -38.89394 ], [ -71.47077, -38.89421 ], [ -71.4715, -38.89431 ], [ -71.47162, -38.89458 ], [ -71.47187, -38.89457 ], [ -71.472, -38.89445 ], [ -71.47268, -38.89428 ], [ -71.47369, -38.89351 ], [ -71.47401, -38.89363 ], [ -71.47625, -38.89334 ], [ -71.47898, -38.89337 ], [ -71.4794, -38.89346 ], [ -71.4798, -38.89367 ] ] } },
{ "type": "Feature", "properties": { "osm_id": 204831145, "nombre": "Estero Nahuelcura", "tipo": "river", "volcan_codigo": "SOL", "volcan_nombre": "Sollipulli", "drena_volcan": false }, "geometry": { "type": "LineString", "coordinates": [ [ -71.95392, -38.89064 ], [ -71.95439, -38.89193 ], [ -71.9545, -38.89256 ], [ -71.95433, -38.89343 ], [ -71.9545, -38.89406 ], [ -71.95482, -38.89461 ], [ -71.95555, -38.89543 ], [ -71.9566, -38.89637 ], [ -71.95677, -38.8966 ], [ -71.95675, -38.8971 ], [ -71.95652, -38.89827 ], [ -71.95624, -38.89877 ], [ -71.95613, -38.89932 ], [ -71.9562, -38.89974 ], [ -71.95585, -38.90051 ], [ -71.95609, -38.90174 ], [ -71.95635, -38.90227 ], [ -71.9568, -38.90256 ], [ -71.95732, -38.90265 ], [ -71.95831, -38.90242 ], [ -71.95891, -38.9021 ], [ -71.95936, -38.90208 ], [ -71.95992, -38.9024 ], [ -71.96042, -38.90248 ], [ -71.96057, -38.90265 ], [ -71.96057, -38.90294 ], [ -71.96067, -38.90316 ], [ -71.96119, -38.90342 ], [ -71.96138, -38.90395 ], [ -71.96166, -38.90425 ], [ -71.96195, -38.90437 ], [ -71.96225, -38.90421 ], [ -71.96299, -38.90345 ], [ -71.96335, -38.90337 ], [ -71.96391, -38.90337 ], [ -71.96455, -38.90322 ], [ -71.96571, -38.90262 ], [ -71.96631, -38.90258 ], [ -71.96681, -38.90265 ], [ -71.96713, -38.90283 ], [ -71.96744, -38.90347 ], [ -71.96748, -38.9038 ], [ -71.96741, -38.90412 ], [ -71.96703, -38.90479 ], [ -71.9669, -38.90536 ], [ -71.96687, -38.90665 ], [ -71.96645, -38.90784 ], [ -71.96656, -38.90846 ], [ -71.96698, -38.9091 ], [ -71.96775, -38.90979 ], [ -71.96826, -38.91012 ], [ -71.96908, -38.9105 ], [ -71.9701, -38.91111 ], [ -71.97055, -38.91127 ], [ -71.97156, -38.91118 ], [ -71.97316, -38.91069 ], [ -71.97426, -38.91068 ], [ -71.97527, -38.91108 ], [ -71.97563, -38.91153 ], [ -71.97576, -38.91193 ], [ -71.97583, -38.91354 ], [ -71.97573, -38.91392 ], [ -71.97532, -38.91415 ], [ -71.97496, -38.91456 ], [ -71.97474, -38.91509 ], [ -71.97408, -38.9174 ], [ -71.97397, -38.91755 ], [ -71.97403, -38.91821 ], [ -71.97386, -38.91919 ], [ -71.97416, -38.91975 ], [ -71.97479, -38.92007 ], [ -71.97518, -38.92056 ], [ -71.97573, -38.92104 ], [ -71.97617, -38.92156 ], [ -71.97731, -38.92184 ], [ -71.97802, -38.9217 ], [ -71.97899, -38.9212 ], [ -71.98003, -38.92106 ], [ -71.98044, -38.92108 ], [ -71.98118, -38.92136 ], [ -71.9825, -38.92154 ], [ -71.98287, -38.92171 ], [ -71.9831, -38.92205 ], [ -71.98334, -38.92271 ], [ -71.98357, -38.92295 ], [ -71.98469, -38.92385 ], [ -71.98497, -38.924 ], [ -71.9853, -38.92403 ], [ -71.98603, -38.92381 ], [ -71.98691, -38.92331 ], [ -71.98836, -38.92178 ], [ -71.98908, -38.92088 ], [ -71.99, -38.92037 ], [ -71.99112, -38.92005 ], [ -71.99232, -38.92016 ], [ -71.99506, -38.91994 ], [ -71.99575, -38.91984 ], [ -71.9968, -38.91947 ], [ -71.99748, -38.91936 ], [ -71.99783, -38.91939 ], [ -71.99871, -38.91976 ], [ -71.99978, -38.92085 ], [ -72.001, -38.92135 ], [ -72.00126, -38.92168 ], [ -72.00131, -38.922 ], [ -72.00168, -38.92271 ], [ -72.0022, -38.9233 ], [ -72.00387, -38.92482 ], [ -72.00643, -38.92579 ], [ -72.00767, -38.92589 ], [ -72.00836, -38.92606 ], [ -72.00992, -38.92669 ], [ -72.01151, -38.92701 ], [ -72.01312, -38.92776 ], [ -72.01368, -38.92815 ], [ -72.01396, -38.92865 ], [ -72.01406, -38.9291 ], [ -72.01386, -38.93073 ], [ -72.01393, -38.93116 ], [ -72.01409, -38.93143 ], [ -72.01472, -38.93147 ], [ -72.01605, -38.93197 ], [ -72.01684, -38.93199 ], [ -72.01858, -38.93184 ], [ -72.01931, -38.93206 ], [ -72.02059, -38.93261 ], [ -72.02114, -38.93263 ], [ -72.02193, -38.93236 ], [ -72.02224, -38.93214 ], [ -72.02238, -38.93186 ], [ -72.02277, -38.93159 ], [ -72.02302, -38.93153 ], [ -72.02536, -38.93166 ], [ -72.02577, -38.93191 ], [ -72.02602, -38.93266 ], [ -72.02683, -38.93351 ], [ -72.027, -38.9338 ], [ -72.02756, -38.93412 ], [ -72.02777, -38.93437 ], [ -72.02859, -38.93498 ], [ -72.02884, -38.93569 ], [ -72.02934, -38.93602 ], [ -72.02983, -38.93597 ], [ -72.03066, -38.93545 ], [ -72.0315, -38.93543 ], [ -72.03186, -38.93534 ], [ -72.03283, -38.93483 ], [ -72.03439, -38.93491 ], [ -72.03493, -38.93471 ], [ -72.03571, -38.93459 ], [ -72.03614, -38.9344 ], [ -72.03733, -38.9336 ], [ -72.0387, -38.93346 ], [ -72.04153, -38.93264 ], [ -72.04251, -38.9321 ], [ -72.04295, -38.93203 ], [ -72.04335, -38.93206 ], [ -72.04414, -38.93227 ], [ -72.04486, -38.93282 ], [ -72.04495, -38.93309 ], [ -72.04432, -38.93426 ], [ -72.04451, -38.93464 ], [ -72.0447, -38.93483 ], [ -72.04718, -38.93424 ], [ -72.04794, -38.93429 ], [ -72.04877, -38.93459 ], [ -72.04894, -38.93478 ], [ -72.04919, -38.9353 ], [ -72.04935, -38.93617 ], [ -72.05001, -38.93653 ], [ -72.05093, -38.93678 ], [ -72.05153, -38.93709 ], [ -72.05263, -38.93789 ], [ -72.0534, -38.93887 ] ] } },
{ "type": "Feature", "properties": { "osm_id": 226066992, "nombre": "Sin nombre", "tipo": "river", "volcan_codigo": "SOL", "volcan_nombre": "Sollipulli", "drena_volcan": true }, "geometry": { "type": "LineString", "coordinates": [ [ -71.91475, -39.27513 ], [ -71.91602, -39.27448 ], [ -71.9169, -39.27393 ], [ -71.91716, -39.27362 ] ] } },
{ "type": "Feature", "properties": { "osm_id": 226066993, "nombre": "Sin nombre", "tipo": "river", "volcan_codigo": "SOL", "volcan_nombre": "Sollipulli", "drena_volcan": false }, "geometry": { "type": "LineString", "coordinates": [ [ -71.91274, -39.27471 ], [ -71.91386, -39.27504 ], [ -71.91475, -39.27513 ], [ -71.91599, -39.27498 ], [ -71.91848, -39.27447 ], [ -71.9196, -39.27405 ] ] } },
{ "type": "Feature", "properties": { "osm_id": 231661973, "nombre": "Río Palguín", "tipo": "river", "volcan_codigo": "SOL", "volcan_nombre": "Sollipulli", "drena_volcan": false }, "geometry": { "type": "LineString", "coordinates": [ [ -71.75605, -39.42689 ], [ -71.75574, -39.42665 ], [ -71.75584, -39.42646 ], [ -71.75591, -39.42575 ], [ -71.75635, -39.42541 ], [ -71.75673, -39.42525 ], [ -71.75728, -39.42517 ], [ -71.75789, -39.4249 ], [ -71.75794, -39.42474 ], [ -71.75773, -39.42462 ], [ -71.75766, -39.42447 ], [ -71.75778, -39.42418 ], [ -71.7577, -39.42398 ], [ -71.75841, -39.42315 ], [ -71.75855, -39.42278 ], [ -71.75856, -39.42239 ], [ -71.75919, -39.42205 ], [ -71.75932, -39.42184 ], [ -71.75976, -39.42156 ], [ -71.75958, -39.42127 ], [ -71.75964, -39.4211 ], [ -71.75981, -39.42094 ], [ -71.76012, -39.42084 ], [ -71.76001, -39.42071 ], [ -71.7601, -39.42058 ], [ -71.76082, -39.4203 ], [ -71.76163, -39.41946 ], [ -71.76226, -39.41938 ], [ -71.76302, -39.41941 ], [ -71.76409, -39.41852 ], [ -71.76445, -39.41833 ], [ -71.76572, -39.41819 ], [ -71.76584, -39.41809 ], [ -71.76605, -39.41754 ], [ -71.76735, -39.41693 ], [ -71.76763, -39.4167 ], [ -71.76761, -39.41652 ], [ -71.76817, -39.41601 ], [ -71.76837, -39.41541 ], [ -71.76838, -39.41516 ], [ -71.76738, -39.41444 ], [ -71.76751, -39.41426 ], [ -71.76785, -39.4142 ], [ -71.76889, -39.41437 ], [ -71.76936, -39.41409 ], [ -71.76934, -39.41381 ], [ -71.76893, -39.41352 ], [ -71.76816, -39.41322 ], [ -71.76802, -39.4129 ], [ -71.76832, -39.41269 ], [ -71.76904, -39.41251 ], [ -71.76905, -39.41212 ], [ -71.76945, -39.4115 ], [ -71.76913, -39.41056 ], [ -71.76937, -39.41019 ], [ -71.76964, -39.41008 ], [ -71.7697, -39.40988 ], [ -71.76938, -39.40947 ], [ -71.76909, -39.40932 ], [ -71.76909, -39.40903 ], [ -71.76958, -39.40855 ], [ -71.76956, -39.40844 ], [ -71.76935, -39.40825 ], [ -71.76924, -39.40786 ], [ -71.7693, -39.40767 ], [ -71.76939, -39.40754 ], [ -71.76982, -39.40749 ], [ -71.76992, -39.40723 ], [ -71.7695, -39.40673 ], [ -71.76944, -39.40653 ], [ -71.77035, -39.40624 ], [ -71.77048, -39.40575 ], [ -71.77089, -39.40552 ], [ -71.77099, -39.40504 ], [ -71.77119, -39.40475 ], [ -71.77137, -39.40405 ], [ -71.77158, -39.40385 ], [ -71.77167, -39.40289 ], [ -71.77142, -39.40225 ], [ -71.77158, -39.40207 ], [ -71.77202, -39.40187 ], [ -71.77268, -39.40189 ], [ -71.77291, -39.40177 ], [ -71.77324, -39.40105 ], [ -71.77376, -39.40072 ], [ -71.77413, -39.40025 ], [ -71.77419, -39.39974 ], [ -71.77436, -39.39931 ], [ -71.77483, -39.39883 ], [ -71.7756, -39.39845 ], [ -71.77624, -39.39785 ], [ -71.77623, -39.39766 ], [ -71.77599, -39.3973 ], [ -71.77594, -39.39705 ], [ -71.7763, -39.39688 ], [ -71.77664, -39.39646 ], [ -71.77711, -39.39615 ], [ -71.77738, -39.39581 ], [ -71.77747, -39.39555 ], [ -71.77744, -39.39536 ], [ -71.77707, -39.39513 ], [ -71.77684, -39.39474 ], [ -71.777, -39.39431 ], [ -71.77804, -39.39397 ], [ -71.77819, -39.39379 ], [ -71.77977, -39.39347 ], [ -71.78052, -39.3928 ], [ -71.78143, -39.3926 ], [ -71.78305, -39.39251 ], [ -71.78337, -39.39236 ], [ -71.7838, -39.39181 ], [ -71.78552, -39.39089 ], [ -71.78569, -39.39074 ], [ -71.78591, -39.38967 ], [ -71.78611, -39.38941 ], [ -71.78628, -39.38894 ], [ -71.78652, -39.38859 ], [ -71.78709, -39.38838 ], [ -71.78738, -39.38816 ], [ -71.78734, -39.38792 ], [ -71.78694, -39.38764 ], [ -71.78685, -39.38741 ], [ -71.78637, -39.38686 ], [ -71.78641, -39.38657 ], [ -71.78707, -39.3861 ], [ -71.78708, -39.38591 ], [ -71.78749, -39.38552 ], [ -71.78746, -39.38477 ], [ -71.78723, -39.38413 ], [ -71.78696, -39.38407 ], [ -71.78681, -39.38387 ], [ -71.78658, -39.38376 ], [ -71.78653, -39.38363 ], [ -71.787, -39.38281 ], [ -71.78707, -39.38257 ], [ -71.78703, -39.38234 ], [ -71.78673, -39.38216 ], [ -71.78687, -39.38166 ], [ -71.78662, -39.38104 ], [ -71.78636, -39.38082 ], [ -71.78609, -39.38073 ], [ -71.78583, -39.3804 ], [ -71.78583, -39.38028 ], [ -71.78631, -39.37991 ], [ -71.78645, -39.37965 ], [ -71.78685, -39.37832 ], [ -71.78704, -39.37812 ], [ -71.78773, -39.37619 ], [ -71.78798, -39.37579 ], [ -71.78833, -39.37555 ], [ -71.78857, -39.37512 ], [ -71.7885, -39.37486 ], [ -71.78838, -39.37479 ], [ -71.78739, -39.37487 ], [ -71.78701, -39.37477 ], [ -71.7867, -39.37449 ], [ -71.78662, -39.37424 ], [ -71.78678, -39.3739 ], [ -71.78737, -39.3735 ], [ -71.78755, -39.37303 ], [ -71.78753, -39.37274 ], [ -71.78723, -39.37253 ], [ -71.78671, -39.37241 ], [ -71.78534, -39.37253 ], [ -71.78488, -39.37243 ], [ -71.78458, -39.37215 ], [ -71.78413, -39.37209 ], [ -71.7839, -39.37191 ], [ -71.78361, -39.37158 ], [ -71.78357, -39.37138 ], [ -71.78297, -39.37114 ], [ -71.78295, -39.37092 ], [ -71.7825, -39.37026 ], [ -71.78234, -39.3702 ], [ -71.78211, -39.36962 ], [ -71.78188, -39.36939 ], [ -71.78129, -39.3691 ], [ -71.78106, -39.36885 ], [ -71.77994, -39.36728 ], [ -71.77941, -39.36622 ], [ -71.77867, -39.36541 ], [ -71.7786, -39.36513 ], [ -71.7788, -39.36387 ], [ -71.77923, -39.36312 ], [ -71.78035, -39.36247 ], [ -71.78116, -39.3616 ], [ -71.781, -39.36059 ], [ -71.7803, -39.35955 ], [ -71.77992, -39.35922 ], [ -71.77973, -39.3588 ], [ -71.77971, -39.35837 ], [ -71.77955, -39.35793 ], [ -71.77886, -39.35754 ], [ -71.77757, -39.35533 ], [ -71.77751, -39.35476 ], [ -71.77638, -39.35324 ], [ -71.77631, -39.35294 ], [ -71.77616, -39.35271 ], [ -71.77519, -39.35241 ], [ -71.77484, -39.35209 ], [ -71.77441, -39.35142 ], [ -71.77411, -39.35119 ], [ -71.77372, -39.35107 ], [ -71.77349, -39.35081 ], [ -71.77312, -39.35071 ], [ -71.77303, -39.35042 ] ] } },
{ "type": "Feature", "properties": { "osm_id": 232908351, "nombre": "Río Carén", "tipo": "river", "volcan_codigo": "SOL", "volcan_nombre": "Sollipulli", "drena_volcan": true }, "geometry": { "type": "LineString", "coordinates": [ [ -71.53711, -38.89571 ], [ -71.53609, -38.89457 ], [ -71.53488, -38.89353 ], [ -71.53417, -38.89268 ], [ -71.53432, -38.89238 ], [ -71.5349, -38.89214 ], [ -71.53508, -38.89186 ], [ -71.53475, -38.89143 ], [ -71.53354, -38.8908 ], [ -71.53332, -38.88992 ], [ -71.53434, -38.88934 ], [ -71.53413, -38.8883 ], [ -71.53466, -38.88777 ], [ -71.53477, -38.88676 ], [ -71.53478, -38.88578 ], [ -71.53444, -38.88461 ], [ -71.53497, -38.88382 ], [ -71.53488, -38.88314 ], [ -71.53695, -38.88152 ], [ -71.53713, -38.88099 ], [ -71.53702, -38.87993 ], [ -71.53682, -38.87921 ] ] } },
{ "type": "Feature", "properties": { "osm_id": 233260367, "nombre": "Río Quilque", "tipo": "river", "volcan_codigo": "SOL", "volcan_nombre": "Sollipulli", "drena_volcan": false }, "geometry": { "type": "LineString", "coordinates": [ [ -71.92112, -39.17467 ], [ -71.91994, -39.17494 ], [ -71.91913, -39.17538 ], [ -71.91803, -39.1757 ], [ -71.91788, -39.17633 ], [ -71.91705, -39.17698 ], [ -71.91692, -39.17756 ], [ -71.91647, -39.17837 ], [ -71.91576, -39.17852 ], [ -71.91503, -39.1792 ], [ -71.91568, -39.18027 ], [ -71.91553, -39.18152 ], [ -71.91501, -39.18261 ], [ -71.9145, -39.18409 ], [ -71.91538, -39.18552 ], [ -71.91572, -39.1884 ], [ -71.91551, -39.18927 ], [ -71.91557, -39.19035 ], [ -71.91673, -39.19088 ], [ -71.91802, -39.19179 ], [ -71.918, -39.19279 ], [ -71.91764, -39.19342 ], [ -71.91768, -39.19436 ], [ -71.91811, -39.19526 ], [ -71.91869, -39.19598 ], [ -71.92079, -39.19671 ], [ -71.92161, -39.19729 ], [ -71.923, -39.19751 ], [ -71.92481, -39.19819 ], [ -71.92509, -39.19861 ], [ -71.92519, -39.19934 ], [ -71.92678, -39.19952 ], [ -71.92805, -39.19985 ], [ -71.93062, -39.20107 ], [ -71.93337, -39.20208 ], [ -71.93412, -39.20276 ], [ -71.93474, -39.20349 ], [ -71.93549, -39.20356 ], [ -71.93659, -39.20336 ], [ -71.93734, -39.20339 ], [ -71.93856, -39.20373 ], [ -71.93901, -39.20408 ], [ -71.93959, -39.20419 ], [ -71.94034, -39.20409 ], [ -71.9416, -39.20533 ], [ -71.94178, -39.206 ], [ -71.94311, -39.20743 ], [ -71.9433, -39.20823 ], [ -71.94401, -39.20948 ], [ -71.94472, -39.20998 ], [ -71.94635, -39.21041 ], [ -71.94684, -39.21071 ], [ -71.94716, -39.21116 ], [ -71.94713, -39.21168 ], [ -71.94689, -39.21203 ], [ -71.94719, -39.21238 ], [ -71.94844, -39.21236 ], [ -71.94927, -39.21248 ], [ -71.94973, -39.21336 ], [ -71.95025, -39.21363 ], [ -71.95229, -39.21387 ], [ -71.9531, -39.21434 ], [ -71.95336, -39.2149 ], [ -71.95339, -39.21529 ], [ -71.95295, -39.21578 ], [ -71.95278, -39.2163 ], [ -71.95369, -39.21655 ], [ -71.95458, -39.21623 ], [ -71.95516, -39.21627 ], [ -71.95515, -39.21754 ], [ -71.95595, -39.21829 ], [ -71.95593, -39.21877 ], [ -71.95575, -39.21918 ], [ -71.95589, -39.21985 ], [ -71.95635, -39.22028 ], [ -71.95849, -39.2204 ], [ -71.95909, -39.22067 ], [ -71.95971, -39.22123 ], [ -71.96035, -39.22165 ], [ -71.96116, -39.22201 ], [ -71.9614, -39.2224 ], [ -71.96142, -39.22303 ], [ -71.96153, -39.22353 ], [ -71.96203, -39.22405 ], [ -71.96217, -39.22433 ], [ -71.96223, -39.22497 ], [ -71.9625, -39.22529 ], [ -71.96354, -39.22548 ], [ -71.96389, -39.22564 ], [ -71.96373, -39.22645 ], [ -71.96342, -39.22702 ], [ -71.96273, -39.22782 ], [ -71.96269, -39.22824 ], [ -71.96282, -39.22865 ], [ -71.96345, -39.22936 ], [ -71.96389, -39.23007 ], [ -71.9639, -39.23042 ], [ -71.96374, -39.23074 ], [ -71.96329, -39.23128 ], [ -71.96263, -39.23179 ], [ -71.96232, -39.2323 ], [ -71.96228, -39.23267 ], [ -71.96239, -39.23298 ], [ -71.96237, -39.23329 ], [ -71.96204, -39.23412 ], [ -71.96232, -39.23482 ], [ -71.96275, -39.23542 ], [ -71.96269, -39.23564 ], [ -71.96237, -39.23602 ], [ -71.96235, -39.23639 ], [ -71.96252, -39.23655 ], [ -71.96281, -39.23666 ], [ -71.96356, -39.23675 ], [ -71.96398, -39.23716 ] ] } },
{ "type": "Feature", "properties": { "osm_id": 233298262, "nombre": "Estero Rumiñañe", "tipo": "stream", "volcan_codigo": "SOL", "volcan_nombre": "Sollipulli", "drena_volcan": true }, "geometry": { "type": "LineString", "coordinates": [ [ -71.55606, -38.93508 ], [ -71.55524, -38.93438 ], [ -71.5553, -38.93391 ], [ -71.55489, -38.93385 ], [ -71.5545, -38.93324 ], [ -71.55372, -38.93286 ], [ -71.55368, -38.93273 ], [ -71.55408, -38.93251 ], [ -71.55404, -38.93233 ], [ -71.55342, -38.93197 ], [ -71.55294, -38.93136 ], [ -71.55293, -38.93101 ], [ -71.55209, -38.93086 ], [ -71.55121, -38.92935 ], [ -71.55125, -38.92866 ], [ -71.55194, -38.9284 ], [ -71.55234, -38.92813 ], [ -71.55279, -38.92801 ], [ -71.55314, -38.92738 ], [ -71.553, -38.92683 ], [ -71.55324, -38.92631 ], [ -71.55289, -38.92528 ], [ -71.5528, -38.92434 ], [ -71.55257, -38.92421 ], [ -71.55224, -38.92385 ], [ -71.55157, -38.92397 ], [ -71.55125, -38.92386 ], [ -71.55091, -38.92395 ], [ -71.55009, -38.92387 ], [ -71.54842, -38.92404 ], [ -71.54724, -38.92377 ], [ -71.5467, -38.9235 ], [ -71.54661, -38.92312 ], [ -71.54589, -38.9228 ], [ -71.54582, -38.92195 ], [ -71.54493, -38.92099 ], [ -71.54444, -38.92 ], [ -71.54457, -38.91951 ], [ -71.54355, -38.91911 ], [ -71.5433, -38.91839 ], [ -71.53996, -38.91665 ], [ -71.53953, -38.91571 ], [ -71.53868, -38.91503 ], [ -71.5387, -38.91399 ], [ -71.53932, -38.91272 ], [ -71.5401, -38.91133 ], [ -71.54036, -38.91108 ], [ -71.54063, -38.91048 ], [ -71.54031, -38.9102 ], [ -71.54045, -38.90975 ], [ -71.54019, -38.909 ], [ -71.53986, -38.90854 ], [ -71.53998, -38.90789 ], [ -71.53954, -38.90585 ], [ -71.53926, -38.90541 ], [ -71.53946, -38.90485 ], [ -71.53933, -38.90336 ], [ -71.5389, -38.90309 ], [ -71.53877, -38.90284 ], [ -71.53905, -38.90263 ], [ -71.53861, -38.90213 ], [ -71.5373, -38.90165 ], [ -71.537, -38.90135 ], [ -71.53681, -38.90071 ], [ -71.53631, -38.90034 ], [ -71.53612, -38.90007 ], [ -71.53635, -38.89987 ], [ -71.53702, -38.89976 ], [ -71.53743, -38.89921 ], [ -71.53755, -38.89866 ], [ -71.537, -38.89818 ], [ -71.5368, -38.89737 ], [ -71.53719, -38.89635 ], [ -71.53711, -38.89571 ] ] } },
{ "type": "Feature", "properties": { "osm_id": 248165609, "nombre": "Río Pulmarí", "tipo": "river", "volcan_codigo": "SOL", "volcan_nombre": "Sollipulli", "drena_volcan": false }, "geometry": { "type": "LineString", "coordinates": [ [ -71.21507, -39.13832 ], [ -71.21439, -39.13831 ], [ -71.21357, -39.13845 ], [ -71.21224, -39.13904 ], [ -71.212, -39.13903 ], [ -71.21124, -39.13884 ], [ -71.2108, -39.13847 ], [ -71.20997, -39.13821 ], [ -71.20919, -39.13775 ], [ -71.20885, -39.13769 ], [ -71.20863, -39.13775 ], [ -71.20853, -39.13791 ], [ -71.20876, -39.13874 ], [ -71.20875, -39.13907 ], [ -71.20855, -39.13928 ], [ -71.20833, -39.13932 ], [ -71.20693, -39.13906 ], [ -71.20648, -39.13885 ], [ -71.2059, -39.13821 ], [ -71.20597, -39.13748 ], [ -71.20556, -39.13645 ], [ -71.20502, -39.13623 ], [ -71.20473, -39.13623 ], [ -71.20433, -39.13667 ], [ -71.20419, -39.13704 ], [ -71.20416, -39.13746 ], [ -71.20426, -39.13804 ], [ -71.20417, -39.13838 ], [ -71.2025, -39.13955 ], [ -71.20179, -39.13989 ], [ -71.20091, -39.14009 ], [ -71.20028, -39.14009 ], [ -71.19979, -39.14001 ], [ -71.19921, -39.13972 ], [ -71.19881, -39.13939 ], [ -71.19846, -39.13851 ], [ -71.19838, -39.13795 ], [ -71.19811, -39.13758 ], [ -71.19762, -39.13734 ], [ -71.19695, -39.13717 ], [ -71.19647, -39.13719 ], [ -71.196, -39.13752 ], [ -71.19556, -39.13808 ], [ -71.19468, -39.13869 ], [ -71.19305, -39.13944 ], [ -71.19254, -39.13949 ], [ -71.19234, -39.13918 ], [ -71.18946, -39.13752 ], [ -71.1887, -39.13764 ], [ -71.18735, -39.13732 ], [ -71.18717, -39.13718 ], [ -71.18709, -39.13657 ], [ -71.18688, -39.13633 ], [ -71.18641, -39.13605 ], [ -71.18588, -39.13541 ], [ -71.18573, -39.13536 ], [ -71.1854, -39.1354 ], [ -71.18517, -39.13559 ], [ -71.18484, -39.1357 ], [ -71.18446, -39.1357 ], [ -71.18342, -39.13541 ], [ -71.1827, -39.13511 ], [ -71.18239, -39.13441 ], [ -71.18182, -39.13398 ], [ -71.18144, -39.13394 ], [ -71.17882, -39.13318 ], [ -71.17816, -39.13307 ], [ -71.1767, -39.13332 ] ] } },
{ "type": "Feature", "properties": { "osm_id": 248166365, "nombre": "Río Rucachoroi", "tipo": "river", "volcan_codigo": "SOL", "volcan_nombre": "Sollipulli", "drena_volcan": false }, "geometry": { "type": "LineString", "coordinates": [ [ -71.17076, -39.22465 ], [ -71.16919, -39.22493 ], [ -71.1681, -39.2247 ], [ -71.16762, -39.22447 ], [ -71.16689, -39.22385 ], [ -71.16463, -39.22158 ], [ -71.16334, -39.22019 ], [ -71.16292, -39.21945 ], [ -71.16222, -39.21889 ], [ -71.16047, -39.21912 ], [ -71.15721, -39.21869 ], [ -71.15558, -39.21859 ], [ -71.15459, -39.21869 ], [ -71.15398, -39.21929 ], [ -71.1539, -39.21982 ], [ -71.15347, -39.22022 ], [ -71.15279, -39.22038 ], [ -71.15214, -39.22035 ], [ -71.15137, -39.21969 ], [ -71.15081, -39.21902 ], [ -71.14981, -39.21872 ] ] } },
{ "type": "Feature", "properties": { "osm_id": 251153855, "nombre": "Estero Santa Inés", "tipo": "stream", "volcan_codigo": "SOL", "volcan_nombre": "Sollipulli", "drena_volcan": false }, "geometry": { "type": "LineString", "coordinates": [ [ -71.80452, -38.99595 ], [ -71.8051, -38.99683 ], [ -71.80621, -38.9976 ], [ -71.80673, -38.99926 ], [ -71.80691, -39.00152 ], [ -71.80635, -39.00251 ], [ -71.80519, -39.00424 ], [ -71.8051, -39.00559 ], [ -71.80519, -39.00976 ], [ -71.8057, -39.01084 ], [ -71.80519, -39.01203 ], [ -71.80652, -39.01269 ], [ -71.8062, -39.01383 ], [ -71.808, -39.01478 ], [ -71.80824, -39.01593 ], [ -71.80772, -39.01654 ], [ -71.80787, -39.01741 ], [ -71.80765, -39.01911 ], [ -71.80884, -39.0206 ], [ -71.80991, -39.02151 ], [ -71.80987, -39.02211 ], [ -71.8101, -39.02268 ], [ -71.81028, -39.02425 ], [ -71.80952, -39.02538 ], [ -71.80981, -39.02596 ], [ -71.80994, -39.02889 ], [ -71.8091, -39.0302 ], [ -71.80888, -39.03132 ], [ -71.80761, -39.03165 ], [ -71.80764, -39.03273 ], [ -71.80673, -39.03352 ], [ -71.80729, -39.03415 ], [ -71.80796, -39.03419 ], [ -71.80829, -39.03488 ], [ -71.80781, -39.03545 ], [ -71.80842, -39.03597 ], [ -71.80794, -39.03622 ], [ -71.80731, -39.03693 ], [ -71.80753, -39.03733 ], [ -71.80894, -39.03861 ], [ -71.80924, -39.03933 ], [ -71.80989, -39.03951 ], [ -71.81064, -39.04035 ], [ -71.81132, -39.04043 ], [ -71.81197, -39.041 ], [ -71.81313, -39.04096 ], [ -71.81467, -39.0413 ], [ -71.81521, -39.04203 ], [ -71.81596, -39.04196 ], [ -71.81654, -39.04283 ], [ -71.81901, -39.04541 ], [ -71.81901, -39.04633 ], [ -71.82019, -39.04665 ], [ -71.82083, -39.04729 ], [ -71.82072, -39.04956 ], [ -71.82045, -39.05047 ], [ -71.8206, -39.05094 ], [ -71.82093, -39.05124 ], [ -71.82375, -39.05261 ], [ -71.82434, -39.05395 ], [ -71.82427, -39.05538 ], [ -71.82473, -39.0565 ], [ -71.82622, -39.05698 ], [ -71.82727, -39.05802 ], [ -71.82918, -39.05868 ], [ -71.83165, -39.06131 ], [ -71.83213, -39.06206 ], [ -71.83172, -39.06309 ], [ -71.83188, -39.06414 ], [ -71.83228, -39.06484 ], [ -71.83228, -39.06524 ], [ -71.83241, -39.06565 ], [ -71.83329, -39.06585 ], [ -71.83368, -39.0663 ], [ -71.83433, -39.06675 ], [ -71.83591, -39.06755 ], [ -71.83779, -39.06787 ], [ -71.83902, -39.06785 ], [ -71.84048, -39.06797 ], [ -71.84107, -39.06823 ], [ -71.84201, -39.07006 ], [ -71.84269, -39.07069 ], [ -71.84357, -39.07122 ], [ -71.84415, -39.07139 ], [ -71.84451, -39.0714 ], [ -71.84471, -39.07125 ], [ -71.84505, -39.07074 ], [ -71.8452, -39.07068 ], [ -71.84617, -39.071 ], [ -71.84687, -39.07147 ], [ -71.84732, -39.07213 ], [ -71.84699, -39.07246 ], [ -71.84641, -39.07263 ], [ -71.84618, -39.07295 ], [ -71.84647, -39.07307 ], [ -71.84694, -39.0731 ], [ -71.84714, -39.07288 ], [ -71.8475, -39.07271 ], [ -71.84817, -39.07275 ], [ -71.84855, -39.07304 ], [ -71.84891, -39.07345 ], [ -71.84944, -39.07345 ], [ -71.85035, -39.07298 ], [ -71.85154, -39.07291 ], [ -71.85262, -39.073 ], [ -71.85365, -39.0733 ], [ -71.85454, -39.0739 ], [ -71.85463, -39.0745 ], [ -71.85456, -39.07522 ], [ -71.85428, -39.07583 ], [ -71.85424, -39.07635 ], [ -71.85441, -39.0767 ], [ -71.85444, -39.0772 ], [ -71.85413, -39.07757 ], [ -71.85368, -39.07795 ], [ -71.85322, -39.07783 ], [ -71.85292, -39.07757 ], [ -71.85236, -39.0776 ], [ -71.85207, -39.07795 ], [ -71.85207, -39.07837 ], [ -71.85295, -39.07933 ], [ -71.85304, -39.07996 ], [ -71.85383, -39.08065 ], [ -71.85419, -39.08108 ], [ -71.8546, -39.08206 ], [ -71.85466, -39.08254 ], [ -71.8545, -39.08278 ], [ -71.85362, -39.08326 ], [ -71.8536, -39.08359 ], [ -71.85422, -39.08444 ], [ -71.85482, -39.08498 ], [ -71.85554, -39.08503 ], [ -71.8572, -39.08404 ], [ -71.85803, -39.08392 ], [ -71.85991, -39.08345 ], [ -71.86096, -39.08387 ], [ -71.86248, -39.08483 ], [ -71.8628, -39.08516 ], [ -71.8628, -39.08544 ], [ -71.86248, -39.08564 ], [ -71.86143, -39.08585 ], [ -71.86117, -39.0861 ], [ -71.86108, -39.08681 ], [ -71.8606, -39.08708 ], [ -71.86013, -39.08719 ], [ -71.85981, -39.08749 ], [ -71.85975, -39.08789 ], [ -71.85988, -39.08841 ], [ -71.86011, -39.08867 ], [ -71.86073, -39.08895 ], [ -71.86142, -39.08906 ], [ -71.86227, -39.08946 ], [ -71.86436, -39.08976 ], [ -71.86515, -39.09004 ], [ -71.86562, -39.09035 ], [ -71.86586, -39.09086 ], [ -71.8656, -39.0915 ], [ -71.86489, -39.0924 ], [ -71.86403, -39.0931 ], [ -71.86353, -39.09341 ], [ -71.86307, -39.09358 ], [ -71.86187, -39.09374 ], [ -71.86181, -39.09404 ], [ -71.86195, -39.09464 ], [ -71.86228, -39.09509 ], [ -71.86272, -39.09557 ], [ -71.8633, -39.09583 ], [ -71.86395, -39.09589 ], [ -71.86878, -39.09503 ], [ -71.87111, -39.09503 ], [ -71.87215, -39.09524 ], [ -71.87269, -39.09545 ], [ -71.87342, -39.09545 ], [ -71.87407, -39.09559 ], [ -71.87477, -39.09577 ], [ -71.87526, -39.096 ], [ -71.87605, -39.09675 ], [ -71.87618, -39.09701 ], [ -71.87636, -39.09784 ], [ -71.87662, -39.09818 ], [ -71.8765, -39.09864 ], [ -71.87576, -39.09878 ], [ -71.87504, -39.09927 ], [ -71.87463, -39.09975 ], [ -71.87368, -39.10051 ], [ -71.87357, -39.10127 ], [ -71.87384, -39.10192 ], [ -71.87456, -39.10225 ], [ -71.87544, -39.10244 ], [ -71.87648, -39.10248 ] ] } },
{ "type": "Feature", "properties": { "osm_id": 251154428, "nombre": "Sin nombre", "tipo": "stream", "volcan_codigo": "SOL", "volcan_nombre": "Sollipulli", "drena_volcan": false }, "geometry": { "type": "LineString", "coordinates": [ [ -71.77253, -39.01252 ], [ -71.77635, -39.01222 ], [ -71.77683, -39.01189 ], [ -71.77762, -39.01172 ], [ -71.78034, -39.01169 ], [ -71.78071, -39.01157 ], [ -71.78126, -39.0108 ], [ -71.78163, -39.01069 ] ] } },
{ "type": "Feature", "properties": { "osm_id": 251155415, "nombre": "Sin nombre", "tipo": "stream", "volcan_codigo": "SOL", "volcan_nombre": "Sollipulli", "drena_volcan": false }, "geometry": { "type": "LineString", "coordinates": [ [ -71.77845, -39.00943 ], [ -71.78163, -39.01069 ], [ -71.78397, -39.01132 ], [ -71.78521, -39.01202 ], [ -71.78724, -39.01175 ], [ -71.78954, -39.01189 ], [ -71.79029, -39.0124 ], [ -71.79122, -39.0125 ], [ -71.79192, -39.01361 ], [ -71.79267, -39.01407 ], [ -71.7927, -39.01474 ], [ -71.79367, -39.01534 ], [ -71.79444, -39.01549 ], [ -71.79643, -39.01646 ], [ -71.79751, -39.0164 ], [ -71.79779, -39.01668 ], [ -71.79726, -39.01761 ], [ -71.7981, -39.01795 ], [ -71.79911, -39.01755 ], [ -71.80025, -39.01803 ], [ -71.80116, -39.01774 ], [ -71.80217, -39.0178 ], [ -71.80354, -39.01756 ], [ -71.80466, -39.01828 ], [ -71.80606, -39.01809 ], [ -71.80765, -39.01911 ] ] } },
{ "type": "Feature", "properties": { "osm_id": 251163213, "nombre": "Río Cherquén", "tipo": "river", "volcan_codigo": "SOL", "volcan_nombre": "Sollipulli", "drena_volcan": false }, "geometry": { "type": "LineString", "coordinates": [ [ -71.74914, -38.97183 ], [ -71.74986, -38.97152 ], [ -71.74977, -38.97056 ], [ -71.75046, -38.97032 ], [ -71.75072, -38.96939 ], [ -71.7508, -38.96844 ], [ -71.75138, -38.96802 ], [ -71.75145, -38.96707 ], [ -71.75091, -38.96598 ], [ -71.75109, -38.96572 ], [ -71.75227, -38.96577 ], [ -71.7526, -38.9655 ], [ -71.75208, -38.96505 ], [ -71.75295, -38.96434 ], [ -71.75394, -38.96369 ], [ -71.75425, -38.96305 ], [ -71.75556, -38.96262 ], [ -71.75634, -38.9619 ], [ -71.75682, -38.96112 ], [ -71.75815, -38.9606 ], [ -71.75874, -38.96051 ], [ -71.75908, -38.95989 ], [ -71.7601, -38.9596 ], [ -71.76038, -38.95857 ], [ -71.76226, -38.95761 ], [ -71.76302, -38.95764 ], [ -71.76315, -38.95686 ], [ -71.76462, -38.95561 ], [ -71.76477, -38.95569 ], [ -71.7648, -38.95588 ], [ -71.76605, -38.95572 ], [ -71.76594, -38.95509 ], [ -71.76697, -38.9542 ], [ -71.76778, -38.95418 ], [ -71.76833, -38.95357 ], [ -71.76838, -38.9529 ], [ -71.76858, -38.95274 ], [ -71.76925, -38.9527 ], [ -71.76974, -38.95208 ], [ -71.7705, -38.95177 ], [ -71.77053, -38.95111 ], [ -71.7713, -38.95086 ], [ -71.77137, -38.95044 ], [ -71.77056, -38.94973 ], [ -71.77062, -38.94945 ], [ -71.77115, -38.94933 ], [ -71.77388, -38.94635 ], [ -71.77482, -38.94564 ], [ -71.7767, -38.94505 ], [ -71.77718, -38.94513 ], [ -71.77768, -38.94484 ], [ -71.77875, -38.94317 ], [ -71.77858, -38.94232 ], [ -71.77867, -38.94217 ], [ -71.77925, -38.94222 ], [ -71.77954, -38.94198 ], [ -71.77902, -38.94096 ], [ -71.77911, -38.94038 ], [ -71.78043, -38.94048 ], [ -71.78115, -38.93979 ], [ -71.78049, -38.93896 ], [ -71.78213, -38.93773 ], [ -71.78239, -38.93716 ], [ -71.7822, -38.93663 ], [ -71.78253, -38.93632 ], [ -71.78309, -38.93627 ], [ -71.78322, -38.93587 ], [ -71.78314, -38.9355 ], [ -71.78383, -38.935 ], [ -71.78465, -38.93416 ], [ -71.78573, -38.93253 ], [ -71.78574, -38.93175 ], [ -71.78612, -38.93118 ], [ -71.786, -38.93046 ], [ -71.78623, -38.93 ], [ -71.787, -38.92962 ], [ -71.78741, -38.92927 ], [ -71.78727, -38.92861 ], [ -71.78893, -38.92798 ], [ -71.7888, -38.92729 ], [ -71.78932, -38.92642 ], [ -71.78961, -38.92636 ], [ -71.79004, -38.926 ], [ -71.79056, -38.92571 ], [ -71.79056, -38.92515 ], [ -71.79011, -38.9243 ], [ -71.79017, -38.92403 ], [ -71.79148, -38.92348 ], [ -71.79166, -38.92291 ], [ -71.79145, -38.92231 ], [ -71.79154, -38.92197 ], [ -71.7923, -38.92173 ], [ -71.79236, -38.92132 ], [ -71.79215, -38.92087 ], [ -71.79251, -38.92051 ], [ -71.79362, -38.92027 ], [ -71.79437, -38.91956 ], [ -71.79403, -38.91808 ], [ -71.79407, -38.91762 ], [ -71.79454, -38.91727 ], [ -71.79523, -38.91707 ], [ -71.79545, -38.91679 ], [ -71.79527, -38.91635 ], [ -71.79482, -38.91604 ], [ -71.79506, -38.9148 ], [ -71.79483, -38.91426 ], [ -71.79413, -38.91383 ], [ -71.79386, -38.91305 ], [ -71.79334, -38.91286 ], [ -71.79286, -38.91198 ], [ -71.79143, -38.91091 ], [ -71.79141, -38.91069 ], [ -71.79253, -38.90991 ], [ -71.79249, -38.90954 ], [ -71.79214, -38.90925 ], [ -71.79165, -38.90908 ], [ -71.79151, -38.90888 ], [ -71.79158, -38.90833 ], [ -71.79185, -38.90778 ], [ -71.79206, -38.90666 ], [ -71.79266, -38.90617 ], [ -71.79264, -38.90576 ], [ -71.79275, -38.90523 ], [ -71.79323, -38.90475 ], [ -71.79346, -38.90422 ], [ -71.79355, -38.90389 ], [ -71.79334, -38.90365 ], [ -71.79378, -38.90337 ], [ -71.79445, -38.90319 ], [ -71.79466, -38.9029 ], [ -71.79484, -38.90227 ], [ -71.79502, -38.90094 ], [ -71.79525, -38.90014 ], [ -71.79523, -38.89956 ], [ -71.79557, -38.89899 ], [ -71.79674, -38.89866 ], [ -71.79712, -38.89844 ], [ -71.79739, -38.89805 ], [ -71.79656, -38.89684 ], [ -71.79729, -38.89611 ], [ -71.79716, -38.89555 ], [ -71.7969, -38.89504 ], [ -71.79707, -38.89437 ], [ -71.79695, -38.89427 ], [ -71.79664, -38.89441 ], [ -71.79608, -38.89426 ], [ -71.79587, -38.89396 ], [ -71.79657, -38.89322 ], [ -71.79643, -38.89309 ], [ -71.79585, -38.89288 ], [ -71.79557, -38.89264 ], [ -71.7958, -38.89163 ], [ -71.79601, -38.89116 ], [ -71.79643, -38.89074 ] ] } },
{ "type": "Feature", "properties": { "osm_id": 251166452, "nombre": "Río Llaima", "tipo": "river", "volcan_codigo": "SOL", "volcan_nombre": "Sollipulli", "drena_volcan": false }, "geometry": { "type": "LineString", "coordinates": [ [ -71.73357, -38.91852 ], [ -71.7335, -38.91812 ], [ -71.73453, -38.91609 ], [ -71.7347, -38.91595 ], [ -71.7351, -38.91595 ], [ -71.73564, -38.91571 ], [ -71.73587, -38.91515 ], [ -71.73605, -38.91438 ], [ -71.73697, -38.91409 ], [ -71.738, -38.91414 ], [ -71.7383, -38.91408 ], [ -71.73849, -38.91389 ], [ -71.73851, -38.91361 ], [ -71.73838, -38.91301 ], [ -71.73845, -38.91259 ], [ -71.73972, -38.91132 ], [ -71.73984, -38.911 ], [ -71.73984, -38.90897 ], [ -71.74081, -38.90795 ], [ -71.7407, -38.90771 ], [ -71.74036, -38.90745 ], [ -71.73982, -38.90678 ], [ -71.73971, -38.90655 ], [ -71.73986, -38.90606 ], [ -71.74068, -38.90591 ], [ -71.74149, -38.90556 ], [ -71.74287, -38.90366 ], [ -71.74304, -38.90277 ], [ -71.74364, -38.9023 ], [ -71.74433, -38.90197 ], [ -71.74499, -38.90195 ], [ -71.74643, -38.9021 ], [ -71.7471, -38.90204 ], [ -71.74772, -38.90184 ], [ -71.74793, -38.90157 ], [ -71.74795, -38.90125 ], [ -71.74776, -38.90084 ], [ -71.74832, -38.90058 ], [ -71.74903, -38.9004 ], [ -71.74913, -38.90023 ], [ -71.74901, -38.89977 ], [ -71.7486, -38.89901 ], [ -71.74849, -38.8985 ], [ -71.74856, -38.89818 ], [ -71.74883, -38.89805 ], [ -71.7519, -38.8975 ], [ -71.7528, -38.89716 ], [ -71.75375, -38.89709 ], [ -71.75405, -38.89694 ], [ -71.75407, -38.89663 ], [ -71.7539, -38.89603 ], [ -71.75437, -38.89569 ], [ -71.75566, -38.89591 ], [ -71.75643, -38.89593 ], [ -71.75739, -38.89551 ], [ -71.75836, -38.89487 ], [ -71.76014, -38.89446 ], [ -71.76117, -38.89456 ], [ -71.76201, -38.89442 ], [ -71.76244, -38.89419 ], [ -71.76284, -38.89365 ], [ -71.763, -38.89332 ], [ -71.76302, -38.89289 ], [ -71.7628, -38.892 ], [ -71.76295, -38.8911 ], [ -71.76351, -38.8904 ], [ -71.76385, -38.8901 ], [ -71.76424, -38.88948 ], [ -71.7643, -38.88913 ], [ -71.76473, -38.88851 ], [ -71.76581, -38.88788 ], [ -71.76662, -38.88699 ], [ -71.76707, -38.88662 ], [ -71.76765, -38.88639 ], [ -71.76958, -38.88619 ], [ -71.77072, -38.88589 ], [ -71.77201, -38.88524 ], [ -71.77339, -38.88421 ], [ -71.77379, -38.88382 ], [ -71.77474, -38.88328 ], [ -71.77529, -38.88322 ], [ -71.77628, -38.88337 ], [ -71.77797, -38.88317 ], [ -71.7799, -38.88314 ], [ -71.78018, -38.88304 ], [ -71.78085, -38.88233 ], [ -71.78148, -38.88208 ], [ -71.78221, -38.88212 ], [ -71.78297, -38.88203 ], [ -71.78344, -38.88217 ], [ -71.78441, -38.88203 ], [ -71.7855, -38.88185 ], [ -71.78683, -38.88143 ], [ -71.78754, -38.88111 ], [ -71.78838, -38.88098 ], [ -71.79052, -38.87996 ], [ -71.79196, -38.87899 ], [ -71.79207, -38.8784 ], [ -71.79203, -38.87822 ], [ -71.79121, -38.87747 ], [ -71.79113, -38.87725 ], [ -71.79119, -38.87712 ], [ -71.79141, -38.877 ], [ -71.79269, -38.87683 ], [ -71.79297, -38.87698 ], [ -71.79345, -38.87704 ], [ -71.79405, -38.87683 ], [ -71.79426, -38.87657 ], [ -71.79432, -38.8763 ], [ -71.79449, -38.87605 ], [ -71.79488, -38.87607 ], [ -71.79613, -38.87567 ], [ -71.79793, -38.87575 ], [ -71.7999, -38.87652 ], [ -71.80046, -38.8766 ], [ -71.80093, -38.8765 ], [ -71.80143, -38.87623 ], [ -71.80188, -38.8758 ], [ -71.80201, -38.87551 ], [ -71.80194, -38.87516 ], [ -71.80207, -38.8748 ], [ -71.80237, -38.87461 ], [ -71.80308, -38.87461 ], [ -71.80342, -38.87478 ], [ -71.80355, -38.87511 ], [ -71.80336, -38.87545 ], [ -71.80293, -38.87585 ], [ -71.80293, -38.87617 ], [ -71.80321, -38.87643 ], [ -71.80391, -38.87662 ], [ -71.80449, -38.87648 ], [ -71.80473, -38.87627 ], [ -71.80597, -38.8757 ], [ -71.80641, -38.87536 ], [ -71.80716, -38.87406 ], [ -71.80791, -38.87379 ], [ -71.80864, -38.87394 ], [ -71.80913, -38.87419 ] ] } },
{ "type": "Feature", "properties": { "osm_id": 251176489, "nombre": "Estero El Manzano", "tipo": "stream", "volcan_codigo": "SOL", "volcan_nombre": "Sollipulli", "drena_volcan": false }, "geometry": { "type": "LineString", "coordinates": [ [ -71.79672, -38.79756 ], [ -71.79713, -38.79798 ], [ -71.79718, -38.7986 ], [ -71.79778, -38.79995 ], [ -71.79785, -38.8008 ], [ -71.79774, -38.80187 ], [ -71.79747, -38.80303 ], [ -71.7982, -38.80386 ], [ -71.79835, -38.80499 ], [ -71.79807, -38.80566 ], [ -71.79805, -38.80705 ], [ -71.79844, -38.80827 ], [ -71.79935, -38.8103 ], [ -71.79943, -38.81102 ], [ -71.79983, -38.81206 ], [ -71.80037, -38.81306 ], [ -71.8003, -38.81367 ], [ -71.80057, -38.81413 ], [ -71.80074, -38.81475 ], [ -71.80124, -38.81573 ], [ -71.8017, -38.81644 ], [ -71.8022, -38.8169 ], [ -71.80246, -38.8174 ], [ -71.80287, -38.81759 ], [ -71.80347, -38.81881 ], [ -71.80417, -38.81971 ], [ -71.80544, -38.82087 ], [ -71.80741, -38.823 ], [ -71.8078, -38.82401 ], [ -71.80805, -38.82443 ], [ -71.80735, -38.82733 ], [ -71.80758, -38.82823 ], [ -71.80803, -38.82893 ], [ -71.81079, -38.83133 ], [ -71.81132, -38.8323 ], [ -71.81219, -38.83339 ], [ -71.81282, -38.83469 ], [ -71.81323, -38.83504 ], [ -71.81346, -38.83567 ], [ -71.8137, -38.83606 ], [ -71.8137, -38.8366 ], [ -71.81346, -38.83784 ], [ -71.81344, -38.8383 ], [ -71.81494, -38.8389 ], [ -71.81521, -38.83907 ], [ -71.81529, -38.83943 ], [ -71.81632, -38.83992 ], [ -71.8166, -38.84019 ], [ -71.81706, -38.84026 ], [ -71.81736, -38.84058 ], [ -71.81834, -38.84111 ], [ -71.81875, -38.84197 ], [ -71.82052, -38.84331 ], [ -71.82066, -38.84388 ], [ -71.82152, -38.84478 ], [ -71.82131, -38.84611 ], [ -71.82171, -38.84638 ], [ -71.82182, -38.84701 ], [ -71.82223, -38.84704 ], [ -71.82245, -38.8472 ], [ -71.823, -38.84716 ], [ -71.82304, -38.84756 ], [ -71.82271, -38.84813 ], [ -71.82286, -38.84856 ], [ -71.82295, -38.84978 ], [ -71.82379, -38.85102 ], [ -71.82492, -38.85231 ], [ -71.82725, -38.85286 ], [ -71.82732, -38.85302 ], [ -71.82735, -38.85462 ], [ -71.82765, -38.85499 ], [ -71.82843, -38.85562 ], [ -71.82855, -38.85591 ], [ -71.82884, -38.85618 ], [ -71.8288, -38.85662 ], [ -71.82838, -38.85729 ], [ -71.8285, -38.85751 ], [ -71.82897, -38.85771 ], [ -71.82911, -38.85786 ], [ -71.82895, -38.85828 ], [ -71.82906, -38.85921 ], [ -71.82894, -38.85939 ], [ -71.82852, -38.85957 ], [ -71.82838, -38.85972 ], [ -71.82847, -38.85994 ], [ -71.8287, -38.86008 ], [ -71.82917, -38.8602 ], [ -71.82936, -38.86043 ], [ -71.82877, -38.86121 ], [ -71.82876, -38.86156 ], [ -71.82889, -38.86216 ], [ -71.8286, -38.86344 ], [ -71.82922, -38.8636 ], [ -71.82984, -38.86421 ], [ -71.83066, -38.86621 ] ] } },
{ "type": "Feature", "properties": { "osm_id": 251194727, "nombre": "Estero El Canelo", "tipo": "stream", "volcan_codigo": "SOL", "volcan_nombre": "Sollipulli", "drena_volcan": false }, "geometry": { "type": "LineString", "coordinates": [ [ -71.75993, -38.83193 ], [ -71.75998, -38.83216 ], [ -71.75975, -38.83244 ], [ -71.75971, -38.83292 ], [ -71.76083, -38.83356 ], [ -71.76166, -38.83347 ], [ -71.76222, -38.83355 ], [ -71.76285, -38.83338 ], [ -71.76368, -38.83298 ], [ -71.7648, -38.83282 ], [ -71.76731, -38.83412 ], [ -71.7695, -38.83575 ], [ -71.77042, -38.83683 ], [ -71.77071, -38.83735 ], [ -71.77095, -38.838 ], [ -71.77097, -38.83832 ], [ -71.77127, -38.83892 ], [ -71.77199, -38.83992 ], [ -71.77295, -38.84167 ], [ -71.77316, -38.84184 ], [ -71.77345, -38.84224 ], [ -71.77337, -38.84262 ], [ -71.77321, -38.84293 ], [ -71.77323, -38.84329 ], [ -71.7736, -38.84385 ], [ -71.77372, -38.84457 ], [ -71.77406, -38.84476 ], [ -71.77467, -38.84478 ], [ -71.77693, -38.84542 ], [ -71.7773, -38.84557 ], [ -71.7777, -38.84595 ], [ -71.77818, -38.84618 ], [ -71.77869, -38.84611 ], [ -71.77903, -38.84621 ], [ -71.78003, -38.84667 ], [ -71.78024, -38.84704 ], [ -71.78075, -38.84706 ], [ -71.78088, -38.84696 ], [ -71.78197, -38.8471 ], [ -71.7839, -38.84689 ], [ -71.78412, -38.84699 ], [ -71.78459, -38.84691 ], [ -71.78498, -38.84711 ], [ -71.78527, -38.84711 ], [ -71.78619, -38.84688 ], [ -71.78641, -38.84691 ], [ -71.78664, -38.84749 ], [ -71.78676, -38.8475 ], [ -71.78685, -38.84721 ], [ -71.78701, -38.84705 ], [ -71.78737, -38.84698 ], [ -71.78788, -38.84715 ], [ -71.788, -38.84746 ], [ -71.78836, -38.84771 ], [ -71.78898, -38.84783 ], [ -71.78933, -38.84758 ], [ -71.79061, -38.84777 ], [ -71.79187, -38.84778 ], [ -71.79294, -38.84823 ], [ -71.79424, -38.84862 ], [ -71.79462, -38.8489 ], [ -71.79561, -38.85037 ], [ -71.79566, -38.85063 ], [ -71.795, -38.85079 ], [ -71.79491, -38.85099 ], [ -71.79518, -38.85111 ], [ -71.7959, -38.85099 ], [ -71.7962, -38.85101 ], [ -71.79655, -38.8513 ], [ -71.79729, -38.85217 ], [ -71.79778, -38.85227 ], [ -71.7984, -38.85272 ], [ -71.80021, -38.85298 ], [ -71.80046, -38.85318 ], [ -71.80108, -38.85412 ], [ -71.80158, -38.85441 ], [ -71.80292, -38.85483 ], [ -71.80334, -38.85605 ] ] } },
{ "type": "Feature", "properties": { "osm_id": 251194728, "nombre": "Río Peuco", "tipo": "river", "volcan_codigo": "SOL", "volcan_nombre": "Sollipulli", "drena_volcan": false }, "geometry": { "type": "LineString", "coordinates": [ [ -71.6704, -38.84448 ], [ -71.67045, -38.84486 ], [ -71.6706, -38.84521 ], [ -71.67146, -38.84618 ], [ -71.67153, -38.84668 ], [ -71.6718, -38.84714 ], [ -71.67199, -38.8473 ], [ -71.67199, -38.8475 ], [ -71.67272, -38.84783 ], [ -71.6728, -38.848 ], [ -71.67391, -38.84824 ], [ -71.67448, -38.84868 ], [ -71.67489, -38.84935 ], [ -71.67587, -38.8498 ], [ -71.67662, -38.85043 ], [ -71.67688, -38.85083 ], [ -71.67763, -38.85134 ], [ -71.67853, -38.85167 ], [ -71.6791, -38.85226 ], [ -71.67898, -38.85305 ], [ -71.67974, -38.85325 ], [ -71.68102, -38.85326 ], [ -71.68156, -38.85341 ], [ -71.68221, -38.85345 ], [ -71.68276, -38.85326 ], [ -71.68354, -38.85336 ], [ -71.68442, -38.85377 ], [ -71.68528, -38.85401 ], [ -71.68716, -38.85416 ], [ -71.68933, -38.85488 ], [ -71.69076, -38.85519 ], [ -71.69339, -38.85509 ], [ -71.69416, -38.85535 ], [ -71.69472, -38.85606 ], [ -71.69581, -38.8564 ], [ -71.69647, -38.85647 ], [ -71.69749, -38.85597 ], [ -71.69843, -38.85574 ], [ -71.699, -38.85591 ], [ -71.69978, -38.85644 ], [ -71.70026, -38.85649 ], [ -71.70109, -38.85675 ], [ -71.70177, -38.8565 ], [ -71.7022, -38.85614 ], [ -71.70265, -38.85557 ], [ -71.70378, -38.85547 ], [ -71.70419, -38.85557 ], [ -71.70457, -38.85548 ], [ -71.70512, -38.855 ], [ -71.70604, -38.85481 ], [ -71.70652, -38.85456 ], [ -71.70673, -38.85418 ], [ -71.70743, -38.85363 ], [ -71.70826, -38.85326 ], [ -71.7093, -38.85296 ], [ -71.71029, -38.85301 ], [ -71.71035, -38.8528 ], [ -71.71083, -38.85217 ], [ -71.71086, -38.85192 ], [ -71.71075, -38.85161 ], [ -71.71102, -38.85141 ], [ -71.71492, -38.85182 ], [ -71.71546, -38.85174 ], [ -71.71571, -38.8514 ], [ -71.71586, -38.85099 ], [ -71.71635, -38.85065 ], [ -71.71673, -38.85066 ], [ -71.71789, -38.85046 ], [ -71.72052, -38.84988 ], [ -71.72114, -38.84984 ], [ -71.72249, -38.85019 ], [ -71.72289, -38.85035 ], [ -71.72319, -38.8509 ], [ -71.72504, -38.85169 ], [ -71.72629, -38.85194 ], [ -71.72673, -38.85185 ], [ -71.72732, -38.85143 ], [ -71.7276, -38.85114 ], [ -71.72791, -38.85054 ], [ -71.72866, -38.85051 ], [ -71.72921, -38.8506 ], [ -71.72943, -38.85087 ], [ -71.72981, -38.85104 ], [ -71.73025, -38.85104 ], [ -71.73052, -38.8509 ], [ -71.73129, -38.85084 ], [ -71.73303, -38.85109 ], [ -71.73362, -38.85129 ], [ -71.73526, -38.85241 ], [ -71.73548, -38.85267 ], [ -71.73746, -38.85377 ], [ -71.73823, -38.8537 ], [ -71.73874, -38.85345 ], [ -71.73961, -38.8528 ], [ -71.74016, -38.85267 ], [ -71.74046, -38.8529 ], [ -71.74054, -38.85319 ], [ -71.74119, -38.85327 ], [ -71.74165, -38.85287 ], [ -71.74213, -38.85211 ], [ -71.74187, -38.85181 ], [ -71.74149, -38.85188 ], [ -71.74104, -38.85153 ], [ -71.74119, -38.85126 ], [ -71.74223, -38.85069 ], [ -71.74319, -38.84991 ], [ -71.74388, -38.85004 ], [ -71.74603, -38.85087 ], [ -71.74714, -38.85072 ], [ -71.74814, -38.85031 ], [ -71.74862, -38.85021 ], [ -71.75024, -38.85051 ], [ -71.75094, -38.85036 ], [ -71.75195, -38.85044 ], [ -71.75261, -38.85039 ], [ -71.75277, -38.85001 ], [ -71.75279, -38.8496 ], [ -71.75317, -38.84934 ], [ -71.75391, -38.84903 ], [ -71.75451, -38.84909 ], [ -71.75519, -38.84932 ], [ -71.75571, -38.84968 ], [ -71.75629, -38.84996 ], [ -71.75709, -38.84995 ], [ -71.7588, -38.85028 ], [ -71.75915, -38.85054 ], [ -71.75891, -38.8509 ], [ -71.75948, -38.85133 ], [ -71.76086, -38.85134 ], [ -71.76156, -38.85148 ], [ -71.76173, -38.85179 ], [ -71.76252, -38.85156 ], [ -71.76287, -38.85156 ], [ -71.76383, -38.85254 ], [ -71.76366, -38.85351 ], [ -71.76395, -38.85429 ], [ -71.76498, -38.85415 ], [ -71.76542, -38.85432 ], [ -71.7657, -38.85427 ], [ -71.76604, -38.85402 ], [ -71.76759, -38.85449 ], [ -71.76811, -38.85481 ], [ -71.7683, -38.85577 ], [ -71.76885, -38.85592 ], [ -71.7697, -38.85592 ], [ -71.7701, -38.85604 ], [ -71.77097, -38.85667 ], [ -71.77169, -38.85681 ], [ -71.77237, -38.8568 ], [ -71.77306, -38.85717 ], [ -71.77484, -38.85709 ], [ -71.77524, -38.85691 ], [ -71.77538, -38.85654 ], [ -71.77554, -38.85651 ], [ -71.77577, -38.85661 ], [ -71.7758, -38.85697 ], [ -71.77606, -38.85712 ], [ -71.77737, -38.85697 ], [ -71.77857, -38.85735 ], [ -71.78016, -38.85742 ], [ -71.78119, -38.85713 ], [ -71.78261, -38.85693 ], [ -71.78319, -38.85733 ], [ -71.78401, -38.85751 ], [ -71.78544, -38.85762 ], [ -71.78647, -38.85727 ], [ -71.7872, -38.85671 ], [ -71.78793, -38.85664 ], [ -71.78872, -38.85643 ], [ -71.78896, -38.85572 ], [ -71.79059, -38.85527 ], [ -71.79092, -38.85579 ], [ -71.79189, -38.85624 ], [ -71.79318, -38.8565 ], [ -71.79459, -38.85636 ], [ -71.79474, -38.85611 ], [ -71.79509, -38.85585 ], [ -71.79568, -38.85604 ], [ -71.79798, -38.85554 ], [ -71.79894, -38.85546 ], [ -71.79982, -38.85594 ], [ -71.80005, -38.85626 ], [ -71.80007, -38.8567 ], [ -71.80054, -38.85684 ], [ -71.80146, -38.85666 ], [ -71.80334, -38.85605 ], [ -71.80532, -38.85607 ], [ -71.80671, -38.85639 ], [ -71.80786, -38.85767 ], [ -71.81019, -38.8589 ] ] } },
{ "type": "Feature", "properties": { "osm_id": 251199190, "nombre": "Estero El Saltillo", "tipo": "stream", "volcan_codigo": "SOL", "volcan_nombre": "Sollipulli", "drena_volcan": false }, "geometry": { "type": "LineString", "coordinates": [ [ -71.79194, -38.83791 ], [ -71.79189, -38.83815 ], [ -71.79222, -38.83859 ], [ -71.79226, -38.8389 ], [ -71.79207, -38.83912 ], [ -71.792, -38.83963 ], [ -71.79211, -38.84015 ], [ -71.79252, -38.84085 ], [ -71.7931, -38.84154 ], [ -71.79306, -38.84183 ], [ -71.79379, -38.8422 ], [ -71.79407, -38.84264 ], [ -71.7945, -38.84287 ], [ -71.79488, -38.84351 ], [ -71.79481, -38.84387 ], [ -71.79456, -38.844 ], [ -71.79494, -38.84442 ], [ -71.79489, -38.84472 ], [ -71.79524, -38.84515 ], [ -71.79524, -38.84596 ], [ -71.79509, -38.84681 ], [ -71.79524, -38.8473 ], [ -71.79503, -38.8481 ], [ -71.79462, -38.8489 ] ] } },
{ "type": "Feature", "properties": { "osm_id": 251199191, "nombre": "Sin nombre", "tipo": "stream", "volcan_codigo": "SOL", "volcan_nombre": "Sollipulli", "drena_volcan": false }, "geometry": { "type": "LineString", "coordinates": [ [ -71.78131, -38.83901 ], [ -71.78158, -38.83988 ], [ -71.78161, -38.8404 ], [ -71.78191, -38.84121 ], [ -71.78264, -38.84139 ], [ -71.78964, -38.84676 ], [ -71.7904, -38.84686 ], [ -71.79114, -38.84669 ], [ -71.79246, -38.84668 ], [ -71.79279, -38.84699 ], [ -71.7932, -38.84721 ], [ -71.7936, -38.84754 ], [ -71.79439, -38.8478 ], [ -71.79441, -38.84839 ], [ -71.79475, -38.84854 ] ] } },
{ "type": "Feature", "properties": { "osm_id": 251201271, "nombre": "Sin nombre", "tipo": "canal", "volcan_codigo": "SOL", "volcan_nombre": "Sollipulli", "drena_volcan": false }, "geometry": { "type": "LineString", "coordinates": [ [ -71.792, -38.83963 ], [ -71.7912, -38.83976 ], [ -71.79092, -38.83987 ], [ -71.79085, -38.83998 ], [ -71.7903, -38.84618 ], [ -71.79031, -38.84644 ], [ -71.79114, -38.84669 ] ] } },
{ "type": "Feature", "properties": { "osm_id": 251361788, "nombre": "Río Zahuelhue", "tipo": "river", "volcan_codigo": "SOL", "volcan_nombre": "Sollipulli", "drena_volcan": true }, "geometry": { "type": "LineString", "coordinates": [ [ -71.55924, -38.8522 ], [ -71.56046, -38.85161 ], [ -71.56065, -38.85102 ], [ -71.56057, -38.85061 ], [ -71.56122, -38.84982 ], [ -71.56151, -38.84966 ], [ -71.5618, -38.84978 ], [ -71.56241, -38.8506 ], [ -71.56265, -38.8507 ], [ -71.56295, -38.85066 ], [ -71.56406, -38.85015 ], [ -71.56477, -38.85017 ], [ -71.56547, -38.85038 ], [ -71.56594, -38.85014 ], [ -71.56612, -38.84988 ], [ -71.5664, -38.8498 ], [ -71.56732, -38.84982 ], [ -71.56815, -38.84967 ], [ -71.56913, -38.84931 ], [ -71.56943, -38.84959 ], [ -71.57046, -38.85022 ], [ -71.57198, -38.85069 ], [ -71.57245, -38.85094 ], [ -71.57275, -38.85097 ], [ -71.57285, -38.8508 ], [ -71.57288, -38.85043 ], [ -71.57266, -38.84993 ], [ -71.57296, -38.84967 ], [ -71.57348, -38.84945 ], [ -71.57592, -38.85038 ], [ -71.57623, -38.85039 ], [ -71.57653, -38.85022 ], [ -71.57668, -38.84962 ], [ -71.57716, -38.8494 ], [ -71.5783, -38.84935 ], [ -71.57861, -38.8491 ], [ -71.57883, -38.8486 ], [ -71.57917, -38.8485 ], [ -71.58012, -38.84865 ], [ -71.58058, -38.8486 ], [ -71.5811, -38.84839 ], [ -71.58167, -38.84802 ], [ -71.58206, -38.84799 ], [ -71.58229, -38.84813 ], [ -71.58244, -38.84881 ], [ -71.5826, -38.84915 ], [ -71.58297, -38.84946 ], [ -71.58359, -38.84951 ], [ -71.58391, -38.84936 ], [ -71.5849, -38.84856 ], [ -71.58515, -38.84811 ], [ -71.58545, -38.84788 ], [ -71.58567, -38.84786 ], [ -71.58652, -38.84835 ], [ -71.58738, -38.8485 ], [ -71.58888, -38.84896 ], [ -71.58909, -38.8489 ], [ -71.58912, -38.84866 ], [ -71.58877, -38.84809 ], [ -71.58871, -38.84715 ], [ -71.58917, -38.84696 ], [ -71.58963, -38.84716 ], [ -71.58983, -38.84739 ], [ -71.59037, -38.84776 ], [ -71.59118, -38.84779 ], [ -71.59211, -38.84753 ], [ -71.59273, -38.84766 ], [ -71.5929, -38.84811 ], [ -71.59286, -38.84848 ], [ -71.59323, -38.84916 ], [ -71.59427, -38.84978 ], [ -71.59484, -38.84996 ], [ -71.59514, -38.85023 ], [ -71.59555, -38.85078 ], [ -71.59569, -38.85129 ], [ -71.59547, -38.85189 ], [ -71.59558, -38.85333 ], [ -71.59585, -38.85439 ], [ -71.59653, -38.85495 ], [ -71.59702, -38.855 ], [ -71.59764, -38.85473 ], [ -71.59794, -38.85428 ], [ -71.59832, -38.85392 ], [ -71.5987, -38.85383 ], [ -71.59893, -38.85413 ], [ -71.59878, -38.85475 ], [ -71.5988, -38.85517 ], [ -71.59922, -38.85533 ], [ -71.59959, -38.85527 ], [ -71.60085, -38.85445 ], [ -71.6027, -38.85235 ], [ -71.60281, -38.85203 ], [ -71.60277, -38.85182 ], [ -71.60251, -38.85167 ], [ -71.60171, -38.85156 ], [ -71.60136, -38.8514 ], [ -71.6011, -38.85106 ], [ -71.60105, -38.8507 ], [ -71.60166, -38.84981 ], [ -71.60228, -38.84912 ], [ -71.60296, -38.84804 ], [ -71.60324, -38.84794 ], [ -71.60359, -38.84801 ], [ -71.60455, -38.84884 ], [ -71.6049, -38.849 ], [ -71.60517, -38.84896 ], [ -71.60616, -38.84802 ], [ -71.60623, -38.84782 ], [ -71.60624, -38.84719 ], [ -71.60635, -38.84685 ], [ -71.6068, -38.84666 ], [ -71.60715, -38.8468 ], [ -71.60732, -38.84704 ], [ -71.60721, -38.84739 ], [ -71.60689, -38.84761 ], [ -71.6068, -38.84777 ], [ -71.60689, -38.84801 ], [ -71.60712, -38.84818 ], [ -71.6078, -38.84819 ], [ -71.60898, -38.8477 ], [ -71.60946, -38.84771 ], [ -71.61019, -38.84793 ], [ -71.61075, -38.8479 ], [ -71.61115, -38.84764 ], [ -71.61122, -38.8473 ], [ -71.61088, -38.84607 ], [ -71.61081, -38.84553 ], [ -71.61095, -38.84527 ], [ -71.61131, -38.84512 ], [ -71.6121, -38.84524 ], [ -71.61282, -38.84549 ], [ -71.61294, -38.84577 ], [ -71.61255, -38.84627 ], [ -71.61254, -38.84658 ], [ -71.61304, -38.84676 ], [ -71.61364, -38.84678 ], [ -71.61391, -38.8465 ], [ -71.61422, -38.84564 ], [ -71.6142, -38.84522 ], [ -71.61389, -38.84454 ], [ -71.61393, -38.84432 ], [ -71.61456, -38.84339 ], [ -71.61542, -38.84269 ], [ -71.61622, -38.8417 ], [ -71.61718, -38.84124 ], [ -71.61831, -38.84027 ], [ -71.61866, -38.84011 ], [ -71.61954, -38.84008 ], [ -71.62104, -38.84046 ], [ -71.62155, -38.84074 ], [ -71.62187, -38.84124 ], [ -71.62212, -38.8413 ], [ -71.62237, -38.84096 ], [ -71.62228, -38.84035 ], [ -71.62243, -38.83934 ], [ -71.62263, -38.83915 ], [ -71.62302, -38.83899 ], [ -71.62362, -38.83903 ], [ -71.62394, -38.83926 ], [ -71.62455, -38.84039 ], [ -71.62432, -38.84126 ], [ -71.62443, -38.84178 ], [ -71.62453, -38.84194 ], [ -71.6249, -38.8421 ], [ -71.62545, -38.842 ], [ -71.62622, -38.84123 ], [ -71.62676, -38.84085 ], [ -71.62735, -38.84065 ], [ -71.62912, -38.84041 ], [ -71.62955, -38.84007 ], [ -71.62964, -38.83946 ], [ -71.62931, -38.83902 ], [ -71.62861, -38.83862 ], [ -71.62835, -38.83835 ], [ -71.6282, -38.83802 ], [ -71.62837, -38.83762 ], [ -71.62931, -38.83653 ], [ -71.62996, -38.83645 ], [ -71.63044, -38.83652 ], [ -71.63129, -38.83692 ], [ -71.632, -38.8369 ], [ -71.63255, -38.83673 ], [ -71.63329, -38.83691 ], [ -71.63356, -38.83737 ], [ -71.63381, -38.83846 ], [ -71.63496, -38.83879 ], [ -71.63646, -38.83832 ], [ -71.63721, -38.83832 ], [ -71.63805, -38.83847 ], [ -71.6386, -38.83879 ], [ -71.63938, -38.83941 ], [ -71.64026, -38.83981 ], [ -71.64146, -38.84006 ], [ -71.64239, -38.84013 ], [ -71.64297, -38.84033 ], [ -71.64372, -38.84169 ], [ -71.64401, -38.84195 ], [ -71.64481, -38.8421 ], [ -71.64591, -38.84212 ], [ -71.64792, -38.84318 ], [ -71.64942, -38.84368 ], [ -71.65045, -38.84389 ], [ -71.65161, -38.8444 ], [ -71.65208, -38.84486 ], [ -71.65247, -38.84592 ], [ -71.65284, -38.84748 ], [ -71.65321, -38.84804 ], [ -71.65344, -38.84816 ], [ -71.65379, -38.84821 ], [ -71.65529, -38.8483 ], [ -71.656, -38.84861 ], [ -71.65706, -38.84936 ], [ -71.65755, -38.84957 ] ] } },
{ "type": "Feature", "properties": { "osm_id": 251361789, "nombre": "Río Tacura", "tipo": "river", "volcan_codigo": "SOL", "volcan_nombre": "Sollipulli", "drena_volcan": false }, "geometry": { "type": "LineString", "coordinates": [ [ -71.43107, -38.83045 ], [ -71.43113, -38.83058 ], [ -71.43252, -38.83109 ], [ -71.43312, -38.83116 ], [ -71.43345, -38.83128 ], [ -71.43393, -38.83182 ], [ -71.43406, -38.83251 ], [ -71.43425, -38.83266 ], [ -71.4352, -38.83276 ], [ -71.43583, -38.83325 ], [ -71.43628, -38.83332 ], [ -71.43652, -38.83349 ], [ -71.43788, -38.83358 ], [ -71.4385, -38.834 ], [ -71.43919, -38.83429 ], [ -71.43967, -38.83424 ], [ -71.44075, -38.83371 ], [ -71.44105, -38.83375 ], [ -71.44187, -38.83416 ], [ -71.44213, -38.83418 ], [ -71.4425, -38.83379 ], [ -71.44265, -38.83372 ], [ -71.44369, -38.83364 ], [ -71.44436, -38.8334 ], [ -71.44464, -38.83346 ], [ -71.44603, -38.83417 ], [ -71.44638, -38.83423 ], [ -71.44697, -38.83453 ], [ -71.44787, -38.83453 ], [ -71.44809, -38.8346 ], [ -71.44835, -38.83509 ], [ -71.4486, -38.8352 ], [ -71.45024, -38.83547 ], [ -71.45048, -38.83563 ], [ -71.45082, -38.8357 ], [ -71.45119, -38.83569 ], [ -71.45191, -38.83546 ], [ -71.45266, -38.83553 ], [ -71.45312, -38.83566 ], [ -71.45361, -38.83614 ], [ -71.45388, -38.83627 ], [ -71.45414, -38.83607 ], [ -71.45466, -38.83606 ], [ -71.45574, -38.83651 ], [ -71.45588, -38.83687 ], [ -71.45648, -38.83747 ], [ -71.45744, -38.83772 ], [ -71.45764, -38.83773 ], [ -71.45806, -38.83752 ], [ -71.4589, -38.83758 ], [ -71.4595, -38.8374 ], [ -71.46014, -38.83687 ], [ -71.46021, -38.83666 ], [ -71.46018, -38.83629 ], [ -71.46028, -38.83614 ], [ -71.46164, -38.8356 ], [ -71.46214, -38.83554 ], [ -71.46284, -38.8356 ], [ -71.4635, -38.83578 ], [ -71.46389, -38.83566 ], [ -71.4642, -38.83566 ], [ -71.46546, -38.83591 ], [ -71.46579, -38.83594 ], [ -71.46637, -38.83578 ], [ -71.46673, -38.8359 ], [ -71.46688, -38.8361 ], [ -71.46727, -38.83625 ], [ -71.46767, -38.83626 ], [ -71.46807, -38.83638 ], [ -71.4686, -38.83692 ], [ -71.46887, -38.83746 ], [ -71.4703, -38.83849 ], [ -71.47064, -38.83888 ], [ -71.47058, -38.83981 ], [ -71.47083, -38.84 ], [ -71.47151, -38.8399 ], [ -71.47221, -38.84015 ], [ -71.4723, -38.84052 ], [ -71.47258, -38.84087 ], [ -71.47318, -38.84105 ], [ -71.47334, -38.84124 ], [ -71.47351, -38.84177 ], [ -71.47396, -38.8424 ], [ -71.47426, -38.84261 ], [ -71.47459, -38.84299 ], [ -71.47487, -38.84315 ], [ -71.47494, -38.84332 ], [ -71.47482, -38.84364 ], [ -71.47516, -38.84423 ], [ -71.47607, -38.84442 ], [ -71.47614, -38.8446 ], [ -71.47604, -38.84591 ], [ -71.47559, -38.84684 ], [ -71.47577, -38.84717 ], [ -71.47665, -38.84701 ], [ -71.47692, -38.84705 ], [ -71.47719, -38.84719 ], [ -71.47736, -38.84745 ], [ -71.47801, -38.84776 ], [ -71.47836, -38.8478 ], [ -71.47903, -38.84762 ], [ -71.47968, -38.84714 ], [ -71.48002, -38.84706 ], [ -71.48044, -38.84716 ], [ -71.4813, -38.84709 ], [ -71.48163, -38.84723 ], [ -71.48177, -38.8477 ], [ -71.48228, -38.84784 ], [ -71.48372, -38.84845 ], [ -71.48437, -38.84858 ], [ -71.48508, -38.84896 ], [ -71.48577, -38.84894 ], [ -71.48631, -38.84905 ], [ -71.48689, -38.84936 ], [ -71.48759, -38.85012 ], [ -71.48806, -38.85021 ], [ -71.48945, -38.84991 ], [ -71.4904, -38.84994 ], [ -71.49091, -38.85017 ], [ -71.4916, -38.85025 ], [ -71.49334, -38.85024 ], [ -71.49469, -38.84955 ], [ -71.49533, -38.84937 ], [ -71.49628, -38.84927 ], [ -71.49666, -38.84915 ], [ -71.4992, -38.84995 ], [ -71.50014, -38.84985 ], [ -71.50135, -38.84994 ], [ -71.50475, -38.8508 ], [ -71.50599, -38.85137 ], [ -71.50647, -38.85124 ], [ -71.50704, -38.8508 ], [ -71.50732, -38.85069 ], [ -71.50776, -38.85067 ], [ -71.50927, -38.85093 ], [ -71.50973, -38.85111 ], [ -71.5105, -38.85189 ], [ -71.5109, -38.8521 ], [ -71.51178, -38.85205 ], [ -71.51299, -38.85235 ], [ -71.51355, -38.85229 ], [ -71.51411, -38.85208 ], [ -71.51452, -38.85202 ], [ -71.51469, -38.85205 ], [ -71.5151, -38.85234 ], [ -71.51548, -38.85243 ], [ -71.51709, -38.85229 ], [ -71.51778, -38.85198 ], [ -71.51799, -38.85203 ], [ -71.51838, -38.85235 ], [ -71.51865, -38.85246 ], [ -71.51933, -38.85241 ], [ -71.51984, -38.85226 ], [ -71.52092, -38.85258 ], [ -71.52125, -38.85253 ], [ -71.52143, -38.85239 ], [ -71.52165, -38.85164 ], [ -71.52191, -38.85141 ], [ -71.52226, -38.85124 ], [ -71.52356, -38.85097 ], [ -71.52451, -38.8504 ], [ -71.52503, -38.85027 ], [ -71.52606, -38.85026 ], [ -71.52726, -38.85057 ], [ -71.52774, -38.85077 ], [ -71.52839, -38.85136 ], [ -71.52872, -38.85152 ], [ -71.52898, -38.85147 ], [ -71.53034, -38.85054 ], [ -71.53061, -38.8505 ], [ -71.53121, -38.85081 ], [ -71.53174, -38.85089 ], [ -71.53308, -38.8509 ], [ -71.53363, -38.85075 ], [ -71.53456, -38.85122 ], [ -71.53699, -38.85031 ], [ -71.53749, -38.85037 ], [ -71.53807, -38.85012 ], [ -71.53901, -38.85019 ], [ -71.53948, -38.85 ], [ -71.53951, -38.8497 ], [ -71.53981, -38.84947 ], [ -71.54069, -38.84915 ], [ -71.54137, -38.84917 ], [ -71.54216, -38.84956 ], [ -71.54237, -38.84956 ], [ -71.54284, -38.84926 ], [ -71.54303, -38.84921 ], [ -71.54339, -38.84926 ], [ -71.54381, -38.84912 ], [ -71.54457, -38.84937 ], [ -71.54559, -38.8501 ], [ -71.54623, -38.85001 ], [ -71.547, -38.85017 ], [ -71.54712, -38.85029 ], [ -71.54715, -38.85049 ], [ -71.54733, -38.85058 ], [ -71.54763, -38.85055 ], [ -71.54798, -38.85092 ], [ -71.54822, -38.85103 ], [ -71.54848, -38.85098 ], [ -71.54876, -38.85129 ], [ -71.54926, -38.85136 ], [ -71.5496, -38.85191 ], [ -71.54998, -38.85179 ], [ -71.55021, -38.85163 ], [ -71.55074, -38.85186 ], [ -71.55112, -38.85221 ], [ -71.55157, -38.85219 ], [ -71.55178, -38.85264 ], [ -71.55202, -38.8528 ], [ -71.5531, -38.85253 ], [ -71.55417, -38.85189 ], [ -71.55526, -38.85181 ], [ -71.55653, -38.85159 ], [ -71.55679, -38.85141 ], [ -71.55713, -38.85131 ], [ -71.55745, -38.85136 ], [ -71.55861, -38.85204 ], [ -71.55924, -38.8522 ] ] } },
{ "type": "Feature", "properties": { "osm_id": 251361791, "nombre": "Estero Curacalpu", "tipo": "stream", "volcan_codigo": "SOL", "volcan_nombre": "Sollipulli", "drena_volcan": false }, "geometry": { "type": "LineString", "coordinates": [ [ -71.45139, -38.86667 ], [ -71.45159, -38.86652 ], [ -71.45179, -38.86613 ], [ -71.45197, -38.86607 ], [ -71.45211, -38.86628 ], [ -71.45253, -38.86621 ], [ -71.45263, -38.86628 ], [ -71.45266, -38.86657 ], [ -71.4528, -38.86682 ], [ -71.45304, -38.86685 ], [ -71.45336, -38.86684 ], [ -71.45377, -38.8667 ], [ -71.45485, -38.86667 ], [ -71.45642, -38.86604 ], [ -71.45663, -38.86579 ], [ -71.45666, -38.86537 ], [ -71.45725, -38.86481 ], [ -71.45784, -38.86446 ], [ -71.45798, -38.86425 ], [ -71.45861, -38.86378 ], [ -71.45913, -38.86371 ], [ -71.45914, -38.86353 ], [ -71.45985, -38.863 ], [ -71.46011, -38.86238 ], [ -71.46037, -38.86222 ], [ -71.46042, -38.86205 ], [ -71.46026, -38.86174 ], [ -71.46038, -38.86159 ], [ -71.4604, -38.86135 ], [ -71.46071, -38.8611 ], [ -71.46084, -38.86082 ], [ -71.46087, -38.86019 ], [ -71.46168, -38.859 ], [ -71.46202, -38.85877 ], [ -71.46203, -38.85855 ], [ -71.46217, -38.85833 ], [ -71.46247, -38.85809 ], [ -71.46282, -38.85802 ], [ -71.4635, -38.85803 ], [ -71.46383, -38.85793 ], [ -71.46445, -38.8579 ], [ -71.46528, -38.85753 ], [ -71.46537, -38.85738 ], [ -71.46562, -38.85723 ], [ -71.46585, -38.8569 ], [ -71.46648, -38.85663 ], [ -71.46649, -38.85645 ], [ -71.46619, -38.85573 ], [ -71.46624, -38.85539 ], [ -71.46678, -38.85482 ], [ -71.46685, -38.85465 ], [ -71.46737, -38.85456 ], [ -71.46748, -38.85425 ], [ -71.46769, -38.85418 ], [ -71.46833, -38.85367 ], [ -71.46835, -38.85347 ], [ -71.46869, -38.8533 ], [ -71.46932, -38.85326 ], [ -71.46995, -38.85281 ], [ -71.47075, -38.85245 ], [ -71.47104, -38.85248 ], [ -71.47131, -38.85267 ], [ -71.4717, -38.85267 ], [ -71.47219, -38.85262 ], [ -71.47283, -38.85243 ], [ -71.47362, -38.85199 ], [ -71.47363, -38.85161 ], [ -71.47425, -38.8514 ], [ -71.47438, -38.85124 ], [ -71.47488, -38.8513 ], [ -71.47637, -38.85095 ], [ -71.47698, -38.85022 ], [ -71.47706, -38.84992 ], [ -71.47727, -38.84975 ], [ -71.47786, -38.84974 ], [ -71.47836, -38.8491 ], [ -71.47948, -38.84833 ], [ -71.47975, -38.8484 ], [ -71.48095, -38.84833 ], [ -71.48105, -38.84803 ], [ -71.48133, -38.84774 ], [ -71.48177, -38.8477 ] ] } },
{ "type": "Feature", "properties": { "osm_id": 252925780, "nombre": "Sin nombre", "tipo": "river", "volcan_codigo": "SOL", "volcan_nombre": "Sollipulli", "drena_volcan": false }, "geometry": { "type": "LineString", "coordinates": [ [ -71.22126, -38.74166 ], [ -71.22138, -38.74144 ], [ -71.22124, -38.74117 ], [ -71.2211, -38.74118 ], [ -71.22097, -38.74139 ] ] } },
{ "type": "Feature", "properties": { "osm_id": 252925781, "nombre": "Sin nombre", "tipo": "river", "volcan_codigo": "SOL", "volcan_nombre": "Sollipulli", "drena_volcan": false }, "geometry": { "type": "LineString", "coordinates": [ [ -71.22083, -38.74188 ], [ -71.22102, -38.74169 ], [ -71.22103, -38.74149 ], [ -71.22097, -38.74139 ], [ -71.22066, -38.74132 ], [ -71.22045, -38.74135 ], [ -71.22027, -38.74147 ], [ -71.21984, -38.74136 ], [ -71.21965, -38.74141 ], [ -71.21952, -38.74178 ], [ -71.21921, -38.74195 ] ] } },
{ "type": "Feature", "properties": { "osm_id": 252925782, "nombre": "Sin nombre", "tipo": "stream", "volcan_codigo": "SOL", "volcan_nombre": "Sollipulli", "drena_volcan": false }, "geometry": { "type": "LineString", "coordinates": [ [ -71.34584, -38.70463 ], [ -71.34657, -38.70441 ], [ -71.34707, -38.70437 ], [ -71.34761, -38.70404 ], [ -71.34768, -38.70387 ], [ -71.34791, -38.70389 ], [ -71.34822, -38.70376 ], [ -71.34863, -38.70376 ], [ -71.34864, -38.70394 ], [ -71.34893, -38.704 ], [ -71.34923, -38.70365 ], [ -71.34926, -38.70342 ], [ -71.34908, -38.70302 ], [ -71.34917, -38.70275 ], [ -71.34902, -38.70261 ], [ -71.34918, -38.70227 ], [ -71.34888, -38.70224 ], [ -71.34873, -38.70205 ], [ -71.34847, -38.70194 ], [ -71.34845, -38.70179 ], [ -71.34834, -38.70167 ], [ -71.34804, -38.70163 ], [ -71.34799, -38.70156 ], [ -71.3481, -38.70133 ], [ -71.3479, -38.70122 ], [ -71.34785, -38.70109 ], [ -71.34771, -38.70108 ], [ -71.34763, -38.70095 ], [ -71.3473, -38.701 ], [ -71.3474, -38.70061 ], [ -71.34727, -38.70022 ], [ -71.34766, -38.70009 ], [ -71.34779, -38.69961 ], [ -71.34716, -38.69955 ], [ -71.34703, -38.69942 ], [ -71.34712, -38.69938 ], [ -71.34706, -38.69933 ], [ -71.34673, -38.69946 ], [ -71.34665, -38.69942 ], [ -71.34666, -38.69927 ], [ -71.34648, -38.69912 ], [ -71.34675, -38.69912 ], [ -71.34689, -38.6989 ], [ -71.34649, -38.69878 ], [ -71.34661, -38.6986 ], [ -71.34606, -38.69835 ], [ -71.34614, -38.69802 ], [ -71.34607, -38.69795 ], [ -71.34616, -38.69785 ], [ -71.346, -38.6976 ], [ -71.34539, -38.69754 ], [ -71.34502, -38.69728 ], [ -71.34462, -38.69717 ], [ -71.34443, -38.69692 ], [ -71.34432, -38.6969 ], [ -71.3441, -38.69718 ], [ -71.34383, -38.69701 ], [ -71.34356, -38.69694 ], [ -71.34338, -38.69677 ], [ -71.34301, -38.69671 ], [ -71.34258, -38.69646 ], [ -71.34188, -38.69629 ], [ -71.34145, -38.69592 ], [ -71.34141, -38.69553 ], [ -71.34151, -38.69536 ], [ -71.34132, -38.69497 ], [ -71.34154, -38.69489 ], [ -71.34217, -38.69538 ], [ -71.34252, -38.6953 ], [ -71.34255, -38.69518 ], [ -71.34205, -38.69465 ], [ -71.34148, -38.69421 ], [ -71.34142, -38.6941 ], [ -71.34148, -38.69401 ], [ -71.34186, -38.69404 ], [ -71.34205, -38.69451 ], [ -71.34257, -38.69434 ], [ -71.34297, -38.69462 ], [ -71.34316, -38.69455 ], [ -71.34282, -38.6942 ], [ -71.34277, -38.69401 ], [ -71.34188, -38.6935 ], [ -71.34172, -38.69348 ], [ -71.34164, -38.69359 ], [ -71.34151, -38.69355 ], [ -71.34132, -38.69321 ] ] } },
{ "type": "Feature", "properties": { "osm_id": 252925783, "nombre": "Sin nombre", "tipo": "river", "volcan_codigo": "SOL", "volcan_nombre": "Sollipulli", "drena_volcan": false }, "geometry": { "type": "LineString", "coordinates": [ [ -71.24786, -38.73925 ], [ -71.24665, -38.73887 ], [ -71.24623, -38.73887 ], [ -71.24574, -38.739 ], [ -71.24504, -38.7389 ], [ -71.24418, -38.73894 ], [ -71.24396, -38.73879 ], [ -71.24269, -38.73863 ], [ -71.24132, -38.7391 ], [ -71.24083, -38.73891 ], [ -71.24037, -38.739 ], [ -71.24, -38.7388 ], [ -71.23884, -38.73906 ], [ -71.23818, -38.73905 ], [ -71.23786, -38.73885 ], [ -71.23713, -38.73862 ], [ -71.23688, -38.7387 ], [ -71.23667, -38.73906 ], [ -71.23578, -38.73902 ], [ -71.23577, -38.73911 ], [ -71.23595, -38.73929 ], [ -71.23598, -38.73944 ], [ -71.23589, -38.73955 ], [ -71.23574, -38.73966 ], [ -71.23519, -38.73974 ], [ -71.2351, -38.73985 ], [ -71.23509, -38.74003 ], [ -71.23476, -38.74017 ], [ -71.23423, -38.74004 ], [ -71.23408, -38.73977 ], [ -71.23261, -38.73943 ], [ -71.23228, -38.73926 ], [ -71.23212, -38.73897 ], [ -71.23188, -38.7388 ], [ -71.23136, -38.7388 ], [ -71.23127, -38.73906 ], [ -71.23112, -38.739 ], [ -71.23096, -38.73887 ], [ -71.23099, -38.73866 ], [ -71.23112, -38.73854 ], [ -71.23083, -38.73833 ], [ -71.23048, -38.7384 ], [ -71.23032, -38.73856 ], [ -71.23011, -38.73852 ], [ -71.2299, -38.73825 ], [ -71.22932, -38.73819 ], [ -71.22914, -38.73842 ], [ -71.22935, -38.73893 ], [ -71.22928, -38.739 ], [ -71.22884, -38.73886 ], [ -71.22828, -38.73909 ], [ -71.22778, -38.73865 ], [ -71.22741, -38.73853 ], [ -71.22685, -38.73864 ], [ -71.22673, -38.73883 ], [ -71.22658, -38.7389 ], [ -71.22622, -38.7388 ], [ -71.22598, -38.73888 ], [ -71.22521, -38.73981 ], [ -71.2248, -38.74008 ], [ -71.22434, -38.74079 ], [ -71.22353, -38.74088 ], [ -71.22339, -38.74092 ], [ -71.22341, -38.74106 ], [ -71.2233, -38.74108 ], [ -71.22318, -38.74104 ], [ -71.22308, -38.74079 ], [ -71.2232, -38.7405 ], [ -71.22304, -38.74038 ], [ -71.22245, -38.74046 ], [ -71.22237, -38.74057 ], [ -71.22248, -38.74092 ], [ -71.22227, -38.74112 ], [ -71.22248, -38.74134 ], [ -71.22239, -38.74172 ], [ -71.2223, -38.74181 ], [ -71.22207, -38.74164 ], [ -71.22138, -38.7416 ], [ -71.22126, -38.74166 ], [ -71.22132, -38.74187 ], [ -71.22127, -38.74195 ], [ -71.22104, -38.74206 ], [ -71.22083, -38.74188 ], [ -71.22038, -38.7417 ], [ -71.22027, -38.7417 ], [ -71.22016, -38.74182 ], [ -71.21987, -38.74184 ], [ -71.21932, -38.74213 ], [ -71.21916, -38.74207 ], [ -71.21921, -38.74195 ], [ -71.21875, -38.74196 ], [ -71.21873, -38.74182 ], [ -71.21885, -38.74177 ], [ -71.2187, -38.74164 ], [ -71.21871, -38.74146 ], [ -71.21906, -38.74135 ], [ -71.2191, -38.74125 ], [ -71.21903, -38.74106 ], [ -71.21858, -38.74073 ], [ -71.21804, -38.74074 ], [ -71.21811, -38.74053 ], [ -71.2179, -38.74042 ], [ -71.21775, -38.74045 ], [ -71.21754, -38.74056 ], [ -71.21749, -38.74068 ], [ -71.21755, -38.74092 ], [ -71.21743, -38.7411 ], [ -71.21704, -38.74125 ], [ -71.21676, -38.74127 ], [ -71.21671, -38.74141 ], [ -71.21701, -38.74161 ], [ -71.21687, -38.74196 ], [ -71.21631, -38.74186 ], [ -71.21599, -38.74203 ], [ -71.21569, -38.74208 ], [ -71.21558, -38.74225 ], [ -71.21576, -38.74251 ], [ -71.21573, -38.74272 ], [ -71.21548, -38.74273 ], [ -71.21526, -38.74306 ], [ -71.21486, -38.74305 ], [ -71.21481, -38.74321 ], [ -71.21464, -38.74333 ], [ -71.2141, -38.74348 ] ] } },
{ "type": "Feature", "properties": { "osm_id": 252925784, "nombre": "Sin nombre", "tipo": "river", "volcan_codigo": "SOL", "volcan_nombre": "Sollipulli", "drena_volcan": false }, "geometry": { "type": "LineString", "coordinates": [ [ -71.22051, -38.74134 ], [ -71.22051, -38.74108 ], [ -71.22035, -38.74097 ], [ -71.22, -38.74101 ], [ -71.21986, -38.74118 ], [ -71.21984, -38.74136 ] ] } },
{ "type": "Feature", "properties": { "osm_id": 263256638, "nombre": "Estero Los Bastos", "tipo": "stream", "volcan_codigo": "SOL", "volcan_nombre": "Sollipulli", "drena_volcan": false }, "geometry": { "type": "LineString", "coordinates": [ [ -71.42447, -38.84213 ], [ -71.42405, -38.84175 ], [ -71.42444, -38.84141 ], [ -71.42453, -38.84106 ], [ -71.42476, -38.84069 ], [ -71.42503, -38.84051 ], [ -71.42541, -38.8404 ], [ -71.42585, -38.8404 ], [ -71.426, -38.84026 ], [ -71.42583, -38.83989 ], [ -71.42625, -38.83961 ], [ -71.4266, -38.83954 ], [ -71.42681, -38.8393 ], [ -71.42709, -38.83915 ], [ -71.42722, -38.839 ], [ -71.42719, -38.83876 ], [ -71.42766, -38.83846 ], [ -71.42831, -38.83818 ], [ -71.42809, -38.8378 ], [ -71.42818, -38.83753 ], [ -71.4284, -38.83736 ], [ -71.43072, -38.83638 ], [ -71.43103, -38.83607 ], [ -71.43112, -38.83555 ], [ -71.43138, -38.83533 ], [ -71.43276, -38.83477 ], [ -71.4336, -38.83424 ], [ -71.43396, -38.83412 ], [ -71.43426, -38.83412 ], [ -71.43464, -38.83441 ], [ -71.43596, -38.83408 ], [ -71.43689, -38.83405 ], [ -71.43836, -38.83444 ], [ -71.4393, -38.83459 ], [ -71.43992, -38.83493 ], [ -71.44004, -38.83486 ], [ -71.44005, -38.83418 ], [ -71.44012, -38.83405 ] ] } },
{ "type": "Feature", "properties": { "osm_id": 265791351, "nombre": "Estero La Fusta", "tipo": "stream", "volcan_codigo": "SOL", "volcan_nombre": "Sollipulli", "drena_volcan": false }, "geometry": { "type": "LineString", "coordinates": [ [ -71.48045, -38.64233 ], [ -71.48052, -38.64213 ], [ -71.48149, -38.64148 ], [ -71.48207, -38.64133 ], [ -71.48244, -38.64113 ], [ -71.48333, -38.64113 ], [ -71.48343, -38.64103 ], [ -71.48354, -38.64062 ], [ -71.4837, -38.64052 ], [ -71.4843, -38.64051 ], [ -71.48473, -38.64027 ], [ -71.48498, -38.63991 ], [ -71.48488, -38.63934 ], [ -71.48492, -38.63877 ], [ -71.48484, -38.63788 ], [ -71.48466, -38.63759 ], [ -71.48481, -38.63694 ], [ -71.48493, -38.63671 ], [ -71.48538, -38.63651 ], [ -71.48534, -38.63631 ], [ -71.48577, -38.63618 ], [ -71.4859, -38.63628 ], [ -71.48634, -38.63626 ], [ -71.4862, -38.63607 ], [ -71.48632, -38.63584 ], [ -71.48676, -38.63593 ], [ -71.48699, -38.6358 ], [ -71.48697, -38.63562 ], [ -71.48757, -38.63527 ], [ -71.48742, -38.63502 ], [ -71.48756, -38.63489 ], [ -71.48799, -38.63473 ], [ -71.48814, -38.63456 ], [ -71.48819, -38.63424 ], [ -71.48813, -38.63394 ], [ -71.48763, -38.63363 ], [ -71.48629, -38.63349 ], [ -71.48607, -38.6333 ], [ -71.4859, -38.63272 ], [ -71.4846, -38.63184 ], [ -71.48508, -38.63169 ], [ -71.48498, -38.63142 ], [ -71.48474, -38.63118 ], [ -71.4838, -38.63076 ], [ -71.48289, -38.6306 ], [ -71.48123, -38.62991 ], [ -71.48132, -38.62924 ], [ -71.48162, -38.62898 ], [ -71.48151, -38.62847 ] ] } },
{ "type": "Feature", "properties": { "osm_id": 268442683, "nombre": "Río Pucón", "tipo": "river", "volcan_codigo": "SOL", "volcan_nombre": "Sollipulli", "drena_volcan": false }, "geometry": { "type": "LineString", "coordinates": [ [ -71.95642, -39.241 ], [ -71.95849, -39.24043 ], [ -71.95989, -39.24024 ], [ -71.96013, -39.2401 ], [ -71.96054, -39.23974 ], [ -71.96112, -39.23876 ], [ -71.96168, -39.23733 ] ] } },
{ "type": "Feature", "properties": { "osm_id": 268442685, "nombre": "Río Pucón", "tipo": "river", "volcan_codigo": "SOL", "volcan_nombre": "Sollipulli", "drena_volcan": false }, "geometry": { "type": "LineString", "coordinates": [ [ -71.96013, -39.2401 ], [ -71.9607, -39.24028 ], [ -71.96152, -39.24036 ], [ -71.96283, -39.24005 ], [ -71.96487, -39.2393 ], [ -71.96585, -39.2392 ] ] } },
{ "type": "Feature", "properties": { "osm_id": 268442688, "nombre": "Río Pucón", "tipo": "river", "volcan_codigo": "SOL", "volcan_nombre": "Sollipulli", "drena_volcan": false }, "geometry": { "type": "LineString", "coordinates": [ [ -71.94264, -39.2648 ], [ -71.9433, -39.2653 ], [ -71.94388, -39.26555 ], [ -71.9444, -39.26527 ], [ -71.94515, -39.2646 ], [ -71.94588, -39.26435 ], [ -71.94804, -39.26397 ], [ -71.94976, -39.26228 ], [ -71.95004, -39.26099 ] ] } },
{ "type": "Feature", "properties": { "osm_id": 268442691, "nombre": "Río Pucón", "tipo": "river", "volcan_codigo": "SOL", "volcan_nombre": "Sollipulli", "drena_volcan": false }, "geometry": { "type": "LineString", "coordinates": [ [ -71.92536, -39.27051 ], [ -71.92764, -39.26985 ], [ -71.92895, -39.26914 ], [ -71.93096, -39.26881 ], [ -71.93416, -39.26793 ], [ -71.93614, -39.2673 ], [ -71.9371, -39.26646 ], [ -71.93805, -39.26527 ] ] } },
{ "type": "Feature", "properties": { "osm_id": 268442694, "nombre": "Río Pucón", "tipo": "river", "volcan_codigo": "SOL", "volcan_nombre": "Sollipulli", "drena_volcan": false }, "geometry": { "type": "LineString", "coordinates": [ [ -71.93298, -39.26825 ], [ -71.93412, -39.26846 ], [ -71.93573, -39.26833 ], [ -71.93742, -39.26789 ], [ -71.93835, -39.26749 ], [ -71.93948, -39.26615 ], [ -71.94008, -39.26575 ], [ -71.94045, -39.26531 ] ] } },
{ "type": "Feature", "properties": { "osm_id": 269564705, "nombre": "Estero El Maitén", "tipo": "river", "volcan_codigo": "SOL", "volcan_nombre": "Sollipulli", "drena_volcan": false }, "geometry": { "type": "LineString", "coordinates": [ [ -71.55639, -39.03131 ], [ -71.55639, -39.03179 ], [ -71.55568, -39.03292 ], [ -71.55499, -39.03337 ], [ -71.55395, -39.03425 ], [ -71.55265, -39.03492 ], [ -71.55038, -39.03548 ], [ -71.55014, -39.0357 ], [ -71.54953, -39.03579 ], [ -71.54869, -39.03614 ], [ -71.54849, -39.03645 ], [ -71.54852, -39.03672 ], [ -71.54832, -39.03711 ], [ -71.54786, -39.03761 ], [ -71.54504, -39.0392 ], [ -71.54445, -39.03991 ], [ -71.54416, -39.04058 ], [ -71.54417, -39.04097 ], [ -71.54281, -39.0422 ], [ -71.54257, -39.04277 ], [ -71.5416, -39.04381 ], [ -71.54141, -39.04432 ], [ -71.54035, -39.04484 ], [ -71.53944, -39.04657 ], [ -71.53789, -39.04753 ], [ -71.53725, -39.04881 ], [ -71.53425, -39.04994 ], [ -71.53377, -39.05029 ], [ -71.53385, -39.05118 ], [ -71.5331, -39.0516 ], [ -71.53306, -39.05213 ], [ -71.53271, -39.05275 ], [ -71.5327, -39.05347 ], [ -71.53229, -39.05345 ], [ -71.53227, -39.05355 ], [ -71.53228, -39.05377 ], [ -71.53251, -39.05413 ], [ -71.53192, -39.0546 ], [ -71.53176, -39.05486 ], [ -71.53209, -39.05548 ], [ -71.53204, -39.05581 ], [ -71.53131, -39.05662 ], [ -71.53133, -39.05729 ], [ -71.53092, -39.05758 ], [ -71.53105, -39.05816 ], [ -71.53057, -39.05855 ], [ -71.53025, -39.05899 ], [ -71.52956, -39.05922 ], [ -71.52937, -39.05938 ], [ -71.52887, -39.05934 ], [ -71.52833, -39.06003 ], [ -71.52809, -39.06003 ], [ -71.52767, -39.05982 ], [ -71.52741, -39.06005 ], [ -71.52748, -39.06066 ], [ -71.52732, -39.06081 ], [ -71.52704, -39.06083 ], [ -71.52657, -39.06053 ], [ -71.52631, -39.06053 ], [ -71.52591, -39.06101 ], [ -71.52504, -39.06128 ], [ -71.52488, -39.06142 ], [ -71.52489, -39.06169 ], [ -71.52511, -39.06218 ], [ -71.52493, -39.06232 ], [ -71.52469, -39.06244 ], [ -71.52374, -39.06226 ], [ -71.52348, -39.06238 ], [ -71.52321, -39.06267 ], [ -71.5232, -39.06292 ], [ -71.52311, -39.06305 ], [ -71.52252, -39.06294 ], [ -71.52233, -39.06298 ], [ -71.52221, -39.06342 ], [ -71.52204, -39.06362 ], [ -71.52183, -39.06373 ], [ -71.5208, -39.06381 ], [ -71.52053, -39.06397 ], [ -71.52072, -39.06429 ], [ -71.52096, -39.06446 ], [ -71.52084, -39.06492 ], [ -71.52052, -39.06501 ], [ -71.52029, -39.06516 ], [ -71.51978, -39.06527 ], [ -71.51909, -39.06521 ], [ -71.5181, -39.06492 ], [ -71.51745, -39.0651 ], [ -71.51668, -39.06564 ], [ -71.51683, -39.06595 ], [ -71.51719, -39.06631 ], [ -71.5173, -39.06672 ], [ -71.51716, -39.06693 ], [ -71.51687, -39.06703 ], [ -71.51639, -39.06677 ], [ -71.51594, -39.06673 ], [ -71.51581, -39.06682 ], [ -71.51587, -39.06707 ], [ -71.51521, -39.06818 ], [ -71.51514, -39.06856 ], [ -71.51547, -39.06916 ], [ -71.5151, -39.06931 ], [ -71.51467, -39.06929 ], [ -71.5143, -39.06943 ], [ -71.514, -39.06979 ], [ -71.51397, -39.07029 ], [ -71.51419, -39.07056 ], [ -71.51412, -39.07081 ], [ -71.51371, -39.07096 ], [ -71.51319, -39.07098 ], [ -71.51264, -39.07117 ], [ -71.51218, -39.07114 ], [ -71.5116, -39.07075 ], [ -71.51143, -39.07083 ], [ -71.51132, -39.07101 ], [ -71.51119, -39.07128 ], [ -71.51119, -39.0715 ], [ -71.51098, -39.07182 ], [ -71.51064, -39.07188 ], [ -71.51019, -39.07151 ] ] } },
{ "type": "Feature", "properties": { "osm_id": 269564706, "nombre": "Río Los Potreros", "tipo": "river", "volcan_codigo": "SOL", "volcan_nombre": "Sollipulli", "drena_volcan": true }, "geometry": { "type": "LineString", "coordinates": [ [ -71.50715, -39.05744 ], [ -71.50765, -39.05866 ], [ -71.50858, -39.06016 ], [ -71.50903, -39.06127 ], [ -71.50922, -39.06153 ], [ -71.50966, -39.06185 ], [ -71.50952, -39.06272 ], [ -71.5096, -39.06287 ], [ -71.51019, -39.06337 ], [ -71.51034, -39.06373 ], [ -71.51089, -39.06401 ], [ -71.51113, -39.06423 ], [ -71.51175, -39.06429 ], [ -71.51184, -39.06448 ], [ -71.5117, -39.06483 ], [ -71.51163, -39.06536 ], [ -71.51115, -39.06557 ], [ -71.51102, -39.06594 ], [ -71.51102, -39.06656 ], [ -71.51062, -39.06672 ], [ -71.51047, -39.06691 ], [ -71.51051, -39.06714 ], [ -71.51097, -39.06755 ], [ -71.51107, -39.06776 ], [ -71.51088, -39.06806 ], [ -71.51053, -39.06817 ], [ -71.51026, -39.06836 ], [ -71.50991, -39.06949 ], [ -71.50952, -39.06983 ], [ -71.50998, -39.07056 ], [ -71.50992, -39.07078 ], [ -71.50965, -39.07077 ], [ -71.50961, -39.07117 ], [ -71.51019, -39.07151 ] ] } },
{ "type": "Feature", "properties": { "osm_id": 269570523, "nombre": "Estero Las Niñas", "tipo": "stream", "volcan_codigo": "SOL", "volcan_nombre": "Sollipulli", "drena_volcan": false }, "geometry": { "type": "LineString", "coordinates": [ [ -71.51644, -39.05735 ], [ -71.5191, -39.05774 ], [ -71.52019, -39.05832 ], [ -71.5207, -39.05879 ], [ -71.52075, -39.05906 ], [ -71.5201, -39.05985 ], [ -71.51864, -39.06105 ], [ -71.51756, -39.06232 ], [ -71.51703, -39.0626 ], [ -71.51637, -39.06276 ], [ -71.51609, -39.06318 ], [ -71.51608, -39.06362 ], [ -71.51531, -39.06417 ], [ -71.51494, -39.06457 ], [ -71.51514, -39.06504 ], [ -71.51507, -39.06578 ], [ -71.51524, -39.06621 ], [ -71.51504, -39.06652 ], [ -71.51505, -39.06666 ], [ -71.51568, -39.06678 ], [ -71.51587, -39.06707 ] ] } },
{ "type": "Feature", "properties": { "osm_id": 274815942, "nombre": "Río Malalcahuello", "tipo": "river", "volcan_codigo": "SOL", "volcan_nombre": "Sollipulli", "drena_volcan": true }, "geometry": { "type": "LineString", "coordinates": [ [ -71.4798, -38.89367 ], [ -71.48072, -38.89359 ], [ -71.4823, -38.89321 ], [ -71.48309, -38.89288 ], [ -71.48338, -38.8924 ], [ -71.48364, -38.89214 ], [ -71.48401, -38.89196 ], [ -71.48462, -38.89185 ], [ -71.48525, -38.89195 ], [ -71.48643, -38.89145 ], [ -71.48747, -38.89126 ], [ -71.48786, -38.89133 ], [ -71.48814, -38.89151 ], [ -71.48837, -38.89187 ], [ -71.48857, -38.892 ], [ -71.4888, -38.89199 ], [ -71.48925, -38.8916 ], [ -71.49013, -38.89155 ], [ -71.49142, -38.89104 ], [ -71.49218, -38.89091 ], [ -71.49353, -38.89045 ], [ -71.49627, -38.89024 ], [ -71.49656, -38.89035 ], [ -71.49668, -38.89055 ], [ -71.49677, -38.89138 ], [ -71.49687, -38.89151 ], [ -71.49716, -38.89155 ], [ -71.49765, -38.89143 ], [ -71.49945, -38.89141 ], [ -71.50047, -38.89099 ], [ -71.50203, -38.89055 ], [ -71.50425, -38.89043 ], [ -71.50548, -38.89006 ], [ -71.5064, -38.89023 ], [ -71.5068, -38.89013 ], [ -71.50824, -38.88936 ], [ -71.50874, -38.88891 ], [ -71.50872, -38.88828 ], [ -71.50843, -38.88767 ], [ -71.50841, -38.88668 ], [ -71.50872, -38.88542 ], [ -71.50896, -38.88511 ], [ -71.50932, -38.88484 ], [ -71.50945, -38.88454 ], [ -71.50933, -38.88427 ], [ -71.50941, -38.88378 ], [ -71.50959, -38.88344 ], [ -71.51042, -38.88325 ], [ -71.51113, -38.883 ], [ -71.51124, -38.88289 ], [ -71.51228, -38.88268 ], [ -71.51302, -38.88269 ], [ -71.51367, -38.88245 ], [ -71.5139, -38.88252 ], [ -71.51406, -38.88297 ], [ -71.51487, -38.88315 ], [ -71.51492, -38.88332 ], [ -71.51528, -38.88334 ], [ -71.51627, -38.883 ], [ -71.51636, -38.88281 ], [ -71.51696, -38.88255 ], [ -71.51743, -38.88264 ], [ -71.51856, -38.88262 ], [ -71.5189, -38.88234 ], [ -71.51919, -38.88225 ], [ -71.51952, -38.88243 ], [ -71.52019, -38.88249 ], [ -71.52081, -38.8822 ], [ -71.5225, -38.88171 ], [ -71.52365, -38.88087 ], [ -71.52468, -38.88062 ], [ -71.52478, -38.88047 ], [ -71.52478, -38.88028 ], [ -71.52508, -38.88006 ], [ -71.52552, -38.87934 ], [ -71.52585, -38.87897 ], [ -71.52636, -38.87867 ], [ -71.52643, -38.87884 ], [ -71.52698, -38.87853 ], [ -71.5274, -38.87811 ], [ -71.52761, -38.87764 ], [ -71.52779, -38.8776 ], [ -71.52845, -38.8778 ], [ -71.52885, -38.87781 ], [ -71.52952, -38.87759 ], [ -71.52983, -38.87736 ], [ -71.53001, -38.87673 ], [ -71.53037, -38.87626 ], [ -71.53124, -38.87607 ], [ -71.53172, -38.87587 ], [ -71.5317, -38.87569 ], [ -71.53159, -38.87558 ], [ -71.53169, -38.87533 ], [ -71.5321, -38.87522 ], [ -71.53236, -38.87525 ], [ -71.53253, -38.87532 ], [ -71.5325, -38.87548 ], [ -71.53271, -38.87558 ], [ -71.53348, -38.87577 ], [ -71.53369, -38.87571 ], [ -71.53426, -38.87517 ], [ -71.53437, -38.87497 ], [ -71.53418, -38.87475 ], [ -71.53554, -38.87347 ], [ -71.53623, -38.87262 ], [ -71.53636, -38.87229 ], [ -71.53681, -38.87167 ], [ -71.53763, -38.87094 ], [ -71.53839, -38.87001 ], [ -71.53928, -38.86848 ], [ -71.53978, -38.86819 ], [ -71.54021, -38.86779 ], [ -71.54056, -38.86725 ], [ -71.54077, -38.8674 ], [ -71.54105, -38.86744 ], [ -71.54119, -38.86721 ], [ -71.54124, -38.86686 ], [ -71.5415, -38.86676 ], [ -71.54179, -38.86621 ], [ -71.54243, -38.86616 ], [ -71.54307, -38.86555 ], [ -71.54229, -38.86538 ], [ -71.54228, -38.86509 ], [ -71.54325, -38.8647 ], [ -71.54351, -38.86445 ], [ -71.54326, -38.86407 ], [ -71.54537, -38.86312 ], [ -71.54627, -38.8629 ], [ -71.54707, -38.86312 ], [ -71.54778, -38.86312 ], [ -71.5493, -38.86295 ], [ -71.54949, -38.86305 ], [ -71.54979, -38.86352 ], [ -71.55012, -38.86358 ], [ -71.55038, -38.86348 ] ] } },
{ "type": "Feature", "properties": { "osm_id": 274815943, "nombre": "Estero Huechelepun", "tipo": "river", "volcan_codigo": "SOL", "volcan_nombre": "Sollipulli", "drena_volcan": false }, "geometry": { "type": "LineString", "coordinates": [ [ -71.46736, -38.90104 ], [ -71.46906, -38.89992 ], [ -71.47006, -38.89975 ], [ -71.47067, -38.89947 ], [ -71.47155, -38.89947 ], [ -71.47239, -38.89934 ], [ -71.47321, -38.89897 ], [ -71.47355, -38.89856 ], [ -71.47434, -38.89825 ], [ -71.47529, -38.89811 ], [ -71.47567, -38.89778 ], [ -71.47624, -38.8976 ], [ -71.47667, -38.8973 ], [ -71.47686, -38.8969 ], [ -71.4774, -38.89675 ], [ -71.47819, -38.89594 ], [ -71.47818, -38.89506 ], [ -71.47866, -38.89486 ], [ -71.47891, -38.89455 ], [ -71.47959, -38.8946 ], [ -71.48009, -38.89443 ], [ -71.4798, -38.89367 ] ] } },
{ "type": "Feature", "properties": { "osm_id": 286615271, "nombre": "Río Carrileufú", "tipo": "river", "volcan_codigo": "SOL", "volcan_nombre": "Sollipulli", "drena_volcan": false }, "geometry": { "type": "LineString", "coordinates": [ [ -71.80524, -39.19964 ], [ -71.80528, -39.20094 ], [ -71.80539, -39.20159 ], [ -71.80585, -39.20196 ], [ -71.80716, -39.20366 ], [ -71.80733, -39.20416 ], [ -71.80738, -39.2046 ], [ -71.80982, -39.20569 ], [ -71.81025, -39.20593 ], [ -71.81051, -39.20624 ], [ -71.81086, -39.20644 ], [ -71.81168, -39.20624 ], [ -71.81187, -39.2063 ], [ -71.81196, -39.20647 ], [ -71.81258, -39.20684 ], [ -71.81269, -39.20746 ], [ -71.81323, -39.20831 ], [ -71.81299, -39.20937 ], [ -71.81317, -39.21004 ], [ -71.81356, -39.2105 ], [ -71.81379, -39.21122 ], [ -71.8135, -39.21189 ], [ -71.81385, -39.21219 ], [ -71.81382, -39.21273 ], [ -71.814, -39.21303 ], [ -71.81469, -39.21372 ], [ -71.81479, -39.21404 ], [ -71.8151, -39.21421 ], [ -71.81526, -39.21452 ], [ -71.81584, -39.21498 ], [ -71.81596, -39.21533 ], [ -71.8159, -39.21577 ], [ -71.816, -39.2161 ], [ -71.81645, -39.21695 ], [ -71.81702, -39.21715 ], [ -71.81728, -39.21746 ], [ -71.81736, -39.218 ], [ -71.81727, -39.21854 ], [ -71.81787, -39.2192 ], [ -71.81817, -39.21975 ], [ -71.81857, -39.21995 ], [ -71.81924, -39.22061 ], [ -71.82023, -39.22123 ], [ -71.82046, -39.22169 ], [ -71.82057, -39.22235 ], [ -71.82054, -39.22292 ], [ -71.8207, -39.22349 ], [ -71.82111, -39.22388 ], [ -71.82195, -39.22414 ], [ -71.82196, -39.22439 ], [ -71.82165, -39.22575 ], [ -71.82142, -39.2264 ], [ -71.82145, -39.22726 ], [ -71.82179, -39.2277 ], [ -71.82281, -39.22819 ], [ -71.8234, -39.22861 ], [ -71.82351, -39.22929 ], [ -71.82338, -39.23016 ], [ -71.82347, -39.23044 ], [ -71.82391, -39.23016 ], [ -71.82431, -39.23014 ], [ -71.8246, -39.23021 ], [ -71.82482, -39.23053 ], [ -71.82477, -39.23109 ], [ -71.82492, -39.23186 ], [ -71.82481, -39.23263 ], [ -71.82523, -39.23333 ], [ -71.8253, -39.23369 ], [ -71.8251, -39.23399 ], [ -71.82489, -39.23465 ], [ -71.82493, -39.23493 ], [ -71.8253, -39.2354 ], [ -71.82559, -39.23553 ], [ -71.82597, -39.23536 ], [ -71.82721, -39.23536 ], [ -71.82758, -39.23596 ], [ -71.82832, -39.23669 ], [ -71.82919, -39.2379 ], [ -71.82929, -39.23849 ], [ -71.82979, -39.23861 ], [ -71.83054, -39.23856 ], [ -71.83109, -39.23862 ], [ -71.83214, -39.23893 ], [ -71.8324, -39.23885 ] ] } },
{ "type": "Feature", "properties": { "osm_id": 286615272, "nombre": "Río Carrileufú", "tipo": "river", "volcan_codigo": "SOL", "volcan_nombre": "Sollipulli", "drena_volcan": false }, "geometry": { "type": "LineString", "coordinates": [ [ -71.85824, -39.18313 ], [ -71.85706, -39.18346 ], [ -71.85644, -39.18394 ], [ -71.85663, -39.18451 ], [ -71.85646, -39.18492 ], [ -71.85571, -39.18502 ], [ -71.85554, -39.18539 ], [ -71.85494, -39.1858 ], [ -71.85434, -39.18564 ], [ -71.85341, -39.18564 ], [ -71.85216, -39.18647 ], [ -71.85179, -39.18717 ], [ -71.85031, -39.18727 ], [ -71.85007, -39.18765 ], [ -71.84925, -39.18806 ], [ -71.8483, -39.18887 ], [ -71.84688, -39.18989 ], [ -71.84646, -39.19057 ], [ -71.84656, -39.19119 ], [ -71.8465, -39.1915 ], [ -71.84517, -39.19248 ], [ -71.84527, -39.1934 ], [ -71.84691, -39.19442 ], [ -71.84785, -39.19438 ], [ -71.84889, -39.19452 ], [ -71.85008, -39.19491 ], [ -71.85109, -39.19494 ], [ -71.85223, -39.19456 ], [ -71.85303, -39.19453 ], [ -71.85435, -39.1947 ], [ -71.85488, -39.19438 ], [ -71.85561, -39.19436 ], [ -71.85638, -39.19386 ], [ -71.85687, -39.19407 ], [ -71.85687, -39.1948 ], [ -71.85613, -39.19549 ], [ -71.85563, -39.19577 ], [ -71.85559, -39.1962 ], [ -71.85578, -39.19655 ], [ -71.85632, -39.19678 ], [ -71.85643, -39.19707 ], [ -71.85615, -39.19741 ], [ -71.85545, -39.19775 ], [ -71.85464, -39.19799 ], [ -71.85436, -39.19886 ], [ -71.85387, -39.19957 ], [ -71.85337, -39.20011 ], [ -71.85254, -39.20042 ], [ -71.8519, -39.20106 ], [ -71.85141, -39.2012 ], [ -71.85096, -39.20157 ], [ -71.85029, -39.20191 ], [ -71.84925, -39.20315 ], [ -71.84834, -39.20388 ], [ -71.84811, -39.20441 ], [ -71.84807, -39.20487 ], [ -71.84853, -39.20562 ], [ -71.84873, -39.20736 ], [ -71.84839, -39.20782 ], [ -71.84783, -39.20818 ], [ -71.84731, -39.20828 ], [ -71.84696, -39.20873 ], [ -71.84686, -39.20918 ], [ -71.84705, -39.20975 ], [ -71.84781, -39.21032 ], [ -71.84797, -39.2108 ], [ -71.84885, -39.21155 ], [ -71.84891, -39.21199 ], [ -71.8491, -39.21247 ], [ -71.84879, -39.21318 ], [ -71.84847, -39.21348 ], [ -71.84774, -39.21334 ], [ -71.84794, -39.21443 ], [ -71.84834, -39.21519 ], [ -71.84875, -39.21649 ], [ -71.84914, -39.21693 ], [ -71.84914, -39.21743 ], [ -71.84876, -39.21773 ], [ -71.84879, -39.21822 ], [ -71.84832, -39.21908 ], [ -71.8477, -39.21942 ], [ -71.84776, -39.21981 ], [ -71.84768, -39.22033 ], [ -71.84734, -39.22053 ], [ -71.84722, -39.22081 ], [ -71.84686, -39.22093 ], [ -71.84661, -39.22121 ], [ -71.84675, -39.22143 ], [ -71.84724, -39.22169 ], [ -71.84739, -39.22232 ], [ -71.84724, -39.22343 ], [ -71.84731, -39.224 ], [ -71.84766, -39.22434 ], [ -71.8483, -39.22444 ], [ -71.84852, -39.2246 ], [ -71.84856, -39.22504 ], [ -71.8487, -39.22536 ], [ -71.84904, -39.22572 ], [ -71.84883, -39.22603 ], [ -71.84828, -39.22618 ], [ -71.84772, -39.22657 ], [ -71.84725, -39.2272 ], [ -71.84712, -39.22772 ], [ -71.8471, -39.22844 ], [ -71.84618, -39.22989 ], [ -71.84614, -39.2302 ], [ -71.84534, -39.23065 ], [ -71.84518, -39.23094 ], [ -71.84538, -39.23105 ], [ -71.8458, -39.23108 ], [ -71.84599, -39.2313 ], [ -71.84594, -39.23149 ], [ -71.8452, -39.23178 ], [ -71.84485, -39.23234 ], [ -71.84505, -39.23273 ], [ -71.8456, -39.23295 ], [ -71.8458, -39.23323 ], [ -71.84592, -39.23376 ], [ -71.84567, -39.23465 ], [ -71.84573, -39.23503 ], [ -71.84595, -39.2353 ], [ -71.84707, -39.23555 ], [ -71.84714, -39.23586 ], [ -71.8469, -39.23615 ], [ -71.84538, -39.23595 ], [ -71.84431, -39.23628 ], [ -71.84389, -39.23672 ], [ -71.84359, -39.23741 ], [ -71.84319, -39.23758 ], [ -71.84276, -39.23758 ], [ -71.84226, -39.2373 ], [ -71.84184, -39.23747 ], [ -71.84201, -39.23815 ], [ -71.84337, -39.2398 ], [ -71.84352, -39.24066 ], [ -71.84395, -39.24171 ], [ -71.84401, -39.24262 ], [ -71.84468, -39.24409 ], [ -71.84439, -39.24467 ], [ -71.84407, -39.24477 ] ] } },
{ "type": "Feature", "properties": { "osm_id": 286615686, "nombre": "Estero Quetroleufu", "tipo": "stream", "volcan_codigo": "SOL", "volcan_nombre": "Sollipulli", "drena_volcan": false }, "geometry": { "type": "LineString", "coordinates": [ [ -71.83498, -39.27095 ], [ -71.83473, -39.27076 ], [ -71.83437, -39.26851 ], [ -71.83382, -39.26817 ], [ -71.83394, -39.26764 ], [ -71.8343, -39.26695 ], [ -71.83388, -39.26653 ], [ -71.83393, -39.26623 ], [ -71.83471, -39.26513 ], [ -71.83459, -39.26467 ], [ -71.83406, -39.26434 ], [ -71.83321, -39.26402 ], [ -71.83277, -39.26353 ], [ -71.83274, -39.26307 ], [ -71.83295, -39.26219 ], [ -71.83326, -39.26119 ], [ -71.83369, -39.26041 ] ] } },
{ "type": "Feature", "properties": { "osm_id": 287077443, "nombre": "Río Cavisañi", "tipo": "river", "volcan_codigo": "SOL", "volcan_nombre": "Sollipulli", "drena_volcan": true }, "geometry": { "type": "LineString", "coordinates": [ [ -71.69048, -39.38029 ], [ -71.69093, -39.38004 ], [ -71.69176, -39.38 ], [ -71.69232, -39.38017 ], [ -71.69347, -39.38094 ], [ -71.69375, -39.38106 ], [ -71.69444, -39.38108 ], [ -71.69478, -39.38094 ], [ -71.69517, -39.3805 ], [ -71.69574, -39.37933 ], [ -71.69616, -39.379 ], [ -71.69762, -39.37855 ], [ -71.6979, -39.37825 ], [ -71.69765, -39.37763 ], [ -71.69795, -39.37688 ], [ -71.69804, -39.37673 ], [ -71.69865, -39.3765 ], [ -71.69882, -39.37588 ], [ -71.69962, -39.37535 ], [ -71.6998, -39.37501 ], [ -71.69973, -39.37467 ], [ -71.69919, -39.37456 ], [ -71.69909, -39.37429 ], [ -71.6991, -39.37396 ], [ -71.69921, -39.37373 ], [ -71.69957, -39.37333 ], [ -71.70094, -39.3726 ], [ -71.70169, -39.37256 ], [ -71.70207, -39.37226 ], [ -71.70283, -39.37193 ], [ -71.70366, -39.37121 ], [ -71.70392, -39.37108 ], [ -71.7049, -39.3711 ], [ -71.70508, -39.37049 ], [ -71.70528, -39.37038 ], [ -71.70613, -39.3702 ], [ -71.70693, -39.37032 ], [ -71.70862, -39.36992 ], [ -71.709, -39.36961 ], [ -71.70919, -39.36922 ], [ -71.7092, -39.36889 ], [ -71.70901, -39.36855 ], [ -71.70902, -39.36846 ], [ -71.70927, -39.36831 ], [ -71.70959, -39.36836 ], [ -71.7097, -39.36846 ], [ -71.70979, -39.36864 ], [ -71.70979, -39.36926 ], [ -71.71008, -39.3695 ], [ -71.71034, -39.36932 ], [ -71.71065, -39.3689 ], [ -71.71086, -39.3683 ], [ -71.71112, -39.3679 ], [ -71.7114, -39.36793 ], [ -71.71184, -39.36824 ], [ -71.71205, -39.36828 ], [ -71.7123, -39.36828 ], [ -71.71269, -39.36813 ], [ -71.71276, -39.3678 ], [ -71.71184, -39.36768 ], [ -71.71155, -39.36753 ], [ -71.71145, -39.3673 ], [ -71.7118, -39.36702 ], [ -71.71247, -39.36708 ], [ -71.71281, -39.3672 ], [ -71.71306, -39.36718 ], [ -71.71354, -39.36669 ], [ -71.71437, -39.3664 ], [ -71.71468, -39.36583 ], [ -71.71595, -39.36505 ], [ -71.71605, -39.36492 ], [ -71.71606, -39.36475 ], [ -71.71596, -39.36464 ], [ -71.71616, -39.3639 ], [ -71.71607, -39.36361 ], [ -71.7158, -39.36334 ], [ -71.71575, -39.36318 ], [ -71.7158, -39.36303 ], [ -71.71607, -39.36293 ], [ -71.71627, -39.36297 ], [ -71.71656, -39.36325 ], [ -71.717, -39.36333 ], [ -71.71772, -39.36285 ], [ -71.71789, -39.36206 ], [ -71.718, -39.3619 ], [ -71.71817, -39.36184 ], [ -71.71862, -39.36193 ], [ -71.71941, -39.36166 ], [ -71.7206, -39.36143 ], [ -71.72139, -39.36108 ], [ -71.7222, -39.35979 ], [ -71.72269, -39.35951 ], [ -71.72281, -39.35935 ], [ -71.72326, -39.35834 ], [ -71.72342, -39.35762 ], [ -71.72339, -39.35721 ], [ -71.72308, -39.35679 ], [ -71.72262, -39.35653 ], [ -71.72201, -39.35654 ], [ -71.72175, -39.35639 ], [ -71.72169, -39.35614 ], [ -71.72221, -39.356 ], [ -71.72281, -39.35606 ], [ -71.72297, -39.35601 ], [ -71.72341, -39.35523 ], [ -71.72365, -39.35502 ], [ -71.72381, -39.355 ], [ -71.72464, -39.35533 ], [ -71.72494, -39.35531 ], [ -71.72509, -39.35515 ], [ -71.72512, -39.35463 ], [ -71.72532, -39.35423 ], [ -71.72562, -39.3542 ], [ -71.7262, -39.35442 ], [ -71.72674, -39.3543 ], [ -71.72724, -39.35389 ], [ -71.72738, -39.35346 ], [ -71.72706, -39.35288 ], [ -71.72665, -39.35253 ], [ -71.72669, -39.35236 ], [ -71.72682, -39.35232 ], [ -71.7273, -39.35247 ], [ -71.72793, -39.35241 ], [ -71.72918, -39.35195 ], [ -71.7295, -39.3517 ], [ -71.72953, -39.35158 ], [ -71.72941, -39.35131 ], [ -71.72887, -39.35082 ], [ -71.72903, -39.35011 ], [ -71.72871, -39.34973 ], [ -71.72866, -39.3493 ], [ -71.7289, -39.34903 ], [ -71.72943, -39.34886 ], [ -71.72969, -39.34865 ], [ -71.7298, -39.34834 ], [ -71.72978, -39.34804 ], [ -71.72936, -39.34749 ], [ -71.72939, -39.34726 ], [ -71.72961, -39.34712 ], [ -71.73079, -39.34715 ], [ -71.7312, -39.3469 ], [ -71.73122, -39.34672 ], [ -71.73108, -39.34628 ], [ -71.73093, -39.34611 ], [ -71.73091, -39.34589 ], [ -71.73101, -39.3457 ], [ -71.7326, -39.34535 ], [ -71.73279, -39.34516 ], [ -71.73387, -39.34474 ], [ -71.73441, -39.34433 ], [ -71.73568, -39.34383 ], [ -71.73591, -39.34355 ], [ -71.73597, -39.34326 ], [ -71.73589, -39.34299 ], [ -71.73504, -39.34241 ], [ -71.735, -39.34231 ], [ -71.73535, -39.34209 ], [ -71.7361, -39.34229 ], [ -71.73651, -39.34264 ], [ -71.73687, -39.34269 ], [ -71.73732, -39.34265 ], [ -71.73777, -39.34245 ], [ -71.73815, -39.34213 ], [ -71.73837, -39.34206 ], [ -71.73903, -39.343 ], [ -71.7393, -39.34315 ], [ -71.73965, -39.34309 ], [ -71.73974, -39.34295 ], [ -71.73975, -39.34245 ], [ -71.73988, -39.34179 ], [ -71.73971, -39.3414 ], [ -71.73977, -39.34081 ], [ -71.74, -39.34067 ], [ -71.74082, -39.34063 ], [ -71.74097, -39.34048 ], [ -71.74084, -39.33977 ], [ -71.74096, -39.33962 ], [ -71.74177, -39.33961 ], [ -71.74228, -39.33948 ], [ -71.7427, -39.33919 ], [ -71.74291, -39.33886 ], [ -71.74292, -39.33865 ], [ -71.74247, -39.33828 ], [ -71.74206, -39.33814 ], [ -71.74188, -39.33797 ], [ -71.74201, -39.33745 ], [ -71.74231, -39.33722 ], [ -71.7427, -39.33714 ], [ -71.74304, -39.33723 ], [ -71.74345, -39.33748 ], [ -71.74376, -39.33757 ], [ -71.74401, -39.33752 ], [ -71.74425, -39.33734 ], [ -71.74446, -39.33657 ], [ -71.74447, -39.33522 ], [ -71.74469, -39.3348 ], [ -71.74469, -39.33445 ], [ -71.74441, -39.3342 ], [ -71.74404, -39.33408 ], [ -71.74277, -39.33397 ] ] } },
{ "type": "Feature", "properties": { "osm_id": 287077444, "nombre": "Sin nombre", "tipo": "stream", "volcan_codigo": "SOL", "volcan_nombre": "Sollipulli", "drena_volcan": false }, "geometry": { "type": "LineString", "coordinates": [ [ -71.66949, -39.39073 ], [ -71.67133, -39.39064 ], [ -71.67272, -39.39021 ], [ -71.67362, -39.38951 ], [ -71.67423, -39.38861 ], [ -71.676, -39.38679 ], [ -71.67726, -39.38593 ], [ -71.67802, -39.38559 ] ] } },
{ "type": "Feature", "properties": { "osm_id": 287077709, "nombre": "Sin nombre", "tipo": "canal", "volcan_codigo": "SOL", "volcan_nombre": "Sollipulli", "drena_volcan": false }, "geometry": { "type": "LineString", "coordinates": [ [ -71.68036, -39.38302 ], [ -71.68109, -39.382 ], [ -71.68209, -39.38115 ], [ -71.68406, -39.37998 ], [ -71.68561, -39.37806 ], [ -71.68632, -39.37801 ], [ -71.68828, -39.37876 ], [ -71.68832, -39.38015 ], [ -71.68839, -39.38034 ], [ -71.68862, -39.38048 ], [ -71.68937, -39.38057 ] ] } },
{ "type": "Feature", "properties": { "osm_id": 287078607, "nombre": "Sin nombre", "tipo": "canal", "volcan_codigo": "SOL", "volcan_nombre": "Sollipulli", "drena_volcan": false }, "geometry": { "type": "LineString", "coordinates": [ [ -71.68774, -39.37816 ], [ -71.68852, -39.37678 ], [ -71.69004, -39.37649 ], [ -71.69042, -39.37631 ], [ -71.69075, -39.37563 ], [ -71.69067, -39.37524 ], [ -71.69041, -39.3751 ], [ -71.69053, -39.3748 ], [ -71.6907, -39.37461 ], [ -71.69106, -39.3745 ], [ -71.69333, -39.37423 ], [ -71.69485, -39.37449 ], [ -71.69662, -39.37539 ], [ -71.69781, -39.37515 ], [ -71.69815, -39.37484 ], [ -71.69911, -39.3744 ] ] } },
{ "type": "Feature", "properties": { "osm_id": 287080474, "nombre": "Estero Huililco", "tipo": "river", "volcan_codigo": "SOL", "volcan_nombre": "Sollipulli", "drena_volcan": false }, "geometry": { "type": "LineString", "coordinates": [ [ -71.63292, -39.44716 ], [ -71.63283, -39.4468 ], [ -71.6326, -39.44661 ], [ -71.63299, -39.44621 ], [ -71.6334, -39.446 ], [ -71.63343, -39.44538 ], [ -71.63318, -39.44451 ], [ -71.63319, -39.44435 ], [ -71.63351, -39.44379 ], [ -71.63342, -39.44348 ], [ -71.63344, -39.44327 ], [ -71.63404, -39.44262 ], [ -71.63449, -39.44144 ], [ -71.635, -39.44126 ], [ -71.63513, -39.44079 ], [ -71.63547, -39.44062 ], [ -71.63573, -39.44036 ], [ -71.63583, -39.44012 ], [ -71.63585, -39.4397 ], [ -71.63609, -39.43934 ], [ -71.63766, -39.43868 ], [ -71.63794, -39.43861 ], [ -71.63857, -39.43868 ], [ -71.63928, -39.43832 ], [ -71.63987, -39.43816 ], [ -71.64075, -39.43724 ], [ -71.6413, -39.43681 ], [ -71.6413, -39.43657 ], [ -71.64119, -39.43635 ], [ -71.64085, -39.43618 ], [ -71.64092, -39.436 ], [ -71.64125, -39.43576 ], [ -71.6413, -39.43559 ], [ -71.64103, -39.4351 ], [ -71.64069, -39.43503 ], [ -71.64062, -39.43473 ], [ -71.64113, -39.43397 ], [ -71.64147, -39.43311 ], [ -71.6416, -39.43238 ], [ -71.64196, -39.43148 ], [ -71.64204, -39.43023 ], [ -71.64225, -39.42985 ], [ -71.64285, -39.42979 ], [ -71.64344, -39.4296 ], [ -71.64349, -39.42916 ], [ -71.6433, -39.42879 ], [ -71.64336, -39.42836 ], [ -71.64391, -39.42737 ], [ -71.64463, -39.42686 ], [ -71.64535, -39.42657 ], [ -71.64574, -39.426 ], [ -71.64623, -39.42565 ], [ -71.64728, -39.4254 ], [ -71.6481, -39.42544 ], [ -71.64887, -39.4251 ], [ -71.64897, -39.42446 ], [ -71.64959, -39.42357 ], [ -71.65075, -39.4233 ], [ -71.65152, -39.42273 ], [ -71.65218, -39.42236 ], [ -71.65224, -39.42167 ], [ -71.65282, -39.42082 ], [ -71.65346, -39.4206 ], [ -71.65415, -39.42003 ], [ -71.65498, -39.41963 ], [ -71.65573, -39.41955 ], [ -71.65635, -39.41972 ], [ -71.65719, -39.4196 ], [ -71.65738, -39.41914 ], [ -71.65733, -39.41846 ], [ -71.65765, -39.41824 ], [ -71.659, -39.41778 ], [ -71.65951, -39.41738 ], [ -71.65969, -39.41685 ], [ -71.65945, -39.41641 ], [ -71.65948, -39.4157 ], [ -71.65974, -39.41468 ], [ -71.66048, -39.41437 ], [ -71.66141, -39.41414 ], [ -71.66212, -39.41366 ], [ -71.66263, -39.41307 ], [ -71.66277, -39.41252 ], [ -71.66385, -39.4106 ], [ -71.66394, -39.40981 ], [ -71.66422, -39.40904 ], [ -71.66507, -39.40845 ], [ -71.66569, -39.40817 ], [ -71.66579, -39.40716 ], [ -71.66642, -39.40652 ], [ -71.66704, -39.40613 ], [ -71.6674, -39.4057 ], [ -71.66772, -39.40508 ], [ -71.66831, -39.40447 ], [ -71.66904, -39.40406 ], [ -71.6692, -39.40349 ], [ -71.66896, -39.40315 ], [ -71.66905, -39.4028 ], [ -71.66953, -39.40188 ], [ -71.67031, -39.40132 ], [ -71.67123, -39.40088 ], [ -71.67231, -39.40009 ], [ -71.6729, -39.39946 ], [ -71.67374, -39.39875 ], [ -71.67676, -39.39761 ], [ -71.67783, -39.39711 ], [ -71.67794, -39.39635 ], [ -71.6783, -39.39547 ], [ -71.67948, -39.39461 ], [ -71.67996, -39.39316 ], [ -71.67989, -39.39274 ], [ -71.67994, -39.3924 ], [ -71.68026, -39.39199 ], [ -71.67955, -39.39116 ], [ -71.67937, -39.3904 ], [ -71.67986, -39.38956 ], [ -71.6797, -39.38846 ], [ -71.67926, -39.38813 ], [ -71.67845, -39.38787 ], [ -71.67826, -39.38699 ], [ -71.67799, -39.38659 ], [ -71.67782, -39.386 ], [ -71.67802, -39.38559 ], [ -71.67895, -39.38525 ], [ -71.67914, -39.38435 ], [ -71.68005, -39.38362 ], [ -71.68036, -39.38302 ], [ -71.68085, -39.38279 ], [ -71.6815, -39.38274 ], [ -71.68215, -39.3824 ], [ -71.68294, -39.38178 ], [ -71.68354, -39.38161 ], [ -71.68387, -39.38177 ], [ -71.68448, -39.38187 ], [ -71.68596, -39.38128 ], [ -71.68603, -39.3815 ], [ -71.68633, -39.38153 ], [ -71.68777, -39.38099 ], [ -71.69048, -39.38029 ] ] } },
{ "type": "Feature", "properties": { "osm_id": 287080485, "nombre": "Sin nombre", "tipo": "canal", "volcan_codigo": "SOL", "volcan_nombre": "Sollipulli", "drena_volcan": false }, "geometry": { "type": "LineString", "coordinates": [ [ -71.68026, -39.39199 ], [ -71.68059, -39.39089 ], [ -71.6809, -39.39043 ], [ -71.67963, -39.38991 ] ] } },
{ "type": "Feature", "properties": { "osm_id": 287080486, "nombre": "Sin nombre", "tipo": "canal", "volcan_codigo": "SOL", "volcan_nombre": "Sollipulli", "drena_volcan": false }, "geometry": { "type": "LineString", "coordinates": [ [ -71.6807, -39.39034 ], [ -71.68066, -39.39025 ], [ -71.68097, -39.38977 ] ] } },
{ "type": "Feature", "properties": { "osm_id": 287102356, "nombre": "Sin nombre", "tipo": "stream", "volcan_codigo": "SOL", "volcan_nombre": "Sollipulli", "drena_volcan": false }, "geometry": { "type": "LineString", "coordinates": [ [ -71.83512, -39.24117 ], [ -71.83543, -39.24181 ], [ -71.83571, -39.24201 ], [ -71.83606, -39.24212 ], [ -71.83645, -39.24205 ], [ -71.83739, -39.24166 ] ] } },
{ "type": "Feature", "properties": { "osm_id": 287103049, "nombre": "Sin nombre", "tipo": "stream", "volcan_codigo": "SOL", "volcan_nombre": "Sollipulli", "drena_volcan": false }, "geometry": { "type": "LineString", "coordinates": [ [ -71.83739, -39.24166 ], [ -71.83789, -39.24173 ], [ -71.83966, -39.24117 ], [ -71.83985, -39.24107 ], [ -71.83992, -39.24081 ], [ -71.8401, -39.24075 ] ] } },
{ "type": "Feature", "properties": { "osm_id": 291680151, "nombre": "Sin nombre", "tipo": "river", "volcan_codigo": "SOL", "volcan_nombre": "Sollipulli", "drena_volcan": false }, "geometry": { "type": "LineString", "coordinates": [ [ -71.89188, -38.87293 ], [ -71.89202, -38.87317 ], [ -71.89188, -38.87376 ], [ -71.89073, -38.87509 ], [ -71.8907, -38.87543 ], [ -71.891, -38.87671 ], [ -71.8909, -38.87714 ], [ -71.88919, -38.87921 ], [ -71.88915, -38.87955 ], [ -71.88862, -38.88098 ], [ -71.8887, -38.88135 ], [ -71.88892, -38.88174 ], [ -71.88952, -38.88214 ], [ -71.89009, -38.88226 ], [ -71.89082, -38.88226 ], [ -71.89209, -38.88264 ], [ -71.89295, -38.88305 ], [ -71.89329, -38.8833 ], [ -71.89436, -38.88497 ], [ -71.89464, -38.885 ], [ -71.89543, -38.8848 ], [ -71.89625, -38.88499 ], [ -71.89648, -38.88515 ], [ -71.89625, -38.88575 ], [ -71.89616, -38.88642 ], [ -71.89676, -38.88744 ], [ -71.89683, -38.88768 ], [ -71.89708, -38.88794 ], [ -71.89732, -38.88814 ], [ -71.89756, -38.88819 ], [ -71.89794, -38.88809 ], [ -71.89801, -38.88776 ], [ -71.89782, -38.88737 ], [ -71.89749, -38.88702 ], [ -71.89745, -38.88666 ], [ -71.8976, -38.88649 ], [ -71.89807, -38.88661 ], [ -71.89871, -38.88719 ], [ -71.89912, -38.88808 ], [ -71.89947, -38.88853 ], [ -71.90101, -38.88995 ], [ -71.90378, -38.89172 ], [ -71.90434, -38.8923 ], [ -71.90481, -38.89265 ], [ -71.90586, -38.89299 ], [ -71.90663, -38.89275 ], [ -71.90719, -38.89272 ], [ -71.90766, -38.89285 ], [ -71.90803, -38.89307 ], [ -71.90844, -38.89409 ], [ -71.90863, -38.89426 ], [ -71.90938, -38.89439 ], [ -71.90985, -38.89471 ], [ -71.91013, -38.89529 ], [ -71.91013, -38.89559 ], [ -71.91024, -38.89586 ], [ -71.91045, -38.89616 ], [ -71.91112, -38.89656 ], [ -71.91217, -38.89704 ], [ -71.91337, -38.89798 ], [ -71.91436, -38.89863 ], [ -71.91537, -38.89908 ], [ -71.91565, -38.89935 ], [ -71.91592, -38.90018 ], [ -71.91622, -38.90062 ], [ -71.91781, -38.9011 ], [ -71.91813, -38.90134 ], [ -71.91929, -38.90326 ], [ -71.91942, -38.90366 ], [ -71.92007, -38.90431 ], [ -71.92088, -38.90486 ], [ -71.92092, -38.90524 ], [ -71.92082, -38.90566 ], [ -71.92088, -38.90596 ], [ -71.92116, -38.90633 ], [ -71.92161, -38.9074 ], [ -71.92187, -38.90765 ], [ -71.92285, -38.90813 ], [ -71.92382, -38.90877 ], [ -71.92431, -38.90987 ], [ -71.92455, -38.91004 ], [ -71.92494, -38.9102 ], [ -71.92644, -38.91047 ], [ -71.92738, -38.9108 ], [ -71.92826, -38.91127 ], [ -71.92974, -38.91283 ], [ -71.9309, -38.91439 ], [ -71.93238, -38.916 ], [ -71.93241, -38.91651 ], [ -71.93251, -38.91679 ], [ -71.9327, -38.91712 ], [ -71.93366, -38.91815 ], [ -71.93395, -38.91834 ], [ -71.93417, -38.91837 ], [ -71.93524, -38.91813 ], [ -71.93674, -38.91819 ], [ -71.93705, -38.9183 ], [ -71.93718, -38.91843 ], [ -71.93716, -38.91867 ], [ -71.93644, -38.91917 ], [ -71.93593, -38.92 ], [ -71.93612, -38.92046 ], [ -71.93695, -38.92164 ], [ -71.937, -38.92194 ], [ -71.93691, -38.92274 ], [ -71.93704, -38.92296 ], [ -71.93743, -38.92328 ], [ -71.93747, -38.92356 ], [ -71.93706, -38.92466 ], [ -71.93708, -38.92494 ], [ -71.93792, -38.92578 ], [ -71.93824, -38.92718 ], [ -71.93843, -38.92743 ], [ -71.93846, -38.92817 ], [ -71.93833, -38.9285 ], [ -71.938, -38.9287 ], [ -71.9377, -38.92875 ], [ -71.93747, -38.92872 ], [ -71.93723, -38.92855 ], [ -71.93665, -38.92798 ], [ -71.93633, -38.92808 ], [ -71.93627, -38.9283 ], [ -71.93594, -38.92877 ], [ -71.93498, -38.93 ], [ -71.93541, -38.93042 ], [ -71.93646, -38.93095 ], [ -71.93691, -38.93107 ], [ -71.93745, -38.93116 ], [ -71.93815, -38.93066 ], [ -71.93848, -38.93059 ], [ -71.93871, -38.93069 ], [ -71.93884, -38.93119 ], [ -71.93884, -38.93182 ], [ -71.93907, -38.9325 ], [ -71.93901, -38.93334 ], [ -71.93883, -38.93401 ], [ -71.93898, -38.93464 ], [ -71.93914, -38.93483 ], [ -71.93968, -38.93486 ], [ -71.94011, -38.93468 ], [ -71.94047, -38.93468 ], [ -71.94058, -38.93488 ], [ -71.94054, -38.93505 ], [ -71.94026, -38.93526 ], [ -71.94002, -38.93561 ], [ -71.9403, -38.93628 ], [ -71.94022, -38.93663 ], [ -71.93969, -38.93701 ], [ -71.93919, -38.9371 ], [ -71.93872, -38.93734 ], [ -71.93857, -38.93764 ], [ -71.93857, -38.93794 ], [ -71.93872, -38.93813 ], [ -71.93894, -38.93819 ], [ -71.9394, -38.9382 ], [ -71.9403, -38.93807 ], [ -71.94076, -38.93819 ], [ -71.94091, -38.93831 ], [ -71.94103, -38.93898 ], [ -71.94047, -38.93962 ], [ -71.94042, -38.93978 ], [ -71.94048, -38.93985 ], [ -71.94125, -38.9399 ], [ -71.94225, -38.93958 ], [ -71.94258, -38.93977 ], [ -71.9426, -38.93994 ], [ -71.94249, -38.94008 ], [ -71.94148, -38.94083 ], [ -71.94138, -38.9411 ], [ -71.94153, -38.94127 ], [ -71.94172, -38.94127 ], [ -71.94222, -38.9411 ], [ -71.9427, -38.9406 ], [ -71.94318, -38.94031 ], [ -71.94377, -38.94019 ], [ -71.94395, -38.9403 ], [ -71.94411, -38.94059 ], [ -71.94398, -38.94107 ], [ -71.94358, -38.94135 ], [ -71.94257, -38.94148 ], [ -71.94232, -38.94176 ], [ -71.94234, -38.94192 ], [ -71.94286, -38.94248 ], [ -71.94327, -38.94259 ], [ -71.94419, -38.94267 ] ] } },
{ "type": "Feature", "properties": { "osm_id": 313692282, "nombre": "Sin nombre", "tipo": "stream", "volcan_codigo": "SOL", "volcan_nombre": "Sollipulli", "drena_volcan": false }, "geometry": { "type": "LineString", "coordinates": [ [ -71.83631, -39.24094 ], [ -71.83646, -39.24134 ], [ -71.83739, -39.24166 ] ] } },
{ "type": "Feature", "properties": { "osm_id": 318741727, "nombre": "Río Rucachoroi", "tipo": "river", "volcan_codigo": "SOL", "volcan_nombre": "Sollipulli", "drena_volcan": false }, "geometry": { "type": "LineString", "coordinates": [ [ -71.13407, -39.2129 ], [ -71.13317, -39.21288 ], [ -71.13276, -39.21274 ], [ -71.13185, -39.21191 ], [ -71.13011, -39.21129 ], [ -71.12916, -39.21086 ], [ -71.12859, -39.2107 ], [ -71.12734, -39.21052 ], [ -71.12654, -39.20986 ], [ -71.12584, -39.20884 ], [ -71.12547, -39.20846 ], [ -71.12479, -39.20808 ], [ -71.12376, -39.20705 ], [ -71.12371, -39.20661 ], [ -71.12438, -39.20515 ], [ -71.12446, -39.20437 ], [ -71.12436, -39.20385 ], [ -71.1235, -39.20282 ], [ -71.12318, -39.20272 ], [ -71.12182, -39.20289 ], [ -71.12021, -39.20237 ], [ -71.11974, -39.20207 ], [ -71.11936, -39.20171 ], [ -71.11848, -39.20124 ], [ -71.11554, -39.20054 ], [ -71.11511, -39.20061 ], [ -71.11451, -39.20094 ], [ -71.1138, -39.20121 ], [ -71.11318, -39.20119 ], [ -71.11249, -39.20101 ], [ -71.11079, -39.20009 ], [ -71.11011, -39.1996 ], [ -71.10991, -39.19906 ], [ -71.11009, -39.19863 ], [ -71.11069, -39.19772 ], [ -71.11075, -39.19737 ], [ -71.11069, -39.19709 ], [ -71.10991, -39.1967 ], [ -71.10858, -39.19655 ], [ -71.10683, -39.1962 ], [ -71.10607, -39.19624 ], [ -71.10554, -39.19637 ], [ -71.10438, -39.19702 ], [ -71.10369, -39.1973 ], [ -71.10283, -39.19755 ], [ -71.09929, -39.19767 ], [ -71.0982, -39.19792 ], [ -71.09745, -39.19797 ], [ -71.0962, -39.1978 ], [ -71.09298, -39.19684 ], [ -71.09195, -39.19685 ], [ -71.09112, -39.1967 ], [ -71.09024, -39.19605 ], [ -71.08801, -39.19585 ], [ -71.08743, -39.19594 ], [ -71.08685, -39.19585 ], [ -71.08646, -39.19554 ], [ -71.0858, -39.19534 ], [ -71.08346, -39.19547 ], [ -71.08198, -39.19624 ], [ -71.0806, -39.19745 ], [ -71.08007, -39.19763 ], [ -71.07927, -39.1977 ], [ -71.07811, -39.19755 ], [ -71.0767, -39.19689 ], [ -71.07597, -39.19634 ], [ -71.07487, -39.19585 ], [ -71.07374, -39.19572 ], [ -71.0726, -39.19585 ], [ -71.07144, -39.19624 ], [ -71.07037, -39.19692 ], [ -71.06951, -39.1972 ], [ -71.06867, -39.19717 ], [ -71.06775, -39.19674 ], [ -71.06728, -39.1967 ], [ -71.06666, -39.19687 ], [ -71.06545, -39.19757 ], [ -71.06449, -39.1978 ], [ -71.06408, -39.19753 ], [ -71.06404, -39.1972 ], [ -71.0637, -39.19694 ], [ -71.06307, -39.19667 ], [ -71.06284, -39.19645 ], [ -71.06262, -39.19612 ], [ -71.06247, -39.19516 ], [ -71.06219, -39.19482 ], [ -71.06185, -39.19472 ], [ -71.06146, -39.19479 ], [ -71.06063, -39.19549 ], [ -71.06022, -39.19566 ], [ -71.05983, -39.19559 ], [ -71.05921, -39.19527 ], [ -71.05908, -39.19497 ], [ -71.05938, -39.19409 ], [ -71.05917, -39.19344 ], [ -71.05887, -39.19314 ], [ -71.05861, -39.19304 ], [ -71.05833, -39.19304 ], [ -71.05721, -39.19353 ], [ -71.05687, -39.19351 ], [ -71.055, -39.19303 ], [ -71.05464, -39.19306 ], [ -71.05365, -39.19354 ], [ -71.05277, -39.19368 ], [ -71.05035, -39.19313 ], [ -71.04874, -39.19301 ], [ -71.04835, -39.19286 ], [ -71.04801, -39.1926 ], [ -71.04747, -39.19198 ], [ -71.04601, -39.19146 ], [ -71.0432, -39.19008 ], [ -71.04174, -39.18927 ], [ -71.04106, -39.1891 ], [ -71.03956, -39.189 ], [ -71.03893, -39.18904 ], [ -71.03859, -39.18925 ], [ -71.03831, -39.1896 ], [ -71.03818, -39.19038 ], [ -71.03784, -39.19075 ], [ -71.03728, -39.19115 ], [ -71.03685, -39.19121 ], [ -71.03597, -39.19102 ], [ -71.03571, -39.19108 ], [ -71.03513, -39.19145 ], [ -71.03447, -39.19161 ], [ -71.03357, -39.19166 ], [ -71.03286, -39.19185 ], [ -71.03211, -39.19181 ], [ -71.03127, -39.19153 ], [ -71.02932, -39.19068 ], [ -71.02844, -39.19055 ], [ -71.02801, -39.19067 ], [ -71.02762, -39.19098 ], [ -71.02767, -39.19128 ], [ -71.02795, -39.1914 ], [ -71.02823, -39.1914 ], [ -71.02848, -39.19155 ], [ -71.0287, -39.19225 ], [ -71.02857, -39.19266 ], [ -71.0281, -39.19288 ], [ -71.02752, -39.19286 ], [ -71.02614, -39.1926 ], [ -71.02526, -39.19261 ], [ -71.02481, -39.19286 ], [ -71.02393, -39.19396 ], [ -71.02299, -39.19467 ], [ -71.02286, -39.19501 ], [ -71.02301, -39.19561 ], [ -71.02278, -39.19592 ], [ -71.02063, -39.197 ], [ -71.02005, -39.19758 ], [ -71.01996, -39.19797 ], [ -71.02005, -39.19852 ], [ -71.02067, -39.199 ], [ -71.02093, -39.19943 ], [ -71.02093, -39.1998 ], [ -71.02069, -39.20036 ], [ -71.02007, -39.20111 ], [ -71.01943, -39.20148 ], [ -71.0184, -39.20154 ], [ -71.01812, -39.20171 ], [ -71.01778, -39.20202 ], [ -71.01754, -39.20281 ], [ -71.0167, -39.20347 ], [ -71.01621, -39.20355 ], [ -71.01432, -39.2031 ], [ -71.01374, -39.20314 ], [ -71.01155, -39.20453 ], [ -71.0105, -39.2044 ], [ -71.01007, -39.20445 ], [ -71.00932, -39.20477 ], [ -71.00829, -39.20478 ], [ -71.00763, -39.20503 ], [ -71.00707, -39.20543 ], [ -71.00636, -39.20633 ], [ -71.00572, -39.20774 ], [ -71.00533, -39.20823 ], [ -71.00486, -39.20836 ], [ -71.00421, -39.20821 ], [ -71.00226, -39.20816 ], [ -71.00003, -39.20756 ], [ -70.99833, -39.20729 ], [ -70.99713, -39.20756 ], [ -70.99565, -39.20814 ], [ -70.99372, -39.20961 ], [ -70.9931, -39.21089 ], [ -70.99278, -39.21099 ], [ -70.99231, -39.21104 ], [ -70.99093, -39.21015 ], [ -70.99031, -39.21007 ], [ -70.98919, -39.21009 ], [ -70.98763, -39.20954 ], [ -70.98722, -39.20952 ], [ -70.98677, -39.20969 ], [ -70.98643, -39.20994 ], [ -70.98572, -39.21075 ], [ -70.98531, -39.21107 ], [ -70.98477, -39.21127 ], [ -70.98404, -39.21137 ], [ -70.98366, -39.21152 ], [ -70.98284, -39.2121 ], [ -70.98241, -39.21255 ], [ -70.98183, -39.21338 ], [ -70.9812, -39.214 ] ] } },
{ "type": "Feature", "properties": { "osm_id": 321880771, "nombre": "Sin nombre", "tipo": "stream", "volcan_codigo": "SOL", "volcan_nombre": "Sollipulli", "drena_volcan": false }, "geometry": { "type": "LineString", "coordinates": [ [ -71.71241, -39.14288 ], [ -71.71207, -39.14383 ], [ -71.7116, -39.14455 ], [ -71.71182, -39.14546 ], [ -71.71091, -39.14663 ], [ -71.71083, -39.14728 ], [ -71.7105, -39.14814 ], [ -71.71056, -39.14918 ], [ -71.70999, -39.1517 ], [ -71.7089, -39.15303 ], [ -71.70995, -39.15393 ], [ -71.71229, -39.15425 ], [ -71.71321, -39.15526 ], [ -71.71484, -39.15673 ], [ -71.71589, -39.15691 ], [ -71.71691, -39.15681 ], [ -71.71893, -39.15777 ], [ -71.71973, -39.1589 ] ] } },
{ "type": "Feature", "properties": { "osm_id": 321880773, "nombre": "Sin nombre", "tipo": "stream", "volcan_codigo": "SOL", "volcan_nombre": "Sollipulli", "drena_volcan": false }, "geometry": { "type": "LineString", "coordinates": [ [ -71.70653, -39.1394 ], [ -71.70707, -39.13973 ], [ -71.70809, -39.13996 ], [ -71.70864, -39.13992 ], [ -71.7091, -39.13967 ], [ -71.70965, -39.1395 ], [ -71.70996, -39.13955 ] ] } },
{ "type": "Feature", "properties": { "osm_id": 321881732, "nombre": "Sin nombre", "tipo": "stream", "volcan_codigo": "SOL", "volcan_nombre": "Sollipulli", "drena_volcan": false }, "geometry": { "type": "LineString", "coordinates": [ [ -71.70905, -39.13563 ], [ -71.70881, -39.13596 ], [ -71.70878, -39.13625 ], [ -71.70889, -39.13691 ], [ -71.70861, -39.13754 ], [ -71.70875, -39.13793 ], [ -71.70939, -39.13853 ], [ -71.70946, -39.13881 ], [ -71.70963, -39.13906 ], [ -71.71004, -39.13934 ] ] } },
{ "type": "Feature", "properties": { "osm_id": 322977505, "nombre": "Sin nombre", "tipo": "river", "volcan_codigo": "SOL", "volcan_nombre": "Sollipulli", "drena_volcan": false }, "geometry": { "type": "LineString", "coordinates": [ [ -71.42641, -38.92707 ], [ -71.42668, -38.92769 ], [ -71.42643, -38.92803 ], [ -71.42641, -38.9286 ], [ -71.42592, -38.92919 ], [ -71.42587, -38.92935 ], [ -71.42526, -38.92994 ], [ -71.42496, -38.93039 ], [ -71.42387, -38.93103 ], [ -71.42329, -38.93127 ], [ -71.42272, -38.93177 ], [ -71.42254, -38.93221 ], [ -71.42227, -38.93255 ], [ -71.42195, -38.93265 ], [ -71.42168, -38.93299 ], [ -71.42131, -38.93317 ], [ -71.42139, -38.93335 ], [ -71.42135, -38.93347 ], [ -71.42064, -38.93374 ], [ -71.42061, -38.93387 ], [ -71.42021, -38.93423 ], [ -71.42, -38.93469 ], [ -71.41957, -38.93499 ], [ -71.4198, -38.9353 ], [ -71.41971, -38.9354 ], [ -71.41912, -38.93556 ], [ -71.41878, -38.93593 ], [ -71.41874, -38.93612 ], [ -71.41843, -38.93633 ], [ -71.41767, -38.9366 ], [ -71.41753, -38.93697 ], [ -71.41673, -38.93705 ], [ -71.41655, -38.93713 ], [ -71.41668, -38.93753 ], [ -71.41633, -38.93779 ], [ -71.41602, -38.93786 ], [ -71.41582, -38.93807 ], [ -71.41605, -38.93848 ], [ -71.416, -38.93859 ], [ -71.41563, -38.93875 ], [ -71.41517, -38.93922 ], [ -71.41494, -38.93925 ], [ -71.41473, -38.93944 ], [ -71.41434, -38.93956 ], [ -71.41341, -38.94014 ], [ -71.41218, -38.94049 ], [ -71.41177, -38.94093 ], [ -71.41126, -38.94121 ], [ -71.41108, -38.94151 ], [ -71.41071, -38.94168 ], [ -71.41045, -38.94216 ], [ -71.41063, -38.94236 ], [ -71.41106, -38.9425 ], [ -71.41096, -38.94266 ], [ -71.41067, -38.94275 ], [ -71.4101, -38.94272 ], [ -71.41, -38.94314 ], [ -71.40986, -38.9433 ], [ -71.4091, -38.94333 ], [ -71.40892, -38.94351 ], [ -71.4087, -38.94359 ], [ -71.40825, -38.94354 ], [ -71.40798, -38.94334 ], [ -71.40694, -38.94335 ], [ -71.40687, -38.94342 ], [ -71.40704, -38.94363 ], [ -71.40689, -38.94385 ], [ -71.40664, -38.94398 ], [ -71.40622, -38.94385 ], [ -71.40595, -38.94398 ], [ -71.40631, -38.94439 ], [ -71.40619, -38.94452 ], [ -71.406, -38.94456 ], [ -71.40555, -38.94444 ], [ -71.40494, -38.94446 ], [ -71.40433, -38.94432 ], [ -71.404, -38.94455 ], [ -71.40359, -38.94503 ], [ -71.40323, -38.94523 ], [ -71.40312, -38.94541 ], [ -71.40288, -38.94542 ], [ -71.4028, -38.94535 ], [ -71.40304, -38.94479 ], [ -71.403, -38.94463 ], [ -71.4029, -38.94456 ], [ -71.40261, -38.94457 ], [ -71.40218, -38.94486 ], [ -71.40154, -38.94512 ], [ -71.40136, -38.94543 ], [ -71.40092, -38.9457 ], [ -71.40061, -38.94604 ], [ -71.3996, -38.94684 ], [ -71.39921, -38.94735 ], [ -71.39956, -38.94758 ], [ -71.39958, -38.94783 ], [ -71.39919, -38.94834 ], [ -71.39906, -38.94866 ], [ -71.39863, -38.949 ], [ -71.39859, -38.94918 ], [ -71.39867, -38.9494 ], [ -71.39836, -38.94969 ], [ -71.3983, -38.95008 ], [ -71.39791, -38.9507 ], [ -71.3981, -38.95091 ], [ -71.39798, -38.95118 ], [ -71.39857, -38.95133 ], [ -71.39807, -38.95168 ], [ -71.39808, -38.9518 ], [ -71.39829, -38.95208 ], [ -71.39798, -38.95234 ], [ -71.39732, -38.95264 ], [ -71.39755, -38.95323 ], [ -71.39677, -38.95314 ], [ -71.39651, -38.95321 ], [ -71.39647, -38.95337 ], [ -71.39682, -38.95383 ], [ -71.39673, -38.95399 ], [ -71.39619, -38.95449 ], [ -71.39616, -38.95465 ], [ -71.3963, -38.95515 ], [ -71.39617, -38.95531 ], [ -71.3954, -38.9557 ], [ -71.39514, -38.95557 ], [ -71.3949, -38.95561 ], [ -71.39464, -38.95626 ], [ -71.39448, -38.95625 ], [ -71.39408, -38.95594 ], [ -71.39394, -38.95598 ], [ -71.39408, -38.95661 ], [ -71.39397, -38.95685 ], [ -71.39407, -38.95701 ], [ -71.39397, -38.95723 ], [ -71.39369, -38.95745 ], [ -71.39373, -38.95762 ], [ -71.39349, -38.95811 ], [ -71.39329, -38.95803 ], [ -71.39304, -38.95754 ], [ -71.39277, -38.95773 ], [ -71.39259, -38.95813 ], [ -71.39238, -38.95828 ], [ -71.39223, -38.95825 ], [ -71.39212, -38.95797 ], [ -71.39199, -38.95791 ], [ -71.39124, -38.95817 ], [ -71.39066, -38.95801 ], [ -71.39051, -38.95807 ], [ -71.39052, -38.95822 ], [ -71.39033, -38.95837 ], [ -71.39014, -38.95842 ], [ -71.38995, -38.95826 ], [ -71.38975, -38.95822 ], [ -71.38952, -38.95851 ], [ -71.38905, -38.9583 ], [ -71.38913, -38.95796 ], [ -71.38892, -38.95774 ], [ -71.38848, -38.95797 ], [ -71.38878, -38.95833 ], [ -71.38875, -38.95849 ], [ -71.3886, -38.95858 ], [ -71.38838, -38.95844 ], [ -71.38806, -38.95846 ], [ -71.38829, -38.95823 ], [ -71.38828, -38.95804 ], [ -71.388, -38.95801 ], [ -71.3878, -38.95789 ], [ -71.38741, -38.95804 ], [ -71.38719, -38.95823 ], [ -71.38704, -38.95824 ], [ -71.38691, -38.95816 ], [ -71.38684, -38.95782 ], [ -71.38656, -38.95771 ], [ -71.38582, -38.95813 ], [ -71.38557, -38.95814 ], [ -71.3853, -38.95802 ], [ -71.38499, -38.95815 ], [ -71.38486, -38.95863 ], [ -71.38459, -38.95883 ], [ -71.38446, -38.95864 ], [ -71.38462, -38.9583 ], [ -71.38446, -38.95817 ], [ -71.38415, -38.95815 ], [ -71.38352, -38.95832 ], [ -71.38351, -38.95847 ], [ -71.38386, -38.95857 ], [ -71.3839, -38.95878 ], [ -71.38381, -38.95885 ], [ -71.38295, -38.95862 ], [ -71.38265, -38.95869 ], [ -71.38252, -38.95876 ], [ -71.38251, -38.95888 ], [ -71.38272, -38.95919 ], [ -71.38273, -38.95944 ], [ -71.38248, -38.95939 ], [ -71.38242, -38.9592 ], [ -71.38231, -38.95916 ], [ -71.38175, -38.95929 ], [ -71.38162, -38.95948 ], [ -71.38135, -38.95947 ], [ -71.3809, -38.95979 ], [ -71.38045, -38.95959 ], [ -71.38029, -38.95969 ], [ -71.38028, -38.95981 ], [ -71.38037, -38.95991 ], [ -71.3803, -38.95998 ], [ -71.37988, -38.95997 ], [ -71.37975, -38.96003 ], [ -71.3797, -38.96012 ], [ -71.37975, -38.96021 ], [ -71.38002, -38.96037 ], [ -71.37965, -38.9607 ], [ -71.37939, -38.96068 ], [ -71.37877, -38.9611 ], [ -71.37837, -38.96095 ], [ -71.37826, -38.96119 ], [ -71.37793, -38.96112 ], [ -71.37791, -38.96124 ], [ -71.37755, -38.96142 ], [ -71.37739, -38.96164 ], [ -71.37696, -38.96178 ], [ -71.37657, -38.96182 ], [ -71.37621, -38.96138 ], [ -71.37572, -38.96129 ], [ -71.37562, -38.96142 ], [ -71.3759, -38.9619 ], [ -71.37578, -38.96198 ], [ -71.37537, -38.96199 ], [ -71.37506, -38.96179 ], [ -71.37513, -38.96144 ], [ -71.37493, -38.96121 ], [ -71.37474, -38.96125 ], [ -71.37463, -38.96156 ], [ -71.37392, -38.96175 ], [ -71.37373, -38.96164 ], [ -71.37386, -38.96138 ], [ -71.37378, -38.96118 ], [ -71.37323, -38.96099 ], [ -71.37313, -38.96105 ], [ -71.37322, -38.96135 ], [ -71.373, -38.96174 ], [ -71.37279, -38.96246 ], [ -71.3723, -38.96261 ], [ -71.37195, -38.96245 ], [ -71.3718, -38.96253 ], [ -71.37109, -38.96352 ], [ -71.37105, -38.96368 ], [ -71.37074, -38.96395 ], [ -71.3705, -38.96401 ], [ -71.36966, -38.96399 ], [ -71.36877, -38.96369 ], [ -71.36862, -38.96373 ], [ -71.36832, -38.96394 ], [ -71.36814, -38.96428 ], [ -71.36784, -38.96441 ], [ -71.36758, -38.96446 ], [ -71.36691, -38.96437 ], [ -71.367, -38.96468 ], [ -71.36744, -38.96508 ], [ -71.36747, -38.96531 ], [ -71.36716, -38.96569 ], [ -71.36691, -38.96587 ], [ -71.36669, -38.96593 ], [ -71.36592, -38.96585 ], [ -71.3654, -38.96591 ] ] } },
{ "type": "Feature", "properties": { "osm_id": 322977506, "nombre": "Sin nombre", "tipo": "stream", "volcan_codigo": "SOL", "volcan_nombre": "Sollipulli", "drena_volcan": false }, "geometry": { "type": "LineString", "coordinates": [ [ -71.39034, -38.90873 ], [ -71.39009, -38.90913 ], [ -71.38987, -38.90924 ], [ -71.38976, -38.90969 ], [ -71.38988, -38.90983 ], [ -71.38982, -38.91007 ], [ -71.39007, -38.91042 ], [ -71.38996, -38.91092 ], [ -71.39006, -38.91116 ], [ -71.39008, -38.91138 ], [ -71.39002, -38.91146 ], [ -71.39016, -38.91181 ], [ -71.39009, -38.91201 ], [ -71.3903, -38.91259 ], [ -71.39015, -38.91285 ], [ -71.39, -38.91346 ], [ -71.39003, -38.91411 ], [ -71.38982, -38.91445 ], [ -71.38993, -38.91484 ], [ -71.38981, -38.91508 ], [ -71.38983, -38.91547 ], [ -71.38999, -38.916 ], [ -71.38997, -38.91629 ], [ -71.38983, -38.91658 ], [ -71.39007, -38.91677 ], [ -71.39019, -38.91706 ], [ -71.39052, -38.91728 ], [ -71.39071, -38.91754 ], [ -71.39079, -38.91786 ], [ -71.39117, -38.91823 ], [ -71.3914, -38.91833 ], [ -71.39145, -38.91871 ], [ -71.39199, -38.9193 ], [ -71.39224, -38.91948 ], [ -71.39292, -38.91939 ], [ -71.39352, -38.92011 ], [ -71.39409, -38.92058 ], [ -71.39466, -38.92087 ], [ -71.39493, -38.92153 ], [ -71.3952, -38.92136 ], [ -71.39557, -38.92158 ], [ -71.39539, -38.92191 ], [ -71.39554, -38.92214 ], [ -71.39625, -38.92223 ], [ -71.39664, -38.92251 ], [ -71.39661, -38.92278 ], [ -71.39702, -38.92287 ], [ -71.39717, -38.92312 ], [ -71.39719, -38.92335 ], [ -71.39741, -38.92367 ], [ -71.39781, -38.92384 ], [ -71.39793, -38.92405 ], [ -71.39752, -38.92486 ], [ -71.39756, -38.9258 ], [ -71.39731, -38.92625 ], [ -71.39743, -38.92665 ], [ -71.39711, -38.92698 ], [ -71.39726, -38.92728 ], [ -71.39697, -38.92745 ], [ -71.39643, -38.92751 ], [ -71.39648, -38.92769 ], [ -71.39643, -38.92803 ], [ -71.39624, -38.92826 ], [ -71.39615, -38.9287 ], [ -71.39571, -38.92888 ], [ -71.39558, -38.92948 ], [ -71.39522, -38.92973 ], [ -71.3951, -38.93017 ], [ -71.39488, -38.93055 ], [ -71.39467, -38.93075 ], [ -71.39484, -38.93121 ], [ -71.39482, -38.93147 ], [ -71.39469, -38.93166 ], [ -71.39446, -38.93175 ], [ -71.3943, -38.93195 ], [ -71.3943, -38.93214 ], [ -71.39452, -38.93262 ], [ -71.39449, -38.93275 ], [ -71.39399, -38.93303 ], [ -71.3941, -38.93314 ], [ -71.39454, -38.93315 ], [ -71.39466, -38.93333 ], [ -71.3946, -38.93379 ], [ -71.39432, -38.93407 ], [ -71.39428, -38.93432 ], [ -71.39439, -38.93441 ], [ -71.3948, -38.9344 ], [ -71.39499, -38.93461 ], [ -71.3949, -38.93539 ], [ -71.39474, -38.93548 ], [ -71.3945, -38.93543 ], [ -71.39414, -38.93559 ], [ -71.39421, -38.93578 ], [ -71.39444, -38.93602 ], [ -71.39472, -38.93613 ], [ -71.39423, -38.93653 ], [ -71.39437, -38.93707 ], [ -71.39428, -38.9377 ], [ -71.39369, -38.93822 ], [ -71.3933, -38.9387 ], [ -71.39338, -38.93895 ], [ -71.39272, -38.93939 ], [ -71.39268, -38.93965 ], [ -71.39289, -38.94003 ], [ -71.39257, -38.94072 ], [ -71.39241, -38.94081 ], [ -71.39206, -38.94071 ], [ -71.39167, -38.9408 ], [ -71.39143, -38.941 ], [ -71.39135, -38.9412 ], [ -71.39108, -38.94119 ], [ -71.39095, -38.94127 ], [ -71.39065, -38.94117 ], [ -71.39045, -38.94121 ], [ -71.39038, -38.94131 ], [ -71.39073, -38.9417 ], [ -71.39062, -38.94193 ], [ -71.39029, -38.94216 ], [ -71.38984, -38.94217 ], [ -71.38977, -38.94238 ], [ -71.38941, -38.9426 ], [ -71.38922, -38.94289 ], [ -71.3893, -38.94308 ], [ -71.38959, -38.94322 ], [ -71.38955, -38.94337 ], [ -71.38879, -38.9437 ], [ -71.38857, -38.94402 ], [ -71.38815, -38.94405 ], [ -71.38789, -38.94438 ], [ -71.38772, -38.94447 ], [ -71.38744, -38.94494 ], [ -71.38648, -38.94565 ], [ -71.38564, -38.94645 ], [ -71.38508, -38.94659 ], [ -71.38341, -38.94779 ], [ -71.38266, -38.94871 ], [ -71.3824, -38.94888 ], [ -71.38197, -38.94894 ], [ -71.38171, -38.94913 ], [ -71.3814, -38.94919 ], [ -71.3814, -38.94936 ], [ -71.38175, -38.94949 ], [ -71.38208, -38.94996 ], [ -71.38189, -38.95016 ], [ -71.3817, -38.95021 ], [ -71.38149, -38.9499 ], [ -71.38129, -38.94995 ], [ -71.3811, -38.95029 ], [ -71.38037, -38.9506 ], [ -71.38037, -38.95082 ], [ -71.38021, -38.95118 ], [ -71.38041, -38.9521 ], [ -71.38032, -38.95231 ], [ -71.38029, -38.95273 ], [ -71.37976, -38.95314 ], [ -71.37968, -38.95329 ], [ -71.37972, -38.9536 ], [ -71.37935, -38.95394 ], [ -71.37964, -38.95436 ], [ -71.37938, -38.95463 ], [ -71.37936, -38.95485 ], [ -71.37972, -38.95514 ], [ -71.37983, -38.95532 ], [ -71.37974, -38.95555 ], [ -71.37976, -38.95584 ], [ -71.37943, -38.95586 ], [ -71.37932, -38.95557 ], [ -71.37916, -38.95551 ], [ -71.37903, -38.95563 ], [ -71.37918, -38.95588 ], [ -71.37911, -38.956 ], [ -71.37872, -38.95622 ], [ -71.37829, -38.95607 ], [ -71.37813, -38.95624 ], [ -71.37766, -38.9564 ], [ -71.37724, -38.95691 ], [ -71.37729, -38.95707 ], [ -71.37709, -38.95719 ], [ -71.37679, -38.95706 ], [ -71.37671, -38.95678 ], [ -71.37654, -38.95664 ], [ -71.37621, -38.95663 ], [ -71.37585, -38.95679 ], [ -71.37557, -38.95699 ], [ -71.37541, -38.95723 ], [ -71.3755, -38.95734 ], [ -71.37598, -38.95731 ], [ -71.37606, -38.95742 ], [ -71.37553, -38.95773 ], [ -71.37494, -38.95768 ], [ -71.37473, -38.9581 ], [ -71.37477, -38.95825 ], [ -71.37545, -38.95831 ], [ -71.37548, -38.95841 ], [ -71.37503, -38.95877 ], [ -71.37497, -38.95891 ], [ -71.37482, -38.95894 ], [ -71.37472, -38.95857 ], [ -71.37409, -38.9586 ], [ -71.37335, -38.95896 ], [ -71.37335, -38.95913 ], [ -71.37362, -38.95933 ], [ -71.37357, -38.95948 ], [ -71.37282, -38.95949 ], [ -71.37244, -38.95937 ], [ -71.37199, -38.95955 ], [ -71.37189, -38.95985 ], [ -71.37205, -38.96031 ], [ -71.37192, -38.96043 ], [ -71.37155, -38.96052 ], [ -71.37185, -38.96112 ], [ -71.37169, -38.96124 ], [ -71.37168, -38.96134 ], [ -71.37174, -38.96142 ], [ -71.37202, -38.96138 ], [ -71.37262, -38.96118 ], [ -71.3729, -38.96124 ], [ -71.37299, -38.96146 ], [ -71.37311, -38.96149 ] ] } },
{ "type": "Feature", "properties": { "osm_id": 322977507, "nombre": "Sin nombre", "tipo": "river", "volcan_codigo": "SOL", "volcan_nombre": "Sollipulli", "drena_volcan": false }, "geometry": { "type": "LineString", "coordinates": [ [ -71.35614, -38.96521 ], [ -71.35575, -38.96514 ], [ -71.35568, -38.96482 ], [ -71.35557, -38.96474 ], [ -71.35557, -38.96434 ], [ -71.35549, -38.96428 ], [ -71.35471, -38.96461 ], [ -71.35378, -38.96467 ], [ -71.35364, -38.96429 ], [ -71.35326, -38.96424 ] ] } },
{ "type": "Feature", "properties": { "osm_id": 322977648, "nombre": "Sin nombre", "tipo": "river", "volcan_codigo": "SOL", "volcan_nombre": "Sollipulli", "drena_volcan": false }, "geometry": { "type": "LineString", "coordinates": [ [ -71.35517, -38.9644 ], [ -71.35503, -38.96461 ], [ -71.35463, -38.96464 ] ] } },
{ "type": "Feature", "properties": { "osm_id": 322977649, "nombre": "Sin nombre", "tipo": "river", "volcan_codigo": "SOL", "volcan_nombre": "Sollipulli", "drena_volcan": false }, "geometry": { "type": "LineString", "coordinates": [ [ -71.3552, -38.96457 ], [ -71.35495, -38.96464 ] ] } },
{ "type": "Feature", "properties": { "osm_id": 333742378, "nombre": "Sin nombre", "tipo": "stream", "volcan_codigo": "SOL", "volcan_nombre": "Sollipulli", "drena_volcan": false }, "geometry": { "type": "LineString", "coordinates": [ [ -71.65296, -38.6541 ], [ -71.6532, -38.65376 ], [ -71.65301, -38.6533 ], [ -71.65329, -38.65308 ], [ -71.65327, -38.65269 ], [ -71.65249, -38.65246 ], [ -71.65191, -38.65213 ], [ -71.6515, -38.65204 ], [ -71.65115, -38.6521 ], [ -71.65053, -38.65194 ], [ -71.65012, -38.65173 ], [ -71.65014, -38.6515 ], [ -71.64954, -38.65134 ], [ -71.649, -38.65133 ], [ -71.64777, -38.65114 ], [ -71.64762, -38.65085 ], [ -71.64727, -38.65054 ], [ -71.64667, -38.65032 ], [ -71.64616, -38.64969 ], [ -71.6457, -38.64936 ], [ -71.64541, -38.64808 ], [ -71.6455, -38.64786 ], [ -71.64539, -38.6478 ], [ -71.64534, -38.64762 ], [ -71.6454, -38.64721 ], [ -71.64551, -38.64715 ], [ -71.64552, -38.64698 ], [ -71.64574, -38.64676 ], [ -71.64591, -38.64629 ], [ -71.64613, -38.646 ], [ -71.64644, -38.64595 ], [ -71.64683, -38.64611 ], [ -71.64719, -38.64595 ], [ -71.6473, -38.64578 ] ] } },
{ "type": "Feature", "properties": { "osm_id": 334869001, "nombre": "Sin nombre", "tipo": "stream", "volcan_codigo": "SOL", "volcan_nombre": "Sollipulli", "drena_volcan": false }, "geometry": { "type": "LineString", "coordinates": [ [ -71.89577, -39.36229 ], [ -71.89268, -39.35695 ], [ -71.89067, -39.3558 ], [ -71.88543, -39.35471 ], [ -71.88105, -39.35274 ], [ -71.87857, -39.35 ], [ -71.87728, -39.34588 ], [ -71.87509, -39.34288 ], [ -71.87249, -39.34023 ], [ -71.87009, -39.33561 ], [ -71.86945, -39.33483 ], [ -71.86917, -39.33327 ], [ -71.86943, -39.33181 ], [ -71.87092, -39.32921 ], [ -71.8761, -39.32063 ], [ -71.87726, -39.31922 ], [ -71.87856, -39.31872 ], [ -71.88032, -39.31781 ], [ -71.88083, -39.31745 ], [ -71.88145, -39.31641 ] ] } },
{ "type": "Feature", "properties": { "osm_id": 334869006, "nombre": "Río Turbio", "tipo": "stream", "volcan_codigo": "SOL", "volcan_nombre": "Sollipulli", "drena_volcan": false }, "geometry": { "type": "LineString", "coordinates": [ [ -71.8629, -39.36913 ], [ -71.86262, -39.36876 ], [ -71.86168, -39.36825 ], [ -71.85992, -39.36636 ], [ -71.85908, -39.364 ], [ -71.85932, -39.3624 ], [ -71.85907, -39.36093 ], [ -71.85777, -39.35917 ], [ -71.85797, -39.35855 ], [ -71.85787, -39.35775 ], [ -71.85852, -39.35702 ], [ -71.85861, -39.3563 ], [ -71.85906, -39.35605 ], [ -71.85977, -39.35603 ], [ -71.86035, -39.35591 ], [ -71.86083, -39.35573 ], [ -71.86095, -39.35558 ], [ -71.86094, -39.35542 ], [ -71.86008, -39.35471 ], [ -71.85908, -39.35079 ], [ -71.85756, -39.34947 ], [ -71.85679, -39.34787 ], [ -71.85654, -39.34706 ], [ -71.85692, -39.34622 ], [ -71.85685, -39.34492 ], [ -71.85625, -39.34229 ], [ -71.85717, -39.34116 ], [ -71.85672, -39.34027 ], [ -71.85565, -39.33678 ], [ -71.85681, -39.33456 ], [ -71.85688, -39.33422 ], [ -71.85741, -39.33369 ] ] } },
{ "type": "Feature", "properties": { "osm_id": 334869017, "nombre": "Río Turbio", "tipo": "stream", "volcan_codigo": "SOL", "volcan_nombre": "Sollipulli", "drena_volcan": false }, "geometry": { "type": "LineString", "coordinates": [ [ -71.89179, -39.39045 ], [ -71.89142, -39.38976 ], [ -71.89143, -39.38957 ], [ -71.89173, -39.38917 ], [ -71.89216, -39.38893 ], [ -71.89243, -39.38863 ], [ -71.89242, -39.38844 ], [ -71.89282, -39.38722 ], [ -71.89324, -39.38666 ], [ -71.89339, -39.38623 ], [ -71.89286, -39.38534 ], [ -71.89169, -39.38471 ], [ -71.89142, -39.38412 ], [ -71.88963, -39.3813 ], [ -71.88972, -39.38091 ], [ -71.88943, -39.38039 ], [ -71.88911, -39.38014 ], [ -71.88913, -39.37993 ], [ -71.88854, -39.37955 ], [ -71.88812, -39.37892 ], [ -71.88726, -39.37808 ], [ -71.88703, -39.37759 ], [ -71.88582, -39.37606 ], [ -71.88516, -39.37557 ], [ -71.88412, -39.37531 ], [ -71.88266, -39.37422 ], [ -71.88172, -39.37317 ], [ -71.88122, -39.37239 ], [ -71.88054, -39.3717 ], [ -71.87905, -39.37139 ], [ -71.87804, -39.37037 ], [ -71.87719, -39.36903 ], [ -71.87526, -39.36778 ], [ -71.87467, -39.36671 ], [ -71.87337, -39.36585 ], [ -71.87187, -39.36509 ], [ -71.87118, -39.36421 ], [ -71.87141, -39.36177 ], [ -71.8705, -39.36043 ], [ -71.86979, -39.35902 ], [ -71.86871, -39.35836 ], [ -71.86767, -39.35806 ], [ -71.8667, -39.35793 ], [ -71.8659, -39.35711 ], [ -71.86556, -39.35693 ], [ -71.86486, -39.35684 ], [ -71.86408, -39.35615 ], [ -71.86315, -39.35467 ], [ -71.8596, -39.3481 ], [ -71.85897, -39.34496 ], [ -71.85835, -39.3427 ], [ -71.85823, -39.33756 ], [ -71.85836, -39.33666 ], [ -71.85818, -39.3356 ], [ -71.85756, -39.3347 ], [ -71.8575, -39.33451 ], [ -71.85772, -39.33406 ], [ -71.85764, -39.33384 ], [ -71.85741, -39.33369 ], [ -71.85764, -39.33246 ], [ -71.8578, -39.3322 ], [ -71.85845, -39.33178 ], [ -71.8586, -39.33157 ], [ -71.85853, -39.33114 ], [ -71.85869, -39.33069 ], [ -71.8591, -39.33032 ], [ -71.85935, -39.32986 ], [ -71.85924, -39.32811 ], [ -71.85941, -39.32776 ], [ -71.85955, -39.3272 ], [ -71.85979, -39.32695 ], [ -71.85992, -39.3266 ], [ -71.86065, -39.32584 ], [ -71.86084, -39.32555 ], [ -71.8618, -39.32507 ], [ -71.86276, -39.32491 ], [ -71.86314, -39.32472 ], [ -71.86349, -39.32411 ], [ -71.86359, -39.32356 ], [ -71.86392, -39.32308 ], [ -71.86433, -39.32272 ], [ -71.86507, -39.32238 ], [ -71.86562, -39.32234 ], [ -71.86621, -39.32198 ], [ -71.86626, -39.32062 ], [ -71.86616, -39.31921 ], [ -71.86627, -39.31882 ], [ -71.867, -39.31803 ], [ -71.86711, -39.31775 ], [ -71.86747, -39.3173 ], [ -71.86762, -39.31718 ], [ -71.86797, -39.31717 ], [ -71.86847, -39.317 ], [ -71.86867, -39.31685 ], [ -71.86911, -39.31623 ], [ -71.87029, -39.31515 ], [ -71.87041, -39.31498 ], [ -71.87034, -39.31444 ], [ -71.87076, -39.31415 ], [ -71.87104, -39.31366 ], [ -71.87157, -39.31345 ], [ -71.87217, -39.31277 ], [ -71.8733, -39.31191 ], [ -71.87414, -39.31145 ], [ -71.87457, -39.31111 ], [ -71.87502, -39.3106 ], [ -71.8759, -39.3102 ], [ -71.87669, -39.30956 ], [ -71.87732, -39.30921 ], [ -71.8776, -39.3087 ], [ -71.87813, -39.30839 ], [ -71.87851, -39.30835 ], [ -71.87989, -39.30844 ], [ -71.8807, -39.30815 ], [ -71.88109, -39.3079 ], [ -71.88195, -39.30755 ], [ -71.88224, -39.30707 ], [ -71.8823, -39.30642 ], [ -71.88301, -39.30526 ], [ -71.88371, -39.30483 ], [ -71.88432, -39.30417 ], [ -71.88484, -39.30398 ], [ -71.88524, -39.30372 ] ] } },
{ "type": "Feature", "properties": { "osm_id": 339559735, "nombre": "Sin nombre", "tipo": "stream", "volcan_codigo": "SOL", "volcan_nombre": "Sollipulli", "drena_volcan": true }, "geometry": { "type": "LineString", "coordinates": [ [ -71.45599, -38.97052 ], [ -71.45513, -38.9704 ], [ -71.45369, -38.97049 ], [ -71.45363, -38.97019 ], [ -71.45262, -38.96982 ], [ -71.45197, -38.9694 ], [ -71.45148, -38.96927 ], [ -71.45131, -38.96912 ], [ -71.45086, -38.96847 ], [ -71.45084, -38.96795 ], [ -71.45058, -38.96733 ], [ -71.4506, -38.96652 ], [ -71.45045, -38.96627 ], [ -71.44985, -38.96575 ], [ -71.44991, -38.96505 ], [ -71.44944, -38.96468 ], [ -71.44937, -38.96451 ], [ -71.4494, -38.9641 ], [ -71.44966, -38.9635 ], [ -71.4495, -38.96301 ], [ -71.44956, -38.96274 ], [ -71.44982, -38.96232 ], [ -71.45033, -38.96206 ], [ -71.45067, -38.96178 ], [ -71.45067, -38.96115 ], [ -71.45047, -38.96077 ], [ -71.45025, -38.96055 ], [ -71.45036, -38.95963 ], [ -71.45015, -38.95884 ], [ -71.45034, -38.95853 ], [ -71.45032, -38.95832 ], [ -71.45017, -38.95815 ], [ -71.45011, -38.95792 ], [ -71.44987, -38.95775 ], [ -71.44979, -38.95751 ], [ -71.44985, -38.95689 ], [ -71.44958, -38.95602 ], [ -71.44931, -38.95565 ], [ -71.44916, -38.95506 ], [ -71.44867, -38.95436 ], [ -71.44846, -38.9539 ], [ -71.44783, -38.95352 ], [ -71.44769, -38.95334 ], [ -71.44778, -38.95314 ], [ -71.44777, -38.95244 ], [ -71.44754, -38.95214 ], [ -71.44734, -38.95125 ], [ -71.44673, -38.95058 ], [ -71.44665, -38.95031 ], [ -71.44695, -38.94969 ], [ -71.44759, -38.94909 ], [ -71.44751, -38.94845 ], [ -71.44777, -38.94791 ], [ -71.44947, -38.94651 ], [ -71.44962, -38.94578 ], [ -71.45032, -38.94554 ], [ -71.45093, -38.9451 ], [ -71.45123, -38.94503 ], [ -71.45152, -38.94472 ], [ -71.4516, -38.94442 ], [ -71.45225, -38.94422 ], [ -71.45266, -38.94421 ], [ -71.45318, -38.94457 ], [ -71.45386, -38.94457 ], [ -71.45441, -38.94392 ], [ -71.45461, -38.94337 ], [ -71.4553, -38.94325 ], [ -71.45651, -38.94213 ], [ -71.45688, -38.94147 ], [ -71.45742, -38.94146 ], [ -71.4578, -38.9413 ], [ -71.45866, -38.94061 ], [ -71.45888, -38.93993 ], [ -71.45987, -38.93943 ], [ -71.45994, -38.93831 ], [ -71.46002, -38.93807 ], [ -71.46031, -38.93788 ], [ -71.46039, -38.9377 ], [ -71.46046, -38.93686 ], [ -71.46137, -38.93592 ], [ -71.46112, -38.93542 ], [ -71.46116, -38.93511 ], [ -71.46157, -38.9346 ], [ -71.46162, -38.93441 ], [ -71.46155, -38.93406 ], [ -71.46137, -38.93377 ], [ -71.46143, -38.93351 ], [ -71.46178, -38.93321 ], [ -71.46226, -38.93303 ], [ -71.46245, -38.9328 ], [ -71.46248, -38.93257 ], [ -71.46263, -38.93237 ], [ -71.4633, -38.93206 ], [ -71.46368, -38.93137 ], [ -71.46365, -38.93114 ], [ -71.46314, -38.93073 ], [ -71.46305, -38.93052 ], [ -71.46312, -38.93026 ], [ -71.46385, -38.9299 ], [ -71.46589, -38.92925 ], [ -71.46673, -38.92838 ], [ -71.46744, -38.92813 ], [ -71.46834, -38.92797 ], [ -71.46883, -38.92748 ], [ -71.46933, -38.92725 ], [ -71.46952, -38.92718 ], [ -71.47085, -38.92722 ], [ -71.47126, -38.92715 ], [ -71.47158, -38.92675 ], [ -71.47278, -38.9261 ], [ -71.47443, -38.92648 ], [ -71.47499, -38.9264 ], [ -71.47517, -38.92601 ], [ -71.47564, -38.92541 ], [ -71.47591, -38.92412 ], [ -71.47618, -38.92405 ], [ -71.47657, -38.92417 ], [ -71.47684, -38.92415 ], [ -71.47717, -38.92391 ], [ -71.47766, -38.92328 ], [ -71.47867, -38.92276 ], [ -71.4792, -38.92266 ], [ -71.47995, -38.92276 ], [ -71.48077, -38.92272 ], [ -71.48132, -38.92293 ], [ -71.48146, -38.92291 ], [ -71.4816, -38.92282 ], [ -71.4817, -38.9226 ], [ -71.4828, -38.92242 ], [ -71.48303, -38.92228 ], [ -71.4839, -38.92157 ], [ -71.48437, -38.92106 ], [ -71.4849, -38.92111 ], [ -71.48555, -38.92136 ], [ -71.4855, -38.92087 ], [ -71.48588, -38.92055 ], [ -71.48634, -38.92041 ], [ -71.48722, -38.92034 ], [ -71.48755, -38.92019 ], [ -71.48794, -38.91996 ], [ -71.48831, -38.91945 ], [ -71.48863, -38.91919 ], [ -71.4891, -38.91899 ], [ -71.4912, -38.91868 ], [ -71.4914, -38.91754 ], [ -71.49179, -38.91686 ], [ -71.49228, -38.9164 ], [ -71.49337, -38.91573 ], [ -71.49362, -38.91515 ], [ -71.49549, -38.91302 ], [ -71.49531, -38.9124 ], [ -71.49557, -38.91151 ], [ -71.49573, -38.91131 ], [ -71.49619, -38.91117 ], [ -71.49646, -38.91039 ], [ -71.49713, -38.91026 ], [ -71.49777, -38.90996 ], [ -71.49795, -38.90976 ], [ -71.49812, -38.90918 ], [ -71.4985, -38.90902 ], [ -71.49901, -38.90894 ], [ -71.49952, -38.90902 ], [ -71.49973, -38.90927 ], [ -71.49993, -38.90933 ], [ -71.50086, -38.90912 ], [ -71.50169, -38.90918 ] ] } },
{ "type": "Feature", "properties": { "osm_id": 360974150, "nombre": "Río Allipén", "tipo": "river", "volcan_codigo": "SOL", "volcan_nombre": "Sollipulli", "drena_volcan": true }, "geometry": { "type": "LineString", "coordinates": [ [ -71.85245, -38.88287 ], [ -71.85254, -38.88314 ], [ -71.85272, -38.8833 ], [ -71.8546, -38.88446 ], [ -71.85731, -38.88641 ], [ -71.85863, -38.88721 ], [ -71.85953, -38.88753 ], [ -71.86187, -38.88793 ], [ -71.86451, -38.88897 ], [ -71.8668, -38.88935 ], [ -71.86795, -38.88943 ], [ -71.86893, -38.8891 ], [ -71.86973, -38.88869 ], [ -71.8706, -38.88855 ], [ -71.8739, -38.88922 ], [ -71.87587, -38.88989 ], [ -71.87645, -38.89029 ], [ -71.87691, -38.89085 ], [ -71.87702, -38.89144 ], [ -71.87687, -38.89229 ], [ -71.87835, -38.8934 ], [ -71.87891, -38.89363 ], [ -71.88022, -38.8938 ], [ -71.88129, -38.89404 ], [ -71.88386, -38.89493 ], [ -71.88438, -38.89525 ], [ -71.88453, -38.89543 ], [ -71.88494, -38.89655 ], [ -71.8851, -38.89679 ], [ -71.88548, -38.8971 ], [ -71.88623, -38.89752 ], [ -71.88876, -38.8985 ], [ -71.88993, -38.89941 ], [ -71.89075, -38.89992 ], [ -71.8914, -38.90008 ], [ -71.89217, -38.90003 ], [ -71.89253, -38.89981 ], [ -71.89338, -38.89907 ], [ -71.89421, -38.89874 ], [ -71.89469, -38.89875 ], [ -71.89538, -38.89906 ], [ -71.896, -38.89953 ], [ -71.89623, -38.89979 ], [ -71.89659, -38.90046 ], [ -71.89682, -38.90137 ], [ -71.89723, -38.90458 ], [ -71.89746, -38.90536 ], [ -71.8978, -38.90606 ], [ -71.89792, -38.90626 ], [ -71.89825, -38.90656 ], [ -71.89926, -38.90692 ], [ -71.89976, -38.90729 ], [ -71.90006, -38.90772 ], [ -71.90035, -38.90853 ], [ -71.90067, -38.90969 ], [ -71.90079, -38.91055 ], [ -71.90057, -38.91183 ], [ -71.89987, -38.91377 ], [ -71.89995, -38.91429 ], [ -71.90019, -38.9145 ], [ -71.90142, -38.91487 ], [ -71.9021, -38.91499 ], [ -71.90426, -38.91528 ], [ -71.90526, -38.9153 ], [ -71.90653, -38.91512 ], [ -71.90816, -38.91477 ], [ -71.91176, -38.91365 ], [ -71.91333, -38.91324 ], [ -71.91496, -38.91314 ], [ -71.91585, -38.91329 ], [ -71.91636, -38.91357 ], [ -71.91681, -38.91418 ], [ -71.91696, -38.9151 ], [ -71.9167, -38.9161 ], [ -71.91619, -38.91684 ], [ -71.91561, -38.91718 ], [ -71.91504, -38.91737 ], [ -71.91297, -38.91772 ], [ -71.91003, -38.91841 ], [ -71.90949, -38.91864 ], [ -71.90917, -38.91888 ], [ -71.909, -38.91952 ], [ -71.90911, -38.92068 ], [ -71.90907, -38.92108 ], [ -71.90889, -38.92212 ], [ -71.9086, -38.92315 ], [ -71.90859, -38.92353 ], [ -71.90878, -38.92424 ], [ -71.90961, -38.92565 ], [ -71.91047, -38.92633 ], [ -71.91185, -38.92695 ], [ -71.91265, -38.92708 ], [ -71.9134, -38.9271 ], [ -71.91574, -38.92694 ], [ -71.91657, -38.92672 ], [ -71.91756, -38.92623 ], [ -71.91835, -38.9257 ], [ -71.92, -38.92424 ], [ -71.92045, -38.92396 ], [ -71.92134, -38.92361 ], [ -71.92228, -38.92344 ], [ -71.92324, -38.92347 ], [ -71.92396, -38.92366 ], [ -71.92473, -38.92428 ], [ -71.92511, -38.92482 ], [ -71.92518, -38.92525 ], [ -71.92511, -38.92581 ], [ -71.92464, -38.9276 ], [ -71.92386, -38.9291 ], [ -71.92302, -38.93023 ], [ -71.92209, -38.9319 ], [ -71.92137, -38.93295 ], [ -71.9204, -38.93405 ], [ -71.92024, -38.93433 ], [ -71.92011, -38.93461 ], [ -71.91997, -38.93579 ], [ -71.91967, -38.93684 ], [ -71.91877, -38.93847 ], [ -71.91847, -38.93919 ], [ -71.91838, -38.9398 ], [ -71.91843, -38.94026 ], [ -71.91861, -38.94064 ], [ -71.91917, -38.94113 ], [ -71.9204, -38.94175 ], [ -71.92241, -38.94212 ], [ -71.92436, -38.94275 ], [ -71.92564, -38.94331 ], [ -71.92767, -38.94487 ], [ -71.92803, -38.9454 ], [ -71.92841, -38.94625 ], [ -71.92875, -38.94661 ], [ -71.92904, -38.94678 ], [ -71.92955, -38.94692 ], [ -71.93045, -38.94703 ], [ -71.93167, -38.94698 ], [ -71.93242, -38.94703 ], [ -71.93284, -38.9471 ], [ -71.93388, -38.94744 ], [ -71.93436, -38.94772 ], [ -71.93523, -38.94845 ], [ -71.93674, -38.95049 ], [ -71.93714, -38.95082 ], [ -71.93752, -38.95093 ], [ -71.93862, -38.95081 ], [ -71.93954, -38.95045 ], [ -71.93988, -38.95024 ], [ -71.94046, -38.9497 ], [ -71.94075, -38.94917 ], [ -71.94082, -38.94815 ], [ -71.94153, -38.94734 ], [ -71.94231, -38.94629 ], [ -71.94283, -38.94532 ], [ -71.94343, -38.94349 ], [ -71.94373, -38.94306 ], [ -71.94419, -38.94267 ], [ -71.9449, -38.94237 ], [ -71.94639, -38.94221 ], [ -71.94672, -38.94209 ], [ -71.94753, -38.94156 ], [ -71.9481, -38.94104 ], [ -71.94857, -38.94079 ], [ -71.949, -38.94079 ], [ -71.94989, -38.941 ], [ -71.95193, -38.941 ], [ -71.95282, -38.94116 ], [ -71.95456, -38.9423 ], [ -71.95476, -38.94247 ], [ -71.95503, -38.94298 ], [ -71.95514, -38.9457 ], [ -71.95549, -38.94753 ], [ -71.95542, -38.94862 ], [ -71.95503, -38.95044 ], [ -71.95506, -38.95118 ], [ -71.95524, -38.95146 ], [ -71.95564, -38.95167 ], [ -71.9563, -38.95183 ], [ -71.95699, -38.95184 ], [ -71.95772, -38.95165 ], [ -71.95852, -38.95126 ], [ -71.95915, -38.95084 ], [ -71.96132, -38.94913 ], [ -71.96206, -38.94901 ], [ -71.96262, -38.94912 ], [ -71.96337, -38.94948 ], [ -71.96416, -38.9501 ], [ -71.96523, -38.95145 ], [ -71.96563, -38.95215 ], [ -71.96565, -38.95254 ], [ -71.96546, -38.95292 ], [ -71.9647, -38.95366 ], [ -71.96387, -38.95484 ], [ -71.96327, -38.95554 ], [ -71.96179, -38.95691 ], [ -71.96132, -38.95752 ], [ -71.96099, -38.9585 ], [ -71.96075, -38.95978 ], [ -71.96085, -38.96042 ], [ -71.96113, -38.96089 ], [ -71.96155, -38.96116 ], [ -71.96229, -38.96147 ], [ -71.96558, -38.96221 ], [ -71.96672, -38.96277 ], [ -71.96842, -38.96283 ], [ -71.96903, -38.96297 ], [ -71.96924, -38.9631 ], [ -71.96947, -38.9635 ], [ -71.96916, -38.96458 ], [ -71.96935, -38.96597 ], [ -71.96962, -38.96651 ], [ -71.96979, -38.9667 ], [ -71.97018, -38.9669 ], [ -71.9709, -38.96692 ], [ -71.97311, -38.96617 ], [ -71.97367, -38.96608 ], [ -71.97512, -38.96617 ], [ -71.9771, -38.96601 ], [ -71.97767, -38.96607 ], [ -71.97831, -38.96636 ], [ -71.9788, -38.96676 ], [ -71.98101, -38.96992 ], [ -71.9816, -38.97048 ], [ -71.9824, -38.971 ], [ -71.9833, -38.97119 ], [ -71.98481, -38.97126 ], [ -71.98676, -38.97077 ], [ -71.98737, -38.97069 ], [ -71.98801, -38.97077 ], [ -71.98868, -38.97102 ], [ -71.98913, -38.97133 ], [ -71.98932, -38.97155 ], [ -71.98947, -38.97185 ], [ -71.98955, -38.97235 ], [ -71.98938, -38.97336 ], [ -71.98853, -38.97513 ], [ -71.98834, -38.97603 ], [ -71.98837, -38.97633 ], [ -71.98855, -38.9768 ], [ -71.98871, -38.97703 ], [ -71.98913, -38.97733 ], [ -71.99001, -38.97755 ], [ -71.99066, -38.97751 ], [ -71.99124, -38.97732 ], [ -71.99194, -38.97673 ], [ -71.9923, -38.97611 ], [ -71.99254, -38.97534 ], [ -71.99263, -38.9744 ], [ -71.99247, -38.97261 ], [ -71.99252, -38.97174 ], [ -71.99269, -38.97122 ], [ -71.99293, -38.97077 ], [ -71.99323, -38.97047 ], [ -71.99392, -38.97028 ], [ -71.995, -38.96967 ], [ -71.9955, -38.96961 ], [ -71.99618, -38.96977 ], [ -71.99673, -38.97004 ], [ -71.99723, -38.97071 ], [ -71.99731, -38.97086 ], [ -71.99731, -38.97131 ], [ -71.99677, -38.97231 ], [ -71.9967, -38.97268 ], [ -71.99676, -38.9732 ], [ -71.99734, -38.97403 ], [ -71.99839, -38.97516 ], [ -71.99926, -38.97581 ], [ -71.99996, -38.97603 ], [ -72.00287, -38.97613 ], [ -72.00365, -38.97625 ], [ -72.00438, -38.97653 ], [ -72.00482, -38.9769 ], [ -72.00498, -38.97738 ], [ -72.00505, -38.97822 ], [ -72.00524, -38.97861 ], [ -72.0057, -38.97915 ], [ -72.0062, -38.97937 ], [ -72.00668, -38.97938 ], [ -72.00707, -38.97927 ], [ -72.00846, -38.97847 ], [ -72.01258, -38.97756 ], [ -72.01325, -38.97755 ], [ -72.01356, -38.97764 ], [ -72.01371, -38.97782 ], [ -72.01385, -38.9784 ], [ -72.01411, -38.97867 ], [ -72.01516, -38.97892 ], [ -72.01578, -38.97893 ], [ -72.01714, -38.97806 ], [ -72.01876, -38.97675 ], [ -72.01932, -38.97651 ], [ -72.01984, -38.97644 ], [ -72.02057, -38.97647 ], [ -72.02112, -38.9766 ], [ -72.02344, -38.97785 ], [ -72.02461, -38.97791 ] ] } },
{ "type": "Feature", "properties": { "osm_id": 360974151, "nombre": "Río Cherquén", "tipo": "river", "volcan_codigo": "SOL", "volcan_nombre": "Sollipulli", "drena_volcan": false }, "geometry": { "type": "LineString", "coordinates": [ [ -71.79643, -38.89074 ], [ -71.7975, -38.89068 ], [ -71.79797, -38.89106 ], [ -71.79855, -38.89126 ], [ -71.79935, -38.89113 ], [ -71.79961, -38.89036 ], [ -71.79963, -38.88995 ], [ -71.79999, -38.88983 ], [ -71.8008, -38.89 ], [ -71.80179, -38.88942 ], [ -71.80243, -38.88866 ], [ -71.80398, -38.88812 ], [ -71.80406, -38.88756 ], [ -71.80476, -38.88691 ], [ -71.80613, -38.88668 ], [ -71.80717, -38.88612 ], [ -71.80661, -38.88548 ], [ -71.80685, -38.88425 ], [ -71.80745, -38.88351 ], [ -71.80814, -38.88238 ], [ -71.80837, -38.88168 ], [ -71.80806, -38.88064 ], [ -71.80784, -38.87924 ], [ -71.80834, -38.8784 ], [ -71.80884, -38.87809 ], [ -71.80904, -38.8767 ], [ -71.80844, -38.87603 ], [ -71.80836, -38.87568 ], [ -71.80898, -38.87513 ], [ -71.80896, -38.87466 ], [ -71.80913, -38.87419 ] ] } },
{ "type": "Feature", "properties": { "osm_id": 360974152, "nombre": "Río Llaima", "tipo": "river", "volcan_codigo": "SOL", "volcan_nombre": "Sollipulli", "drena_volcan": false }, "geometry": { "type": "LineString", "coordinates": [ [ -71.80913, -38.87419 ], [ -71.80983, -38.87461 ], [ -71.81077, -38.8749 ], [ -71.81198, -38.87474 ], [ -71.81295, -38.8751 ], [ -71.81331, -38.87566 ], [ -71.81347, -38.87625 ], [ -71.8142, -38.87628 ], [ -71.8148, -38.87673 ], [ -71.81473, -38.87699 ], [ -71.81434, -38.87728 ], [ -71.814, -38.87769 ], [ -71.81421, -38.87809 ], [ -71.81477, -38.87831 ], [ -71.81545, -38.87806 ], [ -71.81628, -38.87867 ], [ -71.81643, -38.87892 ], [ -71.81589, -38.87928 ], [ -71.81515, -38.87935 ], [ -71.81418, -38.87964 ], [ -71.81365, -38.88012 ], [ -71.81358, -38.8804 ], [ -71.81362, -38.88068 ], [ -71.81378, -38.88091 ], [ -71.81435, -38.88139 ], [ -71.81557, -38.8819 ], [ -71.81625, -38.88186 ], [ -71.81765, -38.88103 ], [ -71.81802, -38.88072 ], [ -71.81836, -38.88074 ], [ -71.8189, -38.88093 ], [ -71.82079, -38.88197 ], [ -71.82154, -38.88203 ], [ -71.82287, -38.88137 ], [ -71.82399, -38.88025 ], [ -71.82516, -38.87995 ], [ -71.82537, -38.88009 ], [ -71.82534, -38.88037 ], [ -71.82547, -38.88058 ], [ -71.82596, -38.8807 ], [ -71.82613, -38.88103 ], [ -71.82671, -38.88126 ], [ -71.82733, -38.88169 ], [ -71.82841, -38.88221 ], [ -71.82844, -38.88239 ], [ -71.82807, -38.88307 ], [ -71.82806, -38.8832 ], [ -71.82823, -38.88332 ], [ -71.83202, -38.88265 ], [ -71.83306, -38.88306 ], [ -71.83431, -38.88337 ], [ -71.83513, -38.88315 ], [ -71.8365, -38.8823 ], [ -71.83887, -38.88169 ], [ -71.83946, -38.8817 ], [ -71.83986, -38.88181 ], [ -71.83996, -38.88197 ], [ -71.83984, -38.88214 ], [ -71.83982, -38.8826 ], [ -71.83997, -38.88289 ], [ -71.8403, -38.88313 ], [ -71.84074, -38.88326 ], [ -71.84129, -38.88313 ], [ -71.84204, -38.88207 ], [ -71.84251, -38.88191 ], [ -71.84301, -38.88195 ], [ -71.84336, -38.88215 ], [ -71.84462, -38.8833 ], [ -71.84491, -38.88339 ], [ -71.84581, -38.88313 ], [ -71.84647, -38.88272 ], [ -71.84805, -38.88282 ], [ -71.84994, -38.88279 ], [ -71.85245, -38.88287 ] ] } },
{ "type": "Feature", "properties": { "osm_id": 368191134, "nombre": "Río Tuetué", "tipo": "stream", "volcan_codigo": "SOL", "volcan_nombre": "Sollipulli", "drena_volcan": false }, "geometry": { "type": "LineString", "coordinates": [ [ -71.07773, -38.75357 ], [ -71.0792, -38.7533 ], [ -71.08047, -38.75251 ], [ -71.08142, -38.75222 ], [ -71.0819, -38.75195 ], [ -71.08277, -38.7517 ], [ -71.08327, -38.75146 ], [ -71.08374, -38.75095 ], [ -71.0844, -38.75059 ], [ -71.08507, -38.74989 ], [ -71.08595, -38.74939 ], [ -71.08647, -38.7487 ], [ -71.08679, -38.7484 ] ] } },
{ "type": "Feature", "properties": { "osm_id": 368191135, "nombre": "Río Tuetué", "tipo": "stream", "volcan_codigo": "SOL", "volcan_nombre": "Sollipulli", "drena_volcan": false }, "geometry": { "type": "LineString", "coordinates": [ [ -71.08679, -38.7484 ], [ -71.0869, -38.74807 ], [ -71.08672, -38.74683 ], [ -71.08683, -38.74656 ], [ -71.08708, -38.74638 ], [ -71.08793, -38.74607 ], [ -71.08822, -38.74577 ], [ -71.08831, -38.74538 ], [ -71.08885, -38.74425 ], [ -71.08941, -38.74369 ], [ -71.08955, -38.74337 ], [ -71.08933, -38.74283 ], [ -71.08943, -38.74255 ], [ -71.08967, -38.74225 ], [ -71.09022, -38.74227 ], [ -71.09062, -38.74207 ], [ -71.09099, -38.74214 ], [ -71.09106, -38.74208 ], [ -71.09104, -38.74168 ], [ -71.09095, -38.74152 ], [ -71.09089, -38.74114 ], [ -71.09081, -38.74103 ], [ -71.09067, -38.74102 ], [ -71.09062, -38.74076 ], [ -71.09025, -38.74044 ], [ -71.09031, -38.74029 ], [ -71.09028, -38.73982 ], [ -71.09081, -38.73934 ], [ -71.09148, -38.73907 ], [ -71.09175, -38.73877 ], [ -71.09188, -38.73822 ], [ -71.09167, -38.73786 ], [ -71.09137, -38.73763 ], [ -71.09123, -38.73727 ], [ -71.09126, -38.73712 ], [ -71.09148, -38.73694 ], [ -71.09173, -38.73652 ], [ -71.09178, -38.73628 ], [ -71.09129, -38.73587 ], [ -71.09142, -38.73562 ], [ -71.09081, -38.73558 ], [ -71.09077, -38.73548 ], [ -71.09059, -38.73545 ], [ -71.09059, -38.73529 ], [ -71.09038, -38.73521 ], [ -71.09036, -38.735 ], [ -71.09002, -38.73507 ], [ -71.08981, -38.73482 ], [ -71.08995, -38.73461 ], [ -71.09042, -38.73458 ], [ -71.09052, -38.73433 ], [ -71.0905, -38.7338 ], [ -71.09103, -38.73342 ], [ -71.09103, -38.73324 ], [ -71.09077, -38.73291 ], [ -71.09082, -38.73257 ], [ -71.0909, -38.73245 ], [ -71.09141, -38.73233 ], [ -71.09179, -38.7319 ], [ -71.0917, -38.7317 ], [ -71.09174, -38.73158 ], [ -71.09227, -38.73135 ], [ -71.09247, -38.73093 ], [ -71.09259, -38.73021 ], [ -71.09255, -38.73002 ], [ -71.09262, -38.72988 ], [ -71.09307, -38.72943 ], [ -71.09316, -38.72912 ], [ -71.09411, -38.7286 ], [ -71.0946, -38.72818 ], [ -71.09461, -38.72802 ], [ -71.09442, -38.72785 ], [ -71.09441, -38.72773 ], [ -71.09451, -38.72765 ], [ -71.09502, -38.72763 ], [ -71.09584, -38.72687 ], [ -71.09596, -38.72662 ], [ -71.0963, -38.72666 ], [ -71.09638, -38.72657 ], [ -71.09656, -38.72658 ], [ -71.09696, -38.72638 ], [ -71.09734, -38.7259 ], [ -71.09734, -38.72557 ] ] } },
{ "type": "Feature", "properties": { "osm_id": 368191136, "nombre": "Río Tuetué", "tipo": "stream", "volcan_codigo": "SOL", "volcan_nombre": "Sollipulli", "drena_volcan": false }, "geometry": { "type": "LineString", "coordinates": [ [ -71.09734, -38.72557 ], [ -71.0979, -38.72533 ], [ -71.0982, -38.72541 ], [ -71.09825, -38.72525 ], [ -71.0984, -38.72521 ], [ -71.09839, -38.72506 ], [ -71.09852, -38.72489 ], [ -71.09913, -38.72481 ], [ -71.09929, -38.72427 ], [ -71.09957, -38.72431 ], [ -71.09974, -38.72398 ], [ -71.09994, -38.72407 ], [ -71.10014, -38.72403 ], [ -71.10014, -38.72392 ], [ -71.09997, -38.72369 ], [ -71.10014, -38.72354 ], [ -71.10041, -38.72352 ], [ -71.10051, -38.72365 ], [ -71.10056, -38.72363 ], [ -71.1007, -38.72348 ], [ -71.10084, -38.72347 ], [ -71.10088, -38.72331 ], [ -71.10117, -38.72307 ], [ -71.10134, -38.72313 ], [ -71.10147, -38.72335 ], [ -71.10169, -38.72337 ], [ -71.10174, -38.72318 ], [ -71.10304, -38.72269 ], [ -71.10334, -38.72242 ], [ -71.10362, -38.72239 ], [ -71.10357, -38.72199 ], [ -71.10374, -38.72172 ], [ -71.10403, -38.72166 ], [ -71.10444, -38.72176 ], [ -71.10463, -38.72143 ], [ -71.10484, -38.72124 ], [ -71.1054, -38.72105 ], [ -71.10543, -38.72082 ], [ -71.1056, -38.72072 ], [ -71.10543, -38.72071 ], [ -71.10544, -38.72058 ], [ -71.10524, -38.72064 ], [ -71.10491, -38.72042 ], [ -71.10536, -38.72011 ], [ -71.10532, -38.71938 ], [ -71.10548, -38.71921 ], [ -71.10572, -38.71938 ], [ -71.10633, -38.71909 ], [ -71.1065, -38.71875 ], [ -71.10698, -38.71853 ], [ -71.1075, -38.71797 ], [ -71.1076, -38.71777 ], [ -71.10759, -38.71749 ], [ -71.10801, -38.71707 ], [ -71.10891, -38.71661 ], [ -71.1092, -38.71659 ], [ -71.10936, -38.71641 ], [ -71.10935, -38.71625 ], [ -71.10961, -38.71634 ], [ -71.10976, -38.71629 ], [ -71.10978, -38.71619 ], [ -71.10964, -38.71603 ], [ -71.10966, -38.71553 ], [ -71.1095, -38.71501 ] ] } },
{ "type": "Feature", "properties": { "osm_id": 372723148, "nombre": "Río Claro", "tipo": "river", "volcan_codigo": "SOL", "volcan_nombre": "Sollipulli", "drena_volcan": false }, "geometry": { "type": "LineString", "coordinates": [ [ -71.93523, -39.28968 ], [ -71.93539, -39.28939 ], [ -71.93561, -39.28865 ], [ -71.93561, -39.28842 ], [ -71.93518, -39.28771 ], [ -71.93523, -39.28753 ], [ -71.93653, -39.28714 ], [ -71.93693, -39.28678 ], [ -71.9381, -39.28611 ], [ -71.93821, -39.28587 ], [ -71.93813, -39.28546 ], [ -71.93793, -39.28505 ], [ -71.93863, -39.2837 ], [ -71.93931, -39.28285 ], [ -71.93922, -39.28258 ], [ -71.93922, -39.28223 ], [ -71.93987, -39.28211 ], [ -71.94131, -39.28159 ], [ -71.94146, -39.28143 ], [ -71.94147, -39.28133 ], [ -71.94066, -39.28023 ], [ -71.94106, -39.27939 ], [ -71.94149, -39.27906 ], [ -71.9426, -39.27851 ], [ -71.94334, -39.2784 ], [ -71.94358, -39.27819 ], [ -71.94367, -39.27759 ], [ -71.94352, -39.2771 ], [ -71.94361, -39.27691 ], [ -71.94357, -39.2766 ], [ -71.94436, -39.2755 ], [ -71.94444, -39.27503 ], [ -71.94422, -39.27441 ], [ -71.9443, -39.27381 ], [ -71.94479, -39.27337 ], [ -71.94514, -39.27322 ], [ -71.9455, -39.27218 ], [ -71.9478, -39.27119 ], [ -71.9482, -39.27091 ], [ -71.94847, -39.27043 ], [ -71.94881, -39.26927 ], [ -71.94903, -39.26735 ], [ -71.94942, -39.26581 ], [ -71.95004, -39.26552 ], [ -71.95121, -39.26561 ], [ -71.9517, -39.26539 ], [ -71.95377, -39.26362 ], [ -71.95403, -39.26334 ], [ -71.95435, -39.26262 ], [ -71.95473, -39.26238 ], [ -71.95533, -39.26226 ], [ -71.95664, -39.26207 ], [ -71.95739, -39.26205 ], [ -71.95768, -39.26191 ], [ -71.95768, -39.26156 ], [ -71.95838, -39.26053 ], [ -71.95928, -39.2604 ], [ -71.9601, -39.26005 ], [ -71.96096, -39.25947 ], [ -71.96147, -39.25943 ], [ -71.96183, -39.25965 ], [ -71.96241, -39.2598 ], [ -71.96328, -39.25956 ], [ -71.96452, -39.26014 ], [ -71.96508, -39.26018 ], [ -71.9656, -39.26009 ], [ -71.96608, -39.25985 ], [ -71.96644, -39.25929 ], [ -71.96726, -39.25907 ], [ -71.96769, -39.25848 ], [ -71.96875, -39.25804 ], [ -71.96909, -39.25766 ], [ -71.9692, -39.25735 ], [ -71.96945, -39.25715 ], [ -71.96972, -39.25708 ], [ -71.97152, -39.25713 ], [ -71.97177, -39.2572 ], [ -71.97227, -39.25756 ], [ -71.97309, -39.25793 ], [ -71.9738, -39.25784 ], [ -71.9748, -39.25799 ] ] } },
{ "type": "Feature", "properties": { "osm_id": 386047755, "nombre": "Sin nombre", "tipo": "stream", "volcan_codigo": "SOL", "volcan_nombre": "Sollipulli", "drena_volcan": false }, "geometry": { "type": "LineString", "coordinates": [ [ -71.59731, -38.69902 ], [ -71.59742, -38.69842 ], [ -71.59773, -38.69775 ], [ -71.59747, -38.6961 ], [ -71.59759, -38.6955 ], [ -71.59761, -38.69418 ], [ -71.59792, -38.69335 ], [ -71.59789, -38.69224 ] ] } },
{ "type": "Feature", "properties": { "osm_id": 386047757, "nombre": "Sin nombre", "tipo": "stream", "volcan_codigo": "SOL", "volcan_nombre": "Sollipulli", "drena_volcan": false }, "geometry": { "type": "LineString", "coordinates": [ [ -71.6155, -38.63214 ], [ -71.61558, -38.63261 ], [ -71.61553, -38.63278 ], [ -71.61572, -38.63298 ], [ -71.61528, -38.6342 ], [ -71.61535, -38.63442 ], [ -71.61557, -38.63462 ], [ -71.61563, -38.63489 ] ] } },
{ "type": "Feature", "properties": { "osm_id": 386047760, "nombre": "Sin nombre", "tipo": "stream", "volcan_codigo": "SOL", "volcan_nombre": "Sollipulli", "drena_volcan": false }, "geometry": { "type": "LineString", "coordinates": [ [ -71.5902, -38.61276 ], [ -71.59051, -38.61298 ], [ -71.59067, -38.6135 ], [ -71.59032, -38.61459 ], [ -71.59007, -38.6151 ], [ -71.58992, -38.61655 ], [ -71.5894, -38.61715 ], [ -71.58954, -38.6181 ], [ -71.59002, -38.6191 ], [ -71.59052, -38.61968 ], [ -71.59097, -38.62054 ], [ -71.59145, -38.62085 ], [ -71.59187, -38.62143 ], [ -71.59245, -38.62166 ], [ -71.59367, -38.62301 ], [ -71.59379, -38.62348 ], [ -71.59375, -38.62395 ], [ -71.59381, -38.62419 ], [ -71.5936, -38.6244 ], [ -71.5936, -38.62456 ], [ -71.59377, -38.62478 ], [ -71.59383, -38.6251 ], [ -71.59418, -38.62565 ], [ -71.59401, -38.62683 ], [ -71.59421, -38.62777 ], [ -71.59443, -38.62819 ], [ -71.59472, -38.6296 ], [ -71.59502, -38.62999 ], [ -71.59488, -38.63069 ], [ -71.59494, -38.6311 ], [ -71.59486, -38.63159 ], [ -71.59507, -38.63193 ], [ -71.59517, -38.63356 ], [ -71.59572, -38.63522 ], [ -71.59622, -38.63626 ], [ -71.59649, -38.63669 ], [ -71.59734, -38.63728 ], [ -71.59762, -38.63783 ], [ -71.59791, -38.63803 ], [ -71.59846, -38.63958 ], [ -71.5984, -38.64013 ], [ -71.59877, -38.64179 ], [ -71.59937, -38.64256 ], [ -71.59977, -38.64336 ], [ -71.59994, -38.64391 ], [ -71.6002, -38.6443 ], [ -71.60087, -38.645 ], [ -71.60072, -38.64613 ], [ -71.6011, -38.64652 ], [ -71.60161, -38.64745 ], [ -71.60305, -38.64858 ], [ -71.6032, -38.64881 ], [ -71.60349, -38.64902 ], [ -71.60475, -38.64937 ], [ -71.6056, -38.64994 ], [ -71.60577, -38.64997 ], [ -71.60638, -38.6498 ], [ -71.6067, -38.64979 ], [ -71.60682, -38.64997 ], [ -71.60684, -38.65025 ], [ -71.60667, -38.6506 ], [ -71.60749, -38.65194 ], [ -71.60801, -38.65246 ], [ -71.60814, -38.65273 ], [ -71.60812, -38.6531 ], [ -71.60825, -38.65335 ], [ -71.60843, -38.65359 ], [ -71.60955, -38.65409 ], [ -71.61022, -38.65463 ], [ -71.61057, -38.65528 ], [ -71.61064, -38.65574 ], [ -71.61111, -38.65632 ], [ -71.61176, -38.65685 ], [ -71.61196, -38.65823 ], [ -71.61228, -38.65933 ], [ -71.61277, -38.66038 ], [ -71.61271, -38.66097 ], [ -71.61254, -38.66121 ], [ -71.61258, -38.66181 ], [ -71.61299, -38.66233 ], [ -71.61373, -38.6627 ], [ -71.61407, -38.66314 ], [ -71.61397, -38.66366 ], [ -71.61361, -38.66443 ], [ -71.61359, -38.66594 ], [ -71.61345, -38.66621 ], [ -71.61292, -38.66643 ], [ -71.61273, -38.6666 ], [ -71.61274, -38.66686 ], [ -71.61285, -38.66704 ], [ -71.61246, -38.66762 ], [ -71.61223, -38.66849 ], [ -71.61149, -38.66925 ], [ -71.61107, -38.67005 ], [ -71.61115, -38.67015 ], [ -71.61122, -38.67085 ], [ -71.61113, -38.67197 ], [ -71.61108, -38.6722 ], [ -71.61053, -38.67308 ] ] } },
{ "type": "Feature", "properties": { "osm_id": 386047761, "nombre": "Sin nombre", "tipo": "stream", "volcan_codigo": "SOL", "volcan_nombre": "Sollipulli", "drena_volcan": false }, "geometry": { "type": "LineString", "coordinates": [ [ -71.61546, -38.62976 ], [ -71.61588, -38.63046 ], [ -71.61608, -38.63107 ], [ -71.61598, -38.63154 ], [ -71.61639, -38.63189 ], [ -71.61645, -38.63305 ], [ -71.61702, -38.63442 ] ] } },
{ "type": "Feature", "properties": { "osm_id": 386047762, "nombre": "Sin nombre", "tipo": "stream", "volcan_codigo": "SOL", "volcan_nombre": "Sollipulli", "drena_volcan": false }, "geometry": { "type": "LineString", "coordinates": [ [ -71.61598, -38.63154 ], [ -71.61566, -38.63199 ], [ -71.61489, -38.63276 ], [ -71.61489, -38.63334 ], [ -71.61457, -38.63403 ], [ -71.61467, -38.63495 ] ] } },
{ "type": "Feature", "properties": { "osm_id": 386047763, "nombre": "Sin nombre", "tipo": "stream", "volcan_codigo": "SOL", "volcan_nombre": "Sollipulli", "drena_volcan": false }, "geometry": { "type": "LineString", "coordinates": [ [ -71.61348, -38.62934 ], [ -71.61374, -38.62965 ], [ -71.61367, -38.63001 ], [ -71.61381, -38.63016 ], [ -71.61375, -38.63043 ], [ -71.614, -38.63065 ], [ -71.61402, -38.63084 ], [ -71.61436, -38.63111 ], [ -71.61429, -38.63147 ], [ -71.6145, -38.63178 ], [ -71.61347, -38.63238 ], [ -71.61355, -38.63271 ], [ -71.61384, -38.63279 ], [ -71.61399, -38.63303 ], [ -71.61418, -38.63308 ], [ -71.61441, -38.63347 ], [ -71.61415, -38.6339 ], [ -71.61424, -38.63408 ], [ -71.61424, -38.63438 ], [ -71.61403, -38.63459 ], [ -71.61404, -38.63488 ], [ -71.61418, -38.6351 ] ] } },
{ "type": "Feature", "properties": { "osm_id": 386047764, "nombre": "Sin nombre", "tipo": "stream", "volcan_codigo": "SOL", "volcan_nombre": "Sollipulli", "drena_volcan": false }, "geometry": { "type": "LineString", "coordinates": [ [ -71.59012, -38.69546 ], [ -71.59021, -38.69512 ], [ -71.59151, -38.69377 ], [ -71.59291, -38.69149 ], [ -71.59541, -38.69041 ] ] } },
{ "type": "Feature", "properties": { "osm_id": 386047765, "nombre": "Sin nombre", "tipo": "river", "volcan_codigo": "SOL", "volcan_nombre": "Sollipulli", "drena_volcan": false }, "geometry": { "type": "LineString", "coordinates": [ [ -71.56458, -38.67325 ], [ -71.56505, -38.67322 ], [ -71.5664, -38.67333 ], [ -71.56722, -38.67355 ], [ -71.56756, -38.67391 ], [ -71.56755, -38.67454 ], [ -71.56721, -38.67495 ], [ -71.56713, -38.67519 ], [ -71.56727, -38.67562 ], [ -71.56782, -38.67578 ], [ -71.5679, -38.67592 ], [ -71.56779, -38.67615 ], [ -71.5681, -38.67633 ], [ -71.56883, -38.67653 ], [ -71.5692, -38.67673 ], [ -71.56911, -38.67736 ], [ -71.5703, -38.67815 ], [ -71.57132, -38.67856 ], [ -71.57167, -38.67899 ], [ -71.57169, -38.67915 ], [ -71.57154, -38.67944 ], [ -71.57157, -38.68004 ], [ -71.57209, -38.68101 ], [ -71.57224, -38.68117 ], [ -71.57308, -38.68153 ], [ -71.57377, -38.68209 ], [ -71.57396, -38.68236 ], [ -71.57407, -38.68279 ], [ -71.57402, -38.68315 ], [ -71.5739, -38.68334 ], [ -71.57353, -38.68357 ], [ -71.57356, -38.68372 ], [ -71.57382, -38.68376 ], [ -71.57441, -38.68363 ], [ -71.57459, -38.68371 ], [ -71.57499, -38.68401 ], [ -71.57513, -38.68471 ], [ -71.57537, -38.68469 ], [ -71.57577, -38.68445 ], [ -71.57607, -38.68448 ], [ -71.57665, -38.68503 ], [ -71.57701, -38.68572 ], [ -71.57758, -38.68591 ], [ -71.57805, -38.68593 ] ] } },
{ "type": "Feature", "properties": { "osm_id": 386047766, "nombre": "Sin nombre", "tipo": "river", "volcan_codigo": "SOL", "volcan_nombre": "Sollipulli", "drena_volcan": false }, "geometry": { "type": "LineString", "coordinates": [ [ -71.57919, -38.68628 ], [ -71.57921, -38.68655 ], [ -71.57952, -38.68673 ], [ -71.57966, -38.68697 ], [ -71.58096, -38.68706 ], [ -71.58119, -38.68724 ], [ -71.58137, -38.68758 ], [ -71.58223, -38.68749 ], [ -71.5825, -38.68732 ], [ -71.58271, -38.68738 ], [ -71.58318, -38.68786 ], [ -71.58349, -38.68794 ], [ -71.58455, -38.68769 ], [ -71.58515, -38.68744 ], [ -71.58564, -38.68742 ], [ -71.58586, -38.68773 ], [ -71.58552, -38.68828 ], [ -71.58614, -38.68881 ], [ -71.58673, -38.68908 ], [ -71.58703, -38.68944 ], [ -71.58729, -38.68959 ], [ -71.58745, -38.68958 ], [ -71.58756, -38.68948 ], [ -71.58761, -38.6892 ], [ -71.58786, -38.68904 ], [ -71.58819, -38.68912 ], [ -71.58861, -38.6897 ], [ -71.5894, -38.68974 ], [ -71.59041, -38.68997 ], [ -71.59091, -38.68996 ], [ -71.59247, -38.68936 ] ] } },
{ "type": "Feature", "properties": { "osm_id": 397013598, "nombre": "Sin nombre", "tipo": "river", "volcan_codigo": "SOL", "volcan_nombre": "Sollipulli", "drena_volcan": false }, "geometry": { "type": "LineString", "coordinates": [ [ -71.70156, -39.02148 ], [ -71.70167, -39.02164 ], [ -71.70186, -39.02174 ], [ -71.70193, -39.02216 ], [ -71.70227, -39.02243 ], [ -71.70221, -39.02259 ], [ -71.70186, -39.02283 ], [ -71.70196, -39.02301 ], [ -71.70194, -39.02346 ], [ -71.7018, -39.02377 ], [ -71.70189, -39.02388 ], [ -71.70173, -39.02415 ], [ -71.70186, -39.0247 ], [ -71.70224, -39.02496 ], [ -71.70184, -39.02601 ], [ -71.70148, -39.02624 ], [ -71.70118, -39.02657 ], [ -71.70111, -39.02696 ], [ -71.70129, -39.02718 ], [ -71.70134, -39.0274 ], [ -71.70062, -39.02823 ], [ -71.70054, -39.02859 ], [ -71.70068, -39.0288 ], [ -71.70069, -39.02907 ], [ -71.70034, -39.02964 ], [ -71.69985, -39.03016 ], [ -71.69946, -39.03081 ], [ -71.69941, -39.03159 ], [ -71.69966, -39.03197 ], [ -71.69975, -39.03231 ], [ -71.69975, -39.03314 ], [ -71.69926, -39.03376 ], [ -71.69921, -39.034 ], [ -71.69929, -39.03423 ], [ -71.69921, -39.03447 ], [ -71.69875, -39.03489 ], [ -71.69866, -39.03513 ], [ -71.69863, -39.03563 ], [ -71.69812, -39.0364 ], [ -71.69697, -39.03713 ], [ -71.69676, -39.03785 ], [ -71.69625, -39.03857 ], [ -71.69596, -39.03885 ], [ -71.69595, -39.03897 ], [ -71.69583, -39.03912 ], [ -71.69524, -39.03942 ], [ -71.69498, -39.03973 ], [ -71.69472, -39.04047 ], [ -71.69463, -39.04109 ], [ -71.69475, -39.04148 ], [ -71.6943, -39.04195 ], [ -71.69406, -39.04235 ], [ -71.69404, -39.04314 ], [ -71.69378, -39.04344 ], [ -71.69358, -39.04403 ], [ -71.69355, -39.04419 ], [ -71.69366, -39.04449 ], [ -71.69348, -39.04477 ], [ -71.69429, -39.04598 ], [ -71.69499, -39.04619 ], [ -71.69534, -39.04642 ], [ -71.69535, -39.04656 ], [ -71.69511, -39.04678 ], [ -71.69509, -39.04699 ], [ -71.69546, -39.04715 ], [ -71.69599, -39.04765 ], [ -71.69637, -39.04831 ], [ -71.69664, -39.04846 ], [ -71.697, -39.04849 ], [ -71.6973, -39.04839 ], [ -71.69782, -39.04836 ], [ -71.6989, -39.04892 ], [ -71.70035, -39.04938 ], [ -71.70055, -39.04972 ], [ -71.70071, -39.04982 ], [ -71.70102, -39.04984 ], [ -71.70137, -39.05024 ], [ -71.70178, -39.05052 ], [ -71.70213, -39.05066 ], [ -71.7026, -39.05108 ], [ -71.70428, -39.05167 ], [ -71.70535, -39.05245 ], [ -71.70584, -39.05259 ], [ -71.7065, -39.05267 ], [ -71.70718, -39.0523 ], [ -71.70779, -39.05226 ], [ -71.70893, -39.05272 ], [ -71.70987, -39.05257 ], [ -71.71128, -39.05288 ], [ -71.71149, -39.05289 ], [ -71.71172, -39.05277 ], [ -71.71198, -39.05275 ], [ -71.71325, -39.05323 ], [ -71.71384, -39.05327 ], [ -71.71462, -39.05299 ], [ -71.71527, -39.05303 ], [ -71.71615, -39.05278 ], [ -71.71682, -39.0527 ], [ -71.71861, -39.05289 ], [ -71.72011, -39.05293 ], [ -71.72242, -39.05346 ], [ -71.7232, -39.05348 ], [ -71.7241, -39.05383 ], [ -71.7249, -39.05399 ], [ -71.72511, -39.05399 ], [ -71.72583, -39.05374 ], [ -71.72646, -39.05335 ], [ -71.72703, -39.05315 ], [ -71.72857, -39.05358 ], [ -71.7289, -39.0536 ], [ -71.72933, -39.05345 ], [ -71.73004, -39.0534 ], [ -71.73115, -39.05361 ], [ -71.73122, -39.05398 ], [ -71.73188, -39.05449 ], [ -71.73211, -39.05492 ] ] } },
{ "type": "Feature", "properties": { "osm_id": 397013605, "nombre": "Sin nombre", "tipo": "stream", "volcan_codigo": "SOL", "volcan_nombre": "Sollipulli", "drena_volcan": false }, "geometry": { "type": "LineString", "coordinates": [ [ -71.6957, -39.06162 ], [ -71.69611, -39.0619 ], [ -71.69663, -39.06268 ], [ -71.69682, -39.06284 ], [ -71.69722, -39.06358 ], [ -71.69745, -39.06367 ], [ -71.69986, -39.06358 ], [ -71.70086, -39.06326 ], [ -71.70195, -39.06318 ], [ -71.7022, -39.06331 ], [ -71.70264, -39.06395 ], [ -71.70308, -39.06407 ], [ -71.70371, -39.06464 ], [ -71.70461, -39.06472 ], [ -71.70515, -39.0647 ], [ -71.70532, -39.06462 ], [ -71.70542, -39.06396 ], [ -71.70561, -39.06367 ], [ -71.70676, -39.06368 ] ] } },
{ "type": "Feature", "properties": { "osm_id": 397013607, "nombre": "Sin nombre", "tipo": "river", "volcan_codigo": "SOL", "volcan_nombre": "Sollipulli", "drena_volcan": false }, "geometry": { "type": "LineString", "coordinates": [ [ -71.73211, -39.05492 ], [ -71.73215, -39.05515 ], [ -71.73275, -39.056 ], [ -71.73318, -39.05634 ], [ -71.73427, -39.05681 ], [ -71.73506, -39.05754 ], [ -71.73534, -39.05754 ], [ -71.73564, -39.0572 ], [ -71.73579, -39.05715 ], [ -71.73621, -39.0572 ], [ -71.73755, -39.05798 ], [ -71.73788, -39.05793 ], [ -71.73821, -39.05768 ], [ -71.73857, -39.0576 ], [ -71.73902, -39.05766 ], [ -71.74101, -39.05837 ], [ -71.74137, -39.05863 ], [ -71.74206, -39.05889 ], [ -71.74324, -39.05888 ], [ -71.74411, -39.05906 ], [ -71.74441, -39.05935 ], [ -71.74475, -39.06013 ], [ -71.74479, -39.06038 ], [ -71.7447, -39.06076 ], [ -71.74479, -39.06092 ], [ -71.7461, -39.06189 ], [ -71.74629, -39.0622 ], [ -71.74698, -39.06274 ], [ -71.74708, -39.06322 ], [ -71.74719, -39.06332 ], [ -71.74786, -39.06347 ], [ -71.7479, -39.06373 ], [ -71.74734, -39.0643 ], [ -71.7476, -39.0647 ], [ -71.74764, -39.065 ], [ -71.74778, -39.06518 ], [ -71.74893, -39.06553 ], [ -71.75018, -39.06546 ], [ -71.75134, -39.06577 ], [ -71.75227, -39.0658 ], [ -71.75285, -39.06596 ], [ -71.75389, -39.06639 ], [ -71.75434, -39.06645 ], [ -71.75542, -39.06638 ], [ -71.75647, -39.06659 ], [ -71.75664, -39.06635 ], [ -71.75746, -39.06597 ], [ -71.75837, -39.06595 ], [ -71.75922, -39.06603 ], [ -71.76021, -39.0663 ], [ -71.76047, -39.06623 ], [ -71.76077, -39.06583 ], [ -71.76185, -39.06496 ], [ -71.76231, -39.06479 ], [ -71.76276, -39.06427 ], [ -71.76281, -39.06396 ], [ -71.76301, -39.06397 ], [ -71.76365, -39.06337 ], [ -71.76388, -39.06327 ], [ -71.7651, -39.06316 ], [ -71.7663, -39.06357 ], [ -71.76877, -39.06417 ], [ -71.76918, -39.06397 ], [ -71.76951, -39.06366 ], [ -71.76964, -39.0634 ], [ -71.76959, -39.06321 ], [ -71.769, -39.06279 ], [ -71.76935, -39.0614 ], [ -71.77099, -39.05986 ], [ -71.77104, -39.05967 ], [ -71.77149, -39.05916 ], [ -71.77218, -39.05875 ], [ -71.77253, -39.05844 ], [ -71.77272, -39.05805 ], [ -71.77265, -39.05728 ], [ -71.77274, -39.05715 ], [ -71.77297, -39.05704 ], [ -71.77331, -39.05703 ], [ -71.77377, -39.05729 ], [ -71.77428, -39.05735 ], [ -71.77458, -39.05723 ], [ -71.77498, -39.05688 ], [ -71.77598, -39.05668 ], [ -71.77646, -39.0564 ], [ -71.77703, -39.05575 ], [ -71.7773, -39.05483 ], [ -71.77768, -39.05437 ], [ -71.77788, -39.05431 ], [ -71.77889, -39.0544 ], [ -71.77944, -39.05414 ], [ -71.77955, -39.05398 ], [ -71.77961, -39.05362 ], [ -71.7795, -39.05265 ], [ -71.77971, -39.05252 ], [ -71.78037, -39.05247 ], [ -71.78068, -39.05232 ], [ -71.78111, -39.05119 ], [ -71.78179, -39.05052 ], [ -71.78244, -39.05036 ], [ -71.7829, -39.05043 ], [ -71.78296, -39.05069 ], [ -71.78255, -39.05138 ], [ -71.78283, -39.05181 ], [ -71.78307, -39.05194 ], [ -71.78346, -39.052 ], [ -71.78375, -39.05194 ], [ -71.78395, -39.05179 ], [ -71.78415, -39.05155 ], [ -71.78451, -39.05075 ], [ -71.78473, -39.0506 ], [ -71.78575, -39.05059 ], [ -71.78621, -39.05051 ], [ -71.78749, -39.05092 ], [ -71.78854, -39.05103 ], [ -71.79007, -39.05057 ], [ -71.79062, -39.05011 ], [ -71.79089, -39.05001 ], [ -71.79119, -39.05004 ], [ -71.79173, -39.05039 ], [ -71.79215, -39.05051 ], [ -71.79288, -39.05044 ], [ -71.79334, -39.05023 ], [ -71.7942, -39.05018 ], [ -71.79459, -39.04994 ], [ -71.79499, -39.04924 ], [ -71.79541, -39.04909 ], [ -71.79577, -39.04907 ], [ -71.7968, -39.04933 ], [ -71.79799, -39.04936 ], [ -71.7994, -39.04909 ], [ -71.80078, -39.04858 ], [ -71.80144, -39.04874 ], [ -71.80222, -39.0495 ], [ -71.80246, -39.04955 ], [ -71.80342, -39.04904 ], [ -71.80397, -39.04849 ], [ -71.80445, -39.04821 ], [ -71.80489, -39.04818 ], [ -71.80547, -39.04826 ], [ -71.8063, -39.0482 ], [ -71.80699, -39.04835 ], [ -71.80785, -39.04866 ], [ -71.80839, -39.0492 ], [ -71.8088, -39.04945 ], [ -71.80935, -39.0503 ], [ -71.80954, -39.05048 ], [ -71.81095, -39.05129 ], [ -71.81197, -39.05204 ], [ -71.81257, -39.05216 ], [ -71.81291, -39.05204 ], [ -71.81376, -39.05145 ], [ -71.81435, -39.05131 ], [ -71.81472, -39.05138 ], [ -71.8152, -39.05203 ], [ -71.81771, -39.05413 ], [ -71.82034, -39.05561 ], [ -71.82198, -39.05613 ], [ -71.82239, -39.05635 ], [ -71.82249, -39.05652 ], [ -71.82236, -39.05665 ], [ -71.82206, -39.05678 ], [ -71.82176, -39.0568 ], [ -71.82132, -39.0571 ], [ -71.82126, -39.05763 ], [ -71.82138, -39.05797 ], [ -71.82158, -39.05818 ], [ -71.82229, -39.0584 ], [ -71.82367, -39.05928 ], [ -71.8249, -39.05938 ], [ -71.82559, -39.05968 ], [ -71.82666, -39.06049 ], [ -71.82784, -39.06108 ], [ -71.82793, -39.06119 ], [ -71.82796, -39.06152 ], [ -71.82822, -39.06186 ], [ -71.82978, -39.06289 ], [ -71.83025, -39.06353 ], [ -71.8306, -39.06373 ], [ -71.8315, -39.06401 ], [ -71.83197, -39.06433 ] ] } },
{ "type": "Feature", "properties": { "osm_id": 427544498, "nombre": "Sin nombre", "tipo": "stream", "volcan_codigo": "SOL", "volcan_nombre": "Sollipulli", "drena_volcan": false }, "geometry": { "type": "LineString", "coordinates": [ [ -71.43489, -38.53604 ], [ -71.43496, -38.53644 ], [ -71.43515, -38.53657 ], [ -71.43508, -38.53684 ], [ -71.43563, -38.5375 ], [ -71.43527, -38.538 ], [ -71.43537, -38.5381 ], [ -71.43526, -38.53816 ], [ -71.43522, -38.53868 ], [ -71.43511, -38.53883 ], [ -71.43524, -38.5389 ], [ -71.43542, -38.53918 ], [ -71.43525, -38.53944 ], [ -71.43529, -38.54019 ], [ -71.43514, -38.5403 ], [ -71.43508, -38.54048 ] ] } },
{ "type": "Feature", "properties": { "osm_id": 451953456, "nombre": "Sin nombre", "tipo": "stream", "volcan_codigo": "SOL", "volcan_nombre": "Sollipulli", "drena_volcan": false }, "geometry": { "type": "LineString", "coordinates": [ [ -71.65271, -39.31167 ], [ -71.65317, -39.31183 ], [ -71.65375, -39.3119 ], [ -71.65442, -39.31224 ], [ -71.65516, -39.31235 ], [ -71.65668, -39.31238 ], [ -71.65742, -39.31258 ], [ -71.65956, -39.3128 ], [ -71.66047, -39.31308 ], [ -71.66096, -39.31297 ], [ -71.66132, -39.31306 ], [ -71.66153, -39.31284 ], [ -71.6618, -39.3128 ], [ -71.66242, -39.31297 ], [ -71.66294, -39.3133 ], [ -71.66382, -39.31351 ], [ -71.66433, -39.31357 ], [ -71.66461, -39.31344 ], [ -71.66505, -39.31341 ], [ -71.66589, -39.31297 ], [ -71.66682, -39.31281 ], [ -71.66814, -39.31191 ], [ -71.66817, -39.31163 ], [ -71.66838, -39.31123 ], [ -71.66903, -39.31107 ], [ -71.66967, -39.3106 ], [ -71.66999, -39.31048 ], [ -71.67049, -39.30979 ], [ -71.67034, -39.30903 ], [ -71.67054, -39.30856 ], [ -71.6707, -39.30839 ], [ -71.67145, -39.30816 ], [ -71.67209, -39.3077 ], [ -71.67281, -39.30772 ], [ -71.67317, -39.30763 ], [ -71.67382, -39.30721 ], [ -71.67442, -39.30711 ], [ -71.67487, -39.30677 ], [ -71.67545, -39.3066 ], [ -71.67565, -39.30639 ], [ -71.67591, -39.30584 ], [ -71.67675, -39.30527 ], [ -71.67793, -39.30501 ], [ -71.67949, -39.30484 ], [ -71.68086, -39.30433 ], [ -71.68145, -39.30426 ], [ -71.68207, -39.30406 ], [ -71.68305, -39.30398 ], [ -71.68435, -39.30357 ], [ -71.68523, -39.3032 ], [ -71.6859, -39.3028 ], [ -71.68672, -39.30173 ], [ -71.68723, -39.30153 ], [ -71.68809, -39.30098 ], [ -71.68826, -39.30075 ], [ -71.68827, -39.30042 ], [ -71.68839, -39.30014 ], [ -71.68872, -39.29981 ], [ -71.68905, -39.29971 ], [ -71.69051, -39.29992 ], [ -71.69093, -39.29993 ], [ -71.69136, -39.29983 ], [ -71.6914, -39.29968 ], [ -71.69111, -39.29942 ], [ -71.69112, -39.29899 ], [ -71.69142, -39.29863 ], [ -71.69164, -39.29854 ], [ -71.69256, -39.29844 ], [ -71.6933, -39.2986 ], [ -71.6941, -39.29895 ], [ -71.69437, -39.29926 ], [ -71.69487, -39.29936 ], [ -71.69524, -39.29934 ], [ -71.69597, -39.29898 ], [ -71.69652, -39.29899 ], [ -71.69754, -39.2986 ], [ -71.69812, -39.29878 ], [ -71.69841, -39.29877 ], [ -71.69884, -39.29894 ], [ -71.70016, -39.299 ], [ -71.70155, -39.29943 ], [ -71.7034, -39.29977 ], [ -71.70572, -39.29977 ], [ -71.70693, -39.29964 ], [ -71.70896, -39.29969 ], [ -71.70962, -39.29978 ], [ -71.71053, -39.30009 ] ] } },
{ "type": "Feature", "properties": { "osm_id": 462198123, "nombre": "Río Blanco", "tipo": "stream", "volcan_codigo": "SOL", "volcan_nombre": "Sollipulli", "drena_volcan": false }, "geometry": { "type": "LineString", "coordinates": [ [ -71.60161, -38.58935 ], [ -71.60297, -38.58919 ], [ -71.60455, -38.58863 ], [ -71.60542, -38.58886 ], [ -71.60602, -38.58881 ], [ -71.60667, -38.58921 ], [ -71.60818, -38.58933 ], [ -71.60846, -38.58901 ], [ -71.60874, -38.58892 ], [ -71.60958, -38.58892 ], [ -71.61006, -38.5886 ], [ -71.61053, -38.58856 ], [ -71.6111, -38.58821 ], [ -71.61196, -38.58826 ], [ -71.6125, -38.58818 ], [ -71.61278, -38.58821 ], [ -71.61287, -38.58839 ], [ -71.6134, -38.58871 ], [ -71.61411, -38.5889 ], [ -71.61497, -38.58883 ], [ -71.61515, -38.58899 ], [ -71.61557, -38.589 ], [ -71.61565, -38.5891 ], [ -71.61596, -38.58919 ], [ -71.61635, -38.58922 ], [ -71.61689, -38.58915 ], [ -71.61711, -38.58899 ], [ -71.61772, -38.58922 ], [ -71.6184, -38.5897 ], [ -71.61883, -38.58977 ], [ -71.61935, -38.58972 ], [ -71.61961, -38.5898 ], [ -71.62024, -38.58975 ], [ -71.62041, -38.58936 ], [ -71.62119, -38.5887 ], [ -71.62136, -38.58838 ], [ -71.62162, -38.58752 ], [ -71.62217, -38.58715 ], [ -71.62265, -38.58656 ], [ -71.62291, -38.58581 ], [ -71.62351, -38.58545 ], [ -71.62531, -38.58389 ], [ -71.62658, -38.58378 ], [ -71.62705, -38.58382 ], [ -71.62779, -38.58368 ], [ -71.62861, -38.58307 ], [ -71.6293, -38.58282 ], [ -71.62941, -38.58255 ], [ -71.62965, -38.58242 ], [ -71.62989, -38.58189 ], [ -71.63004, -38.58129 ], [ -71.63025, -38.58106 ], [ -71.63049, -38.5805 ], [ -71.63027, -38.57953 ], [ -71.63043, -38.57887 ], [ -71.63055, -38.57768 ], [ -71.63134, -38.57657 ], [ -71.63217, -38.57602 ], [ -71.63231, -38.57588 ], [ -71.63224, -38.57579 ] ] } },
{ "type": "Feature", "properties": { "osm_id": 462198124, "nombre": "Sin nombre", "tipo": "stream", "volcan_codigo": "SOL", "volcan_nombre": "Sollipulli", "drena_volcan": false }, "geometry": { "type": "LineString", "coordinates": [ [ -71.5904, -38.55671 ], [ -71.59068, -38.55596 ], [ -71.59086, -38.55579 ], [ -71.59078, -38.55561 ], [ -71.59089, -38.55498 ], [ -71.59135, -38.55435 ], [ -71.59137, -38.5542 ], [ -71.59099, -38.55416 ], [ -71.59083, -38.55404 ], [ -71.59113, -38.55344 ], [ -71.591, -38.55333 ], [ -71.59065, -38.55332 ], [ -71.59042, -38.55274 ], [ -71.59023, -38.55253 ], [ -71.59029, -38.55192 ], [ -71.59015, -38.55158 ], [ -71.58994, -38.5514 ], [ -71.58938, -38.5512 ], [ -71.58883, -38.55081 ], [ -71.58835, -38.55072 ], [ -71.58761, -38.55038 ], [ -71.58751, -38.55024 ], [ -71.58691, -38.54988 ], [ -71.58633, -38.5492 ], [ -71.58605, -38.54915 ], [ -71.58529, -38.54927 ], [ -71.58494, -38.54846 ], [ -71.5849, -38.54802 ], [ -71.58478, -38.54782 ], [ -71.58432, -38.5476 ], [ -71.58423, -38.54744 ], [ -71.58426, -38.54722 ] ] } },
{ "type": "Feature", "properties": { "osm_id": 520667062, "nombre": "Sin nombre", "tipo": "river", "volcan_codigo": "SOL", "volcan_nombre": "Sollipulli", "drena_volcan": false }, "geometry": { "type": "LineString", "coordinates": [ [ -71.75835, -38.6055 ], [ -71.75859, -38.60453 ], [ -71.75944, -38.60384 ], [ -71.7603, -38.60293 ], [ -71.7612, -38.60213 ], [ -71.76181, -38.60121 ], [ -71.76271, -38.60016 ], [ -71.76299, -38.59947 ], [ -71.76332, -38.59904 ], [ -71.764, -38.59859 ], [ -71.76571, -38.59698 ], [ -71.76624, -38.59612 ], [ -71.76682, -38.59473 ], [ -71.76838, -38.59321 ], [ -71.76899, -38.59296 ], [ -71.77151, -38.59252 ], [ -71.77172, -38.5923 ], [ -71.77176, -38.59183 ], [ -71.77208, -38.59157 ], [ -71.77221, -38.59075 ], [ -71.77249, -38.59021 ], [ -71.77347, -38.58895 ], [ -71.77421, -38.58822 ], [ -71.77536, -38.58764 ], [ -71.77572, -38.58712 ], [ -71.77636, -38.58655 ], [ -71.77758, -38.58599 ], [ -71.77804, -38.5857 ], [ -71.77813, -38.58511 ], [ -71.77802, -38.58458 ], [ -71.77823, -38.58414 ], [ -71.77894, -38.58333 ], [ -71.77908, -38.58295 ], [ -71.77908, -38.58233 ], [ -71.77927, -38.58157 ], [ -71.77943, -38.58131 ], [ -71.77966, -38.58037 ], [ -71.78009, -38.57957 ], [ -71.78015, -38.57826 ], [ -71.78054, -38.57718 ], [ -71.78059, -38.57637 ], [ -71.78074, -38.57598 ], [ -71.78064, -38.57539 ], [ -71.78106, -38.57487 ], [ -71.78159, -38.57469 ], [ -71.78181, -38.5745 ], [ -71.78107, -38.57393 ], [ -71.78079, -38.57356 ], [ -71.78022, -38.57318 ], [ -71.78016, -38.5728 ], [ -71.78026, -38.57251 ], [ -71.78066, -38.5721 ], [ -71.78192, -38.57165 ], [ -71.78275, -38.57085 ], [ -71.78304, -38.57022 ], [ -71.78362, -38.56987 ], [ -71.78384, -38.56959 ], [ -71.78483, -38.5689 ], [ -71.78498, -38.56863 ], [ -71.78563, -38.56834 ], [ -71.78587, -38.56794 ], [ -71.78683, -38.56687 ], [ -71.787, -38.56678 ], [ -71.78739, -38.56686 ], [ -71.78832, -38.56724 ] ] } },
{ "type": "Feature", "properties": { "osm_id": 520667068, "nombre": "Río Colorado", "tipo": "river", "volcan_codigo": "SOL", "volcan_nombre": "Sollipulli", "drena_volcan": false }, "geometry": { "type": "LineString", "coordinates": [ [ -71.69443, -38.58408 ], [ -71.69482, -38.58385 ], [ -71.69543, -38.58312 ], [ -71.69594, -38.58283 ], [ -71.69623, -38.58251 ], [ -71.69663, -38.58242 ], [ -71.69715, -38.5826 ], [ -71.69743, -38.58261 ], [ -71.69846, -38.58215 ], [ -71.69873, -38.58193 ], [ -71.69872, -38.58152 ], [ -71.69881, -38.58133 ], [ -71.69948, -38.58085 ], [ -71.69971, -38.58054 ], [ -71.70016, -38.58022 ], [ -71.70048, -38.57963 ], [ -71.70112, -38.5794 ], [ -71.70164, -38.57903 ], [ -71.7022, -38.5785 ], [ -71.70322, -38.57732 ], [ -71.70426, -38.57652 ], [ -71.70451, -38.57616 ], [ -71.70541, -38.57573 ], [ -71.7087, -38.57514 ], [ -71.70914, -38.57516 ], [ -71.70968, -38.57531 ], [ -71.71006, -38.57559 ], [ -71.71019, -38.57556 ], [ -71.71033, -38.57541 ], [ -71.71096, -38.57534 ], [ -71.71113, -38.57509 ], [ -71.71147, -38.57491 ], [ -71.71217, -38.57486 ], [ -71.71248, -38.57503 ], [ -71.71354, -38.57528 ], [ -71.71397, -38.57535 ], [ -71.71451, -38.57521 ], [ -71.71469, -38.5753 ], [ -71.71482, -38.57586 ], [ -71.71497, -38.57603 ], [ -71.71574, -38.57625 ], [ -71.7163, -38.57693 ], [ -71.71654, -38.57705 ], [ -71.71762, -38.57706 ], [ -71.71799, -38.57674 ], [ -71.7185, -38.57673 ], [ -71.71916, -38.57681 ], [ -71.71946, -38.57702 ], [ -71.72024, -38.57719 ], [ -71.72049, -38.5772 ], [ -71.72131, -38.57699 ], [ -71.72144, -38.57702 ], [ -71.72166, -38.57734 ], [ -71.7224, -38.57718 ], [ -71.72279, -38.5774 ], [ -71.72389, -38.57751 ], [ -71.72447, -38.57743 ], [ -71.72465, -38.57747 ], [ -71.72477, -38.57777 ], [ -71.72492, -38.57786 ], [ -71.72676, -38.5779 ], [ -71.72695, -38.5779 ], [ -71.72726, -38.57767 ], [ -71.72821, -38.57783 ], [ -71.7294, -38.57771 ], [ -71.72976, -38.57725 ], [ -71.73058, -38.57692 ], [ -71.73098, -38.57648 ], [ -71.73111, -38.5761 ], [ -71.73147, -38.57588 ], [ -71.73164, -38.57567 ], [ -71.7324, -38.5754 ], [ -71.73307, -38.57537 ], [ -71.73368, -38.57581 ], [ -71.73407, -38.57633 ], [ -71.73423, -38.57638 ], [ -71.73475, -38.57612 ], [ -71.73527, -38.57634 ], [ -71.73565, -38.57586 ], [ -71.73652, -38.57618 ], [ -71.73748, -38.57622 ], [ -71.73798, -38.57643 ], [ -71.73818, -38.57639 ], [ -71.7383, -38.57625 ], [ -71.7383, -38.57611 ], [ -71.73814, -38.57564 ], [ -71.73756, -38.575 ], [ -71.73758, -38.5746 ], [ -71.73859, -38.57487 ], [ -71.73885, -38.57524 ], [ -71.73909, -38.57531 ], [ -71.73945, -38.57496 ], [ -71.73972, -38.57498 ], [ -71.73992, -38.57515 ], [ -71.73973, -38.57557 ], [ -71.74003, -38.57572 ], [ -71.74042, -38.57566 ], [ -71.74079, -38.57538 ], [ -71.74134, -38.5752 ], [ -71.74189, -38.5747 ], [ -71.74229, -38.5746 ], [ -71.7428, -38.5747 ], [ -71.7432, -38.57509 ], [ -71.74388, -38.57535 ], [ -71.74424, -38.57519 ], [ -71.74449, -38.57489 ], [ -71.74519, -38.57506 ], [ -71.74558, -38.57501 ], [ -71.74594, -38.57473 ], [ -71.74583, -38.57408 ], [ -71.74621, -38.57351 ], [ -71.74601, -38.57305 ], [ -71.74612, -38.57235 ], [ -71.74643, -38.57224 ], [ -71.74652, -38.57228 ], [ -71.74673, -38.5734 ], [ -71.74697, -38.57362 ], [ -71.7473, -38.57363 ], [ -71.74752, -38.57345 ], [ -71.74779, -38.57247 ], [ -71.7476, -38.57218 ], [ -71.7473, -38.57193 ], [ -71.74723, -38.57172 ], [ -71.74729, -38.57166 ], [ -71.7482, -38.57122 ], [ -71.74829, -38.57128 ], [ -71.74862, -38.57222 ], [ -71.74884, -38.57234 ], [ -71.74918, -38.57191 ], [ -71.74949, -38.5717 ], [ -71.75165, -38.57166 ], [ -71.7518, -38.57158 ], [ -71.75207, -38.57121 ], [ -71.75236, -38.57059 ], [ -71.75293, -38.57033 ], [ -71.75318, -38.57007 ], [ -71.75324, -38.56934 ], [ -71.7535, -38.56903 ], [ -71.75402, -38.56901 ], [ -71.75459, -38.56925 ], [ -71.75494, -38.56927 ], [ -71.75545, -38.56917 ], [ -71.75667, -38.56922 ], [ -71.75797, -38.56917 ], [ -71.7589, -38.56943 ], [ -71.76008, -38.56901 ], [ -71.76101, -38.56891 ], [ -71.76115, -38.56872 ], [ -71.76154, -38.56844 ], [ -71.76291, -38.56826 ], [ -71.7632, -38.56784 ], [ -71.7642, -38.56721 ], [ -71.76543, -38.56678 ], [ -71.76584, -38.56626 ], [ -71.76811, -38.56552 ], [ -71.76942, -38.56491 ], [ -71.77002, -38.56486 ], [ -71.77146, -38.56452 ], [ -71.77265, -38.56455 ], [ -71.77316, -38.56468 ], [ -71.77345, -38.56481 ], [ -71.77364, -38.565 ], [ -71.77349, -38.56585 ], [ -71.77391, -38.56581 ], [ -71.77417, -38.56556 ], [ -71.77503, -38.56573 ], [ -71.7753, -38.56582 ], [ -71.77548, -38.56604 ], [ -71.77553, -38.56647 ], [ -71.77588, -38.56661 ], [ -71.77686, -38.56672 ], [ -71.77718, -38.56667 ], [ -71.77826, -38.56629 ], [ -71.77945, -38.56629 ], [ -71.78018, -38.56616 ], [ -71.78075, -38.56619 ], [ -71.78152, -38.56638 ], [ -71.78217, -38.56678 ], [ -71.78265, -38.56695 ], [ -71.78344, -38.56694 ], [ -71.78389, -38.56678 ], [ -71.78463, -38.56673 ], [ -71.78522, -38.56703 ], [ -71.78547, -38.56702 ], [ -71.78572, -38.56635 ], [ -71.78634, -38.56614 ], [ -71.78769, -38.56587 ], [ -71.78826, -38.56619 ], [ -71.78846, -38.5665 ], [ -71.78829, -38.56709 ], [ -71.78834, -38.56754 ], [ -71.78873, -38.56829 ], [ -71.78861, -38.56895 ], [ -71.78868, -38.5693 ], [ -71.7891, -38.57046 ], [ -71.7895, -38.57104 ], [ -71.78953, -38.57127 ], [ -71.78942, -38.57184 ], [ -71.78917, -38.57232 ], [ -71.78942, -38.57327 ], [ -71.78965, -38.57361 ], [ -71.79058, -38.57455 ], [ -71.7909, -38.57454 ], [ -71.79208, -38.57413 ], [ -71.79304, -38.57327 ], [ -71.79321, -38.5732 ], [ -71.79384, -38.57324 ], [ -71.79561, -38.57372 ], [ -71.79717, -38.57392 ], [ -71.79782, -38.57382 ], [ -71.79849, -38.57354 ], [ -71.80017, -38.5731 ], [ -71.80084, -38.57307 ], [ -71.80224, -38.57345 ], [ -71.8035, -38.57316 ], [ -71.80389, -38.57251 ], [ -71.80399, -38.57203 ], [ -71.80415, -38.57171 ], [ -71.80505, -38.57067 ], [ -71.80746, -38.56977 ], [ -71.80821, -38.5694 ], [ -71.80918, -38.56908 ], [ -71.81078, -38.56911 ], [ -71.81137, -38.56882 ], [ -71.812, -38.56835 ], [ -71.81236, -38.56789 ], [ -71.81238, -38.56757 ], [ -71.81223, -38.56716 ], [ -71.8122, -38.56632 ], [ -71.81228, -38.5658 ], [ -71.81256, -38.56539 ], [ -71.81321, -38.56501 ], [ -71.81336, -38.56445 ], [ -71.8133, -38.56394 ], [ -71.81363, -38.56328 ], [ -71.81387, -38.56302 ], [ -71.81457, -38.5626 ], [ -71.81587, -38.56223 ], [ -71.81615, -38.56208 ], [ -71.81666, -38.56151 ], [ -71.81749, -38.56111 ], [ -71.81821, -38.56049 ], [ -71.81836, -38.55806 ], [ -71.8181, -38.55695 ], [ -71.81787, -38.55639 ], [ -71.81762, -38.55617 ], [ -71.81774, -38.55584 ], [ -71.81803, -38.55566 ], [ -71.81832, -38.55534 ], [ -71.81851, -38.55496 ], [ -71.81851, -38.55478 ], [ -71.81835, -38.55419 ], [ -71.81834, -38.55368 ], [ -71.81815, -38.55321 ], [ -71.81813, -38.55262 ], [ -71.81766, -38.55181 ], [ -71.81743, -38.55057 ], [ -71.81756, -38.55024 ], [ -71.81794, -38.54996 ], [ -71.81898, -38.54979 ], [ -71.81934, -38.54957 ], [ -71.81939, -38.54919 ], [ -71.81916, -38.54864 ], [ -71.81944, -38.54826 ], [ -71.81941, -38.548 ], [ -71.81883, -38.54764 ], [ -71.81852, -38.54712 ], [ -71.8184, -38.54657 ], [ -71.81814, -38.54586 ], [ -71.81812, -38.5456 ], [ -71.81822, -38.5452 ], [ -71.81882, -38.54414 ], [ -71.81921, -38.54384 ], [ -71.82044, -38.54345 ], [ -71.82089, -38.54312 ], [ -71.82102, -38.54279 ], [ -71.82073, -38.54247 ], [ -71.82073, -38.54237 ], [ -71.82158, -38.54234 ], [ -71.82272, -38.5418 ], [ -71.82604, -38.54184 ], [ -71.82729, -38.54194 ], [ -71.82771, -38.54187 ], [ -71.82815, -38.54153 ], [ -71.82885, -38.54119 ], [ -71.82917, -38.54095 ], [ -71.82962, -38.54046 ], [ -71.83022, -38.54005 ], [ -71.83104, -38.53918 ], [ -71.83102, -38.53873 ], [ -71.83116, -38.5381 ], [ -71.83125, -38.53801 ], [ -71.83199, -38.5376 ], [ -71.83287, -38.5368 ], [ -71.83397, -38.53597 ], [ -71.83503, -38.53558 ], [ -71.83548, -38.53481 ], [ -71.83657, -38.53367 ], [ -71.83707, -38.53234 ], [ -71.83814, -38.53126 ], [ -71.83886, -38.53041 ], [ -71.83949, -38.53013 ], [ -71.83964, -38.52971 ], [ -71.8398, -38.52793 ], [ -71.83994, -38.52758 ], [ -71.84031, -38.5271 ], [ -71.84061, -38.52678 ], [ -71.84102, -38.52661 ], [ -71.84333, -38.52597 ], [ -71.84367, -38.5257 ], [ -71.84251, -38.52479 ], [ -71.84234, -38.5245 ], [ -71.84238, -38.52413 ], [ -71.84303, -38.52309 ], [ -71.84325, -38.52233 ], [ -71.84355, -38.52193 ], [ -71.84428, -38.5215 ], [ -71.84457, -38.52117 ], [ -71.8444, -38.52099 ], [ -71.84421, -38.52093 ], [ -71.84398, -38.52057 ], [ -71.84394, -38.52005 ], [ -71.84405, -38.51987 ], [ -71.84472, -38.5194 ], [ -71.84491, -38.51883 ], [ -71.84545, -38.51779 ], [ -71.84603, -38.515 ], [ -71.84641, -38.51443 ], [ -71.84783, -38.51361 ], [ -71.84917, -38.51233 ], [ -71.84967, -38.51161 ], [ -71.85031, -38.51103 ], [ -71.85146, -38.51041 ], [ -71.85252, -38.51017 ], [ -71.85392, -38.50971 ], [ -71.85409, -38.50952 ], [ -71.85437, -38.50843 ], [ -71.85478, -38.50754 ], [ -71.85566, -38.50651 ], [ -71.8559, -38.50597 ], [ -71.85619, -38.50487 ], [ -71.85673, -38.50412 ], [ -71.8584, -38.50239 ], [ -71.85933, -38.50104 ], [ -71.85973, -38.50008 ], [ -71.85974, -38.49895 ], [ -71.86001, -38.49845 ], [ -71.86096, -38.49779 ], [ -71.86233, -38.49725 ], [ -71.86381, -38.49632 ], [ -71.86409, -38.49604 ], [ -71.8645, -38.49523 ], [ -71.86449, -38.49459 ], [ -71.86436, -38.4943 ], [ -71.86404, -38.49391 ], [ -71.86401, -38.4933 ] ] } },
{ "type": "Feature", "properties": { "osm_id": 520667078, "nombre": "Sin nombre", "tipo": "stream", "volcan_codigo": "SOL", "volcan_nombre": "Sollipulli", "drena_volcan": false }, "geometry": { "type": "LineString", "coordinates": [ [ -71.65927, -38.59383 ], [ -71.65873, -38.59351 ], [ -71.65777, -38.59314 ], [ -71.65483, -38.59083 ], [ -71.65279, -38.58962 ], [ -71.65159, -38.58875 ], [ -71.6512, -38.58789 ], [ -71.65088, -38.58555 ], [ -71.65047, -38.58449 ], [ -71.64963, -38.5831 ], [ -71.64893, -38.58238 ], [ -71.64848, -38.58172 ], [ -71.64768, -38.58108 ], [ -71.6468, -38.58008 ], [ -71.64648, -38.57838 ], [ -71.6467, -38.57654 ], [ -71.64691, -38.57546 ] ] } },
{ "type": "Feature", "properties": { "osm_id": 520667080, "nombre": "Sin nombre", "tipo": "stream", "volcan_codigo": "SOL", "volcan_nombre": "Sollipulli", "drena_volcan": false }, "geometry": { "type": "LineString", "coordinates": [ [ -71.60157, -38.57938 ], [ -71.60303, -38.57978 ], [ -71.60817, -38.58025 ], [ -71.60869, -38.58013 ], [ -71.60924, -38.57982 ], [ -71.61051, -38.57946 ], [ -71.61158, -38.57925 ], [ -71.61295, -38.57949 ], [ -71.61956, -38.57858 ], [ -71.62036, -38.57836 ], [ -71.62134, -38.57789 ], [ -71.62316, -38.57726 ], [ -71.62477, -38.57629 ], [ -71.62573, -38.57598 ] ] } },
{ "type": "Feature", "properties": { "osm_id": 541941758, "nombre": "Estero Namuncahue", "tipo": "river", "volcan_codigo": "SOL", "volcan_nombre": "Sollipulli", "drena_volcan": false }, "geometry": { "type": "LineString", "coordinates": [ [ -71.83973, -39.15205 ], [ -71.83755, -39.15225 ], [ -71.83367, -39.15351 ], [ -71.83307, -39.15446 ], [ -71.8316, -39.15578 ], [ -71.83128, -39.15644 ], [ -71.83146, -39.1589 ], [ -71.83064, -39.15972 ], [ -71.83075, -39.16078 ], [ -71.8297, -39.16323 ], [ -71.82943, -39.16475 ], [ -71.82866, -39.16573 ], [ -71.82898, -39.16735 ], [ -71.82845, -39.16844 ], [ -71.82815, -39.16951 ], [ -71.82832, -39.17071 ], [ -71.82868, -39.17184 ], [ -71.82847, -39.17282 ], [ -71.82873, -39.17388 ], [ -71.82832, -39.17486 ], [ -71.82896, -39.17522 ], [ -71.8281, -39.176 ], [ -71.82806, -39.1766 ], [ -71.82855, -39.17722 ], [ -71.82871, -39.17769 ], [ -71.82827, -39.17823 ], [ -71.82855, -39.17955 ], [ -71.82796, -39.18025 ], [ -71.82797, -39.181 ], [ -71.82837, -39.18179 ], [ -71.82809, -39.18329 ], [ -71.82826, -39.18388 ], [ -71.82792, -39.18458 ], [ -71.82736, -39.18548 ], [ -71.8274, -39.18663 ], [ -71.82701, -39.18712 ], [ -71.82583, -39.18763 ], [ -71.82483, -39.1876 ], [ -71.82415, -39.18723 ], [ -71.82333, -39.18699 ], [ -71.82238, -39.18721 ], [ -71.82147, -39.18711 ], [ -71.82028, -39.18732 ], [ -71.81884, -39.18721 ], [ -71.81782, -39.18726 ], [ -71.81676, -39.18691 ], [ -71.81609, -39.18627 ], [ -71.81588, -39.18575 ], [ -71.81553, -39.18524 ], [ -71.8156, -39.18458 ], [ -71.81486, -39.18419 ], [ -71.81448, -39.18376 ], [ -71.81368, -39.18324 ], [ -71.81198, -39.1826 ], [ -71.81141, -39.18218 ], [ -71.81104, -39.18215 ] ] } },
{ "type": "Feature", "properties": { "osm_id": 541942906, "nombre": "Sin nombre", "tipo": "stream", "volcan_codigo": "SOL", "volcan_nombre": "Sollipulli", "drena_volcan": false }, "geometry": { "type": "LineString", "coordinates": [ [ -71.832, -39.16464 ], [ -71.83114, -39.1661 ], [ -71.83054, -39.16752 ], [ -71.82979, -39.17024 ], [ -71.82919, -39.17097 ], [ -71.82868, -39.17184 ] ] } },
{ "type": "Feature", "properties": { "osm_id": 547122450, "nombre": "Estero Namoncay", "tipo": "river", "volcan_codigo": "SOL", "volcan_nombre": "Sollipulli", "drena_volcan": false }, "geometry": { "type": "LineString", "coordinates": [ [ -71.87449, -39.19259 ], [ -71.87189, -39.19209 ], [ -71.87064, -39.19221 ], [ -71.86846, -39.19224 ], [ -71.86708, -39.19202 ], [ -71.8662, -39.19243 ], [ -71.8645, -39.19205 ], [ -71.8633, -39.19266 ], [ -71.86158, -39.19337 ], [ -71.86074, -39.19418 ], [ -71.86014, -39.19463 ], [ -71.85869, -39.1946 ], [ -71.8579, -39.1948 ], [ -71.85687, -39.1948 ] ] } },
{ "type": "Feature", "properties": { "osm_id": 547123683, "nombre": "Río Carrileufú", "tipo": "river", "volcan_codigo": "SOL", "volcan_nombre": "Sollipulli", "drena_volcan": false }, "geometry": { "type": "LineString", "coordinates": [ [ -71.8324, -39.23885 ], [ -71.83404, -39.23906 ], [ -71.83423, -39.23898 ], [ -71.83433, -39.23858 ], [ -71.83474, -39.23846 ], [ -71.835, -39.23852 ], [ -71.83565, -39.23891 ], [ -71.83629, -39.23916 ], [ -71.83688, -39.23924 ], [ -71.83739, -39.23901 ], [ -71.83834, -39.23885 ], [ -71.83912, -39.23906 ], [ -71.83962, -39.23953 ], [ -71.8401, -39.24075 ], [ -71.84059, -39.24115 ], [ -71.84222, -39.24166 ], [ -71.8427, -39.2425 ], [ -71.84372, -39.24333 ], [ -71.84409, -39.24383 ], [ -71.84423, -39.24426 ], [ -71.84405, -39.24476 ] ] } },
{ "type": "Feature", "properties": { "osm_id": 547945024, "nombre": "Sin nombre", "tipo": "river", "volcan_codigo": "SOL", "volcan_nombre": "Sollipulli", "drena_volcan": false }, "geometry": { "type": "LineString", "coordinates": [ [ -71.52661, -38.78365 ], [ -71.53097, -38.78294 ], [ -71.53219, -38.7821 ], [ -71.53322, -38.78218 ], [ -71.53499, -38.782 ], [ -71.53739, -38.78117 ], [ -71.53908, -38.7808 ], [ -71.54014, -38.78 ], [ -71.5421, -38.7788 ], [ -71.54428, -38.77802 ], [ -71.54726, -38.77664 ], [ -71.54856, -38.77572 ], [ -71.55091, -38.77548 ], [ -71.55233, -38.77431 ], [ -71.55424, -38.77388 ], [ -71.55544, -38.7743 ], [ -71.55657, -38.77412 ], [ -71.55684, -38.77386 ], [ -71.55783, -38.77333 ], [ -71.55834, -38.77331 ], [ -71.56005, -38.77261 ], [ -71.56058, -38.77225 ], [ -71.56069, -38.772 ], [ -71.56156, -38.77158 ], [ -71.56251, -38.77164 ], [ -71.56265, -38.77135 ], [ -71.56355, -38.77121 ], [ -71.56408, -38.77092 ], [ -71.56593, -38.77089 ], [ -71.56652, -38.77071 ], [ -71.56692, -38.77044 ], [ -71.56837, -38.7701 ], [ -71.56896, -38.77 ], [ -71.57027, -38.76999 ], [ -71.57094, -38.76987 ], [ -71.57147, -38.7696 ], [ -71.57266, -38.76922 ], [ -71.57283, -38.76905 ], [ -71.57364, -38.7689 ], [ -71.57396, -38.76859 ], [ -71.57447, -38.76841 ], [ -71.57527, -38.76787 ], [ -71.57668, -38.76733 ], [ -71.57706, -38.76688 ], [ -71.57733, -38.76617 ], [ -71.57763, -38.76601 ], [ -71.57869, -38.76569 ], [ -71.57973, -38.76559 ], [ -71.5798, -38.7654 ], [ -71.58019, -38.76519 ], [ -71.58055, -38.7651 ], [ -71.58121, -38.76511 ], [ -71.58249, -38.76477 ], [ -71.58324, -38.76442 ], [ -71.58348, -38.76425 ], [ -71.58376, -38.76376 ], [ -71.58405, -38.76367 ], [ -71.58493, -38.76398 ], [ -71.58509, -38.7639 ], [ -71.58516, -38.76364 ], [ -71.58554, -38.76344 ], [ -71.58638, -38.76268 ], [ -71.58736, -38.76222 ], [ -71.5882, -38.76164 ], [ -71.58845, -38.76154 ], [ -71.58951, -38.76142 ], [ -71.5905, -38.76153 ], [ -71.59061, -38.76167 ], [ -71.59028, -38.76248 ], [ -71.59066, -38.76341 ], [ -71.59093, -38.76349 ], [ -71.59319, -38.76358 ], [ -71.59535, -38.76427 ], [ -71.59592, -38.76441 ], [ -71.59717, -38.7645 ], [ -71.59871, -38.76502 ], [ -71.59905, -38.76484 ], [ -71.59955, -38.76472 ], [ -71.60002, -38.76493 ], [ -71.60002, -38.76508 ], [ -71.60011, -38.76517 ], [ -71.60103, -38.76511 ], [ -71.60207, -38.76534 ], [ -71.60342, -38.76601 ], [ -71.60392, -38.76591 ], [ -71.60474, -38.76539 ], [ -71.60524, -38.76532 ], [ -71.60598, -38.76539 ], [ -71.60668, -38.76564 ], [ -71.60694, -38.76617 ], [ -71.60742, -38.766 ], [ -71.60797, -38.766 ], [ -71.60843, -38.76573 ], [ -71.60871, -38.76567 ], [ -71.60923, -38.76574 ], [ -71.60968, -38.76568 ], [ -71.60996, -38.76578 ], [ -71.61002, -38.76598 ], [ -71.60992, -38.76634 ], [ -71.61018, -38.76714 ], [ -71.6113, -38.76735 ], [ -71.6117, -38.76766 ], [ -71.61229, -38.76769 ], [ -71.61301, -38.76756 ], [ -71.61333, -38.76767 ], [ -71.61311, -38.76804 ], [ -71.61323, -38.7683 ], [ -71.61494, -38.76965 ], [ -71.61531, -38.7701 ], [ -71.61582, -38.77112 ], [ -71.61628, -38.77142 ], [ -71.61668, -38.77162 ], [ -71.61682, -38.77158 ], [ -71.61702, -38.77126 ], [ -71.61714, -38.77119 ], [ -71.61779, -38.77104 ], [ -71.61796, -38.77088 ], [ -71.61834, -38.7709 ], [ -71.61896, -38.77071 ], [ -71.6192, -38.77034 ], [ -71.6196, -38.77017 ], [ -71.62019, -38.77042 ], [ -71.6209, -38.77037 ], [ -71.62117, -38.77044 ], [ -71.62127, -38.77056 ], [ -71.62205, -38.77064 ], [ -71.62239, -38.77084 ], [ -71.62262, -38.77082 ], [ -71.62287, -38.77098 ], [ -71.6228, -38.77128 ], [ -71.62345, -38.7717 ], [ -71.62418, -38.77263 ], [ -71.62421, -38.77288 ], [ -71.6241, -38.77314 ], [ -71.6247, -38.77291 ], [ -71.62562, -38.77295 ], [ -71.62573, -38.773 ], [ -71.62576, -38.77328 ], [ -71.62644, -38.77351 ], [ -71.62678, -38.77384 ], [ -71.62693, -38.77419 ], [ -71.62712, -38.77441 ], [ -71.62751, -38.77466 ], [ -71.62809, -38.77473 ], [ -71.629, -38.77457 ], [ -71.62923, -38.77464 ], [ -71.62984, -38.77519 ], [ -71.63102, -38.77574 ], [ -71.6313, -38.77611 ], [ -71.63105, -38.77709 ], [ -71.6311, -38.77747 ], [ -71.63123, -38.7777 ], [ -71.63177, -38.77816 ], [ -71.63277, -38.77843 ] ] } },
{ "type": "Feature", "properties": { "osm_id": 550710859, "nombre": "Río Allipén", "tipo": "river", "volcan_codigo": "SOL", "volcan_nombre": "Sollipulli", "drena_volcan": false }, "geometry": { "type": "LineString", "coordinates": [ [ -71.91917, -38.94113 ], [ -71.92063, -38.94269 ], [ -71.92312, -38.94487 ], [ -71.92337, -38.9455 ], [ -71.92349, -38.94612 ], [ -71.92371, -38.94651 ], [ -71.92575, -38.94671 ], [ -71.92644, -38.94745 ], [ -71.92726, -38.94778 ], [ -71.92755, -38.94776 ], [ -71.9278, -38.94747 ], [ -71.92873, -38.94709 ], [ -71.92955, -38.94692 ] ] } },
{ "type": "Feature", "properties": { "osm_id": 551958931, "nombre": "Sin nombre", "tipo": "river", "volcan_codigo": "SOL", "volcan_nombre": "Sollipulli", "drena_volcan": false }, "geometry": { "type": "LineString", "coordinates": [ [ -71.67579, -38.82384 ], [ -71.67572, -38.82445 ], [ -71.67445, -38.82633 ], [ -71.67419, -38.82658 ], [ -71.67408, -38.82685 ], [ -71.67409, -38.82714 ], [ -71.67398, -38.82741 ], [ -71.67421, -38.82799 ], [ -71.67354, -38.83079 ], [ -71.67405, -38.83174 ], [ -71.67494, -38.83205 ], [ -71.67536, -38.83238 ], [ -71.67638, -38.83359 ], [ -71.67669, -38.83385 ], [ -71.67685, -38.83424 ], [ -71.67763, -38.83499 ], [ -71.67801, -38.83533 ], [ -71.67926, -38.83594 ], [ -71.67986, -38.83668 ], [ -71.68046, -38.83721 ], [ -71.68121, -38.83839 ], [ -71.68192, -38.83887 ], [ -71.68255, -38.83951 ], [ -71.68289, -38.84011 ], [ -71.68396, -38.84094 ], [ -71.68413, -38.84126 ], [ -71.68455, -38.84152 ], [ -71.68573, -38.84153 ], [ -71.6878, -38.84211 ], [ -71.68825, -38.84234 ], [ -71.68875, -38.84278 ], [ -71.68916, -38.843 ], [ -71.69146, -38.84315 ], [ -71.692, -38.8434 ], [ -71.69233, -38.84376 ], [ -71.69345, -38.84419 ], [ -71.69416, -38.84432 ], [ -71.6945, -38.84458 ], [ -71.69499, -38.84473 ] ] } },
{ "type": "Feature", "properties": { "osm_id": 551958934, "nombre": "Estero El Membrillo", "tipo": "river", "volcan_codigo": "SOL", "volcan_nombre": "Sollipulli", "drena_volcan": false }, "geometry": { "type": "LineString", "coordinates": [ [ -71.69499, -38.84473 ], [ -71.69583, -38.84517 ], [ -71.69578, -38.84533 ], [ -71.69626, -38.84592 ], [ -71.69648, -38.84642 ], [ -71.69672, -38.84661 ], [ -71.6973, -38.84671 ], [ -71.6978, -38.84759 ], [ -71.69794, -38.84767 ], [ -71.69794, -38.84785 ], [ -71.69843, -38.8482 ], [ -71.69865, -38.84892 ], [ -71.6989, -38.84928 ], [ -71.69912, -38.84994 ], [ -71.70034, -38.85077 ], [ -71.70074, -38.8512 ], [ -71.7014, -38.85137 ], [ -71.70191, -38.85188 ], [ -71.70294, -38.85233 ], [ -71.70498, -38.8527 ], [ -71.70675, -38.85338 ], [ -71.70721, -38.85345 ], [ -71.70743, -38.85363 ] ] } },
{ "type": "Feature", "properties": { "osm_id": 558628151, "nombre": "Río Pucón", "tipo": "river", "volcan_codigo": "SOL", "volcan_nombre": "Sollipulli", "drena_volcan": false }, "geometry": { "type": "LineString", "coordinates": [ [ -71.95156, -39.25891 ], [ -71.95218, -39.25847 ], [ -71.95232, -39.25823 ], [ -71.95239, -39.25766 ], [ -71.9525, -39.2574 ], [ -71.95278, -39.25716 ], [ -71.95418, -39.25682 ], [ -71.95549, -39.25631 ], [ -71.95684, -39.25628 ], [ -71.95753, -39.25611 ] ] } },
{ "type": "Feature", "properties": { "osm_id": 558628152, "nombre": "Río Pucón", "tipo": "river", "volcan_codigo": "SOL", "volcan_nombre": "Sollipulli", "drena_volcan": false }, "geometry": { "type": "LineString", "coordinates": [ [ -71.94158, -39.26514 ], [ -71.94233, -39.26417 ], [ -71.94243, -39.26389 ], [ -71.94336, -39.26326 ], [ -71.94374, -39.26243 ], [ -71.94421, -39.26177 ], [ -71.94478, -39.26071 ], [ -71.94491, -39.26011 ], [ -71.94553, -39.25891 ], [ -71.94584, -39.25789 ], [ -71.94613, -39.25724 ], [ -71.9463, -39.25666 ], [ -71.94631, -39.2563 ], [ -71.94724, -39.255 ], [ -71.94731, -39.25478 ] ] } },
{ "type": "Feature", "properties": { "osm_id": 558628153, "nombre": "Río Pucón", "tipo": "river", "volcan_codigo": "SOL", "volcan_nombre": "Sollipulli", "drena_volcan": false }, "geometry": { "type": "LineString", "coordinates": [ [ -71.94843, -39.26111 ], [ -71.95025, -39.25909 ], [ -71.95128, -39.25771 ], [ -71.95175, -39.25748 ] ] } },
{ "type": "Feature", "properties": { "osm_id": 558672514, "nombre": "Río Pucón", "tipo": "river", "volcan_codigo": "SOL", "volcan_nombre": "Sollipulli", "drena_volcan": true }, "geometry": { "type": "LineString", "coordinates": [ [ -71.95107, -39.24909 ], [ -71.9522, -39.24902 ], [ -71.95494, -39.24821 ], [ -71.95627, -39.24798 ], [ -71.95832, -39.24638 ], [ -71.95931, -39.24511 ], [ -71.95972, -39.24485 ], [ -71.96106, -39.24425 ], [ -71.96219, -39.24322 ], [ -71.96277, -39.24254 ], [ -71.96333, -39.24114 ], [ -71.96388, -39.2406 ], [ -71.96487, -39.2393 ] ] } },
{ "type": "Feature", "properties": { "osm_id": 558672515, "nombre": "Río Pucón", "tipo": "river", "volcan_codigo": "SOL", "volcan_nombre": "Sollipulli", "drena_volcan": false }, "geometry": { "type": "LineString", "coordinates": [ [ -71.96277, -39.24254 ], [ -71.96319, -39.24232 ], [ -71.96376, -39.24185 ], [ -71.9641, -39.24143 ], [ -71.96427, -39.24064 ], [ -71.96468, -39.24017 ], [ -71.96541, -39.2398 ], [ -71.96589, -39.23981 ] ] } },
{ "type": "Feature", "properties": { "osm_id": 558826099, "nombre": "Sin nombre", "tipo": "river", "volcan_codigo": "SOL", "volcan_nombre": "Sollipulli", "drena_volcan": false }, "geometry": { "type": "LineString", "coordinates": [ [ -71.9227, -39.25967 ], [ -71.92316, -39.25978 ], [ -71.92383, -39.25972 ] ] } },
{ "type": "Feature", "properties": { "osm_id": 560837552, "nombre": "Sin nombre", "tipo": "stream", "volcan_codigo": "SOL", "volcan_nombre": "Sollipulli", "drena_volcan": false }, "geometry": { "type": "LineString", "coordinates": [ [ -71.21057, -38.92014 ], [ -71.20989, -38.9201 ], [ -71.20936, -38.91993 ], [ -71.20864, -38.91997 ], [ -71.20826, -38.91987 ], [ -71.20794, -38.91967 ], [ -71.20789, -38.91948 ], [ -71.20764, -38.91925 ], [ -71.20695, -38.91875 ], [ -71.20649, -38.91873 ], [ -71.20566, -38.91814 ], [ -71.20521, -38.91809 ], [ -71.20495, -38.91796 ], [ -71.20415, -38.91706 ], [ -71.2031, -38.917 ], [ -71.20184, -38.9164 ], [ -71.20166, -38.91622 ], [ -71.20128, -38.91614 ], [ -71.20081, -38.91575 ], [ -71.19978, -38.91554 ], [ -71.19899, -38.91441 ], [ -71.19861, -38.91401 ], [ -71.19833, -38.91391 ], [ -71.19731, -38.91379 ], [ -71.19692, -38.91341 ], [ -71.19659, -38.91323 ], [ -71.19652, -38.91298 ], [ -71.19635, -38.91277 ], [ -71.19463, -38.91162 ], [ -71.18698, -38.91051 ] ] } },
{ "type": "Feature", "properties": { "osm_id": 560837578, "nombre": "Sin nombre", "tipo": "stream", "volcan_codigo": "SOL", "volcan_nombre": "Sollipulli", "drena_volcan": false }, "geometry": { "type": "LineString", "coordinates": [ [ -71.23, -38.91987 ], [ -71.2297, -38.91997 ], [ -71.22931, -38.92029 ], [ -71.22904, -38.92041 ], [ -71.22649, -38.92125 ], [ -71.22625, -38.92126 ], [ -71.22521, -38.92079 ], [ -71.22443, -38.92062 ], [ -71.2242, -38.92064 ], [ -71.2239, -38.92081 ], [ -71.2237, -38.92106 ], [ -71.22339, -38.92125 ], [ -71.2231, -38.92156 ], [ -71.22192, -38.92226 ], [ -71.22125, -38.92169 ], [ -71.22081, -38.92144 ], [ -71.22058, -38.92147 ], [ -71.22028, -38.92173 ], [ -71.21938, -38.92171 ], [ -71.21869, -38.92191 ], [ -71.21819, -38.92178 ], [ -71.21827, -38.92156 ], [ -71.21818, -38.92136 ], [ -71.2177, -38.92084 ], [ -71.21742, -38.92106 ], [ -71.21706, -38.92114 ], [ -71.21682, -38.92107 ], [ -71.21646, -38.92078 ], [ -71.21602, -38.92081 ], [ -71.21589, -38.92073 ] ] } },
{ "type": "Feature", "properties": { "osm_id": 561099793, "nombre": "Arroyo Coloco", "tipo": "river", "volcan_codigo": "SOL", "volcan_nombre": "Sollipulli", "drena_volcan": false }, "geometry": { "type": "LineString", "coordinates": [ [ -71.38773, -39.19599 ], [ -71.38653, -39.19606 ], [ -71.38591, -39.19624 ], [ -71.38555, -39.19624 ], [ -71.38432, -39.19647 ], [ -71.38394, -39.1967 ], [ -71.38348, -39.1968 ], [ -71.38296, -39.19668 ], [ -71.38255, -39.19632 ], [ -71.38177, -39.19589 ], [ -71.38096, -39.19615 ], [ -71.38012, -39.19619 ], [ -71.37917, -39.19604 ], [ -71.37801, -39.19549 ], [ -71.37688, -39.19558 ], [ -71.37622, -39.19549 ], [ -71.37578, -39.19534 ], [ -71.37488, -39.19361 ], [ -71.37479, -39.19272 ], [ -71.37491, -39.19236 ], [ -71.37489, -39.19214 ], [ -71.37448, -39.19183 ], [ -71.37398, -39.1916 ], [ -71.37359, -39.19119 ], [ -71.3731, -39.19011 ], [ -71.37291, -39.18986 ], [ -71.37268, -39.18915 ], [ -71.37233, -39.18849 ], [ -71.37211, -39.18757 ], [ -71.37121, -39.18639 ], [ -71.37113, -39.18617 ], [ -71.37111, -39.18571 ], [ -71.3713, -39.18525 ], [ -71.37123, -39.18495 ], [ -71.37094, -39.18449 ], [ -71.37122, -39.18409 ], [ -71.37127, -39.18387 ], [ -71.37125, -39.18343 ], [ -71.37115, -39.18308 ], [ -71.37142, -39.18213 ], [ -71.37128, -39.18195 ], [ -71.37113, -39.18187 ], [ -71.37021, -39.18172 ], [ -71.36931, -39.18131 ], [ -71.36907, -39.18116 ], [ -71.36843, -39.18049 ], [ -71.36804, -39.1803 ], [ -71.36539, -39.1793 ], [ -71.36526, -39.17928 ], [ -71.36478, -39.17946 ], [ -71.36451, -39.1793 ], [ -71.36427, -39.179 ], [ -71.36401, -39.17916 ], [ -71.36336, -39.17901 ], [ -71.36322, -39.17888 ], [ -71.36296, -39.17887 ], [ -71.36274, -39.17851 ], [ -71.36177, -39.17905 ], [ -71.36133, -39.17888 ], [ -71.3615, -39.17858 ], [ -71.36133, -39.17842 ], [ -71.36093, -39.1786 ], [ -71.36062, -39.17856 ], [ -71.36019, -39.17869 ], [ -71.3599, -39.17853 ], [ -71.35982, -39.17826 ], [ -71.35967, -39.17819 ], [ -71.35932, -39.1785 ], [ -71.35916, -39.17822 ], [ -71.3589, -39.17816 ], [ -71.35858, -39.17822 ], [ -71.35843, -39.17811 ], [ -71.35858, -39.17752 ], [ -71.35848, -39.17745 ], [ -71.35814, -39.1776 ], [ -71.3578, -39.17791 ], [ -71.35767, -39.17791 ], [ -71.35748, -39.17776 ], [ -71.3574, -39.17739 ], [ -71.35725, -39.17727 ], [ -71.357, -39.17734 ], [ -71.35674, -39.17728 ], [ -71.35641, -39.17742 ], [ -71.35584, -39.17748 ], [ -71.35487, -39.17775 ], [ -71.35435, -39.17776 ], [ -71.35399, -39.17791 ], [ -71.35356, -39.17794 ], [ -71.35312, -39.17791 ], [ -71.35297, -39.17773 ], [ -71.35271, -39.17769 ], [ -71.35263, -39.1776 ], [ -71.35259, -39.17727 ], [ -71.35216, -39.1774 ], [ -71.3519, -39.1774 ], [ -71.35171, -39.17725 ], [ -71.35129, -39.17735 ], [ -71.35112, -39.17712 ], [ -71.35087, -39.17696 ], [ -71.35077, -39.17672 ], [ -71.35035, -39.17661 ], [ -71.35037, -39.1765 ], [ -71.35073, -39.17631 ], [ -71.3505, -39.17598 ], [ -71.35076, -39.17579 ], [ -71.35052, -39.17547 ], [ -71.35023, -39.17553 ], [ -71.3504, -39.17529 ], [ -71.35038, -39.17513 ], [ -71.34998, -39.17481 ], [ -71.34975, -39.17478 ], [ -71.34995, -39.17454 ], [ -71.34993, -39.17443 ], [ -71.3497, -39.17433 ], [ -71.34935, -39.17435 ], [ -71.3489, -39.17396 ], [ -71.3487, -39.17394 ], [ -71.34857, -39.17381 ], [ -71.34865, -39.17349 ], [ -71.34903, -39.17326 ], [ -71.34909, -39.1731 ], [ -71.34878, -39.17281 ], [ -71.34853, -39.17242 ], [ -71.3482, -39.17218 ], [ -71.34826, -39.1718 ], [ -71.34808, -39.17164 ], [ -71.34788, -39.17122 ], [ -71.34754, -39.17076 ], [ -71.347, -39.17043 ], [ -71.34691, -39.17016 ], [ -71.3467, -39.16996 ], [ -71.34655, -39.17001 ], [ -71.34659, -39.17032 ], [ -71.34628, -39.17037 ], [ -71.34602, -39.17019 ], [ -71.34604, -39.16986 ], [ -71.34582, -39.16965 ], [ -71.34565, -39.16956 ], [ -71.34524, -39.16962 ], [ -71.34494, -39.16985 ], [ -71.34476, -39.17019 ], [ -71.34491, -39.17044 ], [ -71.34538, -39.17046 ], [ -71.34543, -39.17066 ], [ -71.34521, -39.17075 ], [ -71.34489, -39.17056 ], [ -71.34482, -39.17058 ], [ -71.34478, -39.17078 ], [ -71.34456, -39.17087 ], [ -71.34439, -39.1708 ], [ -71.34422, -39.17039 ], [ -71.34403, -39.17037 ], [ -71.34368, -39.17049 ], [ -71.34357, -39.17074 ], [ -71.34364, -39.17117 ], [ -71.34332, -39.17144 ], [ -71.34305, -39.17118 ], [ -71.34268, -39.17138 ], [ -71.34234, -39.17135 ], [ -71.34182, -39.17117 ], [ -71.34162, -39.17084 ], [ -71.34115, -39.17095 ], [ -71.34081, -39.17069 ], [ -71.34067, -39.17068 ], [ -71.34021, -39.17092 ], [ -71.33993, -39.17083 ], [ -71.33963, -39.17103 ], [ -71.33952, -39.17098 ], [ -71.33944, -39.17073 ], [ -71.33929, -39.17083 ], [ -71.3392, -39.17105 ], [ -71.33906, -39.17105 ], [ -71.33893, -39.17086 ], [ -71.33914, -39.17072 ], [ -71.33913, -39.17054 ], [ -71.33835, -39.17058 ], [ -71.33815, -39.17032 ], [ -71.33797, -39.17024 ], [ -71.33759, -39.17029 ], [ -71.33686, -39.17072 ], [ -71.33667, -39.17074 ], [ -71.33651, -39.17059 ], [ -71.33689, -39.17041 ], [ -71.33699, -39.17021 ], [ -71.3368, -39.17 ], [ -71.33679, -39.16974 ], [ -71.33664, -39.16957 ], [ -71.3364, -39.1696 ], [ -71.33642, -39.1698 ], [ -71.33634, -39.16988 ], [ -71.33588, -39.16992 ], [ -71.33561, -39.17007 ], [ -71.33546, -39.16998 ], [ -71.33541, -39.16971 ], [ -71.33404, -39.16991 ], [ -71.3338, -39.16954 ], [ -71.33356, -39.16936 ], [ -71.33331, -39.16869 ], [ -71.3333, -39.16842 ], [ -71.33307, -39.16834 ], [ -71.33278, -39.16858 ], [ -71.33253, -39.16857 ], [ -71.33248, -39.1683 ], [ -71.33229, -39.16802 ], [ -71.33191, -39.16783 ], [ -71.33172, -39.16786 ], [ -71.33165, -39.16816 ], [ -71.33141, -39.16817 ], [ -71.33139, -39.16806 ], [ -71.33156, -39.16788 ], [ -71.33156, -39.16767 ], [ -71.33128, -39.16746 ], [ -71.3311, -39.16746 ], [ -71.33081, -39.16766 ], [ -71.33066, -39.16793 ], [ -71.33046, -39.16796 ], [ -71.33007, -39.16788 ], [ -71.32948, -39.1679 ], [ -71.32912, -39.16738 ], [ -71.32883, -39.16726 ], [ -71.32864, -39.16728 ], [ -71.32833, -39.16745 ], [ -71.32794, -39.16738 ], [ -71.32782, -39.16719 ], [ -71.32783, -39.1666 ], [ -71.32776, -39.1665 ], [ -71.32721, -39.16602 ], [ -71.3267, -39.16587 ], [ -71.32662, -39.16578 ], [ -71.32663, -39.1656 ], [ -71.32693, -39.16536 ], [ -71.32688, -39.16521 ], [ -71.32616, -39.16519 ], [ -71.32605, -39.165 ], [ -71.32606, -39.16454 ], [ -71.32507, -39.16435 ], [ -71.32481, -39.16391 ], [ -71.32424, -39.16386 ], [ -71.32407, -39.16357 ], [ -71.32363, -39.16345 ], [ -71.32327, -39.16365 ], [ -71.3231, -39.16332 ], [ -71.32254, -39.16306 ], [ -71.32243, -39.16292 ], [ -71.32247, -39.1626 ], [ -71.32287, -39.16237 ], [ -71.32283, -39.16209 ], [ -71.32261, -39.16193 ], [ -71.32209, -39.16195 ], [ -71.322, -39.16187 ], [ -71.32199, -39.1616 ], [ -71.32173, -39.1616 ], [ -71.32114, -39.16233 ], [ -71.32087, -39.16248 ], [ -71.32061, -39.16249 ], [ -71.32051, -39.16224 ], [ -71.32032, -39.16222 ], [ -71.32014, -39.16227 ], [ -71.31972, -39.16263 ], [ -71.31954, -39.16267 ], [ -71.31942, -39.16262 ], [ -71.31932, -39.16237 ], [ -71.31912, -39.16235 ], [ -71.31788, -39.16293 ], [ -71.31727, -39.16296 ], [ -71.31706, -39.16284 ], [ -71.31688, -39.16256 ], [ -71.31648, -39.16237 ], [ -71.31509, -39.16224 ], [ -71.31488, -39.16198 ], [ -71.31424, -39.16151 ], [ -71.31375, -39.1614 ], [ -71.31348, -39.16086 ], [ -71.31309, -39.16063 ], [ -71.31292, -39.1604 ], [ -71.31258, -39.16014 ] ] } },
{ "type": "Feature", "properties": { "osm_id": 561099807, "nombre": "Sin nombre", "tipo": "stream", "volcan_codigo": "SOL", "volcan_nombre": "Sollipulli", "drena_volcan": false }, "geometry": { "type": "LineString", "coordinates": [ [ -71.39152, -39.14778 ], [ -71.3918, -39.1467 ], [ -71.39178, -39.14625 ], [ -71.39161, -39.14594 ], [ -71.39162, -39.14572 ], [ -71.39199, -39.14512 ], [ -71.39207, -39.14456 ], [ -71.39223, -39.14437 ], [ -71.39238, -39.14434 ], [ -71.39254, -39.14372 ], [ -71.39251, -39.14337 ], [ -71.39176, -39.14178 ], [ -71.39193, -39.14114 ], [ -71.39191, -39.14056 ], [ -71.39182, -39.14034 ], [ -71.39164, -39.14005 ], [ -71.39109, -39.1397 ], [ -71.38996, -39.13922 ], [ -71.38871, -39.13887 ], [ -71.38831, -39.1386 ], [ -71.38824, -39.13828 ], [ -71.38824, -39.13763 ], [ -71.38794, -39.13728 ], [ -71.3873, -39.13685 ], [ -71.38724, -39.13663 ], [ -71.38737, -39.13609 ], [ -71.38728, -39.13576 ], [ -71.3865, -39.13498 ], [ -71.38693, -39.1344 ], [ -71.38701, -39.13417 ], [ -71.38708, -39.13281 ], [ -71.38808, -39.13186 ], [ -71.38925, -39.13052 ], [ -71.38931, -39.13008 ], [ -71.38945, -39.12974 ], [ -71.38937, -39.12906 ], [ -71.3895, -39.12805 ], [ -71.39023, -39.12669 ], [ -71.3909, -39.1259 ], [ -71.39154, -39.12528 ], [ -71.39192, -39.12512 ], [ -71.39324, -39.12506 ], [ -71.39392, -39.12473 ], [ -71.39422, -39.12441 ] ] } },
{ "type": "Feature", "properties": { "osm_id": 561099813, "nombre": "Sin nombre", "tipo": "stream", "volcan_codigo": "SOL", "volcan_nombre": "Sollipulli", "drena_volcan": false }, "geometry": { "type": "LineString", "coordinates": [ [ -71.41076, -39.16297 ], [ -71.41047, -39.16214 ], [ -71.4095, -39.16079 ], [ -71.40941, -39.15996 ], [ -71.40906, -39.15926 ], [ -71.40876, -39.15831 ], [ -71.40782, -39.15656 ], [ -71.40781, -39.15613 ], [ -71.40802, -39.1556 ], [ -71.40802, -39.15481 ], [ -71.40753, -39.15405 ], [ -71.40732, -39.1526 ], [ -71.40657, -39.1517 ], [ -71.40618, -39.15077 ], [ -71.40556, -39.14993 ], [ -71.40554, -39.14951 ], [ -71.40499, -39.14868 ], [ -71.40478, -39.14814 ], [ -71.40479, -39.14752 ], [ -71.40465, -39.14653 ], [ -71.40455, -39.14611 ], [ -71.40429, -39.14563 ], [ -71.40432, -39.14506 ], [ -71.40342, -39.14395 ], [ -71.40325, -39.14338 ], [ -71.4035, -39.14146 ], [ -71.40382, -39.14095 ], [ -71.40376, -39.14054 ], [ -71.40345, -39.14019 ], [ -71.40341, -39.13986 ], [ -71.40415, -39.13917 ], [ -71.40429, -39.13886 ], [ -71.40405, -39.13799 ], [ -71.40419, -39.13695 ], [ -71.40376, -39.13642 ], [ -71.40369, -39.13621 ], [ -71.4037, -39.13385 ], [ -71.40353, -39.13343 ], [ -71.40352, -39.13299 ], [ -71.40365, -39.13246 ], [ -71.40353, -39.13171 ], [ -71.40373, -39.13117 ], [ -71.40368, -39.13083 ], [ -71.40427, -39.13019 ], [ -71.4043, -39.12973 ], [ -71.40373, -39.12877 ], [ -71.40294, -39.12815 ], [ -71.40235, -39.12731 ], [ -71.40179, -39.12704 ], [ -71.40089, -39.12637 ], [ -71.40076, -39.12596 ], [ -71.4003, -39.12572 ], [ -71.3996, -39.12503 ], [ -71.39918, -39.12481 ], [ -71.39862, -39.12471 ], [ -71.39848, -39.1244 ], [ -71.39776, -39.12391 ], [ -71.3976, -39.12361 ], [ -71.39724, -39.12331 ] ] } },
{ "type": "Feature", "properties": { "osm_id": 561110028, "nombre": "Arroyo Nompehuen", "tipo": "river", "volcan_codigo": "SOL", "volcan_nombre": "Sollipulli", "drena_volcan": false }, "geometry": { "type": "LineString", "coordinates": [ [ -71.30892, -39.09339 ], [ -71.30871, -39.0937 ], [ -71.30871, -39.09416 ], [ -71.30884, -39.09441 ], [ -71.30942, -39.09496 ], [ -71.30944, -39.09515 ], [ -71.30931, -39.09545 ], [ -71.30962, -39.09596 ], [ -71.30965, -39.09629 ], [ -71.30979, -39.0965 ], [ -71.31024, -39.09685 ], [ -71.31072, -39.09777 ], [ -71.3114, -39.09846 ], [ -71.31145, -39.09884 ], [ -71.31118, -39.09937 ], [ -71.31125, -39.09975 ], [ -71.31148, -39.10003 ], [ -71.31154, -39.10035 ], [ -71.3114, -39.10061 ], [ -71.31091, -39.10098 ], [ -71.3107, -39.10172 ], [ -71.31043, -39.10216 ], [ -71.31013, -39.10251 ], [ -71.30961, -39.10284 ], [ -71.30946, -39.10314 ], [ -71.30935, -39.10369 ], [ -71.30892, -39.10416 ], [ -71.30892, -39.10448 ], [ -71.30917, -39.10475 ], [ -71.30914, -39.10519 ], [ -71.30882, -39.10578 ], [ -71.30877, -39.10616 ], [ -71.30837, -39.10659 ], [ -71.30845, -39.10698 ], [ -71.30838, -39.10718 ], [ -71.30777, -39.10773 ], [ -71.30749, -39.10868 ], [ -71.30763, -39.10893 ], [ -71.30811, -39.10939 ], [ -71.30751, -39.10973 ], [ -71.30709, -39.11027 ], [ -71.30719, -39.11039 ], [ -71.30755, -39.11046 ], [ -71.30764, -39.1106 ], [ -71.30749, -39.11071 ], [ -71.30708, -39.1107 ], [ -71.30663, -39.11105 ], [ -71.3055, -39.11138 ], [ -71.30482, -39.1119 ], [ -71.30477, -39.11206 ], [ -71.30441, -39.11236 ], [ -71.30441, -39.11273 ], [ -71.30502, -39.11318 ], [ -71.30462, -39.11374 ], [ -71.30489, -39.11379 ], [ -71.30549, -39.1141 ], [ -71.30561, -39.11433 ], [ -71.30549, -39.11445 ], [ -71.30469, -39.11464 ], [ -71.30455, -39.11474 ], [ -71.30445, -39.11499 ], [ -71.3048, -39.11505 ], [ -71.3052, -39.11529 ], [ -71.3052, -39.11539 ], [ -71.30511, -39.11553 ], [ -71.30469, -39.11567 ], [ -71.30441, -39.11589 ], [ -71.30438, -39.11604 ], [ -71.30455, -39.11621 ], [ -71.30456, -39.11636 ], [ -71.30402, -39.11629 ], [ -71.30376, -39.11648 ], [ -71.30358, -39.11698 ], [ -71.30336, -39.11708 ], [ -71.30342, -39.11732 ], [ -71.30321, -39.11788 ], [ -71.30361, -39.11823 ], [ -71.30361, -39.11861 ], [ -71.30295, -39.11923 ], [ -71.30287, -39.11949 ], [ -71.30292, -39.11981 ], [ -71.30285, -39.12018 ], [ -71.30207, -39.12078 ], [ -71.30167, -39.1208 ], [ -71.30127, -39.12099 ], [ -71.30093, -39.12082 ], [ -71.29932, -39.12088 ], [ -71.29879, -39.1214 ], [ -71.29854, -39.12147 ], [ -71.2983, -39.12139 ], [ -71.29824, -39.12118 ], [ -71.29811, -39.12107 ], [ -71.29799, -39.1211 ], [ -71.29783, -39.12139 ], [ -71.29744, -39.1214 ], [ -71.29724, -39.12118 ], [ -71.29718, -39.12085 ], [ -71.29696, -39.12066 ], [ -71.29677, -39.12065 ], [ -71.29629, -39.12093 ], [ -71.29602, -39.12097 ], [ -71.29571, -39.12088 ], [ -71.29536, -39.12056 ], [ -71.29518, -39.12052 ], [ -71.29507, -39.12064 ], [ -71.29488, -39.12068 ], [ -71.29479, -39.12082 ], [ -71.29518, -39.12098 ], [ -71.29522, -39.12113 ], [ -71.29517, -39.12123 ], [ -71.29482, -39.12134 ], [ -71.29483, -39.12171 ], [ -71.29426, -39.12175 ], [ -71.29446, -39.12213 ], [ -71.29422, -39.12222 ], [ -71.29397, -39.12249 ], [ -71.29368, -39.12258 ], [ -71.29352, -39.12336 ], [ -71.2932, -39.1237 ], [ -71.29285, -39.12382 ], [ -71.29233, -39.12375 ], [ -71.29179, -39.12399 ], [ -71.29117, -39.12395 ], [ -71.29076, -39.12423 ], [ -71.28991, -39.12409 ], [ -71.28972, -39.12414 ], [ -71.28956, -39.1243 ], [ -71.28885, -39.12432 ], [ -71.28856, -39.12445 ], [ -71.28859, -39.12461 ], [ -71.28846, -39.12486 ], [ -71.28807, -39.12514 ], [ -71.28735, -39.12502 ], [ -71.28693, -39.12471 ], [ -71.28677, -39.12449 ], [ -71.28662, -39.1245 ] ] } },
{ "type": "Feature", "properties": { "osm_id": 561110083, "nombre": "Arroyo Mapio", "tipo": "river", "volcan_codigo": "SOL", "volcan_nombre": "Sollipulli", "drena_volcan": false }, "geometry": { "type": "LineString", "coordinates": [ [ -71.25754, -39.06194 ], [ -71.25676, -39.06219 ], [ -71.25553, -39.06204 ], [ -71.25521, -39.06233 ], [ -71.25481, -39.06229 ], [ -71.25467, -39.06239 ], [ -71.25468, -39.06256 ], [ -71.25431, -39.06286 ], [ -71.25394, -39.06277 ], [ -71.25358, -39.06315 ], [ -71.25322, -39.06327 ], [ -71.25288, -39.06366 ], [ -71.25256, -39.06374 ], [ -71.25229, -39.06398 ], [ -71.25179, -39.06423 ], [ -71.25176, -39.06447 ], [ -71.25155, -39.06446 ], [ -71.25131, -39.0647 ], [ -71.2509, -39.06478 ], [ -71.24947, -39.0656 ], [ -71.24927, -39.06561 ], [ -71.24889, -39.06534 ], [ -71.24875, -39.06534 ], [ -71.24801, -39.0657 ], [ -71.24708, -39.06641 ], [ -71.24645, -39.06627 ], [ -71.24613, -39.06653 ], [ -71.24554, -39.06658 ], [ -71.24518, -39.06689 ], [ -71.24513, -39.06709 ], [ -71.24487, -39.06724 ], [ -71.24458, -39.06758 ], [ -71.2438, -39.06819 ], [ -71.24294, -39.06868 ], [ -71.24295, -39.06905 ], [ -71.24266, -39.0692 ], [ -71.24235, -39.06962 ], [ -71.2418, -39.07 ], [ -71.2412, -39.07013 ], [ -71.24111, -39.07021 ], [ -71.24124, -39.07068 ], [ -71.24038, -39.07147 ], [ -71.24016, -39.07212 ], [ -71.23984, -39.07239 ], [ -71.23982, -39.07271 ], [ -71.23941, -39.07311 ], [ -71.23935, -39.07381 ], [ -71.23895, -39.07395 ], [ -71.23891, -39.07422 ], [ -71.23851, -39.07477 ], [ -71.2384, -39.07518 ], [ -71.23854, -39.07598 ], [ -71.2374, -39.07678 ], [ -71.23744, -39.07694 ], [ -71.23772, -39.07711 ], [ -71.2378, -39.07727 ], [ -71.2374, -39.07755 ], [ -71.23703, -39.07767 ], [ -71.23674, -39.07794 ], [ -71.23662, -39.0783 ], [ -71.2362, -39.07856 ], [ -71.2364, -39.07867 ], [ -71.23653, -39.07897 ], [ -71.23611, -39.07919 ], [ -71.23627, -39.0794 ], [ -71.23627, -39.07962 ], [ -71.23539, -39.08007 ], [ -71.23537, -39.0806 ], [ -71.23528, -39.08067 ], [ -71.23486, -39.08067 ], [ -71.23453, -39.08087 ], [ -71.23429, -39.08107 ], [ -71.23429, -39.08142 ], [ -71.23404, -39.08179 ], [ -71.23346, -39.08204 ], [ -71.23343, -39.08249 ], [ -71.23383, -39.08376 ], [ -71.23385, -39.08403 ], [ -71.23381, -39.08424 ], [ -71.23356, -39.08467 ], [ -71.23342, -39.08545 ], [ -71.2333, -39.08547 ], [ -71.23295, -39.08524 ], [ -71.2326, -39.08528 ], [ -71.23147, -39.08641 ], [ -71.23103, -39.08672 ], [ -71.23105, -39.08714 ], [ -71.23164, -39.08759 ], [ -71.23155, -39.08804 ], [ -71.23168, -39.08828 ], [ -71.2319, -39.08948 ], [ -71.23149, -39.08991 ], [ -71.23088, -39.09099 ], [ -71.23057, -39.09121 ], [ -71.23042, -39.09156 ], [ -71.22986, -39.0922 ], [ -71.22956, -39.09242 ], [ -71.22923, -39.09245 ], [ -71.22891, -39.09277 ], [ -71.22837, -39.09279 ], [ -71.22757, -39.09314 ], [ -71.22724, -39.09317 ], [ -71.22674, -39.09301 ], [ -71.22616, -39.09299 ], [ -71.22479, -39.0934 ], [ -71.22405, -39.09389 ], [ -71.22353, -39.09391 ], [ -71.22275, -39.09473 ], [ -71.22239, -39.09478 ], [ -71.22172, -39.09534 ], [ -71.22136, -39.09534 ], [ -71.22119, -39.09552 ], [ -71.22079, -39.09562 ], [ -71.2207, -39.09581 ], [ -71.21981, -39.09615 ], [ -71.21923, -39.09665 ], [ -71.21913, -39.09696 ], [ -71.21879, -39.097 ], [ -71.2185, -39.09729 ], [ -71.21791, -39.09728 ], [ -71.21748, -39.0974 ], [ -71.21726, -39.09764 ], [ -71.21723, -39.09779 ], [ -71.21689, -39.09798 ], [ -71.2169, -39.09823 ], [ -71.2164, -39.09845 ], [ -71.21603, -39.09884 ], [ -71.21595, -39.09931 ], [ -71.2157, -39.10002 ], [ -71.21626, -39.10043 ], [ -71.21556, -39.1013 ], [ -71.21477, -39.10146 ], [ -71.2135, -39.10126 ], [ -71.21284, -39.10171 ], [ -71.21227, -39.10158 ], [ -71.2107, -39.10198 ], [ -71.21001, -39.10197 ], [ -71.20981, -39.10217 ], [ -71.20967, -39.10259 ], [ -71.20933, -39.10295 ], [ -71.2094, -39.10331 ], [ -71.20911, -39.10372 ], [ -71.20916, -39.10384 ], [ -71.20952, -39.10378 ], [ -71.20987, -39.10384 ], [ -71.2101, -39.10406 ], [ -71.20997, -39.10445 ], [ -71.21029, -39.10475 ], [ -71.21066, -39.1049 ], [ -71.21143, -39.10493 ], [ -71.21189, -39.10525 ], [ -71.21199, -39.10546 ], [ -71.21233, -39.1055 ], [ -71.21237, -39.10558 ], [ -71.21216, -39.10586 ], [ -71.21233, -39.10614 ], [ -71.21194, -39.1066 ], [ -71.21198, -39.10689 ], [ -71.21219, -39.10701 ], [ -71.21241, -39.10701 ], [ -71.21301, -39.10672 ], [ -71.21362, -39.10668 ], [ -71.21396, -39.1069 ], [ -71.21399, -39.10701 ], [ -71.21385, -39.10714 ], [ -71.21359, -39.10725 ], [ -71.2135, -39.10763 ], [ -71.21383, -39.10836 ], [ -71.21446, -39.10833 ], [ -71.215, -39.10868 ], [ -71.21529, -39.10961 ], [ -71.21564, -39.10991 ], [ -71.21627, -39.11024 ], [ -71.21629, -39.11033 ], [ -71.21615, -39.11051 ], [ -71.21566, -39.11073 ], [ -71.21574, -39.11119 ], [ -71.21589, -39.11137 ], [ -71.21657, -39.11169 ], [ -71.21704, -39.11164 ], [ -71.21769, -39.11122 ], [ -71.21799, -39.11115 ], [ -71.21945, -39.11128 ], [ -71.21976, -39.11142 ], [ -71.21972, -39.11159 ], [ -71.21984, -39.11207 ], [ -71.22063, -39.1126 ], [ -71.22079, -39.11279 ], [ -71.22085, -39.11335 ], [ -71.22019, -39.11394 ], [ -71.22033, -39.11407 ], [ -71.22064, -39.11411 ], [ -71.22093, -39.11432 ], [ -71.22108, -39.11502 ], [ -71.22093, -39.1151 ], [ -71.22065, -39.11492 ], [ -71.22042, -39.11494 ], [ -71.22026, -39.11504 ], [ -71.22019, -39.11529 ], [ -71.22068, -39.11565 ], [ -71.22158, -39.11581 ], [ -71.22167, -39.11586 ], [ -71.2217, -39.11601 ], [ -71.22172, -39.11622 ], [ -71.22163, -39.11633 ], [ -71.22109, -39.11676 ], [ -71.22114, -39.11711 ], [ -71.22155, -39.1173 ], [ -71.22203, -39.11733 ], [ -71.2224, -39.11719 ], [ -71.22269, -39.1174 ], [ -71.22309, -39.11743 ], [ -71.22325, -39.11758 ], [ -71.22319, -39.1181 ], [ -71.22338, -39.11846 ], [ -71.22354, -39.11859 ], [ -71.22434, -39.11847 ], [ -71.22456, -39.11835 ], [ -71.22463, -39.1181 ], [ -71.22453, -39.11773 ], [ -71.2246, -39.11755 ], [ -71.22479, -39.11745 ], [ -71.22529, -39.11764 ], [ -71.22587, -39.11839 ], [ -71.22634, -39.1185 ], [ -71.2273, -39.11909 ], [ -71.2275, -39.11903 ], [ -71.22757, -39.1182 ], [ -71.22785, -39.1181 ], [ -71.2284, -39.11812 ], [ -71.22877, -39.11881 ], [ -71.22866, -39.11902 ], [ -71.22827, -39.11934 ], [ -71.22821, -39.11953 ], [ -71.22839, -39.11969 ], [ -71.22892, -39.11989 ], [ -71.2297, -39.11966 ], [ -71.23037, -39.11998 ], [ -71.23044, -39.12028 ], [ -71.23004, -39.12082 ], [ -71.23002, -39.12094 ], [ -71.2301, -39.12101 ], [ -71.23037, -39.12101 ], [ -71.23103, -39.12078 ], [ -71.23138, -39.12048 ], [ -71.23182, -39.12072 ], [ -71.23198, -39.12123 ], [ -71.23182, -39.12141 ], [ -71.23136, -39.1214 ], [ -71.23133, -39.1216 ], [ -71.23147, -39.12181 ], [ -71.23182, -39.12205 ], [ -71.23237, -39.1217 ], [ -71.2326, -39.1217 ], [ -71.23312, -39.12187 ], [ -71.23333, -39.12218 ], [ -71.23374, -39.12251 ], [ -71.23361, -39.12278 ], [ -71.23362, -39.12296 ], [ -71.23433, -39.12341 ], [ -71.23435, -39.12361 ], [ -71.23413, -39.12375 ], [ -71.23362, -39.1236 ], [ -71.23346, -39.12383 ], [ -71.23359, -39.12395 ], [ -71.23433, -39.12421 ], [ -71.23465, -39.12443 ], [ -71.23461, -39.12454 ], [ -71.23429, -39.12464 ], [ -71.23424, -39.12477 ], [ -71.23464, -39.12576 ], [ -71.23486, -39.12585 ], [ -71.23558, -39.12589 ], [ -71.23563, -39.12596 ], [ -71.23528, -39.12623 ], [ -71.23549, -39.1264 ], [ -71.2362, -39.12626 ], [ -71.23668, -39.12598 ], [ -71.23682, -39.12602 ], [ -71.23693, -39.12624 ], [ -71.23685, -39.12674 ], [ -71.23706, -39.12701 ], [ -71.23739, -39.12721 ], [ -71.23797, -39.12774 ], [ -71.23824, -39.12812 ], [ -71.23881, -39.12847 ], [ -71.23887, -39.12858 ], [ -71.23878, -39.12869 ], [ -71.23726, -39.12868 ], [ -71.23599, -39.12928 ], [ -71.23578, -39.12951 ], [ -71.23618, -39.13002 ], [ -71.23609, -39.13039 ], [ -71.23584, -39.13061 ], [ -71.23523, -39.13078 ], [ -71.23451, -39.13115 ], [ -71.23366, -39.1308 ], [ -71.23345, -39.13096 ], [ -71.23339, -39.13127 ], [ -71.23294, -39.13158 ], [ -71.22957, -39.13249 ], [ -71.22835, -39.13313 ], [ -71.22818, -39.13329 ], [ -71.22793, -39.13401 ], [ -71.22692, -39.1348 ], [ -71.22699, -39.13513 ], [ -71.22742, -39.13515 ], [ -71.22755, -39.13527 ], [ -71.22755, -39.13543 ], [ -71.22711, -39.13584 ], [ -71.2261, -39.1362 ], [ -71.22611, -39.13631 ], [ -71.22629, -39.13634 ], [ -71.22623, -39.13647 ], [ -71.22578, -39.13684 ], [ -71.22523, -39.13709 ], [ -71.22519, -39.13733 ], [ -71.22529, -39.13766 ], [ -71.225, -39.13806 ], [ -71.22467, -39.13833 ], [ -71.2246, -39.13849 ], [ -71.22499, -39.13883 ], [ -71.225, -39.13892 ], [ -71.22477, -39.13909 ], [ -71.22351, -39.13903 ], [ -71.22334, -39.13889 ], [ -71.22329, -39.13856 ], [ -71.22308, -39.13838 ], [ -71.22281, -39.13839 ], [ -71.2224, -39.13809 ], [ -71.22218, -39.13806 ], [ -71.22175, -39.13829 ], [ -71.22167, -39.13862 ], [ -71.2215, -39.13876 ], [ -71.22102, -39.13884 ], [ -71.22077, -39.13867 ], [ -71.22063, -39.13866 ], [ -71.22046, -39.1388 ], [ -71.22032, -39.13941 ], [ -71.22014, -39.13956 ], [ -71.21993, -39.13956 ], [ -71.21937, -39.13919 ], [ -71.21908, -39.13914 ], [ -71.21894, -39.13904 ], [ -71.21894, -39.13881 ], [ -71.21912, -39.13847 ], [ -71.21886, -39.1383 ], [ -71.21813, -39.13891 ], [ -71.21767, -39.13953 ], [ -71.21763, -39.13979 ] ] } },
{ "type": "Feature", "properties": { "osm_id": 561110093, "nombre": "Sin nombre", "tipo": "stream", "volcan_codigo": "SOL", "volcan_nombre": "Sollipulli", "drena_volcan": false }, "geometry": { "type": "LineString", "coordinates": [ [ -71.26051, -39.05615 ], [ -71.26037, -39.05625 ], [ -71.26037, -39.05656 ], [ -71.26024, -39.05685 ], [ -71.25989, -39.05718 ], [ -71.25994, -39.05733 ], [ -71.25974, -39.05754 ], [ -71.25977, -39.05774 ], [ -71.25954, -39.058 ], [ -71.25949, -39.05826 ], [ -71.25921, -39.05878 ], [ -71.25914, -39.05931 ], [ -71.25891, -39.05955 ], [ -71.25898, -39.05981 ], [ -71.25886, -39.05994 ], [ -71.25889, -39.06008 ], [ -71.25878, -39.06014 ], [ -71.25882, -39.06041 ], [ -71.25841, -39.06095 ], [ -71.25829, -39.06124 ], [ -71.2579, -39.06156 ], [ -71.25784, -39.06172 ], [ -71.25761, -39.0618 ], [ -71.25754, -39.06194 ] ] } },
{ "type": "Feature", "properties": { "osm_id": 561110094, "nombre": "Sin nombre", "tipo": "stream", "volcan_codigo": "SOL", "volcan_nombre": "Sollipulli", "drena_volcan": false }, "geometry": { "type": "LineString", "coordinates": [ [ -71.27987, -39.06873 ], [ -71.27977, -39.06898 ], [ -71.27935, -39.06916 ], [ -71.27903, -39.06945 ], [ -71.27849, -39.06971 ], [ -71.27809, -39.07002 ], [ -71.27789, -39.07006 ], [ -71.27783, -39.07031 ], [ -71.27766, -39.0705 ], [ -71.27775, -39.07064 ], [ -71.27762, -39.07079 ], [ -71.27657, -39.0713 ], [ -71.27578, -39.07123 ], [ -71.2755, -39.07145 ], [ -71.27543, -39.07143 ], [ -71.27537, -39.07126 ], [ -71.27517, -39.07121 ], [ -71.275, -39.07125 ], [ -71.27432, -39.07115 ], [ -71.2739, -39.0712 ], [ -71.27365, -39.07113 ], [ -71.27288, -39.07113 ], [ -71.27223, -39.07073 ], [ -71.27207, -39.07074 ], [ -71.27182, -39.07048 ], [ -71.27165, -39.07046 ], [ -71.27159, -39.07022 ], [ -71.27117, -39.07022 ], [ -71.27121, -39.07011 ], [ -71.27095, -39.07016 ], [ -71.27083, -39.07006 ], [ -71.27046, -39.0701 ], [ -71.26992, -39.07034 ], [ -71.26927, -39.07026 ], [ -71.26896, -39.06992 ], [ -71.26883, -39.06942 ], [ -71.26835, -39.0692 ], [ -71.26821, -39.0692 ], [ -71.26754, -39.06952 ], [ -71.26726, -39.0695 ], [ -71.2673, -39.0696 ], [ -71.26712, -39.0697 ], [ -71.26669, -39.06954 ], [ -71.26636, -39.06975 ], [ -71.26616, -39.07005 ], [ -71.26588, -39.07011 ], [ -71.26517, -39.06999 ], [ -71.26469, -39.06968 ], [ -71.2642, -39.0697 ], [ -71.26359, -39.06948 ], [ -71.26307, -39.06947 ], [ -71.26305, -39.06937 ], [ -71.26284, -39.06924 ], [ -71.26273, -39.06887 ], [ -71.26275, -39.06855 ], [ -71.26247, -39.06825 ], [ -71.26248, -39.06808 ], [ -71.26238, -39.068 ], [ -71.26179, -39.06803 ], [ -71.26034, -39.0685 ], [ -71.25975, -39.06796 ], [ -71.25966, -39.06766 ], [ -71.25914, -39.06763 ], [ -71.25915, -39.06748 ], [ -71.259, -39.06736 ], [ -71.25929, -39.06723 ], [ -71.25931, -39.06707 ], [ -71.25946, -39.06696 ], [ -71.25937, -39.06672 ], [ -71.25968, -39.06658 ], [ -71.25963, -39.0664 ], [ -71.2597, -39.06621 ], [ -71.26036, -39.06588 ], [ -71.26053, -39.06572 ], [ -71.26053, -39.06561 ], [ -71.2603, -39.06539 ], [ -71.26004, -39.06529 ], [ -71.25962, -39.06537 ], [ -71.25936, -39.06528 ], [ -71.25912, -39.06539 ], [ -71.25883, -39.06535 ], [ -71.25849, -39.06516 ], [ -71.25804, -39.06474 ], [ -71.25792, -39.06442 ], [ -71.25801, -39.06368 ], [ -71.25814, -39.06348 ], [ -71.25816, -39.06327 ], [ -71.25797, -39.06292 ], [ -71.25799, -39.06243 ], [ -71.25776, -39.0621 ], [ -71.25754, -39.06194 ] ] } },
{ "type": "Feature", "properties": { "osm_id": 561273530, "nombre": "Arroyo Remecó", "tipo": "river", "volcan_codigo": "SOL", "volcan_nombre": "Sollipulli", "drena_volcan": false }, "geometry": { "type": "LineString", "coordinates": [ [ -71.38853, -39.02439 ], [ -71.38889, -39.02502 ], [ -71.38841, -39.02545 ], [ -71.38855, -39.02575 ], [ -71.38817, -39.02639 ], [ -71.38843, -39.0267 ], [ -71.38827, -39.02694 ], [ -71.38853, -39.02731 ], [ -71.38823, -39.02756 ], [ -71.38801, -39.02807 ], [ -71.38811, -39.02831 ], [ -71.38808, -39.02852 ], [ -71.38829, -39.02886 ], [ -71.38769, -39.0296 ], [ -71.38762, -39.02987 ], [ -71.38738, -39.0301 ], [ -71.38725, -39.03039 ], [ -71.38681, -39.03052 ], [ -71.38588, -39.03054 ], [ -71.38499, -39.03111 ], [ -71.38482, -39.03138 ], [ -71.38451, -39.03129 ], [ -71.38416, -39.03131 ], [ -71.38411, -39.0314 ], [ -71.3842, -39.03154 ], [ -71.38406, -39.03165 ], [ -71.38368, -39.03156 ], [ -71.38326, -39.03177 ], [ -71.38289, -39.03173 ], [ -71.38178, -39.03201 ], [ -71.38142, -39.0322 ], [ -71.38049, -39.03232 ], [ -71.38017, -39.03277 ], [ -71.37999, -39.03274 ], [ -71.37989, -39.03253 ], [ -71.37952, -39.03238 ], [ -71.3785, -39.0327 ], [ -71.37762, -39.0327 ], [ -71.37737, -39.03297 ], [ -71.37735, -39.03316 ], [ -71.37713, -39.03323 ], [ -71.37684, -39.03318 ], [ -71.37667, -39.03331 ], [ -71.37652, -39.0336 ], [ -71.3762, -39.0336 ], [ -71.37568, -39.03389 ], [ -71.37529, -39.03398 ], [ -71.37477, -39.03396 ], [ -71.37448, -39.03419 ], [ -71.37464, -39.03443 ], [ -71.37452, -39.03467 ], [ -71.37399, -39.03482 ], [ -71.37358, -39.03473 ], [ -71.37341, -39.03483 ], [ -71.3732, -39.0348 ], [ -71.37299, -39.03488 ], [ -71.37252, -39.03529 ], [ -71.37203, -39.03587 ], [ -71.37158, -39.03613 ], [ -71.37125, -39.03656 ], [ -71.37115, -39.03686 ], [ -71.37119, -39.03727 ], [ -71.3711, -39.03735 ], [ -71.37097, -39.03738 ], [ -71.37027, -39.03721 ], [ -71.36932, -39.03797 ], [ -71.36888, -39.03818 ], [ -71.3684, -39.03818 ], [ -71.36781, -39.03834 ], [ -71.36733, -39.03869 ], [ -71.36647, -39.03892 ], [ -71.36636, -39.03923 ], [ -71.3662, -39.03939 ], [ -71.36565, -39.03967 ], [ -71.3655, -39.03991 ], [ -71.36518, -39.03995 ], [ -71.36475, -39.04029 ], [ -71.36453, -39.04079 ], [ -71.36458, -39.04119 ], [ -71.36436, -39.04145 ], [ -71.36431, -39.04175 ], [ -71.36387, -39.04207 ], [ -71.36373, -39.04253 ], [ -71.36351, -39.04272 ], [ -71.36307, -39.04287 ], [ -71.36177, -39.04375 ], [ -71.36132, -39.04372 ], [ -71.36127, -39.04362 ], [ -71.36133, -39.0434 ], [ -71.36117, -39.04335 ], [ -71.36079, -39.04379 ], [ -71.36053, -39.04391 ], [ -71.36017, -39.04396 ], [ -71.35996, -39.0441 ], [ -71.36005, -39.04434 ], [ -71.35991, -39.04452 ], [ -71.36001, -39.04467 ], [ -71.35997, -39.04471 ], [ -71.35979, -39.04465 ], [ -71.35974, -39.04448 ], [ -71.35962, -39.04446 ], [ -71.35911, -39.04461 ], [ -71.3588, -39.04482 ], [ -71.35872, -39.04496 ], [ -71.35881, -39.04526 ], [ -71.35921, -39.04565 ], [ -71.35923, -39.04581 ], [ -71.35901, -39.04617 ], [ -71.35903, -39.04627 ], [ -71.35952, -39.04668 ], [ -71.35955, -39.04684 ], [ -71.35942, -39.04713 ], [ -71.35912, -39.04725 ], [ -71.35852, -39.04685 ], [ -71.35786, -39.04681 ], [ -71.3577, -39.04698 ], [ -71.35754, -39.04741 ], [ -71.3569, -39.04772 ], [ -71.35713, -39.04839 ], [ -71.35733, -39.04854 ], [ -71.3577, -39.04864 ], [ -71.35781, -39.04877 ], [ -71.35758, -39.04895 ], [ -71.35682, -39.04894 ], [ -71.35644, -39.04907 ], [ -71.35592, -39.04949 ], [ -71.35592, -39.04964 ], [ -71.35609, -39.04988 ], [ -71.35597, -39.05014 ], [ -71.35583, -39.05024 ], [ -71.35534, -39.05027 ], [ -71.35512, -39.05044 ], [ -71.35505, -39.05064 ], [ -71.3552, -39.05096 ], [ -71.35512, -39.05132 ], [ -71.35552, -39.05221 ], [ -71.35482, -39.05263 ], [ -71.35475, -39.05278 ], [ -71.35425, -39.05296 ], [ -71.35419, -39.05306 ], [ -71.35444, -39.05342 ], [ -71.35431, -39.05356 ], [ -71.35458, -39.05379 ], [ -71.35453, -39.05395 ], [ -71.35415, -39.05426 ], [ -71.35381, -39.05412 ], [ -71.35337, -39.05424 ], [ -71.35292, -39.05478 ], [ -71.35217, -39.05528 ], [ -71.35199, -39.05555 ], [ -71.35206, -39.0559 ], [ -71.35225, -39.05622 ], [ -71.35206, -39.05647 ], [ -71.35177, -39.0567 ], [ -71.35162, -39.05671 ], [ -71.351, -39.05723 ], [ -71.35121, -39.0576 ], [ -71.35121, -39.05778 ], [ -71.35098, -39.05795 ], [ -71.35069, -39.05803 ], [ -71.34926, -39.05824 ], [ -71.3494, -39.05872 ], [ -71.34915, -39.05878 ], [ -71.34907, -39.05906 ], [ -71.34944, -39.05933 ], [ -71.34956, -39.05949 ], [ -71.34956, -39.05966 ], [ -71.34897, -39.05978 ], [ -71.34881, -39.05994 ], [ -71.34897, -39.06038 ], [ -71.34919, -39.06059 ], [ -71.34885, -39.06063 ], [ -71.3485, -39.06077 ], [ -71.34739, -39.06164 ], [ -71.34697, -39.06165 ], [ -71.34699, -39.06199 ], [ -71.34669, -39.06235 ], [ -71.34658, -39.06264 ], [ -71.34625, -39.0625 ], [ -71.34596, -39.06272 ], [ -71.34574, -39.06312 ], [ -71.34509, -39.06364 ], [ -71.34447, -39.06385 ], [ -71.34446, -39.06399 ], [ -71.34471, -39.06414 ], [ -71.34471, -39.06424 ], [ -71.34346, -39.0652 ], [ -71.34332, -39.06521 ], [ -71.34291, -39.06494 ], [ -71.34276, -39.06494 ], [ -71.34237, -39.06537 ], [ -71.3419, -39.06553 ], [ -71.34179, -39.06584 ], [ -71.34109, -39.06628 ], [ -71.34066, -39.06612 ], [ -71.34038, -39.06612 ], [ -71.34027, -39.06601 ], [ -71.33994, -39.06619 ], [ -71.33976, -39.06654 ], [ -71.33963, -39.06655 ], [ -71.33941, -39.06643 ], [ -71.33921, -39.06646 ], [ -71.33878, -39.06683 ], [ -71.33887, -39.06773 ], [ -71.33877, -39.06792 ], [ -71.33853, -39.06784 ], [ -71.33813, -39.06804 ], [ -71.33772, -39.06777 ], [ -71.33747, -39.06787 ], [ -71.33733, -39.06815 ], [ -71.33702, -39.06832 ], [ -71.33662, -39.06821 ], [ -71.33654, -39.06829 ], [ -71.33654, -39.0685 ], [ -71.33636, -39.06875 ], [ -71.33654, -39.06925 ], [ -71.33679, -39.06945 ], [ -71.33684, -39.0696 ], [ -71.33628, -39.06963 ], [ -71.3353, -39.07016 ], [ -71.33471, -39.07012 ], [ -71.33445, -39.07052 ], [ -71.3343, -39.07062 ], [ -71.33398, -39.07041 ], [ -71.3339, -39.07048 ], [ -71.3339, -39.07088 ], [ -71.33404, -39.0713 ], [ -71.33392, -39.07151 ], [ -71.33304, -39.07207 ], [ -71.3326, -39.07215 ], [ -71.33239, -39.07235 ], [ -71.33207, -39.07244 ], [ -71.33187, -39.07259 ], [ -71.33193, -39.0729 ], [ -71.33231, -39.07343 ], [ -71.33186, -39.07399 ], [ -71.33166, -39.07467 ] ] } },
{ "type": "Feature", "properties": { "osm_id": 561273534, "nombre": "Sin nombre", "tipo": "river", "volcan_codigo": "SOL", "volcan_nombre": "Sollipulli", "drena_volcan": false }, "geometry": { "type": "LineString", "coordinates": [ [ -71.32189, -39.12024 ], [ -71.32183, -39.12061 ], [ -71.32071, -39.1209 ], [ -71.32067, -39.12095 ], [ -71.32109, -39.12128 ], [ -71.32108, -39.12144 ], [ -71.32099, -39.12151 ], [ -71.32065, -39.1215 ], [ -71.32054, -39.12175 ], [ -71.3201, -39.12185 ], [ -71.31992, -39.122 ], [ -71.31989, -39.12213 ] ] } },
{ "type": "Feature", "properties": { "osm_id": 561273535, "nombre": "Sin nombre", "tipo": "river", "volcan_codigo": "SOL", "volcan_nombre": "Sollipulli", "drena_volcan": false }, "geometry": { "type": "LineString", "coordinates": [ [ -71.32442, -39.11958 ], [ -71.32403, -39.11977 ], [ -71.32347, -39.11985 ], [ -71.32265, -39.1198 ], [ -71.32172, -39.12033 ], [ -71.32038, -39.12087 ], [ -71.31975, -39.12095 ], [ -71.31892, -39.12122 ] ] } },
{ "type": "Feature", "properties": { "osm_id": 561273539, "nombre": "Sin nombre", "tipo": "stream", "volcan_codigo": "SOL", "volcan_nombre": "Sollipulli", "drena_volcan": false }, "geometry": { "type": "LineString", "coordinates": [ [ -71.3449, -39.03386 ], [ -71.34565, -39.03574 ], [ -71.34588, -39.03587 ], [ -71.34656, -39.03591 ], [ -71.34694, -39.03601 ], [ -71.34733, -39.03624 ], [ -71.34771, -39.03704 ], [ -71.34824, -39.03719 ], [ -71.34892, -39.03777 ], [ -71.35042, -39.03833 ], [ -71.3506, -39.03854 ], [ -71.35052, -39.03893 ], [ -71.35099, -39.03933 ], [ -71.35106, -39.03949 ], [ -71.35108, -39.04003 ], [ -71.35151, -39.04062 ], [ -71.35209, -39.04096 ], [ -71.35238, -39.04125 ], [ -71.35307, -39.04157 ], [ -71.35348, -39.04189 ], [ -71.35351, -39.04199 ], [ -71.35339, -39.04212 ], [ -71.35341, -39.04222 ], [ -71.35388, -39.04265 ], [ -71.35443, -39.04299 ], [ -71.35449, -39.04343 ], [ -71.35495, -39.04369 ], [ -71.35528, -39.04417 ], [ -71.3557, -39.04442 ], [ -71.35702, -39.04478 ], [ -71.35759, -39.04513 ], [ -71.35776, -39.04536 ], [ -71.35791, -39.04537 ], [ -71.35824, -39.04515 ], [ -71.35881, -39.04526 ] ] } },
{ "type": "Feature", "properties": { "osm_id": 561516111, "nombre": "Sin nombre", "tipo": "stream", "volcan_codigo": "SOL", "volcan_nombre": "Sollipulli", "drena_volcan": false }, "geometry": { "type": "LineString", "coordinates": [ [ -71.36597, -39.15508 ], [ -71.36523, -39.15541 ], [ -71.36497, -39.15564 ], [ -71.36447, -39.15575 ], [ -71.36336, -39.15649 ], [ -71.36214, -39.15687 ], [ -71.36025, -39.1571 ], [ -71.35978, -39.15729 ], [ -71.35916, -39.15723 ], [ -71.3586, -39.15739 ], [ -71.35826, -39.15766 ], [ -71.35768, -39.15774 ], [ -71.35759, -39.15793 ], [ -71.35737, -39.15812 ], [ -71.3567, -39.15834 ], [ -71.3564, -39.15854 ], [ -71.35647, -39.1588 ], [ -71.35622, -39.15911 ], [ -71.35622, -39.15932 ], [ -71.35605, -39.15977 ], [ -71.35569, -39.15999 ], [ -71.35527, -39.15997 ], [ -71.35502, -39.16025 ], [ -71.35444, -39.16039 ], [ -71.35419, -39.16063 ], [ -71.35362, -39.16092 ], [ -71.35277, -39.16166 ], [ -71.35208, -39.16182 ], [ -71.35151, -39.16227 ], [ -71.35139, -39.16251 ], [ -71.35142, -39.16269 ], [ -71.35093, -39.16303 ], [ -71.35071, -39.16334 ], [ -71.35015, -39.16354 ], [ -71.34879, -39.16381 ], [ -71.34832, -39.1641 ], [ -71.34788, -39.16423 ], [ -71.34759, -39.16443 ], [ -71.34717, -39.16453 ], [ -71.34678, -39.16475 ], [ -71.34612, -39.16477 ], [ -71.34542, -39.16521 ], [ -71.34412, -39.1656 ], [ -71.34396, -39.16589 ], [ -71.34363, -39.1662 ], [ -71.34302, -39.16663 ], [ -71.34236, -39.16686 ], [ -71.34151, -39.16769 ], [ -71.3415, -39.16779 ], [ -71.34195, -39.16795 ], [ -71.34215, -39.16817 ], [ -71.34177, -39.16858 ], [ -71.34189, -39.16887 ], [ -71.34171, -39.16887 ], [ -71.34134, -39.1687 ], [ -71.34111, -39.16887 ], [ -71.34079, -39.16882 ], [ -71.34048, -39.16911 ], [ -71.34057, -39.16926 ], [ -71.34054, -39.16941 ], [ -71.34009, -39.16939 ], [ -71.33998, -39.16945 ], [ -71.34011, -39.16997 ], [ -71.33994, -39.17003 ], [ -71.3397, -39.16996 ], [ -71.33963, -39.17021 ], [ -71.33922, -39.17034 ], [ -71.33913, -39.17054 ] ] } },
{ "type": "Feature", "properties": { "osm_id": 561516112, "nombre": "Sin nombre", "tipo": "stream", "volcan_codigo": "SOL", "volcan_nombre": "Sollipulli", "drena_volcan": false }, "geometry": { "type": "LineString", "coordinates": [ [ -71.36851, -39.14976 ], [ -71.36868, -39.15023 ], [ -71.36909, -39.15049 ], [ -71.36934, -39.15093 ], [ -71.3695, -39.15106 ], [ -71.3699, -39.15191 ], [ -71.37028, -39.15234 ], [ -71.37023, -39.15253 ], [ -71.37033, -39.15267 ] ] } },
{ "type": "Feature", "properties": { "osm_id": 561516113, "nombre": "Sin nombre", "tipo": "stream", "volcan_codigo": "SOL", "volcan_nombre": "Sollipulli", "drena_volcan": false }, "geometry": { "type": "LineString", "coordinates": [ [ -71.35712, -39.14526 ], [ -71.35697, -39.14374 ], [ -71.35639, -39.14136 ], [ -71.35627, -39.14116 ], [ -71.35479, -39.14008 ], [ -71.35388, -39.1385 ], [ -71.35311, -39.13757 ], [ -71.353, -39.13715 ], [ -71.35255, -39.13619 ], [ -71.35127, -39.13402 ], [ -71.35114, -39.13359 ], [ -71.35054, -39.13231 ], [ -71.35021, -39.13116 ], [ -71.34959, -39.12973 ], [ -71.34923, -39.12919 ], [ -71.34828, -39.12841 ], [ -71.34764, -39.12775 ], [ -71.3474, -39.12735 ], [ -71.34724, -39.1273 ] ] } },
{ "type": "Feature", "properties": { "osm_id": 561523747, "nombre": "Sin nombre", "tipo": "stream", "volcan_codigo": "SOL", "volcan_nombre": "Sollipulli", "drena_volcan": false }, "geometry": { "type": "LineString", "coordinates": [ [ -71.33914, -39.17172 ], [ -71.33856, -39.17102 ], [ -71.33817, -39.17076 ], [ -71.33791, -39.17025 ] ] } },
{ "type": "Feature", "properties": { "osm_id": 561523748, "nombre": "Sin nombre", "tipo": "stream", "volcan_codigo": "SOL", "volcan_nombre": "Sollipulli", "drena_volcan": false }, "geometry": { "type": "LineString", "coordinates": [ [ -71.34085, -39.19865 ], [ -71.34084, -39.19843 ], [ -71.34094, -39.19816 ], [ -71.34087, -39.19767 ], [ -71.34103, -39.1973 ], [ -71.34104, -39.19702 ], [ -71.34137, -39.19586 ], [ -71.3418, -39.19507 ], [ -71.34171, -39.19481 ], [ -71.34206, -39.19437 ], [ -71.34239, -39.19327 ], [ -71.34262, -39.19291 ], [ -71.34284, -39.1921 ], [ -71.34342, -39.19132 ], [ -71.3436, -39.19087 ], [ -71.34378, -39.19068 ], [ -71.34356, -39.19014 ], [ -71.34371, -39.18884 ], [ -71.34348, -39.18844 ], [ -71.34337, -39.18799 ], [ -71.34386, -39.18697 ], [ -71.34388, -39.18673 ], [ -71.34375, -39.18614 ], [ -71.3439, -39.18588 ], [ -71.34431, -39.18547 ], [ -71.34417, -39.18498 ], [ -71.34505, -39.18414 ], [ -71.34624, -39.1824 ], [ -71.34628, -39.18212 ], [ -71.34614, -39.18168 ], [ -71.34631, -39.18125 ], [ -71.34659, -39.18089 ], [ -71.34667, -39.1806 ], [ -71.34672, -39.1801 ], [ -71.34651, -39.17975 ], [ -71.34683, -39.17911 ], [ -71.34681, -39.17856 ], [ -71.34706, -39.17792 ], [ -71.34697, -39.17755 ], [ -71.34738, -39.17701 ], [ -71.34748, -39.17675 ], [ -71.34675, -39.17589 ], [ -71.34583, -39.17529 ], [ -71.34513, -39.17317 ], [ -71.34464, -39.17245 ], [ -71.34411, -39.17186 ], [ -71.34349, -39.17135 ] ] } },
{ "type": "Feature", "properties": { "osm_id": 561523752, "nombre": "Sin nombre", "tipo": "river", "volcan_codigo": "SOL", "volcan_nombre": "Sollipulli", "drena_volcan": false }, "geometry": { "type": "LineString", "coordinates": [ [ -71.31654, -39.23086 ], [ -71.31653, -39.23101 ], [ -71.3169, -39.23142 ], [ -71.31694, -39.23157 ], [ -71.31683, -39.23169 ], [ -71.31697, -39.23177 ], [ -71.31657, -39.23216 ], [ -71.31638, -39.23212 ], [ -71.31628, -39.23222 ], [ -71.31625, -39.23253 ], [ -71.31658, -39.23247 ], [ -71.31675, -39.23255 ], [ -71.31633, -39.23295 ], [ -71.31672, -39.23309 ], [ -71.31703, -39.23311 ], [ -71.31725, -39.23325 ], [ -71.31679, -39.23365 ], [ -71.31693, -39.23383 ], [ -71.31693, -39.23395 ], [ -71.31648, -39.23416 ], [ -71.31655, -39.23441 ], [ -71.31618, -39.23473 ] ] } },
{ "type": "Feature", "properties": { "osm_id": 561774449, "nombre": "Sin nombre", "tipo": "stream", "volcan_codigo": "SOL", "volcan_nombre": "Sollipulli", "drena_volcan": false }, "geometry": { "type": "LineString", "coordinates": [ [ -71.4087, -39.33072 ], [ -71.40919, -39.33105 ], [ -71.40943, -39.3311 ] ] } },
{ "type": "Feature", "properties": { "osm_id": 562053995, "nombre": "Sin nombre", "tipo": "stream", "volcan_codigo": "SOL", "volcan_nombre": "Sollipulli", "drena_volcan": false }, "geometry": { "type": "LineString", "coordinates": [ [ -71.29287, -39.17307 ], [ -71.29285, -39.1724 ], [ -71.29268, -39.1721 ], [ -71.2927, -39.17188 ], [ -71.29333, -39.17098 ], [ -71.29343, -39.17031 ], [ -71.2938, -39.16996 ], [ -71.294, -39.16943 ], [ -71.29396, -39.16911 ], [ -71.29381, -39.16892 ], [ -71.29382, -39.16832 ], [ -71.29358, -39.16788 ], [ -71.29379, -39.16765 ], [ -71.29386, -39.16692 ], [ -71.29409, -39.16645 ], [ -71.29411, -39.16612 ], [ -71.29445, -39.16584 ], [ -71.29436, -39.16547 ], [ -71.29444, -39.16497 ], [ -71.29415, -39.16449 ], [ -71.29415, -39.16432 ], [ -71.29448, -39.16401 ], [ -71.29469, -39.16364 ], [ -71.29489, -39.16276 ], [ -71.295, -39.16261 ], [ -71.29501, -39.16244 ], [ -71.29488, -39.16225 ], [ -71.29493, -39.16189 ], [ -71.29542, -39.16141 ], [ -71.29586, -39.16054 ], [ -71.29631, -39.16009 ], [ -71.29674, -39.15936 ], [ -71.29693, -39.15886 ], [ -71.29693, -39.15831 ], [ -71.29742, -39.15789 ], [ -71.29755, -39.15741 ], [ -71.29777, -39.157 ], [ -71.29796, -39.15585 ], [ -71.29808, -39.15553 ], [ -71.2981, -39.15506 ], [ -71.29818, -39.15484 ], [ -71.29842, -39.15461 ], [ -71.29805, -39.15382 ], [ -71.29801, -39.15336 ], [ -71.29808, -39.15313 ], [ -71.29852, -39.15263 ], [ -71.29912, -39.15231 ], [ -71.29987, -39.15163 ], [ -71.3002, -39.15108 ], [ -71.30094, -39.15068 ], [ -71.30187, -39.15056 ], [ -71.30278, -39.15029 ], [ -71.30301, -39.15033 ], [ -71.30357, -39.15062 ], [ -71.30411, -39.15064 ], [ -71.30505, -39.15038 ], [ -71.30595, -39.14999 ], [ -71.30712, -39.15012 ], [ -71.30743, -39.15006 ] ] } },
{ "type": "Feature", "properties": { "osm_id": 562053996, "nombre": "Sin nombre", "tipo": "stream", "volcan_codigo": "SOL", "volcan_nombre": "Sollipulli", "drena_volcan": false }, "geometry": { "type": "LineString", "coordinates": [ [ -71.30208, -39.16886 ], [ -71.30302, -39.16816 ], [ -71.30368, -39.16785 ], [ -71.30465, -39.16719 ], [ -71.30537, -39.16699 ], [ -71.30581, -39.1667 ], [ -71.30663, -39.16644 ], [ -71.30707, -39.16615 ], [ -71.30816, -39.16572 ], [ -71.30859, -39.16567 ], [ -71.30911, -39.16501 ], [ -71.31037, -39.16425 ], [ -71.31109, -39.16371 ], [ -71.3113, -39.16343 ], [ -71.31297, -39.16233 ], [ -71.31341, -39.16185 ], [ -71.31368, -39.16132 ] ] } },
{ "type": "Feature", "properties": { "osm_id": 562053999, "nombre": "Sin nombre", "tipo": "stream", "volcan_codigo": "SOL", "volcan_nombre": "Sollipulli", "drena_volcan": false }, "geometry": { "type": "LineString", "coordinates": [ [ -71.31005, -39.19286 ], [ -71.31007, -39.19275 ], [ -71.30957, -39.1923 ], [ -71.30955, -39.19216 ], [ -71.30936, -39.19219 ], [ -71.30916, -39.19244 ], [ -71.30884, -39.19261 ], [ -71.3087, -39.19261 ], [ -71.30822, -39.19225 ], [ -71.30822, -39.19187 ], [ -71.30801, -39.19173 ], [ -71.30788, -39.19174 ], [ -71.30793, -39.19159 ], [ -71.30778, -39.19142 ], [ -71.30788, -39.19131 ], [ -71.30773, -39.19121 ], [ -71.30785, -39.19095 ], [ -71.30808, -39.19083 ], [ -71.30804, -39.19045 ], [ -71.3082, -39.19017 ], [ -71.30806, -39.18975 ], [ -71.30807, -39.18955 ], [ -71.30837, -39.18941 ], [ -71.30881, -39.18876 ], [ -71.30894, -39.18844 ], [ -71.30948, -39.18795 ], [ -71.30975, -39.18742 ], [ -71.31009, -39.18738 ], [ -71.30993, -39.18723 ], [ -71.31008, -39.18713 ], [ -71.31027, -39.18669 ], [ -71.31029, -39.18641 ], [ -71.31053, -39.18608 ], [ -71.3106, -39.18575 ], [ -71.3108, -39.18546 ], [ -71.31056, -39.18515 ], [ -71.3106, -39.18488 ], [ -71.311, -39.18432 ], [ -71.31128, -39.18405 ], [ -71.3115, -39.18366 ], [ -71.31153, -39.18331 ], [ -71.31196, -39.18298 ], [ -71.31242, -39.1828 ], [ -71.3126, -39.18252 ], [ -71.31249, -39.18233 ], [ -71.31247, -39.18188 ], [ -71.31279, -39.18157 ], [ -71.31304, -39.18097 ], [ -71.31295, -39.1807 ], [ -71.31328, -39.18026 ], [ -71.31328, -39.18004 ], [ -71.31289, -39.17899 ], [ -71.31285, -39.17833 ], [ -71.3133, -39.17765 ], [ -71.31334, -39.17742 ], [ -71.31321, -39.17712 ], [ -71.31324, -39.1769 ], [ -71.31358, -39.17628 ], [ -71.31432, -39.17532 ], [ -71.31441, -39.17488 ], [ -71.31482, -39.17455 ], [ -71.31496, -39.17426 ], [ -71.31522, -39.17416 ], [ -71.31538, -39.17385 ], [ -71.31571, -39.17349 ], [ -71.31608, -39.17273 ], [ -71.31537, -39.17119 ], [ -71.31549, -39.17074 ], [ -71.31593, -39.17026 ], [ -71.31631, -39.16927 ], [ -71.31637, -39.16828 ], [ -71.31654, -39.16811 ], [ -71.31781, -39.16758 ], [ -71.31811, -39.16734 ], [ -71.31831, -39.16704 ], [ -71.31832, -39.16671 ], [ -71.31816, -39.16597 ], [ -71.31821, -39.16552 ], [ -71.31759, -39.16444 ], [ -71.31749, -39.16412 ], [ -71.31793, -39.16331 ], [ -71.31792, -39.16308 ], [ -71.31774, -39.16295 ] ] } },
{ "type": "Feature", "properties": { "osm_id": 562054001, "nombre": "Sin nombre", "tipo": "stream", "volcan_codigo": "SOL", "volcan_nombre": "Sollipulli", "drena_volcan": false }, "geometry": { "type": "LineString", "coordinates": [ [ -71.32262, -39.18269 ], [ -71.32283, -39.18252 ], [ -71.32348, -39.18151 ], [ -71.32363, -39.18104 ], [ -71.3235, -39.18059 ], [ -71.32279, -39.17958 ], [ -71.32262, -39.17916 ], [ -71.32215, -39.17753 ], [ -71.3218, -39.17663 ], [ -71.32153, -39.17545 ], [ -71.32118, -39.1746 ], [ -71.32116, -39.17346 ], [ -71.3215, -39.17186 ], [ -71.32213, -39.17075 ], [ -71.32273, -39.17015 ], [ -71.32399, -39.16913 ], [ -71.32556, -39.16803 ], [ -71.32676, -39.16704 ], [ -71.32695, -39.16684 ], [ -71.32736, -39.16613 ] ] } },
{ "type": "Feature", "properties": { "osm_id": 562054002, "nombre": "Sin nombre", "tipo": "stream", "volcan_codigo": "SOL", "volcan_nombre": "Sollipulli", "drena_volcan": false }, "geometry": { "type": "LineString", "coordinates": [ [ -71.32929, -39.18505 ], [ -71.3297, -39.18374 ], [ -71.33007, -39.18291 ], [ -71.33039, -39.18249 ], [ -71.33092, -39.18207 ], [ -71.33125, -39.18171 ], [ -71.33127, -39.18081 ], [ -71.33122, -39.18058 ], [ -71.33095, -39.18019 ], [ -71.33077, -39.17855 ], [ -71.33095, -39.17728 ], [ -71.33095, -39.17602 ], [ -71.33131, -39.17509 ], [ -71.33176, -39.17446 ], [ -71.33247, -39.17317 ], [ -71.33331, -39.17224 ], [ -71.33313, -39.17136 ], [ -71.33322, -39.17066 ], [ -71.33356, -39.17016 ], [ -71.3338, -39.16954 ] ] } },
{ "type": "Feature", "properties": { "osm_id": 562610171, "nombre": "Arroyo Calfiquiera", "tipo": "river", "volcan_codigo": "SOL", "volcan_nombre": "Sollipulli", "drena_volcan": false }, "geometry": { "type": "LineString", "coordinates": [ [ -71.33138, -39.21342 ], [ -71.3313, -39.21322 ], [ -71.33112, -39.21323 ], [ -71.33106, -39.21303 ], [ -71.33087, -39.21301 ], [ -71.33074, -39.21314 ], [ -71.33054, -39.21316 ], [ -71.33052, -39.21285 ], [ -71.33033, -39.21289 ], [ -71.33023, -39.2127 ], [ -71.33016, -39.21269 ], [ -71.33005, -39.21287 ], [ -71.32985, -39.21289 ], [ -71.32976, -39.21281 ], [ -71.32979, -39.21264 ], [ -71.32956, -39.21254 ], [ -71.32937, -39.21268 ], [ -71.32946, -39.21288 ], [ -71.32931, -39.21304 ], [ -71.329, -39.21312 ], [ -71.32858, -39.21302 ], [ -71.32849, -39.21294 ], [ -71.3285, -39.21277 ], [ -71.32883, -39.21247 ], [ -71.32868, -39.21217 ], [ -71.32831, -39.21182 ], [ -71.3281, -39.21192 ], [ -71.32745, -39.21155 ], [ -71.32714, -39.21155 ], [ -71.3271, -39.21145 ], [ -71.32723, -39.2113 ], [ -71.32717, -39.21121 ], [ -71.32694, -39.21127 ], [ -71.32693, -39.21164 ], [ -71.32678, -39.21181 ], [ -71.32656, -39.21174 ], [ -71.32661, -39.21154 ], [ -71.32652, -39.21147 ], [ -71.3263, -39.21157 ], [ -71.32627, -39.21172 ], [ -71.32653, -39.21191 ], [ -71.32645, -39.21198 ], [ -71.32632, -39.21195 ], [ -71.32616, -39.21174 ], [ -71.32588, -39.21194 ], [ -71.32539, -39.21191 ], [ -71.32419, -39.21147 ], [ -71.32383, -39.21123 ], [ -71.32352, -39.21119 ], [ -71.32348, -39.21098 ], [ -71.32337, -39.21093 ], [ -71.3231, -39.2111 ], [ -71.32285, -39.21103 ], [ -71.32271, -39.21114 ], [ -71.32204, -39.21083 ], [ -71.32136, -39.21039 ], [ -71.32088, -39.21031 ], [ -71.32052, -39.21038 ], [ -71.32016, -39.21016 ], [ -71.31988, -39.21031 ], [ -71.31948, -39.21034 ], [ -71.31872, -39.20992 ], [ -71.31848, -39.21001 ], [ -71.31821, -39.20996 ], [ -71.31801, -39.20975 ], [ -71.31786, -39.20929 ], [ -71.31767, -39.20914 ], [ -71.31761, -39.20893 ], [ -71.31739, -39.20881 ], [ -71.31691, -39.20879 ], [ -71.31673, -39.20886 ], [ -71.31667, -39.209 ], [ -71.31712, -39.20928 ], [ -71.31684, -39.20949 ], [ -71.3164, -39.20924 ], [ -71.31594, -39.20935 ], [ -71.31589, -39.2092 ], [ -71.31598, -39.20899 ], [ -71.31569, -39.20878 ], [ -71.31522, -39.20897 ], [ -71.31453, -39.20892 ], [ -71.31397, -39.20855 ], [ -71.31377, -39.20828 ], [ -71.31375, -39.20806 ], [ -71.31391, -39.20769 ], [ -71.31366, -39.20738 ], [ -71.3135, -39.20677 ], [ -71.31317, -39.20643 ], [ -71.31272, -39.20648 ], [ -71.31222, -39.20622 ], [ -71.31191, -39.20638 ], [ -71.3114, -39.20638 ], [ -71.31105, -39.20613 ], [ -71.3108, -39.20617 ], [ -71.31069, -39.20611 ], [ -71.31057, -39.20591 ], [ -71.31069, -39.20585 ], [ -71.31069, -39.20574 ], [ -71.31063, -39.20574 ], [ -71.31026, -39.20591 ], [ -71.31028, -39.20602 ], [ -71.31045, -39.20612 ], [ -71.31035, -39.20625 ], [ -71.3095, -39.20602 ], [ -71.30941, -39.20616 ], [ -71.30953, -39.20639 ], [ -71.30944, -39.20653 ], [ -71.30928, -39.20661 ], [ -71.30893, -39.20648 ], [ -71.30845, -39.20682 ], [ -71.30817, -39.20661 ], [ -71.30828, -39.20642 ], [ -71.30845, -39.20648 ], [ -71.30852, -39.20638 ], [ -71.30846, -39.20622 ], [ -71.30823, -39.2061 ], [ -71.3081, -39.20609 ], [ -71.30781, -39.20637 ], [ -71.3073, -39.20661 ], [ -71.30674, -39.20616 ], [ -71.30676, -39.206 ], [ -71.30692, -39.20581 ], [ -71.30675, -39.20547 ], [ -71.30705, -39.20526 ], [ -71.30708, -39.20521 ], [ -71.30698, -39.20514 ], [ -71.30625, -39.20499 ], [ -71.30576, -39.20514 ], [ -71.30523, -39.20505 ], [ -71.30469, -39.20509 ], [ -71.3043, -39.20526 ], [ -71.30442, -39.20556 ], [ -71.30409, -39.20596 ], [ -71.30359, -39.20592 ], [ -71.30351, -39.20607 ], [ -71.30325, -39.20624 ], [ -71.30249, -39.20718 ], [ -71.30237, -39.20744 ], [ -71.30189, -39.20787 ], [ -71.30166, -39.20819 ], [ -71.30124, -39.20845 ], [ -71.30072, -39.20851 ], [ -71.30045, -39.20867 ], [ -71.30044, -39.20883 ], [ -71.30086, -39.20902 ], [ -71.30067, -39.20923 ], [ -71.29998, -39.20943 ], [ -71.29967, -39.20979 ], [ -71.29935, -39.21001 ], [ -71.29895, -39.21002 ], [ -71.29869, -39.20991 ], [ -71.298, -39.20997 ], [ -71.29783, -39.20989 ], [ -71.29765, -39.20999 ], [ -71.29763, -39.21026 ], [ -71.29781, -39.21055 ], [ -71.29806, -39.21046 ], [ -71.29815, -39.21053 ], [ -71.29825, -39.21078 ], [ -71.29814, -39.21097 ], [ -71.29767, -39.21103 ], [ -71.29685, -39.21129 ], [ -71.29653, -39.21127 ], [ -71.2963, -39.21116 ], [ -71.29544, -39.21101 ], [ -71.29517, -39.21124 ], [ -71.29495, -39.21166 ], [ -71.29441, -39.21197 ], [ -71.29401, -39.21234 ], [ -71.29363, -39.21239 ], [ -71.29343, -39.21266 ], [ -71.29311, -39.21269 ], [ -71.29277, -39.21286 ], [ -71.29178, -39.21396 ], [ -71.29184, -39.21431 ], [ -71.29172, -39.2145 ], [ -71.29161, -39.21456 ], [ -71.29132, -39.21435 ], [ -71.29107, -39.21438 ], [ -71.29106, -39.21448 ], [ -71.29133, -39.2147 ], [ -71.29088, -39.21499 ], [ -71.29106, -39.21575 ], [ -71.29088, -39.21598 ], [ -71.29003, -39.21623 ], [ -71.28933, -39.21665 ], [ -71.28905, -39.21652 ], [ -71.28886, -39.21654 ], [ -71.28882, -39.2169 ], [ -71.28891, -39.21712 ], [ -71.28881, -39.21719 ], [ -71.28781, -39.21712 ], [ -71.28739, -39.21754 ], [ -71.28695, -39.21782 ], [ -71.28672, -39.21817 ], [ -71.28613, -39.21872 ], [ -71.28593, -39.21878 ], [ -71.28558, -39.21872 ], [ -71.28524, -39.21881 ], [ -71.28484, -39.21924 ], [ -71.28397, -39.21908 ], [ -71.28355, -39.21926 ], [ -71.28316, -39.2197 ], [ -71.2833, -39.21994 ], [ -71.28329, -39.22025 ], [ -71.28283, -39.22068 ], [ -71.28289, -39.22093 ], [ -71.28257, -39.22115 ], [ -71.28228, -39.2212 ], [ -71.28201, -39.22166 ] ] } },
{ "type": "Feature", "properties": { "osm_id": 562614877, "nombre": "Arroyo Hui Hui", "tipo": "river", "volcan_codigo": "SOL", "volcan_nombre": "Sollipulli", "drena_volcan": false }, "geometry": { "type": "LineString", "coordinates": [ [ -71.38609, -39.33637 ], [ -71.38572, -39.33643 ], [ -71.38557, -39.33663 ], [ -71.38525, -39.33665 ], [ -71.38511, -39.33677 ], [ -71.38497, -39.33671 ], [ -71.38472, -39.3363 ], [ -71.38438, -39.33624 ], [ -71.38418, -39.33632 ], [ -71.38401, -39.3367 ], [ -71.38359, -39.33687 ], [ -71.38361, -39.33717 ], [ -71.38334, -39.33737 ], [ -71.38327, -39.33765 ], [ -71.3836, -39.33822 ], [ -71.38354, -39.33839 ], [ -71.3836, -39.3387 ], [ -71.38308, -39.33894 ], [ -71.38277, -39.33877 ], [ -71.38249, -39.33886 ], [ -71.38262, -39.33922 ], [ -71.38256, -39.33946 ], [ -71.38245, -39.33958 ], [ -71.38211, -39.33967 ], [ -71.38191, -39.33994 ], [ -71.3817, -39.34 ], [ -71.38168, -39.34026 ], [ -71.38151, -39.34049 ], [ -71.38138, -39.3409 ], [ -71.38106, -39.34113 ], [ -71.38079, -39.34156 ], [ -71.38087, -39.34182 ], [ -71.3808, -39.34202 ], [ -71.38003, -39.34273 ], [ -71.37991, -39.34276 ], [ -71.37939, -39.34236 ], [ -71.37941, -39.34261 ], [ -71.37925, -39.34276 ], [ -71.37882, -39.34285 ], [ -71.37848, -39.34277 ], [ -71.37823, -39.343 ], [ -71.37786, -39.3429 ], [ -71.3774, -39.34302 ], [ -71.37699, -39.34322 ], [ -71.37682, -39.34343 ], [ -71.37664, -39.3435 ], [ -71.37645, -39.3433 ], [ -71.37674, -39.34307 ], [ -71.37657, -39.3429 ], [ -71.37585, -39.34314 ], [ -71.37563, -39.34302 ], [ -71.37551, -39.3426 ], [ -71.3753, -39.34247 ], [ -71.3751, -39.34261 ], [ -71.37492, -39.34311 ], [ -71.37464, -39.34299 ], [ -71.37449, -39.34309 ], [ -71.37447, -39.34325 ], [ -71.37413, -39.34379 ], [ -71.37415, -39.34419 ], [ -71.37404, -39.34445 ], [ -71.37394, -39.34449 ], [ -71.37365, -39.34426 ], [ -71.37345, -39.34437 ], [ -71.37332, -39.34467 ], [ -71.37351, -39.34528 ], [ -71.37328, -39.34537 ], [ -71.37297, -39.3453 ], [ -71.37262, -39.34551 ], [ -71.3725, -39.34563 ], [ -71.37255, -39.3459 ], [ -71.3725, -39.34599 ], [ -71.37232, -39.34601 ], [ -71.37224, -39.34552 ], [ -71.37202, -39.3454 ], [ -71.3716, -39.34564 ], [ -71.37165, -39.3459 ], [ -71.37154, -39.34602 ], [ -71.37027, -39.34652 ], [ -71.36983, -39.34681 ], [ -71.36954, -39.34711 ], [ -71.3695, -39.34733 ], [ -71.36925, -39.34752 ], [ -71.36881, -39.34763 ], [ -71.36848, -39.34781 ], [ -71.36821, -39.34781 ], [ -71.3679, -39.348 ], [ -71.36743, -39.34759 ], [ -71.36691, -39.34759 ], [ -71.3664, -39.34748 ], [ -71.36573, -39.34768 ], [ -71.36542, -39.34787 ], [ -71.36496, -39.34783 ], [ -71.36478, -39.34823 ], [ -71.36465, -39.34834 ] ] } },
{ "type": "Feature", "properties": { "osm_id": 562617518, "nombre": "Arroyo Hui Hui", "tipo": "river", "volcan_codigo": "SOL", "volcan_nombre": "Sollipulli", "drena_volcan": false }, "geometry": { "type": "LineString", "coordinates": [ [ -71.30987, -39.36446 ], [ -71.30921, -39.36482 ], [ -71.30854, -39.36587 ], [ -71.30744, -39.36689 ], [ -71.30691, -39.36725 ], [ -71.30689, -39.36757 ], [ -71.30737, -39.3684 ], [ -71.30747, -39.36887 ], [ -71.30722, -39.36941 ], [ -71.30722, -39.36962 ], [ -71.30763, -39.36995 ], [ -71.30844, -39.37009 ], [ -71.30911, -39.37036 ], [ -71.30957, -39.37083 ], [ -71.30958, -39.37116 ], [ -71.30966, -39.37124 ], [ -71.30983, -39.37132 ], [ -71.31005, -39.37127 ], [ -71.31025, -39.37132 ], [ -71.31173, -39.3722 ], [ -71.31222, -39.37238 ], [ -71.31397, -39.37268 ], [ -71.31431, -39.37281 ], [ -71.31476, -39.37316 ], [ -71.315, -39.37354 ], [ -71.3153, -39.37414 ], [ -71.31548, -39.37476 ], [ -71.31566, -39.37498 ], [ -71.31595, -39.37516 ], [ -71.31665, -39.3753 ], [ -71.31678, -39.37542 ], [ -71.31677, -39.37558 ], [ -71.3165, -39.37575 ], [ -71.31628, -39.37612 ], [ -71.31603, -39.37636 ], [ -71.31589, -39.37689 ], [ -71.31532, -39.37753 ], [ -71.31395, -39.37877 ], [ -71.3138, -39.37901 ], [ -71.3139, -39.37978 ], [ -71.31469, -39.38067 ], [ -71.31501, -39.38115 ], [ -71.31505, -39.38183 ], [ -71.31486, -39.38197 ], [ -71.31439, -39.38196 ], [ -71.31383, -39.38216 ], [ -71.31325, -39.38226 ], [ -71.31301, -39.38242 ], [ -71.31301, -39.38259 ], [ -71.31344, -39.38308 ], [ -71.31403, -39.38328 ], [ -71.31469, -39.38303 ], [ -71.31489, -39.38308 ], [ -71.31504, -39.38321 ], [ -71.31522, -39.38354 ], [ -71.31597, -39.38403 ], [ -71.31608, -39.38422 ], [ -71.31606, -39.38442 ], [ -71.3159, -39.38471 ], [ -71.31545, -39.38509 ], [ -71.31547, -39.3853 ], [ -71.31657, -39.38623 ], [ -71.31735, -39.386 ], [ -71.31831, -39.38639 ], [ -71.31882, -39.38678 ], [ -71.31942, -39.38749 ], [ -71.31969, -39.38811 ], [ -71.31998, -39.38844 ], [ -71.32004, -39.38902 ], [ -71.31967, -39.38926 ], [ -71.31894, -39.38927 ], [ -71.31863, -39.38937 ], [ -71.31825, -39.38972 ], [ -71.31824, -39.38994 ], [ -71.31834, -39.39008 ], [ -71.31882, -39.39027 ], [ -71.31933, -39.39033 ], [ -71.32003, -39.39021 ], [ -71.32084, -39.38972 ], [ -71.32095, -39.38957 ], [ -71.32095, -39.38902 ], [ -71.32152, -39.38844 ], [ -71.32169, -39.38832 ], [ -71.32191, -39.38831 ], [ -71.32216, -39.38849 ], [ -71.32205, -39.38879 ], [ -71.32207, -39.38909 ], [ -71.32244, -39.38967 ], [ -71.32291, -39.39001 ], [ -71.32377, -39.39015 ], [ -71.32431, -39.3904 ], [ -71.32458, -39.39062 ], [ -71.32477, -39.39083 ], [ -71.32487, -39.39111 ], [ -71.32492, -39.39206 ], [ -71.32444, -39.39234 ], [ -71.32389, -39.3924 ], [ -71.32371, -39.3926 ], [ -71.32426, -39.39311 ], [ -71.32442, -39.39341 ], [ -71.32529, -39.39402 ], [ -71.32542, -39.39474 ], [ -71.32528, -39.39532 ], [ -71.32539, -39.39551 ], [ -71.32592, -39.39578 ], [ -71.32708, -39.39614 ], [ -71.32774, -39.39603 ], [ -71.32796, -39.39607 ], [ -71.32826, -39.39631 ], [ -71.32855, -39.39676 ], [ -71.32888, -39.39698 ], [ -71.32901, -39.39686 ], [ -71.329, -39.39647 ], [ -71.32944, -39.39608 ], [ -71.32968, -39.39597 ], [ -71.33026, -39.396 ], [ -71.33096, -39.39683 ], [ -71.33158, -39.39737 ], [ -71.33375, -39.39793 ], [ -71.3341, -39.39813 ], [ -71.33394, -39.39832 ], [ -71.3334, -39.39825 ], [ -71.33284, -39.39844 ], [ -71.33232, -39.39883 ], [ -71.33227, -39.39904 ], [ -71.33236, -39.39931 ], [ -71.33236, -39.39977 ], [ -71.33254, -39.40018 ], [ -71.33301, -39.40058 ], [ -71.3329, -39.40071 ], [ -71.33222, -39.40095 ], [ -71.33222, -39.4011 ], [ -71.33236, -39.40136 ], [ -71.33209, -39.40174 ], [ -71.33162, -39.40296 ], [ -71.33199, -39.40348 ], [ -71.33205, -39.40373 ], [ -71.33193, -39.40515 ], [ -71.33199, -39.40561 ], [ -71.33186, -39.4059 ], [ -71.33247, -39.4062 ], [ -71.33265, -39.40663 ], [ -71.3329, -39.40671 ] ] } },
{ "type": "Feature", "properties": { "osm_id": 563653911, "nombre": "Sin nombre", "tipo": "stream", "volcan_codigo": "SOL", "volcan_nombre": "Sollipulli", "drena_volcan": false }, "geometry": { "type": "LineString", "coordinates": [ [ -71.32932, -39.2006 ], [ -71.32939, -39.20111 ], [ -71.32926, -39.20154 ], [ -71.32936, -39.20198 ], [ -71.32974, -39.20284 ], [ -71.32967, -39.20373 ], [ -71.32984, -39.20414 ], [ -71.32987, -39.20457 ], [ -71.33011, -39.205 ], [ -71.33046, -39.20534 ], [ -71.33071, -39.20575 ], [ -71.33082, -39.20619 ], [ -71.33039, -39.20713 ], [ -71.33034, -39.20802 ], [ -71.33009, -39.20976 ], [ -71.33027, -39.21017 ], [ -71.33065, -39.2105 ], [ -71.33119, -39.2114 ], [ -71.33163, -39.2117 ], [ -71.33261, -39.21218 ], [ -71.33292, -39.21254 ] ] } },
{ "type": "Feature", "properties": { "osm_id": 563653912, "nombre": "Sin nombre", "tipo": "stream", "volcan_codigo": "SOL", "volcan_nombre": "Sollipulli", "drena_volcan": false }, "geometry": { "type": "LineString", "coordinates": [ [ -71.35168, -39.20741 ], [ -71.3516, -39.20786 ], [ -71.35093, -39.20958 ], [ -71.35059, -39.20995 ], [ -71.34917, -39.21071 ], [ -71.34872, -39.21101 ], [ -71.34845, -39.21141 ], [ -71.34784, -39.21166 ], [ -71.34764, -39.21194 ], [ -71.34657, -39.21218 ], [ -71.34588, -39.2122 ], [ -71.34552, -39.21241 ], [ -71.34527, -39.21263 ], [ -71.34523, -39.21304 ], [ -71.34507, -39.21341 ], [ -71.34438, -39.21368 ], [ -71.34155, -39.21417 ], [ -71.33832, -39.21424 ], [ -71.3378, -39.21407 ], [ -71.33735, -39.21381 ], [ -71.33701, -39.21344 ], [ -71.3368, -39.21302 ], [ -71.33679, -39.21256 ], [ -71.33664, -39.21238 ], [ -71.33618, -39.2124 ], [ -71.33568, -39.212 ], [ -71.33543, -39.21196 ], [ -71.33474, -39.21213 ], [ -71.33419, -39.21268 ], [ -71.33404, -39.2127 ], [ -71.33345, -39.21313 ], [ -71.33331, -39.21309 ], [ -71.33306, -39.21256 ], [ -71.33292, -39.21254 ], [ -71.33219, -39.21337 ], [ -71.33174, -39.21356 ], [ -71.33138, -39.21342 ] ] } },
{ "type": "Feature", "properties": { "osm_id": 563653913, "nombre": "Sin nombre", "tipo": "stream", "volcan_codigo": "SOL", "volcan_nombre": "Sollipulli", "drena_volcan": false }, "geometry": { "type": "LineString", "coordinates": [ [ -71.33896, -39.20455 ], [ -71.3387, -39.20539 ], [ -71.33871, -39.20583 ], [ -71.3385, -39.20625 ], [ -71.33796, -39.20793 ], [ -71.33787, -39.20875 ], [ -71.3375, -39.20956 ], [ -71.33723, -39.21039 ], [ -71.33697, -39.21079 ], [ -71.33616, -39.21141 ], [ -71.33568, -39.212 ] ] } },
{ "type": "Feature", "properties": { "osm_id": 563653914, "nombre": "Sin nombre", "tipo": "stream", "volcan_codigo": "SOL", "volcan_nombre": "Sollipulli", "drena_volcan": false }, "geometry": { "type": "LineString", "coordinates": [ [ -71.33648, -39.21764 ], [ -71.33566, -39.21816 ], [ -71.33368, -39.21988 ], [ -71.33286, -39.22046 ], [ -71.33203, -39.2209 ], [ -71.3303, -39.22156 ], [ -71.32903, -39.22229 ], [ -71.32817, -39.22321 ], [ -71.32755, -39.22413 ] ] } },
{ "type": "Feature", "properties": { "osm_id": 563653915, "nombre": "Sin nombre", "tipo": "stream", "volcan_codigo": "SOL", "volcan_nombre": "Sollipulli", "drena_volcan": false }, "geometry": { "type": "LineString", "coordinates": [ [ -71.33438, -39.22664 ], [ -71.3348, -39.22636 ], [ -71.33537, -39.22527 ], [ -71.33567, -39.22442 ], [ -71.33584, -39.2231 ], [ -71.33611, -39.22225 ], [ -71.33612, -39.22139 ], [ -71.33641, -39.21972 ], [ -71.33635, -39.21889 ], [ -71.33646, -39.21845 ], [ -71.33648, -39.21755 ], [ -71.33686, -39.21627 ], [ -71.33731, -39.21544 ], [ -71.33729, -39.21533 ], [ -71.33661, -39.21461 ], [ -71.33656, -39.21419 ], [ -71.33722, -39.21367 ] ] } },
{ "type": "Feature", "properties": { "osm_id": 563659909, "nombre": "Arroyo Maiaico", "tipo": "river", "volcan_codigo": "SOL", "volcan_nombre": "Sollipulli", "drena_volcan": false }, "geometry": { "type": "LineString", "coordinates": [ [ -71.38304, -39.20569 ], [ -71.38249, -39.20685 ], [ -71.38107, -39.20871 ], [ -71.37901, -39.21058 ], [ -71.37611, -39.21269 ], [ -71.37435, -39.21417 ], [ -71.37283, -39.21575 ], [ -71.37268, -39.21666 ], [ -71.37227, -39.21801 ], [ -71.37107, -39.2204 ], [ -71.37017, -39.22148 ], [ -71.3692, -39.22226 ], [ -71.36863, -39.22256 ], [ -71.3668, -39.22446 ], [ -71.36637, -39.22511 ], [ -71.36477, -39.22713 ], [ -71.36543, -39.22777 ], [ -71.36539, -39.22811 ], [ -71.36501, -39.22854 ], [ -71.3644, -39.22892 ], [ -71.36399, -39.22959 ], [ -71.36391, -39.23055 ], [ -71.36354, -39.23173 ], [ -71.3635, -39.23281 ], [ -71.36189, -39.23546 ], [ -71.36127, -39.23674 ], [ -71.3604, -39.23792 ], [ -71.3597, -39.23859 ], [ -71.35888, -39.24077 ], [ -71.35785, -39.24214 ], [ -71.3562, -39.24473 ], [ -71.35643, -39.24553 ], [ -71.35509, -39.24686 ], [ -71.35386, -39.24743 ], [ -71.35319, -39.24801 ], [ -71.35246, -39.24892 ], [ -71.35124, -39.24986 ], [ -71.34996, -39.25145 ], [ -71.34978, -39.25235 ], [ -71.34961, -39.25414 ], [ -71.35031, -39.25471 ], [ -71.35061, -39.25512 ], [ -71.3503, -39.2554 ], [ -71.34979, -39.25569 ] ] } },
{ "type": "Feature", "properties": { "osm_id": 563659912, "nombre": "Sin nombre", "tipo": "stream", "volcan_codigo": "SOL", "volcan_nombre": "Sollipulli", "drena_volcan": false }, "geometry": { "type": "LineString", "coordinates": [ [ -71.33193, -39.24896 ], [ -71.33201, -39.2494 ], [ -71.3323, -39.24994 ], [ -71.33248, -39.25067 ], [ -71.33305, -39.25166 ], [ -71.33365, -39.25225 ], [ -71.33397, -39.25313 ], [ -71.334, -39.25345 ], [ -71.33381, -39.25383 ], [ -71.33384, -39.25404 ], [ -71.33375, -39.25446 ], [ -71.33385, -39.25465 ], [ -71.33391, -39.25504 ], [ -71.33427, -39.25568 ], [ -71.33531, -39.25662 ], [ -71.33553, -39.25737 ], [ -71.33597, -39.25781 ], [ -71.33631, -39.25841 ], [ -71.33619, -39.2587 ], [ -71.33622, -39.25944 ], [ -71.33644, -39.25994 ], [ -71.33646, -39.26035 ], [ -71.33681, -39.26153 ], [ -71.33698, -39.26183 ], [ -71.33792, -39.26292 ], [ -71.33798, -39.26309 ], [ -71.33946, -39.26431 ], [ -71.34053, -39.26485 ], [ -71.34122, -39.26491 ], [ -71.34261, -39.26569 ], [ -71.34328, -39.26567 ], [ -71.34413, -39.26528 ], [ -71.3456, -39.26511 ] ] } },
{ "type": "Feature", "properties": { "osm_id": 563659918, "nombre": "Sin nombre", "tipo": "stream", "volcan_codigo": "SOL", "volcan_nombre": "Sollipulli", "drena_volcan": false }, "geometry": { "type": "LineString", "coordinates": [ [ -71.31496, -39.23665 ], [ -71.31485, -39.2369 ], [ -71.31468, -39.23701 ], [ -71.31443, -39.23737 ], [ -71.31403, -39.23825 ], [ -71.31406, -39.23846 ], [ -71.31388, -39.23875 ], [ -71.31375, -39.23938 ], [ -71.31273, -39.24033 ], [ -71.31269, -39.24046 ], [ -71.31244, -39.24127 ], [ -71.31236, -39.24193 ], [ -71.31216, -39.24233 ], [ -71.31258, -39.24285 ], [ -71.31261, -39.24301 ], [ -71.31243, -39.24388 ], [ -71.31219, -39.24405 ], [ -71.31211, -39.24428 ] ] } },
{ "type": "Feature", "properties": { "osm_id": 563878895, "nombre": "Sin nombre", "tipo": "stream", "volcan_codigo": "SOL", "volcan_nombre": "Sollipulli", "drena_volcan": false }, "geometry": { "type": "LineString", "coordinates": [ [ -71.32484, -39.30308 ], [ -71.32492, -39.30268 ], [ -71.32482, -39.30231 ], [ -71.32486, -39.30215 ], [ -71.32495, -39.30197 ], [ -71.32528, -39.30167 ], [ -71.32517, -39.30123 ], [ -71.32517, -39.30089 ], [ -71.32539, -39.30067 ], [ -71.32559, -39.30029 ], [ -71.3257, -39.29966 ], [ -71.32583, -39.2994 ], [ -71.32565, -39.2989 ], [ -71.32565, -39.29832 ], [ -71.32522, -39.29756 ], [ -71.32462, -39.29676 ], [ -71.32428, -39.29606 ], [ -71.3237, -39.29535 ], [ -71.32271, -39.2944 ], [ -71.32136, -39.2934 ], [ -71.32125, -39.29316 ] ] } },
{ "type": "Feature", "properties": { "osm_id": 563878906, "nombre": "Sin nombre", "tipo": "stream", "volcan_codigo": "SOL", "volcan_nombre": "Sollipulli", "drena_volcan": false }, "geometry": { "type": "LineString", "coordinates": [ [ -71.32987, -39.31138 ], [ -71.32985, -39.31071 ], [ -71.32957, -39.30956 ], [ -71.3292, -39.30907 ], [ -71.32863, -39.30879 ], [ -71.32752, -39.30746 ], [ -71.3271, -39.30677 ], [ -71.32662, -39.30636 ], [ -71.32598, -39.30565 ], [ -71.32548, -39.30462 ], [ -71.32542, -39.30422 ], [ -71.32508, -39.30334 ], [ -71.32484, -39.30308 ] ] } },
{ "type": "Feature", "properties": { "osm_id": 563878915, "nombre": "Sin nombre", "tipo": "stream", "volcan_codigo": "SOL", "volcan_nombre": "Sollipulli", "drena_volcan": false }, "geometry": { "type": "LineString", "coordinates": [ [ -71.33792, -39.3012 ], [ -71.33797, -39.30097 ], [ -71.33835, -39.30034 ], [ -71.33837, -39.29968 ], [ -71.33772, -39.29883 ], [ -71.33672, -39.29779 ], [ -71.33553, -39.29595 ], [ -71.33499, -39.2953 ], [ -71.3347, -39.29457 ], [ -71.33421, -39.29405 ], [ -71.33379, -39.29291 ], [ -71.33383, -39.29246 ], [ -71.33372, -39.29224 ], [ -71.33343, -39.29201 ], [ -71.33305, -39.29192 ], [ -71.3325, -39.29146 ], [ -71.33244, -39.29081 ], [ -71.33252, -39.29072 ], [ -71.33309, -39.29069 ], [ -71.33337, -39.29059 ], [ -71.3336, -39.29008 ], [ -71.3336, -39.28953 ], [ -71.33377, -39.28935 ], [ -71.334, -39.28881 ], [ -71.33396, -39.2885 ], [ -71.33352, -39.28826 ], [ -71.33338, -39.28809 ], [ -71.33343, -39.28796 ] ] } },
{ "type": "Feature", "properties": { "osm_id": 563878920, "nombre": "Sin nombre", "tipo": "stream", "volcan_codigo": "SOL", "volcan_nombre": "Sollipulli", "drena_volcan": false }, "geometry": { "type": "LineString", "coordinates": [ [ -71.36191, -39.29105 ], [ -71.36174, -39.29091 ], [ -71.36149, -39.29103 ], [ -71.36137, -39.29085 ], [ -71.36097, -39.29077 ], [ -71.36081, -39.29088 ], [ -71.36073, -39.29082 ], [ -71.36007, -39.29082 ], [ -71.35944, -39.29102 ], [ -71.35889, -39.29096 ], [ -71.35838, -39.2907 ], [ -71.35819, -39.29014 ], [ -71.35792, -39.28991 ], [ -71.35734, -39.28987 ], [ -71.35654, -39.28947 ], [ -71.3553, -39.28967 ], [ -71.35455, -39.28973 ], [ -71.35351, -39.28966 ], [ -71.35279, -39.28979 ], [ -71.35166, -39.28985 ], [ -71.35027, -39.28964 ], [ -71.34966, -39.2897 ], [ -71.34926, -39.28949 ], [ -71.34903, -39.28958 ], [ -71.34883, -39.28985 ], [ -71.34859, -39.29001 ], [ -71.34777, -39.29022 ], [ -71.34751, -39.29017 ], [ -71.34732, -39.28999 ], [ -71.3469, -39.2898 ], [ -71.34596, -39.28978 ], [ -71.3454, -39.28964 ], [ -71.34402, -39.28993 ], [ -71.34313, -39.28901 ], [ -71.34248, -39.28867 ], [ -71.34167, -39.28804 ], [ -71.34121, -39.28746 ], [ -71.34104, -39.28689 ], [ -71.34111, -39.28613 ], [ -71.34105, -39.28594 ], [ -71.34127, -39.28511 ], [ -71.34174, -39.28424 ], [ -71.34181, -39.28388 ], [ -71.34167, -39.28337 ], [ -71.34169, -39.28299 ], [ -71.34156, -39.28264 ], [ -71.34121, -39.28204 ], [ -71.34078, -39.28177 ] ] } },
{ "type": "Feature", "properties": { "osm_id": 565077204, "nombre": "Sin nombre", "tipo": "river", "volcan_codigo": "SOL", "volcan_nombre": "Sollipulli", "drena_volcan": true }, "geometry": { "type": "LineString", "coordinates": [ [ -71.90437, -39.27603 ], [ -71.90612, -39.27523 ], [ -71.90635, -39.27496 ] ] } },
{ "type": "Feature", "properties": { "osm_id": 565077205, "nombre": "Sin nombre", "tipo": "river", "volcan_codigo": "SOL", "volcan_nombre": "Sollipulli", "drena_volcan": false }, "geometry": { "type": "LineString", "coordinates": [ [ -71.9022, -39.27958 ], [ -71.90232, -39.27904 ], [ -71.90271, -39.27834 ], [ -71.90312, -39.277 ] ] } },
{ "type": "Feature", "properties": { "osm_id": 565079646, "nombre": "Sin nombre", "tipo": "river", "volcan_codigo": "SOL", "volcan_nombre": "Sollipulli", "drena_volcan": true }, "geometry": { "type": "LineString", "coordinates": [ [ -71.87513, -39.2757 ], [ -71.87608, -39.27471 ], [ -71.87695, -39.27437 ], [ -71.878, -39.27431 ], [ -71.87953, -39.27437 ] ] } },
{ "type": "Feature", "properties": { "osm_id": 565082534, "nombre": "Sin nombre", "tipo": "river", "volcan_codigo": "SOL", "volcan_nombre": "Sollipulli", "drena_volcan": true }, "geometry": { "type": "LineString", "coordinates": [ [ -71.85128, -39.28349 ], [ -71.85277, -39.28323 ], [ -71.85555, -39.28246 ], [ -71.85607, -39.28191 ], [ -71.85649, -39.28082 ] ] } },
{ "type": "Feature", "properties": { "osm_id": 591907912, "nombre": "Río Agrio", "tipo": "stream", "volcan_codigo": "SOL", "volcan_nombre": "Sollipulli", "drena_volcan": false }, "geometry": { "type": "LineString", "coordinates": [ [ -71.47479, -38.51101 ], [ -71.47495, -38.51121 ], [ -71.47486, -38.51173 ], [ -71.47495, -38.51224 ], [ -71.4756, -38.51283 ], [ -71.47641, -38.51378 ], [ -71.47662, -38.51497 ], [ -71.47734, -38.51552 ], [ -71.47715, -38.51594 ], [ -71.47724, -38.51647 ], [ -71.4775, -38.51695 ], [ -71.47881, -38.51752 ], [ -71.47916, -38.51783 ], [ -71.47928, -38.5182 ], [ -71.47909, -38.51844 ], [ -71.47935, -38.5188 ], [ -71.47979, -38.51871 ], [ -71.47995, -38.51891 ], [ -71.47987, -38.51942 ], [ -71.48051, -38.51959 ], [ -71.48078, -38.52004 ], [ -71.48067, -38.52028 ], [ -71.48151, -38.52059 ], [ -71.48151, -38.52094 ], [ -71.48189, -38.52095 ], [ -71.4821, -38.52073 ], [ -71.48256, -38.52085 ], [ -71.48251, -38.52099 ], [ -71.4823, -38.52112 ], [ -71.4824, -38.52134 ], [ -71.48306, -38.52106 ], [ -71.48346, -38.52107 ], [ -71.48413, -38.5215 ], [ -71.48472, -38.52201 ], [ -71.4858, -38.5223 ], [ -71.48698, -38.52233 ], [ -71.4871, -38.52257 ], [ -71.48733, -38.52278 ], [ -71.48793, -38.52313 ], [ -71.48822, -38.52311 ], [ -71.48822, -38.52324 ], [ -71.48804, -38.52333 ], [ -71.48796, -38.52347 ], [ -71.48796, -38.52363 ], [ -71.48946, -38.52371 ], [ -71.49019, -38.52383 ], [ -71.49109, -38.5238 ], [ -71.4924, -38.5235 ], [ -71.49363, -38.52337 ], [ -71.49524, -38.52337 ], [ -71.49615, -38.52322 ], [ -71.4974, -38.52252 ], [ -71.49989, -38.52294 ], [ -71.50119, -38.52332 ], [ -71.50194, -38.52344 ], [ -71.5027, -38.52309 ], [ -71.50398, -38.52279 ], [ -71.50426, -38.52247 ], [ -71.50433, -38.5219 ], [ -71.50476, -38.52124 ], [ -71.50639, -38.52062 ], [ -71.50819, -38.51953 ], [ -71.50977, -38.51882 ], [ -71.51157, -38.51828 ], [ -71.51291, -38.51794 ], [ -71.51586, -38.51747 ], [ -71.51616, -38.51725 ], [ -71.51624, -38.51684 ], [ -71.51618, -38.51643 ], [ -71.5163, -38.51616 ], [ -71.51732, -38.51538 ], [ -71.51852, -38.51415 ], [ -71.5189, -38.51389 ], [ -71.51977, -38.51364 ], [ -71.52068, -38.51315 ], [ -71.52124, -38.51272 ], [ -71.52184, -38.51196 ], [ -71.52246, -38.51035 ], [ -71.52302, -38.50966 ], [ -71.52348, -38.50928 ], [ -71.52373, -38.50872 ], [ -71.52393, -38.50846 ], [ -71.52394, -38.50737 ], [ -71.52383, -38.50702 ], [ -71.52407, -38.50656 ], [ -71.5243, -38.50639 ], [ -71.52438, -38.50606 ], [ -71.52435, -38.50592 ], [ -71.52415, -38.50577 ], [ -71.52367, -38.50579 ], [ -71.52351, -38.50573 ], [ -71.5236, -38.50454 ], [ -71.52337, -38.50387 ], [ -71.5234, -38.50291 ], [ -71.52273, -38.50108 ], [ -71.52294, -38.50026 ], [ -71.52283, -38.49962 ], [ -71.52289, -38.49922 ], [ -71.52255, -38.49824 ], [ -71.52257, -38.49789 ], [ -71.52271, -38.4975 ], [ -71.52259, -38.49687 ], [ -71.52238, -38.49663 ], [ -71.52171, -38.49653 ], [ -71.5214, -38.49633 ], [ -71.52115, -38.49557 ], [ -71.52117, -38.49539 ], [ -71.52144, -38.49512 ], [ -71.52212, -38.4946 ], [ -71.52229, -38.49422 ], [ -71.52265, -38.49393 ], [ -71.52295, -38.49343 ], [ -71.52282, -38.49305 ], [ -71.52285, -38.49268 ], [ -71.52359, -38.4921 ], [ -71.52429, -38.49177 ], [ -71.52499, -38.49155 ], [ -71.52587, -38.49066 ], [ -71.52645, -38.48975 ], [ -71.52767, -38.48884 ], [ -71.52836, -38.48858 ], [ -71.52838, -38.48835 ], [ -71.52857, -38.48808 ], [ -71.52947, -38.48745 ], [ -71.52981, -38.48742 ], [ -71.53006, -38.48753 ], [ -71.53026, -38.48783 ], [ -71.53041, -38.48793 ], [ -71.53058, -38.48784 ], [ -71.53071, -38.48763 ], [ -71.53208, -38.48784 ], [ -71.53231, -38.48777 ], [ -71.53243, -38.48761 ], [ -71.53246, -38.48724 ], [ -71.53269, -38.48711 ], [ -71.533, -38.4871 ], [ -71.53318, -38.48719 ], [ -71.53331, -38.48747 ], [ -71.53372, -38.48765 ], [ -71.53429, -38.48746 ], [ -71.53507, -38.48673 ], [ -71.53579, -38.48642 ], [ -71.536, -38.48637 ], [ -71.53617, -38.48683 ], [ -71.5364, -38.48687 ], [ -71.53652, -38.48675 ], [ -71.53652, -38.48653 ], [ -71.53677, -38.48634 ], [ -71.53765, -38.48648 ], [ -71.53789, -38.48644 ], [ -71.53852, -38.48605 ], [ -71.53878, -38.48614 ], [ -71.53888, -38.4865 ], [ -71.53907, -38.48671 ], [ -71.53925, -38.48682 ], [ -71.53955, -38.48679 ], [ -71.53972, -38.4866 ], [ -71.53977, -38.48632 ], [ -71.54049, -38.48524 ], [ -71.54079, -38.4843 ], [ -71.54105, -38.48422 ], [ -71.54125, -38.48426 ], [ -71.5414, -38.48441 ], [ -71.54141, -38.48461 ], [ -71.54128, -38.48485 ], [ -71.54127, -38.48505 ], [ -71.54165, -38.48503 ], [ -71.54271, -38.48482 ], [ -71.54316, -38.48458 ], [ -71.54396, -38.48453 ], [ -71.54401, -38.48443 ], [ -71.54398, -38.48365 ], [ -71.54428, -38.48365 ], [ -71.5451, -38.48397 ], [ -71.54561, -38.48404 ], [ -71.54596, -38.48398 ], [ -71.54631, -38.48371 ], [ -71.54657, -38.48257 ], [ -71.54575, -38.48152 ], [ -71.5456, -38.48127 ], [ -71.54558, -38.48104 ], [ -71.54565, -38.48077 ], [ -71.54582, -38.4806 ], [ -71.54615, -38.4807 ], [ -71.54672, -38.48113 ], [ -71.54693, -38.48106 ], [ -71.54715, -38.48073 ], [ -71.54742, -38.4806 ], [ -71.54752, -38.48043 ], [ -71.54742, -38.48032 ], [ -71.54693, -38.48018 ], [ -71.54688, -38.48009 ], [ -71.5469, -38.48 ], [ -71.54732, -38.4797 ], [ -71.54731, -38.47956 ], [ -71.54695, -38.47927 ], [ -71.54696, -38.47874 ] ] } },
{ "type": "Feature", "properties": { "osm_id": 595232220, "nombre": "Estero Caracoles", "tipo": "stream", "volcan_codigo": "SOL", "volcan_nombre": "Sollipulli", "drena_volcan": false }, "geometry": { "type": "LineString", "coordinates": [ [ -71.55577, -38.53019 ], [ -71.55571, -38.52887 ], [ -71.55603, -38.52827 ], [ -71.5563, -38.52808 ], [ -71.55671, -38.52762 ], [ -71.55684, -38.52722 ], [ -71.55596, -38.52634 ], [ -71.55598, -38.52618 ], [ -71.55652, -38.52548 ], [ -71.55663, -38.5252 ], [ -71.55636, -38.52452 ], [ -71.55644, -38.52432 ], [ -71.55686, -38.52408 ], [ -71.55711, -38.52376 ], [ -71.55704, -38.52363 ], [ -71.55656, -38.52345 ], [ -71.55639, -38.52322 ], [ -71.55664, -38.52296 ], [ -71.55665, -38.5228 ], [ -71.55643, -38.52196 ], [ -71.55588, -38.52131 ], [ -71.55512, -38.521 ], [ -71.55467, -38.52094 ], [ -71.5545, -38.52081 ], [ -71.55421, -38.52029 ], [ -71.55387, -38.52 ], [ -71.5531, -38.51948 ], [ -71.55275, -38.51912 ], [ -71.55224, -38.51891 ], [ -71.55206, -38.51873 ], [ -71.55208, -38.51829 ], [ -71.552, -38.51817 ], [ -71.5499, -38.51761 ], [ -71.54972, -38.51743 ], [ -71.54845, -38.51672 ], [ -71.54824, -38.51667 ], [ -71.54712, -38.51719 ], [ -71.5467, -38.51715 ], [ -71.54592, -38.51688 ], [ -71.54553, -38.51641 ], [ -71.54543, -38.51551 ], [ -71.54556, -38.51467 ], [ -71.54539, -38.51447 ], [ -71.545, -38.51423 ], [ -71.54573, -38.51314 ], [ -71.54578, -38.51278 ], [ -71.54439, -38.51167 ], [ -71.54389, -38.5114 ], [ -71.54386, -38.51122 ], [ -71.5439, -38.51103 ], [ -71.54499, -38.51087 ], [ -71.54499, -38.51063 ], [ -71.54451, -38.50999 ], [ -71.54433, -38.50953 ], [ -71.54415, -38.50937 ], [ -71.54426, -38.50911 ], [ -71.5444, -38.50902 ], [ -71.5454, -38.50899 ], [ -71.54553, -38.50867 ], [ -71.54569, -38.50854 ], [ -71.54617, -38.50841 ], [ -71.54629, -38.50824 ], [ -71.54621, -38.50798 ], [ -71.54625, -38.50768 ], [ -71.54646, -38.50731 ], [ -71.54526, -38.50662 ], [ -71.54661, -38.50549 ], [ -71.54671, -38.50514 ], [ -71.54566, -38.50487 ], [ -71.54555, -38.50448 ], [ -71.54527, -38.504 ], [ -71.54505, -38.50392 ], [ -71.54433, -38.50394 ], [ -71.54432, -38.5038 ], [ -71.54468, -38.50326 ], [ -71.54523, -38.50293 ], [ -71.54551, -38.50284 ], [ -71.54665, -38.50279 ], [ -71.54685, -38.5027 ], [ -71.5468, -38.50228 ], [ -71.54719, -38.50177 ], [ -71.54709, -38.50161 ], [ -71.54792, -38.5018 ], [ -71.54805, -38.50167 ], [ -71.548, -38.50142 ], [ -71.54747, -38.50123 ], [ -71.54737, -38.50098 ], [ -71.54752, -38.50065 ], [ -71.54721, -38.50006 ], [ -71.54719, -38.49976 ], [ -71.54735, -38.49954 ], [ -71.54789, -38.49916 ], [ -71.54801, -38.49881 ], [ -71.54825, -38.49856 ], [ -71.54821, -38.49838 ], [ -71.54754, -38.49819 ], [ -71.5475, -38.49808 ], [ -71.5476, -38.49791 ], [ -71.54784, -38.49779 ], [ -71.548, -38.49711 ], [ -71.54834, -38.49665 ], [ -71.5492, -38.4963 ], [ -71.54944, -38.49608 ], [ -71.55023, -38.49585 ], [ -71.55029, -38.49576 ], [ -71.55018, -38.49558 ], [ -71.54992, -38.49534 ], [ -71.54994, -38.49508 ], [ -71.5501, -38.49497 ], [ -71.55075, -38.49488 ], [ -71.55073, -38.49475 ], [ -71.55041, -38.49436 ], [ -71.55069, -38.49415 ], [ -71.55033, -38.49359 ], [ -71.55037, -38.49324 ], [ -71.55063, -38.4932 ], [ -71.55109, -38.49328 ], [ -71.55214, -38.49272 ], [ -71.55209, -38.49254 ], [ -71.55175, -38.49221 ], [ -71.55179, -38.49206 ], [ -71.55212, -38.49179 ], [ -71.5521, -38.49161 ], [ -71.55185, -38.49113 ], [ -71.55212, -38.4909 ], [ -71.55156, -38.49071 ], [ -71.55179, -38.4905 ], [ -71.5522, -38.49031 ], [ -71.55284, -38.48975 ], [ -71.55331, -38.48963 ], [ -71.55349, -38.48971 ], [ -71.55359, -38.48988 ], [ -71.55358, -38.4901 ], [ -71.5534, -38.49033 ], [ -71.55345, -38.49056 ], [ -71.55364, -38.49073 ], [ -71.55411, -38.49076 ], [ -71.5549, -38.49098 ], [ -71.55526, -38.49067 ], [ -71.55534, -38.49037 ], [ -71.55529, -38.49028 ], [ -71.55492, -38.49016 ], [ -71.55461, -38.48989 ], [ -71.55473, -38.48952 ], [ -71.555, -38.48922 ], [ -71.55543, -38.4892 ], [ -71.55582, -38.4899 ], [ -71.55601, -38.48999 ], [ -71.55709, -38.48974 ], [ -71.55711, -38.48951 ], [ -71.55703, -38.48938 ], [ -71.55643, -38.48892 ], [ -71.55662, -38.48846 ], [ -71.5568, -38.48831 ], [ -71.55702, -38.48839 ], [ -71.55725, -38.48867 ], [ -71.55742, -38.48865 ], [ -71.55759, -38.48841 ], [ -71.55753, -38.48817 ], [ -71.55773, -38.48808 ], [ -71.55833, -38.48814 ], [ -71.5586, -38.48809 ], [ -71.55868, -38.48794 ], [ -71.55864, -38.48775 ], [ -71.55839, -38.48764 ], [ -71.55735, -38.4875 ], [ -71.55708, -38.48736 ], [ -71.55694, -38.48717 ], [ -71.55689, -38.48691 ], [ -71.55705, -38.48676 ], [ -71.55795, -38.48657 ], [ -71.5582, -38.48642 ], [ -71.55821, -38.48627 ], [ -71.55808, -38.48611 ], [ -71.55815, -38.48605 ], [ -71.55911, -38.48604 ], [ -71.55925, -38.48589 ], [ -71.55916, -38.4856 ], [ -71.55969, -38.48558 ], [ -71.55995, -38.48588 ], [ -71.5601, -38.48594 ], [ -71.56037, -38.48585 ], [ -71.56039, -38.48567 ], [ -71.56023, -38.48525 ], [ -71.56036, -38.485 ], [ -71.56005, -38.48463 ], [ -71.56008, -38.48448 ], [ -71.56091, -38.48347 ], [ -71.56134, -38.48319 ], [ -71.56158, -38.48312 ], [ -71.56215, -38.4834 ], [ -71.5623, -38.48335 ], [ -71.56237, -38.48313 ], [ -71.56272, -38.4828 ], [ -71.5644, -38.48293 ], [ -71.56484, -38.48248 ], [ -71.56484, -38.48199 ], [ -71.56501, -38.48167 ], [ -71.56548, -38.48113 ], [ -71.56583, -38.48089 ], [ -71.56636, -38.48099 ], [ -71.56648, -38.48114 ], [ -71.56604, -38.4816 ], [ -71.56606, -38.48183 ], [ -71.56646, -38.48236 ], [ -71.56682, -38.48324 ], [ -71.56695, -38.48326 ], [ -71.5673, -38.48295 ], [ -71.56781, -38.48278 ], [ -71.56816, -38.48274 ], [ -71.56825, -38.48283 ], [ -71.56819, -38.48308 ], [ -71.56793, -38.4833 ], [ -71.56778, -38.48362 ], [ -71.56802, -38.48408 ], [ -71.56825, -38.48423 ], [ -71.5685, -38.48427 ], [ -71.56869, -38.48422 ], [ -71.56877, -38.48409 ], [ -71.56865, -38.48357 ], [ -71.56872, -38.48341 ], [ -71.56986, -38.48274 ], [ -71.57012, -38.48281 ], [ -71.57083, -38.48324 ], [ -71.57119, -38.48332 ], [ -71.57158, -38.48279 ], [ -71.57179, -38.48273 ], [ -71.57216, -38.48292 ], [ -71.57245, -38.48292 ], [ -71.57307, -38.48313 ], [ -71.5734, -38.48317 ], [ -71.57373, -38.48306 ], [ -71.57378, -38.48297 ], [ -71.57371, -38.48265 ], [ -71.57413, -38.48202 ], [ -71.57442, -38.48136 ], [ -71.57466, -38.48114 ], [ -71.57519, -38.4809 ], [ -71.5752, -38.48065 ], [ -71.57496, -38.48033 ], [ -71.57491, -38.48011 ], [ -71.57522, -38.47966 ] ] } },
{ "type": "Feature", "properties": { "osm_id": 595260883, "nombre": "Sin nombre", "tipo": "river", "volcan_codigo": "SOL", "volcan_nombre": "Sollipulli", "drena_volcan": false }, "geometry": { "type": "LineString", "coordinates": [ [ -71.77607, -39.33034 ], [ -71.77626, -39.33097 ], [ -71.77713, -39.33089 ], [ -71.77794, -39.33052 ] ] } },
{ "type": "Feature", "properties": { "osm_id": 595918165, "nombre": "Sin nombre", "tipo": "stream", "volcan_codigo": "SOL", "volcan_nombre": "Sollipulli", "drena_volcan": false }, "geometry": { "type": "LineString", "coordinates": [ [ -71.33127, -38.94518 ], [ -71.32775, -38.9458 ] ] } },
{ "type": "Feature", "properties": { "osm_id": 595918166, "nombre": "Sin nombre", "tipo": "stream", "volcan_codigo": "SOL", "volcan_nombre": "Sollipulli", "drena_volcan": false }, "geometry": { "type": "LineString", "coordinates": [ [ -71.32743, -38.94587 ], [ -71.32734, -38.9455 ], [ -71.32734, -38.94447 ], [ -71.32727, -38.94423 ], [ -71.32751, -38.94269 ], [ -71.32721, -38.94243 ], [ -71.32701, -38.94239 ], [ -71.32698, -38.94216 ], [ -71.32735, -38.94128 ], [ -71.32756, -38.94125 ], [ -71.32771, -38.94107 ], [ -71.32776, -38.94084 ], [ -71.32759, -38.9405 ], [ -71.32715, -38.94042 ], [ -71.32653, -38.94069 ], [ -71.32615, -38.94077 ], [ -71.31187, -38.93875 ] ] } },
{ "type": "Feature", "properties": { "osm_id": 599487526, "nombre": "Sin nombre", "tipo": "stream", "volcan_codigo": "SOL", "volcan_nombre": "Sollipulli", "drena_volcan": false }, "geometry": { "type": "LineString", "coordinates": [ [ -71.72301, -39.36609 ], [ -71.72199, -39.36619 ], [ -71.72142, -39.36608 ], [ -71.72122, -39.36589 ], [ -71.72085, -39.36587 ], [ -71.72047, -39.36594 ], [ -71.72027, -39.36609 ], [ -71.71877, -39.36644 ], [ -71.71767, -39.36685 ], [ -71.7172, -39.36686 ], [ -71.71698, -39.36678 ], [ -71.71611, -39.3668 ], [ -71.71578, -39.36672 ], [ -71.71546, -39.36629 ], [ -71.71519, -39.36615 ], [ -71.71519, -39.36553 ] ] } },
{ "type": "Feature", "properties": { "osm_id": 599931193, "nombre": "Sin nombre", "tipo": "stream", "volcan_codigo": "SOL", "volcan_nombre": "Sollipulli", "drena_volcan": false }, "geometry": { "type": "LineString", "coordinates": [ [ -71.81405, -39.27801 ], [ -71.81327, -39.27812 ], [ -71.81268, -39.27799 ], [ -71.81184, -39.27803 ], [ -71.81101, -39.27789 ], [ -71.81088, -39.27792 ], [ -71.81068, -39.27848 ], [ -71.81056, -39.27863 ], [ -71.80987, -39.279 ], [ -71.80955, -39.27909 ], [ -71.8093, -39.27905 ], [ -71.80902, -39.27889 ], [ -71.80896, -39.27864 ], [ -71.80867, -39.2782 ], [ -71.80774, -39.27797 ], [ -71.80668, -39.27728 ], [ -71.80583, -39.27749 ], [ -71.80555, -39.27747 ], [ -71.80508, -39.27719 ], [ -71.80456, -39.27709 ], [ -71.80322, -39.27609 ], [ -71.80241, -39.2759 ], [ -71.8019, -39.27563 ], [ -71.8016, -39.2757 ], [ -71.80111, -39.27624 ], [ -71.80105, -39.2766 ], [ -71.80089, -39.27687 ], [ -71.80052, -39.2769 ], [ -71.80003, -39.27669 ], [ -71.79974, -39.27667 ], [ -71.7992, -39.27699 ], [ -71.79902, -39.27741 ], [ -71.79868, -39.27776 ], [ -71.79839, -39.27738 ], [ -71.79819, -39.2773 ], [ -71.7979, -39.27745 ], [ -71.79724, -39.2773 ], [ -71.79662, -39.27753 ], [ -71.79621, -39.27752 ], [ -71.79588, -39.2773 ], [ -71.79527, -39.27722 ], [ -71.79523, -39.27705 ], [ -71.79531, -39.27666 ], [ -71.79529, -39.27651 ], [ -71.79516, -39.27636 ], [ -71.79425, -39.27605 ], [ -71.7933, -39.27614 ], [ -71.79323, -39.2763 ], [ -71.79299, -39.27628 ], [ -71.79255, -39.27688 ], [ -71.79253, -39.27745 ], [ -71.79299, -39.27775 ], [ -71.79265, -39.27799 ], [ -71.79207, -39.27745 ], [ -71.79194, -39.27743 ], [ -71.79147, -39.27777 ], [ -71.79089, -39.27769 ], [ -71.79024, -39.2774 ], [ -71.78976, -39.27749 ], [ -71.78908, -39.27721 ], [ -71.78888, -39.2773 ], [ -71.78876, -39.27755 ], [ -71.789, -39.27805 ], [ -71.78882, -39.27868 ], [ -71.7887, -39.27882 ], [ -71.78799, -39.27919 ], [ -71.78732, -39.27939 ], [ -71.78718, -39.27954 ], [ -71.78699, -39.28011 ], [ -71.78656, -39.28028 ], [ -71.78646, -39.28058 ], [ -71.7865, -39.28076 ], [ -71.78621, -39.28113 ], [ -71.78582, -39.28141 ], [ -71.78572, -39.28176 ], [ -71.78541, -39.2821 ], [ -71.78537, -39.28225 ], [ -71.7856, -39.28274 ], [ -71.78643, -39.28298 ] ] } },
{ "type": "Feature", "properties": { "osm_id": 599932726, "nombre": "Sin nombre", "tipo": "stream", "volcan_codigo": "SOL", "volcan_nombre": "Sollipulli", "drena_volcan": false }, "geometry": { "type": "LineString", "coordinates": [ [ -71.80919, -39.2687 ], [ -71.80915, -39.26896 ], [ -71.80881, -39.26911 ], [ -71.8082, -39.26977 ], [ -71.80755, -39.26972 ], [ -71.80732, -39.26981 ], [ -71.80731, -39.27002 ], [ -71.80782, -39.27022 ], [ -71.80783, -39.27037 ], [ -71.80776, -39.27044 ], [ -71.8078, -39.27069 ], [ -71.8081, -39.27104 ], [ -71.80808, -39.27119 ], [ -71.80785, -39.27123 ], [ -71.8072, -39.27099 ], [ -71.80661, -39.2713 ], [ -71.80605, -39.27174 ], [ -71.80517, -39.27202 ], [ -71.80474, -39.27184 ], [ -71.80391, -39.27172 ], [ -71.80365, -39.27206 ], [ -71.80336, -39.27221 ], [ -71.80329, -39.27235 ], [ -71.80296, -39.27234 ], [ -71.8028, -39.27242 ], [ -71.80271, -39.27261 ], [ -71.80277, -39.27285 ], [ -71.80256, -39.2731 ] ] } },
{ "type": "Feature", "properties": { "osm_id": 601471281, "nombre": "Sin nombre", "tipo": "river", "volcan_codigo": "SOL", "volcan_nombre": "Sollipulli", "drena_volcan": false }, "geometry": { "type": "LineString", "coordinates": [ [ -71.74416, -39.33412 ], [ -71.74389, -39.33377 ], [ -71.74389, -39.33364 ], [ -71.74404, -39.33345 ], [ -71.74421, -39.33338 ], [ -71.74445, -39.33338 ], [ -71.74493, -39.33358 ], [ -71.74541, -39.33367 ], [ -71.74568, -39.33358 ], [ -71.74586, -39.3334 ], [ -71.74577, -39.33287 ], [ -71.74589, -39.33222 ], [ -71.74625, -39.33144 ], [ -71.74654, -39.33116 ], [ -71.74841, -39.32976 ], [ -71.75039, -39.32894 ], [ -71.75056, -39.32862 ], [ -71.75058, -39.32831 ], [ -71.74964, -39.32746 ], [ -71.74942, -39.32685 ], [ -71.74949, -39.32663 ], [ -71.75009, -39.32629 ], [ -71.75051, -39.32626 ], [ -71.75089, -39.32638 ], [ -71.75146, -39.32693 ], [ -71.75165, -39.32695 ], [ -71.75201, -39.32626 ], [ -71.75238, -39.32522 ], [ -71.7522, -39.32473 ], [ -71.7515, -39.32432 ], [ -71.75083, -39.32406 ] ] } },
{ "type": "Feature", "properties": { "osm_id": 601791954, "nombre": "Sin nombre", "tipo": "river", "volcan_codigo": "SOL", "volcan_nombre": "Sollipulli", "drena_volcan": false }, "geometry": { "type": "LineString", "coordinates": [ [ -71.49363, -39.24197 ], [ -71.49345, -39.24218 ], [ -71.49332, -39.24278 ], [ -71.49301, -39.24317 ], [ -71.49274, -39.24332 ], [ -71.4924, -39.24339 ], [ -71.49234, -39.24357 ], [ -71.49244, -39.24373 ], [ -71.49241, -39.2442 ], [ -71.49196, -39.2444 ], [ -71.49131, -39.24429 ], [ -71.49028, -39.24435 ], [ -71.49022, -39.24451 ], [ -71.49034, -39.24473 ], [ -71.49022, -39.24508 ], [ -71.48997, -39.24525 ], [ -71.49047, -39.24592 ], [ -71.49063, -39.24633 ], [ -71.49073, -39.24675 ], [ -71.49057, -39.2473 ], [ -71.49059, -39.2477 ], [ -71.49076, -39.24804 ], [ -71.4911, -39.24829 ], [ -71.49185, -39.24857 ], [ -71.49228, -39.24896 ], [ -71.49265, -39.24946 ], [ -71.49254, -39.25002 ], [ -71.49271, -39.25026 ], [ -71.49252, -39.2506 ], [ -71.49226, -39.25076 ], [ -71.49238, -39.25145 ], [ -71.49259, -39.25189 ], [ -71.49304, -39.25197 ], [ -71.49339, -39.25216 ], [ -71.49357, -39.25263 ], [ -71.49393, -39.25275 ], [ -71.49407, -39.25289 ], [ -71.49419, -39.25311 ], [ -71.49404, -39.25364 ], [ -71.49415, -39.25381 ], [ -71.4943, -39.25388 ], [ -71.49487, -39.25357 ], [ -71.49504, -39.25343 ], [ -71.4954, -39.25291 ], [ -71.49615, -39.25275 ], [ -71.49629, -39.25284 ], [ -71.49621, -39.25303 ], [ -71.49569, -39.25334 ], [ -71.49536, -39.25373 ], [ -71.49522, -39.25396 ], [ -71.49526, -39.25416 ], [ -71.49555, -39.25412 ], [ -71.49567, -39.25419 ], [ -71.49572, -39.25456 ], [ -71.49585, -39.25464 ], [ -71.49669, -39.25479 ], [ -71.49754, -39.25462 ], [ -71.49787, -39.25477 ], [ -71.49817, -39.25551 ], [ -71.49844, -39.25569 ], [ -71.49845, -39.25599 ], [ -71.4979, -39.25636 ], [ -71.49785, -39.25657 ], [ -71.498, -39.25697 ], [ -71.49848, -39.257 ], [ -71.49855, -39.25713 ], [ -71.49827, -39.25755 ], [ -71.49819, -39.25781 ], [ -71.49839, -39.2579 ], [ -71.49965, -39.25771 ], [ -71.50052, -39.2582 ], [ -71.50115, -39.25891 ], [ -71.5019, -39.25858 ], [ -71.50213, -39.25864 ], [ -71.50224, -39.25901 ], [ -71.50266, -39.25953 ], [ -71.50289, -39.25922 ], [ -71.5033, -39.25912 ], [ -71.5034, -39.25941 ], [ -71.50323, -39.25997 ], [ -71.5034, -39.26015 ], [ -71.50372, -39.26023 ], [ -71.50381, -39.26043 ], [ -71.50366, -39.26064 ], [ -71.50338, -39.26075 ], [ -71.50333, -39.26087 ], [ -71.50371, -39.26124 ], [ -71.50395, -39.2612 ], [ -71.50426, -39.26092 ], [ -71.50443, -39.26062 ], [ -71.50442, -39.26018 ], [ -71.5046, -39.26006 ], [ -71.5049, -39.26012 ], [ -71.50512, -39.2606 ], [ -71.50536, -39.2609 ], [ -71.50558, -39.26097 ], [ -71.50583, -39.2608 ], [ -71.50601, -39.26026 ], [ -71.50626, -39.2603 ], [ -71.50638, -39.26044 ], [ -71.50639, -39.26098 ], [ -71.5066, -39.26182 ], [ -71.50675, -39.26191 ], [ -71.50699, -39.26188 ], [ -71.50709, -39.26174 ], [ -71.50711, -39.26144 ], [ -71.50728, -39.2613 ], [ -71.50779, -39.26118 ], [ -71.50797, -39.26097 ], [ -71.50824, -39.26091 ], [ -71.50855, -39.26137 ], [ -71.50979, -39.26186 ], [ -71.50967, -39.26226 ], [ -71.50974, -39.26245 ], [ -71.51007, -39.26247 ], [ -71.5104, -39.26236 ], [ -71.5106, -39.26211 ], [ -71.51089, -39.26224 ], [ -71.51251, -39.26197 ], [ -71.51276, -39.26225 ], [ -71.51305, -39.26226 ], [ -71.51442, -39.26164 ], [ -71.51559, -39.2617 ], [ -71.51603, -39.26163 ], [ -71.51644, -39.26171 ], [ -71.517, -39.26143 ], [ -71.51773, -39.26165 ], [ -71.51867, -39.2616 ], [ -71.51969, -39.26173 ], [ -71.52056, -39.26167 ], [ -71.52108, -39.26139 ], [ -71.52139, -39.26104 ], [ -71.52164, -39.26096 ], [ -71.52224, -39.26116 ], [ -71.52362, -39.26136 ], [ -71.52414, -39.26131 ], [ -71.52483, -39.26078 ], [ -71.52535, -39.26055 ], [ -71.52615, -39.26047 ], [ -71.52676, -39.26087 ], [ -71.52736, -39.26179 ], [ -71.52805, -39.26231 ], [ -71.52888, -39.26242 ], [ -71.52914, -39.26276 ], [ -71.52904, -39.2631 ], [ -71.52916, -39.26343 ], [ -71.5295, -39.26356 ], [ -71.53011, -39.26347 ], [ -71.5309, -39.26417 ], [ -71.53196, -39.26484 ], [ -71.53207, -39.26551 ], [ -71.53232, -39.26587 ], [ -71.53251, -39.26633 ], [ -71.53305, -39.26679 ], [ -71.53374, -39.2671 ], [ -71.5359, -39.26901 ], [ -71.53647, -39.27033 ], [ -71.53691, -39.27102 ], [ -71.53776, -39.27165 ], [ -71.53864, -39.27224 ], [ -71.53901, -39.27225 ], [ -71.53928, -39.27217 ], [ -71.5413, -39.27271 ], [ -71.54203, -39.27323 ], [ -71.54263, -39.27342 ], [ -71.54382, -39.27327 ], [ -71.54431, -39.27363 ], [ -71.54496, -39.27372 ], [ -71.54573, -39.27472 ], [ -71.54653, -39.27499 ], [ -71.54756, -39.27497 ], [ -71.54782, -39.2751 ], [ -71.54801, -39.27543 ], [ -71.54826, -39.27704 ], [ -71.54887, -39.2776 ], [ -71.55054, -39.2786 ], [ -71.55133, -39.27918 ], [ -71.55137, -39.2798 ], [ -71.55153, -39.28032 ], [ -71.55174, -39.2805 ], [ -71.55306, -39.28072 ], [ -71.55319, -39.28108 ], [ -71.55311, -39.28161 ], [ -71.55293, -39.28206 ], [ -71.55294, -39.28236 ], [ -71.55321, -39.28298 ], [ -71.55343, -39.28315 ], [ -71.55404, -39.2834 ], [ -71.55485, -39.28439 ], [ -71.5553, -39.28465 ], [ -71.55538, -39.2848 ], [ -71.55529, -39.28508 ], [ -71.55533, -39.28526 ], [ -71.55556, -39.28536 ], [ -71.55617, -39.28527 ], [ -71.5568, -39.28539 ], [ -71.55706, -39.28507 ], [ -71.55743, -39.28508 ], [ -71.5578, -39.28524 ], [ -71.55875, -39.28607 ], [ -71.55913, -39.28628 ], [ -71.56077, -39.28618 ], [ -71.56113, -39.28684 ], [ -71.56171, -39.28768 ], [ -71.56233, -39.28826 ], [ -71.56268, -39.28842 ], [ -71.56287, -39.28896 ], [ -71.56275, -39.28914 ], [ -71.56285, -39.28929 ], [ -71.56443, -39.2892 ], [ -71.56485, -39.28936 ], [ -71.56462, -39.28962 ], [ -71.56451, -39.2899 ], [ -71.56452, -39.29031 ], [ -71.56461, -39.29056 ], [ -71.56504, -39.29075 ], [ -71.56509, -39.29097 ], [ -71.5646, -39.29155 ], [ -71.56452, -39.2918 ], [ -71.56497, -39.29254 ], [ -71.56568, -39.29299 ], [ -71.56643, -39.29299 ], [ -71.56859, -39.29417 ], [ -71.56961, -39.29454 ], [ -71.57023, -39.29504 ], [ -71.57044, -39.29533 ], [ -71.5702, -39.29579 ], [ -71.57019, -39.29608 ], [ -71.57037, -39.29658 ], [ -71.57064, -39.29672 ], [ -71.57101, -39.2967 ], [ -71.5716, -39.29649 ], [ -71.57196, -39.29652 ], [ -71.57225, -39.29663 ], [ -71.57271, -39.297 ], [ -71.5739, -39.29826 ], [ -71.57459, -39.29939 ], [ -71.57528, -39.29979 ], [ -71.57672, -39.30089 ], [ -71.57767, -39.30148 ], [ -71.57821, -39.30175 ], [ -71.57971, -39.30204 ], [ -71.58001, -39.30253 ], [ -71.57971, -39.30324 ], [ -71.57983, -39.30354 ], [ -71.57976, -39.3038 ], [ -71.57872, -39.30432 ], [ -71.5786, -39.30453 ], [ -71.57868, -39.30468 ], [ -71.57931, -39.30497 ], [ -71.58072, -39.30506 ], [ -71.58104, -39.30516 ], [ -71.58176, -39.30583 ], [ -71.58306, -39.30623 ], [ -71.58357, -39.30665 ], [ -71.58375, -39.30692 ], [ -71.5839, -39.30746 ], [ -71.58432, -39.30814 ], [ -71.58483, -39.30823 ], [ -71.58494, -39.30794 ], [ -71.5851, -39.30782 ], [ -71.58538, -39.30809 ], [ -71.58569, -39.30868 ], [ -71.58563, -39.30903 ], [ -71.58541, -39.30935 ], [ -71.58446, -39.30992 ], [ -71.58417, -39.31018 ], [ -71.58405, -39.31043 ], [ -71.58405, -39.31081 ], [ -71.58432, -39.31158 ], [ -71.58472, -39.31225 ], [ -71.58468, -39.31251 ], [ -71.58446, -39.31274 ], [ -71.58417, -39.31285 ], [ -71.58409, -39.31303 ], [ -71.58415, -39.31329 ], [ -71.58436, -39.31361 ], [ -71.58506, -39.31415 ], [ -71.58503, -39.31442 ], [ -71.58488, -39.31473 ], [ -71.58435, -39.31543 ], [ -71.58432, -39.31559 ], [ -71.58523, -39.31619 ], [ -71.58541, -39.3164 ], [ -71.58541, -39.31664 ], [ -71.58524, -39.31686 ], [ -71.58509, -39.31723 ], [ -71.585, -39.31777 ], [ -71.58562, -39.31962 ], [ -71.58626, -39.32091 ], [ -71.58666, -39.32143 ], [ -71.5871, -39.32178 ], [ -71.58751, -39.32183 ], [ -71.58841, -39.32155 ], [ -71.58884, -39.32157 ], [ -71.58985, -39.32184 ], [ -71.59093, -39.32243 ], [ -71.592, -39.32256 ], [ -71.59335, -39.32303 ], [ -71.59382, -39.32308 ], [ -71.59466, -39.32279 ], [ -71.5951, -39.32286 ], [ -71.59522, -39.32296 ], [ -71.59529, -39.32346 ], [ -71.59516, -39.32374 ], [ -71.5952, -39.32392 ], [ -71.59548, -39.32409 ], [ -71.5964, -39.32406 ], [ -71.59676, -39.32415 ], [ -71.59936, -39.32589 ], [ -71.59979, -39.32599 ], [ -71.6008, -39.32573 ], [ -71.60285, -39.32556 ], [ -71.60295, -39.32547 ], [ -71.6029, -39.32537 ], [ -71.60249, -39.32519 ], [ -71.60237, -39.32503 ], [ -71.60228, -39.32468 ], [ -71.60274, -39.3244 ], [ -71.60274, -39.32422 ], [ -71.60191, -39.32343 ], [ -71.60154, -39.32292 ], [ -71.6014, -39.32244 ], [ -71.60138, -39.32187 ], [ -71.60171, -39.32151 ], [ -71.60387, -39.32084 ], [ -71.60411, -39.32113 ], [ -71.60408, -39.32136 ], [ -71.60382, -39.32157 ], [ -71.60365, -39.32192 ], [ -71.60363, -39.3222 ], [ -71.60371, -39.32246 ], [ -71.60467, -39.3231 ], [ -71.60516, -39.32332 ], [ -71.60577, -39.32336 ], [ -71.60624, -39.32326 ], [ -71.60693, -39.32302 ], [ -71.60772, -39.32234 ], [ -71.60819, -39.32228 ], [ -71.60945, -39.32252 ], [ -71.60915, -39.32375 ], [ -71.60922, -39.32408 ], [ -71.60937, -39.32427 ], [ -71.61054, -39.32444 ], [ -71.61086, -39.3244 ], [ -71.61141, -39.32391 ], [ -71.61185, -39.32389 ], [ -71.6128, -39.32398 ], [ -71.61317, -39.32463 ], [ -71.61461, -39.32447 ], [ -71.61484, -39.32462 ], [ -71.61521, -39.3247 ], [ -71.61601, -39.32464 ], [ -71.61645, -39.32476 ], [ -71.61655, -39.32533 ], [ -71.61645, -39.32648 ], [ -71.61517, -39.32814 ], [ -71.61523, -39.32838 ], [ -71.61548, -39.32854 ], [ -71.61595, -39.32868 ], [ -71.6166, -39.32873 ], [ -71.61695, -39.32867 ], [ -71.61695, -39.32749 ], [ -71.61729, -39.32729 ], [ -71.61787, -39.3271 ], [ -71.61857, -39.32712 ], [ -71.61929, -39.32756 ], [ -71.61972, -39.32804 ], [ -71.62012, -39.3287 ], [ -71.62027, -39.32925 ], [ -71.62066, -39.33011 ], [ -71.6211, -39.33052 ], [ -71.6216, -39.3308 ], [ -71.62221, -39.33094 ], [ -71.62261, -39.33128 ], [ -71.62282, -39.33149 ], [ -71.62272, -39.33205 ], [ -71.62374, -39.33296 ], [ -71.62554, -39.3348 ], [ -71.62566, -39.33537 ], [ -71.62594, -39.33573 ], [ -71.62618, -39.33671 ], [ -71.62597, -39.33799 ], [ -71.62616, -39.33816 ], [ -71.62797, -39.33827 ], [ -71.62844, -39.33837 ], [ -71.62869, -39.3386 ], [ -71.6293, -39.3399 ], [ -71.62979, -39.34036 ], [ -71.63042, -39.34075 ], [ -71.63378, -39.34413 ], [ -71.635, -39.34522 ], [ -71.63515, -39.34555 ], [ -71.63572, -39.34614 ], [ -71.636, -39.34656 ], [ -71.63585, -39.34753 ], [ -71.63613, -39.34798 ], [ -71.63628, -39.34846 ], [ -71.63626, -39.349 ], [ -71.63603, -39.34922 ], [ -71.6357, -39.34938 ], [ -71.63398, -39.34961 ], [ -71.63383, -39.3498 ], [ -71.63422, -39.35051 ], [ -71.63535, -39.35121 ] ] } },
{ "type": "Feature", "properties": { "osm_id": 601791955, "nombre": "Sin nombre", "tipo": "river", "volcan_codigo": "SOL", "volcan_nombre": "Sollipulli", "drena_volcan": false }, "geometry": { "type": "LineString", "coordinates": [ [ -71.63398, -39.34961 ], [ -71.63317, -39.34976 ], [ -71.63303, -39.34988 ], [ -71.63304, -39.35006 ], [ -71.63312, -39.35024 ], [ -71.6333, -39.35034 ], [ -71.6342, -39.35046 ] ] } },
{ "type": "Feature", "properties": { "osm_id": 601791956, "nombre": "Sin nombre", "tipo": "river", "volcan_codigo": "SOL", "volcan_nombre": "Sollipulli", "drena_volcan": false }, "geometry": { "type": "LineString", "coordinates": [ [ -71.50159, -39.2587 ], [ -71.50224, -39.25901 ] ] } },
{ "type": "Feature", "properties": { "osm_id": 609637700, "nombre": "Sin nombre", "tipo": "stream", "volcan_codigo": "SOL", "volcan_nombre": "Sollipulli", "drena_volcan": false }, "geometry": { "type": "LineString", "coordinates": [ [ -71.84196, -39.25403 ], [ -71.84172, -39.25402 ], [ -71.84142, -39.25375 ], [ -71.84116, -39.25336 ], [ -71.84108, -39.25297 ] ] } },
{ "type": "Feature", "properties": { "osm_id": 609981822, "nombre": "Sin nombre", "tipo": "stream", "volcan_codigo": "SOL", "volcan_nombre": "Sollipulli", "drena_volcan": false }, "geometry": { "type": "LineString", "coordinates": [ [ -71.56952, -39.18326 ], [ -71.57072, -39.18317 ], [ -71.57149, -39.18297 ], [ -71.57395, -39.18306 ], [ -71.57504, -39.18323 ], [ -71.57703, -39.18319 ], [ -71.57798, -39.18336 ], [ -71.57871, -39.18304 ], [ -71.57923, -39.18304 ], [ -71.57969, -39.18312 ], [ -71.58011, -39.1833 ], [ -71.58091, -39.18395 ], [ -71.5817, -39.18426 ], [ -71.58242, -39.18499 ], [ -71.58297, -39.18509 ], [ -71.58357, -39.18509 ], [ -71.58533, -39.18545 ] ] } },
{ "type": "Feature", "properties": { "osm_id": 609981823, "nombre": "Sin nombre", "tipo": "stream", "volcan_codigo": "SOL", "volcan_nombre": "Sollipulli", "drena_volcan": false }, "geometry": { "type": "LineString", "coordinates": [ [ -71.57075, -39.18262 ], [ -71.57278, -39.18294 ], [ -71.57427, -39.18293 ], [ -71.57504, -39.18323 ] ] } },
{ "type": "Feature", "properties": { "osm_id": 609981824, "nombre": "Sin nombre", "tipo": "stream", "volcan_codigo": "SOL", "volcan_nombre": "Sollipulli", "drena_volcan": false }, "geometry": { "type": "LineString", "coordinates": [ [ -71.57266, -39.18225 ], [ -71.57435, -39.1829 ], [ -71.57449, -39.18301 ] ] } },
{ "type": "Feature", "properties": { "osm_id": 609981825, "nombre": "Sin nombre", "tipo": "stream", "volcan_codigo": "SOL", "volcan_nombre": "Sollipulli", "drena_volcan": false }, "geometry": { "type": "LineString", "coordinates": [ [ -71.57258, -39.18372 ], [ -71.57292, -39.18306 ] ] } },
{ "type": "Feature", "properties": { "osm_id": 609981826, "nombre": "Sin nombre", "tipo": "stream", "volcan_codigo": "SOL", "volcan_nombre": "Sollipulli", "drena_volcan": false }, "geometry": { "type": "LineString", "coordinates": [ [ -71.5671, -39.1814 ], [ -71.56806, -39.18127 ], [ -71.57076, -39.18208 ], [ -71.571, -39.18229 ], [ -71.57213, -39.18282 ] ] } },
{ "type": "Feature", "properties": { "osm_id": 609981827, "nombre": "Sin nombre", "tipo": "stream", "volcan_codigo": "SOL", "volcan_nombre": "Sollipulli", "drena_volcan": false }, "geometry": { "type": "LineString", "coordinates": [ [ -71.57061, -39.18095 ], [ -71.57148, -39.18108 ], [ -71.57256, -39.1814 ], [ -71.57335, -39.18183 ], [ -71.57444, -39.18225 ], [ -71.57484, -39.18315 ] ] } },
{ "type": "Feature", "properties": { "osm_id": 609981828, "nombre": "Sin nombre", "tipo": "stream", "volcan_codigo": "SOL", "volcan_nombre": "Sollipulli", "drena_volcan": false }, "geometry": { "type": "LineString", "coordinates": [ [ -71.56858, -39.18449 ], [ -71.57024, -39.18414 ], [ -71.5713, -39.18372 ], [ -71.57166, -39.18348 ], [ -71.57271, -39.18304 ] ] } },
{ "type": "Feature", "properties": { "osm_id": 609981829, "nombre": "Sin nombre", "tipo": "stream", "volcan_codigo": "SOL", "volcan_nombre": "Sollipulli", "drena_volcan": false }, "geometry": { "type": "LineString", "coordinates": [ [ -71.57311, -39.18432 ], [ -71.57478, -39.18322 ] ] } },
{ "type": "Feature", "properties": { "osm_id": 609981830, "nombre": "Sin nombre", "tipo": "stream", "volcan_codigo": "SOL", "volcan_nombre": "Sollipulli", "drena_volcan": false }, "geometry": { "type": "LineString", "coordinates": [ [ -71.57404, -39.18748 ], [ -71.57566, -39.1873 ], [ -71.57855, -39.1873 ], [ -71.58118, -39.18763 ], [ -71.5822, -39.18783 ], [ -71.58394, -39.1885 ], [ -71.58493, -39.18871 ] ] } },
{ "type": "Feature", "properties": { "osm_id": 609981831, "nombre": "Sin nombre", "tipo": "stream", "volcan_codigo": "SOL", "volcan_nombre": "Sollipulli", "drena_volcan": false }, "geometry": { "type": "LineString", "coordinates": [ [ -71.5653, -39.17893 ], [ -71.56626, -39.17848 ] ] } },
{ "type": "Feature", "properties": { "osm_id": 609981832, "nombre": "Sin nombre", "tipo": "stream", "volcan_codigo": "SOL", "volcan_nombre": "Sollipulli", "drena_volcan": false }, "geometry": { "type": "LineString", "coordinates": [ [ -71.56488, -39.17822 ], [ -71.56626, -39.17848 ], [ -71.56806, -39.17793 ], [ -71.57042, -39.17755 ], [ -71.57173, -39.17766 ], [ -71.57391, -39.17802 ], [ -71.5745, -39.17826 ], [ -71.57622, -39.17863 ], [ -71.57789, -39.17863 ], [ -71.57822, -39.1787 ], [ -71.57862, -39.17927 ], [ -71.57888, -39.17949 ], [ -71.57996, -39.17978 ], [ -71.58058, -39.18052 ], [ -71.58112, -39.18083 ], [ -71.58154, -39.18089 ], [ -71.58249, -39.18145 ], [ -71.58403, -39.18174 ] ] } },
{ "type": "Feature", "properties": { "osm_id": 609981833, "nombre": "Sin nombre", "tipo": "stream", "volcan_codigo": "SOL", "volcan_nombre": "Sollipulli", "drena_volcan": false }, "geometry": { "type": "LineString", "coordinates": [ [ -71.55903, -39.17283 ], [ -71.55964, -39.17317 ], [ -71.56, -39.17326 ], [ -71.56074, -39.17313 ], [ -71.5614, -39.17292 ], [ -71.56188, -39.17263 ], [ -71.56379, -39.17186 ], [ -71.5645, -39.17148 ], [ -71.56562, -39.17106 ], [ -71.56702, -39.17067 ], [ -71.56923, -39.16966 ], [ -71.56969, -39.16957 ], [ -71.57228, -39.16947 ], [ -71.57314, -39.16916 ], [ -71.57368, -39.16935 ], [ -71.57437, -39.16983 ], [ -71.57517, -39.17016 ], [ -71.57577, -39.17016 ], [ -71.57664, -39.17044 ], [ -71.57704, -39.17067 ], [ -71.57718, -39.17115 ], [ -71.57737, -39.1713 ], [ -71.57783, -39.17143 ], [ -71.57812, -39.17169 ], [ -71.57855, -39.17185 ], [ -71.57959, -39.17286 ] ] } },
{ "type": "Feature", "properties": { "osm_id": 609981834, "nombre": "Sin nombre", "tipo": "stream", "volcan_codigo": "SOL", "volcan_nombre": "Sollipulli", "drena_volcan": false }, "geometry": { "type": "LineString", "coordinates": [ [ -71.57196, -39.17107 ], [ -71.57252, -39.17032 ], [ -71.57282, -39.17018 ], [ -71.57375, -39.17045 ], [ -71.57433, -39.17041 ], [ -71.57506, -39.17011 ] ] } },
{ "type": "Feature", "properties": { "osm_id": 609981835, "nombre": "Sin nombre", "tipo": "stream", "volcan_codigo": "SOL", "volcan_nombre": "Sollipulli", "drena_volcan": false }, "geometry": { "type": "LineString", "coordinates": [ [ -71.56394, -39.16216 ], [ -71.56462, -39.16172 ], [ -71.5653, -39.16141 ], [ -71.56618, -39.16115 ], [ -71.56693, -39.16114 ], [ -71.56798, -39.16149 ], [ -71.56903, -39.16213 ], [ -71.57077, -39.16373 ], [ -71.57359, -39.16755 ], [ -71.57573, -39.16951 ], [ -71.57647, -39.17039 ] ] } },
{ "type": "Feature", "properties": { "osm_id": 609981836, "nombre": "Sin nombre", "tipo": "stream", "volcan_codigo": "SOL", "volcan_nombre": "Sollipulli", "drena_volcan": false }, "geometry": { "type": "LineString", "coordinates": [ [ -71.57605, -39.15653 ], [ -71.57542, -39.15796 ], [ -71.57511, -39.15838 ], [ -71.5734, -39.15952 ], [ -71.5734, -39.16051 ], [ -71.57317, -39.16095 ], [ -71.57169, -39.16305 ], [ -71.57077, -39.16373 ] ] } },
{ "type": "Feature", "properties": { "osm_id": 609981838, "nombre": "Sin nombre", "tipo": "stream", "volcan_codigo": "SOL", "volcan_nombre": "Sollipulli", "drena_volcan": false }, "geometry": { "type": "LineString", "coordinates": [ [ -71.56364, -39.1751 ], [ -71.5639, -39.17459 ], [ -71.56458, -39.1738 ], [ -71.56454, -39.17309 ], [ -71.56464, -39.17268 ], [ -71.56492, -39.17218 ], [ -71.56518, -39.17122 ] ] } },
{ "type": "Feature", "properties": { "osm_id": 609981839, "nombre": "Sin nombre", "tipo": "stream", "volcan_codigo": "SOL", "volcan_nombre": "Sollipulli", "drena_volcan": false }, "geometry": { "type": "LineString", "coordinates": [ [ -71.5608, -39.17455 ], [ -71.56115, -39.17408 ], [ -71.56156, -39.17317 ], [ -71.56166, -39.17276 ] ] } },
{ "type": "Feature", "properties": { "osm_id": 609990332, "nombre": "Sin nombre", "tipo": "river", "volcan_codigo": "SOL", "volcan_nombre": "Sollipulli", "drena_volcan": false }, "geometry": { "type": "LineString", "coordinates": [ [ -71.54602, -39.20425 ], [ -71.54667, -39.20491 ], [ -71.54715, -39.20524 ], [ -71.54819, -39.2068 ], [ -71.54913, -39.20709 ], [ -71.54957, -39.20736 ], [ -71.5504, -39.2077 ], [ -71.5507, -39.20818 ], [ -71.55082, -39.20855 ], [ -71.55138, -39.20904 ], [ -71.55283, -39.20966 ], [ -71.55435, -39.21003 ], [ -71.55557, -39.20988 ], [ -71.55769, -39.21053 ], [ -71.55836, -39.21083 ], [ -71.55924, -39.2108 ], [ -71.55954, -39.21089 ], [ -71.55969, -39.21108 ], [ -71.55958, -39.21168 ], [ -71.55989, -39.21196 ], [ -71.56064, -39.21241 ], [ -71.56171, -39.21328 ], [ -71.56278, -39.21367 ], [ -71.56313, -39.21367 ], [ -71.56385, -39.21347 ], [ -71.56429, -39.21401 ], [ -71.56546, -39.21461 ], [ -71.56561, -39.21488 ], [ -71.56609, -39.21505 ], [ -71.56774, -39.21538 ], [ -71.56798, -39.21535 ], [ -71.56824, -39.21506 ], [ -71.56872, -39.2147 ], [ -71.56919, -39.21476 ], [ -71.56994, -39.21512 ], [ -71.57077, -39.21578 ], [ -71.57124, -39.21593 ], [ -71.57168, -39.21603 ], [ -71.572, -39.21584 ], [ -71.5722, -39.21546 ], [ -71.57237, -39.21542 ], [ -71.57349, -39.21606 ], [ -71.57387, -39.21611 ], [ -71.57418, -39.21605 ], [ -71.57673, -39.21724 ], [ -71.57729, -39.21765 ], [ -71.57866, -39.21888 ], [ -71.58023, -39.21999 ], [ -71.5804, -39.2203 ], [ -71.58083, -39.2204 ], [ -71.58154, -39.22029 ], [ -71.58242, -39.2206 ], [ -71.58284, -39.22065 ], [ -71.58402, -39.22035 ], [ -71.58446, -39.22035 ], [ -71.58492, -39.22056 ], [ -71.58621, -39.22063 ], [ -71.5868, -39.22078 ], [ -71.5876, -39.22158 ], [ -71.58808, -39.22172 ], [ -71.58858, -39.22169 ], [ -71.58898, -39.22184 ], [ -71.58951, -39.22188 ], [ -71.59009, -39.22184 ], [ -71.59016, -39.22141 ], [ -71.59045, -39.22118 ], [ -71.59074, -39.22111 ], [ -71.59128, -39.22119 ], [ -71.59165, -39.22193 ], [ -71.59188, -39.22199 ], [ -71.59295, -39.22173 ], [ -71.59354, -39.22176 ], [ -71.59398, -39.22183 ], [ -71.59465, -39.22223 ], [ -71.5951, -39.22226 ], [ -71.59588, -39.22193 ], [ -71.59644, -39.2218 ], [ -71.59666, -39.22186 ], [ -71.59697, -39.22212 ], [ -71.59739, -39.22222 ], [ -71.59954, -39.22225 ], [ -71.60035, -39.22245 ], [ -71.60066, -39.22243 ], [ -71.6011, -39.22229 ], [ -71.60207, -39.22223 ], [ -71.60226, -39.22211 ], [ -71.60234, -39.22193 ], [ -71.60242, -39.22075 ], [ -71.60256, -39.22074 ], [ -71.60369, -39.22088 ], [ -71.60404, -39.22103 ], [ -71.60451, -39.22168 ], [ -71.60491, -39.22208 ], [ -71.606, -39.22259 ], [ -71.60734, -39.22246 ], [ -71.6078, -39.22232 ], [ -71.61045, -39.22243 ], [ -71.61127, -39.22277 ], [ -71.61186, -39.22313 ], [ -71.61342, -39.22337 ], [ -71.61527, -39.22387 ], [ -71.61766, -39.2238 ], [ -71.61842, -39.22393 ], [ -71.61895, -39.22389 ], [ -71.619, -39.22381 ], [ -71.61865, -39.2231 ], [ -71.61853, -39.22257 ], [ -71.61864, -39.22227 ], [ -71.61899, -39.22216 ], [ -71.62244, -39.22183 ], [ -71.62317, -39.22191 ], [ -71.62474, -39.22178 ], [ -71.62532, -39.22188 ], [ -71.62545, -39.22186 ], [ -71.62544, -39.22149 ], [ -71.62568, -39.22138 ], [ -71.62614, -39.22134 ], [ -71.62658, -39.22136 ], [ -71.62717, -39.22153 ], [ -71.62747, -39.22151 ], [ -71.62755, -39.22127 ], [ -71.62728, -39.22078 ], [ -71.62724, -39.22053 ], [ -71.6273, -39.22033 ], [ -71.62772, -39.21987 ], [ -71.62764, -39.2197 ], [ -71.62712, -39.21926 ], [ -71.62704, -39.2185 ], [ -71.62716, -39.21788 ], [ -71.62739, -39.21762 ] ] } },
{ "type": "Feature", "properties": { "osm_id": 612428621, "nombre": "Sin nombre", "tipo": "river", "volcan_codigo": "SOL", "volcan_nombre": "Sollipulli", "drena_volcan": false }, "geometry": { "type": "LineString", "coordinates": [ [ -71.73882, -39.17711 ], [ -71.73878, -39.17796 ], [ -71.73842, -39.17825 ], [ -71.73838, -39.17845 ], [ -71.73856, -39.17878 ], [ -71.73849, -39.1789 ], [ -71.73853, -39.17917 ], [ -71.73885, -39.17936 ], [ -71.73903, -39.17979 ], [ -71.73895, -39.18016 ], [ -71.73923, -39.1814 ], [ -71.73966, -39.18202 ], [ -71.73987, -39.18276 ], [ -71.73987, -39.18356 ], [ -71.73961, -39.18474 ], [ -71.73906, -39.18598 ], [ -71.73872, -39.1864 ], [ -71.7388, -39.18666 ], [ -71.73954, -39.18735 ], [ -71.73959, -39.1876 ], [ -71.73834, -39.18914 ], [ -71.73827, -39.1898 ], [ -71.73812, -39.1903 ], [ -71.73777, -39.19085 ], [ -71.73808, -39.1915 ], [ -71.73825, -39.19213 ], [ -71.73818, -39.19254 ], [ -71.738, -39.19293 ], [ -71.73784, -39.19431 ], [ -71.738, -39.19502 ], [ -71.73791, -39.19534 ], [ -71.73795, -39.19571 ], [ -71.73895, -39.19725 ], [ -71.73908, -39.19772 ], [ -71.73994, -39.19883 ], [ -71.74028, -39.19954 ], [ -71.74033, -39.19981 ], [ -71.74024, -39.19994 ], [ -71.7398, -39.20006 ], [ -71.73938, -39.2003 ], [ -71.73859, -39.20029 ], [ -71.73805, -39.20046 ], [ -71.73776, -39.20103 ], [ -71.73719, -39.20129 ], [ -71.73696, -39.20156 ], [ -71.73453, -39.2022 ], [ -71.73403, -39.20245 ], [ -71.73394, -39.20263 ], [ -71.73408, -39.2029 ], [ -71.73455, -39.20329 ], [ -71.73466, -39.2035 ], [ -71.73459, -39.20399 ], [ -71.73464, -39.20429 ], [ -71.73589, -39.20536 ], [ -71.73592, -39.20651 ], [ -71.73604, -39.2068 ], [ -71.73655, -39.20731 ], [ -71.73685, -39.20748 ], [ -71.73694, -39.20768 ], [ -71.73687, -39.20798 ], [ -71.73639, -39.20856 ], [ -71.73632, -39.20908 ], [ -71.73613, -39.20935 ], [ -71.73512, -39.20979 ], [ -71.73484, -39.21029 ], [ -71.73461, -39.21053 ], [ -71.73353, -39.2108 ], [ -71.73358, -39.21099 ], [ -71.73409, -39.21167 ], [ -71.73407, -39.21187 ], [ -71.73394, -39.21202 ], [ -71.73342, -39.21209 ], [ -71.73265, -39.21169 ], [ -71.73257, -39.21176 ], [ -71.73254, -39.21207 ], [ -71.73179, -39.21202 ], [ -71.73139, -39.21215 ], [ -71.73119, -39.21209 ], [ -71.73092, -39.21187 ], [ -71.73059, -39.21183 ], [ -71.73044, -39.21188 ], [ -71.73031, -39.21212 ], [ -71.73015, -39.21221 ], [ -71.72977, -39.21215 ], [ -71.72964, -39.21228 ] ] } },
{ "type": "Feature", "properties": { "osm_id": 612458895, "nombre": "Sin nombre", "tipo": "stream", "volcan_codigo": "SOL", "volcan_nombre": "Sollipulli", "drena_volcan": false }, "geometry": { "type": "LineString", "coordinates": [ [ -71.6388, -39.30343 ], [ -71.63915, -39.3038 ], [ -71.63941, -39.30379 ], [ -71.63971, -39.30399 ], [ -71.64054, -39.30493 ], [ -71.6405, -39.30535 ], [ -71.64071, -39.30546 ], [ -71.64092, -39.30585 ], [ -71.64059, -39.30602 ], [ -71.64055, -39.30613 ], [ -71.64076, -39.30661 ], [ -71.6411, -39.3069 ], [ -71.64171, -39.30711 ], [ -71.64184, -39.30758 ], [ -71.64214, -39.30791 ], [ -71.64311, -39.3085 ], [ -71.64346, -39.30855 ], [ -71.64347, -39.30902 ], [ -71.64373, -39.30895 ], [ -71.64409, -39.30938 ], [ -71.64438, -39.30929 ], [ -71.64455, -39.30948 ], [ -71.64528, -39.30949 ], [ -71.6457, -39.30966 ], [ -71.64606, -39.30952 ], [ -71.64623, -39.3097 ], [ -71.64646, -39.30979 ], [ -71.6466, -39.30953 ], [ -71.64687, -39.30951 ], [ -71.64721, -39.3096 ], [ -71.64731, -39.30927 ], [ -71.64751, -39.30919 ], [ -71.64787, -39.30923 ] ] } },
{ "type": "Feature", "properties": { "osm_id": 613464005, "nombre": "Río Nevado", "tipo": "river", "volcan_codigo": "SOL", "volcan_nombre": "Sollipulli", "drena_volcan": false }, "geometry": { "type": "LineString", "coordinates": [ [ -71.63245, -39.1586 ], [ -71.63302, -39.15859 ], [ -71.63334, -39.15884 ], [ -71.63315, -39.1601 ], [ -71.63272, -39.16146 ], [ -71.63286, -39.16178 ], [ -71.63471, -39.16351 ], [ -71.63533, -39.16359 ], [ -71.63554, -39.1638 ], [ -71.63522, -39.16408 ], [ -71.63518, -39.16445 ], [ -71.6349, -39.16459 ], [ -71.63404, -39.16452 ], [ -71.63404, -39.16469 ], [ -71.63612, -39.16822 ], [ -71.63736, -39.16923 ], [ -71.63846, -39.16987 ], [ -71.6391, -39.17063 ], [ -71.63994, -39.17111 ], [ -71.64048, -39.17183 ], [ -71.6413, -39.17245 ], [ -71.64149, -39.1727 ], [ -71.64224, -39.1732 ], [ -71.64441, -39.17398 ], [ -71.64535, -39.17404 ], [ -71.64573, -39.17454 ], [ -71.64642, -39.17466 ], [ -71.64742, -39.17462 ], [ -71.64799, -39.17485 ], [ -71.64899, -39.1748 ], [ -71.64932, -39.17503 ], [ -71.64993, -39.17517 ], [ -71.65047, -39.17517 ], [ -71.65072, -39.17487 ], [ -71.65111, -39.1746 ], [ -71.65355, -39.17448 ], [ -71.65503, -39.17421 ], [ -71.65605, -39.17419 ], [ -71.65846, -39.17458 ], [ -71.65872, -39.17445 ], [ -71.65892, -39.17409 ], [ -71.65921, -39.17392 ], [ -71.65952, -39.17389 ], [ -71.66032, -39.17357 ], [ -71.66069, -39.1736 ], [ -71.66227, -39.17404 ], [ -71.66249, -39.17411 ], [ -71.66267, -39.17431 ], [ -71.66301, -39.1745 ], [ -71.66386, -39.17475 ], [ -71.66452, -39.1748 ], [ -71.6653, -39.1752 ], [ -71.66644, -39.17512 ], [ -71.66686, -39.1754 ], [ -71.66726, -39.17554 ], [ -71.66799, -39.17565 ], [ -71.66923, -39.17597 ], [ -71.66967, -39.1763 ], [ -71.67003, -39.17642 ], [ -71.67043, -39.17647 ], [ -71.67089, -39.1764 ], [ -71.67149, -39.17612 ], [ -71.67316, -39.17596 ], [ -71.67427, -39.17603 ], [ -71.67438, -39.17609 ], [ -71.67472, -39.17692 ], [ -71.67545, -39.17779 ], [ -71.67621, -39.17796 ], [ -71.67633, -39.17808 ], [ -71.67607, -39.17871 ], [ -71.67635, -39.17898 ], [ -71.6765, -39.1797 ], [ -71.67672, -39.17983 ], [ -71.6779, -39.18007 ], [ -71.67831, -39.18028 ], [ -71.6795, -39.18025 ], [ -71.67971, -39.18036 ], [ -71.68044, -39.18048 ], [ -71.68177, -39.18094 ], [ -71.68257, -39.18105 ], [ -71.68326, -39.18094 ], [ -71.68386, -39.18059 ], [ -71.68426, -39.18054 ], [ -71.68474, -39.18083 ], [ -71.6851, -39.18095 ], [ -71.6859, -39.18102 ], [ -71.68627, -39.18114 ], [ -71.68704, -39.1817 ], [ -71.68797, -39.18169 ], [ -71.68969, -39.18204 ], [ -71.69014, -39.18222 ], [ -71.69018, -39.18261 ], [ -71.68934, -39.18301 ], [ -71.68998, -39.18434 ], [ -71.69001, -39.1848 ], [ -71.69124, -39.18499 ], [ -71.69148, -39.18513 ], [ -71.6917, -39.18542 ], [ -71.69186, -39.18607 ], [ -71.6928, -39.18662 ], [ -71.69304, -39.18664 ], [ -71.69327, -39.1865 ], [ -71.69364, -39.18607 ], [ -71.69412, -39.18597 ], [ -71.69433, -39.18638 ], [ -71.69501, -39.18679 ], [ -71.69518, -39.18747 ], [ -71.69554, -39.18771 ], [ -71.69688, -39.18839 ], [ -71.69734, -39.18846 ], [ -71.69779, -39.18842 ], [ -71.6982, -39.1886 ], [ -71.69828, -39.18876 ], [ -71.69819, -39.18893 ], [ -71.69772, -39.18944 ], [ -71.69797, -39.18975 ], [ -71.69878, -39.1897 ], [ -71.69925, -39.18943 ], [ -71.69963, -39.18906 ], [ -71.69987, -39.18896 ], [ -71.70056, -39.18892 ], [ -71.70083, -39.1891 ], [ -71.7009, -39.1894 ], [ -71.70088, -39.18957 ], [ -71.70071, -39.18973 ], [ -71.70029, -39.18984 ], [ -71.70026, -39.19039 ], [ -71.70038, -39.19051 ], [ -71.70056, -39.1906 ], [ -71.70076, -39.19056 ], [ -71.70099, -39.19024 ], [ -71.70126, -39.19016 ], [ -71.70216, -39.19004 ], [ -71.70239, -39.19011 ], [ -71.70255, -39.19042 ], [ -71.70225, -39.19065 ], [ -71.70213, -39.19093 ], [ -71.7029, -39.19112 ], [ -71.70327, -39.19181 ], [ -71.7035, -39.19193 ], [ -71.70434, -39.19201 ], [ -71.7061, -39.19194 ], [ -71.70617, -39.19232 ], [ -71.70697, -39.19317 ], [ -71.70702, -39.1933 ], [ -71.70689, -39.19352 ], [ -71.70694, -39.19369 ], [ -71.70724, -39.19373 ], [ -71.70802, -39.1934 ], [ -71.70979, -39.19377 ], [ -71.71012, -39.19391 ], [ -71.71032, -39.19416 ], [ -71.71133, -39.19484 ], [ -71.71198, -39.19508 ], [ -71.71402, -39.19486 ], [ -71.71423, -39.19504 ], [ -71.71417, -39.19591 ], [ -71.71422, -39.19631 ], [ -71.71506, -39.19677 ], [ -71.71649, -39.19698 ], [ -71.71675, -39.19711 ], [ -71.71697, -39.19728 ], [ -71.71754, -39.19839 ], [ -71.71815, -39.19879 ], [ -71.71851, -39.19887 ], [ -71.71979, -39.19857 ], [ -71.72025, -39.19834 ], [ -71.72047, -39.19831 ], [ -71.72064, -39.19837 ], [ -71.72083, -39.19865 ], [ -71.72085, -39.19884 ], [ -71.72121, -39.19912 ], [ -71.72298, -39.19949 ], [ -71.72386, -39.19936 ], [ -71.72419, -39.19945 ], [ -71.7253, -39.20001 ], [ -71.72558, -39.20039 ], [ -71.72624, -39.20071 ], [ -71.7264, -39.20089 ], [ -71.72716, -39.20105 ], [ -71.72914, -39.20182 ], [ -71.73005, -39.20197 ], [ -71.73011, -39.20221 ], [ -71.72993, -39.20243 ], [ -71.72925, -39.20245 ], [ -71.72916, -39.2025 ], [ -71.72914, -39.20269 ], [ -71.72942, -39.20297 ], [ -71.73008, -39.20405 ], [ -71.73064, -39.2046 ], [ -71.7316, -39.20491 ], [ -71.73172, -39.20507 ], [ -71.73163, -39.20544 ], [ -71.73144, -39.20575 ], [ -71.73079, -39.20624 ], [ -71.73029, -39.20651 ], [ -71.7302, -39.20689 ], [ -71.73048, -39.20722 ], [ -71.73048, -39.20772 ], [ -71.73036, -39.2081 ], [ -71.73009, -39.20841 ], [ -71.73076, -39.20923 ], [ -71.73135, -39.21042 ], [ -71.73135, -39.21065 ], [ -71.73109, -39.21095 ], [ -71.73074, -39.2111 ], [ -71.73006, -39.21088 ], [ -71.72947, -39.21085 ], [ -71.7285, -39.21112 ], [ -71.7283, -39.21129 ], [ -71.72828, -39.21141 ], [ -71.72837, -39.21162 ], [ -71.72856, -39.21178 ] ] } },
{ "type": "Feature", "properties": { "osm_id": 613468122, "nombre": "Río Turbio", "tipo": "river", "volcan_codigo": "SOL", "volcan_nombre": "Sollipulli", "drena_volcan": true }, "geometry": { "type": "LineString", "coordinates": [ [ -71.88524, -39.30372 ], [ -71.88606, -39.30266 ], [ -71.88649, -39.30227 ], [ -71.88675, -39.30172 ], [ -71.88674, -39.30114 ], [ -71.88707, -39.30071 ], [ -71.88765, -39.3005 ], [ -71.88869, -39.30029 ], [ -71.88981, -39.29972 ], [ -71.89024, -39.29906 ], [ -71.89101, -39.29827 ], [ -71.89191, -39.29684 ], [ -71.89279, -39.29606 ], [ -71.89547, -39.29311 ], [ -71.89625, -39.29239 ], [ -71.89737, -39.29091 ], [ -71.89748, -39.29031 ], [ -71.89742, -39.28888 ], [ -71.89756, -39.28815 ], [ -71.89826, -39.28757 ], [ -71.89887, -39.28684 ], [ -71.89914, -39.28639 ], [ -71.89924, -39.28498 ], [ -71.90003, -39.28346 ], [ -71.90081, -39.28317 ], [ -71.90152, -39.28242 ], [ -71.90158, -39.28192 ], [ -71.90225, -39.28093 ], [ -71.90244, -39.28007 ], [ -71.90209, -39.27936 ], [ -71.90204, -39.27802 ], [ -71.90251, -39.27748 ], [ -71.90561, -39.27509 ] ] } },
{ "type": "Feature", "properties": { "osm_id": 632191960, "nombre": "Sin nombre", "tipo": "stream", "volcan_codigo": "SOL", "volcan_nombre": "Sollipulli", "drena_volcan": false }, "geometry": { "type": "LineString", "coordinates": [ [ -71.06994, -38.77479 ], [ -71.06849, -38.77587 ], [ -71.06627, -38.77711 ], [ -71.06573, -38.77748 ], [ -71.06518, -38.77751 ], [ -71.06377, -38.77821 ], [ -71.06111, -38.78013 ], [ -71.06095, -38.78079 ], [ -71.06063, -38.7813 ], [ -71.05996, -38.78206 ], [ -71.06004, -38.78266 ], [ -71.05972, -38.78303 ], [ -71.05933, -38.7832 ], [ -71.05931, -38.7834 ], [ -71.05865, -38.78376 ], [ -71.05851, -38.78396 ], [ -71.05776, -38.78413 ], [ -71.05764, -38.78429 ], [ -71.05762, -38.78494 ], [ -71.05734, -38.78537 ], [ -71.05698, -38.78569 ], [ -71.05643, -38.78603 ], [ -71.05607, -38.78645 ], [ -71.05518, -38.7867 ], [ -71.05544, -38.7873 ], [ -71.05573, -38.78773 ], [ -71.05524, -38.78803 ], [ -71.05518, -38.78877 ], [ -71.05536, -38.78909 ], [ -71.05514, -38.78984 ], [ -71.05514, -38.79025 ], [ -71.05554, -38.79063 ], [ -71.05587, -38.79121 ], [ -71.05633, -38.79123 ] ] } },
{ "type": "Feature", "properties": { "osm_id": 632191961, "nombre": "Arroyo del Arco", "tipo": "stream", "volcan_codigo": "SOL", "volcan_nombre": "Sollipulli", "drena_volcan": false }, "geometry": { "type": "LineString", "coordinates": [ [ -71.08915, -38.76019 ], [ -71.08816, -38.76141 ], [ -71.08708, -38.76189 ], [ -71.08605, -38.76312 ], [ -71.08441, -38.76483 ], [ -71.0839, -38.76685 ], [ -71.08339, -38.76788 ], [ -71.08323, -38.76867 ], [ -71.08297, -38.76921 ], [ -71.08203, -38.77057 ], [ -71.08148, -38.77199 ], [ -71.08049, -38.77346 ], [ -71.08036, -38.77404 ], [ -71.08068, -38.77471 ], [ -71.08061, -38.77553 ], [ -71.07998, -38.77571 ], [ -71.07859, -38.77775 ], [ -71.07806, -38.77819 ], [ -71.07769, -38.77885 ], [ -71.0771, -38.77911 ], [ -71.07657, -38.77998 ], [ -71.0759, -38.78062 ], [ -71.07608, -38.78097 ], [ -71.07657, -38.78097 ], [ -71.07663, -38.78136 ], [ -71.07642, -38.78177 ], [ -71.07653, -38.78212 ], [ -71.07634, -38.78237 ], [ -71.07587, -38.78225 ], [ -71.07545, -38.78245 ], [ -71.07516, -38.78319 ], [ -71.07459, -38.78378 ], [ -71.07375, -38.78383 ], [ -71.07322, -38.78361 ], [ -71.07269, -38.78394 ], [ -71.0721, -38.78361 ], [ -71.07143, -38.78374 ], [ -71.06985, -38.78333 ], [ -71.06918, -38.78368 ], [ -71.06888, -38.78445 ], [ -71.06823, -38.78501 ], [ -71.06808, -38.78534 ], [ -71.06764, -38.78578 ], [ -71.06684, -38.78706 ], [ -71.06604, -38.7875 ], [ -71.06572, -38.78818 ], [ -71.065, -38.78882 ], [ -71.06492, -38.78925 ], [ -71.0646, -38.78985 ], [ -71.06395, -38.7903 ], [ -71.06366, -38.79007 ], [ -71.06328, -38.78908 ], [ -71.06294, -38.78921 ], [ -71.06292, -38.78964 ], [ -71.06332, -38.79005 ], [ -71.06319, -38.79031 ], [ -71.06229, -38.79016 ], [ -71.06172, -38.78977 ], [ -71.06128, -38.78969 ], [ -71.06064, -38.79046 ], [ -71.06027, -38.79061 ], [ -71.05997, -38.79046 ], [ -71.05978, -38.79074 ], [ -71.05948, -38.79081 ], [ -71.05925, -38.79041 ], [ -71.0594, -38.79005 ], [ -71.0586, -38.78964 ], [ -71.0582, -38.78964 ], [ -71.05812, -38.78992 ], [ -71.05839, -38.79026 ], [ -71.05824, -38.79072 ], [ -71.05788, -38.79089 ], [ -71.05751, -38.79077 ], [ -71.0573, -38.79048 ], [ -71.05683, -38.79046 ], [ -71.05647, -38.79062 ], [ -71.05612, -38.79089 ], [ -71.05607, -38.79102 ], [ -71.05633, -38.79123 ], [ -71.05637, -38.79138 ], [ -71.0559, -38.79135 ], [ -71.0554, -38.79161 ], [ -71.05525, -38.79177 ], [ -71.05548, -38.79215 ], [ -71.05487, -38.79202 ], [ -71.05458, -38.79187 ], [ -71.0546, -38.79161 ], [ -71.05435, -38.79153 ], [ -71.05323, -38.79207 ], [ -71.05285, -38.79204 ], [ -71.05268, -38.79172 ], [ -71.05226, -38.79197 ], [ -71.05218, -38.79225 ], [ -71.0519, -38.79225 ], [ -71.05173, -38.79207 ], [ -71.0499, -38.79266 ], [ -71.05024, -38.79314 ], [ -71.04999, -38.79328 ], [ -71.04937, -38.79302 ], [ -71.04906, -38.79322 ], [ -71.04883, -38.79363 ], [ -71.04845, -38.79346 ], [ -71.04809, -38.79289 ], [ -71.04775, -38.79281 ], [ -71.04729, -38.7931 ], [ -71.04727, -38.79345 ], [ -71.04676, -38.7933 ], [ -71.04653, -38.79304 ], [ -71.04582, -38.79323 ], [ -71.04539, -38.79296 ], [ -71.04529, -38.79261 ], [ -71.04512, -38.79261 ], [ -71.04495, -38.793 ], [ -71.04501, -38.79322 ], [ -71.04466, -38.79327 ], [ -71.04424, -38.79309 ], [ -71.04409, -38.79281 ], [ -71.04383, -38.79274 ], [ -71.04371, -38.79296 ], [ -71.04383, -38.79314 ], [ -71.04375, -38.79335 ], [ -71.04316, -38.79314 ], [ -71.04284, -38.79319 ], [ -71.04225, -38.79378 ], [ -71.04169, -38.79412 ], [ -71.04091, -38.7943 ], [ -71.03918, -38.79565 ], [ -71.03868, -38.79629 ], [ -71.03892, -38.79678 ], [ -71.03887, -38.79706 ], [ -71.03908, -38.79772 ], [ -71.03887, -38.79789 ], [ -71.03858, -38.79791 ], [ -71.03816, -38.79818 ], [ -71.03819, -38.79839 ], [ -71.03854, -38.79844 ], [ -71.03878, -38.79867 ], [ -71.03916, -38.7987 ], [ -71.03911, -38.799 ], [ -71.03884, -38.79928 ], [ -71.03825, -38.7991 ], [ -71.03811, -38.79938 ], [ -71.03872, -38.80005 ], [ -71.0386, -38.80057 ], [ -71.03893, -38.80068 ], [ -71.03921, -38.801 ], [ -71.03932, -38.80139 ], [ -71.03927, -38.80156 ], [ -71.03882, -38.8015 ], [ -71.03879, -38.80172 ], [ -71.03898, -38.80185 ], [ -71.03914, -38.80185 ], [ -71.03945, -38.80224 ], [ -71.03923, -38.80313 ], [ -71.03872, -38.80447 ], [ -71.03747, -38.80521 ], [ -71.03739, -38.8055 ], [ -71.03749, -38.80641 ], [ -71.03727, -38.80688 ], [ -71.03656, -38.8069 ], [ -71.0358, -38.80703 ], [ -71.0355, -38.80709 ], [ -71.03531, -38.80724 ], [ -71.03513, -38.80757 ], [ -71.03537, -38.80815 ], [ -71.03531, -38.80865 ], [ -71.03489, -38.80894 ], [ -71.03486, -38.80974 ], [ -71.03469, -38.80996 ], [ -71.03404, -38.81025 ], [ -71.03387, -38.81042 ], [ -71.03382, -38.81068 ], [ -71.03435, -38.81096 ], [ -71.03424, -38.81118 ], [ -71.03399, -38.81136 ], [ -71.03337, -38.81123 ], [ -71.03301, -38.81137 ], [ -71.0329, -38.81166 ], [ -71.03267, -38.81186 ], [ -71.03238, -38.81186 ], [ -71.03145, -38.81159 ], [ -71.03098, -38.81167 ], [ -71.03077, -38.81186 ], [ -71.03035, -38.81274 ], [ -71.03043, -38.81363 ], [ -71.03064, -38.8145 ], [ -71.03081, -38.81468 ], [ -71.03097, -38.81517 ], [ -71.03085, -38.81557 ], [ -71.0314, -38.81583 ], [ -71.03145, -38.81598 ], [ -71.03117, -38.81622 ], [ -71.03062, -38.81611 ], [ -71.03038, -38.81636 ], [ -71.03004, -38.81733 ], [ -71.02998, -38.8178 ], [ -71.03042, -38.81829 ], [ -71.03206, -38.81928 ], [ -71.03237, -38.82121 ], [ -71.03276, -38.82249 ], [ -71.03276, -38.82284 ], [ -71.0327, -38.82328 ], [ -71.03239, -38.82389 ], [ -71.03195, -38.82431 ], [ -71.03261, -38.82544 ], [ -71.03338, -38.82618 ], [ -71.03349, -38.82642 ], [ -71.034, -38.82694 ], [ -71.03399, -38.82713 ], [ -71.03376, -38.82731 ], [ -71.0332, -38.82765 ], [ -71.03271, -38.82782 ], [ -71.03225, -38.82813 ], [ -71.0322, -38.82852 ], [ -71.03255, -38.82885 ], [ -71.03305, -38.82966 ], [ -71.03309, -38.82994 ], [ -71.03325, -38.82999 ], [ -71.03331, -38.83037 ], [ -71.03463, -38.83108 ], [ -71.03497, -38.83116 ], [ -71.03507, -38.83149 ], [ -71.03503, -38.83247 ], [ -71.03522, -38.83327 ], [ -71.03513, -38.83385 ], [ -71.03513, -38.83462 ], [ -71.03548, -38.83569 ], [ -71.03546, -38.83646 ], [ -71.03534, -38.83695 ], [ -71.03505, -38.83765 ], [ -71.03423, -38.83893 ], [ -71.0337, -38.83935 ], [ -71.03319, -38.83962 ], [ -71.03266, -38.83969 ], [ -71.03226, -38.83991 ], [ -71.03241, -38.84231 ], [ -71.03224, -38.84338 ], [ -71.0323, -38.84403 ], [ -71.03245, -38.84444 ], [ -71.03288, -38.84501 ], [ -71.0333, -38.84536 ], [ -71.03364, -38.84552 ], [ -71.03424, -38.84559 ], [ -71.03441, -38.84571 ], [ -71.03446, -38.84604 ], [ -71.03424, -38.84645 ], [ -71.03377, -38.8484 ], [ -71.03443, -38.85061 ], [ -71.03446, -38.85105 ], [ -71.03475, -38.85149 ], [ -71.03526, -38.85184 ], [ -71.03509, -38.85237 ], [ -71.03482, -38.85257 ], [ -71.03373, -38.85298 ], [ -71.03321, -38.85331 ], [ -71.033, -38.85358 ], [ -71.03282, -38.85368 ], [ -71.03241, -38.85373 ], [ -71.03132, -38.85364 ], [ -71.031, -38.85384 ], [ -71.03073, -38.85419 ], [ -71.03041, -38.85493 ], [ -71.0304, -38.85515 ], [ -71.03073, -38.85512 ], [ -71.03099, -38.8552 ], [ -71.03121, -38.85546 ], [ -71.03113, -38.85578 ], [ -71.03089, -38.85608 ], [ -71.03078, -38.85638 ], [ -71.03089, -38.85659 ], [ -71.03117, -38.85671 ], [ -71.0314, -38.85704 ], [ -71.03173, -38.85732 ], [ -71.0319, -38.85779 ], [ -71.03194, -38.8585 ], [ -71.0322, -38.85893 ], [ -71.03322, -38.85991 ], [ -71.03343, -38.86022 ], [ -71.03395, -38.86141 ], [ -71.03403, -38.86209 ], [ -71.0342, -38.86248 ], [ -71.03547, -38.86308 ], [ -71.03573, -38.86328 ], [ -71.03571, -38.86364 ], [ -71.03503, -38.86409 ], [ -71.03481, -38.86462 ], [ -71.03529, -38.86589 ], [ -71.03559, -38.86632 ], [ -71.03654, -38.8672 ], [ -71.03636, -38.86818 ], [ -71.03677, -38.86974 ], [ -71.03669, -38.87004 ], [ -71.03675, -38.87038 ] ] } },
{ "type": "Feature", "properties": { "osm_id": 632191963, "nombre": "Sin nombre", "tipo": "stream", "volcan_codigo": "SOL", "volcan_nombre": "Sollipulli", "drena_volcan": false }, "geometry": { "type": "LineString", "coordinates": [ [ -71.06723, -38.79497 ], [ -71.06549, -38.79492 ], [ -71.06459, -38.79462 ], [ -71.06416, -38.79425 ], [ -71.06384, -38.79373 ], [ -71.06324, -38.79311 ], [ -71.06277, -38.79301 ], [ -71.06208, -38.79236 ], [ -71.06148, -38.79201 ], [ -71.06067, -38.79183 ], [ -71.05989, -38.79126 ], [ -71.05948, -38.79081 ] ] } },
{ "type": "Feature", "properties": { "osm_id": 632191993, "nombre": "Río Litrán", "tipo": "river", "volcan_codigo": "SOL", "volcan_nombre": "Sollipulli", "drena_volcan": false }, "geometry": { "type": "LineString", "coordinates": [ [ -71.06272, -38.90438 ], [ -71.06507, -38.90509 ], [ -71.06749, -38.90499 ], [ -71.06962, -38.90452 ], [ -71.07087, -38.90438 ], [ -71.07118, -38.90453 ], [ -71.07167, -38.9054 ], [ -71.07196, -38.9057 ], [ -71.07227, -38.90577 ], [ -71.07336, -38.90527 ], [ -71.07347, -38.90625 ], [ -71.07419, -38.90754 ], [ -71.07406, -38.90807 ], [ -71.07291, -38.90902 ], [ -71.07291, -38.90933 ], [ -71.07303, -38.90966 ], [ -71.07325, -38.90982 ], [ -71.07372, -38.90965 ], [ -71.07454, -38.90976 ], [ -71.07529, -38.91002 ], [ -71.07728, -38.91149 ], [ -71.07774, -38.91173 ], [ -71.07784, -38.91222 ], [ -71.0777, -38.91266 ], [ -71.07799, -38.91324 ], [ -71.07939, -38.91398 ], [ -71.07947, -38.91431 ], [ -71.07979, -38.91467 ], [ -71.08012, -38.91454 ], [ -71.08052, -38.91422 ], [ -71.08104, -38.91394 ], [ -71.08245, -38.9138 ], [ -71.08281, -38.91402 ], [ -71.08289, -38.91444 ], [ -71.08281, -38.91505 ], [ -71.08323, -38.91561 ], [ -71.08363, -38.91583 ], [ -71.08433, -38.91588 ], [ -71.085, -38.9162 ], [ -71.0856, -38.91705 ], [ -71.08601, -38.91741 ], [ -71.08603, -38.91786 ], [ -71.0856, -38.91821 ], [ -71.08531, -38.91864 ], [ -71.0837, -38.91879 ], [ -71.08249, -38.91879 ], [ -71.08115, -38.91958 ], [ -71.07994, -38.92046 ], [ -71.07822, -38.92094 ], [ -71.07771, -38.92131 ], [ -71.07726, -38.92189 ], [ -71.07698, -38.92263 ], [ -71.0769, -38.92313 ], [ -71.07724, -38.92344 ], [ -71.0783, -38.92351 ], [ -71.07957, -38.92404 ], [ -71.0799, -38.92467 ], [ -71.07994, -38.9254 ], [ -71.0792, -38.92616 ], [ -71.07682, -38.92771 ], [ -71.07482, -38.92867 ], [ -71.07347, -38.92893 ], [ -71.07268, -38.92922 ] ] } },
{ "type": "Feature", "properties": { "osm_id": 632191995, "nombre": "Sin nombre", "tipo": "river", "volcan_codigo": "SOL", "volcan_nombre": "Sollipulli", "drena_volcan": false }, "geometry": { "type": "LineString", "coordinates": [ [ -71.06453, -38.90496 ], [ -71.06598, -38.90583 ], [ -71.06685, -38.90613 ], [ -71.06985, -38.90663 ], [ -71.07063, -38.90693 ], [ -71.07113, -38.9073 ], [ -71.07107, -38.90778 ], [ -71.07142, -38.90817 ], [ -71.07252, -38.90816 ], [ -71.07293, -38.90827 ], [ -71.07282, -38.90874 ], [ -71.07291, -38.90902 ] ] } },
{ "type": "Feature", "properties": { "osm_id": 632191996, "nombre": "Sin nombre", "tipo": "river", "volcan_codigo": "SOL", "volcan_nombre": "Sollipulli", "drena_volcan": false }, "geometry": { "type": "LineString", "coordinates": [ [ -71.07909, -38.92623 ], [ -71.07852, -38.92719 ], [ -71.07828, -38.92793 ], [ -71.07837, -38.9289 ] ] } },
{ "type": "Feature", "properties": { "osm_id": 637548394, "nombre": "Sin nombre", "tipo": "stream", "volcan_codigo": "SOL", "volcan_nombre": "Sollipulli", "drena_volcan": false }, "geometry": { "type": "LineString", "coordinates": [ [ -71.43015, -38.94305 ], [ -71.43002, -38.94316 ], [ -71.42998, -38.94337 ], [ -71.42963, -38.94388 ], [ -71.42941, -38.94406 ], [ -71.42944, -38.94449 ], [ -71.42908, -38.94484 ], [ -71.42902, -38.94522 ], [ -71.42866, -38.94571 ], [ -71.42869, -38.94641 ], [ -71.42889, -38.94676 ], [ -71.42887, -38.947 ], [ -71.429, -38.9473 ], [ -71.42894, -38.94754 ], [ -71.42909, -38.94778 ], [ -71.42915, -38.94809 ], [ -71.429, -38.94863 ], [ -71.42909, -38.94885 ], [ -71.42948, -38.94936 ], [ -71.42944, -38.94948 ], [ -71.42907, -38.94973 ], [ -71.42898, -38.9499 ], [ -71.42902, -38.95045 ], [ -71.42943, -38.95109 ], [ -71.42926, -38.95149 ], [ -71.42896, -38.95169 ], [ -71.429, -38.95206 ], [ -71.42872, -38.95258 ], [ -71.42897, -38.95291 ], [ -71.42885, -38.95313 ], [ -71.42895, -38.95331 ], [ -71.42895, -38.95356 ], [ -71.42873, -38.95375 ], [ -71.42871, -38.95387 ], [ -71.42752, -38.95466 ], [ -71.42734, -38.95514 ], [ -71.42734, -38.95565 ], [ -71.42643, -38.95661 ], [ -71.42619, -38.95677 ], [ -71.42566, -38.95684 ], [ -71.42568, -38.95709 ], [ -71.4248, -38.95766 ], [ -71.42451, -38.95776 ], [ -71.4242, -38.95774 ], [ -71.42398, -38.95825 ], [ -71.42418, -38.95873 ], [ -71.42419, -38.95904 ], [ -71.42392, -38.95918 ], [ -71.42249, -38.95937 ], [ -71.42225, -38.95954 ], [ -71.42255, -38.95987 ], [ -71.42267, -38.96023 ], [ -71.42229, -38.96064 ], [ -71.42225, -38.96083 ], [ -71.42233, -38.96101 ], [ -71.42226, -38.96119 ], [ -71.42153, -38.96197 ], [ -71.42153, -38.96216 ], [ -71.42178, -38.96235 ], [ -71.42183, -38.96254 ], [ -71.42159, -38.96287 ], [ -71.42153, -38.96371 ], [ -71.421, -38.96428 ], [ -71.42111, -38.96451 ], [ -71.42109, -38.96463 ], [ -71.42051, -38.9651 ], [ -71.42091, -38.96542 ], [ -71.42101, -38.96559 ], [ -71.42091, -38.9661 ], [ -71.42075, -38.96645 ], [ -71.42118, -38.96728 ], [ -71.42155, -38.96777 ], [ -71.42155, -38.96809 ], [ -71.42171, -38.96824 ], [ -71.42204, -38.96827 ], [ -71.4223, -38.96852 ], [ -71.42229, -38.96915 ], [ -71.42221, -38.96946 ], [ -71.42227, -38.96977 ], [ -71.42197, -38.96997 ], [ -71.42151, -38.97003 ], [ -71.42129, -38.97022 ], [ -71.4212, -38.97052 ], [ -71.42078, -38.97043 ], [ -71.42052, -38.97058 ], [ -71.4204, -38.97082 ], [ -71.42048, -38.97107 ], [ -71.42026, -38.97126 ], [ -71.41991, -38.9711 ], [ -71.41968, -38.97114 ], [ -71.41949, -38.9718 ], [ -71.41928, -38.97201 ], [ -71.41958, -38.97231 ], [ -71.41947, -38.97256 ], [ -71.41933, -38.97262 ], [ -71.41924, -38.9728 ], [ -71.41894, -38.97294 ], [ -71.41801, -38.9732 ], [ -71.41808, -38.9735 ], [ -71.41802, -38.9736 ], [ -71.41786, -38.97362 ], [ -71.41785, -38.97382 ], [ -71.41744, -38.97419 ], [ -71.41682, -38.97436 ], [ -71.41679, -38.97448 ], [ -71.4171, -38.97503 ], [ -71.4166, -38.97543 ], [ -71.41651, -38.97575 ], [ -71.41658, -38.97607 ], [ -71.41641, -38.97623 ], [ -71.41633, -38.97651 ], [ -71.41585, -38.97675 ], [ -71.41567, -38.97725 ], [ -71.41446, -38.97776 ], [ -71.41421, -38.97832 ], [ -71.41371, -38.97873 ], [ -71.41371, -38.97918 ], [ -71.41385, -38.97934 ], [ -71.41343, -38.97962 ], [ -71.4129, -38.97977 ], [ -71.41306, -38.98017 ], [ -71.41297, -38.98027 ], [ -71.41253, -38.98038 ], [ -71.41233, -38.98058 ], [ -71.41237, -38.98076 ], [ -71.41203, -38.98092 ], [ -71.41208, -38.98115 ], [ -71.41169, -38.98148 ], [ -71.4117, -38.9816 ], [ -71.41185, -38.98175 ], [ -71.4118, -38.98186 ], [ -71.41165, -38.9819 ], [ -71.4111, -38.98163 ], [ -71.41079, -38.98166 ], [ -71.41074, -38.98191 ], [ -71.41092, -38.98218 ], [ -71.41033, -38.98286 ], [ -71.40961, -38.98316 ], [ -71.40922, -38.98324 ], [ -71.4091, -38.98341 ], [ -71.40904, -38.98372 ], [ -71.40865, -38.98414 ], [ -71.4086, -38.98434 ], [ -71.40825, -38.98452 ], [ -71.4076, -38.98459 ], [ -71.40717, -38.98477 ], [ -71.40722, -38.98496 ], [ -71.40746, -38.98525 ], [ -71.40749, -38.98567 ], [ -71.40733, -38.98581 ], [ -71.40693, -38.98581 ], [ -71.40668, -38.98606 ], [ -71.40652, -38.98634 ], [ -71.40636, -38.98601 ], [ -71.40566, -38.98613 ], [ -71.40483, -38.98596 ], [ -71.40468, -38.98602 ], [ -71.40418, -38.98653 ], [ -71.40377, -38.98677 ] ] } },
{ "type": "Feature", "properties": { "osm_id": 637548435, "nombre": "Sin nombre", "tipo": "stream", "volcan_codigo": "SOL", "volcan_nombre": "Sollipulli", "drena_volcan": false }, "geometry": { "type": "LineString", "coordinates": [ [ -71.43179, -38.93941 ], [ -71.43147, -38.93963 ], [ -71.43145, -38.93994 ], [ -71.43124, -38.94002 ], [ -71.43112, -38.94038 ], [ -71.43078, -38.94073 ], [ -71.43077, -38.94092 ], [ -71.43049, -38.94127 ], [ -71.4305, -38.94151 ], [ -71.43023, -38.94173 ], [ -71.42934, -38.94159 ], [ -71.4286, -38.94137 ], [ -71.42825, -38.94142 ], [ -71.42722, -38.94089 ], [ -71.42644, -38.94081 ], [ -71.42627, -38.94089 ], [ -71.42558, -38.94073 ], [ -71.42531, -38.94078 ], [ -71.4245, -38.94067 ], [ -71.42405, -38.9404 ], [ -71.42299, -38.94012 ], [ -71.4226, -38.93969 ], [ -71.42218, -38.93952 ], [ -71.42156, -38.9391 ], [ -71.41949, -38.93842 ], [ -71.41821, -38.93768 ], [ -71.41707, -38.93737 ], [ -71.41664, -38.93737 ] ] } },
{ "type": "Feature", "properties": { "osm_id": 637548457, "nombre": "Sin nombre", "tipo": "stream", "volcan_codigo": "SOL", "volcan_nombre": "Sollipulli", "drena_volcan": false }, "geometry": { "type": "LineString", "coordinates": [ [ -71.43338, -38.98106 ], [ -71.43313, -38.98139 ], [ -71.43313, -38.98163 ], [ -71.43257, -38.98209 ], [ -71.4324, -38.98259 ], [ -71.43197, -38.98301 ], [ -71.43149, -38.98376 ], [ -71.43144, -38.98386 ], [ -71.43157, -38.98417 ], [ -71.43115, -38.98512 ], [ -71.43053, -38.98563 ], [ -71.43009, -38.98623 ], [ -71.42915, -38.98668 ], [ -71.42833, -38.98675 ], [ -71.42782, -38.98703 ], [ -71.42742, -38.987 ], [ -71.42699, -38.98736 ], [ -71.42651, -38.98754 ], [ -71.42624, -38.98778 ], [ -71.42542, -38.98788 ], [ -71.4251, -38.98818 ], [ -71.42483, -38.98861 ], [ -71.4241, -38.98948 ], [ -71.42374, -38.98957 ], [ -71.42353, -38.98983 ], [ -71.42301, -38.98983 ], [ -71.42271, -38.98994 ], [ -71.4223, -38.99024 ], [ -71.42176, -38.99039 ], [ -71.42121, -38.9904 ], [ -71.42067, -38.99067 ], [ -71.41997, -38.99081 ], [ -71.41969, -38.99105 ], [ -71.41907, -38.99125 ], [ -71.41869, -38.99148 ], [ -71.41854, -38.9915 ], [ -71.41838, -38.99135 ], [ -71.41822, -38.99079 ], [ -71.4177, -38.99065 ], [ -71.41731, -38.99032 ], [ -71.41696, -38.99034 ], [ -71.41657, -38.99003 ], [ -71.41582, -38.99036 ], [ -71.41544, -38.99032 ], [ -71.41514, -38.9904 ], [ -71.41456, -38.99022 ], [ -71.41339, -38.99012 ], [ -71.41309, -38.98991 ], [ -71.4127, -38.98991 ], [ -71.41241, -38.98969 ], [ -71.41211, -38.9893 ], [ -71.41201, -38.98889 ], [ -71.41155, -38.98891 ], [ -71.41128, -38.98876 ], [ -71.41098, -38.98876 ], [ -71.41034, -38.98826 ], [ -71.40958, -38.98789 ], [ -71.40875, -38.98793 ], [ -71.40802, -38.98787 ], [ -71.40683, -38.98815 ], [ -71.40637, -38.98843 ], [ -71.4062, -38.98843 ], [ -71.40555, -38.9879 ], [ -71.40527, -38.9878 ], [ -71.40494, -38.98727 ], [ -71.40408, -38.98701 ], [ -71.40377, -38.98677 ] ] } },
{ "type": "Feature", "properties": { "osm_id": 637548458, "nombre": "Sin nombre", "tipo": "river", "volcan_codigo": "SOL", "volcan_nombre": "Sollipulli", "drena_volcan": false }, "geometry": { "type": "LineString", "coordinates": [ [ -71.40377, -38.98677 ], [ -71.40276, -38.98642 ], [ -71.40249, -38.98643 ], [ -71.40199, -38.9862 ], [ -71.40119, -38.98603 ], [ -71.40025, -38.98606 ], [ -71.39926, -38.98577 ], [ -71.39823, -38.98577 ], [ -71.39748, -38.9849 ], [ -71.39683, -38.98449 ], [ -71.39661, -38.98455 ], [ -71.39647, -38.98449 ], [ -71.39624, -38.98456 ], [ -71.39568, -38.98453 ], [ -71.39464, -38.98514 ], [ -71.39373, -38.98504 ], [ -71.39305, -38.9847 ], [ -71.39276, -38.9848 ], [ -71.39216, -38.98521 ], [ -71.38993, -38.98523 ], [ -71.38987, -38.98515 ], [ -71.39006, -38.98483 ], [ -71.39083, -38.98411 ], [ -71.39141, -38.98312 ], [ -71.39159, -38.98202 ], [ -71.39152, -38.98194 ], [ -71.39125, -38.98195 ], [ -71.39009, -38.98227 ], [ -71.38959, -38.98216 ], [ -71.3893, -38.98192 ], [ -71.38924, -38.98168 ], [ -71.38949, -38.98135 ], [ -71.3895, -38.98115 ], [ -71.38973, -38.98073 ], [ -71.38973, -38.98054 ], [ -71.38951, -38.9804 ], [ -71.38945, -38.9802 ], [ -71.38926, -38.97998 ], [ -71.38804, -38.97958 ], [ -71.38703, -38.97985 ], [ -71.38662, -38.97983 ], [ -71.38628, -38.97961 ], [ -71.38626, -38.97937 ], [ -71.3864, -38.97917 ], [ -71.38644, -38.97891 ], [ -71.38637, -38.97878 ], [ -71.38554, -38.9782 ], [ -71.38565, -38.97719 ], [ -71.38615, -38.97628 ], [ -71.38612, -38.97597 ], [ -71.38576, -38.97607 ], [ -71.38538, -38.97606 ], [ -71.38497, -38.97574 ], [ -71.38325, -38.97491 ], [ -71.38234, -38.97431 ], [ -71.3809, -38.97431 ], [ -71.38059, -38.97421 ], [ -71.38019, -38.97393 ], [ -71.3793, -38.97376 ], [ -71.37867, -38.97386 ], [ -71.37832, -38.97418 ], [ -71.37821, -38.97418 ], [ -71.37814, -38.97386 ], [ -71.37794, -38.97347 ], [ -71.37782, -38.97338 ], [ -71.37733, -38.97326 ], [ -71.37661, -38.97294 ], [ -71.37555, -38.97226 ], [ -71.37478, -38.97205 ], [ -71.37465, -38.97188 ], [ -71.37464, -38.97171 ], [ -71.3748, -38.97147 ], [ -71.3748, -38.97131 ], [ -71.37461, -38.97073 ], [ -71.37443, -38.97055 ], [ -71.372, -38.96975 ], [ -71.37076, -38.96989 ], [ -71.37047, -38.96986 ], [ -71.36953, -38.9693 ], [ -71.36879, -38.96899 ], [ -71.36788, -38.96823 ], [ -71.36706, -38.96796 ], [ -71.36641, -38.96798 ], [ -71.36555, -38.96786 ], [ -71.36528, -38.96763 ], [ -71.36514, -38.96732 ], [ -71.36517, -38.96723 ], [ -71.36552, -38.96719 ], [ -71.36569, -38.96704 ], [ -71.36565, -38.96648 ], [ -71.36555, -38.96613 ], [ -71.3654, -38.96591 ] ] } },
{ "type": "Feature", "properties": { "osm_id": 637548460, "nombre": "Sin nombre", "tipo": "stream", "volcan_codigo": "SOL", "volcan_nombre": "Sollipulli", "drena_volcan": true }, "geometry": { "type": "LineString", "coordinates": [ [ -71.43247, -38.97569 ], [ -71.43274, -38.97533 ], [ -71.43277, -38.97472 ], [ -71.43293, -38.97392 ], [ -71.4327, -38.97323 ], [ -71.43279, -38.97288 ], [ -71.43268, -38.97248 ], [ -71.43274, -38.97188 ], [ -71.43268, -38.97155 ], [ -71.43307, -38.97094 ], [ -71.43326, -38.97033 ], [ -71.43404, -38.97 ], [ -71.43446, -38.96955 ], [ -71.4348, -38.96939 ], [ -71.43542, -38.9686 ], [ -71.43603, -38.96838 ], [ -71.43624, -38.96818 ], [ -71.43627, -38.96791 ], [ -71.43642, -38.96766 ], [ -71.43728, -38.96715 ], [ -71.43775, -38.96633 ], [ -71.43818, -38.96608 ], [ -71.43843, -38.96579 ], [ -71.43912, -38.96544 ], [ -71.43944, -38.96514 ], [ -71.43943, -38.96487 ], [ -71.43921, -38.96459 ], [ -71.4392, -38.96439 ], [ -71.43973, -38.96369 ], [ -71.44064, -38.96313 ], [ -71.44105, -38.96303 ], [ -71.44122, -38.96306 ], [ -71.44149, -38.96332 ], [ -71.44202, -38.96327 ], [ -71.4427, -38.96357 ], [ -71.44349, -38.96353 ], [ -71.44505, -38.96298 ], [ -71.4457, -38.96245 ], [ -71.44619, -38.96227 ], [ -71.44657, -38.96197 ], [ -71.44721, -38.9617 ], [ -71.44747, -38.96169 ], [ -71.44762, -38.96176 ], [ -71.44774, -38.96206 ], [ -71.4479, -38.96222 ], [ -71.44813, -38.9623 ], [ -71.44839, -38.96227 ], [ -71.44864, -38.96208 ], [ -71.44905, -38.96137 ], [ -71.44891, -38.96084 ], [ -71.44895, -38.96065 ], [ -71.4497, -38.96049 ], [ -71.45026, -38.96013 ] ] } },
{ "type": "Feature", "properties": { "osm_id": 637554894, "nombre": "Sin nombre", "tipo": "stream", "volcan_codigo": "SOL", "volcan_nombre": "Sollipulli", "drena_volcan": false }, "geometry": { "type": "LineString", "coordinates": [ [ -71.40647, -38.96899 ], [ -71.40576, -38.96969 ], [ -71.405, -38.97013 ], [ -71.40444, -38.97075 ], [ -71.40367, -38.97097 ], [ -71.40289, -38.97141 ], [ -71.40143, -38.97155 ], [ -71.40095, -38.97169 ], [ -71.40038, -38.97216 ], [ -71.39892, -38.97276 ], [ -71.39837, -38.97324 ], [ -71.39804, -38.97329 ], [ -71.39748, -38.97301 ], [ -71.39667, -38.97302 ], [ -71.39591, -38.97287 ], [ -71.39458, -38.97298 ], [ -71.39364, -38.97326 ], [ -71.393, -38.97366 ], [ -71.39087, -38.97422 ], [ -71.39062, -38.97439 ], [ -71.38968, -38.97438 ], [ -71.3893, -38.97445 ], [ -71.3888, -38.97485 ], [ -71.38805, -38.97463 ], [ -71.38762, -38.97466 ], [ -71.38693, -38.97488 ], [ -71.38634, -38.9749 ], [ -71.386, -38.97518 ], [ -71.38513, -38.97526 ], [ -71.3849, -38.9757 ] ] } },
{ "type": "Feature", "properties": { "osm_id": 637554895, "nombre": "Sin nombre", "tipo": "stream", "volcan_codigo": "SOL", "volcan_nombre": "Sollipulli", "drena_volcan": false }, "geometry": { "type": "LineString", "coordinates": [ [ -71.40496, -38.97535 ], [ -71.40413, -38.97615 ], [ -71.40379, -38.97667 ], [ -71.40382, -38.97732 ], [ -71.40367, -38.97796 ], [ -71.40348, -38.97817 ], [ -71.40339, -38.97842 ], [ -71.40294, -38.9788 ], [ -71.40249, -38.97974 ], [ -71.40226, -38.97993 ], [ -71.40169, -38.98017 ], [ -71.4002, -38.98043 ], [ -71.40002, -38.98065 ], [ -71.39979, -38.98128 ], [ -71.39964, -38.98144 ], [ -71.39783, -38.98179 ], [ -71.39616, -38.98249 ], [ -71.39375, -38.98294 ], [ -71.39341, -38.9828 ], [ -71.3929, -38.9823 ], [ -71.393, -38.98212 ], [ -71.3928, -38.98182 ], [ -71.39227, -38.98192 ], [ -71.39166, -38.98183 ], [ -71.39145, -38.98193 ] ] } },
{ "type": "Feature", "properties": { "osm_id": 637596717, "nombre": "Arroyo Chañy", "tipo": "river", "volcan_codigo": "SOL", "volcan_nombre": "Sollipulli", "drena_volcan": false }, "geometry": { "type": "LineString", "coordinates": [ [ -71.25086, -38.98514 ], [ -71.25054, -38.98495 ], [ -71.25061, -38.98466 ], [ -71.25055, -38.98454 ], [ -71.25021, -38.98468 ], [ -71.25002, -38.98452 ], [ -71.25008, -38.9844 ], [ -71.25042, -38.98423 ], [ -71.2504, -38.98407 ], [ -71.25018, -38.98383 ], [ -71.24987, -38.9838 ], [ -71.24953, -38.98414 ], [ -71.2487, -38.98383 ], [ -71.24871, -38.98365 ], [ -71.24927, -38.98346 ], [ -71.24962, -38.98325 ], [ -71.24964, -38.98316 ], [ -71.24954, -38.98301 ], [ -71.24922, -38.98277 ], [ -71.24941, -38.98256 ], [ -71.24927, -38.98249 ], [ -71.24877, -38.98252 ], [ -71.24868, -38.98231 ], [ -71.24838, -38.98225 ], [ -71.24794, -38.98187 ], [ -71.24742, -38.98186 ], [ -71.24698, -38.98166 ], [ -71.24693, -38.98124 ], [ -71.247, -38.98096 ], [ -71.24669, -38.98068 ], [ -71.24664, -38.98011 ], [ -71.24651, -38.97994 ], [ -71.24629, -38.9799 ], [ -71.24618, -38.97977 ], [ -71.24601, -38.97973 ], [ -71.24586, -38.97918 ], [ -71.24558, -38.97894 ], [ -71.24568, -38.97875 ], [ -71.24558, -38.97855 ], [ -71.24514, -38.97835 ], [ -71.24478, -38.97798 ], [ -71.24431, -38.9778 ], [ -71.24406, -38.97759 ], [ -71.24293, -38.9776 ], [ -71.24247, -38.97771 ], [ -71.24238, -38.97764 ], [ -71.24239, -38.97747 ], [ -71.24213, -38.97722 ], [ -71.24189, -38.97671 ], [ -71.24202, -38.97654 ], [ -71.24241, -38.9764 ], [ -71.24234, -38.97624 ], [ -71.24212, -38.97608 ], [ -71.24119, -38.97588 ], [ -71.24065, -38.97604 ], [ -71.23963, -38.97601 ], [ -71.23835, -38.97498 ], [ -71.23775, -38.97495 ], [ -71.23726, -38.97473 ], [ -71.23677, -38.97506 ], [ -71.23664, -38.9754 ], [ -71.23635, -38.97575 ], [ -71.23626, -38.97612 ], [ -71.23652, -38.97643 ], [ -71.23651, -38.97665 ], [ -71.23663, -38.97681 ], [ -71.23646, -38.97744 ], [ -71.23627, -38.97766 ], [ -71.23566, -38.97794 ], [ -71.23547, -38.97792 ], [ -71.23535, -38.97772 ], [ -71.2351, -38.97761 ], [ -71.23453, -38.97757 ], [ -71.23429, -38.97722 ], [ -71.23404, -38.97719 ], [ -71.23335, -38.9775 ], [ -71.23312, -38.97769 ], [ -71.23265, -38.97768 ], [ -71.23202, -38.97801 ], [ -71.2315, -38.97812 ], [ -71.23121, -38.97839 ], [ -71.23017, -38.97832 ], [ -71.22888, -38.97867 ], [ -71.22856, -38.97835 ], [ -71.22777, -38.97804 ], [ -71.22754, -38.97779 ], [ -71.2271, -38.97756 ], [ -71.22714, -38.97714 ], [ -71.22707, -38.97687 ], [ -71.22715, -38.97642 ], [ -71.22726, -38.97624 ], [ -71.22751, -38.97616 ], [ -71.22764, -38.97602 ], [ -71.22741, -38.97531 ], [ -71.22774, -38.97466 ], [ -71.22812, -38.97437 ], [ -71.22862, -38.97419 ], [ -71.22873, -38.97405 ], [ -71.22873, -38.97395 ], [ -71.2285, -38.97382 ], [ -71.22844, -38.97368 ], [ -71.22864, -38.9735 ], [ -71.22874, -38.97325 ], [ -71.2288, -38.97268 ], [ -71.22847, -38.97234 ], [ -71.22797, -38.97249 ], [ -71.22782, -38.97233 ], [ -71.22752, -38.97186 ], [ -71.22746, -38.97143 ], [ -71.2276, -38.97101 ], [ -71.22724, -38.97052 ], [ -71.22725, -38.97016 ], [ -71.2271, -38.96975 ], [ -71.22652, -38.96951 ], [ -71.22641, -38.96904 ], [ -71.22582, -38.9689 ], [ -71.22573, -38.96877 ], [ -71.22578, -38.96858 ], [ -71.22551, -38.96811 ], [ -71.22471, -38.96737 ], [ -71.22471, -38.96714 ], [ -71.2246, -38.96696 ], [ -71.2248, -38.96629 ], [ -71.22477, -38.96608 ], [ -71.22441, -38.96551 ], [ -71.22467, -38.96528 ], [ -71.22475, -38.96499 ], [ -71.22466, -38.96491 ], [ -71.224, -38.96512 ], [ -71.22361, -38.96511 ], [ -71.22352, -38.96491 ], [ -71.22354, -38.96441 ], [ -71.22319, -38.96417 ], [ -71.22292, -38.96369 ], [ -71.2227, -38.96349 ], [ -71.22192, -38.96314 ], [ -71.22177, -38.9632 ], [ -71.22144, -38.96357 ], [ -71.22107, -38.9637 ], [ -71.2207, -38.96403 ], [ -71.2205, -38.96408 ], [ -71.21997, -38.96372 ], [ -71.21904, -38.96361 ], [ -71.2189, -38.96349 ], [ -71.21888, -38.96311 ], [ -71.21869, -38.96242 ], [ -71.21838, -38.96211 ], [ -71.21761, -38.96163 ], [ -71.21753, -38.96152 ], [ -71.21776, -38.96113 ], [ -71.21782, -38.96067 ], [ -71.21775, -38.96044 ], [ -71.21779, -38.96007 ], [ -71.21752, -38.95953 ], [ -71.21729, -38.95937 ], [ -71.21693, -38.9593 ], [ -71.21663, -38.95958 ], [ -71.21619, -38.95958 ], [ -71.21518, -38.95889 ], [ -71.2151, -38.95864 ], [ -71.21528, -38.9585 ], [ -71.21555, -38.95847 ], [ -71.21568, -38.95833 ], [ -71.21572, -38.95814 ], [ -71.21543, -38.9577 ], [ -71.21529, -38.95729 ], [ -71.215, -38.95689 ], [ -71.21486, -38.95645 ], [ -71.2142, -38.95636 ], [ -71.21378, -38.95609 ], [ -71.21309, -38.95494 ], [ -71.21309, -38.95461 ], [ -71.21297, -38.95439 ], [ -71.21233, -38.95408 ], [ -71.21172, -38.95397 ], [ -71.21138, -38.95331 ], [ -71.21099, -38.95333 ], [ -71.21091, -38.95326 ], [ -71.21085, -38.95267 ], [ -71.21138, -38.95235 ], [ -71.21197, -38.95149 ], [ -71.21201, -38.95133 ], [ -71.21188, -38.9509 ], [ -71.21188, -38.9506 ], [ -71.21165, -38.95042 ], [ -71.21094, -38.95025 ], [ -71.21073, -38.95009 ], [ -71.21051, -38.94979 ], [ -71.2103, -38.9491 ], [ -71.20977, -38.94859 ], [ -71.20972, -38.94841 ] ] } },
{ "type": "Feature", "properties": { "osm_id": 637596722, "nombre": "Arroyo Chañy", "tipo": "stream", "volcan_codigo": "SOL", "volcan_nombre": "Sollipulli", "drena_volcan": false }, "geometry": { "type": "LineString", "coordinates": [ [ -71.29016, -38.99489 ], [ -71.28959, -38.99476 ], [ -71.28934, -38.99459 ], [ -71.28908, -38.99466 ], [ -71.28848, -38.99449 ], [ -71.28816, -38.99451 ], [ -71.28769, -38.99435 ], [ -71.28727, -38.99438 ], [ -71.28703, -38.99432 ], [ -71.28669, -38.99386 ], [ -71.28633, -38.99378 ], [ -71.28601, -38.99349 ], [ -71.28574, -38.99346 ], [ -71.28571, -38.99327 ], [ -71.28559, -38.99318 ], [ -71.28421, -38.99332 ], [ -71.28324, -38.99315 ], [ -71.28303, -38.99305 ], [ -71.28255, -38.99255 ], [ -71.2821, -38.99225 ], [ -71.28156, -38.99214 ], [ -71.28087, -38.99179 ], [ -71.28028, -38.99196 ], [ -71.27998, -38.99192 ], [ -71.27977, -38.99203 ], [ -71.27892, -38.99213 ], [ -71.27796, -38.9919 ], [ -71.27764, -38.9919 ], [ -71.27745, -38.99202 ], [ -71.2766, -38.99212 ], [ -71.27602, -38.99235 ], [ -71.27559, -38.99208 ], [ -71.2751, -38.99207 ], [ -71.27476, -38.99197 ], [ -71.27446, -38.99201 ], [ -71.27396, -38.99169 ], [ -71.27368, -38.99198 ], [ -71.27321, -38.99175 ], [ -71.27288, -38.992 ], [ -71.27248, -38.99199 ], [ -71.27204, -38.99185 ], [ -71.27146, -38.992 ], [ -71.27122, -38.99184 ], [ -71.27065, -38.99191 ], [ -71.27038, -38.99164 ], [ -71.26989, -38.99154 ], [ -71.26928, -38.99157 ], [ -71.26895, -38.99175 ], [ -71.26861, -38.99157 ], [ -71.26757, -38.99149 ], [ -71.26652, -38.99183 ], [ -71.26577, -38.9917 ], [ -71.2653, -38.99196 ], [ -71.26502, -38.99187 ], [ -71.26495, -38.99162 ], [ -71.26479, -38.99151 ], [ -71.26459, -38.9917 ], [ -71.26399, -38.99185 ], [ -71.26362, -38.99181 ], [ -71.26334, -38.99142 ], [ -71.26319, -38.99137 ], [ -71.26302, -38.99145 ], [ -71.26307, -38.99164 ], [ -71.26293, -38.99173 ], [ -71.26244, -38.99165 ], [ -71.26242, -38.99146 ], [ -71.2623, -38.99138 ], [ -71.26185, -38.99159 ], [ -71.2617, -38.99158 ], [ -71.26165, -38.9913 ], [ -71.2617, -38.99085 ], [ -71.26161, -38.99066 ], [ -71.26143, -38.99071 ], [ -71.26112, -38.99107 ], [ -71.26086, -38.99094 ], [ -71.26088, -38.99075 ], [ -71.26081, -38.9906 ], [ -71.26061, -38.9905 ], [ -71.26041, -38.99047 ], [ -71.26004, -38.99063 ], [ -71.25994, -38.9905 ], [ -71.26004, -38.99028 ], [ -71.25997, -38.98998 ], [ -71.25972, -38.98983 ], [ -71.25944, -38.98985 ], [ -71.25902, -38.98959 ], [ -71.25894, -38.98944 ], [ -71.2587, -38.98933 ], [ -71.25864, -38.98915 ], [ -71.25841, -38.98908 ], [ -71.25812, -38.9888 ], [ -71.25774, -38.98887 ], [ -71.25738, -38.98882 ], [ -71.25655, -38.9884 ], [ -71.25643, -38.98817 ], [ -71.25601, -38.98808 ], [ -71.25596, -38.98793 ], [ -71.25576, -38.98786 ], [ -71.25548, -38.98757 ], [ -71.25472, -38.98748 ], [ -71.25462, -38.98734 ], [ -71.25491, -38.98721 ], [ -71.25473, -38.98693 ], [ -71.25456, -38.98696 ], [ -71.25448, -38.98689 ], [ -71.25459, -38.98675 ], [ -71.25452, -38.98616 ], [ -71.25437, -38.98613 ], [ -71.25441, -38.98648 ], [ -71.25431, -38.98656 ], [ -71.25404, -38.98638 ], [ -71.25373, -38.98634 ], [ -71.25358, -38.98613 ], [ -71.25375, -38.98603 ], [ -71.25374, -38.98587 ], [ -71.25338, -38.9858 ], [ -71.25345, -38.98561 ], [ -71.25341, -38.98529 ], [ -71.25279, -38.98466 ], [ -71.25265, -38.98469 ], [ -71.25242, -38.98495 ], [ -71.2519, -38.98505 ], [ -71.25171, -38.98498 ], [ -71.25168, -38.98485 ], [ -71.25224, -38.98459 ], [ -71.25225, -38.98441 ], [ -71.25175, -38.98429 ], [ -71.25153, -38.98436 ], [ -71.25119, -38.98433 ], [ -71.25099, -38.98443 ], [ -71.251, -38.98495 ], [ -71.25086, -38.98514 ] ] } },
{ "type": "Feature", "properties": { "osm_id": 637847559, "nombre": "Río Trufquennilahuc", "tipo": "river", "volcan_codigo": "SOL", "volcan_nombre": "Sollipulli", "drena_volcan": false }, "geometry": { "type": "LineString", "coordinates": [ [ -71.21881, -38.8932 ], [ -71.21809, -38.89293 ], [ -71.21735, -38.89284 ], [ -71.21715, -38.89268 ], [ -71.21698, -38.89225 ], [ -71.21646, -38.89215 ], [ -71.21595, -38.89175 ], [ -71.2156, -38.89137 ], [ -71.21549, -38.89089 ], [ -71.21528, -38.89064 ], [ -71.21559, -38.89023 ], [ -71.21548, -38.88988 ], [ -71.21502, -38.88933 ], [ -71.21466, -38.88906 ], [ -71.21327, -38.88884 ], [ -71.21209, -38.88804 ], [ -71.21179, -38.88815 ] ] } },
{ "type": "Feature", "properties": { "osm_id": 637847560, "nombre": "Río Trufquennilahuc", "tipo": "river", "volcan_codigo": "SOL", "volcan_nombre": "Sollipulli", "drena_volcan": false }, "geometry": { "type": "LineString", "coordinates": [ [ -71.2266, -38.89954 ], [ -71.22649, -38.89933 ], [ -71.22612, -38.89903 ], [ -71.22496, -38.8986 ], [ -71.22491, -38.89831 ] ] } },
{ "type": "Feature", "properties": { "osm_id": 637847561, "nombre": "Sin nombre", "tipo": "stream", "volcan_codigo": "SOL", "volcan_nombre": "Sollipulli", "drena_volcan": false }, "geometry": { "type": "LineString", "coordinates": [ [ -71.23266, -38.90171 ], [ -71.23252, -38.90159 ], [ -71.23232, -38.90159 ], [ -71.23172, -38.90177 ], [ -71.23151, -38.90191 ], [ -71.23124, -38.90195 ], [ -71.23123, -38.90211 ], [ -71.23107, -38.9022 ], [ -71.23105, -38.90238 ], [ -71.23086, -38.90243 ], [ -71.23076, -38.90259 ], [ -71.2303, -38.90267 ], [ -71.22996, -38.90261 ], [ -71.22943, -38.90281 ], [ -71.22924, -38.90281 ], [ -71.22865, -38.90259 ], [ -71.22849, -38.90244 ], [ -71.22836, -38.90205 ], [ -71.22821, -38.90189 ], [ -71.22818, -38.90154 ], [ -71.22796, -38.90151 ], [ -71.22793, -38.90141 ] ] } },
{ "type": "Feature", "properties": { "osm_id": 637897368, "nombre": "Sin nombre", "tipo": "stream", "volcan_codigo": "SOL", "volcan_nombre": "Sollipulli", "drena_volcan": false }, "geometry": { "type": "LineString", "coordinates": [ [ -71.29673, -38.95227 ], [ -71.29789, -38.95166 ], [ -71.29781, -38.95135 ], [ -71.29804, -38.9507 ], [ -71.29803, -38.95031 ], [ -71.29843, -38.94978 ], [ -71.29883, -38.94885 ], [ -71.2986, -38.94837 ], [ -71.29853, -38.94745 ], [ -71.29879, -38.94697 ], [ -71.29827, -38.94636 ], [ -71.29763, -38.94525 ], [ -71.29707, -38.9439 ], [ -71.29667, -38.94342 ], [ -71.29665, -38.94322 ], [ -71.29679, -38.94282 ], [ -71.29743, -38.94199 ], [ -71.29778, -38.94104 ], [ -71.29769, -38.94073 ], [ -71.29725, -38.94041 ], [ -71.29705, -38.9401 ], [ -71.29699, -38.93988 ], [ -71.29716, -38.9395 ], [ -71.29712, -38.93918 ], [ -71.29753, -38.93801 ], [ -71.3002, -38.93354 ] ] } },
{ "type": "Feature", "properties": { "osm_id": 637908387, "nombre": "Arroyo Blanco", "tipo": "stream", "volcan_codigo": "SOL", "volcan_nombre": "Sollipulli", "drena_volcan": false }, "geometry": { "type": "LineString", "coordinates": [ [ -71.24838, -38.92612 ], [ -71.2484, -38.9254 ], [ -71.24831, -38.92534 ], [ -71.24797, -38.92543 ], [ -71.2479, -38.92535 ], [ -71.248, -38.9251 ], [ -71.24786, -38.92472 ], [ -71.24804, -38.92434 ], [ -71.24787, -38.92396 ], [ -71.24793, -38.92356 ], [ -71.24765, -38.92356 ], [ -71.24748, -38.92292 ], [ -71.24764, -38.92273 ], [ -71.24819, -38.92258 ], [ -71.24829, -38.92235 ], [ -71.24843, -38.92226 ], [ -71.24832, -38.92197 ], [ -71.2484, -38.92178 ], [ -71.24839, -38.9213 ], [ -71.24822, -38.92092 ], [ -71.24772, -38.92052 ], [ -71.24761, -38.92019 ], [ -71.2483, -38.9196 ], [ -71.24919, -38.91831 ], [ -71.24991, -38.91775 ], [ -71.25021, -38.91774 ], [ -71.25056, -38.91746 ], [ -71.25023, -38.91727 ], [ -71.25019, -38.91704 ], [ -71.25019, -38.91692 ], [ -71.2504, -38.91679 ], [ -71.25044, -38.91667 ], [ -71.25022, -38.91637 ], [ -71.25045, -38.91612 ], [ -71.25105, -38.91633 ], [ -71.25149, -38.91605 ], [ -71.25203, -38.91597 ], [ -71.25204, -38.9158 ], [ -71.25216, -38.9157 ], [ -71.25193, -38.91548 ], [ -71.25252, -38.91534 ], [ -71.25271, -38.91547 ], [ -71.25275, -38.91565 ], [ -71.25295, -38.91578 ], [ -71.25428, -38.91582 ], [ -71.25443, -38.91593 ], [ -71.25441, -38.91606 ], [ -71.2545, -38.91616 ], [ -71.25501, -38.91617 ], [ -71.25539, -38.91626 ], [ -71.25546, -38.91638 ], [ -71.25533, -38.9165 ], [ -71.25532, -38.91666 ], [ -71.25537, -38.91681 ], [ -71.25553, -38.91687 ], [ -71.25574, -38.91683 ], [ -71.2561, -38.91695 ], [ -71.25651, -38.91676 ], [ -71.2568, -38.9168 ], [ -71.25719, -38.91714 ], [ -71.25753, -38.91694 ], [ -71.25769, -38.91698 ], [ -71.25801, -38.91689 ], [ -71.25888, -38.91741 ], [ -71.2604, -38.91659 ], [ -71.26096, -38.91648 ], [ -71.26121, -38.91651 ], [ -71.26142, -38.91636 ], [ -71.26204, -38.91639 ], [ -71.26209, -38.91633 ], [ -71.26203, -38.91625 ], [ -71.2617, -38.91608 ], [ -71.26193, -38.91584 ], [ -71.26257, -38.91551 ], [ -71.2636, -38.91521 ], [ -71.26453, -38.91568 ], [ -71.26461, -38.91589 ], [ -71.26484, -38.9161 ], [ -71.26563, -38.91599 ], [ -71.26644, -38.91556 ], [ -71.26679, -38.91516 ], [ -71.26708, -38.9152 ], [ -71.26727, -38.91532 ], [ -71.26783, -38.91501 ], [ -71.26827, -38.91491 ], [ -71.26835, -38.91472 ], [ -71.26802, -38.91452 ], [ -71.26809, -38.91433 ], [ -71.26829, -38.91421 ], [ -71.26825, -38.91405 ], [ -71.26925, -38.91351 ], [ -71.26986, -38.91294 ], [ -71.26998, -38.9123 ], [ -71.26982, -38.91192 ] ] } },
{ "type": "Feature", "properties": { "osm_id": 637908391, "nombre": "Arroyo Blanco", "tipo": "stream", "volcan_codigo": "SOL", "volcan_nombre": "Sollipulli", "drena_volcan": false }, "geometry": { "type": "LineString", "coordinates": [ [ -71.27795, -38.96092 ], [ -71.27828, -38.96059 ], [ -71.27885, -38.95981 ], [ -71.27943, -38.95961 ], [ -71.27987, -38.95929 ], [ -71.27971, -38.95819 ], [ -71.27983, -38.95823 ], [ -71.28004, -38.95813 ], [ -71.28026, -38.95764 ], [ -71.28017, -38.95721 ], [ -71.28042, -38.95716 ], [ -71.28051, -38.95678 ], [ -71.28011, -38.9563 ], [ -71.28005, -38.95585 ], [ -71.28022, -38.95571 ], [ -71.28062, -38.95563 ], [ -71.28082, -38.95548 ], [ -71.28087, -38.95537 ], [ -71.28078, -38.95518 ], [ -71.28081, -38.95504 ], [ -71.28111, -38.95478 ], [ -71.28082, -38.95459 ], [ -71.28073, -38.95434 ], [ -71.28053, -38.95412 ], [ -71.27998, -38.95387 ], [ -71.2802, -38.95331 ], [ -71.28026, -38.95326 ], [ -71.28042, -38.95337 ], [ -71.28049, -38.95327 ], [ -71.28039, -38.95296 ], [ -71.28017, -38.95275 ], [ -71.28005, -38.95267 ], [ -71.27968, -38.95264 ], [ -71.27957, -38.95248 ], [ -71.27946, -38.95203 ], [ -71.27974, -38.95177 ], [ -71.27981, -38.95159 ], [ -71.27979, -38.95139 ], [ -71.27963, -38.95119 ], [ -71.27898, -38.95084 ], [ -71.27843, -38.95001 ], [ -71.27747, -38.94965 ], [ -71.27723, -38.94967 ], [ -71.27701, -38.94933 ], [ -71.2767, -38.94913 ], [ -71.27539, -38.94889 ], [ -71.27456, -38.94835 ], [ -71.27402, -38.94835 ], [ -71.27331, -38.94749 ], [ -71.27243, -38.9468 ], [ -71.2711, -38.94618 ], [ -71.27072, -38.94606 ], [ -71.27011, -38.94603 ], [ -71.26998, -38.94587 ], [ -71.26977, -38.94581 ], [ -71.26967, -38.9455 ], [ -71.26933, -38.9453 ], [ -71.26909, -38.94505 ], [ -71.26889, -38.94512 ], [ -71.26906, -38.94535 ], [ -71.26905, -38.94547 ], [ -71.26874, -38.94546 ], [ -71.26836, -38.94556 ], [ -71.26785, -38.94543 ], [ -71.26761, -38.94525 ], [ -71.2674, -38.9454 ], [ -71.2671, -38.94542 ], [ -71.26707, -38.94554 ], [ -71.26685, -38.9456 ], [ -71.26628, -38.94538 ], [ -71.26632, -38.94508 ], [ -71.26604, -38.94497 ], [ -71.26585, -38.94538 ], [ -71.26555, -38.94543 ], [ -71.26524, -38.94533 ], [ -71.26524, -38.94521 ], [ -71.26517, -38.94517 ], [ -71.26498, -38.94525 ], [ -71.26484, -38.9451 ], [ -71.26484, -38.94484 ], [ -71.26476, -38.94473 ], [ -71.26454, -38.94468 ], [ -71.26382, -38.94416 ], [ -71.26329, -38.94396 ], [ -71.26299, -38.94366 ], [ -71.26283, -38.94336 ], [ -71.26208, -38.94265 ], [ -71.26162, -38.9424 ], [ -71.26064, -38.94164 ], [ -71.25995, -38.94096 ], [ -71.25963, -38.94047 ], [ -71.25961, -38.94041 ], [ -71.26001, -38.94007 ], [ -71.26043, -38.93912 ], [ -71.26055, -38.93861 ], [ -71.2604, -38.9384 ], [ -71.26096, -38.93818 ], [ -71.26107, -38.93808 ], [ -71.26105, -38.93802 ], [ -71.26093, -38.93793 ], [ -71.26049, -38.93806 ], [ -71.25989, -38.93778 ], [ -71.2595, -38.93779 ], [ -71.25893, -38.93751 ], [ -71.25854, -38.93717 ], [ -71.25861, -38.93679 ], [ -71.25839, -38.93665 ], [ -71.25808, -38.93661 ], [ -71.25752, -38.93678 ], [ -71.25664, -38.93651 ], [ -71.25657, -38.93647 ], [ -71.25656, -38.93628 ], [ -71.25622, -38.93601 ], [ -71.25626, -38.93581 ], [ -71.25596, -38.93535 ], [ -71.25606, -38.93511 ], [ -71.25592, -38.9349 ], [ -71.25545, -38.93489 ], [ -71.25514, -38.93445 ], [ -71.25435, -38.93415 ], [ -71.25413, -38.93416 ], [ -71.25383, -38.93377 ], [ -71.25355, -38.93367 ], [ -71.25351, -38.93351 ], [ -71.25332, -38.93345 ], [ -71.25325, -38.9333 ], [ -71.25337, -38.93297 ], [ -71.25298, -38.93293 ], [ -71.25294, -38.93277 ], [ -71.25302, -38.93258 ], [ -71.25271, -38.93227 ], [ -71.25272, -38.93213 ], [ -71.25244, -38.93151 ], [ -71.25249, -38.93128 ], [ -71.25241, -38.93106 ], [ -71.2522, -38.93095 ], [ -71.25197, -38.93104 ], [ -71.25168, -38.93074 ], [ -71.25041, -38.93026 ], [ -71.25011, -38.92986 ], [ -71.24979, -38.92919 ], [ -71.24934, -38.92906 ], [ -71.24919, -38.92891 ], [ -71.24916, -38.92867 ], [ -71.24867, -38.92842 ], [ -71.24861, -38.92819 ], [ -71.24876, -38.92776 ], [ -71.24846, -38.92747 ], [ -71.24843, -38.92723 ], [ -71.24824, -38.92685 ], [ -71.24827, -38.92665 ], [ -71.24846, -38.92642 ], [ -71.24838, -38.92612 ] ] } },
{ "type": "Feature", "properties": { "osm_id": 637908424, "nombre": "Sin nombre", "tipo": "stream", "volcan_codigo": "SOL", "volcan_nombre": "Sollipulli", "drena_volcan": false }, "geometry": { "type": "LineString", "coordinates": [ [ -71.24623, -38.9531 ], [ -71.24613, -38.95286 ], [ -71.24619, -38.95248 ], [ -71.24609, -38.95231 ], [ -71.24611, -38.95215 ], [ -71.2459, -38.95191 ], [ -71.24601, -38.9516 ], [ -71.24583, -38.95127 ], [ -71.24572, -38.95083 ], [ -71.24619, -38.95029 ], [ -71.24616, -38.94975 ], [ -71.24633, -38.9495 ], [ -71.24635, -38.94916 ], [ -71.24598, -38.94856 ], [ -71.24601, -38.9478 ], [ -71.2455, -38.94712 ], [ -71.24596, -38.94638 ], [ -71.24599, -38.94588 ], [ -71.24625, -38.94538 ], [ -71.24625, -38.94517 ], [ -71.24616, -38.94499 ], [ -71.24591, -38.94482 ], [ -71.24583, -38.94483 ], [ -71.24563, -38.94512 ], [ -71.24547, -38.94515 ], [ -71.24533, -38.94513 ], [ -71.2452, -38.94496 ], [ -71.24498, -38.94431 ], [ -71.24505, -38.94331 ], [ -71.24493, -38.943 ], [ -71.2449, -38.94262 ], [ -71.24439, -38.942 ], [ -71.24435, -38.94149 ], [ -71.24454, -38.94092 ], [ -71.24461, -38.94024 ], [ -71.24488, -38.93967 ], [ -71.24492, -38.93914 ], [ -71.24507, -38.93869 ], [ -71.24503, -38.93818 ], [ -71.24487, -38.93777 ], [ -71.24419, -38.93732 ], [ -71.24409, -38.93706 ], [ -71.24406, -38.93619 ], [ -71.24429, -38.93566 ], [ -71.24485, -38.93504 ], [ -71.24503, -38.93451 ], [ -71.24515, -38.93377 ], [ -71.24499, -38.93321 ], [ -71.24502, -38.93295 ], [ -71.24528, -38.93256 ], [ -71.24565, -38.93231 ], [ -71.24584, -38.93187 ], [ -71.24587, -38.93153 ], [ -71.24554, -38.93061 ], [ -71.24557, -38.9304 ], [ -71.24582, -38.92989 ], [ -71.24586, -38.92936 ], [ -71.24578, -38.92877 ], [ -71.24542, -38.92835 ], [ -71.24553, -38.92792 ], [ -71.24576, -38.9275 ], [ -71.2461, -38.92717 ], [ -71.24719, -38.92703 ], [ -71.24754, -38.9264 ], [ -71.24774, -38.92627 ], [ -71.24826, -38.92622 ], [ -71.24838, -38.92612 ] ] } },
{ "type": "Feature", "properties": { "osm_id": 638252492, "nombre": "Sin nombre", "tipo": "stream", "volcan_codigo": "SOL", "volcan_nombre": "Sollipulli", "drena_volcan": false }, "geometry": { "type": "LineString", "coordinates": [ [ -71.3302, -38.94621 ], [ -71.32933, -38.9455 ] ] } },
{ "type": "Feature", "properties": { "osm_id": 638252493, "nombre": "Sin nombre", "tipo": "stream", "volcan_codigo": "SOL", "volcan_nombre": "Sollipulli", "drena_volcan": false }, "geometry": { "type": "LineString", "coordinates": [ [ -71.37372, -38.93581 ], [ -71.37331, -38.93611 ], [ -71.37323, -38.93649 ], [ -71.37308, -38.93672 ], [ -71.37266, -38.93686 ], [ -71.37275, -38.9371 ], [ -71.37188, -38.93802 ], [ -71.3717, -38.93892 ], [ -71.3713, -38.93927 ], [ -71.37122, -38.93946 ], [ -71.37124, -38.93978 ], [ -71.37094, -38.94003 ], [ -71.37063, -38.94063 ], [ -71.36981, -38.94113 ], [ -71.36944, -38.94148 ], [ -71.36877, -38.94176 ], [ -71.36781, -38.94203 ], [ -71.36729, -38.94242 ], [ -71.36739, -38.94386 ], [ -71.36759, -38.94432 ], [ -71.36736, -38.94459 ], [ -71.36727, -38.94507 ], [ -71.36816, -38.94514 ], [ -71.36854, -38.94532 ], [ -71.3686, -38.94543 ], [ -71.36805, -38.94676 ], [ -71.36813, -38.94721 ], [ -71.36831, -38.94765 ], [ -71.36846, -38.94781 ], [ -71.3683, -38.94842 ], [ -71.36765, -38.949 ], [ -71.36748, -38.94924 ], [ -71.36735, -38.94965 ], [ -71.36697, -38.94963 ], [ -71.36591, -38.95011 ], [ -71.36561, -38.95033 ], [ -71.36517, -38.95049 ], [ -71.36485, -38.95069 ], [ -71.36433, -38.95084 ], [ -71.36349, -38.95152 ], [ -71.36242, -38.95178 ], [ -71.36105, -38.95155 ], [ -71.36011, -38.95118 ], [ -71.3595, -38.95131 ], [ -71.35852, -38.95165 ], [ -71.35756, -38.95174 ], [ -71.35711, -38.952 ], [ -71.35725, -38.95216 ], [ -71.35723, -38.95228 ], [ -71.35658, -38.95283 ], [ -71.35515, -38.95355 ], [ -71.35437, -38.95379 ], [ -71.35353, -38.95374 ], [ -71.35281, -38.95382 ], [ -71.35268, -38.95389 ], [ -71.35272, -38.95401 ], [ -71.35259, -38.95414 ], [ -71.35157, -38.95443 ], [ -71.35058, -38.95414 ], [ -71.34982, -38.95415 ], [ -71.34906, -38.95398 ], [ -71.34797, -38.95351 ], [ -71.34794, -38.95322 ], [ -71.34787, -38.95319 ], [ -71.34738, -38.95328 ], [ -71.34705, -38.95322 ], [ -71.34687, -38.95308 ], [ -71.34615, -38.95313 ], [ -71.34532, -38.95281 ], [ -71.34491, -38.95274 ], [ -71.34422, -38.95287 ], [ -71.34337, -38.95257 ], [ -71.34127, -38.9527 ], [ -71.33982, -38.95265 ], [ -71.33894, -38.95222 ], [ -71.33807, -38.95198 ] ] } },
{ "type": "Feature", "properties": { "osm_id": 643500404, "nombre": "Sin nombre", "tipo": "stream", "volcan_codigo": "SOL", "volcan_nombre": "Sollipulli", "drena_volcan": false }, "geometry": { "type": "LineString", "coordinates": [ [ -71.38098, -38.9095 ], [ -71.38035, -38.91019 ], [ -71.38093, -38.91071 ], [ -71.38263, -38.91194 ], [ -71.38216, -38.91271 ], [ -71.38211, -38.91313 ], [ -71.38001, -38.91286 ], [ -71.37986, -38.91316 ], [ -71.3801, -38.91388 ], [ -71.37997, -38.91396 ], [ -71.37984, -38.91475 ], [ -71.37902, -38.91506 ], [ -71.37831, -38.91575 ], [ -71.37834, -38.91608 ], [ -71.37716, -38.91692 ], [ -71.37655, -38.91745 ], [ -71.37338, -38.91657 ], [ -71.37269, -38.9166 ], [ -71.3714, -38.91628 ], [ -71.37057, -38.91563 ], [ -71.36791, -38.91648 ], [ -71.36765, -38.91677 ], [ -71.36656, -38.91705 ], [ -71.36544, -38.91767 ] ] } },
{ "type": "Feature", "properties": { "osm_id": 643500425, "nombre": "Sin nombre", "tipo": "stream", "volcan_codigo": "SOL", "volcan_nombre": "Sollipulli", "drena_volcan": false }, "geometry": { "type": "LineString", "coordinates": [ [ -71.28677, -38.8751 ], [ -71.28583, -38.8753 ], [ -71.28369, -38.8753 ], [ -71.28159, -38.87597 ], [ -71.28142, -38.87619 ], [ -71.28087, -38.87618 ], [ -71.28054, -38.87634 ] ] } },
{ "type": "Feature", "properties": { "osm_id": 643500426, "nombre": "Sin nombre", "tipo": "stream", "volcan_codigo": "SOL", "volcan_nombre": "Sollipulli", "drena_volcan": false }, "geometry": { "type": "LineString", "coordinates": [ [ -71.28654, -38.8776 ], [ -71.28531, -38.8773 ], [ -71.28423, -38.87737 ], [ -71.28359, -38.87716 ], [ -71.28237, -38.87694 ], [ -71.28153, -38.87665 ], [ -71.28094, -38.87653 ], [ -71.28054, -38.87634 ] ] } },
{ "type": "Feature", "properties": { "osm_id": 643500443, "nombre": "Sin nombre", "tipo": "stream", "volcan_codigo": "SOL", "volcan_nombre": "Sollipulli", "drena_volcan": false }, "geometry": { "type": "LineString", "coordinates": [ [ -71.16554, -38.82559 ], [ -71.16413, -38.82644 ], [ -71.16348, -38.82704 ], [ -71.16265, -38.82723 ], [ -71.15977, -38.8298 ], [ -71.16035, -38.83212 ], [ -71.15934, -38.83336 ], [ -71.15778, -38.8342 ], [ -71.15735, -38.83466 ], [ -71.15578, -38.8342 ], [ -71.1549, -38.8343 ], [ -71.15282, -38.8347 ], [ -71.15074, -38.83538 ], [ -71.14945, -38.83553 ], [ -71.14501, -38.83679 ], [ -71.14258, -38.837 ], [ -71.13937, -38.83665 ], [ -71.13497, -38.83644 ] ] } },
{ "type": "Feature", "properties": { "osm_id": 643500444, "nombre": "Sin nombre", "tipo": "stream", "volcan_codigo": "SOL", "volcan_nombre": "Sollipulli", "drena_volcan": false }, "geometry": { "type": "LineString", "coordinates": [ [ -71.15823, -38.82831 ], [ -71.15917, -38.82865 ], [ -71.15977, -38.8298 ] ] } },
{ "type": "Feature", "properties": { "osm_id": 643500445, "nombre": "Sin nombre", "tipo": "stream", "volcan_codigo": "SOL", "volcan_nombre": "Sollipulli", "drena_volcan": false }, "geometry": { "type": "LineString", "coordinates": [ [ -71.16451, -38.83117 ], [ -71.16346, -38.83109 ], [ -71.16183, -38.83147 ], [ -71.16031, -38.83197 ] ] } },
{ "type": "Feature", "properties": { "osm_id": 643500446, "nombre": "Sin nombre", "tipo": "stream", "volcan_codigo": "SOL", "volcan_nombre": "Sollipulli", "drena_volcan": false }, "geometry": { "type": "LineString", "coordinates": [ [ -71.16185, -38.83761 ], [ -71.16104, -38.8371 ], [ -71.16112, -38.83644 ], [ -71.16065, -38.83587 ], [ -71.1596, -38.83535 ], [ -71.1584, -38.83488 ], [ -71.15735, -38.83466 ] ] } },
{ "type": "Feature", "properties": { "osm_id": 643500447, "nombre": "Sin nombre", "tipo": "stream", "volcan_codigo": "SOL", "volcan_nombre": "Sollipulli", "drena_volcan": false }, "geometry": { "type": "LineString", "coordinates": [ [ -71.15273, -38.83099 ], [ -71.15284, -38.83182 ], [ -71.15351, -38.83222 ], [ -71.15379, -38.83326 ], [ -71.15342, -38.83343 ], [ -71.15336, -38.83459 ] ] } },
{ "type": "Feature", "properties": { "osm_id": 643500448, "nombre": "Sin nombre", "tipo": "stream", "volcan_codigo": "SOL", "volcan_nombre": "Sollipulli", "drena_volcan": false }, "geometry": { "type": "LineString", "coordinates": [ [ -71.15512, -38.83645 ], [ -71.15445, -38.8364 ], [ -71.15316, -38.83575 ], [ -71.1523, -38.83487 ] ] } },
{ "type": "Feature", "properties": { "osm_id": 643500449, "nombre": "Sin nombre", "tipo": "stream", "volcan_codigo": "SOL", "volcan_nombre": "Sollipulli", "drena_volcan": false }, "geometry": { "type": "LineString", "coordinates": [ [ -71.15391, -38.83881 ], [ -71.15299, -38.83863 ], [ -71.15059, -38.83714 ], [ -71.15024, -38.83639 ], [ -71.14988, -38.83585 ], [ -71.14945, -38.83553 ] ] } },
{ "type": "Feature", "properties": { "osm_id": 643500450, "nombre": "Sin nombre", "tipo": "stream", "volcan_codigo": "SOL", "volcan_nombre": "Sollipulli", "drena_volcan": false }, "geometry": { "type": "LineString", "coordinates": [ [ -71.15357, -38.83764 ], [ -71.15278, -38.83761 ], [ -71.15142, -38.83769 ] ] } },
{ "type": "Feature", "properties": { "osm_id": 643500451, "nombre": "Sin nombre", "tipo": "stream", "volcan_codigo": "SOL", "volcan_nombre": "Sollipulli", "drena_volcan": false }, "geometry": { "type": "LineString", "coordinates": [ [ -71.14926, -38.83871 ], [ -71.14597, -38.83811 ], [ -71.14557, -38.83731 ], [ -71.14484, -38.8368 ] ] } },
{ "type": "Feature", "properties": { "osm_id": 643500452, "nombre": "Sin nombre", "tipo": "stream", "volcan_codigo": "SOL", "volcan_nombre": "Sollipulli", "drena_volcan": false }, "geometry": { "type": "LineString", "coordinates": [ [ -71.14795, -38.83941 ], [ -71.14709, -38.83888 ], [ -71.14713, -38.83832 ] ] } },
{ "type": "Feature", "properties": { "osm_id": 643500453, "nombre": "Sin nombre", "tipo": "stream", "volcan_codigo": "SOL", "volcan_nombre": "Sollipulli", "drena_volcan": false }, "geometry": { "type": "LineString", "coordinates": [ [ -71.14372, -38.82917 ], [ -71.1437, -38.8299 ], [ -71.14256, -38.83092 ], [ -71.14115, -38.83279 ], [ -71.13954, -38.83403 ], [ -71.13769, -38.83577 ], [ -71.13331, -38.83685 ], [ -71.12928, -38.84097 ], [ -71.12671, -38.84255 ], [ -71.12544, -38.84359 ], [ -71.12344, -38.84401 ], [ -71.1205, -38.84367 ], [ -71.11774, -38.84361 ], [ -71.11542, -38.84483 ], [ -71.11456, -38.84499 ], [ -71.1145, -38.84526 ], [ -71.11405, -38.84533 ], [ -71.11375, -38.84556 ], [ -71.11415, -38.84556 ], [ -71.11405, -38.84601 ], [ -71.11375, -38.84603 ], [ -71.11375, -38.84618 ], [ -71.11402, -38.84645 ], [ -71.11364, -38.84742 ], [ -71.11394, -38.84748 ], [ -71.11342, -38.8481 ], [ -71.11319, -38.84854 ] ] } },
{ "type": "Feature", "properties": { "osm_id": 643500454, "nombre": "Sin nombre", "tipo": "stream", "volcan_codigo": "SOL", "volcan_nombre": "Sollipulli", "drena_volcan": false }, "geometry": { "type": "LineString", "coordinates": [ [ -71.14387, -38.8407 ], [ -71.14241, -38.83864 ], [ -71.14102, -38.83837 ], [ -71.13977, -38.83846 ], [ -71.13887, -38.83836 ], [ -71.13756, -38.83779 ], [ -71.13516, -38.83702 ], [ -71.13307, -38.8371 ] ] } },
{ "type": "Feature", "properties": { "osm_id": 643500455, "nombre": "Sin nombre", "tipo": "stream", "volcan_codigo": "SOL", "volcan_nombre": "Sollipulli", "drena_volcan": false }, "geometry": { "type": "LineString", "coordinates": [ [ -71.13776, -38.84578 ], [ -71.13546, -38.84601 ], [ -71.13439, -38.84551 ], [ -71.13331, -38.84559 ], [ -71.13162, -38.84533 ], [ -71.13029, -38.84539 ], [ -71.12943, -38.84481 ], [ -71.12814, -38.84471 ], [ -71.12544, -38.84359 ] ] } },
{ "type": "Feature", "properties": { "osm_id": 643500456, "nombre": "Sin nombre", "tipo": "stream", "volcan_codigo": "SOL", "volcan_nombre": "Sollipulli", "drena_volcan": false }, "geometry": { "type": "LineString", "coordinates": [ [ -71.13593, -38.84466 ], [ -71.13432, -38.84387 ], [ -71.13312, -38.84374 ], [ -71.13243, -38.84302 ], [ -71.12995, -38.84163 ], [ -71.12823, -38.84162 ] ] } },
{ "type": "Feature", "properties": { "osm_id": 643500457, "nombre": "Sin nombre", "tipo": "stream", "volcan_codigo": "SOL", "volcan_nombre": "Sollipulli", "drena_volcan": false }, "geometry": { "type": "LineString", "coordinates": [ [ -71.11986, -38.83181 ], [ -71.12183, -38.83241 ], [ -71.12188, -38.83348 ], [ -71.12031, -38.83605 ], [ -71.12074, -38.83684 ], [ -71.12048, -38.83806 ], [ -71.11832, -38.8402 ], [ -71.11838, -38.84102 ], [ -71.11829, -38.84202 ], [ -71.11836, -38.84295 ], [ -71.11819, -38.8436 ] ] } },
{ "type": "Feature", "properties": { "osm_id": 643500458, "nombre": "Sin nombre", "tipo": "stream", "volcan_codigo": "SOL", "volcan_nombre": "Sollipulli", "drena_volcan": false }, "geometry": { "type": "LineString", "coordinates": [ [ -71.11132, -38.83837 ], [ -71.11173, -38.83896 ], [ -71.11218, -38.83986 ], [ -71.11246, -38.84021 ], [ -71.11276, -38.84033 ], [ -71.1139, -38.84108 ], [ -71.1139, -38.84225 ], [ -71.11478, -38.8427 ], [ -71.11514, -38.84309 ], [ -71.11516, -38.84366 ], [ -71.1149, -38.84424 ], [ -71.11542, -38.84483 ] ] } },
{ "type": "Feature", "properties": { "osm_id": 643500459, "nombre": "Sin nombre", "tipo": "stream", "volcan_codigo": "SOL", "volcan_nombre": "Sollipulli", "drena_volcan": false }, "geometry": { "type": "LineString", "coordinates": [ [ -71.11319, -38.84854 ], [ -71.11321, -38.84875 ], [ -71.11299, -38.84884 ], [ -71.11323, -38.84894 ], [ -71.11246, -38.84967 ], [ -71.11205, -38.85034 ], [ -71.11186, -38.85041 ], [ -71.11188, -38.85061 ], [ -71.1116, -38.85069 ], [ -71.11138, -38.85094 ], [ -71.11113, -38.85109 ], [ -71.11136, -38.85131 ], [ -71.11121, -38.85184 ], [ -71.11121, -38.85313 ], [ -71.11169, -38.85378 ], [ -71.11261, -38.8541 ], [ -71.11364, -38.8543 ], [ -71.11398, -38.85447 ], [ -71.11441, -38.85442 ], [ -71.11467, -38.85467 ], [ -71.11475, -38.85504 ], [ -71.11512, -38.85529 ], [ -71.11553, -38.85542 ], [ -71.1155, -38.85581 ], [ -71.11587, -38.85624 ], [ -71.11602, -38.85672 ], [ -71.11578, -38.85684 ], [ -71.11581, -38.85708 ], [ -71.11407, -38.85935 ], [ -71.11314, -38.86083 ], [ -71.1119, -38.86147 ], [ -71.111, -38.86284 ], [ -71.11046, -38.86317 ], [ -71.10958, -38.86336 ], [ -71.1086, -38.86441 ], [ -71.10744, -38.86541 ], [ -71.10651, -38.8653 ], [ -71.10606, -38.86583 ], [ -71.10527, -38.8663 ], [ -71.10302, -38.86675 ], [ -71.10149, -38.86722 ], [ -71.10001, -38.86737 ], [ -71.09892, -38.86865 ], [ -71.09812, -38.86892 ], [ -71.09495, -38.86922 ], [ -71.09426, -38.86919 ], [ -71.09312, -38.86966 ], [ -71.09201, -38.87034 ], [ -71.09141, -38.87123 ], [ -71.09149, -38.8722 ], [ -71.091, -38.873 ], [ -71.09064, -38.87427 ], [ -71.09117, -38.8755 ], [ -71.0907, -38.87664 ], [ -71.0898, -38.87664 ], [ -71.08911, -38.87701 ], [ -71.0878, -38.87739 ], [ -71.08619, -38.87732 ], [ -71.08568, -38.87764 ], [ -71.08323, -38.87777 ], [ -71.08212, -38.87803 ], [ -71.08057, -38.87788 ], [ -71.07986, -38.87824 ], [ -71.07924, -38.87834 ], [ -71.0792, -38.87871 ], [ -71.07892, -38.87889 ], [ -71.07838, -38.87873 ], [ -71.0781, -38.87894 ], [ -71.07755, -38.87903 ], [ -71.0774, -38.87918 ], [ -71.07699, -38.87913 ], [ -71.07634, -38.87945 ], [ -71.07628, -38.8798 ], [ -71.0751, -38.88066 ], [ -71.07471, -38.88053 ], [ -71.0742, -38.88073 ], [ -71.07347, -38.88061 ], [ -71.07291, -38.8808 ], [ -71.07094, -38.88095 ], [ -71.07016, -38.88135 ], [ -71.06941, -38.88188 ], [ -71.06931, -38.88222 ], [ -71.06847, -38.88307 ], [ -71.0686, -38.88379 ], [ -71.06886, -38.88411 ], [ -71.06944, -38.88446 ], [ -71.06957, -38.88481 ], [ -71.06901, -38.88532 ], [ -71.06836, -38.88559 ], [ -71.06693, -38.88586 ], [ -71.06697, -38.88651 ], [ -71.06686, -38.88696 ], [ -71.06663, -38.88731 ], [ -71.06637, -38.88743 ], [ -71.06547, -38.88714 ] ] } },
{ "type": "Feature", "properties": { "osm_id": 643500460, "nombre": "Sin nombre", "tipo": "stream", "volcan_codigo": "SOL", "volcan_nombre": "Sollipulli", "drena_volcan": false }, "geometry": { "type": "LineString", "coordinates": [ [ -71.09327, -38.86063 ], [ -71.09308, -38.86114 ], [ -71.09469, -38.86279 ], [ -71.09495, -38.86396 ], [ -71.09491, -38.86493 ], [ -71.09452, -38.86576 ], [ -71.0948, -38.86638 ], [ -71.09452, -38.86712 ], [ -71.0933, -38.86799 ], [ -71.09308, -38.86847 ], [ -71.09312, -38.86966 ] ] } },
{ "type": "Feature", "properties": { "osm_id": 643500461, "nombre": "Sin nombre", "tipo": "stream", "volcan_codigo": "SOL", "volcan_nombre": "Sollipulli", "drena_volcan": false }, "geometry": { "type": "LineString", "coordinates": [ [ -71.0913, -38.8587 ], [ -71.09059, -38.85995 ], [ -71.09023, -38.86149 ], [ -71.09111, -38.86469 ], [ -71.0925, -38.86533 ], [ -71.09289, -38.86678 ], [ -71.09316, -38.8683 ] ] } },
{ "type": "Feature", "properties": { "osm_id": 643500462, "nombre": "Sin nombre", "tipo": "stream", "volcan_codigo": "SOL", "volcan_nombre": "Sollipulli", "drena_volcan": false }, "geometry": { "type": "LineString", "coordinates": [ [ -71.08553, -38.87141 ], [ -71.08525, -38.87176 ], [ -71.08396, -38.87173 ], [ -71.08282, -38.87238 ], [ -71.08194, -38.87306 ], [ -71.08004, -38.87499 ], [ -71.07866, -38.87607 ], [ -71.07628, -38.87854 ], [ -71.07626, -38.87893 ], [ -71.0754, -38.87965 ], [ -71.0751, -38.88066 ] ] } },
{ "type": "Feature", "properties": { "osm_id": 643500463, "nombre": "Sin nombre", "tipo": "stream", "volcan_codigo": "SOL", "volcan_nombre": "Sollipulli", "drena_volcan": false }, "geometry": { "type": "LineString", "coordinates": [ [ -71.09027, -38.86615 ], [ -71.08993, -38.86732 ], [ -71.08885, -38.8687 ], [ -71.08879, -38.86931 ], [ -71.08896, -38.87017 ], [ -71.08896, -38.87184 ], [ -71.08911, -38.87251 ], [ -71.08956, -38.87303 ], [ -71.09023, -38.87345 ], [ -71.09071, -38.87402 ] ] } },
{ "type": "Feature", "properties": { "osm_id": 643500464, "nombre": "Sin nombre", "tipo": "stream", "volcan_codigo": "SOL", "volcan_nombre": "Sollipulli", "drena_volcan": false }, "geometry": { "type": "LineString", "coordinates": [ [ -71.0864, -38.87403 ], [ -71.0855, -38.87455 ], [ -71.08462, -38.87472 ], [ -71.0843, -38.87495 ], [ -71.08447, -38.87686 ], [ -71.08424, -38.8777 ] ] } },
{ "type": "Feature", "properties": { "osm_id": 643500465, "nombre": "Sin nombre", "tipo": "stream", "volcan_codigo": "SOL", "volcan_nombre": "Sollipulli", "drena_volcan": false }, "geometry": { "type": "LineString", "coordinates": [ [ -71.08213, -38.86324 ], [ -71.08155, -38.86388 ], [ -71.08153, -38.86438 ], [ -71.08071, -38.86484 ], [ -71.07975, -38.86673 ], [ -71.07951, -38.86773 ], [ -71.08123, -38.86969 ], [ -71.0811, -38.87012 ], [ -71.08067, -38.87083 ], [ -71.08001, -38.87138 ], [ -71.07906, -38.87166 ], [ -71.07816, -38.87154 ], [ -71.07709, -38.87205 ], [ -71.07571, -38.87256 ], [ -71.07333, -38.87398 ], [ -71.07256, -38.87494 ], [ -71.07172, -38.8755 ], [ -71.07046, -38.87607 ], [ -71.06998, -38.87607 ], [ -71.0693, -38.87631 ], [ -71.06838, -38.87639 ], [ -71.0675, -38.87666 ], [ -71.06704, -38.87694 ], [ -71.06716, -38.8772 ], [ -71.06774, -38.87796 ], [ -71.06781, -38.87823 ], [ -71.06765, -38.87851 ], [ -71.067, -38.87878 ], [ -71.06692, -38.87911 ], [ -71.06699, -38.87951 ], [ -71.06722, -38.88 ], [ -71.06804, -38.88041 ], [ -71.06824, -38.8806 ], [ -71.06815, -38.88092 ], [ -71.06826, -38.8811 ], [ -71.0686, -38.88115 ], [ -71.06869, -38.88139 ], [ -71.06864, -38.88164 ], [ -71.06897, -38.88198 ], [ -71.069, -38.88224 ], [ -71.06872, -38.88281 ] ] } },
{ "type": "Feature", "properties": { "osm_id": 643500469, "nombre": "Sin nombre", "tipo": "river", "volcan_codigo": "SOL", "volcan_nombre": "Sollipulli", "drena_volcan": false }, "geometry": { "type": "LineString", "coordinates": [ [ -71.07921, -38.91388 ], [ -71.07983, -38.91371 ], [ -71.08013, -38.91349 ], [ -71.08013, -38.91339 ], [ -71.08034, -38.9133 ], [ -71.08061, -38.91347 ], [ -71.0809, -38.91352 ], [ -71.08152, -38.9134 ], [ -71.08182, -38.91342 ], [ -71.08191, -38.91321 ], [ -71.08019, -38.912 ], [ -71.08015, -38.91149 ], [ -71.08081, -38.91116 ], [ -71.08161, -38.91106 ], [ -71.0819, -38.91126 ], [ -71.0825, -38.91212 ], [ -71.08257, -38.91251 ], [ -71.08248, -38.91298 ], [ -71.08256, -38.91341 ], [ -71.08281, -38.91402 ] ] } },
{ "type": "Feature", "properties": { "osm_id": 643868294, "nombre": "Sin nombre", "tipo": "river", "volcan_codigo": "SOL", "volcan_nombre": "Sollipulli", "drena_volcan": false }, "geometry": { "type": "LineString", "coordinates": [ [ -71.33071, -38.9548 ], [ -71.33035, -38.95524 ], [ -71.33, -38.95593 ] ] } },
{ "type": "Feature", "properties": { "osm_id": 667788725, "nombre": "Sin nombre", "tipo": "stream", "volcan_codigo": "SOL", "volcan_nombre": "Sollipulli", "drena_volcan": false }, "geometry": { "type": "LineString", "coordinates": [ [ -71.16402, -39.02882 ], [ -71.16289, -39.02878 ], [ -71.16196, -39.02859 ], [ -71.16172, -39.02824 ], [ -71.16095, -39.02787 ], [ -71.16034, -39.02772 ], [ -71.15957, -39.02773 ], [ -71.15754, -39.02833 ], [ -71.15457, -39.02867 ], [ -71.15328, -39.02847 ], [ -71.15302, -39.02829 ], [ -71.15276, -39.02789 ] ] } },
{ "type": "Feature", "properties": { "osm_id": 667788726, "nombre": "Sin nombre", "tipo": "stream", "volcan_codigo": "SOL", "volcan_nombre": "Sollipulli", "drena_volcan": false }, "geometry": { "type": "LineString", "coordinates": [ [ -71.16609, -39.0345 ], [ -71.16267, -39.03382 ], [ -71.16216, -39.03349 ], [ -71.16201, -39.03282 ], [ -71.16162, -39.03245 ], [ -71.16081, -39.03247 ], [ -71.16025, -39.03294 ], [ -71.15956, -39.03332 ], [ -71.1583, -39.03355 ], [ -71.15675, -39.03279 ], [ -71.15564, -39.0327 ], [ -71.15433, -39.03249 ], [ -71.15366, -39.03227 ], [ -71.15328, -39.032 ], [ -71.15276, -39.03124 ], [ -71.15237, -39.03009 ], [ -71.15246, -39.02974 ], [ -71.15089, -39.0291 ], [ -71.15046, -39.02869 ] ] } },
{ "type": "Feature", "properties": { "osm_id": 667788727, "nombre": "Sin nombre", "tipo": "stream", "volcan_codigo": "SOL", "volcan_nombre": "Sollipulli", "drena_volcan": false }, "geometry": { "type": "LineString", "coordinates": [ [ -71.16905, -39.02595 ], [ -71.1677, -39.02537 ], [ -71.16712, -39.02527 ], [ -71.16583, -39.02559 ], [ -71.16439, -39.02579 ], [ -71.1633, -39.02617 ], [ -71.16255, -39.0262 ], [ -71.16104, -39.0256 ], [ -71.15997, -39.02559 ], [ -71.15916, -39.0257 ], [ -71.15838, -39.02569 ], [ -71.15703, -39.0263 ], [ -71.15504, -39.02685 ], [ -71.15276, -39.02789 ], [ -71.15046, -39.02869 ], [ -71.14999, -39.029 ], [ -71.14768, -39.02914 ], [ -71.14628, -39.0296 ], [ -71.1454, -39.02947 ], [ -71.14486, -39.02924 ], [ -71.14334, -39.0281 ], [ -71.14238, -39.02774 ], [ -71.14162, -39.02732 ], [ -71.14072, -39.02655 ], [ -71.13888, -39.02587 ], [ -71.13781, -39.02493 ], [ -71.13725, -39.02403 ], [ -71.13641, -39.02195 ], [ -71.13549, -39.02133 ], [ -71.13431, -39.02092 ], [ -71.13278, -39.02002 ], [ -71.12965, -39.01895 ], [ -71.1289, -39.0182 ], [ -71.12813, -39.01655 ], [ -71.12763, -39.0161 ], [ -71.12725, -39.0156 ], [ -71.12708, -39.01472 ], [ -71.12645, -39.01395 ], [ -71.12697, -39.01241 ], [ -71.12671, -39.01183 ], [ -71.12581, -39.01026 ], [ -71.12502, -39.00943 ], [ -71.12311, -39.00846 ], [ -71.12242, -39.0074 ], [ -71.12236, -39.00605 ], [ -71.12212, -39.00506 ], [ -71.12171, -39.00459 ], [ -71.12231, -39.00341 ], [ -71.12257, -39.00261 ], [ -71.12306, -39.00196 ], [ -71.12437, -39.00124 ], [ -71.12577, -39.00073 ] ] } },
{ "type": "Feature", "properties": { "osm_id": 667788729, "nombre": "Sin nombre", "tipo": "stream", "volcan_codigo": "SOL", "volcan_nombre": "Sollipulli", "drena_volcan": false }, "geometry": { "type": "LineString", "coordinates": [ [ -71.12678, -39.00656 ], [ -71.12555, -39.00535 ], [ -71.12521, -39.00453 ], [ -71.12555, -39.00391 ], [ -71.12581, -39.00318 ], [ -71.12613, -39.00268 ], [ -71.12545, -39.00143 ], [ -71.12577, -39.00073 ], [ -71.12686, -39.00009 ], [ -71.12751, -38.99986 ], [ -71.12894, -38.99909 ], [ -71.12954, -38.99853 ], [ -71.13044, -38.99844 ], [ -71.131, -38.99878 ], [ -71.13141, -38.99847 ], [ -71.13178, -38.99777 ], [ -71.13169, -38.99661 ], [ -71.13184, -38.99602 ], [ -71.13173, -38.99512 ], [ -71.13152, -38.99449 ], [ -71.1316, -38.99405 ] ] } },
{ "type": "Feature", "properties": { "osm_id": 667788730, "nombre": "Sin nombre", "tipo": "stream", "volcan_codigo": "SOL", "volcan_nombre": "Sollipulli", "drena_volcan": false }, "geometry": { "type": "LineString", "coordinates": [ [ -71.13292, -39.00265 ], [ -71.13433, -39.00149 ], [ -71.13417, -39.0007 ], [ -71.13418, -39.00023 ], [ -71.13388, -38.99983 ], [ -71.13505, -38.99917 ], [ -71.1352, -38.99834 ], [ -71.13556, -38.99787 ], [ -71.13552, -38.99772 ], [ -71.13565, -38.99759 ], [ -71.13571, -38.99725 ], [ -71.13563, -38.99702 ], [ -71.13583, -38.99677 ], [ -71.13654, -38.99642 ], [ -71.13652, -38.99587 ] ] } },
{ "type": "Feature", "properties": { "osm_id": 667788731, "nombre": "Sin nombre", "tipo": "stream", "volcan_codigo": "SOL", "volcan_nombre": "Sollipulli", "drena_volcan": false }, "geometry": { "type": "LineString", "coordinates": [ [ -71.13847, -39.00398 ], [ -71.1385, -39.00371 ], [ -71.13799, -39.00299 ], [ -71.13752, -39.00254 ], [ -71.13753, -39.0022 ], [ -71.13843, -39.00063 ], [ -71.13836, -39.00007 ], [ -71.13877, -38.99894 ], [ -71.13863, -38.99842 ], [ -71.13817, -38.9981 ], [ -71.13792, -38.99777 ], [ -71.13769, -38.99729 ], [ -71.13741, -38.99706 ], [ -71.13688, -38.99608 ], [ -71.13599, -38.99556 ], [ -71.13491, -38.9955 ], [ -71.13463, -38.99532 ], [ -71.13434, -38.99536 ], [ -71.13421, -38.9953 ], [ -71.13439, -38.99494 ] ] } },
{ "type": "Feature", "properties": { "osm_id": 667788732, "nombre": "Sin nombre", "tipo": "stream", "volcan_codigo": "SOL", "volcan_nombre": "Sollipulli", "drena_volcan": false }, "geometry": { "type": "LineString", "coordinates": [ [ -71.15111, -38.99997 ], [ -71.15108, -38.99967 ], [ -71.15132, -38.99935 ], [ -71.15144, -38.99902 ], [ -71.15145, -38.99871 ], [ -71.15099, -38.99822 ], [ -71.15051, -38.99784 ], [ -71.15051, -38.99768 ], [ -71.15078, -38.99754 ], [ -71.15064, -38.99734 ], [ -71.1501, -38.99706 ], [ -71.14983, -38.99662 ], [ -71.14925, -38.99647 ], [ -71.14894, -38.99659 ], [ -71.14765, -38.99556 ], [ -71.14745, -38.99526 ], [ -71.14733, -38.99523 ] ] } },
{ "type": "Feature", "properties": { "osm_id": 667788733, "nombre": "Sin nombre", "tipo": "stream", "volcan_codigo": "SOL", "volcan_nombre": "Sollipulli", "drena_volcan": false }, "geometry": { "type": "LineString", "coordinates": [ [ -71.16247, -38.99827 ], [ -71.16235, -38.99776 ], [ -71.16173, -38.99763 ], [ -71.1613, -38.99718 ], [ -71.16107, -38.99679 ], [ -71.16094, -38.99637 ], [ -71.16039, -38.99616 ], [ -71.15926, -38.99612 ], [ -71.15877, -38.99601 ], [ -71.1579, -38.99566 ], [ -71.1576, -38.99545 ], [ -71.15766, -38.99526 ], [ -71.15816, -38.99511 ], [ -71.15815, -38.99496 ], [ -71.15795, -38.99481 ], [ -71.1572, -38.99466 ], [ -71.15733, -38.99456 ], [ -71.15714, -38.99423 ], [ -71.15697, -38.99414 ], [ -71.15685, -38.99423 ], [ -71.15659, -38.99399 ], [ -71.1558, -38.99362 ], [ -71.15578, -38.99344 ], [ -71.15559, -38.99341 ], [ -71.15546, -38.99351 ], [ -71.15536, -38.99336 ], [ -71.15551, -38.99316 ] ] } },
{ "type": "Feature", "properties": { "osm_id": 667788734, "nombre": "Sin nombre", "tipo": "stream", "volcan_codigo": "SOL", "volcan_nombre": "Sollipulli", "drena_volcan": false }, "geometry": { "type": "LineString", "coordinates": [ [ -71.22159, -39.01586 ], [ -71.22192, -39.01562 ], [ -71.22294, -39.01458 ], [ -71.2237, -39.01439 ], [ -71.22423, -39.01372 ], [ -71.22498, -39.01344 ], [ -71.22503, -39.01337 ], [ -71.22489, -39.01314 ], [ -71.22488, -39.01278 ], [ -71.22488, -39.01217 ], [ -71.22496, -39.01194 ] ] } },
{ "type": "Feature", "properties": { "osm_id": 667788735, "nombre": "Sin nombre", "tipo": "stream", "volcan_codigo": "SOL", "volcan_nombre": "Sollipulli", "drena_volcan": false }, "geometry": { "type": "LineString", "coordinates": [ [ -71.22781, -39.01375 ], [ -71.22729, -39.0138 ], [ -71.22701, -39.0137 ], [ -71.22689, -39.01377 ] ] } },
{ "type": "Feature", "properties": { "osm_id": 667788736, "nombre": "Sin nombre", "tipo": "stream", "volcan_codigo": "SOL", "volcan_nombre": "Sollipulli", "drena_volcan": false }, "geometry": { "type": "LineString", "coordinates": [ [ -71.22806, -39.02034 ], [ -71.2282, -39.02008 ], [ -71.22807, -39.01944 ], [ -71.22784, -39.01906 ], [ -71.22795, -39.01868 ], [ -71.2278, -39.01812 ], [ -71.22829, -39.01722 ], [ -71.22809, -39.01667 ], [ -71.2284, -39.01647 ], [ -71.22843, -39.01621 ], [ -71.2286, -39.01611 ], [ -71.2286, -39.01597 ], [ -71.22896, -39.0156 ], [ -71.22894, -39.01531 ], [ -71.22877, -39.01503 ], [ -71.22862, -39.01494 ], [ -71.22858, -39.01472 ], [ -71.22848, -39.01462 ], [ -71.22834, -39.0146 ], [ -71.22829, -39.0145 ], [ -71.22781, -39.01421 ], [ -71.22748, -39.01413 ], [ -71.22682, -39.01373 ], [ -71.22652, -39.01364 ], [ -71.22658, -39.01337 ] ] } },
{ "type": "Feature", "properties": { "osm_id": 667788737, "nombre": "Sin nombre", "tipo": "stream", "volcan_codigo": "SOL", "volcan_nombre": "Sollipulli", "drena_volcan": false }, "geometry": { "type": "LineString", "coordinates": [ [ -71.23251, -39.01687 ], [ -71.23223, -39.01661 ], [ -71.23191, -39.01658 ], [ -71.23148, -39.01624 ], [ -71.23124, -39.016 ], [ -71.23126, -39.01575 ], [ -71.23111, -39.01547 ], [ -71.23092, -39.01532 ], [ -71.23019, -39.01501 ], [ -71.22998, -39.01467 ], [ -71.22977, -39.01451 ], [ -71.22918, -39.01435 ], [ -71.22862, -39.01396 ] ] } },
{ "type": "Feature", "properties": { "osm_id": 667788738, "nombre": "Sin nombre", "tipo": "stream", "volcan_codigo": "SOL", "volcan_nombre": "Sollipulli", "drena_volcan": false }, "geometry": { "type": "LineString", "coordinates": [ [ -71.2254, -39.01207 ], [ -71.22529, -39.01144 ], [ -71.2247, -39.01131 ], [ -71.2247, -39.01117 ], [ -71.22452, -39.01098 ] ] } },
{ "type": "Feature", "properties": { "osm_id": 667788739, "nombre": "Sin nombre", "tipo": "stream", "volcan_codigo": "SOL", "volcan_nombre": "Sollipulli", "drena_volcan": false }, "geometry": { "type": "LineString", "coordinates": [ [ -71.22771, -39.01371 ], [ -71.2273, -39.01341 ], [ -71.22704, -39.01353 ], [ -71.22651, -39.01332 ], [ -71.22575, -39.01258 ], [ -71.22571, -39.01218 ], [ -71.22513, -39.01204 ], [ -71.22456, -39.01159 ], [ -71.22426, -39.01153 ], [ -71.22383, -39.01129 ], [ -71.22371, -39.01106 ], [ -71.22374, -39.0109 ] ] } },
{ "type": "Feature", "properties": { "osm_id": 667788740, "nombre": "Arroyo Relem", "tipo": "stream", "volcan_codigo": "SOL", "volcan_nombre": "Sollipulli", "drena_volcan": false }, "geometry": { "type": "LineString", "coordinates": [ [ -71.25825, -39.02386 ], [ -71.25617, -39.02428 ], [ -71.25593, -39.02443 ], [ -71.25531, -39.02465 ], [ -71.25478, -39.02508 ], [ -71.25429, -39.02529 ], [ -71.25387, -39.02524 ], [ -71.25329, -39.02489 ], [ -71.25296, -39.02485 ], [ -71.25261, -39.02508 ], [ -71.25109, -39.02489 ], [ -71.2507, -39.02495 ], [ -71.25006, -39.02535 ], [ -71.24985, -39.02567 ], [ -71.24958, -39.02568 ], [ -71.24926, -39.02547 ], [ -71.24879, -39.02537 ], [ -71.24855, -39.02514 ], [ -71.24794, -39.02497 ], [ -71.24753, -39.02501 ], [ -71.2468, -39.0247 ], [ -71.24579, -39.02499 ], [ -71.24562, -39.02472 ], [ -71.24543, -39.02475 ], [ -71.24449, -39.02529 ], [ -71.24413, -39.02482 ], [ -71.24395, -39.02482 ], [ -71.24369, -39.02502 ], [ -71.24319, -39.02484 ], [ -71.24305, -39.02469 ], [ -71.24285, -39.02468 ], [ -71.24263, -39.02493 ], [ -71.2423, -39.02484 ], [ -71.24235, -39.02451 ], [ -71.2421, -39.02422 ], [ -71.24101, -39.02399 ], [ -71.24083, -39.02345 ], [ -71.24, -39.02352 ], [ -71.23857, -39.02336 ], [ -71.23842, -39.02323 ], [ -71.23774, -39.02202 ], [ -71.23756, -39.02187 ], [ -71.2375, -39.02173 ], [ -71.23785, -39.02126 ], [ -71.2373, -39.02054 ], [ -71.2364, -39.01885 ], [ -71.23623, -39.01869 ], [ -71.23595, -39.01859 ], [ -71.23554, -39.01901 ], [ -71.2352, -39.0191 ], [ -71.23442, -39.01893 ], [ -71.23433, -39.01875 ], [ -71.23445, -39.0185 ], [ -71.23445, -39.0183 ], [ -71.2339, -39.01797 ], [ -71.23341, -39.01792 ], [ -71.23318, -39.01772 ], [ -71.23344, -39.01742 ], [ -71.23341, -39.01722 ], [ -71.23328, -39.01708 ], [ -71.23298, -39.01698 ], [ -71.23268, -39.01699 ], [ -71.23251, -39.01687 ], [ -71.23267, -39.01623 ], [ -71.2322, -39.01574 ], [ -71.23223, -39.01544 ], [ -71.23205, -39.01502 ], [ -71.2314, -39.0149 ], [ -71.23086, -39.0147 ], [ -71.2299, -39.01402 ], [ -71.22968, -39.01397 ], [ -71.22947, -39.01405 ], [ -71.2291, -39.01392 ], [ -71.22862, -39.01396 ], [ -71.22771, -39.01371 ], [ -71.22759, -39.01322 ], [ -71.22766, -39.01275 ], [ -71.22738, -39.01225 ], [ -71.2272, -39.01202 ], [ -71.22669, -39.01173 ], [ -71.22626, -39.01159 ], [ -71.22633, -39.01135 ], [ -71.22615, -39.01101 ], [ -71.22586, -39.01081 ], [ -71.22545, -39.01079 ], [ -71.22509, -39.01091 ], [ -71.22434, -39.01099 ], [ -71.22359, -39.01086 ], [ -71.22306, -39.01056 ], [ -71.2227, -39.01073 ], [ -71.22255, -39.01071 ], [ -71.22214, -39.01055 ], [ -71.2217, -39.01021 ], [ -71.22172, -39.00926 ], [ -71.22159, -39.00918 ], [ -71.22126, -39.00921 ], [ -71.2209, -39.00949 ], [ -71.22081, -39.00944 ], [ -71.22074, -39.00926 ], [ -71.22085, -39.00885 ], [ -71.22029, -39.00845 ], [ -71.22023, -39.00827 ], [ -71.22036, -39.0081 ], [ -71.22129, -39.00796 ], [ -71.22174, -39.00778 ], [ -71.22196, -39.00757 ], [ -71.22191, -39.00746 ], [ -71.22149, -39.00731 ], [ -71.22156, -39.0061 ], [ -71.22086, -39.0056 ], [ -71.21998, -39.00529 ], [ -71.21971, -39.00508 ], [ -71.21961, -39.00483 ], [ -71.21971, -39.00473 ], [ -71.21959, -39.00452 ], [ -71.21981, -39.00407 ], [ -71.21918, -39.00346 ], [ -71.21793, -39.00308 ], [ -71.21793, -39.00242 ], [ -71.21746, -39.00226 ], [ -71.21717, -39.00234 ], [ -71.21677, -39.00214 ], [ -71.21667, -39.002 ], [ -71.21705, -39.00159 ], [ -71.21678, -39.00108 ], [ -71.21691, -39.00078 ], [ -71.21626, -39.00043 ], [ -71.21618, -39.00064 ], [ -71.21645, -39.00086 ], [ -71.21626, -39.00135 ], [ -71.21523, -39.00133 ], [ -71.21519, -39.0012 ], [ -71.21561, -39.00062 ], [ -71.21583, -39.00009 ] ] } },
{ "type": "Feature", "properties": { "osm_id": 667788741, "nombre": "Sin nombre", "tipo": "river", "volcan_codigo": "SOL", "volcan_nombre": "Sollipulli", "drena_volcan": false }, "geometry": { "type": "LineString", "coordinates": [ [ -71.20592, -38.99777 ], [ -71.20561, -38.99779 ], [ -71.20525, -38.99761 ], [ -71.20547, -38.99701 ], [ -71.2053, -38.99683 ] ] } },
{ "type": "Feature", "properties": { "osm_id": 667788742, "nombre": "Sin nombre", "tipo": "river", "volcan_codigo": "SOL", "volcan_nombre": "Sollipulli", "drena_volcan": false }, "geometry": { "type": "LineString", "coordinates": [ [ -71.13478, -38.99308 ], [ -71.1344, -38.993 ], [ -71.13383, -38.99328 ], [ -71.13369, -38.99353 ], [ -71.13382, -38.99382 ] ] } },
{ "type": "Feature", "properties": { "osm_id": 667788744, "nombre": "Sin nombre", "tipo": "river", "volcan_codigo": "SOL", "volcan_nombre": "Sollipulli", "drena_volcan": false }, "geometry": { "type": "LineString", "coordinates": [ [ -71.07905, -38.99819 ], [ -71.07824, -38.99816 ], [ -71.07773, -38.99831 ], [ -71.0772, -38.99883 ] ] } },
{ "type": "Feature", "properties": { "osm_id": 667788746, "nombre": "Arroyo Relem", "tipo": "river", "volcan_codigo": "SOL", "volcan_nombre": "Sollipulli", "drena_volcan": false }, "geometry": { "type": "LineString", "coordinates": [ [ -71.21583, -39.00009 ], [ -71.21564, -38.99984 ], [ -71.21502, -38.99951 ], [ -71.21482, -38.99931 ], [ -71.21411, -38.99905 ], [ -71.21385, -38.99917 ], [ -71.21363, -38.99954 ], [ -71.21345, -38.99965 ], [ -71.21285, -38.99949 ], [ -71.21258, -38.99926 ], [ -71.2126, -38.999 ], [ -71.21211, -38.99874 ], [ -71.21211, -38.9986 ], [ -71.21247, -38.99847 ], [ -71.21219, -38.99823 ], [ -71.21193, -38.99817 ], [ -71.21165, -38.99828 ], [ -71.21134, -38.99863 ], [ -71.21109, -38.99922 ], [ -71.21085, -38.99951 ], [ -71.21032, -38.9997 ], [ -71.2098, -38.99952 ], [ -71.20944, -38.9995 ], [ -71.20926, -38.99958 ], [ -71.20912, -39.00001 ], [ -71.20898, -39.0001 ], [ -71.20847, -38.99996 ], [ -71.20833, -38.99982 ], [ -71.2085, -38.99968 ], [ -71.20862, -38.99935 ], [ -71.20858, -38.99917 ], [ -71.20898, -38.99847 ], [ -71.20834, -38.99789 ], [ -71.20775, -38.99804 ], [ -71.20725, -38.99785 ], [ -71.20632, -38.99772 ], [ -71.20592, -38.99777 ], [ -71.20577, -38.99784 ], [ -71.20592, -38.99798 ], [ -71.20591, -38.99812 ], [ -71.20578, -38.99836 ], [ -71.20563, -38.99836 ], [ -71.20536, -38.99817 ], [ -71.2052, -38.99787 ], [ -71.20484, -38.99757 ], [ -71.20477, -38.99713 ], [ -71.20526, -38.99695 ], [ -71.2054, -38.99647 ], [ -71.20527, -38.99617 ], [ -71.20483, -38.99602 ], [ -71.20398, -38.99624 ], [ -71.20241, -38.99552 ], [ -71.20217, -38.99516 ], [ -71.20156, -38.99461 ], [ -71.20076, -38.99421 ], [ -71.20057, -38.99391 ], [ -71.2006, -38.99379 ], [ -71.20042, -38.99371 ], [ -71.20056, -38.99327 ], [ -71.20003, -38.99314 ], [ -71.19931, -38.99307 ], [ -71.19901, -38.99316 ], [ -71.19883, -38.99362 ], [ -71.19866, -38.99359 ], [ -71.19804, -38.99344 ], [ -71.19773, -38.99323 ], [ -71.1976, -38.99301 ], [ -71.19759, -38.99276 ], [ -71.19739, -38.9926 ], [ -71.19721, -38.99257 ], [ -71.19684, -38.99282 ], [ -71.19623, -38.99308 ], [ -71.19603, -38.99338 ], [ -71.19631, -38.99408 ], [ -71.19662, -38.99437 ], [ -71.19671, -38.99463 ], [ -71.19653, -38.99476 ], [ -71.19615, -38.99467 ], [ -71.19588, -38.99451 ], [ -71.19518, -38.99441 ], [ -71.19509, -38.99426 ], [ -71.19513, -38.99399 ], [ -71.19499, -38.99382 ], [ -71.19473, -38.99361 ], [ -71.19438, -38.99353 ], [ -71.19338, -38.99386 ], [ -71.19356, -38.99428 ], [ -71.19387, -38.99453 ], [ -71.19355, -38.99492 ], [ -71.19303, -38.99503 ], [ -71.19236, -38.99472 ], [ -71.19147, -38.99404 ], [ -71.19095, -38.99412 ], [ -71.19069, -38.99408 ], [ -71.19071, -38.99373 ], [ -71.19086, -38.99356 ], [ -71.19146, -38.9934 ], [ -71.19144, -38.99327 ], [ -71.19017, -38.99277 ], [ -71.19, -38.99262 ], [ -71.18991, -38.99241 ], [ -71.18975, -38.99232 ], [ -71.18943, -38.99226 ], [ -71.18891, -38.99254 ], [ -71.18842, -38.99255 ], [ -71.18789, -38.99193 ], [ -71.1879, -38.99174 ], [ -71.18778, -38.99149 ], [ -71.18711, -38.99126 ], [ -71.18687, -38.99084 ], [ -71.18656, -38.99058 ], [ -71.18615, -38.98967 ], [ -71.18569, -38.98926 ], [ -71.18546, -38.98918 ], [ -71.18532, -38.98887 ], [ -71.18519, -38.98879 ], [ -71.18479, -38.98888 ], [ -71.18452, -38.98939 ], [ -71.18416, -38.98927 ], [ -71.18383, -38.98941 ], [ -71.18358, -38.98931 ], [ -71.18338, -38.9891 ], [ -71.18299, -38.98896 ], [ -71.18211, -38.98923 ], [ -71.1815, -38.98956 ], [ -71.18098, -38.99017 ], [ -71.17988, -38.99065 ], [ -71.17955, -38.99087 ], [ -71.17903, -38.99233 ], [ -71.1791, -38.99255 ], [ -71.17985, -38.99283 ], [ -71.18023, -38.99377 ], [ -71.17981, -38.99405 ], [ -71.17884, -38.9944 ], [ -71.17694, -38.99416 ], [ -71.17617, -38.99398 ], [ -71.17478, -38.99414 ], [ -71.17384, -38.99443 ], [ -71.1733, -38.99444 ], [ -71.17292, -38.99424 ], [ -71.17243, -38.99374 ], [ -71.17211, -38.99318 ], [ -71.17175, -38.9928 ], [ -71.17144, -38.99273 ], [ -71.17103, -38.99289 ], [ -71.17029, -38.99273 ], [ -71.16964, -38.99321 ], [ -71.16923, -38.99337 ], [ -71.16896, -38.99336 ], [ -71.1682, -38.99212 ], [ -71.16795, -38.99181 ], [ -71.16771, -38.9917 ], [ -71.16655, -38.99177 ], [ -71.16444, -38.99204 ], [ -71.16361, -38.99203 ], [ -71.16308, -38.99183 ], [ -71.16247, -38.9914 ], [ -71.16216, -38.99133 ], [ -71.16166, -38.99162 ], [ -71.16108, -38.99162 ], [ -71.16087, -38.99147 ], [ -71.16059, -38.99146 ], [ -71.16, -38.99203 ], [ -71.16005, -38.99243 ], [ -71.15964, -38.99259 ], [ -71.15945, -38.99252 ], [ -71.15926, -38.99263 ], [ -71.15907, -38.99327 ], [ -71.15883, -38.99347 ], [ -71.15771, -38.99369 ], [ -71.15741, -38.99344 ], [ -71.15741, -38.99328 ], [ -71.15755, -38.9931 ], [ -71.15778, -38.99302 ], [ -71.15801, -38.99273 ], [ -71.15835, -38.99249 ], [ -71.15844, -38.9922 ], [ -71.15841, -38.99203 ], [ -71.15804, -38.99151 ], [ -71.15739, -38.99132 ], [ -71.15693, -38.99138 ], [ -71.15633, -38.99164 ], [ -71.15601, -38.99166 ], [ -71.15584, -38.99175 ], [ -71.15583, -38.99193 ], [ -71.1562, -38.99257 ], [ -71.15624, -38.99276 ], [ -71.15617, -38.99296 ], [ -71.15577, -38.99318 ], [ -71.15515, -38.9931 ], [ -71.15497, -38.99268 ], [ -71.15454, -38.99221 ], [ -71.15454, -38.99198 ], [ -71.15504, -38.99173 ], [ -71.15474, -38.99086 ], [ -71.15451, -38.99077 ], [ -71.15423, -38.99081 ], [ -71.15374, -38.99125 ], [ -71.15322, -38.99203 ], [ -71.15265, -38.99229 ], [ -71.15248, -38.99218 ], [ -71.15207, -38.99234 ], [ -71.15118, -38.99238 ], [ -71.15067, -38.99231 ], [ -71.15064, -38.99221 ], [ -71.15093, -38.99179 ], [ -71.15094, -38.99164 ], [ -71.15057, -38.99155 ], [ -71.15011, -38.99173 ], [ -71.14999, -38.99186 ], [ -71.15001, -38.99207 ], [ -71.14981, -38.99225 ], [ -71.14957, -38.99222 ], [ -71.14931, -38.99206 ], [ -71.1491, -38.99214 ], [ -71.14894, -38.99235 ], [ -71.14894, -38.99249 ], [ -71.14939, -38.9927 ], [ -71.14956, -38.99298 ], [ -71.15015, -38.9935 ], [ -71.15014, -38.99363 ], [ -71.14987, -38.99386 ], [ -71.14968, -38.99391 ], [ -71.14947, -38.99389 ], [ -71.14928, -38.99374 ], [ -71.14822, -38.99357 ], [ -71.14773, -38.99404 ], [ -71.14764, -38.99426 ], [ -71.14766, -38.99455 ], [ -71.14733, -38.99523 ], [ -71.147, -38.99554 ], [ -71.14687, -38.99555 ], [ -71.1465, -38.99554 ], [ -71.14635, -38.99519 ], [ -71.14644, -38.99488 ], [ -71.14607, -38.99439 ], [ -71.14554, -38.9942 ], [ -71.1451, -38.99432 ], [ -71.14486, -38.99428 ], [ -71.14459, -38.99417 ], [ -71.14441, -38.99397 ], [ -71.14445, -38.99365 ], [ -71.14484, -38.99314 ], [ -71.14468, -38.99251 ], [ -71.14442, -38.99242 ], [ -71.14409, -38.99245 ], [ -71.14381, -38.99259 ], [ -71.14358, -38.99304 ], [ -71.14375, -38.99343 ], [ -71.14368, -38.99363 ], [ -71.1428, -38.99389 ], [ -71.14165, -38.99404 ], [ -71.14126, -38.99416 ], [ -71.14105, -38.99439 ], [ -71.14079, -38.99451 ], [ -71.14044, -38.99459 ], [ -71.13996, -38.99461 ], [ -71.13951, -38.99433 ], [ -71.13871, -38.99436 ], [ -71.13837, -38.99417 ], [ -71.13842, -38.9937 ], [ -71.13838, -38.99349 ], [ -71.13819, -38.99328 ], [ -71.13791, -38.99323 ], [ -71.13678, -38.99337 ], [ -71.13619, -38.99366 ], [ -71.1359, -38.99366 ], [ -71.13559, -38.99354 ], [ -71.13545, -38.99323 ], [ -71.13501, -38.99304 ], [ -71.13478, -38.99308 ], [ -71.13468, -38.99331 ], [ -71.1343, -38.99363 ], [ -71.13382, -38.99382 ], [ -71.13394, -38.99408 ], [ -71.13409, -38.99418 ], [ -71.13433, -38.99419 ], [ -71.13467, -38.99453 ], [ -71.1348, -38.99476 ], [ -71.13472, -38.99496 ], [ -71.13458, -38.99501 ], [ -71.13423, -38.99488 ], [ -71.13336, -38.99491 ], [ -71.13307, -38.99476 ], [ -71.13298, -38.99458 ], [ -71.13297, -38.99415 ], [ -71.13237, -38.99398 ], [ -71.13186, -38.99416 ], [ -71.13119, -38.99379 ], [ -71.12921, -38.99392 ], [ -71.12843, -38.99383 ], [ -71.1282, -38.99396 ], [ -71.12804, -38.99436 ], [ -71.12783, -38.99434 ], [ -71.1271, -38.99371 ], [ -71.12696, -38.99376 ], [ -71.12658, -38.99433 ], [ -71.12643, -38.9943 ], [ -71.12585, -38.99403 ], [ -71.12563, -38.99369 ], [ -71.12574, -38.99333 ], [ -71.12599, -38.99301 ], [ -71.12607, -38.99279 ], [ -71.1259, -38.99255 ], [ -71.12561, -38.99241 ], [ -71.12525, -38.99255 ], [ -71.12444, -38.99179 ], [ -71.12416, -38.99197 ], [ -71.12401, -38.99227 ], [ -71.12376, -38.99239 ], [ -71.12344, -38.99245 ], [ -71.12315, -38.99233 ], [ -71.12307, -38.99219 ], [ -71.12301, -38.99145 ], [ -71.1229, -38.99113 ], [ -71.12394, -38.99049 ], [ -71.12416, -38.99024 ], [ -71.12422, -38.98971 ], [ -71.12414, -38.98954 ], [ -71.12378, -38.98942 ], [ -71.12334, -38.98943 ], [ -71.123, -38.98955 ], [ -71.12184, -38.98939 ], [ -71.12104, -38.98963 ], [ -71.12064, -38.98938 ], [ -71.11975, -38.9892 ], [ -71.11949, -38.98899 ], [ -71.11723, -38.98835 ], [ -71.11693, -38.98848 ], [ -71.11634, -38.99003 ], [ -71.11634, -38.99048 ], [ -71.11615, -38.9906 ], [ -71.11589, -38.99058 ], [ -71.11464, -38.98995 ], [ -71.11356, -38.98988 ], [ -71.11296, -38.99036 ], [ -71.11302, -38.99056 ], [ -71.11288, -38.99099 ], [ -71.11305, -38.99136 ], [ -71.11338, -38.99175 ], [ -71.11315, -38.9923 ], [ -71.11289, -38.99239 ], [ -71.1123, -38.99247 ], [ -71.11183, -38.99242 ], [ -71.11186, -38.99193 ], [ -71.11201, -38.99163 ], [ -71.11198, -38.99125 ], [ -71.11173, -38.99099 ], [ -71.1111, -38.99079 ], [ -71.11063, -38.99085 ], [ -71.10989, -38.99065 ], [ -71.10931, -38.99039 ], [ -71.10908, -38.99015 ], [ -71.10897, -38.98979 ], [ -71.10881, -38.98962 ], [ -71.10842, -38.98956 ], [ -71.10801, -38.98979 ], [ -71.10814, -38.99004 ], [ -71.10808, -38.99034 ], [ -71.10705, -38.99099 ], [ -71.10665, -38.99136 ], [ -71.10662, -38.9916 ], [ -71.10706, -38.99207 ], [ -71.10683, -38.99247 ], [ -71.10621, -38.99305 ], [ -71.10554, -38.9927 ], [ -71.10478, -38.99188 ], [ -71.10425, -38.9914 ], [ -71.10394, -38.99124 ], [ -71.1033, -38.99151 ], [ -71.10232, -38.99263 ], [ -71.10013, -38.99334 ], [ -71.0996, -38.99326 ], [ -71.09948, -38.99308 ], [ -71.09952, -38.99262 ], [ -71.09939, -38.99228 ], [ -71.09794, -38.99212 ], [ -71.09774, -38.99229 ], [ -71.09641, -38.99233 ], [ -71.09624, -38.99245 ], [ -71.09621, -38.99259 ], [ -71.0962, -38.99338 ], [ -71.09627, -38.99364 ], [ -71.09655, -38.99378 ], [ -71.09668, -38.99403 ], [ -71.09662, -38.99434 ], [ -71.0964, -38.99451 ], [ -71.09575, -38.99479 ], [ -71.09452, -38.99415 ], [ -71.09377, -38.99431 ], [ -71.0934, -38.99449 ], [ -71.09231, -38.99408 ], [ -71.09213, -38.99416 ], [ -71.09132, -38.99426 ], [ -71.09066, -38.99481 ], [ -71.08941, -38.99519 ], [ -71.08881, -38.99518 ], [ -71.08833, -38.99533 ], [ -71.08824, -38.99555 ], [ -71.08887, -38.99654 ], [ -71.08876, -38.99683 ], [ -71.08812, -38.99719 ], [ -71.08673, -38.99734 ], [ -71.08604, -38.99732 ], [ -71.08417, -38.99787 ], [ -71.08309, -38.99847 ], [ -71.08279, -38.99853 ], [ -71.08138, -38.99789 ], [ -71.08101, -38.99797 ], [ -71.0799, -38.99851 ], [ -71.07905, -38.99819 ], [ -71.07754, -38.99877 ], [ -71.07685, -38.99889 ], [ -71.07596, -38.99872 ], [ -71.07557, -38.99884 ], [ -71.07476, -38.99943 ], [ -71.07405, -38.99969 ], [ -71.07363, -38.99974 ], [ -71.07294, -38.99943 ], [ -71.07189, -38.99918 ], [ -71.07133, -38.99929 ], [ -71.07054, -38.99903 ], [ -71.07011, -38.99901 ], [ -71.06959, -38.9991 ], [ -71.06841, -38.99911 ], [ -71.06733, -38.99868 ], [ -71.06629, -38.99872 ], [ -71.06417, -38.99715 ], [ -71.06402, -38.99684 ], [ -71.06415, -38.99647 ], [ -71.06414, -38.99543 ], [ -71.06403, -38.9953 ], [ -71.06371, -38.99514 ], [ -71.0633, -38.99507 ], [ -71.0629, -38.99516 ], [ -71.06227, -38.99516 ], [ -71.06175, -38.99498 ], [ -71.06086, -38.99485 ], [ -71.05981, -38.995 ], [ -71.0577, -38.99507 ], [ -71.05718, -38.99536 ], [ -71.05659, -38.99556 ], [ -71.05653, -38.99569 ], [ -71.05653, -38.99587 ], [ -71.05731, -38.996 ], [ -71.0576, -38.99631 ], [ -71.05769, -38.99662 ], [ -71.05759, -38.99689 ], [ -71.05742, -38.99706 ], [ -71.05712, -38.99708 ], [ -71.05652, -38.99693 ], [ -71.05576, -38.99692 ], [ -71.05482, -38.99747 ], [ -71.05416, -38.99801 ], [ -71.05399, -38.99828 ], [ -71.05319, -38.99874 ], [ -71.05274, -38.99879 ], [ -71.05195, -38.99853 ], [ -71.05164, -38.99863 ], [ -71.05162, -38.99887 ], [ -71.04974, -38.99973 ], [ -71.049, -38.99947 ], [ -71.04825, -38.9989 ], [ -71.04759, -38.99872 ], [ -71.04618, -38.99873 ], [ -71.04519, -38.99925 ], [ -71.04419, -38.99946 ], [ -71.04364, -38.99917 ], [ -71.04239, -38.9987 ], [ -71.04181, -38.99868 ], [ -71.04161, -38.99862 ], [ -71.0414, -38.99844 ], [ -71.04069, -38.99846 ], [ -71.04003, -38.99825 ], [ -71.03984, -38.99805 ], [ -71.04004, -38.99776 ], [ -71.04046, -38.9974 ], [ -71.0406, -38.99706 ], [ -71.04051, -38.99672 ], [ -71.03846, -38.99543 ], [ -71.03787, -38.99556 ], [ -71.03696, -38.99539 ], [ -71.03619, -38.9946 ] ] } },
{ "type": "Feature", "properties": { "osm_id": 668910735, "nombre": "Sin nombre", "tipo": "river", "volcan_codigo": "SOL", "volcan_nombre": "Sollipulli", "drena_volcan": false }, "geometry": { "type": "LineString", "coordinates": [ [ -71.83637, -39.25921 ], [ -71.83656, -39.25892 ], [ -71.83645, -39.25804 ], [ -71.83624, -39.25764 ], [ -71.83573, -39.25727 ] ] } },
{ "type": "Feature", "properties": { "osm_id": 669133504, "nombre": "Sin nombre", "tipo": "stream", "volcan_codigo": "SOL", "volcan_nombre": "Sollipulli", "drena_volcan": false }, "geometry": { "type": "LineString", "coordinates": [ [ -71.71332, -39.33306 ], [ -71.71355, -39.3328 ], [ -71.71323, -39.33204 ], [ -71.7134, -39.33118 ], [ -71.71443, -39.33068 ], [ -71.71502, -39.33082 ], [ -71.7152, -39.33073 ], [ -71.71583, -39.33032 ], [ -71.71616, -39.33022 ], [ -71.71661, -39.32954 ], [ -71.71753, -39.32913 ], [ -71.71793, -39.32912 ], [ -71.71809, -39.32903 ], [ -71.71837, -39.32906 ], [ -71.71856, -39.32894 ], [ -71.71885, -39.3289 ], [ -71.72288, -39.32869 ], [ -71.73049, -39.32877 ], [ -71.73088, -39.32881 ], [ -71.73136, -39.32978 ], [ -71.73173, -39.32991 ], [ -71.73235, -39.32985 ], [ -71.73294, -39.32963 ], [ -71.73487, -39.32928 ], [ -71.7364, -39.3291 ], [ -71.73689, -39.32832 ], [ -71.73768, -39.32827 ] ] } },
{ "type": "Feature", "properties": { "osm_id": 675202626, "nombre": "Sin nombre", "tipo": "stream", "volcan_codigo": "SOL", "volcan_nombre": "Sollipulli", "drena_volcan": false }, "geometry": { "type": "LineString", "coordinates": [ [ -71.36811, -38.83745 ], [ -71.36885, -38.83775 ], [ -71.3691, -38.83743 ], [ -71.36916, -38.8372 ], [ -71.36866, -38.83682 ], [ -71.3684, -38.83683 ], [ -71.36783, -38.83658 ], [ -71.36767, -38.83629 ], [ -71.36754, -38.83624 ], [ -71.36723, -38.83638 ], [ -71.36674, -38.83578 ], [ -71.36647, -38.83565 ], [ -71.3661, -38.83567 ], [ -71.36607, -38.83536 ], [ -71.36582, -38.83512 ], [ -71.36595, -38.83474 ], [ -71.36545, -38.83456 ], [ -71.36536, -38.83444 ], [ -71.36557, -38.83405 ], [ -71.36585, -38.83388 ], [ -71.36582, -38.83336 ], [ -71.36592, -38.83303 ], [ -71.36616, -38.83301 ], [ -71.36629, -38.83288 ], [ -71.36623, -38.8326 ], [ -71.36599, -38.8325 ], [ -71.36588, -38.83273 ], [ -71.36567, -38.83293 ], [ -71.36544, -38.83288 ], [ -71.36534, -38.83272 ], [ -71.36549, -38.83258 ], [ -71.36534, -38.83237 ], [ -71.36513, -38.8322 ], [ -71.36476, -38.83219 ], [ -71.36489, -38.83154 ], [ -71.36512, -38.83134 ], [ -71.36502, -38.83109 ], [ -71.36453, -38.83098 ], [ -71.36417, -38.83114 ], [ -71.36382, -38.83111 ], [ -71.36368, -38.83095 ], [ -71.36364, -38.83075 ], [ -71.36312, -38.8308 ], [ -71.36287, -38.83068 ], [ -71.36274, -38.83035 ], [ -71.36199, -38.83021 ], [ -71.3619, -38.8301 ], [ -71.36225, -38.82998 ], [ -71.36261, -38.82964 ], [ -71.36253, -38.82943 ], [ -71.36204, -38.82892 ], [ -71.36218, -38.82875 ], [ -71.36252, -38.82854 ], [ -71.36251, -38.82842 ], [ -71.36163, -38.82834 ], [ -71.3616, -38.82814 ], [ -71.36175, -38.82767 ], [ -71.36163, -38.82749 ], [ -71.361, -38.82773 ], [ -71.3607, -38.82761 ], [ -71.36059, -38.82711 ], [ -71.36068, -38.82688 ], [ -71.36057, -38.82679 ], [ -71.36037, -38.82687 ], [ -71.36013, -38.82678 ], [ -71.3601, -38.82663 ], [ -71.35988, -38.82664 ], [ -71.35968, -38.82625 ], [ -71.35952, -38.82624 ], [ -71.35923, -38.82597 ], [ -71.35909, -38.82535 ], [ -71.35894, -38.82523 ], [ -71.35749, -38.825 ], [ -71.3568, -38.82479 ], [ -71.3566, -38.82484 ], [ -71.3565, -38.82504 ], [ -71.35609, -38.82529 ], [ -71.35598, -38.82516 ], [ -71.35597, -38.82483 ], [ -71.35574, -38.82452 ], [ -71.35576, -38.82427 ], [ -71.3559, -38.82414 ], [ -71.35586, -38.82395 ], [ -71.35565, -38.82371 ], [ -71.35516, -38.82374 ], [ -71.35521, -38.82396 ], [ -71.35516, -38.82415 ], [ -71.35489, -38.82425 ], [ -71.35473, -38.8242 ], [ -71.35462, -38.8236 ], [ -71.35464, -38.82337 ], [ -71.35479, -38.82305 ], [ -71.35467, -38.8228 ], [ -71.35476, -38.82253 ], [ -71.35448, -38.82234 ], [ -71.35388, -38.82245 ], [ -71.35382, -38.82267 ], [ -71.354, -38.82275 ], [ -71.35418, -38.82272 ], [ -71.35432, -38.82292 ], [ -71.35429, -38.82315 ], [ -71.35416, -38.8233 ], [ -71.35365, -38.82317 ], [ -71.35351, -38.8233 ], [ -71.35329, -38.82329 ], [ -71.35317, -38.82277 ], [ -71.35273, -38.82259 ], [ -71.35279, -38.82231 ], [ -71.35251, -38.82211 ], [ -71.35194, -38.82215 ], [ -71.35182, -38.82197 ], [ -71.3518, -38.82166 ], [ -71.35231, -38.8215 ], [ -71.35231, -38.82126 ], [ -71.35189, -38.82108 ], [ -71.35159, -38.82048 ], [ -71.35156, -38.82012 ], [ -71.35143, -38.81999 ], [ -71.35104, -38.81991 ], [ -71.3502, -38.82021 ], [ -71.34994, -38.82021 ], [ -71.34976, -38.82005 ], [ -71.34977, -38.81977 ], [ -71.34951, -38.8195 ], [ -71.34887, -38.81951 ], [ -71.34867, -38.81923 ], [ -71.34863, -38.81894 ], [ -71.34876, -38.8187 ], [ -71.34849, -38.81838 ], [ -71.3485, -38.81823 ], [ -71.34863, -38.81816 ], [ -71.34902, -38.81818 ], [ -71.34923, -38.81835 ], [ -71.34966, -38.81831 ], [ -71.34972, -38.8181 ], [ -71.34932, -38.81771 ], [ -71.34932, -38.81737 ], [ -71.34962, -38.81723 ], [ -71.35005, -38.81736 ], [ -71.35037, -38.81728 ], [ -71.35019, -38.817 ], [ -71.3499, -38.81687 ], [ -71.34959, -38.81684 ], [ -71.3489, -38.81697 ], [ -71.3487, -38.81692 ], [ -71.34869, -38.81668 ], [ -71.34915, -38.81623 ], [ -71.34964, -38.81623 ], [ -71.34975, -38.81605 ], [ -71.34964, -38.8158 ], [ -71.34926, -38.81583 ], [ -71.3477, -38.81542 ], [ -71.34762, -38.81527 ], [ -71.3477, -38.81513 ], [ -71.3479, -38.81505 ], [ -71.34789, -38.81493 ], [ -71.34759, -38.81471 ], [ -71.34717, -38.81474 ], [ -71.34686, -38.81498 ], [ -71.34707, -38.81527 ], [ -71.34693, -38.81542 ], [ -71.34665, -38.81524 ], [ -71.34652, -38.81505 ], [ -71.34647, -38.81473 ], [ -71.3466, -38.81451 ], [ -71.34705, -38.81422 ], [ -71.34773, -38.81416 ], [ -71.34792, -38.81398 ], [ -71.34782, -38.81384 ], [ -71.34739, -38.81366 ], [ -71.34724, -38.81343 ], [ -71.34662, -38.81309 ], [ -71.3466, -38.81291 ], [ -71.34639, -38.81286 ], [ -71.34579, -38.81305 ], [ -71.3454, -38.81327 ], [ -71.34532, -38.81347 ], [ -71.3456, -38.81391 ], [ -71.34573, -38.81388 ], [ -71.34571, -38.81424 ], [ -71.34555, -38.81442 ], [ -71.34539, -38.8145 ], [ -71.34523, -38.81448 ], [ -71.34509, -38.81459 ], [ -71.34507, -38.81469 ], [ -71.3453, -38.81508 ], [ -71.34527, -38.81524 ], [ -71.34511, -38.81541 ], [ -71.34495, -38.81543 ], [ -71.34474, -38.81529 ], [ -71.34482, -38.815 ], [ -71.34475, -38.81475 ], [ -71.34426, -38.81412 ], [ -71.34372, -38.8138 ], [ -71.34358, -38.81314 ], [ -71.34334, -38.81304 ], [ -71.34296, -38.81324 ], [ -71.34292, -38.81355 ], [ -71.34319, -38.81422 ], [ -71.34317, -38.8145 ], [ -71.34286, -38.81464 ], [ -71.34242, -38.8144 ], [ -71.34227, -38.814 ], [ -71.34208, -38.81386 ], [ -71.34192, -38.81385 ], [ -71.34175, -38.81394 ], [ -71.34177, -38.81441 ], [ -71.34159, -38.81452 ], [ -71.34124, -38.81446 ], [ -71.34121, -38.8146 ], [ -71.34125, -38.81475 ], [ -71.34151, -38.8148 ], [ -71.34186, -38.81505 ], [ -71.34183, -38.81537 ], [ -71.34135, -38.81551 ], [ -71.34095, -38.81546 ], [ -71.3407, -38.81534 ], [ -71.34018, -38.81456 ], [ -71.33967, -38.81421 ], [ -71.33961, -38.814 ], [ -71.33997, -38.8137 ], [ -71.34052, -38.81345 ], [ -71.34074, -38.81303 ], [ -71.34063, -38.81298 ], [ -71.3403, -38.81303 ], [ -71.3397, -38.81337 ], [ -71.33871, -38.81346 ], [ -71.33852, -38.8132 ], [ -71.33874, -38.81277 ], [ -71.33865, -38.81213 ], [ -71.33853, -38.81186 ], [ -71.33823, -38.81174 ], [ -71.33737, -38.81173 ], [ -71.33714, -38.81159 ], [ -71.33741, -38.81128 ], [ -71.33744, -38.81101 ], [ -71.33699, -38.81092 ], [ -71.33653, -38.81095 ], [ -71.33626, -38.81062 ], [ -71.33598, -38.8105 ], [ -71.33568, -38.81049 ], [ -71.33543, -38.81091 ], [ -71.33543, -38.81109 ], [ -71.33572, -38.81131 ], [ -71.33588, -38.81126 ], [ -71.33621, -38.81132 ], [ -71.33629, -38.81145 ], [ -71.33616, -38.81157 ], [ -71.33584, -38.81159 ], [ -71.33537, -38.81139 ], [ -71.33521, -38.81125 ], [ -71.33514, -38.81096 ], [ -71.33487, -38.81087 ] ] } },
{ "type": "Feature", "properties": { "osm_id": 675202630, "nombre": "Sin nombre", "tipo": "stream", "volcan_codigo": "SOL", "volcan_nombre": "Sollipulli", "drena_volcan": false }, "geometry": { "type": "LineString", "coordinates": [ [ -71.34257, -38.81858 ], [ -71.34233, -38.81864 ], [ -71.34207, -38.81859 ], [ -71.34168, -38.81882 ], [ -71.34061, -38.81847 ], [ -71.34028, -38.81876 ], [ -71.34008, -38.81871 ], [ -71.33999, -38.81882 ], [ -71.33959, -38.81882 ], [ -71.33918, -38.81903 ], [ -71.339, -38.81883 ], [ -71.33878, -38.8188 ], [ -71.33862, -38.81858 ], [ -71.33841, -38.81855 ], [ -71.3381, -38.8181 ], [ -71.33818, -38.81798 ], [ -71.3381, -38.81786 ], [ -71.33814, -38.81774 ], [ -71.33793, -38.81759 ], [ -71.33772, -38.81719 ], [ -71.3375, -38.8172 ], [ -71.33727, -38.81701 ], [ -71.33708, -38.81696 ], [ -71.33685, -38.81703 ], [ -71.33669, -38.8169 ] ] } },
{ "type": "Feature", "properties": { "osm_id": 675219962, "nombre": "Sin nombre", "tipo": "stream", "volcan_codigo": "SOL", "volcan_nombre": "Sollipulli", "drena_volcan": false }, "geometry": { "type": "LineString", "coordinates": [ [ -71.634, -38.76671 ], [ -71.63361, -38.76678 ], [ -71.63341, -38.76704 ], [ -71.63345, -38.76726 ], [ -71.63307, -38.76747 ], [ -71.63306, -38.76778 ], [ -71.63292, -38.76805 ], [ -71.63304, -38.7682 ], [ -71.63292, -38.76851 ], [ -71.63306, -38.76914 ], [ -71.633, -38.76962 ], [ -71.63277, -38.7699 ], [ -71.63285, -38.77021 ], [ -71.63245, -38.77042 ] ] } },
{ "type": "Feature", "properties": { "osm_id": 681517615, "nombre": "Sin nombre", "tipo": "stream", "volcan_codigo": "SOL", "volcan_nombre": "Sollipulli", "drena_volcan": false }, "geometry": { "type": "LineString", "coordinates": [ [ -71.50659, -38.60636 ], [ -71.50671, -38.60632 ], [ -71.50681, -38.60615 ], [ -71.50698, -38.60616 ], [ -71.50717, -38.60598 ], [ -71.50693, -38.60586 ], [ -71.50693, -38.60559 ], [ -71.50703, -38.60546 ], [ -71.50684, -38.6053 ] ] } },
{ "type": "Feature", "properties": { "osm_id": 681517616, "nombre": "Río Punta Negra", "tipo": "river", "volcan_codigo": "SOL", "volcan_nombre": "Sollipulli", "drena_volcan": false }, "geometry": { "type": "LineString", "coordinates": [ [ -71.49362, -38.56635 ], [ -71.49284, -38.56634 ], [ -71.49239, -38.56624 ], [ -71.49181, -38.56585 ], [ -71.49114, -38.56568 ], [ -71.49039, -38.56538 ], [ -71.48905, -38.56449 ], [ -71.488, -38.56411 ], [ -71.48758, -38.56381 ], [ -71.48691, -38.56306 ], [ -71.48659, -38.56286 ], [ -71.48493, -38.56224 ], [ -71.48399, -38.56219 ], [ -71.48241, -38.56168 ], [ -71.4814, -38.56113 ], [ -71.4809, -38.56043 ], [ -71.47973, -38.55985 ], [ -71.47769, -38.5594 ], [ -71.47714, -38.55946 ], [ -71.47685, -38.5594 ], [ -71.4758, -38.55868 ], [ -71.47548, -38.55722 ], [ -71.4752, -38.557 ], [ -71.47445, -38.55674 ], [ -71.47303, -38.55567 ], [ -71.472, -38.55547 ], [ -71.47074, -38.55508 ], [ -71.46897, -38.55488 ], [ -71.46822, -38.55511 ], [ -71.46755, -38.55516 ], [ -71.46654, -38.55494 ], [ -71.46525, -38.55442 ], [ -71.4635, -38.55437 ], [ -71.46166, -38.55406 ], [ -71.45939, -38.55322 ], [ -71.45834, -38.55265 ], [ -71.45709, -38.55223 ], [ -71.45542, -38.55121 ], [ -71.45453, -38.55084 ], [ -71.45357, -38.55058 ], [ -71.45156, -38.54972 ], [ -71.44931, -38.54846 ], [ -71.44886, -38.54836 ], [ -71.44768, -38.54843 ], [ -71.44741, -38.5483 ], [ -71.44705, -38.54788 ], [ -71.44656, -38.5477 ], [ -71.446, -38.54767 ], [ -71.44449, -38.54787 ], [ -71.44375, -38.54755 ], [ -71.44265, -38.54685 ], [ -71.44194, -38.5466 ], [ -71.44044, -38.54658 ], [ -71.43933, -38.54622 ], [ -71.43803, -38.54656 ], [ -71.43747, -38.54705 ], [ -71.43708, -38.54716 ], [ -71.43503, -38.54695 ], [ -71.43448, -38.54679 ], [ -71.43258, -38.54553 ], [ -71.43235, -38.54516 ], [ -71.43216, -38.54452 ], [ -71.43204, -38.54433 ], [ -71.43095, -38.54428 ], [ -71.4305, -38.54455 ], [ -71.43004, -38.54462 ], [ -71.42936, -38.54423 ], [ -71.42928, -38.54408 ], [ -71.42932, -38.54385 ], [ -71.42974, -38.54342 ], [ -71.4301, -38.54278 ], [ -71.43007, -38.54229 ], [ -71.42979, -38.54195 ], [ -71.42918, -38.54174 ], [ -71.42888, -38.54177 ], [ -71.42852, -38.54196 ], [ -71.42824, -38.54197 ], [ -71.42723, -38.54143 ], [ -71.42674, -38.54091 ], [ -71.42673, -38.54068 ], [ -71.42696, -38.54019 ], [ -71.42693, -38.54004 ], [ -71.42664, -38.53974 ], [ -71.42646, -38.5397 ], [ -71.42617, -38.5398 ], [ -71.42589, -38.54019 ], [ -71.42573, -38.54028 ], [ -71.42548, -38.54035 ], [ -71.42527, -38.54029 ], [ -71.42501, -38.53986 ], [ -71.42502, -38.53941 ], [ -71.4251, -38.53931 ], [ -71.42605, -38.53903 ], [ -71.42613, -38.53878 ], [ -71.42604, -38.53852 ], [ -71.42551, -38.5382 ], [ -71.42473, -38.53806 ], [ -71.42432, -38.5382 ], [ -71.42403, -38.53854 ], [ -71.42373, -38.53861 ], [ -71.42348, -38.53848 ], [ -71.42323, -38.53818 ], [ -71.42281, -38.5379 ], [ -71.42226, -38.53723 ], [ -71.42128, -38.53705 ], [ -71.42086, -38.53718 ], [ -71.42059, -38.53738 ] ] } },
{ "type": "Feature", "properties": { "osm_id": 681517617, "nombre": "Río Punta Negra", "tipo": "stream", "volcan_codigo": "SOL", "volcan_nombre": "Sollipulli", "drena_volcan": false }, "geometry": { "type": "LineString", "coordinates": [ [ -71.5521, -38.59583 ], [ -71.55171, -38.59568 ], [ -71.55082, -38.59567 ], [ -71.55002, -38.59544 ], [ -71.54984, -38.59528 ] ] } },
{ "type": "Feature", "properties": { "osm_id": 681517618, "nombre": "Sin nombre", "tipo": "stream", "volcan_codigo": "SOL", "volcan_nombre": "Sollipulli", "drena_volcan": false }, "geometry": { "type": "LineString", "coordinates": [ [ -71.55323, -38.59773 ], [ -71.55296, -38.59735 ], [ -71.55291, -38.59705 ], [ -71.55246, -38.59624 ], [ -71.55227, -38.59612 ], [ -71.55174, -38.59609 ], [ -71.55107, -38.59569 ] ] } },
{ "type": "Feature", "properties": { "osm_id": 681517619, "nombre": "Sin nombre", "tipo": "stream", "volcan_codigo": "SOL", "volcan_nombre": "Sollipulli", "drena_volcan": false }, "geometry": { "type": "LineString", "coordinates": [ [ -71.50732, -38.58389 ], [ -71.50787, -38.58369 ], [ -71.50837, -38.58336 ], [ -71.50996, -38.58296 ], [ -71.5106, -38.58266 ], [ -71.51133, -38.58266 ], [ -71.51181, -38.58253 ], [ -71.51222, -38.58256 ] ] } },
{ "type": "Feature", "properties": { "osm_id": 681517620, "nombre": "Sin nombre", "tipo": "stream", "volcan_codigo": "SOL", "volcan_nombre": "Sollipulli", "drena_volcan": false }, "geometry": { "type": "LineString", "coordinates": [ [ -71.55887, -38.56555 ], [ -71.55751, -38.56627 ], [ -71.55665, -38.56652 ], [ -71.55575, -38.56641 ], [ -71.55472, -38.56592 ], [ -71.55416, -38.56555 ], [ -71.55397, -38.56512 ] ] } },
{ "type": "Feature", "properties": { "osm_id": 681517621, "nombre": "Sin nombre", "tipo": "stream", "volcan_codigo": "SOL", "volcan_nombre": "Sollipulli", "drena_volcan": false }, "geometry": { "type": "LineString", "coordinates": [ [ -71.56565, -38.5682 ], [ -71.56502, -38.56796 ], [ -71.56422, -38.5675 ], [ -71.56349, -38.56727 ], [ -71.56189, -38.56658 ], [ -71.5616, -38.56627 ], [ -71.56123, -38.56604 ], [ -71.56079, -38.56583 ], [ -71.56014, -38.56568 ], [ -71.55978, -38.56543 ], [ -71.55917, -38.56545 ], [ -71.55839, -38.56566 ], [ -71.5581, -38.56562 ], [ -71.55745, -38.56576 ], [ -71.55661, -38.56578 ], [ -71.55557, -38.56558 ], [ -71.55514, -38.56519 ], [ -71.55397, -38.56512 ], [ -71.55349, -38.56469 ], [ -71.55234, -38.56431 ], [ -71.55164, -38.56441 ], [ -71.55092, -38.56431 ], [ -71.55053, -38.56446 ], [ -71.5493, -38.56464 ] ] } },
{ "type": "Feature", "properties": { "osm_id": 681517622, "nombre": "Sin nombre", "tipo": "stream", "volcan_codigo": "SOL", "volcan_nombre": "Sollipulli", "drena_volcan": false }, "geometry": { "type": "LineString", "coordinates": [ [ -71.57123, -38.57101 ], [ -71.57054, -38.5708 ], [ -71.57029, -38.57091 ], [ -71.56976, -38.57093 ], [ -71.56943, -38.57104 ], [ -71.56819, -38.57076 ], [ -71.56802, -38.57058 ], [ -71.56762, -38.57047 ], [ -71.56737, -38.5703 ], [ -71.56728, -38.56986 ], [ -71.56694, -38.56969 ], [ -71.56666, -38.56928 ], [ -71.5662, -38.56902 ], [ -71.56477, -38.56919 ], [ -71.56399, -38.56887 ], [ -71.5638, -38.56896 ], [ -71.56337, -38.56894 ], [ -71.56299, -38.56918 ], [ -71.56249, -38.56923 ], [ -71.56229, -38.56914 ], [ -71.56188, -38.56915 ], [ -71.56095, -38.56927 ], [ -71.56079, -38.56919 ], [ -71.56051, -38.56922 ], [ -71.55951, -38.56901 ], [ -71.55909, -38.56878 ], [ -71.55849, -38.56879 ], [ -71.55789, -38.56847 ], [ -71.55743, -38.56845 ], [ -71.55696, -38.56828 ], [ -71.55655, -38.56828 ], [ -71.55631, -38.5684 ], [ -71.55585, -38.56844 ], [ -71.5553, -38.56826 ], [ -71.55499, -38.56799 ], [ -71.55443, -38.56792 ], [ -71.55418, -38.56781 ], [ -71.55347, -38.5678 ], [ -71.55319, -38.56795 ], [ -71.55297, -38.56798 ], [ -71.55237, -38.56782 ], [ -71.55112, -38.56771 ] ] } },
{ "type": "Feature", "properties": { "osm_id": 681517623, "nombre": "Sin nombre", "tipo": "stream", "volcan_codigo": "SOL", "volcan_nombre": "Sollipulli", "drena_volcan": false }, "geometry": { "type": "LineString", "coordinates": [ [ -71.56505, -38.58405 ], [ -71.56442, -38.58407 ], [ -71.56385, -38.58388 ], [ -71.56364, -38.58391 ], [ -71.56332, -38.58365 ], [ -71.56319, -38.58342 ], [ -71.56319, -38.5832 ], [ -71.56301, -38.5828 ] ] } },
{ "type": "Feature", "properties": { "osm_id": 681517624, "nombre": "Sin nombre", "tipo": "stream", "volcan_codigo": "SOL", "volcan_nombre": "Sollipulli", "drena_volcan": false }, "geometry": { "type": "LineString", "coordinates": [ [ -71.57364, -38.58568 ], [ -71.57335, -38.58575 ], [ -71.57165, -38.58581 ], [ -71.57093, -38.58529 ] ] } },
{ "type": "Feature", "properties": { "osm_id": 681517625, "nombre": "Sin nombre", "tipo": "stream", "volcan_codigo": "SOL", "volcan_nombre": "Sollipulli", "drena_volcan": false }, "geometry": { "type": "LineString", "coordinates": [ [ -71.57186, -38.58912 ], [ -71.57139, -38.58855 ], [ -71.57069, -38.58831 ], [ -71.57035, -38.58802 ], [ -71.56941, -38.58771 ], [ -71.56871, -38.5872 ], [ -71.5681, -38.58711 ], [ -71.56763, -38.58693 ], [ -71.5671, -38.58703 ], [ -71.56636, -38.58705 ] ] } },
{ "type": "Feature", "properties": { "osm_id": 681517626, "nombre": "Sin nombre", "tipo": "stream", "volcan_codigo": "SOL", "volcan_nombre": "Sollipulli", "drena_volcan": false }, "geometry": { "type": "LineString", "coordinates": [ [ -71.57263, -38.58958 ], [ -71.57237, -38.58935 ], [ -71.57211, -38.58931 ], [ -71.5719, -38.58913 ], [ -71.57145, -38.58902 ], [ -71.57085, -38.58901 ], [ -71.56948, -38.58852 ], [ -71.56886, -38.58791 ], [ -71.56771, -38.58714 ], [ -71.56686, -38.58719 ], [ -71.56616, -38.58703 ], [ -71.56569, -38.58743 ], [ -71.56518, -38.58741 ], [ -71.56477, -38.58775 ], [ -71.56417, -38.58784 ], [ -71.56383, -38.58751 ], [ -71.56392, -38.58717 ], [ -71.56342, -38.587 ], [ -71.56316, -38.58685 ], [ -71.56305, -38.58664 ], [ -71.56248, -38.58638 ], [ -71.56145, -38.5868 ], [ -71.56093, -38.5867 ], [ -71.56031, -38.5864 ], [ -71.55974, -38.58628 ], [ -71.55877, -38.58629 ], [ -71.55844, -38.58619 ], [ -71.55814, -38.58628 ], [ -71.55787, -38.58626 ], [ -71.55737, -38.5859 ], [ -71.55738, -38.58565 ], [ -71.55723, -38.58544 ], [ -71.55696, -38.58526 ], [ -71.5567, -38.58487 ], [ -71.55598, -38.58448 ], [ -71.55573, -38.58419 ], [ -71.55554, -38.58411 ], [ -71.55452, -38.58413 ], [ -71.5542, -38.58394 ], [ -71.55379, -38.5835 ], [ -71.55305, -38.58306 ], [ -71.55246, -38.58302 ], [ -71.55123, -38.58332 ], [ -71.55036, -38.58321 ], [ -71.5492, -38.58335 ], [ -71.54845, -38.58259 ], [ -71.54812, -38.58253 ], [ -71.54776, -38.58275 ], [ -71.5474, -38.58278 ], [ -71.5472, -38.58262 ], [ -71.54684, -38.58254 ], [ -71.54579, -38.58196 ], [ -71.54543, -38.58184 ], [ -71.54501, -38.5814 ], [ -71.54377, -38.58112 ], [ -71.54326, -38.5812 ], [ -71.54184, -38.58212 ], [ -71.54136, -38.58263 ], [ -71.54093, -38.58289 ], [ -71.54037, -38.58309 ], [ -71.53994, -38.58351 ], [ -71.53919, -38.58392 ], [ -71.53887, -38.58396 ], [ -71.53856, -38.58385 ], [ -71.53817, -38.58399 ], [ -71.53772, -38.58389 ], [ -71.5371, -38.58391 ], [ -71.53673, -38.58411 ], [ -71.53599, -38.58473 ], [ -71.53473, -38.58493 ], [ -71.53431, -38.58508 ] ] } },
{ "type": "Feature", "properties": { "osm_id": 681517627, "nombre": "Sin nombre", "tipo": "stream", "volcan_codigo": "SOL", "volcan_nombre": "Sollipulli", "drena_volcan": false }, "geometry": { "type": "LineString", "coordinates": [ [ -71.56406, -38.58117 ], [ -71.56326, -38.58093 ] ] } },
{ "type": "Feature", "properties": { "osm_id": 681517628, "nombre": "Sin nombre", "tipo": "stream", "volcan_codigo": "SOL", "volcan_nombre": "Sollipulli", "drena_volcan": false }, "geometry": { "type": "LineString", "coordinates": [ [ -71.56928, -38.58162 ], [ -71.56917, -38.58167 ], [ -71.56912, -38.58192 ], [ -71.56886, -38.58192 ], [ -71.56759, -38.58133 ], [ -71.56695, -38.5813 ], [ -71.56667, -38.58108 ], [ -71.56601, -38.58103 ], [ -71.5652, -38.58108 ], [ -71.56479, -38.58099 ], [ -71.5636, -38.58126 ] ] } },
{ "type": "Feature", "properties": { "osm_id": 681517629, "nombre": "Sin nombre", "tipo": "stream", "volcan_codigo": "SOL", "volcan_nombre": "Sollipulli", "drena_volcan": false }, "geometry": { "type": "LineString", "coordinates": [ [ -71.57408, -38.58022 ], [ -71.57386, -38.58016 ], [ -71.57285, -38.58037 ], [ -71.57211, -38.58014 ], [ -71.57186, -38.58017 ], [ -71.57125, -38.57988 ], [ -71.57091, -38.57996 ], [ -71.57056, -38.57987 ], [ -71.57024, -38.57996 ], [ -71.57002, -38.57975 ], [ -71.56977, -38.5797 ], [ -71.56915, -38.57976 ], [ -71.56833, -38.57964 ], [ -71.56766, -38.57972 ], [ -71.56678, -38.57937 ], [ -71.56602, -38.57927 ], [ -71.56574, -38.57914 ], [ -71.56569, -38.57876 ], [ -71.56528, -38.5784 ], [ -71.56497, -38.57777 ], [ -71.56473, -38.57748 ], [ -71.5639, -38.57722 ], [ -71.56377, -38.5771 ], [ -71.56363, -38.57674 ], [ -71.56316, -38.57651 ], [ -71.56271, -38.57614 ], [ -71.56214, -38.57604 ], [ -71.5615, -38.57622 ], [ -71.56038, -38.57633 ], [ -71.55927, -38.57585 ], [ -71.55876, -38.57585 ] ] } },
{ "type": "Feature", "properties": { "osm_id": 681517630, "nombre": "Sin nombre", "tipo": "stream", "volcan_codigo": "SOL", "volcan_nombre": "Sollipulli", "drena_volcan": false }, "geometry": { "type": "LineString", "coordinates": [ [ -71.56341, -38.58121 ], [ -71.56317, -38.58083 ], [ -71.56259, -38.58058 ], [ -71.56233, -38.58024 ], [ -71.56163, -38.58001 ], [ -71.5613, -38.5798 ], [ -71.5612, -38.57961 ], [ -71.56057, -38.57933 ], [ -71.56, -38.57889 ], [ -71.55895, -38.57831 ], [ -71.55873, -38.57772 ], [ -71.55842, -38.5775 ], [ -71.55844, -38.57733 ], [ -71.55828, -38.57718 ], [ -71.5582, -38.57686 ], [ -71.55865, -38.57637 ], [ -71.55878, -38.57604 ], [ -71.55876, -38.57585 ] ] } },
{ "type": "Feature", "properties": { "osm_id": 681517631, "nombre": "Sin nombre", "tipo": "stream", "volcan_codigo": "SOL", "volcan_nombre": "Sollipulli", "drena_volcan": false }, "geometry": { "type": "LineString", "coordinates": [ [ -71.54911, -38.58833 ], [ -71.54879, -38.58855 ], [ -71.54734, -38.58911 ], [ -71.5445, -38.58906 ], [ -71.54311, -38.58867 ], [ -71.54258, -38.58878 ], [ -71.54175, -38.58924 ], [ -71.54102, -38.58944 ] ] } },
{ "type": "Feature", "properties": { "osm_id": 681517632, "nombre": "Sin nombre", "tipo": "stream", "volcan_codigo": "SOL", "volcan_nombre": "Sollipulli", "drena_volcan": false }, "geometry": { "type": "LineString", "coordinates": [ [ -71.50866, -38.58705 ], [ -71.50943, -38.58652 ], [ -71.51013, -38.58624 ], [ -71.51072, -38.58587 ], [ -71.51128, -38.5857 ], [ -71.51218, -38.58503 ], [ -71.51298, -38.58462 ], [ -71.51322, -38.58446 ], [ -71.51342, -38.58414 ], [ -71.51393, -38.58361 ] ] } },
{ "type": "Feature", "properties": { "osm_id": 681517633, "nombre": "Sin nombre", "tipo": "stream", "volcan_codigo": "SOL", "volcan_nombre": "Sollipulli", "drena_volcan": false }, "geometry": { "type": "LineString", "coordinates": [ [ -71.49303, -38.58004 ], [ -71.49346, -38.57928 ], [ -71.49451, -38.57905 ], [ -71.49497, -38.57863 ], [ -71.49555, -38.57831 ], [ -71.49582, -38.57773 ], [ -71.49627, -38.57736 ], [ -71.49677, -38.57671 ], [ -71.49698, -38.57659 ] ] } },
{ "type": "Feature", "properties": { "osm_id": 681517634, "nombre": "Sin nombre", "tipo": "stream", "volcan_codigo": "SOL", "volcan_nombre": "Sollipulli", "drena_volcan": false }, "geometry": { "type": "LineString", "coordinates": [ [ -71.48696, -38.58396 ], [ -71.48792, -38.58397 ], [ -71.48848, -38.58414 ], [ -71.4889, -38.58412 ], [ -71.48943, -38.58395 ], [ -71.48997, -38.5839 ], [ -71.49106, -38.58349 ], [ -71.49137, -38.58326 ], [ -71.49153, -38.58302 ], [ -71.49156, -38.58248 ], [ -71.49188, -38.58203 ], [ -71.49199, -38.58161 ], [ -71.49246, -38.58126 ], [ -71.49276, -38.58108 ], [ -71.49336, -38.58096 ], [ -71.494, -38.58058 ], [ -71.4947, -38.58035 ], [ -71.49548, -38.57972 ], [ -71.49644, -38.57947 ], [ -71.4971, -38.57918 ], [ -71.49775, -38.57869 ] ] } },
{ "type": "Feature", "properties": { "osm_id": 681517635, "nombre": "Sin nombre", "tipo": "stream", "volcan_codigo": "SOL", "volcan_nombre": "Sollipulli", "drena_volcan": false }, "geometry": { "type": "LineString", "coordinates": [ [ -71.4977, -38.60301 ], [ -71.49827, -38.6029 ], [ -71.49888, -38.60236 ], [ -71.49976, -38.60217 ], [ -71.50057, -38.60165 ], [ -71.5012, -38.60139 ], [ -71.50165, -38.60087 ], [ -71.50221, -38.59994 ] ] } },
{ "type": "Feature", "properties": { "osm_id": 681517636, "nombre": "Estero Seco", "tipo": "stream", "volcan_codigo": "SOL", "volcan_nombre": "Sollipulli", "drena_volcan": false }, "geometry": { "type": "LineString", "coordinates": [ [ -71.52423, -38.6054 ], [ -71.52347, -38.60539 ], [ -71.52236, -38.60575 ], [ -71.52183, -38.60605 ], [ -71.52154, -38.60645 ], [ -71.52119, -38.60663 ], [ -71.52029, -38.6074 ], [ -71.51947, -38.60757 ], [ -71.51881, -38.60747 ], [ -71.51777, -38.6077 ], [ -71.5173, -38.60772 ], [ -71.51653, -38.6075 ], [ -71.51569, -38.60746 ], [ -71.51556, -38.60736 ], [ -71.51481, -38.60727 ], [ -71.51438, -38.60711 ], [ -71.51376, -38.60715 ], [ -71.5135, -38.607 ], [ -71.51315, -38.60693 ], [ -71.51294, -38.60677 ], [ -71.51294, -38.60642 ], [ -71.5127, -38.60627 ], [ -71.51263, -38.60608 ], [ -71.51209, -38.60577 ], [ -71.51162, -38.60563 ], [ -71.51145, -38.60568 ], [ -71.51133, -38.60585 ], [ -71.51107, -38.60593 ], [ -71.51092, -38.60608 ], [ -71.51057, -38.60608 ], [ -71.51035, -38.60632 ], [ -71.50996, -38.60632 ], [ -71.50959, -38.60654 ], [ -71.50888, -38.60654 ], [ -71.50863, -38.60635 ], [ -71.50831, -38.60588 ], [ -71.50752, -38.60543 ], [ -71.50709, -38.60527 ], [ -71.50662, -38.60531 ], [ -71.50675, -38.60516 ], [ -71.50644, -38.60494 ], [ -71.50649, -38.60481 ], [ -71.50635, -38.60475 ], [ -71.50634, -38.60456 ], [ -71.50616, -38.6045 ], [ -71.50609, -38.60433 ], [ -71.50586, -38.60436 ], [ -71.50557, -38.60426 ], [ -71.50536, -38.60432 ], [ -71.50499, -38.60414 ], [ -71.50438, -38.60329 ], [ -71.50446, -38.60291 ], [ -71.50427, -38.60251 ], [ -71.50421, -38.60207 ], [ -71.50407, -38.60194 ], [ -71.50341, -38.60175 ], [ -71.50305, -38.60133 ], [ -71.50296, -38.60108 ], [ -71.50318, -38.60063 ], [ -71.50315, -38.60027 ], [ -71.50301, -38.60012 ], [ -71.50251, -38.60009 ], [ -71.50221, -38.59994 ], [ -71.50231, -38.59924 ], [ -71.50176, -38.59864 ], [ -71.50171, -38.59781 ], [ -71.50118, -38.59708 ], [ -71.50124, -38.59654 ], [ -71.50117, -38.59636 ], [ -71.50095, -38.59607 ], [ -71.5006, -38.5958 ], [ -71.50061, -38.59536 ], [ -71.50049, -38.59508 ], [ -71.50054, -38.59473 ], [ -71.50031, -38.59438 ], [ -71.49972, -38.59402 ], [ -71.49972, -38.59363 ], [ -71.49954, -38.59328 ], [ -71.49954, -38.59306 ], [ -71.49923, -38.59253 ], [ -71.49922, -38.59225 ], [ -71.49937, -38.59173 ], [ -71.49933, -38.59129 ], [ -71.49955, -38.59097 ], [ -71.49938, -38.59048 ], [ -71.49939, -38.59028 ], [ -71.49953, -38.58994 ], [ -71.50002, -38.58963 ], [ -71.50009, -38.58946 ], [ -71.49974, -38.5891 ], [ -71.49963, -38.5885 ], [ -71.49929, -38.58816 ], [ -71.49885, -38.58795 ], [ -71.49822, -38.58737 ], [ -71.49804, -38.58693 ], [ -71.49771, -38.58671 ], [ -71.49763, -38.58646 ], [ -71.49733, -38.58612 ], [ -71.49744, -38.58576 ], [ -71.49726, -38.58552 ], [ -71.49721, -38.58519 ], [ -71.49758, -38.58485 ], [ -71.49779, -38.58451 ], [ -71.49784, -38.58425 ], [ -71.49777, -38.58397 ], [ -71.49809, -38.5835 ], [ -71.4981, -38.58285 ], [ -71.49761, -38.58227 ], [ -71.49751, -38.58205 ], [ -71.49766, -38.58156 ], [ -71.49768, -38.58097 ], [ -71.4979, -38.58054 ], [ -71.49788, -38.5802 ], [ -71.49805, -38.57969 ], [ -71.49771, -38.57919 ], [ -71.49775, -38.57869 ], [ -71.49765, -38.57832 ], [ -71.49771, -38.57778 ], [ -71.49742, -38.57741 ], [ -71.49739, -38.57706 ], [ -71.49698, -38.57659 ], [ -71.49697, -38.57625 ], [ -71.49685, -38.57595 ], [ -71.4969, -38.57494 ], [ -71.49665, -38.57448 ], [ -71.4967, -38.5739 ], [ -71.49642, -38.5735 ], [ -71.49655, -38.57322 ], [ -71.49647, -38.57297 ], [ -71.4967, -38.57263 ], [ -71.49668, -38.5725 ], [ -71.49637, -38.5721 ], [ -71.49643, -38.57159 ], [ -71.49629, -38.57128 ], [ -71.49656, -38.5707 ], [ -71.49639, -38.57038 ], [ -71.49645, -38.57 ], [ -71.49626, -38.5696 ], [ -71.49598, -38.56929 ], [ -71.49558, -38.56926 ], [ -71.49539, -38.56914 ], [ -71.49524, -38.56809 ], [ -71.49506, -38.56784 ], [ -71.49416, -38.56724 ], [ -71.49395, -38.56695 ], [ -71.49326, -38.56656 ], [ -71.49319, -38.56636 ] ] } },
{ "type": "Feature", "properties": { "osm_id": 681517637, "nombre": "Sin nombre", "tipo": "stream", "volcan_codigo": "SOL", "volcan_nombre": "Sollipulli", "drena_volcan": false }, "geometry": { "type": "LineString", "coordinates": [ [ -71.5099, -38.56561 ], [ -71.50942, -38.566 ], [ -71.50893, -38.56624 ], [ -71.50843, -38.56674 ], [ -71.50773, -38.56695 ], [ -71.50702, -38.56698 ], [ -71.50647, -38.56719 ], [ -71.50606, -38.56715 ], [ -71.50578, -38.56743 ], [ -71.50566, -38.56747 ] ] } },
{ "type": "Feature", "properties": { "osm_id": 681517638, "nombre": "Sin nombre", "tipo": "stream", "volcan_codigo": "SOL", "volcan_nombre": "Sollipulli", "drena_volcan": false }, "geometry": { "type": "LineString", "coordinates": [ [ -71.50566, -38.56747 ], [ -71.50517, -38.56742 ], [ -71.50486, -38.56726 ], [ -71.50444, -38.56721 ], [ -71.50369, -38.5669 ], [ -71.5024, -38.56679 ], [ -71.50211, -38.56669 ], [ -71.50198, -38.5668 ], [ -71.50152, -38.56676 ], [ -71.50124, -38.56697 ], [ -71.50075, -38.56707 ], [ -71.50044, -38.56754 ], [ -71.50006, -38.56763 ], [ -71.49954, -38.56797 ] ] } },
{ "type": "Feature", "properties": { "osm_id": 681517640, "nombre": "Sin nombre", "tipo": "stream", "volcan_codigo": "SOL", "volcan_nombre": "Sollipulli", "drena_volcan": false }, "geometry": { "type": "LineString", "coordinates": [ [ -71.53527, -38.56992 ], [ -71.53447, -38.57 ], [ -71.53397, -38.56988 ], [ -71.53265, -38.56991 ], [ -71.53209, -38.56965 ], [ -71.53122, -38.56967 ], [ -71.53088, -38.56958 ], [ -71.52947, -38.56881 ], [ -71.52843, -38.5687 ], [ -71.528, -38.56874 ], [ -71.52773, -38.56889 ], [ -71.52705, -38.56904 ], [ -71.52685, -38.56938 ], [ -71.52629, -38.56985 ], [ -71.52595, -38.56996 ], [ -71.52534, -38.57008 ], [ -71.52427, -38.57008 ], [ -71.52317, -38.56992 ], [ -71.52251, -38.56992 ], [ -71.52192, -38.57022 ], [ -71.52099, -38.57047 ], [ -71.52038, -38.57059 ], [ -71.51939, -38.57062 ], [ -71.51894, -38.57102 ], [ -71.51852, -38.57127 ], [ -71.51709, -38.57177 ], [ -71.51638, -38.57177 ], [ -71.51576, -38.57167 ], [ -71.51545, -38.57154 ], [ -71.51514, -38.57121 ], [ -71.51461, -38.57115 ], [ -71.5142, -38.57135 ], [ -71.51427, -38.57162 ], [ -71.51271, -38.57212 ], [ -71.51265, -38.5722 ], [ -71.51268, -38.5726 ], [ -71.51225, -38.57301 ], [ -71.51174, -38.5731 ], [ -71.5115, -38.57332 ], [ -71.51132, -38.5733 ], [ -71.51109, -38.57294 ], [ -71.51086, -38.57281 ], [ -71.50973, -38.57312 ], [ -71.5093, -38.57316 ] ] } },
{ "type": "Feature", "properties": { "osm_id": 681517641, "nombre": "Río Punta Negra", "tipo": "stream", "volcan_codigo": "SOL", "volcan_nombre": "Sollipulli", "drena_volcan": false }, "geometry": { "type": "LineString", "coordinates": [ [ -71.56486, -38.59669 ], [ -71.56424, -38.59656 ], [ -71.56334, -38.59653 ], [ -71.56309, -38.59625 ], [ -71.56234, -38.59602 ], [ -71.56223, -38.59567 ], [ -71.56254, -38.59548 ], [ -71.56267, -38.59513 ], [ -71.56232, -38.59497 ], [ -71.56174, -38.59487 ], [ -71.56127, -38.59494 ], [ -71.56047, -38.59539 ], [ -71.55833, -38.59536 ], [ -71.55693, -38.59578 ], [ -71.55622, -38.59571 ], [ -71.55597, -38.59578 ], [ -71.55556, -38.59575 ], [ -71.55524, -38.59584 ], [ -71.55453, -38.59566 ], [ -71.55417, -38.59566 ], [ -71.55287, -38.59608 ], [ -71.55228, -38.59594 ], [ -71.55176, -38.59552 ], [ -71.55114, -38.59543 ], [ -71.55065, -38.59525 ], [ -71.55005, -38.59533 ], [ -71.54951, -38.5952 ], [ -71.54925, -38.59505 ], [ -71.54915, -38.59473 ], [ -71.54864, -38.59451 ], [ -71.54817, -38.59397 ], [ -71.54761, -38.59385 ], [ -71.54724, -38.59359 ], [ -71.54646, -38.5936 ], [ -71.5462, -38.59348 ], [ -71.54599, -38.59322 ], [ -71.54606, -38.59291 ], [ -71.546, -38.59268 ], [ -71.54443, -38.5922 ], [ -71.54375, -38.59183 ], [ -71.54347, -38.59158 ], [ -71.54342, -38.59111 ], [ -71.54333, -38.59098 ], [ -71.54282, -38.5906 ], [ -71.5423, -38.59054 ], [ -71.54186, -38.59028 ], [ -71.54173, -38.59014 ], [ -71.54168, -38.58985 ], [ -71.54137, -38.58958 ], [ -71.5409, -38.58938 ], [ -71.54046, -38.58868 ], [ -71.53992, -38.58835 ], [ -71.53895, -38.58794 ], [ -71.53874, -38.58756 ], [ -71.5376, -38.58725 ], [ -71.53706, -38.58723 ], [ -71.53636, -38.58705 ], [ -71.53615, -38.5867 ], [ -71.53617, -38.58643 ], [ -71.53591, -38.58603 ], [ -71.53459, -38.58536 ], [ -71.53431, -38.58508 ], [ -71.53352, -38.58539 ], [ -71.53293, -38.58552 ], [ -71.53274, -38.58536 ], [ -71.53274, -38.5851 ], [ -71.53262, -38.58488 ], [ -71.53175, -38.58469 ], [ -71.53147, -38.58451 ], [ -71.53139, -38.58434 ], [ -71.53122, -38.5843 ], [ -71.53045, -38.58451 ], [ -71.52986, -38.5842 ], [ -71.52915, -38.58425 ], [ -71.52859, -38.58414 ], [ -71.52722, -38.58445 ], [ -71.52531, -38.58449 ], [ -71.52502, -38.58463 ], [ -71.5246, -38.58511 ], [ -71.5237, -38.58591 ], [ -71.52309, -38.58632 ], [ -71.52268, -38.58643 ], [ -71.52211, -38.58673 ], [ -71.52181, -38.58674 ], [ -71.5215, -38.58657 ], [ -71.52096, -38.5865 ], [ -71.52072, -38.58628 ], [ -71.52033, -38.58617 ], [ -71.52007, -38.58617 ], [ -71.51916, -38.58654 ], [ -71.51852, -38.58659 ], [ -71.51785, -38.58622 ], [ -71.51698, -38.58606 ], [ -71.51666, -38.58577 ], [ -71.51617, -38.58554 ], [ -71.51586, -38.58523 ], [ -71.51544, -38.58504 ], [ -71.51485, -38.58429 ], [ -71.51393, -38.58361 ], [ -71.51294, -38.58312 ], [ -71.51261, -38.58281 ], [ -71.51229, -38.58264 ], [ -71.51222, -38.58256 ], [ -71.51226, -38.58215 ], [ -71.51183, -38.58203 ], [ -71.51161, -38.58183 ], [ -71.51164, -38.58151 ], [ -71.51206, -38.58067 ], [ -71.51327, -38.57957 ], [ -71.5136, -38.57815 ], [ -71.51367, -38.57721 ], [ -71.51353, -38.57693 ], [ -71.51254, -38.57625 ], [ -71.51253, -38.57544 ], [ -71.51238, -38.57525 ], [ -71.5116, -38.57477 ], [ -71.51138, -38.57437 ], [ -71.51061, -38.57419 ], [ -71.51022, -38.57418 ], [ -71.50996, -38.57407 ], [ -71.50962, -38.57371 ], [ -71.5093, -38.57316 ], [ -71.50893, -38.57293 ], [ -71.50838, -38.57293 ], [ -71.50752, -38.57335 ], [ -71.50664, -38.57342 ], [ -71.50615, -38.57322 ], [ -71.5058, -38.57258 ], [ -71.50468, -38.57169 ], [ -71.50446, -38.5713 ], [ -71.50441, -38.57104 ], [ -71.50423, -38.57079 ], [ -71.50379, -38.57069 ], [ -71.50304, -38.57068 ], [ -71.50284, -38.5706 ], [ -71.50276, -38.57044 ], [ -71.50277, -38.57004 ], [ -71.50256, -38.56974 ], [ -71.50093, -38.56889 ], [ -71.49963, -38.56805 ], [ -71.49939, -38.56786 ], [ -71.49913, -38.56734 ], [ -71.49881, -38.56704 ], [ -71.49854, -38.56697 ], [ -71.49821, -38.56703 ], [ -71.4978, -38.56752 ], [ -71.49755, -38.56765 ], [ -71.49727, -38.56768 ], [ -71.49692, -38.56742 ], [ -71.49635, -38.56649 ], [ -71.49603, -38.56628 ], [ -71.49564, -38.5663 ], [ -71.49519, -38.56646 ], [ -71.49362, -38.56635 ] ] } },
{ "type": "Feature", "properties": { "osm_id": 685943678, "nombre": "Río Machín", "tipo": "river", "volcan_codigo": "SOL", "volcan_nombre": "Sollipulli", "drena_volcan": true }, "geometry": { "type": "LineString", "coordinates": [ [ -71.46608, -39.02391 ], [ -71.46606, -39.02429 ], [ -71.46624, -39.02514 ], [ -71.46653, -39.02582 ], [ -71.46725, -39.0286 ], [ -71.46814, -39.02948 ], [ -71.46847, -39.02996 ], [ -71.46856, -39.03042 ], [ -71.46849, -39.03068 ], [ -71.46856, -39.03097 ], [ -71.4692, -39.03154 ], [ -71.46931, -39.0333 ], [ -71.46911, -39.03413 ], [ -71.46913, -39.03439 ], [ -71.46941, -39.03473 ], [ -71.46987, -39.03562 ], [ -71.46997, -39.03639 ], [ -71.47025, -39.03713 ], [ -71.47006, -39.03771 ], [ -71.46982, -39.03801 ], [ -71.46969, -39.03836 ], [ -71.4697, -39.03868 ], [ -71.47002, -39.03901 ], [ -71.47035, -39.03954 ], [ -71.47039, -39.03981 ], [ -71.47009, -39.04156 ], [ -71.47012, -39.04198 ], [ -71.47031, -39.04239 ], [ -71.47029, -39.04299 ], [ -71.46946, -39.04433 ], [ -71.46917, -39.04467 ], [ -71.46904, -39.04501 ], [ -71.46942, -39.04593 ], [ -71.46929, -39.04664 ], [ -71.46932, -39.04702 ], [ -71.46969, -39.04786 ], [ -71.46969, -39.04807 ], [ -71.46933, -39.04874 ], [ -71.4693, -39.04907 ], [ -71.46946, -39.04945 ], [ -71.47001, -39.04997 ], [ -71.47011, -39.05019 ], [ -71.46997, -39.05093 ], [ -71.47017, -39.05189 ], [ -71.47108, -39.05361 ], [ -71.47144, -39.05407 ], [ -71.47232, -39.05481 ], [ -71.47282, -39.05623 ], [ -71.47282, -39.05663 ], [ -71.47266, -39.05706 ], [ -71.47156, -39.05934 ], [ -71.47133, -39.06044 ], [ -71.47127, -39.06159 ], [ -71.47116, -39.06184 ], [ -71.47038, -39.06268 ], [ -71.47013, -39.06331 ], [ -71.47, -39.06451 ], [ -71.4701, -39.06496 ], [ -71.4701, -39.06582 ], [ -71.47019, -39.06607 ], [ -71.47054, -39.06653 ], [ -71.47062, -39.06686 ], [ -71.47049, -39.06728 ], [ -71.47002, -39.06809 ], [ -71.46922, -39.06912 ], [ -71.46892, -39.06979 ], [ -71.46893, -39.07052 ], [ -71.46947, -39.07192 ], [ -71.46939, -39.07247 ], [ -71.46914, -39.07322 ], [ -71.46903, -39.07454 ], [ -71.46913, -39.0749 ], [ -71.46948, -39.07528 ], [ -71.47016, -39.07574 ], [ -71.47033, -39.07598 ], [ -71.47031, -39.07731 ], [ -71.47042, -39.07766 ], [ -71.47043, -39.07826 ], [ -71.47036, -39.0785 ], [ -71.47002, -39.07869 ], [ -71.47007, -39.0791 ], [ -71.47072, -39.0801 ], [ -71.47106, -39.08036 ], [ -71.47204, -39.08156 ], [ -71.47405, -39.08326 ], [ -71.47419, -39.08351 ], [ -71.47427, -39.08377 ], [ -71.47424, -39.08462 ], [ -71.47455, -39.08602 ], [ -71.47447, -39.08713 ], [ -71.47457, -39.08765 ], [ -71.47455, -39.08828 ], [ -71.47423, -39.08891 ], [ -71.47447, -39.0906 ], [ -71.47496, -39.09197 ], [ -71.47515, -39.09221 ], [ -71.47573, -39.09257 ], [ -71.47592, -39.09302 ], [ -71.47594, -39.09326 ], [ -71.47537, -39.09546 ], [ -71.47521, -39.09764 ], [ -71.47473, -39.09957 ], [ -71.47472, -39.10012 ], [ -71.47494, -39.10136 ], [ -71.47529, -39.10202 ], [ -71.47533, -39.10227 ], [ -71.47497, -39.10436 ], [ -71.4749, -39.10551 ], [ -71.4745, -39.10615 ], [ -71.47267, -39.1074 ], [ -71.47199, -39.10796 ], [ -71.47072, -39.11022 ], [ -71.47068, -39.11073 ], [ -71.47081, -39.11125 ], [ -71.47192, -39.11246 ], [ -71.47206, -39.11287 ], [ -71.47207, -39.11318 ], [ -71.47183, -39.11387 ], [ -71.47147, -39.11432 ], [ -71.47103, -39.11512 ], [ -71.47083, -39.11627 ], [ -71.47093, -39.11732 ], [ -71.47118, -39.11807 ], [ -71.4715, -39.1186 ], [ -71.47289, -39.11959 ], [ -71.47567, -39.12251 ], [ -71.47624, -39.12292 ], [ -71.47703, -39.1232 ], [ -71.47739, -39.12346 ], [ -71.47775, -39.12403 ], [ -71.47822, -39.12513 ], [ -71.47911, -39.12574 ], [ -71.47981, -39.12639 ], [ -71.47992, -39.12679 ], [ -71.47984, -39.12825 ], [ -71.48045, -39.1308 ], [ -71.48056, -39.13114 ], [ -71.48099, -39.13188 ], [ -71.48159, -39.13268 ], [ -71.4821, -39.13319 ], [ -71.48437, -39.13445 ], [ -71.48502, -39.13491 ], [ -71.48547, -39.13557 ], [ -71.48529, -39.13673 ], [ -71.48541, -39.1374 ], [ -71.48566, -39.13788 ], [ -71.48608, -39.13816 ], [ -71.48741, -39.1386 ], [ -71.48833, -39.13917 ], [ -71.48845, -39.1393 ], [ -71.48884, -39.14023 ], [ -71.48975, -39.14132 ], [ -71.4912, -39.14359 ], [ -71.49138, -39.14409 ], [ -71.49142, -39.14472 ], [ -71.49133, -39.14519 ], [ -71.49056, -39.14589 ], [ -71.49001, -39.14622 ], [ -71.48944, -39.14642 ], [ -71.48925, -39.14657 ], [ -71.48919, -39.14676 ], [ -71.48928, -39.14706 ], [ -71.48994, -39.14824 ], [ -71.49016, -39.14887 ], [ -71.49026, -39.1494 ], [ -71.49025, -39.14991 ], [ -71.49009, -39.15058 ], [ -71.49012, -39.15124 ], [ -71.4903, -39.15175 ], [ -71.49099, -39.15278 ], [ -71.49128, -39.1534 ], [ -71.49131, -39.15381 ], [ -71.49101, -39.15432 ], [ -71.49034, -39.15465 ], [ -71.48983, -39.15475 ], [ -71.48917, -39.15471 ], [ -71.48789, -39.15446 ], [ -71.48768, -39.15451 ], [ -71.48749, -39.15468 ], [ -71.48743, -39.15519 ], [ -71.48822, -39.15618 ], [ -71.48833, -39.15651 ], [ -71.48823, -39.15667 ], [ -71.48779, -39.15676 ], [ -71.48711, -39.15663 ], [ -71.48598, -39.15673 ], [ -71.48567, -39.15686 ], [ -71.48549, -39.15714 ], [ -71.48544, -39.15743 ], [ -71.48579, -39.15827 ], [ -71.48648, -39.16176 ], [ -71.48635, -39.16246 ], [ -71.48636, -39.16285 ], [ -71.48627, -39.16311 ], [ -71.48586, -39.16369 ], [ -71.4855, -39.16389 ], [ -71.48479, -39.16464 ], [ -71.4845, -39.16516 ], [ -71.48451, -39.16532 ], [ -71.48488, -39.16594 ], [ -71.48499, -39.16628 ], [ -71.48495, -39.16705 ], [ -71.48341, -39.16782 ], [ -71.48304, -39.16786 ], [ -71.48253, -39.1678 ], [ -71.48198, -39.16762 ], [ -71.48131, -39.16759 ], [ -71.48092, -39.16766 ], [ -71.48063, -39.16782 ], [ -71.48036, -39.1681 ], [ -71.48001, -39.16953 ], [ -71.48006, -39.16991 ], [ -71.4809, -39.17204 ], [ -71.48089, -39.17232 ], [ -71.48055, -39.1729 ], [ -71.4802, -39.17311 ], [ -71.47938, -39.17334 ], [ -71.47893, -39.17361 ], [ -71.47859, -39.17402 ], [ -71.47833, -39.17454 ], [ -71.4783, -39.17505 ], [ -71.47854, -39.17587 ], [ -71.47853, -39.17618 ], [ -71.47838, -39.17653 ], [ -71.47808, -39.17682 ], [ -71.47772, -39.17703 ], [ -71.47708, -39.17711 ], [ -71.47591, -39.1777 ], [ -71.47507, -39.17903 ], [ -71.4749, -39.17998 ], [ -71.47468, -39.1804 ], [ -71.47433, -39.18071 ], [ -71.47249, -39.18124 ], [ -71.47212, -39.18149 ], [ -71.47089, -39.18256 ], [ -71.4707, -39.18286 ], [ -71.47039, -39.18399 ], [ -71.47028, -39.18416 ], [ -71.46844, -39.18554 ], [ -71.46758, -39.18599 ], [ -71.46702, -39.18644 ], [ -71.46688, -39.18695 ], [ -71.46694, -39.18724 ], [ -71.46725, -39.1876 ], [ -71.46729, -39.18778 ], [ -71.46712, -39.18804 ], [ -71.46659, -39.1882 ], [ -71.4664, -39.18848 ], [ -71.46677, -39.1894 ], [ -71.46682, -39.18973 ], [ -71.46678, -39.19037 ], [ -71.46642, -39.19133 ], [ -71.46644, -39.19153 ], [ -71.46676, -39.19201 ], [ -71.46689, -39.1925 ], [ -71.46697, -39.19314 ], [ -71.46695, -39.1934 ], [ -71.46681, -39.19363 ], [ -71.46584, -39.19408 ], [ -71.46513, -39.19512 ], [ -71.46411, -39.19591 ], [ -71.46353, -39.19671 ], [ -71.46273, -39.19733 ], [ -71.46207, -39.19816 ], [ -71.4618, -39.1984 ], [ -71.46056, -39.19904 ], [ -71.45988, -39.19982 ], [ -71.45947, -39.20051 ], [ -71.45897, -39.20086 ], [ -71.45848, -39.20104 ], [ -71.45677, -39.20112 ], [ -71.45567, -39.20156 ], [ -71.45398, -39.202 ], [ -71.44963, -39.20276 ], [ -71.4484, -39.20311 ], [ -71.44738, -39.20367 ], [ -71.44635, -39.20464 ], [ -71.44541, -39.20487 ], [ -71.44451, -39.20522 ], [ -71.44192, -39.20536 ], [ -71.44115, -39.2056 ], [ -71.4407, -39.20595 ], [ -71.44047, -39.20633 ], [ -71.44025, -39.20694 ], [ -71.43979, -39.20738 ], [ -71.43926, -39.20763 ], [ -71.43817, -39.20775 ], [ -71.438, -39.20787 ], [ -71.43785, -39.20858 ], [ -71.43797, -39.20933 ], [ -71.43713, -39.21067 ], [ -71.43704, -39.21095 ], [ -71.43707, -39.2113 ], [ -71.43719, -39.2115 ], [ -71.43815, -39.21206 ], [ -71.43827, -39.21246 ], [ -71.43825, -39.21289 ], [ -71.43809, -39.21324 ], [ -71.43646, -39.21457 ], [ -71.43618, -39.21498 ], [ -71.43604, -39.21535 ], [ -71.43592, -39.21674 ], [ -71.43575, -39.21703 ], [ -71.43425, -39.21843 ], [ -71.4331, -39.21986 ], [ -71.43301, -39.22019 ], [ -71.43305, -39.22069 ], [ -71.4342, -39.22307 ], [ -71.43426, -39.22349 ], [ -71.43388, -39.22447 ], [ -71.43298, -39.22536 ], [ -71.43256, -39.22591 ], [ -71.43225, -39.22657 ], [ -71.4322, -39.22696 ], [ -71.43229, -39.22753 ], [ -71.43293, -39.22913 ], [ -71.43358, -39.23105 ], [ -71.43391, -39.23185 ], [ -71.43448, -39.23277 ], [ -71.43405, -39.23385 ], [ -71.43374, -39.23414 ], [ -71.43333, -39.23479 ], [ -71.43335, -39.23507 ], [ -71.43392, -39.23569 ], [ -71.43412, -39.23605 ], [ -71.43416, -39.23682 ], [ -71.43314, -39.23784 ], [ -71.43315, -39.23871 ], [ -71.43265, -39.2404 ], [ -71.43282, -39.24207 ], [ -71.43261, -39.24382 ] ] } },
{ "type": "Feature", "properties": { "osm_id": 685943681, "nombre": "Sin nombre", "tipo": "stream", "volcan_codigo": "SOL", "volcan_nombre": "Sollipulli", "drena_volcan": true }, "geometry": { "type": "LineString", "coordinates": [ [ -71.4358, -39.11847 ], [ -71.437, -39.1183 ], [ -71.43734, -39.11835 ], [ -71.43762, -39.1182 ], [ -71.43862, -39.11822 ], [ -71.4394, -39.11772 ], [ -71.44022, -39.11753 ], [ -71.44062, -39.11726 ], [ -71.44142, -39.11708 ], [ -71.44238, -39.11648 ], [ -71.44253, -39.11588 ], [ -71.44277, -39.11563 ], [ -71.44307, -39.11548 ], [ -71.44342, -39.11542 ], [ -71.44392, -39.11507 ], [ -71.44457, -39.11497 ], [ -71.44492, -39.11472 ], [ -71.44535, -39.11355 ], [ -71.4454, -39.11317 ], [ -71.44596, -39.11255 ], [ -71.44612, -39.11251 ], [ -71.44646, -39.1128 ], [ -71.44665, -39.11281 ], [ -71.44685, -39.11276 ], [ -71.44727, -39.11236 ], [ -71.44782, -39.11213 ], [ -71.44817, -39.11179 ], [ -71.44868, -39.11168 ], [ -71.44941, -39.11179 ], [ -71.4497, -39.11176 ], [ -71.45016, -39.11143 ], [ -71.45031, -39.11114 ], [ -71.45067, -39.11084 ], [ -71.45162, -39.11037 ], [ -71.45195, -39.11001 ], [ -71.45244, -39.10973 ], [ -71.4526, -39.10946 ], [ -71.45335, -39.10909 ], [ -71.45387, -39.10901 ], [ -71.45448, -39.10904 ], [ -71.45567, -39.10943 ], [ -71.45634, -39.10928 ], [ -71.45658, -39.10916 ], [ -71.45665, -39.10885 ], [ -71.45685, -39.10875 ], [ -71.45741, -39.10864 ], [ -71.45787, -39.10866 ], [ -71.45798, -39.10853 ], [ -71.45803, -39.10816 ], [ -71.4583, -39.10774 ], [ -71.45887, -39.10736 ], [ -71.45905, -39.10736 ], [ -71.45962, -39.10757 ], [ -71.46063, -39.10735 ], [ -71.46125, -39.10755 ], [ -71.46212, -39.10763 ], [ -71.4626, -39.10748 ], [ -71.46311, -39.107 ], [ -71.46324, -39.10698 ], [ -71.46359, -39.10707 ], [ -71.46405, -39.10753 ], [ -71.46452, -39.1078 ], [ -71.46473, -39.10783 ], [ -71.46522, -39.10743 ], [ -71.4657, -39.10725 ], [ -71.46595, -39.10696 ], [ -71.46638, -39.10682 ], [ -71.46703, -39.10691 ], [ -71.46755, -39.10681 ], [ -71.46799, -39.10688 ], [ -71.46868, -39.10668 ], [ -71.46928, -39.10691 ], [ -71.47015, -39.10697 ], [ -71.47027, -39.10704 ], [ -71.47062, -39.10766 ], [ -71.47053, -39.10787 ], [ -71.47066, -39.10868 ], [ -71.4706, -39.1093 ], [ -71.47079, -39.11005 ] ] } },
{ "type": "Feature", "properties": { "osm_id": 685943688, "nombre": "Sin nombre", "tipo": "stream", "volcan_codigo": "SOL", "volcan_nombre": "Sollipulli", "drena_volcan": false }, "geometry": { "type": "LineString", "coordinates": [ [ -71.46815, -39.07574 ], [ -71.46837, -39.0758 ] ] } },
{ "type": "Feature", "properties": { "osm_id": 685943689, "nombre": "Sin nombre", "tipo": "stream", "volcan_codigo": "SOL", "volcan_nombre": "Sollipulli", "drena_volcan": true }, "geometry": { "type": "LineString", "coordinates": [ [ -71.46837, -39.0758 ], [ -71.46866, -39.07587 ], [ -71.46932, -39.07575 ], [ -71.46962, -39.07583 ], [ -71.47035, -39.07632 ] ] } },
{ "type": "Feature", "properties": { "osm_id": 685943690, "nombre": "Sin nombre", "tipo": "stream", "volcan_codigo": "SOL", "volcan_nombre": "Sollipulli", "drena_volcan": false }, "geometry": { "type": "LineString", "coordinates": [ [ -71.45271, -39.07391 ], [ -71.45332, -39.07402 ], [ -71.45395, -39.07399 ], [ -71.45456, -39.07425 ], [ -71.45688, -39.07412 ], [ -71.45758, -39.07419 ], [ -71.45771, -39.07431 ], [ -71.45823, -39.07441 ], [ -71.45849, -39.07432 ], [ -71.45886, -39.07433 ], [ -71.45912, -39.07444 ], [ -71.45949, -39.07482 ], [ -71.46063, -39.07538 ], [ -71.46095, -39.07564 ], [ -71.46101, -39.07579 ], [ -71.46114, -39.07581 ], [ -71.46131, -39.0758 ], [ -71.46188, -39.0755 ], [ -71.46381, -39.07526 ], [ -71.46411, -39.07536 ], [ -71.46447, -39.07531 ], [ -71.46476, -39.07542 ], [ -71.46495, -39.07534 ], [ -71.46539, -39.07541 ], [ -71.46566, -39.07536 ], [ -71.4662, -39.07556 ], [ -71.46719, -39.07546 ], [ -71.46798, -39.07561 ], [ -71.46815, -39.07574 ] ] } },
{ "type": "Feature", "properties": { "osm_id": 697909505, "nombre": "Sin nombre", "tipo": "stream", "volcan_codigo": "SOL", "volcan_nombre": "Sollipulli", "drena_volcan": false }, "geometry": { "type": "LineString", "coordinates": [ [ -71.83453, -39.23719 ], [ -71.83474, -39.23846 ] ] } },
{ "type": "Feature", "properties": { "osm_id": 703210536, "nombre": "Estero Codihue", "tipo": "river", "volcan_codigo": "SOL", "volcan_nombre": "Sollipulli", "drena_volcan": false }, "geometry": { "type": "LineString", "coordinates": [ [ -71.90382, -39.00722 ], [ -71.90424, -39.00722 ], [ -71.90441, -39.00709 ], [ -71.90447, -39.00675 ], [ -71.90461, -39.00662 ], [ -71.90535, -39.00627 ], [ -71.90555, -39.00624 ], [ -71.90592, -39.00637 ], [ -71.90609, -39.00632 ], [ -71.90616, -39.00595 ], [ -71.90635, -39.00578 ], [ -71.90657, -39.00574 ], [ -71.90701, -39.00589 ], [ -71.90743, -39.00593 ], [ -71.90798, -39.00582 ], [ -71.9086, -39.0059 ], [ -71.90915, -39.00573 ], [ -71.91001, -39.00566 ], [ -71.91042, -39.00575 ], [ -71.9107, -39.00604 ], [ -71.91156, -39.00607 ], [ -71.91237, -39.00576 ], [ -71.91259, -39.00559 ], [ -71.91278, -39.00558 ], [ -71.91328, -39.00519 ], [ -71.91371, -39.00507 ], [ -71.91397, -39.00488 ], [ -71.91435, -39.00479 ], [ -71.91504, -39.00474 ], [ -71.91539, -39.00486 ], [ -71.91564, -39.00513 ], [ -71.9159, -39.00515 ], [ -71.91698, -39.00456 ], [ -71.91799, -39.00438 ], [ -71.91848, -39.00372 ], [ -71.91862, -39.00363 ], [ -71.91879, -39.00364 ], [ -71.91892, -39.00375 ], [ -71.9189, -39.00403 ], [ -71.91909, -39.00411 ], [ -71.91929, -39.00406 ], [ -71.91949, -39.0039 ], [ -71.91999, -39.00305 ], [ -71.9202, -39.00287 ], [ -71.92052, -39.00279 ], [ -71.92102, -39.00294 ], [ -71.92115, -39.00311 ], [ -71.92117, -39.00343 ], [ -71.92134, -39.00351 ], [ -71.92182, -39.00347 ], [ -71.92213, -39.00391 ], [ -71.92231, -39.004 ], [ -71.92293, -39.00387 ], [ -71.92319, -39.0036 ], [ -71.92374, -39.00335 ], [ -71.92416, -39.00334 ], [ -71.92456, -39.0035 ], [ -71.92486, -39.00393 ], [ -71.92534, -39.00413 ], [ -71.92579, -39.00447 ], [ -71.92629, -39.00536 ], [ -71.92651, -39.00537 ], [ -71.92683, -39.00509 ], [ -71.92725, -39.0051 ], [ -71.9279, -39.00559 ], [ -71.92866, -39.00593 ], [ -71.92901, -39.00606 ], [ -71.92995, -39.00615 ], [ -71.93039, -39.00659 ], [ -71.93099, -39.00661 ], [ -71.93123, -39.00679 ], [ -71.93163, -39.00688 ], [ -71.93192, -39.00707 ], [ -71.93266, -39.00732 ], [ -71.93352, -39.00802 ], [ -71.93401, -39.00831 ], [ -71.9349, -39.00858 ], [ -71.93554, -39.00858 ], [ -71.93623, -39.0089 ], [ -71.93633, -39.0092 ], [ -71.93591, -39.00975 ], [ -71.93585, -39.00999 ], [ -71.93591, -39.0102 ], [ -71.93633, -39.01036 ], [ -71.93674, -39.01023 ], [ -71.93739, -39.01029 ], [ -71.93797, -39.01055 ], [ -71.93822, -39.01076 ], [ -71.93881, -39.01079 ], [ -71.93913, -39.01093 ], [ -71.93968, -39.01146 ], [ -71.93977, -39.01168 ], [ -71.93957, -39.01205 ], [ -71.93923, -39.01226 ], [ -71.9391, -39.01256 ], [ -71.93933, -39.0127 ], [ -71.93964, -39.01265 ], [ -71.93994, -39.01284 ], [ -71.94027, -39.01289 ], [ -71.94052, -39.01308 ], [ -71.94084, -39.01354 ], [ -71.94115, -39.01369 ], [ -71.94166, -39.01429 ], [ -71.94227, -39.01461 ], [ -71.94235, -39.0149 ], [ -71.94392, -39.01527 ], [ -71.94503, -39.01629 ], [ -71.94609, -39.0165 ], [ -71.9469, -39.01686 ], [ -71.9477, -39.01674 ], [ -71.94803, -39.01644 ], [ -71.9483, -39.01634 ], [ -71.94854, -39.01629 ], [ -71.94902, -39.01638 ], [ -71.94932, -39.01665 ], [ -71.94943, -39.01698 ], [ -71.94942, -39.01731 ], [ -71.94926, -39.01791 ], [ -71.94944, -39.01838 ], [ -71.94978, -39.01852 ], [ -71.95004, -39.01853 ], [ -71.9509, -39.01837 ], [ -71.95277, -39.01892 ], [ -71.9532, -39.01941 ], [ -71.95377, -39.01974 ], [ -71.95414, -39.02008 ], [ -71.95432, -39.02055 ], [ -71.95456, -39.02075 ], [ -71.95563, -39.02083 ], [ -71.95626, -39.02108 ], [ -71.95699, -39.02095 ], [ -71.9573, -39.02113 ], [ -71.95758, -39.02185 ], [ -71.95784, -39.02196 ], [ -71.95861, -39.02207 ], [ -71.95903, -39.02203 ], [ -71.95997, -39.02209 ], [ -71.96128, -39.0225 ], [ -71.96197, -39.02309 ], [ -71.96303, -39.02327 ], [ -71.96405, -39.02364 ], [ -71.96464, -39.02376 ], [ -71.96558, -39.02376 ], [ -71.96599, -39.02404 ], [ -71.96647, -39.02418 ], [ -71.96794, -39.02396 ], [ -71.96884, -39.02411 ], [ -71.96905, -39.02423 ], [ -71.97011, -39.02429 ], [ -71.97065, -39.02422 ], [ -71.97266, -39.02475 ], [ -71.97315, -39.02464 ], [ -71.97339, -39.02447 ], [ -71.97374, -39.02441 ], [ -71.97402, -39.02448 ], [ -71.97419, -39.02473 ], [ -71.97495, -39.02481 ], [ -71.97606, -39.02484 ], [ -71.97763, -39.02463 ], [ -71.97818, -39.02481 ], [ -71.97885, -39.02487 ], [ -71.97971, -39.02475 ], [ -71.98075, -39.02477 ], [ -71.9812, -39.02487 ], [ -71.98209, -39.02537 ], [ -71.9839, -39.02575 ], [ -71.98547, -39.02698 ], [ -71.98633, -39.02705 ], [ -71.98729, -39.02688 ] ] } },
{ "type": "Feature", "properties": { "osm_id": 703210539, "nombre": "Sin nombre", "tipo": "stream", "volcan_codigo": "SOL", "volcan_nombre": "Sollipulli", "drena_volcan": false }, "geometry": { "type": "LineString", "coordinates": [ [ -71.89856, -38.99534 ], [ -71.89922, -38.99543 ], [ -71.89978, -38.99536 ], [ -71.9005, -38.9951 ], [ -71.90111, -38.99497 ], [ -71.9037, -38.99556 ], [ -71.90455, -38.99635 ], [ -71.90596, -38.99735 ], [ -71.90651, -38.99761 ], [ -71.90738, -38.99782 ], [ -71.90772, -38.9982 ], [ -71.90825, -38.99815 ], [ -71.90853, -38.99822 ], [ -71.90882, -38.99836 ], [ -71.90926, -38.99877 ], [ -71.90966, -38.99878 ], [ -71.91039, -38.99865 ], [ -71.91075, -38.99845 ], [ -71.91143, -38.99824 ], [ -71.9116, -38.99797 ], [ -71.91203, -38.99775 ], [ -71.91289, -38.99782 ], [ -71.91331, -38.99798 ], [ -71.91368, -38.99864 ], [ -71.91445, -38.99886 ], [ -71.91457, -38.99921 ], [ -71.91445, -38.99979 ], [ -71.91451, -38.99996 ], [ -71.91494, -39.00043 ], [ -71.9154, -39.00064 ], [ -71.91586, -39.00074 ], [ -71.91591, -39.00086 ], [ -71.9157, -39.0012 ], [ -71.91565, -39.00146 ], [ -71.91623, -39.00184 ], [ -71.9166, -39.00233 ], [ -71.91705, -39.00267 ], [ -71.91745, -39.00281 ], [ -71.91897, -39.00294 ], [ -71.91964, -39.0031 ], [ -71.91999, -39.00305 ] ] } },
{ "type": "Feature", "properties": { "osm_id": 703210540, "nombre": "Sin nombre", "tipo": "stream", "volcan_codigo": "SOL", "volcan_nombre": "Sollipulli", "drena_volcan": false }, "geometry": { "type": "LineString", "coordinates": [ [ -71.92202, -38.99375 ], [ -71.92208, -38.99386 ], [ -71.92205, -38.99416 ], [ -71.92167, -38.99462 ], [ -71.92166, -38.99484 ], [ -71.92215, -38.99612 ], [ -71.92209, -38.99638 ], [ -71.9222, -38.99692 ], [ -71.92173, -38.99745 ], [ -71.92172, -38.99763 ], [ -71.92196, -38.99791 ], [ -71.92195, -38.99807 ], [ -71.9222, -38.9984 ], [ -71.92223, -38.99866 ], [ -71.92208, -38.99901 ], [ -71.92201, -38.99945 ], [ -71.92212, -38.99973 ], [ -71.92208, -39.00007 ], [ -71.92175, -39.00065 ], [ -71.92182, -39.00101 ], [ -71.92172, -39.00131 ], [ -71.92179, -39.00175 ], [ -71.92148, -39.00225 ], [ -71.9213, -39.00235 ], [ -71.92088, -39.00231 ], [ -71.92065, -39.00238 ], [ -71.92041, -39.00258 ], [ -71.92039, -39.00282 ] ] } },
{ "type": "Feature", "properties": { "osm_id": 747007954, "nombre": "Río Rucachoroi", "tipo": "river", "volcan_codigo": "SOL", "volcan_nombre": "Sollipulli", "drena_volcan": false }, "geometry": { "type": "LineString", "coordinates": [ [ -71.14981, -39.21872 ], [ -71.14864, -39.21858 ], [ -71.14737, -39.21812 ], [ -71.14655, -39.21801 ], [ -71.14445, -39.21855 ], [ -71.14393, -39.2185 ], [ -71.14347, -39.21813 ], [ -71.14181, -39.21714 ], [ -71.14075, -39.21622 ], [ -71.13986, -39.21531 ], [ -71.1394, -39.21456 ], [ -71.13885, -39.21407 ], [ -71.13793, -39.21345 ], [ -71.1368, -39.21304 ], [ -71.13628, -39.21255 ], [ -71.13601, -39.21258 ], [ -71.13563, -39.21291 ], [ -71.13539, -39.21301 ], [ -71.13407, -39.2129 ] ] } },
{ "type": "Feature", "properties": { "osm_id": 766163836, "nombre": "Sin nombre", "tipo": "stream", "volcan_codigo": "SOL", "volcan_nombre": "Sollipulli", "drena_volcan": false }, "geometry": { "type": "LineString", "coordinates": [ [ -71.58449, -38.99103 ], [ -71.58534, -38.99063 ], [ -71.58548, -38.9904 ], [ -71.58582, -38.99028 ], [ -71.58579, -38.98983 ], [ -71.58562, -38.98949 ], [ -71.58566, -38.98936 ], [ -71.58597, -38.98943 ], [ -71.58656, -38.98916 ], [ -71.58688, -38.98867 ], [ -71.58683, -38.98837 ], [ -71.58693, -38.98829 ] ] } },
{ "type": "Feature", "properties": { "osm_id": 766163837, "nombre": "Río Alpehue", "tipo": "river", "volcan_codigo": "SOL", "volcan_nombre": "Sollipulli", "drena_volcan": false }, "geometry": { "type": "LineString", "coordinates": [ [ -71.58359, -38.98588 ], [ -71.58401, -38.98605 ], [ -71.58473, -38.9859 ], [ -71.58488, -38.98635 ], [ -71.58523, -38.98659 ], [ -71.58571, -38.98673 ], [ -71.5856, -38.98717 ], [ -71.58597, -38.98751 ], [ -71.58653, -38.98781 ], [ -71.58664, -38.98798 ], [ -71.58687, -38.98812 ], [ -71.587, -38.98837 ], [ -71.58832, -38.98857 ], [ -71.58908, -38.98886 ], [ -71.58944, -38.98926 ], [ -71.58974, -38.98944 ], [ -71.58985, -38.98972 ], [ -71.59014, -38.98996 ], [ -71.59037, -38.99032 ], [ -71.59106, -38.99065 ], [ -71.59147, -38.99114 ], [ -71.59198, -38.99139 ], [ -71.59235, -38.99128 ], [ -71.59288, -38.99125 ], [ -71.59301, -38.99136 ], [ -71.59311, -38.99165 ], [ -71.59378, -38.99197 ], [ -71.59413, -38.99225 ], [ -71.59452, -38.99192 ], [ -71.59495, -38.99228 ], [ -71.59531, -38.99221 ], [ -71.59578, -38.99231 ], [ -71.59627, -38.99213 ], [ -71.59639, -38.99198 ], [ -71.59684, -38.99199 ], [ -71.59734, -38.9917 ], [ -71.59764, -38.99167 ], [ -71.59817, -38.99124 ], [ -71.59847, -38.99119 ], [ -71.59861, -38.99103 ], [ -71.59922, -38.99066 ], [ -71.59944, -38.99027 ], [ -71.59994, -38.99009 ], [ -71.60056, -38.9897 ], [ -71.6007, -38.98954 ], [ -71.60069, -38.98918 ], [ -71.60042, -38.98899 ], [ -71.60052, -38.98877 ], [ -71.60023, -38.98814 ], [ -71.60037, -38.98776 ], [ -71.60014, -38.98743 ], [ -71.59944, -38.9872 ], [ -71.59923, -38.98688 ], [ -71.59894, -38.98665 ], [ -71.59901, -38.98588 ], [ -71.59869, -38.98545 ], [ -71.5987, -38.98527 ], [ -71.59902, -38.98476 ], [ -71.59893, -38.98458 ], [ -71.59897, -38.98435 ], [ -71.5996, -38.98364 ], [ -71.59994, -38.98289 ], [ -71.60009, -38.98278 ], [ -71.60058, -38.9827 ], [ -71.60075, -38.98241 ], [ -71.60075, -38.98195 ], [ -71.60065, -38.98175 ], [ -71.60075, -38.98146 ], [ -71.60058, -38.98125 ], [ -71.60058, -38.98078 ], [ -71.60098, -38.98033 ], [ -71.60101, -38.97993 ], [ -71.60093, -38.97979 ], [ -71.60101, -38.97924 ], [ -71.60111, -38.97905 ], [ -71.60154, -38.9787 ], [ -71.60296, -38.97851 ], [ -71.60324, -38.97812 ], [ -71.60388, -38.97789 ], [ -71.60385, -38.97769 ], [ -71.60396, -38.97743 ], [ -71.60452, -38.97696 ], [ -71.60453, -38.97683 ], [ -71.60433, -38.97661 ], [ -71.60432, -38.9765 ], [ -71.6046, -38.97607 ], [ -71.60477, -38.97553 ], [ -71.60495, -38.97533 ], [ -71.60538, -38.97528 ], [ -71.60621, -38.9754 ], [ -71.60657, -38.97521 ], [ -71.60688, -38.97484 ], [ -71.60698, -38.97434 ], [ -71.60646, -38.97374 ], [ -71.60614, -38.97359 ], [ -71.6056, -38.97316 ], [ -71.60557, -38.97287 ], [ -71.60578, -38.97211 ], [ -71.60531, -38.97159 ], [ -71.60524, -38.97132 ], [ -71.60541, -38.97083 ], [ -71.60535, -38.97034 ], [ -71.60551, -38.97003 ], [ -71.60551, -38.96952 ], [ -71.60594, -38.9691 ], [ -71.60611, -38.96879 ], [ -71.60644, -38.96856 ], [ -71.60648, -38.96828 ], [ -71.60666, -38.96799 ], [ -71.60694, -38.96785 ] ] } },
{ "type": "Feature", "properties": { "osm_id": 774850729, "nombre": "Estero El Seco", "tipo": "stream", "volcan_codigo": "SOL", "volcan_nombre": "Sollipulli", "drena_volcan": false }, "geometry": { "type": "LineString", "coordinates": [ [ -71.88195, -38.65667 ], [ -71.88267, -38.65667 ], [ -71.88304, -38.6568 ], [ -71.88316, -38.65749 ], [ -71.88334, -38.6579 ], [ -71.88375, -38.65829 ], [ -71.88387, -38.65861 ], [ -71.88429, -38.65888 ], [ -71.8855, -38.6587 ], [ -71.88592, -38.65892 ], [ -71.88623, -38.65936 ], [ -71.88768, -38.65927 ], [ -71.88814, -38.6594 ], [ -71.88883, -38.65979 ], [ -71.88943, -38.65992 ], [ -71.88979, -38.6598 ], [ -71.88993, -38.65928 ], [ -71.89012, -38.65912 ], [ -71.89056, -38.65914 ], [ -71.89159, -38.65956 ], [ -71.89209, -38.65968 ], [ -71.8932, -38.65962 ], [ -71.8935, -38.65979 ], [ -71.89383, -38.66059 ], [ -71.89414, -38.66091 ], [ -71.89429, -38.66104 ], [ -71.89493, -38.66129 ], [ -71.89579, -38.66131 ], [ -71.8968, -38.66118 ], [ -71.89811, -38.6609 ], [ -71.89874, -38.66064 ], [ -71.89925, -38.66055 ], [ -71.90038, -38.66062 ], [ -71.90139, -38.66057 ], [ -71.90346, -38.66081 ], [ -71.90574, -38.66152 ], [ -71.90698, -38.66166 ], [ -71.90741, -38.66159 ], [ -71.90773, -38.66165 ], [ -71.90811, -38.66185 ], [ -71.90871, -38.66248 ], [ -71.9099, -38.66268 ], [ -71.91075, -38.66314 ], [ -71.9111, -38.66362 ], [ -71.91153, -38.66377 ], [ -71.91189, -38.66374 ], [ -71.91197, -38.6639 ], [ -71.91297, -38.6641 ], [ -71.91389, -38.66446 ], [ -71.91544, -38.66535 ], [ -71.91602, -38.66583 ], [ -71.91768, -38.66689 ], [ -71.91834, -38.66689 ], [ -71.91855, -38.66673 ], [ -71.91832, -38.6661 ], [ -71.91842, -38.66595 ], [ -71.91923, -38.66588 ], [ -71.9198, -38.66568 ], [ -71.92187, -38.66526 ], [ -71.92213, -38.66554 ], [ -71.92242, -38.66656 ], [ -71.92263, -38.66685 ], [ -71.92514, -38.66834 ], [ -71.92637, -38.66873 ], [ -71.927, -38.6687 ], [ -71.92773, -38.66941 ], [ -71.92847, -38.66983 ], [ -71.92906, -38.66996 ], [ -71.93028, -38.67003 ], [ -71.93059, -38.67014 ], [ -71.93107, -38.67012 ], [ -71.93153, -38.67028 ], [ -71.93258, -38.67135 ], [ -71.93263, -38.67146 ], [ -71.93254, -38.6722 ], [ -71.9326, -38.67231 ], [ -71.93366, -38.67294 ], [ -71.93508, -38.67297 ], [ -71.93576, -38.67271 ], [ -71.93625, -38.67274 ], [ -71.9382, -38.67317 ], [ -71.93904, -38.67346 ], [ -71.9406, -38.6737 ], [ -71.94243, -38.67462 ], [ -71.94277, -38.67508 ], [ -71.94289, -38.67558 ], [ -71.94344, -38.67592 ], [ -71.94364, -38.67625 ], [ -71.94401, -38.67649 ] ] } },
{ "type": "Feature", "properties": { "osm_id": 774850733, "nombre": "Río Calbuco", "tipo": "river", "volcan_codigo": "SOL", "volcan_nombre": "Sollipulli", "drena_volcan": false }, "geometry": { "type": "LineString", "coordinates": [ [ -71.96414, -38.71749 ], [ -71.9647, -38.71719 ], [ -71.96646, -38.71679 ], [ -71.96725, -38.71649 ], [ -71.96755, -38.71647 ], [ -71.96815, -38.71649 ], [ -71.96987, -38.71714 ], [ -71.97028, -38.71718 ], [ -71.97053, -38.71708 ], [ -71.97086, -38.71664 ], [ -71.97124, -38.71637 ], [ -71.97227, -38.716 ], [ -71.97334, -38.71605 ], [ -71.97476, -38.71654 ], [ -71.97534, -38.71664 ], [ -71.97532, -38.71604 ], [ -71.97566, -38.71582 ], [ -71.97639, -38.71557 ], [ -71.97691, -38.71565 ], [ -71.97719, -38.71579 ], [ -71.97759, -38.71575 ], [ -71.97834, -38.71537 ], [ -71.97912, -38.71515 ], [ -71.97942, -38.71497 ], [ -71.9798, -38.71495 ], [ -71.98021, -38.71497 ], [ -71.98073, -38.71517 ], [ -71.98199, -38.71592 ], [ -71.985, -38.71724 ], [ -71.98566, -38.71704 ], [ -71.98594, -38.71669 ], [ -71.98611, -38.71585 ], [ -71.98763, -38.71522 ], [ -71.98832, -38.71505 ], [ -71.98879, -38.71505 ], [ -71.98944, -38.71468 ], [ -71.99021, -38.71446 ], [ -71.99064, -38.71418 ], [ -71.99107, -38.71349 ], [ -71.99189, -38.71284 ], [ -71.99238, -38.71262 ], [ -71.99358, -38.71242 ], [ -71.99405, -38.71227 ], [ -71.99499, -38.71168 ], [ -71.99542, -38.71155 ], [ -71.99665, -38.71145 ], [ -71.99766, -38.71111 ], [ -71.99834, -38.711 ], [ -71.99884, -38.71073 ], [ -71.9991, -38.71004 ], [ -71.99963, -38.70937 ], [ -72.00015, -38.70904 ], [ -72.00023, -38.70884 ], [ -72.00008, -38.70803 ], [ -72.00028, -38.70762 ], [ -72.00043, -38.70609 ], [ -72.0004, -38.70549 ], [ -72.00081, -38.70537 ], [ -72.00128, -38.70539 ], [ -72.00156, -38.70525 ], [ -72.00251, -38.70303 ], [ -72.00298, -38.70274 ], [ -72.00407, -38.70184 ], [ -72.00433, -38.70137 ], [ -72.00529, -38.70077 ], [ -72.00579, -38.70058 ] ] } },
{ "type": "Feature", "properties": { "osm_id": 795734646, "nombre": "Arroyo Verde o Carico", "tipo": "stream", "volcan_codigo": "SOL", "volcan_nombre": "Sollipulli", "drena_volcan": false }, "geometry": { "type": "LineString", "coordinates": [ [ -71.34238, -38.88335 ], [ -71.34178, -38.88385 ], [ -71.34143, -38.88406 ], [ -71.34119, -38.88407 ], [ -71.34007, -38.88365 ], [ -71.33888, -38.88341 ], [ -71.33797, -38.88304 ], [ -71.33702, -38.88245 ], [ -71.33645, -38.88229 ], [ -71.3351, -38.881 ], [ -71.33461, -38.88073 ], [ -71.33407, -38.88063 ], [ -71.33309, -38.88082 ], [ -71.33238, -38.88085 ], [ -71.33173, -38.88112 ], [ -71.33158, -38.88135 ], [ -71.33148, -38.88267 ], [ -71.33118, -38.88374 ], [ -71.32995, -38.88503 ], [ -71.32845, -38.88594 ], [ -71.32766, -38.88685 ], [ -71.3265, -38.88786 ], [ -71.3262, -38.88932 ], [ -71.32588, -38.88964 ], [ -71.32521, -38.89002 ], [ -71.32487, -38.89054 ], [ -71.32437, -38.89067 ], [ -71.32349, -38.89065 ], [ -71.32255, -38.89052 ], [ -71.32199, -38.89057 ], [ -71.32051, -38.89104 ], [ -71.31914, -38.89127 ], [ -71.31839, -38.89161 ], [ -71.31687, -38.8926 ], [ -71.31636, -38.89264 ], [ -71.31561, -38.89237 ], [ -71.31524, -38.89234 ], [ -71.31465, -38.89247 ], [ -71.31392, -38.89281 ], [ -71.31352, -38.89285 ], [ -71.313, -38.89278 ], [ -71.31228, -38.89247 ], [ -71.31141, -38.89241 ], [ -71.31095, -38.89272 ], [ -71.31021, -38.8927 ], [ -71.30982, -38.89282 ], [ -71.30929, -38.89323 ], [ -71.3077, -38.89325 ], [ -71.30671, -38.8934 ], [ -71.30605, -38.89385 ], [ -71.30574, -38.89393 ], [ -71.30489, -38.89393 ], [ -71.30404, -38.89405 ], [ -71.30369, -38.89399 ], [ -71.30326, -38.89376 ], [ -71.30288, -38.89368 ], [ -71.30187, -38.89371 ], [ -71.30142, -38.89376 ], [ -71.29947, -38.89431 ], [ -71.29886, -38.8944 ], [ -71.29766, -38.89499 ], [ -71.29722, -38.89553 ], [ -71.29672, -38.89644 ], [ -71.29613, -38.89657 ], [ -71.29564, -38.89641 ], [ -71.29509, -38.89653 ], [ -71.29511, -38.8967 ], [ -71.29532, -38.89688 ], [ -71.29552, -38.89779 ], [ -71.29546, -38.89857 ], [ -71.2956, -38.89916 ], [ -71.29556, -38.89962 ], [ -71.29544, -38.89974 ], [ -71.29493, -38.89971 ], [ -71.29452, -38.89987 ], [ -71.29437, -38.89975 ], [ -71.29418, -38.89976 ], [ -71.29372, -38.89988 ], [ -71.29333, -38.89962 ], [ -71.29304, -38.89961 ], [ -71.29213, -38.89981 ], [ -71.29119, -38.8999 ], [ -71.29067, -38.90008 ] ] } },
{ "type": "Feature", "properties": { "osm_id": 795734647, "nombre": "Arroyo Verde", "tipo": "stream", "volcan_codigo": "SOL", "volcan_nombre": "Sollipulli", "drena_volcan": false }, "geometry": { "type": "LineString", "coordinates": [ [ -71.29053, -38.9001 ], [ -71.29027, -38.90009 ], [ -71.29008, -38.89988 ], [ -71.28977, -38.89952 ], [ -71.28963, -38.8991 ], [ -71.28947, -38.89893 ], [ -71.28815, -38.89876 ], [ -71.2876, -38.89913 ] ] } },
{ "type": "Feature", "properties": { "osm_id": 795734648, "nombre": "Arroyo Verde", "tipo": "stream", "volcan_codigo": "SOL", "volcan_nombre": "Sollipulli", "drena_volcan": false }, "geometry": { "type": "LineString", "coordinates": [ [ -71.29067, -38.90008 ], [ -71.29053, -38.9001 ] ] } },
{ "type": "Feature", "properties": { "osm_id": 795734649, "nombre": "Arroyo Cucúm o Coipocahué", "tipo": "stream", "volcan_codigo": "SOL", "volcan_nombre": "Sollipulli", "drena_volcan": false }, "geometry": { "type": "LineString", "coordinates": [ [ -71.2775, -38.87203 ], [ -71.27774, -38.87259 ], [ -71.27777, -38.87333 ], [ -71.27787, -38.87377 ], [ -71.27836, -38.87459 ], [ -71.27813, -38.87516 ], [ -71.27799, -38.87589 ], [ -71.27785, -38.87614 ], [ -71.27785, -38.87631 ], [ -71.27816, -38.87643 ], [ -71.27811, -38.87667 ], [ -71.27775, -38.8771 ], [ -71.2776, -38.87753 ], [ -71.27737, -38.87785 ], [ -71.27683, -38.87806 ], [ -71.27642, -38.87834 ], [ -71.27637, -38.87897 ], [ -71.27627, -38.87917 ], [ -71.27586, -38.87937 ], [ -71.27549, -38.87944 ], [ -71.27439, -38.87925 ], [ -71.27388, -38.87934 ], [ -71.27376, -38.87969 ], [ -71.27309, -38.88005 ], [ -71.27275, -38.8805 ], [ -71.27153, -38.88096 ], [ -71.27119, -38.8812 ], [ -71.27113, -38.8814 ], [ -71.27126, -38.88151 ], [ -71.27149, -38.88149 ], [ -71.27174, -38.88132 ], [ -71.27195, -38.88132 ], [ -71.27217, -38.88144 ], [ -71.27221, -38.88202 ], [ -71.27263, -38.88247 ], [ -71.27263, -38.88259 ], [ -71.27249, -38.88263 ], [ -71.2719, -38.8826 ], [ -71.27115, -38.88276 ], [ -71.27065, -38.88329 ], [ -71.27051, -38.88364 ], [ -71.27048, -38.88392 ], [ -71.27127, -38.88525 ], [ -71.27208, -38.88602 ], [ -71.27207, -38.88697 ], [ -71.27227, -38.88726 ], [ -71.27224, -38.88762 ], [ -71.27197, -38.88817 ], [ -71.27169, -38.88939 ], [ -71.2715, -38.88985 ], [ -71.2641, -38.89175 ] ] } },
{ "type": "Feature", "properties": { "osm_id": 795734650, "nombre": "Arroyo Cucúm o Coipocahué", "tipo": "stream", "volcan_codigo": "SOL", "volcan_nombre": "Sollipulli", "drena_volcan": false }, "geometry": { "type": "LineString", "coordinates": [ [ -71.25771, -38.82834 ], [ -71.25803, -38.82913 ], [ -71.25803, -38.83098 ], [ -71.25789, -38.83131 ], [ -71.25744, -38.83184 ], [ -71.25735, -38.83254 ], [ -71.2572, -38.83295 ], [ -71.25691, -38.83324 ], [ -71.25676, -38.83357 ], [ -71.25681, -38.83413 ], [ -71.25664, -38.83428 ], [ -71.25604, -38.83455 ], [ -71.25587, -38.8348 ], [ -71.25589, -38.83507 ], [ -71.25632, -38.83581 ], [ -71.25629, -38.83661 ], [ -71.25664, -38.83808 ], [ -71.25664, -38.83861 ], [ -71.25638, -38.83919 ], [ -71.25626, -38.83971 ], [ -71.25632, -38.84005 ], [ -71.25596, -38.84059 ], [ -71.25591, -38.84086 ], [ -71.25601, -38.84139 ], [ -71.25629, -38.84187 ], [ -71.25629, -38.84205 ], [ -71.25612, -38.84245 ], [ -71.25599, -38.84256 ], [ -71.25598, -38.84274 ], [ -71.25608, -38.84312 ], [ -71.25652, -38.84333 ], [ -71.25658, -38.84355 ] ] } },
{ "type": "Feature", "properties": { "osm_id": 795734652, "nombre": "Arroyo Cucúm o Coipocahué", "tipo": "stream", "volcan_codigo": "SOL", "volcan_nombre": "Sollipulli", "drena_volcan": false }, "geometry": { "type": "LineString", "coordinates": [ [ -71.27746, -38.87174 ], [ -71.2775, -38.87203 ] ] } },
{ "type": "Feature", "properties": { "osm_id": 795734653, "nombre": "Arroyo Cucúm o Coipocahué", "tipo": "stream", "volcan_codigo": "SOL", "volcan_nombre": "Sollipulli", "drena_volcan": false }, "geometry": { "type": "LineString", "coordinates": [ [ -71.25671, -38.84385 ], [ -71.25693, -38.84419 ], [ -71.25711, -38.84483 ], [ -71.25711, -38.84573 ], [ -71.257, -38.84633 ], [ -71.25646, -38.84688 ], [ -71.25639, -38.84716 ], [ -71.25608, -38.84764 ], [ -71.25594, -38.84769 ], [ -71.25572, -38.84748 ], [ -71.2556, -38.84746 ], [ -71.25537, -38.84757 ], [ -71.25536, -38.84776 ], [ -71.25503, -38.84816 ], [ -71.25412, -38.84833 ], [ -71.25384, -38.84855 ], [ -71.25374, -38.84878 ], [ -71.2538, -38.84965 ], [ -71.25398, -38.84986 ], [ -71.25449, -38.85005 ], [ -71.25495, -38.85034 ], [ -71.25526, -38.85037 ], [ -71.25543, -38.85026 ], [ -71.2556, -38.85027 ], [ -71.25604, -38.85086 ], [ -71.25646, -38.85123 ], [ -71.25657, -38.85188 ], [ -71.25674, -38.85207 ], [ -71.25693, -38.85222 ], [ -71.25756, -38.85239 ], [ -71.258, -38.85316 ], [ -71.2583, -38.85338 ], [ -71.25897, -38.85364 ], [ -71.25983, -38.85386 ], [ -71.2602, -38.85409 ], [ -71.26122, -38.85498 ], [ -71.26218, -38.85617 ], [ -71.26238, -38.8566 ], [ -71.26275, -38.85697 ], [ -71.26299, -38.85716 ], [ -71.26354, -38.85717 ], [ -71.26418, -38.85736 ], [ -71.26427, -38.85753 ], [ -71.26419, -38.85777 ], [ -71.26425, -38.85802 ], [ -71.2645, -38.85816 ], [ -71.26512, -38.85822 ], [ -71.26528, -38.85844 ], [ -71.26532, -38.85881 ], [ -71.26699, -38.85938 ], [ -71.26767, -38.85939 ], [ -71.26779, -38.86015 ], [ -71.26803, -38.86061 ], [ -71.26872, -38.86145 ], [ -71.26913, -38.8616 ], [ -71.2694, -38.86181 ], [ -71.26951, -38.86208 ], [ -71.26954, -38.86244 ], [ -71.26985, -38.86296 ], [ -71.27038, -38.86308 ], [ -71.27057, -38.86329 ], [ -71.27115, -38.86334 ], [ -71.27152, -38.86362 ], [ -71.27169, -38.86389 ], [ -71.27174, -38.86439 ], [ -71.27203, -38.86459 ], [ -71.27208, -38.86475 ], [ -71.27191, -38.86493 ], [ -71.27188, -38.86512 ], [ -71.27213, -38.86529 ], [ -71.27277, -38.86543 ], [ -71.27314, -38.86559 ], [ -71.27362, -38.86606 ], [ -71.27393, -38.86613 ], [ -71.27427, -38.86613 ], [ -71.27536, -38.86574 ], [ -71.2757, -38.86572 ], [ -71.27576, -38.86589 ], [ -71.27561, -38.86641 ], [ -71.27569, -38.86682 ], [ -71.27591, -38.86712 ], [ -71.27622, -38.86738 ], [ -71.27704, -38.86744 ], [ -71.2773, -38.86753 ], [ -71.2775, -38.86782 ], [ -71.27745, -38.86794 ], [ -71.27731, -38.86801 ], [ -71.2769, -38.86795 ], [ -71.27689, -38.86807 ], [ -71.27726, -38.8688 ], [ -71.27734, -38.86953 ], [ -71.27704, -38.87009 ], [ -71.27699, -38.87035 ], [ -71.27703, -38.8706 ], [ -71.27743, -38.87079 ], [ -71.27743, -38.87092 ], [ -71.2772, -38.87127 ], [ -71.27738, -38.87148 ], [ -71.27746, -38.87174 ] ] } },
{ "type": "Feature", "properties": { "osm_id": 795734654, "nombre": "Arroyo Cucúm o Coipocahué", "tipo": "stream", "volcan_codigo": "SOL", "volcan_nombre": "Sollipulli", "drena_volcan": false }, "geometry": { "type": "LineString", "coordinates": [ [ -71.25658, -38.84355 ], [ -71.25671, -38.84385 ] ] } },
{ "type": "Feature", "properties": { "osm_id": 795734655, "nombre": "Arroyo Purumeco", "tipo": "stream", "volcan_codigo": "SOL", "volcan_nombre": "Sollipulli", "drena_volcan": false }, "geometry": { "type": "LineString", "coordinates": [ [ -71.18079, -38.82041 ], [ -71.18075, -38.82165 ], [ -71.17996, -38.82337 ], [ -71.18092, -38.82499 ], [ -71.17916, -38.82753 ], [ -71.18107, -38.83059 ], [ -71.18058, -38.83213 ], [ -71.17963, -38.83287 ], [ -71.17852, -38.83489 ], [ -71.17787, -38.83641 ], [ -71.17893, -38.83847 ], [ -71.17884, -38.83987 ], [ -71.17764, -38.84194 ], [ -71.17826, -38.84326 ], [ -71.17699, -38.8453 ], [ -71.17511, -38.84868 ], [ -71.17611, -38.85015 ], [ -71.17824, -38.85164 ], [ -71.17837, -38.85419 ], [ -71.17927, -38.85685 ], [ -71.1804, -38.85857 ], [ -71.17999, -38.85956 ], [ -71.17896, -38.86018 ], [ -71.17893, -38.8608 ], [ -71.17901, -38.86095 ], [ -71.17957, -38.86114 ], [ -71.17987, -38.86138 ], [ -71.18044, -38.86206 ], [ -71.18208, -38.86335 ], [ -71.1822, -38.86348 ], [ -71.18229, -38.86387 ], [ -71.18273, -38.86435 ], [ -71.18278, -38.86484 ], [ -71.1829, -38.86502 ], [ -71.18329, -38.86548 ], [ -71.18368, -38.86571 ], [ -71.18377, -38.86589 ], [ -71.18372, -38.86603 ], [ -71.1833, -38.8663 ], [ -71.18325, -38.86652 ], [ -71.18347, -38.86777 ], [ -71.18358, -38.86793 ], [ -71.18392, -38.86811 ], [ -71.18401, -38.86827 ], [ -71.18406, -38.86891 ], [ -71.18419, -38.86906 ], [ -71.18489, -38.86929 ], [ -71.18508, -38.86944 ], [ -71.18543, -38.86995 ], [ -71.18589, -38.87025 ], [ -71.18693, -38.87044 ], [ -71.18746, -38.87063 ], [ -71.18863, -38.87067 ], [ -71.18922, -38.87056 ], [ -71.18974, -38.87029 ], [ -71.1904, -38.87083 ], [ -71.19134, -38.87085 ], [ -71.1915, -38.87093 ], [ -71.19155, -38.87127 ], [ -71.19175, -38.87135 ], [ -71.19213, -38.87115 ], [ -71.19291, -38.87112 ], [ -71.19311, -38.87128 ], [ -71.19332, -38.8717 ], [ -71.19341, -38.87197 ], [ -71.19345, -38.87257 ], [ -71.19359, -38.87291 ] ] } },
{ "type": "Feature", "properties": { "osm_id": 795734656, "nombre": "Arroyo Purumeco", "tipo": "stream", "volcan_codigo": "SOL", "volcan_nombre": "Sollipulli", "drena_volcan": false }, "geometry": { "type": "LineString", "coordinates": [ [ -71.19382, -38.873 ], [ -71.19413, -38.87337 ], [ -71.19408, -38.87369 ], [ -71.19431, -38.87382 ], [ -71.19439, -38.87396 ], [ -71.19427, -38.87518 ], [ -71.19443, -38.8756 ], [ -71.19481, -38.87598 ], [ -71.19486, -38.87643 ] ] } },
{ "type": "Feature", "properties": { "osm_id": 795734657, "nombre": "Arroyo Purumeco", "tipo": "stream", "volcan_codigo": "SOL", "volcan_nombre": "Sollipulli", "drena_volcan": false }, "geometry": { "type": "LineString", "coordinates": [ [ -71.19359, -38.87291 ], [ -71.19382, -38.873 ] ] } },
{ "type": "Feature", "properties": { "osm_id": 795793410, "nombre": "Arroyo Chañy", "tipo": "river", "volcan_codigo": "SOL", "volcan_nombre": "Sollipulli", "drena_volcan": false }, "geometry": { "type": "LineString", "coordinates": [ [ -71.20972, -38.94841 ], [ -71.20985, -38.94817 ], [ -71.21025, -38.94795 ], [ -71.21071, -38.94749 ], [ -71.21064, -38.94734 ], [ -71.21076, -38.94688 ], [ -71.21058, -38.9463 ], [ -71.21033, -38.94581 ], [ -71.20999, -38.94548 ], [ -71.20984, -38.94544 ], [ -71.20972, -38.94552 ], [ -71.20966, -38.94573 ], [ -71.20946, -38.94586 ], [ -71.20849, -38.94622 ], [ -71.20831, -38.94613 ], [ -71.20793, -38.94564 ], [ -71.20791, -38.94534 ], [ -71.20817, -38.94495 ], [ -71.20819, -38.94476 ], [ -71.20835, -38.94459 ], [ -71.20837, -38.94445 ], [ -71.20809, -38.94413 ], [ -71.20793, -38.94376 ], [ -71.20742, -38.94342 ], [ -71.20746, -38.94331 ], [ -71.20735, -38.9432 ], [ -71.20689, -38.9431 ], [ -71.20667, -38.9429 ], [ -71.20664, -38.94277 ], [ -71.20625, -38.94249 ], [ -71.2063, -38.9418 ], [ -71.20613, -38.94153 ], [ -71.20579, -38.94135 ], [ -71.20495, -38.94155 ], [ -71.20483, -38.94142 ], [ -71.20496, -38.94112 ], [ -71.20465, -38.9411 ], [ -71.20449, -38.941 ], [ -71.20467, -38.94073 ], [ -71.2049, -38.94072 ], [ -71.20513, -38.94081 ], [ -71.20542, -38.94064 ], [ -71.20543, -38.94018 ], [ -71.20578, -38.93992 ], [ -71.2058, -38.93979 ], [ -71.20546, -38.93965 ], [ -71.20447, -38.93972 ], [ -71.20415, -38.93954 ], [ -71.20424, -38.93935 ], [ -71.20417, -38.9391 ], [ -71.20382, -38.93898 ], [ -71.20371, -38.93901 ], [ -71.20315, -38.93958 ], [ -71.20314, -38.93975 ], [ -71.203, -38.93977 ], [ -71.20289, -38.93925 ], [ -71.20326, -38.9386 ], [ -71.20317, -38.9381 ], [ -71.20307, -38.938 ], [ -71.20273, -38.9382 ], [ -71.2025, -38.93821 ], [ -71.20197, -38.93757 ], [ -71.20151, -38.9374 ], [ -71.2015, -38.93714 ], [ -71.20181, -38.93713 ], [ -71.20201, -38.93704 ], [ -71.20204, -38.93694 ], [ -71.20193, -38.93679 ], [ -71.20111, -38.93669 ], [ -71.20072, -38.93673 ], [ -71.20028, -38.93641 ], [ -71.19924, -38.93647 ], [ -71.19927, -38.93617 ], [ -71.19917, -38.93605 ], [ -71.19847, -38.93594 ], [ -71.19803, -38.93571 ], [ -71.198, -38.93561 ], [ -71.19823, -38.93494 ], [ -71.19785, -38.93445 ], [ -71.1972, -38.93408 ], [ -71.19687, -38.93408 ], [ -71.19627, -38.9345 ], [ -71.19583, -38.93416 ], [ -71.19525, -38.93387 ], [ -71.19515, -38.93375 ], [ -71.19513, -38.93352 ], [ -71.19491, -38.93333 ], [ -71.19459, -38.93334 ], [ -71.19442, -38.93377 ], [ -71.19424, -38.93369 ], [ -71.19418, -38.93334 ], [ -71.19306, -38.93208 ], [ -71.19299, -38.93183 ], [ -71.19307, -38.93157 ], [ -71.19272, -38.9314 ], [ -71.19262, -38.93125 ], [ -71.19279, -38.9311 ], [ -71.19361, -38.93111 ], [ -71.19398, -38.93095 ], [ -71.19397, -38.93083 ], [ -71.19367, -38.9306 ], [ -71.19388, -38.93041 ], [ -71.19388, -38.93002 ], [ -71.19429, -38.92973 ], [ -71.19407, -38.9295 ], [ -71.19364, -38.92934 ], [ -71.19345, -38.92938 ], [ -71.19311, -38.92962 ], [ -71.19232, -38.92935 ], [ -71.19194, -38.92907 ], [ -71.19122, -38.92943 ], [ -71.19105, -38.92944 ], [ -71.19093, -38.9293 ], [ -71.19099, -38.92904 ], [ -71.19057, -38.92894 ], [ -71.19044, -38.92894 ], [ -71.19024, -38.92908 ], [ -71.18953, -38.92895 ], [ -71.18908, -38.92913 ], [ -71.1887, -38.92912 ], [ -71.18857, -38.92902 ], [ -71.18858, -38.92871 ], [ -71.18799, -38.92818 ], [ -71.18805, -38.92794 ], [ -71.18824, -38.92767 ], [ -71.18837, -38.92719 ], [ -71.18833, -38.92704 ], [ -71.18821, -38.927 ], [ -71.18788, -38.92706 ], [ -71.18739, -38.92689 ], [ -71.18734, -38.92698 ], [ -71.18748, -38.92715 ], [ -71.18746, -38.92724 ], [ -71.18728, -38.92729 ], [ -71.18696, -38.92725 ], [ -71.18682, -38.92734 ], [ -71.18679, -38.92745 ], [ -71.187, -38.92772 ], [ -71.18698, -38.92786 ], [ -71.18681, -38.9279 ], [ -71.1864, -38.92773 ], [ -71.18636, -38.92758 ], [ -71.18641, -38.92736 ], [ -71.18632, -38.92706 ], [ -71.18648, -38.92665 ], [ -71.18644, -38.92648 ], [ -71.18631, -38.92639 ], [ -71.1859, -38.92642 ], [ -71.18575, -38.92633 ], [ -71.18576, -38.92619 ], [ -71.18598, -38.92591 ], [ -71.18597, -38.92578 ], [ -71.18612, -38.92567 ], [ -71.18618, -38.92549 ], [ -71.18597, -38.92525 ], [ -71.18594, -38.92504 ], [ -71.18619, -38.92477 ], [ -71.18669, -38.92469 ], [ -71.18694, -38.92457 ], [ -71.18701, -38.92445 ], [ -71.18658, -38.92403 ], [ -71.18652, -38.92376 ], [ -71.1863, -38.92366 ], [ -71.18605, -38.92369 ], [ -71.18563, -38.92394 ], [ -71.18542, -38.92394 ], [ -71.18472, -38.92369 ], [ -71.18453, -38.92346 ], [ -71.18494, -38.92325 ], [ -71.18544, -38.92323 ], [ -71.18556, -38.92313 ], [ -71.18515, -38.92272 ], [ -71.18479, -38.92275 ], [ -71.18465, -38.92267 ], [ -71.18462, -38.92235 ], [ -71.18481, -38.92204 ], [ -71.18498, -38.92197 ], [ -71.18518, -38.92205 ], [ -71.18538, -38.92244 ], [ -71.18549, -38.92251 ], [ -71.18626, -38.92261 ], [ -71.18649, -38.92243 ], [ -71.18644, -38.92219 ], [ -71.18654, -38.92191 ], [ -71.18621, -38.92166 ], [ -71.18576, -38.92169 ], [ -71.18553, -38.92153 ], [ -71.18583, -38.92091 ], [ -71.18605, -38.92064 ], [ -71.18608, -38.92043 ], [ -71.18595, -38.92034 ], [ -71.18531, -38.9202 ], [ -71.18518, -38.91975 ], [ -71.1842, -38.91911 ], [ -71.18413, -38.91898 ] ] } },
{ "type": "Feature", "properties": { "osm_id": 800316590, "nombre": "Río Pucón", "tipo": "river", "volcan_codigo": "SOL", "volcan_nombre": "Sollipulli", "drena_volcan": true }, "geometry": { "type": "LineString", "coordinates": [ [ -71.75083, -39.32406 ], [ -71.7513, -39.32394 ], [ -71.75189, -39.32362 ], [ -71.75263, -39.32288 ], [ -71.75306, -39.32216 ], [ -71.75347, -39.3218 ], [ -71.75411, -39.32158 ], [ -71.75465, -39.32155 ], [ -71.7551, -39.32163 ], [ -71.75541, -39.32185 ], [ -71.75574, -39.32228 ], [ -71.75649, -39.32361 ], [ -71.7569, -39.32391 ], [ -71.75737, -39.32411 ], [ -71.75798, -39.32421 ], [ -71.75843, -39.32411 ], [ -71.75883, -39.32377 ], [ -71.75935, -39.32314 ], [ -71.75986, -39.32266 ], [ -71.76055, -39.32235 ], [ -71.76106, -39.32226 ], [ -71.76149, -39.32238 ], [ -71.76204, -39.32288 ], [ -71.76226, -39.32329 ], [ -71.76251, -39.32385 ], [ -71.76318, -39.326 ], [ -71.76321, -39.32636 ], [ -71.76288, -39.32743 ], [ -71.76284, -39.32792 ], [ -71.76285, -39.32834 ], [ -71.76315, -39.3288 ], [ -71.76381, -39.3292 ], [ -71.76467, -39.3295 ], [ -71.76795, -39.3301 ], [ -71.77027, -39.33061 ], [ -71.77098, -39.33051 ], [ -71.77252, -39.32995 ], [ -71.77293, -39.32995 ], [ -71.77776, -39.33055 ], [ -71.77963, -39.33033 ], [ -71.78031, -39.33018 ], [ -71.78087, -39.3302 ], [ -71.78362, -39.33119 ], [ -71.78471, -39.33141 ], [ -71.78673, -39.33139 ], [ -71.78973, -39.33086 ], [ -71.79164, -39.33081 ], [ -71.79578, -39.33148 ], [ -71.79801, -39.33214 ], [ -71.79952, -39.33216 ], [ -71.80194, -39.33184 ], [ -71.80331, -39.33183 ], [ -71.80636, -39.33211 ], [ -71.80851, -39.33246 ], [ -71.81231, -39.33322 ], [ -71.8134, -39.33329 ], [ -71.81422, -39.33318 ] ] } },
{ "type": "Feature", "properties": { "osm_id": 800316591, "nombre": "Río Carrileufú", "tipo": "river", "volcan_codigo": "SOL", "volcan_nombre": "Sollipulli", "drena_volcan": true }, "geometry": { "type": "LineString", "coordinates": [ [ -71.84249, -39.24846 ], [ -71.84305, -39.24892 ], [ -71.84333, -39.24991 ], [ -71.84367, -39.25029 ], [ -71.84453, -39.25053 ], [ -71.84532, -39.25054 ], [ -71.84609, -39.25038 ], [ -71.84691, -39.24998 ], [ -71.84706, -39.24979 ], [ -71.84748, -39.24796 ], [ -71.84769, -39.2475 ], [ -71.84806, -39.24722 ], [ -71.84877, -39.24703 ], [ -71.85027, -39.24698 ], [ -71.85207, -39.24642 ], [ -71.85342, -39.24612 ], [ -71.85575, -39.24513 ], [ -71.85624, -39.2451 ], [ -71.85648, -39.24517 ], [ -71.85707, -39.24558 ], [ -71.85737, -39.24607 ], [ -71.8576, -39.2471 ], [ -71.85871, -39.24831 ], [ -71.8594, -39.24876 ], [ -71.8603, -39.24914 ], [ -71.86082, -39.24926 ], [ -71.86186, -39.24934 ], [ -71.86385, -39.24921 ], [ -71.86427, -39.24934 ], [ -71.86438, -39.24946 ], [ -71.86471, -39.2503 ], [ -71.86479, -39.25132 ], [ -71.86554, -39.25397 ], [ -71.86598, -39.25477 ], [ -71.86643, -39.25526 ], [ -71.86858, -39.25612 ], [ -71.8691, -39.25639 ], [ -71.8696, -39.25688 ], [ -71.86968, -39.25743 ], [ -71.86939, -39.25811 ], [ -71.86931, -39.25851 ], [ -71.86926, -39.25911 ], [ -71.86936, -39.25922 ], [ -71.8699, -39.25939 ], [ -71.87065, -39.25927 ], [ -71.87158, -39.25874 ], [ -71.87249, -39.25776 ], [ -71.87268, -39.25769 ], [ -71.87312, -39.2577 ], [ -71.87431, -39.25814 ], [ -71.87525, -39.2587 ], [ -71.87565, -39.2591 ], [ -71.87578, -39.25939 ], [ -71.87578, -39.26002 ], [ -71.87599, -39.2604 ], [ -71.87694, -39.26094 ], [ -71.87753, -39.26167 ], [ -71.8804, -39.26351 ], [ -71.88128, -39.26447 ], [ -71.88184, -39.2649 ], [ -71.88248, -39.26526 ], [ -71.88308, -39.2653 ], [ -71.88428, -39.26507 ], [ -71.88518, -39.26473 ], [ -71.88676, -39.26393 ], [ -71.88699, -39.26393 ], [ -71.88989, -39.26519 ], [ -71.89141, -39.26564 ], [ -71.8925, -39.2661 ], [ -71.89309, -39.26644 ], [ -71.89337, -39.26677 ], [ -71.89352, -39.26717 ], [ -71.89408, -39.27052 ], [ -71.8943, -39.27089 ], [ -71.89486, -39.27152 ], [ -71.89537, -39.27256 ], [ -71.89559, -39.27321 ], [ -71.89622, -39.27415 ], [ -71.89712, -39.27505 ] ] } },
{ "type": "Feature", "properties": { "osm_id": 800320022, "nombre": "Río Carrileufú", "tipo": "river", "volcan_codigo": "SOL", "volcan_nombre": "Sollipulli", "drena_volcan": false }, "geometry": { "type": "LineString", "coordinates": [ [ -71.84407, -39.24477 ], [ -71.84393, -39.24501 ], [ -71.84338, -39.24544 ], [ -71.84299, -39.24588 ], [ -71.84261, -39.24649 ], [ -71.84262, -39.24669 ], [ -71.84297, -39.24688 ], [ -71.84312, -39.24714 ], [ -71.84304, -39.24746 ], [ -71.84249, -39.24846 ] ] } },
{ "type": "Feature", "properties": { "osm_id": 815062880, "nombre": "Arroyo China Muerta", "tipo": "river", "volcan_codigo": "SOL", "volcan_nombre": "Sollipulli", "drena_volcan": false }, "geometry": { "type": "LineString", "coordinates": [ [ -71.10122, -39.07815 ], [ -71.10098, -39.07808 ], [ -71.0993, -39.07815 ], [ -71.09905, -39.07805 ], [ -71.09829, -39.078 ], [ -71.098, -39.07768 ], [ -71.09767, -39.07777 ], [ -71.09741, -39.07768 ], [ -71.09745, -39.07741 ], [ -71.09731, -39.0773 ], [ -71.09646, -39.07708 ], [ -71.0959, -39.07716 ], [ -71.09462, -39.07755 ], [ -71.09424, -39.07755 ], [ -71.09392, -39.07742 ], [ -71.09348, -39.07738 ], [ -71.09325, -39.07715 ], [ -71.092, -39.07749 ], [ -71.09144, -39.07729 ], [ -71.09009, -39.07738 ], [ -71.08966, -39.07768 ], [ -71.08929, -39.0778 ], [ -71.08817, -39.07754 ], [ -71.08782, -39.07731 ], [ -71.08796, -39.07709 ], [ -71.08781, -39.07694 ], [ -71.08748, -39.07694 ], [ -71.08741, -39.07726 ], [ -71.087, -39.07727 ], [ -71.08699, -39.07747 ], [ -71.08605, -39.07817 ], [ -71.08568, -39.07769 ], [ -71.08529, -39.07695 ], [ -71.08532, -39.07661 ], [ -71.08548, -39.07638 ], [ -71.08551, -39.07617 ], [ -71.08517, -39.07586 ], [ -71.08283, -39.07521 ], [ -71.08243, -39.07522 ], [ -71.08206, -39.0751 ], [ -71.08099, -39.07543 ], [ -71.07954, -39.07571 ], [ -71.07873, -39.07575 ], [ -71.07678, -39.07542 ], [ -71.07605, -39.07515 ], [ -71.07531, -39.07474 ], [ -71.07516, -39.07445 ], [ -71.07482, -39.07423 ], [ -71.0736, -39.07454 ], [ -71.073, -39.07449 ], [ -71.07243, -39.07478 ], [ -71.07182, -39.07464 ], [ -71.07018, -39.07446 ], [ -71.06844, -39.074 ], [ -71.06763, -39.07388 ], [ -71.06704, -39.07406 ], [ -71.06544, -39.07434 ], [ -71.06519, -39.07389 ], [ -71.06476, -39.07378 ], [ -71.06364, -39.07316 ], [ -71.06285, -39.07303 ], [ -71.06218, -39.07243 ], [ -71.06171, -39.07223 ], [ -71.06113, -39.07218 ], [ -71.05966, -39.07252 ], [ -71.05957, -39.07238 ], [ -71.05856, -39.07255 ], [ -71.05782, -39.07249 ], [ -71.05738, -39.07231 ], [ -71.05709, -39.07158 ], [ -71.05671, -39.07122 ], [ -71.05597, -39.071 ], [ -71.05556, -39.0708 ], [ -71.05492, -39.07078 ], [ -71.0513, -39.06997 ], [ -71.05089, -39.07 ], [ -71.05012, -39.06976 ], [ -71.04979, -39.06942 ], [ -71.0492, -39.0691 ], [ -71.04843, -39.06903 ], [ -71.04755, -39.0693 ], [ -71.0464, -39.06901 ], [ -71.04597, -39.06867 ], [ -71.04517, -39.06833 ], [ -71.04342, -39.06781 ], [ -71.04254, -39.06769 ], [ -71.04177, -39.06739 ], [ -71.04148, -39.06686 ], [ -71.04162, -39.06642 ], [ -71.04042, -39.06555 ], [ -71.0387, -39.06516 ], [ -71.03759, -39.06511 ], [ -71.03685, -39.06492 ], [ -71.03636, -39.0649 ], [ -71.03598, -39.06444 ], [ -71.03464, -39.064 ], [ -71.03303, -39.06359 ], [ -71.0323, -39.06319 ], [ -71.03181, -39.06266 ], [ -71.03157, -39.06194 ], [ -71.03165, -39.06114 ], [ -71.03137, -39.06072 ], [ -71.02947, -39.06033 ], [ -71.02879, -39.06007 ], [ -71.02774, -39.06033 ], [ -71.02699, -39.06011 ], [ -71.02646, -39.05948 ], [ -71.02614, -39.05868 ], [ -71.0244, -39.05715 ], [ -71.02315, -39.05664 ], [ -71.02118, -39.05543 ], [ -71.01983, -39.05543 ], [ -71.01891, -39.05583 ], [ -71.01856, -39.05552 ], [ -71.01843, -39.05502 ], [ -71.01787, -39.05464 ], [ -71.01572, -39.05406 ], [ -71.01491, -39.05357 ], [ -71.01387, -39.05333 ], [ -71.01303, -39.0536 ], [ -71.01186, -39.05475 ], [ -71.01124, -39.05479 ], [ -71.00943, -39.05401 ], [ -71.00926, -39.05337 ], [ -71.00877, -39.05283 ], [ -71.00785, -39.05237 ], [ -71.00686, -39.05228 ], [ -71.00589, -39.05247 ], [ -71.00469, -39.05283 ], [ -71.00398, -39.05283 ], [ -71.0032, -39.05215 ], [ -71.00151, -39.05108 ], [ -70.99963, -39.05047 ] ] } },
{ "type": "Feature", "properties": { "osm_id": 815065533, "nombre": "Sin nombre", "tipo": "stream", "volcan_codigo": "SOL", "volcan_nombre": "Sollipulli", "drena_volcan": false }, "geometry": { "type": "LineString", "coordinates": [ [ -71.24025, -39.33212 ], [ -71.23968, -39.33224 ], [ -71.23898, -39.33256 ], [ -71.23793, -39.33275 ], [ -71.23683, -39.33266 ], [ -71.23624, -39.3327 ], [ -71.2356, -39.33294 ], [ -71.2346, -39.33307 ], [ -71.23335, -39.33358 ], [ -71.23237, -39.3335 ], [ -71.23164, -39.33372 ], [ -71.23122, -39.33356 ], [ -71.23075, -39.33354 ] ] } },
{ "type": "Feature", "properties": { "osm_id": 822929033, "nombre": "Arroyo Coloco", "tipo": "river", "volcan_codigo": "SOL", "volcan_nombre": "Sollipulli", "drena_volcan": false }, "geometry": { "type": "LineString", "coordinates": [ [ -71.31258, -39.16014 ], [ -71.31159, -39.15955 ], [ -71.31137, -39.15912 ], [ -71.31071, -39.15861 ], [ -71.30979, -39.15857 ], [ -71.30922, -39.1587 ], [ -71.30909, -39.1586 ], [ -71.30933, -39.15799 ], [ -71.30916, -39.15765 ], [ -71.30929, -39.15711 ], [ -71.30899, -39.15682 ], [ -71.30885, -39.15635 ], [ -71.30883, -39.15599 ], [ -71.30903, -39.15557 ], [ -71.30902, -39.1553 ], [ -71.30912, -39.15504 ], [ -71.30879, -39.15464 ], [ -71.3088, -39.1542 ], [ -71.30899, -39.15379 ], [ -71.30907, -39.15332 ], [ -71.30889, -39.15297 ], [ -71.30819, -39.15232 ], [ -71.30798, -39.15204 ], [ -71.30794, -39.15183 ], [ -71.30748, -39.15145 ], [ -71.30737, -39.15118 ], [ -71.3074, -39.15091 ], [ -71.30729, -39.15042 ], [ -71.30743, -39.15006 ], [ -71.30836, -39.14947 ], [ -71.30876, -39.14908 ], [ -71.3088, -39.14887 ], [ -71.30866, -39.1485 ], [ -71.30826, -39.14788 ], [ -71.30829, -39.14766 ], [ -71.30848, -39.14743 ], [ -71.30847, -39.14727 ], [ -71.30792, -39.1468 ], [ -71.30771, -39.14641 ], [ -71.30757, -39.14629 ], [ -71.30739, -39.14632 ], [ -71.30721, -39.14652 ], [ -71.30707, -39.14651 ], [ -71.30633, -39.14605 ], [ -71.30621, -39.14543 ], [ -71.30625, -39.14486 ], [ -71.30597, -39.14444 ], [ -71.30555, -39.14413 ], [ -71.30527, -39.14398 ], [ -71.30501, -39.14399 ], [ -71.30476, -39.14416 ], [ -71.30465, -39.1444 ], [ -71.30448, -39.14448 ], [ -71.30397, -39.14438 ], [ -71.30357, -39.14416 ], [ -71.30333, -39.14389 ], [ -71.30327, -39.14363 ], [ -71.30331, -39.14347 ], [ -71.30357, -39.1432 ], [ -71.30362, -39.14305 ], [ -71.30339, -39.14284 ], [ -71.30301, -39.14273 ], [ -71.3027, -39.14251 ], [ -71.30225, -39.14199 ], [ -71.30228, -39.14177 ], [ -71.30256, -39.14146 ], [ -71.30247, -39.14102 ], [ -71.30236, -39.14089 ], [ -71.30218, -39.14085 ], [ -71.30207, -39.14041 ], [ -71.30212, -39.13881 ], [ -71.30235, -39.13771 ], [ -71.30237, -39.13721 ], [ -71.30233, -39.13705 ], [ -71.30203, -39.13684 ], [ -71.30205, -39.13561 ], [ -71.30152, -39.13487 ], [ -71.30151, -39.13446 ] ] } },
{ "type": "Feature", "properties": { "osm_id": 822929285, "nombre": "Arroyo Pilhué", "tipo": "river", "volcan_codigo": "SOL", "volcan_nombre": "Sollipulli", "drena_volcan": false }, "geometry": { "type": "LineString", "coordinates": [ [ -71.37156, -39.11297 ], [ -71.37155, -39.1129 ], [ -71.3718, -39.1127 ], [ -71.37179, -39.1125 ], [ -71.37147, -39.11213 ], [ -71.37116, -39.11204 ], [ -71.37085, -39.11214 ], [ -71.37014, -39.11193 ], [ -71.36884, -39.1119 ], [ -71.36826, -39.112 ], [ -71.36782, -39.11224 ], [ -71.36736, -39.11236 ], [ -71.36626, -39.11235 ], [ -71.3656, -39.11242 ], [ -71.36519, -39.11237 ], [ -71.36426, -39.11171 ], [ -71.36367, -39.1116 ], [ -71.3633, -39.11168 ], [ -71.36321, -39.11153 ], [ -71.36325, -39.11138 ], [ -71.36307, -39.11139 ], [ -71.3626, -39.11175 ], [ -71.36229, -39.1123 ], [ -71.36174, -39.11242 ], [ -71.36093, -39.11279 ], [ -71.36061, -39.11275 ], [ -71.36053, -39.11263 ], [ -71.36096, -39.11225 ], [ -71.36103, -39.11196 ], [ -71.36085, -39.11158 ], [ -71.36058, -39.11135 ], [ -71.36018, -39.11126 ], [ -71.36, -39.11159 ], [ -71.35996, -39.11195 ], [ -71.35956, -39.11215 ], [ -71.35912, -39.11217 ], [ -71.35828, -39.112 ], [ -71.35738, -39.1122 ], [ -71.35704, -39.11238 ], [ -71.35612, -39.11255 ], [ -71.35587, -39.11269 ], [ -71.35579, -39.11308 ], [ -71.35583, -39.11384 ], [ -71.3557, -39.11392 ], [ -71.35552, -39.11433 ], [ -71.35528, -39.11459 ], [ -71.35521, -39.11484 ], [ -71.35529, -39.11496 ], [ -71.35559, -39.11493 ], [ -71.35639, -39.11467 ], [ -71.35656, -39.11466 ], [ -71.35663, -39.11476 ], [ -71.35606, -39.11526 ], [ -71.35587, -39.11534 ], [ -71.35514, -39.11534 ], [ -71.35495, -39.11559 ], [ -71.355, -39.11578 ], [ -71.35557, -39.11609 ], [ -71.35566, -39.11646 ], [ -71.35554, -39.11655 ] ] } },
{ "type": "Feature", "properties": { "osm_id": 822944847, "nombre": "Sin nombre", "tipo": "stream", "volcan_codigo": "SOL", "volcan_nombre": "Sollipulli", "drena_volcan": false }, "geometry": { "type": "LineString", "coordinates": [ [ -71.36942, -39.1542 ], [ -71.36894, -39.15433 ], [ -71.36873, -39.15412 ], [ -71.36838, -39.15399 ], [ -71.36827, -39.15403 ], [ -71.36816, -39.15428 ], [ -71.3679, -39.15426 ], [ -71.36775, -39.15452 ], [ -71.36748, -39.15467 ], [ -71.36723, -39.15468 ], [ -71.36704, -39.15488 ], [ -71.36644, -39.15492 ], [ -71.36597, -39.15508 ] ] } },
{ "type": "Feature", "properties": { "osm_id": 822944848, "nombre": "Sin nombre", "tipo": "stream", "volcan_codigo": "SOL", "volcan_nombre": "Sollipulli", "drena_volcan": false }, "geometry": { "type": "LineString", "coordinates": [ [ -71.38249, -39.15544 ], [ -71.38216, -39.15551 ], [ -71.38186, -39.15572 ], [ -71.38152, -39.1557 ], [ -71.38115, -39.15584 ], [ -71.37946, -39.15606 ], [ -71.37855, -39.15603 ], [ -71.37816, -39.15571 ], [ -71.37783, -39.1549 ], [ -71.37745, -39.15463 ], [ -71.37696, -39.15455 ], [ -71.37682, -39.15423 ], [ -71.37634, -39.15378 ], [ -71.37573, -39.15353 ], [ -71.37524, -39.15359 ], [ -71.37501, -39.15376 ], [ -71.3747, -39.15368 ], [ -71.37442, -39.1538 ], [ -71.37417, -39.15374 ], [ -71.3739, -39.15388 ], [ -71.37273, -39.15392 ], [ -71.37231, -39.15405 ], [ -71.37206, -39.15422 ], [ -71.37172, -39.15421 ], [ -71.37135, -39.15442 ], [ -71.37097, -39.15435 ], [ -71.37059, -39.15456 ], [ -71.37015, -39.15452 ], [ -71.37001, -39.15442 ], [ -71.36968, -39.15443 ], [ -71.36942, -39.1542 ] ] } },
{ "type": "Feature", "properties": { "osm_id": 822944849, "nombre": "Sin nombre", "tipo": "stream", "volcan_codigo": "SOL", "volcan_nombre": "Sollipulli", "drena_volcan": false }, "geometry": { "type": "LineString", "coordinates": [ [ -71.37033, -39.15267 ], [ -71.3703, -39.15285 ], [ -71.36978, -39.15304 ], [ -71.36939, -39.15351 ], [ -71.36924, -39.15379 ], [ -71.36942, -39.1542 ] ] } },
{ "type": "Feature", "properties": { "osm_id": 822998105, "nombre": "Sin nombre", "tipo": "stream", "volcan_codigo": "SOL", "volcan_nombre": "Sollipulli", "drena_volcan": false }, "geometry": { "type": "LineString", "coordinates": [ [ -71.31978, -39.31149 ], [ -71.32013, -39.3112 ], [ -71.32054, -39.31045 ], [ -71.32122, -39.31002 ], [ -71.32164, -39.30988 ], [ -71.32223, -39.30939 ], [ -71.32256, -39.30924 ], [ -71.32309, -39.30835 ], [ -71.32377, -39.30783 ], [ -71.32382, -39.3071 ], [ -71.32416, -39.30619 ], [ -71.32394, -39.3055 ], [ -71.32409, -39.3052 ], [ -71.32453, -39.30468 ], [ -71.32463, -39.30416 ], [ -71.32449, -39.30362 ], [ -71.32484, -39.30308 ] ] } },
{ "type": "Feature", "properties": { "osm_id": 822998106, "nombre": "Arroyo Maiaico", "tipo": "river", "volcan_codigo": "SOL", "volcan_nombre": "Sollipulli", "drena_volcan": false }, "geometry": { "type": "LineString", "coordinates": [ [ -71.32521, -39.28951 ], [ -71.32491, -39.28984 ], [ -71.32477, -39.29022 ], [ -71.32386, -39.29082 ], [ -71.32263, -39.29128 ], [ -71.32258, -39.29213 ], [ -71.3219, -39.29232 ], [ -71.32125, -39.29316 ] ] } },
{ "type": "Feature", "properties": { "osm_id": 822998107, "nombre": "Arroyo Maiaico", "tipo": "river", "volcan_codigo": "SOL", "volcan_nombre": "Sollipulli", "drena_volcan": false }, "geometry": { "type": "LineString", "coordinates": [ [ -71.32125, -39.29316 ], [ -71.32075, -39.29332 ], [ -71.3198, -39.2932 ], [ -71.31896, -39.29381 ], [ -71.31879, -39.29431 ], [ -71.3175, -39.29415 ], [ -71.3169, -39.29442 ], [ -71.31664, -39.29461 ], [ -71.31651, -39.295 ], [ -71.31715, -39.29523 ], [ -71.31707, -39.29535 ], [ -71.31687, -39.29543 ], [ -71.31659, -39.2957 ], [ -71.31594, -39.29574 ], [ -71.31501, -39.29625 ], [ -71.315, -39.29645 ], [ -71.31531, -39.29651 ], [ -71.31545, -39.29663 ], [ -71.31534, -39.29671 ], [ -71.31413, -39.29668 ], [ -71.31383, -39.29679 ], [ -71.31352, -39.29724 ], [ -71.31344, -39.29797 ], [ -71.31336, -39.29815 ], [ -71.31319, -39.29823 ], [ -71.31281, -39.29786 ], [ -71.31243, -39.29776 ], [ -71.3124, -39.29807 ], [ -71.31224, -39.29819 ], [ -71.31222, -39.29845 ], [ -71.31184, -39.29879 ], [ -71.31162, -39.29886 ], [ -71.31113, -39.29873 ], [ -71.3111, -39.29859 ], [ -71.31128, -39.29814 ], [ -71.31193, -39.29763 ], [ -71.31182, -39.29748 ], [ -71.31065, -39.29715 ], [ -71.3102, -39.29711 ], [ -71.30994, -39.29718 ], [ -71.30991, -39.29755 ], [ -71.30972, -39.29763 ], [ -71.30943, -39.29762 ], [ -71.30923, -39.2975 ], [ -71.30919, -39.29734 ], [ -71.30928, -39.29713 ], [ -71.30922, -39.29691 ], [ -71.30907, -39.29677 ], [ -71.30805, -39.29685 ], [ -71.30795, -39.29703 ], [ -71.30801, -39.29725 ], [ -71.30819, -39.29739 ], [ -71.30871, -39.29742 ], [ -71.30881, -39.2975 ], [ -71.3088, -39.2976 ], [ -71.30867, -39.29768 ], [ -71.30816, -39.29776 ], [ -71.30811, -39.29793 ], [ -71.30816, -39.29806 ], [ -71.30808, -39.29816 ], [ -71.30701, -39.2987 ], [ -71.30649, -39.29861 ], [ -71.30645, -39.29847 ], [ -71.30625, -39.29831 ], [ -71.30599, -39.29825 ], [ -71.3058, -39.29834 ], [ -71.30553, -39.29859 ], [ -71.30521, -39.29908 ], [ -71.30469, -39.29936 ], [ -71.30374, -39.3003 ], [ -71.3029, -39.30078 ], [ -71.30226, -39.30168 ], [ -71.30129, -39.30195 ], [ -71.30032, -39.30253 ], [ -71.30019, -39.30266 ], [ -71.3001, -39.30319 ], [ -71.29988, -39.30336 ], [ -71.29953, -39.30341 ], [ -71.29861, -39.30281 ], [ -71.29784, -39.30247 ], [ -71.29709, -39.30229 ], [ -71.29658, -39.30231 ], [ -71.29624, -39.30242 ], [ -71.2961, -39.30275 ], [ -71.29633, -39.30332 ], [ -71.29623, -39.30347 ], [ -71.29581, -39.30368 ], [ -71.29541, -39.30349 ], [ -71.2952, -39.30358 ], [ -71.29554, -39.3051 ], [ -71.29552, -39.30547 ], [ -71.2953, -39.30548 ], [ -71.29509, -39.30539 ], [ -71.29451, -39.30504 ], [ -71.29405, -39.30462 ], [ -71.29384, -39.30458 ], [ -71.29359, -39.30466 ], [ -71.29374, -39.30524 ], [ -71.2937, -39.30574 ], [ -71.29343, -39.30626 ], [ -71.29347, -39.30659 ], [ -71.29329, -39.30669 ], [ -71.29296, -39.30665 ], [ -71.29247, -39.30594 ], [ -71.29228, -39.30583 ], [ -71.29206, -39.30583 ], [ -71.29191, -39.30591 ], [ -71.2918, -39.30609 ], [ -71.29184, -39.30622 ], [ -71.29224, -39.30644 ], [ -71.2923, -39.30666 ], [ -71.29219, -39.30672 ], [ -71.29151, -39.30662 ], [ -71.29087, -39.30628 ], [ -71.29073, -39.30651 ], [ -71.29077, -39.3069 ], [ -71.29023, -39.30676 ], [ -71.28975, -39.30675 ], [ -71.28935, -39.30687 ], [ -71.28884, -39.30718 ], [ -71.28814, -39.30728 ], [ -71.28754, -39.30751 ], [ -71.2856, -39.30753 ], [ -71.28482, -39.30724 ], [ -71.28406, -39.3071 ], [ -71.2837, -39.30711 ], [ -71.28347, -39.30721 ], [ -71.28339, -39.3073 ], [ -71.28346, -39.3079 ], [ -71.28325, -39.30822 ], [ -71.28241, -39.3086 ], [ -71.28171, -39.30861 ], [ -71.28123, -39.30878 ], [ -71.28038, -39.30889 ], [ -71.27995, -39.30904 ], [ -71.28014, -39.30998 ], [ -71.2801, -39.31022 ], [ -71.27923, -39.31106 ], [ -71.27854, -39.31203 ], [ -71.27832, -39.3122 ], [ -71.27839, -39.31235 ], [ -71.27868, -39.31244 ], [ -71.27878, -39.31278 ], [ -71.27869, -39.31305 ], [ -71.27859, -39.31319 ], [ -71.2783, -39.31327 ], [ -71.27788, -39.31321 ], [ -71.27731, -39.31342 ], [ -71.27714, -39.3136 ], [ -71.27727, -39.31443 ], [ -71.27719, -39.31502 ], [ -71.27701, -39.31544 ], [ -71.27698, -39.31596 ], [ -71.27682, -39.31606 ], [ -71.27652, -39.31611 ], [ -71.27597, -39.31609 ], [ -71.27575, -39.31597 ], [ -71.27377, -39.31639 ], [ -71.27301, -39.31699 ], [ -71.27298, -39.3176 ], [ -71.27282, -39.31783 ], [ -71.27226, -39.31805 ], [ -71.27113, -39.31808 ], [ -71.27065, -39.31817 ], [ -71.27044, -39.31905 ], [ -71.26993, -39.31914 ], [ -71.26959, -39.319 ], [ -71.2694, -39.31884 ], [ -71.26923, -39.31825 ], [ -71.26865, -39.31786 ], [ -71.26768, -39.31836 ], [ -71.2663, -39.31855 ], [ -71.26605, -39.31879 ], [ -71.26462, -39.31876 ], [ -71.26402, -39.31893 ], [ -71.26344, -39.31898 ], [ -71.26306, -39.31894 ], [ -71.26237, -39.31865 ], [ -71.26178, -39.31859 ], [ -71.2614, -39.31875 ], [ -71.26104, -39.31939 ], [ -71.26043, -39.31997 ], [ -71.25999, -39.3201 ], [ -71.25906, -39.32019 ] ] } },
{ "type": "Feature", "properties": { "osm_id": 822998110, "nombre": "Arroyo Pichi Quinquin", "tipo": "river", "volcan_codigo": "SOL", "volcan_nombre": "Sollipulli", "drena_volcan": false }, "geometry": { "type": "LineString", "coordinates": [ [ -71.3236, -39.24301 ], [ -71.32294, -39.24318 ], [ -71.32186, -39.24327 ], [ -71.32078, -39.24372 ], [ -71.3197, -39.24402 ], [ -71.31629, -39.24445 ], [ -71.31442, -39.24437 ], [ -71.31353, -39.2444 ], [ -71.31235, -39.24425 ], [ -71.3106, -39.24475 ], [ -71.30945, -39.24489 ], [ -71.3084, -39.24475 ], [ -71.30754, -39.24478 ], [ -71.30611, -39.24437 ], [ -71.30471, -39.24465 ], [ -71.30432, -39.24463 ], [ -71.30402, -39.24453 ], [ -71.30351, -39.24418 ], [ -71.30275, -39.24332 ], [ -71.30203, -39.2429 ], [ -71.3018, -39.24267 ], [ -71.30164, -39.24208 ], [ -71.30187, -39.24106 ], [ -71.30166, -39.24066 ], [ -71.30069, -39.24027 ], [ -71.29972, -39.23939 ], [ -71.29933, -39.23934 ], [ -71.2988, -39.23944 ], [ -71.29827, -39.23932 ], [ -71.29751, -39.2387 ], [ -71.29745, -39.23831 ], [ -71.29733, -39.23817 ], [ -71.29713, -39.23813 ], [ -71.2966, -39.23819 ], [ -71.29633, -39.23807 ], [ -71.29622, -39.23829 ], [ -71.2961, -39.23823 ], [ -71.29579, -39.23839 ], [ -71.29565, -39.23827 ], [ -71.29564, -39.23789 ], [ -71.29572, -39.23768 ], [ -71.29564, -39.23753 ], [ -71.29544, -39.23757 ], [ -71.29535, -39.23776 ], [ -71.29504, -39.23773 ], [ -71.29489, -39.23784 ], [ -71.29472, -39.23783 ], [ -71.29435, -39.23751 ], [ -71.29447, -39.23727 ], [ -71.29441, -39.23701 ], [ -71.2945, -39.23692 ], [ -71.2953, -39.23681 ], [ -71.29546, -39.23668 ], [ -71.29534, -39.2365 ], [ -71.29494, -39.23652 ], [ -71.29481, -39.23642 ], [ -71.29506, -39.23586 ], [ -71.29488, -39.23565 ], [ -71.29472, -39.23555 ], [ -71.29431, -39.2356 ], [ -71.29416, -39.23549 ], [ -71.2941, -39.2353 ], [ -71.2936, -39.23492 ], [ -71.29326, -39.2349 ], [ -71.29282, -39.23517 ], [ -71.29263, -39.23511 ], [ -71.29246, -39.23493 ], [ -71.29242, -39.23454 ], [ -71.2918, -39.23424 ], [ -71.29189, -39.23411 ], [ -71.29214, -39.23401 ], [ -71.29207, -39.23387 ], [ -71.29156, -39.23389 ], [ -71.2914, -39.23379 ], [ -71.29111, -39.23397 ], [ -71.29086, -39.23365 ], [ -71.29062, -39.2338 ], [ -71.29044, -39.23365 ], [ -71.29055, -39.23357 ], [ -71.29049, -39.23347 ], [ -71.28929, -39.23301 ], [ -71.28858, -39.23313 ], [ -71.28826, -39.23307 ], [ -71.28806, -39.23291 ], [ -71.28814, -39.23266 ], [ -71.28753, -39.23232 ], [ -71.2874, -39.23195 ], [ -71.28709, -39.23155 ], [ -71.28608, -39.2308 ], [ -71.28586, -39.23039 ], [ -71.2858, -39.23023 ], [ -71.28587, -39.22993 ], [ -71.28574, -39.22939 ], [ -71.2854, -39.22911 ], [ -71.28556, -39.22881 ], [ -71.28533, -39.22876 ], [ -71.2855, -39.22828 ], [ -71.28546, -39.22801 ], [ -71.28536, -39.22782 ], [ -71.28469, -39.2274 ], [ -71.28465, -39.22724 ], [ -71.28481, -39.22706 ], [ -71.28486, -39.22673 ], [ -71.28445, -39.22663 ], [ -71.28455, -39.22643 ], [ -71.28486, -39.22626 ], [ -71.285, -39.22607 ], [ -71.28454, -39.22587 ], [ -71.28445, -39.22566 ], [ -71.2843, -39.22554 ], [ -71.2838, -39.22536 ], [ -71.2836, -39.22521 ], [ -71.28366, -39.22505 ], [ -71.28359, -39.22489 ], [ -71.2837, -39.22481 ], [ -71.28377, -39.22415 ], [ -71.28405, -39.22413 ], [ -71.28446, -39.22423 ], [ -71.28505, -39.22375 ], [ -71.28504, -39.22353 ], [ -71.28444, -39.22281 ], [ -71.28407, -39.2225 ], [ -71.28371, -39.22235 ], [ -71.28263, -39.22229 ], [ -71.28209, -39.22196 ], [ -71.28209, -39.22174 ], [ -71.28201, -39.22166 ] ] } },
{ "type": "Feature", "properties": { "osm_id": 823220645, "nombre": "Arroyo Hui Hui", "tipo": "river", "volcan_codigo": "SOL", "volcan_nombre": "Sollipulli", "drena_volcan": false }, "geometry": { "type": "LineString", "coordinates": [ [ -71.36285, -39.34662 ], [ -71.36203, -39.34655 ], [ -71.36157, -39.34626 ], [ -71.36111, -39.34633 ], [ -71.36098, -39.34645 ], [ -71.36098, -39.34666 ], [ -71.36089, -39.34674 ], [ -71.35993, -39.34647 ], [ -71.35941, -39.34605 ], [ -71.35938, -39.34553 ], [ -71.35919, -39.34525 ], [ -71.3587, -39.34557 ], [ -71.35812, -39.34544 ], [ -71.35811, -39.34576 ], [ -71.35784, -39.34606 ], [ -71.35728, -39.34588 ], [ -71.35696, -39.34594 ], [ -71.35676, -39.34607 ], [ -71.35679, -39.34628 ], [ -71.35665, -39.34639 ], [ -71.35632, -39.34618 ], [ -71.35501, -39.34581 ], [ -71.35417, -39.34576 ], [ -71.3538, -39.34535 ], [ -71.35245, -39.34546 ], [ -71.35231, -39.34557 ], [ -71.35227, -39.34571 ], [ -71.3524, -39.34603 ], [ -71.35288, -39.34602 ], [ -71.35336, -39.34635 ], [ -71.35335, -39.34645 ], [ -71.35318, -39.34662 ], [ -71.35304, -39.34664 ], [ -71.35228, -39.34615 ], [ -71.35201, -39.34614 ], [ -71.35175, -39.34628 ], [ -71.35174, -39.34649 ], [ -71.35165, -39.34662 ], [ -71.35168, -39.34688 ], [ -71.35145, -39.34707 ], [ -71.35118, -39.34712 ], [ -71.35042, -39.34687 ], [ -71.35038, -39.34677 ], [ -71.35049, -39.34664 ], [ -71.35041, -39.34657 ], [ -71.35, -39.34691 ], [ -71.34971, -39.34667 ], [ -71.34965, -39.34652 ], [ -71.34965, -39.34625 ], [ -71.34984, -39.34592 ], [ -71.34977, -39.34576 ], [ -71.34922, -39.34526 ], [ -71.34832, -39.34518 ], [ -71.34804, -39.34528 ], [ -71.34802, -39.34551 ], [ -71.34812, -39.34575 ], [ -71.34873, -39.34615 ], [ -71.34873, -39.34633 ], [ -71.34855, -39.34648 ], [ -71.34775, -39.34642 ], [ -71.34767, -39.34633 ], [ -71.34775, -39.34613 ], [ -71.34744, -39.34557 ], [ -71.34719, -39.34545 ], [ -71.34663, -39.34574 ], [ -71.34628, -39.34556 ], [ -71.34602, -39.34556 ], [ -71.34512, -39.34632 ], [ -71.34469, -39.34614 ], [ -71.34456, -39.34616 ], [ -71.34447, -39.34632 ], [ -71.34482, -39.34664 ], [ -71.3449, -39.34683 ], [ -71.34483, -39.34698 ], [ -71.34464, -39.34709 ], [ -71.34454, -39.34788 ], [ -71.34422, -39.34806 ], [ -71.34402, -39.34799 ], [ -71.34384, -39.34779 ], [ -71.34379, -39.3476 ], [ -71.34391, -39.34723 ], [ -71.34355, -39.34704 ], [ -71.34336, -39.34714 ], [ -71.34305, -39.34759 ], [ -71.34343, -39.34777 ], [ -71.34346, -39.34787 ], [ -71.34331, -39.34794 ], [ -71.34268, -39.34795 ], [ -71.34237, -39.34808 ], [ -71.34239, -39.34818 ], [ -71.34269, -39.34832 ], [ -71.34252, -39.34847 ], [ -71.3422, -39.34855 ], [ -71.3423, -39.34871 ], [ -71.34255, -39.34885 ], [ -71.34254, -39.34895 ], [ -71.34227, -39.34914 ], [ -71.34224, -39.34925 ], [ -71.34246, -39.34945 ], [ -71.34281, -39.34957 ] ] } },
{ "type": "Feature", "properties": { "osm_id": 823220646, "nombre": "Arroyo Hui Hui", "tipo": "river", "volcan_codigo": "SOL", "volcan_nombre": "Sollipulli", "drena_volcan": false }, "geometry": { "type": "LineString", "coordinates": [ [ -71.36465, -39.34834 ], [ -71.36452, -39.34832 ], [ -71.36425, -39.34808 ], [ -71.36423, -39.34786 ], [ -71.36385, -39.34756 ], [ -71.36316, -39.34675 ], [ -71.36285, -39.34662 ] ] } },
{ "type": "Feature", "properties": { "osm_id": 823220649, "nombre": "Sin nombre", "tipo": "stream", "volcan_codigo": "SOL", "volcan_nombre": "Sollipulli", "drena_volcan": false }, "geometry": { "type": "LineString", "coordinates": [ [ -71.35227, -39.31758 ], [ -71.35223, -39.31786 ], [ -71.35161, -39.31886 ], [ -71.35157, -39.31941 ], [ -71.35172, -39.31997 ], [ -71.35157, -39.32022 ], [ -71.35097, -39.32075 ], [ -71.35084, -39.32102 ], [ -71.35079, -39.32162 ], [ -71.35028, -39.32311 ], [ -71.35021, -39.32397 ], [ -71.35062, -39.32445 ], [ -71.35073, -39.32474 ], [ -71.35054, -39.32528 ], [ -71.3503, -39.32747 ], [ -71.35048, -39.32816 ], [ -71.35032, -39.32873 ], [ -71.35041, -39.32953 ], [ -71.35072, -39.3299 ], [ -71.35072, -39.33004 ], [ -71.35035, -39.33041 ], [ -71.35039, -39.33056 ], [ -71.35075, -39.33106 ], [ -71.35088, -39.33197 ], [ -71.35105, -39.33238 ], [ -71.35106, -39.33272 ], [ -71.35159, -39.33363 ], [ -71.35165, -39.33392 ], [ -71.3513, -39.33441 ], [ -71.3513, -39.33468 ], [ -71.3515, -39.33492 ], [ -71.35202, -39.33513 ], [ -71.35241, -39.33558 ], [ -71.3532, -39.33617 ], [ -71.3533, -39.33629 ], [ -71.35342, -39.3367 ], [ -71.354, -39.33714 ], [ -71.35421, -39.33762 ], [ -71.35461, -39.33802 ] ] } },
{ "type": "Feature", "properties": { "osm_id": 826197410, "nombre": "Sin nombre", "tipo": "stream", "volcan_codigo": "SOL", "volcan_nombre": "Sollipulli", "drena_volcan": false }, "geometry": { "type": "LineString", "coordinates": [ [ -71.35461, -39.33802 ], [ -71.35556, -39.33876 ], [ -71.35639, -39.33899 ], [ -71.35675, -39.33931 ], [ -71.3571, -39.33947 ], [ -71.3572, -39.33959 ], [ -71.35723, -39.3398 ], [ -71.35753, -39.33993 ], [ -71.35772, -39.34018 ], [ -71.35809, -39.34043 ], [ -71.35857, -39.34109 ], [ -71.35985, -39.34208 ], [ -71.36025, -39.34276 ], [ -71.36073, -39.3431 ], [ -71.36161, -39.34397 ], [ -71.36184, -39.34466 ], [ -71.36242, -39.34515 ], [ -71.36253, -39.34536 ], [ -71.36253, -39.34557 ], [ -71.36239, -39.3458 ], [ -71.36238, -39.34603 ], [ -71.36251, -39.34623 ], [ -71.36285, -39.34649 ], [ -71.36285, -39.34662 ] ] } },
{ "type": "Feature", "properties": { "osm_id": 855006325, "nombre": "Sin nombre", "tipo": "stream", "volcan_codigo": "SOL", "volcan_nombre": "Sollipulli", "drena_volcan": false }, "geometry": { "type": "LineString", "coordinates": [ [ -71.33795, -38.95195 ], [ -71.33701, -38.95188 ], [ -71.33646, -38.95165 ], [ -71.33623, -38.95143 ], [ -71.33602, -38.951 ], [ -71.33532, -38.95065 ], [ -71.33602, -38.94998 ], [ -71.3358, -38.94936 ], [ -71.3353, -38.94917 ], [ -71.33523, -38.94905 ], [ -71.33525, -38.94886 ], [ -71.33489, -38.94859 ], [ -71.3342, -38.94827 ], [ -71.33321, -38.94804 ], [ -71.33306, -38.94785 ], [ -71.33313, -38.94746 ], [ -71.33294, -38.94725 ], [ -71.33261, -38.94718 ], [ -71.33196, -38.94737 ], [ -71.33173, -38.94724 ], [ -71.33161, -38.947 ], [ -71.33137, -38.94682 ], [ -71.33097, -38.9468 ], [ -71.33076, -38.94647 ], [ -71.3302, -38.94621 ] ] } },
{ "type": "Feature", "properties": { "osm_id": 855006326, "nombre": "Sin nombre", "tipo": "stream", "volcan_codigo": "SOL", "volcan_nombre": "Sollipulli", "drena_volcan": false }, "geometry": { "type": "LineString", "coordinates": [ [ -71.33807, -38.95198 ], [ -71.33795, -38.95195 ] ] } },
{ "type": "Feature", "properties": { "osm_id": 860854703, "nombre": "Sin nombre", "tipo": "stream", "volcan_codigo": "SOL", "volcan_nombre": "Sollipulli", "drena_volcan": false }, "geometry": { "type": "LineString", "coordinates": [ [ -71.34198, -38.93827 ], [ -71.34264, -38.93917 ], [ -71.34272, -38.93941 ], [ -71.34264, -38.93969 ], [ -71.34189, -38.93971 ], [ -71.34135, -38.93988 ], [ -71.34014, -38.94007 ] ] } },
{ "type": "Feature", "properties": { "osm_id": 860854704, "nombre": "Sin nombre", "tipo": "stream", "volcan_codigo": "SOL", "volcan_nombre": "Sollipulli", "drena_volcan": false }, "geometry": { "type": "LineString", "coordinates": [ [ -71.33665, -38.944 ], [ -71.33632, -38.94423 ], [ -71.33588, -38.94436 ], [ -71.33442, -38.94445 ], [ -71.33358, -38.94437 ], [ -71.3328, -38.9445 ], [ -71.33255, -38.94465 ], [ -71.33173, -38.94471 ], [ -71.33171, -38.94483 ], [ -71.33131, -38.94507 ], [ -71.33127, -38.94518 ] ] } },
{ "type": "Feature", "properties": { "osm_id": 879026090, "nombre": "Sin nombre", "tipo": "stream", "volcan_codigo": "SOL", "volcan_nombre": "Sollipulli", "drena_volcan": false }, "geometry": { "type": "LineString", "coordinates": [ [ -71.62679, -38.76964 ], [ -71.62745, -38.77012 ], [ -71.62757, -38.77042 ], [ -71.62772, -38.77138 ], [ -71.62788, -38.77171 ], [ -71.62749, -38.77227 ], [ -71.6275, -38.77253 ], [ -71.62727, -38.77292 ], [ -71.62733, -38.77321 ], [ -71.62727, -38.77354 ], [ -71.62707, -38.77404 ], [ -71.62693, -38.77419 ] ] } },
{ "type": "Feature", "properties": { "osm_id": 879026091, "nombre": "Sin nombre", "tipo": "stream", "volcan_codigo": "SOL", "volcan_nombre": "Sollipulli", "drena_volcan": false }, "geometry": { "type": "LineString", "coordinates": [ [ -71.62581, -38.72736 ], [ -71.62559, -38.72892 ], [ -71.6258, -38.73034 ], [ -71.62577, -38.73108 ], [ -71.62538, -38.73163 ], [ -71.62531, -38.73194 ], [ -71.62554, -38.73223 ], [ -71.6257, -38.7334 ], [ -71.62562, -38.73368 ], [ -71.62529, -38.73398 ], [ -71.62494, -38.73473 ], [ -71.62435, -38.7354 ], [ -71.62428, -38.73578 ], [ -71.62465, -38.73605 ], [ -71.62466, -38.73636 ], [ -71.62444, -38.73667 ], [ -71.62457, -38.73752 ], [ -71.62466, -38.73795 ], [ -71.62493, -38.73842 ], [ -71.62488, -38.73887 ], [ -71.62501, -38.73939 ], [ -71.62541, -38.73963 ], [ -71.62531, -38.74008 ], [ -71.62557, -38.74041 ], [ -71.62544, -38.74075 ], [ -71.62578, -38.74159 ], [ -71.62544, -38.74235 ], [ -71.62521, -38.74257 ], [ -71.62458, -38.74271 ], [ -71.62444, -38.74293 ], [ -71.62451, -38.74454 ], [ -71.62433, -38.74649 ], [ -71.62435, -38.74742 ], [ -71.62464, -38.7478 ], [ -71.62471, -38.74804 ], [ -71.62517, -38.74838 ], [ -71.62511, -38.74892 ], [ -71.62533, -38.74984 ], [ -71.62476, -38.75022 ], [ -71.62473, -38.7509 ], [ -71.62408, -38.75179 ], [ -71.62437, -38.75219 ], [ -71.62374, -38.75293 ], [ -71.62363, -38.75424 ], [ -71.62378, -38.75469 ], [ -71.6236, -38.75511 ], [ -71.62362, -38.75534 ], [ -71.62391, -38.7555 ], [ -71.62391, -38.75565 ], [ -71.62371, -38.75595 ], [ -71.62366, -38.75627 ], [ -71.62377, -38.75658 ], [ -71.62374, -38.75695 ], [ -71.6234, -38.75729 ], [ -71.62338, -38.75836 ], [ -71.62364, -38.75866 ], [ -71.62357, -38.75896 ], [ -71.62309, -38.75931 ], [ -71.62303, -38.75968 ], [ -71.62333, -38.76003 ], [ -71.6233, -38.76018 ], [ -71.62311, -38.76031 ], [ -71.62299, -38.76053 ], [ -71.62307, -38.76092 ], [ -71.62326, -38.76121 ], [ -71.62457, -38.76183 ], [ -71.62471, -38.76202 ], [ -71.62421, -38.76248 ], [ -71.62431, -38.76277 ], [ -71.62456, -38.76296 ], [ -71.62528, -38.76325 ], [ -71.62498, -38.76372 ], [ -71.62495, -38.76389 ], [ -71.62536, -38.76445 ], [ -71.62536, -38.76453 ], [ -71.62521, -38.76465 ], [ -71.62522, -38.76485 ], [ -71.62574, -38.76532 ], [ -71.62596, -38.76602 ], [ -71.62609, -38.76616 ], [ -71.62599, -38.7669 ], [ -71.6265, -38.76733 ], [ -71.62644, -38.7677 ], [ -71.627, -38.76907 ], [ -71.62695, -38.76916 ], [ -71.62674, -38.76913 ], [ -71.62663, -38.76928 ], [ -71.62679, -38.76964 ] ] } },
{ "type": "Feature", "properties": { "osm_id": 879026092, "nombre": "Sin nombre", "tipo": "stream", "volcan_codigo": "SOL", "volcan_nombre": "Sollipulli", "drena_volcan": false }, "geometry": { "type": "LineString", "coordinates": [ [ -71.64256, -38.78477 ], [ -71.64302, -38.78507 ], [ -71.64335, -38.78567 ], [ -71.64366, -38.78578 ], [ -71.64372, -38.78603 ], [ -71.64387, -38.78607 ], [ -71.64408, -38.78599 ], [ -71.64419, -38.78605 ], [ -71.6446, -38.78673 ], [ -71.64468, -38.78723 ], [ -71.64457, -38.78777 ], [ -71.6443, -38.78843 ], [ -71.644, -38.78848 ], [ -71.64386, -38.78902 ], [ -71.64368, -38.78929 ], [ -71.64272, -38.78999 ], [ -71.64267, -38.79072 ], [ -71.64278, -38.79126 ] ] } },
{ "type": "Feature", "properties": { "osm_id": 887694663, "nombre": "Sin nombre", "tipo": "stream", "volcan_codigo": "SOL", "volcan_nombre": "Sollipulli", "drena_volcan": false }, "geometry": { "type": "LineString", "coordinates": [ [ -71.31249, -38.9464 ], [ -71.31245, -38.94623 ], [ -71.31253, -38.94606 ], [ -71.31228, -38.94533 ], [ -71.31233, -38.94518 ], [ -71.31187, -38.93875 ] ] } },
{ "type": "Feature", "properties": { "osm_id": 887694664, "nombre": "Sin nombre", "tipo": "stream", "volcan_codigo": "SOL", "volcan_nombre": "Sollipulli", "drena_volcan": false }, "geometry": { "type": "LineString", "coordinates": [ [ -71.31247, -38.9465 ], [ -71.31249, -38.9464 ] ] } },
{ "type": "Feature", "properties": { "osm_id": 953030821, "nombre": "Río Pucón", "tipo": "river", "volcan_codigo": "SOL", "volcan_nombre": "Sollipulli", "drena_volcan": true }, "geometry": { "type": "LineString", "coordinates": [ [ -71.57955, -39.34916 ], [ -71.58032, -39.3489 ], [ -71.58115, -39.34884 ], [ -71.58178, -39.3489 ], [ -71.58315, -39.34932 ], [ -71.584, -39.34932 ], [ -71.58491, -39.349 ], [ -71.5855, -39.3487 ], [ -71.58599, -39.3483 ], [ -71.58644, -39.34778 ], [ -71.58701, -39.34737 ], [ -71.58806, -39.34682 ], [ -71.59055, -39.34579 ], [ -71.5908, -39.34572 ], [ -71.59477, -39.34564 ], [ -71.59535, -39.34578 ], [ -71.59616, -39.34621 ], [ -71.59818, -39.34788 ], [ -71.59997, -39.35 ], [ -71.60207, -39.35122 ], [ -71.60292, -39.35117 ], [ -71.60372, -39.3509 ], [ -71.60529, -39.34981 ], [ -71.60632, -39.34896 ], [ -71.60739, -39.34867 ], [ -71.60806, -39.3486 ], [ -71.60875, -39.34872 ], [ -71.6092, -39.34911 ], [ -71.6095, -39.3499 ], [ -71.60973, -39.35113 ], [ -71.60995, -39.35142 ], [ -71.61037, -39.35163 ], [ -71.61111, -39.35174 ], [ -71.61184, -39.35174 ], [ -71.61258, -39.35161 ], [ -71.61488, -39.35077 ], [ -71.61629, -39.35001 ], [ -71.6176, -39.34944 ], [ -71.61876, -39.34917 ], [ -71.61935, -39.34912 ], [ -71.62068, -39.34932 ], [ -71.62142, -39.34975 ], [ -71.62164, -39.35015 ], [ -71.6217, -39.35111 ], [ -71.62189, -39.35154 ], [ -71.62204, -39.35171 ], [ -71.62222, -39.35178 ], [ -71.62284, -39.35183 ], [ -71.62353, -39.35174 ], [ -71.62404, -39.35144 ], [ -71.62415, -39.35102 ], [ -71.62401, -39.35012 ], [ -71.6244, -39.34799 ], [ -71.62471, -39.34767 ], [ -71.62518, -39.34761 ], [ -71.62612, -39.34797 ], [ -71.62659, -39.34825 ], [ -71.62708, -39.34866 ], [ -71.62746, -39.3492 ], [ -71.62868, -39.35136 ], [ -71.62908, -39.35187 ], [ -71.62984, -39.35257 ], [ -71.63081, -39.35326 ], [ -71.63267, -39.35424 ], [ -71.63412, -39.35519 ], [ -71.63542, -39.35587 ], [ -71.63599, -39.35582 ], [ -71.63693, -39.35536 ], [ -71.63734, -39.35494 ], [ -71.63746, -39.35438 ], [ -71.63731, -39.35405 ], [ -71.63702, -39.35382 ], [ -71.63644, -39.35358 ], [ -71.63549, -39.35291 ], [ -71.63449, -39.35251 ], [ -71.63439, -39.35229 ], [ -71.63443, -39.35203 ], [ -71.63502, -39.35138 ], [ -71.63577, -39.35109 ], [ -71.63722, -39.35077 ], [ -71.63897, -39.35075 ], [ -71.63965, -39.35093 ], [ -71.64, -39.35116 ], [ -71.6406, -39.35184 ], [ -71.64096, -39.35202 ], [ -71.64377, -39.3526 ], [ -71.64475, -39.35295 ], [ -71.64558, -39.35346 ], [ -71.64601, -39.35356 ], [ -71.64688, -39.3536 ], [ -71.64738, -39.35377 ], [ -71.64785, -39.35414 ], [ -71.6481, -39.35466 ], [ -71.64828, -39.35481 ], [ -71.64951, -39.35481 ], [ -71.65027, -39.35469 ], [ -71.6507, -39.35477 ], [ -71.65138, -39.35505 ], [ -71.65259, -39.35615 ], [ -71.65331, -39.35644 ], [ -71.65449, -39.35653 ], [ -71.65526, -39.35632 ], [ -71.65611, -39.35579 ], [ -71.65681, -39.35512 ], [ -71.65714, -39.35461 ], [ -71.65733, -39.35302 ], [ -71.65768, -39.35242 ], [ -71.6582, -39.35205 ], [ -71.65857, -39.35197 ], [ -71.65893, -39.35196 ], [ -71.65934, -39.35215 ], [ -71.65964, -39.35248 ], [ -71.65995, -39.35265 ], [ -71.66014, -39.35298 ], [ -71.65977, -39.35409 ], [ -71.65985, -39.35471 ], [ -71.66021, -39.35519 ], [ -71.66054, -39.35546 ], [ -71.66098, -39.35565 ], [ -71.6618, -39.35568 ], [ -71.66229, -39.35565 ], [ -71.66363, -39.35469 ], [ -71.66416, -39.35441 ], [ -71.66499, -39.35424 ], [ -71.66713, -39.35451 ], [ -71.66968, -39.35404 ], [ -71.67214, -39.35322 ], [ -71.67301, -39.35307 ], [ -71.6749, -39.35307 ], [ -71.67552, -39.35301 ], [ -71.67673, -39.35266 ], [ -71.67793, -39.35219 ], [ -71.68072, -39.35188 ], [ -71.68293, -39.35126 ], [ -71.6846, -39.35115 ], [ -71.68656, -39.35059 ], [ -71.68752, -39.35056 ], [ -71.68906, -39.35066 ], [ -71.69114, -39.35107 ], [ -71.69223, -39.3512 ], [ -71.69311, -39.35118 ], [ -71.69392, -39.35098 ], [ -71.69531, -39.34998 ], [ -71.69668, -39.34913 ], [ -71.6984, -39.34824 ], [ -71.69958, -39.34796 ], [ -71.7006, -39.34795 ], [ -71.70192, -39.34828 ], [ -71.70405, -39.34778 ], [ -71.70462, -39.34748 ], [ -71.70496, -39.34721 ], [ -71.70522, -39.34668 ], [ -71.70529, -39.34627 ], [ -71.70516, -39.34577 ], [ -71.70492, -39.34548 ], [ -71.70451, -39.34547 ], [ -71.70275, -39.34572 ], [ -71.70202, -39.34563 ], [ -71.70166, -39.34531 ], [ -71.70146, -39.3449 ], [ -71.70146, -39.34446 ], [ -71.70179, -39.34414 ], [ -71.70216, -39.34396 ], [ -71.7033, -39.34411 ], [ -71.7038, -39.34406 ], [ -71.70444, -39.34377 ], [ -71.70525, -39.34311 ], [ -71.706, -39.34266 ], [ -71.70699, -39.34245 ], [ -71.70786, -39.34242 ], [ -71.7087, -39.3425 ], [ -71.70951, -39.3428 ], [ -71.71096, -39.34354 ], [ -71.71218, -39.34386 ], [ -71.71378, -39.34407 ], [ -71.71423, -39.34386 ], [ -71.71495, -39.34387 ], [ -71.71598, -39.34432 ], [ -71.71621, -39.34474 ], [ -71.71657, -39.34515 ], [ -71.71702, -39.34544 ], [ -71.71752, -39.34563 ], [ -71.71828, -39.34557 ], [ -71.71923, -39.34504 ], [ -71.72043, -39.34477 ], [ -71.72188, -39.3446 ], [ -71.72256, -39.3446 ], [ -71.72466, -39.34522 ], [ -71.7255, -39.34529 ], [ -71.72614, -39.3451 ], [ -71.72694, -39.3446 ], [ -71.72793, -39.34337 ], [ -71.7285, -39.34315 ], [ -71.72911, -39.34311 ], [ -71.73044, -39.34369 ], [ -71.73101, -39.3437 ], [ -71.73179, -39.34351 ], [ -71.73223, -39.34307 ], [ -71.73234, -39.34223 ], [ -71.73228, -39.34152 ], [ -71.73189, -39.3407 ], [ -71.73158, -39.3403 ], [ -71.73102, -39.34001 ], [ -71.73025, -39.33992 ], [ -71.72947, -39.34002 ], [ -71.72873, -39.34027 ], [ -71.72732, -39.3403 ], [ -71.72668, -39.34002 ], [ -71.72614, -39.33963 ], [ -71.72612, -39.33921 ], [ -71.72687, -39.33881 ], [ -71.7283, -39.3386 ], [ -71.72885, -39.33838 ], [ -71.73206, -39.3365 ], [ -71.73292, -39.33622 ], [ -71.73385, -39.33614 ], [ -71.7352, -39.33621 ], [ -71.73569, -39.33614 ], [ -71.73739, -39.33558 ], [ -71.73777, -39.33562 ], [ -71.73812, -39.33577 ], [ -71.73919, -39.3366 ], [ -71.73983, -39.33695 ], [ -71.74028, -39.33705 ], [ -71.74082, -39.33705 ], [ -71.74133, -39.33691 ], [ -71.74207, -39.33618 ], [ -71.74347, -39.33516 ], [ -71.74366, -39.33483 ], [ -71.74367, -39.33443 ], [ -71.74338, -39.33413 ], [ -71.74187, -39.33382 ], [ -71.74099, -39.33333 ], [ -71.73903, -39.33183 ], [ -71.73855, -39.33129 ], [ -71.73841, -39.33068 ], [ -71.73852, -39.3298 ], [ -71.73836, -39.3294 ], [ -71.73776, -39.32868 ], [ -71.73762, -39.32799 ], [ -71.73771, -39.32764 ], [ -71.7379, -39.32737 ], [ -71.73845, -39.32714 ], [ -71.73899, -39.32715 ], [ -71.73971, -39.32739 ], [ -71.74066, -39.32786 ], [ -71.74171, -39.32811 ], [ -71.74362, -39.32801 ], [ -71.74433, -39.32773 ], [ -71.74491, -39.32736 ], [ -71.74507, -39.32683 ], [ -71.74593, -39.32512 ], [ -71.74639, -39.32461 ], [ -71.74712, -39.32421 ], [ -71.74843, -39.32394 ], [ -71.75021, -39.32409 ], [ -71.75083, -39.32406 ] ] } },
{ "type": "Feature", "properties": { "osm_id": 953030822, "nombre": "Río Pucón", "tipo": "river", "volcan_codigo": "SOL", "volcan_nombre": "Sollipulli", "drena_volcan": true }, "geometry": { "type": "LineString", "coordinates": [ [ -71.89712, -39.27505 ], [ -71.89982, -39.27588 ], [ -71.90133, -39.27611 ], [ -71.90263, -39.27588 ], [ -71.90493, -39.2752 ], [ -71.90767, -39.27474 ], [ -71.9118, -39.27489 ], [ -71.91363, -39.27454 ], [ -71.91525, -39.27379 ], [ -71.91664, -39.27352 ], [ -71.9196, -39.27405 ], [ -71.92107, -39.27407 ], [ -71.92233, -39.27347 ], [ -71.92373, -39.27185 ], [ -71.92666, -39.2695 ], [ -71.92814, -39.26806 ], [ -71.93045, -39.26696 ], [ -71.93237, -39.26619 ], [ -71.9332, -39.26518 ], [ -71.93364, -39.26495 ], [ -71.93435, -39.26463 ], [ -71.93609, -39.26414 ], [ -71.93677, -39.26386 ], [ -71.93775, -39.26315 ], [ -71.9381, -39.2628 ], [ -71.93894, -39.26162 ], [ -71.93906, -39.26098 ], [ -71.93915, -39.25968 ], [ -71.93946, -39.25836 ], [ -71.94024, -39.25752 ], [ -71.94113, -39.25625 ], [ -71.94195, -39.25543 ], [ -71.9432, -39.25477 ], [ -71.94379, -39.25461 ], [ -71.94528, -39.25483 ], [ -71.94764, -39.25472 ], [ -71.94823, -39.25442 ], [ -71.94932, -39.25341 ], [ -71.94961, -39.25295 ], [ -71.94968, -39.25241 ], [ -71.94945, -39.25216 ], [ -71.94872, -39.25178 ], [ -71.94858, -39.25151 ], [ -71.94861, -39.25125 ], [ -71.94922, -39.25062 ], [ -71.95072, -39.24974 ], [ -71.95123, -39.24874 ], [ -71.95141, -39.24855 ], [ -71.95158, -39.24804 ], [ -71.95151, -39.24761 ], [ -71.95117, -39.24706 ], [ -71.95091, -39.24643 ], [ -71.95112, -39.24515 ], [ -71.95103, -39.24429 ], [ -71.95027, -39.24334 ], [ -71.95006, -39.24296 ], [ -71.95013, -39.24231 ], [ -71.95036, -39.24198 ], [ -71.95079, -39.24176 ], [ -71.95331, -39.24114 ], [ -71.95403, -39.24112 ], [ -71.95536, -39.2413 ], [ -71.95605, -39.24116 ], [ -71.95642, -39.241 ], [ -71.95694, -39.24031 ], [ -71.95716, -39.23904 ], [ -71.9579, -39.23855 ], [ -71.95989, -39.23797 ], [ -71.96228, -39.23714 ], [ -71.96306, -39.23707 ], [ -71.96398, -39.23716 ], [ -71.96513, -39.23698 ] ] } },
{ "type": "Feature", "properties": { "osm_id": 959811462, "nombre": "Sin nombre", "tipo": "river", "volcan_codigo": "SOL", "volcan_nombre": "Sollipulli", "drena_volcan": false }, "geometry": { "type": "LineString", "coordinates": [ [ -71.64464, -39.07505 ], [ -71.64553, -39.07462 ], [ -71.64897, -39.07356 ], [ -71.65011, -39.07275 ], [ -71.65111, -39.07231 ], [ -71.65179, -39.07177 ], [ -71.6521, -39.07109 ], [ -71.65295, -39.06993 ], [ -71.65574, -39.06938 ], [ -71.65671, -39.06894 ], [ -71.65748, -39.06815 ], [ -71.65816, -39.06775 ], [ -71.65858, -39.06701 ], [ -71.65925, -39.06635 ], [ -71.66044, -39.06613 ], [ -71.66155, -39.06642 ], [ -71.66212, -39.06675 ], [ -71.66347, -39.0666 ], [ -71.6644, -39.06637 ], [ -71.66463, -39.06577 ], [ -71.66489, -39.06541 ], [ -71.66547, -39.06512 ], [ -71.66672, -39.06383 ], [ -71.6677, -39.06385 ], [ -71.66979, -39.06453 ], [ -71.67046, -39.06449 ], [ -71.67136, -39.06416 ], [ -71.67188, -39.06411 ], [ -71.67228, -39.06421 ], [ -71.67298, -39.06461 ], [ -71.67409, -39.06475 ], [ -71.67445, -39.06439 ], [ -71.67492, -39.06421 ], [ -71.67561, -39.06428 ], [ -71.67978, -39.06541 ], [ -71.68131, -39.06509 ], [ -71.68402, -39.06541 ], [ -71.68556, -39.06522 ], [ -71.68643, -39.06522 ], [ -71.68781, -39.06538 ], [ -71.68857, -39.06556 ], [ -71.69045, -39.06664 ], [ -71.69163, -39.06713 ], [ -71.69262, -39.06733 ], [ -71.69381, -39.06744 ], [ -71.69691, -39.06805 ], [ -71.69803, -39.06811 ], [ -71.69853, -39.06804 ], [ -71.69889, -39.06794 ], [ -71.69963, -39.0675 ], [ -71.70016, -39.06742 ] ] } },
{ "type": "Feature", "properties": { "osm_id": 959811465, "nombre": "Sin nombre", "tipo": "river", "volcan_codigo": "SOL", "volcan_nombre": "Sollipulli", "drena_volcan": false }, "geometry": { "type": "LineString", "coordinates": [ [ -71.58087, -39.11528 ], [ -71.58148, -39.11531 ], [ -71.58241, -39.11554 ], [ -71.58338, -39.11567 ], [ -71.58518, -39.11631 ], [ -71.58546, -39.11612 ], [ -71.58579, -39.11605 ], [ -71.58628, -39.11625 ], [ -71.58673, -39.11657 ], [ -71.58738, -39.11662 ], [ -71.58777, -39.11653 ], [ -71.58843, -39.11654 ], [ -71.58999, -39.11696 ], [ -71.59041, -39.11696 ], [ -71.59119, -39.11652 ], [ -71.592, -39.11632 ], [ -71.59318, -39.11588 ], [ -71.59358, -39.11543 ], [ -71.59412, -39.11522 ], [ -71.59457, -39.11526 ], [ -71.59578, -39.11557 ], [ -71.59678, -39.11529 ], [ -71.59725, -39.11482 ], [ -71.5982, -39.11416 ], [ -71.59953, -39.11346 ], [ -71.59991, -39.11361 ], [ -71.60021, -39.11333 ], [ -71.60054, -39.11339 ], [ -71.60104, -39.11314 ], [ -71.60213, -39.11366 ], [ -71.60309, -39.11339 ], [ -71.6037, -39.11339 ], [ -71.60475, -39.11321 ], [ -71.60762, -39.11243 ], [ -71.60806, -39.11224 ], [ -71.60818, -39.11187 ], [ -71.6086, -39.11134 ], [ -71.61111, -39.11039 ], [ -71.6116, -39.11033 ], [ -71.6129, -39.11048 ], [ -71.61362, -39.11032 ], [ -71.61404, -39.11006 ], [ -71.61425, -39.10973 ], [ -71.61455, -39.1086 ], [ -71.61452, -39.10842 ], [ -71.61427, -39.10816 ], [ -71.61408, -39.10768 ], [ -71.61429, -39.10729 ], [ -71.61459, -39.10702 ], [ -71.61545, -39.10653 ], [ -71.61675, -39.106 ], [ -71.6185, -39.10547 ], [ -71.6194, -39.10493 ], [ -71.61974, -39.10451 ], [ -71.62009, -39.10355 ], [ -71.61996, -39.10311 ], [ -71.61964, -39.10247 ], [ -71.61961, -39.10215 ], [ -71.61969, -39.10193 ], [ -71.61997, -39.10176 ], [ -71.62072, -39.10155 ], [ -71.62203, -39.10094 ], [ -71.62366, -39.09968 ], [ -71.62403, -39.09916 ], [ -71.62428, -39.09872 ], [ -71.62414, -39.09777 ], [ -71.62541, -39.09488 ], [ -71.62602, -39.09423 ], [ -71.6262, -39.09367 ], [ -71.62646, -39.09354 ], [ -71.62666, -39.09264 ], [ -71.62656, -39.09228 ], [ -71.62668, -39.09189 ], [ -71.6269, -39.09159 ], [ -71.62789, -39.09125 ], [ -71.62839, -39.09094 ], [ -71.6285, -39.0907 ], [ -71.62846, -39.09012 ], [ -71.62763, -39.08925 ], [ -71.62754, -39.08899 ], [ -71.62763, -39.08878 ], [ -71.62837, -39.08832 ], [ -71.62868, -39.08782 ], [ -71.62867, -39.08758 ], [ -71.62874, -39.08724 ], [ -71.62889, -39.08707 ], [ -71.6289, -39.08679 ], [ -71.62858, -39.08596 ], [ -71.6289, -39.08489 ], [ -71.62938, -39.08395 ], [ -71.63033, -39.08337 ], [ -71.63104, -39.08327 ], [ -71.63178, -39.08263 ], [ -71.63199, -39.08205 ], [ -71.63253, -39.08164 ], [ -71.63267, -39.08144 ], [ -71.63254, -39.08124 ], [ -71.63196, -39.08087 ], [ -71.63198, -39.08061 ], [ -71.63227, -39.0803 ], [ -71.63318, -39.08019 ], [ -71.63438, -39.07992 ], [ -71.63469, -39.0796 ], [ -71.63493, -39.07911 ], [ -71.63541, -39.07887 ], [ -71.63631, -39.07873 ], [ -71.63849, -39.0778 ], [ -71.63963, -39.07721 ], [ -71.64064, -39.07695 ], [ -71.64121, -39.07653 ], [ -71.64189, -39.07617 ], [ -71.64288, -39.07577 ], [ -71.64391, -39.07547 ], [ -71.64464, -39.07505 ] ] } },
{ "type": "Feature", "properties": { "osm_id": 959811466, "nombre": "Sin nombre", "tipo": "stream", "volcan_codigo": "SOL", "volcan_nombre": "Sollipulli", "drena_volcan": false }, "geometry": { "type": "LineString", "coordinates": [ [ -71.55365, -39.12186 ], [ -71.55497, -39.12275 ], [ -71.55607, -39.123 ], [ -71.55676, -39.12355 ], [ -71.55867, -39.12298 ], [ -71.55961, -39.12229 ], [ -71.56013, -39.12213 ], [ -71.56076, -39.12213 ], [ -71.56111, -39.12239 ], [ -71.56128, -39.12234 ], [ -71.5619, -39.12179 ], [ -71.56223, -39.1217 ], [ -71.56309, -39.12109 ], [ -71.56457, -39.12041 ], [ -71.56527, -39.11972 ], [ -71.56648, -39.11928 ], [ -71.56808, -39.11779 ], [ -71.57083, -39.11649 ], [ -71.57332, -39.11643 ], [ -71.57449, -39.11706 ], [ -71.57458, -39.11692 ], [ -71.57554, -39.11652 ], [ -71.57606, -39.11642 ], [ -71.57689, -39.11534 ], [ -71.57765, -39.11497 ], [ -71.57906, -39.11494 ], [ -71.57969, -39.1155 ], [ -71.58001, -39.1155 ], [ -71.58039, -39.11527 ], [ -71.58087, -39.11528 ] ] } },
{ "type": "Feature", "properties": { "osm_id": 959811467, "nombre": "Sin nombre", "tipo": "stream", "volcan_codigo": "SOL", "volcan_nombre": "Sollipulli", "drena_volcan": false }, "geometry": { "type": "LineString", "coordinates": [ [ -71.54771, -39.10339 ], [ -71.54798, -39.10441 ], [ -71.54734, -39.10618 ], [ -71.54731, -39.10716 ], [ -71.54825, -39.10837 ], [ -71.54884, -39.10935 ], [ -71.54962, -39.11176 ], [ -71.55009, -39.11468 ], [ -71.55005, -39.11544 ], [ -71.55041, -39.1158 ], [ -71.55074, -39.11627 ], [ -71.5508, -39.11698 ], [ -71.55109, -39.11742 ], [ -71.55133, -39.1188 ], [ -71.55189, -39.11979 ], [ -71.55189, -39.12056 ], [ -71.55247, -39.1209 ], [ -71.55365, -39.12186 ] ] } },
{ "type": "Feature", "properties": { "osm_id": 959811468, "nombre": "Sin nombre", "tipo": "stream", "volcan_codigo": "SOL", "volcan_nombre": "Sollipulli", "drena_volcan": false }, "geometry": { "type": "LineString", "coordinates": [ [ -71.53323, -39.1106 ], [ -71.53597, -39.11013 ], [ -71.53939, -39.10929 ], [ -71.54141, -39.10899 ], [ -71.54297, -39.10899 ], [ -71.54427, -39.10929 ], [ -71.5459, -39.10926 ], [ -71.54728, -39.10891 ], [ -71.54825, -39.10837 ] ] } },
{ "type": "Feature", "properties": { "osm_id": 959811469, "nombre": "Sin nombre", "tipo": "stream", "volcan_codigo": "SOL", "volcan_nombre": "Sollipulli", "drena_volcan": false }, "geometry": { "type": "LineString", "coordinates": [ [ -71.52878, -39.11096 ], [ -71.53004, -39.11115 ], [ -71.53449, -39.11123 ], [ -71.54025, -39.1103 ], [ -71.5413, -39.11 ], [ -71.54242, -39.10995 ], [ -71.54342, -39.10975 ], [ -71.54484, -39.10981 ], [ -71.54551, -39.1097 ], [ -71.54578, -39.10926 ] ] } },
{ "type": "Feature", "properties": { "osm_id": 959811470, "nombre": "Sin nombre", "tipo": "stream", "volcan_codigo": "SOL", "volcan_nombre": "Sollipulli", "drena_volcan": false }, "geometry": { "type": "LineString", "coordinates": [ [ -71.54037, -39.1114 ], [ -71.54252, -39.11096 ], [ -71.54484, -39.11061 ], [ -71.54555, -39.11016 ], [ -71.54551, -39.1097 ] ] } },
{ "type": "Feature", "properties": { "osm_id": 959811471, "nombre": "Sin nombre", "tipo": "stream", "volcan_codigo": "SOL", "volcan_nombre": "Sollipulli", "drena_volcan": false }, "geometry": { "type": "LineString", "coordinates": [ [ -71.54062, -39.11332 ], [ -71.54132, -39.11387 ], [ -71.54359, -39.11415 ], [ -71.54541, -39.11392 ], [ -71.54772, -39.11394 ], [ -71.55007, -39.11456 ] ] } },
{ "type": "Feature", "properties": { "osm_id": 959811472, "nombre": "Sin nombre", "tipo": "stream", "volcan_codigo": "SOL", "volcan_nombre": "Sollipulli", "drena_volcan": false }, "geometry": { "type": "LineString", "coordinates": [ [ -71.53874, -39.12226 ], [ -71.53956, -39.12255 ], [ -71.54033, -39.12265 ], [ -71.54167, -39.12223 ], [ -71.5422, -39.12199 ] ] } },
{ "type": "Feature", "properties": { "osm_id": 959811473, "nombre": "Sin nombre", "tipo": "stream", "volcan_codigo": "SOL", "volcan_nombre": "Sollipulli", "drena_volcan": false }, "geometry": { "type": "LineString", "coordinates": [ [ -71.53408, -39.12379 ], [ -71.53512, -39.1242 ], [ -71.53668, -39.12423 ], [ -71.53786, -39.12404 ], [ -71.53953, -39.12416 ], [ -71.54255, -39.12422 ], [ -71.54443, -39.12364 ], [ -71.54838, -39.12308 ], [ -71.55035, -39.12305 ], [ -71.55198, -39.12315 ], [ -71.55281, -39.12323 ], [ -71.555, -39.12366 ], [ -71.55649, -39.12334 ] ] } },
{ "type": "Feature", "properties": { "osm_id": 959811474, "nombre": "Sin nombre", "tipo": "stream", "volcan_codigo": "SOL", "volcan_nombre": "Sollipulli", "drena_volcan": false }, "geometry": { "type": "LineString", "coordinates": [ [ -71.53277, -39.12421 ], [ -71.53399, -39.12492 ], [ -71.53521, -39.12522 ], [ -71.53805, -39.12494 ], [ -71.53822, -39.12468 ], [ -71.53893, -39.12452 ], [ -71.53982, -39.12417 ] ] } },
{ "type": "Feature", "properties": { "osm_id": 959811475, "nombre": "Sin nombre", "tipo": "stream", "volcan_codigo": "SOL", "volcan_nombre": "Sollipulli", "drena_volcan": false }, "geometry": { "type": "LineString", "coordinates": [ [ -71.53149, -39.11489 ], [ -71.53265, -39.11555 ], [ -71.53385, -39.11637 ], [ -71.53478, -39.11657 ], [ -71.53558, -39.11636 ], [ -71.53647, -39.11647 ], [ -71.53942, -39.11651 ], [ -71.54065, -39.11629 ], [ -71.54242, -39.11613 ], [ -71.54322, -39.11613 ], [ -71.54529, -39.11593 ], [ -71.54706, -39.11593 ], [ -71.54803, -39.11594 ], [ -71.55078, -39.11664 ] ] } },
{ "type": "Feature", "properties": { "osm_id": 959811477, "nombre": "Sin nombre", "tipo": "stream", "volcan_codigo": "SOL", "volcan_nombre": "Sollipulli", "drena_volcan": false }, "geometry": { "type": "LineString", "coordinates": [ [ -71.53763, -39.12613 ], [ -71.53945, -39.12689 ], [ -71.54145, -39.12722 ], [ -71.54509, -39.12769 ], [ -71.54583, -39.12762 ], [ -71.54723, -39.12699 ], [ -71.54891, -39.1269 ], [ -71.55018, -39.12713 ], [ -71.55132, -39.12718 ], [ -71.553, -39.12702 ], [ -71.55377, -39.12663 ], [ -71.55391, -39.12581 ], [ -71.55445, -39.12528 ], [ -71.55545, -39.12437 ], [ -71.55676, -39.12355 ] ] } },
{ "type": "Feature", "properties": { "osm_id": 959811478, "nombre": "Sin nombre", "tipo": "stream", "volcan_codigo": "SOL", "volcan_nombre": "Sollipulli", "drena_volcan": false }, "geometry": { "type": "LineString", "coordinates": [ [ -71.5439, -39.12058 ], [ -71.54525, -39.12153 ], [ -71.54554, -39.12186 ], [ -71.54559, -39.12215 ] ] } },
{ "type": "Feature", "properties": { "osm_id": 959811479, "nombre": "Sin nombre", "tipo": "stream", "volcan_codigo": "SOL", "volcan_nombre": "Sollipulli", "drena_volcan": false }, "geometry": { "type": "LineString", "coordinates": [ [ -71.53669, -39.11902 ], [ -71.53711, -39.11927 ], [ -71.53793, -39.11952 ], [ -71.53941, -39.11955 ], [ -71.54047, -39.11891 ], [ -71.54386, -39.11723 ], [ -71.54465, -39.11676 ], [ -71.5473, -39.11635 ], [ -71.54924, -39.11628 ] ] } },
{ "type": "Feature", "properties": { "osm_id": 959811480, "nombre": "Sin nombre", "tipo": "stream", "volcan_codigo": "SOL", "volcan_nombre": "Sollipulli", "drena_volcan": true }, "geometry": { "type": "LineString", "coordinates": [ [ -71.49821, -38.99686 ], [ -71.49818, -38.99762 ], [ -71.49779, -38.99822 ], [ -71.49765, -38.99866 ], [ -71.49747, -38.99982 ], [ -71.49729, -39.00034 ], [ -71.49721, -39.00177 ], [ -71.4967, -39.0028 ], [ -71.49685, -39.00309 ], [ -71.4967, -39.00391 ], [ -71.49635, -39.00422 ], [ -71.49623, -39.00449 ], [ -71.49595, -39.0047 ], [ -71.49529, -39.00642 ], [ -71.49497, -39.00703 ], [ -71.4949, -39.00753 ], [ -71.4945, -39.00829 ], [ -71.49414, -39.00923 ], [ -71.49407, -39.00961 ], [ -71.49319, -39.01093 ], [ -71.49273, -39.01126 ], [ -71.49203, -39.0116 ], [ -71.49064, -39.01192 ], [ -71.4858, -39.01384 ], [ -71.48372, -39.01429 ], [ -71.48309, -39.01469 ], [ -71.48261, -39.0148 ], [ -71.48234, -39.01498 ], [ -71.48111, -39.01504 ], [ -71.4807, -39.01524 ], [ -71.47927, -39.01623 ], [ -71.47858, -39.01627 ], [ -71.47745, -39.0169 ], [ -71.47642, -39.01761 ], [ -71.47509, -39.01759 ], [ -71.47442, -39.01813 ], [ -71.47337, -39.01814 ], [ -71.47264, -39.01924 ], [ -71.47204, -39.01955 ], [ -71.47174, -39.02008 ], [ -71.4714, -39.02032 ], [ -71.47128, -39.02058 ], [ -71.47092, -39.02072 ], [ -71.47052, -39.02103 ], [ -71.47052, -39.02127 ], [ -71.46987, -39.02204 ], [ -71.46938, -39.02221 ], [ -71.46947, -39.02243 ], [ -71.46944, -39.0226 ], [ -71.46912, -39.02267 ], [ -71.46872, -39.02294 ], [ -71.46863, -39.02321 ], [ -71.46841, -39.02344 ], [ -71.46789, -39.02368 ], [ -71.46744, -39.02371 ], [ -71.46689, -39.0236 ], [ -71.4663, -39.02366 ], [ -71.46608, -39.02391 ] ] } },
{ "type": "Feature", "properties": { "osm_id": 959811481, "nombre": "Sin nombre", "tipo": "stream", "volcan_codigo": "SOL", "volcan_nombre": "Sollipulli", "drena_volcan": true }, "geometry": { "type": "LineString", "coordinates": [ [ -71.45304, -39.00254 ], [ -71.4525, -39.00301 ], [ -71.45216, -39.00373 ], [ -71.45222, -39.00432 ], [ -71.45248, -39.00484 ], [ -71.45248, -39.00524 ], [ -71.45221, -39.00574 ], [ -71.45222, -39.00626 ], [ -71.4524, -39.00686 ], [ -71.45272, -39.00781 ], [ -71.45338, -39.00827 ], [ -71.45387, -39.0085 ], [ -71.45434, -39.00888 ], [ -71.45532, -39.01063 ], [ -71.45694, -39.01139 ], [ -71.45709, -39.01166 ], [ -71.45706, -39.0127 ], [ -71.45713, -39.013 ], [ -71.45696, -39.01363 ], [ -71.45648, -39.01422 ], [ -71.4564, -39.01466 ], [ -71.45714, -39.0161 ], [ -71.45839, -39.01649 ], [ -71.45904, -39.01684 ], [ -71.45988, -39.01849 ], [ -71.46048, -39.01909 ], [ -71.46031, -39.01968 ], [ -71.46078, -39.01993 ], [ -71.4615, -39.02013 ], [ -71.46162, -39.01995 ], [ -71.4615, -39.01954 ], [ -71.46175, -39.01908 ], [ -71.46229, -39.01879 ], [ -71.4629, -39.01873 ], [ -71.46397, -39.01884 ], [ -71.46447, -39.0188 ], [ -71.46501, -39.01853 ], [ -71.46532, -39.01848 ], [ -71.46586, -39.01859 ], [ -71.46623, -39.01904 ], [ -71.46611, -39.01952 ], [ -71.46558, -39.01995 ], [ -71.46554, -39.02045 ], [ -71.46563, -39.02074 ], [ -71.46625, -39.02129 ], [ -71.4666, -39.02175 ], [ -71.46654, -39.02218 ], [ -71.46594, -39.02248 ], [ -71.46583, -39.02279 ], [ -71.46597, -39.02369 ], [ -71.46608, -39.02391 ] ] } },
{ "type": "Feature", "properties": { "osm_id": 959811482, "nombre": "Sin nombre", "tipo": "stream", "volcan_codigo": "SOL", "volcan_nombre": "Sollipulli", "drena_volcan": true }, "geometry": { "type": "LineString", "coordinates": [ [ -71.50166, -39.00066 ], [ -71.5014, -39.00156 ], [ -71.50133, -39.00233 ], [ -71.50118, -39.00269 ], [ -71.49958, -39.0036 ], [ -71.49847, -39.00442 ], [ -71.4976, -39.00488 ], [ -71.49552, -39.0057 ] ] } },
{ "type": "Feature", "properties": { "osm_id": 964800188, "nombre": "Sin nombre", "tipo": "stream", "volcan_codigo": "SOL", "volcan_nombre": "Sollipulli", "drena_volcan": false }, "geometry": { "type": "LineString", "coordinates": [ [ -71.61632, -38.59959 ], [ -71.61613, -38.60022 ], [ -71.61613, -38.60102 ], [ -71.61648, -38.60205 ], [ -71.6171, -38.60347 ], [ -71.61712, -38.60517 ], [ -71.61689, -38.60575 ], [ -71.61679, -38.60668 ], [ -71.61685, -38.60748 ], [ -71.6172, -38.60803 ], [ -71.61962, -38.60897 ], [ -71.6211, -38.60909 ], [ -71.62258, -38.60888 ], [ -71.62333, -38.60886 ], [ -71.62493, -38.60953 ], [ -71.62688, -38.61005 ], [ -71.62883, -38.61104 ], [ -71.62996, -38.61173 ], [ -71.63144, -38.61226 ], [ -71.63236, -38.6124 ], [ -71.63478, -38.61228 ], [ -71.63497, -38.61241 ], [ -71.63471, -38.61282 ], [ -71.63485, -38.61328 ] ] } },
{ "type": "Feature", "properties": { "osm_id": 964800189, "nombre": "Sin nombre", "tipo": "stream", "volcan_codigo": "SOL", "volcan_nombre": "Sollipulli", "drena_volcan": false }, "geometry": { "type": "LineString", "coordinates": [ [ -71.63485, -38.61328 ], [ -71.63556, -38.6142 ], [ -71.6356, -38.61458 ], [ -71.63438, -38.61609 ], [ -71.63326, -38.6184 ], [ -71.63312, -38.61889 ], [ -71.63318, -38.61936 ] ] } },
{ "type": "Feature", "properties": { "osm_id": 964800190, "nombre": "Sin nombre", "tipo": "stream", "volcan_codigo": "SOL", "volcan_nombre": "Sollipulli", "drena_volcan": false }, "geometry": { "type": "LineString", "coordinates": [ [ -71.6808, -38.61605 ], [ -71.67917, -38.61842 ], [ -71.67882, -38.61955 ], [ -71.67725, -38.62099 ], [ -71.67653, -38.62212 ], [ -71.67585, -38.62347 ], [ -71.67569, -38.62444 ], [ -71.67513, -38.6253 ], [ -71.67443, -38.62608 ], [ -71.67359, -38.62849 ], [ -71.673, -38.62909 ], [ -71.6717, -38.62947 ], [ -71.6706, -38.63011 ], [ -71.66966, -38.63097 ], [ -71.66913, -38.63121 ], [ -71.66808, -38.63126 ], [ -71.66622, -38.63087 ] ] } },
{ "type": "Feature", "properties": { "osm_id": 964800191, "nombre": "Sin nombre", "tipo": "stream", "volcan_codigo": "SOL", "volcan_nombre": "Sollipulli", "drena_volcan": false }, "geometry": { "type": "LineString", "coordinates": [ [ -71.65186, -38.64842 ], [ -71.65203, -38.64755 ], [ -71.65224, -38.64724 ], [ -71.65259, -38.64706 ], [ -71.65266, -38.64678 ], [ -71.6525, -38.64652 ], [ -71.65303, -38.64552 ] ] } },
{ "type": "Feature", "properties": { "osm_id": 964800192, "nombre": "Sin nombre", "tipo": "stream", "volcan_codigo": "SOL", "volcan_nombre": "Sollipulli", "drena_volcan": false }, "geometry": { "type": "LineString", "coordinates": [ [ -71.66256, -38.60881 ], [ -71.66323, -38.60994 ], [ -71.66425, -38.61124 ], [ -71.66447, -38.61172 ], [ -71.66431, -38.61225 ], [ -71.66377, -38.61296 ], [ -71.66358, -38.61396 ], [ -71.66466, -38.61547 ], [ -71.66549, -38.6161 ], [ -71.66608, -38.61679 ], [ -71.666, -38.61851 ], [ -71.66688, -38.61994 ], [ -71.66661, -38.62086 ], [ -71.66616, -38.62182 ], [ -71.66477, -38.62307 ], [ -71.66446, -38.62319 ] ] } },
{ "type": "Feature", "properties": { "osm_id": 964800193, "nombre": "Sin nombre", "tipo": "stream", "volcan_codigo": "SOL", "volcan_nombre": "Sollipulli", "drena_volcan": false }, "geometry": { "type": "LineString", "coordinates": [ [ -71.66838, -38.6117 ], [ -71.66782, -38.61352 ], [ -71.66755, -38.61564 ], [ -71.66785, -38.61642 ], [ -71.66844, -38.61707 ], [ -71.66873, -38.61782 ], [ -71.66809, -38.61924 ], [ -71.66822, -38.62 ], [ -71.66814, -38.62088 ], [ -71.66785, -38.62124 ], [ -71.6671, -38.62134 ], [ -71.66625, -38.62162 ] ] } },
{ "type": "Feature", "properties": { "osm_id": 964800194, "nombre": "Sin nombre", "tipo": "stream", "volcan_codigo": "SOL", "volcan_nombre": "Sollipulli", "drena_volcan": false }, "geometry": { "type": "LineString", "coordinates": [ [ -71.65566, -38.60507 ], [ -71.6555, -38.6062 ], [ -71.65481, -38.60823 ], [ -71.65499, -38.60926 ], [ -71.65545, -38.61012 ], [ -71.6554, -38.61066 ], [ -71.65481, -38.61087 ] ] } },
{ "type": "Feature", "properties": { "osm_id": 964800195, "nombre": "Sin nombre", "tipo": "stream", "volcan_codigo": "SOL", "volcan_nombre": "Sollipulli", "drena_volcan": false }, "geometry": { "type": "LineString", "coordinates": [ [ -71.65481, -38.61087 ], [ -71.6543, -38.61163 ], [ -71.65379, -38.61295 ], [ -71.65384, -38.61406 ], [ -71.65695, -38.61762 ], [ -71.6569, -38.61821 ], [ -71.65639, -38.61888 ] ] } },
{ "type": "Feature", "properties": { "osm_id": 964800196, "nombre": "Sin nombre", "tipo": "stream", "volcan_codigo": "SOL", "volcan_nombre": "Sollipulli", "drena_volcan": false }, "geometry": { "type": "LineString", "coordinates": [ [ -71.65639, -38.61888 ], [ -71.65626, -38.61949 ], [ -71.65626, -38.62035 ], [ -71.65698, -38.62077 ], [ -71.65786, -38.62106 ], [ -71.66085, -38.62259 ], [ -71.66135, -38.62327 ] ] } },
{ "type": "Feature", "properties": { "osm_id": 964800197, "nombre": "Sin nombre", "tipo": "stream", "volcan_codigo": "SOL", "volcan_nombre": "Sollipulli", "drena_volcan": false }, "geometry": { "type": "LineString", "coordinates": [ [ -71.64771, -38.60271 ], [ -71.64771, -38.60451 ], [ -71.6476, -38.60531 ], [ -71.64479, -38.60921 ], [ -71.64479, -38.60981 ], [ -71.6454, -38.61036 ], [ -71.64508, -38.61073 ], [ -71.64227, -38.61254 ], [ -71.64127, -38.61331 ], [ -71.64068, -38.61407 ], [ -71.64068, -38.61509 ], [ -71.64092, -38.617 ], [ -71.64087, -38.6174 ] ] } },
{ "type": "Feature", "properties": { "osm_id": 1030824571, "nombre": "Sin nombre", "tipo": "stream", "volcan_codigo": "SOL", "volcan_nombre": "Sollipulli", "drena_volcan": false }, "geometry": { "type": "LineString", "coordinates": [ [ -71.62316, -38.57726 ], [ -71.62409, -38.5775 ], [ -71.62475, -38.57752 ], [ -71.62512, -38.5775 ], [ -71.62528, -38.57727 ], [ -71.62551, -38.57719 ], [ -71.62618, -38.57719 ], [ -71.62703, -38.57733 ], [ -71.62814, -38.57708 ], [ -71.62897, -38.57717 ], [ -71.62951, -38.57709 ], [ -71.63036, -38.57684 ], [ -71.63064, -38.57617 ] ] } },
{ "type": "Feature", "properties": { "osm_id": 1030824572, "nombre": "Sin nombre", "tipo": "stream", "volcan_codigo": "SOL", "volcan_nombre": "Sollipulli", "drena_volcan": false }, "geometry": { "type": "LineString", "coordinates": [ [ -71.62804, -38.57573 ], [ -71.62893, -38.57554 ], [ -71.62998, -38.57564 ], [ -71.63023, -38.57547 ], [ -71.6304, -38.57548 ], [ -71.63064, -38.57572 ], [ -71.63103, -38.57561 ], [ -71.63128, -38.57585 ], [ -71.6316, -38.5759 ] ] } },
{ "type": "Feature", "properties": { "osm_id": 1062204673, "nombre": "Sin nombre", "tipo": "river", "volcan_codigo": "SOL", "volcan_nombre": "Sollipulli", "drena_volcan": false }, "geometry": { "type": "LineString", "coordinates": [ [ -71.80456, -39.19844 ], [ -71.80489, -39.19918 ], [ -71.80524, -39.19964 ] ] } },
{ "type": "Feature", "properties": { "osm_id": 1132592519, "nombre": "Río Alpehue", "tipo": "river", "volcan_codigo": "SOL", "volcan_nombre": "Sollipulli", "drena_volcan": true }, "geometry": { "type": "LineString", "coordinates": [ [ -71.65755, -38.84957 ], [ -71.65805, -38.84966 ], [ -71.65975, -38.84966 ], [ -71.66136, -38.84999 ], [ -71.66324, -38.85013 ], [ -71.66457, -38.85087 ], [ -71.66576, -38.85128 ], [ -71.66648, -38.85113 ], [ -71.66734, -38.85073 ], [ -71.6676, -38.8507 ], [ -71.66813, -38.85083 ], [ -71.67012, -38.85161 ], [ -71.67129, -38.85193 ], [ -71.67191, -38.85226 ] ] } },
{ "type": "Feature", "properties": { "osm_id": 1132592540, "nombre": "Río Truful Truful", "tipo": "river", "volcan_codigo": "SOL", "volcan_nombre": "Sollipulli", "drena_volcan": false }, "geometry": { "type": "LineString", "coordinates": [ [ -71.64218, -38.79058 ], [ -71.64235, -38.7912 ], [ -71.64232, -38.79192 ], [ -71.6424, -38.7926 ], [ -71.64202, -38.79341 ], [ -71.64202, -38.79366 ], [ -71.64214, -38.79393 ] ] } },
{ "type": "Feature", "properties": { "osm_id": 1156712581, "nombre": "Sin nombre", "tipo": "stream", "volcan_codigo": "SOL", "volcan_nombre": "Sollipulli", "drena_volcan": true }, "geometry": { "type": "LineString", "coordinates": [ [ -71.47726, -39.0823 ], [ -71.47713, -39.08245 ], [ -71.47691, -39.0825 ], [ -71.47678, -39.08268 ], [ -71.47662, -39.08273 ], [ -71.47655, -39.08289 ], [ -71.47638, -39.08295 ], [ -71.47638, -39.08305 ], [ -71.47607, -39.0834 ], [ -71.47588, -39.08341 ], [ -71.47584, -39.08353 ], [ -71.47595, -39.08388 ], [ -71.47589, -39.084 ], [ -71.47561, -39.08427 ], [ -71.47539, -39.0843 ], [ -71.47536, -39.0844 ], [ -71.47514, -39.08439 ], [ -71.47493, -39.08473 ], [ -71.47501, -39.08488 ], [ -71.475, -39.08516 ], [ -71.47508, -39.08527 ], [ -71.47532, -39.08536 ], [ -71.47552, -39.08564 ], [ -71.47547, -39.08602 ], [ -71.47535, -39.08625 ], [ -71.47581, -39.08658 ], [ -71.47611, -39.08731 ], [ -71.47626, -39.08736 ], [ -71.47649, -39.08778 ], [ -71.47699, -39.08811 ], [ -71.4772, -39.08846 ], [ -71.4771, -39.08883 ], [ -71.47659, -39.08908 ], [ -71.47651, -39.08953 ], [ -71.47624, -39.08982 ], [ -71.47566, -39.09017 ], [ -71.47533, -39.09053 ], [ -71.47548, -39.09105 ], [ -71.47536, -39.09127 ], [ -71.47548, -39.09148 ] ] } },
{ "type": "Feature", "properties": { "osm_id": 1157435958, "nombre": "Sin nombre", "tipo": "stream", "volcan_codigo": "SOL", "volcan_nombre": "Sollipulli", "drena_volcan": false }, "geometry": { "type": "LineString", "coordinates": [ [ -71.53022, -38.83108 ], [ -71.53132, -38.83141 ], [ -71.53229, -38.83203 ], [ -71.5325, -38.83234 ], [ -71.53311, -38.83278 ], [ -71.53358, -38.8329 ], [ -71.5343, -38.8329 ], [ -71.53626, -38.83243 ], [ -71.53739, -38.83249 ], [ -71.53766, -38.8327 ], [ -71.53809, -38.83351 ], [ -71.53816, -38.83418 ], [ -71.53859, -38.83509 ], [ -71.53885, -38.83633 ], [ -71.53905, -38.83656 ], [ -71.53935, -38.83718 ], [ -71.53964, -38.83833 ], [ -71.54012, -38.83916 ], [ -71.5403, -38.84012 ], [ -71.54045, -38.8403 ], [ -71.54282, -38.84041 ], [ -71.54407, -38.84029 ], [ -71.54554, -38.84043 ], [ -71.5457, -38.84052 ], [ -71.54601, -38.84136 ] ] } },
{ "type": "Feature", "properties": { "osm_id": 1157435959, "nombre": "Sin nombre", "tipo": "stream", "volcan_codigo": "SOL", "volcan_nombre": "Sollipulli", "drena_volcan": false }, "geometry": { "type": "LineString", "coordinates": [ [ -71.54045, -38.8403 ], [ -71.54016, -38.84099 ], [ -71.54017, -38.84208 ], [ -71.54215, -38.8426 ], [ -71.54236, -38.84274 ], [ -71.543, -38.84422 ], [ -71.54341, -38.84482 ], [ -71.54386, -38.84498 ], [ -71.54489, -38.84518 ], [ -71.54603, -38.84529 ], [ -71.54639, -38.84579 ], [ -71.54644, -38.84605 ] ] } },
{ "type": "Feature", "properties": { "osm_id": 1166045582, "nombre": "Río Peuco", "tipo": "river", "volcan_codigo": "SOL", "volcan_nombre": "Sollipulli", "drena_volcan": false }, "geometry": { "type": "LineString", "coordinates": [ [ -71.67037, -38.84423 ], [ -71.6704, -38.84448 ] ] } },
{ "type": "Feature", "properties": { "osm_id": 1166045583, "nombre": "Río Peuco", "tipo": "river", "volcan_codigo": "SOL", "volcan_nombre": "Sollipulli", "drena_volcan": false }, "geometry": { "type": "LineString", "coordinates": [ [ -71.66991, -38.84227 ], [ -71.67, -38.84252 ], [ -71.67024, -38.84268 ], [ -71.67042, -38.84325 ], [ -71.67037, -38.84423 ] ] } },
{ "type": "Feature", "properties": { "osm_id": 1175468734, "nombre": "Sin nombre", "tipo": "stream", "volcan_codigo": "SOL", "volcan_nombre": "Sollipulli", "drena_volcan": false }, "geometry": { "type": "LineString", "coordinates": [ [ -71.47739, -39.08221 ], [ -71.47726, -39.0823 ] ] } },
{ "type": "Feature", "properties": { "osm_id": 1175468735, "nombre": "Sin nombre", "tipo": "stream", "volcan_codigo": "SOL", "volcan_nombre": "Sollipulli", "drena_volcan": false }, "geometry": { "type": "LineString", "coordinates": [ [ -71.48009, -39.07396 ], [ -71.47929, -39.07436 ], [ -71.47874, -39.07478 ], [ -71.47848, -39.07486 ], [ -71.47823, -39.07505 ], [ -71.47827, -39.07537 ], [ -71.47784, -39.07564 ], [ -71.47801, -39.07585 ], [ -71.47796, -39.07603 ], [ -71.47808, -39.07611 ], [ -71.47787, -39.07623 ], [ -71.47794, -39.07634 ], [ -71.47795, -39.07672 ], [ -71.47842, -39.07732 ], [ -71.47859, -39.07775 ], [ -71.47876, -39.07788 ], [ -71.47893, -39.07824 ], [ -71.47874, -39.07869 ], [ -71.47897, -39.07919 ], [ -71.47898, -39.07939 ], [ -71.47891, -39.07942 ], [ -71.47897, -39.07957 ], [ -71.47887, -39.07972 ], [ -71.47871, -39.08033 ], [ -71.47837, -39.08054 ], [ -71.47818, -39.08089 ], [ -71.47836, -39.08111 ], [ -71.47826, -39.08149 ], [ -71.47805, -39.08159 ], [ -71.47804, -39.08173 ], [ -71.47782, -39.08179 ], [ -71.47759, -39.08196 ], [ -71.47758, -39.08211 ], [ -71.47739, -39.08221 ] ] } },
{ "type": "Feature", "properties": { "osm_id": 1191474552, "nombre": "Sin nombre", "tipo": "canal", "volcan_codigo": "SOL", "volcan_nombre": "Sollipulli", "drena_volcan": false }, "geometry": { "type": "LineString", "coordinates": [ [ -71.65407, -38.83002 ], [ -71.65417, -38.83033 ], [ -71.65501, -38.83106 ], [ -71.65503, -38.8313 ] ] } },
{ "type": "Feature", "properties": { "osm_id": 1194532731, "nombre": "Río Sollipulli", "tipo": "river", "volcan_codigo": "SOL", "volcan_nombre": "Sollipulli", "drena_volcan": true }, "geometry": { "type": "LineString", "coordinates": [ [ -71.51019, -39.07151 ], [ -71.50994, -39.07166 ], [ -71.50958, -39.07213 ], [ -71.50914, -39.07289 ], [ -71.5092, -39.07317 ], [ -71.50891, -39.07369 ], [ -71.50852, -39.07377 ], [ -71.50632, -39.07608 ], [ -71.50618, -39.07643 ], [ -71.505, -39.07681 ], [ -71.50478, -39.07718 ], [ -71.50314, -39.07772 ], [ -71.50101, -39.07815 ], [ -71.50012, -39.078 ], [ -71.49894, -39.07748 ], [ -71.49814, -39.07746 ], [ -71.49768, -39.07788 ], [ -71.4969, -39.07825 ], [ -71.49633, -39.07869 ], [ -71.49594, -39.07886 ], [ -71.49551, -39.07894 ], [ -71.4943, -39.0787 ], [ -71.49376, -39.0787 ], [ -71.49358, -39.07887 ], [ -71.49382, -39.07956 ], [ -71.4937, -39.07986 ], [ -71.49314, -39.08019 ], [ -71.49223, -39.08048 ], [ -71.49196, -39.08079 ], [ -71.49155, -39.08108 ], [ -71.49071, -39.08217 ], [ -71.49025, -39.08256 ], [ -71.48957, -39.08291 ], [ -71.48822, -39.0833 ], [ -71.48663, -39.08444 ], [ -71.48577, -39.08454 ], [ -71.48517, -39.08471 ], [ -71.4832, -39.08571 ], [ -71.48096, -39.08612 ], [ -71.48033, -39.08637 ], [ -71.48001, -39.08662 ], [ -71.47988, -39.08687 ], [ -71.47972, -39.08827 ], [ -71.47933, -39.08904 ], [ -71.47824, -39.08974 ], [ -71.47603, -39.09094 ], [ -71.47548, -39.09148 ], [ -71.4754, -39.0919 ], [ -71.47546, -39.09216 ], [ -71.47573, -39.09257 ] ] } },
{ "type": "Feature", "properties": { "osm_id": 1196525657, "nombre": "Río Quillahue", "tipo": "river", "volcan_codigo": "SOL", "volcan_nombre": "Sollipulli", "drena_volcan": false }, "geometry": { "type": "LineString", "coordinates": [ [ -71.3654, -38.96591 ], [ -71.36451, -38.96583 ], [ -71.36416, -38.96595 ], [ -71.36356, -38.96581 ], [ -71.36259, -38.96506 ], [ -71.36248, -38.96449 ], [ -71.36225, -38.96414 ], [ -71.36191, -38.96409 ], [ -71.3616, -38.96429 ], [ -71.36143, -38.96459 ], [ -71.36113, -38.96486 ], [ -71.36034, -38.96532 ], [ -71.35964, -38.96584 ], [ -71.35903, -38.96609 ], [ -71.35869, -38.96632 ], [ -71.35796, -38.96652 ], [ -71.35759, -38.96652 ], [ -71.35716, -38.96627 ], [ -71.35669, -38.96628 ] ] } },
{ "type": "Feature", "properties": { "osm_id": 1227054367, "nombre": "Sin nombre", "tipo": "stream", "volcan_codigo": "SOL", "volcan_nombre": "Sollipulli", "drena_volcan": false }, "geometry": { "type": "LineString", "coordinates": [ [ -71.67729, -39.11877 ], [ -71.67821, -39.11838 ], [ -71.67939, -39.11757 ], [ -71.68078, -39.11636 ], [ -71.6836, -39.11643 ], [ -71.68725, -39.11627 ], [ -71.68785, -39.11588 ], [ -71.68976, -39.11536 ], [ -71.69132, -39.11475 ], [ -71.69311, -39.11368 ], [ -71.69459, -39.11349 ], [ -71.69643, -39.11285 ], [ -71.699, -39.11299 ], [ -71.70212, -39.11281 ], [ -71.70296, -39.11258 ], [ -71.70555, -39.11221 ], [ -71.70769, -39.11309 ], [ -71.70803, -39.11363 ], [ -71.71056, -39.11343 ], [ -71.71124, -39.11312 ], [ -71.71273, -39.1129 ], [ -71.71504, -39.11294 ], [ -71.71571, -39.11186 ], [ -71.71979, -39.10995 ], [ -71.72231, -39.10895 ], [ -71.72371, -39.10918 ], [ -71.72419, -39.10902 ], [ -71.72469, -39.10843 ], [ -71.72621, -39.10805 ], [ -71.72722, -39.10834 ], [ -71.72914, -39.10866 ], [ -71.73072, -39.10829 ], [ -71.73209, -39.10725 ], [ -71.73364, -39.10629 ], [ -71.73408, -39.10589 ], [ -71.73485, -39.10542 ], [ -71.7352, -39.10438 ], [ -71.7363, -39.10342 ], [ -71.73766, -39.10186 ], [ -71.73926, -39.10091 ], [ -71.74094, -39.10009 ], [ -71.74116, -39.09992 ] ] } },
{ "type": "Feature", "properties": { "osm_id": 1227054370, "nombre": "Sin nombre", "tipo": "stream", "volcan_codigo": "SOL", "volcan_nombre": "Sollipulli", "drena_volcan": false }, "geometry": { "type": "LineString", "coordinates": [ [ -71.55391, -39.11289 ], [ -71.55385, -39.11381 ], [ -71.55332, -39.11469 ], [ -71.55234, -39.116 ], [ -71.55186, -39.11722 ], [ -71.55122, -39.11816 ] ] } },
{ "type": "Feature", "properties": { "osm_id": 1227054371, "nombre": "Sin nombre", "tipo": "stream", "volcan_codigo": "SOL", "volcan_nombre": "Sollipulli", "drena_volcan": false }, "geometry": { "type": "LineString", "coordinates": [ [ -71.53288, -39.11932 ], [ -71.53336, -39.11964 ], [ -71.53376, -39.1197 ], [ -71.53409, -39.11988 ], [ -71.53414, -39.11999 ], [ -71.53407, -39.12012 ], [ -71.53415, -39.1203 ], [ -71.53449, -39.12049 ], [ -71.53649, -39.12053 ], [ -71.53715, -39.12069 ], [ -71.53844, -39.12119 ], [ -71.54067, -39.12169 ], [ -71.5425, -39.12204 ], [ -71.5446, -39.12223 ], [ -71.5469, -39.12203 ], [ -71.549, -39.12153 ], [ -71.54965, -39.12129 ], [ -71.5503, -39.12095 ], [ -71.55068, -39.12051 ], [ -71.5513, -39.12042 ], [ -71.55189, -39.12056 ] ] } },
{ "type": "Feature", "properties": { "osm_id": 1230517382, "nombre": "Sin nombre", "tipo": "stream", "volcan_codigo": "SOL", "volcan_nombre": "Sollipulli", "drena_volcan": true }, "geometry": { "type": "LineString", "coordinates": [ [ -71.4096, -39.32978 ], [ -71.40936, -39.32934 ], [ -71.40904, -39.32913 ], [ -71.40885, -39.3289 ], [ -71.4084, -39.32809 ], [ -71.40699, -39.32692 ], [ -71.40631, -39.32614 ], [ -71.40644, -39.32484 ], [ -71.40662, -39.32421 ], [ -71.40655, -39.32358 ], [ -71.40676, -39.32317 ], [ -71.40655, -39.32278 ], [ -71.40654, -39.32231 ], [ -71.40683, -39.32145 ], [ -71.40681, -39.32107 ], [ -71.40699, -39.32073 ], [ -71.40727, -39.32044 ], [ -71.40727, -39.32005 ], [ -71.40746, -39.31943 ], [ -71.40721, -39.31901 ], [ -71.40725, -39.31867 ], [ -71.40687, -39.31792 ], [ -71.40663, -39.31763 ], [ -71.40592, -39.31723 ], [ -71.40572, -39.31693 ], [ -71.40588, -39.31648 ], [ -71.40587, -39.31581 ], [ -71.40651, -39.31544 ], [ -71.40661, -39.31523 ], [ -71.40631, -39.31461 ], [ -71.40669, -39.31387 ], [ -71.40692, -39.31363 ], [ -71.40803, -39.31311 ], [ -71.40862, -39.31238 ], [ -71.40904, -39.31209 ], [ -71.40933, -39.31173 ], [ -71.40939, -39.31149 ], [ -71.40984, -39.31092 ], [ -71.40972, -39.31061 ], [ -71.4104, -39.31023 ], [ -71.41037, -39.30985 ], [ -71.41055, -39.30943 ], [ -71.41127, -39.30898 ], [ -71.41148, -39.30876 ], [ -71.41188, -39.30859 ], [ -71.41268, -39.30784 ], [ -71.41286, -39.30747 ], [ -71.41264, -39.3068 ], [ -71.41267, -39.30641 ], [ -71.41295, -39.30628 ], [ -71.41455, -39.30638 ], [ -71.41518, -39.30597 ], [ -71.41556, -39.30541 ], [ -71.41611, -39.30515 ], [ -71.41657, -39.30463 ], [ -71.41699, -39.30439 ], [ -71.41767, -39.30422 ], [ -71.41827, -39.30384 ], [ -71.41904, -39.30285 ], [ -71.41952, -39.3024 ], [ -71.41985, -39.30192 ], [ -71.42056, -39.30154 ], [ -71.42093, -39.30107 ], [ -71.42104, -39.30058 ], [ -71.42131, -39.30019 ], [ -71.42173, -39.3 ], [ -71.42203, -39.29997 ], [ -71.42267, -39.30026 ], [ -71.42308, -39.30022 ], [ -71.42332, -39.29983 ], [ -71.42363, -39.2998 ], [ -71.42377, -39.29969 ], [ -71.42379, -39.29951 ], [ -71.42358, -39.29929 ], [ -71.42366, -39.2991 ], [ -71.42414, -39.29904 ], [ -71.42532, -39.29848 ], [ -71.42577, -39.29805 ], [ -71.4265, -39.29769 ], [ -71.42671, -39.29769 ], [ -71.42723, -39.29795 ], [ -71.42816, -39.29787 ], [ -71.4284, -39.29799 ], [ -71.42848, -39.29823 ], [ -71.42871, -39.29845 ], [ -71.42918, -39.2984 ], [ -71.42946, -39.29804 ], [ -71.42932, -39.29768 ], [ -71.42943, -39.2974 ], [ -71.42966, -39.29727 ], [ -71.43024, -39.29718 ], [ -71.43036, -39.29685 ], [ -71.43093, -39.29627 ], [ -71.43102, -39.29595 ], [ -71.4313, -39.29552 ], [ -71.43175, -39.2954 ], [ -71.43222, -39.29512 ], [ -71.4328, -39.29493 ], [ -71.43363, -39.29496 ], [ -71.43379, -39.29482 ], [ -71.43381, -39.29444 ], [ -71.43438, -39.2942 ] ] } },
{ "type": "Feature", "properties": { "osm_id": 1244732420, "nombre": "Sin nombre", "tipo": "river", "volcan_codigo": "SOL", "volcan_nombre": "Sollipulli", "drena_volcan": false }, "geometry": { "type": "LineString", "coordinates": [ [ -71.42708, -39.1997 ], [ -71.42742, -39.20016 ], [ -71.42785, -39.20054 ], [ -71.42861, -39.20079 ], [ -71.42924, -39.20136 ], [ -71.42986, -39.20159 ], [ -71.43002, -39.20206 ], [ -71.43027, -39.20233 ], [ -71.43139, -39.20294 ], [ -71.4317, -39.20337 ], [ -71.43198, -39.20361 ], [ -71.43199, -39.20395 ], [ -71.43208, -39.20412 ], [ -71.43255, -39.20434 ], [ -71.43292, -39.20441 ], [ -71.43312, -39.20456 ], [ -71.43324, -39.20489 ], [ -71.4331, -39.2052 ], [ -71.43343, -39.20547 ], [ -71.43353, -39.20631 ], [ -71.43418, -39.20685 ], [ -71.43413, -39.20745 ], [ -71.43464, -39.20862 ], [ -71.43525, -39.20905 ], [ -71.43559, -39.21001 ], [ -71.43623, -39.21078 ], [ -71.43671, -39.21118 ], [ -71.43707, -39.2113 ] ] } },
{ "type": "Feature", "properties": { "osm_id": 1245123808, "nombre": "Sin nombre", "tipo": "river", "volcan_codigo": "SOL", "volcan_nombre": "Sollipulli", "drena_volcan": true }, "geometry": { "type": "LineString", "coordinates": [ [ -71.4638, -39.17974 ], [ -71.46418, -39.1802 ], [ -71.46455, -39.18051 ], [ -71.46569, -39.18114 ], [ -71.46696, -39.18206 ], [ -71.46749, -39.18252 ], [ -71.46804, -39.18316 ], [ -71.46913, -39.18359 ], [ -71.46939, -39.18388 ], [ -71.46969, -39.18457 ] ] } },
{ "type": "Feature", "properties": { "osm_id": 1245123810, "nombre": "Sin nombre", "tipo": "river", "volcan_codigo": "SOL", "volcan_nombre": "Sollipulli", "drena_volcan": true }, "geometry": { "type": "LineString", "coordinates": [ [ -71.4882, -39.17513 ], [ -71.48728, -39.17294 ], [ -71.48688, -39.17259 ], [ -71.48623, -39.17235 ], [ -71.48605, -39.17141 ], [ -71.48539, -39.17058 ], [ -71.48491, -39.17051 ], [ -71.48401, -39.17096 ], [ -71.48175, -39.17128 ], [ -71.48068, -39.1715 ] ] } },
{ "type": "Feature", "properties": { "osm_id": 1245239103, "nombre": "Sin nombre", "tipo": "river", "volcan_codigo": "SOL", "volcan_nombre": "Sollipulli", "drena_volcan": false }, "geometry": { "type": "LineString", "coordinates": [ [ -71.50863, -39.14712 ], [ -71.50858, -39.14676 ], [ -71.5084, -39.14635 ], [ -71.50812, -39.14598 ], [ -71.50778, -39.14573 ], [ -71.50695, -39.14563 ], [ -71.50649, -39.14546 ], [ -71.50572, -39.14562 ], [ -71.50459, -39.14517 ], [ -71.50388, -39.14469 ], [ -71.50298, -39.14463 ], [ -71.50239, -39.14431 ], [ -71.50182, -39.14422 ], [ -71.50151, -39.14406 ], [ -71.50132, -39.14409 ], [ -71.5011, -39.14433 ], [ -71.50054, -39.14463 ], [ -71.49969, -39.14464 ], [ -71.49899, -39.14477 ], [ -71.49808, -39.14482 ], [ -71.49673, -39.14522 ], [ -71.49643, -39.14513 ], [ -71.49603, -39.14476 ], [ -71.49491, -39.14412 ], [ -71.49425, -39.14389 ], [ -71.49312, -39.14372 ], [ -71.49238, -39.14395 ], [ -71.49142, -39.14472 ] ] } },
{ "type": "Feature", "properties": { "osm_id": 1259128931, "nombre": "Estero Huemul", "tipo": "river", "volcan_codigo": "SOL", "volcan_nombre": "Sollipulli", "drena_volcan": false }, "geometry": { "type": "LineString", "coordinates": [ [ -71.36084, -38.59539 ], [ -71.36114, -38.59557 ], [ -71.36155, -38.596 ], [ -71.36248, -38.59617 ], [ -71.36373, -38.59659 ], [ -71.36381, -38.59682 ], [ -71.36451, -38.59721 ], [ -71.36497, -38.59727 ], [ -71.36527, -38.59716 ], [ -71.36564, -38.59719 ], [ -71.36581, -38.59729 ], [ -71.36624, -38.59728 ], [ -71.36652, -38.59721 ], [ -71.36683, -38.59676 ], [ -71.36699, -38.59671 ], [ -71.36733, -38.59703 ], [ -71.3681, -38.59734 ], [ -71.36794, -38.59755 ], [ -71.36795, -38.59766 ], [ -71.36882, -38.59812 ], [ -71.36908, -38.59809 ], [ -71.36891, -38.59825 ], [ -71.36956, -38.5982 ], [ -71.36955, -38.59839 ], [ -71.37002, -38.5986 ], [ -71.37067, -38.59869 ], [ -71.37076, -38.59882 ], [ -71.37129, -38.5989 ], [ -71.37194, -38.59965 ], [ -71.37221, -38.59968 ], [ -71.37225, -38.59978 ], [ -71.37273, -38.5999 ], [ -71.37282, -38.60004 ], [ -71.37262, -38.60011 ], [ -71.37259, -38.60019 ], [ -71.37278, -38.60062 ], [ -71.37383, -38.60113 ], [ -71.37406, -38.60136 ], [ -71.37412, -38.60153 ], [ -71.37405, -38.60189 ], [ -71.37416, -38.60206 ], [ -71.37468, -38.60219 ], [ -71.37507, -38.60219 ], [ -71.37549, -38.60234 ], [ -71.37558, -38.60243 ], [ -71.37555, -38.6029 ], [ -71.37574, -38.60321 ], [ -71.37655, -38.60372 ], [ -71.37671, -38.60388 ], [ -71.37677, -38.60415 ], [ -71.37714, -38.60428 ], [ -71.37736, -38.60468 ], [ -71.3782, -38.6053 ], [ -71.37835, -38.60563 ], [ -71.37837, -38.60592 ], [ -71.37868, -38.6065 ], [ -71.3787, -38.6069 ], [ -71.37893, -38.60725 ], [ -71.37931, -38.60743 ], [ -71.38035, -38.60752 ] ] } },
{ "type": "Feature", "properties": { "osm_id": 1260676831, "nombre": "Sin nombre", "tipo": "stream", "volcan_codigo": "SOL", "volcan_nombre": "Sollipulli", "drena_volcan": false }, "geometry": { "type": "LineString", "coordinates": [ [ -71.33669, -38.81673 ], [ -71.33663, -38.81654 ], [ -71.33672, -38.81632 ], [ -71.33658, -38.81613 ], [ -71.33618, -38.81586 ], [ -71.33594, -38.81585 ] ] } },
{ "type": "Feature", "properties": { "osm_id": 1260676832, "nombre": "Sin nombre", "tipo": "stream", "volcan_codigo": "SOL", "volcan_nombre": "Sollipulli", "drena_volcan": false }, "geometry": { "type": "LineString", "coordinates": [ [ -71.33669, -38.8169 ], [ -71.33669, -38.81673 ] ] } },
{ "type": "Feature", "properties": { "osm_id": 1263059578, "nombre": "Río Tuetué", "tipo": "stream", "volcan_codigo": "SOL", "volcan_nombre": "Sollipulli", "drena_volcan": false }, "geometry": { "type": "LineString", "coordinates": [ [ -71.10966, -38.71493 ], [ -71.11022, -38.715 ], [ -71.11077, -38.71479 ], [ -71.11113, -38.71414 ], [ -71.11137, -38.71401 ], [ -71.11197, -38.71394 ], [ -71.1123, -38.7138 ], [ -71.11286, -38.71326 ], [ -71.1134, -38.71258 ], [ -71.11247, -38.71139 ], [ -71.11238, -38.71108 ], [ -71.11246, -38.71082 ] ] } },
{ "type": "Feature", "properties": { "osm_id": 1263059579, "nombre": "Río Tuetué", "tipo": "stream", "volcan_codigo": "SOL", "volcan_nombre": "Sollipulli", "drena_volcan": false }, "geometry": { "type": "LineString", "coordinates": [ [ -71.1095, -38.71501 ], [ -71.10966, -38.71493 ] ] } },
{ "type": "Feature", "properties": { "osm_id": 1276146883, "nombre": "Sin nombre", "tipo": "stream", "volcan_codigo": "SOL", "volcan_nombre": "Sollipulli", "drena_volcan": false }, "geometry": { "type": "LineString", "coordinates": [ [ -71.43497, -38.5405 ], [ -71.43468, -38.5412 ], [ -71.43455, -38.54128 ], [ -71.43449, -38.54155 ], [ -71.43462, -38.5417 ], [ -71.43459, -38.54196 ], [ -71.43467, -38.54237 ], [ -71.43451, -38.54267 ], [ -71.43439, -38.54274 ], [ -71.43379, -38.54277 ], [ -71.43361, -38.543 ], [ -71.43319, -38.54309 ], [ -71.43282, -38.54303 ], [ -71.43285, -38.54293 ], [ -71.43241, -38.54283 ], [ -71.43206, -38.54252 ], [ -71.43191, -38.54254 ], [ -71.43148, -38.54237 ], [ -71.43127, -38.54243 ], [ -71.43107, -38.54276 ], [ -71.43061, -38.54294 ], [ -71.43007, -38.54285 ] ] } },
{ "type": "Feature", "properties": { "osm_id": 1276146884, "nombre": "Sin nombre", "tipo": "stream", "volcan_codigo": "SOL", "volcan_nombre": "Sollipulli", "drena_volcan": false }, "geometry": { "type": "LineString", "coordinates": [ [ -71.43508, -38.54048 ], [ -71.43497, -38.5405 ] ] } },
{ "type": "Feature", "properties": { "osm_id": 1276146906, "nombre": "Sin nombre", "tipo": "stream", "volcan_codigo": "SOL", "volcan_nombre": "Sollipulli", "drena_volcan": false }, "geometry": { "type": "LineString", "coordinates": [ [ -71.43488, -38.53589 ], [ -71.43489, -38.53604 ] ] } },
{ "type": "Feature", "properties": { "osm_id": 1276146907, "nombre": "Sin nombre", "tipo": "stream", "volcan_codigo": "SOL", "volcan_nombre": "Sollipulli", "drena_volcan": false }, "geometry": { "type": "LineString", "coordinates": [ [ -71.43438, -38.53461 ], [ -71.43446, -38.53495 ], [ -71.43436, -38.53509 ], [ -71.434, -38.53522 ], [ -71.43389, -38.53538 ], [ -71.43413, -38.53562 ], [ -71.43488, -38.53589 ] ] } },
{ "type": "Feature", "properties": { "osm_id": 1301602590, "nombre": "Sin nombre", "tipo": "stream", "volcan_codigo": "SOL", "volcan_nombre": "Sollipulli", "drena_volcan": false }, "geometry": { "type": "LineString", "coordinates": [ [ -71.57543, -39.0116 ], [ -71.57568, -39.01207 ], [ -71.57577, -39.01294 ], [ -71.57634, -39.01414 ], [ -71.57619, -39.01463 ], [ -71.57681, -39.01586 ], [ -71.57679, -39.01729 ], [ -71.57652, -39.01793 ], [ -71.5765, -39.01818 ], [ -71.57633, -39.01828 ], [ -71.57609, -39.01898 ], [ -71.57608, -39.01926 ], [ -71.57626, -39.01988 ], [ -71.57637, -39.02004 ], [ -71.57615, -39.02093 ], [ -71.57594, -39.02099 ], [ -71.5759, -39.02125 ], [ -71.5752, -39.02153 ], [ -71.57488, -39.0221 ], [ -71.57461, -39.02234 ], [ -71.57368, -39.02267 ], [ -71.5732, -39.02273 ], [ -71.57282, -39.02296 ], [ -71.57279, -39.02324 ], [ -71.57247, -39.02363 ], [ -71.57065, -39.02498 ], [ -71.5702, -39.02507 ], [ -71.5702, -39.02529 ] ] } },
{ "type": "Feature", "properties": { "osm_id": 1301602591, "nombre": "Sin nombre", "tipo": "stream", "volcan_codigo": "SOL", "volcan_nombre": "Sollipulli", "drena_volcan": false }, "geometry": { "type": "LineString", "coordinates": [ [ -71.56843, -39.0185 ], [ -71.56924, -39.01956 ], [ -71.56914, -39.01993 ], [ -71.56928, -39.02024 ], [ -71.56925, -39.02069 ], [ -71.56943, -39.02113 ], [ -71.56968, -39.0214 ], [ -71.56949, -39.02176 ], [ -71.5696, -39.02214 ], [ -71.56953, -39.02249 ], [ -71.57004, -39.02344 ], [ -71.56988, -39.02355 ], [ -71.57016, -39.02453 ], [ -71.56987, -39.02465 ], [ -71.56999, -39.025 ], [ -71.5702, -39.02529 ], [ -71.57023, -39.0257 ], [ -71.57001, -39.02603 ], [ -71.56952, -39.02629 ], [ -71.56868, -39.02653 ], [ -71.56855, -39.02681 ], [ -71.56833, -39.02703 ], [ -71.56825, -39.02737 ], [ -71.5684, -39.02747 ], [ -71.56847, -39.02781 ], [ -71.56884, -39.02803 ], [ -71.569, -39.02835 ], [ -71.56933, -39.02838 ], [ -71.57011, -39.02938 ], [ -71.57021, -39.02979 ], [ -71.57044, -39.0302 ], [ -71.57026, -39.03073 ], [ -71.57013, -39.03088 ], [ -71.57025, -39.03132 ], [ -71.57069, -39.03208 ], [ -71.57122, -39.03238 ], [ -71.57137, -39.03259 ], [ -71.57185, -39.03298 ], [ -71.57158, -39.03414 ], [ -71.57173, -39.03495 ], [ -71.57209, -39.03542 ], [ -71.57247, -39.03569 ], [ -71.57328, -39.03592 ], [ -71.5741, -39.03674 ], [ -71.5741, -39.03714 ], [ -71.57458, -39.03759 ], [ -71.57518, -39.03781 ], [ -71.57565, -39.03831 ], [ -71.5757, -39.03899 ], [ -71.57512, -39.03964 ], [ -71.57487, -39.0404 ], [ -71.57505, -39.04315 ], [ -71.57428, -39.04364 ], [ -71.57333, -39.04397 ], [ -71.57245, -39.04445 ], [ -71.57222, -39.04525 ], [ -71.57217, -39.04595 ], [ -71.57254, -39.0469 ], [ -71.57327, -39.04764 ], [ -71.57363, -39.04877 ], [ -71.57393, -39.05029 ], [ -71.57488, -39.05165 ], [ -71.57762, -39.05278 ], [ -71.57904, -39.05308 ], [ -71.58091, -39.05428 ], [ -71.58232, -39.0555 ], [ -71.58445, -39.05658 ], [ -71.58601, -39.05785 ], [ -71.58715, -39.05848 ], [ -71.58831, -39.05983 ], [ -71.59073, -39.06187 ], [ -71.59146, -39.06308 ], [ -71.59204, -39.06355 ], [ -71.59432, -39.06327 ], [ -71.59666, -39.0639 ], [ -71.5993, -39.06435 ], [ -71.60005, -39.0646 ], [ -71.60151, -39.06541 ], [ -71.6029, -39.06581 ], [ -71.60919, -39.06648 ], [ -71.61078, -39.06598 ], [ -71.61136, -39.06568 ], [ -71.61222, -39.06561 ], [ -71.61369, -39.06567 ], [ -71.61451, -39.0656 ], [ -71.61514, -39.06539 ], [ -71.61564, -39.06509 ], [ -71.61611, -39.06466 ], [ -71.61759, -39.06448 ], [ -71.61853, -39.06481 ], [ -71.61914, -39.06517 ], [ -71.61992, -39.06503 ], [ -71.62082, -39.06475 ], [ -71.62145, -39.06474 ], [ -71.62193, -39.06531 ], [ -71.62259, -39.0655 ], [ -71.62315, -39.06601 ], [ -71.62464, -39.06581 ] ] } },
{ "type": "Feature", "properties": { "osm_id": 1301602593, "nombre": "Sin nombre", "tipo": "stream", "volcan_codigo": "SOL", "volcan_nombre": "Sollipulli", "drena_volcan": false }, "geometry": { "type": "LineString", "coordinates": [ [ -71.63386, -39.00533 ], [ -71.63519, -39.006 ], [ -71.63636, -39.00713 ], [ -71.6367, -39.0081 ], [ -71.63697, -39.00943 ], [ -71.63632, -39.01013 ], [ -71.63511, -39.01075 ], [ -71.63393, -39.01146 ], [ -71.63296, -39.01333 ], [ -71.63249, -39.01467 ], [ -71.63206, -39.01552 ], [ -71.63159, -39.0168 ], [ -71.63124, -39.0208 ], [ -71.63155, -39.02175 ], [ -71.63159, -39.0229 ], [ -71.63135, -39.0245 ], [ -71.63092, -39.02545 ], [ -71.62891, -39.02879 ], [ -71.62852, -39.03144 ], [ -71.62934, -39.03291 ], [ -71.63072, -39.0372 ], [ -71.63129, -39.03832 ], [ -71.63437, -39.04228 ], [ -71.63483, -39.04315 ], [ -71.63534, -39.04307 ], [ -71.63581, -39.04404 ], [ -71.63577, -39.04492 ], [ -71.63529, -39.04633 ], [ -71.6353, -39.04741 ], [ -71.6354, -39.04824 ] ] } },
{ "type": "Feature", "properties": { "osm_id": 1301602594, "nombre": "Sin nombre", "tipo": "stream", "volcan_codigo": "SOL", "volcan_nombre": "Sollipulli", "drena_volcan": false }, "geometry": { "type": "LineString", "coordinates": [ [ -71.59352, -39.0156 ], [ -71.59432, -39.01707 ], [ -71.59571, -39.01751 ], [ -71.59627, -39.0182 ], [ -71.59681, -39.01803 ], [ -71.59704, -39.01857 ], [ -71.59788, -39.01897 ], [ -71.5997, -39.01923 ], [ -71.60043, -39.0196 ], [ -71.60133, -39.02098 ], [ -71.60183, -39.02202 ], [ -71.60262, -39.02292 ], [ -71.6029, -39.02383 ], [ -71.60318, -39.02607 ], [ -71.60339, -39.0271 ], [ -71.60464, -39.02982 ], [ -71.60485, -39.03052 ], [ -71.60417, -39.03399 ], [ -71.60449, -39.03557 ], [ -71.6055, -39.03695 ], [ -71.60633, -39.03765 ], [ -71.60704, -39.03854 ], [ -71.60764, -39.03962 ], [ -71.60829, -39.04169 ], [ -71.60829, -39.04259 ], [ -71.60854, -39.0434 ], [ -71.60955, -39.04385 ], [ -71.6099, -39.04422 ], [ -71.6094, -39.04537 ], [ -71.60869, -39.04645 ], [ -71.60867, -39.04707 ], [ -71.60942, -39.0483 ], [ -71.60972, -39.04905 ], [ -71.61086, -39.05129 ], [ -71.61153, -39.05203 ], [ -71.61232, -39.05365 ], [ -71.61258, -39.05437 ], [ -71.61369, -39.05442 ], [ -71.61451, -39.05477 ], [ -71.61492, -39.05533 ], [ -71.61575, -39.05583 ], [ -71.61614, -39.05622 ], [ -71.61685, -39.0567 ], [ -71.61768, -39.05708 ], [ -71.61862, -39.05704 ], [ -71.61904, -39.05721 ], [ -71.61907, -39.05794 ], [ -71.61929, -39.0583 ], [ -71.61952, -39.05848 ], [ -71.62025, -39.05878 ], [ -71.62066, -39.05909 ], [ -71.62069, -39.0593 ], [ -71.62089, -39.05945 ], [ -71.62192, -39.05973 ], [ -71.62215, -39.05999 ], [ -71.62222, -39.06039 ], [ -71.62266, -39.06043 ], [ -71.62295, -39.06008 ], [ -71.62327, -39.05998 ], [ -71.62368, -39.06022 ], [ -71.62427, -39.06025 ] ] } },
{ "type": "Feature", "properties": { "osm_id": 1301602595, "nombre": "Sin nombre", "tipo": "stream", "volcan_codigo": "SOL", "volcan_nombre": "Sollipulli", "drena_volcan": false }, "geometry": { "type": "LineString", "coordinates": [ [ -71.60169, -39.00843 ], [ -71.60174, -39.00883 ], [ -71.60187, -39.00914 ], [ -71.60305, -39.01033 ], [ -71.60337, -39.01051 ], [ -71.60391, -39.01047 ], [ -71.60411, -39.01056 ], [ -71.60554, -39.01172 ], [ -71.60655, -39.01222 ], [ -71.60696, -39.01239 ], [ -71.60785, -39.0124 ], [ -71.60811, -39.01248 ], [ -71.60917, -39.01306 ], [ -71.61016, -39.0133 ], [ -71.61067, -39.01284 ], [ -71.61106, -39.01294 ], [ -71.61127, -39.01312 ], [ -71.6123, -39.01477 ], [ -71.61366, -39.01497 ], [ -71.61448, -39.01535 ], [ -71.61633, -39.01578 ], [ -71.61653, -39.01607 ], [ -71.61693, -39.01591 ], [ -71.61832, -39.01644 ], [ -71.6187, -39.01672 ], [ -71.61949, -39.01685 ], [ -71.61998, -39.01719 ], [ -71.62068, -39.01731 ] ] } },
{ "type": "Feature", "properties": { "osm_id": 1301602597, "nombre": "Sin nombre", "tipo": "stream", "volcan_codigo": "SOL", "volcan_nombre": "Sollipulli", "drena_volcan": false }, "geometry": { "type": "LineString", "coordinates": [ [ -71.65287, -39.05985 ], [ -71.65207, -39.06004 ], [ -71.65182, -39.06032 ], [ -71.65076, -39.06245 ], [ -71.65072, -39.06286 ] ] } },
{ "type": "Feature", "properties": { "osm_id": 1301602598, "nombre": "Sin nombre", "tipo": "stream", "volcan_codigo": "SOL", "volcan_nombre": "Sollipulli", "drena_volcan": false }, "geometry": { "type": "LineString", "coordinates": [ [ -71.62229, -39.01209 ], [ -71.62188, -39.01277 ], [ -71.62131, -39.01308 ], [ -71.62101, -39.01364 ], [ -71.62094, -39.01491 ], [ -71.62102, -39.01527 ], [ -71.62122, -39.01561 ], [ -71.62059, -39.0177 ], [ -71.62109, -39.01787 ], [ -71.62142, -39.01815 ], [ -71.62169, -39.01819 ], [ -71.62194, -39.01858 ], [ -71.62255, -39.0188 ], [ -71.62248, -39.01942 ], [ -71.62266, -39.01984 ], [ -71.62317, -39.02033 ], [ -71.6239, -39.02056 ], [ -71.62406, -39.02078 ], [ -71.62478, -39.02107 ], [ -71.62543, -39.0218 ], [ -71.62652, -39.02235 ], [ -71.62728, -39.02215 ], [ -71.62788, -39.02237 ], [ -71.62826, -39.02322 ], [ -71.62788, -39.02362 ], [ -71.627, -39.02395 ], [ -71.62569, -39.02519 ], [ -71.62487, -39.02614 ], [ -71.62434, -39.02784 ], [ -71.62367, -39.0293 ], [ -71.62348, -39.03277 ], [ -71.62363, -39.03452 ], [ -71.62462, -39.03685 ], [ -71.62537, -39.03932 ], [ -71.62575, -39.04004 ], [ -71.62719, -39.04084 ], [ -71.62771, -39.04135 ], [ -71.62805, -39.04209 ], [ -71.62953, -39.0427 ], [ -71.63043, -39.04337 ], [ -71.63064, -39.04435 ], [ -71.63157, -39.04545 ], [ -71.63256, -39.04634 ], [ -71.63312, -39.04667 ], [ -71.63346, -39.04766 ], [ -71.63375, -39.04792 ], [ -71.63428, -39.04808 ], [ -71.6353, -39.04817 ], [ -71.63548, -39.0483 ], [ -71.63567, -39.04862 ], [ -71.63533, -39.04932 ], [ -71.63509, -39.04952 ], [ -71.63505, -39.04973 ], [ -71.63527, -39.05033 ], [ -71.63526, -39.05069 ], [ -71.6349, -39.05124 ], [ -71.63472, -39.05182 ], [ -71.63469, -39.05266 ], [ -71.63438, -39.05302 ], [ -71.63441, -39.05332 ], [ -71.63419, -39.05375 ], [ -71.63444, -39.05418 ], [ -71.63439, -39.0544 ], [ -71.63426, -39.05475 ], [ -71.63392, -39.05498 ], [ -71.63338, -39.05509 ], [ -71.63301, -39.05542 ], [ -71.63319, -39.05632 ], [ -71.63193, -39.05729 ], [ -71.63085, -39.05715 ], [ -71.63034, -39.0572 ], [ -71.63077, -39.0579 ], [ -71.63004, -39.05793 ], [ -71.62974, -39.05801 ], [ -71.62906, -39.05838 ], [ -71.62768, -39.05871 ], [ -71.62734, -39.05865 ], [ -71.62694, -39.0589 ], [ -71.62614, -39.05897 ], [ -71.62583, -39.05923 ], [ -71.62574, -39.05952 ], [ -71.62555, -39.0597 ], [ -71.62427, -39.06025 ], [ -71.62458, -39.06055 ], [ -71.62532, -39.06161 ], [ -71.62512, -39.06219 ], [ -71.62532, -39.0624 ], [ -71.62533, -39.06275 ], [ -71.62492, -39.0631 ], [ -71.62476, -39.06334 ], [ -71.62504, -39.06366 ], [ -71.62475, -39.06404 ], [ -71.62459, -39.06571 ], [ -71.62471, -39.06594 ], [ -71.62546, -39.06681 ], [ -71.62565, -39.06754 ], [ -71.62592, -39.06769 ], [ -71.62666, -39.06772 ], [ -71.62687, -39.06783 ], [ -71.62686, -39.06853 ], [ -71.6275, -39.06876 ], [ -71.62789, -39.06915 ], [ -71.62897, -39.06977 ], [ -71.62937, -39.07017 ], [ -71.62952, -39.07055 ], [ -71.62982, -39.07075 ], [ -71.63039, -39.07102 ], [ -71.63143, -39.07116 ], [ -71.63222, -39.07142 ], [ -71.63269, -39.07144 ], [ -71.63299, -39.07131 ], [ -71.63391, -39.07157 ], [ -71.63618, -39.0705 ], [ -71.63664, -39.06989 ], [ -71.63704, -39.06952 ], [ -71.63823, -39.06962 ], [ -71.63856, -39.06947 ], [ -71.63912, -39.0687 ], [ -71.64062, -39.06814 ], [ -71.6413, -39.06804 ], [ -71.64196, -39.06821 ], [ -71.64233, -39.06818 ], [ -71.64252, -39.06722 ], [ -71.64275, -39.06678 ], [ -71.64302, -39.06635 ], [ -71.64344, -39.06621 ], [ -71.64385, -39.06536 ], [ -71.64457, -39.06513 ], [ -71.64658, -39.06487 ], [ -71.64685, -39.06455 ], [ -71.64747, -39.0643 ], [ -71.64807, -39.06353 ], [ -71.64869, -39.06356 ], [ -71.64895, -39.06367 ], [ -71.64941, -39.06351 ], [ -71.64992, -39.06355 ], [ -71.65072, -39.06286 ], [ -71.65114, -39.06299 ], [ -71.65135, -39.06349 ], [ -71.65196, -39.06392 ], [ -71.65236, -39.0647 ], [ -71.65278, -39.06477 ], [ -71.65355, -39.06471 ], [ -71.65493, -39.06408 ], [ -71.65616, -39.06434 ], [ -71.6565, -39.0643 ], [ -71.65711, -39.06407 ], [ -71.65761, -39.06406 ], [ -71.65833, -39.06424 ], [ -71.65863, -39.06386 ], [ -71.66037, -39.06416 ], [ -71.66053, -39.06444 ], [ -71.66025, -39.06474 ], [ -71.6599, -39.06494 ], [ -71.65983, -39.06533 ], [ -71.65985, -39.06562 ], [ -71.66008, -39.06617 ] ] } },
{ "type": "Feature", "properties": { "osm_id": 1301602602, "nombre": "Sin nombre", "tipo": "stream", "volcan_codigo": "SOL", "volcan_nombre": "Sollipulli", "drena_volcan": false }, "geometry": { "type": "LineString", "coordinates": [ [ -71.53498, -39.00949 ], [ -71.53525, -39.01049 ], [ -71.53519, -39.01083 ], [ -71.53535, -39.01162 ], [ -71.53554, -39.01191 ], [ -71.53608, -39.01211 ], [ -71.53671, -39.01261 ], [ -71.53685, -39.01284 ], [ -71.5372, -39.01307 ] ] } },
{ "type": "Feature", "properties": { "osm_id": 1301602603, "nombre": "Sin nombre", "tipo": "stream", "volcan_codigo": "SOL", "volcan_nombre": "Sollipulli", "drena_volcan": false }, "geometry": { "type": "LineString", "coordinates": [ [ -71.53879, -39.00455 ], [ -71.5386, -39.00498 ], [ -71.53941, -39.00611 ], [ -71.53938, -39.00643 ], [ -71.53904, -39.0072 ], [ -71.5384, -39.00795 ], [ -71.53836, -39.00836 ], [ -71.53842, -39.00858 ], [ -71.53868, -39.00891 ], [ -71.53873, -39.00968 ], [ -71.53732, -39.0113 ], [ -71.53737, -39.01233 ], [ -71.53712, -39.01283 ], [ -71.5372, -39.01307 ], [ -71.53745, -39.01332 ], [ -71.53746, -39.01354 ], [ -71.53793, -39.01416 ], [ -71.53857, -39.01478 ], [ -71.53874, -39.01512 ], [ -71.53867, -39.01543 ], [ -71.5388, -39.01572 ], [ -71.53909, -39.01572 ], [ -71.54006, -39.01609 ], [ -71.54077, -39.01625 ], [ -71.54105, -39.01647 ], [ -71.54145, -39.01664 ], [ -71.5415, -39.01688 ], [ -71.54211, -39.01705 ], [ -71.54181, -39.01782 ], [ -71.54187, -39.01794 ], [ -71.54179, -39.01803 ], [ -71.54194, -39.01815 ], [ -71.54179, -39.01852 ], [ -71.54175, -39.0191 ], [ -71.54179, -39.01941 ], [ -71.54212, -39.01988 ], [ -71.54195, -39.02019 ], [ -71.5416, -39.02034 ], [ -71.54109, -39.0208 ], [ -71.5408, -39.02134 ], [ -71.53992, -39.0241 ], [ -71.53978, -39.02471 ], [ -71.53994, -39.02513 ], [ -71.53951, -39.02564 ], [ -71.53949, -39.02591 ], [ -71.54041, -39.0277 ], [ -71.54019, -39.02855 ], [ -71.54065, -39.02923 ], [ -71.54112, -39.02932 ], [ -71.54136, -39.02976 ], [ -71.54062, -39.03189 ], [ -71.54029, -39.03514 ], [ -71.54076, -39.03672 ], [ -71.54063, -39.038 ], [ -71.54009, -39.04024 ], [ -71.54018, -39.04115 ], [ -71.54057, -39.04314 ], [ -71.54089, -39.04377 ], [ -71.54108, -39.04389 ], [ -71.54141, -39.04432 ] ] } },
{ "type": "Feature", "properties": { "osm_id": 1301602604, "nombre": "Sin nombre", "tipo": "stream", "volcan_codigo": "SOL", "volcan_nombre": "Sollipulli", "drena_volcan": false }, "geometry": { "type": "LineString", "coordinates": [ [ -71.54691, -39.01235 ], [ -71.54738, -39.01262 ], [ -71.54742, -39.01301 ], [ -71.54725, -39.01358 ], [ -71.54742, -39.01391 ], [ -71.54811, -39.01473 ], [ -71.5482, -39.01502 ], [ -71.54819, -39.01516 ], [ -71.54804, -39.0153 ], [ -71.54771, -39.01547 ], [ -71.5482, -39.01605 ], [ -71.54869, -39.01636 ], [ -71.54906, -39.01688 ], [ -71.5491, -39.01723 ] ] } },
{ "type": "Feature", "properties": { "osm_id": 1301602605, "nombre": "Sin nombre", "tipo": "stream", "volcan_codigo": "SOL", "volcan_nombre": "Sollipulli", "drena_volcan": false }, "geometry": { "type": "LineString", "coordinates": [ [ -71.54962, -39.00597 ], [ -71.54967, -39.00618 ], [ -71.54979, -39.00628 ], [ -71.54975, -39.00641 ], [ -71.54991, -39.00679 ] ] } },
{ "type": "Feature", "properties": { "osm_id": 1301602606, "nombre": "Sin nombre", "tipo": "stream", "volcan_codigo": "SOL", "volcan_nombre": "Sollipulli", "drena_volcan": false }, "geometry": { "type": "LineString", "coordinates": [ [ -71.55036, -39.0056 ], [ -71.55028, -39.00613 ], [ -71.55013, -39.00631 ], [ -71.54985, -39.00698 ] ] } },
{ "type": "Feature", "properties": { "osm_id": 1301602607, "nombre": "Sin nombre", "tipo": "stream", "volcan_codigo": "SOL", "volcan_nombre": "Sollipulli", "drena_volcan": false }, "geometry": { "type": "LineString", "coordinates": [ [ -71.54922, -39.00639 ], [ -71.54985, -39.00698 ], [ -71.54953, -39.00747 ], [ -71.54954, -39.00812 ], [ -71.55016, -39.00842 ], [ -71.55051, -39.00848 ], [ -71.55069, -39.00872 ], [ -71.5507, -39.00908 ], [ -71.55087, -39.00931 ], [ -71.55086, -39.00961 ], [ -71.55067, -39.00999 ] ] } },
{ "type": "Feature", "properties": { "osm_id": 1301602608, "nombre": "Sin nombre", "tipo": "stream", "volcan_codigo": "SOL", "volcan_nombre": "Sollipulli", "drena_volcan": false }, "geometry": { "type": "LineString", "coordinates": [ [ -71.54788, -39.00591 ], [ -71.54798, -39.00595 ], [ -71.54809, -39.00639 ], [ -71.54853, -39.00661 ], [ -71.5486, -39.00767 ], [ -71.54879, -39.00791 ], [ -71.5494, -39.00833 ], [ -71.54952, -39.00901 ], [ -71.54975, -39.00912 ], [ -71.54985, -39.00908 ], [ -71.55024, -39.00959 ], [ -71.55067, -39.00999 ], [ -71.55062, -39.01017 ], [ -71.55072, -39.01063 ], [ -71.55131, -39.01099 ], [ -71.55126, -39.01144 ], [ -71.55144, -39.01235 ], [ -71.55131, -39.01345 ], [ -71.55118, -39.01378 ], [ -71.55055, -39.01447 ], [ -71.55051, -39.0148 ], [ -71.55033, -39.01521 ], [ -71.55042, -39.01552 ], [ -71.55023, -39.01585 ], [ -71.55006, -39.01654 ] ] } },
{ "type": "Feature", "properties": { "osm_id": 1301602609, "nombre": "Sin nombre", "tipo": "stream", "volcan_codigo": "SOL", "volcan_nombre": "Sollipulli", "drena_volcan": false }, "geometry": { "type": "LineString", "coordinates": [ [ -71.55393, -39.0143 ], [ -71.55338, -39.01483 ], [ -71.55246, -39.01493 ], [ -71.55223, -39.01488 ] ] } },
{ "type": "Feature", "properties": { "osm_id": 1301602610, "nombre": "Sin nombre", "tipo": "stream", "volcan_codigo": "SOL", "volcan_nombre": "Sollipulli", "drena_volcan": false }, "geometry": { "type": "LineString", "coordinates": [ [ -71.55426, -39.01458 ], [ -71.55318, -39.01532 ], [ -71.55226, -39.01562 ], [ -71.5516, -39.01564 ] ] } },
{ "type": "Feature", "properties": { "osm_id": 1301602611, "nombre": "Sin nombre", "tipo": "stream", "volcan_codigo": "SOL", "volcan_nombre": "Sollipulli", "drena_volcan": false }, "geometry": { "type": "LineString", "coordinates": [ [ -71.55168, -39.00915 ], [ -71.55134, -39.01014 ], [ -71.55166, -39.01047 ], [ -71.55176, -39.01075 ], [ -71.55234, -39.01121 ], [ -71.55255, -39.01165 ], [ -71.55256, -39.01215 ], [ -71.55273, -39.01252 ], [ -71.55254, -39.01319 ], [ -71.55255, -39.01397 ], [ -71.55206, -39.01527 ], [ -71.55149, -39.01574 ], [ -71.55126, -39.01587 ], [ -71.55097, -39.01592 ], [ -71.55016, -39.01643 ], [ -71.54973, -39.01702 ], [ -71.5494, -39.017 ], [ -71.54913, -39.01719 ], [ -71.54883, -39.01751 ], [ -71.54847, -39.01812 ], [ -71.54857, -39.01833 ], [ -71.54816, -39.01886 ], [ -71.54792, -39.0193 ], [ -71.54764, -39.01942 ], [ -71.54742, -39.01941 ], [ -71.54713, -39.01966 ], [ -71.54686, -39.01977 ], [ -71.54671, -39.0201 ], [ -71.54659, -39.02017 ], [ -71.54634, -39.02009 ], [ -71.54632, -39.01994 ], [ -71.54623, -39.0199 ], [ -71.54598, -39.01988 ], [ -71.54552, -39.02034 ], [ -71.54532, -39.02041 ], [ -71.5453, -39.0205 ], [ -71.54441, -39.02061 ], [ -71.54426, -39.02052 ], [ -71.54393, -39.02056 ], [ -71.54379, -39.02045 ], [ -71.54338, -39.02058 ], [ -71.5431, -39.02045 ], [ -71.54288, -39.0206 ], [ -71.54268, -39.02049 ], [ -71.54245, -39.0205 ], [ -71.54218, -39.02025 ], [ -71.5416, -39.02034 ] ] } },
{ "type": "Feature", "properties": { "osm_id": 1301602624, "nombre": "Rio Quililche", "tipo": "stream", "volcan_codigo": "SOL", "volcan_nombre": "Sollipulli", "drena_volcan": false }, "geometry": { "type": "LineString", "coordinates": [ [ -71.57063, -39.06845 ], [ -71.57215, -39.06908 ], [ -71.5732, -39.0696 ], [ -71.57435, -39.07001 ], [ -71.57557, -39.06998 ], [ -71.57687, -39.07034 ], [ -71.57739, -39.07068 ], [ -71.57761, -39.07137 ], [ -71.57939, -39.0721 ], [ -71.57988, -39.07216 ], [ -71.5805, -39.07245 ], [ -71.58142, -39.0723 ], [ -71.58188, -39.07233 ], [ -71.5831, -39.07257 ], [ -71.58346, -39.07277 ], [ -71.58375, -39.07315 ], [ -71.58403, -39.07331 ], [ -71.58469, -39.07333 ], [ -71.58588, -39.07394 ], [ -71.58677, -39.07413 ], [ -71.58725, -39.07446 ], [ -71.5879, -39.07458 ], [ -71.58923, -39.07462 ], [ -71.58997, -39.07477 ], [ -71.5903, -39.07495 ], [ -71.59051, -39.07523 ], [ -71.59073, -39.0764 ], [ -71.59091, -39.07651 ], [ -71.59145, -39.0764 ], [ -71.59196, -39.07653 ], [ -71.59232, -39.07692 ], [ -71.59259, -39.07702 ], [ -71.59306, -39.07708 ], [ -71.59559, -39.07775 ], [ -71.59887, -39.07791 ], [ -71.60096, -39.0779 ], [ -71.60259, -39.07803 ], [ -71.60345, -39.07828 ], [ -71.60409, -39.0782 ], [ -71.60464, -39.07845 ], [ -71.60514, -39.07856 ], [ -71.60635, -39.07839 ], [ -71.60733, -39.07855 ], [ -71.60818, -39.07837 ], [ -71.60858, -39.07803 ], [ -71.60954, -39.07793 ], [ -71.61144, -39.07832 ], [ -71.61244, -39.07844 ], [ -71.61287, -39.07874 ], [ -71.61422, -39.07873 ], [ -71.61489, -39.0789 ], [ -71.6159, -39.07852 ], [ -71.6164, -39.07856 ], [ -71.61698, -39.07887 ], [ -71.61782, -39.0789 ], [ -71.6184, -39.07862 ], [ -71.62126, -39.0783 ], [ -71.62179, -39.07772 ], [ -71.62272, -39.07732 ], [ -71.62311, -39.07707 ], [ -71.62368, -39.07714 ], [ -71.62374, -39.07726 ], [ -71.62453, -39.07769 ], [ -71.62691, -39.07863 ], [ -71.62872, -39.07919 ], [ -71.62983, -39.07915 ], [ -71.63056, -39.07955 ], [ -71.63179, -39.07966 ], [ -71.63269, -39.08026 ] ] } },
{ "type": "Feature", "properties": { "osm_id": 1314976020, "nombre": "Arroyo Carlil", "tipo": "river", "volcan_codigo": "SOL", "volcan_nombre": "Sollipulli", "drena_volcan": false }, "geometry": { "type": "LineString", "coordinates": [ [ -71.10476, -39.25693 ], [ -71.10473, -39.25598 ], [ -71.10457, -39.25529 ], [ -71.10461, -39.25511 ], [ -71.10435, -39.25459 ], [ -71.10443, -39.25421 ], [ -71.1043, -39.25404 ], [ -71.10428, -39.25385 ], [ -71.10433, -39.25309 ], [ -71.10384, -39.25201 ], [ -71.10371, -39.25196 ], [ -71.10361, -39.25179 ], [ -71.10354, -39.25141 ], [ -71.10333, -39.25131 ], [ -71.10331, -39.25112 ], [ -71.10345, -39.25097 ], [ -71.10348, -39.25078 ], [ -71.10339, -39.25061 ], [ -71.10334, -39.25021 ], [ -71.10286, -39.24924 ], [ -71.1021, -39.2486 ], [ -71.10185, -39.24829 ], [ -71.10183, -39.2479 ], [ -71.1017, -39.24751 ], [ -71.10109, -39.24645 ], [ -71.10106, -39.24626 ], [ -71.10118, -39.24585 ], [ -71.10116, -39.24527 ], [ -71.10151, -39.24457 ], [ -71.10108, -39.24439 ], [ -71.10094, -39.24424 ], [ -71.10091, -39.24385 ], [ -71.10104, -39.24329 ], [ -71.10092, -39.24287 ], [ -71.10113, -39.24209 ], [ -71.10126, -39.2407 ], [ -71.10182, -39.23844 ], [ -71.10199, -39.23805 ], [ -71.10504, -39.23584 ], [ -71.1053, -39.23549 ], [ -71.10724, -39.23404 ], [ -71.10717, -39.23367 ], [ -71.1074, -39.23333 ], [ -71.10789, -39.23328 ], [ -71.10806, -39.23313 ], [ -71.10823, -39.23277 ], [ -71.10824, -39.23239 ], [ -71.10839, -39.23224 ], [ -71.10862, -39.23219 ], [ -71.10871, -39.232 ], [ -71.10856, -39.23157 ], [ -71.10887, -39.23127 ], [ -71.10885, -39.23109 ], [ -71.10863, -39.23075 ], [ -71.10907, -39.23008 ], [ -71.10957, -39.22962 ], [ -71.10955, -39.22943 ], [ -71.10942, -39.22927 ], [ -71.10977, -39.22877 ], [ -71.1097, -39.2286 ], [ -71.10977, -39.22841 ], [ -71.11022, -39.22828 ], [ -71.11014, -39.22792 ], [ -71.11039, -39.22759 ], [ -71.11046, -39.22738 ], [ -71.11035, -39.227 ], [ -71.11062, -39.22667 ], [ -71.11021, -39.22644 ], [ -71.10999, -39.2261 ], [ -71.11016, -39.22575 ], [ -71.10982, -39.22549 ], [ -71.10937, -39.22561 ], [ -71.10867, -39.2256 ], [ -71.10826, -39.22543 ], [ -71.10786, -39.22563 ], [ -71.10762, -39.22557 ], [ -71.10706, -39.22524 ], [ -71.10646, -39.2255 ], [ -71.10603, -39.22531 ], [ -71.10577, -39.22499 ], [ -71.10531, -39.22498 ], [ -71.10509, -39.2249 ], [ -71.10464, -39.22447 ], [ -71.10304, -39.22408 ], [ -71.10276, -39.22411 ], [ -71.10206, -39.22366 ], [ -71.10133, -39.22362 ], [ -71.09969, -39.22385 ], [ -71.09898, -39.22371 ], [ -71.09857, -39.22389 ], [ -71.09834, -39.22392 ], [ -71.09813, -39.22384 ], [ -71.09746, -39.22353 ], [ -71.09715, -39.22326 ], [ -71.09693, -39.22321 ], [ -71.09683, -39.22285 ], [ -71.09648, -39.22235 ], [ -71.09608, -39.22209 ], [ -71.09539, -39.22193 ], [ -71.09521, -39.2218 ], [ -71.09512, -39.22143 ], [ -71.09496, -39.22129 ], [ -71.09475, -39.22123 ], [ -71.09404, -39.22128 ], [ -71.09389, -39.22114 ], [ -71.09371, -39.2206 ], [ -71.09352, -39.22049 ], [ -71.09306, -39.22052 ], [ -71.09268, -39.21979 ], [ -71.09246, -39.2197 ], [ -71.09154, -39.21964 ], [ -71.09136, -39.2195 ], [ -71.09151, -39.21876 ], [ -71.09136, -39.2184 ], [ -71.09137, -39.21822 ], [ -71.09156, -39.21786 ], [ -71.09133, -39.21733 ], [ -71.09141, -39.21696 ], [ -71.09165, -39.21688 ], [ -71.09174, -39.2167 ], [ -71.09159, -39.21656 ], [ -71.09157, -39.21638 ], [ -71.09183, -39.21604 ], [ -71.09187, -39.21567 ], [ -71.09181, -39.21549 ], [ -71.09148, -39.2152 ], [ -71.09141, -39.21502 ], [ -71.09078, -39.21475 ], [ -71.09077, -39.21456 ], [ -71.09137, -39.21371 ], [ -71.09145, -39.21314 ], [ -71.09076, -39.21258 ], [ -71.09028, -39.21246 ], [ -71.09013, -39.21231 ], [ -71.09009, -39.21176 ], [ -71.08962, -39.21178 ], [ -71.0894, -39.21173 ], [ -71.08924, -39.2116 ], [ -71.08907, -39.21105 ], [ -71.08873, -39.21035 ], [ -71.08866, -39.20998 ], [ -71.08838, -39.20944 ], [ -71.08825, -39.20928 ], [ -71.0878, -39.2093 ], [ -71.08763, -39.20916 ], [ -71.08789, -39.20885 ], [ -71.08777, -39.20868 ], [ -71.08745, -39.20839 ], [ -71.08604, -39.20771 ], [ -71.08577, -39.20718 ], [ -71.08576, -39.20644 ], [ -71.086, -39.2061 ], [ -71.08617, -39.20555 ], [ -71.08604, -39.20462 ], [ -71.08617, -39.20447 ], [ -71.08582, -39.20399 ], [ -71.08597, -39.20385 ], [ -71.08622, -39.2039 ], [ -71.08659, -39.2034 ], [ -71.08651, -39.20322 ], [ -71.08561, -39.20234 ], [ -71.08535, -39.20181 ], [ -71.08536, -39.20143 ], [ -71.08523, -39.20127 ], [ -71.08479, -39.20112 ], [ -71.08471, -39.20093 ], [ -71.08493, -39.20057 ], [ -71.08494, -39.2002 ], [ -71.08503, -39.20003 ], [ -71.08562, -39.19966 ], [ -71.08554, -39.19949 ], [ -71.08523, -39.19921 ], [ -71.08506, -39.19886 ], [ -71.08523, -39.19831 ], [ -71.0852, -39.19804 ], [ -71.08539, -39.19779 ], [ -71.08541, -39.19759 ], [ -71.0851, -39.19673 ], [ -71.08481, -39.1965 ], [ -71.08488, -39.19611 ], [ -71.08465, -39.19589 ], [ -71.08437, -39.1954 ] ] } },
{ "type": "Feature", "properties": { "osm_id": 1315058831, "nombre": "Arroyo Poi Pucón", "tipo": "stream", "volcan_codigo": "SOL", "volcan_nombre": "Sollipulli", "drena_volcan": false }, "geometry": { "type": "LineString", "coordinates": [ [ -71.0992, -39.27492 ], [ -71.09894, -39.2763 ], [ -71.09809, -39.27751 ], [ -71.09678, -39.27885 ], [ -71.09603, -39.27978 ], [ -71.09598, -39.28349 ], [ -71.09435, -39.28571 ], [ -71.09382, -39.28623 ], [ -71.09227, -39.28664 ], [ -71.08854, -39.28792 ], [ -71.0868, -39.2893 ], [ -71.08461, -39.29073 ] ] } },
{ "type": "Feature", "properties": { "osm_id": 1315367711, "nombre": "Arroyo Romero", "tipo": "stream", "volcan_codigo": "SOL", "volcan_nombre": "Sollipulli", "drena_volcan": false }, "geometry": { "type": "LineString", "coordinates": [ [ -71.22341, -38.85278 ], [ -71.22341, -38.85294 ] ] } },
{ "type": "Feature", "properties": { "osm_id": 1315367712, "nombre": "Arroyo Romero", "tipo": "stream", "volcan_codigo": "SOL", "volcan_nombre": "Sollipulli", "drena_volcan": false }, "geometry": { "type": "LineString", "coordinates": [ [ -71.22322, -38.85141 ], [ -71.22314, -38.85222 ], [ -71.22341, -38.85278 ] ] } },
{ "type": "Feature", "properties": { "osm_id": 1315367713, "nombre": "Arroyo Lengantu", "tipo": "stream", "volcan_codigo": "SOL", "volcan_nombre": "Sollipulli", "drena_volcan": false }, "geometry": { "type": "LineString", "coordinates": [ [ -71.22581, -38.85257 ], [ -71.22579, -38.85279 ], [ -71.22607, -38.85343 ], [ -71.22652, -38.85405 ], [ -71.22707, -38.85442 ] ] } },
{ "type": "Feature", "properties": { "osm_id": 1315367714, "nombre": "Arroyo Lengantu", "tipo": "stream", "volcan_codigo": "SOL", "volcan_nombre": "Sollipulli", "drena_volcan": false }, "geometry": { "type": "LineString", "coordinates": [ [ -71.22567, -38.85241 ], [ -71.22581, -38.85257 ] ] } },
{ "type": "Feature", "properties": { "osm_id": 1315367715, "nombre": "Arroyo El Corral", "tipo": "stream", "volcan_codigo": "SOL", "volcan_nombre": "Sollipulli", "drena_volcan": false }, "geometry": { "type": "LineString", "coordinates": [ [ -71.22642, -38.85264 ], [ -71.22615, -38.85311 ] ] } },
{ "type": "Feature", "properties": { "osm_id": 1315367716, "nombre": "Arroyo El Corral", "tipo": "stream", "volcan_codigo": "SOL", "volcan_nombre": "Sollipulli", "drena_volcan": false }, "geometry": { "type": "LineString", "coordinates": [ [ -71.22652, -38.8524 ], [ -71.22642, -38.85264 ] ] } },
{ "type": "Feature", "properties": { "osm_id": 1315367717, "nombre": "Arroyo Piuquetue", "tipo": "stream", "volcan_codigo": "SOL", "volcan_nombre": "Sollipulli", "drena_volcan": false }, "geometry": { "type": "LineString", "coordinates": [ [ -71.22864, -38.85306 ], [ -71.22849, -38.85339 ] ] } },
{ "type": "Feature", "properties": { "osm_id": 1315367718, "nombre": "Arroyo Piuquetue", "tipo": "stream", "volcan_codigo": "SOL", "volcan_nombre": "Sollipulli", "drena_volcan": false }, "geometry": { "type": "LineString", "coordinates": [ [ -71.2302, -38.85147 ], [ -71.22932, -38.85211 ], [ -71.22898, -38.85268 ], [ -71.22864, -38.85306 ] ] } },
{ "type": "Feature", "properties": { "osm_id": 1315367719, "nombre": "Arroyo Liu-Cullín", "tipo": "stream", "volcan_codigo": "SOL", "volcan_nombre": "Sollipulli", "drena_volcan": false }, "geometry": { "type": "LineString", "coordinates": [ [ -71.21172, -38.86344 ], [ -71.2116, -38.86367 ], [ -71.20935, -38.86483 ], [ -71.20896, -38.8657 ] ] } },
{ "type": "Feature", "properties": { "osm_id": 1315367720, "nombre": "Arroyo Liu-Cullín", "tipo": "stream", "volcan_codigo": "SOL", "volcan_nombre": "Sollipulli", "drena_volcan": false }, "geometry": { "type": "LineString", "coordinates": [ [ -71.21058, -38.86143 ], [ -71.21119, -38.86139 ] ] } },
{ "type": "Feature", "properties": { "osm_id": 1315367721, "nombre": "Arroyo Liu-Cullín", "tipo": "stream", "volcan_codigo": "SOL", "volcan_nombre": "Sollipulli", "drena_volcan": false }, "geometry": { "type": "LineString", "coordinates": [ [ -71.20222, -38.84612 ], [ -71.20451, -38.84813 ], [ -71.20608, -38.85068 ], [ -71.20838, -38.85392 ], [ -71.20799, -38.85509 ], [ -71.20817, -38.857 ], [ -71.20763, -38.85785 ], [ -71.20763, -38.8588 ], [ -71.20721, -38.85961 ], [ -71.20763, -38.8601 ], [ -71.20995, -38.86102 ], [ -71.21006, -38.86117 ], [ -71.21058, -38.86143 ] ] } },
{ "type": "Feature", "properties": { "osm_id": 1315367722, "nombre": "Arroyo Cargadero", "tipo": "stream", "volcan_codigo": "SOL", "volcan_nombre": "Sollipulli", "drena_volcan": false }, "geometry": { "type": "LineString", "coordinates": [ [ -71.21699, -38.8565 ], [ -71.21731, -38.85653 ], [ -71.21771, -38.8567 ] ] } },
{ "type": "Feature", "properties": { "osm_id": 1315367723, "nombre": "Arroyo Cargadero", "tipo": "stream", "volcan_codigo": "SOL", "volcan_nombre": "Sollipulli", "drena_volcan": false }, "geometry": { "type": "LineString", "coordinates": [ [ -71.21675, -38.85644 ], [ -71.21699, -38.8565 ] ] } },
{ "type": "Feature", "properties": { "osm_id": 1315367724, "nombre": "Arroyo Cargadero", "tipo": "stream", "volcan_codigo": "SOL", "volcan_nombre": "Sollipulli", "drena_volcan": false }, "geometry": { "type": "LineString", "coordinates": [ [ -71.20749, -38.84245 ], [ -71.2079, -38.8438 ], [ -71.20895, -38.84462 ], [ -71.2099, -38.84572 ], [ -71.21016, -38.84688 ], [ -71.20983, -38.84816 ], [ -71.21028, -38.84937 ], [ -71.21202, -38.85072 ], [ -71.2128, -38.85146 ], [ -71.21368, -38.85306 ], [ -71.21353, -38.85378 ], [ -71.21389, -38.85451 ], [ -71.2149, -38.85494 ], [ -71.21567, -38.85599 ], [ -71.21675, -38.85644 ] ] } },
{ "type": "Feature", "properties": { "osm_id": 1315367725, "nombre": "Arroyo Ailín-Co", "tipo": "stream", "volcan_codigo": "SOL", "volcan_nombre": "Sollipulli", "drena_volcan": false }, "geometry": { "type": "LineString", "coordinates": [ [ -71.2175, -38.85521 ], [ -71.21772, -38.85677 ], [ -71.21837, -38.85808 ], [ -71.21988, -38.85955 ], [ -71.22004, -38.86002 ] ] } },
{ "type": "Feature", "properties": { "osm_id": 1315367726, "nombre": "Arroyo Ailín-Co", "tipo": "stream", "volcan_codigo": "SOL", "volcan_nombre": "Sollipulli", "drena_volcan": false }, "geometry": { "type": "LineString", "coordinates": [ [ -71.21731, -38.85484 ], [ -71.2175, -38.85521 ] ] } },
{ "type": "Feature", "properties": { "osm_id": 1315367727, "nombre": "Arroyo Mencué", "tipo": "stream", "volcan_codigo": "SOL", "volcan_nombre": "Sollipulli", "drena_volcan": false }, "geometry": { "type": "LineString", "coordinates": [ [ -71.22139, -38.85421 ], [ -71.22162, -38.85425 ], [ -71.22187, -38.85445 ], [ -71.22257, -38.85505 ], [ -71.22311, -38.85565 ], [ -71.2233, -38.85659 ], [ -71.22396, -38.85689 ], [ -71.22525, -38.8572 ] ] } },
{ "type": "Feature", "properties": { "osm_id": 1315367728, "nombre": "Arroyo Mencué", "tipo": "stream", "volcan_codigo": "SOL", "volcan_nombre": "Sollipulli", "drena_volcan": false }, "geometry": { "type": "LineString", "coordinates": [ [ -71.22097, -38.85393 ], [ -71.22139, -38.85421 ] ] } },
{ "type": "Feature", "properties": { "osm_id": 1315367729, "nombre": "Arroyo Ailín-Co", "tipo": "stream", "volcan_codigo": "SOL", "volcan_nombre": "Sollipulli", "drena_volcan": false }, "geometry": { "type": "LineString", "coordinates": [ [ -71.21296, -38.8363 ], [ -71.2121, -38.83992 ], [ -71.21232, -38.84129 ], [ -71.21374, -38.84278 ], [ -71.21374, -38.84424 ], [ -71.21614, -38.84798 ], [ -71.21637, -38.8496 ], [ -71.21775, -38.85136 ], [ -71.21775, -38.85163 ], [ -71.2172, -38.85217 ], [ -71.21697, -38.8527 ], [ -71.21739, -38.85441 ], [ -71.21731, -38.85484 ] ] } },
{ "type": "Feature", "properties": { "osm_id": 1315367730, "nombre": "Arroyo Mencué", "tipo": "stream", "volcan_codigo": "SOL", "volcan_nombre": "Sollipulli", "drena_volcan": false }, "geometry": { "type": "LineString", "coordinates": [ [ -71.21807, -38.84632 ], [ -71.21833, -38.84756 ], [ -71.21899, -38.84918 ], [ -71.21895, -38.85107 ], [ -71.21988, -38.85202 ], [ -71.21993, -38.85217 ], [ -71.21974, -38.8525 ], [ -71.21992, -38.85311 ], [ -71.22097, -38.85393 ] ] } },
{ "type": "Feature", "properties": { "osm_id": 1315367731, "nombre": "Arroyo Romero", "tipo": "stream", "volcan_codigo": "SOL", "volcan_nombre": "Sollipulli", "drena_volcan": false }, "geometry": { "type": "LineString", "coordinates": [ [ -71.22341, -38.85294 ], [ -71.22342, -38.85314 ], [ -71.22359, -38.85354 ], [ -71.22496, -38.855 ], [ -71.22535, -38.85599 ] ] } },
{ "type": "Feature", "properties": { "osm_id": 1315367732, "nombre": "Arroyo Lengantu", "tipo": "stream", "volcan_codigo": "SOL", "volcan_nombre": "Sollipulli", "drena_volcan": false }, "geometry": { "type": "LineString", "coordinates": [ [ -71.22496, -38.84951 ], [ -71.22515, -38.85116 ], [ -71.22555, -38.85192 ], [ -71.22551, -38.85222 ], [ -71.22557, -38.85239 ], [ -71.22567, -38.85241 ] ] } },
{ "type": "Feature", "properties": { "osm_id": 1315367733, "nombre": "Arroyo El Corral", "tipo": "stream", "volcan_codigo": "SOL", "volcan_nombre": "Sollipulli", "drena_volcan": false }, "geometry": { "type": "LineString", "coordinates": [ [ -71.22715, -38.84404 ], [ -71.22762, -38.84614 ], [ -71.22827, -38.84726 ], [ -71.22803, -38.84813 ], [ -71.22722, -38.84944 ], [ -71.22769, -38.85026 ], [ -71.22771, -38.85085 ], [ -71.22757, -38.85119 ], [ -71.22663, -38.8516 ], [ -71.22658, -38.85173 ], [ -71.22671, -38.85204 ], [ -71.22652, -38.8524 ] ] } },
{ "type": "Feature", "properties": { "osm_id": 1315367734, "nombre": "Arroyo Piuquetue", "tipo": "stream", "volcan_codigo": "SOL", "volcan_nombre": "Sollipulli", "drena_volcan": false }, "geometry": { "type": "LineString", "coordinates": [ [ -71.22849, -38.85339 ], [ -71.22817, -38.85357 ], [ -71.22737, -38.85364 ], [ -71.22715, -38.85401 ], [ -71.22699, -38.85473 ], [ -71.22602, -38.85523 ], [ -71.22565, -38.85574 ], [ -71.22535, -38.85599 ], [ -71.22549, -38.85603 ], [ -71.2253, -38.85644 ], [ -71.22525, -38.8572 ], [ -71.22539, -38.85786 ] ] } },
{ "type": "Feature", "properties": { "osm_id": 1315367735, "nombre": "Arroyo Conmeco", "tipo": "stream", "volcan_codigo": "SOL", "volcan_nombre": "Sollipulli", "drena_volcan": false }, "geometry": { "type": "LineString", "coordinates": [ [ -71.23348, -38.85401 ], [ -71.23331, -38.8542 ], [ -71.2333, -38.85435 ], [ -71.23308, -38.85446 ], [ -71.2327, -38.85441 ], [ -71.23234, -38.85462 ], [ -71.23206, -38.8549 ], [ -71.23205, -38.85572 ], [ -71.23167, -38.8562 ], [ -71.23167, -38.8563 ] ] } },
{ "type": "Feature", "properties": { "osm_id": 1315367736, "nombre": "Arroyo Conmeco", "tipo": "stream", "volcan_codigo": "SOL", "volcan_nombre": "Sollipulli", "drena_volcan": false }, "geometry": { "type": "LineString", "coordinates": [ [ -71.23379, -38.85391 ], [ -71.23348, -38.85401 ] ] } },
{ "type": "Feature", "properties": { "osm_id": 1315367737, "nombre": "Arroyo Conmeco", "tipo": "stream", "volcan_codigo": "SOL", "volcan_nombre": "Sollipulli", "drena_volcan": false }, "geometry": { "type": "LineString", "coordinates": [ [ -71.23387, -38.85272 ], [ -71.23395, -38.85366 ], [ -71.23379, -38.85391 ] ] } },
{ "type": "Feature", "properties": { "osm_id": 1315532134, "nombre": "Arroyo Las Ánimas", "tipo": "river", "volcan_codigo": "SOL", "volcan_nombre": "Sollipulli", "drena_volcan": false }, "geometry": { "type": "LineString", "coordinates": [ [ -71.32275, -38.9341 ], [ -71.32247, -38.93424 ], [ -71.32243, -38.93455 ], [ -71.32258, -38.93482 ], [ -71.32261, -38.9351 ], [ -71.32254, -38.93527 ], [ -71.32223, -38.93544 ], [ -71.32159, -38.9354 ], [ -71.32019, -38.93557 ], [ -71.30929, -38.9376 ] ] } },
{ "type": "Feature", "properties": { "osm_id": 1315532135, "nombre": "Arroyo Las Ánimas", "tipo": "river", "volcan_codigo": "SOL", "volcan_nombre": "Sollipulli", "drena_volcan": false }, "geometry": { "type": "LineString", "coordinates": [ [ -71.32286, -38.93405 ], [ -71.32275, -38.9341 ] ] } },
{ "type": "Feature", "properties": { "osm_id": 1315532136, "nombre": "Sin nombre", "tipo": "stream", "volcan_codigo": "SOL", "volcan_nombre": "Sollipulli", "drena_volcan": false }, "geometry": { "type": "LineString", "coordinates": [ [ -71.32775, -38.9458 ], [ -71.32743, -38.94587 ] ] } },
{ "type": "Feature", "properties": { "osm_id": 1315596470, "nombre": "Arroyo China Muerta", "tipo": "river", "volcan_codigo": "SOL", "volcan_nombre": "Sollipulli", "drena_volcan": false }, "geometry": { "type": "LineString", "coordinates": [ [ -71.10129, -39.07816 ], [ -71.10122, -39.07815 ] ] } },
{ "type": "Feature", "properties": { "osm_id": 1315596471, "nombre": "Arroyo China Muerta", "tipo": "river", "volcan_codigo": "SOL", "volcan_nombre": "Sollipulli", "drena_volcan": false }, "geometry": { "type": "LineString", "coordinates": [ [ -71.10505, -39.07796 ], [ -71.10488, -39.07808 ], [ -71.10473, -39.07852 ], [ -71.10421, -39.07884 ], [ -71.10392, -39.07888 ], [ -71.10389, -39.07869 ], [ -71.10367, -39.07858 ], [ -71.10344, -39.07862 ], [ -71.10325, -39.07838 ], [ -71.10303, -39.0784 ], [ -71.10315, -39.07824 ], [ -71.10309, -39.07799 ], [ -71.10323, -39.07751 ], [ -71.10316, -39.0774 ], [ -71.10305, -39.07752 ], [ -71.10287, -39.07755 ], [ -71.10284, -39.07745 ], [ -71.10245, -39.07771 ], [ -71.10204, -39.0784 ], [ -71.10185, -39.07826 ], [ -71.10157, -39.07829 ], [ -71.10139, -39.07812 ], [ -71.10129, -39.07816 ] ] } },
{ "type": "Feature", "properties": { "osm_id": 1337791079, "nombre": "Arroyo de la Cebada", "tipo": "stream", "volcan_codigo": "SOL", "volcan_nombre": "Sollipulli", "drena_volcan": false }, "geometry": { "type": "LineString", "coordinates": [ [ -71.18608, -38.95662 ], [ -71.18501, -38.95544 ], [ -71.18365, -38.9546 ], [ -71.18031, -38.95412 ], [ -71.1778, -38.95357 ], [ -71.17589, -38.9533 ], [ -71.17432, -38.9538 ], [ -71.17166, -38.95288 ], [ -71.1702, -38.95127 ], [ -71.16821, -38.95018 ], [ -71.16685, -38.9501 ], [ -71.16516, -38.95088 ], [ -71.16458, -38.95187 ], [ -71.16359, -38.95228 ], [ -71.1622, -38.95198 ], [ -71.16057, -38.95086 ], [ -71.15718, -38.94797 ], [ -71.15516, -38.94748 ], [ -71.15368, -38.94627 ], [ -71.15347, -38.94515 ], [ -71.15411, -38.94431 ], [ -71.15523, -38.94416 ], [ -71.15626, -38.94435 ], [ -71.15724, -38.94355 ], [ -71.1583, -38.94204 ], [ -71.15827, -38.94128 ], [ -71.15922, -38.94012 ], [ -71.15918, -38.93941 ], [ -71.15952, -38.93856 ], [ -71.16036, -38.93778 ], [ -71.16057, -38.93716 ], [ -71.16057, -38.93645 ], [ -71.16072, -38.93614 ], [ -71.16065, -38.93599 ], [ -71.14351, -38.92321 ] ] } },
{ "type": "Feature", "properties": { "osm_id": 1337791080, "nombre": "Arroyo de los Ranchos", "tipo": "stream", "volcan_codigo": "SOL", "volcan_nombre": "Sollipulli", "drena_volcan": false }, "geometry": { "type": "LineString", "coordinates": [ [ -71.18549, -38.9692 ], [ -71.1836, -38.96889 ], [ -71.18266, -38.9682 ], [ -71.18165, -38.96817 ], [ -71.18084, -38.96775 ], [ -71.17891, -38.96788 ], [ -71.17678, -38.96677 ], [ -71.17479, -38.96643 ], [ -71.17135, -38.96648 ], [ -71.16951, -38.96795 ], [ -71.16768, -38.96922 ], [ -71.16474, -38.96935 ], [ -71.1621, -38.96837 ], [ -71.16215, -38.96703 ], [ -71.16101, -38.96645 ], [ -71.15957, -38.96708 ], [ -71.15837, -38.96788 ], [ -71.15728, -38.96718 ], [ -71.15708, -38.96585 ], [ -71.15749, -38.96448 ], [ -71.15644, -38.96283 ], [ -71.15554, -38.96224 ], [ -71.15359, -38.96213 ], [ -71.15223, -38.96149 ], [ -71.15103, -38.95991 ], [ -71.14803, -38.95791 ], [ -71.14837, -38.95684 ], [ -71.14732, -38.9556 ], [ -71.14747, -38.95449 ], [ -71.14453, -38.95238 ], [ -71.14451, -38.95088 ], [ -71.14306, -38.94979 ], [ -71.141, -38.94741 ], [ -71.13939, -38.9459 ], [ -71.1389, -38.94469 ], [ -71.1381, -38.94383 ], [ -71.11791, -38.93063 ] ] } },
{ "type": "Feature", "properties": { "osm_id": 1337791081, "nombre": "Arroyo Quilinahué", "tipo": "stream", "volcan_codigo": "SOL", "volcan_nombre": "Sollipulli", "drena_volcan": false }, "geometry": { "type": "LineString", "coordinates": [ [ -71.13767, -38.96751 ], [ -71.13593, -38.96567 ], [ -71.13509, -38.96375 ], [ -71.13651, -38.9612 ], [ -71.13595, -38.96083 ], [ -71.13507, -38.95935 ], [ -71.13368, -38.95968 ], [ -71.13059, -38.95933 ], [ -71.12932, -38.95885 ], [ -71.1284, -38.95576 ], [ -71.12664, -38.95456 ], [ -71.12593, -38.95259 ], [ -71.1252, -38.95124 ], [ -71.12546, -38.95034 ], [ -71.1264, -38.94932 ], [ -71.1281, -38.94827 ], [ -71.12887, -38.9477 ], [ -71.12906, -38.94698 ], [ -71.12925, -38.94575 ], [ -71.11791, -38.93063 ] ] } },
{ "type": "Feature", "properties": { "osm_id": 1337791082, "nombre": "Arroyo Conmeco", "tipo": "stream", "volcan_codigo": "SOL", "volcan_nombre": "Sollipulli", "drena_volcan": false }, "geometry": { "type": "LineString", "coordinates": [ [ -71.22975, -38.86175 ], [ -71.22835, -38.86402 ], [ -71.22769, -38.86462 ], [ -71.22769, -38.86629 ], [ -71.22784, -38.86798 ], [ -71.22758, -38.86846 ], [ -71.2275, -38.86882 ] ] } },
{ "type": "Feature", "properties": { "osm_id": 1337791083, "nombre": "Arroyo Ailín-Co", "tipo": "stream", "volcan_codigo": "SOL", "volcan_nombre": "Sollipulli", "drena_volcan": false }, "geometry": { "type": "LineString", "coordinates": [ [ -71.21727, -38.86333 ], [ -71.21669, -38.86456 ], [ -71.21661, -38.86642 ], [ -71.21706, -38.86711 ] ] } },
{ "type": "Feature", "properties": { "osm_id": 1337791084, "nombre": "Arroyo Ailín-Co", "tipo": "stream", "volcan_codigo": "SOL", "volcan_nombre": "Sollipulli", "drena_volcan": false }, "geometry": { "type": "LineString", "coordinates": [ [ -71.21741, -38.86303 ], [ -71.21727, -38.86333 ] ] } },
{ "type": "Feature", "properties": { "osm_id": 1337791085, "nombre": "Arroyo Ailín-Co", "tipo": "stream", "volcan_codigo": "SOL", "volcan_nombre": "Sollipulli", "drena_volcan": false }, "geometry": { "type": "LineString", "coordinates": [ [ -71.22007, -38.86013 ], [ -71.22031, -38.86086 ], [ -71.21772, -38.8624 ], [ -71.21741, -38.86303 ] ] } },
{ "type": "Feature", "properties": { "osm_id": 1337791086, "nombre": "Arroyo Ailín-Co", "tipo": "stream", "volcan_codigo": "SOL", "volcan_nombre": "Sollipulli", "drena_volcan": false }, "geometry": { "type": "LineString", "coordinates": [ [ -71.22004, -38.86002 ], [ -71.22007, -38.86013 ] ] } },
{ "type": "Feature", "properties": { "osm_id": 1337791087, "nombre": "Arroyo Piuquetue", "tipo": "stream", "volcan_codigo": "SOL", "volcan_nombre": "Sollipulli", "drena_volcan": false }, "geometry": { "type": "LineString", "coordinates": [ [ -71.22542, -38.85798 ], [ -71.22551, -38.85842 ], [ -71.22384, -38.85935 ], [ -71.22199, -38.85941 ], [ -71.22099, -38.86085 ], [ -71.22031, -38.86086 ] ] } },
{ "type": "Feature", "properties": { "osm_id": 1337791088, "nombre": "Arroyo Piuquetue", "tipo": "stream", "volcan_codigo": "SOL", "volcan_nombre": "Sollipulli", "drena_volcan": false }, "geometry": { "type": "LineString", "coordinates": [ [ -71.22539, -38.85786 ], [ -71.22542, -38.85798 ] ] } },
{ "type": "Feature", "properties": { "osm_id": 1337791089, "nombre": "Arroyo Liu-Cullín", "tipo": "stream", "volcan_codigo": "SOL", "volcan_nombre": "Sollipulli", "drena_volcan": false }, "geometry": { "type": "LineString", "coordinates": [ [ -71.20894, -38.86581 ], [ -71.20879, -38.86703 ], [ -71.20939, -38.86722 ], [ -71.20958, -38.86765 ], [ -71.20999, -38.87151 ] ] } },
{ "type": "Feature", "properties": { "osm_id": 1337791090, "nombre": "Arroyo Liu-Cullín", "tipo": "stream", "volcan_codigo": "SOL", "volcan_nombre": "Sollipulli", "drena_volcan": false }, "geometry": { "type": "LineString", "coordinates": [ [ -71.20896, -38.8657 ], [ -71.20894, -38.86581 ] ] } },
{ "type": "Feature", "properties": { "osm_id": 1337791091, "nombre": "Arroyo Liu-Cullín", "tipo": "stream", "volcan_codigo": "SOL", "volcan_nombre": "Sollipulli", "drena_volcan": false }, "geometry": { "type": "LineString", "coordinates": [ [ -71.21119, -38.86139 ], [ -71.21151, -38.86169 ], [ -71.21171, -38.86215 ], [ -71.21144, -38.86254 ], [ -71.21178, -38.86333 ] ] } },
{ "type": "Feature", "properties": { "osm_id": 1337791092, "nombre": "Arroyo Liu-Cullín", "tipo": "stream", "volcan_codigo": "SOL", "volcan_nombre": "Sollipulli", "drena_volcan": false }, "geometry": { "type": "LineString", "coordinates": [ [ -71.21178, -38.86333 ], [ -71.21172, -38.86344 ] ] } },
{ "type": "Feature", "properties": { "osm_id": 1337791093, "nombre": "Sin nombre", "tipo": "stream", "volcan_codigo": "SOL", "volcan_nombre": "Sollipulli", "drena_volcan": false }, "geometry": { "type": "LineString", "coordinates": [ [ -71.19193, -38.84463 ], [ -71.19165, -38.84644 ], [ -71.19246, -38.84816 ], [ -71.19255, -38.8526 ], [ -71.19355, -38.85656 ], [ -71.19441, -38.85739 ], [ -71.19686, -38.85815 ], [ -71.19804, -38.85905 ], [ -71.1986, -38.86044 ], [ -71.19997, -38.86115 ], [ -71.20149, -38.8624 ], [ -71.2027, -38.86317 ], [ -71.20279, -38.86359 ], [ -71.20223, -38.86427 ], [ -71.20205, -38.86485 ], [ -71.20248, -38.86553 ], [ -71.20241, -38.86571 ] ] } },
{ "type": "Feature", "properties": { "osm_id": 1337791094, "nombre": "Sin nombre", "tipo": "stream", "volcan_codigo": "SOL", "volcan_nombre": "Sollipulli", "drena_volcan": false }, "geometry": { "type": "LineString", "coordinates": [ [ -71.20237, -38.86582 ], [ -71.2023, -38.86598 ], [ -71.20138, -38.86706 ], [ -71.20137, -38.8675 ] ] } },
{ "type": "Feature", "properties": { "osm_id": 1337791095, "nombre": "Sin nombre", "tipo": "stream", "volcan_codigo": "SOL", "volcan_nombre": "Sollipulli", "drena_volcan": false }, "geometry": { "type": "LineString", "coordinates": [ [ -71.20241, -38.86571 ], [ -71.20237, -38.86582 ] ] } },
{ "type": "Feature", "properties": { "osm_id": 1337791096, "nombre": "Arroyo Trole Trole", "tipo": "stream", "volcan_codigo": "SOL", "volcan_nombre": "Sollipulli", "drena_volcan": false }, "geometry": { "type": "LineString", "coordinates": [ [ -71.1592, -38.84376 ], [ -71.15666, -38.8471 ], [ -71.15617, -38.84948 ], [ -71.15473, -38.85108 ], [ -71.15362, -38.85355 ], [ -71.15327, -38.85466 ], [ -71.15327, -38.85571 ], [ -71.15362, -38.85624 ], [ -71.15514, -38.85646 ], [ -71.15619, -38.85713 ], [ -71.15679, -38.85832 ], [ -71.1589, -38.86121 ], [ -71.16104, -38.86453 ], [ -71.16123, -38.86607 ], [ -71.16053, -38.86789 ], [ -71.15806, -38.87028 ], [ -71.15681, -38.87253 ], [ -71.15559, -38.87441 ], [ -71.15523, -38.87603 ], [ -71.15248, -38.87793 ], [ -71.15076, -38.87945 ], [ -71.15023, -38.8804 ], [ -71.15051, -38.88214 ], [ -71.14971, -38.88311 ], [ -71.14971, -38.88376 ], [ -71.14995, -38.88406 ], [ -71.15076, -38.88444 ], [ -71.15291, -38.88455 ], [ -71.1546, -38.88533 ], [ -71.1552, -38.88618 ] ] } },
{ "type": "Feature", "properties": { "osm_id": 1337791097, "nombre": "Arroyo Pilpilco", "tipo": "stream", "volcan_codigo": "SOL", "volcan_nombre": "Sollipulli", "drena_volcan": false }, "geometry": { "type": "LineString", "coordinates": [ [ -71.12593, -38.86696 ], [ -71.1225, -38.86836 ], [ -71.12063, -38.87167 ], [ -71.11971, -38.87401 ], [ -71.11982, -38.8761 ], [ -71.121, -38.87919 ], [ -71.1211, -38.88234 ], [ -71.11941, -38.88426 ], [ -71.12005, -38.88517 ], [ -71.12007, -38.88655 ], [ -71.12093, -38.88712 ], [ -71.12136, -38.88809 ], [ -71.12203, -38.88842 ], [ -71.12243, -38.88916 ], [ -71.12237, -38.88999 ], [ -71.12282, -38.89028 ], [ -71.12258, -38.89228 ], [ -71.12121, -38.89447 ] ] } },
{ "type": "Feature", "properties": { "osm_id": 1337791098, "nombre": "Arroyo Pilpilco", "tipo": "stream", "volcan_codigo": "SOL", "volcan_nombre": "Sollipulli", "drena_volcan": false }, "geometry": { "type": "LineString", "coordinates": [ [ -71.12115, -38.89457 ], [ -71.12042, -38.89582 ], [ -71.11962, -38.89647 ], [ -71.11948, -38.89806 ] ] } },
{ "type": "Feature", "properties": { "osm_id": 1337791099, "nombre": "Arroyo Pilpilco", "tipo": "stream", "volcan_codigo": "SOL", "volcan_nombre": "Sollipulli", "drena_volcan": false }, "geometry": { "type": "LineString", "coordinates": [ [ -71.12121, -38.89447 ], [ -71.12115, -38.89457 ] ] } },
{ "type": "Feature", "properties": { "osm_id": 1344742284, "nombre": "Sin nombre", "tipo": "river", "volcan_codigo": "SOL", "volcan_nombre": "Sollipulli", "drena_volcan": false }, "geometry": { "type": "LineString", "coordinates": [ [ -71.57805, -38.68593 ], [ -71.57805, -38.68607 ], [ -71.57822, -38.68613 ], [ -71.57896, -38.68608 ], [ -71.57913, -38.68614 ], [ -71.57919, -38.68628 ] ] } },
{ "type": "Feature", "properties": { "osm_id": 1344742285, "nombre": "Sin nombre", "tipo": "river", "volcan_codigo": "SOL", "volcan_nombre": "Sollipulli", "drena_volcan": false }, "geometry": { "type": "LineString", "coordinates": [ [ -71.57805, -38.68593 ], [ -71.57825, -38.68568 ], [ -71.57862, -38.68555 ], [ -71.57925, -38.68564 ], [ -71.57951, -38.68577 ], [ -71.57953, -38.68593 ], [ -71.57938, -38.68617 ], [ -71.57919, -38.68628 ] ] } },
{ "type": "Feature", "properties": { "osm_id": 1347469222, "nombre": "Sin nombre", "tipo": "stream", "volcan_codigo": "SOL", "volcan_nombre": "Sollipulli", "drena_volcan": false }, "geometry": { "type": "LineString", "coordinates": [ [ -71.73428, -38.6244 ], [ -71.7349, -38.62358 ], [ -71.73624, -38.62231 ], [ -71.73687, -38.62195 ], [ -71.73828, -38.62154 ], [ -71.73864, -38.62118 ], [ -71.73894, -38.62069 ], [ -71.74004, -38.61937 ], [ -71.74269, -38.61777 ], [ -71.74353, -38.61748 ], [ -71.74386, -38.61728 ], [ -71.74456, -38.61636 ], [ -71.74506, -38.61616 ], [ -71.74513, -38.61594 ], [ -71.74498, -38.6155 ], [ -71.74506, -38.61524 ], [ -71.74523, -38.61507 ], [ -71.74653, -38.61464 ], [ -71.74784, -38.61409 ], [ -71.74875, -38.61346 ], [ -71.75041, -38.61294 ], [ -71.75133, -38.61216 ], [ -71.75284, -38.61122 ], [ -71.7533, -38.61086 ], [ -71.75398, -38.6101 ], [ -71.75434, -38.60956 ], [ -71.75493, -38.60925 ], [ -71.75639, -38.60884 ], [ -71.7569, -38.60855 ], [ -71.75731, -38.60814 ], [ -71.75755, -38.6073 ], [ -71.75808, -38.60595 ], [ -71.75835, -38.6055 ] ] } },
{ "type": "Feature", "properties": { "osm_id": 1347469223, "nombre": "Sin nombre", "tipo": "stream", "volcan_codigo": "SOL", "volcan_nombre": "Sollipulli", "drena_volcan": false }, "geometry": { "type": "LineString", "coordinates": [ [ -71.72769, -38.63444 ], [ -71.72835, -38.63426 ], [ -71.72914, -38.63357 ], [ -71.7298, -38.63316 ], [ -71.73087, -38.63223 ], [ -71.73142, -38.63113 ], [ -71.7316, -38.63013 ], [ -71.73182, -38.62989 ], [ -71.73226, -38.62866 ], [ -71.73241, -38.62799 ], [ -71.73326, -38.62616 ], [ -71.73344, -38.62533 ], [ -71.73392, -38.62465 ], [ -71.73428, -38.6244 ] ] } },
{ "type": "Feature", "properties": { "osm_id": 1347469227, "nombre": "Río Colorado", "tipo": "stream", "volcan_codigo": "SOL", "volcan_nombre": "Sollipulli", "drena_volcan": false }, "geometry": { "type": "LineString", "coordinates": [ [ -71.6667, -38.59365 ], [ -71.66673, -38.59168 ], [ -71.66641, -38.59109 ], [ -71.66578, -38.5904 ], [ -71.6658, -38.59022 ], [ -71.66616, -38.58973 ], [ -71.66629, -38.58931 ], [ -71.667, -38.58851 ], [ -71.66759, -38.58765 ], [ -71.66822, -38.5872 ], [ -71.66856, -38.58673 ], [ -71.66945, -38.58594 ], [ -71.66975, -38.58555 ], [ -71.67044, -38.58509 ], [ -71.67108, -38.58448 ], [ -71.67165, -38.58411 ], [ -71.67266, -38.58391 ], [ -71.67306, -38.58359 ], [ -71.67381, -38.58318 ], [ -71.67427, -38.58309 ], [ -71.67486, -38.58309 ], [ -71.67595, -38.58356 ], [ -71.67727, -38.58362 ], [ -71.67787, -38.58378 ], [ -71.67917, -38.58471 ], [ -71.67983, -38.58487 ], [ -71.68097, -38.58472 ], [ -71.68222, -38.5849 ], [ -71.68282, -38.58474 ], [ -71.68342, -38.58469 ], [ -71.68449, -38.5844 ], [ -71.68592, -38.58461 ], [ -71.68678, -38.58428 ], [ -71.68758, -38.58409 ], [ -71.68809, -38.58412 ], [ -71.68911, -38.58434 ], [ -71.68987, -38.58431 ], [ -71.6902, -38.58438 ], [ -71.69233, -38.58422 ], [ -71.69289, -38.58399 ], [ -71.69343, -38.5842 ], [ -71.69385, -38.5842 ], [ -71.69443, -38.58408 ] ] } },
{ "type": "Feature", "properties": { "osm_id": 1347469228, "nombre": "Sin nombre", "tipo": "stream", "volcan_codigo": "SOL", "volcan_nombre": "Sollipulli", "drena_volcan": false }, "geometry": { "type": "LineString", "coordinates": [ [ -71.66357, -38.53401 ], [ -71.66472, -38.53323 ], [ -71.66572, -38.53292 ], [ -71.66692, -38.53276 ], [ -71.66843, -38.53283 ], [ -71.66863, -38.53271 ], [ -71.66879, -38.5324 ], [ -71.66891, -38.53234 ], [ -71.6693, -38.53236 ], [ -71.66964, -38.53254 ], [ -71.67004, -38.53259 ], [ -71.67056, -38.53239 ], [ -71.67165, -38.53245 ], [ -71.67214, -38.53227 ], [ -71.67269, -38.5323 ], [ -71.67314, -38.53248 ], [ -71.67321, -38.53275 ], [ -71.67357, -38.53286 ], [ -71.67379, -38.53316 ], [ -71.67419, -38.5332 ], [ -71.67484, -38.53301 ], [ -71.67554, -38.53323 ], [ -71.67567, -38.53339 ], [ -71.67581, -38.53394 ], [ -71.67601, -38.53401 ], [ -71.6765, -38.53395 ], [ -71.67671, -38.53408 ], [ -71.67686, -38.53467 ], [ -71.6773, -38.53542 ], [ -71.6773, -38.53567 ], [ -71.67712, -38.53592 ], [ -71.67633, -38.53635 ], [ -71.67629, -38.53649 ], [ -71.67684, -38.53673 ], [ -71.67711, -38.53695 ], [ -71.67708, -38.53768 ], [ -71.6775, -38.53771 ], [ -71.67757, -38.53795 ], [ -71.67735, -38.53821 ], [ -71.67613, -38.53832 ], [ -71.67634, -38.5388 ], [ -71.67594, -38.53904 ], [ -71.67567, -38.53964 ], [ -71.6759, -38.54031 ], [ -71.67625, -38.54059 ], [ -71.67697, -38.54062 ], [ -71.67717, -38.5407 ], [ -71.67788, -38.54183 ], [ -71.67804, -38.54239 ], [ -71.67871, -38.54253 ], [ -71.67869, -38.54281 ], [ -71.67881, -38.54295 ], [ -71.67931, -38.54288 ], [ -71.67939, -38.54296 ], [ -71.67935, -38.54328 ], [ -71.67945, -38.54346 ], [ -71.67977, -38.54363 ], [ -71.68058, -38.54377 ], [ -71.68076, -38.54396 ], [ -71.6808, -38.54425 ], [ -71.68114, -38.5444 ], [ -71.68197, -38.54443 ], [ -71.68301, -38.54424 ], [ -71.68315, -38.54426 ], [ -71.68361, -38.54458 ] ] } },
{ "type": "Feature", "properties": { "osm_id": 1347469229, "nombre": "Sin nombre", "tipo": "river", "volcan_codigo": "SOL", "volcan_nombre": "Sollipulli", "drena_volcan": false }, "geometry": { "type": "LineString", "coordinates": [ [ -71.60742, -38.57257 ], [ -71.61027, -38.57218 ], [ -71.61061, -38.57204 ], [ -71.61117, -38.57204 ], [ -71.61201, -38.57187 ], [ -71.61253, -38.57194 ], [ -71.61386, -38.57248 ], [ -71.61434, -38.57259 ], [ -71.6147, -38.57287 ], [ -71.61575, -38.57337 ], [ -71.61986, -38.57344 ], [ -71.62205, -38.57395 ], [ -71.6233, -38.57458 ], [ -71.62509, -38.57582 ], [ -71.62573, -38.57598 ], [ -71.62614, -38.57602 ], [ -71.62708, -38.57584 ], [ -71.62767, -38.5759 ], [ -71.62804, -38.57573 ], [ -71.62902, -38.57604 ], [ -71.62946, -38.576 ], [ -71.62964, -38.57614 ], [ -71.63064, -38.57617 ], [ -71.63224, -38.57579 ] ] } },
{ "type": "Feature", "properties": { "osm_id": 1347469231, "nombre": "Estero El Claro", "tipo": "stream", "volcan_codigo": "SOL", "volcan_nombre": "Sollipulli", "drena_volcan": false }, "geometry": { "type": "LineString", "coordinates": [ [ -71.58153, -38.53585 ], [ -71.58165, -38.53455 ], [ -71.58146, -38.53384 ], [ -71.58059, -38.53245 ], [ -71.58005, -38.53178 ], [ -71.57965, -38.53078 ], [ -71.57842, -38.53022 ], [ -71.57818, -38.52991 ], [ -71.57817, -38.52947 ], [ -71.57798, -38.52906 ], [ -71.57843, -38.52857 ], [ -71.5784, -38.52759 ], [ -71.57864, -38.52686 ], [ -71.57841, -38.52617 ], [ -71.57842, -38.52552 ], [ -71.57827, -38.52513 ] ] } },
{ "type": "Feature", "properties": { "osm_id": 1347469232, "nombre": "Sin nombre", "tipo": "stream", "volcan_codigo": "SOL", "volcan_nombre": "Sollipulli", "drena_volcan": false }, "geometry": { "type": "LineString", "coordinates": [ [ -71.56419, -38.53312 ], [ -71.56273, -38.53264 ], [ -71.56202, -38.53255 ], [ -71.56111, -38.53228 ], [ -71.5604, -38.53195 ], [ -71.55883, -38.53195 ], [ -71.55791, -38.5321 ], [ -71.55774, -38.53204 ], [ -71.55741, -38.53181 ], [ -71.55747, -38.53143 ], [ -71.55732, -38.53113 ], [ -71.55602, -38.5305 ], [ -71.55577, -38.53019 ] ] } },
{ "type": "Feature", "properties": { "osm_id": 1347469233, "nombre": "Estero El Claro", "tipo": "stream", "volcan_codigo": "SOL", "volcan_nombre": "Sollipulli", "drena_volcan": false }, "geometry": { "type": "LineString", "coordinates": [ [ -71.58254, -38.55181 ], [ -71.58237, -38.55112 ], [ -71.58331, -38.54917 ], [ -71.58367, -38.54773 ], [ -71.58426, -38.54722 ], [ -71.58486, -38.54622 ], [ -71.58434, -38.54413 ], [ -71.58306, -38.54239 ], [ -71.58271, -38.54152 ], [ -71.58263, -38.54064 ], [ -71.58177, -38.5389 ], [ -71.58151, -38.53789 ], [ -71.58152, -38.53721 ], [ -71.5813, -38.53679 ], [ -71.58129, -38.53655 ], [ -71.58153, -38.53585 ] ] } },
{ "type": "Feature", "properties": { "osm_id": 1347469234, "nombre": "Estero Caracoles", "tipo": "stream", "volcan_codigo": "SOL", "volcan_nombre": "Sollipulli", "drena_volcan": false }, "geometry": { "type": "LineString", "coordinates": [ [ -71.56837, -38.54559 ], [ -71.56704, -38.54471 ], [ -71.56559, -38.54437 ], [ -71.56481, -38.54373 ], [ -71.56384, -38.54336 ], [ -71.56361, -38.54286 ], [ -71.56253, -38.54187 ], [ -71.56209, -38.54173 ], [ -71.56138, -38.5413 ], [ -71.56113, -38.54086 ], [ -71.56042, -38.54034 ], [ -71.55993, -38.53978 ], [ -71.5596, -38.53922 ], [ -71.5593, -38.53893 ], [ -71.55838, -38.53851 ], [ -71.55692, -38.53756 ], [ -71.55671, -38.53737 ], [ -71.55622, -38.53664 ], [ -71.55529, -38.53587 ], [ -71.55506, -38.53511 ], [ -71.55459, -38.53445 ], [ -71.55457, -38.53425 ], [ -71.55463, -38.53414 ], [ -71.55504, -38.5339 ], [ -71.55538, -38.53272 ], [ -71.55592, -38.53194 ], [ -71.55594, -38.53151 ], [ -71.5557, -38.5307 ], [ -71.55577, -38.53019 ] ] } },
{ "type": "Feature", "properties": { "osm_id": 1347700802, "nombre": "Sin nombre", "tipo": "stream", "volcan_codigo": "SOL", "volcan_nombre": "Sollipulli", "drena_volcan": false }, "geometry": { "type": "LineString", "coordinates": [ [ -71.44114, -38.79881 ], [ -71.44114, -38.79988 ], [ -71.44023, -38.80164 ], [ -71.43954, -38.80218 ], [ -71.4392, -38.80233 ], [ -71.4387, -38.80287 ], [ -71.43692, -38.80397 ], [ -71.43582, -38.80448 ], [ -71.43536, -38.80495 ], [ -71.43458, -38.80543 ], [ -71.43399, -38.80614 ], [ -71.43312, -38.8067 ], [ -71.43297, -38.80692 ], [ -71.43272, -38.80774 ], [ -71.43226, -38.8082 ], [ -71.43155, -38.80919 ], [ -71.43073, -38.81002 ], [ -71.42998, -38.81131 ], [ -71.4292, -38.81214 ], [ -71.42806, -38.81302 ], [ -71.42688, -38.8143 ], [ -71.42667, -38.81483 ], [ -71.42684, -38.81537 ], [ -71.42682, -38.81562 ], [ -71.42657, -38.81593 ], [ -71.42542, -38.81676 ], [ -71.42526, -38.81711 ], [ -71.42533, -38.81752 ], [ -71.42521, -38.81778 ], [ -71.42488, -38.81846 ], [ -71.42436, -38.819 ], [ -71.42425, -38.81924 ], [ -71.42422, -38.81972 ], [ -71.42398, -38.82021 ], [ -71.42398, -38.82038 ], [ -71.42455, -38.82118 ], [ -71.42483, -38.82198 ], [ -71.42432, -38.82272 ], [ -71.42415, -38.82361 ], [ -71.42423, -38.82386 ], [ -71.42491, -38.82446 ], [ -71.4252, -38.82485 ], [ -71.42551, -38.82537 ], [ -71.4255, -38.82567 ], [ -71.42642, -38.82621 ], [ -71.42751, -38.82657 ], [ -71.42774, -38.82705 ], [ -71.42796, -38.82725 ], [ -71.42826, -38.82771 ], [ -71.42897, -38.82792 ], [ -71.42974, -38.8284 ], [ -71.43011, -38.82873 ], [ -71.43044, -38.82928 ], [ -71.4309, -38.82973 ], [ -71.43091, -38.83004 ], [ -71.43107, -38.83045 ] ] } },
{ "type": "Feature", "properties": { "osm_id": 1347700803, "nombre": "Sin nombre", "tipo": "stream", "volcan_codigo": "SOL", "volcan_nombre": "Sollipulli", "drena_volcan": false }, "geometry": { "type": "LineString", "coordinates": [ [ -71.44172, -38.78414 ], [ -71.4419, -38.78474 ], [ -71.44224, -38.78531 ], [ -71.44266, -38.78572 ], [ -71.44275, -38.78623 ], [ -71.44264, -38.78693 ], [ -71.44235, -38.7874 ], [ -71.44227, -38.78799 ], [ -71.44212, -38.7882 ], [ -71.44198, -38.78866 ], [ -71.44205, -38.78936 ], [ -71.44195, -38.79004 ], [ -71.44208, -38.79038 ], [ -71.44209, -38.79076 ], [ -71.44202, -38.79156 ], [ -71.44172, -38.79228 ], [ -71.44194, -38.79289 ], [ -71.44197, -38.79368 ], [ -71.44187, -38.7941 ], [ -71.44187, -38.79476 ], [ -71.44175, -38.79553 ], [ -71.44142, -38.79632 ], [ -71.44137, -38.79748 ], [ -71.44114, -38.79881 ] ] } },
{ "type": "Feature", "properties": { "osm_id": 1347700808, "nombre": "Río Quinquén", "tipo": "river", "volcan_codigo": "SOL", "volcan_nombre": "Sollipulli", "drena_volcan": false }, "geometry": { "type": "LineString", "coordinates": [ [ -71.38714, -38.66732 ], [ -71.38693, -38.66717 ], [ -71.3861, -38.66735 ], [ -71.38572, -38.6678 ], [ -71.38512, -38.6682 ], [ -71.38425, -38.66851 ], [ -71.38349, -38.66929 ], [ -71.38329, -38.66976 ], [ -71.38249, -38.67015 ], [ -71.38135, -38.67047 ], [ -71.38046, -38.67091 ], [ -71.37996, -38.67077 ], [ -71.37976, -38.67045 ], [ -71.37933, -38.67011 ], [ -71.37913, -38.67 ], [ -71.37881, -38.66996 ], [ -71.37852, -38.67018 ], [ -71.37834, -38.67055 ], [ -71.37804, -38.6708 ], [ -71.37767, -38.67098 ], [ -71.37731, -38.67104 ], [ -71.37659, -38.67025 ], [ -71.37613, -38.66994 ], [ -71.37547, -38.66978 ], [ -71.37465, -38.66986 ], [ -71.37394, -38.67038 ], [ -71.37377, -38.6707 ], [ -71.37389, -38.67095 ], [ -71.37448, -38.67152 ], [ -71.3744, -38.67177 ], [ -71.37422, -38.67199 ], [ -71.3735, -38.67196 ], [ -71.37257, -38.67164 ], [ -71.37225, -38.67142 ], [ -71.37184, -38.67151 ], [ -71.37144, -38.67182 ], [ -71.37152, -38.67219 ], [ -71.37139, -38.67263 ], [ -71.37075, -38.67272 ], [ -71.36984, -38.67262 ], [ -71.36922, -38.67241 ], [ -71.36877, -38.67235 ], [ -71.36772, -38.6725 ], [ -71.36674, -38.67294 ], [ -71.36642, -38.6729 ], [ -71.36628, -38.67281 ], [ -71.36622, -38.67265 ], [ -71.36622, -38.67202 ], [ -71.36614, -38.67184 ], [ -71.36603, -38.6717 ], [ -71.36563, -38.67157 ], [ -71.36523, -38.67169 ], [ -71.36487, -38.67199 ], [ -71.3638, -38.67261 ], [ -71.36333, -38.67273 ], [ -71.3629, -38.67266 ], [ -71.36272, -38.67226 ], [ -71.36352, -38.67124 ], [ -71.36362, -38.67083 ], [ -71.36333, -38.67057 ], [ -71.36292, -38.67047 ], [ -71.36227, -38.67057 ], [ -71.3619, -38.6708 ], [ -71.36135, -38.67152 ], [ -71.36127, -38.67196 ], [ -71.36163, -38.67256 ], [ -71.36148, -38.67278 ], [ -71.36107, -38.67288 ], [ -71.36009, -38.67271 ], [ -71.35974, -38.67181 ], [ -71.35936, -38.67161 ], [ -71.35893, -38.67182 ], [ -71.35858, -38.67189 ], [ -71.35848, -38.6712 ], [ -71.35852, -38.67089 ], [ -71.35835, -38.67048 ], [ -71.35831, -38.67006 ], [ -71.35784, -38.66963 ], [ -71.3575, -38.66919 ], [ -71.35726, -38.66909 ], [ -71.35694, -38.66912 ], [ -71.35673, -38.66923 ], [ -71.35628, -38.67018 ], [ -71.35573, -38.6707 ], [ -71.35547, -38.67149 ], [ -71.35501, -38.67245 ], [ -71.35445, -38.67306 ], [ -71.35418, -38.67395 ], [ -71.35424, -38.67427 ], [ -71.35415, -38.67441 ], [ -71.35384, -38.67438 ], [ -71.3525, -38.67378 ], [ -71.35264, -38.67296 ], [ -71.35253, -38.67248 ], [ -71.35232, -38.67213 ], [ -71.35187, -38.67172 ], [ -71.35151, -38.67159 ], [ -71.35066, -38.67147 ], [ -71.34987, -38.67187 ], [ -71.34824, -38.67187 ], [ -71.34768, -38.67199 ], [ -71.34747, -38.67226 ], [ -71.34736, -38.67256 ], [ -71.3474, -38.67281 ], [ -71.34776, -38.67348 ], [ -71.34759, -38.67375 ], [ -71.3473, -38.67392 ], [ -71.34691, -38.67392 ], [ -71.34663, -38.6738 ], [ -71.34614, -38.6733 ], [ -71.34584, -38.6732 ], [ -71.34459, -38.67315 ], [ -71.34408, -38.67326 ], [ -71.34333, -38.67395 ], [ -71.34273, -38.67407 ], [ -71.3421, -38.67373 ], [ -71.34176, -38.6738 ], [ -71.34172, -38.67424 ], [ -71.34221, -38.67507 ], [ -71.34268, -38.67559 ], [ -71.34278, -38.67581 ], [ -71.34277, -38.67613 ], [ -71.34265, -38.67641 ], [ -71.34217, -38.6769 ], [ -71.34187, -38.67698 ], [ -71.34127, -38.67672 ], [ -71.34094, -38.6767 ], [ -71.34044, -38.67693 ], [ -71.34008, -38.67742 ], [ -71.33979, -38.67759 ], [ -71.33923, -38.6776 ], [ -71.33861, -38.67698 ], [ -71.33815, -38.67673 ], [ -71.33772, -38.6769 ], [ -71.33758, -38.67742 ], [ -71.33743, -38.67765 ], [ -71.33713, -38.67787 ], [ -71.33687, -38.67794 ], [ -71.33595, -38.67792 ], [ -71.33582, -38.67816 ], [ -71.33581, -38.6785 ], [ -71.336, -38.67887 ], [ -71.33691, -38.67919 ], [ -71.33721, -38.6794 ], [ -71.3377, -38.68013 ], [ -71.33794, -38.68037 ], [ -71.33846, -38.68038 ], [ -71.3392, -38.68008 ], [ -71.33943, -38.68011 ], [ -71.33968, -38.68035 ], [ -71.33972, -38.68058 ], [ -71.33951, -38.68087 ], [ -71.33782, -38.68199 ], [ -71.33716, -38.68209 ], [ -71.33662, -38.68194 ], [ -71.33573, -38.68213 ], [ -71.33543, -38.68206 ], [ -71.33515, -38.68182 ], [ -71.33493, -38.68135 ], [ -71.33412, -38.67928 ], [ -71.33367, -38.67896 ], [ -71.33296, -38.67819 ], [ -71.33262, -38.67812 ], [ -71.33223, -38.67827 ], [ -71.33123, -38.67887 ], [ -71.33072, -38.6787 ], [ -71.33082, -38.67755 ], [ -71.3298, -38.67654 ], [ -71.32936, -38.67644 ], [ -71.32906, -38.67674 ], [ -71.32842, -38.67656 ], [ -71.32798, -38.67633 ], [ -71.32721, -38.67722 ], [ -71.32701, -38.67802 ], [ -71.32667, -38.67886 ], [ -71.32679, -38.67955 ], [ -71.32664, -38.67976 ], [ -71.3262, -38.67988 ], [ -71.32577, -38.67981 ], [ -71.32494, -38.67921 ], [ -71.32471, -38.67917 ], [ -71.32424, -38.67927 ], [ -71.32406, -38.67948 ], [ -71.32371, -38.68023 ], [ -71.32282, -38.6809 ], [ -71.32203, -38.68122 ] ] } },
{ "type": "Feature", "properties": { "osm_id": 1359689790, "nombre": "Sin nombre", "tipo": "stream", "volcan_codigo": "SOL", "volcan_nombre": "Sollipulli", "drena_volcan": false }, "geometry": { "type": "LineString", "coordinates": [ [ -71.16396, -38.88494 ], [ -71.16414, -38.88495 ], [ -71.16442, -38.88527 ], [ -71.16416, -38.88589 ], [ -71.16434, -38.8863 ], [ -71.16426, -38.88644 ], [ -71.1641, -38.88643 ] ] } },
{ "type": "Feature", "properties": { "osm_id": 1359689791, "nombre": "Sin nombre", "tipo": "stream", "volcan_codigo": "SOL", "volcan_nombre": "Sollipulli", "drena_volcan": false }, "geometry": { "type": "LineString", "coordinates": [ [ -71.1641, -38.88643 ], [ -71.16397, -38.88665 ] ] } },
{ "type": "Feature", "properties": { "osm_id": 1366100055, "nombre": "Río Curacalco", "tipo": "stream", "volcan_codigo": "SOL", "volcan_nombre": "Sollipulli", "drena_volcan": true }, "geometry": { "type": "LineString", "coordinates": [ [ -71.80413, -38.93537 ], [ -71.80454, -38.93413 ], [ -71.80459, -38.93299 ], [ -71.80472, -38.9324 ], [ -71.80497, -38.93183 ], [ -71.80574, -38.93103 ], [ -71.80635, -38.93085 ], [ -71.80698, -38.93085 ], [ -71.80853, -38.93113 ], [ -71.80918, -38.93074 ], [ -71.80954, -38.93069 ], [ -71.80969, -38.93085 ], [ -71.80966, -38.93153 ], [ -71.80989, -38.93173 ], [ -71.81072, -38.93187 ], [ -71.81131, -38.93182 ], [ -71.81269, -38.93205 ], [ -71.81514, -38.93282 ], [ -71.81607, -38.93337 ], [ -71.81667, -38.93297 ], [ -71.8171, -38.93286 ], [ -71.81743, -38.93289 ], [ -71.81803, -38.93322 ], [ -71.8182, -38.93359 ], [ -71.81866, -38.93416 ], [ -71.81919, -38.93423 ], [ -71.81944, -38.93409 ], [ -71.81978, -38.93369 ], [ -71.82075, -38.93356 ], [ -71.82153, -38.93318 ], [ -71.82243, -38.93249 ], [ -71.82317, -38.93224 ], [ -71.8237, -38.93221 ], [ -71.82482, -38.93275 ], [ -71.82579, -38.93294 ], [ -71.82662, -38.9328 ], [ -71.82786, -38.93238 ], [ -71.82844, -38.93234 ], [ -71.8297, -38.93249 ], [ -71.83067, -38.93241 ], [ -71.83151, -38.93188 ], [ -71.83262, -38.93091 ], [ -71.8329, -38.93053 ], [ -71.83295, -38.92994 ], [ -71.83366, -38.9296 ], [ -71.83435, -38.92966 ], [ -71.83508, -38.93 ], [ -71.83596, -38.93006 ], [ -71.83657, -38.92987 ], [ -71.83704, -38.92987 ], [ -71.83742, -38.92995 ], [ -71.83929, -38.93007 ], [ -71.84013, -38.92978 ], [ -71.84038, -38.92988 ], [ -71.84069, -38.9302 ], [ -71.84065, -38.93077 ], [ -71.84081, -38.93113 ], [ -71.84065, -38.9317 ], [ -71.8407, -38.93192 ], [ -71.84142, -38.93239 ], [ -71.84209, -38.93264 ], [ -71.84265, -38.93269 ], [ -71.84368, -38.93233 ], [ -71.84419, -38.93228 ], [ -71.8457, -38.93308 ], [ -71.84632, -38.93304 ], [ -71.84702, -38.93275 ], [ -71.84731, -38.93281 ], [ -71.84794, -38.93329 ], [ -71.8488, -38.9338 ], [ -71.84902, -38.93468 ], [ -71.84918, -38.93491 ], [ -71.84954, -38.93512 ], [ -71.84982, -38.93513 ], [ -71.85002, -38.93504 ], [ -71.85052, -38.93461 ], [ -71.85101, -38.93396 ], [ -71.85133, -38.93382 ], [ -71.85171, -38.93388 ], [ -71.85272, -38.93436 ], [ -71.85288, -38.9345 ], [ -71.85299, -38.93481 ], [ -71.85339, -38.93491 ], [ -71.8537, -38.93512 ], [ -71.85426, -38.93494 ], [ -71.85459, -38.93501 ], [ -71.85534, -38.93562 ], [ -71.85558, -38.93602 ], [ -71.85561, -38.93656 ], [ -71.85577, -38.93675 ], [ -71.85611, -38.93703 ], [ -71.8571, -38.93734 ], [ -71.85759, -38.9376 ], [ -71.85833, -38.93846 ], [ -71.85875, -38.93926 ], [ -71.85951, -38.93997 ], [ -71.85988, -38.94065 ], [ -71.86085, -38.94139 ], [ -71.86192, -38.94186 ], [ -71.86249, -38.94231 ], [ -71.86346, -38.94281 ], [ -71.86415, -38.94341 ], [ -71.86451, -38.94345 ], [ -71.86512, -38.9433 ], [ -71.86618, -38.94372 ], [ -71.86689, -38.94376 ], [ -71.86778, -38.94336 ], [ -71.86829, -38.94227 ], [ -71.86867, -38.94201 ], [ -71.86925, -38.94196 ], [ -71.86962, -38.94207 ], [ -71.86993, -38.94238 ], [ -71.86982, -38.94296 ], [ -71.87061, -38.94328 ], [ -71.87108, -38.94335 ], [ -71.8724, -38.94301 ], [ -71.8729, -38.94265 ], [ -71.8736, -38.94234 ], [ -71.87391, -38.9418 ], [ -71.87411, -38.9417 ], [ -71.87441, -38.94168 ], [ -71.87495, -38.94186 ], [ -71.87557, -38.94154 ], [ -71.87621, -38.94159 ], [ -71.87651, -38.94131 ], [ -71.87697, -38.94 ], [ -71.87736, -38.93937 ], [ -71.87783, -38.93906 ], [ -71.87888, -38.93881 ], [ -71.87931, -38.93854 ], [ -71.87978, -38.93779 ], [ -71.88013, -38.93743 ], [ -71.88032, -38.93694 ], [ -71.88045, -38.93686 ], [ -71.88064, -38.93682 ], [ -71.88105, -38.93704 ], [ -71.88129, -38.93707 ], [ -71.8826, -38.93707 ], [ -71.88378, -38.93674 ], [ -71.88469, -38.9363 ], [ -71.88577, -38.93621 ], [ -71.88689, -38.93573 ], [ -71.88832, -38.93575 ], [ -71.89024, -38.93548 ], [ -71.89052, -38.93531 ], [ -71.89067, -38.93492 ], [ -71.89092, -38.93476 ], [ -71.89182, -38.93501 ], [ -71.89229, -38.93499 ], [ -71.8929, -38.93509 ], [ -71.8933, -38.93535 ], [ -71.89409, -38.93553 ], [ -71.89486, -38.93555 ], [ -71.89517, -38.93525 ], [ -71.89526, -38.93476 ], [ -71.89561, -38.93405 ], [ -71.89585, -38.93378 ], [ -71.89606, -38.93369 ], [ -71.89707, -38.93365 ], [ -71.89745, -38.93382 ], [ -71.89826, -38.93448 ], [ -71.89882, -38.93466 ], [ -71.89925, -38.9346 ], [ -71.89976, -38.93404 ], [ -71.89977, -38.93365 ], [ -71.89962, -38.93325 ], [ -71.89965, -38.93307 ], [ -71.89993, -38.93278 ], [ -71.90037, -38.93258 ], [ -71.90122, -38.93254 ], [ -71.90176, -38.93277 ], [ -71.90287, -38.93354 ], [ -71.90354, -38.93368 ], [ -71.90398, -38.93352 ], [ -71.90446, -38.93288 ], [ -71.90473, -38.93269 ], [ -71.90628, -38.93224 ], [ -71.90742, -38.93215 ], [ -71.90785, -38.93201 ], [ -71.90828, -38.93172 ], [ -71.90878, -38.93114 ], [ -71.90905, -38.93097 ], [ -71.90937, -38.93094 ], [ -71.90987, -38.9311 ], [ -71.91175, -38.93093 ], [ -71.91261, -38.93094 ], [ -71.9137, -38.93115 ], [ -71.9144, -38.93114 ], [ -71.9159, -38.93069 ], [ -71.91681, -38.93024 ], [ -71.91815, -38.93008 ], [ -71.91851, -38.93014 ], [ -71.91884, -38.93032 ], [ -71.91923, -38.93073 ], [ -71.91936, -38.93098 ], [ -71.91929, -38.93118 ], [ -71.91836, -38.9319 ], [ -71.91804, -38.93233 ], [ -71.91802, -38.93257 ], [ -71.91839, -38.93408 ], [ -71.91843, -38.93481 ], [ -71.9182, -38.93517 ], [ -71.91753, -38.93587 ], [ -71.91734, -38.9365 ], [ -71.91737, -38.93669 ], [ -71.91763, -38.93698 ], [ -71.9178, -38.93743 ], [ -71.91734, -38.9384 ], [ -71.9173, -38.93898 ], [ -71.91775, -38.93953 ], [ -71.9184, -38.94004 ] ] } },
{ "type": "Feature", "properties": { "osm_id": 1371027291, "nombre": "Estero Malalco", "tipo": "stream", "volcan_codigo": "SOL", "volcan_nombre": "Sollipulli", "drena_volcan": false }, "geometry": { "type": "LineString", "coordinates": [ [ -71.40418, -39.23659 ], [ -71.40496, -39.23664 ], [ -71.40603, -39.23638 ], [ -71.40671, -39.23644 ], [ -71.40747, -39.23678 ], [ -71.40887, -39.23682 ], [ -71.40973, -39.23729 ], [ -71.41058, -39.23752 ], [ -71.41205, -39.23754 ], [ -71.41319, -39.23781 ], [ -71.41438, -39.2377 ], [ -71.41524, -39.2373 ], [ -71.41655, -39.23687 ], [ -71.41805, -39.23686 ], [ -71.4189, -39.237 ], [ -71.41962, -39.237 ], [ -71.42069, -39.23691 ], [ -71.42319, -39.23642 ], [ -71.4248, -39.23668 ], [ -71.42528, -39.23663 ], [ -71.4257, -39.23618 ], [ -71.42626, -39.23589 ], [ -71.4268, -39.23545 ] ] } },
{ "type": "Feature", "properties": { "osm_id": 1371027295, "nombre": "Estero Malalco", "tipo": "stream", "volcan_codigo": "SOL", "volcan_nombre": "Sollipulli", "drena_volcan": true }, "geometry": { "type": "LineString", "coordinates": [ [ -71.42689, -39.23538 ], [ -71.42769, -39.23534 ], [ -71.42823, -39.23552 ], [ -71.42876, -39.23549 ], [ -71.42937, -39.23502 ], [ -71.42998, -39.23362 ], [ -71.43046, -39.2332 ], [ -71.43121, -39.23312 ], [ -71.43181, -39.2329 ], [ -71.43255, -39.23283 ], [ -71.43315, -39.23309 ], [ -71.43405, -39.23385 ] ] } },
{ "type": "Feature", "properties": { "osm_id": 1371027296, "nombre": "Sin nombre", "tipo": "stream", "volcan_codigo": "SOL", "volcan_nombre": "Sollipulli", "drena_volcan": false }, "geometry": { "type": "LineString", "coordinates": [ [ -71.4268, -39.23545 ], [ -71.42689, -39.23538 ] ] } },
{ "type": "Feature", "properties": { "osm_id": 1410456114, "nombre": "Sin nombre", "tipo": "stream", "volcan_codigo": "SOL", "volcan_nombre": "Sollipulli", "drena_volcan": false }, "geometry": { "type": "LineString", "coordinates": [ [ -71.25995, -38.8355 ], [ -71.25982, -38.83548 ] ] } },
{ "type": "Feature", "properties": { "osm_id": 1421391060, "nombre": "Sin nombre", "tipo": "stream", "volcan_codigo": "SOL", "volcan_nombre": "Sollipulli", "drena_volcan": false }, "geometry": { "type": "LineString", "coordinates": [ [ -71.39722, -39.39284 ], [ -71.39668, -39.39453 ], [ -71.39578, -39.39567 ], [ -71.39539, -39.39661 ], [ -71.39384, -39.39783 ], [ -71.39352, -39.39904 ], [ -71.39294, -39.40031 ], [ -71.39264, -39.40123 ], [ -71.39172, -39.40189 ], [ -71.39174, -39.40264 ], [ -71.39162, -39.4029 ], [ -71.39081, -39.40316 ], [ -71.39063, -39.40356 ], [ -71.3911, -39.40496 ], [ -71.39022, -39.40539 ], [ -71.38922, -39.40573 ], [ -71.38842, -39.40694 ], [ -71.38507, -39.40723 ], [ -71.38405, -39.40846 ], [ -71.38357, -39.40946 ], [ -71.38286, -39.41043 ], [ -71.38185, -39.4113 ], [ -71.38104, -39.41236 ], [ -71.38044, -39.41337 ], [ -71.38025, -39.4135 ] ] } },
{ "type": "Feature", "properties": { "osm_id": 1421391071, "nombre": "Sin nombre", "tipo": "stream", "volcan_codigo": "SOL", "volcan_nombre": "Sollipulli", "drena_volcan": false }, "geometry": { "type": "LineString", "coordinates": [ [ -71.44132, -39.41534 ], [ -71.43871, -39.41667 ], [ -71.43229, -39.42128 ], [ -71.43042, -39.42399 ], [ -71.42838, -39.42593 ], [ -71.42654, -39.42678 ], [ -71.42525, -39.42711 ], [ -71.42411, -39.42774 ], [ -71.42312, -39.42814 ] ] } },
{ "type": "Feature", "properties": { "osm_id": 1421391072, "nombre": "Sin nombre", "tipo": "stream", "volcan_codigo": "SOL", "volcan_nombre": "Sollipulli", "drena_volcan": false }, "geometry": { "type": "LineString", "coordinates": [ [ -71.43693, -39.39714 ], [ -71.43525, -39.40095 ], [ -71.43353, -39.40443 ], [ -71.43092, -39.40709 ], [ -71.42847, -39.4106 ], [ -71.42637, -39.41392 ], [ -71.42478, -39.41789 ], [ -71.41997, -39.42426 ], [ -71.4192, -39.42612 ] ] } },
{ "type": "Feature", "properties": { "osm_id": 1446775251, "nombre": "Estero Santa Rosa", "tipo": "stream", "volcan_codigo": "SOL", "volcan_nombre": "Sollipulli", "drena_volcan": false }, "geometry": { "type": "LineString", "coordinates": [ [ -71.7222, -39.3446 ], [ -71.72221, -39.34539 ], [ -71.72228, -39.34557 ], [ -71.72255, -39.34577 ], [ -71.72246, -39.34652 ], [ -71.72211, -39.34683 ], [ -71.72179, -39.34726 ], [ -71.72093, -39.34775 ], [ -71.72051, -39.34811 ], [ -71.72047, -39.34875 ] ] } },
{ "type": "Feature", "properties": { "osm_id": 1452978942, "nombre": "Estero Piedra Colorada", "tipo": "stream", "volcan_codigo": "SOL", "volcan_nombre": "Sollipulli", "drena_volcan": false }, "geometry": { "type": "LineString", "coordinates": [ [ -71.31138, -38.87666 ], [ -71.31133, -38.87613 ], [ -71.31143, -38.87581 ], [ -71.31139, -38.87527 ], [ -71.31155, -38.87482 ], [ -71.31172, -38.8746 ], [ -71.31171, -38.87433 ], [ -71.31122, -38.8731 ], [ -71.31112, -38.87161 ], [ -71.31088, -38.87135 ], [ -71.31058, -38.87081 ], [ -71.3103, -38.86977 ], [ -71.3101, -38.86938 ], [ -71.30969, -38.86948 ], [ -71.3094, -38.8693 ], [ -71.30852, -38.86861 ], [ -71.30767, -38.86773 ], [ -71.30633, -38.86749 ], [ -71.30589, -38.86728 ], [ -71.30521, -38.86721 ], [ -71.30475, -38.86696 ], [ -71.30417, -38.86681 ], [ -71.30363, -38.86607 ], [ -71.30301, -38.86578 ], [ -71.30237, -38.86517 ], [ -71.30155, -38.8646 ], [ -71.3009, -38.86431 ], [ -71.29935, -38.86437 ], [ -71.29828, -38.86429 ], [ -71.29777, -38.86401 ], [ -71.2955, -38.86335 ], [ -71.2952, -38.86311 ], [ -71.29434, -38.8629 ], [ -71.29322, -38.86274 ], [ -71.29275, -38.86253 ], [ -71.29144, -38.86108 ], [ -71.29079, -38.86063 ], [ -71.28997, -38.86039 ], [ -71.28928, -38.86034 ], [ -71.28866, -38.86044 ], [ -71.28841, -38.86041 ] ] } },
{ "type": "Feature", "properties": { "osm_id": 1452978946, "nombre": "Sin nombre", "tipo": "stream", "volcan_codigo": "SOL", "volcan_nombre": "Sollipulli", "drena_volcan": false }, "geometry": { "type": "LineString", "coordinates": [ [ -71.40661, -38.74742 ], [ -71.40614, -38.74656 ], [ -71.40553, -38.74596 ], [ -71.40476, -38.74392 ], [ -71.405, -38.74322 ], [ -71.40495, -38.74285 ], [ -71.40514, -38.74243 ], [ -71.40489, -38.74212 ], [ -71.4049, -38.74174 ], [ -71.40456, -38.74101 ], [ -71.40453, -38.7407 ], [ -71.40469, -38.74009 ], [ -71.40486, -38.73979 ], [ -71.40513, -38.73954 ], [ -71.40546, -38.73948 ] ] } },
{ "type": "Feature", "properties": { "osm_id": 1455327092, "nombre": "Sin nombre", "tipo": "stream", "volcan_codigo": "SOL", "volcan_nombre": "Sollipulli", "drena_volcan": false }, "geometry": { "type": "LineString", "coordinates": [ [ -71.86296, -38.67502 ], [ -71.86309, -38.67403 ], [ -71.86353, -38.67334 ], [ -71.86711, -38.67038 ], [ -71.86815, -38.66984 ], [ -71.86876, -38.6699 ], [ -71.86938, -38.67009 ], [ -71.86976, -38.66973 ], [ -71.87014, -38.66952 ], [ -71.8715, -38.66933 ], [ -71.87667, -38.66784 ], [ -71.87842, -38.66753 ], [ -71.87946, -38.66751 ], [ -71.88007, -38.66775 ], [ -71.88028, -38.66798 ], [ -71.88064, -38.66803 ], [ -71.88184, -38.66778 ], [ -71.88427, -38.66808 ], [ -71.88549, -38.66812 ], [ -71.88587, -38.66836 ], [ -71.88612, -38.66873 ], [ -71.88677, -38.66886 ], [ -71.89126, -38.66919 ] ] } },
{ "type": "Feature", "properties": { "osm_id": 1455327096, "nombre": "Sin nombre", "tipo": "stream", "volcan_codigo": "SOL", "volcan_nombre": "Sollipulli", "drena_volcan": false }, "geometry": { "type": "LineString", "coordinates": [ [ -71.7847, -38.70889 ], [ -71.78501, -38.70961 ], [ -71.78515, -38.70971 ], [ -71.78538, -38.70973 ], [ -71.78567, -38.70995 ], [ -71.78591, -38.71 ], [ -71.78695, -38.71007 ], [ -71.78772, -38.71053 ], [ -71.78856, -38.71044 ], [ -71.78901, -38.71022 ], [ -71.78973, -38.71014 ], [ -71.79023, -38.7102 ], [ -71.79106, -38.71046 ], [ -71.79159, -38.71121 ], [ -71.79167, -38.71174 ], [ -71.79148, -38.712 ], [ -71.79172, -38.71221 ], [ -71.79202, -38.71233 ], [ -71.79246, -38.71288 ], [ -71.79323, -38.71323 ], [ -71.79379, -38.71429 ], [ -71.79429, -38.71452 ], [ -71.79503, -38.71455 ], [ -71.79512, -38.71484 ], [ -71.79537, -38.71503 ], [ -71.79551, -38.71567 ], [ -71.79592, -38.71593 ], [ -71.79604, -38.71608 ], [ -71.79638, -38.71618 ], [ -71.79662, -38.7165 ], [ -71.79705, -38.71668 ], [ -71.79707, -38.717 ], [ -71.79752, -38.71728 ], [ -71.7978, -38.71736 ], [ -71.79857, -38.71734 ], [ -71.79994, -38.7178 ], [ -71.80079, -38.71776 ] ] } },
{ "type": "Feature", "properties": { "osm_id": 1456931233, "nombre": "Sin nombre", "tipo": "stream", "volcan_codigo": "SOL", "volcan_nombre": "Sollipulli", "drena_volcan": false }, "geometry": { "type": "LineString", "coordinates": [ [ -71.67303, -38.77845 ], [ -71.6731, -38.77862 ], [ -71.67282, -38.77924 ], [ -71.67176, -38.77987 ], [ -71.67102, -38.78042 ], [ -71.67057, -38.78108 ], [ -71.66895, -38.78223 ], [ -71.66844, -38.78296 ], [ -71.66651, -38.78377 ], [ -71.66486, -38.78431 ], [ -71.66385, -38.78513 ], [ -71.66063, -38.7863 ], [ -71.65928, -38.78718 ], [ -71.65747, -38.78753 ], [ -71.65671, -38.78741 ], [ -71.65527, -38.78783 ], [ -71.65402, -38.78792 ], [ -71.65286, -38.78825 ], [ -71.65204, -38.78819 ], [ -71.65091, -38.78865 ], [ -71.64924, -38.78964 ], [ -71.64877, -38.79036 ], [ -71.64806, -38.7907 ], [ -71.64564, -38.79099 ], [ -71.64522, -38.79142 ], [ -71.64484, -38.79223 ], [ -71.64472, -38.79232 ], [ -71.64284, -38.79283 ] ] } },
{ "type": "Feature", "properties": { "osm_id": 1456931242, "nombre": "Sin nombre", "tipo": "canal", "volcan_codigo": "SOL", "volcan_nombre": "Sollipulli", "drena_volcan": false }, "geometry": { "type": "LineString", "coordinates": [ [ -71.65117, -38.8272 ], [ -71.65208, -38.82816 ], [ -71.65254, -38.82839 ], [ -71.65362, -38.8293 ] ] } },
{ "type": "Feature", "properties": { "osm_id": 1457013148, "nombre": "Sin nombre", "tipo": "stream", "volcan_codigo": "SOL", "volcan_nombre": "Sollipulli", "drena_volcan": false }, "geometry": { "type": "LineString", "coordinates": [ [ -71.25632, -38.71824 ], [ -71.25569, -38.71752 ], [ -71.25571, -38.71711 ], [ -71.25592, -38.71659 ], [ -71.25566, -38.71641 ], [ -71.25591, -38.71561 ], [ -71.25568, -38.71292 ], [ -71.2551, -38.7114 ], [ -71.25398, -38.71063 ], [ -71.25345, -38.7101 ], [ -71.2532, -38.70957 ], [ -71.25254, -38.70906 ], [ -71.25257, -38.7083 ], [ -71.25188, -38.70819 ], [ -71.25188, -38.70785 ], [ -71.25078, -38.70766 ], [ -71.24941, -38.70762 ], [ -71.24925, -38.70737 ], [ -71.24891, -38.70737 ], [ -71.24858, -38.70696 ], [ -71.24828, -38.70723 ], [ -71.24757, -38.70692 ], [ -71.2472, -38.70694 ], [ -71.24707, -38.70649 ], [ -71.24656, -38.70638 ], [ -71.2462, -38.70615 ], [ -71.24565, -38.70603 ], [ -71.245, -38.70617 ], [ -71.24459, -38.7057 ], [ -71.24393, -38.70526 ], [ -71.24313, -38.70531 ], [ -71.24282, -38.70505 ], [ -71.2425, -38.70505 ], [ -71.24174, -38.70481 ], [ -71.24134, -38.70506 ], [ -71.23995, -38.70496 ], [ -71.23937, -38.70458 ], [ -71.23868, -38.70431 ], [ -71.23796, -38.70429 ], [ -71.23716, -38.70455 ], [ -71.23552, -38.70546 ], [ -71.2348, -38.70533 ], [ -71.23242, -38.70616 ], [ -71.23096, -38.70609 ], [ -71.23022, -38.70597 ], [ -71.22961, -38.7056 ], [ -71.22853, -38.7056 ], [ -71.22742, -38.70575 ], [ -71.22688, -38.70611 ], [ -71.22622, -38.70618 ], [ -71.22516, -38.70583 ], [ -71.22464, -38.70577 ], [ -71.2239, -38.70594 ], [ -71.22351, -38.70592 ], [ -71.22302, -38.70615 ], [ -71.22242, -38.70619 ], [ -71.22226, -38.70638 ], [ -71.22167, -38.7065 ], [ -71.22092, -38.70652 ] ] } },
{ "type": "Feature", "properties": { "osm_id": 1457013153, "nombre": "Sin nombre", "tipo": "stream", "volcan_codigo": "SOL", "volcan_nombre": "Sollipulli", "drena_volcan": false }, "geometry": { "type": "LineString", "coordinates": [ [ -71.28272, -38.82924 ], [ -71.28293, -38.82909 ] ] } },
{ "type": "Feature", "properties": { "osm_id": 1457013154, "nombre": "Sin nombre", "tipo": "stream", "volcan_codigo": "SOL", "volcan_nombre": "Sollipulli", "drena_volcan": false }, "geometry": { "type": "LineString", "coordinates": [ [ -71.28293, -38.82909 ], [ -71.28325, -38.82866 ] ] } },
{ "type": "Feature", "properties": { "osm_id": 1457013155, "nombre": "Sin nombre", "tipo": "stream", "volcan_codigo": "SOL", "volcan_nombre": "Sollipulli", "drena_volcan": false }, "geometry": { "type": "LineString", "coordinates": [ [ -71.28066, -38.83302 ], [ -71.28057, -38.83197 ], [ -71.28121, -38.83148 ], [ -71.28151, -38.8308 ], [ -71.28197, -38.83036 ], [ -71.2822, -38.82976 ], [ -71.28272, -38.82924 ] ] } },
{ "type": "Feature", "properties": { "osm_id": 1458625956, "nombre": "Sin nombre", "tipo": "river", "volcan_codigo": "SOL", "volcan_nombre": "Sollipulli", "drena_volcan": false }, "geometry": { "type": "LineString", "coordinates": [ [ -71.94265, -38.7976 ], [ -71.94431, -38.79797 ], [ -71.94558, -38.79756 ], [ -71.94616, -38.79751 ], [ -71.94637, -38.79757 ], [ -71.94643, -38.79795 ], [ -71.94666, -38.79806 ], [ -71.94681, -38.79805 ], [ -71.94746, -38.79747 ], [ -71.94789, -38.79695 ], [ -71.94939, -38.79644 ], [ -71.95, -38.79655 ], [ -71.95043, -38.79702 ], [ -71.95141, -38.79777 ], [ -71.95223, -38.79791 ], [ -71.95321, -38.7978 ], [ -71.95439, -38.79723 ], [ -71.95561, -38.79693 ], [ -71.95585, -38.79695 ], [ -71.95643, -38.79726 ], [ -71.95733, -38.79724 ], [ -71.95764, -38.79713 ], [ -71.95805, -38.7967 ], [ -71.95833, -38.79664 ], [ -71.95913, -38.79683 ], [ -71.96, -38.79747 ], [ -71.96029, -38.79754 ], [ -71.96146, -38.79707 ], [ -71.96263, -38.7968 ], [ -71.96382, -38.79679 ], [ -71.96494, -38.79711 ], [ -71.96625, -38.79722 ], [ -71.96714, -38.79707 ], [ -71.96826, -38.79658 ], [ -71.96872, -38.79651 ], [ -71.96905, -38.79664 ], [ -71.96935, -38.79712 ], [ -71.96976, -38.79753 ], [ -71.97055, -38.79794 ], [ -71.97163, -38.79815 ], [ -71.9719, -38.79834 ], [ -71.97231, -38.79892 ], [ -71.97258, -38.79902 ], [ -71.97338, -38.79904 ], [ -71.97429, -38.79884 ], [ -71.97471, -38.79895 ], [ -71.97501, -38.79925 ], [ -71.97596, -38.79955 ], [ -71.9774, -38.79948 ], [ -71.97759, -38.79955 ], [ -71.97767, -38.79983 ], [ -71.97783, -38.79999 ], [ -71.97903, -38.80062 ], [ -71.98035, -38.80091 ], [ -71.98171, -38.80103 ], [ -71.98227, -38.8015 ], [ -71.98339, -38.80204 ], [ -71.98456, -38.80274 ], [ -71.98517, -38.80294 ], [ -71.98552, -38.80292 ], [ -71.9859, -38.8026 ], [ -71.98649, -38.80245 ], [ -71.98671, -38.80255 ], [ -71.98701, -38.8029 ], [ -71.9877, -38.80331 ], [ -71.98987, -38.80398 ], [ -71.99053, -38.80427 ], [ -71.99235, -38.80445 ], [ -71.99262, -38.80463 ], [ -71.99292, -38.80518 ], [ -71.99317, -38.80532 ], [ -71.99458, -38.80541 ], [ -71.99582, -38.80494 ], [ -71.99637, -38.805 ], [ -71.99728, -38.80545 ], [ -71.99809, -38.80616 ], [ -71.99855, -38.80641 ], [ -71.99966, -38.8065 ], [ -72.00044, -38.80647 ], [ -72.00167, -38.80601 ], [ -72.00213, -38.80611 ], [ -72.0028, -38.80648 ], [ -72.00357, -38.80666 ], [ -72.00465, -38.80666 ], [ -72.00517, -38.80692 ], [ -72.00574, -38.80769 ], [ -72.00622, -38.8081 ], [ -72.00688, -38.80838 ], [ -72.00782, -38.8086 ], [ -72.00878, -38.80854 ], [ -72.00978, -38.8082 ], [ -72.01022, -38.80769 ], [ -72.01051, -38.8071 ], [ -72.0113, -38.80654 ], [ -72.01208, -38.80666 ], [ -72.01465, -38.80748 ], [ -72.01534, -38.80755 ], [ -72.01653, -38.80718 ], [ -72.01715, -38.80713 ], [ -72.01797, -38.80691 ], [ -72.01838, -38.80709 ], [ -72.01903, -38.80764 ], [ -72.01978, -38.80807 ], [ -72.02027, -38.80815 ], [ -72.02144, -38.80815 ], [ -72.02154, -38.80817 ], [ -72.02195, -38.80865 ], [ -72.02225, -38.80876 ], [ -72.02279, -38.80886 ], [ -72.02335, -38.80907 ], [ -72.02426, -38.80909 ], [ -72.02491, -38.80931 ], [ -72.02542, -38.80983 ], [ -72.02593, -38.81082 ], [ -72.0264, -38.81117 ], [ -72.02677, -38.81128 ], [ -72.02757, -38.81133 ], [ -72.02797, -38.81119 ], [ -72.02826, -38.8109 ], [ -72.02903, -38.81088 ], [ -72.02957, -38.81118 ], [ -72.03009, -38.81124 ], [ -72.03079, -38.81151 ], [ -72.03148, -38.81201 ], [ -72.03196, -38.81266 ], [ -72.03267, -38.8131 ], [ -72.03412, -38.81429 ], [ -72.03454, -38.81516 ], [ -72.03477, -38.81538 ], [ -72.03503, -38.81542 ], [ -72.03524, -38.81535 ], [ -72.03568, -38.81484 ], [ -72.03585, -38.81483 ], [ -72.03732, -38.81552 ], [ -72.03817, -38.81578 ], [ -72.0387, -38.81613 ], [ -72.03915, -38.81665 ], [ -72.0392, -38.81692 ], [ -72.03899, -38.81728 ], [ -72.03903, -38.81753 ], [ -72.03984, -38.81763 ], [ -72.04007, -38.81784 ], [ -72.04018, -38.81824 ], [ -72.04032, -38.81837 ], [ -72.04054, -38.81842 ], [ -72.04078, -38.81828 ], [ -72.04106, -38.81835 ], [ -72.04173, -38.81893 ], [ -72.04299, -38.81912 ], [ -72.04372, -38.81944 ], [ -72.04389, -38.81967 ], [ -72.04434, -38.82084 ], [ -72.04472, -38.82127 ], [ -72.04546, -38.82148 ], [ -72.04715, -38.82128 ], [ -72.04734, -38.82139 ], [ -72.0475, -38.82202 ], [ -72.04801, -38.82272 ], [ -72.04986, -38.82363 ], [ -72.05149, -38.82378 ], [ -72.05209, -38.82403 ], [ -72.0535, -38.82405 ], [ -72.05379, -38.82414 ], [ -72.0542, -38.82443 ], [ -72.05459, -38.82454 ], [ -72.05474, -38.82467 ], [ -72.05513, -38.82522 ], [ -72.05534, -38.82575 ], [ -72.05566, -38.82614 ], [ -72.05775, -38.82717 ], [ -72.05848, -38.8272 ], [ -72.05896, -38.82672 ], [ -72.05929, -38.82658 ], [ -72.05989, -38.82662 ], [ -72.06077, -38.82687 ], [ -72.06112, -38.82686 ], [ -72.06157, -38.82673 ], [ -72.0618, -38.82636 ], [ -72.06197, -38.82624 ], [ -72.06241, -38.8262 ], [ -72.06261, -38.82629 ], [ -72.06306, -38.8272 ], [ -72.06351, -38.82742 ], [ -72.06524, -38.82747 ], [ -72.06535, -38.82738 ], [ -72.06533, -38.8272 ], [ -72.06565, -38.827 ], [ -72.06675, -38.82679 ], [ -72.06732, -38.82706 ], [ -72.06823, -38.82783 ], [ -72.06873, -38.82798 ], [ -72.06885, -38.82789 ], [ -72.06875, -38.82747 ], [ -72.06884, -38.8273 ], [ -72.06912, -38.82716 ], [ -72.06961, -38.82711 ], [ -72.06989, -38.82728 ], [ -72.07036, -38.82782 ], [ -72.07098, -38.82826 ], [ -72.07101, -38.82845 ], [ -72.07059, -38.82876 ], [ -72.07046, -38.829 ], [ -72.07047, -38.82919 ], [ -72.07071, -38.8293 ], [ -72.07211, -38.82929 ], [ -72.07286, -38.82916 ], [ -72.0735, -38.82886 ], [ -72.07438, -38.82797 ], [ -72.07484, -38.82783 ], [ -72.07591, -38.82775 ], [ -72.07631, -38.82787 ], [ -72.07667, -38.82813 ], [ -72.07694, -38.82819 ], [ -72.07789, -38.82796 ], [ -72.07884, -38.82793 ], [ -72.07939, -38.82762 ], [ -72.08008, -38.82688 ], [ -72.08066, -38.82657 ], [ -72.0811, -38.82658 ], [ -72.08196, -38.82684 ], [ -72.08248, -38.82689 ], [ -72.08358, -38.82662 ], [ -72.08426, -38.82656 ], [ -72.08457, -38.82669 ], [ -72.08521, -38.82729 ], [ -72.08592, -38.82751 ], [ -72.08631, -38.82748 ], [ -72.08719, -38.82703 ], [ -72.08737, -38.82682 ], [ -72.08739, -38.82669 ], [ -72.08734, -38.82642 ], [ -72.08709, -38.82596 ], [ -72.08605, -38.82506 ], [ -72.08602, -38.82489 ], [ -72.08625, -38.82461 ], [ -72.08717, -38.82422 ], [ -72.08806, -38.82339 ], [ -72.08857, -38.8231 ], [ -72.09052, -38.82252 ], [ -72.091, -38.82249 ], [ -72.09156, -38.82257 ], [ -72.093, -38.82305 ], [ -72.09341, -38.82309 ], [ -72.09368, -38.82302 ], [ -72.09388, -38.82286 ], [ -72.09393, -38.8226 ], [ -72.0934, -38.82176 ], [ -72.09329, -38.82131 ], [ -72.09345, -38.82098 ], [ -72.09378, -38.82079 ], [ -72.09432, -38.82079 ], [ -72.0947, -38.82091 ], [ -72.09695, -38.8221 ], [ -72.09841, -38.82271 ], [ -72.09871, -38.82276 ], [ -72.09892, -38.82277 ], [ -72.09922, -38.82262 ], [ -72.09926, -38.82196 ], [ -72.09951, -38.82169 ], [ -72.10015, -38.82142 ], [ -72.10063, -38.82144 ], [ -72.10113, -38.8216 ], [ -72.10135, -38.82176 ], [ -72.10138, -38.82216 ], [ -72.10129, -38.82285 ], [ -72.10145, -38.82319 ], [ -72.1018, -38.82349 ], [ -72.10238, -38.8235 ], [ -72.10359, -38.82313 ], [ -72.10556, -38.82369 ], [ -72.10643, -38.82355 ], [ -72.10707, -38.82361 ], [ -72.10857, -38.82432 ], [ -72.10934, -38.82438 ], [ -72.10965, -38.82432 ], [ -72.11022, -38.82397 ], [ -72.11077, -38.82316 ], [ -72.11109, -38.82289 ], [ -72.11131, -38.82283 ], [ -72.11327, -38.82309 ], [ -72.11472, -38.82292 ], [ -72.11549, -38.82303 ], [ -72.11623, -38.82325 ], [ -72.11728, -38.82328 ], [ -72.1185, -38.82299 ], [ -72.11979, -38.82243 ], [ -72.12025, -38.82232 ], [ -72.12074, -38.82237 ], [ -72.12154, -38.82299 ], [ -72.1221, -38.82313 ], [ -72.12222, -38.82312 ], [ -72.12249, -38.82285 ], [ -72.12335, -38.8227 ], [ -72.12464, -38.82265 ], [ -72.12585, -38.82278 ], [ -72.12708, -38.8228 ], [ -72.12786, -38.82262 ], [ -72.12802, -38.82201 ], [ -72.12825, -38.82185 ], [ -72.12887, -38.82187 ], [ -72.12965, -38.82204 ], [ -72.12993, -38.822 ], [ -72.12998, -38.82184 ], [ -72.12969, -38.82121 ], [ -72.12966, -38.82096 ], [ -72.12975, -38.82083 ], [ -72.12996, -38.82074 ], [ -72.13345, -38.82058 ], [ -72.13575, -38.82093 ], [ -72.13623, -38.82091 ], [ -72.13661, -38.82079 ], [ -72.13683, -38.82058 ], [ -72.13604, -38.82009 ], [ -72.13584, -38.81989 ], [ -72.13584, -38.81978 ], [ -72.13669, -38.81865 ], [ -72.13756, -38.81807 ], [ -72.13957, -38.81718 ], [ -72.14005, -38.81669 ] ] } },
{ "type": "Feature", "properties": { "osm_id": 1461458696, "nombre": "Sin nombre", "tipo": "stream", "volcan_codigo": "SOL", "volcan_nombre": "Sollipulli", "drena_volcan": false }, "geometry": { "type": "LineString", "coordinates": [ [ -71.88228, -38.82164 ], [ -71.88266, -38.82136 ], [ -71.88299, -38.82095 ], [ -71.88392, -38.82051 ], [ -71.88508, -38.82016 ], [ -71.88571, -38.81969 ], [ -71.88703, -38.81919 ], [ -71.88794, -38.81849 ], [ -71.88908, -38.81804 ], [ -71.88981, -38.81753 ], [ -71.89034, -38.8174 ], [ -71.89199, -38.81748 ], [ -71.89222, -38.81742 ], [ -71.89258, -38.81713 ], [ -71.89317, -38.81692 ], [ -71.89328, -38.81686 ], [ -71.89337, -38.81664 ], [ -71.89331, -38.81597 ], [ -71.89338, -38.81578 ], [ -71.8939, -38.81531 ], [ -71.89494, -38.81483 ], [ -71.89508, -38.81467 ], [ -71.8952, -38.81426 ], [ -71.89563, -38.81399 ], [ -71.89658, -38.81406 ], [ -71.8974, -38.81372 ], [ -71.8978, -38.81347 ], [ -71.89924, -38.8134 ], [ -71.89954, -38.81333 ], [ -71.89989, -38.81302 ], [ -71.90013, -38.81292 ], [ -71.90091, -38.81287 ], [ -71.90183, -38.81305 ], [ -71.90207, -38.81332 ], [ -71.90203, -38.81363 ], [ -71.90233, -38.81392 ], [ -71.90245, -38.81434 ], [ -71.90272, -38.81442 ], [ -71.90339, -38.81423 ], [ -71.90359, -38.81397 ], [ -71.90363, -38.81361 ], [ -71.90391, -38.81337 ], [ -71.90525, -38.81298 ], [ -71.90585, -38.81288 ], [ -71.90626, -38.81262 ], [ -71.90701, -38.81243 ], [ -71.90752, -38.8122 ], [ -71.90807, -38.81181 ], [ -71.90888, -38.81144 ], [ -71.90915, -38.81143 ], [ -71.90972, -38.81175 ], [ -71.90997, -38.81176 ], [ -71.91062, -38.81146 ], [ -71.91142, -38.81081 ], [ -71.91184, -38.8107 ], [ -71.91317, -38.81101 ], [ -71.91421, -38.81098 ], [ -71.9151, -38.81108 ], [ -71.91545, -38.81075 ], [ -71.91574, -38.80998 ], [ -71.91574, -38.80962 ], [ -71.91544, -38.80884 ], [ -71.91543, -38.80863 ], [ -71.91581, -38.80786 ], [ -71.91607, -38.80765 ], [ -71.91691, -38.80739 ], [ -71.91802, -38.80734 ], [ -71.91908, -38.80681 ], [ -71.92033, -38.80663 ], [ -71.92321, -38.80684 ], [ -71.92373, -38.80651 ], [ -71.92468, -38.80609 ], [ -71.92491, -38.8059 ], [ -71.92532, -38.80509 ], [ -71.9258, -38.80455 ], [ -71.92621, -38.80427 ], [ -71.92671, -38.80369 ], [ -71.92714, -38.80349 ], [ -71.92814, -38.80363 ], [ -71.92863, -38.80358 ], [ -71.92934, -38.80335 ], [ -71.92952, -38.80322 ], [ -71.92978, -38.80285 ], [ -71.93002, -38.80241 ], [ -71.93017, -38.80178 ], [ -71.93032, -38.80161 ], [ -71.9308, -38.80151 ], [ -71.93137, -38.80116 ], [ -71.93191, -38.80101 ], [ -71.93245, -38.80054 ], [ -71.93361, -38.80057 ], [ -71.93451, -38.79981 ], [ -71.93495, -38.79979 ], [ -71.93551, -38.80002 ], [ -71.93601, -38.79994 ], [ -71.93688, -38.79915 ], [ -71.9376, -38.79905 ], [ -71.93817, -38.79881 ], [ -71.93878, -38.79868 ], [ -71.93937, -38.79865 ], [ -71.9399, -38.79878 ], [ -71.94058, -38.79907 ], [ -71.94125, -38.79907 ], [ -71.94211, -38.79874 ], [ -71.94224, -38.7985 ], [ -71.9422, -38.79803 ], [ -71.94246, -38.79766 ], [ -71.94265, -38.7976 ] ] } },
{ "type": "Feature", "properties": { "osm_id": 1462753045, "nombre": "Sin nombre", "tipo": "stream", "volcan_codigo": "SOL", "volcan_nombre": "Sollipulli", "drena_volcan": false }, "geometry": { "type": "LineString", "coordinates": [ [ -71.71069, -39.30026 ], [ -71.71098, -39.30045 ], [ -71.71152, -39.30047 ], [ -71.71192, -39.30035 ], [ -71.71352, -39.30016 ], [ -71.714, -39.29994 ], [ -71.71417, -39.29962 ], [ -71.7145, -39.2995 ], [ -71.71646, -39.29942 ], [ -71.71694, -39.29963 ], [ -71.71887, -39.29928 ], [ -71.71984, -39.29933 ], [ -71.72142, -39.29986 ], [ -71.72214, -39.29985 ], [ -71.72302, -39.29958 ], [ -71.72334, -39.29868 ], [ -71.72417, -39.2984 ], [ -71.72463, -39.29837 ], [ -71.72489, -39.29844 ], [ -71.72498, -39.29855 ], [ -71.72502, -39.29895 ], [ -71.72518, -39.29907 ], [ -71.7255, -39.2991 ], [ -71.72615, -39.29899 ], [ -71.72656, -39.29962 ], [ -71.72679, -39.29965 ], [ -71.72868, -39.29961 ], [ -71.73191, -39.29889 ], [ -71.73243, -39.29893 ], [ -71.73456, -39.29868 ], [ -71.73483, -39.29859 ], [ -71.73508, -39.29826 ], [ -71.73603, -39.29796 ], [ -71.73649, -39.29811 ], [ -71.73687, -39.29814 ], [ -71.73732, -39.29841 ], [ -71.73935, -39.29852 ], [ -71.73993, -39.29887 ], [ -71.74109, -39.29871 ], [ -71.74158, -39.29847 ], [ -71.74321, -39.29826 ], [ -71.74491, -39.2976 ], [ -71.7451, -39.29739 ], [ -71.74536, -39.29688 ], [ -71.74561, -39.29679 ], [ -71.74593, -39.29692 ], [ -71.746, -39.29714 ], [ -71.74634, -39.2975 ], [ -71.74665, -39.29764 ], [ -71.74751, -39.29717 ], [ -71.74898, -39.29703 ], [ -71.74932, -39.29676 ], [ -71.74998, -39.29662 ], [ -71.751, -39.29679 ], [ -71.75137, -39.29677 ], [ -71.7519, -39.2961 ], [ -71.75215, -39.29592 ], [ -71.75276, -39.29588 ], [ -71.75307, -39.29578 ], [ -71.75342, -39.29547 ], [ -71.75394, -39.29411 ], [ -71.75432, -39.2939 ], [ -71.75423, -39.29376 ], [ -71.75438, -39.29343 ], [ -71.75474, -39.29321 ], [ -71.75554, -39.29297 ], [ -71.75654, -39.29296 ], [ -71.75716, -39.29258 ], [ -71.75751, -39.29255 ], [ -71.75782, -39.29222 ], [ -71.75823, -39.29207 ], [ -71.75927, -39.29188 ], [ -71.75972, -39.29157 ], [ -71.76054, -39.2915 ], [ -71.76118, -39.29129 ], [ -71.76191, -39.29127 ], [ -71.7622, -39.29097 ], [ -71.76378, -39.29063 ], [ -71.76412, -39.29025 ], [ -71.76499, -39.29042 ], [ -71.76627, -39.29088 ], [ -71.76708, -39.29097 ], [ -71.76744, -39.29087 ], [ -71.76768, -39.29054 ], [ -71.76803, -39.29031 ], [ -71.76899, -39.29019 ], [ -71.76942, -39.29035 ], [ -71.7701, -39.2909 ], [ -71.77056, -39.29098 ], [ -71.77084, -39.29091 ], [ -71.77144, -39.29038 ], [ -71.77246, -39.28974 ], [ -71.77272, -39.28972 ], [ -71.77276, -39.29031 ], [ -71.77307, -39.29035 ], [ -71.77365, -39.29004 ], [ -71.77423, -39.29007 ], [ -71.77464, -39.29028 ], [ -71.77509, -39.29024 ], [ -71.77603, -39.28949 ], [ -71.77602, -39.2889 ], [ -71.77708, -39.28891 ], [ -71.77773, -39.28845 ], [ -71.77837, -39.28777 ], [ -71.77863, -39.2872 ], [ -71.77856, -39.2865 ], [ -71.77845, -39.28624 ], [ -71.77827, -39.28602 ], [ -71.77759, -39.28572 ], [ -71.77689, -39.28522 ], [ -71.77688, -39.28462 ], [ -71.77631, -39.28417 ], [ -71.77599, -39.28401 ], [ -71.77591, -39.28382 ], [ -71.77702, -39.28398 ], [ -71.77735, -39.28395 ], [ -71.77758, -39.2838 ], [ -71.77738, -39.28276 ], [ -71.77777, -39.28235 ], [ -71.7791, -39.28189 ], [ -71.78088, -39.2811 ], [ -71.78231, -39.28061 ], [ -71.78282, -39.28023 ], [ -71.78273, -39.27985 ], [ -71.78355, -39.27923 ], [ -71.78371, -39.27882 ], [ -71.78384, -39.27799 ], [ -71.78408, -39.27726 ], [ -71.78441, -39.27687 ], [ -71.78437, -39.2766 ], [ -71.78337, -39.27654 ], [ -71.78296, -39.27618 ], [ -71.78283, -39.27593 ], [ -71.78288, -39.27573 ], [ -71.7827, -39.2753 ], [ -71.78275, -39.275 ], [ -71.78269, -39.27468 ], [ -71.78334, -39.27405 ], [ -71.78386, -39.27334 ], [ -71.7845, -39.27217 ], [ -71.78346, -39.27102 ], [ -71.78354, -39.27009 ], [ -71.78367, -39.26977 ], [ -71.7836, -39.26933 ], [ -71.78368, -39.26829 ], [ -71.7842, -39.26729 ], [ -71.784, -39.26676 ], [ -71.78402, -39.26663 ], [ -71.78461, -39.26639 ], [ -71.78541, -39.26643 ], [ -71.7857, -39.26621 ], [ -71.78577, -39.26608 ], [ -71.78551, -39.26427 ], [ -71.78585, -39.26249 ], [ -71.78539, -39.26165 ], [ -71.78541, -39.26126 ], [ -71.78581, -39.26093 ], [ -71.78603, -39.26054 ], [ -71.78614, -39.26015 ], [ -71.78661, -39.25958 ], [ -71.78659, -39.25917 ], [ -71.78697, -39.25882 ], [ -71.78774, -39.25837 ] ] } },
{ "type": "Feature", "properties": { "osm_id": 1462753046, "nombre": "Sin nombre", "tipo": "stream", "volcan_codigo": "SOL", "volcan_nombre": "Sollipulli", "drena_volcan": false }, "geometry": { "type": "LineString", "coordinates": [ [ -71.71053, -39.30009 ], [ -71.71069, -39.30026 ] ] } },
{ "type": "Feature", "properties": { "osm_id": 1462753050, "nombre": "Sin nombre", "tipo": "stream", "volcan_codigo": "SOL", "volcan_nombre": "Sollipulli", "drena_volcan": false }, "geometry": { "type": "LineString", "coordinates": [ [ -71.43965, -39.04512 ], [ -71.43997, -39.04456 ], [ -71.44063, -39.04395 ], [ -71.44079, -39.04356 ], [ -71.44128, -39.04334 ], [ -71.44142, -39.04306 ], [ -71.44187, -39.04275 ], [ -71.44212, -39.04238 ], [ -71.4421, -39.04206 ], [ -71.44222, -39.04179 ], [ -71.44268, -39.04154 ], [ -71.44294, -39.04109 ], [ -71.44379, -39.0407 ], [ -71.44427, -39.04064 ], [ -71.44447, -39.04045 ], [ -71.44481, -39.04033 ], [ -71.44541, -39.03978 ], [ -71.4456, -39.03947 ], [ -71.44559, -39.03889 ], [ -71.44535, -39.03854 ], [ -71.44538, -39.03815 ], [ -71.44571, -39.03751 ], [ -71.44561, -39.03725 ], [ -71.44561, -39.03653 ], [ -71.4455, -39.03627 ], [ -71.44558, -39.03598 ], [ -71.44548, -39.03549 ], [ -71.44555, -39.03526 ], [ -71.44552, -39.03501 ], [ -71.44567, -39.03469 ], [ -71.44603, -39.03446 ], [ -71.44638, -39.03376 ], [ -71.44667, -39.03346 ], [ -71.44686, -39.03313 ], [ -71.44704, -39.0325 ], [ -71.44673, -39.03206 ], [ -71.44675, -39.03174 ], [ -71.44719, -39.0311 ], [ -71.4473, -39.0308 ], [ -71.44757, -39.03053 ], [ -71.44754, -39.03008 ], [ -71.44761, -39.02983 ], [ -71.44787, -39.02933 ], [ -71.44837, -39.02885 ], [ -71.44837, -39.02839 ], [ -71.44866, -39.02801 ], [ -71.44878, -39.02763 ], [ -71.44914, -39.02734 ], [ -71.44965, -39.02724 ], [ -71.45018, -39.02689 ], [ -71.45035, -39.02638 ], [ -71.4511, -39.02557 ], [ -71.45139, -39.0251 ], [ -71.4525, -39.02439 ], [ -71.45311, -39.0237 ], [ -71.45401, -39.02293 ], [ -71.45472, -39.02254 ], [ -71.45551, -39.0226 ], [ -71.45596, -39.02246 ], [ -71.45668, -39.02123 ], [ -71.45731, -39.02087 ], [ -71.45748, -39.02064 ], [ -71.45782, -39.02047 ], [ -71.45841, -39.01997 ], [ -71.45884, -39.01917 ], [ -71.45928, -39.01901 ], [ -71.45939, -39.01876 ], [ -71.45988, -39.01849 ] ] } },
{ "type": "Feature", "properties": { "osm_id": 1462753051, "nombre": "Sin nombre", "tipo": "stream", "volcan_codigo": "SOL", "volcan_nombre": "Sollipulli", "drena_volcan": false }, "geometry": { "type": "LineString", "coordinates": [ [ -71.38603, -39.26812 ], [ -71.38538, -39.26883 ], [ -71.38458, -39.26927 ], [ -71.38443, -39.26959 ], [ -71.38414, -39.26991 ], [ -71.38398, -39.27028 ], [ -71.38371, -39.27059 ], [ -71.38356, -39.27105 ], [ -71.38329, -39.27126 ], [ -71.38302, -39.27203 ], [ -71.3821, -39.27296 ], [ -71.38181, -39.27373 ], [ -71.38199, -39.27406 ], [ -71.38188, -39.27423 ], [ -71.38153, -39.27444 ], [ -71.3816, -39.27467 ], [ -71.38128, -39.27487 ], [ -71.38138, -39.27503 ], [ -71.38132, -39.27534 ], [ -71.38145, -39.27566 ], [ -71.38146, -39.27624 ], [ -71.38171, -39.27658 ], [ -71.38152, -39.27713 ], [ -71.38156, -39.27789 ], [ -71.38183, -39.27843 ], [ -71.38235, -39.27991 ], [ -71.3826, -39.28012 ], [ -71.38282, -39.28017 ], [ -71.38319, -39.28012 ], [ -71.38396, -39.2797 ], [ -71.3846, -39.28003 ], [ -71.38536, -39.27995 ], [ -71.38607, -39.28001 ], [ -71.38639, -39.27987 ], [ -71.38681, -39.2799 ], [ -71.38704, -39.2798 ], [ -71.38745, -39.27939 ], [ -71.38857, -39.27877 ], [ -71.38886, -39.27882 ], [ -71.38918, -39.27905 ], [ -71.38975, -39.27909 ], [ -71.39015, -39.27902 ], [ -71.39053, -39.27913 ], [ -71.39113, -39.27962 ], [ -71.3916, -39.27982 ], [ -71.39247, -39.28064 ], [ -71.39379, -39.28156 ], [ -71.39383, -39.28195 ], [ -71.39428, -39.28251 ], [ -71.39434, -39.28269 ], [ -71.39417, -39.28346 ], [ -71.39465, -39.28378 ], [ -71.39505, -39.28392 ], [ -71.39588, -39.28404 ], [ -71.39732, -39.28407 ], [ -71.39779, -39.2844 ], [ -71.39835, -39.28455 ], [ -71.39913, -39.285 ], [ -71.40005, -39.28505 ], [ -71.40097, -39.28521 ], [ -71.40215, -39.28564 ], [ -71.40235, -39.28603 ], [ -71.40252, -39.28697 ], [ -71.40231, -39.28758 ], [ -71.4023, -39.2882 ], [ -71.40211, -39.28885 ], [ -71.40212, -39.28916 ], [ -71.40226, -39.28949 ], [ -71.40256, -39.28982 ], [ -71.40396, -39.29079 ], [ -71.40427, -39.29156 ], [ -71.40416, -39.29205 ], [ -71.40437, -39.29248 ], [ -71.40451, -39.29305 ], [ -71.40468, -39.2933 ], [ -71.40511, -39.29363 ], [ -71.40532, -39.29402 ], [ -71.40579, -39.29437 ], [ -71.40582, -39.29517 ], [ -71.40597, -39.2957 ], [ -71.40662, -39.29609 ], [ -71.40705, -39.29656 ], [ -71.40749, -39.29667 ], [ -71.40793, -39.29774 ], [ -71.40843, -39.29812 ], [ -71.40865, -39.29844 ], [ -71.40925, -39.29877 ], [ -71.40964, -39.29924 ], [ -71.40994, -39.30006 ], [ -71.4106, -39.30091 ], [ -71.41062, -39.30109 ], [ -71.41049, -39.30152 ], [ -71.41076, -39.3023 ], [ -71.41105, -39.30263 ], [ -71.41102, -39.303 ], [ -71.41113, -39.30326 ], [ -71.41176, -39.30349 ], [ -71.41195, -39.30367 ], [ -71.4122, -39.30423 ], [ -71.41291, -39.30473 ], [ -71.41312, -39.305 ], [ -71.41366, -39.30516 ], [ -71.41408, -39.30553 ], [ -71.41484, -39.30561 ], [ -71.41554, -39.30543 ] ] } },
{ "type": "Feature", "properties": { "osm_id": 1463388009, "nombre": "Sin nombre", "tipo": "stream", "volcan_codigo": "SOL", "volcan_nombre": "Sollipulli", "drena_volcan": false }, "geometry": { "type": "LineString", "coordinates": [ [ -71.76021, -39.0663 ], [ -71.76089, -39.06665 ], [ -71.76094, -39.06708 ], [ -71.76163, -39.06714 ], [ -71.7618, -39.06735 ], [ -71.76201, -39.06733 ], [ -71.76208, -39.06746 ], [ -71.76243, -39.06754 ], [ -71.76246, -39.06789 ], [ -71.76257, -39.06801 ], [ -71.76285, -39.068 ], [ -71.763, -39.06836 ], [ -71.76266, -39.06875 ], [ -71.76264, -39.06902 ], [ -71.76244, -39.06917 ], [ -71.76249, -39.06933 ], [ -71.762, -39.06971 ], [ -71.76209, -39.06988 ], [ -71.76206, -39.07007 ], [ -71.76185, -39.07026 ], [ -71.7618, -39.07061 ], [ -71.76133, -39.07132 ], [ -71.76087, -39.07176 ], [ -71.76067, -39.0723 ] ] } },
{ "type": "Feature", "properties": { "osm_id": 1463388015, "nombre": "Sin nombre", "tipo": "stream", "volcan_codigo": "SOL", "volcan_nombre": "Sollipulli", "drena_volcan": false }, "geometry": { "type": "LineString", "coordinates": [ [ -71.40328, -38.82999 ], [ -71.40346, -38.82967 ], [ -71.40397, -38.82919 ], [ -71.40445, -38.82852 ], [ -71.40546, -38.82792 ], [ -71.40554, -38.82764 ], [ -71.40543, -38.82738 ], [ -71.40544, -38.82718 ], [ -71.40599, -38.82619 ], [ -71.40634, -38.82578 ], [ -71.40796, -38.82448 ], [ -71.40883, -38.82416 ], [ -71.41011, -38.82387 ], [ -71.41241, -38.82377 ], [ -71.41296, -38.82357 ], [ -71.41372, -38.82354 ], [ -71.41486, -38.82335 ], [ -71.4162, -38.82335 ], [ -71.41747, -38.82303 ], [ -71.41824, -38.82294 ], [ -71.4187, -38.82274 ], [ -71.41909, -38.82276 ], [ -71.41965, -38.82299 ], [ -71.42045, -38.82349 ], [ -71.421, -38.82412 ], [ -71.42151, -38.82429 ], [ -71.42183, -38.82456 ], [ -71.42224, -38.82466 ], [ -71.42254, -38.82491 ], [ -71.42289, -38.825 ], [ -71.42369, -38.82499 ], [ -71.42431, -38.82553 ], [ -71.42502, -38.82573 ], [ -71.4255, -38.82567 ] ] } },
{ "type": "Feature", "properties": { "osm_id": 1465376347, "nombre": "Sin nombre", "tipo": "stream", "volcan_codigo": "SOL", "volcan_nombre": "Sollipulli", "drena_volcan": false }, "geometry": { "type": "LineString", "coordinates": [ [ -71.89126, -38.66919 ], [ -71.89168, -38.66926 ], [ -71.89277, -38.66978 ], [ -71.89314, -38.67028 ], [ -71.89334, -38.67075 ], [ -71.89399, -38.67121 ], [ -71.89418, -38.67154 ], [ -71.89478, -38.67213 ], [ -71.89533, -38.67235 ], [ -71.89599, -38.67239 ], [ -71.89649, -38.67251 ], [ -71.89699, -38.67291 ], [ -71.89764, -38.67367 ], [ -71.89843, -38.67407 ], [ -71.89867, -38.67428 ], [ -71.89942, -38.67453 ], [ -71.89963, -38.67476 ], [ -71.89961, -38.67518 ], [ -71.89973, -38.67543 ], [ -71.89998, -38.67555 ], [ -71.90088, -38.6754 ], [ -71.90186, -38.67486 ], [ -71.90293, -38.67458 ], [ -71.90332, -38.67468 ], [ -71.90393, -38.67514 ], [ -71.90455, -38.67537 ], [ -71.90538, -38.67512 ], [ -71.90613, -38.67506 ], [ -71.90734, -38.67526 ], [ -71.90809, -38.67527 ], [ -71.90913, -38.67491 ], [ -71.90994, -38.67485 ], [ -71.91108, -38.67429 ], [ -71.91295, -38.67396 ], [ -71.9139, -38.67369 ], [ -71.91445, -38.67347 ], [ -71.91536, -38.6727 ], [ -71.91571, -38.67257 ], [ -71.91705, -38.67257 ], [ -71.91749, -38.6727 ], [ -71.9182, -38.67312 ], [ -71.9187, -38.67317 ], [ -71.92029, -38.67296 ], [ -71.92266, -38.6725 ], [ -71.9237, -38.67212 ], [ -71.92449, -38.67202 ], [ -71.9258, -38.67229 ], [ -71.92677, -38.67223 ], [ -71.92736, -38.67239 ], [ -71.92848, -38.67284 ], [ -71.92965, -38.67298 ], [ -71.9303, -38.67314 ], [ -71.93118, -38.67353 ], [ -71.93326, -38.67407 ], [ -71.93425, -38.67459 ], [ -71.93509, -38.67485 ], [ -71.93556, -38.67517 ], [ -71.93621, -38.6754 ], [ -71.93684, -38.67574 ], [ -71.93848, -38.67625 ], [ -71.93956, -38.67639 ], [ -71.94161, -38.67635 ], [ -71.94327, -38.67678 ], [ -71.94349, -38.67676 ], [ -71.94401, -38.67649 ] ] } },
{ "type": "Feature", "properties": { "osm_id": 1465448130, "nombre": "Sin nombre", "tipo": "stream", "volcan_codigo": "SOL", "volcan_nombre": "Sollipulli", "drena_volcan": false }, "geometry": { "type": "LineString", "coordinates": [ [ -71.61636, -38.71001 ], [ -71.61665, -38.71043 ], [ -71.61699, -38.71072 ], [ -71.61705, -38.71103 ], [ -71.61723, -38.71129 ], [ -71.61722, -38.71159 ], [ -71.61741, -38.71174 ] ] } },
{ "type": "Feature", "properties": { "osm_id": 1465448131, "nombre": "Sin nombre", "tipo": "stream", "volcan_codigo": "SOL", "volcan_nombre": "Sollipulli", "drena_volcan": false }, "geometry": { "type": "LineString", "coordinates": [ [ -71.61741, -38.71174 ], [ -71.61809, -38.71188 ], [ -71.6187, -38.71212 ], [ -71.61872, -38.7122 ], [ -71.61847, -38.71246 ], [ -71.61821, -38.71309 ], [ -71.61819, -38.71364 ], [ -71.61854, -38.71393 ], [ -71.61886, -38.7147 ], [ -71.61925, -38.71492 ], [ -71.61935, -38.71546 ], [ -71.61981, -38.71597 ], [ -71.61976, -38.71641 ], [ -71.62008, -38.71686 ], [ -71.62059, -38.71704 ], [ -71.62081, -38.7176 ], [ -71.62107, -38.71761 ], [ -71.62114, -38.71732 ], [ -71.62123, -38.71723 ], [ -71.6214, -38.71722 ], [ -71.62152, -38.71745 ], [ -71.62206, -38.71798 ], [ -71.62242, -38.71806 ], [ -71.62293, -38.71797 ], [ -71.62338, -38.71815 ], [ -71.62357, -38.71847 ], [ -71.62359, -38.7189 ], [ -71.62397, -38.71915 ], [ -71.62438, -38.71925 ], [ -71.6246, -38.71944 ], [ -71.62467, -38.71985 ], [ -71.62437, -38.7202 ], [ -71.6239, -38.72159 ], [ -71.62409, -38.72217 ], [ -71.62462, -38.72262 ], [ -71.62472, -38.72283 ], [ -71.62474, -38.72299 ], [ -71.62457, -38.72321 ], [ -71.62459, -38.7233 ], [ -71.62512, -38.72339 ], [ -71.6253, -38.72359 ], [ -71.62544, -38.72462 ], [ -71.62531, -38.72486 ], [ -71.62475, -38.72527 ], [ -71.62465, -38.72554 ], [ -71.625, -38.72583 ], [ -71.62508, -38.72612 ], [ -71.62516, -38.72616 ], [ -71.62586, -38.72609 ], [ -71.62606, -38.72626 ], [ -71.62619, -38.72675 ], [ -71.62591, -38.7271 ], [ -71.62581, -38.72736 ] ] } },
{ "type": "Feature", "properties": { "osm_id": 1465448132, "nombre": "Sin nombre", "tipo": "stream", "volcan_codigo": "SOL", "volcan_nombre": "Sollipulli", "drena_volcan": false }, "geometry": { "type": "LineString", "coordinates": [ [ -71.61991, -38.70303 ], [ -71.62014, -38.70331 ], [ -71.62009, -38.70355 ], [ -71.62015, -38.70388 ], [ -71.62043, -38.70426 ], [ -71.62059, -38.70466 ], [ -71.62035, -38.70529 ], [ -71.62051, -38.70582 ], [ -71.62045, -38.70654 ], [ -71.62034, -38.70681 ], [ -71.62037, -38.70716 ], [ -71.62017, -38.7076 ], [ -71.61984, -38.70802 ], [ -71.62004, -38.70856 ], [ -71.61982, -38.70887 ], [ -71.61952, -38.70903 ], [ -71.61958, -38.70929 ], [ -71.6194, -38.70954 ], [ -71.61938, -38.70983 ], [ -71.61925, -38.71005 ], [ -71.6194, -38.71033 ], [ -71.6191, -38.71055 ], [ -71.619, -38.71086 ], [ -71.61875, -38.71089 ], [ -71.6185, -38.71068 ], [ -71.61838, -38.71069 ], [ -71.61822, -38.71096 ], [ -71.61793, -38.71112 ], [ -71.61748, -38.71153 ], [ -71.61741, -38.71174 ] ] } },
{ "type": "Feature", "properties": { "osm_id": 1465448133, "nombre": "Sin nombre", "tipo": "stream", "volcan_codigo": "SOL", "volcan_nombre": "Sollipulli", "drena_volcan": false }, "geometry": { "type": "LineString", "coordinates": [ [ -71.70817, -38.65895 ], [ -71.70839, -38.65854 ], [ -71.70873, -38.65816 ], [ -71.70864, -38.65696 ], [ -71.70882, -38.65667 ], [ -71.70873, -38.65641 ], [ -71.70886, -38.65584 ], [ -71.70864, -38.65535 ], [ -71.70795, -38.65465 ], [ -71.70707, -38.65346 ], [ -71.70716, -38.65312 ], [ -71.70711, -38.65236 ], [ -71.70718, -38.65195 ], [ -71.70709, -38.65171 ], [ -71.70688, -38.6515 ], [ -71.70685, -38.65129 ], [ -71.70643, -38.65105 ] ] } },
{ "type": "Feature", "properties": { "osm_id": 1465448134, "nombre": "Sin nombre", "tipo": "stream", "volcan_codigo": "SOL", "volcan_nombre": "Sollipulli", "drena_volcan": false }, "geometry": { "type": "LineString", "coordinates": [ [ -71.69921, -38.65746 ], [ -71.69896, -38.65703 ], [ -71.69894, -38.6568 ], [ -71.69905, -38.65653 ], [ -71.69937, -38.65617 ], [ -71.69972, -38.65594 ], [ -71.70045, -38.65575 ], [ -71.70055, -38.65561 ], [ -71.70056, -38.65532 ], [ -71.70101, -38.65483 ], [ -71.70131, -38.6548 ], [ -71.70182, -38.65492 ], [ -71.70204, -38.65486 ], [ -71.70261, -38.65452 ], [ -71.7036, -38.65366 ], [ -71.70425, -38.6534 ], [ -71.70488, -38.65298 ], [ -71.70542, -38.65239 ], [ -71.70635, -38.65184 ], [ -71.70629, -38.65131 ], [ -71.70643, -38.65105 ] ] } },
{ "type": "Feature", "properties": { "osm_id": 1465448135, "nombre": "Sin nombre", "tipo": "stream", "volcan_codigo": "SOL", "volcan_nombre": "Sollipulli", "drena_volcan": false }, "geometry": { "type": "LineString", "coordinates": [ [ -71.70526, -38.64206 ], [ -71.70527, -38.6418 ], [ -71.7054, -38.64171 ], [ -71.70536, -38.64157 ], [ -71.70557, -38.64103 ], [ -71.70618, -38.64068 ], [ -71.70647, -38.64063 ], [ -71.70706, -38.64022 ] ] } },
{ "type": "Feature", "properties": { "osm_id": 1465448136, "nombre": "Sin nombre", "tipo": "stream", "volcan_codigo": "SOL", "volcan_nombre": "Sollipulli", "drena_volcan": false }, "geometry": { "type": "LineString", "coordinates": [ [ -71.70526, -38.64223 ], [ -71.70526, -38.64206 ] ] } },
{ "type": "Feature", "properties": { "osm_id": 1465448137, "nombre": "Sin nombre", "tipo": "stream", "volcan_codigo": "SOL", "volcan_nombre": "Sollipulli", "drena_volcan": false }, "geometry": { "type": "LineString", "coordinates": [ [ -71.70643, -38.65105 ], [ -71.7063, -38.65092 ], [ -71.70632, -38.65054 ], [ -71.70624, -38.65034 ], [ -71.70636, -38.65019 ], [ -71.70632, -38.64994 ], [ -71.70643, -38.64982 ], [ -71.70643, -38.64965 ], [ -71.70683, -38.64927 ], [ -71.70667, -38.6487 ], [ -71.70645, -38.64839 ], [ -71.70652, -38.64814 ], [ -71.70686, -38.64794 ], [ -71.70705, -38.64745 ], [ -71.70685, -38.64668 ], [ -71.70696, -38.64634 ], [ -71.70695, -38.64605 ], [ -71.70679, -38.6458 ], [ -71.70673, -38.64535 ], [ -71.70633, -38.6449 ], [ -71.70628, -38.64432 ], [ -71.70604, -38.64414 ], [ -71.70596, -38.64393 ], [ -71.7056, -38.64363 ], [ -71.70536, -38.64327 ], [ -71.70534, -38.64256 ], [ -71.70526, -38.64223 ] ] } },
{ "type": "Feature", "properties": { "osm_id": 1465448140, "nombre": "Sin nombre", "tipo": "stream", "volcan_codigo": "SOL", "volcan_nombre": "Sollipulli", "drena_volcan": false }, "geometry": { "type": "LineString", "coordinates": [ [ -71.7045, -38.63991 ], [ -71.7047, -38.64008 ], [ -71.70531, -38.64012 ], [ -71.70616, -38.63986 ], [ -71.70658, -38.63957 ], [ -71.70674, -38.63954 ], [ -71.70692, -38.63963 ], [ -71.70687, -38.63993 ], [ -71.707, -38.64022 ], [ -71.70807, -38.64 ], [ -71.70824, -38.63974 ], [ -71.70841, -38.6397 ], [ -71.70876, -38.63981 ], [ -71.70904, -38.64007 ], [ -71.70958, -38.64003 ], [ -71.70993, -38.64019 ], [ -71.71007, -38.64039 ], [ -71.71045, -38.64042 ], [ -71.7106, -38.64027 ], [ -71.71062, -38.64007 ], [ -71.71049, -38.63979 ], [ -71.71066, -38.63946 ], [ -71.7111, -38.63926 ], [ -71.71166, -38.63918 ], [ -71.71193, -38.63902 ], [ -71.71206, -38.6388 ], [ -71.71199, -38.63857 ], [ -71.71226, -38.6384 ], [ -71.7131, -38.63835 ], [ -71.71313, -38.63818 ], [ -71.7135, -38.63771 ], [ -71.71367, -38.63737 ], [ -71.71423, -38.63684 ], [ -71.71445, -38.63676 ], [ -71.71484, -38.63681 ], [ -71.71521, -38.63662 ], [ -71.71533, -38.63642 ], [ -71.71595, -38.63609 ], [ -71.71678, -38.63594 ], [ -71.71731, -38.63565 ], [ -71.71848, -38.63558 ], [ -71.71981, -38.63537 ], [ -71.72076, -38.63549 ], [ -71.72138, -38.63539 ], [ -71.72219, -38.63562 ], [ -71.72256, -38.6358 ], [ -71.72332, -38.63587 ], [ -71.72435, -38.63545 ], [ -71.72478, -38.63516 ], [ -71.72551, -38.63502 ], [ -71.72599, -38.63476 ], [ -71.72724, -38.63446 ], [ -71.72769, -38.63444 ] ] } },
{ "type": "Feature", "properties": { "osm_id": 1465448152, "nombre": "Sin nombre", "tipo": "stream", "volcan_codigo": "SOL", "volcan_nombre": "Sollipulli", "drena_volcan": false }, "geometry": { "type": "LineString", "coordinates": [ [ -71.62863, -38.76134 ], [ -71.62872, -38.7617 ], [ -71.6291, -38.76237 ], [ -71.62901, -38.76299 ], [ -71.6297, -38.7636 ], [ -71.62991, -38.76419 ], [ -71.6304, -38.76488 ], [ -71.63036, -38.7652 ], [ -71.63009, -38.7659 ], [ -71.63011, -38.76633 ], [ -71.63003, -38.76651 ], [ -71.63025, -38.76706 ] ] } }
]
}
