{
"type": "FeatureCollection",
"name": "CLB",
"crs": { "type": "name", "properties": { "name": "urn:ogc:def:crs:OGC:1.3:CRS84" } },
"xy_coordinate_resolution": 1e-05,
"features": [
{ "type": "Feature", "properties": { "nombre": "Arroyo Los Enamorados", "tipo": "stream", "volcan_codigo": "CLB", "volcan_nombre": "Calbuco", "drena_volcan": false }, "geometry": { "type": "LineString", "coordinates": [ [ -72.44931, -41.17511 ], [ -72.44961, -41.1751 ], [ -72.45032, -41.1756 ], [ -72.45052, -41.17636 ], [ -72.45036, -41.17691 ] ] } },
{ "type": "Feature", "properties": { "nombre": "Estero Arrayán", "tipo": "stream", "volcan_codigo": "CLB", "volcan_nombre": "Calbuco", "drena_volcan": false }, "geometry": { "type": "LineString", "coordinates": [ [ -72.93053, -41.36712 ], [ -72.93085, -41.36734 ], [ -72.93259, -41.36779 ], [ -72.93319, -41.36808 ], [ -72.93352, -41.36845 ] ] } },
{ "type": "Feature", "properties": { "nombre": "Estero Avellano", "tipo": "stream", "volcan_codigo": "CLB", "volcan_nombre": "Calbuco", "drena_volcan": false }, "geometry": { "type": "MultiLineString", "coordinates": [ [ [ -72.9071, -41.43678 ], [ -72.9076, -41.43534 ], [ -72.9082, -41.43533 ], [ -72.90825, -41.43509 ], [ -72.90773, -41.43499 ], [ -72.90864, -41.43213 ], [ -72.90932, -41.43126 ], [ -72.90996, -41.43081 ], [ -72.9108, -41.43057 ], [ -72.91195, -41.42977 ], [ -72.9121, -41.42878 ], [ -72.9137, -41.42685 ], [ -72.91366, -41.42626 ], [ -72.91397, -41.42588 ], [ -72.9138, -41.42523 ], [ -72.9138, -41.42428 ], [ -72.91256, -41.42355 ], [ -72.91263, -41.42279 ], [ -72.91283, -41.42262 ] ], [ [ -72.91283, -41.42262 ], [ -72.91291, -41.42245 ] ], [ [ -72.91288, -41.42211 ], [ -72.91306, -41.42122 ], [ -72.91343, -41.42084 ], [ -72.91334, -41.42057 ], [ -72.91222, -41.41987 ], [ -72.91187, -41.41933 ], [ -72.91183, -41.4187 ], [ -72.91056, -41.41804 ], [ -72.91057, -41.41774 ], [ -72.90933, -41.41705 ], [ -72.90896, -41.41655 ], [ -72.90826, -41.4163 ], [ -72.90815, -41.41579 ], [ -72.90825, -41.41511 ] ] ] } },
{ "type": "Feature", "properties": { "nombre": "Estero Chávez", "tipo": "stream", "volcan_codigo": "CLB", "volcan_nombre": "Calbuco", "drena_volcan": false }, "geometry": { "type": "MultiLineString", "coordinates": [ [ [ -72.89991, -41.4256 ], [ -72.90063, -41.42423 ], [ -72.90116, -41.42359 ], [ -72.90165, -41.4225 ], [ -72.9016, -41.42207 ], [ -72.90194, -41.42148 ], [ -72.90172, -41.4212 ], [ -72.90251, -41.42057 ], [ -72.90387, -41.42017 ], [ -72.90479, -41.41932 ], [ -72.90517, -41.41862 ], [ -72.90547, -41.41714 ] ], [ [ -72.85661, -41.45217 ], [ -72.85656, -41.45168 ], [ -72.85683, -41.45123 ], [ -72.85696, -41.45042 ], [ -72.85766, -41.4498 ], [ -72.85843, -41.44967 ], [ -72.85916, -41.44909 ], [ -72.8604, -41.44848 ], [ -72.86182, -41.44855 ], [ -72.86383, -41.44697 ], [ -72.86398, -41.4465 ], [ -72.86386, -41.44623 ], [ -72.86552, -41.44422 ], [ -72.8667, -41.44353 ], [ -72.86685, -41.44276 ], [ -72.86734, -41.44192 ], [ -72.86832, -41.44154 ], [ -72.87052, -41.44098 ], [ -72.87092, -41.44118 ], [ -72.87235, -41.44068 ], [ -72.87423, -41.4403 ], [ -72.87529, -41.44039 ], [ -72.87826, -41.44167 ], [ -72.88001, -41.44213 ], [ -72.8807, -41.44176 ], [ -72.88169, -41.44049 ], [ -72.88229, -41.44002 ], [ -72.88394, -41.43966 ], [ -72.88599, -41.4399 ], [ -72.88736, -41.43961 ], [ -72.88779, -41.43968 ], [ -72.89032, -41.43883 ], [ -72.89136, -41.43885 ], [ -72.89289, -41.43825 ], [ -72.89401, -41.43715 ], [ -72.89427, -41.43632 ], [ -72.89432, -41.43524 ], [ -72.89507, -41.43427 ], [ -72.89516, -41.43377 ], [ -72.89542, -41.43354 ], [ -72.89633, -41.43326 ], [ -72.89663, -41.43298 ], [ -72.89766, -41.43307 ], [ -72.89798, -41.43276 ], [ -72.89947, -41.43236 ], [ -72.89999, -41.43238 ], [ -72.90062, -41.43144 ], [ -72.90083, -41.43087 ], [ -72.89968, -41.43009 ], [ -72.89881, -41.42992 ], [ -72.89772, -41.42866 ], [ -72.89767, -41.4283 ], [ -72.89803, -41.42741 ], [ -72.89862, -41.42705 ], [ -72.89945, -41.42616 ] ], [ [ -72.85625, -41.45666 ], [ -72.85626, -41.45664 ] ], [ [ -72.85631, -41.45655 ], [ -72.85673, -41.45471 ], [ -72.8564, -41.45321 ], [ -72.85653, -41.45229 ] ], [ [ -72.85653, -41.45229 ], [ -72.85661, -41.45217 ] ] ] } },
{ "type": "Feature", "properties": { "nombre": "Estero Katalapi", "tipo": "stream", "volcan_codigo": "CLB", "volcan_nombre": "Calbuco", "drena_volcan": false }, "geometry": { "type": "LineString", "coordinates": [ [ -72.75354, -41.52092 ], [ -72.75355, -41.52139 ], [ -72.75419, -41.5215 ], [ -72.75383, -41.52174 ], [ -72.75382, -41.52193 ], [ -72.7543, -41.52209 ], [ -72.75371, -41.52224 ], [ -72.75365, -41.52285 ], [ -72.75337, -41.52293 ], [ -72.75251, -41.52379 ], [ -72.7517, -41.52417 ] ] } },
{ "type": "Feature", "properties": { "nombre": "Estero La Paloma", "tipo": "stream", "volcan_codigo": "CLB", "volcan_nombre": "Calbuco", "drena_volcan": false }, "geometry": { "type": "MultiLineString", "coordinates": [ [ [ -72.90946, -41.45344 ], [ -72.91003, -41.45184 ], [ -72.90966, -41.45104 ] ], [ [ -72.90953, -41.45077 ], [ -72.9086, -41.44892 ] ], [ [ -72.90933, -41.45357 ], [ -72.90946, -41.45344 ] ], [ [ -72.90735, -41.45447 ], [ -72.90933, -41.45357 ] ] ] } },
{ "type": "Feature", "properties": { "nombre": "Estero La Zorra", "tipo": "river", "volcan_codigo": "CLB", "volcan_nombre": "Calbuco", "drena_volcan": false }, "geometry": { "type": "LineString", "coordinates": [ [ -72.76246, -41.48848 ], [ -72.76343, -41.48833 ], [ -72.76395, -41.48789 ], [ -72.76519, -41.48608 ], [ -72.76628, -41.48575 ], [ -72.76952, -41.48627 ], [ -72.77131, -41.48597 ], [ -72.77195, -41.48543 ], [ -72.7724, -41.48478 ], [ -72.7745, -41.48359 ], [ -72.77543, -41.4826 ], [ -72.77689, -41.48187 ], [ -72.7804, -41.48092 ], [ -72.78348, -41.48025 ], [ -72.7851, -41.48022 ], [ -72.78804, -41.48028 ], [ -72.78906, -41.48078 ], [ -72.79002, -41.48062 ], [ -72.79167, -41.48094 ], [ -72.79301, -41.48038 ], [ -72.79459, -41.48004 ], [ -72.79507, -41.48024 ], [ -72.79559, -41.4802 ], [ -72.7965, -41.47956 ], [ -72.79696, -41.47943 ], [ -72.79736, -41.47958 ], [ -72.7986, -41.47916 ], [ -72.79996, -41.47921 ], [ -72.80119, -41.47892 ], [ -72.80237, -41.47898 ], [ -72.80258, -41.47882 ], [ -72.80345, -41.47904 ], [ -72.80392, -41.4789 ], [ -72.8048, -41.47918 ], [ -72.80578, -41.4791 ], [ -72.8063, -41.47963 ], [ -72.80658, -41.47968 ], [ -72.80716, -41.47941 ], [ -72.80816, -41.47951 ], [ -72.80834, -41.47956 ], [ -72.80846, -41.4799 ], [ -72.80971, -41.48043 ], [ -72.81089, -41.4803 ], [ -72.81178, -41.48083 ], [ -72.81263, -41.48028 ], [ -72.81302, -41.48036 ], [ -72.81357, -41.48075 ], [ -72.81444, -41.48071 ], [ -72.81487, -41.48092 ], [ -72.8171, -41.48104 ], [ -72.81776, -41.48127 ], [ -72.81939, -41.48087 ], [ -72.81966, -41.48071 ], [ -72.81998, -41.4801 ], [ -72.82047, -41.4802 ], [ -72.82088, -41.48004 ], [ -72.82279, -41.4805 ], [ -72.82298, -41.48067 ], [ -72.82299, -41.48126 ], [ -72.82394, -41.48102 ], [ -72.82444, -41.48162 ], [ -72.8241, -41.48207 ], [ -72.82414, -41.48236 ], [ -72.82445, -41.4825 ], [ -72.82468, -41.48216 ], [ -72.82494, -41.48217 ], [ -72.82562, -41.48343 ], [ -72.8256, -41.48431 ], [ -72.8253, -41.48471 ], [ -72.82521, -41.48525 ], [ -72.82358, -41.48552 ], [ -72.82302, -41.48821 ], [ -72.82326, -41.48856 ], [ -72.82411, -41.48887 ], [ -72.82416, -41.48984 ], [ -72.82439, -41.48997 ], [ -72.82532, -41.48987 ], [ -72.82587, -41.49001 ], [ -72.82631, -41.49028 ], [ -72.82633, -41.49071 ] ] } },
{ "type": "Feature", "properties": { "nombre": "Estero Las Camelias", "tipo": "stream", "volcan_codigo": "CLB", "volcan_nombre": "Calbuco", "drena_volcan": false }, "geometry": { "type": "MultiLineString", "coordinates": [ [ [ -72.97439, -41.47445 ], [ -72.97486, -41.47409 ], [ -72.97515, -41.47406 ], [ -72.97662, -41.47454 ], [ -72.9774, -41.47461 ], [ -72.97915, -41.47527 ], [ -72.98094, -41.47431 ], [ -72.98108, -41.47437 ] ], [ [ -72.98108, -41.47437 ], [ -72.98314, -41.47402 ], [ -72.98365, -41.4742 ] ], [ [ -72.99531, -41.4762 ], [ -72.99547, -41.47599 ] ], [ [ -72.98365, -41.4742 ], [ -72.98587, -41.47561 ], [ -72.9872, -41.4762 ], [ -72.98806, -41.47678 ], [ -72.98946, -41.47811 ], [ -72.99071, -41.47876 ], [ -72.99181, -41.4787 ], [ -72.99344, -41.47791 ], [ -72.9949, -41.47691 ], [ -72.99531, -41.4762 ] ] ] } },
{ "type": "Feature", "properties": { "nombre": "Estero Las Garzas", "tipo": "stream", "volcan_codigo": "CLB", "volcan_nombre": "Calbuco", "drena_volcan": false }, "geometry": { "type": "MultiLineString", "coordinates": [ [ [ -72.94246, -41.45304 ], [ -72.94488, -41.45292 ], [ -72.94557, -41.45259 ], [ -72.94763, -41.45223 ], [ -72.95098, -41.45131 ], [ -72.95228, -41.45064 ], [ -72.95351, -41.44939 ], [ -72.95407, -41.44906 ] ], [ [ -72.95407, -41.44906 ], [ -72.95763, -41.44882 ], [ -72.95808, -41.44793 ], [ -72.95836, -41.44782 ] ], [ [ -72.96346, -41.44664 ], [ -72.9636, -41.44657 ] ], [ [ -72.96381, -41.44647 ], [ -72.96402, -41.44632 ] ], [ [ -72.9636, -41.44657 ], [ -72.96381, -41.44647 ] ], [ [ -72.96337, -41.44669 ], [ -72.96346, -41.44664 ] ], [ [ -72.95836, -41.44782 ], [ -72.96337, -41.44669 ] ] ] } },
{ "type": "Feature", "properties": { "nombre": "Estero Lobos", "tipo": "stream", "volcan_codigo": "CLB", "volcan_nombre": "Calbuco", "drena_volcan": false }, "geometry": { "type": "MultiLineString", "coordinates": [ [ [ -72.92814, -41.45903 ], [ -72.93024, -41.4588 ], [ -72.93268, -41.45878 ], [ -72.93446, -41.45917 ], [ -72.93622, -41.45982 ], [ -72.93838, -41.46016 ], [ -72.94198, -41.45821 ], [ -72.94304, -41.45678 ], [ -72.94506, -41.4549 ], [ -72.94806, -41.45416 ], [ -72.95038, -41.45397 ], [ -72.95264, -41.45398 ], [ -72.95431, -41.45438 ] ], [ [ -72.91901, -41.46002 ], [ -72.91676, -41.46087 ], [ -72.9165, -41.46113 ], [ -72.91606, -41.46265 ] ], [ [ -73.00657, -41.42592 ], [ -73.00898, -41.42523 ], [ -73.00983, -41.42528 ], [ -73.01014, -41.42532 ], [ -73.01054, -41.42627 ], [ -73.01108, -41.42649 ], [ -73.01162, -41.42637 ], [ -73.01361, -41.42516 ], [ -73.01552, -41.42344 ], [ -73.0157, -41.42223 ], [ -73.01624, -41.42175 ], [ -73.01686, -41.42072 ], [ -73.01701, -41.42009 ], [ -73.01802, -41.41953 ], [ -73.01853, -41.41891 ], [ -73.02066, -41.41806 ], [ -73.0219, -41.41791 ], [ -73.02316, -41.41727 ], [ -73.02481, -41.41682 ], [ -73.0269, -41.41665 ], [ -73.02822, -41.41605 ], [ -73.02843, -41.4153 ], [ -73.02895, -41.41462 ], [ -73.02891, -41.41424 ], [ -73.02846, -41.41391 ], [ -73.0284, -41.41242 ], [ -73.02799, -41.41196 ], [ -73.02803, -41.4116 ], [ -73.02772, -41.41146 ], [ -73.02681, -41.41052 ], [ -73.02585, -41.41088 ], [ -73.02565, -41.41127 ], [ -73.02449, -41.41225 ], [ -73.02415, -41.41215 ], [ -73.02421, -41.41196 ], [ -73.02408, -41.41184 ], [ -73.02372, -41.41191 ], [ -73.02356, -41.41245 ], [ -73.0228, -41.41216 ], [ -73.02266, -41.41235 ], [ -73.02287, -41.41258 ], [ -73.02269, -41.41275 ], [ -73.02161, -41.4125 ], [ -73.02102, -41.41265 ], [ -73.02077, -41.41252 ], [ -73.02044, -41.41306 ], [ -73.01893, -41.41287 ], [ -73.01751, -41.41308 ], [ -73.01702, -41.41261 ], [ -73.01637, -41.4126 ], [ -73.01587, -41.41203 ], [ -73.01573, -41.41155 ], [ -73.01526, -41.41141 ], [ -73.01514, -41.41102 ], [ -73.01545, -41.40981 ], [ -73.01529, -41.40924 ], [ -73.01553, -41.40862 ], [ -73.0155, -41.40778 ], [ -73.0159, -41.40719 ], [ -73.01516, -41.4059 ], [ -73.0148, -41.40561 ], [ -73.0148, -41.40512 ] ], [ [ -72.97162, -41.45454 ], [ -72.97082, -41.4536 ], [ -72.97091, -41.4526 ], [ -72.97186, -41.45182 ], [ -72.97253, -41.4516 ], [ -72.97295, -41.45091 ], [ -72.97375, -41.45022 ], [ -72.97787, -41.45015 ], [ -72.979, -41.44811 ], [ -72.979, -41.44553 ], [ -72.9798, -41.44549 ], [ -72.98032, -41.44525 ], [ -72.98168, -41.44521 ], [ -72.98234, -41.44483 ], [ -72.98275, -41.44491 ], [ -72.98317, -41.44457 ], [ -72.98422, -41.44421 ], [ -72.98462, -41.44425 ], [ -72.98516, -41.44461 ], [ -72.9856, -41.44448 ], [ -72.98658, -41.44454 ], [ -72.98777, -41.44395 ], [ -72.98783, -41.44378 ], [ -72.98659, -41.44251 ], [ -72.98665, -41.44227 ], [ -72.98698, -41.44223 ], [ -72.9879, -41.44254 ], [ -72.98846, -41.44234 ], [ -72.98862, -41.44205 ], [ -72.98902, -41.44188 ], [ -72.98926, -41.44133 ], [ -72.99071, -41.44038 ], [ -72.99137, -41.43949 ], [ -72.99192, -41.43954 ], [ -72.99252, -41.44053 ] ], [ [ -72.97054, -41.45643 ], [ -72.97079, -41.45562 ], [ -72.97125, -41.45534 ] ], [ [ -72.97125, -41.45534 ], [ -72.97152, -41.45519 ] ], [ [ -72.97152, -41.45519 ], [ -72.97162, -41.45508 ], [ -72.97152, -41.45464 ] ], [ [ -72.97152, -41.45464 ], [ -72.97162, -41.45454 ] ], [ [ -72.99262, -41.44061 ], [ -72.99332, -41.44078 ], [ -72.99613, -41.44023 ], [ -72.99765, -41.44016 ], [ -72.9997, -41.43931 ], [ -73.00118, -41.4391 ], [ -73.00211, -41.43928 ], [ -73.00293, -41.43897 ], [ -73.0039, -41.43903 ], [ -73.005, -41.43883 ], [ -73.00514, -41.43868 ], [ -73.0051, -41.43827 ], [ -73.00482, -41.43714 ], [ -73.0043, -41.43685 ], [ -73.00382, -41.43562 ], [ -73.0042, -41.43436 ], [ -73.00481, -41.43391 ], [ -73.0049, -41.43367 ], [ -73.00475, -41.43309 ], [ -73.00484, -41.43239 ], [ -73.00467, -41.43205 ], [ -73.00477, -41.43172 ], [ -73.0041, -41.43113 ], [ -73.00336, -41.42928 ], [ -73.00403, -41.42754 ], [ -73.00443, -41.42702 ], [ -73.00466, -41.42681 ], [ -73.00545, -41.42658 ], [ -73.00616, -41.42598 ], [ -73.00657, -41.42592 ] ], [ [ -72.95431, -41.45438 ], [ -72.95521, -41.4545 ], [ -72.95647, -41.45512 ], [ -72.95778, -41.45595 ], [ -72.95905, -41.45702 ], [ -72.95942, -41.45693 ], [ -72.96046, -41.45884 ], [ -72.96765, -41.45724 ], [ -72.96793, -41.45704 ], [ -72.97054, -41.45643 ] ] ] } },
{ "type": "Feature", "properties": { "nombre": "Estero Maillén", "tipo": "stream", "volcan_codigo": "CLB", "volcan_nombre": "Calbuco", "drena_volcan": false }, "geometry": { "type": "MultiLineString", "coordinates": [ [ [ -72.98231, -41.57742 ], [ -72.98409, -41.57731 ], [ -72.98488, -41.57743 ], [ -72.98583, -41.57801 ], [ -72.9875, -41.5785 ], [ -72.9878, -41.5787 ], [ -72.98816, -41.57997 ], [ -72.98864, -41.58006 ], [ -72.98918, -41.57969 ], [ -72.98975, -41.57977 ], [ -72.98991, -41.57945 ], [ -72.9904, -41.57932 ], [ -72.99133, -41.57931 ], [ -72.9925, -41.58006 ], [ -72.99334, -41.58 ], [ -72.99434, -41.58031 ], [ -72.99552, -41.58009 ], [ -72.99593, -41.57974 ], [ -72.99683, -41.57962 ], [ -72.99738, -41.57974 ], [ -72.99861, -41.58017 ], [ -72.99976, -41.5808 ], [ -72.99964, -41.58155 ], [ -73.00003, -41.58168 ], [ -73.00075, -41.58234 ] ], [ [ -73.00087, -41.5824 ], [ -73.00145, -41.58254 ], [ -73.00169, -41.58236 ], [ -73.00286, -41.58214 ], [ -73.00335, -41.58244 ], [ -73.00413, -41.58215 ], [ -73.00476, -41.58232 ], [ -73.0053, -41.5822 ], [ -73.00571, -41.58243 ] ], [ [ -73.00075, -41.58234 ], [ -73.00087, -41.5824 ] ] ] } },
{ "type": "Feature", "properties": { "nombre": "Estero Minte", "tipo": "stream", "volcan_codigo": "CLB", "volcan_nombre": "Calbuco", "drena_volcan": false }, "geometry": { "type": "LineString", "coordinates": [ [ -72.896, -41.32033 ], [ -72.89442, -41.31838 ], [ -72.8948, -41.31622 ], [ -72.89577, -41.31505 ], [ -72.89579, -41.31473 ], [ -72.89575, -41.31424 ], [ -72.89529, -41.31399 ], [ -72.89512, -41.31358 ], [ -72.89558, -41.31333 ], [ -72.89543, -41.31282 ], [ -72.89471, -41.31188 ], [ -72.89468, -41.31115 ], [ -72.89518, -41.31058 ], [ -72.89629, -41.3107 ], [ -72.89671, -41.31046 ], [ -72.89683, -41.31019 ] ] } },
{ "type": "Feature", "properties": { "nombre": "Estero Pelluco", "tipo": "stream", "volcan_codigo": "CLB", "volcan_nombre": "Calbuco", "drena_volcan": false }, "geometry": { "type": "MultiLineString", "coordinates": [ [ [ -72.89721, -41.48468 ], [ -72.89775, -41.48591 ], [ -72.89822, -41.48604 ], [ -72.89926, -41.48698 ] ], [ [ -72.89926, -41.48698 ], [ -72.89955, -41.4872 ] ], [ [ -72.89955, -41.4872 ], [ -72.90062, -41.48824 ], [ -72.90087, -41.48873 ] ] ] } },
{ "type": "Feature", "properties": { "nombre": "Estero Pelúes", "tipo": "stream", "volcan_codigo": "CLB", "volcan_nombre": "Calbuco", "drena_volcan": false }, "geometry": { "type": "MultiLineString", "coordinates": [ [ [ -72.96551, -41.46115 ], [ -72.96683, -41.46015 ], [ -72.96875, -41.45953 ], [ -72.96932, -41.45906 ], [ -72.97063, -41.45878 ] ], [ [ -72.97356, -41.45692 ], [ -72.97405, -41.45637 ], [ -72.97459, -41.45615 ] ], [ [ -72.96075, -41.46161 ], [ -72.96198, -41.46213 ], [ -72.9634, -41.46214 ], [ -72.96424, -41.46193 ] ], [ [ -72.95826, -41.45999 ], [ -72.95925, -41.4609 ], [ -72.96075, -41.46161 ] ], [ [ -72.97063, -41.45878 ], [ -72.97091, -41.45873 ] ], [ [ -72.97091, -41.45873 ], [ -72.97188, -41.45855 ], [ -72.97236, -41.45806 ] ] ] } },
{ "type": "Feature", "properties": { "nombre": "Estero Pichipelluco", "tipo": "stream", "volcan_codigo": "CLB", "volcan_nombre": "Calbuco", "drena_volcan": false }, "geometry": { "type": "MultiLineString", "coordinates": [ [ [ -72.91651, -41.47043 ], [ -72.9167, -41.47136 ], [ -72.9179, -41.47305 ], [ -72.91844, -41.47327 ], [ -72.91985, -41.47296 ], [ -72.9209, -41.47326 ] ], [ [ -72.92169, -41.47447 ], [ -72.9219, -41.47492 ] ], [ [ -72.9219, -41.47492 ], [ -72.92268, -41.47558 ], [ -72.92279, -41.47598 ], [ -72.92305, -41.4762 ] ], [ [ -72.91137, -41.46708 ], [ -72.91202, -41.46768 ] ], [ [ -72.91202, -41.46768 ], [ -72.91238, -41.46787 ], [ -72.91318, -41.46771 ], [ -72.91416, -41.46776 ], [ -72.91499, -41.46812 ], [ -72.91602, -41.46873 ], [ -72.91646, -41.47019 ] ], [ [ -72.92113, -41.47337 ], [ -72.92169, -41.47447 ] ], [ [ -72.9209, -41.47326 ], [ -72.92113, -41.47337 ] ], [ [ -72.91646, -41.47019 ], [ -72.91651, -41.47043 ] ], [ [ -72.90565, -41.46572 ], [ -72.9057, -41.4656 ], [ -72.90665, -41.46555 ], [ -72.90748, -41.46592 ], [ -72.90864, -41.4659 ], [ -72.90905, -41.46625 ], [ -72.91088, -41.46665 ], [ -72.91137, -41.46708 ] ] ] } },
{ "type": "Feature", "properties": { "nombre": "Estero Sotomó", "tipo": "stream", "volcan_codigo": "CLB", "volcan_nombre": "Calbuco", "drena_volcan": false }, "geometry": { "type": "LineString", "coordinates": [ [ -72.40583, -41.65197 ], [ -72.40598, -41.65226 ], [ -72.40575, -41.65248 ], [ -72.40371, -41.65224 ], [ -72.40296, -41.65234 ], [ -72.40257, -41.65277 ], [ -72.4024, -41.65336 ], [ -72.40249, -41.65388 ], [ -72.40223, -41.65404 ], [ -72.4018, -41.65381 ], [ -72.40135, -41.65386 ], [ -72.401, -41.65412 ], [ -72.40128, -41.65439 ], [ -72.40115, -41.65466 ], [ -72.40017, -41.65497 ], [ -72.39978, -41.65492 ], [ -72.39952, -41.65463 ], [ -72.39909, -41.6545 ], [ -72.3989, -41.65471 ], [ -72.39897, -41.65546 ], [ -72.39702, -41.65456 ], [ -72.39653, -41.65458 ], [ -72.39562, -41.65518 ], [ -72.39628, -41.65542 ], [ -72.39727, -41.65545 ], [ -72.39783, -41.65588 ], [ -72.3989, -41.65636 ], [ -72.39972, -41.65718 ], [ -72.39972, -41.65734 ], [ -72.39927, -41.65739 ], [ -72.39834, -41.65729 ], [ -72.39809, -41.65768 ], [ -72.39815, -41.658 ], [ -72.39789, -41.65835 ], [ -72.39661, -41.65891 ], [ -72.39658, -41.65912 ], [ -72.39708, -41.65973 ], [ -72.39716, -41.66022 ], [ -72.3967, -41.66175 ], [ -72.39584, -41.66303 ] ] } },
{ "type": "Feature", "properties": { "nombre": "Los Patos", "tipo": "river", "volcan_codigo": "CLB", "volcan_nombre": "Calbuco", "drena_volcan": false }, "geometry": { "type": "LineString", "coordinates": [ [ -72.83056, -41.36508 ], [ -72.82943, -41.36561 ], [ -72.82916, -41.36591 ], [ -72.82871, -41.36721 ], [ -72.82802, -41.36744 ], [ -72.82706, -41.36747 ], [ -72.82653, -41.36727 ], [ -72.82637, -41.36649 ], [ -72.82614, -41.36643 ], [ -72.82545, -41.36673 ], [ -72.82517, -41.36657 ], [ -72.82515, -41.36537 ], [ -72.82542, -41.36411 ], [ -72.8253, -41.36397 ] ] } },
{ "type": "Feature", "properties": { "nombre": "Quebrada Zanjón Hondo", "tipo": "stream", "volcan_codigo": "CLB", "volcan_nombre": "Calbuco", "drena_volcan": false }, "geometry": { "type": "LineString", "coordinates": [ [ -72.50623, -41.48817 ], [ -72.50394, -41.48857 ], [ -72.50028, -41.48771 ], [ -72.49908, -41.48533 ], [ -72.49677, -41.4839 ], [ -72.49565, -41.48271 ], [ -72.49448, -41.48104 ], [ -72.49459, -41.47914 ], [ -72.49389, -41.47783 ] ] } },
{ "type": "Feature", "properties": { "nombre": "Río Apretura", "tipo": "river", "volcan_codigo": "CLB", "volcan_nombre": "Calbuco", "drena_volcan": false }, "geometry": { "type": "LineString", "coordinates": [ [ -72.08655, -41.56562 ], [ -72.08594, -41.56572 ], [ -72.08562, -41.56605 ], [ -72.08594, -41.56652 ], [ -72.0872, -41.56692 ], [ -72.08723, -41.56708 ], [ -72.0866, -41.56736 ], [ -72.0865, -41.56786 ], [ -72.087, -41.56819 ], [ -72.08816, -41.56827 ], [ -72.08823, -41.56889 ], [ -72.08862, -41.56956 ], [ -72.0888, -41.57034 ], [ -72.08933, -41.57061 ], [ -72.0898, -41.57118 ], [ -72.0901, -41.57195 ], [ -72.09085, -41.57233 ], [ -72.09114, -41.5738 ], [ -72.09234, -41.57531 ], [ -72.0931, -41.57703 ], [ -72.09413, -41.57751 ], [ -72.09429, -41.57784 ], [ -72.09474, -41.57815 ], [ -72.09508, -41.57907 ], [ -72.09612, -41.57965 ], [ -72.09695, -41.58068 ], [ -72.09722, -41.58245 ], [ -72.09749, -41.58297 ], [ -72.09804, -41.58351 ], [ -72.09774, -41.58432 ], [ -72.09867, -41.58425 ], [ -72.10063, -41.58324 ], [ -72.10157, -41.5833 ], [ -72.10183, -41.58339 ], [ -72.10213, -41.58413 ], [ -72.10324, -41.58491 ], [ -72.1034, -41.58566 ], [ -72.10458, -41.5858 ], [ -72.10488, -41.58634 ], [ -72.10562, -41.58684 ], [ -72.1062, -41.58692 ], [ -72.10637, -41.58681 ], [ -72.10831, -41.58447 ], [ -72.10916, -41.58409 ], [ -72.11038, -41.58189 ], [ -72.11103, -41.58161 ], [ -72.11213, -41.58155 ], [ -72.11533, -41.5826 ], [ -72.11674, -41.58282 ], [ -72.11717, -41.58339 ], [ -72.11765, -41.58351 ], [ -72.11824, -41.58302 ], [ -72.12252, -41.58192 ], [ -72.12451, -41.58125 ], [ -72.12591, -41.5814 ], [ -72.12685, -41.58108 ], [ -72.12785, -41.58153 ], [ -72.12902, -41.58153 ], [ -72.13017, -41.58099 ], [ -72.13181, -41.58082 ], [ -72.13305, -41.58051 ], [ -72.13434, -41.57983 ], [ -72.1351, -41.57909 ], [ -72.13634, -41.57932 ], [ -72.13754, -41.5791 ], [ -72.13936, -41.57825 ], [ -72.14018, -41.57845 ], [ -72.1408, -41.57938 ], [ -72.14146, -41.57955 ], [ -72.14312, -41.5795 ], [ -72.14478, -41.57983 ], [ -72.1461, -41.57991 ], [ -72.14664, -41.57978 ], [ -72.14741, -41.57914 ], [ -72.1478, -41.5792 ], [ -72.14874, -41.57974 ], [ -72.15153, -41.5801 ], [ -72.15207, -41.58068 ], [ -72.15193, -41.58176 ], [ -72.15296, -41.58195 ], [ -72.15493, -41.5829 ], [ -72.15516, -41.58382 ], [ -72.15691, -41.58409 ], [ -72.15931, -41.58321 ], [ -72.1605, -41.5834 ], [ -72.16123, -41.58424 ], [ -72.1617, -41.58451 ], [ -72.16473, -41.58551 ], [ -72.16493, -41.58594 ], [ -72.16486, -41.58611 ], [ -72.16429, -41.58616 ], [ -72.16416, -41.58642 ], [ -72.16647, -41.58792 ], [ -72.16746, -41.58772 ], [ -72.17206, -41.58778 ], [ -72.17305, -41.58767 ], [ -72.17451, -41.58791 ], [ -72.17496, -41.58818 ], [ -72.17522, -41.58858 ], [ -72.17525, -41.58899 ], [ -72.17452, -41.58961 ], [ -72.17357, -41.58974 ], [ -72.17314, -41.59004 ], [ -72.17308, -41.59191 ], [ -72.17333, -41.59231 ], [ -72.17417, -41.59278 ], [ -72.175, -41.59297 ], [ -72.17524, -41.59331 ], [ -72.17566, -41.59597 ], [ -72.17615, -41.59649 ], [ -72.17668, -41.59675 ], [ -72.17888, -41.59667 ], [ -72.17923, -41.59708 ], [ -72.17864, -41.59787 ], [ -72.17928, -41.59823 ], [ -72.18067, -41.59841 ], [ -72.18256, -41.59781 ], [ -72.18292, -41.59797 ], [ -72.18363, -41.59893 ], [ -72.18436, -41.59933 ], [ -72.18447, -41.59995 ], [ -72.18492, -41.6009 ], [ -72.18487, -41.60161 ], [ -72.18507, -41.60216 ], [ -72.186, -41.60295 ], [ -72.18629, -41.60341 ], [ -72.1859, -41.60461 ], [ -72.18657, -41.60535 ], [ -72.18751, -41.60555 ], [ -72.18809, -41.60601 ], [ -72.18822, -41.60689 ], [ -72.18905, -41.60856 ], [ -72.18892, -41.60933 ], [ -72.18906, -41.60993 ], [ -72.19034, -41.61093 ], [ -72.19135, -41.61111 ], [ -72.19229, -41.61195 ], [ -72.19301, -41.6123 ], [ -72.19368, -41.61233 ], [ -72.19422, -41.61318 ], [ -72.1961, -41.61457 ], [ -72.19699, -41.61493 ], [ -72.19863, -41.6146 ], [ -72.19962, -41.61453 ], [ -72.20021, -41.61466 ], [ -72.20068, -41.6151 ], [ -72.20147, -41.61548 ], [ -72.20284, -41.61696 ], [ -72.20347, -41.61739 ] ] } },
{ "type": "Feature", "properties": { "nombre": "Río Arenales", "tipo": "stream", "volcan_codigo": "CLB", "volcan_nombre": "Calbuco", "drena_volcan": false }, "geometry": { "type": "LineString", "coordinates": [ [ -72.91291, -41.42245 ], [ -72.91288, -41.42211 ] ] } },
{ "type": "Feature", "properties": { "nombre": "Río Arenas", "tipo": "river", "volcan_codigo": "CLB", "volcan_nombre": "Calbuco", "drena_volcan": false }, "geometry": { "type": "LineString", "coordinates": [ [ -72.90547, -41.41714 ], [ -72.90583, -41.41698 ], [ -72.90599, -41.41652 ], [ -72.90623, -41.41651 ], [ -72.90656, -41.41677 ], [ -72.90686, -41.41636 ], [ -72.90718, -41.41645 ], [ -72.90766, -41.41624 ], [ -72.90825, -41.41511 ], [ -72.90829, -41.41463 ], [ -72.90858, -41.41441 ], [ -72.90868, -41.41393 ], [ -72.90931, -41.41336 ], [ -72.90954, -41.41213 ], [ -72.91024, -41.41179 ], [ -72.91009, -41.41132 ], [ -72.91165, -41.4101 ], [ -72.91271, -41.40975 ], [ -72.91334, -41.40922 ], [ -72.91348, -41.40892 ], [ -72.91389, -41.40874 ], [ -72.91428, -41.40862 ], [ -72.91489, -41.40879 ], [ -72.9159, -41.40857 ], [ -72.91581, -41.40817 ], [ -72.91597, -41.40804 ], [ -72.91738, -41.40841 ], [ -72.91739, -41.40887 ], [ -72.91799, -41.40868 ], [ -72.91789, -41.4082 ], [ -72.91819, -41.40812 ], [ -72.91955, -41.409 ], [ -72.92116, -41.40951 ], [ -72.92204, -41.40956 ], [ -72.92299, -41.41029 ], [ -72.92424, -41.41046 ], [ -72.92497, -41.41105 ], [ -72.92678, -41.41112 ], [ -72.92722, -41.41141 ], [ -72.92846, -41.41285 ], [ -72.92969, -41.41325 ], [ -72.93007, -41.41397 ], [ -72.92997, -41.41569 ], [ -72.93014, -41.41595 ], [ -72.93077, -41.41623 ], [ -72.93106, -41.41702 ], [ -72.93052, -41.41744 ], [ -72.93039, -41.41799 ], [ -72.93094, -41.41876 ], [ -72.93177, -41.41937 ], [ -72.93275, -41.41976 ], [ -72.9346, -41.42003 ], [ -72.93637, -41.42081 ], [ -72.94049, -41.42084 ], [ -72.94113, -41.42121 ], [ -72.94175, -41.42207 ], [ -72.94157, -41.42256 ], [ -72.94165, -41.42274 ], [ -72.94263, -41.42362 ], [ -72.94335, -41.42398 ], [ -72.94377, -41.42373 ], [ -72.94404, -41.42406 ], [ -72.94485, -41.42413 ], [ -72.94577, -41.42464 ], [ -72.94624, -41.42448 ], [ -72.94704, -41.42467 ], [ -72.94764, -41.42439 ], [ -72.94892, -41.42467 ], [ -72.94974, -41.42393 ], [ -72.9492, -41.42346 ], [ -72.94956, -41.42301 ], [ -72.94958, -41.4225 ], [ -72.94978, -41.4224 ], [ -72.95086, -41.42258 ], [ -72.95122, -41.42238 ], [ -72.95162, -41.42128 ], [ -72.95099, -41.42005 ], [ -72.95143, -41.41961 ], [ -72.95242, -41.41939 ], [ -72.95242, -41.41905 ], [ -72.9522, -41.41868 ], [ -72.95243, -41.41834 ], [ -72.95293, -41.41826 ], [ -72.95303, -41.41811 ], [ -72.95244, -41.41663 ], [ -72.95277, -41.41523 ], [ -72.9533, -41.41471 ], [ -72.95429, -41.41453 ], [ -72.95491, -41.41422 ], [ -72.95537, -41.41443 ], [ -72.95561, -41.41474 ], [ -72.95607, -41.41479 ], [ -72.95628, -41.41443 ], [ -72.95616, -41.41302 ], [ -72.95584, -41.4126 ], [ -72.95594, -41.41221 ], [ -72.95612, -41.41205 ], [ -72.95789, -41.41162 ], [ -72.958, -41.41122 ], [ -72.9578, -41.41076 ], [ -72.95803, -41.41032 ], [ -72.95807, -41.40958 ], [ -72.95881, -41.40808 ] ] } },
{ "type": "Feature", "properties": { "nombre": "Río Barrancas", "tipo": "river", "volcan_codigo": "CLB", "volcan_nombre": "Calbuco", "drena_volcan": false }, "geometry": { "type": "LineString", "coordinates": [ [ -72.11407, -41.44918 ], [ -72.112, -41.44913 ], [ -72.11134, -41.44978 ], [ -72.11121, -41.45032 ], [ -72.11082, -41.45043 ], [ -72.10999, -41.45017 ], [ -72.10918, -41.45041 ], [ -72.1081, -41.45032 ], [ -72.10784, -41.45012 ], [ -72.10746, -41.4508 ], [ -72.10725, -41.45162 ], [ -72.10679, -41.45148 ], [ -72.10621, -41.45165 ], [ -72.10618, -41.4522 ], [ -72.10552, -41.45239 ], [ -72.10561, -41.45355 ], [ -72.10458, -41.45411 ], [ -72.10354, -41.45595 ], [ -72.10355, -41.45734 ], [ -72.10385, -41.45767 ], [ -72.10354, -41.45806 ], [ -72.10405, -41.45846 ], [ -72.10425, -41.45901 ], [ -72.10421, -41.45959 ], [ -72.10468, -41.46061 ], [ -72.10463, -41.46103 ], [ -72.10481, -41.46116 ], [ -72.10466, -41.46139 ], [ -72.10528, -41.46179 ], [ -72.10531, -41.46228 ], [ -72.10498, -41.46259 ], [ -72.10582, -41.46329 ], [ -72.10543, -41.46352 ], [ -72.10544, -41.46407 ], [ -72.10647, -41.46413 ], [ -72.10716, -41.46393 ], [ -72.10732, -41.46413 ], [ -72.1069, -41.46549 ], [ -72.10599, -41.46584 ], [ -72.10615, -41.46642 ], [ -72.10545, -41.46757 ], [ -72.10414, -41.46785 ], [ -72.10394, -41.46842 ], [ -72.10461, -41.46871 ], [ -72.10463, -41.46915 ], [ -72.10412, -41.47026 ], [ -72.10509, -41.4713 ], [ -72.10497, -41.47253 ], [ -72.10374, -41.47359 ], [ -72.10401, -41.47481 ], [ -72.10347, -41.47569 ], [ -72.10198, -41.47625 ], [ -72.10276, -41.47646 ], [ -72.10017, -41.47972 ], [ -72.10059, -41.48118 ], [ -72.09977, -41.48256 ], [ -72.09939, -41.4843 ], [ -72.10052, -41.48518 ], [ -72.1008, -41.48648 ], [ -72.09922, -41.48978 ], [ -72.09936, -41.49261 ], [ -72.099, -41.49394 ], [ -72.09993, -41.49538 ], [ -72.10162, -41.49643 ], [ -72.10217, -41.4978 ], [ -72.108, -41.50248 ], [ -72.10923, -41.5032 ], [ -72.11019, -41.50335 ], [ -72.11057, -41.50367 ], [ -72.11062, -41.50437 ], [ -72.11093, -41.50481 ], [ -72.1113, -41.50526 ], [ -72.11231, -41.50599 ], [ -72.11371, -41.508 ], [ -72.11363, -41.50914 ], [ -72.11533, -41.51032 ], [ -72.11653, -41.5119 ], [ -72.11809, -41.5113 ], [ -72.11906, -41.5115 ], [ -72.11855, -41.51302 ], [ -72.12189, -41.51447 ], [ -72.12223, -41.51546 ], [ -72.12339, -41.51613 ], [ -72.12285, -41.51711 ], [ -72.1234, -41.51786 ], [ -72.12542, -41.51903 ], [ -72.12578, -41.52062 ], [ -72.13067, -41.52124 ], [ -72.13304, -41.52298 ], [ -72.13683, -41.52509 ], [ -72.13979, -41.52878 ], [ -72.14052, -41.52944 ], [ -72.14106, -41.52952 ], [ -72.14117, -41.52987 ], [ -72.14104, -41.53018 ], [ -72.14066, -41.53038 ], [ -72.14061, -41.53058 ], [ -72.1408, -41.53135 ], [ -72.14111, -41.53146 ], [ -72.14135, -41.53194 ], [ -72.14184, -41.53235 ], [ -72.14192, -41.53266 ], [ -72.14347, -41.53281 ], [ -72.14444, -41.53316 ], [ -72.14533, -41.53404 ], [ -72.14563, -41.53512 ], [ -72.14703, -41.53471 ], [ -72.14723, -41.53627 ], [ -72.14769, -41.5375 ], [ -72.14774, -41.53815 ], [ -72.14721, -41.53937 ], [ -72.14731, -41.5397 ], [ -72.14777, -41.53982 ], [ -72.14842, -41.54049 ], [ -72.14872, -41.54188 ], [ -72.14915, -41.54226 ], [ -72.14994, -41.54258 ], [ -72.15015, -41.54286 ], [ -72.15003, -41.54329 ], [ -72.14964, -41.54358 ], [ -72.14971, -41.54392 ], [ -72.14997, -41.54413 ], [ -72.15021, -41.54491 ], [ -72.15079, -41.54516 ], [ -72.15107, -41.54574 ], [ -72.15143, -41.54601 ], [ -72.15223, -41.54723 ], [ -72.15282, -41.54902 ], [ -72.15267, -41.5494 ], [ -72.15284, -41.54986 ], [ -72.15232, -41.55074 ], [ -72.15281, -41.55286 ], [ -72.15331, -41.55349 ], [ -72.1541, -41.55518 ], [ -72.15505, -41.55601 ], [ -72.15605, -41.55641 ], [ -72.15679, -41.55703 ], [ -72.15674, -41.55754 ], [ -72.15614, -41.55888 ], [ -72.1559, -41.55909 ], [ -72.15601, -41.55945 ], [ -72.15738, -41.55995 ], [ -72.15731, -41.5604 ], [ -72.15707, -41.56068 ], [ -72.15708, -41.56121 ], [ -72.15678, -41.56211 ], [ -72.15613, -41.56292 ], [ -72.15627, -41.56354 ], [ -72.15814, -41.56477 ], [ -72.15941, -41.56585 ], [ -72.15927, -41.56721 ], [ -72.15942, -41.56821 ], [ -72.1591, -41.56859 ], [ -72.15833, -41.56863 ], [ -72.15723, -41.57019 ], [ -72.15703, -41.57116 ], [ -72.15744, -41.57249 ], [ -72.15737, -41.57271 ], [ -72.15618, -41.57359 ], [ -72.1563, -41.57444 ], [ -72.15695, -41.57474 ], [ -72.15721, -41.57504 ], [ -72.1574, -41.57583 ], [ -72.15804, -41.5767 ], [ -72.15863, -41.5772 ], [ -72.15918, -41.57731 ], [ -72.16114, -41.57723 ], [ -72.1626, -41.57683 ], [ -72.16306, -41.57685 ], [ -72.16418, -41.57774 ], [ -72.1643, -41.57853 ], [ -72.16468, -41.57907 ], [ -72.16591, -41.57949 ], [ -72.16654, -41.57987 ], [ -72.16722, -41.58133 ], [ -72.16711, -41.58227 ], [ -72.16733, -41.58267 ], [ -72.168, -41.58296 ], [ -72.16825, -41.58341 ], [ -72.16818, -41.58425 ], [ -72.16843, -41.58451 ], [ -72.16812, -41.58514 ], [ -72.16624, -41.58673 ], [ -72.1664, -41.587 ], [ -72.16746, -41.58772 ] ] } },
{ "type": "Feature", "properties": { "nombre": "Río Blanco", "tipo": "river", "volcan_codigo": "CLB", "volcan_nombre": "Calbuco", "drena_volcan": true }, "geometry": { "type": "MultiLineString", "coordinates": [ [ [ -72.37157, -41.77146 ], [ -72.37064, -41.77141 ], [ -72.36956, -41.7716 ], [ -72.3691, -41.77135 ], [ -72.36795, -41.77164 ], [ -72.36707, -41.77207 ], [ -72.36616, -41.77177 ], [ -72.36403, -41.77067 ], [ -72.36252, -41.77068 ], [ -72.36101, -41.77024 ], [ -72.35966, -41.76942 ], [ -72.35938, -41.76809 ], [ -72.35861, -41.76755 ], [ -72.35772, -41.76659 ], [ -72.35708, -41.76647 ], [ -72.35652, -41.76502 ], [ -72.35681, -41.76436 ], [ -72.35625, -41.76315 ], [ -72.35565, -41.76229 ], [ -72.3554, -41.76128 ], [ -72.35556, -41.76104 ], [ -72.35546, -41.76039 ], [ -72.35522, -41.76021 ], [ -72.35529, -41.75995 ], [ -72.35506, -41.75966 ], [ -72.35501, -41.75852 ], [ -72.35524, -41.75704 ], [ -72.3548, -41.75642 ], [ -72.3562, -41.75402 ], [ -72.35484, -41.75324 ], [ -72.35437, -41.7528 ], [ -72.35445, -41.75223 ], [ -72.35412, -41.75189 ], [ -72.35412, -41.7515 ], [ -72.35477, -41.75126 ], [ -72.35474, -41.75112 ], [ -72.35457, -41.75106 ], [ -72.35428, -41.75035 ], [ -72.35356, -41.75015 ], [ -72.35348, -41.74984 ], [ -72.35374, -41.74959 ], [ -72.3537, -41.74913 ], [ -72.35308, -41.74886 ], [ -72.35332, -41.7477 ], [ -72.35378, -41.74761 ], [ -72.35369, -41.74703 ], [ -72.3544, -41.74642 ], [ -72.3548, -41.74632 ], [ -72.35509, -41.74582 ], [ -72.35444, -41.74469 ], [ -72.35438, -41.744 ], [ -72.35389, -41.74271 ], [ -72.35326, -41.74177 ], [ -72.35405, -41.74059 ], [ -72.35366, -41.73962 ], [ -72.35303, -41.73894 ], [ -72.35323, -41.7383 ], [ -72.3521, -41.73831 ], [ -72.35166, -41.73776 ], [ -72.35035, -41.73737 ], [ -72.35026, -41.73689 ], [ -72.34967, -41.7365 ], [ -72.34966, -41.73559 ], [ -72.34997, -41.73512 ], [ -72.34968, -41.73477 ], [ -72.34952, -41.7335 ], [ -72.34979, -41.7333 ], [ -72.35031, -41.73325 ], [ -72.34964, -41.7329 ], [ -72.34979, -41.73231 ], [ -72.3492, -41.73174 ], [ -72.34909, -41.73088 ], [ -72.34976, -41.7303 ], [ -72.35042, -41.73024 ], [ -72.35103, -41.72997 ], [ -72.35062, -41.7295 ], [ -72.35088, -41.72823 ], [ -72.35001, -41.72716 ], [ -72.34968, -41.72493 ], [ -72.35035, -41.72448 ], [ -72.35056, -41.72398 ], [ -72.35175, -41.72325 ], [ -72.35203, -41.72197 ], [ -72.35304, -41.7214 ], [ -72.35345, -41.72083 ], [ -72.35322, -41.71939 ], [ -72.35423, -41.71821 ], [ -72.35414, -41.71579 ], [ -72.3538, -41.71512 ], [ -72.35317, -41.71455 ], [ -72.35293, -41.71396 ], [ -72.35323, -41.71316 ], [ -72.35309, -41.71221 ], [ -72.35245, -41.71122 ], [ -72.35211, -41.7086 ], [ -72.35129, -41.7068 ], [ -72.35132, -41.70469 ], [ -72.35118, -41.70416 ], [ -72.35041, -41.70328 ], [ -72.3506, -41.7022 ], [ -72.3505, -41.70196 ], [ -72.34965, -41.7013 ], [ -72.34952, -41.70101 ], [ -72.34953, -41.7 ], [ -72.34976, -41.69921 ], [ -72.34909, -41.69858 ], [ -72.34886, -41.69802 ], [ -72.34819, -41.69745 ], [ -72.34746, -41.69477 ], [ -72.34644, -41.69395 ], [ -72.34602, -41.69285 ], [ -72.3455, -41.6925 ], [ -72.34541, -41.69188 ], [ -72.34603, -41.69083 ], [ -72.34592, -41.69004 ], [ -72.34645, -41.68949 ], [ -72.34647, -41.68868 ], [ -72.34712, -41.68789 ], [ -72.34608, -41.68691 ], [ -72.34611, -41.68592 ], [ -72.34678, -41.6855 ], [ -72.347, -41.68459 ], [ -72.34794, -41.68362 ], [ -72.34789, -41.68263 ], [ -72.34819, -41.68219 ], [ -72.3495, -41.68157 ], [ -72.35153, -41.67835 ], [ -72.35346, -41.67693 ], [ -72.35479, -41.67708 ], [ -72.35675, -41.67646 ], [ -72.3598, -41.6762 ] ], [ [ -72.64374, -41.38839 ], [ -72.64371, -41.38875 ], [ -72.64338, -41.38916 ], [ -72.6419, -41.39229 ], [ -72.64035, -41.39449 ], [ -72.63957, -41.3951 ], [ -72.6389, -41.3954 ], [ -72.6381, -41.39634 ], [ -72.63736, -41.39675 ], [ -72.63724, -41.3974 ], [ -72.63664, -41.39774 ], [ -72.63614, -41.39845 ], [ -72.63539, -41.39874 ], [ -72.63505, -41.39968 ], [ -72.63334, -41.4011 ], [ -72.63328, -41.40136 ], [ -72.63232, -41.40165 ], [ -72.63198, -41.4022 ], [ -72.63018, -41.40232 ], [ -72.62965, -41.40284 ], [ -72.62902, -41.40295 ], [ -72.62697, -41.40401 ], [ -72.62579, -41.40494 ], [ -72.62502, -41.40521 ], [ -72.62448, -41.4056 ], [ -72.62352, -41.4057 ], [ -72.62308, -41.4062 ], [ -72.62276, -41.40632 ], [ -72.62213, -41.40714 ], [ -72.62081, -41.40738 ], [ -72.62069, -41.40775 ], [ -72.61987, -41.408 ], [ -72.61965, -41.40873 ], [ -72.61842, -41.40911 ], [ -72.6164, -41.41019 ], [ -72.61517, -41.41121 ], [ -72.6149, -41.41219 ], [ -72.61356, -41.4135 ], [ -72.6138, -41.41389 ], [ -72.61276, -41.4154 ], [ -72.61253, -41.41657 ], [ -72.61074, -41.41764 ], [ -72.61038, -41.41805 ], [ -72.61014, -41.41862 ], [ -72.61021, -41.41904 ], [ -72.60949, -41.4198 ], [ -72.60919, -41.42078 ], [ -72.60742, -41.42209 ], [ -72.60614, -41.42279 ], [ -72.60535, -41.42354 ], [ -72.60431, -41.42362 ], [ -72.6036, -41.42388 ], [ -72.60348, -41.42457 ], [ -72.60226, -41.42472 ], [ -72.60129, -41.42452 ], [ -72.59932, -41.42532 ], [ -72.59659, -41.42604 ], [ -72.59632, -41.42637 ], [ -72.59651, -41.42662 ], [ -72.59686, -41.42662 ], [ -72.59633, -41.42759 ], [ -72.59655, -41.42796 ], [ -72.59663, -41.42984 ], [ -72.5963, -41.43029 ], [ -72.59561, -41.4307 ], [ -72.59498, -41.43206 ], [ -72.59415, -41.43273 ], [ -72.59324, -41.43418 ], [ -72.59172, -41.43522 ] ], [ [ -72.55397, -41.32201 ], [ -72.55521, -41.32112 ], [ -72.55639, -41.32087 ], [ -72.55663, -41.32003 ], [ -72.55696, -41.31989 ], [ -72.55688, -41.31953 ], [ -72.55702, -41.31896 ], [ -72.55781, -41.3186 ], [ -72.55786, -41.31843 ], [ -72.55655, -41.3169 ], [ -72.55684, -41.3164 ], [ -72.5566, -41.31574 ], [ -72.55724, -41.31489 ], [ -72.5572, -41.31449 ], [ -72.55735, -41.31423 ], [ -72.55733, -41.31398 ], [ -72.55691, -41.31371 ], [ -72.55688, -41.31353 ], [ -72.55713, -41.31288 ], [ -72.55811, -41.3121 ], [ -72.55866, -41.31106 ], [ -72.55944, -41.31008 ], [ -72.56045, -41.30935 ], [ -72.56073, -41.30855 ], [ -72.56115, -41.30803 ], [ -72.56064, -41.30744 ], [ -72.55987, -41.307 ], [ -72.55984, -41.30606 ], [ -72.55894, -41.30413 ], [ -72.55911, -41.3032 ], [ -72.55881, -41.30287 ], [ -72.5587, -41.30236 ], [ -72.55835, -41.30208 ], [ -72.55841, -41.3017 ], [ -72.55866, -41.30149 ], [ -72.55862, -41.30106 ], [ -72.55965, -41.30008 ], [ -72.55963, -41.29986 ], [ -72.56017, -41.29909 ], [ -72.55993, -41.29799 ], [ -72.55917, -41.29754 ], [ -72.55822, -41.29753 ], [ -72.55769, -41.29674 ], [ -72.55716, -41.29666 ], [ -72.55637, -41.29599 ], [ -72.55538, -41.29559 ], [ -72.55499, -41.29558 ], [ -72.55391, -41.29419 ], [ -72.55381, -41.29364 ], [ -72.55408, -41.29338 ], [ -72.55404, -41.29308 ], [ -72.55486, -41.29274 ], [ -72.55593, -41.29157 ], [ -72.5565, -41.29135 ], [ -72.55665, -41.29101 ], [ -72.55628, -41.29046 ], [ -72.55574, -41.29018 ], [ -72.55563, -41.28983 ], [ -72.55534, -41.28961 ], [ -72.55544, -41.28931 ], [ -72.55518, -41.28873 ], [ -72.55501, -41.28852 ], [ -72.55453, -41.28838 ], [ -72.55416, -41.28786 ], [ -72.55393, -41.2873 ], [ -72.55448, -41.28672 ], [ -72.55326, -41.28529 ], [ -72.55264, -41.28499 ], [ -72.5527, -41.28387 ], [ -72.55222, -41.28335 ], [ -72.55228, -41.2827 ], [ -72.55093, -41.28199 ], [ -72.55121, -41.28066 ], [ -72.55105, -41.27964 ], [ -72.55071, -41.27889 ], [ -72.55105, -41.27816 ], [ -72.55044, -41.27711 ], [ -72.54998, -41.27691 ], [ -72.54905, -41.2759 ], [ -72.54794, -41.27603 ], [ -72.54747, -41.27575 ], [ -72.54615, -41.27538 ], [ -72.5453, -41.27592 ], [ -72.54433, -41.27548 ], [ -72.54403, -41.27441 ], [ -72.54296, -41.27448 ], [ -72.5423, -41.27395 ], [ -72.54204, -41.27347 ], [ -72.54167, -41.27332 ], [ -72.54028, -41.27334 ], [ -72.54018, -41.27312 ], [ -72.54037, -41.2723 ], [ -72.54025, -41.27206 ], [ -72.53924, -41.2717 ], [ -72.53818, -41.2715 ], [ -72.53568, -41.2718 ], [ -72.53462, -41.2717 ], [ -72.53429, -41.27156 ], [ -72.53356, -41.27083 ], [ -72.53327, -41.27084 ], [ -72.53298, -41.27109 ], [ -72.53171, -41.27109 ], [ -72.53056, -41.27026 ], [ -72.52848, -41.27048 ], [ -72.52732, -41.2701 ], [ -72.52621, -41.26931 ], [ -72.52533, -41.26902 ], [ -72.52503, -41.26854 ], [ -72.52465, -41.26732 ], [ -72.52427, -41.26687 ], [ -72.52342, -41.26643 ], [ -72.52299, -41.26546 ], [ -72.5234, -41.265 ], [ -72.52346, -41.26441 ], [ -72.52248, -41.26347 ], [ -72.52236, -41.26274 ], [ -72.52211, -41.26239 ], [ -72.52138, -41.26237 ], [ -72.52005, -41.26133 ], [ -72.51913, -41.26123 ], [ -72.51878, -41.26061 ], [ -72.51648, -41.25861 ], [ -72.51529, -41.25839 ], [ -72.51467, -41.25782 ], [ -72.51322, -41.25766 ], [ -72.5117, -41.25727 ], [ -72.51046, -41.25755 ], [ -72.50962, -41.25663 ], [ -72.50857, -41.25614 ], [ -72.50667, -41.25644 ], [ -72.50575, -41.25594 ], [ -72.50381, -41.25607 ], [ -72.50142, -41.25546 ], [ -72.50049, -41.25574 ], [ -72.50022, -41.256 ], [ -72.49978, -41.25601 ], [ -72.49762, -41.25531 ], [ -72.49633, -41.25577 ], [ -72.49486, -41.25512 ], [ -72.49174, -41.25464 ], [ -72.49076, -41.25477 ], [ -72.4899, -41.25538 ], [ -72.48693, -41.25631 ], [ -72.4861, -41.25625 ], [ -72.48441, -41.25646 ], [ -72.48307, -41.25759 ], [ -72.48165, -41.25774 ], [ -72.48079, -41.25829 ], [ -72.4802, -41.25829 ], [ -72.47911, -41.25858 ], [ -72.47829, -41.25924 ], [ -72.47769, -41.25944 ] ], [ [ -72.63904, -41.26468 ], [ -72.63796, -41.26199 ], [ -72.63565, -41.26078 ], [ -72.63464, -41.25944 ], [ -72.63393, -41.25889 ], [ -72.63372, -41.25765 ], [ -72.63211, -41.25647 ], [ -72.63236, -41.25555 ], [ -72.63198, -41.25425 ], [ -72.6305, -41.2538 ], [ -72.63093, -41.25307 ], [ -72.62951, -41.2521 ], [ -72.62912, -41.25109 ], [ -72.62803, -41.25047 ], [ -72.62745, -41.2481 ], [ -72.62605, -41.2476 ], [ -72.62582, -41.2467 ], [ -72.62256, -41.24536 ], [ -72.62163, -41.24426 ], [ -72.62009, -41.24431 ], [ -72.61975, -41.243 ], [ -72.61925, -41.24276 ], [ -72.61848, -41.24286 ], [ -72.61831, -41.24253 ], [ -72.619, -41.2411 ], [ -72.61784, -41.24049 ], [ -72.61839, -41.23986 ], [ -72.61889, -41.23976 ], [ -72.61919, -41.2389 ], [ -72.62004, -41.23827 ], [ -72.6194, -41.23755 ], [ -72.61942, -41.23658 ], [ -72.6183, -41.23414 ], [ -72.61848, -41.23374 ], [ -72.61827, -41.233 ], [ -72.6194, -41.23247 ], [ -72.61988, -41.23193 ], [ -72.62013, -41.2313 ], [ -72.62069, -41.23108 ], [ -72.62018, -41.22932 ], [ -72.62157, -41.2272 ], [ -72.62193, -41.22713 ], [ -72.62283, -41.22732 ], [ -72.62303, -41.22711 ], [ -72.62271, -41.22626 ], [ -72.62333, -41.2249 ], [ -72.62325, -41.22475 ], [ -72.62235, -41.22465 ], [ -72.62234, -41.2243 ], [ -72.62324, -41.22369 ], [ -72.62367, -41.22382 ], [ -72.62387, -41.22406 ], [ -72.62598, -41.22382 ] ], [ [ -72.4881, -41.06742 ], [ -72.4881, -41.06699 ], [ -72.4875, -41.06593 ], [ -72.48745, -41.06537 ], [ -72.4872, -41.0649 ], [ -72.48736, -41.06347 ], [ -72.48815, -41.06179 ], [ -72.49034, -41.06063 ], [ -72.4912, -41.0594 ], [ -72.49427, -41.05853 ], [ -72.49683, -41.05694 ], [ -72.49862, -41.05634 ], [ -72.49884, -41.05594 ], [ -72.49961, -41.05585 ], [ -72.50027, -41.05525 ], [ -72.50047, -41.05476 ], [ -72.50099, -41.05453 ], [ -72.50104, -41.05403 ], [ -72.50216, -41.05285 ], [ -72.5023, -41.05226 ], [ -72.50342, -41.052 ], [ -72.50381, -41.05147 ], [ -72.50402, -41.05035 ], [ -72.50495, -41.04919 ], [ -72.5048, -41.0481 ], [ -72.50501, -41.04708 ], [ -72.50528, -41.04675 ], [ -72.50593, -41.04615 ], [ -72.50678, -41.04575 ], [ -72.50786, -41.04466 ], [ -72.5085, -41.04439 ], [ -72.50904, -41.04388 ], [ -72.50922, -41.04347 ], [ -72.51011, -41.04282 ], [ -72.51165, -41.0424 ], [ -72.5129, -41.04168 ], [ -72.5131, -41.04096 ], [ -72.51431, -41.03945 ], [ -72.51607, -41.03882 ], [ -72.51764, -41.03702 ], [ -72.51897, -41.03399 ], [ -72.51845, -41.03331 ], [ -72.51873, -41.03291 ], [ -72.51858, -41.03265 ], [ -72.51895, -41.03187 ], [ -72.51886, -41.03163 ], [ -72.51933, -41.03 ], [ -72.52, -41.02909 ], [ -72.52, -41.02872 ], [ -72.52019, -41.02845 ], [ -72.52129, -41.02757 ], [ -72.52481, -41.02571 ], [ -72.52506, -41.02528 ], [ -72.52635, -41.02451 ], [ -72.527, -41.02464 ], [ -72.52809, -41.02423 ], [ -72.52869, -41.02372 ], [ -72.52925, -41.02356 ], [ -72.53054, -41.02361 ], [ -72.53099, -41.02343 ], [ -72.53139, -41.02273 ], [ -72.53245, -41.02262 ], [ -72.53532, -41.02194 ], [ -72.53637, -41.02123 ], [ -72.53751, -41.02085 ], [ -72.53843, -41.02074 ], [ -72.54062, -41.01987 ], [ -72.54159, -41.01996 ], [ -72.54212, -41.01984 ], [ -72.54394, -41.01908 ], [ -72.54611, -41.01899 ], [ -72.5474, -41.01799 ], [ -72.5491, -41.01778 ], [ -72.55049, -41.01677 ], [ -72.55186, -41.0154 ], [ -72.55362, -41.01484 ], [ -72.55474, -41.01368 ], [ -72.55523, -41.01342 ], [ -72.55566, -41.01277 ], [ -72.55791, -41.01134 ], [ -72.55942, -41.01109 ], [ -72.56186, -41.01123 ], [ -72.56296, -41.01102 ], [ -72.56341, -41.01089 ], [ -72.5653, -41.00962 ], [ -72.56689, -41.00928 ], [ -72.56892, -41.00836 ], [ -72.57179, -41.00812 ], [ -72.57312, -41.00757 ], [ -72.57424, -41.00789 ], [ -72.57562, -41.007 ], [ -72.5767, -41.00606 ], [ -72.57648, -41.00536 ], [ -72.57678, -41.00472 ], [ -72.57625, -41.00409 ], [ -72.57627, -41.00343 ], [ -72.57679, -41.00279 ], [ -72.57693, -41.00131 ], [ -72.57682, -40.99998 ], [ -72.57763, -40.9985 ], [ -72.57779, -40.997 ], [ -72.57862, -40.99602 ], [ -72.57863, -40.99512 ], [ -72.57925, -40.99363 ], [ -72.58023, -40.99233 ], [ -72.58006, -40.99111 ], [ -72.58033, -40.98965 ], [ -72.58007, -40.98877 ], [ -72.58091, -40.98763 ], [ -72.58137, -40.98584 ], [ -72.58109, -40.98192 ], [ -72.58183, -40.98034 ], [ -72.58219, -40.97872 ], [ -72.58274, -40.97778 ], [ -72.5841, -40.97633 ], [ -72.58532, -40.97546 ], [ -72.58619, -40.97385 ], [ -72.58893, -40.97149 ], [ -72.58966, -40.97053 ], [ -72.593, -40.9698 ], [ -72.59318, -40.96959 ], [ -72.59303, -40.96913 ], [ -72.59326, -40.96883 ], [ -72.5936, -40.96875 ], [ -72.59446, -40.96892 ], [ -72.59531, -40.96853 ], [ -72.59544, -40.96833 ], [ -72.59535, -40.96816 ], [ -72.59442, -40.96803 ], [ -72.59422, -40.96786 ], [ -72.59462, -40.96656 ], [ -72.59525, -40.96669 ], [ -72.59647, -40.96613 ], [ -72.59804, -40.96624 ], [ -72.59869, -40.96592 ], [ -72.59889, -40.96543 ], [ -72.59848, -40.96371 ], [ -72.5986, -40.96338 ], [ -72.60043, -40.96361 ], [ -72.60056, -40.96409 ], [ -72.60006, -40.96479 ], [ -72.60012, -40.96513 ], [ -72.60214, -40.96667 ], [ -72.60359, -40.96703 ], [ -72.60474, -40.96698 ], [ -72.60532, -40.9667 ], [ -72.60565, -40.966 ], [ -72.60568, -40.96486 ], [ -72.60582, -40.96466 ], [ -72.60661, -40.96476 ], [ -72.60789, -40.96459 ], [ -72.60958, -40.9641 ], [ -72.61038, -40.96369 ], [ -72.61079, -40.96335 ], [ -72.61095, -40.96299 ], [ -72.611, -40.96245 ], [ -72.61072, -40.96154 ], [ -72.61021, -40.96107 ], [ -72.60925, -40.96065 ], [ -72.60897, -40.96008 ], [ -72.6092, -40.95981 ], [ -72.61012, -40.9597 ], [ -72.61057, -40.95905 ] ], [ [ -72.62458, -41.34805 ], [ -72.62525, -41.34798 ], [ -72.62579, -41.34827 ], [ -72.62616, -41.34829 ], [ -72.62615, -41.34846 ], [ -72.6268, -41.34928 ], [ -72.62711, -41.34929 ], [ -72.62743, -41.34955 ], [ -72.62783, -41.35049 ], [ -72.62898, -41.35101 ], [ -72.62914, -41.35152 ], [ -72.63074, -41.35202 ], [ -72.63114, -41.3519 ], [ -72.63296, -41.35268 ], [ -72.63418, -41.35404 ], [ -72.63575, -41.35407 ], [ -72.63645, -41.35472 ], [ -72.63769, -41.35508 ], [ -72.63783, -41.35549 ], [ -72.63842, -41.35568 ], [ -72.63867, -41.35613 ], [ -72.63928, -41.35645 ], [ -72.63968, -41.35704 ], [ -72.64015, -41.35725 ], [ -72.64042, -41.35792 ], [ -72.64079, -41.358 ], [ -72.64124, -41.35854 ], [ -72.64196, -41.35878 ], [ -72.64227, -41.35905 ], [ -72.64269, -41.35907 ], [ -72.6427, -41.35923 ], [ -72.64325, -41.35954 ], [ -72.6444, -41.35979 ], [ -72.64461, -41.36041 ], [ -72.64533, -41.36135 ], [ -72.64508, -41.36159 ], [ -72.64506, -41.36189 ], [ -72.64533, -41.3622 ], [ -72.64509, -41.36249 ], [ -72.64533, -41.36361 ], [ -72.64513, -41.36403 ], [ -72.64525, -41.36434 ], [ -72.64488, -41.36528 ], [ -72.64499, -41.36571 ], [ -72.64527, -41.36596 ], [ -72.64527, -41.36642 ], [ -72.64479, -41.36676 ], [ -72.64483, -41.36692 ], [ -72.64517, -41.36703 ], [ -72.64527, -41.36744 ], [ -72.64486, -41.36778 ], [ -72.64499, -41.36851 ], [ -72.64488, -41.36877 ], [ -72.64462, -41.36889 ], [ -72.64461, -41.36951 ], [ -72.64443, -41.36963 ], [ -72.64437, -41.37028 ], [ -72.64456, -41.3707 ], [ -72.64437, -41.37102 ], [ -72.64458, -41.37144 ], [ -72.64436, -41.37167 ], [ -72.64474, -41.37193 ], [ -72.6451, -41.37314 ], [ -72.645, -41.3733 ], [ -72.64515, -41.37366 ], [ -72.64493, -41.37424 ], [ -72.64517, -41.37457 ], [ -72.64505, -41.37514 ], [ -72.64527, -41.37577 ], [ -72.64513, -41.3763 ], [ -72.64494, -41.37632 ], [ -72.6447, -41.37689 ], [ -72.64501, -41.37721 ], [ -72.64497, -41.37757 ], [ -72.64455, -41.3779 ], [ -72.64444, -41.37833 ], [ -72.6446, -41.37867 ], [ -72.64451, -41.37913 ], [ -72.64429, -41.37927 ], [ -72.64443, -41.37949 ], [ -72.64424, -41.37955 ], [ -72.64442, -41.37989 ], [ -72.64454, -41.38105 ], [ -72.64484, -41.38171 ], [ -72.64457, -41.38259 ], [ -72.64457, -41.38337 ], [ -72.64383, -41.38395 ], [ -72.64395, -41.38466 ], [ -72.64426, -41.38488 ], [ -72.6445, -41.38567 ], [ -72.64422, -41.38624 ], [ -72.64428, -41.38674 ], [ -72.6439, -41.38719 ], [ -72.64407, -41.38747 ], [ -72.64406, -41.38812 ], [ -72.64383, -41.38828 ] ] ] } },
{ "type": "Feature", "properties": { "nombre": "Río Blanco Arenal", "tipo": "river", "volcan_codigo": "CLB", "volcan_nombre": "Calbuco", "drena_volcan": false }, "geometry": { "type": "LineString", "coordinates": [ [ -72.65234, -41.04371 ], [ -72.6525, -41.04407 ], [ -72.65312, -41.0445 ], [ -72.65363, -41.04536 ], [ -72.65485, -41.046 ], [ -72.65585, -41.04702 ], [ -72.65662, -41.0474 ], [ -72.65689, -41.04792 ], [ -72.65762, -41.04801 ], [ -72.65802, -41.04867 ], [ -72.65833, -41.04899 ], [ -72.65889, -41.04917 ], [ -72.66007, -41.05056 ], [ -72.66123, -41.05064 ], [ -72.66311, -41.05132 ], [ -72.66364, -41.05143 ], [ -72.66619, -41.05114 ], [ -72.66766, -41.05077 ], [ -72.6681, -41.05089 ], [ -72.66855, -41.05057 ], [ -72.66935, -41.05031 ], [ -72.67228, -41.04961 ], [ -72.67399, -41.04879 ] ] } },
{ "type": "Feature", "properties": { "nombre": "Río Blanco Las Cascadas", "tipo": "river", "volcan_codigo": "CLB", "volcan_nombre": "Calbuco", "drena_volcan": false }, "geometry": { "type": "LineString", "coordinates": [ [ -72.56957, -41.07172 ], [ -72.57009, -41.07238 ], [ -72.56999, -41.07266 ], [ -72.57048, -41.07336 ], [ -72.57084, -41.07357 ], [ -72.57098, -41.07344 ], [ -72.57186, -41.07369 ], [ -72.57268, -41.07355 ], [ -72.57455, -41.07378 ], [ -72.57573, -41.07478 ], [ -72.58209, -41.07491 ], [ -72.58352, -41.0753 ], [ -72.58441, -41.07503 ], [ -72.58579, -41.07497 ], [ -72.5861, -41.07378 ], [ -72.58855, -41.07335 ], [ -72.58912, -41.07297 ], [ -72.59126, -41.07244 ], [ -72.59163, -41.0726 ], [ -72.59265, -41.07382 ], [ -72.59357, -41.07405 ], [ -72.59465, -41.07355 ], [ -72.59503, -41.07321 ], [ -72.5965, -41.07276 ], [ -72.59949, -41.0726 ], [ -72.60064, -41.0719 ], [ -72.60363, -41.07192 ], [ -72.60394, -41.07159 ], [ -72.60454, -41.07154 ], [ -72.60497, -41.07177 ], [ -72.60568, -41.07302 ], [ -72.60668, -41.07376 ], [ -72.60815, -41.07364 ], [ -72.61028, -41.07384 ], [ -72.61098, -41.07422 ], [ -72.61157, -41.07416 ], [ -72.61199, -41.07443 ], [ -72.61283, -41.0745 ], [ -72.61386, -41.07424 ], [ -72.61481, -41.0746 ], [ -72.61569, -41.07456 ], [ -72.61652, -41.07529 ], [ -72.61757, -41.07525 ], [ -72.61862, -41.07578 ], [ -72.619, -41.07572 ], [ -72.62063, -41.07708 ], [ -72.62073, -41.07753 ], [ -72.6212, -41.07789 ], [ -72.6225, -41.07811 ], [ -72.62317, -41.07868 ], [ -72.6232, -41.07903 ], [ -72.6235, -41.07938 ], [ -72.62415, -41.07948 ], [ -72.62464, -41.07976 ], [ -72.6266, -41.07993 ], [ -72.62718, -41.08041 ], [ -72.62763, -41.08031 ], [ -72.62815, -41.08052 ], [ -72.62888, -41.08054 ], [ -72.6287, -41.08088 ], [ -72.62908, -41.08111 ], [ -72.62981, -41.08123 ], [ -72.63025, -41.0817 ], [ -72.63176, -41.08174 ], [ -72.63228, -41.08207 ], [ -72.63322, -41.08225 ], [ -72.63511, -41.08297 ], [ -72.6353, -41.0833 ], [ -72.63611, -41.0839 ], [ -72.63716, -41.08653 ], [ -72.63796, -41.08768 ], [ -72.63841, -41.0879 ], [ -72.63867, -41.0885 ], [ -72.64086, -41.08956 ] ] } },
{ "type": "Feature", "properties": { "nombre": "Río Blanco Poniente", "tipo": "river", "volcan_codigo": "CLB", "volcan_nombre": "Calbuco", "drena_volcan": false }, "geometry": { "type": "MultiLineString", "coordinates": [ [ [ -72.38154, -41.76277 ], [ -72.38116, -41.76249 ], [ -72.37681, -41.76131 ], [ -72.37538, -41.76131 ], [ -72.37488, -41.76105 ], [ -72.37235, -41.76077 ], [ -72.37122, -41.75984 ], [ -72.37109, -41.75956 ], [ -72.37126, -41.75911 ], [ -72.37066, -41.75848 ], [ -72.37058, -41.75802 ], [ -72.36843, -41.75602 ], [ -72.36832, -41.75532 ], [ -72.36746, -41.75472 ], [ -72.36728, -41.75441 ], [ -72.36701, -41.75333 ], [ -72.36611, -41.75273 ], [ -72.36569, -41.75153 ], [ -72.36582, -41.75098 ], [ -72.36566, -41.75011 ], [ -72.36458, -41.74918 ], [ -72.36398, -41.74786 ], [ -72.36361, -41.74776 ], [ -72.36338, -41.74786 ], [ -72.36278, -41.74749 ], [ -72.36224, -41.74747 ], [ -72.36102, -41.74674 ], [ -72.36101, -41.74651 ], [ -72.36023, -41.74577 ], [ -72.36011, -41.74532 ], [ -72.3606, -41.74452 ], [ -72.3609, -41.74434 ], [ -72.36104, -41.74334 ], [ -72.36243, -41.74189 ], [ -72.36256, -41.74155 ], [ -72.36233, -41.73913 ], [ -72.36185, -41.73837 ], [ -72.36129, -41.73817 ], [ -72.36096, -41.73782 ] ], [ [ -72.36096, -41.73782 ], [ -72.36081, -41.73743 ], [ -72.3609, -41.73707 ], [ -72.36048, -41.73648 ], [ -72.36038, -41.73599 ], [ -72.36048, -41.7353 ], [ -72.3609, -41.73466 ], [ -72.36018, -41.73301 ], [ -72.35985, -41.73258 ], [ -72.35978, -41.73205 ], [ -72.35942, -41.73184 ], [ -72.35904, -41.73124 ], [ -72.35856, -41.73094 ], [ -72.35835, -41.73015 ], [ -72.357, -41.72965 ], [ -72.35509, -41.7296 ], [ -72.35344, -41.72864 ], [ -72.35211, -41.72858 ], [ -72.35088, -41.72823 ] ] ] } },
{ "type": "Feature", "properties": { "nombre": "Río Bonito", "tipo": "river", "volcan_codigo": "CLB", "volcan_nombre": "Calbuco", "drena_volcan": false }, "geometry": { "type": "LineString", "coordinates": [ [ -72.38225, -40.93971 ], [ -72.38367, -40.93924 ], [ -72.38438, -40.93834 ], [ -72.38633, -40.93649 ], [ -72.38667, -40.93644 ], [ -72.38695, -40.9366 ], [ -72.38697, -40.93685 ], [ -72.38647, -40.93761 ], [ -72.38678, -40.93796 ], [ -72.38721, -40.93799 ], [ -72.3889, -40.93697 ], [ -72.38993, -40.93576 ], [ -72.3908, -40.93545 ], [ -72.39082, -40.93508 ], [ -72.3902, -40.93376 ], [ -72.39009, -40.93283 ], [ -72.39036, -40.93267 ], [ -72.39132, -40.93306 ], [ -72.39221, -40.93295 ], [ -72.39234, -40.93277 ], [ -72.39218, -40.93225 ], [ -72.39245, -40.93153 ], [ -72.39227, -40.93134 ], [ -72.39166, -40.93139 ], [ -72.39097, -40.93092 ], [ -72.39085, -40.93059 ], [ -72.39111, -40.93032 ], [ -72.39156, -40.93033 ], [ -72.39164, -40.93091 ], [ -72.39217, -40.93111 ], [ -72.39329, -40.93022 ], [ -72.39368, -40.93017 ], [ -72.39392, -40.93031 ], [ -72.39421, -40.93105 ], [ -72.39447, -40.93113 ], [ -72.39475, -40.93083 ], [ -72.39503, -40.92981 ], [ -72.39546, -40.93006 ], [ -72.39717, -40.93008 ], [ -72.39748, -40.92986 ], [ -72.39776, -40.92917 ], [ -72.39846, -40.92893 ], [ -72.40134, -40.92895 ], [ -72.40331, -40.92934 ], [ -72.40503, -40.92802 ], [ -72.40532, -40.92755 ], [ -72.40531, -40.92693 ], [ -72.40396, -40.92535 ], [ -72.40369, -40.92391 ], [ -72.40326, -40.92357 ], [ -72.40251, -40.92346 ], [ -72.40234, -40.92324 ], [ -72.40364, -40.92109 ], [ -72.4041, -40.9198 ], [ -72.4044, -40.9196 ], [ -72.40526, -40.91954 ], [ -72.40546, -40.91928 ], [ -72.40535, -40.91911 ], [ -72.40308, -40.9185 ], [ -72.40276, -40.91794 ], [ -72.40294, -40.91731 ], [ -72.40446, -40.91599 ], [ -72.4054, -40.91562 ], [ -72.40755, -40.91573 ], [ -72.40892, -40.91641 ], [ -72.40934, -40.9164 ], [ -72.41032, -40.91498 ], [ -72.41111, -40.91267 ], [ -72.4119, -40.9125 ], [ -72.41225, -40.91266 ], [ -72.41267, -40.91314 ], [ -72.41315, -40.91308 ], [ -72.4144, -40.91075 ], [ -72.41439, -40.90929 ], [ -72.41672, -40.908 ], [ -72.41783, -40.9072 ], [ -72.41867, -40.90606 ], [ -72.41955, -40.9042 ], [ -72.41997, -40.90366 ], [ -72.42212, -40.90225 ], [ -72.42373, -40.90274 ], [ -72.42444, -40.90258 ], [ -72.42492, -40.90221 ], [ -72.42501, -40.90194 ], [ -72.4248, -40.90167 ], [ -72.4235, -40.90144 ], [ -72.42291, -40.90112 ], [ -72.42275, -40.90085 ], [ -72.42287, -40.90058 ], [ -72.42329, -40.90043 ], [ -72.42416, -40.90064 ], [ -72.42421, -40.90019 ], [ -72.42451, -40.90002 ], [ -72.42579, -40.90025 ], [ -72.42678, -40.90004 ], [ -72.42744, -40.89956 ], [ -72.42832, -40.89799 ], [ -72.42936, -40.89775 ], [ -72.43095, -40.89677 ], [ -72.43102, -40.89647 ], [ -72.43085, -40.89621 ], [ -72.42951, -40.89556 ], [ -72.42955, -40.89534 ], [ -72.43016, -40.89495 ], [ -72.42965, -40.89438 ], [ -72.42957, -40.89359 ], [ -72.42972, -40.89339 ], [ -72.43009, -40.89336 ], [ -72.4314, -40.89397 ], [ -72.43484, -40.89313 ], [ -72.43691, -40.89347 ], [ -72.43722, -40.89325 ], [ -72.43748, -40.89256 ], [ -72.43853, -40.89124 ], [ -72.43875, -40.89056 ], [ -72.43876, -40.88972 ], [ -72.43923, -40.88957 ], [ -72.44115, -40.89018 ], [ -72.44246, -40.89126 ], [ -72.44367, -40.89161 ], [ -72.44435, -40.89204 ], [ -72.44458, -40.89246 ], [ -72.44408, -40.89472 ], [ -72.44415, -40.89521 ], [ -72.44452, -40.89561 ], [ -72.44565, -40.89593 ], [ -72.44619, -40.89583 ], [ -72.44647, -40.89562 ], [ -72.44664, -40.8952 ], [ -72.44589, -40.8935 ], [ -72.44597, -40.89291 ], [ -72.44716, -40.89263 ], [ -72.4481, -40.89274 ], [ -72.4489, -40.89347 ], [ -72.449, -40.89441 ], [ -72.44883, -40.8947 ], [ -72.44917, -40.89512 ], [ -72.44952, -40.89519 ], [ -72.4504, -40.89483 ], [ -72.45126, -40.89337 ], [ -72.45219, -40.89241 ], [ -72.4538, -40.89155 ], [ -72.4544, -40.89152 ], [ -72.45488, -40.89169 ], [ -72.45541, -40.89226 ], [ -72.45582, -40.89229 ], [ -72.45797, -40.89184 ], [ -72.45899, -40.89142 ], [ -72.46023, -40.89128 ], [ -72.46154, -40.89167 ], [ -72.46203, -40.89139 ], [ -72.46319, -40.88939 ], [ -72.46459, -40.88745 ] ] } },
{ "type": "Feature", "properties": { "nombre": "Río Cascajal", "tipo": "river", "volcan_codigo": "CLB", "volcan_nombre": "Calbuco", "drena_volcan": false }, "geometry": { "type": "LineString", "coordinates": [ [ -72.28702, -41.58588 ], [ -72.28741, -41.58733 ], [ -72.28828, -41.58784 ], [ -72.2883, -41.58811 ], [ -72.28808, -41.58832 ], [ -72.28827, -41.58898 ], [ -72.28897, -41.58982 ], [ -72.28979, -41.58988 ], [ -72.28988, -41.59004 ], [ -72.28981, -41.59037 ], [ -72.28929, -41.59054 ], [ -72.28961, -41.59149 ], [ -72.29029, -41.5924 ], [ -72.29069, -41.59361 ], [ -72.29127, -41.59431 ], [ -72.29126, -41.59476 ], [ -72.29161, -41.59584 ], [ -72.29284, -41.59773 ], [ -72.2954, -41.60002 ], [ -72.2958, -41.60061 ], [ -72.29755, -41.60142 ], [ -72.29772, -41.60203 ], [ -72.29775, -41.6036 ], [ -72.29792, -41.60387 ], [ -72.29856, -41.60462 ], [ -72.29948, -41.60536 ], [ -72.30011, -41.60638 ], [ -72.30152, -41.60731 ], [ -72.30179, -41.60781 ], [ -72.30174, -41.60841 ], [ -72.30269, -41.60872 ], [ -72.30317, -41.61004 ], [ -72.30342, -41.61138 ], [ -72.3037, -41.61196 ], [ -72.30423, -41.61249 ], [ -72.30454, -41.61355 ], [ -72.30499, -41.61416 ], [ -72.30525, -41.61533 ], [ -72.306, -41.61727 ], [ -72.30581, -41.61825 ], [ -72.30591, -41.61882 ], [ -72.3063, -41.61939 ], [ -72.30609, -41.61985 ], [ -72.3062, -41.62013 ], [ -72.30673, -41.62053 ], [ -72.30746, -41.62058 ], [ -72.30773, -41.62115 ], [ -72.30973, -41.62203 ], [ -72.31025, -41.62293 ], [ -72.31003, -41.62344 ], [ -72.31167, -41.62445 ], [ -72.31222, -41.62529 ], [ -72.31366, -41.62684 ], [ -72.31436, -41.62727 ], [ -72.31517, -41.62841 ], [ -72.31526, -41.62937 ], [ -72.31652, -41.62971 ], [ -72.31658, -41.63039 ], [ -72.31703, -41.63098 ], [ -72.31701, -41.63171 ], [ -72.31748, -41.63184 ], [ -72.31773, -41.63214 ], [ -72.31997, -41.63235 ], [ -72.3205, -41.63257 ], [ -72.321, -41.63303 ], [ -72.32137, -41.63385 ], [ -72.32262, -41.63447 ] ] } },
{ "type": "Feature", "properties": { "nombre": "Río Cedro", "tipo": "river", "volcan_codigo": "CLB", "volcan_nombre": "Calbuco", "drena_volcan": false }, "geometry": { "type": "LineString", "coordinates": [ [ -72.42542, -41.5324 ], [ -72.42677, -41.53221 ], [ -72.42787, -41.53254 ], [ -72.42887, -41.53239 ], [ -72.43043, -41.53176 ], [ -72.42955, -41.53087 ], [ -72.42945, -41.5307 ], [ -72.42958, -41.53052 ], [ -72.43089, -41.53018 ], [ -72.4313, -41.5304 ], [ -72.43201, -41.53017 ], [ -72.43257, -41.53018 ], [ -72.43282, -41.53001 ], [ -72.43266, -41.52973 ], [ -72.43276, -41.52965 ], [ -72.43413, -41.52905 ], [ -72.43494, -41.52899 ], [ -72.43541, -41.52843 ], [ -72.43575, -41.52843 ], [ -72.43612, -41.52876 ], [ -72.43634, -41.52875 ], [ -72.43648, -41.52842 ], [ -72.43728, -41.52768 ], [ -72.4378, -41.52665 ], [ -72.43916, -41.52611 ], [ -72.43935, -41.52572 ], [ -72.44038, -41.52465 ], [ -72.44045, -41.52227 ], [ -72.43993, -41.52179 ], [ -72.43996, -41.52051 ], [ -72.43962, -41.51959 ], [ -72.43964, -41.5192 ], [ -72.43927, -41.51898 ], [ -72.43915, -41.51851 ], [ -72.43849, -41.51775 ], [ -72.43855, -41.517 ], [ -72.43814, -41.51622 ], [ -72.43841, -41.51587 ], [ -72.43842, -41.5155 ], [ -72.43813, -41.51457 ], [ -72.43772, -41.514 ], [ -72.43788, -41.51345 ], [ -72.43709, -41.51327 ] ] } },
{ "type": "Feature", "properties": { "nombre": "Río Chaica", "tipo": "river", "volcan_codigo": "CLB", "volcan_nombre": "Calbuco", "drena_volcan": false }, "geometry": { "type": "LineString", "coordinates": [ [ -72.6044, -41.51441 ], [ -72.60585, -41.51453 ], [ -72.60984, -41.51627 ], [ -72.61085, -41.51663 ], [ -72.61158, -41.51666 ], [ -72.61231, -41.51631 ], [ -72.6124, -41.516 ], [ -72.61124, -41.51539 ], [ -72.6112, -41.51394 ], [ -72.61137, -41.51332 ], [ -72.6125, -41.51203 ], [ -72.61298, -41.51199 ], [ -72.61353, -41.51221 ], [ -72.61391, -41.51206 ], [ -72.61402, -41.51184 ], [ -72.61347, -41.51085 ], [ -72.61402, -41.51049 ], [ -72.61446, -41.51055 ], [ -72.61566, -41.51142 ], [ -72.61606, -41.51227 ], [ -72.61642, -41.51237 ], [ -72.61674, -41.51195 ], [ -72.61701, -41.51186 ], [ -72.61774, -41.5126 ], [ -72.61844, -41.51284 ], [ -72.61857, -41.51271 ], [ -72.61845, -41.51227 ], [ -72.61705, -41.51147 ], [ -72.61669, -41.51092 ], [ -72.61682, -41.51073 ], [ -72.61792, -41.51115 ], [ -72.62091, -41.51142 ], [ -72.6223, -41.51104 ], [ -72.6226, -41.51122 ], [ -72.62295, -41.51199 ], [ -72.62324, -41.51227 ], [ -72.62337, -41.5121 ], [ -72.62324, -41.51142 ], [ -72.62372, -41.51093 ], [ -72.62446, -41.51135 ], [ -72.62525, -41.51136 ], [ -72.62532, -41.51055 ], [ -72.62551, -41.51042 ], [ -72.62597, -41.51055 ], [ -72.62736, -41.50985 ], [ -72.62862, -41.50971 ], [ -72.62894, -41.50981 ], [ -72.62857, -41.5103 ], [ -72.62864, -41.51059 ], [ -72.629, -41.51087 ], [ -72.62982, -41.51079 ], [ -72.63053, -41.51106 ], [ -72.6313, -41.51107 ], [ -72.63209, -41.5103 ], [ -72.63294, -41.51031 ], [ -72.63296, -41.51094 ], [ -72.63241, -41.51156 ], [ -72.63232, -41.51219 ], [ -72.63256, -41.51269 ], [ -72.6333, -41.51311 ], [ -72.63496, -41.51263 ], [ -72.63714, -41.51246 ], [ -72.63764, -41.51257 ], [ -72.63808, -41.51237 ], [ -72.63882, -41.51232 ], [ -72.63965, -41.5119 ], [ -72.64173, -41.51132 ], [ -72.64206, -41.5115 ], [ -72.64198, -41.51207 ], [ -72.64221, -41.51226 ], [ -72.64264, -41.51237 ], [ -72.64304, -41.51223 ], [ -72.64366, -41.51153 ], [ -72.64487, -41.51153 ], [ -72.64573, -41.51227 ], [ -72.64768, -41.51306 ], [ -72.64996, -41.51334 ], [ -72.65092, -41.51375 ], [ -72.65104, -41.51355 ], [ -72.65078, -41.51297 ], [ -72.65096, -41.51285 ], [ -72.65344, -41.51338 ], [ -72.65458, -41.51241 ], [ -72.65563, -41.51189 ], [ -72.65609, -41.51181 ], [ -72.65745, -41.51214 ], [ -72.65837, -41.51211 ], [ -72.6587, -41.51273 ], [ -72.6595, -41.51345 ], [ -72.65972, -41.51387 ], [ -72.65975, -41.51489 ], [ -72.66005, -41.51488 ], [ -72.66057, -41.51451 ], [ -72.66073, -41.51458 ], [ -72.66045, -41.51513 ], [ -72.66059, -41.51591 ], [ -72.66146, -41.51586 ], [ -72.6617, -41.51641 ], [ -72.66235, -41.51677 ], [ -72.66288, -41.51746 ], [ -72.66331, -41.51833 ], [ -72.66362, -41.51953 ], [ -72.66413, -41.51997 ], [ -72.66559, -41.52046 ], [ -72.66713, -41.52307 ], [ -72.66775, -41.52324 ], [ -72.66826, -41.52305 ], [ -72.66896, -41.52309 ], [ -72.66914, -41.52409 ], [ -72.67082, -41.5257 ], [ -72.67113, -41.52647 ], [ -72.67101, -41.52733 ], [ -72.67152, -41.52878 ], [ -72.67244, -41.52941 ], [ -72.67363, -41.53057 ], [ -72.67361, -41.53093 ], [ -72.67222, -41.5315 ], [ -72.67142, -41.53146 ], [ -72.67068, -41.53202 ], [ -72.67077, -41.5323 ], [ -72.67181, -41.53272 ], [ -72.67189, -41.53316 ], [ -72.67125, -41.53422 ], [ -72.66677, -41.53571 ], [ -72.66656, -41.53602 ], [ -72.66667, -41.53658 ], [ -72.66975, -41.53655 ], [ -72.6701, -41.53693 ], [ -72.67025, -41.53752 ], [ -72.66945, -41.53772 ], [ -72.66914, -41.53802 ], [ -72.6705, -41.53914 ], [ -72.671, -41.53935 ], [ -72.67111, -41.53959 ], [ -72.6704, -41.54085 ], [ -72.66692, -41.54198 ], [ -72.6666, -41.54245 ], [ -72.66701, -41.54284 ], [ -72.66832, -41.54313 ], [ -72.66853, -41.54403 ], [ -72.66779, -41.54467 ], [ -72.6682, -41.54567 ], [ -72.66805, -41.54588 ], [ -72.66755, -41.54579 ], [ -72.66727, -41.54507 ], [ -72.66688, -41.54502 ], [ -72.6656, -41.54524 ], [ -72.6651, -41.54573 ], [ -72.66382, -41.54564 ], [ -72.66361, -41.54589 ], [ -72.66358, -41.54752 ], [ -72.66401, -41.54792 ], [ -72.66553, -41.54742 ], [ -72.6659, -41.5475 ], [ -72.66619, -41.54828 ], [ -72.66606, -41.54856 ], [ -72.66483, -41.54885 ], [ -72.66429, -41.54925 ], [ -72.66422, -41.5496 ], [ -72.66495, -41.55055 ], [ -72.66488, -41.5511 ], [ -72.66454, -41.55136 ], [ -72.66426, -41.55188 ], [ -72.66405, -41.55265 ], [ -72.66416, -41.55303 ], [ -72.66563, -41.55338 ], [ -72.66744, -41.55326 ], [ -72.66873, -41.55342 ], [ -72.66936, -41.55383 ], [ -72.66929, -41.55416 ], [ -72.66896, -41.55445 ], [ -72.66801, -41.55466 ], [ -72.66724, -41.55526 ], [ -72.66532, -41.55563 ], [ -72.66496, -41.55563 ], [ -72.66436, -41.55522 ], [ -72.66481, -41.55417 ], [ -72.66479, -41.55396 ], [ -72.66458, -41.55384 ], [ -72.66394, -41.55396 ], [ -72.66361, -41.55471 ], [ -72.66294, -41.55497 ], [ -72.66234, -41.55498 ], [ -72.6611, -41.55446 ], [ -72.66032, -41.55442 ], [ -72.65912, -41.55473 ], [ -72.65849, -41.55514 ], [ -72.6584, -41.55589 ], [ -72.65808, -41.55642 ], [ -72.65728, -41.55725 ], [ -72.65658, -41.55745 ], [ -72.65619, -41.55786 ], [ -72.65625, -41.55863 ], [ -72.6561, -41.55897 ], [ -72.65515, -41.55925 ], [ -72.65389, -41.5592 ], [ -72.6532, -41.55945 ], [ -72.65305, -41.55982 ], [ -72.65314, -41.56018 ], [ -72.65351, -41.56068 ], [ -72.65395, -41.56108 ], [ -72.65473, -41.56127 ], [ -72.65483, -41.56149 ], [ -72.65441, -41.56217 ], [ -72.65326, -41.56282 ], [ -72.65296, -41.56315 ], [ -72.65293, -41.56357 ], [ -72.65375, -41.56415 ], [ -72.65378, -41.56447 ], [ -72.65364, -41.56485 ], [ -72.65249, -41.56555 ], [ -72.65228, -41.56606 ], [ -72.65265, -41.56674 ], [ -72.65364, -41.56727 ], [ -72.65379, -41.56768 ], [ -72.65312, -41.56863 ], [ -72.65288, -41.56939 ], [ -72.65302, -41.5698 ], [ -72.65346, -41.57009 ], [ -72.65522, -41.57075 ], [ -72.65553, -41.571 ], [ -72.65548, -41.57335 ], [ -72.65511, -41.57441 ], [ -72.65524, -41.57467 ], [ -72.65513, -41.57524 ], [ -72.65476, -41.57543 ], [ -72.65511, -41.57636 ], [ -72.65707, -41.57716 ], [ -72.6576, -41.57715 ], [ -72.65913, -41.57671 ], [ -72.65978, -41.57679 ], [ -72.66072, -41.57728 ], [ -72.66115, -41.5776 ], [ -72.66115, -41.57836 ], [ -72.66099, -41.57866 ], [ -72.65993, -41.57907 ], [ -72.65999, -41.57939 ], [ -72.66123, -41.58049 ], [ -72.66213, -41.58073 ], [ -72.66364, -41.58062 ], [ -72.66392, -41.58101 ], [ -72.66409, -41.58157 ], [ -72.66375, -41.58259 ], [ -72.66383, -41.58396 ], [ -72.6636, -41.58451 ], [ -72.66272, -41.58526 ], [ -72.6627, -41.58591 ], [ -72.66308, -41.58604 ], [ -72.66469, -41.5857 ], [ -72.66591, -41.58582 ], [ -72.66608, -41.58646 ], [ -72.66666, -41.58715 ], [ -72.66721, -41.58745 ], [ -72.66782, -41.58827 ], [ -72.66809, -41.58998 ], [ -72.66863, -41.59036 ], [ -72.66882, -41.59034 ], [ -72.6698, -41.58892 ], [ -72.67043, -41.58847 ], [ -72.67082, -41.58833 ], [ -72.67117, -41.58843 ], [ -72.67144, -41.58879 ], [ -72.67134, -41.58919 ], [ -72.67072, -41.58936 ], [ -72.6702, -41.58972 ], [ -72.67083, -41.59101 ], [ -72.67147, -41.59158 ], [ -72.67215, -41.59182 ], [ -72.67244, -41.59257 ], [ -72.6724, -41.59305 ], [ -72.67146, -41.59463 ], [ -72.67135, -41.5954 ], [ -72.67161, -41.59591 ], [ -72.67361, -41.59535 ], [ -72.67446, -41.59533 ], [ -72.67496, -41.59572 ], [ -72.67553, -41.59675 ], [ -72.67542, -41.5971 ], [ -72.67436, -41.59767 ], [ -72.67413, -41.59814 ], [ -72.67417, -41.59839 ], [ -72.67505, -41.5995 ], [ -72.67446, -41.60103 ], [ -72.67475, -41.60267 ], [ -72.67513, -41.60307 ], [ -72.6759, -41.6032 ], [ -72.67656, -41.60285 ], [ -72.67667, -41.60262 ], [ -72.67657, -41.60116 ], [ -72.67758, -41.59953 ], [ -72.67786, -41.59945 ], [ -72.67911, -41.5997 ], [ -72.67943, -41.59983 ], [ -72.67954, -41.60016 ], [ -72.68151, -41.60063 ], [ -72.68174, -41.60234 ], [ -72.68223, -41.60262 ], [ -72.68113, -41.60426 ], [ -72.68308, -41.60564 ], [ -72.68372, -41.6072 ], [ -72.68504, -41.60869 ], [ -72.68612, -41.6091 ], [ -72.68752, -41.60918 ], [ -72.69082, -41.60829 ], [ -72.69462, -41.60911 ] ] } },
{ "type": "Feature", "properties": { "nombre": "Río Chamiza", "tipo": "river", "volcan_codigo": "CLB", "volcan_nombre": "Calbuco", "drena_volcan": true }, "geometry": { "type": "MultiLineString", "coordinates": [ [ [ -72.59393, -41.43619 ], [ -72.59413, -41.43667 ], [ -72.59459, -41.43713 ], [ -72.59567, -41.43791 ], [ -72.59673, -41.43988 ], [ -72.59811, -41.44178 ], [ -72.59852, -41.4432 ], [ -72.59905, -41.44359 ], [ -72.60047, -41.444 ], [ -72.60325, -41.44546 ], [ -72.60593, -41.44488 ], [ -72.6077, -41.44508 ], [ -72.60818, -41.44533 ], [ -72.60936, -41.4465 ], [ -72.61138, -41.4471 ], [ -72.61179, -41.44794 ], [ -72.61284, -41.44901 ], [ -72.61365, -41.4504 ], [ -72.61429, -41.45112 ], [ -72.61622, -41.45039 ], [ -72.61714, -41.44984 ], [ -72.61737, -41.44937 ], [ -72.61829, -41.44909 ], [ -72.61926, -41.44913 ], [ -72.6199, -41.44947 ], [ -72.62226, -41.44974 ], [ -72.62532, -41.44822 ], [ -72.62622, -41.44696 ], [ -72.62673, -41.44656 ], [ -72.6276, -41.44626 ], [ -72.62859, -41.44682 ], [ -72.63226, -41.44834 ], [ -72.63521, -41.44933 ], [ -72.63518, -41.44968 ], [ -72.63582, -41.45015 ], [ -72.63575, -41.45101 ], [ -72.63543, -41.45221 ], [ -72.63479, -41.45336 ], [ -72.63478, -41.45401 ], [ -72.63514, -41.45453 ], [ -72.63557, -41.45469 ], [ -72.63651, -41.45464 ], [ -72.63722, -41.45435 ], [ -72.63758, -41.4544 ], [ -72.63784, -41.45456 ], [ -72.63835, -41.45596 ], [ -72.63692, -41.45777 ], [ -72.63794, -41.45844 ], [ -72.63945, -41.45865 ], [ -72.6411, -41.45936 ], [ -72.64195, -41.46051 ], [ -72.64169, -41.46112 ], [ -72.64182, -41.46177 ], [ -72.64444, -41.46224 ], [ -72.64534, -41.46223 ], [ -72.64617, -41.46252 ], [ -72.64697, -41.46352 ], [ -72.64771, -41.46354 ], [ -72.6491, -41.46412 ], [ -72.64912, -41.46471 ], [ -72.64958, -41.46574 ], [ -72.65064, -41.46708 ], [ -72.65074, -41.46763 ], [ -72.65151, -41.46898 ], [ -72.65273, -41.46941 ], [ -72.65332, -41.47022 ], [ -72.65389, -41.47061 ], [ -72.65441, -41.47068 ], [ -72.65543, -41.4705 ], [ -72.65572, -41.47061 ], [ -72.65592, -41.47131 ], [ -72.65839, -41.47165 ], [ -72.66093, -41.47282 ], [ -72.66202, -41.47374 ], [ -72.66268, -41.47488 ], [ -72.66293, -41.47603 ], [ -72.66361, -41.47653 ], [ -72.66421, -41.47724 ], [ -72.66555, -41.47797 ], [ -72.66607, -41.47778 ], [ -72.66662, -41.4762 ], [ -72.66713, -41.47571 ], [ -72.66838, -41.47533 ], [ -72.67063, -41.47507 ], [ -72.67125, -41.47476 ], [ -72.6717, -41.47429 ], [ -72.67125, -41.47308 ], [ -72.67288, -41.47199 ], [ -72.67341, -41.47181 ], [ -72.67411, -41.4719 ], [ -72.6748, -41.47211 ], [ -72.67517, -41.47246 ], [ -72.67542, -41.47245 ], [ -72.6764, -41.47191 ], [ -72.67707, -41.4709 ], [ -72.67778, -41.47042 ], [ -72.67816, -41.47043 ], [ -72.67837, -41.47081 ], [ -72.67875, -41.471 ], [ -72.68095, -41.47052 ], [ -72.68324, -41.47067 ], [ -72.68498, -41.46803 ], [ -72.68754, -41.46718 ], [ -72.69002, -41.4668 ], [ -72.69117, -41.46617 ], [ -72.69185, -41.46548 ], [ -72.692, -41.46458 ], [ -72.69248, -41.46373 ], [ -72.6925, -41.463 ], [ -72.69292, -41.46263 ], [ -72.69462, -41.46294 ], [ -72.69515, -41.46391 ], [ -72.69546, -41.46406 ], [ -72.69589, -41.46404 ], [ -72.69729, -41.46294 ], [ -72.69805, -41.46268 ], [ -72.70068, -41.46304 ], [ -72.7033, -41.46265 ], [ -72.70709, -41.46297 ], [ -72.70815, -41.46267 ], [ -72.70861, -41.46226 ], [ -72.7088, -41.46185 ], [ -72.70885, -41.46116 ], [ -72.70935, -41.46005 ], [ -72.70903, -41.45915 ], [ -72.70937, -41.45861 ], [ -72.71012, -41.45822 ], [ -72.71057, -41.45764 ], [ -72.71083, -41.45705 ], [ -72.71187, -41.45571 ], [ -72.71233, -41.45445 ], [ -72.71349, -41.4524 ], [ -72.71463, -41.45135 ], [ -72.71461, -41.45013 ], [ -72.71509, -41.4493 ], [ -72.71639, -41.44825 ], [ -72.71734, -41.44792 ], [ -72.72015, -41.44822 ], [ -72.72149, -41.44785 ], [ -72.72192, -41.44759 ], [ -72.72265, -41.44622 ], [ -72.7227, -41.4458 ], [ -72.72247, -41.44527 ], [ -72.72285, -41.44381 ], [ -72.72211, -41.44223 ], [ -72.72221, -41.44198 ], [ -72.72244, -41.44177 ], [ -72.72376, -41.44144 ], [ -72.72594, -41.44039 ], [ -72.72665, -41.44037 ], [ -72.72755, -41.44076 ], [ -72.72842, -41.44085 ], [ -72.73023, -41.44049 ], [ -72.73084, -41.44013 ], [ -72.73117, -41.43973 ], [ -72.73162, -41.43686 ], [ -72.73195, -41.43642 ], [ -72.73239, -41.43621 ], [ -72.73431, -41.43619 ], [ -72.73586, -41.43526 ], [ -72.73645, -41.43515 ], [ -72.73888, -41.43539 ], [ -72.74056, -41.43596 ], [ -72.74305, -41.43591 ], [ -72.74533, -41.43678 ], [ -72.74686, -41.43701 ], [ -72.74718, -41.43692 ], [ -72.74733, -41.43676 ], [ -72.74727, -41.43658 ], [ -72.74596, -41.43578 ], [ -72.74557, -41.43537 ], [ -72.74566, -41.43478 ], [ -72.74599, -41.43431 ], [ -72.74649, -41.43399 ], [ -72.74716, -41.43385 ], [ -72.75117, -41.43506 ], [ -72.75432, -41.43751 ], [ -72.75486, -41.43825 ], [ -72.75557, -41.43879 ], [ -72.75756, -41.4388 ], [ -72.75914, -41.43858 ], [ -72.76045, -41.4378 ], [ -72.76082, -41.43722 ], [ -72.76131, -41.43714 ], [ -72.76186, -41.43792 ], [ -72.76317, -41.43806 ], [ -72.76562, -41.43871 ], [ -72.76759, -41.43976 ], [ -72.76935, -41.44105 ], [ -72.77015, -41.44138 ], [ -72.77327, -41.44119 ], [ -72.77522, -41.44037 ], [ -72.77671, -41.44051 ], [ -72.77815, -41.44078 ], [ -72.78028, -41.44148 ], [ -72.78131, -41.44209 ], [ -72.78261, -41.44212 ], [ -72.79189, -41.44361 ], [ -72.79389, -41.44434 ], [ -72.79734, -41.44474 ], [ -72.79832, -41.44503 ], [ -72.79888, -41.44484 ], [ -72.79992, -41.44369 ], [ -72.80107, -41.44323 ], [ -72.80467, -41.44366 ], [ -72.80723, -41.44532 ], [ -72.80786, -41.44594 ], [ -72.80908, -41.4463 ], [ -72.81132, -41.44648 ], [ -72.81213, -41.44674 ], [ -72.81269, -41.4467 ], [ -72.81364, -41.44645 ], [ -72.81431, -41.44596 ], [ -72.81497, -41.44572 ], [ -72.81646, -41.44659 ], [ -72.81911, -41.44723 ], [ -72.82094, -41.44803 ] ], [ [ -72.82094, -41.44803 ], [ -72.8245, -41.45054 ], [ -72.82561, -41.4517 ], [ -72.82705, -41.45389 ], [ -72.83143, -41.45898 ], [ -72.83261, -41.45984 ], [ -72.83516, -41.4612 ], [ -72.83732, -41.46351 ], [ -72.83781, -41.46487 ], [ -72.83869, -41.46625 ], [ -72.84003, -41.46701 ], [ -72.84224, -41.46759 ], [ -72.84451, -41.46783 ], [ -72.84503, -41.4681 ], [ -72.84527, -41.46859 ], [ -72.84481, -41.4696 ], [ -72.84288, -41.4718 ], [ -72.84238, -41.4737 ], [ -72.84202, -41.47457 ], [ -72.84119, -41.47576 ], [ -72.84069, -41.47749 ], [ -72.84079, -41.47826 ], [ -72.8412, -41.47864 ], [ -72.8421, -41.47893 ], [ -72.84358, -41.4798 ], [ -72.84502, -41.48099 ], [ -72.84536, -41.48145 ], [ -72.84546, -41.48217 ], [ -72.84522, -41.48326 ], [ -72.8452, -41.48598 ], [ -72.84491, -41.48689 ], [ -72.84364, -41.48928 ], [ -72.84241, -41.49054 ], [ -72.83966, -41.49231 ], [ -72.83885, -41.49325 ], [ -72.83814, -41.49528 ], [ -72.83951, -41.49622 ], [ -72.84048, -41.49667 ], [ -72.84329, -41.49675 ], [ -72.84453, -41.49735 ], [ -72.845, -41.49796 ], [ -72.84496, -41.499 ], [ -72.84455, -41.49953 ], [ -72.84359, -41.50008 ], [ -72.84155, -41.50065 ] ], [ [ -72.59378, -41.43609 ], [ -72.59393, -41.43619 ] ], [ [ -72.59373, -41.43606 ], [ -72.59378, -41.43609 ] ], [ [ -72.58467, -41.43553 ], [ -72.58577, -41.43497 ], [ -72.58634, -41.43441 ], [ -72.58783, -41.4339 ], [ -72.58833, -41.4341 ], [ -72.58894, -41.43471 ], [ -72.58957, -41.43488 ], [ -72.59103, -41.43493 ], [ -72.59172, -41.43522 ] ] ] } },
{ "type": "Feature", "properties": { "nombre": "Río Chaparano", "tipo": "river", "volcan_codigo": "CLB", "volcan_nombre": "Calbuco", "drena_volcan": false }, "geometry": { "type": "LineString", "coordinates": [ [ -72.55439, -41.78574 ], [ -72.55592, -41.78405 ], [ -72.55677, -41.78335 ], [ -72.55711, -41.78274 ], [ -72.55718, -41.78154 ], [ -72.55634, -41.78083 ], [ -72.55604, -41.77994 ], [ -72.55608, -41.77974 ], [ -72.55698, -41.77926 ], [ -72.55635, -41.77881 ], [ -72.55618, -41.77841 ], [ -72.55613, -41.77798 ], [ -72.55634, -41.77734 ], [ -72.55685, -41.77711 ], [ -72.55805, -41.7771 ], [ -72.55937, -41.77648 ], [ -72.56028, -41.77582 ], [ -72.56081, -41.77577 ], [ -72.56144, -41.77528 ], [ -72.56208, -41.77524 ], [ -72.56307, -41.77485 ], [ -72.56427, -41.77411 ], [ -72.56528, -41.77292 ], [ -72.5649, -41.77078 ], [ -72.56433, -41.7704 ], [ -72.56392, -41.76957 ], [ -72.56388, -41.76921 ], [ -72.56441, -41.76857 ], [ -72.56397, -41.7679 ], [ -72.56361, -41.76785 ], [ -72.5632, -41.76741 ], [ -72.56307, -41.76642 ], [ -72.56341, -41.76537 ], [ -72.56249, -41.7647 ], [ -72.56296, -41.76391 ], [ -72.56516, -41.76143 ], [ -72.56517, -41.7611 ], [ -72.56464, -41.76045 ], [ -72.56458, -41.75956 ], [ -72.56541, -41.75861 ], [ -72.56608, -41.75738 ], [ -72.56684, -41.75656 ], [ -72.5672, -41.75577 ], [ -72.56684, -41.7547 ], [ -72.56766, -41.753 ], [ -72.56742, -41.75251 ], [ -72.56764, -41.75162 ], [ -72.5682, -41.74981 ], [ -72.56888, -41.74837 ], [ -72.56929, -41.74655 ] ] } },
{ "type": "Feature", "properties": { "nombre": "Río Chapuco", "tipo": "river", "volcan_codigo": "CLB", "volcan_nombre": "Calbuco", "drena_volcan": false }, "geometry": { "type": "LineString", "coordinates": [ [ -72.4526, -41.05154 ], [ -72.45335, -41.05106 ], [ -72.45347, -41.04987 ], [ -72.45466, -41.04779 ], [ -72.45583, -41.04725 ], [ -72.45616, -41.04677 ], [ -72.45768, -41.04594 ], [ -72.45803, -41.04544 ], [ -72.45877, -41.04508 ], [ -72.45894, -41.04491 ], [ -72.45878, -41.04438 ], [ -72.45921, -41.04415 ], [ -72.45999, -41.04332 ], [ -72.46046, -41.04249 ], [ -72.46157, -41.04185 ], [ -72.46271, -41.0419 ], [ -72.46288, -41.04128 ], [ -72.46311, -41.04109 ], [ -72.46351, -41.04106 ], [ -72.46385, -41.04067 ], [ -72.46507, -41.04054 ], [ -72.46548, -41.04031 ], [ -72.46618, -41.04022 ], [ -72.46628, -41.03993 ], [ -72.46685, -41.03978 ], [ -72.46711, -41.03891 ], [ -72.46786, -41.03812 ], [ -72.46796, -41.03715 ], [ -72.4687, -41.03616 ], [ -72.46938, -41.03564 ], [ -72.4703, -41.03527 ], [ -72.4705, -41.035 ], [ -72.47109, -41.03481 ], [ -72.47189, -41.03428 ], [ -72.47231, -41.03426 ], [ -72.47232, -41.034 ], [ -72.4735, -41.03348 ], [ -72.47538, -41.03352 ], [ -72.4761, -41.03307 ], [ -72.47685, -41.03291 ], [ -72.47738, -41.03243 ], [ -72.47823, -41.03248 ], [ -72.47907, -41.03222 ], [ -72.47975, -41.03139 ], [ -72.47974, -41.03066 ], [ -72.48043, -41.03017 ], [ -72.4815, -41.03036 ], [ -72.4823, -41.03013 ], [ -72.48246, -41.02957 ], [ -72.48339, -41.02858 ], [ -72.48335, -41.028 ], [ -72.48439, -41.02794 ], [ -72.48519, -41.02747 ], [ -72.48578, -41.02761 ], [ -72.48696, -41.02756 ], [ -72.48721, -41.02716 ], [ -72.48757, -41.02696 ], [ -72.48803, -41.02619 ], [ -72.48882, -41.02596 ], [ -72.4888, -41.0257 ], [ -72.48898, -41.02562 ], [ -72.48975, -41.02549 ], [ -72.49017, -41.02577 ], [ -72.49093, -41.02543 ], [ -72.49131, -41.02567 ], [ -72.49163, -41.02566 ], [ -72.49192, -41.02508 ], [ -72.49382, -41.02433 ], [ -72.49404, -41.02402 ], [ -72.494, -41.02352 ], [ -72.49551, -41.02363 ], [ -72.49631, -41.02338 ], [ -72.49679, -41.02299 ], [ -72.49818, -41.02284 ], [ -72.49936, -41.02193 ], [ -72.49999, -41.02112 ], [ -72.50031, -41.02044 ], [ -72.50044, -41.01942 ], [ -72.50105, -41.0196 ], [ -72.5023, -41.01949 ], [ -72.50272, -41.01923 ], [ -72.50339, -41.01804 ], [ -72.5045, -41.0174 ], [ -72.50616, -41.01696 ], [ -72.50785, -41.01597 ], [ -72.50894, -41.01585 ], [ -72.51031, -41.01596 ], [ -72.51129, -41.01536 ], [ -72.5128, -41.01498 ], [ -72.51335, -41.01437 ], [ -72.51415, -41.01398 ], [ -72.51527, -41.01286 ], [ -72.51556, -41.0122 ], [ -72.51548, -41.01195 ], [ -72.51493, -41.01151 ], [ -72.51493, -41.01095 ], [ -72.51448, -41.01011 ], [ -72.51446, -41.00988 ], [ -72.51548, -41.00832 ], [ -72.51498, -41.00733 ], [ -72.51509, -41.00708 ], [ -72.51562, -41.00646 ], [ -72.51606, -41.00614 ], [ -72.51678, -41.00596 ], [ -72.51758, -41.00516 ], [ -72.51765, -41.0036 ], [ -72.5185, -41.00308 ], [ -72.5185, -41.00285 ], [ -72.51799, -41.00214 ], [ -72.51796, -41.00178 ], [ -72.51825, -41.00125 ], [ -72.51902, -41.00055 ], [ -72.51917, -41.00016 ], [ -72.51893, -40.99966 ], [ -72.51909, -40.99903 ], [ -72.51952, -40.99888 ], [ -72.52139, -40.99879 ], [ -72.52175, -40.9985 ], [ -72.52269, -40.99659 ], [ -72.52313, -40.99644 ], [ -72.52402, -40.99668 ], [ -72.52441, -40.99658 ], [ -72.52877, -40.99328 ], [ -72.5302, -40.99276 ], [ -72.53156, -40.99205 ], [ -72.53285, -40.99217 ], [ -72.53492, -40.99179 ], [ -72.53634, -40.99129 ], [ -72.54455, -40.98745 ], [ -72.54716, -40.98753 ], [ -72.54662, -40.98661 ], [ -72.54691, -40.98603 ], [ -72.54822, -40.98548 ], [ -72.54891, -40.98501 ], [ -72.55017, -40.98502 ], [ -72.55148, -40.98542 ], [ -72.55243, -40.985 ], [ -72.55279, -40.98426 ], [ -72.55253, -40.9834 ], [ -72.55294, -40.98298 ], [ -72.55379, -40.98262 ], [ -72.55349, -40.98227 ], [ -72.5525, -40.98211 ], [ -72.55237, -40.98182 ], [ -72.55362, -40.98105 ], [ -72.55399, -40.98013 ], [ -72.55519, -40.97928 ], [ -72.55547, -40.97782 ], [ -72.55588, -40.97749 ], [ -72.55663, -40.97764 ], [ -72.55682, -40.97677 ], [ -72.55734, -40.97677 ], [ -72.55822, -40.97722 ], [ -72.55832, -40.97687 ], [ -72.55809, -40.97651 ], [ -72.55845, -40.97618 ], [ -72.56032, -40.97701 ], [ -72.56098, -40.97697 ], [ -72.56184, -40.97625 ], [ -72.56189, -40.97421 ], [ -72.56212, -40.97387 ], [ -72.56296, -40.97362 ], [ -72.56343, -40.9733 ], [ -72.56362, -40.9728 ], [ -72.56339, -40.97193 ], [ -72.56251, -40.97165 ], [ -72.56186, -40.97175 ], [ -72.56159, -40.97158 ], [ -72.5615, -40.97119 ], [ -72.56173, -40.96995 ], [ -72.56228, -40.96925 ], [ -72.56335, -40.96877 ], [ -72.56401, -40.96897 ], [ -72.56421, -40.97004 ], [ -72.56463, -40.97 ], [ -72.56547, -40.96936 ], [ -72.56599, -40.96866 ], [ -72.56625, -40.96809 ], [ -72.56618, -40.96789 ], [ -72.56451, -40.96795 ], [ -72.56418, -40.96783 ], [ -72.56405, -40.96742 ], [ -72.5646, -40.96701 ], [ -72.56476, -40.96647 ], [ -72.5654, -40.96593 ], [ -72.56568, -40.96612 ], [ -72.56597, -40.96676 ], [ -72.56622, -40.96682 ], [ -72.56693, -40.96516 ], [ -72.56715, -40.96395 ] ] } },
{ "type": "Feature", "properties": { "nombre": "Río Chico", "tipo": "river", "volcan_codigo": "CLB", "volcan_nombre": "Calbuco", "drena_volcan": true }, "geometry": { "type": "LineString", "coordinates": [ [ -72.78904, -41.37091 ], [ -72.78976, -41.37153 ], [ -72.7917, -41.372 ], [ -72.79222, -41.37224 ], [ -72.7925, -41.37263 ], [ -72.79235, -41.37308 ], [ -72.7913, -41.37375 ], [ -72.79095, -41.37379 ], [ -72.79057, -41.37355 ], [ -72.78984, -41.37235 ], [ -72.78947, -41.37227 ], [ -72.78835, -41.37251 ], [ -72.78684, -41.37242 ], [ -72.7868, -41.3727 ], [ -72.7875, -41.37374 ], [ -72.78689, -41.37469 ], [ -72.7871, -41.375 ], [ -72.78976, -41.37532 ], [ -72.79056, -41.37554 ], [ -72.79074, -41.37575 ], [ -72.78923, -41.37645 ], [ -72.78831, -41.37736 ], [ -72.78808, -41.37778 ], [ -72.78815, -41.3781 ], [ -72.78993, -41.3793 ], [ -72.79069, -41.3795 ], [ -72.79126, -41.37948 ], [ -72.79226, -41.37909 ], [ -72.79293, -41.37845 ], [ -72.79347, -41.37849 ], [ -72.79353, -41.37898 ], [ -72.79331, -41.37968 ], [ -72.79354, -41.38002 ], [ -72.79453, -41.38061 ], [ -72.79384, -41.38133 ], [ -72.79496, -41.38261 ], [ -72.79439, -41.38313 ], [ -72.79441, -41.38439 ], [ -72.79468, -41.38507 ], [ -72.79587, -41.38661 ], [ -72.79645, -41.38702 ], [ -72.79704, -41.38703 ], [ -72.79711, -41.38664 ], [ -72.79651, -41.38611 ], [ -72.79645, -41.38547 ], [ -72.79682, -41.38515 ], [ -72.79724, -41.38517 ], [ -72.79792, -41.3854 ], [ -72.80072, -41.38723 ], [ -72.80458, -41.38881 ], [ -72.80525, -41.3894 ], [ -72.80614, -41.39086 ], [ -72.80821, -41.39288 ], [ -72.80778, -41.39343 ], [ -72.8079, -41.3939 ], [ -72.80942, -41.39402 ], [ -72.80977, -41.39422 ], [ -72.81028, -41.39493 ], [ -72.81075, -41.39513 ], [ -72.81133, -41.39513 ], [ -72.81289, -41.39627 ], [ -72.815, -41.3965 ], [ -72.81613, -41.39732 ], [ -72.81663, -41.39689 ], [ -72.81753, -41.3949 ], [ -72.81819, -41.39446 ], [ -72.81952, -41.39475 ], [ -72.82077, -41.39598 ], [ -72.8201, -41.39659 ], [ -72.81987, -41.39721 ], [ -72.82073, -41.39864 ], [ -72.82065, -41.39966 ], [ -72.81913, -41.40051 ], [ -72.81925, -41.40136 ], [ -72.82007, -41.40168 ], [ -72.82229, -41.40335 ], [ -72.82537, -41.40449 ], [ -72.82592, -41.40483 ], [ -72.82619, -41.40542 ], [ -72.82595, -41.40657 ], [ -72.82536, -41.40645 ], [ -72.82337, -41.40547 ], [ -72.82263, -41.40549 ], [ -72.82219, -41.40605 ], [ -72.82242, -41.40899 ], [ -72.82217, -41.40963 ], [ -72.82155, -41.40995 ], [ -72.82006, -41.40979 ], [ -72.81955, -41.40992 ], [ -72.81922, -41.41023 ], [ -72.81931, -41.41175 ], [ -72.81986, -41.41351 ], [ -72.81945, -41.4146 ], [ -72.81874, -41.41514 ], [ -72.8186, -41.41565 ], [ -72.81975, -41.41832 ], [ -72.82075, -41.41926 ], [ -72.82095, -41.41969 ], [ -72.81972, -41.42103 ], [ -72.81972, -41.42205 ], [ -72.81918, -41.42249 ], [ -72.81925, -41.42355 ], [ -72.81891, -41.42447 ], [ -72.81812, -41.42522 ], [ -72.8167, -41.42594 ], [ -72.81507, -41.42635 ], [ -72.81361, -41.42696 ], [ -72.81289, -41.42756 ], [ -72.81231, -41.42862 ], [ -72.81246, -41.42929 ], [ -72.81294, -41.42978 ], [ -72.81584, -41.43019 ], [ -72.81631, -41.43057 ], [ -72.8163, -41.43092 ], [ -72.8161, -41.43115 ], [ -72.81527, -41.43144 ], [ -72.81359, -41.43167 ], [ -72.8126, -41.43258 ], [ -72.8125, -41.43301 ], [ -72.81301, -41.43481 ], [ -72.81316, -41.43661 ], [ -72.81352, -41.43722 ], [ -72.81416, -41.43762 ], [ -72.81514, -41.43779 ], [ -72.81645, -41.43773 ], [ -72.81688, -41.43795 ], [ -72.81694, -41.43836 ], [ -72.81612, -41.43951 ], [ -72.81637, -41.43995 ], [ -72.81836, -41.44037 ], [ -72.81958, -41.44015 ], [ -72.82006, -41.44041 ], [ -72.82, -41.44245 ], [ -72.82042, -41.44329 ], [ -72.82102, -41.44579 ], [ -72.82082, -41.4474 ], [ -72.82094, -41.44803 ] ] } },
{ "type": "Feature", "properties": { "nombre": "Río Cochamó", "tipo": "river", "volcan_codigo": "CLB", "volcan_nombre": "Calbuco", "drena_volcan": false }, "geometry": { "type": "MultiLineString", "coordinates": [ [ [ -72.09524, -41.40766 ], [ -72.09676, -41.40802 ], [ -72.09749, -41.40795 ], [ -72.09787, -41.40764 ], [ -72.09786, -41.407 ], [ -72.09804, -41.4067 ], [ -72.09842, -41.40641 ], [ -72.09876, -41.40652 ], [ -72.09896, -41.40688 ], [ -72.09906, -41.40801 ], [ -72.09932, -41.4084 ], [ -72.10105, -41.40832 ], [ -72.10213, -41.40882 ], [ -72.10275, -41.40929 ], [ -72.1037, -41.40964 ], [ -72.10617, -41.40941 ], [ -72.10935, -41.40966 ], [ -72.11019, -41.40945 ], [ -72.11055, -41.4091 ], [ -72.11132, -41.40894 ], [ -72.11166, -41.40894 ], [ -72.11282, -41.40948 ], [ -72.11374, -41.40944 ], [ -72.11452, -41.40895 ], [ -72.11639, -41.40962 ], [ -72.11715, -41.40969 ], [ -72.11789, -41.40944 ], [ -72.11824, -41.40953 ], [ -72.11869, -41.41062 ], [ -72.1189, -41.41163 ], [ -72.11872, -41.41201 ], [ -72.1187, -41.41264 ], [ -72.1191, -41.41287 ], [ -72.11999, -41.41283 ], [ -72.12071, -41.41253 ], [ -72.12307, -41.41089 ], [ -72.12397, -41.41061 ], [ -72.12468, -41.4107 ], [ -72.12553, -41.41117 ], [ -72.12688, -41.4131 ], [ -72.12729, -41.41332 ], [ -72.12844, -41.41347 ], [ -72.13142, -41.41316 ], [ -72.13217, -41.41337 ], [ -72.13347, -41.41414 ], [ -72.13433, -41.41409 ], [ -72.13523, -41.41427 ], [ -72.13539, -41.41468 ], [ -72.13503, -41.415 ], [ -72.13483, -41.4163 ], [ -72.13668, -41.41943 ], [ -72.13831, -41.42098 ], [ -72.14242, -41.42177 ], [ -72.14287, -41.42173 ], [ -72.14352, -41.42136 ], [ -72.14363, -41.42116 ], [ -72.14352, -41.42092 ], [ -72.14193, -41.42021 ], [ -72.1417, -41.4195 ], [ -72.1417, -41.41915 ], [ -72.14214, -41.4184 ], [ -72.14285, -41.41817 ], [ -72.14538, -41.41873 ], [ -72.14573, -41.41894 ], [ -72.14659, -41.42009 ], [ -72.14869, -41.42156 ], [ -72.15029, -41.42343 ], [ -72.15072, -41.42362 ], [ -72.15571, -41.42477 ], [ -72.15745, -41.42483 ], [ -72.15873, -41.42551 ], [ -72.16134, -41.42628 ], [ -72.16401, -41.42742 ], [ -72.16438, -41.42739 ], [ -72.16573, -41.4264 ], [ -72.16647, -41.42683 ], [ -72.16742, -41.42622 ], [ -72.16946, -41.42603 ], [ -72.17091, -41.42696 ], [ -72.17282, -41.42739 ], [ -72.17391, -41.42725 ], [ -72.17515, -41.42733 ], [ -72.17633, -41.42832 ], [ -72.1797, -41.42886 ], [ -72.18043, -41.42941 ], [ -72.18089, -41.42947 ], [ -72.18281, -41.43165 ], [ -72.18272, -41.43279 ], [ -72.1838, -41.43533 ], [ -72.18392, -41.43613 ], [ -72.18482, -41.43667 ], [ -72.18583, -41.43795 ], [ -72.18587, -41.43832 ], [ -72.18633, -41.43867 ], [ -72.18707, -41.43918 ], [ -72.18975, -41.43986 ], [ -72.19006, -41.4401 ], [ -72.19088, -41.44157 ], [ -72.19164, -41.44233 ], [ -72.19368, -41.44236 ], [ -72.19622, -41.44394 ], [ -72.19857, -41.4445 ], [ -72.1994, -41.44488 ], [ -72.20284, -41.44818 ], [ -72.20337, -41.44839 ], [ -72.20464, -41.44838 ], [ -72.20669, -41.44957 ], [ -72.20925, -41.45068 ], [ -72.2116, -41.45255 ], [ -72.21329, -41.45335 ], [ -72.21595, -41.45423 ], [ -72.21752, -41.45505 ], [ -72.2184, -41.45599 ], [ -72.2183, -41.45623 ], [ -72.2172, -41.45656 ], [ -72.21693, -41.45698 ], [ -72.21725, -41.45821 ], [ -72.21769, -41.45892 ], [ -72.21791, -41.459 ], [ -72.21846, -41.45877 ], [ -72.2193, -41.45868 ], [ -72.22008, -41.45885 ], [ -72.22038, -41.45907 ], [ -72.22051, -41.45953 ], [ -72.22117, -41.46024 ], [ -72.22282, -41.46085 ], [ -72.22578, -41.46132 ], [ -72.22665, -41.46198 ], [ -72.22749, -41.46303 ], [ -72.23117, -41.46476 ], [ -72.23136, -41.46515 ], [ -72.23096, -41.46608 ], [ -72.22951, -41.46715 ], [ -72.22952, -41.46774 ], [ -72.22988, -41.46813 ], [ -72.23359, -41.47001 ], [ -72.23416, -41.47045 ], [ -72.23433, -41.47127 ], [ -72.23459, -41.47153 ], [ -72.23601, -41.47203 ], [ -72.23688, -41.4728 ], [ -72.23745, -41.47341 ], [ -72.23812, -41.47593 ], [ -72.23876, -41.4764 ], [ -72.24381, -41.47817 ], [ -72.2442, -41.47858 ], [ -72.24339, -41.47985 ], [ -72.24313, -41.48114 ], [ -72.24327, -41.48197 ], [ -72.24387, -41.48249 ], [ -72.24451, -41.48275 ], [ -72.24514, -41.48357 ], [ -72.24587, -41.484 ], [ -72.24642, -41.48514 ], [ -72.24661, -41.4863 ], [ -72.2462, -41.48673 ], [ -72.24606, -41.48725 ], [ -72.24639, -41.48799 ], [ -72.24704, -41.48855 ], [ -72.24964, -41.48898 ], [ -72.25064, -41.48948 ], [ -72.25129, -41.49036 ], [ -72.25155, -41.4911 ], [ -72.25244, -41.49198 ], [ -72.25357, -41.49187 ], [ -72.25516, -41.49132 ], [ -72.25625, -41.49135 ], [ -72.25705, -41.4916 ], [ -72.25868, -41.49318 ], [ -72.26008, -41.49425 ], [ -72.26318, -41.49613 ], [ -72.26436, -41.49702 ], [ -72.26698, -41.49845 ], [ -72.26727, -41.49911 ], [ -72.26719, -41.4999 ], [ -72.26679, -41.50055 ], [ -72.26654, -41.502 ], [ -72.26694, -41.5025 ], [ -72.26764, -41.50286 ], [ -72.27204, -41.50361 ], [ -72.27309, -41.50395 ], [ -72.27426, -41.50474 ], [ -72.27487, -41.50564 ], [ -72.27528, -41.5058 ], [ -72.27581, -41.5056 ] ], [ [ -72.27581, -41.5056 ], [ -72.27756, -41.50415 ], [ -72.27875, -41.50276 ], [ -72.27914, -41.50123 ], [ -72.27972, -41.50006 ], [ -72.28038, -41.49961 ], [ -72.28106, -41.4994 ], [ -72.28275, -41.49935 ], [ -72.28421, -41.49954 ], [ -72.28455, -41.49972 ], [ -72.28513, -41.50125 ], [ -72.28585, -41.50208 ], [ -72.28679, -41.50284 ], [ -72.28869, -41.5037 ], [ -72.29075, -41.50429 ], [ -72.29202, -41.50489 ], [ -72.29468, -41.50685 ] ] ] } },
{ "type": "Feature", "properties": { "nombre": "Río Coihueco", "tipo": "river", "volcan_codigo": "CLB", "volcan_nombre": "Calbuco", "drena_volcan": false }, "geometry": { "type": "MultiLineString", "coordinates": [ [ [ -72.39955, -41.02102 ], [ -72.40035, -41.02062 ], [ -72.40077, -41.02016 ], [ -72.40121, -41.01994 ], [ -72.40276, -41.01944 ], [ -72.40368, -41.01928 ], [ -72.40475, -41.01959 ], [ -72.40479, -41.01844 ], [ -72.40521, -41.01791 ], [ -72.40674, -41.01702 ], [ -72.40829, -41.01552 ], [ -72.40914, -41.01503 ], [ -72.40949, -41.01416 ], [ -72.41076, -41.01366 ], [ -72.41158, -41.01369 ], [ -72.41188, -41.01352 ], [ -72.41328, -41.01218 ], [ -72.41333, -41.01141 ], [ -72.4148, -41.01001 ], [ -72.41761, -41.00888 ], [ -72.41875, -41.00892 ], [ -72.42015, -41.00832 ], [ -72.42161, -41.00811 ], [ -72.4229, -41.00736 ], [ -72.42421, -41.00712 ], [ -72.42457, -41.00635 ], [ -72.42506, -41.00634 ], [ -72.42582, -41.00665 ], [ -72.42653, -41.00603 ], [ -72.42786, -41.00599 ], [ -72.42795, -41.00544 ], [ -72.42854, -41.00499 ], [ -72.42929, -41.00448 ], [ -72.43032, -41.00419 ], [ -72.43145, -41.00319 ], [ -72.43337, -41.00209 ], [ -72.43485, -41.00033 ], [ -72.43536, -40.99994 ], [ -72.43664, -40.99939 ], [ -72.43674, -40.99885 ], [ -72.43592, -40.99711 ], [ -72.43604, -40.9964 ], [ -72.43632, -40.99601 ], [ -72.4376, -40.99597 ], [ -72.43805, -40.99584 ], [ -72.43821, -40.99559 ], [ -72.43719, -40.99481 ], [ -72.4373, -40.99314 ], [ -72.43755, -40.99286 ], [ -72.43892, -40.9923 ], [ -72.4386, -40.99136 ], [ -72.43855, -40.99093 ], [ -72.43872, -40.99065 ], [ -72.43925, -40.99042 ], [ -72.4404, -40.99027 ], [ -72.4406, -40.99003 ], [ -72.44054, -40.98977 ], [ -72.43952, -40.98947 ], [ -72.43949, -40.98922 ], [ -72.44012, -40.98887 ], [ -72.44046, -40.98848 ], [ -72.44052, -40.988 ], [ -72.44031, -40.98731 ], [ -72.44092, -40.98676 ], [ -72.44092, -40.98583 ], [ -72.44139, -40.98485 ], [ -72.44531, -40.98056 ], [ -72.44575, -40.98041 ], [ -72.44766, -40.98064 ], [ -72.44792, -40.98006 ], [ -72.44786, -40.97881 ], [ -72.44709, -40.97836 ], [ -72.44682, -40.97799 ], [ -72.44705, -40.97564 ], [ -72.44752, -40.97403 ], [ -72.44634, -40.97332 ], [ -72.44634, -40.97298 ], [ -72.44666, -40.97255 ], [ -72.44705, -40.97068 ], [ -72.44797, -40.96962 ], [ -72.44784, -40.96941 ], [ -72.44644, -40.96899 ], [ -72.44576, -40.96826 ], [ -72.44623, -40.96647 ], [ -72.44595, -40.96585 ], [ -72.44541, -40.96551 ], [ -72.4449, -40.96413 ], [ -72.44539, -40.96323 ], [ -72.44591, -40.96305 ], [ -72.4464, -40.96319 ], [ -72.44681, -40.96389 ], [ -72.4472, -40.964 ], [ -72.44923, -40.96211 ], [ -72.45095, -40.96122 ], [ -72.4541, -40.95645 ], [ -72.45524, -40.95587 ], [ -72.45634, -40.95576 ], [ -72.45769, -40.95625 ], [ -72.45807, -40.95606 ], [ -72.45973, -40.95309 ], [ -72.46108, -40.95248 ], [ -72.46361, -40.95226 ], [ -72.46496, -40.95237 ], [ -72.46507, -40.95319 ], [ -72.46569, -40.95408 ], [ -72.46644, -40.95493 ], [ -72.46846, -40.95595 ], [ -72.46882, -40.957 ], [ -72.46915, -40.9574 ], [ -72.46992, -40.95774 ], [ -72.47129, -40.95804 ], [ -72.47363, -40.95811 ], [ -72.47438, -40.95831 ], [ -72.47646, -40.95924 ], [ -72.47726, -40.9599 ], [ -72.47874, -40.96048 ], [ -72.48009, -40.96008 ], [ -72.48069, -40.95965 ], [ -72.48097, -40.95907 ], [ -72.48084, -40.95871 ], [ -72.48005, -40.95826 ], [ -72.47921, -40.95746 ], [ -72.47801, -40.95533 ], [ -72.47796, -40.95452 ], [ -72.47869, -40.95344 ], [ -72.47992, -40.95293 ], [ -72.48206, -40.953 ], [ -72.48395, -40.95358 ], [ -72.48427, -40.95384 ], [ -72.4846, -40.95526 ], [ -72.485, -40.95554 ], [ -72.48575, -40.95558 ], [ -72.48693, -40.95506 ], [ -72.48833, -40.9531 ], [ -72.48884, -40.95202 ], [ -72.48927, -40.95149 ], [ -72.49005, -40.95102 ], [ -72.49097, -40.95083 ], [ -72.49247, -40.95094 ], [ -72.49509, -40.95023 ], [ -72.49633, -40.95004 ], [ -72.49732, -40.95021 ], [ -72.50047, -40.94948 ], [ -72.50159, -40.94957 ], [ -72.50328, -40.95017 ], [ -72.50498, -40.95127 ], [ -72.50517, -40.95182 ], [ -72.50507, -40.95299 ], [ -72.50457, -40.95348 ], [ -72.50397, -40.95387 ], [ -72.50172, -40.95449 ], [ -72.5014, -40.95479 ], [ -72.50137, -40.95526 ], [ -72.50165, -40.9558 ], [ -72.50213, -40.95612 ], [ -72.50305, -40.95621 ], [ -72.50412, -40.95602 ], [ -72.50708, -40.95452 ], [ -72.50764, -40.95452 ], [ -72.50839, -40.95487 ], [ -72.50916, -40.95587 ], [ -72.50959, -40.95585 ], [ -72.51084, -40.95546 ], [ -72.51034, -40.95273 ], [ -72.5106, -40.95211 ], [ -72.51125, -40.95186 ], [ -72.5121, -40.95209 ], [ -72.51564, -40.9525 ], [ -72.51657, -40.95243 ], [ -72.51811, -40.95168 ], [ -72.51841, -40.95101 ], [ -72.51961, -40.95017 ], [ -72.52097, -40.95025 ], [ -72.52174, -40.95004 ], [ -72.5233, -40.94919 ], [ -72.52487, -40.94887 ], [ -72.52554, -40.94909 ], [ -72.5277, -40.95038 ], [ -72.53036, -40.95075 ], [ -72.5318, -40.95119 ], [ -72.53283, -40.95125 ], [ -72.5344, -40.95107 ], [ -72.53601, -40.95132 ], [ -72.53717, -40.95172 ], [ -72.53807, -40.95226 ], [ -72.54236, -40.95302 ], [ -72.543, -40.9534 ], [ -72.5433, -40.95402 ], [ -72.54324, -40.95447 ], [ -72.54208, -40.95584 ], [ -72.5397, -40.95818 ], [ -72.53813, -40.95876 ], [ -72.53772, -40.95909 ], [ -72.53783, -40.95969 ], [ -72.53848, -40.96004 ], [ -72.53953, -40.96006 ], [ -72.54146, -40.95906 ], [ -72.54219, -40.95843 ], [ -72.54249, -40.95779 ], [ -72.54369, -40.95654 ], [ -72.54393, -40.95602 ], [ -72.54455, -40.95569 ], [ -72.54523, -40.9558 ], [ -72.54577, -40.95623 ], [ -72.54605, -40.95692 ], [ -72.54581, -40.95759 ], [ -72.54431, -40.95889 ], [ -72.54425, -40.95956 ], [ -72.54468, -40.95991 ], [ -72.54569, -40.95994 ], [ -72.54648, -40.95964 ], [ -72.54768, -40.95702 ], [ -72.54837, -40.95681 ], [ -72.54916, -40.95681 ], [ -72.55195, -40.95747 ], [ -72.55251, -40.95794 ], [ -72.55272, -40.95859 ], [ -72.5535, -40.95953 ], [ -72.55421, -40.95953 ], [ -72.55485, -40.95863 ], [ -72.55682, -40.96036 ], [ -72.55747, -40.96065 ], [ -72.55852, -40.9601 ], [ -72.55905, -40.96003 ], [ -72.55965, -40.96028 ], [ -72.56079, -40.96016 ], [ -72.5644, -40.96091 ], [ -72.56534, -40.96167 ], [ -72.56555, -40.96217 ], [ -72.56521, -40.96259 ], [ -72.5641, -40.96263 ], [ -72.56403, -40.96291 ], [ -72.56431, -40.96324 ], [ -72.56646, -40.96354 ], [ -72.56778, -40.96412 ], [ -72.56819, -40.96471 ], [ -72.56863, -40.96486 ], [ -72.56916, -40.96472 ], [ -72.56961, -40.96426 ], [ -72.57008, -40.9631 ], [ -72.56982, -40.95872 ], [ -72.57004, -40.95814 ], [ -72.57045, -40.95772 ], [ -72.57088, -40.95773 ], [ -72.57182, -40.95802 ], [ -72.57354, -40.95904 ], [ -72.57382, -40.95887 ], [ -72.57403, -40.9584 ], [ -72.57354, -40.95706 ], [ -72.57357, -40.95664 ], [ -72.57393, -40.9562 ], [ -72.57487, -40.95589 ], [ -72.57532, -40.95552 ], [ -72.57555, -40.95375 ], [ -72.57613, -40.9528 ], [ -72.57662, -40.95291 ], [ -72.57742, -40.95443 ], [ -72.57788, -40.95466 ], [ -72.57831, -40.95455 ], [ -72.57956, -40.95329 ], [ -72.58007, -40.95306 ], [ -72.58131, -40.95314 ], [ -72.58268, -40.95367 ], [ -72.58328, -40.95352 ], [ -72.58434, -40.95253 ], [ -72.58454, -40.95215 ], [ -72.58516, -40.94925 ], [ -72.58524, -40.94619 ], [ -72.58559, -40.94493 ], [ -72.58613, -40.94381 ], [ -72.58708, -40.94261 ], [ -72.5884, -40.94167 ], [ -72.58947, -40.94125 ], [ -72.59065, -40.94116 ], [ -72.5919, -40.94143 ], [ -72.59263, -40.94191 ], [ -72.59298, -40.94256 ], [ -72.59306, -40.94357 ], [ -72.59374, -40.94442 ], [ -72.5938, -40.94553 ], [ -72.5936, -40.94654 ], [ -72.59308, -40.94758 ], [ -72.59218, -40.94884 ], [ -72.59201, -40.94948 ], [ -72.59218, -40.95062 ], [ -72.59304, -40.9517 ], [ -72.59409, -40.95215 ], [ -72.59467, -40.95215 ], [ -72.59648, -40.95071 ], [ -72.59744, -40.9503 ], [ -72.59796, -40.95034 ], [ -72.59898, -40.95174 ], [ -72.60072, -40.95239 ], [ -72.60117, -40.95326 ], [ -72.60283, -40.95494 ], [ -72.60517, -40.95611 ], [ -72.60756, -40.9567 ], [ -72.60795, -40.95703 ], [ -72.60821, -40.9578 ], [ -72.6086, -40.95829 ], [ -72.60969, -40.95886 ], [ -72.61377, -40.95949 ], [ -72.61529, -40.95942 ], [ -72.61728, -40.95909 ], [ -72.61795, -40.95935 ], [ -72.61848, -40.96074 ], [ -72.61921, -40.96101 ], [ -72.62014, -40.96108 ], [ -72.62077, -40.96096 ], [ -72.62167, -40.96017 ], [ -72.62311, -40.95946 ], [ -72.62415, -40.95935 ], [ -72.62793, -40.95951 ], [ -72.6292, -40.95932 ], [ -72.62997, -40.95954 ], [ -72.63152, -40.96035 ], [ -72.63208, -40.96086 ], [ -72.63249, -40.96169 ], [ -72.63296, -40.962 ], [ -72.63378, -40.96192 ], [ -72.63418, -40.96127 ] ], [ [ -72.63418, -40.96127 ], [ -72.63677, -40.95708 ], [ -72.63767, -40.95632 ], [ -72.6394, -40.95548 ], [ -72.64019, -40.95458 ], [ -72.64032, -40.954 ], [ -72.64016, -40.95365 ], [ -72.63876, -40.9532 ], [ -72.63814, -40.95263 ], [ -72.63805, -40.95181 ], [ -72.63845, -40.95116 ], [ -72.63916, -40.9508 ], [ -72.64067, -40.95055 ], [ -72.64549, -40.95076 ], [ -72.64657, -40.95075 ], [ -72.64692, -40.95057 ], [ -72.64696, -40.95025 ], [ -72.64571, -40.94843 ], [ -72.64507, -40.94667 ], [ -72.64513, -40.94606 ], [ -72.64546, -40.94538 ], [ -72.64609, -40.94497 ], [ -72.64685, -40.94501 ], [ -72.64841, -40.94591 ], [ -72.649, -40.94652 ], [ -72.6506, -40.9489 ], [ -72.6509, -40.94909 ], [ -72.6523, -40.94953 ], [ -72.65426, -40.94949 ], [ -72.65637, -40.94916 ], [ -72.65699, -40.94893 ], [ -72.65737, -40.94861 ], [ -72.65726, -40.94782 ], [ -72.65741, -40.94773 ], [ -72.65839, -40.94783 ], [ -72.65926, -40.94756 ], [ -72.66156, -40.94535 ], [ -72.66238, -40.94394 ], [ -72.66401, -40.94256 ], [ -72.66679, -40.94185 ], [ -72.67173, -40.94213 ], [ -72.67328, -40.94248 ], [ -72.67684, -40.94393 ], [ -72.68109, -40.9473 ], [ -72.68173, -40.94816 ], [ -72.68242, -40.94866 ], [ -72.68293, -40.94882 ], [ -72.68358, -40.94868 ], [ -72.68486, -40.94756 ], [ -72.68525, -40.94684 ], [ -72.68658, -40.94551 ], [ -72.68731, -40.94404 ], [ -72.68731, -40.94334 ], [ -72.68692, -40.94224 ], [ -72.68521, -40.94182 ], [ -72.68525, -40.9412 ], [ -72.68572, -40.9407 ], [ -72.68735, -40.94036 ], [ -72.6877, -40.93992 ], [ -72.68761, -40.939 ], [ -72.68727, -40.93851 ], [ -72.68628, -40.9377 ], [ -72.68512, -40.93712 ], [ -72.68392, -40.93546 ], [ -72.68381, -40.93488 ], [ -72.68422, -40.93429 ], [ -72.68478, -40.93201 ], [ -72.68512, -40.93128 ], [ -72.68675, -40.92906 ], [ -72.68783, -40.92819 ], [ -72.6886, -40.92814 ], [ -72.68928, -40.92843 ], [ -72.68975, -40.92921 ], [ -72.68975, -40.93021 ], [ -72.68834, -40.93339 ], [ -72.68851, -40.93462 ], [ -72.68988, -40.93657 ], [ -72.69061, -40.93725 ], [ -72.6931, -40.93764 ], [ -72.69396, -40.93757 ], [ -72.69504, -40.93723 ], [ -72.69675, -40.93611 ], [ -72.69817, -40.93347 ], [ -72.70113, -40.93133 ], [ -72.70229, -40.93075 ], [ -72.70688, -40.92948 ], [ -72.70915, -40.92958 ], [ -72.71001, -40.92932 ], [ -72.7107, -40.92867 ], [ -72.71164, -40.92718 ], [ -72.71297, -40.92438 ], [ -72.71422, -40.92324 ], [ -72.71705, -40.92122 ], [ -72.71735, -40.92081 ], [ -72.71752, -40.91972 ], [ -72.71782, -40.91921 ], [ -72.71838, -40.91906 ], [ -72.71924, -40.91912 ], [ -72.72001, -40.91954 ], [ -72.72113, -40.92052 ], [ -72.72143, -40.92042 ], [ -72.72169, -40.92011 ], [ -72.72173, -40.91972 ], [ -72.72151, -40.91768 ], [ -72.72169, -40.917 ], [ -72.72224, -40.91603 ], [ -72.72602, -40.91371 ], [ -72.72649, -40.91301 ], [ -72.7264, -40.91218 ], [ -72.72598, -40.91108 ], [ -72.72615, -40.91072 ], [ -72.72786, -40.90991 ], [ -72.72906, -40.90894 ], [ -72.73332, -40.90708 ], [ -72.7346, -40.90704 ], [ -72.73589, -40.90734 ], [ -72.73658, -40.90845 ], [ -72.73722, -40.90886 ], [ -72.74087, -40.90931 ], [ -72.74392, -40.90925 ], [ -72.74795, -40.90776 ], [ -72.75164, -40.90578 ], [ -72.75327, -40.90404 ], [ -72.75361, -40.90281 ], [ -72.75335, -40.90232 ], [ -72.75258, -40.90223 ], [ -72.75134, -40.90236 ], [ -72.75048, -40.90219 ], [ -72.75005, -40.9018 ], [ -72.74868, -40.90174 ], [ -72.74705, -40.90294 ], [ -72.74623, -40.90284 ], [ -72.74589, -40.90236 ], [ -72.7458, -40.90172 ], [ -72.7461, -40.89995 ], [ -72.74722, -40.89884 ], [ -72.75194, -40.8985 ], [ -72.75271, -40.89833 ], [ -72.75353, -40.8979 ], [ -72.75417, -40.89723 ], [ -72.75503, -40.89446 ], [ -72.75563, -40.89444 ], [ -72.75636, -40.89473 ], [ -72.75747, -40.89548 ], [ -72.75829, -40.89545 ], [ -72.76112, -40.89463 ], [ -72.76378, -40.89447 ], [ -72.77301, -40.89481 ], [ -72.77473, -40.89459 ], [ -72.77537, -40.89431 ], [ -72.77576, -40.89392 ], [ -72.77589, -40.89327 ], [ -72.77572, -40.89264 ], [ -72.77511, -40.89233 ], [ -72.77366, -40.89251 ], [ -72.77026, -40.89376 ], [ -72.76945, -40.89376 ], [ -72.76889, -40.89326 ], [ -72.76915, -40.89116 ], [ -72.77125, -40.8882 ], [ -72.77207, -40.88787 ], [ -72.77546, -40.88846 ], [ -72.77619, -40.88839 ], [ -72.77683, -40.88808 ], [ -72.77773, -40.88706 ], [ -72.77885, -40.88625 ], [ -72.77962, -40.885 ], [ -72.77932, -40.88266 ], [ -72.77898, -40.88214 ], [ -72.77893, -40.88177 ], [ -72.77992, -40.88065 ], [ -72.78048, -40.87955 ], [ -72.78194, -40.87781 ], [ -72.7834, -40.87728 ], [ -72.79026, -40.87369 ], [ -72.79018, -40.87329 ], [ -72.7897, -40.87283 ], [ -72.78949, -40.8722 ], [ -72.78953, -40.87155 ], [ -72.79138, -40.86775 ], [ -72.79361, -40.86668 ], [ -72.79653, -40.86642 ], [ -72.8037, -40.86785 ], [ -72.80653, -40.86822 ], [ -72.80975, -40.86788 ], [ -72.81189, -40.868 ], [ -72.81369, -40.86908 ], [ -72.81684, -40.87195 ], [ -72.8194, -40.87559 ], [ -72.81997, -40.87575 ], [ -72.82198, -40.87497 ], [ -72.82365, -40.87397 ], [ -72.82574, -40.87335 ], [ -72.82677, -40.8728 ], [ -72.82816, -40.87238 ], [ -72.82876, -40.87196 ], [ -72.82919, -40.8716 ], [ -72.82931, -40.87114 ], [ -72.82913, -40.86803 ], [ -72.82986, -40.86703 ], [ -72.83217, -40.86628 ], [ -72.83438, -40.86517 ], [ -72.83511, -40.86508 ], [ -72.83672, -40.86537 ], [ -72.83711, -40.86586 ], [ -72.83725, -40.86641 ], [ -72.83712, -40.86702 ], [ -72.83655, -40.86755 ], [ -72.83625, -40.8681 ], [ -72.83627, -40.86878 ], [ -72.83677, -40.86927 ], [ -72.83777, -40.86988 ], [ -72.84013, -40.86968 ], [ -72.84073, -40.86975 ], [ -72.84112, -40.86998 ], [ -72.84054, -40.87189 ], [ -72.84077, -40.87244 ], [ -72.84163, -40.87277 ], [ -72.84295, -40.87219 ], [ -72.84398, -40.87193 ], [ -72.84891, -40.86923 ], [ -72.85056, -40.86894 ], [ -72.85101, -40.86901 ], [ -72.85275, -40.86991 ], [ -72.85459, -40.86962 ], [ -72.85532, -40.869 ], [ -72.85599, -40.86797 ], [ -72.85668, -40.86732 ], [ -72.85913, -40.86612 ], [ -72.85964, -40.86573 ], [ -72.86172, -40.86326 ], [ -72.8641, -40.86229 ], [ -72.86549, -40.86264 ], [ -72.86614, -40.86349 ], [ -72.86614, -40.86387 ], [ -72.86592, -40.86436 ], [ -72.86402, -40.86644 ], [ -72.86399, -40.86686 ], [ -72.86433, -40.86744 ], [ -72.86519, -40.86819 ], [ -72.86634, -40.86836 ], [ -72.86665, -40.86822 ], [ -72.86781, -40.86702 ], [ -72.86858, -40.86517 ], [ -72.87008, -40.86297 ], [ -72.8705, -40.8617 ], [ -72.8733, -40.86004 ], [ -72.87455, -40.85969 ], [ -72.87595, -40.86028 ], [ -72.87639, -40.86073 ], [ -72.87758, -40.86368 ], [ -72.87792, -40.86404 ], [ -72.88013, -40.86469 ], [ -72.88098, -40.8653 ], [ -72.88279, -40.86598 ], [ -72.8842, -40.86637 ], [ -72.8857, -40.86644 ], [ -72.88716, -40.86693 ], [ -72.88762, -40.86806 ], [ -72.88768, -40.86946 ], [ -72.88792, -40.87021 ], [ -72.88811, -40.87205 ], [ -72.88845, -40.87235 ], [ -72.88918, -40.87244 ], [ -72.88981, -40.87235 ], [ -72.89021, -40.87202 ], [ -72.8912, -40.87069 ], [ -72.89111, -40.86916 ], [ -72.89167, -40.86725 ], [ -72.89201, -40.8668 ], [ -72.89317, -40.86611 ], [ -72.89359, -40.86602 ], [ -72.8948, -40.86644 ], [ -72.89557, -40.86654 ], [ -72.89617, -40.86644 ], [ -72.90042, -40.86462 ], [ -72.90307, -40.86281 ], [ -72.90582, -40.86011 ], [ -72.90686, -40.8594 ], [ -72.90775, -40.85943 ], [ -72.90813, -40.85972 ], [ -72.90848, -40.86005 ], [ -72.90862, -40.86099 ], [ -72.90892, -40.86144 ], [ -72.91021, -40.86248 ], [ -72.91124, -40.86284 ], [ -72.91235, -40.8628 ], [ -72.91291, -40.86212 ], [ -72.91137, -40.86021 ], [ -72.91081, -40.85897 ], [ -72.90974, -40.85777 ], [ -72.90918, -40.85686 ], [ -72.90921, -40.85583 ], [ -72.91045, -40.85469 ], [ -72.91094, -40.85443 ], [ -72.91158, -40.85427 ], [ -72.91243, -40.85451 ], [ -72.91269, -40.85499 ], [ -72.91206, -40.85565 ], [ -72.9119, -40.85719 ], [ -72.91218, -40.85819 ], [ -72.91255, -40.85839 ], [ -72.91293, -40.85826 ], [ -72.9151, -40.85479 ], [ -72.91511, -40.85404 ], [ -72.91459, -40.85212 ], [ -72.91471, -40.85167 ], [ -72.9151, -40.85128 ], [ -72.91603, -40.85091 ], [ -72.91759, -40.85096 ], [ -72.9181, -40.85083 ], [ -72.91832, -40.85053 ], [ -72.91849, -40.85001 ], [ -72.9184, -40.84898 ], [ -72.91823, -40.84826 ], [ -72.91732, -40.84651 ], [ -72.91703, -40.84498 ], [ -72.91712, -40.8444 ], [ -72.91849, -40.84089 ], [ -72.91866, -40.83982 ], [ -72.91832, -40.83787 ], [ -72.91783, -40.8368 ], [ -72.91648, -40.83496 ], [ -72.916, -40.83401 ], [ -72.91612, -40.83317 ], [ -72.91561, -40.83226 ], [ -72.91523, -40.82969 ], [ -72.91328, -40.82745 ], [ -72.91295, -40.82664 ], [ -72.91308, -40.82631 ], [ -72.91347, -40.82609 ], [ -72.91544, -40.82625 ], [ -72.91604, -40.82641 ], [ -72.91706, -40.82703 ], [ -72.91806, -40.82787 ], [ -72.91905, -40.82823 ], [ -72.92021, -40.8281 ], [ -72.92085, -40.82764 ], [ -72.92102, -40.82729 ], [ -72.92098, -40.82693 ], [ -72.92004, -40.82609 ], [ -72.91896, -40.82547 ], [ -72.9172, -40.82501 ], [ -72.9169, -40.82479 ], [ -72.91686, -40.8244 ], [ -72.91463, -40.8216 ], [ -72.91444, -40.81979 ], [ -72.91514, -40.81923 ], [ -72.91564, -40.8192 ], [ -72.91652, -40.82014 ], [ -72.91763, -40.82001 ], [ -72.91793, -40.81972 ], [ -72.91796, -40.81907 ], [ -72.91956, -40.81845 ], [ -72.92034, -40.81797 ], [ -72.92184, -40.81644 ], [ -72.92213, -40.81589 ], [ -72.92261, -40.81482 ], [ -72.92282, -40.81293 ], [ -72.92118, -40.81193 ], [ -72.92105, -40.81151 ], [ -72.92188, -40.80933 ], [ -72.92205, -40.80783 ], [ -72.92274, -40.8065 ], [ -72.9244, -40.80443 ], [ -72.92544, -40.80367 ], [ -72.92587, -40.8027 ], [ -72.92677, -40.80153 ], [ -72.92686, -40.80104 ], [ -72.92667, -40.80033 ], [ -72.92579, -40.79965 ], [ -72.92591, -40.79854 ], [ -72.92634, -40.7975 ], [ -72.9263, -40.79698 ], [ -72.92583, -40.79614 ], [ -72.92582, -40.79523 ], [ -72.9262, -40.79471 ], [ -72.92767, -40.7937 ], [ -72.9339, -40.79136 ], [ -72.93488, -40.79123 ], [ -72.936, -40.79256 ], [ -72.93656, -40.79263 ], [ -72.93763, -40.79237 ], [ -72.94646, -40.78808 ], [ -72.94694, -40.78769 ], [ -72.94776, -40.78678 ], [ -72.94832, -40.78568 ], [ -72.94935, -40.78438 ], [ -72.95023, -40.78292 ], [ -72.95105, -40.78061 ], [ -72.95145, -40.77999 ], [ -72.9536, -40.77879 ], [ -72.95358, -40.77778 ], [ -72.95311, -40.77668 ], [ -72.95128, -40.77433 ], [ -72.95135, -40.7734 ], [ -72.95195, -40.7719 ], [ -72.95287, -40.77069 ] ] ] } },
{ "type": "Feature", "properties": { "nombre": "Río Conchas", "tipo": "river", "volcan_codigo": "CLB", "volcan_nombre": "Calbuco", "drena_volcan": false }, "geometry": { "type": "MultiLineString", "coordinates": [ [ [ -72.25879, -41.26605 ], [ -72.25895, -41.26525 ], [ -72.25842, -41.26495 ], [ -72.25916, -41.26379 ], [ -72.2585, -41.26328 ], [ -72.25842, -41.26294 ], [ -72.25881, -41.26238 ], [ -72.2594, -41.26222 ], [ -72.25978, -41.26174 ], [ -72.26005, -41.26095 ], [ -72.26, -41.25894 ], [ -72.26045, -41.25844 ], [ -72.26046, -41.25818 ], [ -72.25951, -41.25785 ], [ -72.25806, -41.25701 ], [ -72.25717, -41.25591 ], [ -72.25724, -41.25541 ], [ -72.25944, -41.25248 ], [ -72.26302, -41.25253 ], [ -72.26404, -41.25174 ], [ -72.26379, -41.25138 ], [ -72.26375, -41.25084 ], [ -72.26318, -41.25047 ], [ -72.26288, -41.24892 ], [ -72.26317, -41.24781 ], [ -72.26299, -41.24648 ], [ -72.26381, -41.24609 ], [ -72.26284, -41.24388 ], [ -72.26189, -41.24274 ], [ -72.26231, -41.24209 ], [ -72.26322, -41.24165 ], [ -72.26348, -41.2409 ], [ -72.26345, -41.2405 ], [ -72.26211, -41.23994 ], [ -72.26132, -41.23939 ], [ -72.26061, -41.23797 ], [ -72.26126, -41.23748 ], [ -72.2624, -41.23723 ], [ -72.26266, -41.23696 ], [ -72.26275, -41.2364 ], [ -72.26386, -41.23504 ], [ -72.26365, -41.23439 ], [ -72.26304, -41.23367 ], [ -72.26295, -41.23314 ] ], [ [ -72.26295, -41.23314 ], [ -72.26376, -41.23284 ], [ -72.2645, -41.23219 ], [ -72.2645, -41.23203 ], [ -72.26388, -41.23153 ], [ -72.26411, -41.23111 ], [ -72.26428, -41.23002 ], [ -72.26556, -41.22913 ], [ -72.26543, -41.22806 ] ], [ [ -72.17898, -41.32297 ], [ -72.1801, -41.32215 ], [ -72.18061, -41.32213 ], [ -72.18102, -41.32184 ], [ -72.1814, -41.32117 ], [ -72.18257, -41.32086 ], [ -72.18308, -41.32057 ], [ -72.18437, -41.32052 ], [ -72.18571, -41.32024 ], [ -72.18631, -41.32066 ], [ -72.18699, -41.32087 ], [ -72.18795, -41.3207 ], [ -72.18877, -41.32076 ], [ -72.18913, -41.32121 ], [ -72.19012, -41.32084 ], [ -72.19246, -41.32085 ], [ -72.19261, -41.32066 ], [ -72.19252, -41.3202 ], [ -72.19282, -41.31976 ], [ -72.19532, -41.31908 ], [ -72.19561, -41.31893 ], [ -72.196, -41.31819 ], [ -72.19807, -41.31727 ], [ -72.19819, -41.31682 ], [ -72.1988, -41.31613 ], [ -72.19879, -41.31589 ], [ -72.1985, -41.3156 ], [ -72.19882, -41.31513 ], [ -72.19879, -41.31418 ], [ -72.20235, -41.31111 ], [ -72.20275, -41.31052 ], [ -72.20255, -41.3098 ], [ -72.20274, -41.3095 ], [ -72.20448, -41.30869 ], [ -72.20545, -41.30721 ], [ -72.20623, -41.30666 ], [ -72.20667, -41.30609 ], [ -72.2072, -41.30343 ], [ -72.20771, -41.30245 ], [ -72.20765, -41.3008 ], [ -72.20814, -41.29979 ], [ -72.20829, -41.29835 ], [ -72.20909, -41.29786 ], [ -72.21033, -41.29766 ], [ -72.2109, -41.29741 ], [ -72.21104, -41.29679 ], [ -72.21064, -41.29604 ], [ -72.21089, -41.29583 ], [ -72.21198, -41.29576 ], [ -72.21319, -41.29608 ], [ -72.215, -41.29621 ], [ -72.21599, -41.2943 ], [ -72.21741, -41.29265 ], [ -72.218, -41.29137 ], [ -72.21852, -41.29099 ], [ -72.21923, -41.29096 ], [ -72.22011, -41.29122 ], [ -72.22066, -41.29099 ], [ -72.22081, -41.29053 ], [ -72.22039, -41.29012 ], [ -72.22077, -41.28957 ], [ -72.22108, -41.28861 ], [ -72.22198, -41.28827 ], [ -72.22286, -41.28711 ], [ -72.22364, -41.28657 ], [ -72.22435, -41.28634 ], [ -72.22529, -41.28647 ], [ -72.22561, -41.28636 ], [ -72.22758, -41.28488 ], [ -72.22966, -41.28376 ], [ -72.23301, -41.28278 ], [ -72.23415, -41.28186 ], [ -72.23566, -41.28129 ], [ -72.23699, -41.28041 ], [ -72.23839, -41.28037 ], [ -72.23907, -41.28055 ], [ -72.23994, -41.28096 ], [ -72.24251, -41.28268 ], [ -72.24324, -41.28269 ], [ -72.24487, -41.28176 ], [ -72.24529, -41.28167 ] ], [ [ -72.26295, -41.23314 ], [ -72.26208, -41.23289 ], [ -72.26158, -41.23251 ], [ -72.26091, -41.23091 ], [ -72.26096, -41.2306 ], [ -72.26147, -41.23014 ], [ -72.26163, -41.22974 ], [ -72.26148, -41.22933 ], [ -72.26072, -41.22901 ], [ -72.26127, -41.22832 ], [ -72.26093, -41.22735 ], [ -72.26107, -41.22698 ], [ -72.26126, -41.2269 ] ] ] } },
{ "type": "Feature", "properties": { "nombre": "Río Correntoso", "tipo": "river", "volcan_codigo": "CLB", "volcan_nombre": "Calbuco", "drena_volcan": true }, "geometry": { "type": "LineString", "coordinates": [ [ -72.64687, -41.36545 ], [ -72.64712, -41.36638 ], [ -72.64704, -41.36728 ], [ -72.64715, -41.36757 ], [ -72.64915, -41.3701 ], [ -72.64997, -41.37143 ], [ -72.65101, -41.37363 ], [ -72.65182, -41.37422 ], [ -72.65209, -41.37471 ], [ -72.65223, -41.37517 ], [ -72.65217, -41.3758 ], [ -72.65294, -41.37723 ], [ -72.65297, -41.37816 ], [ -72.65333, -41.37907 ], [ -72.65377, -41.38168 ], [ -72.65286, -41.38328 ], [ -72.6525, -41.3852 ], [ -72.65309, -41.38797 ], [ -72.65265, -41.39024 ], [ -72.65248, -41.39317 ], [ -72.65162, -41.39492 ], [ -72.65082, -41.39523 ], [ -72.64848, -41.3957 ], [ -72.6479, -41.3962 ], [ -72.6474, -41.39696 ], [ -72.64732, -41.39808 ], [ -72.64771, -41.39955 ], [ -72.64763, -41.40105 ], [ -72.64803, -41.40245 ], [ -72.64812, -41.40336 ], [ -72.64799, -41.40438 ], [ -72.64841, -41.4061 ], [ -72.64839, -41.40688 ], [ -72.64861, -41.40774 ], [ -72.6485, -41.40887 ], [ -72.6488, -41.4098 ], [ -72.6488, -41.41069 ], [ -72.64896, -41.41105 ], [ -72.64873, -41.41262 ], [ -72.64847, -41.41313 ], [ -72.64848, -41.41389 ], [ -72.64867, -41.41407 ], [ -72.64883, -41.41471 ], [ -72.64906, -41.41696 ], [ -72.64955, -41.41757 ], [ -72.64972, -41.41909 ], [ -72.64956, -41.41931 ], [ -72.64956, -41.42033 ], [ -72.64971, -41.42084 ], [ -72.64998, -41.42113 ], [ -72.65013, -41.42318 ], [ -72.65061, -41.42451 ], [ -72.65056, -41.42516 ], [ -72.65116, -41.42623 ], [ -72.65166, -41.42657 ], [ -72.6519, -41.42735 ], [ -72.65242, -41.42776 ], [ -72.65246, -41.42828 ], [ -72.65295, -41.42897 ], [ -72.6532, -41.43032 ], [ -72.65377, -41.43074 ], [ -72.65397, -41.43121 ], [ -72.65378, -41.43204 ], [ -72.65385, -41.43235 ], [ -72.6548, -41.43399 ], [ -72.65551, -41.4348 ], [ -72.65565, -41.43548 ], [ -72.65597, -41.43594 ], [ -72.65598, -41.43653 ], [ -72.65626, -41.43686 ], [ -72.65621, -41.43733 ], [ -72.65679, -41.43771 ], [ -72.65757, -41.43932 ], [ -72.6583, -41.43981 ], [ -72.65914, -41.44148 ], [ -72.65912, -41.442 ], [ -72.65981, -41.44231 ], [ -72.65991, -41.44322 ], [ -72.66041, -41.44373 ], [ -72.66087, -41.44497 ], [ -72.66331, -41.44642 ], [ -72.66568, -41.44726 ], [ -72.66609, -41.44759 ], [ -72.66623, -41.44816 ], [ -72.66678, -41.44889 ], [ -72.66886, -41.4498 ], [ -72.67085, -41.45134 ], [ -72.67166, -41.45161 ], [ -72.67311, -41.45243 ], [ -72.6757, -41.4533 ], [ -72.67673, -41.45326 ], [ -72.6784, -41.45356 ], [ -72.6787, -41.45396 ], [ -72.68026, -41.45431 ], [ -72.68098, -41.45479 ], [ -72.68233, -41.45495 ], [ -72.68458, -41.45608 ], [ -72.68506, -41.45647 ], [ -72.68584, -41.45675 ], [ -72.68632, -41.45721 ], [ -72.68688, -41.45727 ], [ -72.68754, -41.45777 ], [ -72.69013, -41.45808 ], [ -72.69159, -41.45897 ], [ -72.69335, -41.45918 ], [ -72.69418, -41.45945 ], [ -72.69551, -41.46044 ], [ -72.6972, -41.46115 ], [ -72.69781, -41.46183 ], [ -72.69805, -41.46268 ] ] } },
{ "type": "Feature", "properties": { "nombre": "Río Cululí", "tipo": "river", "volcan_codigo": "CLB", "volcan_nombre": "Calbuco", "drena_volcan": false }, "geometry": { "type": "MultiLineString", "coordinates": [ [ [ -72.37297, -41.46778 ], [ -72.37123, -41.46842 ], [ -72.37097, -41.46871 ], [ -72.36998, -41.46921 ], [ -72.36971, -41.46978 ], [ -72.36925, -41.47015 ], [ -72.36881, -41.4711 ], [ -72.3674, -41.47216 ], [ -72.36618, -41.47279 ], [ -72.36534, -41.47347 ], [ -72.36362, -41.47448 ], [ -72.36275, -41.47539 ], [ -72.36139, -41.47558 ], [ -72.36068, -41.47634 ], [ -72.35958, -41.47659 ], [ -72.35776, -41.47801 ], [ -72.35505, -41.4785 ], [ -72.35393, -41.47922 ], [ -72.35136, -41.47969 ], [ -72.35034, -41.48026 ], [ -72.34902, -41.48033 ], [ -72.34866, -41.48064 ], [ -72.34789, -41.48085 ], [ -72.34681, -41.48066 ], [ -72.34367, -41.48111 ], [ -72.34294, -41.48069 ], [ -72.3413, -41.48083 ], [ -72.34017, -41.48181 ], [ -72.33843, -41.48172 ], [ -72.33711, -41.48281 ], [ -72.33589, -41.48251 ], [ -72.33397, -41.48273 ], [ -72.33231, -41.48317 ], [ -72.33107, -41.48302 ], [ -72.32994, -41.48339 ], [ -72.32767, -41.48318 ], [ -72.32688, -41.48295 ], [ -72.32652, -41.4826 ] ], [ [ -72.40575, -41.49722 ], [ -72.40533, -41.49769 ], [ -72.40497, -41.49914 ], [ -72.40569, -41.50026 ], [ -72.40571, -41.50075 ], [ -72.40615, -41.50204 ], [ -72.40609, -41.503 ], [ -72.40675, -41.5039 ], [ -72.40721, -41.50534 ], [ -72.40646, -41.50579 ], [ -72.40635, -41.50619 ], [ -72.4079, -41.50641 ], [ -72.40881, -41.50602 ], [ -72.40963, -41.50606 ], [ -72.41092, -41.50581 ], [ -72.41156, -41.50525 ], [ -72.41182, -41.50523 ] ] ] } },
{ "type": "Feature", "properties": { "nombre": "Río El Burro", "tipo": "stream", "volcan_codigo": "CLB", "volcan_nombre": "Calbuco", "drena_volcan": false }, "geometry": { "type": "MultiLineString", "coordinates": [ [ [ -72.99555, -41.06462 ], [ -72.99644, -41.06509 ], [ -72.99684, -41.06569 ], [ -72.9987, -41.06686 ], [ -73.0022, -41.06776 ], [ -73.00308, -41.06758 ], [ -73.00346, -41.06766 ], [ -73.00715, -41.06915 ], [ -73.00844, -41.06985 ], [ -73.00908, -41.07049 ], [ -73.00984, -41.07044 ], [ -73.01017, -41.07071 ], [ -73.0109, -41.07094 ], [ -73.01166, -41.07185 ], [ -73.01225, -41.07213 ], [ -73.01385, -41.07205 ], [ -73.0149, -41.07219 ], [ -73.01596, -41.07269 ], [ -73.01661, -41.07329 ], [ -73.01927, -41.07397 ], [ -73.02046, -41.07404 ], [ -73.02192, -41.07384 ], [ -73.02303, -41.07406 ], [ -73.02443, -41.07466 ], [ -73.02694, -41.07466 ], [ -73.02879, -41.07413 ], [ -73.03047, -41.07407 ], [ -73.03178, -41.07342 ], [ -73.03256, -41.07329 ], [ -73.03374, -41.07356 ], [ -73.03635, -41.07486 ], [ -73.0378, -41.07524 ], [ -73.03938, -41.07509 ], [ -73.04168, -41.07588 ], [ -73.04233, -41.07688 ], [ -73.04268, -41.0781 ], [ -73.04313, -41.07887 ], [ -73.04383, -41.07908 ], [ -73.04497, -41.07858 ], [ -73.04564, -41.07853 ], [ -73.04725, -41.07783 ], [ -73.04815, -41.07787 ], [ -73.04804, -41.07727 ], [ -73.04833, -41.07633 ] ], [ [ -73.04833, -41.07633 ], [ -73.04895, -41.07556 ], [ -73.04932, -41.07534 ], [ -73.05245, -41.07467 ], [ -73.05381, -41.07486 ], [ -73.05506, -41.07581 ], [ -73.05565, -41.07609 ], [ -73.05619, -41.07613 ], [ -73.05708, -41.07573 ], [ -73.05768, -41.07486 ], [ -73.05832, -41.07437 ], [ -73.06002, -41.07384 ], [ -73.06141, -41.07199 ], [ -73.06195, -41.07153 ], [ -73.06308, -41.07093 ], [ -73.0643, -41.07071 ], [ -73.06474, -41.07008 ], [ -73.0661, -41.06967 ], [ -73.06637, -41.06925 ], [ -73.06715, -41.06867 ], [ -73.06842, -41.06819 ], [ -73.0685, -41.06796 ], [ -73.06783, -41.06744 ], [ -73.06782, -41.06696 ], [ -73.06757, -41.06664 ], [ -73.06767, -41.06615 ], [ -73.06732, -41.06563 ], [ -73.0675, -41.06504 ], [ -73.06725, -41.06439 ], [ -73.06729, -41.06397 ] ] ] } },
{ "type": "Feature", "properties": { "nombre": "Río El Morro", "tipo": "stream", "volcan_codigo": "CLB", "volcan_nombre": "Calbuco", "drena_volcan": false }, "geometry": { "type": "LineString", "coordinates": [ [ -72.22643, -41.44688 ], [ -72.22597, -41.44828 ], [ -72.22579, -41.44979 ], [ -72.22443, -41.45039 ], [ -72.22391, -41.45128 ], [ -72.22304, -41.45138 ], [ -72.22278, -41.45202 ], [ -72.22194, -41.45215 ], [ -72.22148, -41.45265 ], [ -72.22076, -41.45307 ], [ -72.22008, -41.45304 ], [ -72.21753, -41.45428 ], [ -72.21742, -41.45446 ], [ -72.21752, -41.45505 ] ] } },
{ "type": "Feature", "properties": { "nombre": "Río El Salto", "tipo": "river", "volcan_codigo": "CLB", "volcan_nombre": "Calbuco", "drena_volcan": false }, "geometry": { "type": "LineString", "coordinates": [ [ -72.36165, -41.22791 ], [ -72.36202, -41.22781 ], [ -72.36228, -41.22742 ], [ -72.36279, -41.22755 ], [ -72.36342, -41.22741 ], [ -72.36473, -41.22766 ], [ -72.3651, -41.22807 ], [ -72.36538, -41.22812 ], [ -72.3671, -41.22756 ], [ -72.36764, -41.22758 ], [ -72.36829, -41.22728 ], [ -72.36912, -41.22659 ], [ -72.37004, -41.22651 ], [ -72.37137, -41.22678 ], [ -72.37284, -41.22759 ], [ -72.37325, -41.22804 ], [ -72.37367, -41.22798 ], [ -72.37509, -41.22833 ], [ -72.37591, -41.22837 ], [ -72.37934, -41.22753 ], [ -72.37962, -41.22767 ], [ -72.37975, -41.228 ], [ -72.38103, -41.2278 ], [ -72.38191, -41.22812 ], [ -72.38271, -41.22864 ], [ -72.3834, -41.22827 ], [ -72.38395, -41.22836 ], [ -72.38533, -41.22901 ], [ -72.38535, -41.22947 ], [ -72.38571, -41.22971 ], [ -72.38622, -41.22952 ], [ -72.38689, -41.22979 ], [ -72.3887, -41.22962 ], [ -72.3892, -41.22994 ], [ -72.38979, -41.2298 ], [ -72.3905, -41.23 ], [ -72.39181, -41.22976 ], [ -72.39314, -41.23025 ], [ -72.39393, -41.23079 ], [ -72.39549, -41.23134 ], [ -72.39712, -41.23138 ], [ -72.39765, -41.2313 ], [ -72.39838, -41.23067 ], [ -72.39919, -41.23067 ], [ -72.3997, -41.23033 ], [ -72.4015, -41.22967 ], [ -72.40257, -41.2298 ], [ -72.40335, -41.23008 ], [ -72.40449, -41.22958 ], [ -72.40528, -41.22903 ], [ -72.40746, -41.22881 ], [ -72.40881, -41.22837 ], [ -72.4121, -41.22822 ], [ -72.41285, -41.2285 ], [ -72.41337, -41.22806 ], [ -72.41559, -41.22822 ], [ -72.4174, -41.22799 ], [ -72.41937, -41.22724 ], [ -72.42084, -41.22749 ], [ -72.42207, -41.22714 ], [ -72.42709, -41.22964 ], [ -72.42786, -41.22988 ], [ -72.42947, -41.23005 ], [ -72.42955, -41.2302 ], [ -72.42938, -41.23051 ], [ -72.42949, -41.23074 ], [ -72.4301, -41.23104 ], [ -72.4305, -41.23147 ], [ -72.43192, -41.23193 ], [ -72.43207, -41.23243 ], [ -72.43343, -41.23464 ], [ -72.43482, -41.23601 ], [ -72.4354, -41.23624 ], [ -72.43651, -41.23717 ], [ -72.43781, -41.23745 ], [ -72.44042, -41.2372 ], [ -72.44281, -41.23722 ], [ -72.44338, -41.23746 ], [ -72.4437, -41.23782 ], [ -72.44427, -41.238 ], [ -72.44431, -41.23852 ], [ -72.44376, -41.23942 ], [ -72.44388, -41.2405 ], [ -72.44466, -41.24102 ], [ -72.44579, -41.24078 ], [ -72.4461, -41.24096 ], [ -72.44629, -41.24142 ], [ -72.44601, -41.24261 ], [ -72.44552, -41.24309 ], [ -72.44552, -41.24371 ], [ -72.44446, -41.24471 ] ] } },
{ "type": "Feature", "properties": { "nombre": "Río Este", "tipo": "river", "volcan_codigo": "CLB", "volcan_nombre": "Calbuco", "drena_volcan": true }, "geometry": { "type": "LineString", "coordinates": [ [ -72.58018, -41.35144 ], [ -72.57992, -41.35174 ], [ -72.58003, -41.35203 ], [ -72.57936, -41.35267 ], [ -72.57918, -41.35316 ], [ -72.5793, -41.35374 ], [ -72.57916, -41.35425 ], [ -72.57872, -41.355 ], [ -72.57838, -41.35552 ], [ -72.57719, -41.35615 ], [ -72.57681, -41.35665 ], [ -72.57747, -41.35732 ], [ -72.57618, -41.36072 ], [ -72.57653, -41.36158 ], [ -72.57644, -41.3619 ], [ -72.57662, -41.36273 ], [ -72.57726, -41.36314 ], [ -72.57747, -41.36358 ], [ -72.57724, -41.36392 ], [ -72.57732, -41.36424 ], [ -72.57775, -41.36488 ], [ -72.57828, -41.36528 ], [ -72.57837, -41.36675 ], [ -72.57815, -41.36732 ], [ -72.57874, -41.36785 ], [ -72.57845, -41.36845 ], [ -72.57887, -41.36885 ], [ -72.57885, -41.36933 ], [ -72.57848, -41.36961 ], [ -72.57791, -41.37054 ], [ -72.57776, -41.37087 ], [ -72.57777, -41.37152 ], [ -72.57731, -41.37178 ], [ -72.57727, -41.37196 ], [ -72.57761, -41.37229 ], [ -72.57751, -41.37287 ], [ -72.57722, -41.37312 ], [ -72.57734, -41.37328 ], [ -72.57714, -41.37364 ], [ -72.57726, -41.37457 ], [ -72.57713, -41.37499 ], [ -72.57657, -41.37532 ], [ -72.57627, -41.3759 ], [ -72.57523, -41.37625 ], [ -72.57501, -41.37686 ], [ -72.5741, -41.3775 ], [ -72.5737, -41.37859 ], [ -72.57407, -41.37939 ], [ -72.57397, -41.37999 ], [ -72.5744, -41.38029 ], [ -72.57414, -41.38096 ], [ -72.57504, -41.38177 ], [ -72.57494, -41.38219 ], [ -72.57505, -41.38279 ], [ -72.57561, -41.38349 ], [ -72.57573, -41.38395 ], [ -72.57515, -41.38472 ], [ -72.5746, -41.38497 ], [ -72.57444, -41.38525 ], [ -72.57444, -41.3861 ], [ -72.57525, -41.38721 ], [ -72.57515, -41.38879 ], [ -72.57487, -41.38964 ], [ -72.57487, -41.39056 ], [ -72.57549, -41.39307 ], [ -72.57489, -41.39532 ], [ -72.57455, -41.39579 ], [ -72.57392, -41.39746 ], [ -72.57401, -41.3987 ], [ -72.57277, -41.40062 ], [ -72.5719, -41.40165 ], [ -72.56978, -41.40311 ], [ -72.56885, -41.40314 ], [ -72.56716, -41.40389 ], [ -72.5662, -41.40406 ], [ -72.56522, -41.40449 ], [ -72.56441, -41.40405 ], [ -72.5627, -41.40424 ], [ -72.56084, -41.40537 ], [ -72.56045, -41.40584 ], [ -72.5594, -41.40607 ], [ -72.55875, -41.40665 ], [ -72.55786, -41.407 ], [ -72.55729, -41.40707 ], [ -72.55583, -41.40772 ], [ -72.55378, -41.40786 ], [ -72.5532, -41.40777 ], [ -72.55143, -41.40894 ], [ -72.55025, -41.41092 ], [ -72.5486, -41.41193 ], [ -72.54852, -41.41288 ], [ -72.54768, -41.41353 ], [ -72.54742, -41.41451 ], [ -72.54602, -41.41526 ] ] } },
{ "type": "Feature", "properties": { "nombre": "Río Factoría", "tipo": "river", "volcan_codigo": "CLB", "volcan_nombre": "Calbuco", "drena_volcan": false }, "geometry": { "type": "LineString", "coordinates": [ [ -72.40452, -41.56581 ], [ -72.40307, -41.56527 ], [ -72.40334, -41.56516 ], [ -72.40313, -41.56488 ], [ -72.39944, -41.56444 ], [ -72.39859, -41.56387 ], [ -72.39767, -41.56351 ], [ -72.39454, -41.56363 ], [ -72.39355, -41.56339 ], [ -72.39193, -41.56208 ], [ -72.39066, -41.56216 ], [ -72.38747, -41.56284 ], [ -72.38346, -41.56255 ], [ -72.37927, -41.56052 ], [ -72.37846, -41.56054 ], [ -72.37751, -41.56094 ], [ -72.37636, -41.56049 ], [ -72.37457, -41.5609 ], [ -72.37404, -41.56139 ], [ -72.37303, -41.5611 ], [ -72.37163, -41.56133 ], [ -72.37026, -41.56092 ], [ -72.36945, -41.56105 ], [ -72.36855, -41.5616 ], [ -72.36767, -41.56132 ], [ -72.36292, -41.5621 ], [ -72.36055, -41.56162 ], [ -72.35627, -41.56105 ], [ -72.35383, -41.56115 ], [ -72.3534, -41.56068 ], [ -72.351, -41.56077 ], [ -72.34973, -41.56053 ], [ -72.34913, -41.55961 ], [ -72.34846, -41.55896 ], [ -72.34725, -41.55858 ], [ -72.34682, -41.55869 ] ] } },
{ "type": "Feature", "properties": { "nombre": "Río Fontema", "tipo": "river", "volcan_codigo": "CLB", "volcan_nombre": "Calbuco", "drena_volcan": false }, "geometry": { "type": "LineString", "coordinates": [ [ -72.52236, -41.5031 ], [ -72.52357, -41.50273 ], [ -72.52431, -41.50214 ], [ -72.52692, -41.50156 ], [ -72.52736, -41.50092 ], [ -72.5282, -41.50061 ], [ -72.52861, -41.49999 ], [ -72.52944, -41.49949 ], [ -72.53042, -41.49855 ], [ -72.5323, -41.49808 ], [ -72.53403, -41.49738 ], [ -72.5351, -41.49753 ], [ -72.53571, -41.49785 ], [ -72.53729, -41.49923 ], [ -72.53835, -41.50042 ], [ -72.53932, -41.50068 ], [ -72.54013, -41.50111 ], [ -72.54053, -41.50201 ], [ -72.54079, -41.50226 ], [ -72.54188, -41.50257 ], [ -72.54266, -41.50236 ], [ -72.54402, -41.50242 ], [ -72.54714, -41.50329 ], [ -72.54917, -41.50336 ], [ -72.55039, -41.50296 ], [ -72.55077, -41.50364 ], [ -72.55158, -41.50406 ], [ -72.55118, -41.50482 ], [ -72.5512, -41.50517 ], [ -72.55249, -41.50559 ], [ -72.55311, -41.50538 ], [ -72.55334, -41.50478 ], [ -72.55487, -41.50476 ], [ -72.55636, -41.50431 ], [ -72.55709, -41.50382 ], [ -72.55784, -41.50388 ], [ -72.55874, -41.50256 ], [ -72.55979, -41.50171 ], [ -72.56045, -41.50158 ], [ -72.56073, -41.50176 ], [ -72.56003, -41.50236 ], [ -72.55987, -41.50323 ], [ -72.56009, -41.50337 ], [ -72.5615, -41.5024 ], [ -72.56353, -41.50066 ], [ -72.56431, -41.50043 ], [ -72.56509, -41.50054 ], [ -72.56589, -41.50025 ], [ -72.56714, -41.50027 ], [ -72.5689, -41.49974 ], [ -72.57022, -41.49961 ], [ -72.57066, -41.49978 ], [ -72.57097, -41.5004 ], [ -72.57197, -41.50096 ], [ -72.57183, -41.50187 ], [ -72.57144, -41.50269 ], [ -72.57215, -41.50364 ], [ -72.57433, -41.50432 ], [ -72.57522, -41.50543 ], [ -72.57588, -41.50549 ], [ -72.57707, -41.50605 ], [ -72.57811, -41.50603 ], [ -72.57837, -41.50667 ], [ -72.57823, -41.50699 ], [ -72.57844, -41.50719 ], [ -72.57911, -41.50704 ], [ -72.5805, -41.50618 ], [ -72.58201, -41.5066 ], [ -72.58243, -41.5071 ], [ -72.58294, -41.50837 ], [ -72.58353, -41.50916 ], [ -72.58345, -41.50948 ], [ -72.58302, -41.5095 ], [ -72.58229, -41.50895 ], [ -72.58202, -41.50891 ], [ -72.58175, -41.50902 ], [ -72.58173, -41.5093 ], [ -72.58228, -41.5103 ], [ -72.58334, -41.51044 ] ] } },
{ "type": "Feature", "properties": { "nombre": "Río Golpeado", "tipo": "stream", "volcan_codigo": "CLB", "volcan_nombre": "Calbuco", "drena_volcan": false }, "geometry": { "type": "MultiLineString", "coordinates": [ [ [ -72.38185, -41.58458 ], [ -72.38155, -41.58489 ], [ -72.38114, -41.58498 ], [ -72.37912, -41.58476 ], [ -72.37751, -41.58511 ], [ -72.37641, -41.58598 ], [ -72.37626, -41.58627 ], [ -72.37494, -41.58674 ], [ -72.37274, -41.58785 ], [ -72.37016, -41.58836 ], [ -72.36925, -41.58889 ], [ -72.36767, -41.58914 ], [ -72.36563, -41.58993 ], [ -72.36382, -41.59038 ], [ -72.36179, -41.58973 ], [ -72.35958, -41.58978 ], [ -72.3592, -41.5896 ], [ -72.35799, -41.58954 ], [ -72.35739, -41.58982 ], [ -72.35504, -41.58987 ], [ -72.35399, -41.59027 ] ], [ [ -72.39118, -41.58292 ], [ -72.39007, -41.58314 ], [ -72.38736, -41.58328 ], [ -72.3865, -41.58311 ], [ -72.38618, -41.58288 ], [ -72.38492, -41.58273 ], [ -72.38387, -41.58337 ], [ -72.38329, -41.58339 ], [ -72.38319, -41.58402 ] ] ] } },
{ "type": "Feature", "properties": { "nombre": "Río Hueñu Hueñu", "tipo": "river", "volcan_codigo": "CLB", "volcan_nombre": "Calbuco", "drena_volcan": true }, "geometry": { "type": "MultiLineString", "coordinates": [ [ [ -72.49663, -41.27261 ], [ -72.49626, -41.27146 ], [ -72.49564, -41.27081 ], [ -72.49003, -41.26942 ], [ -72.48694, -41.26942 ], [ -72.48505, -41.26801 ], [ -72.4856, -41.26593 ], [ -72.48631, -41.26527 ], [ -72.48603, -41.2642 ], [ -72.48449, -41.26296 ], [ -72.48288, -41.26214 ], [ -72.48284, -41.26153 ], [ -72.48261, -41.2612 ], [ -72.48077, -41.26067 ], [ -72.47857, -41.25961 ], [ -72.47657, -41.25925 ], [ -72.47522, -41.25871 ], [ -72.47466, -41.25794 ], [ -72.47419, -41.25769 ], [ -72.47243, -41.25746 ], [ -72.47033, -41.25782 ], [ -72.46947, -41.25819 ], [ -72.46904, -41.25855 ], [ -72.46882, -41.25898 ], [ -72.46844, -41.26126 ], [ -72.46771, -41.26195 ], [ -72.46625, -41.26185 ], [ -72.46475, -41.26088 ], [ -72.4641, -41.261 ], [ -72.4611, -41.26281 ], [ -72.45917, -41.26282 ], [ -72.45827, -41.26169 ], [ -72.45732, -41.26111 ], [ -72.45612, -41.26045 ], [ -72.45432, -41.26 ], [ -72.45325, -41.25935 ], [ -72.4526, -41.25869 ], [ -72.45247, -41.25778 ], [ -72.45204, -41.25691 ], [ -72.45127, -41.25611 ], [ -72.45003, -41.2554 ], [ -72.44883, -41.25527 ], [ -72.44471, -41.25333 ], [ -72.44329, -41.2534 ], [ -72.44162, -41.25374 ], [ -72.44067, -41.25364 ], [ -72.43956, -41.25317 ], [ -72.43921, -41.25271 ], [ -72.43871, -41.25131 ] ], [ [ -72.50397, -41.33785 ], [ -72.50353, -41.33768 ], [ -72.50322, -41.33733 ], [ -72.50328, -41.33631 ], [ -72.5031, -41.33565 ], [ -72.50249, -41.33464 ], [ -72.50214, -41.33436 ], [ -72.50065, -41.33415 ], [ -72.50044, -41.33395 ], [ -72.50062, -41.33279 ], [ -72.50052, -41.33241 ], [ -72.49927, -41.33107 ], [ -72.49878, -41.32952 ], [ -72.49871, -41.32811 ], [ -72.4992, -41.32733 ], [ -72.49921, -41.32708 ], [ -72.49714, -41.32511 ], [ -72.49715, -41.32428 ], [ -72.49806, -41.32272 ], [ -72.49805, -41.32243 ], [ -72.49761, -41.32182 ], [ -72.49743, -41.32118 ], [ -72.49797, -41.32059 ], [ -72.49814, -41.31961 ], [ -72.49854, -41.31889 ], [ -72.49904, -41.31702 ], [ -72.49882, -41.31588 ], [ -72.4985, -41.31564 ], [ -72.49732, -41.31572 ], [ -72.49683, -41.31557 ], [ -72.49655, -41.31526 ], [ -72.49663, -41.31492 ], [ -72.49733, -41.31426 ], [ -72.49763, -41.31333 ], [ -72.49886, -41.31257 ], [ -72.49901, -41.3116 ], [ -72.49934, -41.31128 ], [ -72.50019, -41.31095 ], [ -72.50068, -41.31058 ], [ -72.50076, -41.31023 ], [ -72.50007, -41.30941 ], [ -72.50037, -41.30851 ], [ -72.50021, -41.30805 ], [ -72.50024, -41.30678 ], [ -72.4991, -41.30547 ], [ -72.49896, -41.30502 ], [ -72.49904, -41.30371 ], [ -72.49834, -41.30342 ], [ -72.49721, -41.30196 ], [ -72.49705, -41.30134 ], [ -72.49624, -41.30085 ], [ -72.49589, -41.29879 ], [ -72.49708, -41.29759 ], [ -72.49717, -41.29702 ], [ -72.497, -41.29642 ], [ -72.49643, -41.29579 ], [ -72.49602, -41.29482 ], [ -72.49521, -41.29436 ], [ -72.49516, -41.29416 ], [ -72.49539, -41.29383 ], [ -72.49675, -41.29293 ], [ -72.49732, -41.29027 ], [ -72.49741, -41.28882 ], [ -72.49767, -41.28803 ], [ -72.4976, -41.28716 ], [ -72.49852, -41.28594 ], [ -72.4985, -41.28519 ], [ -72.49903, -41.28473 ], [ -72.50011, -41.2845 ], [ -72.50046, -41.28424 ], [ -72.50121, -41.28268 ], [ -72.50199, -41.28044 ], [ -72.50195, -41.27983 ], [ -72.50174, -41.27956 ], [ -72.50001, -41.27924 ], [ -72.49929, -41.27892 ], [ -72.49891, -41.27849 ], [ -72.49896, -41.27774 ], [ -72.49972, -41.27542 ], [ -72.49973, -41.27442 ], [ -72.49947, -41.27384 ], [ -72.49849, -41.27321 ], [ -72.49692, -41.2729 ], [ -72.49663, -41.27261 ] ] ] } },
{ "type": "Feature", "properties": { "nombre": "Río La Poza", "tipo": "stream", "volcan_codigo": "CLB", "volcan_nombre": "Calbuco", "drena_volcan": true }, "geometry": { "type": "LineString", "coordinates": [ [ -72.59433, -41.31567 ], [ -72.59299, -41.31455 ], [ -72.58936, -41.31389 ], [ -72.5889, -41.31368 ], [ -72.58825, -41.31285 ], [ -72.58612, -41.31143 ], [ -72.58435, -41.30998 ], [ -72.58128, -41.309 ], [ -72.5808, -41.30834 ], [ -72.5808, -41.30778 ], [ -72.58041, -41.30691 ], [ -72.57949, -41.30583 ], [ -72.57618, -41.30433 ], [ -72.57568, -41.30343 ], [ -72.57573, -41.30293 ], [ -72.57482, -41.30273 ], [ -72.57385, -41.30218 ], [ -72.57326, -41.30163 ], [ -72.57297, -41.30087 ], [ -72.57317, -41.30034 ], [ -72.57236, -41.2991 ], [ -72.57245, -41.29799 ], [ -72.57279, -41.29685 ], [ -72.57249, -41.29638 ], [ -72.57109, -41.2955 ], [ -72.57097, -41.29507 ], [ -72.57052, -41.29448 ], [ -72.56963, -41.29368 ], [ -72.569, -41.29252 ], [ -72.56784, -41.29167 ], [ -72.56555, -41.28957 ], [ -72.56536, -41.28795 ], [ -72.56556, -41.28709 ], [ -72.56468, -41.28616 ], [ -72.56274, -41.28469 ], [ -72.56249, -41.28369 ], [ -72.56246, -41.28264 ], [ -72.56424, -41.27956 ], [ -72.56434, -41.27902 ], [ -72.56408, -41.27879 ], [ -72.56445, -41.27841 ], [ -72.56421, -41.27693 ], [ -72.56359, -41.2758 ], [ -72.56233, -41.27508 ], [ -72.56225, -41.27388 ], [ -72.56266, -41.27305 ], [ -72.5624, -41.27263 ], [ -72.5628, -41.27237 ], [ -72.56307, -41.27163 ], [ -72.56336, -41.2713 ], [ -72.56353, -41.27032 ], [ -72.56481, -41.26903 ], [ -72.56527, -41.26894 ], [ -72.56624, -41.26812 ], [ -72.56635, -41.2678 ], [ -72.56672, -41.26778 ] ] } },
{ "type": "Feature", "properties": { "nombre": "Río Largo", "tipo": "stream", "volcan_codigo": "CLB", "volcan_nombre": "Calbuco", "drena_volcan": false }, "geometry": { "type": "LineString", "coordinates": [ [ -72.17308, -41.41566 ], [ -72.17234, -41.41602 ], [ -72.17214, -41.41635 ], [ -72.17179, -41.4184 ], [ -72.17199, -41.41857 ], [ -72.17198, -41.41944 ], [ -72.17238, -41.42005 ], [ -72.17241, -41.42085 ], [ -72.17224, -41.42158 ], [ -72.17251, -41.4243 ], [ -72.17238, -41.42462 ], [ -72.17195, -41.42488 ], [ -72.17133, -41.42562 ], [ -72.17297, -41.42605 ], [ -72.17328, -41.42663 ], [ -72.17367, -41.42687 ], [ -72.17391, -41.42725 ] ] } },
{ "type": "Feature", "properties": { "nombre": "Río Las Marcas", "tipo": "river", "volcan_codigo": "CLB", "volcan_nombre": "Calbuco", "drena_volcan": true }, "geometry": { "type": "MultiLineString", "coordinates": [ [ [ -72.70719, -41.3598 ], [ -72.70746, -41.35975 ] ], [ [ -72.70236, -41.36121 ], [ -72.70307, -41.36089 ], [ -72.7038, -41.36093 ], [ -72.70635, -41.35985 ], [ -72.70719, -41.3598 ] ], [ [ -72.70746, -41.35975 ], [ -72.70916, -41.35924 ], [ -72.71067, -41.35858 ], [ -72.71121, -41.35861 ], [ -72.71333, -41.35811 ], [ -72.71438, -41.35813 ], [ -72.71523, -41.35855 ], [ -72.71579, -41.35833 ], [ -72.71766, -41.35857 ], [ -72.71865, -41.35859 ], [ -72.71942, -41.35842 ], [ -72.71985, -41.35859 ], [ -72.72128, -41.35807 ], [ -72.7237, -41.35841 ], [ -72.72543, -41.3582 ], [ -72.72593, -41.35786 ], [ -72.72692, -41.35816 ], [ -72.72787, -41.35766 ], [ -72.72789, -41.35741 ], [ -72.72825, -41.35726 ], [ -72.73194, -41.3573 ], [ -72.73295, -41.35714 ], [ -72.7339, -41.35727 ], [ -72.73832, -41.35684 ], [ -72.74079, -41.35715 ], [ -72.74207, -41.35658 ], [ -72.74414, -41.35661 ], [ -72.74562, -41.35751 ], [ -72.74559, -41.35823 ], [ -72.74545, -41.35845 ], [ -72.74506, -41.35859 ], [ -72.74505, -41.35901 ], [ -72.74566, -41.35869 ], [ -72.74598, -41.3588 ], [ -72.74637, -41.35978 ], [ -72.74835, -41.3605 ], [ -72.74833, -41.36104 ], [ -72.74849, -41.36128 ], [ -72.74924, -41.36111 ], [ -72.75113, -41.36223 ], [ -72.75293, -41.36214 ], [ -72.75404, -41.36238 ], [ -72.75626, -41.36223 ], [ -72.75669, -41.36234 ], [ -72.7571, -41.36269 ], [ -72.75854, -41.36308 ], [ -72.75869, -41.36331 ], [ -72.75815, -41.36371 ], [ -72.75805, -41.36407 ], [ -72.75814, -41.36533 ], [ -72.75846, -41.36567 ], [ -72.75873, -41.36561 ], [ -72.75934, -41.36496 ], [ -72.75985, -41.36502 ], [ -72.75964, -41.36533 ], [ -72.75968, -41.36557 ], [ -72.76051, -41.36608 ], [ -72.76068, -41.36642 ], [ -72.76071, -41.36734 ], [ -72.76116, -41.36756 ], [ -72.76247, -41.36716 ], [ -72.76409, -41.3677 ], [ -72.76542, -41.36703 ], [ -72.76727, -41.36678 ], [ -72.76882, -41.36715 ], [ -72.76932, -41.36699 ], [ -72.76952, -41.36633 ], [ -72.76981, -41.36607 ], [ -72.7702, -41.36594 ], [ -72.77097, -41.36615 ], [ -72.77201, -41.36591 ], [ -72.77304, -41.36682 ], [ -72.77337, -41.36758 ], [ -72.77414, -41.36779 ], [ -72.77533, -41.36862 ], [ -72.77707, -41.36883 ], [ -72.77754, -41.36939 ], [ -72.77825, -41.36982 ], [ -72.78044, -41.37012 ], [ -72.78192, -41.37092 ], [ -72.78283, -41.37083 ], [ -72.783, -41.37043 ], [ -72.78285, -41.36975 ], [ -72.78296, -41.36956 ], [ -72.78363, -41.36946 ], [ -72.78457, -41.36989 ], [ -72.78543, -41.37103 ], [ -72.78675, -41.37083 ], [ -72.78904, -41.37091 ] ] ] } },
{ "type": "Feature", "properties": { "nombre": "Río Lenca", "tipo": "river", "volcan_codigo": "CLB", "volcan_nombre": "Calbuco", "drena_volcan": false }, "geometry": { "type": "MultiLineString", "coordinates": [ [ [ -72.59276, -41.59444 ], [ -72.59315, -41.59426 ], [ -72.59379, -41.5943 ], [ -72.59465, -41.59457 ], [ -72.59613, -41.59542 ], [ -72.59772, -41.59574 ], [ -72.59847, -41.59648 ], [ -72.59942, -41.598 ], [ -72.59999, -41.59829 ], [ -72.60096, -41.59805 ], [ -72.60139, -41.5977 ], [ -72.6021, -41.59746 ], [ -72.60272, -41.59738 ], [ -72.60358, -41.59767 ], [ -72.60506, -41.59852 ], [ -72.60553, -41.59887 ], [ -72.60587, -41.59945 ], [ -72.60667, -41.59962 ], [ -72.60785, -41.59908 ], [ -72.60817, -41.59922 ], [ -72.60858, -41.59972 ], [ -72.60903, -41.6014 ], [ -72.6098, -41.60177 ], [ -72.6109, -41.60181 ], [ -72.61257, -41.60062 ], [ -72.61323, -41.60079 ], [ -72.61437, -41.60163 ], [ -72.61738, -41.60304 ], [ -72.62055, -41.6042 ], [ -72.62175, -41.6044 ], [ -72.62246, -41.60429 ], [ -72.62392, -41.60534 ], [ -72.62448, -41.6055 ], [ -72.62474, -41.60497 ], [ -72.62529, -41.60485 ], [ -72.62774, -41.60583 ], [ -72.62916, -41.60586 ], [ -72.63051, -41.6066 ], [ -72.63135, -41.6063 ], [ -72.63257, -41.60519 ], [ -72.63433, -41.60577 ], [ -72.63654, -41.6059 ], [ -72.6372, -41.60582 ], [ -72.6375, -41.60521 ], [ -72.63793, -41.6049 ], [ -72.63883, -41.60509 ], [ -72.64049, -41.60665 ], [ -72.64235, -41.6059 ], [ -72.6437, -41.60585 ], [ -72.64476, -41.60643 ], [ -72.64613, -41.60599 ], [ -72.64703, -41.60591 ], [ -72.64973, -41.60631 ], [ -72.65117, -41.60731 ], [ -72.65234, -41.60764 ], [ -72.65263, -41.60792 ], [ -72.65298, -41.60906 ], [ -72.654, -41.61047 ], [ -72.65426, -41.61108 ], [ -72.65475, -41.61329 ], [ -72.65529, -41.61367 ], [ -72.65618, -41.61395 ], [ -72.6581, -41.61511 ], [ -72.65914, -41.61654 ], [ -72.66, -41.61726 ], [ -72.66125, -41.6176 ], [ -72.66354, -41.61768 ], [ -72.66448, -41.618 ], [ -72.6656, -41.61892 ], [ -72.66611, -41.61964 ], [ -72.66765, -41.62031 ], [ -72.66842, -41.62115 ] ], [ [ -72.54219, -41.58234 ], [ -72.5443, -41.58154 ], [ -72.54407, -41.58104 ], [ -72.54413, -41.58064 ], [ -72.54628, -41.58044 ], [ -72.54767, -41.57995 ], [ -72.54793, -41.57962 ], [ -72.54774, -41.57943 ], [ -72.54782, -41.57922 ], [ -72.5483, -41.57914 ], [ -72.54951, -41.57963 ], [ -72.55039, -41.58019 ], [ -72.55142, -41.57972 ], [ -72.55322, -41.57957 ], [ -72.55407, -41.57966 ], [ -72.55491, -41.57938 ], [ -72.55529, -41.57955 ], [ -72.55592, -41.57934 ], [ -72.55663, -41.57868 ], [ -72.55756, -41.57853 ], [ -72.55838, -41.57929 ], [ -72.56092, -41.58025 ], [ -72.56185, -41.58111 ], [ -72.56252, -41.58121 ], [ -72.56303, -41.58161 ], [ -72.56388, -41.58161 ], [ -72.56527, -41.58133 ], [ -72.56563, -41.58143 ], [ -72.56654, -41.58222 ], [ -72.56713, -41.58346 ], [ -72.56857, -41.58391 ], [ -72.56847, -41.58463 ], [ -72.56909, -41.58517 ], [ -72.56996, -41.58693 ], [ -72.57024, -41.58738 ], [ -72.57055, -41.58753 ], [ -72.57164, -41.58734 ], [ -72.57205, -41.58792 ], [ -72.57313, -41.58831 ], [ -72.5746, -41.58803 ], [ -72.5754, -41.58842 ], [ -72.57607, -41.58853 ], [ -72.5769, -41.58812 ], [ -72.57806, -41.58811 ], [ -72.57916, -41.58785 ], [ -72.57959, -41.58794 ], [ -72.57994, -41.58808 ], [ -72.58066, -41.58911 ], [ -72.58265, -41.59099 ], [ -72.58343, -41.59137 ], [ -72.58603, -41.59176 ], [ -72.58772, -41.59225 ], [ -72.58888, -41.59286 ], [ -72.58922, -41.59322 ], [ -72.58847, -41.59346 ], [ -72.58931, -41.59428 ], [ -72.58974, -41.59428 ], [ -72.59032, -41.59497 ], [ -72.59083, -41.59505 ], [ -72.59169, -41.59485 ], [ -72.59236, -41.59509 ], [ -72.59271, -41.59496 ], [ -72.59276, -41.59444 ] ] ] } },
{ "type": "Feature", "properties": { "nombre": "Río León", "tipo": "river", "volcan_codigo": "CLB", "volcan_nombre": "Calbuco", "drena_volcan": false }, "geometry": { "type": "LineString", "coordinates": [ [ -72.49328, -41.53683 ], [ -72.49226, -41.53617 ], [ -72.49039, -41.53568 ], [ -72.49004, -41.53544 ], [ -72.48932, -41.53358 ], [ -72.48805, -41.53285 ], [ -72.48781, -41.53132 ], [ -72.48637, -41.53041 ], [ -72.48617, -41.52998 ], [ -72.48615, -41.52939 ], [ -72.48597, -41.52911 ], [ -72.4853, -41.5287 ], [ -72.4853, -41.52751 ], [ -72.48579, -41.52711 ], [ -72.48582, -41.52678 ], [ -72.4854, -41.52631 ], [ -72.48442, -41.52568 ], [ -72.48454, -41.52501 ], [ -72.48428, -41.52455 ], [ -72.48428, -41.52356 ], [ -72.4827, -41.52205 ], [ -72.4817, -41.52149 ], [ -72.48103, -41.5213 ], [ -72.48044, -41.52072 ], [ -72.48018, -41.51976 ], [ -72.47978, -41.51909 ], [ -72.47988, -41.51776 ], [ -72.47837, -41.51584 ], [ -72.47819, -41.51519 ], [ -72.47841, -41.51479 ], [ -72.47832, -41.51414 ], [ -72.47873, -41.51341 ], [ -72.47866, -41.51287 ], [ -72.47829, -41.51267 ], [ -72.47805, -41.51211 ], [ -72.47762, -41.51186 ], [ -72.4773, -41.5118 ], [ -72.47666, -41.5121 ], [ -72.4759, -41.51221 ], [ -72.47523, -41.51182 ], [ -72.47447, -41.51172 ], [ -72.47409, -41.51151 ] ] } },
{ "type": "Feature", "properties": { "nombre": "Río Llaguepe", "tipo": "river", "volcan_codigo": "CLB", "volcan_nombre": "Calbuco", "drena_volcan": false }, "geometry": { "type": "LineString", "coordinates": [ [ -72.44585, -41.79997 ], [ -72.44669, -41.79982 ], [ -72.44747, -41.80004 ], [ -72.44828, -41.79982 ], [ -72.44856, -41.79921 ], [ -72.44958, -41.79891 ], [ -72.44996, -41.79856 ], [ -72.45105, -41.7985 ], [ -72.45132, -41.79821 ], [ -72.45125, -41.79802 ], [ -72.45203, -41.79768 ], [ -72.45251, -41.79672 ], [ -72.45236, -41.79639 ], [ -72.45187, -41.79624 ], [ -72.45184, -41.79603 ], [ -72.45266, -41.79565 ], [ -72.45273, -41.79531 ], [ -72.45242, -41.79471 ], [ -72.45147, -41.79444 ], [ -72.45139, -41.79366 ], [ -72.45216, -41.79308 ], [ -72.45282, -41.79193 ], [ -72.45409, -41.79118 ], [ -72.45466, -41.7914 ], [ -72.45517, -41.79128 ], [ -72.45533, -41.79056 ], [ -72.45643, -41.79007 ], [ -72.45689, -41.78953 ], [ -72.45697, -41.78934 ], [ -72.45679, -41.78878 ], [ -72.45762, -41.78861 ], [ -72.45801, -41.78796 ], [ -72.45881, -41.78788 ], [ -72.45895, -41.78767 ], [ -72.4587, -41.78688 ], [ -72.45925, -41.78643 ], [ -72.45997, -41.78619 ], [ -72.45942, -41.78524 ], [ -72.4598, -41.78428 ], [ -72.46069, -41.78342 ], [ -72.46061, -41.78298 ], [ -72.46086, -41.78268 ], [ -72.46094, -41.78218 ], [ -72.46075, -41.78195 ], [ -72.46124, -41.78102 ], [ -72.46078, -41.78059 ], [ -72.46192, -41.77958 ], [ -72.46179, -41.77934 ], [ -72.46127, -41.77915 ], [ -72.46093, -41.7787 ], [ -72.46035, -41.77744 ], [ -72.46037, -41.7771 ], [ -72.46046, -41.77693 ], [ -72.46174, -41.77635 ], [ -72.46145, -41.77536 ], [ -72.46101, -41.77472 ], [ -72.4621, -41.77407 ], [ -72.46227, -41.77363 ], [ -72.46225, -41.77304 ], [ -72.46185, -41.77256 ], [ -72.46187, -41.77212 ], [ -72.46105, -41.77154 ], [ -72.46081, -41.77048 ], [ -72.45999, -41.77006 ], [ -72.46069, -41.76956 ], [ -72.46112, -41.76871 ], [ -72.4618, -41.76852 ], [ -72.462, -41.76789 ], [ -72.46187, -41.76746 ], [ -72.46199, -41.76667 ], [ -72.4635, -41.76613 ], [ -72.46398, -41.76545 ], [ -72.46393, -41.76483 ], [ -72.46415, -41.76353 ], [ -72.46372, -41.76285 ], [ -72.46379, -41.76272 ], [ -72.46447, -41.76213 ], [ -72.46564, -41.76153 ], [ -72.46608, -41.76083 ], [ -72.46607, -41.76015 ], [ -72.46579, -41.75918 ], [ -72.46591, -41.75845 ], [ -72.46581, -41.75821 ], [ -72.46498, -41.75805 ], [ -72.4647, -41.75764 ], [ -72.46469, -41.75724 ], [ -72.46493, -41.75697 ], [ -72.46594, -41.7568 ], [ -72.46634, -41.75651 ], [ -72.46627, -41.75615 ], [ -72.4658, -41.75571 ], [ -72.46605, -41.75525 ], [ -72.46599, -41.75429 ], [ -72.4674, -41.75321 ], [ -72.46713, -41.75268 ], [ -72.46729, -41.75204 ], [ -72.46895, -41.75087 ], [ -72.46945, -41.75033 ], [ -72.46945, -41.75007 ], [ -72.46902, -41.7493 ], [ -72.46975, -41.74899 ], [ -72.46988, -41.74878 ], [ -72.46963, -41.74785 ], [ -72.46927, -41.74724 ], [ -72.46937, -41.74697 ], [ -72.47232, -41.74517 ], [ -72.47256, -41.7445 ], [ -72.47381, -41.74282 ], [ -72.47422, -41.7418 ], [ -72.4756, -41.74082 ], [ -72.47573, -41.74044 ], [ -72.47541, -41.73873 ], [ -72.47575, -41.73804 ], [ -72.47715, -41.7379 ], [ -72.47758, -41.73766 ], [ -72.47816, -41.73604 ], [ -72.47817, -41.73563 ], [ -72.47726, -41.73413 ], [ -72.47739, -41.73381 ], [ -72.47839, -41.73296 ], [ -72.4788, -41.73217 ], [ -72.47899, -41.73141 ], [ -72.47881, -41.7309 ], [ -72.47894, -41.73011 ], [ -72.4804, -41.72918 ], [ -72.48108, -41.72838 ], [ -72.48391, -41.72649 ], [ -72.48542, -41.72433 ], [ -72.48692, -41.72075 ] ] } },
{ "type": "Feature", "properties": { "nombre": "Río Los Cachos", "tipo": "stream", "volcan_codigo": "CLB", "volcan_nombre": "Calbuco", "drena_volcan": false }, "geometry": { "type": "LineString", "coordinates": [ [ -72.36795, -41.72918 ], [ -72.36666, -41.72554 ], [ -72.3661, -41.72476 ], [ -72.36603, -41.72357 ], [ -72.3652, -41.72277 ], [ -72.36255, -41.72294 ], [ -72.3615, -41.72316 ], [ -72.3572, -41.72235 ], [ -72.35667, -41.72212 ], [ -72.35648, -41.72185 ], [ -72.35634, -41.72139 ], [ -72.35645, -41.72105 ], [ -72.35837, -41.71915 ], [ -72.35972, -41.71654 ], [ -72.36068, -41.71533 ], [ -72.36062, -41.71259 ], [ -72.36014, -41.71094 ], [ -72.36018, -41.7095 ], [ -72.35993, -41.70848 ], [ -72.35955, -41.70764 ], [ -72.35884, -41.70691 ], [ -72.35815, -41.70492 ], [ -72.35703, -41.7032 ], [ -72.35688, -41.70238 ] ] } },
{ "type": "Feature", "properties": { "nombre": "Río Los Patos", "tipo": "river", "volcan_codigo": "CLB", "volcan_nombre": "Calbuco", "drena_volcan": false }, "geometry": { "type": "MultiLineString", "coordinates": [ [ [ -72.78371, -41.35798 ], [ -72.78457, -41.35851 ], [ -72.78661, -41.35891 ], [ -72.78734, -41.35946 ], [ -72.78699, -41.35988 ], [ -72.78624, -41.35973 ], [ -72.78582, -41.35991 ], [ -72.78575, -41.36013 ], [ -72.78645, -41.3613 ], [ -72.78844, -41.36317 ], [ -72.78871, -41.36459 ], [ -72.78852, -41.36554 ], [ -72.7883, -41.36581 ], [ -72.7878, -41.36531 ], [ -72.78721, -41.36545 ], [ -72.78651, -41.36603 ], [ -72.78667, -41.36652 ], [ -72.78659, -41.36675 ], [ -72.78557, -41.36708 ], [ -72.78498, -41.3678 ], [ -72.78567, -41.36805 ], [ -72.78591, -41.36786 ], [ -72.7867, -41.36838 ], [ -72.78771, -41.3693 ], [ -72.78819, -41.37019 ], [ -72.78851, -41.37031 ], [ -72.78904, -41.37091 ] ], [ [ -72.78358, -41.35792 ], [ -72.78371, -41.35798 ] ], [ [ -72.76357, -41.34524 ], [ -72.76438, -41.34533 ], [ -72.76456, -41.34566 ], [ -72.76661, -41.34614 ], [ -72.7672, -41.34666 ], [ -72.76868, -41.34703 ], [ -72.77059, -41.34799 ], [ -72.77094, -41.34835 ], [ -72.77194, -41.34849 ], [ -72.77302, -41.34916 ], [ -72.77313, -41.34989 ], [ -72.7739, -41.35037 ], [ -72.77436, -41.35106 ], [ -72.77587, -41.3521 ], [ -72.77643, -41.35209 ], [ -72.77732, -41.35247 ], [ -72.77801, -41.35317 ], [ -72.77971, -41.35362 ], [ -72.78007, -41.35419 ], [ -72.7807, -41.35433 ], [ -72.78165, -41.35498 ], [ -72.78208, -41.35481 ], [ -72.78251, -41.35489 ], [ -72.78259, -41.3551 ], [ -72.78183, -41.35537 ], [ -72.78169, -41.35562 ], [ -72.78178, -41.35591 ], [ -72.78225, -41.35614 ], [ -72.78248, -41.35645 ], [ -72.78205, -41.35738 ], [ -72.78228, -41.35763 ], [ -72.78358, -41.35792 ] ] ] } },
{ "type": "Feature", "properties": { "nombre": "Río Maullín", "tipo": "river", "volcan_codigo": "CLB", "volcan_nombre": "Calbuco", "drena_volcan": true }, "geometry": { "type": "MultiLineString", "coordinates": [ [ [ -73.00138, -41.2594 ], [ -73.00215, -41.25975 ], [ -73.00287, -41.26066 ], [ -73.00319, -41.2622 ], [ -73.00486, -41.26417 ], [ -73.00568, -41.26435 ], [ -73.00601, -41.2661 ], [ -73.0066, -41.26632 ], [ -73.00784, -41.26779 ], [ -73.0136, -41.26982 ], [ -73.01405, -41.27032 ], [ -73.01657, -41.27206 ], [ -73.01819, -41.27384 ], [ -73.02025, -41.27477 ], [ -73.02196, -41.27636 ], [ -73.02878, -41.27858 ], [ -73.0296, -41.27897 ], [ -73.03003, -41.27945 ], [ -73.03102, -41.27968 ], [ -73.03406, -41.27977 ], [ -73.03707, -41.28071 ], [ -73.04209, -41.28135 ], [ -73.04535, -41.28226 ], [ -73.04822, -41.28284 ], [ -73.04878, -41.28316 ], [ -73.04904, -41.28448 ], [ -73.05071, -41.28571 ], [ -73.05084, -41.28677 ], [ -73.05034, -41.28819 ], [ -73.05089, -41.2898 ], [ -73.05097, -41.29067 ], [ -73.05183, -41.2918 ], [ -73.05282, -41.29393 ], [ -73.05273, -41.29538 ], [ -73.05312, -41.29612 ], [ -73.05312, -41.29664 ], [ -73.05385, -41.29796 ], [ -73.05453, -41.29812 ], [ -73.055, -41.29864 ], [ -73.05531, -41.29948 ], [ -73.05672, -41.30077 ], [ -73.05702, -41.30122 ], [ -73.05676, -41.30209 ], [ -73.05706, -41.30415 ], [ -73.05822, -41.30602 ], [ -73.059, -41.30776 ], [ -73.05994, -41.30895 ], [ -73.06033, -41.31002 ], [ -73.06028, -41.31037 ], [ -73.0593, -41.31166 ], [ -73.05794, -41.31294 ], [ -73.05616, -41.31424 ], [ -73.05316, -41.3154 ], [ -73.05187, -41.31608 ], [ -73.05058, -41.31637 ], [ -73.04908, -41.31624 ], [ -73.04646, -41.3165 ], [ -73.04518, -41.31614 ], [ -73.04385, -41.31653 ], [ -73.04252, -41.31637 ], [ -73.04019, -41.31691 ], [ -73.03944, -41.31793 ], [ -73.03661, -41.31905 ], [ -73.0338, -41.32133 ], [ -73.03243, -41.3221 ], [ -73.03196, -41.32256 ], [ -73.03222, -41.32322 ], [ -73.03299, -41.32366 ], [ -73.03354, -41.32436 ], [ -73.03316, -41.32475 ], [ -73.03256, -41.32494 ], [ -73.03179, -41.32552 ], [ -73.03102, -41.32584 ], [ -73.03127, -41.32681 ], [ -73.03029, -41.32797 ], [ -73.02964, -41.32923 ], [ -73.02887, -41.32965 ], [ -73.02818, -41.32977 ], [ -73.02788, -41.33035 ], [ -73.02836, -41.33097 ], [ -73.02853, -41.33145 ], [ -73.02844, -41.33187 ], [ -73.02728, -41.33271 ], [ -73.02685, -41.33326 ], [ -73.02642, -41.33425 ], [ -73.02556, -41.33528 ], [ -73.02509, -41.33619 ], [ -73.02522, -41.33744 ], [ -73.02564, -41.33839 ], [ -73.02651, -41.33921 ], [ -73.02679, -41.34063 ], [ -73.02828, -41.3418 ], [ -73.02854, -41.34279 ], [ -73.02889, -41.34317 ], [ -73.03133, -41.34382 ], [ -73.03203, -41.34393 ], [ -73.033, -41.34381 ], [ -73.03471, -41.34421 ] ], [ [ -73.03471, -41.34421 ], [ -73.03724, -41.34447 ], [ -73.0385, -41.34419 ], [ -73.03998, -41.34418 ], [ -73.04123, -41.34448 ], [ -73.04168, -41.34479 ], [ -73.04282, -41.3461 ], [ -73.04307, -41.34706 ], [ -73.04434, -41.34871 ], [ -73.04487, -41.34919 ], [ -73.04709, -41.35011 ], [ -73.04752, -41.35223 ], [ -73.04809, -41.35313 ], [ -73.04871, -41.35528 ], [ -73.04904, -41.357 ], [ -73.04889, -41.35813 ], [ -73.04917, -41.35937 ], [ -73.05007, -41.3604 ], [ -73.05112, -41.36106 ], [ -73.05159, -41.36164 ], [ -73.05301, -41.3623 ], [ -73.05389, -41.36249 ], [ -73.05571, -41.36247 ], [ -73.05801, -41.36193 ] ], [ [ -73.05801, -41.36193 ], [ -73.06106, -41.36128 ], [ -73.06277, -41.36122 ], [ -73.0638, -41.36135 ], [ -73.06492, -41.36212 ], [ -73.06727, -41.36289 ] ], [ [ -73.02658, -41.33938 ], [ -73.02705, -41.33953 ], [ -73.02819, -41.3408 ], [ -73.03008, -41.34198 ], [ -73.03309, -41.34293 ], [ -73.03341, -41.34327 ], [ -73.03397, -41.34347 ], [ -73.03471, -41.34421 ] ] ] } },
{ "type": "Feature", "properties": { "nombre": "Río Mañihueico", "tipo": "river", "volcan_codigo": "CLB", "volcan_nombre": "Calbuco", "drena_volcan": false }, "geometry": { "type": "MultiLineString", "coordinates": [ [ [ -72.66984, -41.77354 ], [ -72.66997, -41.77266 ], [ -72.67089, -41.77216 ], [ -72.671, -41.77138 ], [ -72.67085, -41.77022 ], [ -72.67119, -41.76962 ], [ -72.67205, -41.76914 ], [ -72.67381, -41.76733 ], [ -72.67407, -41.76672 ], [ -72.67388, -41.76565 ], [ -72.67452, -41.765 ], [ -72.67678, -41.76378 ], [ -72.67702, -41.76318 ], [ -72.67676, -41.7621 ] ], [ [ -72.67401, -41.7669 ], [ -72.67536, -41.76612 ], [ -72.67662, -41.76574 ], [ -72.67749, -41.76471 ], [ -72.67815, -41.76421 ], [ -72.67846, -41.76411 ], [ -72.67902, -41.76422 ] ] ] } },
{ "type": "Feature", "properties": { "nombre": "Río Negro", "tipo": "river", "volcan_codigo": "CLB", "volcan_nombre": "Calbuco", "drena_volcan": false }, "geometry": { "type": "MultiLineString", "coordinates": [ [ [ -72.92085, -41.39582 ], [ -72.92121, -41.3958 ], [ -72.92247, -41.39657 ], [ -72.92396, -41.39699 ], [ -72.92435, -41.397 ], [ -72.9246, -41.39671 ], [ -72.92585, -41.39653 ], [ -72.92627, -41.39654 ], [ -72.92657, -41.39677 ], [ -72.92646, -41.39723 ], [ -72.92552, -41.39718 ], [ -72.92541, -41.39784 ], [ -72.92715, -41.39914 ], [ -72.92721, -41.3995 ], [ -72.92748, -41.39978 ], [ -72.92831, -41.39964 ], [ -72.92867, -41.39974 ], [ -72.92869, -41.40109 ], [ -72.92934, -41.40188 ], [ -72.92942, -41.40279 ], [ -72.93048, -41.40337 ], [ -72.93065, -41.40361 ], [ -72.93056, -41.40379 ], [ -72.92987, -41.40408 ], [ -72.92992, -41.40437 ], [ -72.93033, -41.40466 ], [ -72.93043, -41.40498 ], [ -72.93013, -41.40553 ], [ -72.93033, -41.40574 ], [ -72.93239, -41.40601 ], [ -72.93301, -41.40669 ], [ -72.93344, -41.40683 ], [ -72.93404, -41.40677 ], [ -72.93425, -41.40706 ], [ -72.93423, -41.40774 ], [ -72.93445, -41.40799 ], [ -72.93486, -41.40815 ], [ -72.93502, -41.40843 ], [ -72.93595, -41.40854 ], [ -72.93653, -41.4088 ], [ -72.9364, -41.40954 ], [ -72.9365, -41.40982 ], [ -72.93612, -41.41034 ], [ -72.9362, -41.41095 ], [ -72.93586, -41.41199 ], [ -72.93617, -41.41269 ], [ -72.93723, -41.41287 ], [ -72.93754, -41.41317 ], [ -72.93788, -41.41324 ], [ -72.93897, -41.41287 ], [ -72.93923, -41.41292 ], [ -72.94035, -41.41234 ], [ -72.94082, -41.41227 ], [ -72.94205, -41.41296 ], [ -72.94206, -41.41346 ], [ -72.94226, -41.41367 ], [ -72.94303, -41.4138 ], [ -72.94424, -41.41359 ], [ -72.94533, -41.41283 ], [ -72.94575, -41.41248 ], [ -72.94588, -41.41149 ], [ -72.94696, -41.41062 ], [ -72.94756, -41.41057 ], [ -72.94968, -41.41145 ], [ -72.95019, -41.4114 ], [ -72.95101, -41.41062 ], [ -72.95288, -41.40988 ], [ -72.95331, -41.40912 ], [ -72.95595, -41.40848 ], [ -72.95615, -41.40802 ], [ -72.95596, -41.40757 ], [ -72.95673, -41.4074 ], [ -72.95667, -41.40712 ], [ -72.95681, -41.40698 ], [ -72.95741, -41.40736 ], [ -72.95798, -41.40735 ], [ -72.95828, -41.40664 ], [ -72.95873, -41.40674 ], [ -72.95888, -41.407 ], [ -72.95857, -41.40761 ], [ -72.95862, -41.40803 ], [ -72.95881, -41.40808 ], [ -72.95998, -41.40732 ], [ -72.95979, -41.40669 ], [ -72.96047, -41.40532 ], [ -72.96104, -41.40506 ], [ -72.96259, -41.40526 ], [ -72.96549, -41.40395 ], [ -72.96732, -41.40413 ], [ -72.96912, -41.4035 ], [ -72.96998, -41.40284 ], [ -72.96998, -41.4022 ], [ -72.9703, -41.40191 ], [ -72.97179, -41.40129 ], [ -72.97217, -41.40128 ], [ -72.97234, -41.40179 ], [ -72.97238, -41.40295 ], [ -72.97337, -41.40403 ], [ -72.97408, -41.4042 ], [ -72.97444, -41.40451 ], [ -72.9747, -41.40502 ], [ -72.97474, -41.40582 ], [ -72.97502, -41.40597 ], [ -72.97513, -41.40638 ], [ -72.9759, -41.40687 ], [ -72.97637, -41.40704 ], [ -72.97715, -41.40623 ], [ -72.97766, -41.40618 ], [ -72.97807, -41.40728 ], [ -72.9788, -41.40751 ], [ -72.97946, -41.40743 ], [ -72.98028, -41.40632 ], [ -72.98183, -41.40582 ], [ -72.98213, -41.4061 ], [ -72.9831, -41.40619 ], [ -72.98351, -41.40641 ], [ -72.98382, -41.40687 ], [ -72.98496, -41.40754 ], [ -72.98491, -41.40794 ], [ -72.98451, -41.40858 ], [ -72.98446, -41.40923 ], [ -72.98506, -41.4116 ], [ -72.98584, -41.4123 ], [ -72.9873, -41.41224 ], [ -72.98807, -41.41152 ], [ -72.98852, -41.41158 ], [ -72.98875, -41.41218 ], [ -72.98906, -41.4124 ], [ -72.98959, -41.41229 ], [ -72.98985, -41.41192 ], [ -72.99079, -41.41121 ], [ -72.99245, -41.41108 ], [ -72.99253, -41.41089 ], [ -72.99202, -41.41029 ], [ -72.99324, -41.41037 ], [ -72.99373, -41.41017 ], [ -72.99408, -41.40976 ], [ -72.99416, -41.40857 ], [ -72.99375, -41.40844 ], [ -72.9926, -41.40859 ], [ -72.99236, -41.4083 ], [ -72.99257, -41.40737 ], [ -72.99176, -41.40673 ], [ -72.99174, -41.40609 ], [ -72.99255, -41.4058 ], [ -72.99335, -41.40594 ], [ -72.99408, -41.40642 ], [ -72.99498, -41.40653 ], [ -72.99502, -41.40609 ], [ -72.99442, -41.40574 ], [ -72.99433, -41.4055 ], [ -72.99485, -41.40526 ], [ -72.99577, -41.40531 ], [ -72.99613, -41.4046 ], [ -72.9967, -41.40491 ], [ -72.99635, -41.40607 ], [ -72.99667, -41.40626 ], [ -72.99727, -41.40601 ], [ -72.99792, -41.40626 ], [ -72.99744, -41.40675 ], [ -72.99741, -41.40738 ], [ -72.99795, -41.40761 ], [ -72.99834, -41.40836 ], [ -72.99866, -41.40859 ], [ -72.9994, -41.4086 ], [ -72.99997, -41.40822 ], [ -72.99996, -41.40783 ], [ -72.99948, -41.40687 ], [ -72.99963, -41.40626 ], [ -73.00077, -41.40633 ], [ -73.00245, -41.40521 ], [ -73.00275, -41.40466 ], [ -73.00279, -41.40408 ], [ -73.00342, -41.40399 ], [ -73.00488, -41.40415 ], [ -73.00645, -41.40398 ], [ -73.00749, -41.40469 ], [ -73.00868, -41.40634 ], [ -73.00942, -41.40688 ], [ -73.01056, -41.40674 ], [ -73.01172, -41.40586 ], [ -73.01224, -41.40582 ], [ -73.01251, -41.40589 ], [ -73.01278, -41.40662 ], [ -73.01355, -41.40692 ], [ -73.01395, -41.40674 ], [ -73.01376, -41.4059 ], [ -73.01486, -41.40509 ], [ -73.0148, -41.40443 ], [ -73.01506, -41.40362 ], [ -73.01566, -41.40285 ], [ -73.01653, -41.40215 ], [ -73.01842, -41.40116 ], [ -73.01897, -41.40105 ], [ -73.01958, -41.40055 ], [ -73.01998, -41.3991 ], [ -73.0205, -41.39812 ], [ -73.02021, -41.39642 ], [ -73.01982, -41.39557 ], [ -73.01974, -41.39411 ], [ -73.02035, -41.39339 ], [ -73.02204, -41.39235 ], [ -73.0228, -41.39065 ], [ -73.0234, -41.38997 ], [ -73.02519, -41.39057 ], [ -73.02566, -41.39049 ], [ -73.02574, -41.38995 ], [ -73.02551, -41.38971 ], [ -73.02564, -41.38947 ], [ -73.02607, -41.38962 ], [ -73.02634, -41.38994 ], [ -73.02624, -41.39058 ], [ -73.02689, -41.39137 ], [ -73.02798, -41.39141 ], [ -73.0286, -41.39189 ], [ -73.02902, -41.39268 ], [ -73.02971, -41.39306 ], [ -73.03026, -41.39324 ], [ -73.0312, -41.39315 ], [ -73.03156, -41.39327 ], [ -73.03203, -41.39404 ], [ -73.03276, -41.39452 ], [ -73.03325, -41.39357 ], [ -73.03366, -41.39314 ], [ -73.03529, -41.39305 ], [ -73.03643, -41.39239 ], [ -73.03736, -41.39211 ], [ -73.03849, -41.39217 ], [ -73.03921, -41.39336 ], [ -73.03909, -41.39405 ], [ -73.0399, -41.39436 ], [ -73.0414, -41.39393 ], [ -73.04299, -41.3942 ], [ -73.04396, -41.39407 ], [ -73.04571, -41.39298 ], [ -73.04706, -41.393 ], [ -73.04784, -41.39334 ], [ -73.04924, -41.39286 ], [ -73.05014, -41.39287 ], [ -73.05145, -41.39314 ], [ -73.05256, -41.39387 ], [ -73.05252, -41.39398 ], [ -73.05176, -41.39393 ], [ -73.05144, -41.39413 ], [ -73.05143, -41.39441 ], [ -73.05191, -41.39497 ], [ -73.05311, -41.3954 ], [ -73.05323, -41.39606 ], [ -73.05384, -41.39646 ], [ -73.05514, -41.39601 ], [ -73.05573, -41.39604 ], [ -73.05714, -41.39559 ], [ -73.05849, -41.39449 ], [ -73.05889, -41.39393 ], [ -73.06007, -41.39341 ], [ -73.06137, -41.39242 ], [ -73.06186, -41.39246 ], [ -73.0626, -41.39301 ], [ -73.06295, -41.39306 ], [ -73.0632, -41.39234 ], [ -73.06406, -41.39255 ], [ -73.06458, -41.39239 ], [ -73.06442, -41.39203 ], [ -73.06449, -41.39177 ], [ -73.06518, -41.39136 ], [ -73.06787, -41.39093 ], [ -73.07158, -41.39111 ], [ -73.07268, -41.39145 ], [ -73.07254, -41.39211 ], [ -73.07297, -41.39247 ], [ -73.07327, -41.3931 ], [ -73.07412, -41.39404 ], [ -73.07406, -41.39439 ], [ -73.07353, -41.39445 ], [ -73.07337, -41.39463 ], [ -73.07334, -41.39488 ], [ -73.07375, -41.39512 ], [ -73.07463, -41.39539 ], [ -73.07537, -41.39509 ], [ -73.07552, -41.3946 ], [ -73.0754, -41.39412 ], [ -73.07551, -41.39298 ], [ -73.07584, -41.39271 ], [ -73.07644, -41.39257 ], [ -73.07694, -41.39273 ], [ -73.07755, -41.39341 ], [ -73.07847, -41.39555 ], [ -73.07873, -41.39585 ], [ -73.07923, -41.39597 ], [ -73.08062, -41.39572 ], [ -73.0822, -41.39589 ], [ -73.08312, -41.39629 ], [ -73.08336, -41.39684 ] ], [ [ -72.43208, -41.39874 ], [ -72.43356, -41.39849 ], [ -72.43426, -41.3976 ], [ -72.43707, -41.39693 ], [ -72.43759, -41.39638 ], [ -72.43879, -41.39616 ], [ -72.4399, -41.39551 ], [ -72.44103, -41.39578 ], [ -72.44184, -41.39571 ], [ -72.44178, -41.39542 ], [ -72.44209, -41.395 ], [ -72.44716, -41.39543 ], [ -72.44785, -41.39536 ], [ -72.44942, -41.39458 ], [ -72.45032, -41.3947 ], [ -72.45124, -41.39527 ], [ -72.45305, -41.39538 ], [ -72.45351, -41.39599 ], [ -72.45385, -41.39599 ], [ -72.45421, -41.39568 ], [ -72.45481, -41.3955 ], [ -72.45563, -41.39554 ], [ -72.45666, -41.396 ], [ -72.45736, -41.39669 ], [ -72.45889, -41.39757 ], [ -72.45963, -41.39738 ], [ -72.46015, -41.39687 ], [ -72.46057, -41.39669 ], [ -72.46186, -41.39678 ], [ -72.4621, -41.39711 ], [ -72.46198, -41.39741 ], [ -72.46213, -41.39774 ], [ -72.46198, -41.39908 ], [ -72.46255, -41.40037 ], [ -72.46338, -41.40032 ], [ -72.46397, -41.40009 ], [ -72.46653, -41.40071 ], [ -72.46696, -41.4009 ], [ -72.46746, -41.40159 ], [ -72.46867, -41.4022 ], [ -72.46878, -41.40258 ], [ -72.46928, -41.40293 ], [ -72.47067, -41.40347 ], [ -72.47129, -41.40321 ], [ -72.47182, -41.40322 ], [ -72.47299, -41.40371 ], [ -72.47293, -41.40483 ], [ -72.47314, -41.4053 ], [ -72.47325, -41.40641 ], [ -72.47367, -41.40668 ], [ -72.47442, -41.40663 ], [ -72.47596, -41.40597 ], [ -72.47718, -41.40573 ], [ -72.47801, -41.40598 ], [ -72.47867, -41.40697 ], [ -72.47895, -41.40879 ], [ -72.47923, -41.40901 ], [ -72.48013, -41.4092 ], [ -72.48036, -41.40952 ], [ -72.48018, -41.40998 ], [ -72.48067, -41.41059 ], [ -72.48092, -41.41072 ], [ -72.48196, -41.41064 ], [ -72.48339, -41.41156 ], [ -72.48351, -41.41214 ], [ -72.48329, -41.41296 ], [ -72.48276, -41.41308 ], [ -72.48278, -41.41474 ], [ -72.48388, -41.4151 ], [ -72.48498, -41.41478 ], [ -72.48638, -41.41461 ], [ -72.48746, -41.41406 ], [ -72.48884, -41.41424 ], [ -72.48931, -41.41452 ], [ -72.48934, -41.41537 ], [ -72.48965, -41.41631 ] ], [ [ -72.90222, -41.37841 ], [ -72.90253, -41.37877 ], [ -72.90417, -41.37975 ], [ -72.90479, -41.37996 ], [ -72.90567, -41.38095 ], [ -72.90636, -41.38117 ], [ -72.9078, -41.38125 ], [ -72.90851, -41.38163 ], [ -72.90915, -41.38175 ], [ -72.91027, -41.38252 ], [ -72.91039, -41.38272 ], [ -72.9101, -41.3832 ], [ -72.91015, -41.38358 ], [ -72.91031, -41.38376 ], [ -72.91088, -41.38364 ], [ -72.91149, -41.38425 ], [ -72.91157, -41.38474 ], [ -72.91215, -41.38492 ], [ -72.91208, -41.3853 ], [ -72.91243, -41.38559 ], [ -72.91242, -41.38626 ], [ -72.91317, -41.38766 ], [ -72.91411, -41.38788 ], [ -72.91467, -41.38765 ], [ -72.91494, -41.38778 ], [ -72.91452, -41.38815 ], [ -72.91472, -41.38884 ], [ -72.91523, -41.38914 ], [ -72.91574, -41.38994 ], [ -72.91597, -41.39103 ], [ -72.91639, -41.39135 ], [ -72.9175, -41.39136 ], [ -72.91817, -41.39218 ], [ -72.91863, -41.39234 ], [ -72.91856, -41.39302 ], [ -72.91819, -41.39388 ], [ -72.91834, -41.39499 ], [ -72.92008, -41.39575 ], [ -72.92085, -41.39582 ] ], [ [ -72.86949, -41.35953 ], [ -72.8702, -41.35984 ], [ -72.87139, -41.3613 ], [ -72.8724, -41.36212 ], [ -72.87245, -41.3627 ], [ -72.87338, -41.36282 ], [ -72.87433, -41.36416 ], [ -72.87486, -41.36409 ], [ -72.8752, -41.36448 ], [ -72.87567, -41.3644 ], [ -72.87687, -41.365 ], [ -72.8773, -41.36505 ], [ -72.87795, -41.36477 ], [ -72.87839, -41.36481 ], [ -72.87999, -41.36593 ], [ -72.88119, -41.36586 ], [ -72.88197, -41.366 ], [ -72.88398, -41.36679 ], [ -72.88559, -41.36789 ], [ -72.88741, -41.3682 ], [ -72.88853, -41.36865 ], [ -72.89011, -41.36968 ], [ -72.89031, -41.37052 ], [ -72.89185, -41.37145 ], [ -72.89274, -41.37166 ], [ -72.89301, -41.37155 ], [ -72.8934, -41.37201 ], [ -72.89461, -41.3725 ], [ -72.89565, -41.37261 ], [ -72.89589, -41.37275 ], [ -72.89588, -41.3732 ], [ -72.89604, -41.37342 ], [ -72.8967, -41.3734 ], [ -72.8971, -41.37355 ], [ -72.89788, -41.37423 ], [ -72.89815, -41.37394 ], [ -72.89833, -41.37395 ], [ -72.8987, -41.37464 ], [ -72.89961, -41.37497 ], [ -72.89963, -41.37577 ], [ -72.89933, -41.37598 ] ], [ [ -72.89933, -41.37598 ], [ -72.9002, -41.37664 ], [ -72.90104, -41.37697 ], [ -72.90111, -41.37722 ], [ -72.9015, -41.37754 ], [ -72.90153, -41.3781 ], [ -72.90191, -41.37809 ], [ -72.90222, -41.37841 ] ] ] } },
{ "type": "Feature", "properties": { "nombre": "Río Oroco", "tipo": "river", "volcan_codigo": "CLB", "volcan_nombre": "Calbuco", "drena_volcan": false }, "geometry": { "type": "LineString", "coordinates": [ [ -72.73161, -41.42117 ], [ -72.73074, -41.42219 ], [ -72.73099, -41.42307 ], [ -72.73141, -41.42356 ], [ -72.73227, -41.42366 ], [ -72.73243, -41.42403 ], [ -72.73159, -41.42466 ], [ -72.73189, -41.42526 ], [ -72.7327, -41.42549 ], [ -72.733, -41.42534 ], [ -72.7338, -41.42536 ], [ -72.73515, -41.426 ], [ -72.73664, -41.42579 ], [ -72.73719, -41.42538 ], [ -72.73801, -41.42527 ], [ -72.73811, -41.42507 ], [ -72.73889, -41.42474 ], [ -72.74004, -41.42444 ], [ -72.74038, -41.42409 ], [ -72.74056, -41.42412 ], [ -72.74068, -41.42447 ], [ -72.74092, -41.42419 ], [ -72.74128, -41.4248 ], [ -72.74223, -41.42399 ], [ -72.74272, -41.42394 ], [ -72.74325, -41.42431 ], [ -72.74323, -41.42381 ], [ -72.74375, -41.42427 ], [ -72.74516, -41.42378 ], [ -72.74542, -41.4241 ], [ -72.74691, -41.42428 ], [ -72.74843, -41.42357 ], [ -72.74885, -41.42352 ], [ -72.74893, -41.42368 ], [ -72.74866, -41.42405 ], [ -72.74885, -41.42423 ], [ -72.74983, -41.42385 ], [ -72.74997, -41.42415 ], [ -72.75057, -41.42462 ], [ -72.75096, -41.42468 ], [ -72.75124, -41.42504 ], [ -72.75193, -41.42491 ], [ -72.75259, -41.42501 ], [ -72.75265, -41.42483 ], [ -72.75243, -41.42465 ], [ -72.75245, -41.42447 ], [ -72.75283, -41.42431 ], [ -72.75303, -41.42464 ], [ -72.75303, -41.42501 ], [ -72.75379, -41.42504 ], [ -72.75402, -41.42555 ], [ -72.75438, -41.4255 ], [ -72.75486, -41.42575 ], [ -72.75512, -41.42618 ], [ -72.75551, -41.42611 ], [ -72.75561, -41.42665 ], [ -72.75598, -41.42652 ], [ -72.75633, -41.42674 ], [ -72.75653, -41.42714 ], [ -72.75697, -41.42699 ], [ -72.75725, -41.42722 ], [ -72.75683, -41.42766 ], [ -72.75709, -41.42828 ], [ -72.75671, -41.42842 ], [ -72.75716, -41.42881 ], [ -72.75723, -41.42925 ], [ -72.75645, -41.43005 ], [ -72.75723, -41.43023 ], [ -72.75697, -41.43049 ], [ -72.75702, -41.43102 ], [ -72.75734, -41.4315 ], [ -72.75795, -41.4315 ], [ -72.75837, -41.43186 ], [ -72.75861, -41.43235 ], [ -72.75907, -41.43246 ], [ -72.75908, -41.43264 ], [ -72.75951, -41.43296 ], [ -72.76004, -41.43307 ], [ -72.75998, -41.43247 ], [ -72.76151, -41.43364 ], [ -72.76177, -41.43493 ], [ -72.76176, -41.43567 ] ] } },
{ "type": "Feature", "properties": { "nombre": "Río Pangal", "tipo": "river", "volcan_codigo": "CLB", "volcan_nombre": "Calbuco", "drena_volcan": true }, "geometry": { "type": "MultiLineString", "coordinates": [ [ [ -72.63199, -41.4886 ], [ -72.6328, -41.48849 ], [ -72.63372, -41.48894 ], [ -72.63416, -41.48942 ], [ -72.63531, -41.48961 ], [ -72.63554, -41.48989 ], [ -72.63642, -41.48994 ], [ -72.63689, -41.49017 ], [ -72.63701, -41.49062 ], [ -72.63791, -41.49087 ], [ -72.63833, -41.49152 ], [ -72.63971, -41.4922 ], [ -72.64077, -41.49242 ], [ -72.64117, -41.4927 ], [ -72.64506, -41.49324 ], [ -72.64612, -41.4929 ], [ -72.64708, -41.49356 ], [ -72.64796, -41.49279 ], [ -72.64824, -41.49271 ], [ -72.64865, -41.49275 ], [ -72.64953, -41.4934 ], [ -72.64996, -41.49287 ], [ -72.65088, -41.4931 ], [ -72.65265, -41.49299 ], [ -72.65321, -41.49277 ], [ -72.65492, -41.49278 ], [ -72.65638, -41.49193 ], [ -72.65791, -41.49204 ], [ -72.65982, -41.49162 ], [ -72.66053, -41.4909 ], [ -72.66127, -41.49068 ], [ -72.66162, -41.49022 ], [ -72.66166, -41.48942 ], [ -72.662, -41.48872 ], [ -72.66186, -41.488 ], [ -72.66313, -41.48762 ], [ -72.663, -41.48716 ], [ -72.66177, -41.48618 ], [ -72.66181, -41.48476 ], [ -72.66123, -41.48422 ], [ -72.66108, -41.48388 ], [ -72.66113, -41.48268 ], [ -72.66064, -41.48259 ], [ -72.66108, -41.4813 ], [ -72.66104, -41.47981 ], [ -72.66155, -41.4793 ], [ -72.66159, -41.47906 ], [ -72.66167, -41.47849 ], [ -72.66144, -41.47798 ], [ -72.66146, -41.4776 ], [ -72.66198, -41.4769 ], [ -72.66195, -41.47625 ], [ -72.66212, -41.4758 ], [ -72.66293, -41.47603 ] ], [ [ -72.38227, -41.73129 ], [ -72.3812, -41.73084 ], [ -72.37816, -41.72819 ], [ -72.37491, -41.72698 ], [ -72.37388, -41.72629 ], [ -72.3725, -41.72579 ], [ -72.37201, -41.72537 ], [ -72.3709, -41.72369 ], [ -72.37106, -41.72302 ], [ -72.37095, -41.72247 ], [ -72.37111, -41.7214 ], [ -72.37143, -41.72059 ], [ -72.37136, -41.72037 ], [ -72.37062, -41.71976 ], [ -72.36968, -41.71815 ], [ -72.36866, -41.71751 ], [ -72.36759, -41.71751 ], [ -72.36693, -41.71789 ], [ -72.36626, -41.71781 ], [ -72.36451, -41.7172 ], [ -72.36293, -41.71623 ], [ -72.36283, -41.71599 ], [ -72.363, -41.71503 ], [ -72.36286, -41.71424 ], [ -72.36312, -41.71327 ], [ -72.36288, -41.71261 ], [ -72.36308, -41.71228 ], [ -72.36273, -41.71173 ], [ -72.36289, -41.71128 ], [ -72.36251, -41.71086 ], [ -72.36218, -41.71011 ], [ -72.36188, -41.70701 ], [ -72.36224, -41.70662 ], [ -72.36203, -41.70629 ], [ -72.36206, -41.70583 ], [ -72.36181, -41.70525 ], [ -72.36225, -41.70431 ], [ -72.36206, -41.70405 ], [ -72.36182, -41.70284 ] ], [ [ -72.37162, -41.68863 ], [ -72.3721, -41.6883 ], [ -72.37269, -41.68824 ], [ -72.37283, -41.68795 ], [ -72.37339, -41.68764 ], [ -72.37356, -41.68722 ], [ -72.37574, -41.68564 ], [ -72.37602, -41.68511 ], [ -72.37643, -41.68492 ], [ -72.37661, -41.68464 ], [ -72.37876, -41.68421 ], [ -72.37912, -41.68355 ], [ -72.37972, -41.68317 ], [ -72.37976, -41.68279 ], [ -72.38018, -41.68265 ], [ -72.38013, -41.68227 ], [ -72.38062, -41.6819 ], [ -72.38055, -41.68163 ], [ -72.38028, -41.68146 ], [ -72.38028, -41.68124 ], [ -72.37999, -41.68117 ] ] ] } },
{ "type": "Feature", "properties": { "nombre": "Río Pescado", "tipo": "river", "volcan_codigo": "CLB", "volcan_nombre": "Calbuco", "drena_volcan": true }, "geometry": { "type": "LineString", "coordinates": [ [ -72.71223, -41.26926 ], [ -72.71367, -41.26899 ], [ -72.71539, -41.26758 ], [ -72.7158, -41.26747 ], [ -72.7164, -41.26765 ], [ -72.7168, -41.26752 ], [ -72.71724, -41.26712 ], [ -72.71918, -41.26734 ], [ -72.71989, -41.26727 ], [ -72.72042, -41.26749 ], [ -72.72292, -41.27059 ], [ -72.72435, -41.27147 ], [ -72.72485, -41.27239 ], [ -72.72533, -41.27229 ], [ -72.72579, -41.27148 ], [ -72.72569, -41.27138 ], [ -72.7264, -41.27113 ], [ -72.72637, -41.27097 ], [ -72.72547, -41.27071 ], [ -72.72533, -41.27036 ], [ -72.7256, -41.27012 ], [ -72.72699, -41.27074 ], [ -72.72724, -41.27106 ], [ -72.72732, -41.27162 ], [ -72.72852, -41.2721 ], [ -72.72846, -41.27249 ], [ -72.72789, -41.27285 ], [ -72.72824, -41.27387 ], [ -72.72808, -41.27411 ], [ -72.729, -41.27502 ], [ -72.72953, -41.27676 ], [ -72.73017, -41.27785 ], [ -72.73061, -41.27802 ], [ -72.73241, -41.27788 ], [ -72.73414, -41.27813 ], [ -72.73441, -41.27827 ], [ -72.73437, -41.27866 ], [ -72.73456, -41.2789 ], [ -72.73502, -41.2788 ], [ -72.73528, -41.27839 ], [ -72.73554, -41.27827 ], [ -72.73682, -41.27852 ], [ -72.73857, -41.27852 ], [ -72.73966, -41.27907 ], [ -72.74027, -41.27896 ], [ -72.74219, -41.27917 ], [ -72.74407, -41.27894 ], [ -72.7453, -41.27909 ], [ -72.74583, -41.27866 ], [ -72.74636, -41.27855 ], [ -72.74972, -41.27898 ], [ -72.751, -41.27833 ], [ -72.75186, -41.27863 ], [ -72.75413, -41.27889 ], [ -72.75525, -41.2785 ], [ -72.75678, -41.27873 ], [ -72.75952, -41.27804 ], [ -72.76066, -41.27792 ], [ -72.76486, -41.27853 ], [ -72.76608, -41.27739 ], [ -72.76638, -41.27735 ], [ -72.76674, -41.2777 ], [ -72.7674, -41.27786 ], [ -72.76794, -41.27729 ], [ -72.76975, -41.27682 ], [ -72.77013, -41.2764 ], [ -72.77027, -41.27573 ], [ -72.77147, -41.27558 ], [ -72.77069, -41.27496 ], [ -72.77048, -41.27389 ], [ -72.77086, -41.2729 ], [ -72.77063, -41.27202 ], [ -72.77118, -41.27149 ], [ -72.77187, -41.27113 ], [ -72.77282, -41.27103 ], [ -72.7764, -41.26997 ], [ -72.7767, -41.26973 ], [ -72.77788, -41.26844 ], [ -72.77835, -41.26763 ], [ -72.77842, -41.26724 ], [ -72.7779, -41.26657 ], [ -72.77833, -41.26592 ], [ -72.77801, -41.26489 ], [ -72.77829, -41.26452 ], [ -72.77915, -41.26423 ], [ -72.7826, -41.26473 ], [ -72.78299, -41.26436 ], [ -72.78301, -41.26344 ], [ -72.78348, -41.26258 ], [ -72.78442, -41.26184 ], [ -72.78494, -41.2612 ], [ -72.78565, -41.26087 ], [ -72.78792, -41.26087 ], [ -72.78938, -41.26063 ], [ -72.79052, -41.26115 ], [ -72.79086, -41.26111 ], [ -72.79125, -41.26076 ], [ -72.79168, -41.25986 ], [ -72.79236, -41.25944 ], [ -72.79273, -41.25961 ], [ -72.79343, -41.2606 ], [ -72.79397, -41.2607 ], [ -72.79494, -41.26038 ], [ -72.79588, -41.25912 ], [ -72.79556, -41.25789 ], [ -72.79572, -41.25688 ], [ -72.79549, -41.25566 ], [ -72.79561, -41.25431 ], [ -72.79504, -41.25288 ], [ -72.79536, -41.25127 ] ] } },
{ "type": "Feature", "properties": { "nombre": "Río Petrohué", "tipo": "river", "volcan_codigo": "CLB", "volcan_nombre": "Calbuco", "drena_volcan": true }, "geometry": { "type": "MultiLineString", "coordinates": [ [ [ -72.40115, -41.13963 ], [ -72.40216, -41.13972 ], [ -72.4039, -41.14031 ], [ -72.40861, -41.14257 ], [ -72.41124, -41.14402 ], [ -72.41674, -41.14651 ], [ -72.4188, -41.14673 ], [ -72.42069, -41.14776 ], [ -72.42203, -41.14816 ], [ -72.42469, -41.14762 ], [ -72.42804, -41.14877 ], [ -72.42955, -41.14991 ], [ -72.43071, -41.15135 ], [ -72.43255, -41.15526 ], [ -72.43273, -41.15668 ], [ -72.43343, -41.1576 ], [ -72.43413, -41.1581 ], [ -72.43623, -41.15863 ], [ -72.43969, -41.16207 ], [ -72.4403, -41.16346 ], [ -72.4438, -41.16715 ], [ -72.44451, -41.16826 ] ], [ [ -72.44451, -41.16826 ], [ -72.44701, -41.17117 ], [ -72.4472, -41.17192 ], [ -72.44691, -41.17226 ], [ -72.44743, -41.1749 ], [ -72.44779, -41.1755 ], [ -72.45028, -41.17683 ], [ -72.45174, -41.17919 ], [ -72.45305, -41.18061 ], [ -72.45605, -41.18157 ], [ -72.45807, -41.18244 ] ], [ [ -72.45807, -41.18244 ], [ -72.46026, -41.18381 ], [ -72.46058, -41.18441 ], [ -72.46077, -41.18622 ], [ -72.4616, -41.18758 ], [ -72.46381, -41.18905 ], [ -72.46616, -41.19089 ], [ -72.46773, -41.19165 ], [ -72.46809, -41.1921 ], [ -72.46842, -41.19311 ], [ -72.46924, -41.19393 ], [ -72.47062, -41.19473 ], [ -72.47309, -41.1951 ], [ -72.47402, -41.19543 ], [ -72.47569, -41.19716 ], [ -72.47856, -41.19894 ], [ -72.48377, -41.20355 ], [ -72.48662, -41.2054 ], [ -72.48816, -41.20714 ], [ -72.48878, -41.20807 ], [ -72.48919, -41.20906 ], [ -72.48934, -41.20986 ], [ -72.48924, -41.21065 ], [ -72.48871, -41.21145 ], [ -72.48771, -41.21223 ], [ -72.4871, -41.213 ], [ -72.48651, -41.21434 ], [ -72.48611, -41.21594 ], [ -72.4864, -41.21823 ], [ -72.48628, -41.21894 ], [ -72.48507, -41.22001 ], [ -72.48408, -41.2204 ], [ -72.4833, -41.22057 ], [ -72.47997, -41.22072 ], [ -72.47903, -41.22103 ], [ -72.47719, -41.2224 ], [ -72.47706, -41.2244 ], [ -72.47677, -41.2249 ], [ -72.47549, -41.22564 ], [ -72.47248, -41.22638 ], [ -72.47049, -41.22718 ], [ -72.46906, -41.22797 ], [ -72.46782, -41.22892 ], [ -72.46667, -41.23031 ], [ -72.46607, -41.2315 ], [ -72.46611, -41.23589 ], [ -72.46435, -41.24331 ], [ -72.46393, -41.24384 ], [ -72.46314, -41.24431 ], [ -72.46251, -41.24495 ], [ -72.46139, -41.24641 ], [ -72.46119, -41.24733 ], [ -72.46004, -41.24859 ], [ -72.45955, -41.24869 ], [ -72.45904, -41.24824 ], [ -72.4583, -41.24808 ], [ -72.45529, -41.24809 ], [ -72.45494, -41.2483 ], [ -72.45375, -41.24977 ], [ -72.45299, -41.24993 ], [ -72.45203, -41.2499 ], [ -72.44765, -41.24816 ], [ -72.44699, -41.24776 ], [ -72.44654, -41.24729 ], [ -72.44603, -41.24647 ], [ -72.44567, -41.24542 ], [ -72.44529, -41.24505 ], [ -72.44401, -41.24455 ], [ -72.44336, -41.2445 ], [ -72.44259, -41.24505 ], [ -72.44028, -41.24915 ], [ -72.43972, -41.2506 ], [ -72.43871, -41.25131 ], [ -72.43718, -41.25203 ], [ -72.43572, -41.25204 ], [ -72.4315, -41.25265 ], [ -72.42865, -41.25389 ], [ -72.42659, -41.25502 ], [ -72.42562, -41.25576 ], [ -72.42504, -41.25646 ], [ -72.4237, -41.25852 ], [ -72.42263, -41.25926 ], [ -72.42271, -41.26013 ] ], [ [ -72.42271, -41.26013 ], [ -72.42266, -41.26266 ], [ -72.42225, -41.26377 ], [ -72.42144, -41.26467 ], [ -72.42003, -41.26546 ], [ -72.41782, -41.26532 ], [ -72.41556, -41.26596 ], [ -72.4137, -41.26676 ], [ -72.41235, -41.26754 ], [ -72.41088, -41.26865 ], [ -72.40958, -41.2699 ], [ -72.40849, -41.27123 ], [ -72.40785, -41.27234 ], [ -72.40749, -41.27353 ], [ -72.40738, -41.27735 ], [ -72.40714, -41.27836 ], [ -72.40649, -41.27955 ], [ -72.40438, -41.28211 ], [ -72.4036, -41.28379 ], [ -72.40339, -41.28518 ], [ -72.40366, -41.2877 ], [ -72.40348, -41.28944 ], [ -72.40508, -41.29832 ], [ -72.40516, -41.30034 ], [ -72.40487, -41.30441 ], [ -72.40527, -41.30767 ], [ -72.40608, -41.30977 ], [ -72.40679, -41.31103 ], [ -72.40995, -41.31445 ], [ -72.4103, -41.31545 ], [ -72.41016, -41.31636 ], [ -72.40937, -41.31759 ], [ -72.40781, -41.31942 ], [ -72.40756, -41.32008 ], [ -72.40739, -41.32145 ], [ -72.40711, -41.32211 ], [ -72.40632, -41.32319 ], [ -72.40536, -41.32411 ], [ -72.4039, -41.32504 ], [ -72.4025, -41.32561 ], [ -72.3981, -41.32649 ], [ -72.39652, -41.32703 ], [ -72.39495, -41.32803 ], [ -72.39398, -41.32917 ], [ -72.39375, -41.33009 ], [ -72.39394, -41.33102 ], [ -72.39439, -41.33172 ], [ -72.39628, -41.33369 ], [ -72.39665, -41.33492 ], [ -72.39651, -41.33569 ], [ -72.3961, -41.33639 ], [ -72.39342, -41.33833 ], [ -72.39268, -41.33928 ], [ -72.39223, -41.34027 ], [ -72.39228, -41.34126 ], [ -72.39264, -41.34206 ], [ -72.39475, -41.34424 ], [ -72.39497, -41.34468 ], [ -72.3951, -41.34575 ], [ -72.39461, -41.34689 ], [ -72.39397, -41.3475 ], [ -72.39303, -41.34805 ], [ -72.38539, -41.35093 ], [ -72.38255, -41.3522 ], [ -72.37928, -41.35402 ], [ -72.37618, -41.35613 ], [ -72.37559, -41.35673 ], [ -72.37523, -41.35758 ], [ -72.37541, -41.36057 ], [ -72.37503, -41.36106 ], [ -72.37449, -41.36131 ] ], [ [ -72.44451, -41.16826 ], [ -72.44582, -41.16881 ], [ -72.44782, -41.17042 ], [ -72.44944, -41.17239 ], [ -72.44982, -41.17324 ], [ -72.4502, -41.17324 ], [ -72.45101, -41.17392 ], [ -72.45243, -41.17393 ], [ -72.45364, -41.17445 ] ], [ [ -72.45364, -41.17445 ], [ -72.45463, -41.17509 ], [ -72.45582, -41.17677 ], [ -72.45708, -41.17722 ], [ -72.45882, -41.1784 ], [ -72.45933, -41.17987 ], [ -72.45936, -41.18086 ], [ -72.4591, -41.18163 ], [ -72.45807, -41.18244 ] ], [ [ -72.31071, -41.3786 ], [ -72.31103, -41.37995 ], [ -72.31347, -41.38384 ], [ -72.31445, -41.38455 ], [ -72.31499, -41.38475 ], [ -72.31735, -41.38529 ], [ -72.31973, -41.38607 ], [ -72.32058, -41.38669 ], [ -72.32161, -41.3884 ], [ -72.32169, -41.38931 ], [ -72.32153, -41.39155 ], [ -72.3213, -41.39269 ], [ -72.32255, -41.39572 ], [ -72.32261, -41.39707 ], [ -72.32151, -41.39848 ], [ -72.31991, -41.39969 ], [ -72.3185, -41.40112 ], [ -72.31779, -41.40337 ], [ -72.31784, -41.40408 ] ], [ [ -72.31084, -41.377 ], [ -72.31071, -41.3786 ] ], [ [ -72.31071, -41.3786 ], [ -72.31039, -41.38011 ], [ -72.30947, -41.38194 ], [ -72.30784, -41.38436 ], [ -72.30765, -41.38486 ], [ -72.3076, -41.38613 ], [ -72.30816, -41.3879 ], [ -72.30842, -41.38995 ], [ -72.3084, -41.39107 ], [ -72.30788, -41.39383 ], [ -72.30698, -41.39585 ], [ -72.30634, -41.39682 ], [ -72.30561, -41.39753 ], [ -72.30286, -41.39952 ], [ -72.30172, -41.40017 ], [ -72.29962, -41.40089 ], [ -72.29827, -41.40157 ], [ -72.29685, -41.40298 ], [ -72.29594, -41.40491 ] ], [ [ -72.33746, -41.36318 ], [ -72.33532, -41.36285 ], [ -72.33232, -41.36172 ], [ -72.33088, -41.36156 ], [ -72.3295, -41.36182 ], [ -72.32394, -41.36392 ], [ -72.32264, -41.36489 ], [ -72.32134, -41.367 ], [ -72.31814, -41.37024 ], [ -72.31677, -41.37122 ], [ -72.31404, -41.37266 ], [ -72.31261, -41.37382 ], [ -72.31168, -41.37505 ], [ -72.31084, -41.377 ] ], [ [ -72.37449, -41.36131 ], [ -72.37251, -41.36118 ], [ -72.37044, -41.36061 ], [ -72.36889, -41.3598 ], [ -72.36517, -41.35718 ], [ -72.36404, -41.35671 ], [ -72.36304, -41.35666 ], [ -72.36249, -41.3568 ], [ -72.36089, -41.35771 ], [ -72.35701, -41.36043 ], [ -72.35585, -41.36144 ], [ -72.35453, -41.36207 ], [ -72.35378, -41.36218 ], [ -72.35292, -41.362 ], [ -72.34991, -41.36184 ], [ -72.34872, -41.36195 ], [ -72.34691, -41.36287 ], [ -72.34615, -41.36308 ], [ -72.34192, -41.36341 ], [ -72.34132, -41.36336 ], [ -72.33973, -41.36285 ], [ -72.33837, -41.36319 ], [ -72.33746, -41.36318 ] ], [ [ -72.42266, -41.26011 ], [ -72.42271, -41.26013 ] ], [ [ -72.42271, -41.26013 ], [ -72.42464, -41.26103 ], [ -72.425, -41.26145 ], [ -72.42506, -41.26196 ], [ -72.42472, -41.26251 ], [ -72.42315, -41.26369 ], [ -72.42172, -41.26443 ] ] ] } },
{ "type": "Feature", "properties": { "nombre": "Río Piedra", "tipo": "stream", "volcan_codigo": "CLB", "volcan_nombre": "Calbuco", "drena_volcan": false }, "geometry": { "type": "LineString", "coordinates": [ [ -72.20339, -41.4242 ], [ -72.20373, -41.42791 ], [ -72.20445, -41.43097 ], [ -72.20438, -41.43212 ], [ -72.20471, -41.43269 ], [ -72.20495, -41.43389 ], [ -72.20515, -41.43402 ], [ -72.20536, -41.43458 ], [ -72.20599, -41.43735 ], [ -72.2065, -41.43823 ], [ -72.20621, -41.44172 ], [ -72.20636, -41.44205 ], [ -72.20626, -41.4427 ], [ -72.20646, -41.44313 ], [ -72.20619, -41.44333 ], [ -72.20506, -41.44331 ], [ -72.20463, -41.44361 ], [ -72.20462, -41.44402 ], [ -72.20423, -41.44421 ], [ -72.20336, -41.44435 ], [ -72.20297, -41.44461 ], [ -72.2023, -41.44461 ], [ -72.20201, -41.44489 ], [ -72.20125, -41.44654 ] ] } },
{ "type": "Feature", "properties": { "nombre": "Río Piello", "tipo": "river", "volcan_codigo": "CLB", "volcan_nombre": "Calbuco", "drena_volcan": false }, "geometry": { "type": "LineString", "coordinates": [ [ -72.59935, -41.54043 ], [ -72.59863, -41.54169 ], [ -72.59804, -41.54344 ], [ -72.59681, -41.54463 ], [ -72.59616, -41.54572 ], [ -72.59492, -41.54709 ], [ -72.59256, -41.55151 ], [ -72.59259, -41.55282 ], [ -72.59182, -41.55438 ], [ -72.59132, -41.55866 ], [ -72.59161, -41.56226 ], [ -72.59133, -41.56301 ], [ -72.59196, -41.56745 ], [ -72.59144, -41.56816 ], [ -72.59154, -41.56865 ], [ -72.59244, -41.56933 ], [ -72.59276, -41.56982 ], [ -72.5931, -41.57118 ], [ -72.59406, -41.57214 ], [ -72.59402, -41.57319 ], [ -72.59525, -41.57485 ], [ -72.59522, -41.57573 ], [ -72.59589, -41.57612 ], [ -72.59768, -41.57926 ], [ -72.59882, -41.58079 ], [ -72.60075, -41.58242 ], [ -72.60112, -41.58291 ], [ -72.6017, -41.58324 ], [ -72.60175, -41.5837 ], [ -72.60226, -41.58428 ], [ -72.60471, -41.58479 ], [ -72.60494, -41.585 ], [ -72.60553, -41.5848 ], [ -72.60569, -41.58574 ], [ -72.60779, -41.58622 ], [ -72.60851, -41.58622 ], [ -72.60922, -41.58594 ], [ -72.61059, -41.5866 ], [ -72.61119, -41.58746 ], [ -72.61602, -41.5896 ], [ -72.61591, -41.58999 ], [ -72.61604, -41.59018 ], [ -72.61804, -41.59033 ], [ -72.61891, -41.58985 ], [ -72.61998, -41.58972 ], [ -72.62006, -41.58904 ], [ -72.62116, -41.58884 ], [ -72.62258, -41.5889 ], [ -72.62333, -41.58835 ], [ -72.62575, -41.58752 ], [ -72.6265, -41.58771 ], [ -72.62761, -41.58735 ], [ -72.63097, -41.58741 ], [ -72.63434, -41.58722 ], [ -72.63792, -41.58675 ], [ -72.63961, -41.58638 ], [ -72.64228, -41.585 ], [ -72.64652, -41.58402 ], [ -72.64976, -41.58368 ], [ -72.65131, -41.58405 ], [ -72.6535, -41.58367 ], [ -72.65577, -41.58391 ], [ -72.65687, -41.58315 ], [ -72.65762, -41.58279 ], [ -72.65837, -41.58266 ], [ -72.65918, -41.58272 ], [ -72.66047, -41.58343 ], [ -72.66105, -41.58399 ], [ -72.66149, -41.58494 ], [ -72.66206, -41.58544 ], [ -72.66264, -41.58568 ] ] } },
{ "type": "Feature", "properties": { "nombre": "Río Pitote", "tipo": "river", "volcan_codigo": "CLB", "volcan_nombre": "Calbuco", "drena_volcan": false }, "geometry": { "type": "LineString", "coordinates": [ [ -72.43661, -41.458 ], [ -72.43664, -41.45819 ], [ -72.43729, -41.45867 ], [ -72.43757, -41.45921 ], [ -72.43845, -41.45979 ], [ -72.44007, -41.46231 ], [ -72.43979, -41.46419 ], [ -72.43995, -41.46486 ], [ -72.44111, -41.46545 ], [ -72.44241, -41.4656 ], [ -72.44276, -41.46687 ], [ -72.44266, -41.46767 ], [ -72.44358, -41.46873 ], [ -72.44344, -41.46916 ], [ -72.44401, -41.46974 ], [ -72.44459, -41.47083 ], [ -72.44521, -41.47113 ], [ -72.44901, -41.47171 ], [ -72.45039, -41.47283 ], [ -72.45057, -41.47322 ], [ -72.45001, -41.47394 ] ] } },
{ "type": "Feature", "properties": { "nombre": "Río Puelo", "tipo": "river", "volcan_codigo": "CLB", "volcan_nombre": "Calbuco", "drena_volcan": false }, "geometry": { "type": "MultiLineString", "coordinates": [ [ [ -72.16797, -41.64547 ], [ -72.16862, -41.64483 ], [ -72.16952, -41.64351 ], [ -72.17039, -41.64302 ], [ -72.17221, -41.64253 ], [ -72.17365, -41.6424 ], [ -72.17807, -41.64118 ], [ -72.18041, -41.63998 ], [ -72.18367, -41.63748 ], [ -72.18779, -41.63514 ], [ -72.19069, -41.63371 ], [ -72.19168, -41.63248 ], [ -72.19221, -41.63093 ], [ -72.19227, -41.62777 ], [ -72.19257, -41.62657 ], [ -72.19614, -41.62396 ], [ -72.19779, -41.6222 ], [ -72.19931, -41.61989 ], [ -72.20117, -41.6183 ], [ -72.20347, -41.61739 ], [ -72.20516, -41.61712 ], [ -72.20932, -41.61594 ], [ -72.21148, -41.61333 ], [ -72.21411, -41.61128 ], [ -72.2205, -41.61015 ], [ -72.22487, -41.60834 ], [ -72.2264, -41.60805 ], [ -72.22801, -41.60864 ], [ -72.22865, -41.60933 ], [ -72.22923, -41.61029 ], [ -72.23005, -41.61109 ], [ -72.23132, -41.61144 ], [ -72.23355, -41.61182 ], [ -72.23842, -41.61082 ], [ -72.2402, -41.61074 ], [ -72.24245, -41.61124 ], [ -72.24415, -41.61226 ], [ -72.24477, -41.61293 ], [ -72.24531, -41.61388 ], [ -72.24762, -41.62254 ], [ -72.24771, -41.62645 ], [ -72.24908, -41.63017 ], [ -72.25028, -41.6319 ], [ -72.25157, -41.6328 ], [ -72.25462, -41.63249 ], [ -72.25832, -41.63396 ], [ -72.26174, -41.63825 ], [ -72.26581, -41.64181 ], [ -72.26828, -41.64353 ], [ -72.27056, -41.64435 ], [ -72.27313, -41.64464 ], [ -72.27784, -41.6439 ], [ -72.2803, -41.64272 ], [ -72.28347, -41.64316 ], [ -72.2908, -41.64563 ], [ -72.30083, -41.65042 ], [ -72.30377, -41.65198 ] ], [ [ -72.30377, -41.65198 ], [ -72.30532, -41.65267 ] ], [ [ -72.30532, -41.65267 ], [ -72.30684, -41.65335 ], [ -72.31164, -41.65473 ], [ -72.31434, -41.65583 ], [ -72.31488, -41.65597 ], [ -72.3162, -41.65574 ] ], [ [ -72.30377, -41.65198 ], [ -72.30601, -41.65172 ], [ -72.30845, -41.65238 ], [ -72.31291, -41.6527 ], [ -72.31448, -41.65218 ], [ -72.31558, -41.65135 ], [ -72.31643, -41.65125 ], [ -72.31684, -41.65101 ], [ -72.3182, -41.64924 ] ], [ [ -72.3162, -41.65574 ], [ -72.31807, -41.654 ], [ -72.32044, -41.65062 ], [ -72.32267, -41.64835 ], [ -72.32572, -41.64629 ], [ -72.32908, -41.64353 ], [ -72.33064, -41.64252 ] ], [ [ -72.30532, -41.65267 ], [ -72.30599, -41.65367 ], [ -72.30752, -41.65686 ], [ -72.30807, -41.6573 ], [ -72.30947, -41.65794 ], [ -72.30998, -41.65801 ], [ -72.31061, -41.65785 ], [ -72.31583, -41.65586 ] ] ] } },
{ "type": "Feature", "properties": { "nombre": "Río Puelo Chico", "tipo": "river", "volcan_codigo": "CLB", "volcan_nombre": "Calbuco", "drena_volcan": false }, "geometry": { "type": "LineString", "coordinates": [ [ -72.33689, -41.79359 ], [ -72.32766, -41.79522 ], [ -72.32603, -41.79436 ], [ -72.32187, -41.79436 ], [ -72.31852, -41.79535 ], [ -72.31251, -41.79586 ], [ -72.31161, -41.79641 ], [ -72.30783, -41.79548 ], [ -72.30599, -41.79484 ], [ -72.30431, -41.79471 ], [ -72.30358, -41.79359 ], [ -72.29899, -41.79193 ], [ -72.29727, -41.79103 ], [ -72.29021, -41.79089 ], [ -72.28695, -41.79102 ], [ -72.28598, -41.79198 ], [ -72.28527, -41.79206 ], [ -72.28351, -41.79027 ], [ -72.28088, -41.78891 ], [ -72.27963, -41.78871 ], [ -72.27684, -41.78943 ], [ -72.27214, -41.78718 ], [ -72.27064, -41.78595 ], [ -72.26832, -41.78553 ], [ -72.26796, -41.78487 ], [ -72.26646, -41.78392 ], [ -72.26395, -41.78276 ], [ -72.26287, -41.78193 ], [ -72.25815, -41.78107 ], [ -72.25845, -41.77934 ], [ -72.25667, -41.7791 ], [ -72.2551, -41.77759 ], [ -72.25098, -41.77763 ], [ -72.24867, -41.77694 ], [ -72.24457, -41.77508 ], [ -72.24199, -41.77369 ], [ -72.24129, -41.77268 ], [ -72.24038, -41.77241 ], [ -72.2382, -41.76859 ], [ -72.23886, -41.76706 ], [ -72.24066, -41.76569 ], [ -72.24049, -41.76476 ], [ -72.24124, -41.76348 ], [ -72.24648, -41.76092 ], [ -72.24633, -41.75946 ], [ -72.24727, -41.75837 ], [ -72.24918, -41.75797 ], [ -72.24993, -41.75716 ], [ -72.25163, -41.75616 ], [ -72.25579, -41.75445 ], [ -72.25637, -41.75296 ], [ -72.25571, -41.7504 ], [ -72.25616, -41.7491 ], [ -72.25608, -41.7479 ], [ -72.25632, -41.7474 ], [ -72.25667, -41.74696 ], [ -72.25714, -41.74669 ], [ -72.25854, -41.74688 ], [ -72.26048, -41.74662 ], [ -72.26162, -41.74607 ], [ -72.26199, -41.74566 ], [ -72.26225, -41.74376 ], [ -72.26247, -41.74314 ], [ -72.26283, -41.74272 ], [ -72.26383, -41.73995 ], [ -72.26476, -41.73945 ], [ -72.26678, -41.73943 ], [ -72.26698, -41.73913 ], [ -72.26892, -41.73844 ], [ -72.26949, -41.73809 ], [ -72.26998, -41.73755 ], [ -72.27023, -41.7365 ], [ -72.2699, -41.7361 ], [ -72.26815, -41.73583 ], [ -72.26774, -41.73555 ], [ -72.26772, -41.73533 ], [ -72.26805, -41.73502 ], [ -72.2702, -41.73412 ], [ -72.27419, -41.73398 ], [ -72.27484, -41.7338 ], [ -72.27501, -41.7336 ], [ -72.27518, -41.73244 ], [ -72.27553, -41.7317 ], [ -72.27604, -41.73111 ], [ -72.27737, -41.73012 ], [ -72.27768, -41.7296 ], [ -72.27763, -41.72904 ], [ -72.27724, -41.72835 ], [ -72.27724, -41.72757 ], [ -72.27754, -41.72681 ], [ -72.27924, -41.7253 ], [ -72.27898, -41.72434 ], [ -72.27919, -41.72373 ], [ -72.2802, -41.72222 ], [ -72.28094, -41.72166 ], [ -72.28418, -41.7203 ], [ -72.28464, -41.71984 ], [ -72.28501, -41.71845 ], [ -72.28706, -41.71547 ], [ -72.28791, -41.71371 ], [ -72.28804, -41.71294 ], [ -72.2885, -41.71244 ], [ -72.28967, -41.7121 ], [ -72.28998, -41.71152 ], [ -72.28977, -41.70694 ], [ -72.28955, -41.70616 ], [ -72.28976, -41.7055 ], [ -72.28967, -41.70264 ], [ -72.29046, -41.70057 ], [ -72.29048, -41.69974 ], [ -72.29026, -41.69916 ], [ -72.28999, -41.6968 ], [ -72.29085, -41.69447 ], [ -72.29101, -41.69328 ], [ -72.29198, -41.69141 ], [ -72.29258, -41.69064 ], [ -72.29291, -41.68942 ], [ -72.29226, -41.68818 ], [ -72.29133, -41.6853 ], [ -72.29085, -41.68474 ], [ -72.29075, -41.68411 ], [ -72.291, -41.68334 ], [ -72.29229, -41.68262 ], [ -72.29269, -41.68222 ], [ -72.29286, -41.68125 ], [ -72.29267, -41.68068 ], [ -72.29193, -41.67996 ], [ -72.29175, -41.67958 ], [ -72.29214, -41.67903 ], [ -72.29192, -41.67812 ], [ -72.29093, -41.67769 ], [ -72.28857, -41.6776 ], [ -72.28768, -41.67723 ], [ -72.28737, -41.67688 ], [ -72.28717, -41.67613 ], [ -72.28731, -41.67516 ], [ -72.28672, -41.67274 ], [ -72.28611, -41.67089 ], [ -72.28545, -41.66956 ], [ -72.28525, -41.66848 ], [ -72.28525, -41.66667 ], [ -72.28661, -41.66103 ], [ -72.28832, -41.65896 ], [ -72.28965, -41.65829 ], [ -72.29145, -41.65774 ], [ -72.29227, -41.65733 ], [ -72.29336, -41.65581 ], [ -72.29682, -41.65329 ], [ -72.29721, -41.65255 ], [ -72.29722, -41.65148 ], [ -72.29838, -41.65036 ], [ -72.29938, -41.64973 ] ] } },
{ "type": "Feature", "properties": { "nombre": "Río Reloncaví", "tipo": "river", "volcan_codigo": "CLB", "volcan_nombre": "Calbuco", "drena_volcan": false }, "geometry": { "type": "LineString", "coordinates": [ [ -72.27318, -41.35181 ], [ -72.27318, -41.35254 ], [ -72.27336, -41.35311 ], [ -72.2732, -41.35351 ], [ -72.27338, -41.35391 ], [ -72.27316, -41.3542 ], [ -72.27321, -41.35463 ], [ -72.27305, -41.35501 ], [ -72.2734, -41.35583 ], [ -72.27295, -41.35591 ], [ -72.27288, -41.35614 ], [ -72.27343, -41.35675 ], [ -72.27321, -41.35707 ], [ -72.27333, -41.35798 ], [ -72.27408, -41.35881 ], [ -72.27413, -41.35941 ], [ -72.2738, -41.35988 ], [ -72.27464, -41.361 ], [ -72.27417, -41.36194 ], [ -72.27431, -41.36241 ], [ -72.27498, -41.3631 ], [ -72.2745, -41.36356 ], [ -72.27446, -41.36384 ], [ -72.27492, -41.36429 ], [ -72.27535, -41.36527 ], [ -72.27648, -41.36597 ], [ -72.27663, -41.36645 ], [ -72.27722, -41.36713 ], [ -72.2773, -41.36766 ], [ -72.27801, -41.3679 ], [ -72.27744, -41.36889 ], [ -72.27781, -41.37025 ], [ -72.27729, -41.37186 ], [ -72.27782, -41.37284 ], [ -72.27597, -41.37459 ], [ -72.2755, -41.3754 ], [ -72.27531, -41.37609 ], [ -72.27719, -41.37911 ], [ -72.27884, -41.38019 ], [ -72.27986, -41.38117 ], [ -72.27998, -41.38159 ], [ -72.27983, -41.38204 ], [ -72.28053, -41.38288 ], [ -72.28023, -41.3837 ], [ -72.28032, -41.38395 ], [ -72.28069, -41.38397 ], [ -72.28118, -41.3835 ], [ -72.28169, -41.38353 ], [ -72.28186, -41.38392 ], [ -72.28161, -41.38422 ], [ -72.28117, -41.38437 ], [ -72.28114, -41.38491 ], [ -72.28163, -41.38535 ], [ -72.28259, -41.38554 ] ] } },
{ "type": "Feature", "properties": { "nombre": "Río Rollizo", "tipo": "river", "volcan_codigo": "CLB", "volcan_nombre": "Calbuco", "drena_volcan": false }, "geometry": { "type": "LineString", "coordinates": [ [ -72.3924, -41.4379 ], [ -72.39196, -41.43823 ], [ -72.39102, -41.43842 ], [ -72.38981, -41.43936 ], [ -72.38749, -41.44006 ], [ -72.38712, -41.44046 ], [ -72.38581, -41.44053 ], [ -72.38523, -41.44023 ], [ -72.38453, -41.44074 ], [ -72.38385, -41.44029 ], [ -72.38314, -41.44047 ], [ -72.38217, -41.44025 ], [ -72.38183, -41.44039 ], [ -72.38139, -41.441 ], [ -72.37801, -41.44139 ], [ -72.37691, -41.44128 ], [ -72.37661, -41.44145 ], [ -72.37655, -41.44249 ], [ -72.37627, -41.44274 ], [ -72.37454, -41.44282 ], [ -72.37272, -41.44324 ], [ -72.37181, -41.44315 ], [ -72.36975, -41.44234 ], [ -72.36884, -41.44278 ], [ -72.36799, -41.44288 ], [ -72.36663, -41.44282 ], [ -72.36537, -41.44236 ], [ -72.36428, -41.44308 ], [ -72.36321, -41.44352 ], [ -72.36244, -41.4436 ], [ -72.36077, -41.44314 ], [ -72.36002, -41.44345 ], [ -72.35905, -41.44339 ], [ -72.35816, -41.44254 ], [ -72.35694, -41.44245 ], [ -72.3553, -41.44271 ], [ -72.35316, -41.44355 ], [ -72.35277, -41.44356 ], [ -72.35221, -41.44322 ], [ -72.35136, -41.4435 ], [ -72.35073, -41.44348 ], [ -72.34967, -41.44312 ], [ -72.34717, -41.44378 ], [ -72.34523, -41.44347 ], [ -72.34377, -41.44412 ], [ -72.3431, -41.44424 ], [ -72.3421, -41.44426 ], [ -72.34172, -41.44441 ], [ -72.33991, -41.44426 ], [ -72.33882, -41.44456 ], [ -72.33862, -41.44514 ], [ -72.33842, -41.44524 ], [ -72.33699, -41.44528 ], [ -72.33438, -41.4444 ], [ -72.33381, -41.44442 ], [ -72.33338, -41.44455 ], [ -72.33323, -41.4454 ], [ -72.33261, -41.44579 ], [ -72.33124, -41.44617 ], [ -72.33067, -41.44695 ], [ -72.33101, -41.44798 ], [ -72.33079, -41.44936 ], [ -72.33059, -41.44957 ], [ -72.32733, -41.44965 ], [ -72.32684, -41.44984 ], [ -72.32673, -41.45012 ] ] } },
{ "type": "Feature", "properties": { "nombre": "Río San Antonio", "tipo": "river", "volcan_codigo": "CLB", "volcan_nombre": "Calbuco", "drena_volcan": false }, "geometry": { "type": "LineString", "coordinates": [ [ -72.32994, -41.2752 ], [ -72.32999, -41.27572 ], [ -72.32971, -41.27613 ], [ -72.32922, -41.27645 ], [ -72.3291, -41.27737 ], [ -72.32821, -41.27819 ], [ -72.32813, -41.279 ], [ -72.32974, -41.28029 ], [ -72.32942, -41.28062 ], [ -72.32945, -41.28087 ], [ -72.32978, -41.28183 ], [ -72.3301, -41.28218 ], [ -72.33012, -41.2828 ], [ -72.33058, -41.28376 ], [ -72.33045, -41.28408 ], [ -72.33051, -41.28476 ], [ -72.33084, -41.28513 ], [ -72.33227, -41.28554 ], [ -72.3338, -41.28544 ], [ -72.33624, -41.28639 ], [ -72.33757, -41.28612 ], [ -72.33796, -41.28561 ], [ -72.33881, -41.28518 ], [ -72.34093, -41.28519 ], [ -72.34185, -41.28449 ], [ -72.34303, -41.28408 ], [ -72.34474, -41.28464 ], [ -72.34558, -41.28517 ], [ -72.34709, -41.28539 ], [ -72.34808, -41.2858 ], [ -72.34887, -41.28573 ], [ -72.3499, -41.28636 ], [ -72.35095, -41.28654 ], [ -72.35126, -41.28696 ], [ -72.35165, -41.28712 ], [ -72.35356, -41.28739 ], [ -72.3541, -41.28723 ], [ -72.35584, -41.28753 ], [ -72.35798, -41.28759 ], [ -72.3615, -41.28857 ], [ -72.36305, -41.28877 ], [ -72.36378, -41.28866 ], [ -72.36429, -41.28893 ], [ -72.36525, -41.2889 ], [ -72.36699, -41.28957 ], [ -72.36811, -41.28887 ], [ -72.36882, -41.28872 ], [ -72.36936, -41.28894 ], [ -72.36995, -41.28896 ], [ -72.37128, -41.28949 ], [ -72.37303, -41.28983 ], [ -72.37416, -41.2904 ], [ -72.37616, -41.29041 ], [ -72.3766, -41.29032 ], [ -72.377, -41.28933 ], [ -72.3774, -41.28922 ], [ -72.37795, -41.28949 ], [ -72.37834, -41.29025 ], [ -72.37909, -41.29027 ], [ -72.37953, -41.28984 ], [ -72.37979, -41.28979 ], [ -72.38156, -41.28996 ], [ -72.38244, -41.29154 ], [ -72.38489, -41.29127 ], [ -72.38581, -41.29156 ], [ -72.3864, -41.29208 ], [ -72.38717, -41.29233 ], [ -72.38772, -41.29225 ], [ -72.38799, -41.29202 ], [ -72.38827, -41.29114 ], [ -72.38852, -41.29092 ], [ -72.39022, -41.29081 ], [ -72.39088, -41.29099 ], [ -72.39128, -41.29134 ], [ -72.39139, -41.2919 ], [ -72.39233, -41.29335 ], [ -72.3931, -41.29414 ], [ -72.39326, -41.2948 ], [ -72.39356, -41.29497 ], [ -72.3945, -41.29513 ], [ -72.39641, -41.29452 ], [ -72.39724, -41.29445 ], [ -72.39976, -41.29473 ], [ -72.40037, -41.29435 ], [ -72.40041, -41.29354 ], [ -72.40167, -41.29335 ], [ -72.40206, -41.29351 ], [ -72.4028, -41.29486 ], [ -72.40375, -41.29579 ], [ -72.40473, -41.29633 ] ] } },
{ "type": "Feature", "properties": { "nombre": "Río Sapo", "tipo": "river", "volcan_codigo": "CLB", "volcan_nombre": "Calbuco", "drena_volcan": false }, "geometry": { "type": "LineString", "coordinates": [ [ -72.39241, -40.97695 ], [ -72.39452, -40.97626 ], [ -72.3946, -40.97557 ], [ -72.39482, -40.97539 ], [ -72.39517, -40.97539 ], [ -72.39618, -40.97583 ], [ -72.39685, -40.9755 ], [ -72.39715, -40.97499 ], [ -72.39757, -40.97472 ], [ -72.3982, -40.97462 ], [ -72.39908, -40.97422 ], [ -72.4001, -40.9743 ], [ -72.40046, -40.97418 ], [ -72.40024, -40.97387 ], [ -72.40044, -40.97372 ], [ -72.40228, -40.97379 ], [ -72.40265, -40.9734 ], [ -72.4027, -40.97313 ], [ -72.40238, -40.97243 ], [ -72.4031, -40.97167 ], [ -72.40452, -40.97106 ], [ -72.40575, -40.97018 ], [ -72.40698, -40.96982 ], [ -72.40738, -40.96945 ], [ -72.40775, -40.96956 ], [ -72.40895, -40.96946 ], [ -72.40981, -40.96994 ], [ -72.4105, -40.96997 ], [ -72.41094, -40.96953 ], [ -72.41071, -40.96892 ], [ -72.41086, -40.9687 ], [ -72.41181, -40.96846 ], [ -72.41298, -40.9685 ], [ -72.41495, -40.96773 ], [ -72.41551, -40.96696 ], [ -72.41622, -40.9667 ], [ -72.4174, -40.96655 ], [ -72.41718, -40.96604 ], [ -72.4176, -40.96533 ], [ -72.4196, -40.96481 ], [ -72.41998, -40.96423 ], [ -72.42069, -40.96399 ], [ -72.42131, -40.96351 ], [ -72.42347, -40.96308 ], [ -72.42425, -40.96276 ], [ -72.42422, -40.96251 ], [ -72.42324, -40.96232 ], [ -72.42333, -40.96201 ], [ -72.42493, -40.96203 ], [ -72.42578, -40.96224 ], [ -72.42564, -40.96129 ], [ -72.4258, -40.96093 ], [ -72.42817, -40.96059 ], [ -72.4289, -40.95989 ], [ -72.42932, -40.95978 ], [ -72.43048, -40.95895 ], [ -72.43162, -40.95876 ], [ -72.432, -40.95818 ], [ -72.4358, -40.95542 ], [ -72.43633, -40.95491 ], [ -72.43641, -40.95421 ], [ -72.43669, -40.95386 ], [ -72.43723, -40.95363 ], [ -72.43752, -40.95331 ], [ -72.43865, -40.95324 ], [ -72.44055, -40.95227 ], [ -72.44348, -40.95192 ], [ -72.4437, -40.95201 ], [ -72.44382, -40.95231 ], [ -72.44359, -40.95359 ], [ -72.44404, -40.95375 ], [ -72.44423, -40.95364 ], [ -72.44462, -40.95281 ], [ -72.4461, -40.95321 ], [ -72.44699, -40.95312 ], [ -72.44838, -40.9525 ], [ -72.44846, -40.95196 ], [ -72.44885, -40.95158 ], [ -72.44945, -40.95144 ], [ -72.45048, -40.95146 ], [ -72.4528, -40.95247 ], [ -72.45383, -40.95276 ], [ -72.45526, -40.9526 ], [ -72.45582, -40.95289 ], [ -72.45599, -40.95325 ], [ -72.45595, -40.95444 ], [ -72.45629, -40.95465 ], [ -72.45677, -40.95465 ], [ -72.45709, -40.95407 ], [ -72.4588, -40.95373 ], [ -72.45973, -40.95309 ] ] } },
{ "type": "Feature", "properties": { "nombre": "Río Sur", "tipo": "river", "volcan_codigo": "CLB", "volcan_nombre": "Calbuco", "drena_volcan": true }, "geometry": { "type": "MultiLineString", "coordinates": [ [ [ -72.67584, -41.31637 ], [ -72.67785, -41.31605 ], [ -72.68132, -41.31614 ], [ -72.68337, -41.31661 ], [ -72.68446, -41.31711 ], [ -72.68498, -41.31752 ], [ -72.68563, -41.31731 ], [ -72.68619, -41.3166 ], [ -72.68851, -41.31621 ], [ -72.68896, -41.31638 ], [ -72.6893, -41.317 ], [ -72.6899, -41.31717 ], [ -72.69036, -41.3171 ], [ -72.69103, -41.31684 ], [ -72.69259, -41.31554 ], [ -72.69289, -41.31429 ], [ -72.6931, -41.31405 ], [ -72.69598, -41.31252 ], [ -72.69744, -41.31231 ], [ -72.70135, -41.3106 ], [ -72.70335, -41.31031 ], [ -72.70456, -41.30981 ], [ -72.70699, -41.3096 ], [ -72.70928, -41.3099 ], [ -72.7104, -41.30962 ], [ -72.71135, -41.30913 ], [ -72.71213, -41.30901 ], [ -72.71264, -41.30874 ], [ -72.71301, -41.30795 ], [ -72.71393, -41.3077 ], [ -72.71445, -41.30694 ], [ -72.71558, -41.30634 ], [ -72.71573, -41.30592 ], [ -72.71622, -41.30562 ], [ -72.71699, -41.30438 ], [ -72.71943, -41.30223 ], [ -72.72039, -41.3017 ], [ -72.72084, -41.30126 ], [ -72.72315, -41.3003 ], [ -72.72402, -41.30018 ], [ -72.72462, -41.29977 ], [ -72.72589, -41.29944 ], [ -72.72682, -41.2984 ], [ -72.72784, -41.29789 ], [ -72.72871, -41.2967 ], [ -72.73017, -41.29564 ], [ -72.73058, -41.29511 ], [ -72.73194, -41.29422 ], [ -72.73263, -41.29411 ], [ -72.73346, -41.29373 ], [ -72.73425, -41.29268 ], [ -72.73565, -41.29156 ], [ -72.73563, -41.29121 ], [ -72.73642, -41.29079 ], [ -72.73737, -41.28979 ], [ -72.73799, -41.28963 ], [ -72.73938, -41.28888 ], [ -72.73949, -41.28834 ], [ -72.74127, -41.28735 ], [ -72.74181, -41.28672 ], [ -72.74387, -41.28587 ], [ -72.74486, -41.28521 ], [ -72.74683, -41.28468 ], [ -72.74837, -41.28384 ], [ -72.75065, -41.28298 ], [ -72.75247, -41.28289 ], [ -72.75565, -41.28184 ], [ -72.7567, -41.28085 ], [ -72.75919, -41.28056 ], [ -72.76121, -41.2796 ], [ -72.76183, -41.27973 ], [ -72.76243, -41.28037 ], [ -72.76292, -41.28045 ], [ -72.76363, -41.28024 ], [ -72.7641, -41.27977 ], [ -72.76486, -41.27853 ] ], [ [ -72.4735, -41.58955 ], [ -72.47436, -41.58914 ], [ -72.47503, -41.58836 ], [ -72.4752, -41.58757 ], [ -72.47571, -41.58656 ], [ -72.47554, -41.58599 ], [ -72.47617, -41.58483 ], [ -72.47534, -41.58422 ], [ -72.47548, -41.58367 ], [ -72.47532, -41.58246 ], [ -72.47491, -41.58182 ], [ -72.4746, -41.58012 ], [ -72.47395, -41.57919 ], [ -72.47351, -41.57757 ], [ -72.47282, -41.57682 ], [ -72.47302, -41.57557 ], [ -72.47278, -41.5744 ], [ -72.47294, -41.57396 ], [ -72.47249, -41.57203 ], [ -72.47258, -41.57088 ], [ -72.47198, -41.56962 ], [ -72.47179, -41.56782 ], [ -72.47128, -41.56729 ], [ -72.47, -41.56687 ], [ -72.46943, -41.56637 ], [ -72.46933, -41.56596 ], [ -72.46878, -41.56537 ], [ -72.46824, -41.56402 ], [ -72.46896, -41.56347 ], [ -72.46899, -41.5631 ], [ -72.46762, -41.56116 ], [ -72.46716, -41.55924 ], [ -72.46672, -41.55909 ], [ -72.46667, -41.5589 ], [ -72.46755, -41.55842 ], [ -72.46778, -41.55799 ], [ -72.46672, -41.55781 ], [ -72.46612, -41.55648 ], [ -72.46626, -41.55553 ], [ -72.4657, -41.55464 ], [ -72.46548, -41.55328 ], [ -72.46547, -41.55247 ], [ -72.46575, -41.55126 ], [ -72.46542, -41.54992 ], [ -72.46564, -41.54801 ], [ -72.46609, -41.54786 ], [ -72.46686, -41.54818 ], [ -72.46719, -41.54814 ], [ -72.46729, -41.54801 ], [ -72.46718, -41.54729 ], [ -72.46779, -41.5467 ], [ -72.46814, -41.54581 ], [ -72.46812, -41.5434 ], [ -72.46748, -41.54201 ], [ -72.46712, -41.54156 ], [ -72.46716, -41.54134 ], [ -72.4686, -41.54062 ], [ -72.46898, -41.53876 ], [ -72.4693, -41.53841 ], [ -72.47052, -41.53767 ], [ -72.47044, -41.53698 ], [ -72.4696, -41.53543 ], [ -72.47034, -41.53543 ], [ -72.47076, -41.5351 ], [ -72.47212, -41.53489 ], [ -72.47308, -41.53382 ], [ -72.47342, -41.53294 ], [ -72.47383, -41.53254 ], [ -72.47408, -41.53179 ], [ -72.47356, -41.53052 ], [ -72.47209, -41.52917 ], [ -72.47209, -41.529 ], [ -72.47273, -41.52866 ], [ -72.47284, -41.52839 ], [ -72.47272, -41.52824 ], [ -72.47054, -41.52855 ], [ -72.46936, -41.52825 ], [ -72.46864, -41.52766 ], [ -72.46918, -41.52689 ], [ -72.46915, -41.52622 ], [ -72.46943, -41.52553 ], [ -72.47039, -41.5242 ], [ -72.47028, -41.52347 ], [ -72.47046, -41.52337 ], [ -72.47098, -41.52377 ], [ -72.47144, -41.52375 ], [ -72.47213, -41.52263 ], [ -72.47014, -41.52195 ], [ -72.46956, -41.52108 ], [ -72.4691, -41.52083 ], [ -72.46788, -41.52069 ], [ -72.46745, -41.52037 ], [ -72.46787, -41.51955 ], [ -72.4675, -41.51784 ], [ -72.46765, -41.51712 ], [ -72.46882, -41.51658 ], [ -72.46874, -41.51642 ], [ -72.46734, -41.51619 ], [ -72.46726, -41.516 ], [ -72.4681, -41.51576 ], [ -72.46852, -41.51546 ], [ -72.46854, -41.51529 ], [ -72.46781, -41.51461 ], [ -72.46677, -41.5147 ], [ -72.46655, -41.51394 ], [ -72.46539, -41.51326 ], [ -72.46526, -41.51278 ] ] ] } },
{ "type": "Feature", "properties": { "nombre": "Río Tampe", "tipo": "river", "volcan_codigo": "CLB", "volcan_nombre": "Calbuco", "drena_volcan": false }, "geometry": { "type": "LineString", "coordinates": [ [ -72.77342, -41.31315 ], [ -72.77518, -41.3131 ], [ -72.77554, -41.31331 ], [ -72.77916, -41.31383 ], [ -72.78071, -41.31458 ], [ -72.78151, -41.31473 ], [ -72.78226, -41.3154 ], [ -72.78327, -41.31696 ], [ -72.78449, -41.31651 ], [ -72.78464, -41.31692 ], [ -72.78511, -41.31695 ], [ -72.78524, -41.31647 ], [ -72.78568, -41.31615 ], [ -72.78625, -41.31641 ], [ -72.78733, -41.3166 ], [ -72.78766, -41.31692 ], [ -72.78719, -41.3172 ], [ -72.78703, -41.31793 ], [ -72.78728, -41.31912 ], [ -72.78789, -41.31908 ], [ -72.7885, -41.31835 ], [ -72.78896, -41.31813 ], [ -72.78919, -41.31824 ], [ -72.78953, -41.31881 ], [ -72.79071, -41.31845 ], [ -72.79139, -41.31895 ], [ -72.79193, -41.31887 ], [ -72.79268, -41.31928 ], [ -72.79438, -41.32049 ], [ -72.79503, -41.32039 ], [ -72.79598, -41.32082 ], [ -72.79682, -41.32056 ], [ -72.79672, -41.32007 ], [ -72.79691, -41.31973 ], [ -72.79731, -41.31985 ], [ -72.7976, -41.32034 ], [ -72.7979, -41.32038 ], [ -72.79929, -41.31974 ], [ -72.79943, -41.31933 ], [ -72.79917, -41.31889 ], [ -72.79824, -41.319 ], [ -72.79797, -41.31888 ], [ -72.798, -41.31851 ], [ -72.7983, -41.31825 ], [ -72.79874, -41.31839 ], [ -72.79999, -41.31822 ], [ -72.80032, -41.31852 ], [ -72.80016, -41.31909 ], [ -72.80033, -41.31918 ], [ -72.80148, -41.31889 ], [ -72.80266, -41.31813 ], [ -72.80359, -41.31859 ], [ -72.8038, -41.31853 ], [ -72.8041, -41.3181 ], [ -72.80504, -41.31784 ], [ -72.8047, -41.31725 ], [ -72.80514, -41.31704 ], [ -72.80673, -41.31779 ], [ -72.80823, -41.31793 ], [ -72.80824, -41.31764 ], [ -72.80778, -41.31732 ], [ -72.80771, -41.31696 ], [ -72.80749, -41.31679 ], [ -72.80671, -41.31702 ], [ -72.80631, -41.31681 ], [ -72.80631, -41.31648 ], [ -72.80658, -41.31617 ], [ -72.80772, -41.31609 ], [ -72.80818, -41.31588 ], [ -72.80797, -41.31494 ], [ -72.80751, -41.31489 ], [ -72.80684, -41.3151 ], [ -72.80684, -41.31567 ], [ -72.80644, -41.31597 ], [ -72.80614, -41.31587 ], [ -72.80561, -41.31526 ], [ -72.80558, -41.31498 ], [ -72.80596, -41.31445 ], [ -72.80644, -41.31426 ], [ -72.80692, -41.31453 ], [ -72.80811, -41.3142 ], [ -72.8092, -41.31447 ], [ -72.80936, -41.31441 ], [ -72.80936, -41.31407 ], [ -72.80878, -41.3135 ], [ -72.80773, -41.31344 ], [ -72.80744, -41.31328 ], [ -72.80727, -41.31288 ], [ -72.8069, -41.31276 ], [ -72.80683, -41.3124 ], [ -72.80721, -41.31187 ], [ -72.8071, -41.31166 ], [ -72.80497, -41.31168 ], [ -72.80465, -41.31135 ], [ -72.80471, -41.31115 ], [ -72.80512, -41.31089 ], [ -72.80519, -41.31056 ], [ -72.80323, -41.31066 ], [ -72.803, -41.31044 ], [ -72.80301, -41.31011 ], [ -72.804, -41.30917 ], [ -72.80451, -41.309 ], [ -72.80511, -41.30837 ], [ -72.80562, -41.30852 ], [ -72.8057, -41.30881 ], [ -72.80557, -41.30915 ], [ -72.80571, -41.30948 ], [ -72.8059, -41.30978 ], [ -72.8062, -41.30987 ], [ -72.80707, -41.30893 ], [ -72.80786, -41.30903 ], [ -72.80808, -41.30974 ], [ -72.80833, -41.30987 ], [ -72.8086, -41.30982 ], [ -72.80919, -41.30897 ], [ -72.80989, -41.30901 ], [ -72.80999, -41.30914 ], [ -72.80981, -41.30977 ], [ -72.80905, -41.31132 ], [ -72.80916, -41.3116 ], [ -72.80943, -41.31173 ], [ -72.80996, -41.3114 ], [ -72.81054, -41.31024 ], [ -72.81199, -41.31007 ], [ -72.81218, -41.30964 ], [ -72.81264, -41.30933 ], [ -72.81281, -41.30883 ], [ -72.81339, -41.30847 ], [ -72.81363, -41.30808 ], [ -72.8142, -41.3078 ], [ -72.81432, -41.30721 ], [ -72.81419, -41.30696 ], [ -72.81349, -41.30683 ], [ -72.81317, -41.30699 ], [ -72.81252, -41.30809 ], [ -72.81177, -41.30842 ], [ -72.81141, -41.30831 ], [ -72.81113, -41.30768 ], [ -72.81115, -41.30702 ], [ -72.81066, -41.30634 ], [ -72.81063, -41.30581 ], [ -72.81033, -41.30542 ], [ -72.81046, -41.30482 ], [ -72.81065, -41.30462 ], [ -72.81127, -41.30447 ], [ -72.81247, -41.30473 ], [ -72.81284, -41.30512 ], [ -72.81326, -41.30528 ], [ -72.81428, -41.30509 ], [ -72.81449, -41.30424 ], [ -72.81411, -41.30407 ], [ -72.8141, -41.30344 ], [ -72.81384, -41.3027 ], [ -72.81455, -41.3015 ], [ -72.81401, -41.301 ], [ -72.81404, -41.30046 ], [ -72.81444, -41.30013 ], [ -72.81665, -41.30004 ], [ -72.81731, -41.29924 ], [ -72.81757, -41.29843 ], [ -72.81868, -41.29892 ], [ -72.81916, -41.2999 ], [ -72.81976, -41.30019 ], [ -72.82014, -41.29989 ], [ -72.82047, -41.29914 ], [ -72.82171, -41.29863 ], [ -72.82203, -41.29818 ], [ -72.82229, -41.29718 ], [ -72.8226, -41.29711 ], [ -72.82325, -41.29745 ], [ -72.82366, -41.29749 ], [ -72.82376, -41.29733 ], [ -72.82346, -41.29683 ], [ -72.82365, -41.29664 ], [ -72.8244, -41.29678 ], [ -72.82565, -41.29641 ], [ -72.82732, -41.2964 ], [ -72.82745, -41.29599 ], [ -72.82709, -41.29554 ], [ -72.82711, -41.29523 ], [ -72.82814, -41.29426 ], [ -72.82756, -41.29403 ], [ -72.82756, -41.29364 ], [ -72.82851, -41.29364 ], [ -72.82969, -41.29317 ], [ -72.82989, -41.29295 ], [ -72.82945, -41.29246 ], [ -72.82975, -41.29183 ], [ -72.82946, -41.29123 ], [ -72.82966, -41.29069 ], [ -72.82946, -41.29018 ], [ -72.82964, -41.28901 ], [ -72.82934, -41.28846 ], [ -72.82972, -41.28782 ], [ -72.83015, -41.28579 ], [ -72.83052, -41.28547 ], [ -72.83151, -41.28528 ], [ -72.83255, -41.28553 ], [ -72.83283, -41.28521 ], [ -72.83286, -41.28459 ], [ -72.83268, -41.28447 ], [ -72.83267, -41.28422 ], [ -72.8329, -41.28408 ] ] } },
{ "type": "Feature", "properties": { "nombre": "Río Tepu", "tipo": "stream", "volcan_codigo": "CLB", "volcan_nombre": "Calbuco", "drena_volcan": true }, "geometry": { "type": "LineString", "coordinates": [ [ -72.60558, -41.31069 ], [ -72.60482, -41.30973 ], [ -72.60459, -41.30966 ], [ -72.60413, -41.30842 ], [ -72.60332, -41.3069 ], [ -72.60269, -41.30631 ], [ -72.60239, -41.30587 ], [ -72.6023, -41.30541 ], [ -72.60198, -41.30513 ], [ -72.60227, -41.30445 ], [ -72.60223, -41.30409 ], [ -72.60171, -41.30346 ], [ -72.60179, -41.30316 ], [ -72.60141, -41.3022 ], [ -72.60113, -41.30212 ], [ -72.60106, -41.30131 ], [ -72.60133, -41.30073 ], [ -72.60129, -41.3002 ], [ -72.60115, -41.29921 ], [ -72.60073, -41.29836 ], [ -72.59978, -41.29817 ], [ -72.59909, -41.29861 ], [ -72.59861, -41.29832 ], [ -72.59822, -41.29774 ], [ -72.59724, -41.2973 ], [ -72.59442, -41.29518 ], [ -72.59434, -41.29483 ], [ -72.5934, -41.29374 ], [ -72.59307, -41.29286 ], [ -72.59206, -41.29237 ], [ -72.59122, -41.29249 ], [ -72.59111, -41.29229 ], [ -72.59023, -41.29222 ], [ -72.58988, -41.29189 ], [ -72.58921, -41.29198 ], [ -72.58918, -41.29099 ], [ -72.58891, -41.29106 ], [ -72.58852, -41.29083 ], [ -72.58703, -41.28939 ], [ -72.58562, -41.28962 ], [ -72.58535, -41.28949 ], [ -72.58528, -41.28922 ], [ -72.58429, -41.28888 ], [ -72.58393, -41.28906 ], [ -72.58359, -41.28877 ], [ -72.58311, -41.28902 ], [ -72.58286, -41.28886 ], [ -72.58255, -41.28715 ], [ -72.58079, -41.28535 ], [ -72.58026, -41.28426 ], [ -72.58024, -41.2836 ], [ -72.57981, -41.28275 ], [ -72.57954, -41.28253 ], [ -72.57707, -41.2819 ], [ -72.57338, -41.28178 ], [ -72.57133, -41.28119 ], [ -72.56916, -41.28079 ], [ -72.56905, -41.28063 ], [ -72.56937, -41.2801 ], [ -72.56949, -41.27931 ], [ -72.5699, -41.2784 ], [ -72.57022, -41.27807 ], [ -72.57022, -41.27777 ], [ -72.5696, -41.27727 ], [ -72.56955, -41.27707 ], [ -72.56878, -41.27684 ], [ -72.56788, -41.27624 ], [ -72.56617, -41.27472 ], [ -72.5657, -41.27383 ], [ -72.56557, -41.27254 ], [ -72.56668, -41.27178 ], [ -72.56683, -41.27152 ], [ -72.56684, -41.27047 ], [ -72.56661, -41.2702 ], [ -72.5666, -41.2697 ], [ -72.56678, -41.26854 ] ] } },
{ "type": "Feature", "properties": { "nombre": "Río Tepual", "tipo": "river", "volcan_codigo": "CLB", "volcan_nombre": "Calbuco", "drena_volcan": false }, "geometry": { "type": "MultiLineString", "coordinates": [ [ [ -72.74475, -41.52998 ], [ -72.74404, -41.52977 ], [ -72.74375, -41.52985 ], [ -72.74337, -41.53027 ], [ -72.74338, -41.53091 ], [ -72.74253, -41.53153 ], [ -72.74214, -41.53175 ], [ -72.74082, -41.53197 ], [ -72.73996, -41.53242 ], [ -72.73919, -41.53388 ], [ -72.73934, -41.5347 ], [ -72.74092, -41.53479 ], [ -72.74288, -41.53593 ], [ -72.74311, -41.53625 ], [ -72.74333, -41.5377 ], [ -72.7444, -41.53805 ], [ -72.74507, -41.53935 ], [ -72.74545, -41.54106 ], [ -72.74614, -41.54141 ], [ -72.74766, -41.54334 ], [ -72.74758, -41.54395 ], [ -72.74719, -41.5442 ], [ -72.7438, -41.54493 ], [ -72.74354, -41.54523 ], [ -72.74381, -41.54861 ] ], [ [ -72.74712, -41.51686 ], [ -72.74734, -41.51742 ], [ -72.74725, -41.51807 ], [ -72.74795, -41.51876 ], [ -72.74799, -41.51915 ], [ -72.7486, -41.51993 ], [ -72.749, -41.52135 ], [ -72.75026, -41.52204 ], [ -72.75098, -41.52184 ], [ -72.75127, -41.52229 ], [ -72.7511, -41.52267 ], [ -72.75039, -41.52285 ], [ -72.7517, -41.52417 ], [ -72.75169, -41.5244 ], [ -72.75152, -41.52454 ], [ -72.7512, -41.5242 ], [ -72.75069, -41.52419 ], [ -72.75027, -41.52472 ], [ -72.75036, -41.52502 ], [ -72.74996, -41.52556 ] ], [ [ -72.74988, -41.5257 ], [ -72.7496, -41.52607 ], [ -72.74872, -41.5265 ], [ -72.74767, -41.5266 ], [ -72.74696, -41.52707 ], [ -72.7469, -41.52759 ], [ -72.74751, -41.52887 ], [ -72.74686, -41.52998 ], [ -72.74631, -41.53012 ], [ -72.74567, -41.52981 ], [ -72.74475, -41.52998 ] ], [ [ -72.74996, -41.52556 ], [ -72.74988, -41.5257 ] ] ] } },
{ "type": "Feature", "properties": { "nombre": "Río Tepú", "tipo": "river", "volcan_codigo": "CLB", "volcan_nombre": "Calbuco", "drena_volcan": true }, "geometry": { "type": "LineString", "coordinates": [ [ -72.56678, -41.26854 ], [ -72.56676, -41.26758 ], [ -72.56788, -41.26623 ], [ -72.56815, -41.26497 ], [ -72.56859, -41.26451 ], [ -72.5692, -41.26421 ], [ -72.56936, -41.26332 ], [ -72.56957, -41.26307 ], [ -72.57025, -41.26282 ], [ -72.57052, -41.26195 ], [ -72.5709, -41.26156 ], [ -72.57121, -41.2609 ], [ -72.57163, -41.26067 ], [ -72.57238, -41.25946 ], [ -72.5729, -41.25917 ], [ -72.57366, -41.2584 ], [ -72.57437, -41.25837 ], [ -72.57477, -41.25755 ], [ -72.57603, -41.25687 ], [ -72.57673, -41.25596 ], [ -72.57778, -41.25558 ], [ -72.57888, -41.25394 ], [ -72.57971, -41.25345 ], [ -72.57974, -41.25318 ], [ -72.57955, -41.25298 ], [ -72.57961, -41.25264 ], [ -72.57994, -41.2518 ], [ -72.58065, -41.25079 ], [ -72.58064, -41.25008 ], [ -72.58224, -41.2482 ], [ -72.58248, -41.24822 ], [ -72.58492, -41.24707 ], [ -72.58492, -41.24638 ], [ -72.5853, -41.2461 ], [ -72.58526, -41.24573 ], [ -72.58599, -41.24515 ], [ -72.58646, -41.24291 ], [ -72.58719, -41.24237 ], [ -72.5872, -41.24174 ], [ -72.58799, -41.24128 ], [ -72.58823, -41.24033 ], [ -72.58859, -41.24018 ], [ -72.5889, -41.23966 ], [ -72.58951, -41.23937 ], [ -72.59017, -41.23941 ], [ -72.59115, -41.23843 ], [ -72.59139, -41.23792 ], [ -72.59181, -41.23801 ], [ -72.59216, -41.23783 ], [ -72.59215, -41.23649 ], [ -72.59339, -41.23553 ], [ -72.59449, -41.23494 ], [ -72.59538, -41.23301 ], [ -72.59539, -41.23232 ], [ -72.59452, -41.2306 ], [ -72.59468, -41.22974 ], [ -72.5942, -41.22887 ], [ -72.59427, -41.22772 ], [ -72.59515, -41.22679 ], [ -72.59551, -41.22604 ], [ -72.59533, -41.22571 ], [ -72.59445, -41.22547 ], [ -72.59392, -41.22462 ], [ -72.5939, -41.22424 ], [ -72.59427, -41.22337 ], [ -72.59375, -41.22237 ], [ -72.59474, -41.22218 ], [ -72.59648, -41.2202 ] ] } },
{ "type": "Feature", "properties": { "nombre": "Río Tronador", "tipo": "river", "volcan_codigo": "CLB", "volcan_nombre": "Calbuco", "drena_volcan": false }, "geometry": { "type": "LineString", "coordinates": [ [ -72.50311, -41.49592 ], [ -72.50236, -41.49597 ], [ -72.50203, -41.49628 ], [ -72.50161, -41.49638 ], [ -72.49982, -41.49628 ], [ -72.49965, -41.49664 ], [ -72.4993, -41.49687 ], [ -72.49874, -41.49685 ], [ -72.49799, -41.49745 ], [ -72.49568, -41.49678 ], [ -72.49353, -41.49764 ], [ -72.49183, -41.49741 ], [ -72.4909, -41.49756 ], [ -72.48942, -41.49708 ], [ -72.48836, -41.49698 ], [ -72.48829, -41.49651 ], [ -72.48691, -41.49718 ], [ -72.48689, -41.49746 ], [ -72.48651, -41.49789 ], [ -72.4859, -41.49811 ], [ -72.48514, -41.49807 ], [ -72.48439, -41.49851 ], [ -72.47989, -41.49823 ], [ -72.47818, -41.49759 ], [ -72.47673, -41.49767 ], [ -72.47645, -41.49749 ], [ -72.47483, -41.49716 ], [ -72.47387, -41.49709 ], [ -72.47289, -41.49723 ] ] } },
{ "type": "Feature", "properties": { "nombre": "Río Venado", "tipo": "river", "volcan_codigo": "CLB", "volcan_nombre": "Calbuco", "drena_volcan": false }, "geometry": { "type": "LineString", "coordinates": [ [ -72.69984, -41.35038 ], [ -72.70222, -41.34989 ], [ -72.70243, -41.3497 ], [ -72.70242, -41.34944 ], [ -72.70394, -41.34884 ], [ -72.70413, -41.34931 ], [ -72.70525, -41.34968 ], [ -72.70596, -41.35048 ], [ -72.70636, -41.3502 ], [ -72.70741, -41.3503 ], [ -72.70891, -41.35097 ], [ -72.70994, -41.35074 ], [ -72.71091, -41.35098 ], [ -72.71168, -41.35064 ], [ -72.71265, -41.35055 ], [ -72.71501, -41.34963 ], [ -72.71603, -41.34989 ], [ -72.71659, -41.34986 ], [ -72.71728, -41.34962 ], [ -72.71752, -41.34937 ], [ -72.7177, -41.34939 ], [ -72.71786, -41.3497 ], [ -72.71984, -41.35005 ], [ -72.72008, -41.35003 ], [ -72.72007, -41.34935 ], [ -72.72065, -41.34919 ], [ -72.72206, -41.34891 ], [ -72.7231, -41.34912 ], [ -72.7242, -41.34896 ], [ -72.72411, -41.34973 ], [ -72.72496, -41.34967 ], [ -72.72566, -41.35023 ], [ -72.7264, -41.35052 ], [ -72.7274, -41.35067 ], [ -72.7288, -41.35011 ], [ -72.72918, -41.35018 ], [ -72.72935, -41.35088 ], [ -72.73091, -41.35257 ], [ -72.73226, -41.35105 ], [ -72.73294, -41.35139 ], [ -72.73449, -41.35135 ], [ -72.73474, -41.35202 ], [ -72.73683, -41.35281 ], [ -72.73737, -41.35358 ], [ -72.73771, -41.35363 ], [ -72.7383, -41.35318 ], [ -72.73893, -41.35332 ], [ -72.74003, -41.35375 ], [ -72.74043, -41.35419 ], [ -72.74281, -41.3549 ], [ -72.74298, -41.3551 ], [ -72.74292, -41.35534 ], [ -72.74207, -41.35533 ], [ -72.74203, -41.3555 ], [ -72.74246, -41.35611 ], [ -72.74352, -41.35659 ] ] } },
{ "type": "Feature", "properties": { "nombre": "Río Vuriloche", "tipo": "stream", "volcan_codigo": "CLB", "volcan_nombre": "Calbuco", "drena_volcan": false }, "geometry": { "type": "LineString", "coordinates": [ [ -72.18722, -41.19084 ], [ -72.18698, -41.19283 ], [ -72.1861, -41.19504 ], [ -72.1857, -41.19538 ], [ -72.1846, -41.19557 ], [ -72.18404, -41.19612 ], [ -72.18344, -41.19796 ], [ -72.18359, -41.19968 ], [ -72.18402, -41.20016 ], [ -72.18372, -41.20039 ], [ -72.18342, -41.20242 ], [ -72.18303, -41.20328 ], [ -72.1825, -41.20373 ], [ -72.18254, -41.20405 ], [ -72.17922, -41.20583 ], [ -72.17907, -41.20617 ], [ -72.17864, -41.20605 ], [ -72.17808, -41.20557 ], [ -72.1769, -41.20546 ], [ -72.17692, -41.20586 ], [ -72.17662, -41.20618 ], [ -72.17666, -41.20723 ], [ -72.17565, -41.20788 ], [ -72.1743, -41.20818 ], [ -72.17334, -41.20939 ], [ -72.17329, -41.20999 ], [ -72.17282, -41.21017 ], [ -72.17269, -41.21051 ], [ -72.17076, -41.21157 ], [ -72.17022, -41.21207 ], [ -72.16954, -41.21335 ], [ -72.16984, -41.21406 ], [ -72.16986, -41.21451 ], [ -72.16928, -41.21542 ], [ -72.16849, -41.21855 ], [ -72.16793, -41.21897 ], [ -72.16767, -41.22032 ], [ -72.16679, -41.22268 ], [ -72.16503, -41.22389 ], [ -72.16383, -41.2252 ], [ -72.16244, -41.22544 ], [ -72.15945, -41.22645 ], [ -72.15907, -41.227 ], [ -72.1569, -41.22817 ], [ -72.15475, -41.22989 ], [ -72.15407, -41.23073 ], [ -72.154, -41.23109 ], [ -72.15111, -41.23164 ], [ -72.15018, -41.23199 ], [ -72.14894, -41.23286 ], [ -72.14793, -41.23286 ], [ -72.14686, -41.23338 ], [ -72.14581, -41.23412 ], [ -72.1442, -41.23648 ], [ -72.14355, -41.23664 ], [ -72.14265, -41.23741 ], [ -72.14239, -41.23798 ], [ -72.14154, -41.23861 ], [ -72.14091, -41.23941 ], [ -72.1399, -41.24024 ], [ -72.13797, -41.24067 ], [ -72.13628, -41.24083 ], [ -72.13459, -41.24022 ], [ -72.13437, -41.23991 ], [ -72.13343, -41.23935 ], [ -72.13363, -41.2388 ], [ -72.13339, -41.23835 ], [ -72.13262, -41.23813 ], [ -72.13202, -41.23764 ], [ -72.13193, -41.23736 ], [ -72.1308, -41.23693 ] ] } },
{ "type": "Feature", "properties": { "nombre": "Río de los Cuarteles", "tipo": "river", "volcan_codigo": "CLB", "volcan_nombre": "Calbuco", "drena_volcan": false }, "geometry": { "type": "LineString", "coordinates": [ [ -72.28191, -41.3631 ], [ -72.28131, -41.36343 ], [ -72.28111, -41.36403 ], [ -72.28117, -41.36539 ], [ -72.28068, -41.36543 ], [ -72.28017, -41.36608 ], [ -72.28023, -41.36627 ], [ -72.28062, -41.36641 ], [ -72.28031, -41.36681 ], [ -72.28037, -41.36725 ], [ -72.28021, -41.36758 ], [ -72.28035, -41.36856 ], [ -72.28054, -41.36874 ], [ -72.28104, -41.36878 ], [ -72.28133, -41.36941 ], [ -72.28075, -41.36981 ], [ -72.28082, -41.37017 ], [ -72.28065, -41.37067 ], [ -72.27987, -41.372 ], [ -72.28017, -41.37253 ], [ -72.28067, -41.37291 ], [ -72.28003, -41.37374 ], [ -72.27944, -41.37418 ], [ -72.27938, -41.37445 ], [ -72.28077, -41.37573 ], [ -72.28099, -41.37635 ], [ -72.28101, -41.37721 ], [ -72.2814, -41.37758 ], [ -72.28143, -41.37802 ], [ -72.28215, -41.37841 ], [ -72.28288, -41.37843 ], [ -72.28345, -41.37863 ], [ -72.28389, -41.37906 ], [ -72.28476, -41.37947 ], [ -72.28507, -41.37997 ], [ -72.28477, -41.38026 ], [ -72.28478, -41.38045 ], [ -72.2859, -41.38136 ], [ -72.28667, -41.38142 ], [ -72.28672, -41.38164 ], [ -72.28563, -41.38254 ], [ -72.28571, -41.38272 ], [ -72.28609, -41.38285 ], [ -72.28616, -41.38357 ], [ -72.28567, -41.3837 ], [ -72.28566, -41.38416 ], [ -72.28525, -41.38472 ], [ -72.2855, -41.38498 ], [ -72.28587, -41.38505 ], [ -72.28662, -41.38476 ], [ -72.28698, -41.38514 ], [ -72.28703, -41.38552 ] ] } },
{ "type": "Feature", "properties": { "nombre": "Río del Este", "tipo": "river", "volcan_codigo": "CLB", "volcan_nombre": "Calbuco", "drena_volcan": false }, "geometry": { "type": "MultiLineString", "coordinates": [ [ [ -72.19501, -41.39295 ], [ -72.19671, -41.39293 ], [ -72.1974, -41.39328 ], [ -72.19841, -41.39348 ], [ -72.20101, -41.39476 ], [ -72.20149, -41.39453 ], [ -72.20292, -41.39453 ], [ -72.20338, -41.39423 ], [ -72.20429, -41.39404 ], [ -72.2046, -41.39388 ], [ -72.20473, -41.39342 ], [ -72.20491, -41.39332 ], [ -72.20682, -41.39338 ], [ -72.20814, -41.39308 ], [ -72.20928, -41.3934 ], [ -72.21105, -41.39205 ], [ -72.21149, -41.39204 ], [ -72.2116, -41.39174 ], [ -72.21202, -41.39151 ], [ -72.21343, -41.39132 ], [ -72.21428, -41.39021 ], [ -72.21536, -41.38988 ], [ -72.2164, -41.39 ], [ -72.21667, -41.3891 ], [ -72.21804, -41.38834 ], [ -72.21922, -41.38802 ], [ -72.21987, -41.38746 ], [ -72.22121, -41.38756 ], [ -72.22218, -41.38696 ], [ -72.22251, -41.38686 ], [ -72.22329, -41.38699 ], [ -72.2244, -41.38636 ], [ -72.22617, -41.38632 ], [ -72.22638, -41.38544 ], [ -72.22704, -41.38452 ], [ -72.22735, -41.38375 ], [ -72.22789, -41.38363 ], [ -72.23014, -41.38389 ], [ -72.23058, -41.38383 ], [ -72.23099, -41.38333 ], [ -72.23157, -41.38345 ], [ -72.23408, -41.38334 ], [ -72.23597, -41.38384 ], [ -72.23681, -41.38389 ], [ -72.23794, -41.38361 ], [ -72.23891, -41.3842 ], [ -72.24272, -41.38412 ], [ -72.24354, -41.38441 ], [ -72.2444, -41.38439 ], [ -72.24499, -41.38432 ], [ -72.24532, -41.38409 ], [ -72.24553, -41.38313 ], [ -72.24579, -41.38287 ], [ -72.24747, -41.38272 ], [ -72.24785, -41.38325 ], [ -72.24834, -41.38359 ], [ -72.24906, -41.3835 ], [ -72.24961, -41.38378 ], [ -72.25047, -41.3835 ], [ -72.25224, -41.38371 ], [ -72.2525, -41.38437 ], [ -72.25354, -41.38463 ], [ -72.25526, -41.38353 ], [ -72.25644, -41.38352 ], [ -72.25682, -41.38314 ], [ -72.25767, -41.38293 ], [ -72.25813, -41.38298 ], [ -72.25884, -41.38358 ], [ -72.25963, -41.38382 ], [ -72.26109, -41.38309 ], [ -72.26181, -41.38309 ], [ -72.26247, -41.3826 ], [ -72.26351, -41.38265 ], [ -72.26464, -41.38201 ], [ -72.26519, -41.38217 ], [ -72.26622, -41.38203 ], [ -72.26703, -41.38236 ], [ -72.26776, -41.38231 ], [ -72.26979, -41.38317 ], [ -72.27068, -41.3826 ], [ -72.27227, -41.38092 ], [ -72.2726, -41.38081 ], [ -72.27298, -41.3809 ], [ -72.27322, -41.38127 ], [ -72.27263, -41.3823 ], [ -72.27358, -41.38303 ], [ -72.27286, -41.38331 ], [ -72.27273, -41.38358 ], [ -72.27287, -41.38375 ], [ -72.27472, -41.38404 ], [ -72.27525, -41.38443 ], [ -72.27599, -41.38532 ], [ -72.27687, -41.38578 ], [ -72.27753, -41.38586 ], [ -72.27856, -41.38551 ], [ -72.27903, -41.38559 ], [ -72.28131, -41.38689 ] ], [ [ -72.21264, -41.54932 ], [ -72.21249, -41.54818 ], [ -72.21257, -41.54764 ], [ -72.21234, -41.54713 ], [ -72.21234, -41.54639 ], [ -72.2113, -41.54548 ], [ -72.21156, -41.54461 ], [ -72.21124, -41.54349 ], [ -72.2115, -41.54329 ], [ -72.21403, -41.54283 ], [ -72.21458, -41.54248 ], [ -72.21532, -41.54154 ], [ -72.2151, -41.54119 ], [ -72.21522, -41.54082 ], [ -72.21606, -41.54018 ], [ -72.21609, -41.53961 ], [ -72.21581, -41.539 ], [ -72.21591, -41.53865 ], [ -72.21684, -41.53828 ], [ -72.21709, -41.53745 ], [ -72.21759, -41.53724 ], [ -72.21815, -41.5363 ], [ -72.21864, -41.53601 ], [ -72.21882, -41.53543 ], [ -72.21969, -41.534 ], [ -72.21953, -41.5338 ], [ -72.21906, -41.53374 ], [ -72.21854, -41.53327 ], [ -72.21876, -41.53268 ], [ -72.21857, -41.53177 ], [ -72.21864, -41.5311 ], [ -72.21882, -41.53091 ], [ -72.21924, -41.53093 ], [ -72.21963, -41.53048 ], [ -72.21965, -41.52976 ], [ -72.22, -41.52938 ], [ -72.22057, -41.52827 ], [ -72.22053, -41.52786 ], [ -72.22081, -41.52755 ], [ -72.22231, -41.52669 ], [ -72.22262, -41.52622 ], [ -72.22299, -41.52603 ], [ -72.22338, -41.52562 ], [ -72.22356, -41.52479 ], [ -72.22443, -41.52444 ], [ -72.22522, -41.52386 ], [ -72.22569, -41.52378 ], [ -72.2259, -41.52355 ], [ -72.226, -41.52301 ], [ -72.22704, -41.52177 ], [ -72.2275, -41.52097 ], [ -72.22719, -41.52017 ], [ -72.22778, -41.51799 ], [ -72.22831, -41.51706 ], [ -72.22884, -41.51671 ], [ -72.22937, -41.51664 ], [ -72.22943, -41.51633 ], [ -72.23035, -41.51557 ], [ -72.23181, -41.51323 ], [ -72.23244, -41.51308 ], [ -72.2328, -41.51264 ], [ -72.23348, -41.51245 ], [ -72.23427, -41.51134 ], [ -72.23475, -41.51093 ], [ -72.23582, -41.51076 ], [ -72.23682, -41.5104 ], [ -72.23777, -41.50945 ], [ -72.23896, -41.50885 ], [ -72.2398, -41.5077 ], [ -72.24223, -41.50681 ], [ -72.24235, -41.50632 ], [ -72.24329, -41.50519 ], [ -72.24652, -41.50245 ], [ -72.24671, -41.50199 ], [ -72.24731, -41.50136 ], [ -72.24747, -41.49972 ], [ -72.24727, -41.49887 ], [ -72.24759, -41.49842 ], [ -72.24827, -41.49797 ], [ -72.24814, -41.49745 ], [ -72.24851, -41.49723 ], [ -72.24816, -41.49658 ], [ -72.24926, -41.49661 ], [ -72.2501, -41.49645 ], [ -72.25224, -41.49748 ], [ -72.2531, -41.49761 ], [ -72.25404, -41.49753 ], [ -72.25478, -41.4971 ], [ -72.25486, -41.49686 ], [ -72.2547, -41.49654 ], [ -72.25484, -41.4964 ], [ -72.25651, -41.49654 ], [ -72.25806, -41.49592 ], [ -72.25918, -41.49597 ], [ -72.25949, -41.49585 ], [ -72.25958, -41.4955 ], [ -72.25891, -41.49459 ], [ -72.25902, -41.49399 ], [ -72.25932, -41.49366 ] ] ] } }
]
}
