{
"type": "FeatureCollection",
"name": "CPA",
"crs": { "type": "name", "properties": { "name": "urn:ogc:def:crs:OGC:1.3:CRS84" } },
"xy_coordinate_resolution": 1e-05,
"features": [
{ "type": "Feature", "properties": { "nombre": "Arroyo Alambre", "tipo": "river", "volcan_codigo": "CPA", "volcan_nombre": "Copahue", "drena_volcan": false }, "geometry": { "type": "LineString", "coordinates": [ [ -70.93426, -38.24573 ], [ -70.93641, -38.24581 ], [ -70.93901, -38.24568 ], [ -70.94025, -38.24581 ], [ -70.94139, -38.24565 ], [ -70.94278, -38.24428 ], [ -70.94319, -38.24273 ], [ -70.94418, -38.24187 ], [ -70.94473, -38.24182 ], [ -70.94499, -38.24078 ], [ -70.94572, -38.2401 ], [ -70.94579, -38.23931 ], [ -70.94512, -38.23835 ], [ -70.94516, -38.2366 ], [ -70.94632, -38.23618 ] ] } },
{ "type": "Feature", "properties": { "nombre": "Arroyo Baños", "tipo": "stream", "volcan_codigo": "CPA", "volcan_nombre": "Copahue", "drena_volcan": false }, "geometry": { "type": "LineString", "coordinates": [ [ -71.20005, -37.65574 ], [ -71.19888, -37.65743 ], [ -71.19685, -37.65874 ], [ -71.19557, -37.6593 ], [ -71.19493, -37.65989 ], [ -71.19352, -37.66008 ], [ -71.19288, -37.66057 ], [ -71.19191, -37.66081 ], [ -71.19041, -37.66173 ], [ -71.189, -37.66223 ], [ -71.18792, -37.66213 ], [ -71.18716, -37.66237 ], [ -71.18684, -37.6627 ], [ -71.18612, -37.6624 ], [ -71.18551, -37.66256 ], [ -71.18456, -37.662 ], [ -71.18279, -37.66212 ], [ -71.18097, -37.66181 ], [ -71.17951, -37.66134 ], [ -71.17879, -37.66145 ], [ -71.177, -37.66047 ], [ -71.17595, -37.66044 ], [ -71.1741, -37.65991 ], [ -71.17191, -37.65989 ], [ -71.16942, -37.65936 ], [ -71.16821, -37.65941 ], [ -71.16763, -37.6592 ], [ -71.16631, -37.65937 ], [ -71.16546, -37.66005 ], [ -71.16348, -37.65969 ], [ -71.16114, -37.66002 ], [ -71.1576, -37.66002 ], [ -71.15696, -37.66049 ], [ -71.15483, -37.66097 ], [ -71.15437, -37.66132 ], [ -71.15344, -37.66121 ], [ -71.15261, -37.6615 ], [ -71.15151, -37.66235 ] ] } },
{ "type": "Feature", "properties": { "nombre": "Arroyo Blanco", "tipo": "river", "volcan_codigo": "CPA", "volcan_nombre": "Copahue", "drena_volcan": true }, "geometry": { "type": "MultiLineString", "coordinates": [ [ [ -71.0809, -37.83359 ], [ -71.07949, -37.83293 ], [ -71.07871, -37.83228 ], [ -71.0785, -37.83113 ], [ -71.07768, -37.82995 ], [ -71.07623, -37.82945 ], [ -71.0753, -37.82866 ], [ -71.07427, -37.8281 ], [ -71.07271, -37.82813 ], [ -71.07253, -37.82737 ], [ -71.07001, -37.82569 ], [ -71.07044, -37.82502 ], [ -71.06965, -37.8237 ], [ -71.06717, -37.82347 ], [ -71.06575, -37.82232 ] ], [ [ -71.05967, -37.81092 ], [ -71.05918, -37.81055 ], [ -71.05829, -37.81032 ], [ -71.05641, -37.80888 ], [ -71.05471, -37.80812 ], [ -71.05424, -37.80743 ], [ -71.05428, -37.80698 ], [ -71.05351, -37.80648 ], [ -71.05257, -37.80666 ], [ -71.05289, -37.80591 ], [ -71.05188, -37.80552 ], [ -71.05113, -37.8042 ], [ -71.05156, -37.80368 ], [ -71.05165, -37.80251 ], [ -71.0505, -37.80273 ], [ -71.04958, -37.80268 ], [ -71.04799, -37.80219 ], [ -71.04755, -37.80176 ], [ -71.04669, -37.79939 ], [ -71.04624, -37.79737 ], [ -71.04693, -37.79329 ], [ -71.04835, -37.79294 ] ], [ [ -71.06575, -37.82232 ], [ -71.06553, -37.82075 ], [ -71.06376, -37.81918 ], [ -71.06425, -37.81766 ], [ -71.06376, -37.81691 ], [ -71.06367, -37.81589 ], [ -71.06408, -37.81557 ], [ -71.064, -37.81519 ], [ -71.06367, -37.81475 ], [ -71.06269, -37.81432 ], [ -71.06252, -37.81407 ], [ -71.06273, -37.8136 ], [ -71.06225, -37.81331 ], [ -71.06217, -37.81282 ], [ -71.06162, -37.81269 ], [ -71.06134, -37.81291 ], [ -71.06055, -37.81277 ], [ -71.06043, -37.8123 ], [ -71.05969, -37.8117 ], [ -71.05981, -37.81113 ], [ -71.05967, -37.81092 ] ], [ [ -71.0844, -37.83536 ], [ -71.08357, -37.83504 ], [ -71.08267, -37.83513 ], [ -71.08223, -37.83427 ], [ -71.08106, -37.83388 ], [ -71.0809, -37.83359 ] ], [ [ -71.08832, -37.83698 ], [ -71.08793, -37.83681 ], [ -71.08768, -37.83631 ], [ -71.08579, -37.83558 ], [ -71.08525, -37.83503 ], [ -71.08494, -37.83501 ], [ -71.0844, -37.83536 ] ] ] } },
{ "type": "Feature", "properties": { "nombre": "Arroyo Buta Mallín", "tipo": "river", "volcan_codigo": "CPA", "volcan_nombre": "Copahue", "drena_volcan": false }, "geometry": { "type": "LineString", "coordinates": [ [ -70.98804, -38.05653 ], [ -70.98757, -38.05438 ], [ -70.9857, -38.052 ], [ -70.98343, -38.05109 ], [ -70.97939, -38.05124 ], [ -70.97598, -38.0492 ], [ -70.97538, -38.04727 ], [ -70.97358, -38.04651 ], [ -70.97096, -38.04605 ], [ -70.96791, -38.04462 ], [ -70.96624, -38.04335 ], [ -70.96558, -38.04131 ], [ -70.96414, -38.03935 ], [ -70.96178, -38.03673 ], [ -70.95901, -38.03465 ], [ -70.95894, -38.0338 ], [ -70.95804, -38.03294 ], [ -70.95718, -38.03272 ], [ -70.95686, -38.03225 ], [ -70.95607, -38.03198 ], [ -70.95573, -38.03098 ], [ -70.95504, -38.03061 ], [ -70.95446, -38.03081 ], [ -70.95371, -38.03071 ], [ -70.95387, -38.03019 ], [ -70.95372, -38.02958 ], [ -70.95257, -38.02892 ], [ -70.9516, -38.02877 ], [ -70.95126, -38.02816 ], [ -70.95095, -38.02808 ], [ -70.9502, -38.02833 ], [ -70.9501, -38.02819 ], [ -70.95029, -38.02776 ], [ -70.95103, -38.02668 ], [ -70.95114, -38.02618 ], [ -70.95103, -38.02582 ], [ -70.95033, -38.02571 ], [ -70.95006, -38.02589 ], [ -70.94999, -38.02648 ], [ -70.94976, -38.02676 ], [ -70.94844, -38.02677 ], [ -70.94801, -38.02696 ], [ -70.94799, -38.02604 ], [ -70.94755, -38.02594 ], [ -70.94595, -38.02612 ], [ -70.94521, -38.02583 ], [ -70.94504, -38.02548 ], [ -70.94501, -38.02467 ], [ -70.94405, -38.02445 ], [ -70.94264, -38.02499 ], [ -70.942, -38.02459 ], [ -70.94146, -38.02473 ], [ -70.94081, -38.02415 ], [ -70.9404, -38.02416 ], [ -70.93894, -38.02326 ], [ -70.93844, -38.0232 ], [ -70.9377, -38.02255 ], [ -70.93762, -38.02211 ], [ -70.93692, -38.02176 ], [ -70.93676, -38.02146 ], [ -70.93595, -38.02143 ], [ -70.93582, -38.02154 ], [ -70.93594, -38.0219 ], [ -70.9357, -38.02197 ], [ -70.93503, -38.0216 ], [ -70.9339, -38.02037 ], [ -70.93325, -38.02047 ], [ -70.93287, -38.02001 ], [ -70.93206, -38.01979 ], [ -70.93097, -38.01916 ], [ -70.92751, -38.01934 ], [ -70.92671, -38.02005 ], [ -70.92621, -38.02027 ], [ -70.92437, -38.02044 ], [ -70.92295, -38.02036 ], [ -70.92255, -38.0194 ], [ -70.9223, -38.01929 ], [ -70.92148, -38.01961 ], [ -70.92079, -38.02065 ], [ -70.92052, -38.02066 ], [ -70.91954, -38.0203 ], [ -70.91883, -38.02041 ], [ -70.91788, -38.01967 ], [ -70.91708, -38.01948 ], [ -70.91681, -38.01914 ], [ -70.91655, -38.01915 ], [ -70.91649, -38.01941 ], [ -70.91577, -38.01975 ], [ -70.91453, -38.01952 ], [ -70.91389, -38.01971 ], [ -70.91359, -38.01985 ], [ -70.91321, -38.02039 ], [ -70.9129, -38.02048 ], [ -70.91143, -38.0202 ], [ -70.90963, -38.01908 ], [ -70.90767, -38.01892 ], [ -70.90689, -38.01839 ], [ -70.90634, -38.01872 ], [ -70.90495, -38.01906 ], [ -70.90493, -38.01921 ], [ -70.90475, -38.01912 ], [ -70.90189, -38.0199 ], [ -70.90165, -38.01986 ], [ -70.90153, -38.01946 ], [ -70.89783, -38.01909 ], [ -70.89712, -38.02 ], [ -70.89606, -38.01996 ], [ -70.89595, -38.02029 ], [ -70.89567, -38.02033 ], [ -70.89531, -38.02 ], [ -70.89429, -38.01964 ], [ -70.89341, -38.01991 ], [ -70.89253, -38.01971 ], [ -70.891, -38.01973 ], [ -70.88986, -38.02012 ], [ -70.88963, -38.02052 ], [ -70.88902, -38.02042 ], [ -70.88841, -38.02055 ], [ -70.88818, -38.02081 ], [ -70.88669, -38.02072 ], [ -70.886, -38.02096 ], [ -70.88587, -38.02079 ], [ -70.88526, -38.02099 ], [ -70.88465, -38.02143 ], [ -70.88405, -38.02143 ], [ -70.8837, -38.02114 ], [ -70.88339, -38.02114 ], [ -70.88279, -38.0215 ], [ -70.88243, -38.02135 ], [ -70.88086, -38.02169 ], [ -70.88052, -38.02235 ], [ -70.88097, -38.02275 ], [ -70.88091, -38.02298 ], [ -70.88028, -38.02282 ], [ -70.8794, -38.02285 ], [ -70.87911, -38.02339 ], [ -70.87892, -38.0234 ], [ -70.87862, -38.02317 ], [ -70.87801, -38.02309 ], [ -70.87761, -38.02319 ], [ -70.87735, -38.02375 ], [ -70.87666, -38.02327 ], [ -70.8764, -38.02338 ], [ -70.8765, -38.02451 ], [ -70.87552, -38.02511 ], [ -70.87474, -38.02529 ], [ -70.87452, -38.02582 ], [ -70.87392, -38.02627 ], [ -70.87324, -38.02621 ], [ -70.873, -38.02644 ], [ -70.8731, -38.02684 ], [ -70.87239, -38.02696 ], [ -70.87207, -38.02757 ], [ -70.87045, -38.02795 ], [ -70.86992, -38.02824 ], [ -70.86972, -38.02847 ], [ -70.86995, -38.02943 ], [ -70.86973, -38.02989 ], [ -70.86936, -38.03006 ], [ -70.86859, -38.02973 ], [ -70.86817, -38.02985 ], [ -70.86794, -38.03038 ], [ -70.86705, -38.03072 ], [ -70.86661, -38.03105 ], [ -70.86626, -38.03163 ], [ -70.86601, -38.03175 ], [ -70.86509, -38.03161 ], [ -70.86419, -38.0322 ], [ -70.86363, -38.03221 ], [ -70.86253, -38.03291 ], [ -70.86093, -38.03309 ], [ -70.86031, -38.03396 ], [ -70.8593, -38.0343 ], [ -70.85849, -38.03509 ], [ -70.8574, -38.03569 ], [ -70.85566, -38.03601 ], [ -70.85529, -38.03638 ], [ -70.8547, -38.03662 ], [ -70.85185, -38.03751 ], [ -70.85136, -38.03752 ], [ -70.8508, -38.0378 ], [ -70.84939, -38.03787 ], [ -70.84884, -38.03804 ], [ -70.84827, -38.03823 ], [ -70.84719, -38.03892 ], [ -70.84451, -38.03988 ], [ -70.84388, -38.03982 ], [ -70.84246, -38.04028 ], [ -70.84168, -38.04029 ], [ -70.84006, -38.04129 ], [ -70.83956, -38.04206 ], [ -70.83719, -38.04308 ], [ -70.8363, -38.0433 ], [ -70.83581, -38.04326 ], [ -70.8354, -38.04296 ], [ -70.83289, -38.04313 ], [ -70.83035, -38.04293 ], [ -70.82769, -38.04236 ], [ -70.82449, -38.04283 ], [ -70.82329, -38.04342 ], [ -70.82171, -38.04307 ], [ -70.82061, -38.04319 ], [ -70.82011, -38.04302 ], [ -70.81896, -38.04328 ], [ -70.81789, -38.04301 ], [ -70.81703, -38.04339 ], [ -70.81521, -38.04311 ], [ -70.8142, -38.04267 ], [ -70.81391, -38.04239 ], [ -70.81342, -38.04235 ], [ -70.81231, -38.04242 ], [ -70.81121, -38.04295 ], [ -70.8085, -38.04296 ], [ -70.80761, -38.04348 ], [ -70.80682, -38.04355 ], [ -70.80582, -38.04396 ], [ -70.80489, -38.04377 ], [ -70.80371, -38.04412 ], [ -70.80137, -38.04432 ], [ -70.80012, -38.04426 ], [ -70.7966, -38.04348 ], [ -70.79569, -38.04342 ], [ -70.79446, -38.04384 ], [ -70.79351, -38.04388 ], [ -70.79261, -38.04429 ], [ -70.79183, -38.04513 ], [ -70.7913, -38.0451 ], [ -70.79049, -38.04536 ], [ -70.78925, -38.04537 ], [ -70.78824, -38.04576 ], [ -70.78749, -38.04576 ], [ -70.78685, -38.04606 ], [ -70.78261, -38.04631 ], [ -70.78226, -38.04644 ], [ -70.78186, -38.04699 ], [ -70.7812, -38.04738 ], [ -70.77883, -38.04743 ], [ -70.77764, -38.04771 ], [ -70.77623, -38.04746 ], [ -70.77412, -38.04734 ], [ -70.77354, -38.04709 ], [ -70.77281, -38.04702 ], [ -70.772, -38.04731 ], [ -70.77133, -38.04778 ], [ -70.77036, -38.04806 ], [ -70.76897, -38.04799 ], [ -70.76825, -38.04748 ], [ -70.76746, -38.04737 ], [ -70.76665, -38.04756 ], [ -70.76506, -38.04862 ], [ -70.76411, -38.04813 ], [ -70.76247, -38.04805 ], [ -70.76128, -38.04854 ], [ -70.75952, -38.04846 ], [ -70.75636, -38.04907 ], [ -70.75558, -38.04884 ], [ -70.75426, -38.04889 ], [ -70.75307, -38.04931 ], [ -70.75238, -38.04918 ], [ -70.75184, -38.04885 ], [ -70.75054, -38.04896 ], [ -70.74947, -38.04878 ], [ -70.74814, -38.04918 ], [ -70.74591, -38.04902 ], [ -70.74539, -38.04868 ], [ -70.74487, -38.04865 ], [ -70.74363, -38.0492 ], [ -70.74304, -38.04919 ], [ -70.74184, -38.0482 ], [ -70.74139, -38.04808 ], [ -70.7381, -38.048 ], [ -70.73554, -38.04836 ], [ -70.73449, -38.04951 ], [ -70.73282, -38.05031 ], [ -70.73158, -38.05013 ], [ -70.72934, -38.05054 ], [ -70.72791, -38.05163 ], [ -70.72489, -38.0525 ], [ -70.72292, -38.05271 ], [ -70.72192, -38.05297 ], [ -70.72075, -38.05381 ], [ -70.7176, -38.05352 ], [ -70.71558, -38.05303 ], [ -70.71503, -38.05312 ], [ -70.71394, -38.05366 ], [ -70.71195, -38.05414 ], [ -70.71128, -38.05415 ], [ -70.70999, -38.05362 ], [ -70.70824, -38.05388 ], [ -70.70741, -38.05378 ], [ -70.70627, -38.05422 ], [ -70.70496, -38.05406 ], [ -70.70429, -38.05469 ], [ -70.70368, -38.05502 ], [ -70.70295, -38.05504 ] ] } },
{ "type": "Feature", "properties": { "nombre": "Arroyo Butahuao", "tipo": "river", "volcan_codigo": "CPA", "volcan_nombre": "Copahue", "drena_volcan": false }, "geometry": { "type": "MultiLineString", "coordinates": [ [ [ -70.95264, -38.16747 ], [ -70.95259, -38.16845 ] ], [ [ -70.95224, -38.17074 ], [ -70.95229, -38.17136 ] ], [ [ -70.95229, -38.17136 ], [ -70.9523, -38.17139 ] ], [ [ -70.95156, -38.16977 ], [ -70.95147, -38.17028 ], [ -70.95097, -38.17083 ], [ -70.95089, -38.17114 ], [ -70.95197, -38.17178 ] ], [ [ -70.97428, -38.14618 ], [ -70.97249, -38.14721 ], [ -70.97115, -38.14743 ], [ -70.97077, -38.14741 ], [ -70.97026, -38.14699 ], [ -70.96931, -38.14675 ], [ -70.96641, -38.14727 ], [ -70.96406, -38.14883 ], [ -70.96355, -38.14873 ], [ -70.96194, -38.14937 ], [ -70.96139, -38.1499 ], [ -70.96125, -38.15055 ], [ -70.95984, -38.151 ], [ -70.95904, -38.15251 ], [ -70.95827, -38.15257 ], [ -70.95761, -38.15323 ], [ -70.95757, -38.15372 ], [ -70.95709, -38.15414 ], [ -70.95706, -38.15485 ], [ -70.95728, -38.15597 ], [ -70.95669, -38.15648 ], [ -70.95723, -38.15719 ], [ -70.95746, -38.15789 ], [ -70.95737, -38.15837 ], [ -70.95758, -38.15857 ], [ -70.95759, -38.15896 ], [ -70.95737, -38.15975 ], [ -70.95753, -38.16021 ], [ -70.95666, -38.16102 ], [ -70.95643, -38.16232 ], [ -70.95583, -38.16268 ], [ -70.955, -38.16282 ], [ -70.95437, -38.16403 ], [ -70.95392, -38.1645 ], [ -70.95389, -38.16526 ], [ -70.95294, -38.16541 ], [ -70.95215, -38.16644 ], [ -70.95235, -38.16707 ], [ -70.95296, -38.16786 ], [ -70.95295, -38.16824 ], [ -70.95238, -38.16859 ], [ -70.95181, -38.16869 ], [ -70.95129, -38.16924 ], [ -70.95131, -38.16946 ], [ -70.95197, -38.17026 ], [ -70.95187, -38.17069 ], [ -70.95196, -38.17075 ], [ -70.95224, -38.17074 ] ], [ [ -70.95224, -38.17074 ], [ -70.95257, -38.17102 ], [ -70.95229, -38.17136 ] ], [ [ -70.95229, -38.17136 ], [ -70.952, -38.17171 ], [ -70.95194, -38.17223 ], [ -70.95315, -38.17352 ], [ -70.95326, -38.1739 ], [ -70.95314, -38.17507 ], [ -70.95279, -38.17548 ], [ -70.95183, -38.1761 ], [ -70.95168, -38.17652 ], [ -70.95297, -38.17814 ], [ -70.95296, -38.17861 ], [ -70.95273, -38.17934 ], [ -70.95224, -38.18004 ], [ -70.95175, -38.18059 ], [ -70.95122, -38.18073 ], [ -70.95078, -38.1813 ], [ -70.95115, -38.18177 ], [ -70.95112, -38.18196 ], [ -70.95062, -38.18239 ], [ -70.95061, -38.18284 ], [ -70.95136, -38.18329 ], [ -70.95068, -38.18415 ], [ -70.94954, -38.18491 ], [ -70.94894, -38.185 ], [ -70.94702, -38.18441 ], [ -70.94631, -38.18484 ], [ -70.94559, -38.18591 ], [ -70.94452, -38.18636 ], [ -70.94365, -38.18643 ], [ -70.94342, -38.18607 ], [ -70.94312, -38.18596 ], [ -70.9429, -38.18607 ], [ -70.94279, -38.1868 ], [ -70.9434, -38.1874 ], [ -70.94348, -38.18767 ], [ -70.94298, -38.18903 ], [ -70.94175, -38.18986 ], [ -70.93964, -38.18945 ], [ -70.93916, -38.18953 ], [ -70.93885, -38.19025 ], [ -70.93824, -38.1909 ], [ -70.93733, -38.19136 ], [ -70.9364, -38.19132 ], [ -70.93408, -38.19161 ], [ -70.93322, -38.19263 ], [ -70.93317, -38.19298 ], [ -70.93358, -38.1936 ], [ -70.93329, -38.19446 ], [ -70.93303, -38.19473 ], [ -70.93116, -38.19588 ], [ -70.9304, -38.1966 ], [ -70.92909, -38.19674 ], [ -70.92869, -38.1969 ], [ -70.92826, -38.19744 ], [ -70.92621, -38.19827 ], [ -70.92619, -38.19851 ], [ -70.92656, -38.19905 ], [ -70.92652, -38.1994 ], [ -70.92593, -38.19983 ], [ -70.92512, -38.20078 ], [ -70.92281, -38.20231 ], [ -70.92242, -38.20274 ], [ -70.92233, -38.20307 ], [ -70.92118, -38.20312 ], [ -70.91973, -38.20397 ], [ -70.919, -38.20411 ], [ -70.91716, -38.20329 ], [ -70.91708, -38.20346 ], [ -70.91616, -38.20387 ], [ -70.91557, -38.20459 ], [ -70.91531, -38.20542 ], [ -70.91515, -38.20549 ], [ -70.91445, -38.20537 ], [ -70.91254, -38.20454 ], [ -70.91162, -38.20457 ], [ -70.9097, -38.20374 ], [ -70.90877, -38.20377 ], [ -70.90777, -38.20312 ], [ -70.9076, -38.20312 ], [ -70.90752, -38.20334 ], [ -70.90638, -38.20353 ] ] ] } },
{ "type": "Feature", "properties": { "nombre": "Arroyo Butalón", "tipo": "river", "volcan_codigo": "CPA", "volcan_nombre": "Copahue", "drena_volcan": false }, "geometry": { "type": "LineString", "coordinates": [ [ -70.90728, -37.47309 ], [ -70.9061, -37.47386 ], [ -70.90408, -37.47393 ], [ -70.90339, -37.4743 ], [ -70.90112, -37.47454 ], [ -70.89625, -37.47394 ], [ -70.89387, -37.47413 ], [ -70.89367, -37.47321 ], [ -70.88677, -37.4726 ], [ -70.8835, -37.47294 ], [ -70.88104, -37.47353 ], [ -70.87923, -37.47318 ], [ -70.87692, -37.47171 ], [ -70.87447, -37.47209 ], [ -70.87387, -37.47258 ], [ -70.87243, -37.47221 ], [ -70.86932, -37.47406 ], [ -70.86833, -37.47364 ], [ -70.86756, -37.47471 ], [ -70.86507, -37.47532 ], [ -70.8652, -37.47628 ], [ -70.86423, -37.47667 ], [ -70.86417, -37.47801 ], [ -70.86346, -37.47827 ], [ -70.86372, -37.47888 ], [ -70.86565, -37.47973 ], [ -70.8658, -37.48038 ], [ -70.86541, -37.48104 ], [ -70.86471, -37.4814 ], [ -70.86134, -37.48154 ], [ -70.85881, -37.48198 ], [ -70.85795, -37.48319 ], [ -70.85677, -37.48298 ], [ -70.85632, -37.48344 ], [ -70.85481, -37.48315 ], [ -70.85424, -37.48191 ], [ -70.85282, -37.48101 ], [ -70.85213, -37.48116 ], [ -70.85164, -37.48317 ], [ -70.85001, -37.48307 ], [ -70.84868, -37.48411 ], [ -70.847, -37.4846 ], [ -70.84576, -37.48431 ], [ -70.84499, -37.48431 ], [ -70.84321, -37.48491 ], [ -70.84162, -37.48491 ], [ -70.84072, -37.48537 ], [ -70.83934, -37.48511 ], [ -70.83829, -37.48467 ], [ -70.83647, -37.48469 ], [ -70.83548, -37.48448 ], [ -70.83282, -37.48528 ], [ -70.83128, -37.48535 ], [ -70.82982, -37.48458 ], [ -70.82977, -37.48395 ], [ -70.82919, -37.48394 ], [ -70.82861, -37.4844 ], [ -70.82426, -37.48395 ], [ -70.8205, -37.48416 ], [ -70.81737, -37.48562 ], [ -70.81516, -37.48564 ], [ -70.81233, -37.48503 ], [ -70.80969, -37.48552 ], [ -70.80896, -37.48593 ], [ -70.80724, -37.48583 ], [ -70.80235, -37.48717 ], [ -70.79885, -37.48716 ], [ -70.79641, -37.48756 ], [ -70.7949, -37.48831 ], [ -70.79321, -37.48814 ], [ -70.79081, -37.48666 ], [ -70.78868, -37.48593 ], [ -70.78714, -37.48593 ], [ -70.78677, -37.48513 ], [ -70.78411, -37.48452 ], [ -70.78312, -37.48358 ], [ -70.78003, -37.48346 ], [ -70.77969, -37.48268 ], [ -70.77729, -37.48271 ], [ -70.77639, -37.48191 ], [ -70.77615, -37.47968 ], [ -70.77562, -37.47938 ] ] } },
{ "type": "Feature", "properties": { "nombre": "Arroyo Cajón Chico", "tipo": "river", "volcan_codigo": "CPA", "volcan_nombre": "Copahue", "drena_volcan": false }, "geometry": { "type": "MultiLineString", "coordinates": [ [ [ -71.11129, -37.75683 ], [ -71.10987, -37.75494 ], [ -71.10886, -37.75216 ], [ -71.10723, -37.75053 ], [ -71.10672, -37.74944 ], [ -71.10748, -37.74672 ], [ -71.10635, -37.74433 ], [ -71.10567, -37.74168 ], [ -71.10567, -37.73896 ], [ -71.10496, -37.73664 ], [ -71.09846, -37.72798 ], [ -71.09313, -37.72314 ], [ -71.0902, -37.72118 ], [ -71.08743, -37.7174 ], [ -71.08139, -37.71534 ], [ -71.07724, -37.71259 ], [ -71.07569, -37.71202 ], [ -71.07296, -37.7094 ], [ -71.07195, -37.70758 ], [ -71.07049, -37.70685 ], [ -71.06956, -37.70469 ], [ -71.07019, -37.7032 ], [ -71.06857, -37.69974 ], [ -71.06902, -37.69931 ], [ -71.0686, -37.69809 ], [ -71.06753, -37.69707 ], [ -71.06806, -37.69681 ], [ -71.06839, -37.69588 ], [ -71.06752, -37.69586 ], [ -71.06281, -37.69443 ], [ -71.06, -37.69301 ], [ -71.05933, -37.69138 ], [ -71.05878, -37.69088 ] ], [ [ -70.95634, -37.92787 ], [ -70.95629, -37.92832 ], [ -70.95288, -37.93091 ], [ -70.95144, -37.93285 ], [ -70.94764, -37.93454 ], [ -70.94775, -37.93559 ], [ -70.945, -37.93801 ], [ -70.94078, -37.93889 ], [ -70.93919, -37.93998 ], [ -70.93916, -37.94169 ], [ -70.93693, -37.94427 ], [ -70.93465, -37.94558 ], [ -70.93482, -37.94645 ], [ -70.93546, -37.94744 ], [ -70.93447, -37.94775 ], [ -70.93611, -37.94881 ], [ -70.93611, -37.95035 ], [ -70.93654, -37.95068 ], [ -70.93555, -37.95178 ], [ -70.93581, -37.95239 ], [ -70.93511, -37.95317 ] ], [ [ -70.96649, -37.91984 ], [ -70.96558, -37.92002 ], [ -70.96376, -37.92104 ], [ -70.96187, -37.92285 ], [ -70.95863, -37.92527 ], [ -70.9564, -37.9274 ], [ -70.95636, -37.92775 ] ], [ [ -70.95636, -37.92775 ], [ -70.95634, -37.92787 ] ], [ [ -70.97172, -37.91611 ], [ -70.96964, -37.91703 ], [ -70.96887, -37.91808 ], [ -70.96696, -37.91975 ], [ -70.96665, -37.91981 ] ], [ [ -70.96665, -37.91981 ], [ -70.96649, -37.91984 ] ] ] } },
{ "type": "Feature", "properties": { "nombre": "Arroyo Cajón de Araya", "tipo": "river", "volcan_codigo": "CPA", "volcan_nombre": "Copahue", "drena_volcan": false }, "geometry": { "type": "MultiLineString", "coordinates": [ [ [ -70.93153, -37.61781 ], [ -70.92855, -37.61776 ], [ -70.92688, -37.61846 ], [ -70.92512, -37.61866 ], [ -70.92231, -37.61927 ], [ -70.92063, -37.61931 ], [ -70.91915, -37.61967 ], [ -70.91639, -37.61948 ], [ -70.91383, -37.61885 ], [ -70.9119, -37.61907 ], [ -70.9099, -37.61953 ], [ -70.90847, -37.61929 ], [ -70.9075, -37.61965 ], [ -70.90675, -37.61955 ], [ -70.90624, -37.62029 ], [ -70.90463, -37.62067 ], [ -70.90373, -37.62196 ], [ -70.8998, -37.62286 ], [ -70.89688, -37.62157 ], [ -70.8963, -37.62245 ], [ -70.89426, -37.62278 ], [ -70.89377, -37.62363 ], [ -70.8928, -37.62381 ], [ -70.89297, -37.62507 ], [ -70.89222, -37.62612 ], [ -70.89265, -37.62711 ], [ -70.89119, -37.62789 ], [ -70.89061, -37.62874 ], [ -70.89188, -37.62959 ], [ -70.89347, -37.63109 ], [ -70.89394, -37.63221 ], [ -70.89216, -37.6327 ], [ -70.89177, -37.63304 ], [ -70.89096, -37.63287 ], [ -70.88982, -37.63357 ], [ -70.88819, -37.63397 ], [ -70.88763, -37.63467 ], [ -70.886, -37.63528 ], [ -70.88555, -37.63657 ], [ -70.8839, -37.637 ], [ -70.88319, -37.63748 ], [ -70.88244, -37.63742 ], [ -70.88094, -37.63882 ], [ -70.8801, -37.63931 ], [ -70.88008, -37.64006 ], [ -70.87909, -37.6406 ], [ -70.87875, -37.64166 ], [ -70.87682, -37.64291 ], [ -70.87581, -37.64291 ], [ -70.87551, -37.64324 ], [ -70.87551, -37.64359 ], [ -70.87452, -37.64407 ] ], [ [ -70.96711, -37.6211 ], [ -70.96647, -37.62081 ], [ -70.96605, -37.62095 ], [ -70.96583, -37.6213 ], [ -70.96549, -37.62137 ], [ -70.96508, -37.62089 ], [ -70.96466, -37.62073 ], [ -70.9643, -37.62024 ], [ -70.96328, -37.61951 ], [ -70.96255, -37.61931 ], [ -70.96222, -37.61903 ], [ -70.96196, -37.61795 ], [ -70.96099, -37.61743 ], [ -70.96065, -37.61701 ], [ -70.96067, -37.61682 ], [ -70.95973, -37.61643 ], [ -70.95902, -37.61521 ], [ -70.95854, -37.61479 ], [ -70.95809, -37.61465 ], [ -70.95592, -37.61464 ], [ -70.95457, -37.61495 ], [ -70.9529, -37.61473 ], [ -70.95201, -37.61435 ], [ -70.9514, -37.6148 ], [ -70.94998, -37.61493 ], [ -70.94701, -37.6156 ], [ -70.94491, -37.61653 ], [ -70.94444, -37.61649 ], [ -70.94389, -37.61667 ], [ -70.94188, -37.6163 ], [ -70.94127, -37.61663 ], [ -70.94116, -37.6171 ], [ -70.94078, -37.61732 ], [ -70.93919, -37.61754 ], [ -70.93872, -37.61747 ], [ -70.93753, -37.61777 ], [ -70.93644, -37.6174 ], [ -70.93631, -37.61763 ], [ -70.93582, -37.61766 ], [ -70.93571, -37.61729 ], [ -70.93543, -37.61713 ], [ -70.93474, -37.61749 ], [ -70.93439, -37.6174 ], [ -70.93394, -37.61754 ], [ -70.93335, -37.61735 ], [ -70.9321, -37.61744 ], [ -70.93192, -37.61769 ], [ -70.93153, -37.61781 ] ] ] } },
{ "type": "Feature", "properties": { "nombre": "Arroyo Cajón de los Bueyes", "tipo": "river", "volcan_codigo": "CPA", "volcan_nombre": "Copahue", "drena_volcan": false }, "geometry": { "type": "LineString", "coordinates": [ [ -71.12346, -37.63403 ], [ -71.12284, -37.63711 ], [ -71.12361, -37.63838 ], [ -71.12353, -37.63983 ], [ -71.12393, -37.64211 ], [ -71.12528, -37.64467 ], [ -71.12541, -37.64545 ], [ -71.12374, -37.64885 ], [ -71.12301, -37.65138 ], [ -71.12217, -37.65291 ], [ -71.12044, -37.65383 ], [ -71.11951, -37.65549 ], [ -71.11945, -37.65714 ], [ -71.11805, -37.65813 ], [ -71.11801, -37.65915 ], [ -71.1172, -37.66011 ], [ -71.11535, -37.66185 ], [ -71.11514, -37.66169 ], [ -71.11413, -37.66217 ], [ -71.114, -37.66297 ], [ -71.11331, -37.66307 ], [ -71.11262, -37.66461 ], [ -71.11164, -37.66523 ], [ -71.11134, -37.66616 ], [ -71.10992, -37.66682 ], [ -71.10872, -37.66789 ], [ -71.10842, -37.66881 ], [ -71.10771, -37.66954 ], [ -71.1078, -37.6702 ], [ -71.10651, -37.67064 ], [ -71.10535, -37.67037 ], [ -71.10438, -37.67131 ], [ -71.10241, -37.67144 ], [ -71.102, -37.67202 ], [ -71.10026, -37.67188 ], [ -71.09947, -37.67258 ], [ -71.09752, -37.67295 ], [ -71.0973, -37.67346 ], [ -71.09741, -37.67397 ], [ -71.09615, -37.67411 ], [ -71.09584, -37.67389 ], [ -71.09325, -37.67452 ], [ -71.09297, -37.67409 ], [ -71.09207, -37.67416 ], [ -71.09172, -37.67467 ], [ -71.09046, -37.67489 ], [ -71.08853, -37.67591 ], [ -71.08767, -37.6761 ], [ -71.0861, -37.67686 ], [ -71.08439, -37.67696 ], [ -71.08398, -37.67744 ], [ -71.08398, -37.67827 ], [ -71.08297, -37.67995 ], [ -71.082, -37.68033 ], [ -71.08245, -37.68279 ], [ -71.08129, -37.68515 ], [ -71.07955, -37.68564 ], [ -71.07803, -37.68664 ], [ -71.07758, -37.68617 ], [ -71.07642, -37.68634 ] ] } },
{ "type": "Feature", "properties": { "nombre": "Arroyo Charcú", "tipo": "river", "volcan_codigo": "CPA", "volcan_nombre": "Copahue", "drena_volcan": false }, "geometry": { "type": "LineString", "coordinates": [ [ -70.92723, -37.52981 ], [ -70.92484, -37.52976 ], [ -70.92356, -37.53037 ], [ -70.92165, -37.53052 ], [ -70.92049, -37.52996 ], [ -70.91802, -37.53025 ], [ -70.91141, -37.53347 ], [ -70.90824, -37.5343 ], [ -70.90652, -37.53388 ], [ -70.90444, -37.53422 ], [ -70.90274, -37.53498 ], [ -70.90004, -37.53803 ], [ -70.89618, -37.54112 ], [ -70.89272, -37.54242 ], [ -70.88759, -37.54529 ], [ -70.88259, -37.54691 ], [ -70.88056, -37.54807 ], [ -70.8745, -37.55075 ], [ -70.87405, -37.55259 ], [ -70.87073, -37.55366 ], [ -70.86867, -37.55477 ], [ -70.86697, -37.55458 ], [ -70.86423, -37.55496 ], [ -70.86116, -37.55438 ], [ -70.85706, -37.55547 ], [ -70.85174, -37.55501 ], [ -70.84957, -37.55453 ], [ -70.8468, -37.55319 ], [ -70.84167, -37.552 ], [ -70.83571, -37.55314 ], [ -70.83507, -37.55501 ], [ -70.83367, -37.55557 ], [ -70.83107, -37.55547 ], [ -70.82884, -37.55472 ], [ -70.8279, -37.55472 ], [ -70.82678, -37.55501 ], [ -70.82524, -37.55446 ], [ -70.82337, -37.553 ], [ -70.8215, -37.55252 ], [ -70.81983, -37.55249 ], [ -70.81813, -37.55378 ] ] } },
{ "type": "Feature", "properties": { "nombre": "Arroyo Chico", "tipo": "river", "volcan_codigo": "CPA", "volcan_nombre": "Copahue", "drena_volcan": false }, "geometry": { "type": "LineString", "coordinates": [ [ -70.9818, -38.22412 ], [ -70.9814, -38.22366 ], [ -70.9807, -38.22369 ], [ -70.98018, -38.22263 ], [ -70.97987, -38.22255 ], [ -70.97923, -38.22297 ], [ -70.97614, -38.22245 ], [ -70.97556, -38.22292 ], [ -70.97521, -38.22295 ], [ -70.97506, -38.22222 ], [ -70.97477, -38.22208 ], [ -70.97465, -38.22181 ], [ -70.97334, -38.22153 ], [ -70.97271, -38.2217 ], [ -70.97253, -38.22149 ], [ -70.97261, -38.22114 ], [ -70.97245, -38.22092 ], [ -70.97189, -38.22117 ], [ -70.97096, -38.22116 ], [ -70.9695, -38.21944 ], [ -70.96872, -38.21897 ], [ -70.96873, -38.21875 ], [ -70.96905, -38.21863 ], [ -70.96919, -38.21837 ], [ -70.96886, -38.21747 ], [ -70.9685, -38.21725 ], [ -70.96674, -38.21716 ], [ -70.96623, -38.21753 ], [ -70.96565, -38.2175 ], [ -70.96414, -38.21821 ], [ -70.96299, -38.21798 ], [ -70.96235, -38.21766 ], [ -70.96191, -38.21777 ], [ -70.96098, -38.21721 ], [ -70.96033, -38.21651 ], [ -70.95994, -38.21652 ], [ -70.95923, -38.21599 ], [ -70.95895, -38.21557 ], [ -70.95853, -38.21545 ], [ -70.95825, -38.21499 ], [ -70.95613, -38.21441 ], [ -70.95473, -38.21366 ], [ -70.95413, -38.21382 ], [ -70.95373, -38.21326 ], [ -70.95335, -38.21301 ], [ -70.95252, -38.21283 ], [ -70.95167, -38.21237 ], [ -70.95093, -38.2124 ], [ -70.9498, -38.21139 ], [ -70.94932, -38.20987 ], [ -70.94836, -38.21007 ], [ -70.94757, -38.20948 ], [ -70.94634, -38.20953 ], [ -70.94616, -38.2093 ], [ -70.94624, -38.20886 ], [ -70.94504, -38.20894 ], [ -70.94443, -38.2097 ], [ -70.94405, -38.20985 ], [ -70.9439, -38.20952 ], [ -70.94336, -38.20918 ], [ -70.94286, -38.20915 ], [ -70.94211, -38.20943 ], [ -70.94139, -38.20938 ], [ -70.94002, -38.20994 ], [ -70.9398, -38.20989 ], [ -70.93829, -38.21037 ], [ -70.93751, -38.21031 ], [ -70.93692, -38.21002 ], [ -70.93629, -38.21026 ], [ -70.93578, -38.2102 ], [ -70.93541, -38.21033 ], [ -70.93526, -38.21067 ], [ -70.93475, -38.21059 ], [ -70.93424, -38.2102 ], [ -70.93295, -38.21055 ], [ -70.93218, -38.21053 ], [ -70.9315, -38.21092 ], [ -70.9308, -38.21087 ], [ -70.93018, -38.21124 ], [ -70.92946, -38.21138 ], [ -70.9285, -38.21129 ], [ -70.928, -38.21146 ], [ -70.92781, -38.2117 ], [ -70.92727, -38.21176 ], [ -70.92666, -38.21209 ], [ -70.92609, -38.21209 ] ] } },
{ "type": "Feature", "properties": { "nombre": "Arroyo Copulhue", "tipo": "river", "volcan_codigo": "CPA", "volcan_nombre": "Copahue", "drena_volcan": false }, "geometry": { "type": "LineString", "coordinates": [ [ -71.11296, -37.60264 ], [ -71.11182, -37.60359 ], [ -71.11152, -37.60422 ], [ -71.11176, -37.6047 ], [ -71.1112, -37.6051 ], [ -71.11094, -37.60488 ], [ -71.11045, -37.60527 ], [ -71.11045, -37.60582 ], [ -71.1107, -37.60634 ], [ -71.11064, -37.60689 ], [ -71.10929, -37.60793 ], [ -71.10845, -37.60889 ], [ -71.10749, -37.60912 ], [ -71.10502, -37.61015 ], [ -71.10433, -37.61027 ], [ -71.10405, -37.61071 ], [ -71.10337, -37.61078 ], [ -71.10287, -37.61127 ], [ -71.10234, -37.61129 ], [ -71.10139, -37.61192 ], [ -71.10053, -37.61192 ], [ -71.09929, -37.61267 ], [ -71.09849, -37.61297 ], [ -71.09796, -37.61299 ], [ -71.09716, -37.6135 ], [ -71.09631, -37.61336 ], [ -71.09575, -37.61362 ], [ -71.09581, -37.61415 ], [ -71.09545, -37.61449 ], [ -71.0945, -37.61415 ], [ -71.09422, -37.61469 ], [ -71.0939, -37.61479 ], [ -71.09195, -37.61464 ], [ -71.09124, -37.615 ], [ -71.08953, -37.61682 ], [ -71.0885, -37.6169 ], [ -71.08757, -37.61722 ], [ -71.08704, -37.61766 ], [ -71.0856, -37.61789 ], [ -71.08534, -37.61811 ], [ -71.08536, -37.61948 ], [ -71.08562, -37.62023 ], [ -71.08526, -37.62055 ], [ -71.08457, -37.62076 ], [ -71.08375, -37.62212 ], [ -71.08277, -37.62302 ], [ -71.08213, -37.62285 ], [ -71.08083, -37.6234 ], [ -71.07982, -37.62466 ], [ -71.07959, -37.62575 ], [ -71.07931, -37.62619 ], [ -71.07855, -37.62676 ], [ -71.07796, -37.62698 ], [ -71.07732, -37.62695 ], [ -71.07594, -37.62722 ], [ -71.07531, -37.62824 ], [ -71.07486, -37.62844 ], [ -71.07376, -37.62849 ], [ -71.07313, -37.62937 ], [ -71.07241, -37.62948 ], [ -71.07224, -37.63018 ], [ -71.0719, -37.63022 ], [ -71.07128, -37.62985 ], [ -71.07086, -37.62994 ], [ -71.07071, -37.63006 ], [ -71.0707, -37.63039 ], [ -71.07142, -37.63095 ], [ -71.07098, -37.63182 ], [ -71.07012, -37.63222 ], [ -71.06951, -37.63281 ], [ -71.06902, -37.63279 ], [ -71.06836, -37.63307 ], [ -71.06766, -37.63436 ], [ -71.06634, -37.63458 ], [ -71.06588, -37.63523 ], [ -71.06514, -37.63539 ], [ -71.06482, -37.63633 ], [ -71.06589, -37.63721 ], [ -71.06537, -37.63782 ], [ -71.06431, -37.63827 ], [ -71.06421, -37.63855 ], [ -71.06504, -37.63933 ], [ -71.06498, -37.63977 ], [ -71.06429, -37.64006 ], [ -71.06345, -37.6411 ], [ -71.06208, -37.64205 ], [ -71.05975, -37.64242 ], [ -71.0591, -37.64365 ], [ -71.05819, -37.64393 ], [ -71.05788, -37.64462 ], [ -71.05683, -37.64503 ], [ -71.0566, -37.64565 ], [ -71.05578, -37.64649 ], [ -71.05544, -37.64716 ], [ -71.05534, -37.64847 ], [ -71.054, -37.64859 ], [ -71.05294, -37.64959 ], [ -71.05171, -37.64968 ], [ -71.05048, -37.65059 ], [ -71.04874, -37.65136 ], [ -71.04862, -37.65222 ], [ -71.04745, -37.6526 ], [ -71.04668, -37.65207 ], [ -71.04503, -37.65314 ], [ -71.04314, -37.65242 ], [ -71.04171, -37.65426 ], [ -71.03838, -37.65486 ], [ -71.03748, -37.65428 ], [ -71.03596, -37.65523 ], [ -71.03448, -37.65587 ], [ -71.03325, -37.65515 ], [ -71.03207, -37.65523 ], [ -71.03142, -37.65468 ], [ -71.03046, -37.65527 ], [ -71.02934, -37.65549 ], [ -71.02832, -37.65485 ], [ -71.0249, -37.65449 ], [ -71.02322, -37.65488 ], [ -71.02097, -37.65455 ], [ -71.02024, -37.65428 ], [ -71.01981, -37.6539 ], [ -71.01934, -37.65412 ], [ -71.01864, -37.65407 ], [ -71.0172, -37.65346 ], [ -71.01624, -37.65338 ], [ -71.01551, -37.65352 ], [ -71.00893, -37.65308 ], [ -71.00671, -37.65408 ], [ -71.00654, -37.65441 ], [ -71.00728, -37.65661 ], [ -71.00718, -37.65764 ], [ -71.00739, -37.6587 ], [ -71.0072, -37.65922 ], [ -71.00753, -37.6599 ], [ -71.00778, -37.66106 ], [ -71.00778, -37.66275 ], [ -71.00847, -37.66369 ], [ -71.00758, -37.665 ], [ -71.00511, -37.66668 ], [ -71.00498, -37.66762 ], [ -71.00315, -37.66799 ] ] } },
{ "type": "Feature", "properties": { "nombre": "Arroyo Desecho", "tipo": "stream", "volcan_codigo": "CPA", "volcan_nombre": "Copahue", "drena_volcan": false }, "geometry": { "type": "LineString", "coordinates": [ [ -71.1185, -37.47442 ], [ -71.11767, -37.47414 ], [ -71.11666, -37.47289 ], [ -71.11604, -37.47286 ], [ -71.1159, -37.47255 ], [ -71.11502, -37.47238 ], [ -71.11402, -37.47185 ], [ -71.10932, -37.46868 ], [ -71.10823, -37.46842 ], [ -71.10776, -37.46873 ], [ -71.10752, -37.46866 ], [ -71.10755, -37.46845 ], [ -71.10695, -37.46785 ], [ -71.1045, -37.46716 ], [ -71.10392, -37.46677 ], [ -71.10255, -37.46669 ], [ -71.10112, -37.46623 ], [ -71.10044, -37.46558 ], [ -71.09999, -37.46538 ], [ -71.10028, -37.46479 ], [ -71.09899, -37.46367 ], [ -71.09892, -37.46237 ], [ -71.09794, -37.46171 ], [ -71.09807, -37.4604 ], [ -71.09579, -37.45897 ], [ -71.093, -37.45844 ], [ -71.09216, -37.45779 ], [ -71.09135, -37.45687 ], [ -71.09002, -37.45709 ], [ -71.08963, -37.45735 ], [ -71.08852, -37.45669 ], [ -71.0862, -37.45628 ], [ -71.08478, -37.45624 ], [ -71.08268, -37.45522 ], [ -71.08214, -37.45474 ], [ -71.08178, -37.45314 ], [ -71.08184, -37.45246 ], [ -71.08257, -37.452 ], [ -71.08397, -37.44987 ], [ -71.08534, -37.44948 ], [ -71.08568, -37.44917 ], [ -71.08596, -37.44856 ], [ -71.08581, -37.44796 ], [ -71.08622, -37.44728 ], [ -71.08787, -37.44604 ], [ -71.08783, -37.44423 ], [ -71.08914, -37.44302 ], [ -71.089, -37.44277 ], [ -71.08927, -37.44256 ], [ -71.09014, -37.44236 ], [ -71.09088, -37.44194 ], [ -71.09102, -37.44115 ], [ -71.09162, -37.44105 ], [ -71.09258, -37.43976 ], [ -71.09281, -37.43919 ], [ -71.0925, -37.43888 ], [ -71.09259, -37.43843 ], [ -71.09289, -37.43806 ], [ -71.09281, -37.43711 ], [ -71.09336, -37.43647 ], [ -71.09403, -37.43507 ], [ -71.09468, -37.43466 ], [ -71.09515, -37.43406 ], [ -71.0954, -37.43343 ], [ -71.09547, -37.43278 ], [ -71.09512, -37.43224 ], [ -71.09494, -37.43129 ], [ -71.09466, -37.43113 ], [ -71.09461, -37.43089 ], [ -71.09488, -37.43078 ], [ -71.09539, -37.42947 ], [ -71.09516, -37.42821 ], [ -71.09528, -37.42772 ], [ -71.09512, -37.42742 ] ] } },
{ "type": "Feature", "properties": { "nombre": "Arroyo Dulce", "tipo": "stream", "volcan_codigo": "CPA", "volcan_nombre": "Copahue", "drena_volcan": false }, "geometry": { "type": "MultiLineString", "coordinates": [ [ [ -71.08424, -37.85496 ], [ -71.08383, -37.85479 ], [ -71.08318, -37.8552 ], [ -71.0819, -37.85502 ], [ -71.08153, -37.85533 ], [ -71.08077, -37.85515 ], [ -71.08028, -37.8556 ], [ -71.07932, -37.85549 ], [ -71.07909, -37.8562 ], [ -71.07801, -37.85575 ], [ -71.07787, -37.85636 ], [ -71.07734, -37.85613 ], [ -71.07606, -37.8565 ], [ -71.07569, -37.85634 ], [ -71.07553, -37.85606 ], [ -71.07531, -37.85608 ], [ -71.0751, -37.85618 ], [ -71.0748, -37.85687 ], [ -71.07429, -37.85653 ], [ -71.074, -37.85683 ], [ -71.07411, -37.85699 ], [ -71.07327, -37.85704 ], [ -71.07319, -37.85712 ], [ -71.07351, -37.85746 ], [ -71.07345, -37.85763 ], [ -71.07327, -37.85766 ], [ -71.07243, -37.85718 ], [ -71.07174, -37.85789 ], [ -71.07107, -37.85831 ], [ -71.07093, -37.85877 ], [ -71.07028, -37.85868 ], [ -71.06997, -37.85839 ], [ -71.06979, -37.85846 ], [ -71.06962, -37.85861 ], [ -71.06987, -37.85879 ], [ -71.0698, -37.85908 ], [ -71.06939, -37.85929 ], [ -71.06852, -37.85916 ], [ -71.06759, -37.85961 ], [ -71.06762, -37.86007 ], [ -71.06735, -37.86015 ], [ -71.06681, -37.85998 ], [ -71.06629, -37.86024 ], [ -71.06636, -37.8606 ], [ -71.0662, -37.86077 ], [ -71.06582, -37.86071 ], [ -71.06469, -37.86128 ], [ -71.06364, -37.86142 ], [ -71.06335, -37.86081 ], [ -71.06266, -37.86054 ], [ -71.06213, -37.86071 ], [ -71.06176, -37.86029 ], [ -71.06051, -37.86038 ], [ -71.06004, -37.86069 ], [ -71.06, -37.86102 ], [ -71.05938, -37.86174 ] ], [ [ -71.11309, -37.85116 ], [ -71.11198, -37.85143 ], [ -71.11035, -37.85133 ], [ -71.11019, -37.85088 ], [ -71.10959, -37.85082 ], [ -71.10792, -37.85123 ], [ -71.10707, -37.85174 ], [ -71.10533, -37.85339 ], [ -71.10361, -37.8543 ], [ -71.10298, -37.85483 ], [ -71.10144, -37.85515 ], [ -71.10097, -37.85546 ], [ -71.09819, -37.85627 ], [ -71.09737, -37.85692 ], [ -71.09634, -37.85682 ], [ -71.09608, -37.8564 ], [ -71.09577, -37.85645 ], [ -71.09545, -37.85608 ], [ -71.09503, -37.85628 ], [ -71.0943, -37.85544 ], [ -71.09056, -37.85583 ], [ -71.08955, -37.85578 ], [ -71.08911, -37.8556 ], [ -71.08893, -37.85491 ], [ -71.08837, -37.85479 ], [ -71.0878, -37.85484 ], [ -71.08726, -37.85517 ], [ -71.08675, -37.85527 ], [ -71.08516, -37.85496 ], [ -71.08424, -37.85496 ] ], [ [ -71.05938, -37.86174 ], [ -71.05899, -37.86199 ], [ -71.05795, -37.86208 ], [ -71.05729, -37.86241 ], [ -71.05667, -37.86237 ], [ -71.05631, -37.86185 ], [ -71.05602, -37.86184 ], [ -71.0558, -37.86227 ], [ -71.05535, -37.86239 ], [ -71.05468, -37.86194 ], [ -71.05408, -37.86203 ], [ -71.05346, -37.86174 ], [ -71.05191, -37.86241 ], [ -71.05064, -37.8624 ], [ -71.04981, -37.86282 ], [ -71.04801, -37.8624 ], [ -71.04735, -37.86241 ], [ -71.04639, -37.86308 ] ] ] } },
{ "type": "Feature", "properties": { "nombre": "Arroyo El Pino", "tipo": "river", "volcan_codigo": "CPA", "volcan_nombre": "Copahue", "drena_volcan": false }, "geometry": { "type": "LineString", "coordinates": [ [ -70.79861, -37.89279 ], [ -70.79667, -37.89269 ], [ -70.79208, -37.89167 ], [ -70.78796, -37.88996 ], [ -70.78105, -37.89022 ], [ -70.77721, -37.88984 ], [ -70.77582, -37.88786 ], [ -70.77339, -37.88786 ], [ -70.7714, -37.88878 ], [ -70.76736, -37.88803 ], [ -70.76279, -37.88873 ], [ -70.75775, -37.88879 ], [ -70.75728, -37.88803 ], [ -70.75528, -37.88571 ], [ -70.75316, -37.88497 ], [ -70.75015, -37.88497 ], [ -70.74779, -37.88539 ], [ -70.74548, -37.88751 ], [ -70.74189, -37.88859 ], [ -70.73595, -37.88823 ], [ -70.73258, -37.89091 ], [ -70.73065, -37.89059 ], [ -70.72827, -37.89116 ], [ -70.72537, -37.8916 ], [ -70.72498, -37.89252 ], [ -70.72209, -37.89215 ], [ -70.71827, -37.89308 ], [ -70.71303, -37.89196 ], [ -70.709, -37.89225 ], [ -70.70454, -37.89142 ], [ -70.70252, -37.89072 ], [ -70.7017, -37.88994 ], [ -70.7019, -37.88867 ], [ -70.70134, -37.88679 ], [ -70.69256, -37.88324 ], [ -70.68477, -37.88101 ], [ -70.68278, -37.87936 ], [ -70.67739, -37.87545 ], [ -70.6758, -37.87362 ], [ -70.6714, -37.87099 ], [ -70.66771, -37.87011 ], [ -70.66516, -37.86928 ], [ -70.66379, -37.86908 ], [ -70.66205, -37.86967 ], [ -70.65877, -37.86994 ] ] } },
{ "type": "Feature", "properties": { "nombre": "Arroyo Feo", "tipo": "river", "volcan_codigo": "CPA", "volcan_nombre": "Copahue", "drena_volcan": false }, "geometry": { "type": "MultiLineString", "coordinates": [ [ [ -70.93041, -38.08934 ], [ -70.92909, -38.08904 ], [ -70.92717, -38.08983 ], [ -70.92625, -38.08969 ], [ -70.92563, -38.08982 ], [ -70.92513, -38.08964 ], [ -70.92459, -38.08893 ], [ -70.9236, -38.08921 ], [ -70.9234, -38.08943 ], [ -70.92219, -38.08917 ], [ -70.92048, -38.08991 ], [ -70.91949, -38.08967 ], [ -70.91894, -38.08936 ], [ -70.91727, -38.08901 ], [ -70.9165, -38.08899 ], [ -70.91605, -38.08917 ], [ -70.91577, -38.08907 ], [ -70.91566, -38.08885 ], [ -70.91474, -38.08909 ], [ -70.91361, -38.08898 ], [ -70.91213, -38.08961 ], [ -70.91038, -38.08978 ], [ -70.90775, -38.09052 ], [ -70.90539, -38.09127 ], [ -70.90488, -38.09162 ], [ -70.90372, -38.0914 ], [ -70.90171, -38.09188 ], [ -70.90043, -38.09201 ], [ -70.89998, -38.09153 ], [ -70.899, -38.09102 ], [ -70.8982, -38.0908 ], [ -70.89566, -38.09078 ], [ -70.89375, -38.09048 ], [ -70.8914, -38.08967 ], [ -70.8907, -38.08907 ], [ -70.8904, -38.089 ], [ -70.89017, -38.08897 ], [ -70.8899, -38.08923 ], [ -70.88859, -38.08961 ], [ -70.88657, -38.08904 ], [ -70.88536, -38.08893 ], [ -70.88423, -38.08907 ], [ -70.88287, -38.08889 ], [ -70.88158, -38.08902 ], [ -70.8807, -38.08877 ], [ -70.87984, -38.08793 ], [ -70.87923, -38.08782 ], [ -70.87899, -38.08748 ], [ -70.87836, -38.08754 ], [ -70.87819, -38.08708 ], [ -70.87757, -38.08677 ], [ -70.87666, -38.08683 ], [ -70.87618, -38.08651 ], [ -70.87558, -38.08643 ], [ -70.87505, -38.08606 ], [ -70.87332, -38.08556 ], [ -70.87281, -38.08505 ], [ -70.87146, -38.08473 ], [ -70.8703, -38.08481 ], [ -70.869, -38.08529 ], [ -70.86803, -38.08528 ], [ -70.86799, -38.08483 ], [ -70.86764, -38.08469 ], [ -70.86674, -38.08516 ], [ -70.86594, -38.08503 ], [ -70.86568, -38.08531 ], [ -70.86535, -38.08535 ], [ -70.86476, -38.08528 ], [ -70.86387, -38.08544 ], [ -70.86231, -38.08522 ], [ -70.86196, -38.08534 ], [ -70.86177, -38.08521 ], [ -70.86155, -38.08528 ], [ -70.8616, -38.08561 ], [ -70.86148, -38.08573 ], [ -70.8608, -38.08578 ], [ -70.86016, -38.08608 ], [ -70.85889, -38.08589 ], [ -70.85752, -38.0849 ], [ -70.85687, -38.08472 ], [ -70.85636, -38.08404 ], [ -70.85604, -38.08426 ], [ -70.85553, -38.08411 ], [ -70.85434, -38.08416 ], [ -70.85351, -38.08471 ], [ -70.85276, -38.08486 ], [ -70.85185, -38.08488 ], [ -70.85115, -38.08466 ], [ -70.85072, -38.08483 ], [ -70.85016, -38.08467 ], [ -70.84853, -38.08506 ], [ -70.84785, -38.08495 ], [ -70.84691, -38.08541 ], [ -70.84539, -38.08556 ], [ -70.84408, -38.08526 ], [ -70.84358, -38.08556 ], [ -70.8419, -38.08593 ], [ -70.84107, -38.08553 ], [ -70.83975, -38.08612 ], [ -70.83812, -38.08535 ], [ -70.8378, -38.08572 ], [ -70.83673, -38.08613 ], [ -70.83603, -38.08591 ], [ -70.83504, -38.08607 ], [ -70.8338, -38.08597 ], [ -70.83275, -38.08642 ], [ -70.83219, -38.08627 ], [ -70.83132, -38.08653 ], [ -70.83027, -38.08656 ], [ -70.82677, -38.0857 ], [ -70.82529, -38.08459 ], [ -70.8243, -38.08439 ], [ -70.82394, -38.08402 ], [ -70.82329, -38.08402 ], [ -70.82162, -38.08296 ], [ -70.81956, -38.08277 ], [ -70.81829, -38.08299 ], [ -70.81782, -38.08323 ], [ -70.81556, -38.08265 ], [ -70.81474, -38.08261 ], [ -70.81394, -38.08282 ], [ -70.81208, -38.08247 ], [ -70.80956, -38.08249 ], [ -70.80633, -38.08209 ], [ -70.80499, -38.08154 ], [ -70.80396, -38.08166 ], [ -70.8032, -38.08118 ], [ -70.8016, -38.08077 ], [ -70.79897, -38.08076 ], [ -70.79619, -38.07982 ], [ -70.7962, -38.07932 ], [ -70.79602, -38.07897 ], [ -70.79474, -38.07939 ], [ -70.79403, -38.07923 ], [ -70.79238, -38.07955 ], [ -70.79164, -38.0793 ], [ -70.7884, -38.07958 ], [ -70.78705, -38.07997 ], [ -70.78415, -38.07995 ], [ -70.78307, -38.07976 ], [ -70.78217, -38.08012 ], [ -70.78134, -38.08012 ], [ -70.78077, -38.07978 ], [ -70.78076, -38.07956 ], [ -70.77765, -38.0787 ], [ -70.77548, -38.07843 ], [ -70.7743, -38.07809 ], [ -70.77231, -38.07799 ], [ -70.77149, -38.07771 ], [ -70.76919, -38.07649 ], [ -70.76768, -38.0763 ], [ -70.76722, -38.0761 ], [ -70.76674, -38.0758 ], [ -70.76652, -38.07551 ], [ -70.7665, -38.07508 ], [ -70.7662, -38.07481 ], [ -70.76392, -38.07468 ], [ -70.7635, -38.07418 ], [ -70.76268, -38.07394 ], [ -70.76133, -38.0742 ], [ -70.76085, -38.07444 ], [ -70.75985, -38.07404 ], [ -70.75921, -38.07357 ], [ -70.75768, -38.07348 ], [ -70.75652, -38.07364 ], [ -70.75511, -38.07446 ], [ -70.7541, -38.07436 ], [ -70.7521, -38.07475 ], [ -70.75054, -38.07448 ], [ -70.74854, -38.07468 ], [ -70.74816, -38.07492 ], [ -70.74622, -38.07521 ], [ -70.74539, -38.07561 ], [ -70.74346, -38.07533 ], [ -70.74148, -38.07538 ], [ -70.74004, -38.07573 ], [ -70.73764, -38.07549 ], [ -70.73567, -38.0757 ], [ -70.73466, -38.07558 ], [ -70.73086, -38.07614 ], [ -70.72964, -38.07571 ], [ -70.72809, -38.07602 ], [ -70.72617, -38.07564 ], [ -70.72498, -38.07595 ], [ -70.72274, -38.0755 ], [ -70.72022, -38.07595 ], [ -70.71904, -38.07561 ], [ -70.71813, -38.07571 ], [ -70.71745, -38.07561 ], [ -70.71458, -38.07431 ], [ -70.71291, -38.07421 ], [ -70.71152, -38.07381 ], [ -70.71043, -38.07389 ], [ -70.70934, -38.07348 ], [ -70.70784, -38.07367 ], [ -70.70475, -38.07262 ], [ -70.70403, -38.07214 ], [ -70.70358, -38.07152 ], [ -70.70241, -38.0718 ], [ -70.70106, -38.07185 ], [ -70.69978, -38.07092 ], [ -70.69908, -38.07059 ], [ -70.69772, -38.07047 ], [ -70.69705, -38.06984 ], [ -70.69556, -38.06914 ], [ -70.69393, -38.06888 ], [ -70.69167, -38.06815 ], [ -70.69024, -38.06708 ], [ -70.68772, -38.06704 ], [ -70.68731, -38.06667 ], [ -70.68737, -38.06576 ], [ -70.686, -38.06444 ], [ -70.68469, -38.06413 ], [ -70.68414, -38.0644 ], [ -70.68343, -38.06398 ], [ -70.68262, -38.06317 ], [ -70.67972, -38.06248 ], [ -70.67843, -38.06183 ], [ -70.6771, -38.06173 ], [ -70.67626, -38.0612 ], [ -70.67444, -38.06172 ], [ -70.67313, -38.06106 ], [ -70.67171, -38.06006 ], [ -70.67075, -38.05977 ], [ -70.66942, -38.05949 ], [ -70.66823, -38.05941 ], [ -70.66742, -38.05956 ], [ -70.66586, -38.05942 ], [ -70.66416, -38.05893 ], [ -70.66215, -38.05907 ], [ -70.66112, -38.05936 ], [ -70.65997, -38.05909 ], [ -70.65911, -38.05918 ], [ -70.6573, -38.05871 ], [ -70.65444, -38.05911 ], [ -70.65299, -38.05983 ], [ -70.652, -38.05994 ], [ -70.6516, -38.05968 ] ], [ [ -70.98233, -38.09617 ], [ -70.98187, -38.09567 ], [ -70.98113, -38.09533 ], [ -70.97884, -38.09536 ], [ -70.97801, -38.09507 ], [ -70.97762, -38.09517 ], [ -70.97687, -38.09496 ], [ -70.97605, -38.09523 ], [ -70.97478, -38.09518 ], [ -70.97463, -38.09495 ], [ -70.97403, -38.09508 ], [ -70.97339, -38.09469 ], [ -70.97162, -38.09413 ], [ -70.97096, -38.09343 ], [ -70.97079, -38.09086 ], [ -70.97045, -38.09027 ], [ -70.97042, -38.08972 ], [ -70.96987, -38.08936 ], [ -70.96915, -38.08825 ], [ -70.96858, -38.08811 ], [ -70.96834, -38.08749 ], [ -70.96711, -38.08706 ], [ -70.96655, -38.08658 ], [ -70.96407, -38.08568 ], [ -70.96298, -38.08567 ], [ -70.96229, -38.08548 ], [ -70.96158, -38.08572 ], [ -70.96067, -38.08561 ], [ -70.95972, -38.0857 ], [ -70.95947, -38.08586 ], [ -70.95877, -38.08567 ], [ -70.95555, -38.08586 ], [ -70.95506, -38.08577 ], [ -70.95507, -38.08557 ], [ -70.95327, -38.08465 ], [ -70.95259, -38.08489 ], [ -70.94897, -38.08441 ], [ -70.94853, -38.08462 ], [ -70.94819, -38.08442 ], [ -70.94733, -38.08432 ], [ -70.94671, -38.08471 ], [ -70.94638, -38.0846 ], [ -70.94668, -38.08451 ], [ -70.94586, -38.08439 ], [ -70.94463, -38.08509 ], [ -70.9446, -38.0849 ], [ -70.94395, -38.08501 ], [ -70.94335, -38.08548 ], [ -70.94282, -38.08547 ], [ -70.94278, -38.0852 ], [ -70.9426, -38.08519 ], [ -70.94181, -38.08522 ], [ -70.94164, -38.08543 ], [ -70.94147, -38.08529 ], [ -70.94087, -38.08529 ], [ -70.94047, -38.08552 ], [ -70.94002, -38.08547 ], [ -70.93962, -38.08567 ], [ -70.93954, -38.08545 ], [ -70.93926, -38.0855 ], [ -70.93898, -38.08584 ], [ -70.93844, -38.08587 ], [ -70.93807, -38.08631 ], [ -70.93728, -38.08624 ], [ -70.9368, -38.08652 ], [ -70.93614, -38.08625 ], [ -70.936, -38.08655 ], [ -70.93527, -38.08679 ], [ -70.93433, -38.08662 ], [ -70.93338, -38.08717 ], [ -70.9334, -38.0874 ], [ -70.93281, -38.08832 ], [ -70.93217, -38.08836 ], [ -70.93173, -38.08891 ], [ -70.93041, -38.08934 ] ] ] } },
{ "type": "Feature", "properties": { "nombre": "Arroyo Hualcupén", "tipo": "stream", "volcan_codigo": "CPA", "volcan_nombre": "Copahue", "drena_volcan": false }, "geometry": { "type": "MultiLineString", "coordinates": [ [ [ -71.03754, -37.94401 ], [ -71.03815, -37.94453 ], [ -71.0382, -37.94512 ], [ -71.03728, -37.94585 ], [ -71.03629, -37.94577 ], [ -71.03603, -37.94565 ], [ -71.03579, -37.94526 ], [ -71.03534, -37.94508 ], [ -71.03373, -37.94554 ], [ -71.03366, -37.94585 ], [ -71.03398, -37.94619 ], [ -71.03411, -37.94708 ], [ -71.03363, -37.94727 ], [ -71.03315, -37.94775 ], [ -71.03202, -37.94809 ], [ -71.03155, -37.94873 ], [ -71.03218, -37.94836 ], [ -71.03273, -37.94914 ] ], [ [ -71.03135, -37.95138 ], [ -71.03091, -37.95162 ], [ -71.0312, -37.95216 ], [ -71.02963, -37.95306 ], [ -71.02934, -37.95362 ], [ -71.02881, -37.95393 ], [ -71.02868, -37.95444 ], [ -71.02815, -37.95515 ], [ -71.02785, -37.95518 ], [ -71.02726, -37.95557 ], [ -71.02658, -37.95643 ], [ -71.02593, -37.95629 ], [ -71.02562, -37.95643 ], [ -71.02538, -37.95758 ], [ -71.02452, -37.95785 ], [ -71.02356, -37.95858 ], [ -71.02111, -37.95913 ], [ -71.0202, -37.95913 ], [ -71.01858, -37.95869 ], [ -71.0148, -37.95708 ], [ -71.01343, -37.95768 ], [ -71.01158, -37.95788 ], [ -71.01028, -37.95789 ], [ -71.00891, -37.95763 ], [ -71.00826, -37.95731 ], [ -71.00796, -37.95647 ], [ -71.00765, -37.95629 ], [ -71.00612, -37.95631 ], [ -71.00474, -37.95591 ], [ -71.0003, -37.95725 ], [ -71.00002, -37.95689 ], [ -70.99999, -37.95527 ], [ -70.99904, -37.95482 ], [ -70.99811, -37.95405 ], [ -70.99583, -37.95368 ], [ -70.9946, -37.95382 ], [ -70.99431, -37.95442 ], [ -70.99449, -37.95472 ], [ -70.99442, -37.95508 ], [ -70.99375, -37.95578 ], [ -70.99283, -37.95614 ], [ -70.9912, -37.95645 ], [ -70.99041, -37.95686 ], [ -70.9855, -37.95649 ], [ -70.98521, -37.95637 ], [ -70.9845, -37.95548 ], [ -70.98327, -37.95494 ], [ -70.98246, -37.95412 ], [ -70.98201, -37.95409 ], [ -70.97902, -37.95486 ], [ -70.97758, -37.95577 ], [ -70.97689, -37.95581 ], [ -70.97635, -37.95613 ], [ -70.97589, -37.95618 ], [ -70.97525, -37.95675 ], [ -70.97285, -37.95796 ], [ -70.97261, -37.95798 ], [ -70.97139, -37.95729 ], [ -70.96928, -37.95716 ], [ -70.96889, -37.95691 ], [ -70.96867, -37.957 ], [ -70.96846, -37.95763 ], [ -70.96877, -37.95838 ], [ -70.96857, -37.95862 ], [ -70.96695, -37.95854 ], [ -70.96647, -37.95887 ], [ -70.96619, -37.95872 ], [ -70.96571, -37.95774 ], [ -70.96525, -37.95766 ], [ -70.96325, -37.95787 ], [ -70.9627, -37.95852 ], [ -70.96143, -37.95877 ], [ -70.96052, -37.95923 ], [ -70.95869, -37.95907 ], [ -70.95774, -37.95958 ], [ -70.95593, -37.95946 ], [ -70.95495, -37.95985 ], [ -70.95222, -37.95883 ], [ -70.95197, -37.95886 ], [ -70.95143, -37.95948 ], [ -70.95046, -37.95959 ], [ -70.95006, -37.95936 ], [ -70.95015, -37.95906 ], [ -70.94993, -37.95886 ], [ -70.94906, -37.95857 ], [ -70.94778, -37.95864 ], [ -70.94681, -37.95778 ], [ -70.94615, -37.95779 ], [ -70.94601, -37.95798 ], [ -70.94555, -37.95811 ], [ -70.94448, -37.95797 ], [ -70.94398, -37.95782 ], [ -70.94354, -37.95734 ], [ -70.94323, -37.95597 ], [ -70.94283, -37.95554 ], [ -70.94195, -37.95508 ], [ -70.93941, -37.95504 ], [ -70.93844, -37.95484 ], [ -70.93746, -37.95428 ], [ -70.93718, -37.95367 ], [ -70.93668, -37.95337 ], [ -70.93426, -37.95306 ], [ -70.9324, -37.95324 ], [ -70.93155, -37.9523 ], [ -70.93225, -37.95116 ], [ -70.93237, -37.95082 ], [ -70.93228, -37.95045 ], [ -70.93029, -37.94985 ], [ -70.92873, -37.94918 ], [ -70.92615, -37.94871 ], [ -70.92467, -37.94903 ], [ -70.92421, -37.94886 ], [ -70.92378, -37.94834 ], [ -70.92067, -37.94782 ], [ -70.9188, -37.94645 ], [ -70.91736, -37.94699 ], [ -70.91734, -37.94775 ], [ -70.9171, -37.94798 ], [ -70.91456, -37.9476 ], [ -70.91427, -37.94748 ], [ -70.91376, -37.9467 ], [ -70.91328, -37.94675 ], [ -70.91252, -37.94647 ], [ -70.91157, -37.94572 ], [ -70.91082, -37.94569 ], [ -70.91094, -37.9461 ], [ -70.91084, -37.94629 ], [ -70.91036, -37.94661 ], [ -70.91005, -37.94661 ], [ -70.90957, -37.94638 ], [ -70.90912, -37.94564 ], [ -70.90804, -37.94544 ], [ -70.90641, -37.9447 ], [ -70.90476, -37.94427 ], [ -70.90372, -37.94373 ], [ -70.90294, -37.94413 ], [ -70.9033, -37.94484 ], [ -70.90324, -37.94516 ], [ -70.90232, -37.94576 ], [ -70.90037, -37.94526 ], [ -70.89906, -37.94461 ], [ -70.89653, -37.9442 ], [ -70.89483, -37.94426 ], [ -70.8945, -37.94455 ], [ -70.8938, -37.94478 ], [ -70.89343, -37.94526 ], [ -70.89167, -37.94481 ], [ -70.89123, -37.9445 ], [ -70.88713, -37.94466 ], [ -70.88517, -37.9457 ], [ -70.88397, -37.9461 ], [ -70.88233, -37.94615 ], [ -70.88179, -37.94588 ], [ -70.88151, -37.9455 ], [ -70.8808, -37.94527 ], [ -70.88037, -37.94534 ], [ -70.88026, -37.94561 ], [ -70.88062, -37.94587 ], [ -70.88075, -37.94625 ], [ -70.88062, -37.9466 ], [ -70.88005, -37.9469 ], [ -70.87838, -37.94707 ], [ -70.87667, -37.94767 ], [ -70.87525, -37.9478 ], [ -70.87429, -37.94809 ], [ -70.87354, -37.94748 ], [ -70.87342, -37.94699 ], [ -70.87386, -37.94617 ], [ -70.8738, -37.94565 ], [ -70.8736, -37.94528 ], [ -70.8731, -37.94506 ], [ -70.87175, -37.9455 ], [ -70.86968, -37.94501 ], [ -70.86533, -37.94664 ], [ -70.8643, -37.94681 ], [ -70.86261, -37.9462 ], [ -70.86168, -37.9461 ], [ -70.86046, -37.94665 ], [ -70.86002, -37.94657 ], [ -70.85955, -37.94628 ], [ -70.85904, -37.94548 ], [ -70.85799, -37.94516 ], [ -70.85715, -37.94539 ], [ -70.85577, -37.94527 ], [ -70.85479, -37.94553 ], [ -70.85381, -37.94613 ], [ -70.85256, -37.94778 ], [ -70.85226, -37.94765 ], [ -70.85173, -37.94671 ], [ -70.84995, -37.94631 ], [ -70.84936, -37.94643 ], [ -70.84908, -37.94675 ], [ -70.8494, -37.9481 ], [ -70.84904, -37.94837 ], [ -70.84855, -37.94824 ], [ -70.84817, -37.94782 ], [ -70.84669, -37.94712 ], [ -70.84584, -37.94697 ], [ -70.84476, -37.94775 ], [ -70.84387, -37.94792 ], [ -70.8418, -37.94769 ], [ -70.84081, -37.94847 ], [ -70.83955, -37.94826 ], [ -70.83835, -37.94828 ], [ -70.83742, -37.94875 ], [ -70.83253, -37.94927 ], [ -70.82891, -37.94901 ], [ -70.82759, -37.94837 ], [ -70.82624, -37.94826 ], [ -70.82447, -37.9484 ], [ -70.82276, -37.9488 ], [ -70.82117, -37.94953 ], [ -70.81892, -37.94996 ], [ -70.81698, -37.94984 ], [ -70.81434, -37.94802 ], [ -70.8132, -37.94703 ], [ -70.80259, -37.94466 ], [ -70.79896, -37.94454 ], [ -70.79692, -37.94525 ], [ -70.79551, -37.94622 ], [ -70.79366, -37.94688 ], [ -70.79249, -37.94679 ], [ -70.79108, -37.94627 ], [ -70.79003, -37.94677 ], [ -70.78826, -37.94714 ], [ -70.78733, -37.94802 ], [ -70.78523, -37.94856 ], [ -70.78319, -37.94887 ], [ -70.78149, -37.94944 ], [ -70.78032, -37.94953 ], [ -70.77885, -37.94915 ], [ -70.77639, -37.94814 ], [ -70.7748, -37.94769 ], [ -70.7736, -37.948 ], [ -70.77156, -37.95026 ], [ -70.76998, -37.95119 ], [ -70.76854, -37.95086 ], [ -70.7671, -37.9514 ], [ -70.75778, -37.95312 ], [ -70.75015, -37.95553 ], [ -70.74201, -37.95513 ], [ -70.73455, -37.95446 ], [ -70.72692, -37.95432 ], [ -70.72082, -37.95593 ], [ -70.71234, -37.95927 ], [ -70.69742, -37.95887 ], [ -70.69013, -37.95753 ], [ -70.68657, -37.95847 ], [ -70.68714, -37.96024 ], [ -70.6811, -37.96167 ], [ -70.6788, -37.96557 ], [ -70.67506, -37.96557 ], [ -70.66877, -37.96596 ], [ -70.66805, -37.96843 ], [ -70.66551, -37.9711 ], [ -70.65814, -37.97148 ], [ -70.655, -37.97386 ], [ -70.65253, -37.97973 ], [ -70.65113, -37.98156 ], [ -70.64944, -37.98134 ], [ -70.64719, -37.98149 ], [ -70.64631, -37.98138 ], [ -70.64526, -37.9819 ], [ -70.64425, -37.98281 ], [ -70.64193, -37.98419 ], [ -70.64092, -37.98492 ], [ -70.63976, -37.98606 ], [ -70.6377, -37.98576 ], [ -70.63691, -37.98528 ], [ -70.6353, -37.9849 ], [ -70.6343, -37.985 ], [ -70.63327, -37.98583 ], [ -70.63173, -37.98551 ], [ -70.63022, -37.98691 ], [ -70.62727, -37.98891 ], [ -70.62606, -37.98954 ], [ -70.6255, -37.99018 ], [ -70.62485, -37.99167 ], [ -70.62386, -37.99266 ], [ -70.62221, -37.9936 ], [ -70.62007, -37.9941 ], [ -70.61937, -37.99481 ], [ -70.61875, -37.99515 ], [ -70.61814, -37.99661 ], [ -70.61751, -37.99714 ], [ -70.6161, -37.99787 ], [ -70.60969, -37.99967 ], [ -70.60522, -38.00167 ], [ -70.6016, -38.00502 ], [ -70.60142, -38.00586 ], [ -70.60075, -38.00595 ], [ -70.60021, -38.00698 ], [ -70.60084, -38.00754 ], [ -70.60088, -38.00831 ], [ -70.60045, -38.00966 ], [ -70.59964, -38.00968 ], [ -70.59798, -38.01119 ], [ -70.59697, -38.0114 ], [ -70.59594, -38.01299 ], [ -70.59492, -38.01379 ] ] ] } },
{ "type": "Feature", "properties": { "nombre": "Arroyo Huanuco", "tipo": "river", "volcan_codigo": "CPA", "volcan_nombre": "Copahue", "drena_volcan": false }, "geometry": { "type": "LineString", "coordinates": [ [ -70.87433, -37.84637 ], [ -70.8724, -37.84637 ], [ -70.86287, -37.85004 ], [ -70.8569, -37.85123 ], [ -70.85497, -37.85247 ], [ -70.85208, -37.85326 ], [ -70.8486, -37.85372 ], [ -70.84152, -37.85589 ], [ -70.83725, -37.85523 ], [ -70.83225, -37.85653 ], [ -70.81794, -37.85863 ], [ -70.81654, -37.85909 ], [ -70.81204, -37.86007 ], [ -70.80684, -37.86012 ], [ -70.80077, -37.8605 ], [ -70.79401, -37.85985 ], [ -70.78906, -37.8598 ], [ -70.7853, -37.86033 ], [ -70.78197, -37.85929 ], [ -70.78043, -37.85724 ], [ -70.77903, -37.85716 ], [ -70.77221, -37.8586 ], [ -70.7673, -37.86016 ], [ -70.75989, -37.8609 ], [ -70.75586, -37.86048 ], [ -70.75382, -37.85909 ], [ -70.75088, -37.8589 ], [ -70.74633, -37.85921 ], [ -70.7446, -37.86034 ], [ -70.74228, -37.8615 ], [ -70.73563, -37.86082 ], [ -70.73406, -37.86004 ], [ -70.73215, -37.85968 ], [ -70.72754, -37.86221 ], [ -70.71767, -37.86356 ], [ -70.71611, -37.86522 ], [ -70.71079, -37.86594 ], [ -70.70683, -37.86759 ], [ -70.70487, -37.86952 ], [ -70.70102, -37.86976 ], [ -70.69604, -37.86835 ], [ -70.69378, -37.86745 ], [ -70.69333, -37.86777 ], [ -70.69084, -37.86758 ], [ -70.68415, -37.86899 ], [ -70.67994, -37.86835 ], [ -70.67215, -37.86757 ], [ -70.6628, -37.86867 ], [ -70.65344, -37.87167 ], [ -70.64608, -37.87095 ], [ -70.64246, -37.87185 ], [ -70.63947, -37.87465 ], [ -70.636, -37.87717 ], [ -70.63256, -37.87619 ], [ -70.62952, -37.87864 ], [ -70.62282, -37.87927 ], [ -70.61825, -37.88007 ], [ -70.61535, -37.8816 ], [ -70.61325, -37.88432 ], [ -70.61005, -37.88752 ], [ -70.60337, -37.89034 ], [ -70.59959, -37.89214 ], [ -70.59629, -37.89731 ], [ -70.59324, -37.90113 ], [ -70.59105, -37.90479 ], [ -70.59006, -37.90909 ], [ -70.59009, -37.91227 ], [ -70.58693, -37.91502 ], [ -70.58496, -37.91925 ], [ -70.58567, -37.92116 ], [ -70.58534, -37.92235 ], [ -70.58576, -37.92416 ] ] } },
{ "type": "Feature", "properties": { "nombre": "Arroyo Jara", "tipo": "stream", "volcan_codigo": "CPA", "volcan_nombre": "Copahue", "drena_volcan": true }, "geometry": { "type": "LineString", "coordinates": [ [ -71.10445, -37.86559 ], [ -71.10267, -37.86597 ], [ -71.09906, -37.86602 ], [ -71.09456, -37.86672 ], [ -71.0924, -37.86617 ], [ -71.09128, -37.86536 ], [ -71.09089, -37.86479 ], [ -71.09029, -37.86473 ], [ -71.0866, -37.86541 ], [ -71.08501, -37.86586 ], [ -71.07991, -37.86787 ], [ -71.07776, -37.86889 ], [ -71.07765, -37.86935 ], [ -71.07594, -37.87029 ], [ -71.07559, -37.87094 ], [ -71.07421, -37.87159 ], [ -71.07344, -37.8723 ], [ -71.07311, -37.87237 ], [ -71.07301, -37.87263 ], [ -71.07325, -37.87277 ], [ -71.07314, -37.87296 ], [ -71.07249, -37.87301 ], [ -71.07225, -37.87349 ], [ -71.07182, -37.87306 ], [ -71.07098, -37.87316 ], [ -71.07093, -37.87288 ], [ -71.07014, -37.87333 ], [ -71.06862, -37.87366 ], [ -71.06809, -37.87416 ], [ -71.06799, -37.8745 ], [ -71.0676, -37.87458 ], [ -71.06731, -37.87416 ], [ -71.06702, -37.87413 ], [ -71.06683, -37.87432 ], [ -71.06684, -37.87481 ], [ -71.06585, -37.87482 ], [ -71.06595, -37.87522 ], [ -71.06541, -37.87539 ], [ -71.06498, -37.87589 ], [ -71.06485, -37.87629 ], [ -71.06525, -37.87667 ], [ -71.06446, -37.87749 ], [ -71.06449, -37.87783 ], [ -71.06398, -37.8782 ], [ -71.06327, -37.87843 ], [ -71.05941, -37.87874 ] ] } },
{ "type": "Feature", "properties": { "nombre": "Arroyo Las Lecheras", "tipo": "river", "volcan_codigo": "CPA", "volcan_nombre": "Copahue", "drena_volcan": false }, "geometry": { "type": "LineString", "coordinates": [ [ -71.00967, -38.06032 ], [ -71.00837, -38.0605 ], [ -71.00795, -38.06071 ], [ -71.00786, -38.06057 ], [ -71.00695, -38.06069 ], [ -71.00631, -38.06113 ], [ -71.00552, -38.06129 ], [ -71.00482, -38.061 ], [ -71.00428, -38.06122 ], [ -71.00375, -38.06092 ], [ -71.00278, -38.06093 ], [ -71.00236, -38.06071 ], [ -71.00107, -38.05904 ], [ -71.00039, -38.0586 ], [ -71.00038, -38.0583 ], [ -70.99979, -38.05803 ], [ -70.99951, -38.05678 ], [ -70.99859, -38.05604 ], [ -70.99853, -38.05581 ], [ -70.99878, -38.05573 ], [ -70.99884, -38.05517 ], [ -70.99843, -38.05496 ], [ -70.99811, -38.05456 ], [ -70.998, -38.05386 ], [ -70.99743, -38.05362 ], [ -70.99711, -38.05312 ], [ -70.99705, -38.05267 ], [ -70.99739, -38.05243 ], [ -70.99701, -38.0522 ], [ -70.99668, -38.05124 ], [ -70.99597, -38.051 ], [ -70.99585, -38.05059 ], [ -70.99557, -38.05032 ], [ -70.99612, -38.04973 ], [ -70.99627, -38.04934 ], [ -70.99562, -38.04843 ], [ -70.99501, -38.04801 ], [ -70.99527, -38.04755 ], [ -70.99483, -38.04647 ], [ -70.99518, -38.04577 ], [ -70.9952, -38.04536 ], [ -70.99503, -38.04519 ], [ -70.99456, -38.04499 ], [ -70.99356, -38.045 ], [ -70.99289, -38.04437 ], [ -70.99163, -38.0441 ], [ -70.99125, -38.04409 ], [ -70.99016, -38.04477 ], [ -70.98981, -38.04387 ], [ -70.98914, -38.04415 ], [ -70.9889, -38.04359 ], [ -70.98869, -38.04346 ], [ -70.98827, -38.04365 ], [ -70.98842, -38.04412 ], [ -70.9881, -38.04423 ], [ -70.98757, -38.04359 ], [ -70.98684, -38.04377 ], [ -70.98674, -38.04337 ], [ -70.98691, -38.04299 ], [ -70.98657, -38.04268 ], [ -70.98534, -38.04347 ], [ -70.98492, -38.04357 ], [ -70.98464, -38.0435 ], [ -70.98444, -38.043 ], [ -70.98421, -38.04297 ], [ -70.98403, -38.04303 ], [ -70.98414, -38.04346 ], [ -70.98305, -38.04347 ], [ -70.98226, -38.04244 ], [ -70.981, -38.04249 ], [ -70.98114, -38.04211 ], [ -70.98087, -38.04155 ], [ -70.98043, -38.04166 ], [ -70.98025, -38.042 ], [ -70.97979, -38.04187 ], [ -70.97966, -38.04171 ], [ -70.97976, -38.04152 ], [ -70.98011, -38.04128 ], [ -70.98001, -38.04099 ], [ -70.97771, -38.04049 ], [ -70.97678, -38.03972 ], [ -70.97709, -38.03933 ], [ -70.97698, -38.03923 ], [ -70.97624, -38.03922 ], [ -70.97583, -38.03951 ], [ -70.97527, -38.0395 ], [ -70.97498, -38.03926 ], [ -70.97539, -38.03893 ], [ -70.97511, -38.03867 ], [ -70.97386, -38.03895 ], [ -70.97363, -38.03882 ], [ -70.97351, -38.03849 ], [ -70.97306, -38.0387 ], [ -70.97296, -38.03858 ], [ -70.97343, -38.03767 ], [ -70.97297, -38.03708 ], [ -70.97219, -38.03683 ], [ -70.97197, -38.03691 ], [ -70.97188, -38.03725 ], [ -70.9717, -38.03724 ], [ -70.9708, -38.03603 ], [ -70.97055, -38.03593 ], [ -70.96939, -38.0361 ], [ -70.96884, -38.03571 ], [ -70.96862, -38.03525 ], [ -70.96759, -38.03455 ], [ -70.96659, -38.03442 ], [ -70.96548, -38.03357 ], [ -70.96459, -38.03313 ], [ -70.96438, -38.03279 ], [ -70.96399, -38.03263 ], [ -70.96301, -38.03166 ], [ -70.9613, -38.03047 ], [ -70.96071, -38.03047 ], [ -70.95984, -38.02999 ], [ -70.95868, -38.02988 ], [ -70.95855, -38.03001 ], [ -70.95877, -38.03063 ], [ -70.95862, -38.03077 ], [ -70.95823, -38.0307 ], [ -70.9581, -38.03013 ], [ -70.95563, -38.03008 ], [ -70.9546, -38.03028 ], [ -70.9544, -38.03071 ], [ -70.95394, -38.03083 ] ] } },
{ "type": "Feature", "properties": { "nombre": "Arroyo Los Barros", "tipo": "river", "volcan_codigo": "CPA", "volcan_nombre": "Copahue", "drena_volcan": false }, "geometry": { "type": "MultiLineString", "coordinates": [ [ [ -71.04181, -38.01491 ], [ -71.0417, -38.01482 ], [ -71.04214, -38.01391 ], [ -71.04202, -38.01366 ], [ -71.04135, -38.0134 ], [ -71.04159, -38.01328 ], [ -71.04186, -38.01268 ], [ -71.04061, -38.01189 ], [ -71.04071, -38.01158 ], [ -71.04113, -38.01153 ], [ -71.04122, -38.01136 ], [ -71.04098, -38.0109 ], [ -71.04089, -38.00936 ], [ -71.04061, -38.00909 ], [ -71.0408, -38.00831 ], [ -71.04052, -38.00817 ], [ -71.04034, -38.00735 ], [ -71.04009, -38.00705 ], [ -71.03824, -38.00601 ], [ -71.03715, -38.00574 ], [ -71.03681, -38.00503 ], [ -71.03662, -38.00399 ], [ -71.03526, -38.00258 ], [ -71.03535, -38.00197 ], [ -71.0348, -38.00079 ], [ -71.0343, -38.00054 ], [ -71.03357, -38.00046 ], [ -71.03371, -38.00024 ], [ -71.03333, -37.99962 ], [ -71.03271, -37.99953 ], [ -71.03244, -37.99931 ], [ -71.0328, -37.99824 ], [ -71.03253, -37.99693 ], [ -71.03214, -37.99649 ], [ -71.03235, -37.99614 ], [ -71.03229, -37.99568 ], [ -71.03256, -37.99461 ], [ -71.03168, -37.99447 ], [ -71.03185, -37.99342 ], [ -71.03179, -37.99328 ], [ -71.03139, -37.99327 ], [ -71.03132, -37.99311 ], [ -71.03142, -37.99232 ], [ -71.03096, -37.99216 ], [ -71.03017, -37.99226 ], [ -71.03026, -37.99164 ], [ -71.03015, -37.99111 ], [ -71.02908, -37.99064 ], [ -71.03015, -37.99001 ], [ -71.02972, -37.98922 ], [ -71.02891, -37.98896 ], [ -71.02748, -37.98915 ], [ -71.02738, -37.98885 ], [ -71.02926, -37.988 ], [ -71.02925, -37.98771 ], [ -71.02822, -37.987 ], [ -71.02828, -37.98662 ], [ -71.02866, -37.98641 ], [ -71.02871, -37.9862 ], [ -71.02755, -37.98559 ], [ -71.02741, -37.98528 ], [ -71.02787, -37.98454 ], [ -71.02739, -37.98434 ], [ -71.02754, -37.98382 ], [ -71.02599, -37.98277 ], [ -71.02624, -37.98232 ], [ -71.02659, -37.98208 ], [ -71.02595, -37.98137 ], [ -71.02595, -37.98117 ], [ -71.02628, -37.98086 ], [ -71.02621, -37.98009 ], [ -71.02551, -37.97866 ], [ -71.0256, -37.9783 ], [ -71.0264, -37.97791 ], [ -71.02689, -37.97667 ], [ -71.02649, -37.97628 ], [ -71.0279, -37.97451 ], [ -71.02776, -37.97423 ], [ -71.02635, -37.97427 ], [ -71.02616, -37.97406 ], [ -71.02648, -37.97392 ], [ -71.0265, -37.97354 ], [ -71.02624, -37.97324 ], [ -71.02602, -37.97209 ], [ -71.02591, -37.97192 ], [ -71.02577, -37.97196 ], [ -71.02552, -37.97232 ], [ -71.02538, -37.97231 ], [ -71.02469, -37.97164 ], [ -71.02419, -37.97071 ], [ -71.02416, -37.96982 ], [ -71.02377, -37.96924 ], [ -71.02331, -37.96898 ], [ -71.02335, -37.96881 ], [ -71.02434, -37.96822 ], [ -71.02462, -37.96743 ], [ -71.02447, -37.96727 ], [ -71.02504, -37.96688 ], [ -71.02546, -37.96609 ], [ -71.02619, -37.96609 ], [ -71.02661, -37.96575 ], [ -71.02627, -37.96457 ], [ -71.0264, -37.96399 ], [ -71.02626, -37.9638 ], [ -71.02571, -37.9637 ], [ -71.0256, -37.96349 ], [ -71.02587, -37.9629 ], [ -71.02512, -37.9626 ], [ -71.02418, -37.96179 ], [ -71.02122, -37.96062 ], [ -71.02111, -37.95913 ] ], [ [ -70.99457, -38.26052 ], [ -70.99444, -38.26117 ], [ -70.99231, -38.26218 ], [ -70.99078, -38.26229 ], [ -70.99014, -38.26195 ], [ -70.9897, -38.26199 ], [ -70.9888, -38.26231 ], [ -70.98844, -38.2627 ], [ -70.98812, -38.26279 ], [ -70.98752, -38.26245 ], [ -70.98697, -38.26238 ], [ -70.98529, -38.26246 ], [ -70.98492, -38.26202 ], [ -70.98512, -38.26144 ], [ -70.9847, -38.26037 ], [ -70.98343, -38.26058 ], [ -70.98299, -38.26034 ], [ -70.98227, -38.26026 ], [ -70.98188, -38.25979 ], [ -70.98149, -38.26004 ], [ -70.98098, -38.25989 ], [ -70.98066, -38.25969 ], [ -70.98062, -38.25938 ], [ -70.97976, -38.25923 ], [ -70.97938, -38.25891 ], [ -70.97815, -38.25916 ], [ -70.97802, -38.25902 ], [ -70.9772, -38.25898 ], [ -70.97712, -38.25879 ], [ -70.97614, -38.2586 ], [ -70.97545, -38.25824 ], [ -70.97494, -38.25823 ], [ -70.97435, -38.25797 ], [ -70.97389, -38.25804 ], [ -70.97343, -38.25766 ], [ -70.973, -38.25777 ], [ -70.97292, -38.25738 ], [ -70.97265, -38.25713 ], [ -70.97071, -38.25629 ], [ -70.97024, -38.2558 ], [ -70.96966, -38.25579 ], [ -70.96876, -38.25527 ], [ -70.96799, -38.25523 ], [ -70.96775, -38.25506 ], [ -70.96765, -38.25406 ], [ -70.9674, -38.25364 ], [ -70.9649, -38.2532 ], [ -70.96432, -38.25277 ], [ -70.96369, -38.25189 ], [ -70.95965, -38.25031 ], [ -70.95908, -38.24979 ], [ -70.95758, -38.24939 ], [ -70.95732, -38.24905 ], [ -70.95657, -38.24893 ], [ -70.95598, -38.24836 ], [ -70.95538, -38.24814 ], [ -70.95469, -38.24828 ], [ -70.95398, -38.24821 ], [ -70.95337, -38.2477 ], [ -70.95304, -38.24664 ], [ -70.9525, -38.24632 ], [ -70.95239, -38.24592 ], [ -70.95049, -38.24503 ], [ -70.94962, -38.24496 ], [ -70.94928, -38.24477 ], [ -70.94883, -38.2438 ], [ -70.9481, -38.24346 ], [ -70.94799, -38.24282 ], [ -70.94838, -38.24201 ], [ -70.9489, -38.24169 ], [ -70.94922, -38.24125 ], [ -70.94859, -38.24077 ], [ -70.94848, -38.24021 ], [ -70.94857, -38.23945 ], [ -70.94816, -38.23894 ], [ -70.94819, -38.23867 ], [ -70.94836, -38.23857 ], [ -70.94857, -38.23688 ], [ -70.9464, -38.23635 ], [ -70.94632, -38.23618 ], [ -70.9465, -38.23566 ], [ -70.9461, -38.23534 ], [ -70.94549, -38.23393 ], [ -70.94465, -38.23319 ], [ -70.94448, -38.23269 ], [ -70.94374, -38.23223 ], [ -70.94296, -38.23148 ], [ -70.94198, -38.23095 ], [ -70.94188, -38.23067 ], [ -70.94199, -38.22993 ], [ -70.94131, -38.22955 ], [ -70.9415, -38.22874 ], [ -70.94135, -38.22845 ], [ -70.94029, -38.22788 ], [ -70.94035, -38.22718 ], [ -70.94001, -38.22688 ], [ -70.93894, -38.22663 ], [ -70.93819, -38.22537 ], [ -70.93836, -38.22521 ], [ -70.93833, -38.22499 ], [ -70.93744, -38.22451 ], [ -70.93739, -38.2237 ], [ -70.93756, -38.2232 ], [ -70.9374, -38.22272 ], [ -70.93612, -38.22182 ], [ -70.93536, -38.22165 ], [ -70.93502, -38.22124 ], [ -70.93349, -38.22116 ], [ -70.93278, -38.22095 ], [ -70.93217, -38.22054 ], [ -70.93207, -38.22008 ], [ -70.93149, -38.21986 ], [ -70.9314, -38.21962 ], [ -70.93097, -38.21938 ], [ -70.93007, -38.21944 ], [ -70.92945, -38.21916 ], [ -70.9295, -38.21892 ], [ -70.92883, -38.21852 ], [ -70.92862, -38.2178 ], [ -70.9278, -38.21757 ], [ -70.92676, -38.21665 ], [ -70.92635, -38.21607 ], [ -70.92638, -38.21566 ], [ -70.92619, -38.21533 ], [ -70.92549, -38.21504 ], [ -70.92595, -38.21393 ], [ -70.92578, -38.21272 ], [ -70.92609, -38.21209 ] ] ] } },
{ "type": "Feature", "properties": { "nombre": "Arroyo Los Pinos", "tipo": "river", "volcan_codigo": "CPA", "volcan_nombre": "Copahue", "drena_volcan": false }, "geometry": { "type": "MultiLineString", "coordinates": [ [ [ -71.19422, -37.67347 ], [ -71.19336, -37.67414 ], [ -71.18997, -37.67566 ], [ -71.18922, -37.67621 ], [ -71.18878, -37.67745 ], [ -71.18833, -37.67791 ], [ -71.18838, -37.67945 ], [ -71.18798, -37.6811 ], [ -71.18777, -37.68138 ], [ -71.18825, -37.68236 ], [ -71.18819, -37.68323 ], [ -71.18843, -37.68398 ], [ -71.18869, -37.68427 ], [ -71.18872, -37.68468 ], [ -71.19038, -37.6862 ], [ -71.19162, -37.68698 ], [ -71.19169, -37.68797 ], [ -71.19259, -37.68841 ] ], [ [ -71.19259, -37.68841 ], [ -71.192, -37.68949 ], [ -71.19217, -37.69098 ], [ -71.19202, -37.69186 ], [ -71.19143, -37.69203 ], [ -71.19101, -37.69243 ], [ -71.18964, -37.69274 ], [ -71.18777, -37.6942 ], [ -71.18757, -37.69474 ], [ -71.18708, -37.69525 ], [ -71.18701, -37.69614 ], [ -71.18684, -37.69643 ], [ -71.18564, -37.69718 ], [ -71.18563, -37.69793 ], [ -71.18536, -37.69856 ], [ -71.18436, -37.69964 ], [ -71.18434, -37.69992 ], [ -71.18459, -37.70034 ], [ -71.18414, -37.70075 ], [ -71.18366, -37.70206 ], [ -71.1833, -37.70243 ], [ -71.18264, -37.70289 ], [ -71.18086, -37.70361 ], [ -71.17999, -37.70443 ], [ -71.1793, -37.70456 ], [ -71.17851, -37.70557 ], [ -71.17763, -37.70536 ], [ -71.17651, -37.70582 ], [ -71.17494, -37.70577 ], [ -71.1742, -37.70619 ], [ -71.17371, -37.70599 ], [ -71.17349, -37.70625 ], [ -71.17249, -37.70642 ], [ -71.17125, -37.7063 ], [ -71.17007, -37.70703 ], [ -71.16764, -37.70769 ], [ -71.16303, -37.70809 ], [ -71.15019, -37.70842 ], [ -71.14726, -37.70789 ], [ -71.13924, -37.70469 ], [ -71.13541, -37.70518 ], [ -71.1335, -37.70325 ], [ -71.13218, -37.69978 ], [ -71.13025, -37.69916 ], [ -71.12822, -37.698 ], [ -71.12578, -37.69736 ], [ -71.12466, -37.69752 ], [ -71.12428, -37.69778 ], [ -71.12153, -37.697 ], [ -71.11912, -37.69651 ], [ -71.11752, -37.69571 ] ] ] } },
{ "type": "Feature", "properties": { "nombre": "Arroyo Los Ñires", "tipo": "river", "volcan_codigo": "CPA", "volcan_nombre": "Copahue", "drena_volcan": false }, "geometry": { "type": "LineString", "coordinates": [ [ -70.91495, -38.06779 ], [ -70.91447, -38.06793 ], [ -70.91366, -38.06671 ], [ -70.90795, -38.06424 ], [ -70.90473, -38.06411 ], [ -70.90297, -38.06428 ], [ -70.90091, -38.06407 ], [ -70.89872, -38.06336 ], [ -70.89628, -38.06303 ], [ -70.88911, -38.0612 ], [ -70.88684, -38.06117 ], [ -70.88542, -38.06309 ], [ -70.88023, -38.06171 ], [ -70.87598, -38.06124 ], [ -70.8722, -38.06188 ], [ -70.85649, -38.06313 ], [ -70.8534, -38.06364 ], [ -70.84757, -38.06431 ], [ -70.84452, -38.06384 ], [ -70.84225, -38.06434 ], [ -70.83886, -38.06451 ], [ -70.83834, -38.06516 ], [ -70.83843, -38.06678 ], [ -70.83753, -38.06712 ], [ -70.83375, -38.06772 ], [ -70.83178, -38.06786 ], [ -70.83079, -38.06705 ], [ -70.82972, -38.06678 ], [ -70.82778, -38.06739 ], [ -70.82542, -38.06654 ], [ -70.82002, -38.06668 ], [ -70.81701, -38.06712 ], [ -70.8162, -38.06708 ], [ -70.8147, -38.06664 ], [ -70.81272, -38.06664 ], [ -70.80942, -38.06576 ], [ -70.80611, -38.06434 ], [ -70.80384, -38.06424 ], [ -70.79255, -38.06478 ], [ -70.78882, -38.06543 ], [ -70.78526, -38.0657 ], [ -70.7838, -38.06576 ], [ -70.78199, -38.06556 ], [ -70.78058, -38.06607 ], [ -70.7792, -38.0661 ], [ -70.7768, -38.06698 ], [ -70.77463, -38.06882 ], [ -70.77309, -38.06843 ], [ -70.7685, -38.06853 ], [ -70.7679, -38.0684 ], [ -70.76238, -38.06577 ], [ -70.76198, -38.06572 ], [ -70.7603, -38.06459 ], [ -70.75758, -38.06421 ], [ -70.75646, -38.06359 ], [ -70.75387, -38.06275 ], [ -70.75332, -38.06222 ], [ -70.7518, -38.06185 ], [ -70.75115, -38.06131 ], [ -70.75001, -38.06117 ], [ -70.74844, -38.06189 ], [ -70.74778, -38.06239 ], [ -70.74564, -38.06318 ], [ -70.74453, -38.06327 ], [ -70.74414, -38.06364 ], [ -70.74264, -38.06374 ], [ -70.7416, -38.06351 ], [ -70.74106, -38.06367 ], [ -70.74028, -38.06345 ], [ -70.73975, -38.0635 ], [ -70.73753, -38.06299 ], [ -70.73479, -38.0617 ], [ -70.73349, -38.0617 ], [ -70.7323, -38.06147 ], [ -70.73185, -38.06158 ], [ -70.73099, -38.06112 ], [ -70.72979, -38.06085 ], [ -70.72885, -38.06095 ], [ -70.72771, -38.06044 ], [ -70.72666, -38.06021 ], [ -70.72498, -38.0602 ], [ -70.72314, -38.05979 ], [ -70.72164, -38.05981 ], [ -70.72035, -38.06008 ], [ -70.71913, -38.05985 ], [ -70.71819, -38.05998 ], [ -70.71706, -38.05939 ], [ -70.71591, -38.05955 ], [ -70.71538, -38.05936 ], [ -70.71366, -38.05948 ], [ -70.7126, -38.05921 ], [ -70.71174, -38.05928 ], [ -70.70953, -38.05857 ], [ -70.7084, -38.05858 ], [ -70.70736, -38.05824 ], [ -70.70692, -38.05826 ], [ -70.70653, -38.0581 ], [ -70.70634, -38.0577 ], [ -70.70295, -38.05504 ] ] } },
{ "type": "Feature", "properties": { "nombre": "Arroyo Malal", "tipo": "river", "volcan_codigo": "CPA", "volcan_nombre": "Copahue", "drena_volcan": false }, "geometry": { "type": "LineString", "coordinates": [ [ -71.15433, -37.78956 ], [ -71.15344, -37.78966 ], [ -71.15171, -37.79094 ], [ -71.15051, -37.79124 ], [ -71.14967, -37.79112 ], [ -71.14755, -37.79162 ], [ -71.14659, -37.79163 ], [ -71.14597, -37.79202 ], [ -71.14431, -37.79211 ], [ -71.14032, -37.79155 ], [ -71.13991, -37.79129 ], [ -71.13752, -37.79149 ], [ -71.13541, -37.79078 ], [ -71.13473, -37.78979 ], [ -71.13404, -37.78968 ], [ -71.13319, -37.78895 ], [ -71.13273, -37.7884 ], [ -71.13296, -37.78786 ], [ -71.1316, -37.78706 ], [ -71.13163, -37.78676 ], [ -71.1313, -37.78637 ], [ -71.12976, -37.78535 ], [ -71.12955, -37.78531 ], [ -71.12941, -37.78558 ], [ -71.12746, -37.78489 ], [ -71.12536, -37.78477 ], [ -71.12377, -37.785 ], [ -71.12311, -37.7844 ], [ -71.12203, -37.78438 ], [ -71.12139, -37.78381 ], [ -71.12038, -37.78428 ], [ -71.11974, -37.78423 ], [ -71.11929, -37.78352 ], [ -71.11817, -37.78437 ], [ -71.11748, -37.78415 ], [ -71.11673, -37.78437 ], [ -71.11467, -37.78447 ], [ -71.11322, -37.78416 ], [ -71.11282, -37.78372 ], [ -71.11253, -37.78301 ], [ -71.11136, -37.78285 ], [ -71.11047, -37.78304 ], [ -71.10986, -37.78253 ], [ -71.11002, -37.78198 ], [ -71.10831, -37.78166 ], [ -71.10694, -37.78179 ], [ -71.10527, -37.78125 ], [ -71.10434, -37.78118 ], [ -71.10381, -37.78263 ], [ -71.10312, -37.78246 ], [ -71.10211, -37.78291 ], [ -71.10077, -37.78237 ], [ -71.09671, -37.78121 ], [ -71.09602, -37.78202 ], [ -71.09209, -37.78198 ], [ -71.09067, -37.78259 ], [ -71.09038, -37.78211 ], [ -71.08864, -37.78227 ], [ -71.08827, -37.78352 ], [ -71.0871, -37.78362 ], [ -71.08635, -37.78335 ], [ -71.08596, -37.78367 ], [ -71.08639, -37.78423 ], [ -71.08612, -37.78442 ], [ -71.0833, -37.78513 ], [ -71.08381, -37.78596 ], [ -71.08344, -37.78638 ], [ -71.08125, -37.78638 ], [ -71.07795, -37.78705 ], [ -71.07596, -37.78702 ], [ -71.07484, -37.78675 ], [ -71.07326, -37.78413 ], [ -71.07215, -37.7837 ], [ -71.07164, -37.78367 ], [ -71.07077, -37.78439 ], [ -71.07024, -37.78378 ], [ -71.0701, -37.78317 ], [ -71.06829, -37.78229 ], [ -71.06754, -37.78158 ], [ -71.06713, -37.78014 ], [ -71.06683, -37.77972 ], [ -71.0661, -37.77993 ], [ -71.06529, -37.77992 ], [ -71.06521, -37.77943 ], [ -71.06478, -37.77878 ], [ -71.06399, -37.77834 ], [ -71.06304, -37.77828 ], [ -71.06294, -37.77788 ], [ -71.0634, -37.77762 ], [ -71.06427, -37.77786 ], [ -71.06511, -37.77783 ], [ -71.06571, -37.77719 ], [ -71.06559, -37.77677 ], [ -71.06462, -37.77645 ] ] } },
{ "type": "Feature", "properties": { "nombre": "Arroyo Manzano Quemado", "tipo": "stream", "volcan_codigo": "CPA", "volcan_nombre": "Copahue", "drena_volcan": false }, "geometry": { "type": "MultiLineString", "coordinates": [ [ [ -70.89477, -37.97638 ], [ -70.8908, -37.9765 ], [ -70.8878, -37.97552 ], [ -70.87406, -37.97496 ], [ -70.86771, -37.97614 ], [ -70.86035, -37.97831 ], [ -70.85544, -37.97837 ], [ -70.84982, -37.97819 ], [ -70.84394, -37.97672 ], [ -70.84063, -37.97631 ], [ -70.83769, -37.97702 ], [ -70.83591, -37.97707 ], [ -70.8349, -37.97645 ], [ -70.83321, -37.97629 ], [ -70.83218, -37.97516 ], [ -70.82529, -37.97531 ], [ -70.82344, -37.97618 ], [ -70.82083, -37.97606 ], [ -70.81883, -37.9743 ], [ -70.81602, -37.97367 ], [ -70.8149, -37.97249 ], [ -70.81284, -37.97173 ], [ -70.80827, -37.97249 ], [ -70.80495, -37.97141 ], [ -70.80312, -37.97166 ], [ -70.79991, -37.97054 ], [ -70.79282, -37.97168 ], [ -70.79182, -37.97212 ], [ -70.78703, -37.97256 ], [ -70.78381, -37.97411 ], [ -70.78156, -37.97729 ], [ -70.77684, -37.97836 ], [ -70.77263, -37.97898 ], [ -70.76978, -37.97907 ], [ -70.76787, -37.98188 ], [ -70.76639, -37.98294 ], [ -70.76501, -37.9855 ], [ -70.7627, -37.98583 ], [ -70.75959, -37.98717 ], [ -70.75935, -37.98791 ], [ -70.75819, -37.98832 ], [ -70.7563, -37.98969 ], [ -70.75441, -37.98967 ], [ -70.74978, -37.99192 ], [ -70.74845, -37.9917 ], [ -70.74388, -37.9927 ], [ -70.74139, -37.99187 ], [ -70.73832, -37.99228 ], [ -70.73442, -37.99356 ], [ -70.73115, -37.99485 ], [ -70.72959, -37.99674 ], [ -70.72897, -37.99686 ] ], [ [ -70.7288, -37.9969 ], [ -70.72804, -37.99705 ], [ -70.72693, -37.99857 ], [ -70.723, -37.9998 ], [ -70.71811, -38.00232 ], [ -70.71571, -38.00264 ], [ -70.71375, -38.00405 ], [ -70.70993, -38.00498 ], [ -70.70845, -38.00503 ], [ -70.70757, -38.00569 ], [ -70.70641, -38.00694 ], [ -70.70341, -38.00826 ], [ -70.70066, -38.01062 ], [ -70.69908, -38.0111 ], [ -70.69586, -38.014 ], [ -70.69193, -38.017 ], [ -70.69229, -38.01821 ], [ -70.68948, -38.02019 ], [ -70.68805, -38.01992 ], [ -70.68654, -38.02071 ], [ -70.68506, -38.02024 ], [ -70.68395, -38.02139 ], [ -70.68195, -38.022 ], [ -70.68074, -38.02294 ] ], [ [ -70.72897, -37.99686 ], [ -70.7288, -37.9969 ] ] ] } },
{ "type": "Feature", "properties": { "nombre": "Arroyo Pichachén", "tipo": "river", "volcan_codigo": "CPA", "volcan_nombre": "Copahue", "drena_volcan": false }, "geometry": { "type": "LineString", "coordinates": [ [ -71.13878, -37.39412 ], [ -71.13834, -37.39506 ], [ -71.1375, -37.39608 ], [ -71.13767, -37.39669 ], [ -71.13601, -37.39866 ], [ -71.1352, -37.39998 ], [ -71.13313, -37.40119 ], [ -71.13145, -37.40276 ], [ -71.12964, -37.40404 ], [ -71.12957, -37.40435 ], [ -71.12979, -37.40473 ], [ -71.12977, -37.40511 ], [ -71.12925, -37.40573 ], [ -71.12928, -37.40866 ], [ -71.12952, -37.40948 ], [ -71.12918, -37.41038 ], [ -71.12962, -37.41123 ], [ -71.12967, -37.41274 ], [ -71.13005, -37.41319 ], [ -71.1297, -37.41394 ], [ -71.12978, -37.41454 ], [ -71.12951, -37.41532 ], [ -71.12899, -37.41553 ], [ -71.12813, -37.41622 ], [ -71.12841, -37.41669 ], [ -71.12817, -37.41708 ], [ -71.12729, -37.41747 ], [ -71.1276, -37.41815 ], [ -71.12748, -37.41833 ], [ -71.12702, -37.4189 ], [ -71.12665, -37.41899 ], [ -71.12596, -37.4195 ], [ -71.12628, -37.42042 ], [ -71.12609, -37.42053 ], [ -71.12562, -37.42037 ], [ -71.12554, -37.42109 ], [ -71.12518, -37.42139 ], [ -71.12594, -37.42153 ], [ -71.12506, -37.42204 ], [ -71.12498, -37.42254 ], [ -71.12453, -37.42251 ], [ -71.12439, -37.42266 ], [ -71.1244, -37.42318 ], [ -71.12398, -37.42318 ], [ -71.12358, -37.4235 ], [ -71.12354, -37.42399 ], [ -71.12258, -37.42458 ], [ -71.12173, -37.42478 ], [ -71.12111, -37.4245 ], [ -71.12104, -37.42474 ], [ -71.12134, -37.42533 ], [ -71.12052, -37.42519 ], [ -71.12004, -37.42559 ], [ -71.11991, -37.42625 ], [ -71.11888, -37.42666 ], [ -71.11902, -37.42701 ], [ -71.11893, -37.42722 ], [ -71.11765, -37.42754 ], [ -71.11726, -37.42813 ], [ -71.11735, -37.42877 ], [ -71.11712, -37.4287 ], [ -71.11698, -37.42887 ], [ -71.11702, -37.42976 ], [ -71.11687, -37.43027 ], [ -71.11657, -37.43036 ], [ -71.11657, -37.43053 ], [ -71.11698, -37.43087 ], [ -71.11664, -37.43123 ], [ -71.11603, -37.43137 ], [ -71.1159, -37.43159 ], [ -71.11619, -37.43202 ], [ -71.11612, -37.43216 ], [ -71.11475, -37.43293 ], [ -71.11462, -37.43353 ], [ -71.11393, -37.43357 ], [ -71.11353, -37.43393 ], [ -71.11285, -37.43396 ], [ -71.11267, -37.43419 ], [ -71.11296, -37.43475 ], [ -71.11185, -37.43499 ], [ -71.11205, -37.43526 ], [ -71.11192, -37.43541 ], [ -71.1112, -37.43534 ], [ -71.1111, -37.43545 ], [ -71.11144, -37.4358 ], [ -71.11136, -37.43604 ], [ -71.11118, -37.43616 ], [ -71.11077, -37.43603 ], [ -71.10962, -37.43619 ], [ -71.10943, -37.43607 ], [ -71.10945, -37.4358 ], [ -71.10924, -37.43574 ], [ -71.10837, -37.43617 ], [ -71.10648, -37.43652 ], [ -71.10561, -37.43643 ], [ -71.105, -37.43617 ], [ -71.10503, -37.43551 ], [ -71.10411, -37.43552 ], [ -71.1035, -37.43523 ], [ -71.10348, -37.4349 ], [ -71.10383, -37.43481 ], [ -71.10378, -37.43465 ], [ -71.10274, -37.43419 ], [ -71.10183, -37.43409 ], [ -71.10183, -37.43375 ], [ -71.1016, -37.43355 ], [ -71.10132, -37.43374 ], [ -71.10044, -37.43333 ], [ -71.10085, -37.43304 ], [ -71.10046, -37.43279 ], [ -71.09995, -37.43272 ], [ -71.09964, -37.43287 ], [ -71.09908, -37.4326 ], [ -71.0986, -37.43209 ], [ -71.0987, -37.4319 ], [ -71.09831, -37.43131 ], [ -71.09788, -37.43098 ], [ -71.09793, -37.43022 ], [ -71.09756, -37.42963 ], [ -71.09749, -37.42906 ], [ -71.09668, -37.428 ], [ -71.09634, -37.42812 ], [ -71.09613, -37.42746 ], [ -71.0954, -37.42755 ], [ -71.09464, -37.42717 ], [ -71.09331, -37.42547 ], [ -71.09319, -37.42511 ], [ -71.09342, -37.4245 ], [ -71.09319, -37.42373 ], [ -71.09388, -37.4227 ], [ -71.09371, -37.42236 ], [ -71.09228, -37.42106 ], [ -71.09211, -37.42068 ], [ -71.09243, -37.42033 ], [ -71.09195, -37.4189 ], [ -71.09214, -37.41867 ], [ -71.09204, -37.41826 ], [ -71.09157, -37.41794 ], [ -71.09151, -37.41753 ], [ -71.09091, -37.41719 ], [ -71.09095, -37.41694 ], [ -71.0904, -37.41679 ], [ -71.09058, -37.4165 ], [ -71.08998, -37.41637 ], [ -71.08959, -37.4158 ], [ -71.08929, -37.41582 ], [ -71.08822, -37.41505 ], [ -71.0879, -37.41455 ], [ -71.08814, -37.41441 ], [ -71.08772, -37.41412 ], [ -71.08787, -37.41357 ], [ -71.08854, -37.4134 ], [ -71.08882, -37.41294 ], [ -71.08855, -37.41258 ], [ -71.08888, -37.41149 ], [ -71.08724, -37.40954 ], [ -71.08719, -37.40899 ], [ -71.08764, -37.40873 ], [ -71.08798, -37.40755 ], [ -71.0879, -37.40712 ], [ -71.08745, -37.40711 ], [ -71.08654, -37.4064 ], [ -71.08659, -37.40617 ], [ -71.08708, -37.40589 ], [ -71.08724, -37.40553 ], [ -71.08679, -37.40518 ], [ -71.0857, -37.40503 ], [ -71.08575, -37.40453 ], [ -71.0846, -37.40306 ], [ -71.08415, -37.40202 ], [ -71.08333, -37.40143 ], [ -71.08322, -37.40115 ], [ -71.08386, -37.40061 ], [ -71.08267, -37.40017 ], [ -71.08225, -37.39984 ], [ -71.08219, -37.39955 ], [ -71.08247, -37.39932 ], [ -71.08228, -37.39851 ], [ -71.08142, -37.39808 ], [ -71.08146, -37.39702 ], [ -71.08086, -37.39681 ], [ -71.08002, -37.39542 ], [ -71.07956, -37.39544 ], [ -71.07938, -37.39462 ], [ -71.07868, -37.39428 ], [ -71.07884, -37.39398 ], [ -71.07824, -37.39365 ], [ -71.07762, -37.39239 ], [ -71.0782, -37.39217 ], [ -71.0782, -37.39157 ], [ -71.07766, -37.39137 ], [ -71.07734, -37.39089 ], [ -71.07749, -37.3905 ], [ -71.07845, -37.39 ], [ -71.07854, -37.38933 ], [ -71.07825, -37.38907 ], [ -71.07692, -37.3889 ], [ -71.07668, -37.38847 ], [ -71.07627, -37.38643 ], [ -71.07531, -37.38608 ], [ -71.07495, -37.38541 ], [ -71.07424, -37.38566 ], [ -71.07488, -37.3845 ], [ -71.07478, -37.38359 ], [ -71.07446, -37.38351 ], [ -71.0732, -37.38401 ], [ -71.07222, -37.38365 ], [ -71.07205, -37.382 ], [ -71.07168, -37.38177 ], [ -71.07055, -37.38151 ], [ -71.07014, -37.38122 ], [ -71.07016, -37.38101 ], [ -71.07058, -37.38069 ], [ -71.07039, -37.37979 ], [ -71.07016, -37.37965 ], [ -71.06916, -37.37976 ], [ -71.06867, -37.37933 ], [ -71.06873, -37.37873 ], [ -71.06911, -37.37888 ], [ -71.06932, -37.37856 ], [ -71.06861, -37.37837 ], [ -71.06795, -37.37786 ], [ -71.06698, -37.37764 ], [ -71.06681, -37.37723 ], [ -71.06698, -37.37703 ], [ -71.06755, -37.37697 ], [ -71.06749, -37.37632 ], [ -71.06643, -37.37607 ], [ -71.06574, -37.37651 ], [ -71.06546, -37.37641 ], [ -71.06651, -37.3751 ], [ -71.0664, -37.3748 ], [ -71.06591, -37.37435 ], [ -71.06527, -37.37439 ], [ -71.06486, -37.3746 ], [ -71.06472, -37.37491 ], [ -71.06479, -37.37519 ], [ -71.06456, -37.37544 ], [ -71.06415, -37.37565 ], [ -71.06369, -37.37565 ], [ -71.0635, -37.37545 ], [ -71.06361, -37.37514 ], [ -71.06431, -37.37463 ], [ -71.06444, -37.37406 ], [ -71.0644, -37.37338 ], [ -71.06408, -37.3731 ], [ -71.06259, -37.3727 ], [ -71.06221, -37.37287 ], [ -71.06182, -37.3734 ], [ -71.06154, -37.37346 ], [ -71.06127, -37.37321 ], [ -71.06102, -37.3721 ], [ -71.06078, -37.37189 ], [ -71.0603, -37.37183 ], [ -71.05966, -37.3721 ], [ -71.05935, -37.37268 ], [ -71.05888, -37.37266 ], [ -71.05812, -37.37194 ], [ -71.05776, -37.3719 ], [ -71.057, -37.37235 ], [ -71.05671, -37.37234 ], [ -71.0564, -37.3714 ], [ -71.05514, -37.37112 ], [ -71.0546, -37.37134 ] ] } },
{ "type": "Feature", "properties": { "nombre": "Arroyo Pichincó", "tipo": "stream", "volcan_codigo": "CPA", "volcan_nombre": "Copahue", "drena_volcan": false }, "geometry": { "type": "LineString", "coordinates": [ [ -70.84533, -38.01971 ], [ -70.8419, -38.01589 ], [ -70.83971, -38.01442 ], [ -70.83729, -38.01403 ], [ -70.83477, -38.01454 ], [ -70.8319, -38.01302 ], [ -70.82971, -38.01297 ], [ -70.82632, -38.01248 ], [ -70.81825, -38.00751 ], [ -70.81555, -38.00683 ], [ -70.81162, -38.00687 ], [ -70.80834, -38.00798 ], [ -70.80544, -38.0069 ], [ -70.79883, -38.00839 ], [ -70.79416, -38.00898 ], [ -70.78978, -38.01055 ], [ -70.78686, -38.01081 ], [ -70.78315, -38.00981 ], [ -70.78042, -38.00803 ], [ -70.77366, -38.00595 ], [ -70.77257, -38.00448 ], [ -70.77096, -38.00382 ], [ -70.76836, -38.00367 ], [ -70.76454, -38.00406 ], [ -70.75538, -38.00352 ], [ -70.75231, -38.00386 ], [ -70.74886, -38.00653 ], [ -70.74595, -38.00631 ], [ -70.74278, -38.00837 ], [ -70.73842, -38.00928 ], [ -70.73531, -38.01162 ], [ -70.7313, -38.01292 ], [ -70.72782, -38.01559 ], [ -70.72486, -38.01659 ], [ -70.72233, -38.01912 ], [ -70.71819, -38.02036 ], [ -70.71542, -38.02247 ], [ -70.71392, -38.02306 ], [ -70.71296, -38.02291 ] ] } },
{ "type": "Feature", "properties": { "nombre": "Arroyo Piedra Grande", "tipo": "river", "volcan_codigo": "CPA", "volcan_nombre": "Copahue", "drena_volcan": false }, "geometry": { "type": "LineString", "coordinates": [ [ -71.1033, -37.48404 ], [ -71.10323, -37.48444 ], [ -71.10348, -37.48582 ], [ -71.10281, -37.48651 ], [ -71.10261, -37.48696 ], [ -71.10225, -37.48832 ], [ -71.10191, -37.48889 ], [ -71.10199, -37.48925 ], [ -71.10184, -37.48956 ], [ -71.1014, -37.48976 ], [ -71.10058, -37.49069 ], [ -71.10078, -37.49154 ], [ -71.10061, -37.49183 ], [ -71.09944, -37.4924 ], [ -71.0987, -37.49315 ], [ -71.09827, -37.49335 ], [ -71.09709, -37.49457 ], [ -71.09656, -37.49543 ], [ -71.09538, -37.49611 ], [ -71.09508, -37.49646 ], [ -71.09503, -37.49681 ], [ -71.09468, -37.49708 ], [ -71.09485, -37.49726 ], [ -71.09475, -37.49765 ], [ -71.09422, -37.49767 ], [ -71.09407, -37.49796 ], [ -71.09457, -37.49805 ], [ -71.09447, -37.49826 ], [ -71.09365, -37.49872 ], [ -71.09374, -37.49922 ], [ -71.09322, -37.4996 ], [ -71.093, -37.50093 ], [ -71.09231, -37.5013 ], [ -71.09186, -37.50198 ], [ -71.09134, -37.50185 ], [ -71.09071, -37.50236 ], [ -71.0908, -37.50252 ], [ -71.09126, -37.50263 ], [ -71.09132, -37.5029 ], [ -71.09162, -37.5029 ], [ -71.09181, -37.50323 ], [ -71.09172, -37.50363 ], [ -71.09135, -37.50373 ], [ -71.09103, -37.50361 ], [ -71.09097, -37.50324 ], [ -71.09081, -37.5032 ], [ -71.09042, -37.50328 ], [ -71.09006, -37.50361 ], [ -71.09044, -37.50374 ], [ -71.09067, -37.50402 ], [ -71.09045, -37.50445 ], [ -71.09066, -37.50553 ], [ -71.09156, -37.50565 ], [ -71.09167, -37.50594 ], [ -71.09156, -37.50648 ], [ -71.09196, -37.50689 ], [ -71.09185, -37.50756 ], [ -71.09214, -37.50776 ], [ -71.09212, -37.50826 ], [ -71.09264, -37.50846 ], [ -71.09254, -37.50888 ], [ -71.093, -37.50943 ], [ -71.09351, -37.50919 ], [ -71.09353, -37.50963 ], [ -71.09401, -37.50972 ], [ -71.09449, -37.5102 ], [ -71.09497, -37.51021 ], [ -71.09513, -37.51044 ], [ -71.095, -37.51056 ], [ -71.09545, -37.51087 ], [ -71.09546, -37.51119 ], [ -71.09584, -37.51142 ], [ -71.09604, -37.51216 ], [ -71.09581, -37.51249 ], [ -71.09599, -37.51312 ], [ -71.09587, -37.5138 ], [ -71.09669, -37.51432 ], [ -71.09675, -37.51476 ], [ -71.09706, -37.51504 ], [ -71.09735, -37.51574 ], [ -71.09796, -37.5159 ], [ -71.09807, -37.5161 ], [ -71.09793, -37.51655 ], [ -71.09841, -37.51716 ], [ -71.0993, -37.51712 ], [ -71.09952, -37.51727 ], [ -71.09962, -37.51776 ], [ -71.10069, -37.51792 ], [ -71.10109, -37.51878 ], [ -71.10166, -37.5193 ], [ -71.10149, -37.51986 ], [ -71.10196, -37.52029 ], [ -71.10168, -37.52118 ], [ -71.10192, -37.52149 ], [ -71.10171, -37.52166 ], [ -71.10195, -37.52261 ], [ -71.1019, -37.52339 ], [ -71.10209, -37.5238 ], [ -71.10172, -37.52483 ], [ -71.10134, -37.52521 ], [ -71.10156, -37.52579 ], [ -71.1025, -37.52677 ], [ -71.10335, -37.52678 ], [ -71.10391, -37.52782 ], [ -71.10385, -37.52845 ], [ -71.10337, -37.52863 ], [ -71.10341, -37.52949 ], [ -71.10328, -37.52991 ], [ -71.10339, -37.53026 ], [ -71.10329, -37.53187 ], [ -71.10375, -37.53291 ], [ -71.10326, -37.53391 ], [ -71.10369, -37.53575 ], [ -71.10289, -37.53637 ], [ -71.10192, -37.53675 ], [ -71.10177, -37.53695 ], [ -71.1017, -37.53773 ], [ -71.10065, -37.53826 ], [ -71.10022, -37.53871 ], [ -71.10052, -37.53912 ], [ -71.10007, -37.53994 ], [ -71.10004, -37.54034 ], [ -71.09943, -37.541 ], [ -71.09961, -37.54178 ], [ -71.09947, -37.54231 ], [ -71.09897, -37.54248 ], [ -71.09844, -37.54333 ], [ -71.09768, -37.54349 ], [ -71.09669, -37.54345 ], [ -71.09556, -37.54395 ] ] } },
{ "type": "Feature", "properties": { "nombre": "Arroyo Pilunchaya", "tipo": "river", "volcan_codigo": "CPA", "volcan_nombre": "Copahue", "drena_volcan": false }, "geometry": { "type": "LineString", "coordinates": [ [ -71.16214, -37.62453 ], [ -71.16291, -37.62652 ], [ -71.16207, -37.62754 ], [ -71.16242, -37.62778 ], [ -71.16261, -37.62837 ], [ -71.16242, -37.62939 ], [ -71.16282, -37.62985 ], [ -71.16375, -37.63017 ], [ -71.16394, -37.63079 ], [ -71.16287, -37.63228 ], [ -71.1633, -37.63286 ], [ -71.16321, -37.6335 ], [ -71.16205, -37.63357 ], [ -71.16149, -37.63435 ], [ -71.16055, -37.6352 ], [ -71.16004, -37.63615 ], [ -71.16021, -37.63741 ], [ -71.16055, -37.63833 ], [ -71.16008, -37.63925 ], [ -71.15922, -37.64013 ], [ -71.15943, -37.64074 ], [ -71.15892, -37.64146 ], [ -71.1563, -37.64387 ], [ -71.15514, -37.64407 ], [ -71.15506, -37.64519 ], [ -71.15424, -37.64689 ], [ -71.1529, -37.65275 ], [ -71.15239, -37.658 ], [ -71.15147, -37.66105 ], [ -71.15155, -37.66358 ], [ -71.14635, -37.67354 ], [ -71.14258, -37.67778 ], [ -71.13788, -37.68197 ], [ -71.13503, -37.68323 ], [ -71.13344, -37.68648 ], [ -71.12907, -37.68973 ], [ -71.12782, -37.69212 ], [ -71.12228, -37.69438 ], [ -71.11752, -37.69571 ], [ -71.11453, -37.6958 ], [ -71.11353, -37.69553 ], [ -71.11135, -37.69686 ], [ -71.10682, -37.69646 ], [ -71.10363, -37.6958 ], [ -71.10212, -37.69507 ], [ -71.10078, -37.6952 ], [ -71.09792, -37.69427 ], [ -71.09583, -37.69507 ], [ -71.09415, -37.69533 ], [ -71.09223, -37.69505 ], [ -71.09081, -37.69345 ], [ -71.08523, -37.69045 ], [ -71.08221, -37.68909 ], [ -71.07829, -37.68956 ], [ -71.07651, -37.68801 ], [ -71.07639, -37.6859 ], [ -71.06898, -37.68449 ], [ -71.06607, -37.68533 ], [ -71.06299, -37.68519 ], [ -71.05937, -37.68744 ], [ -71.05919, -37.68998 ], [ -71.05878, -37.69088 ], [ -71.05758, -37.69115 ], [ -71.05615, -37.69175 ], [ -71.05422, -37.69135 ], [ -71.05162, -37.69221 ], [ -71.04826, -37.69182 ], [ -71.04692, -37.69328 ], [ -71.046, -37.69374 ], [ -71.04533, -37.69241 ], [ -71.03921, -37.6889 ], [ -71.03694, -37.68675 ], [ -71.03468, -37.68637 ], [ -71.03398, -37.68564 ], [ -71.02994, -37.68548 ], [ -71.02767, -37.68322 ], [ -71.0259, -37.68307 ], [ -71.02483, -37.68231 ], [ -71.02265, -37.68195 ], [ -71.02001, -37.67959 ], [ -71.01656, -37.67987 ], [ -71.01471, -37.67748 ], [ -71.01276, -37.6755 ], [ -71.01014, -37.67483 ], [ -71.00944, -37.67387 ], [ -71.00955, -37.67274 ], [ -71.00906, -37.67119 ], [ -71.00513, -37.66985 ], [ -71.00315, -37.66799 ] ] } },
{ "type": "Feature", "properties": { "nombre": "Arroyo Quetrucó", "tipo": "river", "volcan_codigo": "CPA", "volcan_nombre": "Copahue", "drena_volcan": false }, "geometry": { "type": "LineString", "coordinates": [ [ -70.70205, -37.5814 ], [ -70.70471, -37.58186 ], [ -70.70881, -37.58154 ], [ -70.71188, -37.58207 ], [ -70.71581, -37.58105 ], [ -70.71905, -37.58123 ], [ -70.72276, -37.58203 ], [ -70.7257, -37.58208 ], [ -70.7292, -37.58111 ], [ -70.73207, -37.57928 ], [ -70.7354, -37.57868 ], [ -70.7389, -37.5798 ], [ -70.73947, -37.58026 ], [ -70.74222, -37.58064 ], [ -70.74656, -37.58161 ], [ -70.74855, -37.58309 ], [ -70.75308, -37.58564 ], [ -70.7534, -37.58654 ], [ -70.75585, -37.58742 ], [ -70.75718, -37.58892 ], [ -70.75842, -37.58921 ], [ -70.76168, -37.59048 ], [ -70.76183, -37.59077 ], [ -70.76104, -37.5916 ], [ -70.76154, -37.59209 ], [ -70.76198, -37.59208 ], [ -70.76254, -37.5913 ], [ -70.76297, -37.59108 ], [ -70.76514, -37.59147 ], [ -70.76696, -37.59211 ], [ -70.76748, -37.59286 ], [ -70.76849, -37.59354 ], [ -70.77074, -37.59378 ], [ -70.77125, -37.59312 ], [ -70.77241, -37.59252 ], [ -70.77456, -37.59295 ], [ -70.77529, -37.59359 ], [ -70.77484, -37.59388 ], [ -70.77503, -37.59426 ], [ -70.77645, -37.59453 ], [ -70.77943, -37.59356 ], [ -70.78175, -37.59393 ], [ -70.78303, -37.59336 ], [ -70.78486, -37.5933 ], [ -70.78565, -37.59235 ], [ -70.78683, -37.59268 ], [ -70.78844, -37.59206 ], [ -70.78999, -37.59111 ], [ -70.79123, -37.59116 ], [ -70.79275, -37.5903 ], [ -70.79355, -37.5903 ], [ -70.79426, -37.59074 ], [ -70.79516, -37.59087 ], [ -70.79572, -37.5916 ], [ -70.79696, -37.59123 ], [ -70.79908, -37.59169 ], [ -70.79971, -37.59242 ], [ -70.80033, -37.59266 ], [ -70.80134, -37.59082 ], [ -70.8023, -37.59047 ], [ -70.80393, -37.59132 ], [ -70.80393, -37.59222 ], [ -70.80548, -37.59217 ], [ -70.80556, -37.59121 ], [ -70.80608, -37.59113 ], [ -70.80732, -37.5924 ], [ -70.80861, -37.59218 ], [ -70.80889, -37.59283 ], [ -70.80855, -37.59364 ], [ -70.80874, -37.59416 ], [ -70.81005, -37.5938 ], [ -70.81166, -37.59438 ], [ -70.81277, -37.59404 ], [ -70.81344, -37.59434 ], [ -70.81389, -37.59577 ], [ -70.81511, -37.59676 ], [ -70.81486, -37.59774 ], [ -70.81627, -37.59818 ], [ -70.81692, -37.59866 ], [ -70.8176, -37.59841 ], [ -70.81898, -37.59909 ], [ -70.81986, -37.59876 ], [ -70.82026, -37.59808 ], [ -70.82095, -37.59757 ], [ -70.82129, -37.59835 ], [ -70.82207, -37.59815 ], [ -70.82237, -37.59776 ], [ -70.82282, -37.59784 ], [ -70.82305, -37.59956 ], [ -70.82595, -37.59965 ], [ -70.8261, -37.59932 ], [ -70.82668, -37.5989 ], [ -70.8282, -37.59946 ], [ -70.83629, -37.59626 ], [ -70.8367, -37.59514 ], [ -70.83837, -37.59448 ], [ -70.8403, -37.59453 ], [ -70.84118, -37.59535 ], [ -70.84372, -37.59647 ], [ -70.8438, -37.59744 ], [ -70.84462, -37.59757 ], [ -70.84588, -37.59686 ], [ -70.84741, -37.59642 ], [ -70.8491, -37.59521 ], [ -70.84936, -37.59463 ], [ -70.85094, -37.59334 ] ] } },
{ "type": "Feature", "properties": { "nombre": "Arroyo Ranquilcó", "tipo": "river", "volcan_codigo": "CPA", "volcan_nombre": "Copahue", "drena_volcan": false }, "geometry": { "type": "LineString", "coordinates": [ [ -70.91425, -37.51651 ], [ -70.91088, -37.51579 ], [ -70.90869, -37.51624 ], [ -70.90792, -37.51569 ], [ -70.90322, -37.51428 ], [ -70.90234, -37.51334 ], [ -70.89717, -37.51254 ], [ -70.89618, -37.51183 ], [ -70.89451, -37.51144 ], [ -70.88908, -37.51137 ], [ -70.88292, -37.5119 ], [ -70.88024, -37.51251 ], [ -70.87707, -37.51259 ], [ -70.87443, -37.51225 ], [ -70.87177, -37.5114 ], [ -70.86971, -37.51045 ], [ -70.86739, -37.51057 ], [ -70.86687, -37.51026 ], [ -70.86556, -37.51033 ], [ -70.86556, -37.51059 ], [ -70.86436, -37.51048 ], [ -70.86303, -37.5111 ], [ -70.86247, -37.51079 ], [ -70.86187, -37.51121 ], [ -70.86059, -37.51098 ], [ -70.86014, -37.51106 ], [ -70.85999, -37.51207 ], [ -70.8602, -37.51346 ], [ -70.85866, -37.51472 ], [ -70.85672, -37.51459 ], [ -70.85428, -37.51053 ], [ -70.8531, -37.50955 ], [ -70.85213, -37.50842 ], [ -70.84928, -37.50716 ], [ -70.84818, -37.50606 ], [ -70.84855, -37.50495 ], [ -70.84771, -37.50367 ], [ -70.84782, -37.50267 ], [ -70.84617, -37.50192 ], [ -70.84559, -37.50148 ], [ -70.84424, -37.50144 ], [ -70.84166, -37.50107 ], [ -70.83973, -37.50126 ], [ -70.839, -37.5008 ], [ -70.83795, -37.50088 ], [ -70.83464, -37.50029 ], [ -70.83329, -37.50066 ], [ -70.8304, -37.50189 ], [ -70.82928, -37.50386 ], [ -70.82608, -37.5066 ], [ -70.82239, -37.50931 ], [ -70.81999, -37.51169 ], [ -70.81907, -37.51518 ], [ -70.81911, -37.5169 ], [ -70.8201, -37.5177 ], [ -70.82022, -37.51841 ], [ -70.81969, -37.51908 ], [ -70.81892, -37.51952 ], [ -70.81739, -37.51969 ], [ -70.81647, -37.51933 ], [ -70.81518, -37.51976 ], [ -70.81381, -37.51938 ], [ -70.81175, -37.51971 ], [ -70.81132, -37.52007 ], [ -70.8107, -37.52022 ], [ -70.80926, -37.51976 ] ] } },
{ "type": "Feature", "properties": { "nombre": "Arroyo Sin Destino", "tipo": "river", "volcan_codigo": "CPA", "volcan_nombre": "Copahue", "drena_volcan": false }, "geometry": { "type": "MultiLineString", "coordinates": [ [ [ -71.07075, -37.48594 ], [ -71.07023, -37.48855 ], [ -71.07041, -37.49008 ], [ -71.06974, -37.4924 ], [ -71.06927, -37.49347 ], [ -71.06966, -37.49461 ], [ -71.06953, -37.49611 ], [ -71.06888, -37.4974 ], [ -71.06755, -37.49888 ], [ -71.06725, -37.49995 ], [ -71.06659, -37.50074 ], [ -71.06564, -37.50127 ], [ -71.06489, -37.50329 ], [ -71.0641, -37.5045 ], [ -71.06184, -37.50487 ], [ -71.0615, -37.50685 ], [ -71.06077, -37.50894 ], [ -71.05923, -37.51054 ], [ -71.05837, -37.51093 ], [ -71.05792, -37.51252 ], [ -71.05687, -37.5133 ], [ -71.05622, -37.51585 ], [ -71.05517, -37.51701 ], [ -71.05455, -37.51885 ], [ -71.05333, -37.51944 ], [ -71.05324, -37.51968 ], [ -71.05161, -37.52092 ], [ -71.0512, -37.52152 ], [ -71.04985, -37.52235 ], [ -71.0491, -37.52321 ], [ -71.04878, -37.52411 ], [ -71.04811, -37.5245 ], [ -71.04723, -37.52458 ], [ -71.04625, -37.52504 ], [ -71.04509, -37.526 ], [ -71.04384, -37.52625 ], [ -71.04221, -37.52789 ], [ -71.04174, -37.52894 ], [ -71.04157, -37.52979 ], [ -71.04071, -37.53166 ], [ -71.04079, -37.53262 ], [ -71.03959, -37.53323 ], [ -71.03869, -37.5345 ], [ -71.03871, -37.53515 ], [ -71.0368, -37.53653 ], [ -71.03625, -37.53806 ], [ -71.03582, -37.53823 ], [ -71.03548, -37.53886 ], [ -71.03517, -37.53996 ], [ -71.0354, -37.54057 ] ], [ [ -71.0718, -37.45742 ], [ -71.06996, -37.46253 ], [ -71.06983, -37.46447 ], [ -71.07, -37.46645 ], [ -71.0709, -37.47029 ], [ -71.07124, -37.47268 ], [ -71.07227, -37.4768 ], [ -71.07004, -37.47969 ], [ -71.06938, -37.48082 ], [ -71.0697, -37.48308 ], [ -71.07056, -37.48473 ], [ -71.07075, -37.48594 ] ] ] } },
{ "type": "Feature", "properties": { "nombre": "Arroyo Socuchó", "tipo": "river", "volcan_codigo": "CPA", "volcan_nombre": "Copahue", "drena_volcan": false }, "geometry": { "type": "LineString", "coordinates": [ [ -70.98167, -38.17096 ], [ -70.9803, -38.17146 ], [ -70.97867, -38.1717 ], [ -70.97702, -38.17296 ], [ -70.97605, -38.17436 ], [ -70.97311, -38.17693 ], [ -70.97375, -38.17787 ], [ -70.97302, -38.17946 ], [ -70.97011, -38.18103 ], [ -70.96843, -38.18143 ], [ -70.96637, -38.1812 ], [ -70.96446, -38.1812 ], [ -70.96322, -38.18238 ], [ -70.96101, -38.18303 ], [ -70.95882, -38.18297 ], [ -70.95633, -38.18374 ], [ -70.95491, -38.18293 ], [ -70.95416, -38.18184 ], [ -70.95339, -38.18182 ], [ -70.95185, -38.18251 ], [ -70.95136, -38.18329 ] ] } },
{ "type": "Feature", "properties": { "nombre": "Arroyo Torrentoso", "tipo": "river", "volcan_codigo": "CPA", "volcan_nombre": "Copahue", "drena_volcan": false }, "geometry": { "type": "LineString", "coordinates": [ [ -70.99459, -37.71995 ], [ -70.99763, -37.7148 ], [ -70.99424, -37.70979 ], [ -70.99121, -37.70849 ], [ -70.98505, -37.69916 ], [ -70.98193, -37.69312 ], [ -70.97803, -37.68818 ], [ -70.976, -37.68451 ], [ -70.97494, -37.68404 ], [ -70.97567, -37.68297 ], [ -70.97474, -37.68233 ], [ -70.9756, -37.68174 ], [ -70.97464, -37.68133 ], [ -70.97507, -37.68007 ], [ -70.97322, -37.67965 ], [ -70.97299, -37.67889 ], [ -70.97183, -37.67827 ], [ -70.97149, -37.67728 ], [ -70.96981, -37.67749 ], [ -70.96961, -37.67599 ], [ -70.96787, -37.67536 ], [ -70.96689, -37.67433 ], [ -70.96577, -37.67463 ], [ -70.96491, -37.67338 ], [ -70.96519, -37.67178 ], [ -70.96511, -37.67091 ], [ -70.9645, -37.67074 ], [ -70.96347, -37.66987 ], [ -70.9637, -37.66737 ], [ -70.96254, -37.6664 ], [ -70.96223, -37.66518 ], [ -70.96267, -37.66475 ], [ -70.96216, -37.66273 ], [ -70.96267, -37.66076 ], [ -70.9617, -37.66012 ], [ -70.95924, -37.66071 ], [ -70.95781, -37.66045 ], [ -70.95711, -37.66001 ] ] } },
{ "type": "Feature", "properties": { "nombre": "Arroyo Tracalén", "tipo": "river", "volcan_codigo": "CPA", "volcan_nombre": "Copahue", "drena_volcan": false }, "geometry": { "type": "LineString", "coordinates": [ [ -70.8387, -37.75523 ], [ -70.82888, -37.75696 ], [ -70.82469, -37.75646 ], [ -70.8178, -37.75822 ], [ -70.81216, -37.76036 ], [ -70.80748, -37.76185 ], [ -70.80529, -37.76341 ], [ -70.80162, -37.76536 ], [ -70.79789, -37.77138 ], [ -70.79171, -37.77423 ], [ -70.7866, -37.77608 ], [ -70.78077, -37.77695 ], [ -70.77834, -37.77768 ], [ -70.77693, -37.77876 ] ] } },
{ "type": "Feature", "properties": { "nombre": "Arroyo Trolope", "tipo": "river", "volcan_codigo": "CPA", "volcan_nombre": "Copahue", "drena_volcan": true }, "geometry": { "type": "MultiLineString", "coordinates": [ [ [ -71.03601, -37.77477 ], [ -71.03481, -37.77523 ], [ -71.03339, -37.77416 ], [ -71.03064, -37.77529 ], [ -71.02978, -37.77629 ], [ -71.02995, -37.77752 ], [ -71.02547, -37.77992 ], [ -71.02364, -37.7811 ], [ -71.02147, -37.78124 ], [ -71.01968, -37.78183 ], [ -71.01819, -37.78128 ], [ -71.01566, -37.78183 ], [ -71.01474, -37.78355 ], [ -71.01233, -37.78572 ], [ -71.00617, -37.78731 ], [ -70.99512, -37.7938 ], [ -70.99219, -37.79434 ], [ -70.99036, -37.79692 ], [ -70.98796, -37.79737 ], [ -70.98885, -37.79825 ], [ -70.98844, -37.79873 ], [ -70.98703, -37.7989 ], [ -70.98634, -37.80089 ], [ -70.98618, -37.80198 ], [ -70.98669, -37.803 ], [ -70.98731, -37.8036 ], [ -70.98916, -37.80328 ], [ -70.98901, -37.80275 ], [ -70.99001, -37.80248 ], [ -70.99059, -37.80308 ], [ -70.99102, -37.80438 ], [ -70.99277, -37.80561 ], [ -70.99414, -37.80619 ], [ -70.99493, -37.80621 ], [ -70.99503, -37.80692 ], [ -70.99464, -37.80798 ], [ -70.99389, -37.80904 ], [ -70.993, -37.80923 ], [ -70.99237, -37.80897 ] ], [ [ -70.98224, -37.80947 ], [ -70.98033, -37.80924 ], [ -70.97847, -37.80922 ], [ -70.9778, -37.80765 ], [ -70.97711, -37.80738 ], [ -70.97521, -37.80777 ], [ -70.97197, -37.80688 ], [ -70.9662, -37.80688 ], [ -70.96518, -37.80642 ], [ -70.96407, -37.80536 ], [ -70.9634, -37.80567 ], [ -70.96147, -37.80754 ], [ -70.95914, -37.80733 ], [ -70.95427, -37.80809 ], [ -70.95012, -37.81048 ], [ -70.94722, -37.81112 ], [ -70.94532, -37.81096 ], [ -70.94396, -37.81177 ], [ -70.94029, -37.81218 ], [ -70.93848, -37.81157 ], [ -70.93469, -37.81143 ] ] ] } },
{ "type": "Feature", "properties": { "nombre": "Arroyo Trolón", "tipo": "river", "volcan_codigo": "CPA", "volcan_nombre": "Copahue", "drena_volcan": false }, "geometry": { "type": "LineString", "coordinates": [ [ -70.94965, -37.73795 ], [ -70.9472, -37.73958 ], [ -70.94506, -37.74004 ], [ -70.94458, -37.74158 ], [ -70.94246, -37.74158 ], [ -70.93988, -37.74458 ], [ -70.93763, -37.74564 ], [ -70.93746, -37.74677 ], [ -70.93641, -37.74701 ], [ -70.93656, -37.74869 ], [ -70.93282, -37.7509 ], [ -70.92973, -37.75137 ], [ -70.92203, -37.7531 ], [ -70.92235, -37.75388 ], [ -70.92141, -37.75488 ], [ -70.92072, -37.75439 ], [ -70.91905, -37.75481 ], [ -70.91905, -37.75563 ], [ -70.91349, -37.756 ], [ -70.91075, -37.75644 ], [ -70.9095, -37.75524 ], [ -70.90484, -37.75614 ], [ -70.90156, -37.75777 ], [ -70.89751, -37.76019 ], [ -70.89195, -37.76175 ], [ -70.88555, -37.76264 ], [ -70.87882, -37.7624 ], [ -70.87513, -37.76265 ], [ -70.87133, -37.76404 ], [ -70.87047, -37.76588 ], [ -70.86764, -37.76654 ], [ -70.86611, -37.76842 ], [ -70.86287, -37.7702 ], [ -70.85901, -37.7699 ], [ -70.85446, -37.77185 ], [ -70.85101, -37.77402 ], [ -70.84976, -37.77447 ], [ -70.84968, -37.77502 ], [ -70.84416, -37.77688 ], [ -70.84262, -37.77799 ], [ -70.83991, -37.77834 ], [ -70.83908, -37.77766 ], [ -70.83455, -37.78 ], [ -70.833, -37.77963 ], [ -70.83004, -37.78041 ], [ -70.82929, -37.77963 ], [ -70.82708, -37.78046 ], [ -70.82303, -37.78048 ], [ -70.81822, -37.78122 ], [ -70.8168, -37.78201 ], [ -70.81223, -37.78077 ], [ -70.81097, -37.77995 ], [ -70.8068, -37.78029 ], [ -70.80065, -37.78163 ], [ -70.79966, -37.78136 ], [ -70.79451, -37.78165 ], [ -70.79, -37.78297 ], [ -70.78711, -37.78206 ], [ -70.78541, -37.78243 ], [ -70.77983, -37.78106 ], [ -70.77831, -37.77965 ], [ -70.77693, -37.77876 ], [ -70.77327, -37.77519 ], [ -70.76992, -37.77315 ], [ -70.76071, -37.76904 ] ] } },
{ "type": "Feature", "properties": { "nombre": "Arroyo Yumu Yumu", "tipo": "river", "volcan_codigo": "CPA", "volcan_nombre": "Copahue", "drena_volcan": false }, "geometry": { "type": "MultiLineString", "coordinates": [ [ [ -70.92609, -38.21209 ], [ -70.92551, -38.21179 ], [ -70.92361, -38.21146 ], [ -70.92251, -38.21169 ], [ -70.92199, -38.21147 ], [ -70.92142, -38.21077 ], [ -70.92048, -38.21074 ], [ -70.91945, -38.21044 ], [ -70.91855, -38.21048 ], [ -70.91767, -38.21026 ], [ -70.91533, -38.20915 ], [ -70.9142, -38.20897 ], [ -70.91372, -38.2082 ], [ -70.91363, -38.20763 ], [ -70.91022, -38.20572 ], [ -70.90934, -38.20496 ], [ -70.90741, -38.20447 ], [ -70.90639, -38.20374 ], [ -70.90607, -38.20314 ], [ -70.90395, -38.20283 ], [ -70.90129, -38.20291 ], [ -70.89997, -38.20234 ], [ -70.89804, -38.20123 ], [ -70.89629, -38.19999 ], [ -70.89531, -38.1979 ], [ -70.8947, -38.19711 ], [ -70.89404, -38.19662 ], [ -70.89357, -38.19645 ], [ -70.89248, -38.19662 ], [ -70.89162, -38.19654 ], [ -70.89037, -38.19627 ], [ -70.88901, -38.19554 ], [ -70.8884, -38.19547 ], [ -70.88688, -38.19565 ], [ -70.88513, -38.19622 ], [ -70.88412, -38.19627 ], [ -70.88247, -38.19584 ] ], [ [ -70.88247, -38.19584 ], [ -70.88195, -38.19581 ], [ -70.88138, -38.19587 ], [ -70.88063, -38.19637 ], [ -70.879, -38.1965 ], [ -70.87307, -38.19409 ], [ -70.87153, -38.19366 ], [ -70.87084, -38.19292 ], [ -70.86974, -38.19248 ], [ -70.86849, -38.19223 ], [ -70.86762, -38.19239 ], [ -70.86639, -38.19228 ], [ -70.86573, -38.19255 ], [ -70.86428, -38.19214 ], [ -70.86396, -38.19157 ], [ -70.86336, -38.19125 ], [ -70.86302, -38.19144 ], [ -70.86115, -38.1914 ], [ -70.85657, -38.19061 ], [ -70.85564, -38.19011 ], [ -70.85526, -38.18957 ], [ -70.85438, -38.1888 ], [ -70.85396, -38.18873 ], [ -70.85207, -38.18918 ], [ -70.85128, -38.18877 ], [ -70.84975, -38.18855 ], [ -70.84662, -38.18847 ], [ -70.84497, -38.18882 ], [ -70.84368, -38.18844 ], [ -70.84225, -38.18879 ], [ -70.83969, -38.18911 ], [ -70.83836, -38.18828 ], [ -70.83774, -38.1884 ], [ -70.83757, -38.18823 ], [ -70.83741, -38.18722 ], [ -70.83708, -38.18704 ], [ -70.83614, -38.18675 ], [ -70.83549, -38.18676 ], [ -70.83508, -38.18702 ], [ -70.83467, -38.18683 ], [ -70.8345, -38.18645 ], [ -70.83416, -38.18624 ], [ -70.83281, -38.18613 ], [ -70.8311, -38.18532 ], [ -70.82703, -38.18526 ], [ -70.82656, -38.18494 ], [ -70.82583, -38.1848 ], [ -70.8251, -38.18496 ], [ -70.82295, -38.18474 ], [ -70.82147, -38.18487 ], [ -70.82048, -38.18479 ], [ -70.81899, -38.18528 ], [ -70.81585, -38.18514 ], [ -70.81266, -38.18521 ], [ -70.80926, -38.18466 ], [ -70.80843, -38.18478 ], [ -70.80786, -38.18514 ], [ -70.80715, -38.18532 ], [ -70.8048, -38.18527 ], [ -70.80288, -38.1861 ], [ -70.80198, -38.18598 ], [ -70.7992, -38.18509 ], [ -70.7964, -38.18385 ], [ -70.7955, -38.18292 ], [ -70.79504, -38.18146 ], [ -70.79478, -38.1811 ], [ -70.79288, -38.1805 ], [ -70.79059, -38.18076 ], [ -70.78994, -38.18048 ], [ -70.78936, -38.17991 ], [ -70.78854, -38.17864 ], [ -70.78808, -38.17838 ], [ -70.78586, -38.17807 ], [ -70.78537, -38.17701 ], [ -70.78432, -38.17598 ], [ -70.78271, -38.17556 ], [ -70.78138, -38.17443 ], [ -70.78106, -38.17291 ], [ -70.78079, -38.17262 ], [ -70.779, -38.17217 ], [ -70.77699, -38.17062 ], [ -70.77337, -38.16883 ], [ -70.77192, -38.16791 ], [ -70.77013, -38.16774 ], [ -70.76766, -38.16796 ], [ -70.76299, -38.16608 ], [ -70.76078, -38.166 ], [ -70.75908, -38.16617 ], [ -70.75824, -38.16595 ], [ -70.75677, -38.16594 ], [ -70.75487, -38.16564 ], [ -70.75337, -38.16483 ], [ -70.75017, -38.16414 ], [ -70.74848, -38.16402 ], [ -70.74575, -38.16507 ], [ -70.74309, -38.16508 ], [ -70.74258, -38.16544 ], [ -70.74076, -38.1645 ], [ -70.73703, -38.16475 ], [ -70.735, -38.16279 ], [ -70.73466, -38.16108 ], [ -70.73356, -38.16051 ], [ -70.73163, -38.16036 ], [ -70.72763, -38.15943 ], [ -70.72058, -38.15838 ], [ -70.71865, -38.15756 ], [ -70.70854, -38.15521 ], [ -70.70346, -38.15768 ], [ -70.69307, -38.1535 ], [ -70.69235, -38.15787 ], [ -70.68606, -38.1554 ], [ -70.67374, -38.15901 ], [ -70.67012, -38.16319 ], [ -70.66069, -38.16205 ], [ -70.6561, -38.16547 ], [ -70.65368, -38.17041 ], [ -70.64692, -38.17079 ], [ -70.64372, -38.17546 ], [ -70.64344, -38.17571 ], [ -70.6422, -38.17621 ], [ -70.64182, -38.17669 ], [ -70.6404, -38.1776 ], [ -70.63936, -38.17857 ], [ -70.63769, -38.17851 ], [ -70.63668, -38.17877 ], [ -70.63401, -38.17889 ], [ -70.63185, -38.17986 ], [ -70.63128, -38.17996 ], [ -70.63015, -38.17981 ], [ -70.62886, -38.18028 ], [ -70.62849, -38.18077 ], [ -70.62861, -38.18122 ], [ -70.63015, -38.182 ], [ -70.63037, -38.1823 ], [ -70.6304, -38.18306 ], [ -70.62998, -38.18386 ], [ -70.62919, -38.1845 ], [ -70.62787, -38.18608 ], [ -70.62646, -38.18838 ], [ -70.62548, -38.18903 ], [ -70.62454, -38.18908 ], [ -70.62294, -38.18955 ], [ -70.62269, -38.18999 ], [ -70.61258, -38.19981 ], [ -70.61134, -38.20028 ], [ -70.60765, -38.20047 ], [ -70.60556, -38.20257 ] ], [ [ -70.88247, -38.19584 ], [ -70.88202, -38.19609 ], [ -70.88076, -38.19632 ] ] ] } },
{ "type": "Feature", "properties": { "nombre": "Arroyo de Abajo", "tipo": "river", "volcan_codigo": "CPA", "volcan_nombre": "Copahue", "drena_volcan": false }, "geometry": { "type": "LineString", "coordinates": [ [ -70.95762, -38.26697 ], [ -70.95717, -38.26445 ], [ -70.95722, -38.26312 ], [ -70.95833, -38.2618 ], [ -70.95831, -38.2604 ], [ -70.96035, -38.25816 ], [ -70.96258, -38.25683 ], [ -70.96247, -38.25589 ], [ -70.96198, -38.25434 ], [ -70.96088, -38.25301 ], [ -70.96099, -38.25245 ], [ -70.96084, -38.25152 ], [ -70.95993, -38.25042 ] ] } },
{ "type": "Feature", "properties": { "nombre": "Arroyo de la Laguna", "tipo": "river", "volcan_codigo": "CPA", "volcan_nombre": "Copahue", "drena_volcan": false }, "geometry": { "type": "LineString", "coordinates": [ [ -71.02662, -37.46243 ], [ -71.02713, -37.46371 ], [ -71.02644, -37.46456 ], [ -71.02599, -37.46416 ], [ -71.02554, -37.46487 ], [ -71.02492, -37.4649 ], [ -71.0247, -37.46596 ], [ -71.0252, -37.46623 ], [ -71.0249, -37.46714 ], [ -71.0241, -37.46748 ], [ -71.0238, -37.46814 ], [ -71.0244, -37.46925 ], [ -71.02123, -37.47259 ], [ -71.02131, -37.47303 ], [ -71.01996, -37.47347 ], [ -71.01788, -37.47305 ], [ -71.01475, -37.47291 ], [ -71.01041, -37.47424 ], [ -71.00867, -37.47546 ], [ -71.00702, -37.47545 ], [ -71.0043, -37.47625 ], [ -71.00219, -37.47751 ], [ -70.999, -37.47998 ], [ -70.99732, -37.48299 ], [ -70.99732, -37.48353 ], [ -70.99646, -37.48398 ], [ -70.99543, -37.4834 ], [ -70.99455, -37.48348 ], [ -70.99325, -37.48462 ], [ -70.99282, -37.48561 ], [ -70.99091, -37.48672 ], [ -70.99067, -37.48745 ], [ -70.9896, -37.48839 ], [ -70.98902, -37.48956 ], [ -70.98773, -37.48975 ], [ -70.98715, -37.49045 ], [ -70.98704, -37.4912 ], [ -70.98614, -37.49205 ], [ -70.98496, -37.49213 ], [ -70.98419, -37.49287 ], [ -70.98265, -37.493 ], [ -70.9814, -37.49355 ], [ -70.98123, -37.49409 ], [ -70.98037, -37.49493 ], [ -70.9779, -37.49496 ], [ -70.97694, -37.4953 ], [ -70.97647, -37.49624 ], [ -70.97685, -37.49676 ], [ -70.9755, -37.49744 ], [ -70.97436, -37.49753 ], [ -70.97348, -37.49908 ], [ -70.97069, -37.49939 ], [ -70.9669, -37.50238 ], [ -70.96436, -37.50417 ], [ -70.96503, -37.50529 ], [ -70.964, -37.50645 ], [ -70.96338, -37.5079 ], [ -70.96385, -37.50928 ], [ -70.96359, -37.51086 ], [ -70.96387, -37.51231 ], [ -70.96376, -37.51362 ], [ -70.96248, -37.51351 ], [ -70.96226, -37.51379 ], [ -70.96226, -37.51431 ], [ -70.96308, -37.51467 ], [ -70.96348, -37.51554 ], [ -70.96241, -37.51707 ], [ -70.96074, -37.51634 ], [ -70.95859, -37.51624 ], [ -70.95803, -37.51651 ], [ -70.95756, -37.51809 ], [ -70.95859, -37.51893 ], [ -70.95945, -37.52019 ], [ -70.95836, -37.52192 ], [ -70.95645, -37.52281 ], [ -70.95625, -37.52321 ], [ -70.95816, -37.52485 ], [ -70.95825, -37.52531 ], [ -70.9566, -37.52759 ], [ -70.9566, -37.52876 ], [ -70.95529, -37.53099 ], [ -70.95589, -37.53211 ], [ -70.95535, -37.53314 ], [ -70.95548, -37.53496 ], [ -70.9561, -37.53671 ], [ -70.95563, -37.53802 ], [ -70.95611, -37.53862 ], [ -70.95586, -37.54051 ], [ -70.95611, -37.54174 ], [ -70.95582, -37.54239 ], [ -70.95597, -37.54286 ], [ -70.95578, -37.54333 ], [ -70.95536, -37.54372 ], [ -70.95574, -37.54529 ], [ -70.95507, -37.54647 ] ] } },
{ "type": "Feature", "properties": { "nombre": "Arroyo de la Usina", "tipo": "stream", "volcan_codigo": "CPA", "volcan_nombre": "Copahue", "drena_volcan": false }, "geometry": { "type": "LineString", "coordinates": [ [ -71.10519, -37.84223 ], [ -71.10442, -37.8429 ], [ -71.10437, -37.84317 ], [ -71.10405, -37.84339 ], [ -71.10358, -37.84344 ], [ -71.10361, -37.84366 ], [ -71.10267, -37.84351 ], [ -71.10064, -37.842 ], [ -71.10073, -37.84171 ], [ -71.09943, -37.84203 ], [ -71.09812, -37.84081 ], [ -71.09449, -37.84153 ], [ -71.09149, -37.8419 ], [ -71.08824, -37.84191 ], [ -71.08782, -37.84217 ], [ -71.08747, -37.84199 ], [ -71.08751, -37.84183 ], [ -71.08734, -37.84185 ], [ -71.08433, -37.84354 ], [ -71.08164, -37.84396 ], [ -71.07934, -37.84357 ], [ -71.07667, -37.84354 ], [ -71.07312, -37.84392 ], [ -71.07157, -37.84462 ], [ -71.06943, -37.84372 ], [ -71.0671, -37.84438 ], [ -71.06421, -37.84479 ], [ -71.06247, -37.84598 ], [ -71.06266, -37.84819 ], [ -71.0641, -37.85012 ], [ -71.06233, -37.85207 ], [ -71.06055, -37.85373 ], [ -71.05972, -37.85549 ], [ -71.05977, -37.85632 ], [ -71.05794, -37.85702 ], [ -71.05724, -37.858 ], [ -71.05726, -37.85837 ], [ -71.05773, -37.85896 ], [ -71.05746, -37.85927 ], [ -71.05751, -37.85997 ], [ -71.05879, -37.86074 ], [ -71.05896, -37.86148 ], [ -71.05938, -37.86174 ] ] } },
{ "type": "Feature", "properties": { "nombre": "Arroyo de las Yeguas", "tipo": "river", "volcan_codigo": "CPA", "volcan_nombre": "Copahue", "drena_volcan": false }, "geometry": { "type": "LineString", "coordinates": [ [ -70.91502, -38.16708 ], [ -70.91547, -38.1674 ], [ -70.91706, -38.16794 ], [ -70.91848, -38.16814 ], [ -70.92045, -38.16762 ], [ -70.92172, -38.16669 ], [ -70.92412, -38.16615 ], [ -70.92569, -38.16699 ], [ -70.92751, -38.16882 ], [ -70.92938, -38.16929 ], [ -70.93021, -38.17033 ], [ -70.93135, -38.17038 ], [ -70.93202, -38.17091 ], [ -70.93412, -38.17151 ], [ -70.93594, -38.17241 ], [ -70.93676, -38.17241 ], [ -70.94008, -38.17377 ], [ -70.94279, -38.17516 ], [ -70.94689, -38.17463 ], [ -70.94993, -38.17541 ], [ -70.95172, -38.17638 ] ] } },
{ "type": "Feature", "properties": { "nombre": "Arroyo de los Baños", "tipo": "stream", "volcan_codigo": "CPA", "volcan_nombre": "Copahue", "drena_volcan": false }, "geometry": { "type": "MultiLineString", "coordinates": [ [ [ -71.09346, -37.81332 ], [ -71.09226, -37.81348 ], [ -71.09122, -37.81323 ], [ -71.09059, -37.81289 ], [ -71.089, -37.81254 ], [ -71.08681, -37.81127 ], [ -71.08573, -37.81103 ], [ -71.0848, -37.81005 ], [ -71.08469, -37.80977 ], [ -71.08478, -37.80883 ], [ -71.08462, -37.80866 ], [ -71.0848, -37.80816 ], [ -71.08408, -37.8069 ], [ -71.08267, -37.80706 ], [ -71.0818, -37.80658 ], [ -71.08037, -37.80616 ], [ -71.07816, -37.80582 ], [ -71.07597, -37.80524 ], [ -71.07555, -37.80485 ], [ -71.07423, -37.80471 ], [ -71.07385, -37.80437 ], [ -71.07202, -37.80394 ], [ -71.07095, -37.80339 ], [ -71.07003, -37.80353 ], [ -71.06851, -37.8031 ], [ -71.06791, -37.80229 ], [ -71.06811, -37.80176 ], [ -71.06802, -37.80107 ], [ -71.06728, -37.80081 ], [ -71.0669, -37.80019 ], [ -71.06701, -37.79994 ], [ -71.06675, -37.79969 ], [ -71.06668, -37.79921 ], [ -71.06622, -37.79878 ], [ -71.06566, -37.79772 ], [ -71.06514, -37.79733 ], [ -71.06435, -37.79711 ], [ -71.06414, -37.79649 ], [ -71.06353, -37.79652 ], [ -71.06308, -37.79682 ], [ -71.06243, -37.79674 ], [ -71.0623, -37.79662 ], [ -71.06239, -37.79626 ], [ -71.06213, -37.79591 ], [ -71.06181, -37.79579 ], [ -71.06187, -37.7954 ], [ -71.06113, -37.79442 ], [ -71.05983, -37.79413 ], [ -71.05943, -37.79383 ], [ -71.05963, -37.79282 ], [ -71.05922, -37.7925 ], [ -71.05947, -37.79239 ], [ -71.05958, -37.79199 ], [ -71.05975, -37.79212 ], [ -71.05995, -37.79205 ], [ -71.05985, -37.79181 ], [ -71.06005, -37.79142 ], [ -71.06069, -37.79131 ], [ -71.06033, -37.79114 ], [ -71.06033, -37.7907 ], [ -71.05977, -37.79058 ], [ -71.06013, -37.79038 ], [ -71.06002, -37.7901 ], [ -71.06091, -37.78965 ], [ -71.06075, -37.78889 ], [ -71.06129, -37.78868 ], [ -71.06145, -37.78765 ], [ -71.06113, -37.78634 ], [ -71.06032, -37.78544 ], [ -71.05472, -37.784 ] ], [ [ -71.1007, -37.82055 ], [ -71.10151, -37.82033 ], [ -71.10168, -37.82004 ], [ -71.10129, -37.8186 ], [ -71.10043, -37.81762 ], [ -71.10059, -37.81678 ], [ -71.10039, -37.8164 ], [ -71.09913, -37.81527 ], [ -71.09772, -37.81439 ], [ -71.09579, -37.81416 ], [ -71.09489, -37.81364 ], [ -71.09346, -37.81332 ] ], [ [ -71.05472, -37.784 ], [ -71.05456, -37.78316 ], [ -71.05253, -37.78262 ], [ -71.05176, -37.7822 ], [ -71.05119, -37.7814 ], [ -71.05026, -37.78156 ], [ -71.0505, -37.78108 ], [ -71.05147, -37.78082 ], [ -71.05062, -37.78031 ], [ -71.05066, -37.77954 ], [ -71.04868, -37.78015 ], [ -71.04799, -37.77976 ], [ -71.04742, -37.7805 ], [ -71.04685, -37.78008 ], [ -71.04754, -37.77951 ], [ -71.04799, -37.77861 ], [ -71.04872, -37.77835 ], [ -71.04833, -37.77759 ] ] ] } },
{ "type": "Feature", "properties": { "nombre": "Arroyo de los Burros", "tipo": "river", "volcan_codigo": "CPA", "volcan_nombre": "Copahue", "drena_volcan": false }, "geometry": { "type": "LineString", "coordinates": [ [ -70.98853, -38.19629 ], [ -70.98576, -38.19506 ], [ -70.98428, -38.19366 ], [ -70.9818, -38.19183 ], [ -70.98154, -38.19054 ], [ -70.97737, -38.18745 ], [ -70.97516, -38.1862 ], [ -70.97175, -38.1864 ], [ -70.96944, -38.18733 ], [ -70.96389, -38.1882 ], [ -70.96243, -38.18942 ], [ -70.9588, -38.18967 ], [ -70.95402, -38.19073 ], [ -70.94951, -38.19074 ], [ -70.94874, -38.19032 ], [ -70.94819, -38.19028 ], [ -70.94768, -38.19002 ], [ -70.94704, -38.18846 ], [ -70.94629, -38.18827 ], [ -70.94464, -38.18842 ], [ -70.94325, -38.18816 ] ] } },
{ "type": "Feature", "properties": { "nombre": "Arroyo de los Tábanos", "tipo": "river", "volcan_codigo": "CPA", "volcan_nombre": "Copahue", "drena_volcan": false }, "geometry": { "type": "MultiLineString", "coordinates": [ [ [ -70.96376, -38.12806 ], [ -70.96397, -38.13033 ], [ -70.96457, -38.13376 ], [ -70.96481, -38.13458 ], [ -70.96502, -38.13481 ], [ -70.965, -38.13527 ], [ -70.96568, -38.13602 ], [ -70.96569, -38.13649 ], [ -70.96548, -38.13675 ], [ -70.96535, -38.13736 ], [ -70.96553, -38.13771 ], [ -70.96581, -38.13783 ], [ -70.96579, -38.13813 ], [ -70.96607, -38.13833 ], [ -70.96606, -38.13861 ], [ -70.9658, -38.13877 ], [ -70.96643, -38.13918 ], [ -70.96618, -38.13959 ], [ -70.96665, -38.14021 ], [ -70.96706, -38.14008 ], [ -70.96726, -38.14017 ], [ -70.9674, -38.14032 ], [ -70.96727, -38.14044 ], [ -70.96768, -38.14086 ], [ -70.96851, -38.14136 ], [ -70.96886, -38.14179 ], [ -70.9688, -38.1437 ], [ -70.96854, -38.14478 ], [ -70.96708, -38.14608 ], [ -70.96534, -38.14637 ], [ -70.9635, -38.14701 ], [ -70.96212, -38.14815 ], [ -70.96197, -38.14864 ], [ -70.96233, -38.14926 ] ], [ [ -70.97371, -38.10325 ], [ -70.97, -38.10546 ], [ -70.96697, -38.10973 ], [ -70.96719, -38.11181 ], [ -70.96779, -38.11399 ], [ -70.96717, -38.11603 ], [ -70.96631, -38.1179 ], [ -70.96601, -38.11939 ], [ -70.96665, -38.12111 ], [ -70.965, -38.12221 ], [ -70.96446, -38.12324 ], [ -70.96363, -38.12386 ], [ -70.96455, -38.12552 ], [ -70.96376, -38.12806 ] ] ] } },
{ "type": "Feature", "properties": { "nombre": "Arroyo del Cacique", "tipo": "stream", "volcan_codigo": "CPA", "volcan_nombre": "Copahue", "drena_volcan": false }, "geometry": { "type": "MultiLineString", "coordinates": [ [ [ -70.98628, -37.89738 ], [ -70.98775, -37.89692 ], [ -70.98836, -37.89635 ], [ -70.98832, -37.89601 ], [ -70.9885, -37.89585 ], [ -70.98818, -37.8955 ], [ -70.9883, -37.89527 ], [ -70.98821, -37.89514 ], [ -70.98838, -37.89503 ], [ -70.98813, -37.8948 ], [ -70.98775, -37.89482 ], [ -70.98738, -37.89372 ], [ -70.98702, -37.89386 ], [ -70.98707, -37.89373 ], [ -70.98634, -37.89285 ], [ -70.98634, -37.89245 ], [ -70.98611, -37.89226 ], [ -70.98581, -37.89023 ], [ -70.98525, -37.88955 ], [ -70.98491, -37.88938 ], [ -70.98418, -37.88828 ], [ -70.98291, -37.88706 ], [ -70.98281, -37.88682 ], [ -70.98292, -37.88654 ], [ -70.98245, -37.88541 ], [ -70.98143, -37.88484 ], [ -70.98104, -37.885 ], [ -70.98042, -37.8841 ], [ -70.97956, -37.88406 ], [ -70.97917, -37.8843 ], [ -70.978, -37.88436 ], [ -70.9779, -37.88374 ], [ -70.97801, -37.88333 ], [ -70.97821, -37.88322 ], [ -70.97776, -37.8819 ], [ -70.97798, -37.88187 ], [ -70.97782, -37.88152 ], [ -70.97817, -37.88141 ], [ -70.97812, -37.88098 ], [ -70.97789, -37.88111 ], [ -70.97812, -37.88061 ], [ -70.97808, -37.88031 ] ], [ [ -70.97808, -37.88031 ], [ -70.97712, -37.88041 ], [ -70.97606, -37.88029 ], [ -70.97584, -37.87976 ], [ -70.97625, -37.8796 ], [ -70.97627, -37.87933 ], [ -70.97568, -37.87893 ], [ -70.97589, -37.87877 ], [ -70.97564, -37.87847 ], [ -70.97519, -37.87862 ], [ -70.97516, -37.87828 ], [ -70.97555, -37.87704 ], [ -70.97551, -37.87561 ], [ -70.97497, -37.8742 ] ], [ [ -70.98446, -37.90014 ], [ -70.98367, -37.89897 ], [ -70.98285, -37.8981 ], [ -70.98351, -37.89701 ], [ -70.98465, -37.89664 ], [ -70.98532, -37.8968 ], [ -70.98617, -37.89742 ] ], [ [ -70.98617, -37.89742 ], [ -70.98628, -37.89738 ] ] ] } },
{ "type": "Feature", "properties": { "nombre": "Arroyo del Camping", "tipo": "stream", "volcan_codigo": "CPA", "volcan_nombre": "Copahue", "drena_volcan": false }, "geometry": { "type": "MultiLineString", "coordinates": [ [ [ -71.06202, -37.83841 ], [ -71.05964, -37.83856 ], [ -71.05691, -37.83987 ], [ -71.05252, -37.83912 ], [ -71.05144, -37.84004 ], [ -71.04969, -37.8404 ], [ -71.04552, -37.84061 ], [ -71.04395, -37.84174 ], [ -71.04095, -37.84312 ], [ -71.03584, -37.84627 ], [ -71.02958, -37.84821 ], [ -71.02763, -37.849 ], [ -71.02752, -37.85192 ] ], [ [ -71.02752, -37.85201 ], [ -71.02724, -37.85281 ], [ -71.02771, -37.85388 ], [ -71.02877, -37.85454 ], [ -71.02807, -37.85574 ], [ -71.0281, -37.85629 ], [ -71.02875, -37.85736 ], [ -71.02835, -37.85798 ], [ -71.02774, -37.8579 ], [ -71.02455, -37.85849 ], [ -71.02485, -37.85898 ], [ -71.0247, -37.85913 ], [ -71.0241, -37.85907 ], [ -71.02428, -37.85933 ], [ -71.02477, -37.85938 ], [ -71.0241, -37.86002 ], [ -71.02445, -37.86038 ], [ -71.02426, -37.86065 ], [ -71.0231, -37.8612 ], [ -71.02358, -37.8614 ], [ -71.02408, -37.86133 ], [ -71.02416, -37.86221 ], [ -71.02374, -37.86363 ], [ -71.02419, -37.86449 ] ], [ [ -71.02752, -37.85192 ], [ -71.02752, -37.85201 ] ] ] } },
{ "type": "Feature", "properties": { "nombre": "Arroyo del Coironal", "tipo": "stream", "volcan_codigo": "CPA", "volcan_nombre": "Copahue", "drena_volcan": false }, "geometry": { "type": "LineString", "coordinates": [ [ -71.1285, -37.52524 ], [ -71.12777, -37.52566 ], [ -71.12719, -37.52809 ], [ -71.12567, -37.5288 ], [ -71.12503, -37.53153 ], [ -71.12472, -37.532 ], [ -71.12489, -37.53259 ], [ -71.12472, -37.5329 ], [ -71.12508, -37.53384 ], [ -71.1252, -37.53488 ], [ -71.12468, -37.53554 ], [ -71.12468, -37.53594 ], [ -71.12414, -37.53705 ], [ -71.12401, -37.53787 ], [ -71.12371, -37.53809 ], [ -71.12376, -37.53849 ], [ -71.12258, -37.5401 ], [ -71.12196, -37.54039 ], [ -71.12111, -37.54173 ], [ -71.11994, -37.54242 ] ] } },
{ "type": "Feature", "properties": { "nombre": "Arroyo del Portezuelo", "tipo": "stream", "volcan_codigo": "CPA", "volcan_nombre": "Copahue", "drena_volcan": false }, "geometry": { "type": "MultiLineString", "coordinates": [ [ [ -71.04091, -37.91088 ], [ -71.04175, -37.9107 ], [ -71.04185, -37.91022 ], [ -71.04154, -37.90998 ], [ -71.04152, -37.90965 ], [ -71.04119, -37.90942 ], [ -71.04141, -37.90935 ], [ -71.04142, -37.909 ], [ -71.04096, -37.90863 ], [ -71.04086, -37.90802 ], [ -71.04031, -37.90797 ], [ -71.04023, -37.90811 ], [ -71.04008, -37.90798 ], [ -71.03972, -37.90847 ], [ -71.03929, -37.90825 ], [ -71.039, -37.90851 ], [ -71.03822, -37.90834 ], [ -71.03746, -37.90779 ], [ -71.03751, -37.90721 ], [ -71.03722, -37.90675 ], [ -71.03718, -37.90629 ], [ -71.03592, -37.90615 ], [ -71.03554, -37.90561 ], [ -71.03557, -37.90521 ], [ -71.035, -37.90501 ], [ -71.03505, -37.90481 ], [ -71.03445, -37.90483 ], [ -71.03362, -37.9045 ], [ -71.0335, -37.90374 ], [ -71.03316, -37.9037 ], [ -71.03301, -37.90347 ], [ -71.03212, -37.903 ], [ -71.03039, -37.90277 ], [ -71.03008, -37.90256 ], [ -71.02968, -37.90168 ], [ -71.02856, -37.90135 ], [ -71.0284, -37.90078 ], [ -71.02776, -37.90005 ], [ -71.02723, -37.89988 ], [ -71.02686, -37.89932 ], [ -71.02633, -37.89915 ], [ -71.02628, -37.89859 ], [ -71.02598, -37.8984 ], [ -71.02599, -37.89748 ], [ -71.02522, -37.89674 ], [ -71.02525, -37.89657 ], [ -71.02457, -37.89621 ], [ -71.02444, -37.89475 ] ], [ [ -71.02444, -37.89475 ], [ -71.02444, -37.89452 ] ], [ [ -71.02444, -37.89452 ], [ -71.02447, -37.89355 ], [ -71.0246, -37.89344 ] ], [ [ -71.04329, -37.91464 ], [ -71.04337, -37.91438 ], [ -71.04274, -37.91397 ], [ -71.04239, -37.91354 ], [ -71.04246, -37.91333 ], [ -71.04229, -37.91308 ], [ -71.04123, -37.91294 ], [ -71.04083, -37.91255 ] ] ] } },
{ "type": "Feature", "properties": { "nombre": "Arroyo Ñireco", "tipo": "river", "volcan_codigo": "CPA", "volcan_nombre": "Copahue", "drena_volcan": false }, "geometry": { "type": "LineString", "coordinates": [ [ -70.85284, -37.67182 ], [ -70.85291, -37.67131 ], [ -70.85203, -37.66993 ], [ -70.85166, -37.6688 ], [ -70.85091, -37.66789 ], [ -70.85109, -37.66709 ], [ -70.85182, -37.66664 ], [ -70.85264, -37.66538 ], [ -70.85317, -37.66426 ], [ -70.85319, -37.66347 ], [ -70.85349, -37.66333 ], [ -70.85354, -37.66284 ], [ -70.85391, -37.66257 ], [ -70.85394, -37.66196 ], [ -70.85487, -37.66121 ], [ -70.85491, -37.6609 ], [ -70.85544, -37.66009 ], [ -70.85534, -37.65994 ], [ -70.8558, -37.65904 ], [ -70.85573, -37.65818 ], [ -70.85618, -37.65772 ], [ -70.85624, -37.65743 ], [ -70.85609, -37.65646 ], [ -70.85618, -37.65606 ], [ -70.85592, -37.65598 ], [ -70.85564, -37.65503 ], [ -70.85664, -37.65447 ], [ -70.85673, -37.65395 ], [ -70.85655, -37.65391 ], [ -70.8565, -37.65365 ], [ -70.8573, -37.65342 ], [ -70.85723, -37.65301 ], [ -70.85755, -37.65298 ], [ -70.85736, -37.65275 ], [ -70.85749, -37.65188 ], [ -70.85859, -37.65098 ], [ -70.85875, -37.65098 ], [ -70.85877, -37.65145 ], [ -70.85926, -37.65133 ], [ -70.85916, -37.65111 ], [ -70.8594, -37.65107 ], [ -70.85956, -37.65069 ], [ -70.86003, -37.65066 ], [ -70.86025, -37.651 ], [ -70.86103, -37.65044 ], [ -70.86101, -37.65023 ], [ -70.86075, -37.65006 ], [ -70.86126, -37.64968 ], [ -70.86126, -37.64948 ], [ -70.86176, -37.6494 ], [ -70.86191, -37.64923 ], [ -70.86225, -37.64924 ], [ -70.86245, -37.64948 ], [ -70.86275, -37.64953 ], [ -70.863, -37.64987 ], [ -70.86354, -37.64964 ], [ -70.86408, -37.65022 ], [ -70.86467, -37.65005 ], [ -70.8647, -37.64968 ], [ -70.86559, -37.64956 ], [ -70.86617, -37.64925 ], [ -70.86748, -37.6489 ], [ -70.86744, -37.64808 ], [ -70.86765, -37.64726 ], [ -70.86733, -37.64686 ], [ -70.86791, -37.64609 ], [ -70.86808, -37.64562 ], [ -70.86797, -37.64528 ], [ -70.86816, -37.64487 ], [ -70.86957, -37.64416 ], [ -70.87051, -37.64411 ], [ -70.87083, -37.64382 ], [ -70.87118, -37.64378 ], [ -70.87166, -37.64288 ], [ -70.87213, -37.64253 ] ] } },
{ "type": "Feature", "properties": { "nombre": "Cajón de Chenque Pehuén", "tipo": "river", "volcan_codigo": "CPA", "volcan_nombre": "Copahue", "drena_volcan": false }, "geometry": { "type": "LineString", "coordinates": [ [ -70.92889, -38.11133 ], [ -70.92578, -38.11001 ], [ -70.91964, -38.10528 ], [ -70.91775, -38.10526 ], [ -70.91443, -38.10393 ], [ -70.91114, -38.10226 ], [ -70.90846, -38.10043 ], [ -70.90445, -38.09984 ], [ -70.9031, -38.09832 ], [ -70.89878, -38.09728 ], [ -70.88857, -38.09738 ], [ -70.88732, -38.09674 ], [ -70.8864, -38.09532 ], [ -70.88233, -38.09376 ], [ -70.88153, -38.09287 ], [ -70.87851, -38.09255 ], [ -70.87522, -38.09157 ], [ -70.87409, -38.0908 ], [ -70.87238, -38.09025 ], [ -70.87135, -38.08881 ], [ -70.87068, -38.08726 ], [ -70.86849, -38.08617 ], [ -70.86759, -38.08626 ], [ -70.86645, -38.08515 ] ] } },
{ "type": "Feature", "properties": { "nombre": "Cañada La Rejilla", "tipo": "stream", "volcan_codigo": "CPA", "volcan_nombre": "Copahue", "drena_volcan": false }, "geometry": { "type": "LineString", "coordinates": [ [ -71.11004, -37.58324 ], [ -71.10912, -37.5825 ], [ -71.10884, -37.58159 ], [ -71.10953, -37.57909 ], [ -71.11009, -37.57793 ], [ -71.10994, -37.57665 ], [ -71.11061, -37.57551 ], [ -71.11001, -37.57436 ], [ -71.11004, -37.57376 ], [ -71.11055, -37.57312 ], [ -71.11043, -37.5718 ], [ -71.10978, -37.57099 ], [ -71.10975, -37.57076 ], [ -71.10978, -37.57011 ], [ -71.11003, -37.56983 ], [ -71.10996, -37.56922 ], [ -71.11055, -37.56848 ], [ -71.11034, -37.56815 ], [ -71.11052, -37.56755 ], [ -71.11012, -37.56672 ], [ -71.11071, -37.566 ], [ -71.11045, -37.56567 ], [ -71.11045, -37.56537 ], [ -71.11058, -37.56487 ], [ -71.11085, -37.56457 ], [ -71.11089, -37.5641 ], [ -71.11066, -37.56388 ], [ -71.11058, -37.56335 ], [ -71.11095, -37.56259 ], [ -71.11127, -37.56238 ], [ -71.11139, -37.56143 ], [ -71.11181, -37.56058 ], [ -71.11226, -37.56018 ], [ -71.11246, -37.55914 ], [ -71.11313, -37.55896 ], [ -71.11324, -37.55875 ], [ -71.11408, -37.55834 ], [ -71.11391, -37.5579 ], [ -71.11428, -37.55742 ], [ -71.11489, -37.55705 ], [ -71.11527, -37.55649 ], [ -71.11609, -37.55651 ], [ -71.11622, -37.556 ], [ -71.11591, -37.55572 ] ] } },
{ "type": "Feature", "properties": { "nombre": "Decarga Ralco", "tipo": "canal", "volcan_codigo": "CPA", "volcan_nombre": "Copahue", "drena_volcan": false }, "geometry": { "type": "LineString", "coordinates": [ [ -71.51818, -37.99728 ], [ -71.5176, -37.99691 ] ] } },
{ "type": "Feature", "properties": { "nombre": "EStero El Quemado", "tipo": "stream", "volcan_codigo": "CPA", "volcan_nombre": "Copahue", "drena_volcan": true }, "geometry": { "type": "LineString", "coordinates": [ [ -71.20999, -37.85886 ], [ -71.21133, -37.85887 ], [ -71.21254, -37.85855 ], [ -71.21277, -37.85824 ], [ -71.21364, -37.8577 ], [ -71.21429, -37.85689 ], [ -71.21512, -37.85659 ], [ -71.21603, -37.855 ], [ -71.21599, -37.85467 ], [ -71.21519, -37.85384 ], [ -71.21566, -37.85332 ], [ -71.21596, -37.85329 ], [ -71.21687, -37.8526 ], [ -71.21785, -37.85249 ], [ -71.2183, -37.85216 ], [ -71.21839, -37.85178 ], [ -71.21888, -37.85138 ], [ -71.22025, -37.85133 ], [ -71.22141, -37.85101 ], [ -71.22259, -37.84999 ], [ -71.22341, -37.84958 ], [ -71.22411, -37.84956 ], [ -71.22447, -37.84898 ], [ -71.22438, -37.84801 ], [ -71.22471, -37.84775 ], [ -71.22455, -37.8476 ], [ -71.22482, -37.84719 ], [ -71.22575, -37.84651 ], [ -71.22615, -37.84646 ], [ -71.22635, -37.84601 ], [ -71.22664, -37.84593 ], [ -71.22787, -37.84482 ], [ -71.22827, -37.84488 ], [ -71.22866, -37.84451 ], [ -71.22924, -37.84452 ], [ -71.23035, -37.84424 ], [ -71.23088, -37.84406 ], [ -71.23179, -37.8434 ], [ -71.23232, -37.84339 ], [ -71.233, -37.84304 ], [ -71.23364, -37.84293 ], [ -71.23409, -37.84213 ], [ -71.23474, -37.84199 ], [ -71.23626, -37.84089 ], [ -71.2368, -37.8407 ], [ -71.23785, -37.83961 ], [ -71.23831, -37.83863 ], [ -71.23834, -37.83782 ], [ -71.2388, -37.83736 ], [ -71.23892, -37.83687 ], [ -71.23929, -37.83664 ], [ -71.23942, -37.8361 ], [ -71.24029, -37.83556 ], [ -71.24057, -37.83555 ], [ -71.24087, -37.83506 ], [ -71.24138, -37.83479 ], [ -71.24148, -37.83415 ], [ -71.24279, -37.83385 ], [ -71.24337, -37.833 ], [ -71.24419, -37.83244 ], [ -71.24414, -37.83204 ], [ -71.24465, -37.83142 ], [ -71.24448, -37.83123 ], [ -71.24504, -37.8307 ], [ -71.24616, -37.83032 ], [ -71.24694, -37.83043 ], [ -71.24809, -37.82975 ], [ -71.2486, -37.82921 ], [ -71.24959, -37.82914 ], [ -71.25069, -37.82929 ], [ -71.25125, -37.82919 ], [ -71.25143, -37.82879 ], [ -71.25193, -37.82862 ], [ -71.25328, -37.8287 ], [ -71.25593, -37.82771 ], [ -71.25634, -37.82777 ], [ -71.25666, -37.82761 ], [ -71.25714, -37.82777 ], [ -71.25791, -37.82755 ], [ -71.25882, -37.82755 ], [ -71.25918, -37.82699 ], [ -71.25986, -37.82706 ], [ -71.26061, -37.82671 ], [ -71.26111, -37.8268 ], [ -71.26285, -37.8262 ], [ -71.26369, -37.82622 ], [ -71.26391, -37.82593 ], [ -71.26481, -37.82562 ], [ -71.26517, -37.825 ], [ -71.26562, -37.82545 ], [ -71.26655, -37.82487 ], [ -71.26671, -37.82508 ], [ -71.26716, -37.82499 ], [ -71.26715, -37.82436 ], [ -71.26746, -37.82415 ], [ -71.26791, -37.82423 ], [ -71.2686, -37.82324 ], [ -71.26851, -37.82286 ], [ -71.26877, -37.82227 ], [ -71.26829, -37.82202 ], [ -71.26924, -37.82139 ], [ -71.26939, -37.82054 ], [ -71.26892, -37.81963 ], [ -71.26934, -37.81928 ], [ -71.26934, -37.81879 ], [ -71.26963, -37.8186 ], [ -71.26969, -37.81773 ], [ -71.26942, -37.81763 ], [ -71.26984, -37.81713 ], [ -71.26996, -37.81657 ], [ -71.26961, -37.81625 ], [ -71.27028, -37.81594 ], [ -71.27035, -37.81554 ], [ -71.26999, -37.81497 ], [ -71.27061, -37.81484 ], [ -71.27047, -37.81451 ], [ -71.27059, -37.81365 ], [ -71.27138, -37.81309 ], [ -71.2711, -37.81282 ], [ -71.27211, -37.81088 ], [ -71.27174, -37.81039 ], [ -71.27247, -37.80978 ], [ -71.2727, -37.80917 ], [ -71.27384, -37.80832 ] ] } },
{ "type": "Feature", "properties": { "nombre": "Estero Azul Chico", "tipo": "river", "volcan_codigo": "CPA", "volcan_nombre": "Copahue", "drena_volcan": false }, "geometry": { "type": "LineString", "coordinates": [ [ -71.57855, -37.77572 ], [ -71.57946, -37.77649 ], [ -71.57946, -37.77696 ], [ -71.58021, -37.7782 ], [ -71.58028, -37.77874 ], [ -71.58019, -37.77962 ], [ -71.57893, -37.78325 ], [ -71.57897, -37.78398 ], [ -71.57974, -37.78668 ], [ -71.57959, -37.78702 ], [ -71.58047, -37.78824 ], [ -71.5821, -37.78941 ], [ -71.58343, -37.79 ], [ -71.5829, -37.79141 ], [ -71.5829, -37.79238 ], [ -71.58152, -37.7938 ], [ -71.58133, -37.79446 ], [ -71.58097, -37.7948 ], [ -71.57953, -37.79544 ], [ -71.57912, -37.79582 ], [ -71.57946, -37.79621 ], [ -71.57942, -37.79655 ], [ -71.57886, -37.79699 ], [ -71.57837, -37.79785 ], [ -71.57732, -37.79878 ], [ -71.57455, -37.80029 ], [ -71.57371, -37.80109 ], [ -71.57341, -37.8017 ], [ -71.57253, -37.80248 ], [ -71.57062, -37.80302 ], [ -71.57062, -37.80341 ], [ -71.56953, -37.80368 ], [ -71.56916, -37.80457 ], [ -71.56805, -37.80545 ], [ -71.5664, -37.8064 ], [ -71.56567, -37.80748 ], [ -71.56534, -37.80772 ], [ -71.56545, -37.80884 ], [ -71.56595, -37.81018 ], [ -71.56657, -37.81058 ], [ -71.5674, -37.8116 ], [ -71.56813, -37.81184 ], [ -71.56833, -37.81289 ], [ -71.56897, -37.81418 ], [ -71.56796, -37.81482 ], [ -71.56743, -37.81537 ], [ -71.56719, -37.81686 ], [ -71.5674, -37.81723 ], [ -71.56689, -37.81826 ], [ -71.56713, -37.81882 ], [ -71.56713, -37.81938 ], [ -71.56547, -37.81974 ], [ -71.56513, -37.82019 ] ] } },
{ "type": "Feature", "properties": { "nombre": "Estero Cancán", "tipo": "stream", "volcan_codigo": "CPA", "volcan_nombre": "Copahue", "drena_volcan": true }, "geometry": { "type": "LineString", "coordinates": [ [ -71.26089, -37.742 ], [ -71.26228, -37.74131 ], [ -71.26326, -37.74043 ], [ -71.26362, -37.73958 ], [ -71.26348, -37.73947 ], [ -71.2648, -37.73834 ], [ -71.26461, -37.73786 ], [ -71.26546, -37.7374 ], [ -71.26598, -37.73655 ], [ -71.26798, -37.7357 ], [ -71.26935, -37.73573 ], [ -71.26939, -37.73471 ], [ -71.27003, -37.73312 ], [ -71.27042, -37.73269 ], [ -71.27076, -37.73196 ], [ -71.27122, -37.73009 ], [ -71.27288, -37.72813 ], [ -71.2742, -37.72736 ] ] } },
{ "type": "Feature", "properties": { "nombre": "Estero Chancamalal", "tipo": "stream", "volcan_codigo": "CPA", "volcan_nombre": "Copahue", "drena_volcan": true }, "geometry": { "type": "LineString", "coordinates": [ [ -71.43357, -37.67978 ], [ -71.43369, -37.68053 ], [ -71.43474, -37.68181 ], [ -71.43425, -37.68244 ], [ -71.43517, -37.6828 ], [ -71.43637, -37.68398 ], [ -71.43712, -37.68441 ], [ -71.4393, -37.68502 ], [ -71.43929, -37.68579 ], [ -71.44049, -37.68725 ], [ -71.44061, -37.68801 ], [ -71.44096, -37.68799 ], [ -71.44117, -37.68753 ], [ -71.44159, -37.68742 ], [ -71.44182, -37.68764 ], [ -71.44187, -37.68819 ], [ -71.44248, -37.688 ], [ -71.44315, -37.68836 ], [ -71.44445, -37.68872 ], [ -71.44569, -37.69035 ], [ -71.44633, -37.69053 ], [ -71.44729, -37.69053 ], [ -71.44793, -37.6908 ], [ -71.44804, -37.69137 ], [ -71.44711, -37.69182 ], [ -71.44694, -37.69209 ], [ -71.44716, -37.69248 ], [ -71.44831, -37.69425 ], [ -71.44854, -37.69439 ], [ -71.44926, -37.69433 ], [ -71.44974, -37.69481 ], [ -71.45001, -37.69589 ], [ -71.45077, -37.69692 ], [ -71.45138, -37.69704 ], [ -71.45202, -37.69737 ], [ -71.45209, -37.69759 ] ] } },
{ "type": "Feature", "properties": { "nombre": "Estero El Aguada o El Volcán", "tipo": "stream", "volcan_codigo": "CPA", "volcan_nombre": "Copahue", "drena_volcan": false }, "geometry": { "type": "LineString", "coordinates": [ [ -71.38891, -37.46357 ], [ -71.38837, -37.463 ], [ -71.3885, -37.46274 ], [ -71.38826, -37.46218 ], [ -71.38694, -37.46153 ], [ -71.38673, -37.46107 ], [ -71.38583, -37.46088 ], [ -71.38572, -37.46056 ], [ -71.38472, -37.45986 ], [ -71.38457, -37.45964 ], [ -71.38463, -37.45914 ], [ -71.38428, -37.45872 ], [ -71.38418, -37.45826 ], [ -71.38306, -37.45769 ], [ -71.38239, -37.45698 ], [ -71.38173, -37.45678 ], [ -71.38038, -37.45586 ], [ -71.37969, -37.45483 ], [ -71.37967, -37.45405 ], [ -71.3792, -37.45362 ], [ -71.37894, -37.45313 ], [ -71.37836, -37.45293 ], [ -71.37815, -37.45246 ], [ -71.37781, -37.45228 ], [ -71.37728, -37.45164 ], [ -71.3772, -37.45125 ], [ -71.37632, -37.45075 ], [ -71.37592, -37.45021 ], [ -71.37499, -37.44972 ], [ -71.37439, -37.4489 ], [ -71.37363, -37.4484 ], [ -71.37351, -37.44807 ], [ -71.37312, -37.44791 ], [ -71.3726, -37.44728 ], [ -71.37266, -37.44687 ], [ -71.37252, -37.4467 ], [ -71.37185, -37.44654 ], [ -71.3709, -37.44684 ], [ -71.36938, -37.44657 ], [ -71.36908, -37.44681 ], [ -71.3682, -37.44682 ], [ -71.36787, -37.44658 ], [ -71.36684, -37.44689 ], [ -71.36633, -37.44673 ], [ -71.36588, -37.44716 ], [ -71.3633, -37.44736 ], [ -71.36281, -37.44757 ], [ -71.36253, -37.4479 ], [ -71.36248, -37.44831 ], [ -71.36175, -37.44938 ], [ -71.36058, -37.45032 ], [ -71.35781, -37.4507 ], [ -71.35633, -37.45238 ], [ -71.35553, -37.45254 ], [ -71.35479, -37.45316 ], [ -71.35479, -37.45335 ], [ -71.35435, -37.45384 ], [ -71.35336, -37.45418 ], [ -71.35278, -37.4546 ], [ -71.35265, -37.45507 ], [ -71.3515, -37.45604 ], [ -71.35128, -37.45672 ], [ -71.35153, -37.45695 ], [ -71.3514, -37.45734 ], [ -71.35063, -37.45776 ], [ -71.35051, -37.45807 ], [ -71.34953, -37.45843 ], [ -71.34869, -37.45909 ], [ -71.34802, -37.45921 ], [ -71.3464, -37.45901 ], [ -71.34592, -37.45921 ], [ -71.34459, -37.4592 ], [ -71.34367, -37.46008 ], [ -71.34322, -37.46029 ], [ -71.34191, -37.46041 ], [ -71.34165, -37.46055 ], [ -71.3414, -37.46099 ], [ -71.34057, -37.46118 ], [ -71.34031, -37.46155 ], [ -71.33933, -37.46195 ], [ -71.33855, -37.46204 ], [ -71.33813, -37.46227 ], [ -71.33674, -37.46198 ], [ -71.33597, -37.46237 ], [ -71.33483, -37.46239 ], [ -71.33373, -37.46281 ], [ -71.3323, -37.46276 ], [ -71.33113, -37.46308 ], [ -71.33006, -37.4628 ], [ -71.32888, -37.46299 ], [ -71.3279, -37.46278 ], [ -71.32701, -37.46283 ], [ -71.32582, -37.46243 ], [ -71.3249, -37.46247 ], [ -71.32432, -37.46231 ], [ -71.32354, -37.46171 ], [ -71.3229, -37.46164 ], [ -71.32221, -37.46169 ], [ -71.32181, -37.46192 ], [ -71.32107, -37.4618 ], [ -71.32027, -37.46233 ], [ -71.31982, -37.46243 ], [ -71.31901, -37.46231 ], [ -71.31793, -37.46262 ], [ -71.31713, -37.46215 ], [ -71.31648, -37.46234 ], [ -71.31586, -37.46218 ], [ -71.31441, -37.46253 ], [ -71.31392, -37.46211 ], [ -71.31317, -37.46201 ], [ -71.31084, -37.46268 ], [ -71.30924, -37.46422 ], [ -71.30756, -37.46425 ], [ -71.30719, -37.46441 ] ] } },
{ "type": "Feature", "properties": { "nombre": "Estero El Avellano", "tipo": "stream", "volcan_codigo": "CPA", "volcan_nombre": "Copahue", "drena_volcan": true }, "geometry": { "type": "LineString", "coordinates": [ [ -71.52758, -37.98794 ], [ -71.52751, -37.98861 ], [ -71.52674, -37.98944 ], [ -71.52669, -37.99146 ] ] } },
{ "type": "Feature", "properties": { "nombre": "Estero El Prisionero", "tipo": "stream", "volcan_codigo": "CPA", "volcan_nombre": "Copahue", "drena_volcan": false }, "geometry": { "type": "MultiLineString", "coordinates": [ [ [ -71.57523, -37.92417 ], [ -71.57585, -37.92467 ] ], [ [ -71.57594, -37.92472 ], [ -71.57644, -37.92499 ] ], [ [ -71.57585, -37.92467 ], [ -71.57594, -37.92472 ] ] ] } },
{ "type": "Feature", "properties": { "nombre": "Estero El Saltillo de San Pedro", "tipo": "stream", "volcan_codigo": "CPA", "volcan_nombre": "Copahue", "drena_volcan": false }, "geometry": { "type": "LineString", "coordinates": [ [ -71.54946, -37.93287 ], [ -71.55407, -37.93242 ], [ -71.55861, -37.93252 ], [ -71.56019, -37.93227 ], [ -71.56335, -37.93261 ], [ -71.56428, -37.93296 ] ] } },
{ "type": "Feature", "properties": { "nombre": "Estero Guapitrio", "tipo": "stream", "volcan_codigo": "CPA", "volcan_nombre": "Copahue", "drena_volcan": false }, "geometry": { "type": "LineString", "coordinates": [ [ -71.41218, -38.18422 ], [ -71.41197, -38.18346 ], [ -71.41214, -38.1833 ], [ -71.41234, -38.18242 ], [ -71.41299, -38.18173 ], [ -71.41424, -38.18134 ], [ -71.41619, -38.18015 ], [ -71.4159, -38.17983 ], [ -71.41473, -38.17956 ], [ -71.41412, -38.17901 ], [ -71.41428, -38.17869 ], [ -71.41612, -38.17753 ], [ -71.4162, -38.17643 ], [ -71.41642, -38.17616 ], [ -71.41738, -38.17555 ], [ -71.41794, -38.17555 ], [ -71.41867, -38.1752 ], [ -71.41929, -38.17417 ], [ -71.42001, -38.17396 ], [ -71.42059, -38.17342 ], [ -71.42128, -38.17326 ], [ -71.42159, -38.1729 ], [ -71.42152, -38.17232 ], [ -71.42228, -38.17195 ], [ -71.4223, -38.17164 ], [ -71.42284, -38.1714 ], [ -71.42288, -38.1704 ], [ -71.4244, -38.17008 ], [ -71.42505, -38.16892 ], [ -71.42597, -38.16867 ], [ -71.42634, -38.16773 ], [ -71.4269, -38.16707 ], [ -71.42701, -38.16585 ], [ -71.42765, -38.16457 ], [ -71.42802, -38.16228 ] ] } },
{ "type": "Feature", "properties": { "nombre": "Estero Guayalí", "tipo": "stream", "volcan_codigo": "CPA", "volcan_nombre": "Copahue", "drena_volcan": false }, "geometry": { "type": "LineString", "coordinates": [ [ -71.28201, -38.02331 ], [ -71.28211, -38.02377 ], [ -71.28189, -38.02451 ], [ -71.28106, -38.02547 ], [ -71.28136, -38.02666 ], [ -71.2816, -38.02665 ], [ -71.28169, -38.0273 ], [ -71.28135, -38.02826 ], [ -71.28049, -38.02946 ], [ -71.2802, -38.02943 ], [ -71.27941, -38.03082 ], [ -71.27979, -38.03117 ], [ -71.27901, -38.03239 ], [ -71.27737, -38.03418 ], [ -71.27669, -38.03418 ], [ -71.27694, -38.03461 ], [ -71.27639, -38.03489 ], [ -71.27628, -38.03579 ], [ -71.27649, -38.03603 ], [ -71.27611, -38.03636 ], [ -71.27623, -38.03668 ], [ -71.27517, -38.03798 ], [ -71.27462, -38.03807 ], [ -71.27404, -38.03902 ], [ -71.27389, -38.03975 ], [ -71.27296, -38.04076 ], [ -71.27288, -38.04148 ], [ -71.27301, -38.04155 ], [ -71.27289, -38.04178 ], [ -71.27311, -38.04189 ], [ -71.27284, -38.04207 ], [ -71.27279, -38.04249 ], [ -71.27237, -38.0428 ], [ -71.27251, -38.04302 ], [ -71.27224, -38.04321 ], [ -71.27222, -38.04374 ], [ -71.27236, -38.044 ], [ -71.27331, -38.04415 ], [ -71.2733, -38.0449 ], [ -71.27318, -38.04521 ], [ -71.27289, -38.04536 ], [ -71.27315, -38.04561 ], [ -71.27316, -38.04583 ], [ -71.27285, -38.04607 ], [ -71.27301, -38.04664 ], [ -71.27367, -38.04725 ], [ -71.27376, -38.04765 ], [ -71.27458, -38.04808 ], [ -71.27479, -38.04867 ], [ -71.27546, -38.04943 ], [ -71.27552, -38.04976 ], [ -71.27684, -38.05045 ], [ -71.27799, -38.05126 ], [ -71.27847, -38.05181 ], [ -71.2788, -38.0518 ], [ -71.27944, -38.0524 ], [ -71.27987, -38.05241 ], [ -71.28137, -38.05312 ], [ -71.28217, -38.05382 ], [ -71.2824, -38.05443 ], [ -71.28343, -38.05588 ] ] } },
{ "type": "Feature", "properties": { "nombre": "Estero Huechicoyan", "tipo": "stream", "volcan_codigo": "CPA", "volcan_nombre": "Copahue", "drena_volcan": true }, "geometry": { "type": "MultiLineString", "coordinates": [ [ [ -71.27029, -37.69545 ], [ -71.27088, -37.69792 ], [ -71.27176, -37.69898 ], [ -71.27388, -37.69934 ], [ -71.27457, -37.70038 ], [ -71.27507, -37.70055 ], [ -71.27569, -37.70049 ], [ -71.27722, -37.70146 ] ], [ [ -71.27736, -37.70151 ], [ -71.28037, -37.70221 ] ], [ [ -71.27722, -37.70146 ], [ -71.27736, -37.70151 ] ] ] } },
{ "type": "Feature", "properties": { "nombre": "Estero Huelón", "tipo": "river", "volcan_codigo": "CPA", "volcan_nombre": "Copahue", "drena_volcan": false }, "geometry": { "type": "LineString", "coordinates": [ [ -71.35128, -37.72656 ], [ -71.35175, -37.72561 ], [ -71.35254, -37.72499 ], [ -71.35267, -37.72455 ], [ -71.35338, -37.72423 ], [ -71.35359, -37.72383 ], [ -71.35289, -37.72326 ], [ -71.35322, -37.72238 ], [ -71.35414, -37.72211 ], [ -71.35417, -37.72161 ], [ -71.35468, -37.72058 ], [ -71.35499, -37.72016 ], [ -71.35603, -37.71949 ], [ -71.35624, -37.71918 ], [ -71.35635, -37.71897 ], [ -71.35597, -37.71805 ], [ -71.35666, -37.71748 ], [ -71.35665, -37.71685 ], [ -71.35679, -37.7166 ] ] } },
{ "type": "Feature", "properties": { "nombre": "Estero La Mula", "tipo": "river", "volcan_codigo": "CPA", "volcan_nombre": "Copahue", "drena_volcan": false }, "geometry": { "type": "LineString", "coordinates": [ [ -71.35471, -37.88387 ], [ -71.35347, -37.8841 ], [ -71.35299, -37.88458 ], [ -71.35218, -37.88472 ], [ -71.35174, -37.88504 ], [ -71.35112, -37.88495 ], [ -71.34944, -37.8854 ], [ -71.34873, -37.88605 ], [ -71.34828, -37.88621 ], [ -71.34658, -37.88606 ], [ -71.34628, -37.8863 ], [ -71.34623, -37.88659 ], [ -71.34539, -37.88726 ], [ -71.34432, -37.8877 ], [ -71.3434, -37.8884 ] ] } },
{ "type": "Feature", "properties": { "nombre": "Estero Las Carpas", "tipo": "stream", "volcan_codigo": "CPA", "volcan_nombre": "Copahue", "drena_volcan": true }, "geometry": { "type": "LineString", "coordinates": [ [ -71.55906, -37.96773 ], [ -71.55927, -37.96835 ], [ -71.55919, -37.96943 ], [ -71.55954, -37.96988 ], [ -71.55971, -37.97045 ], [ -71.5595, -37.9714 ] ] } },
{ "type": "Feature", "properties": { "nombre": "Estero Leu", "tipo": "stream", "volcan_codigo": "CPA", "volcan_nombre": "Copahue", "drena_volcan": false }, "geometry": { "type": "LineString", "coordinates": [ [ -71.52071, -37.98887 ], [ -71.52152, -37.99048 ], [ -71.52157, -37.99181 ], [ -71.52144, -37.99213 ], [ -71.52183, -37.99262 ], [ -71.52243, -37.99297 ] ] } },
{ "type": "Feature", "properties": { "nombre": "Estero Loncotahue", "tipo": "river", "volcan_codigo": "CPA", "volcan_nombre": "Copahue", "drena_volcan": false }, "geometry": { "type": "LineString", "coordinates": [ [ -71.34609, -37.90658 ], [ -71.34406, -37.90654 ], [ -71.3438, -37.9067 ], [ -71.34344, -37.90734 ], [ -71.34296, -37.90735 ], [ -71.34273, -37.90761 ], [ -71.34191, -37.90785 ], [ -71.34136, -37.90777 ], [ -71.34111, -37.90851 ], [ -71.34024, -37.90914 ], [ -71.33977, -37.90922 ], [ -71.33966, -37.90965 ], [ -71.33879, -37.90995 ], [ -71.33833, -37.91007 ], [ -71.33718, -37.90968 ], [ -71.33628, -37.90986 ], [ -71.33549, -37.90979 ], [ -71.335, -37.90991 ], [ -71.33448, -37.91039 ] ] } },
{ "type": "Feature", "properties": { "nombre": "Estero Los Cruceros", "tipo": "stream", "volcan_codigo": "CPA", "volcan_nombre": "Copahue", "drena_volcan": false }, "geometry": { "type": "LineString", "coordinates": [ [ -71.54604, -37.98037 ], [ -71.5465, -37.98079 ], [ -71.54656, -37.98106 ], [ -71.54633, -37.98124 ], [ -71.54662, -37.98177 ], [ -71.54655, -37.98297 ], [ -71.54623, -37.98398 ], [ -71.5463, -37.98537 ], [ -71.54651, -37.98577 ] ] } },
{ "type": "Feature", "properties": { "nombre": "Estero Los Pinos", "tipo": "stream", "volcan_codigo": "CPA", "volcan_nombre": "Copahue", "drena_volcan": true }, "geometry": { "type": "LineString", "coordinates": [ [ -71.26088, -37.69849 ], [ -71.26117, -37.69888 ], [ -71.26142, -37.70016 ], [ -71.26178, -37.70069 ], [ -71.26208, -37.70178 ], [ -71.2636, -37.7029 ], [ -71.26462, -37.70401 ], [ -71.26666, -37.70416 ], [ -71.2678, -37.70363 ], [ -71.26881, -37.70352 ], [ -71.27003, -37.70361 ], [ -71.27119, -37.70394 ], [ -71.27278, -37.70396 ], [ -71.27376, -37.70458 ], [ -71.27531, -37.70501 ], [ -71.277, -37.70577 ], [ -71.27726, -37.70573 ], [ -71.2776, -37.70603 ] ] } },
{ "type": "Feature", "properties": { "nombre": "Estero Malal Grande", "tipo": "river", "volcan_codigo": "CPA", "volcan_nombre": "Copahue", "drena_volcan": false }, "geometry": { "type": "LineString", "coordinates": [ [ -71.20779, -37.754 ], [ -71.20908, -37.75351 ], [ -71.2093, -37.75348 ], [ -71.20959, -37.75373 ], [ -71.2107, -37.75343 ], [ -71.21154, -37.75384 ], [ -71.21206, -37.7544 ], [ -71.2184, -37.75552 ], [ -71.21935, -37.75586 ], [ -71.22, -37.75568 ], [ -71.21999, -37.75533 ], [ -71.22019, -37.75526 ], [ -71.22042, -37.75475 ] ] } },
{ "type": "Feature", "properties": { "nombre": "Estero Malla Chico o de La Piedra", "tipo": "river", "volcan_codigo": "CPA", "volcan_nombre": "Copahue", "drena_volcan": true }, "geometry": { "type": "LineString", "coordinates": [ [ -71.19068, -37.78656 ], [ -71.1911, -37.78656 ], [ -71.19199, -37.78728 ], [ -71.19437, -37.78723 ], [ -71.19513, -37.78761 ], [ -71.19645, -37.78778 ], [ -71.19879, -37.78689 ], [ -71.19952, -37.78694 ], [ -71.20069, -37.78615 ], [ -71.20145, -37.78614 ], [ -71.20209, -37.78664 ], [ -71.20236, -37.78721 ] ] } },
{ "type": "Feature", "properties": { "nombre": "Estero Pelahuenco", "tipo": "stream", "volcan_codigo": "CPA", "volcan_nombre": "Copahue", "drena_volcan": false }, "geometry": { "type": "LineString", "coordinates": [ [ -71.27681, -37.94935 ], [ -71.27628, -37.95211 ], [ -71.27641, -37.9534 ], [ -71.27588, -37.95412 ], [ -71.27547, -37.95419 ], [ -71.27529, -37.95447 ], [ -71.27535, -37.95484 ], [ -71.2752, -37.95522 ], [ -71.276, -37.95618 ], [ -71.27587, -37.95672 ], [ -71.27615, -37.95751 ], [ -71.27597, -37.95999 ], [ -71.27632, -37.96028 ], [ -71.27662, -37.96088 ], [ -71.27655, -37.96138 ], [ -71.2763, -37.96166 ], [ -71.2767, -37.962 ], [ -71.27644, -37.96261 ], [ -71.27642, -37.9631 ], [ -71.27662, -37.96346 ], [ -71.27601, -37.9634 ], [ -71.27582, -37.96362 ], [ -71.27598, -37.96393 ], [ -71.27585, -37.96423 ], [ -71.2759, -37.96544 ], [ -71.27652, -37.96644 ], [ -71.27694, -37.96678 ], [ -71.27725, -37.96672 ], [ -71.27759, -37.96695 ], [ -71.27839, -37.96839 ], [ -71.27858, -37.96902 ], [ -71.2789, -37.96934 ], [ -71.27885, -37.96978 ], [ -71.27841, -37.9703 ], [ -71.2785, -37.97102 ], [ -71.2787, -37.97142 ], [ -71.2791, -37.97169 ], [ -71.279, -37.97215 ], [ -71.27933, -37.97254 ], [ -71.27981, -37.97367 ], [ -71.28039, -37.97404 ], [ -71.28071, -37.97454 ], [ -71.28051, -37.97479 ], [ -71.27996, -37.97476 ], [ -71.27983, -37.97534 ], [ -71.28122, -37.97701 ], [ -71.28109, -37.97764 ], [ -71.2807, -37.9782 ], [ -71.28147, -37.97865 ], [ -71.28137, -37.97909 ], [ -71.28159, -37.98044 ], [ -71.28218, -37.98087 ], [ -71.28253, -37.98156 ], [ -71.28326, -37.98216 ], [ -71.28366, -37.98282 ], [ -71.28358, -37.9834 ], [ -71.28379, -37.98373 ], [ -71.28442, -37.98425 ], [ -71.28475, -37.98463 ], [ -71.28476, -37.98489 ], [ -71.28566, -37.98573 ], [ -71.28509, -37.98603 ], [ -71.28546, -37.98677 ], [ -71.28467, -37.98717 ], [ -71.28462, -37.98738 ], [ -71.28543, -37.98899 ], [ -71.28508, -37.99044 ], [ -71.28493, -37.99075 ], [ -71.28453, -37.99097 ], [ -71.28462, -37.99116 ], [ -71.28567, -37.99161 ], [ -71.2854, -37.99237 ], [ -71.28566, -37.99326 ], [ -71.28552, -37.99366 ], [ -71.2845, -37.99448 ], [ -71.28463, -37.99473 ], [ -71.2843, -37.99534 ], [ -71.28515, -37.99722 ], [ -71.2856, -37.99902 ], [ -71.28551, -37.99963 ], [ -71.28492, -38.0008 ], [ -71.2845, -38.00119 ], [ -71.28458, -38.00174 ], [ -71.28442, -38.0019 ], [ -71.28385, -38.00185 ], [ -71.28349, -38.00199 ], [ -71.28348, -38.00244 ], [ -71.28391, -38.00374 ], [ -71.28535, -38.00643 ], [ -71.28503, -38.00737 ], [ -71.28724, -38.00856 ], [ -71.28762, -38.00934 ], [ -71.28808, -38.00981 ], [ -71.28798, -38.01067 ] ] } },
{ "type": "Feature", "properties": { "nombre": "Estero Pichicoyahue", "tipo": "river", "volcan_codigo": "CPA", "volcan_nombre": "Copahue", "drena_volcan": false }, "geometry": { "type": "MultiLineString", "coordinates": [ [ [ -71.14929, -37.47446 ], [ -71.14953, -37.47461 ], [ -71.14951, -37.47501 ] ], [ [ -71.14951, -37.47501 ], [ -71.14951, -37.47506 ] ], [ [ -71.15021, -37.4595 ], [ -71.15048, -37.45944 ], [ -71.15048, -37.45918 ] ], [ [ -71.15048, -37.45918 ], [ -71.15047, -37.45917 ] ], [ [ -71.14945, -37.45889 ], [ -71.14986, -37.45958 ] ], [ [ -71.18159, -37.51415 ], [ -71.18176, -37.51464 ], [ -71.18215, -37.51503 ] ], [ [ -71.17002, -37.41683 ], [ -71.1699, -37.41705 ], [ -71.1702, -37.41745 ], [ -71.16982, -37.41756 ], [ -71.16965, -37.41807 ], [ -71.17002, -37.41906 ], [ -71.16996, -37.4193 ], [ -71.17022, -37.41956 ], [ -71.17006, -37.42019 ], [ -71.17043, -37.42099 ], [ -71.1705, -37.42163 ], [ -71.17008, -37.42225 ], [ -71.16964, -37.42241 ], [ -71.16956, -37.42269 ], [ -71.16828, -37.42353 ], [ -71.16805, -37.42411 ], [ -71.16819, -37.42492 ], [ -71.16776, -37.4254 ], [ -71.16737, -37.42548 ] ], [ [ -71.16737, -37.42548 ], [ -71.16705, -37.42575 ], [ -71.16706, -37.42606 ], [ -71.16642, -37.42616 ], [ -71.16664, -37.42648 ], [ -71.16648, -37.42677 ], [ -71.16664, -37.42717 ], [ -71.1664, -37.42748 ], [ -71.16658, -37.42797 ], [ -71.16557, -37.42766 ], [ -71.16552, -37.42808 ], [ -71.16518, -37.42838 ], [ -71.16535, -37.42879 ], [ -71.16505, -37.42894 ], [ -71.16513, -37.42918 ], [ -71.16481, -37.42996 ], [ -71.16429, -37.43041 ], [ -71.16465, -37.43123 ], [ -71.1644, -37.43132 ], [ -71.16388, -37.43115 ], [ -71.16413, -37.43184 ], [ -71.16361, -37.43169 ], [ -71.16319, -37.43218 ], [ -71.16313, -37.43257 ], [ -71.1622, -37.43271 ], [ -71.16215, -37.43282 ], [ -71.16253, -37.43324 ], [ -71.16167, -37.43371 ], [ -71.16192, -37.43378 ], [ -71.16191, -37.43405 ], [ -71.1614, -37.43393 ], [ -71.1607, -37.43451 ], [ -71.16113, -37.43512 ], [ -71.16051, -37.4351 ], [ -71.16072, -37.43566 ], [ -71.16018, -37.43606 ], [ -71.16034, -37.43643 ], [ -71.1599, -37.43637 ], [ -71.15969, -37.43656 ], [ -71.15964, -37.43722 ], [ -71.15898, -37.43762 ], [ -71.15933, -37.43798 ], [ -71.15865, -37.43842 ], [ -71.15863, -37.43871 ], [ -71.15899, -37.4387 ], [ -71.15907, -37.43886 ], [ -71.15835, -37.43907 ], [ -71.15832, -37.43944 ], [ -71.15876, -37.43981 ], [ -71.15827, -37.44021 ], [ -71.15827, -37.44123 ], [ -71.1581, -37.44131 ], [ -71.15779, -37.44115 ], [ -71.15755, -37.44145 ], [ -71.15682, -37.44186 ], [ -71.15682, -37.44209 ], [ -71.15742, -37.44207 ], [ -71.15777, -37.44248 ], [ -71.15755, -37.44267 ], [ -71.15768, -37.44326 ], [ -71.15698, -37.44327 ], [ -71.15688, -37.44341 ], [ -71.15741, -37.44365 ], [ -71.15743, -37.44399 ], [ -71.15801, -37.44407 ], [ -71.1582, -37.44445 ], [ -71.15813, -37.44469 ], [ -71.1577, -37.44467 ], [ -71.15778, -37.44541 ], [ -71.15738, -37.44537 ], [ -71.15715, -37.44586 ], [ -71.15779, -37.44621 ], [ -71.1578, -37.44637 ], [ -71.1573, -37.44668 ], [ -71.15687, -37.44649 ], [ -71.15663, -37.44681 ], [ -71.15641, -37.44679 ], [ -71.15602, -37.44638 ], [ -71.1561, -37.4472 ], [ -71.15594, -37.44742 ], [ -71.15536, -37.44768 ], [ -71.15499, -37.44809 ], [ -71.15475, -37.44782 ], [ -71.15342, -37.44802 ], [ -71.1525, -37.44928 ], [ -71.15251, -37.4496 ], [ -71.15294, -37.44933 ], [ -71.15334, -37.44965 ], [ -71.15301, -37.45066 ], [ -71.1533, -37.45074 ], [ -71.15364, -37.4504 ], [ -71.15418, -37.45032 ], [ -71.15423, -37.45056 ], [ -71.15391, -37.45057 ], [ -71.15359, -37.45085 ], [ -71.15396, -37.45125 ], [ -71.15436, -37.45105 ], [ -71.15501, -37.45111 ], [ -71.15492, -37.45149 ], [ -71.15504, -37.45173 ], [ -71.15405, -37.45181 ], [ -71.15406, -37.45222 ], [ -71.15362, -37.45238 ], [ -71.15332, -37.45279 ], [ -71.15403, -37.45297 ], [ -71.15407, -37.45317 ], [ -71.15274, -37.45396 ], [ -71.15262, -37.4544 ], [ -71.15218, -37.45448 ], [ -71.15166, -37.4543 ], [ -71.15113, -37.45481 ], [ -71.15137, -37.45594 ], [ -71.15193, -37.45584 ], [ -71.15215, -37.45626 ], [ -71.15129, -37.45708 ], [ -71.1506, -37.45697 ], [ -71.1501, -37.45709 ], [ -71.15008, -37.45752 ], [ -71.151, -37.45779 ], [ -71.15112, -37.458 ], [ -71.15087, -37.45821 ], [ -71.14998, -37.45835 ], [ -71.14952, -37.45875 ], [ -71.14925, -37.4592 ], [ -71.14957, -37.45955 ], [ -71.14971, -37.4596 ], [ -71.14986, -37.45958 ] ], [ [ -71.14986, -37.45958 ], [ -71.15048, -37.45918 ] ], [ [ -71.15048, -37.45918 ], [ -71.15099, -37.45886 ], [ -71.15128, -37.45893 ], [ -71.15142, -37.45925 ], [ -71.15171, -37.45934 ], [ -71.15224, -37.45917 ], [ -71.15268, -37.45924 ], [ -71.15311, -37.45989 ], [ -71.15266, -37.46023 ], [ -71.15056, -37.46046 ], [ -71.15022, -37.46074 ], [ -71.14982, -37.4616 ], [ -71.14911, -37.46177 ], [ -71.14908, -37.46213 ], [ -71.14881, -37.46232 ], [ -71.148, -37.46241 ], [ -71.14764, -37.4629 ], [ -71.14779, -37.46337 ], [ -71.14852, -37.46354 ], [ -71.14868, -37.46378 ], [ -71.14914, -37.4653 ], [ -71.14919, -37.46646 ], [ -71.14894, -37.46699 ], [ -71.14906, -37.46747 ], [ -71.14861, -37.46807 ], [ -71.14817, -37.46837 ], [ -71.1477, -37.46838 ], [ -71.14748, -37.46854 ], [ -71.14765, -37.469 ], [ -71.14865, -37.46884 ], [ -71.14888, -37.46901 ], [ -71.14873, -37.46947 ], [ -71.14753, -37.47087 ], [ -71.14777, -37.47127 ], [ -71.14685, -37.47212 ], [ -71.14732, -37.47237 ], [ -71.14786, -37.47222 ], [ -71.1484, -37.47241 ], [ -71.14843, -37.47261 ], [ -71.14807, -37.47305 ], [ -71.148, -37.47344 ], [ -71.14818, -37.47441 ], [ -71.14836, -37.47455 ], [ -71.14905, -37.47442 ], [ -71.14929, -37.47446 ] ], [ [ -71.14929, -37.47446 ], [ -71.14951, -37.47501 ] ], [ [ -71.14951, -37.47501 ], [ -71.15, -37.47691 ], [ -71.14994, -37.4778 ], [ -71.15062, -37.4785 ], [ -71.15075, -37.47921 ], [ -71.15058, -37.47949 ], [ -71.15093, -37.48053 ], [ -71.15125, -37.4813 ], [ -71.15191, -37.48215 ], [ -71.15192, -37.48246 ], [ -71.15153, -37.48318 ], [ -71.15156, -37.48457 ], [ -71.15172, -37.48508 ], [ -71.152, -37.48534 ], [ -71.15355, -37.48546 ], [ -71.15366, -37.48752 ], [ -71.15538, -37.48923 ], [ -71.15641, -37.49096 ], [ -71.15706, -37.49089 ], [ -71.15814, -37.49008 ], [ -71.15942, -37.49012 ], [ -71.16013, -37.48986 ], [ -71.16062, -37.49054 ], [ -71.16221, -37.49088 ], [ -71.16326, -37.49192 ], [ -71.16215, -37.49313 ], [ -71.16264, -37.49407 ], [ -71.16258, -37.49464 ], [ -71.1629, -37.49495 ], [ -71.16385, -37.49458 ], [ -71.16424, -37.49425 ], [ -71.16467, -37.49342 ], [ -71.16515, -37.49295 ], [ -71.16534, -37.49213 ], [ -71.16702, -37.49201 ], [ -71.16895, -37.49224 ], [ -71.1696, -37.4925 ], [ -71.17095, -37.49228 ], [ -71.17213, -37.49243 ], [ -71.17318, -37.4928 ], [ -71.17391, -37.4928 ], [ -71.17431, -37.49292 ], [ -71.17428, -37.49309 ], [ -71.17382, -37.49329 ], [ -71.17376, -37.4935 ], [ -71.17426, -37.49375 ], [ -71.17453, -37.49422 ], [ -71.17563, -37.49438 ], [ -71.17592, -37.49471 ], [ -71.17606, -37.49522 ], [ -71.17555, -37.49645 ], [ -71.1759, -37.49788 ], [ -71.1764, -37.49895 ], [ -71.17598, -37.50019 ], [ -71.17667, -37.50143 ], [ -71.17653, -37.50247 ], [ -71.17686, -37.50353 ], [ -71.17686, -37.50437 ], [ -71.17745, -37.50506 ], [ -71.17801, -37.50512 ], [ -71.17854, -37.5049 ], [ -71.17887, -37.50499 ], [ -71.17896, -37.50593 ], [ -71.17918, -37.50649 ], [ -71.17847, -37.50766 ], [ -71.17715, -37.50844 ], [ -71.17692, -37.50917 ], [ -71.17737, -37.50962 ], [ -71.17778, -37.50978 ], [ -71.17816, -37.50978 ], [ -71.17852, -37.50956 ], [ -71.1789, -37.50967 ], [ -71.17908, -37.51014 ], [ -71.1792, -37.51194 ], [ -71.18203, -37.51449 ], [ -71.18233, -37.51543 ], [ -71.18303, -37.51579 ], [ -71.18386, -37.51592 ], [ -71.18422, -37.51583 ], [ -71.18449, -37.51551 ], [ -71.18489, -37.51552 ], [ -71.18544, -37.51602 ], [ -71.18672, -37.51668 ], [ -71.18856, -37.51846 ], [ -71.18874, -37.51886 ], [ -71.18861, -37.51934 ], [ -71.18966, -37.52009 ], [ -71.19038, -37.52092 ], [ -71.19255, -37.52131 ], [ -71.19326, -37.52176 ], [ -71.19372, -37.52246 ], [ -71.19398, -37.52255 ], [ -71.19504, -37.52195 ], [ -71.19615, -37.52172 ], [ -71.19731, -37.52123 ], [ -71.20003, -37.52104 ], [ -71.20183, -37.52053 ], [ -71.20205, -37.52055 ], [ -71.20235, -37.52094 ], [ -71.20274, -37.52099 ], [ -71.2029, -37.52087 ], [ -71.2029, -37.52039 ], [ -71.20314, -37.52035 ], [ -71.20383, -37.52072 ], [ -71.20484, -37.52191 ], [ -71.20542, -37.52236 ], [ -71.20517, -37.52297 ], [ -71.20533, -37.52336 ], [ -71.2069, -37.52356 ], [ -71.21075, -37.52513 ], [ -71.2118, -37.52454 ], [ -71.21457, -37.52464 ], [ -71.21515, -37.52501 ], [ -71.21525, -37.52582 ], [ -71.21563, -37.52622 ], [ -71.21602, -37.52613 ], [ -71.21672, -37.52558 ], [ -71.21848, -37.5257 ], [ -71.21951, -37.5249 ], [ -71.22064, -37.52479 ], [ -71.22159, -37.52445 ], [ -71.22218, -37.52399 ], [ -71.22286, -37.52389 ] ] ] } },
{ "type": "Feature", "properties": { "nombre": "Estero Pichilolco", "tipo": "stream", "volcan_codigo": "CPA", "volcan_nombre": "Copahue", "drena_volcan": false }, "geometry": { "type": "LineString", "coordinates": [ [ -71.39683, -38.17419 ], [ -71.39809, -38.17429 ], [ -71.39915, -38.17404 ], [ -71.40035, -38.17403 ], [ -71.40296, -38.17467 ], [ -71.40407, -38.17449 ], [ -71.40519, -38.17409 ], [ -71.40658, -38.17288 ], [ -71.40675, -38.17255 ], [ -71.40662, -38.17171 ], [ -71.40697, -38.17138 ], [ -71.40831, -38.17078 ], [ -71.40852, -38.17049 ], [ -71.40872, -38.16912 ], [ -71.40957, -38.16844 ], [ -71.41031, -38.16822 ], [ -71.41151, -38.16818 ], [ -71.41324, -38.16835 ], [ -71.41415, -38.16804 ], [ -71.41523, -38.16715 ], [ -71.41654, -38.16692 ], [ -71.41821, -38.16603 ], [ -71.42007, -38.16587 ], [ -71.42119, -38.16614 ], [ -71.42298, -38.16595 ], [ -71.42391, -38.16609 ], [ -71.42483, -38.16585 ], [ -71.42568, -38.16487 ], [ -71.42669, -38.16459 ], [ -71.42783, -38.16381 ] ] } },
{ "type": "Feature", "properties": { "nombre": "Estero Pilunchaya", "tipo": "stream", "volcan_codigo": "CPA", "volcan_nombre": "Copahue", "drena_volcan": false }, "geometry": { "type": "LineString", "coordinates": [ [ -71.21582, -37.72741 ], [ -71.21599, -37.72769 ], [ -71.21639, -37.72773 ], [ -71.21669, -37.72802 ], [ -71.21937, -37.72936 ], [ -71.22107, -37.72986 ], [ -71.22158, -37.72962 ], [ -71.22163, -37.72913 ], [ -71.22266, -37.72814 ], [ -71.22319, -37.72792 ], [ -71.22417, -37.72789 ], [ -71.22511, -37.72755 ], [ -71.22579, -37.72771 ], [ -71.22685, -37.72856 ], [ -71.22769, -37.72878 ] ] } },
{ "type": "Feature", "properties": { "nombre": "Estero Pirquinco", "tipo": "stream", "volcan_codigo": "CPA", "volcan_nombre": "Copahue", "drena_volcan": false }, "geometry": { "type": "LineString", "coordinates": [ [ -71.61537, -37.77909 ], [ -71.61567, -37.77935 ], [ -71.61576, -37.78016 ], [ -71.61659, -37.7806 ], [ -71.618, -37.7807 ], [ -71.61875, -37.78098 ], [ -71.62071, -37.78104 ], [ -71.62116, -37.7812 ], [ -71.62345, -37.78034 ], [ -71.62392, -37.78044 ], [ -71.62431, -37.78102 ], [ -71.62477, -37.78118 ], [ -71.62597, -37.78083 ], [ -71.62802, -37.78101 ], [ -71.62959, -37.78092 ], [ -71.63095, -37.78148 ], [ -71.63236, -37.78169 ], [ -71.63421, -37.78277 ], [ -71.63445, -37.78311 ] ] } },
{ "type": "Feature", "properties": { "nombre": "Estero Quiñilón", "tipo": "stream", "volcan_codigo": "CPA", "volcan_nombre": "Copahue", "drena_volcan": false }, "geometry": { "type": "LineString", "coordinates": [ [ -71.33504, -38.04221 ], [ -71.33477, -38.04259 ], [ -71.33475, -38.04299 ], [ -71.33414, -38.04371 ], [ -71.3332, -38.04412 ], [ -71.33284, -38.04453 ], [ -71.33233, -38.04467 ], [ -71.33231, -38.0454 ], [ -71.33131, -38.04638 ], [ -71.33125, -38.04682 ], [ -71.33152, -38.04698 ], [ -71.3316, -38.04746 ], [ -71.33147, -38.04813 ], [ -71.33109, -38.04869 ], [ -71.33141, -38.04903 ], [ -71.33119, -38.04998 ], [ -71.33053, -38.05048 ], [ -71.33054, -38.05119 ], [ -71.32981, -38.05174 ] ] } },
{ "type": "Feature", "properties": { "nombre": "Estero Saltillo Los Mellizos", "tipo": "stream", "volcan_codigo": "CPA", "volcan_nombre": "Copahue", "drena_volcan": true }, "geometry": { "type": "LineString", "coordinates": [ [ -71.19469, -37.83928 ], [ -71.19406, -37.8389 ], [ -71.19277, -37.83873 ], [ -71.19143, -37.8382 ], [ -71.19048, -37.8383 ], [ -71.18882, -37.83789 ], [ -71.18732, -37.83677 ], [ -71.18666, -37.83648 ], [ -71.18512, -37.83619 ], [ -71.18373, -37.83564 ], [ -71.18292, -37.83495 ], [ -71.18174, -37.83481 ], [ -71.18045, -37.83435 ], [ -71.18035, -37.83412 ], [ -71.17924, -37.83329 ], [ -71.17855, -37.83206 ], [ -71.17778, -37.83149 ], [ -71.17774, -37.83105 ], [ -71.17712, -37.83044 ], [ -71.17657, -37.82931 ], [ -71.17624, -37.82916 ], [ -71.17598, -37.82877 ], [ -71.17559, -37.82867 ], [ -71.17458, -37.82882 ], [ -71.17337, -37.82767 ], [ -71.1725, -37.82723 ], [ -71.17166, -37.82647 ], [ -71.17117, -37.82531 ], [ -71.1707, -37.82492 ], [ -71.17081, -37.82476 ], [ -71.17069, -37.82453 ], [ -71.17097, -37.82336 ], [ -71.17189, -37.82279 ], [ -71.17225, -37.82218 ], [ -71.17325, -37.82165 ], [ -71.17492, -37.82125 ], [ -71.17514, -37.82096 ], [ -71.17512, -37.82081 ], [ -71.17463, -37.82061 ], [ -71.17471, -37.82017 ], [ -71.17505, -37.81996 ], [ -71.17524, -37.81957 ], [ -71.17491, -37.8188 ], [ -71.17508, -37.81816 ], [ -71.17487, -37.81672 ], [ -71.17439, -37.81593 ], [ -71.17423, -37.81512 ], [ -71.17363, -37.81454 ], [ -71.1736, -37.814 ], [ -71.17308, -37.81331 ], [ -71.17324, -37.81275 ], [ -71.17317, -37.81228 ], [ -71.17367, -37.81171 ], [ -71.17368, -37.81138 ], [ -71.1751, -37.81088 ], [ -71.17527, -37.81059 ], [ -71.17523, -37.81025 ], [ -71.17476, -37.80965 ], [ -71.17498, -37.80847 ], [ -71.17528, -37.80827 ], [ -71.17538, -37.80786 ], [ -71.17642, -37.80738 ], [ -71.17669, -37.80687 ], [ -71.17758, -37.8065 ], [ -71.17752, -37.80576 ], [ -71.17769, -37.80549 ], [ -71.17844, -37.80512 ], [ -71.17871, -37.80434 ], [ -71.17934, -37.80357 ], [ -71.18038, -37.80322 ], [ -71.18062, -37.8021 ], [ -71.18112, -37.80178 ], [ -71.18154, -37.80124 ], [ -71.18247, -37.801 ], [ -71.18296, -37.80126 ], [ -71.18354, -37.80129 ], [ -71.18399, -37.80095 ], [ -71.18427, -37.80042 ], [ -71.18473, -37.80023 ], [ -71.18502, -37.79986 ], [ -71.18552, -37.79959 ], [ -71.1856, -37.79936 ], [ -71.18644, -37.79916 ], [ -71.18656, -37.79855 ], [ -71.1875, -37.79794 ], [ -71.18831, -37.79754 ], [ -71.18896, -37.79742 ], [ -71.18931, -37.7971 ], [ -71.19041, -37.79706 ], [ -71.19172, -37.79628 ], [ -71.19279, -37.79629 ], [ -71.19293, -37.79574 ], [ -71.19364, -37.79563 ], [ -71.19414, -37.7952 ], [ -71.19428, -37.79491 ], [ -71.19425, -37.79426 ] ] } },
{ "type": "Feature", "properties": { "nombre": "Estero Tropelhuén", "tipo": "stream", "volcan_codigo": "CPA", "volcan_nombre": "Copahue", "drena_volcan": true }, "geometry": { "type": "LineString", "coordinates": [ [ -71.48863, -37.68376 ], [ -71.48876, -37.6844 ], [ -71.48768, -37.68507 ], [ -71.48727, -37.68567 ], [ -71.48576, -37.6864 ], [ -71.48437, -37.68768 ], [ -71.48128, -37.68931 ], [ -71.48101, -37.68988 ], [ -71.48114, -37.69063 ], [ -71.47998, -37.69122 ], [ -71.4795, -37.69201 ], [ -71.47815, -37.69258 ], [ -71.47769, -37.69333 ], [ -71.47737, -37.69482 ], [ -71.47665, -37.69542 ], [ -71.47429, -37.69628 ], [ -71.47443, -37.6977 ], [ -71.47344, -37.69843 ], [ -71.47314, -37.69988 ], [ -71.4724, -37.70068 ], [ -71.47228, -37.70155 ], [ -71.47153, -37.70192 ], [ -71.4714, -37.70284 ], [ -71.47034, -37.70379 ] ] } },
{ "type": "Feature", "properties": { "nombre": "Estero Vilcuncura", "tipo": "stream", "volcan_codigo": "CPA", "volcan_nombre": "Copahue", "drena_volcan": false }, "geometry": { "type": "LineString", "coordinates": [ [ -71.3213, -38.00959 ], [ -71.32159, -38.01038 ], [ -71.32096, -38.01071 ], [ -71.31938, -38.01083 ], [ -71.3192, -38.01172 ], [ -71.31879, -38.01227 ], [ -71.31831, -38.01242 ], [ -71.31748, -38.01227 ], [ -71.31711, -38.01253 ], [ -71.31698, -38.01314 ], [ -71.31487, -38.01341 ], [ -71.31429, -38.01333 ], [ -71.31402, -38.01361 ], [ -71.3127, -38.01352 ], [ -71.31168, -38.01327 ] ] } },
{ "type": "Feature", "properties": { "nombre": "Estero de Trapatrapa", "tipo": "river", "volcan_codigo": "CPA", "volcan_nombre": "Copahue", "drena_volcan": false }, "geometry": { "type": "LineString", "coordinates": [ [ -71.24198, -37.58967 ], [ -71.24179, -37.58878 ], [ -71.24067, -37.58839 ], [ -71.24006, -37.58705 ], [ -71.23967, -37.58662 ], [ -71.2396, -37.58604 ], [ -71.23883, -37.58589 ], [ -71.23854, -37.58536 ], [ -71.23845, -37.58452 ], [ -71.23784, -37.58418 ], [ -71.23849, -37.58299 ], [ -71.23816, -37.5824 ], [ -71.23792, -37.5811 ], [ -71.23707, -37.58046 ], [ -71.2371, -37.5798 ], [ -71.23658, -37.5795 ], [ -71.23619, -37.579 ], [ -71.23602, -37.57804 ], [ -71.23597, -37.57701 ], [ -71.23655, -37.57613 ], [ -71.23656, -37.57565 ], [ -71.23614, -37.57532 ], [ -71.23511, -37.57504 ], [ -71.23464, -37.57464 ], [ -71.23444, -37.57418 ], [ -71.23511, -37.57247 ], [ -71.23491, -37.57177 ], [ -71.23498, -37.57095 ], [ -71.23368, -37.56774 ], [ -71.23259, -37.56677 ], [ -71.23249, -37.56565 ], [ -71.23187, -37.56525 ], [ -71.23153, -37.56479 ], [ -71.23046, -37.56472 ], [ -71.22998, -37.56413 ], [ -71.23016, -37.56244 ], [ -71.22987, -37.56071 ], [ -71.23024, -37.55997 ], [ -71.23019, -37.55951 ], [ -71.2296, -37.5585 ], [ -71.22856, -37.55789 ], [ -71.22849, -37.55737 ], [ -71.22794, -37.55669 ], [ -71.22818, -37.55601 ], [ -71.228, -37.55536 ], [ -71.22763, -37.55494 ], [ -71.22647, -37.55429 ], [ -71.22592, -37.55364 ], [ -71.22492, -37.5533 ], [ -71.22428, -37.55255 ], [ -71.22405, -37.5517 ], [ -71.22293, -37.55163 ], [ -71.22211, -37.55128 ], [ -71.22067, -37.55115 ], [ -71.21947, -37.55054 ], [ -71.21792, -37.55063 ], [ -71.21706, -37.55021 ], [ -71.2165, -37.54938 ], [ -71.21631, -37.54848 ], [ -71.21508, -37.54767 ], [ -71.21472, -37.54694 ], [ -71.21434, -37.54668 ], [ -71.21429, -37.54539 ], [ -71.21394, -37.54445 ], [ -71.21397, -37.54372 ], [ -71.21193, -37.54304 ], [ -71.21142, -37.54245 ], [ -71.21107, -37.54135 ] ] } },
{ "type": "Feature", "properties": { "nombre": "Estero Ñireco", "tipo": "stream", "volcan_codigo": "CPA", "volcan_nombre": "Copahue", "drena_volcan": false }, "geometry": { "type": "LineString", "coordinates": [ [ -71.4839, -37.99585 ], [ -71.48304, -37.99684 ], [ -71.48167, -37.99803 ], [ -71.48191, -37.99863 ], [ -71.48158, -37.99901 ], [ -71.48148, -37.99951 ], [ -71.48059, -38.00062 ], [ -71.48055, -38.0009 ], [ -71.48092, -38.0011 ], [ -71.48171, -38.00209 ], [ -71.48423, -38.00324 ], [ -71.48483, -38.00375 ] ] } },
{ "type": "Feature", "properties": { "nombre": "Estero Ñirehueco", "tipo": "stream", "volcan_codigo": "CPA", "volcan_nombre": "Copahue", "drena_volcan": false }, "geometry": { "type": "LineString", "coordinates": [ [ -71.23312, -37.69141 ], [ -71.23343, -37.69177 ], [ -71.23336, -37.69218 ], [ -71.2338, -37.69222 ], [ -71.23419, -37.69254 ], [ -71.23467, -37.69263 ], [ -71.23484, -37.69317 ], [ -71.23617, -37.69362 ], [ -71.23664, -37.6942 ], [ -71.2371, -37.69424 ], [ -71.23726, -37.69467 ], [ -71.238, -37.69484 ], [ -71.23898, -37.69585 ], [ -71.24024, -37.69666 ], [ -71.24061, -37.6965 ], [ -71.24099, -37.69696 ], [ -71.24198, -37.69713 ], [ -71.24196, -37.6976 ], [ -71.24254, -37.69808 ], [ -71.24258, -37.6985 ], [ -71.2428, -37.69867 ], [ -71.24338, -37.69864 ], [ -71.24358, -37.69959 ], [ -71.24494, -37.69993 ], [ -71.24523, -37.70032 ], [ -71.24575, -37.7004 ], [ -71.24587, -37.70055 ], [ -71.24625, -37.70187 ], [ -71.24628, -37.70255 ], [ -71.24602, -37.70302 ], [ -71.24583, -37.70404 ], [ -71.24608, -37.70455 ], [ -71.24609, -37.70538 ], [ -71.24573, -37.70578 ], [ -71.24591, -37.70698 ], [ -71.24574, -37.7075 ], [ -71.24578, -37.70798 ], [ -71.24545, -37.70802 ], [ -71.24521, -37.70826 ], [ -71.24541, -37.70858 ], [ -71.24677, -37.70922 ], [ -71.24687, -37.70981 ], [ -71.24746, -37.70987 ], [ -71.24804, -37.71025 ], [ -71.24808, -37.71054 ], [ -71.24855, -37.711 ], [ -71.24848, -37.7114 ], [ -71.24996, -37.71124 ], [ -71.25016, -37.71135 ], [ -71.25, -37.71236 ], [ -71.2502, -37.71249 ], [ -71.25022, -37.71276 ], [ -71.25096, -37.71321 ], [ -71.25131, -37.71397 ], [ -71.25135, -37.71468 ], [ -71.2516, -37.71486 ], [ -71.252, -37.71581 ], [ -71.25255, -37.71661 ], [ -71.25257, -37.71708 ], [ -71.25309, -37.71813 ], [ -71.25312, -37.71868 ] ] } },
{ "type": "Feature", "properties": { "nombre": "Quebrada Copahue", "tipo": "stream", "volcan_codigo": "CPA", "volcan_nombre": "Copahue", "drena_volcan": true }, "geometry": { "type": "LineString", "coordinates": [ [ -71.1276, -37.82277 ], [ -71.12761, -37.82293 ], [ -71.12994, -37.82456 ], [ -71.13093, -37.82474 ], [ -71.13135, -37.82516 ], [ -71.13151, -37.82509 ], [ -71.13155, -37.82465 ], [ -71.13191, -37.82439 ], [ -71.13537, -37.82399 ], [ -71.13659, -37.82432 ], [ -71.13807, -37.82357 ], [ -71.13846, -37.8239 ], [ -71.1402, -37.82389 ], [ -71.14076, -37.82406 ], [ -71.14193, -37.8241 ], [ -71.14387, -37.82378 ], [ -71.14462, -37.82339 ], [ -71.14644, -37.82306 ], [ -71.14735, -37.8226 ], [ -71.1487, -37.82226 ], [ -71.14898, -37.8224 ], [ -71.1498, -37.8224 ], [ -71.15283, -37.82192 ], [ -71.15427, -37.8212 ], [ -71.1547, -37.82065 ], [ -71.15552, -37.82027 ], [ -71.15632, -37.81932 ], [ -71.15696, -37.81891 ], [ -71.15798, -37.81882 ], [ -71.15843, -37.81852 ], [ -71.15891, -37.81851 ], [ -71.16083, -37.81731 ], [ -71.16154, -37.8173 ], [ -71.16203, -37.81707 ], [ -71.16277, -37.8161 ], [ -71.16259, -37.81552 ], [ -71.16294, -37.81502 ], [ -71.16353, -37.81491 ], [ -71.16402, -37.81461 ], [ -71.1648, -37.81456 ], [ -71.16544, -37.81384 ], [ -71.16554, -37.81364 ], [ -71.1654, -37.81314 ], [ -71.16578, -37.81221 ], [ -71.16573, -37.81195 ], [ -71.16556, -37.81142 ], [ -71.16475, -37.81077 ], [ -71.16465, -37.81014 ], [ -71.16491, -37.80975 ], [ -71.16546, -37.80961 ], [ -71.1663, -37.80782 ], [ -71.1662, -37.80743 ], [ -71.16665, -37.80698 ], [ -71.16665, -37.8064 ], [ -71.16695, -37.80569 ], [ -71.16665, -37.80462 ], [ -71.16703, -37.80395 ], [ -71.1668, -37.80254 ], [ -71.16731, -37.80145 ], [ -71.16777, -37.8013 ], [ -71.16827, -37.80087 ], [ -71.16932, -37.80064 ], [ -71.16948, -37.80052 ], [ -71.16951, -37.79999 ], [ -71.16981, -37.79971 ], [ -71.17094, -37.79955 ], [ -71.17275, -37.79956 ], [ -71.17336, -37.79984 ], [ -71.17389, -37.79934 ], [ -71.17488, -37.79964 ], [ -71.17547, -37.79921 ], [ -71.17639, -37.79924 ], [ -71.1766, -37.79893 ], [ -71.17708, -37.79884 ], [ -71.17721, -37.79856 ], [ -71.17787, -37.79818 ], [ -71.1785, -37.79758 ], [ -71.17869, -37.79717 ], [ -71.18089, -37.79717 ], [ -71.18146, -37.79664 ], [ -71.18314, -37.79621 ], [ -71.18346, -37.79592 ], [ -71.18417, -37.79573 ], [ -71.18444, -37.79528 ], [ -71.18484, -37.79511 ], [ -71.18615, -37.79502 ], [ -71.18649, -37.79532 ], [ -71.1874, -37.79519 ], [ -71.18756, -37.79497 ], [ -71.18798, -37.79525 ], [ -71.18816, -37.79567 ], [ -71.18841, -37.79573 ], [ -71.18924, -37.79528 ], [ -71.19005, -37.7952 ], [ -71.19102, -37.7946 ], [ -71.19165, -37.79452 ], [ -71.19219, -37.79464 ], [ -71.19388, -37.79403 ], [ -71.19425, -37.79426 ] ] } },
{ "type": "Feature", "properties": { "nombre": "Quebrada El Toro", "tipo": "river", "volcan_codigo": "CPA", "volcan_nombre": "Copahue", "drena_volcan": false }, "geometry": { "type": "LineString", "coordinates": [ [ -71.42588, -37.50316 ], [ -71.42597, -37.50356 ], [ -71.42582, -37.50393 ], [ -71.42508, -37.50456 ], [ -71.425, -37.5059 ], [ -71.42403, -37.50637 ], [ -71.42318, -37.50727 ], [ -71.42328, -37.50764 ], [ -71.42261, -37.50819 ], [ -71.42271, -37.50861 ], [ -71.42249, -37.50884 ], [ -71.42255, -37.50929 ], [ -71.42234, -37.50964 ], [ -71.42195, -37.50986 ], [ -71.42159, -37.51053 ], [ -71.42128, -37.51168 ], [ -71.42238, -37.51297 ], [ -71.42322, -37.51339 ], [ -71.4246, -37.5135 ], [ -71.42489, -37.51316 ], [ -71.42564, -37.5131 ], [ -71.42675, -37.51373 ], [ -71.42722, -37.5145 ], [ -71.42747, -37.5167 ], [ -71.42675, -37.51733 ], [ -71.42702, -37.51792 ], [ -71.42656, -37.51848 ], [ -71.42652, -37.51903 ], [ -71.42694, -37.51994 ], [ -71.42803, -37.52076 ], [ -71.42855, -37.52167 ], [ -71.42935, -37.52181 ], [ -71.42998, -37.52135 ], [ -71.43172, -37.52066 ], [ -71.43286, -37.52045 ], [ -71.4333, -37.52104 ], [ -71.4344, -37.52161 ], [ -71.43576, -37.5211 ], [ -71.43787, -37.52129 ], [ -71.43927, -37.52093 ], [ -71.43969, -37.52049 ], [ -71.44001, -37.52042 ], [ -71.44119, -37.52051 ], [ -71.442, -37.5209 ], [ -71.44271, -37.5208 ], [ -71.44318, -37.52102 ], [ -71.4441, -37.52183 ], [ -71.44745, -37.52189 ], [ -71.44842, -37.52208 ], [ -71.44911, -37.52264 ], [ -71.45026, -37.52291 ], [ -71.45056, -37.52337 ], [ -71.45129, -37.52354 ], [ -71.45218, -37.52407 ], [ -71.45306, -37.52427 ], [ -71.45446, -37.52571 ], [ -71.45706, -37.52639 ], [ -71.45751, -37.52715 ], [ -71.45829, -37.52761 ], [ -71.45909, -37.52902 ], [ -71.45954, -37.52917 ], [ -71.46055, -37.52908 ], [ -71.46093, -37.52921 ], [ -71.46201, -37.53034 ], [ -71.46237, -37.53164 ], [ -71.46346, -37.53207 ] ] } },
{ "type": "Feature", "properties": { "nombre": "Quebrada Mallín de las Yeguas", "tipo": "stream", "volcan_codigo": "CPA", "volcan_nombre": "Copahue", "drena_volcan": false }, "geometry": { "type": "LineString", "coordinates": [ [ -71.1486, -37.56617 ], [ -71.14883, -37.56647 ], [ -71.14852, -37.5667 ], [ -71.14891, -37.56705 ], [ -71.14869, -37.56727 ], [ -71.1487, -37.56773 ], [ -71.14929, -37.56802 ], [ -71.14942, -37.56843 ], [ -71.14925, -37.56875 ], [ -71.14971, -37.56892 ], [ -71.14999, -37.56936 ], [ -71.15071, -37.56957 ], [ -71.15113, -37.57006 ], [ -71.15158, -37.57007 ], [ -71.15173, -37.57038 ], [ -71.15227, -37.57025 ], [ -71.15242, -37.57059 ], [ -71.1527, -37.57054 ], [ -71.15278, -37.57102 ], [ -71.15298, -37.57124 ], [ -71.1533, -37.57107 ], [ -71.15356, -37.57148 ], [ -71.15477, -37.5717 ], [ -71.1549, -37.572 ], [ -71.15532, -37.57189 ], [ -71.15568, -37.57217 ] ] } },
{ "type": "Feature", "properties": { "nombre": "Río Agrio", "tipo": "stream", "volcan_codigo": "CPA", "volcan_nombre": "Copahue", "drena_volcan": true }, "geometry": { "type": "MultiLineString", "coordinates": [ [ [ -71.15508, -37.85637 ], [ -71.15209, -37.85612 ], [ -71.1512, -37.8564 ], [ -71.15133, -37.85657 ], [ -71.15102, -37.85683 ], [ -71.15026, -37.85657 ], [ -71.14912, -37.85645 ], [ -71.14721, -37.85568 ], [ -71.14701, -37.85516 ], [ -71.14585, -37.85439 ], [ -71.14494, -37.85404 ], [ -71.14483, -37.85365 ], [ -71.14351, -37.8524 ], [ -71.1421, -37.8519 ], [ -71.14176, -37.85152 ], [ -71.14055, -37.85143 ], [ -71.13959, -37.85103 ], [ -71.13904, -37.85099 ], [ -71.13677, -37.85025 ], [ -71.1354, -37.84959 ], [ -71.13308, -37.84973 ], [ -71.13217, -37.85003 ], [ -71.13174, -37.85089 ], [ -71.13131, -37.8513 ], [ -71.12927, -37.85196 ], [ -71.12731, -37.85382 ], [ -71.12643, -37.85421 ], [ -71.12615, -37.85484 ], [ -71.12595, -37.85614 ], [ -71.12481, -37.85675 ], [ -71.12363, -37.85794 ], [ -71.12227, -37.85888 ], [ -71.12197, -37.85928 ], [ -71.12156, -37.85929 ], [ -71.12072, -37.85966 ], [ -71.1202, -37.85965 ], [ -71.11983, -37.85999 ], [ -71.11938, -37.85982 ], [ -71.11844, -37.85996 ], [ -71.11679, -37.85969 ], [ -71.11557, -37.85989 ], [ -71.11492, -37.86055 ], [ -71.11444, -37.86168 ], [ -71.11373, -37.86215 ], [ -71.11349, -37.86262 ], [ -71.11345, -37.86285 ], [ -71.11365, -37.86319 ], [ -71.11351, -37.86476 ] ], [ [ -70.98753, -37.87345 ], [ -70.98677, -37.87392 ], [ -70.9841, -37.87439 ], [ -70.98017, -37.87347 ], [ -70.97947, -37.87379 ], [ -70.97912, -37.87377 ], [ -70.97868, -37.87317 ], [ -70.97753, -37.87289 ], [ -70.97685, -37.87366 ], [ -70.9761, -37.87374 ], [ -70.97497, -37.8742 ] ], [ [ -71.11351, -37.86476 ], [ -71.11304, -37.86559 ], [ -71.113, -37.86634 ], [ -71.11261, -37.86713 ], [ -71.11142, -37.86771 ], [ -71.11121, -37.86809 ], [ -71.10972, -37.86951 ], [ -71.10876, -37.87093 ], [ -71.10736, -37.87158 ], [ -71.10646, -37.87238 ], [ -71.10462, -37.87296 ], [ -71.10372, -37.87305 ], [ -71.10233, -37.87356 ], [ -71.101, -37.87479 ], [ -71.10063, -37.87488 ], [ -71.0997, -37.87555 ], [ -71.09839, -37.87602 ], [ -71.09782, -37.87647 ], [ -71.09715, -37.87654 ], [ -71.09583, -37.87726 ], [ -71.09487, -37.8784 ], [ -71.09349, -37.87878 ], [ -71.09252, -37.87874 ], [ -71.09194, -37.87921 ], [ -71.09165, -37.88007 ], [ -71.09089, -37.88025 ], [ -71.08975, -37.8809 ], [ -71.08861, -37.88185 ], [ -71.08807, -37.88205 ], [ -71.08773, -37.88243 ], [ -71.08751, -37.88326 ], [ -71.08676, -37.88432 ], [ -71.08506, -37.88553 ], [ -71.08394, -37.8857 ], [ -71.08318, -37.88606 ], [ -71.08174, -37.88571 ], [ -71.0811, -37.88583 ] ], [ [ -71.05476, -37.87862 ], [ -71.05362, -37.87919 ], [ -71.05258, -37.87946 ], [ -71.04972, -37.87944 ], [ -71.04848, -37.87809 ], [ -71.04763, -37.87758 ], [ -71.0473, -37.87705 ] ], [ [ -70.96848, -37.82833 ], [ -70.96739, -37.82827 ], [ -70.96573, -37.8276 ], [ -70.96158, -37.82668 ], [ -70.96074, -37.82625 ], [ -70.9605, -37.82581 ], [ -70.96052, -37.82489 ], [ -70.95961, -37.82411 ], [ -70.95963, -37.82324 ], [ -70.95849, -37.82286 ], [ -70.95749, -37.82298 ], [ -70.95724, -37.82275 ], [ -70.95709, -37.82118 ], [ -70.9575, -37.81899 ], [ -70.95408, -37.81762 ], [ -70.95248, -37.81721 ], [ -70.94968, -37.81729 ], [ -70.94888, -37.81717 ], [ -70.94497, -37.81822 ], [ -70.94419, -37.81826 ], [ -70.94339, -37.81802 ], [ -70.94259, -37.81745 ], [ -70.94058, -37.81799 ], [ -70.93899, -37.81789 ], [ -70.93788, -37.81744 ], [ -70.9366, -37.81652 ], [ -70.93657, -37.81567 ], [ -70.93587, -37.8149 ], [ -70.93545, -37.81409 ], [ -70.93564, -37.81339 ], [ -70.93531, -37.81206 ], [ -70.93488, -37.81177 ], [ -70.9348, -37.81146 ], [ -70.9342, -37.81116 ], [ -70.93405, -37.81065 ], [ -70.933, -37.81035 ], [ -70.9326, -37.80991 ], [ -70.93234, -37.80984 ], [ -70.93132, -37.80987 ], [ -70.92755, -37.81049 ], [ -70.92656, -37.81019 ], [ -70.92567, -37.8095 ], [ -70.925, -37.80975 ], [ -70.9226, -37.80961 ], [ -70.9216, -37.80912 ], [ -70.91966, -37.81007 ], [ -70.91868, -37.81014 ], [ -70.91793, -37.81003 ], [ -70.91702, -37.80942 ], [ -70.91631, -37.80921 ], [ -70.9142, -37.81021 ], [ -70.9124, -37.81032 ], [ -70.91137, -37.81028 ], [ -70.90885, -37.80969 ], [ -70.90686, -37.8096 ], [ -70.9062, -37.80984 ], [ -70.90447, -37.81125 ], [ -70.90338, -37.8116 ], [ -70.90201, -37.81174 ], [ -70.89964, -37.81142 ], [ -70.89877, -37.81148 ], [ -70.89723, -37.81195 ], [ -70.89479, -37.81215 ], [ -70.89162, -37.81275 ], [ -70.89125, -37.81269 ], [ -70.88962, -37.81175 ], [ -70.88846, -37.81165 ], [ -70.88795, -37.81187 ], [ -70.88714, -37.81277 ], [ -70.88597, -37.8133 ], [ -70.88525, -37.81336 ], [ -70.884, -37.81305 ], [ -70.88277, -37.81337 ], [ -70.87951, -37.8135 ], [ -70.87726, -37.81411 ], [ -70.87552, -37.81485 ], [ -70.87372, -37.81482 ], [ -70.86931, -37.81542 ], [ -70.86867, -37.81523 ], [ -70.86793, -37.81421 ], [ -70.86745, -37.81415 ], [ -70.86571, -37.81494 ], [ -70.86501, -37.81562 ], [ -70.86372, -37.81623 ], [ -70.86302, -37.81682 ], [ -70.86067, -37.81778 ], [ -70.86012, -37.81776 ], [ -70.85974, -37.81756 ], [ -70.85965, -37.81685 ], [ -70.85883, -37.81645 ], [ -70.85814, -37.81657 ], [ -70.85773, -37.81713 ], [ -70.85741, -37.81731 ], [ -70.8565, -37.81722 ], [ -70.85538, -37.81687 ], [ -70.85368, -37.81686 ], [ -70.8528, -37.81667 ], [ -70.85211, -37.81615 ], [ -70.85164, -37.81555 ], [ -70.84984, -37.81165 ], [ -70.84934, -37.81105 ], [ -70.84893, -37.81087 ], [ -70.84804, -37.811 ], [ -70.84766, -37.81167 ], [ -70.84716, -37.81198 ], [ -70.8452, -37.81228 ], [ -70.84344, -37.81206 ], [ -70.84192, -37.81212 ], [ -70.8391, -37.81171 ], [ -70.83732, -37.8106 ], [ -70.83666, -37.81068 ], [ -70.83542, -37.81113 ], [ -70.83246, -37.8102 ], [ -70.83137, -37.81001 ], [ -70.83038, -37.80939 ], [ -70.82857, -37.80746 ], [ -70.8274, -37.80673 ], [ -70.82725, -37.80636 ], [ -70.82726, -37.80472 ], [ -70.82819, -37.803 ], [ -70.82985, -37.80133 ], [ -70.83051, -37.79922 ], [ -70.8304, -37.79871 ], [ -70.8302, -37.7985 ], [ -70.82877, -37.7976 ], [ -70.82815, -37.797 ], [ -70.82859, -37.79449 ], [ -70.82852, -37.79391 ], [ -70.82726, -37.79302 ], [ -70.82609, -37.79192 ], [ -70.82596, -37.79083 ], [ -70.82524, -37.79005 ], [ -70.82209, -37.78838 ], [ -70.82145, -37.78821 ], [ -70.81872, -37.78835 ], [ -70.81797, -37.78868 ], [ -70.81749, -37.78917 ], [ -70.81575, -37.78953 ], [ -70.81493, -37.78956 ], [ -70.81361, -37.78904 ], [ -70.81266, -37.78891 ], [ -70.81077, -37.78902 ], [ -70.80861, -37.78958 ], [ -70.80782, -37.78946 ], [ -70.8066, -37.78844 ], [ -70.80553, -37.78811 ], [ -70.80029, -37.78857 ], [ -70.79799, -37.78795 ], [ -70.79485, -37.78802 ], [ -70.79422, -37.78774 ], [ -70.79348, -37.78713 ], [ -70.79288, -37.78699 ], [ -70.79164, -37.78705 ], [ -70.79132, -37.78721 ], [ -70.79116, -37.7876 ], [ -70.79031, -37.78764 ], [ -70.78949, -37.78748 ], [ -70.78813, -37.78667 ], [ -70.78635, -37.78595 ], [ -70.78432, -37.7854 ], [ -70.7812, -37.78488 ], [ -70.77956, -37.78486 ], [ -70.776, -37.78403 ], [ -70.77397, -37.78309 ], [ -70.77174, -37.78154 ], [ -70.76907, -37.77814 ], [ -70.76738, -37.77681 ], [ -70.76591, -37.77522 ], [ -70.76526, -37.77431 ], [ -70.76492, -37.77259 ], [ -70.7646, -37.77173 ], [ -70.76425, -37.7713 ], [ -70.76142, -37.76981 ], [ -70.76023, -37.76858 ], [ -70.75784, -37.76689 ], [ -70.75561, -37.76725 ], [ -70.75444, -37.76688 ], [ -70.75396, -37.76654 ], [ -70.75121, -37.76593 ], [ -70.75067, -37.76564 ], [ -70.75056, -37.76535 ], [ -70.75068, -37.76465 ], [ -70.75212, -37.76374 ], [ -70.75226, -37.7634 ], [ -70.75194, -37.76265 ], [ -70.75174, -37.76268 ], [ -70.75124, -37.76097 ], [ -70.75069, -37.76037 ], [ -70.74941, -37.75953 ], [ -70.74894, -37.75898 ], [ -70.74856, -37.7584 ], [ -70.74847, -37.75747 ], [ -70.7463, -37.75501 ], [ -70.74306, -37.753 ], [ -70.74114, -37.75064 ], [ -70.73979, -37.75007 ], [ -70.73731, -37.74843 ], [ -70.73605, -37.74805 ], [ -70.73602, -37.74749 ], [ -70.73512, -37.74557 ], [ -70.73463, -37.743 ], [ -70.73432, -37.74246 ], [ -70.73352, -37.74213 ], [ -70.73229, -37.74202 ], [ -70.73178, -37.74225 ], [ -70.73125, -37.74297 ], [ -70.73114, -37.74407 ], [ -70.7309, -37.74454 ], [ -70.72974, -37.74515 ], [ -70.72848, -37.74527 ], [ -70.72704, -37.74481 ], [ -70.72626, -37.74435 ], [ -70.72581, -37.74386 ], [ -70.72573, -37.74153 ], [ -70.72548, -37.74088 ], [ -70.72493, -37.74034 ], [ -70.72358, -37.74019 ], [ -70.72126, -37.74038 ], [ -70.7209, -37.7405 ], [ -70.71969, -37.74148 ], [ -70.71847, -37.74185 ], [ -70.71776, -37.7419 ], [ -70.71352, -37.74356 ], [ -70.71118, -37.74342 ], [ -70.70877, -37.744 ], [ -70.70745, -37.74368 ], [ -70.70638, -37.74391 ], [ -70.7053, -37.74454 ], [ -70.70364, -37.74478 ], [ -70.70265, -37.74536 ], [ -70.70109, -37.74719 ], [ -70.69966, -37.74778 ], [ -70.69829, -37.74803 ], [ -70.69639, -37.74811 ], [ -70.69578, -37.74786 ], [ -70.69483, -37.74715 ], [ -70.69386, -37.74685 ], [ -70.69323, -37.74683 ], [ -70.69188, -37.74708 ], [ -70.69053, -37.74818 ], [ -70.6888, -37.74872 ], [ -70.68433, -37.74921 ], [ -70.68085, -37.74984 ], [ -70.67719, -37.74958 ], [ -70.67583, -37.74997 ], [ -70.67495, -37.75064 ], [ -70.67441, -37.75128 ], [ -70.67356, -37.75176 ], [ -70.67232, -37.75182 ], [ -70.67026, -37.75155 ], [ -70.66889, -37.75177 ], [ -70.66728, -37.75238 ], [ -70.66651, -37.75319 ], [ -70.66321, -37.75374 ], [ -70.66151, -37.75471 ], [ -70.65932, -37.75669 ], [ -70.65609, -37.75739 ], [ -70.65396, -37.75741 ], [ -70.653, -37.75886 ], [ -70.65216, -37.75952 ], [ -70.65161, -37.76019 ], [ -70.65154, -37.76136 ], [ -70.65173, -37.76253 ], [ -70.65302, -37.76466 ], [ -70.65315, -37.76575 ], [ -70.65264, -37.76701 ], [ -70.65183, -37.76818 ], [ -70.65175, -37.7687 ], [ -70.65346, -37.7696 ], [ -70.65421, -37.77043 ], [ -70.65432, -37.77116 ], [ -70.65406, -37.77294 ], [ -70.6544, -37.77473 ], [ -70.65463, -37.77519 ], [ -70.65629, -37.7768 ], [ -70.65656, -37.77759 ], [ -70.65524, -37.77927 ], [ -70.6544, -37.78081 ], [ -70.65412, -37.781 ], [ -70.6529, -37.78122 ], [ -70.65087, -37.78261 ], [ -70.65063, -37.783 ], [ -70.65139, -37.78448 ], [ -70.65146, -37.78596 ], [ -70.65223, -37.78755 ], [ -70.65202, -37.78828 ], [ -70.65243, -37.78911 ], [ -70.65265, -37.79101 ], [ -70.65332, -37.79199 ], [ -70.65339, -37.79257 ], [ -70.65306, -37.79289 ], [ -70.65138, -37.7933 ], [ -70.65023, -37.79452 ], [ -70.65001, -37.79501 ], [ -70.64975, -37.79653 ], [ -70.64899, -37.7975 ], [ -70.64802, -37.79974 ], [ -70.64828, -37.80095 ], [ -70.64819, -37.80136 ], [ -70.64784, -37.8019 ], [ -70.64734, -37.80225 ], [ -70.64712, -37.80339 ], [ -70.64603, -37.80403 ], [ -70.64575, -37.80448 ], [ -70.64582, -37.805 ], [ -70.64658, -37.80588 ], [ -70.64671, -37.8067 ], [ -70.64656, -37.80726 ], [ -70.64635, -37.80754 ], [ -70.6456, -37.80795 ], [ -70.64073, -37.80814 ], [ -70.63957, -37.80848 ], [ -70.63897, -37.80891 ], [ -70.63837, -37.80957 ], [ -70.63826, -37.80997 ], [ -70.63849, -37.8116 ], [ -70.63937, -37.81328 ], [ -70.63929, -37.81379 ], [ -70.63895, -37.81424 ], [ -70.63702, -37.81551 ], [ -70.63235, -37.81813 ], [ -70.62772, -37.82007 ], [ -70.62737, -37.8204 ], [ -70.62667, -37.82164 ], [ -70.62556, -37.82229 ], [ -70.62246, -37.82481 ], [ -70.62205, -37.82564 ], [ -70.6219, -37.82733 ], [ -70.62135, -37.82889 ], [ -70.62088, -37.83149 ], [ -70.61964, -37.83326 ], [ -70.62004, -37.83433 ], [ -70.61931, -37.83877 ], [ -70.61926, -37.84197 ], [ -70.61917, -37.84289 ], [ -70.61894, -37.84349 ], [ -70.61837, -37.84388 ], [ -70.61774, -37.84403 ], [ -70.61711, -37.84453 ], [ -70.61658, -37.84539 ], [ -70.6166, -37.84604 ], [ -70.61489, -37.84808 ], [ -70.61136, -37.85012 ], [ -70.60918, -37.85097 ], [ -70.60858, -37.85152 ], [ -70.60831, -37.85259 ], [ -70.60843, -37.85439 ], [ -70.60814, -37.85513 ], [ -70.60599, -37.85683 ], [ -70.60413, -37.85883 ], [ -70.60406, -37.8596 ], [ -70.60437, -37.86085 ], [ -70.60414, -37.86155 ], [ -70.60302, -37.8619 ], [ -70.59915, -37.8625 ], [ -70.59809, -37.86301 ], [ -70.59773, -37.86342 ], [ -70.59776, -37.86378 ], [ -70.59883, -37.8644 ], [ -70.5995, -37.86503 ], [ -70.59942, -37.86582 ], [ -70.59761, -37.86746 ], [ -70.59634, -37.86835 ], [ -70.594, -37.86949 ], [ -70.59183, -37.87033 ], [ -70.59022, -37.87149 ], [ -70.58993, -37.87239 ], [ -70.59015, -37.87356 ], [ -70.59043, -37.87399 ], [ -70.59234, -37.87548 ], [ -70.59283, -37.87608 ], [ -70.59194, -37.8783 ], [ -70.59126, -37.87921 ], [ -70.5898, -37.88016 ], [ -70.58913, -37.88036 ], [ -70.58836, -37.88036 ], [ -70.5872, -37.87993 ], [ -70.5868, -37.87921 ], [ -70.58562, -37.87835 ], [ -70.58516, -37.87821 ], [ -70.58471, -37.87829 ], [ -70.58298, -37.88001 ], [ -70.58187, -37.88139 ], [ -70.58129, -37.88303 ], [ -70.58136, -37.88394 ], [ -70.58177, -37.88472 ], [ -70.58268, -37.88592 ], [ -70.5844, -37.88759 ], [ -70.58439, -37.8882 ], [ -70.5849, -37.89016 ], [ -70.58505, -37.89266 ], [ -70.58533, -37.89425 ], [ -70.58555, -37.8947 ], [ -70.58632, -37.89522 ], [ -70.58647, -37.89559 ], [ -70.58614, -37.89736 ], [ -70.58537, -37.8991 ], [ -70.58361, -37.90106 ], [ -70.58212, -37.90208 ], [ -70.58054, -37.90277 ], [ -70.5801, -37.90358 ], [ -70.58011, -37.90437 ], [ -70.58084, -37.9062 ], [ -70.58168, -37.90721 ], [ -70.58168, -37.90764 ], [ -70.58139, -37.90832 ], [ -70.5814, -37.90982 ], [ -70.58223, -37.91257 ], [ -70.58219, -37.91385 ], [ -70.58295, -37.91643 ], [ -70.58288, -37.91716 ], [ -70.58198, -37.9195 ], [ -70.58187, -37.92014 ], [ -70.58327, -37.92213 ], [ -70.58595, -37.92441 ], [ -70.5872, -37.92893 ], [ -70.58776, -37.93336 ], [ -70.58803, -37.93444 ], [ -70.5889, -37.93633 ], [ -70.58892, -37.93691 ], [ -70.58863, -37.93786 ], [ -70.58757, -37.93857 ], [ -70.58677, -37.93946 ], [ -70.58621, -37.94058 ], [ -70.58617, -37.94129 ], [ -70.5864, -37.94204 ], [ -70.58695, -37.94271 ], [ -70.58674, -37.94613 ], [ -70.5869, -37.9469 ], [ -70.58758, -37.94757 ], [ -70.58982, -37.94847 ], [ -70.5901, -37.94892 ], [ -70.58993, -37.94964 ], [ -70.58935, -37.95075 ], [ -70.58716, -37.95288 ], [ -70.58685, -37.95391 ], [ -70.58687, -37.95445 ], [ -70.58721, -37.95551 ], [ -70.58763, -37.95593 ], [ -70.58793, -37.95596 ], [ -70.58984, -37.95518 ], [ -70.59029, -37.95536 ], [ -70.59091, -37.95592 ], [ -70.59124, -37.95674 ], [ -70.59141, -37.9592 ], [ -70.59216, -37.9611 ], [ -70.59227, -37.96184 ], [ -70.59223, -37.96234 ], [ -70.59177, -37.9629 ], [ -70.59146, -37.96308 ], [ -70.59074, -37.96315 ], [ -70.58866, -37.96157 ], [ -70.58811, -37.96151 ], [ -70.58677, -37.96289 ], [ -70.58652, -37.96383 ], [ -70.58657, -37.9645 ], [ -70.58747, -37.9663 ], [ -70.58762, -37.96739 ], [ -70.58613, -37.96777 ], [ -70.5858, -37.96809 ], [ -70.58624, -37.97054 ], [ -70.58607, -37.97174 ], [ -70.5864, -37.97241 ], [ -70.5857, -37.97355 ], [ -70.58586, -37.97391 ], [ -70.5867, -37.97431 ], [ -70.5886, -37.97564 ], [ -70.58939, -37.97597 ], [ -70.58952, -37.97634 ], [ -70.58901, -37.97857 ], [ -70.58784, -37.98056 ], [ -70.5871, -37.98221 ], [ -70.58695, -37.98425 ], [ -70.58708, -37.9853 ], [ -70.58785, -37.98647 ], [ -70.58868, -37.98719 ], [ -70.5917, -37.98858 ], [ -70.59287, -37.98932 ], [ -70.5937, -37.99047 ], [ -70.59493, -37.99299 ], [ -70.59434, -37.99495 ], [ -70.59448, -37.99548 ], [ -70.59469, -37.99579 ], [ -70.5962, -37.99672 ], [ -70.5963, -37.99697 ], [ -70.59617, -37.99918 ], [ -70.59655, -38.00096 ], [ -70.59656, -38.00208 ], [ -70.59505, -38.00411 ], [ -70.59473, -38.00565 ], [ -70.59487, -38.00841 ], [ -70.59473, -38.00887 ], [ -70.59302, -38.01072 ], [ -70.59257, -38.01166 ], [ -70.59289, -38.01219 ], [ -70.59492, -38.01379 ] ], [ [ -70.97497, -37.8742 ], [ -70.97448, -37.8742 ], [ -70.97405, -37.874 ], [ -70.97366, -37.87323 ], [ -70.97227, -37.87159 ], [ -70.97085, -37.87092 ], [ -70.9703, -37.8704 ], [ -70.97016, -37.86901 ], [ -70.96965, -37.86793 ], [ -70.96978, -37.86675 ], [ -70.97169, -37.86424 ], [ -70.97219, -37.86336 ], [ -70.97267, -37.86186 ], [ -70.97269, -37.86138 ], [ -70.97248, -37.86087 ], [ -70.97068, -37.85855 ], [ -70.97081, -37.85785 ], [ -70.97219, -37.85685 ], [ -70.97241, -37.85641 ], [ -70.97236, -37.85612 ], [ -70.97084, -37.85592 ], [ -70.96911, -37.85539 ], [ -70.96883, -37.85515 ], [ -70.96884, -37.85475 ], [ -70.96937, -37.85441 ], [ -70.96931, -37.85402 ], [ -70.96861, -37.85287 ], [ -70.96748, -37.85215 ], [ -70.96721, -37.8514 ], [ -70.96742, -37.8506 ], [ -70.9682, -37.84975 ], [ -70.9682, -37.84888 ], [ -70.96803, -37.84819 ], [ -70.96661, -37.84517 ], [ -70.96665, -37.84428 ], [ -70.96569, -37.84304 ], [ -70.96486, -37.84284 ], [ -70.96355, -37.8418 ], [ -70.96385, -37.84146 ], [ -70.96495, -37.84162 ], [ -70.96628, -37.84105 ], [ -70.96648, -37.8407 ], [ -70.96636, -37.84051 ], [ -70.96534, -37.84035 ], [ -70.96507, -37.84015 ], [ -70.96504, -37.83997 ], [ -70.96544, -37.83972 ], [ -70.96513, -37.83931 ], [ -70.9651, -37.83891 ], [ -70.96615, -37.83822 ], [ -70.96705, -37.83798 ], [ -70.96759, -37.83761 ], [ -70.96804, -37.83675 ], [ -70.96881, -37.83594 ], [ -70.96846, -37.83495 ], [ -70.96844, -37.83396 ], [ -70.96861, -37.83352 ], [ -70.96928, -37.83295 ], [ -70.96952, -37.83242 ], [ -70.96851, -37.83079 ], [ -70.96855, -37.83053 ], [ -70.96913, -37.82988 ], [ -70.96891, -37.82929 ], [ -70.96913, -37.82869 ], [ -70.96887, -37.82837 ], [ -70.96848, -37.82833 ] ], [ [ -71.0811, -37.88583 ], [ -71.07913, -37.8856 ], [ -71.07765, -37.88508 ], [ -71.07625, -37.88534 ], [ -71.07542, -37.88586 ], [ -71.07368, -37.88637 ], [ -71.07238, -37.88648 ], [ -71.07173, -37.88671 ], [ -71.07047, -37.88612 ], [ -71.06973, -37.88609 ], [ -71.06893, -37.88645 ], [ -71.06884, -37.886 ], [ -71.06857, -37.8858 ], [ -71.06787, -37.88593 ], [ -71.06743, -37.88582 ], [ -71.06708, -37.88498 ], [ -71.0671, -37.88451 ], [ -71.06739, -37.8842 ], [ -71.06702, -37.88384 ], [ -71.06679, -37.88316 ], [ -71.06641, -37.88281 ], [ -71.0662, -37.88185 ], [ -71.06594, -37.88159 ], [ -71.065, -37.88186 ], [ -71.06386, -37.8813 ], [ -71.06309, -37.88046 ], [ -71.06109, -37.88001 ], [ -71.06095, -37.87951 ], [ -71.05941, -37.87874 ], [ -71.05734, -37.87836 ], [ -71.05476, -37.87862 ] ], [ [ -71.0473, -37.87705 ], [ -71.047, -37.87595 ], [ -71.04647, -37.87494 ], [ -71.04576, -37.87465 ] ] ] } },
{ "type": "Feature", "properties": { "nombre": "Río Biobío", "tipo": "river", "volcan_codigo": "CPA", "volcan_nombre": "Copahue", "drena_volcan": true }, "geometry": { "type": "MultiLineString", "coordinates": [ [ [ -71.10559, -38.64714 ], [ -71.10778, -38.64654 ], [ -71.1086, -38.6457 ], [ -71.10854, -38.64433 ], [ -71.10885, -38.64229 ], [ -71.10998, -38.63934 ], [ -71.1103, -38.63759 ], [ -71.11159, -38.63561 ], [ -71.11291, -38.6343 ], [ -71.11378, -38.63387 ], [ -71.11463, -38.63377 ], [ -71.11627, -38.63459 ], [ -71.11758, -38.63562 ], [ -71.11962, -38.63587 ], [ -71.12042, -38.63557 ], [ -71.12131, -38.63558 ], [ -71.12256, -38.6363 ], [ -71.12454, -38.637 ], [ -71.1267, -38.63725 ], [ -71.12783, -38.63713 ], [ -71.12894, -38.63651 ], [ -71.12954, -38.63474 ], [ -71.13113, -38.63349 ], [ -71.13144, -38.63306 ], [ -71.13334, -38.6276 ], [ -71.13364, -38.62715 ], [ -71.13447, -38.6265 ], [ -71.135, -38.62621 ], [ -71.13554, -38.62615 ], [ -71.13692, -38.62655 ], [ -71.13779, -38.62658 ], [ -71.13945, -38.62569 ], [ -71.14013, -38.62522 ], [ -71.14082, -38.62414 ], [ -71.14132, -38.62365 ], [ -71.14433, -38.62182 ], [ -71.14496, -38.62056 ], [ -71.1457, -38.61993 ], [ -71.14818, -38.6194 ], [ -71.14959, -38.61987 ], [ -71.15193, -38.62031 ], [ -71.15252, -38.62006 ], [ -71.1531, -38.61957 ], [ -71.15398, -38.61786 ], [ -71.15414, -38.61667 ], [ -71.15314, -38.61482 ], [ -71.15305, -38.61336 ], [ -71.15263, -38.61271 ], [ -71.15113, -38.61142 ], [ -71.15069, -38.61081 ], [ -71.1506, -38.6102 ], [ -71.15078, -38.60832 ], [ -71.1491, -38.6072 ], [ -71.14616, -38.60566 ], [ -71.14503, -38.60454 ], [ -71.14473, -38.60166 ], [ -71.14471, -38.59921 ], [ -71.14481, -38.59814 ], [ -71.14513, -38.59772 ], [ -71.14466, -38.59654 ], [ -71.14444, -38.59476 ], [ -71.14369, -38.59391 ], [ -71.14232, -38.59291 ], [ -71.14027, -38.59183 ], [ -71.13939, -38.5912 ], [ -71.13853, -38.58981 ], [ -71.13857, -38.58942 ], [ -71.13907, -38.58903 ], [ -71.13945, -38.58777 ], [ -71.13988, -38.58695 ], [ -71.13958, -38.58445 ], [ -71.13979, -38.5838 ], [ -71.14021, -38.58331 ], [ -71.14117, -38.58317 ], [ -71.1419, -38.58287 ], [ -71.14345, -38.58112 ], [ -71.14475, -38.58013 ], [ -71.14529, -38.58006 ], [ -71.1466, -38.5803 ], [ -71.14894, -38.57973 ], [ -71.14935, -38.57947 ], [ -71.14968, -38.57841 ], [ -71.14927, -38.57655 ], [ -71.14922, -38.57563 ], [ -71.14947, -38.57484 ], [ -71.14986, -38.57423 ], [ -71.15073, -38.57365 ], [ -71.15397, -38.57338 ], [ -71.15564, -38.57434 ], [ -71.15645, -38.57506 ], [ -71.15709, -38.57516 ], [ -71.15912, -38.57425 ], [ -71.16206, -38.57382 ], [ -71.16472, -38.57281 ], [ -71.16623, -38.57247 ], [ -71.17004, -38.57213 ], [ -71.17437, -38.57229 ], [ -71.17537, -38.57213 ], [ -71.17602, -38.5718 ], [ -71.17692, -38.57111 ], [ -71.17753, -38.56929 ], [ -71.17787, -38.5672 ], [ -71.17775, -38.56426 ], [ -71.18009, -38.56143 ], [ -71.18164, -38.56023 ], [ -71.18218, -38.56016 ], [ -71.18279, -38.56038 ], [ -71.1833, -38.5613 ], [ -71.18367, -38.5616 ], [ -71.18451, -38.56163 ], [ -71.1852, -38.5614 ], [ -71.18618, -38.56067 ], [ -71.18691, -38.55935 ], [ -71.18743, -38.55591 ], [ -71.18826, -38.55473 ], [ -71.19047, -38.55382 ], [ -71.19194, -38.55384 ], [ -71.19393, -38.55419 ], [ -71.19454, -38.55407 ], [ -71.19509, -38.55373 ], [ -71.19557, -38.55252 ], [ -71.1959, -38.55019 ], [ -71.19572, -38.54875 ], [ -71.19651, -38.54528 ], [ -71.19652, -38.54429 ], [ -71.19624, -38.54303 ], [ -71.19393, -38.53847 ], [ -71.19411, -38.53593 ], [ -71.19471, -38.53287 ], [ -71.19424, -38.53103 ], [ -71.19355, -38.52961 ], [ -71.19337, -38.52867 ], [ -71.19472, -38.52456 ], [ -71.19576, -38.52251 ], [ -71.19601, -38.52159 ], [ -71.19589, -38.52011 ], [ -71.1951, -38.51811 ], [ -71.19531, -38.51703 ], [ -71.19555, -38.51662 ], [ -71.19625, -38.51611 ], [ -71.19837, -38.51521 ], [ -71.20042, -38.51294 ], [ -71.20109, -38.51194 ], [ -71.20283, -38.50783 ], [ -71.20325, -38.50585 ], [ -71.2033, -38.50451 ], [ -71.20302, -38.50268 ], [ -71.20214, -38.50037 ], [ -71.20229, -38.49947 ], [ -71.20275, -38.49911 ], [ -71.20385, -38.49925 ], [ -71.20663, -38.50084 ], [ -71.20715, -38.50244 ], [ -71.2075, -38.50465 ], [ -71.20839, -38.50567 ], [ -71.20938, -38.50639 ], [ -71.21441, -38.50783 ], [ -71.21524, -38.50776 ], [ -71.21631, -38.50741 ], [ -71.21842, -38.50587 ], [ -71.21983, -38.50447 ], [ -71.22061, -38.50295 ], [ -71.22075, -38.5019 ], [ -71.22114, -38.5008 ], [ -71.22203, -38.4997 ], [ -71.22249, -38.49938 ], [ -71.2228, -38.49886 ], [ -71.22345, -38.49699 ], [ -71.22328, -38.49626 ], [ -71.224, -38.49516 ], [ -71.22517, -38.49422 ], [ -71.22792, -38.49127 ], [ -71.2283, -38.4906 ], [ -71.22859, -38.49033 ], [ -71.22929, -38.49011 ], [ -71.22971, -38.48958 ], [ -71.23039, -38.488 ], [ -71.23031, -38.48592 ], [ -71.23137, -38.48389 ], [ -71.23234, -38.4833 ], [ -71.23334, -38.48207 ], [ -71.23526, -38.48071 ], [ -71.23636, -38.479 ], [ -71.23699, -38.4763 ], [ -71.23712, -38.47468 ], [ -71.23693, -38.47405 ], [ -71.23563, -38.47231 ], [ -71.23467, -38.4714 ], [ -71.2324, -38.47011 ], [ -71.23171, -38.46953 ], [ -71.23102, -38.46871 ], [ -71.23023, -38.46739 ], [ -71.22984, -38.46608 ], [ -71.23051, -38.46443 ], [ -71.23202, -38.46248 ], [ -71.23229, -38.4619 ], [ -71.23204, -38.45961 ], [ -71.23139, -38.4575 ], [ -71.23139, -38.45688 ], [ -71.23175, -38.45631 ], [ -71.23255, -38.4557 ], [ -71.23455, -38.45495 ], [ -71.23504, -38.45457 ], [ -71.23516, -38.45401 ], [ -71.23464, -38.45242 ], [ -71.23415, -38.45163 ], [ -71.23371, -38.45123 ], [ -71.23205, -38.45076 ], [ -71.23052, -38.45077 ], [ -71.22891, -38.45122 ], [ -71.22759, -38.45137 ], [ -71.22596, -38.45096 ], [ -71.22459, -38.4504 ], [ -71.22413, -38.45004 ], [ -71.22383, -38.44955 ], [ -71.22375, -38.44875 ], [ -71.22407, -38.44717 ], [ -71.22536, -38.44362 ], [ -71.22554, -38.44163 ], [ -71.22538, -38.44008 ], [ -71.22575, -38.43889 ], [ -71.22655, -38.43802 ], [ -71.22743, -38.43756 ], [ -71.22886, -38.43726 ], [ -71.23098, -38.4373 ], [ -71.23142, -38.43696 ], [ -71.23167, -38.4363 ], [ -71.23154, -38.43552 ], [ -71.23026, -38.43464 ], [ -71.23004, -38.43425 ], [ -71.23016, -38.43356 ], [ -71.23055, -38.43273 ], [ -71.23225, -38.4302 ], [ -71.23368, -38.42854 ], [ -71.23883, -38.4239 ], [ -71.23906, -38.42339 ], [ -71.23927, -38.42148 ], [ -71.23959, -38.42087 ], [ -71.24178, -38.41949 ], [ -71.24301, -38.41778 ], [ -71.24333, -38.41488 ], [ -71.24356, -38.41401 ], [ -71.24549, -38.41065 ], [ -71.2467, -38.40707 ], [ -71.24686, -38.40506 ], [ -71.24661, -38.40377 ], [ -71.24632, -38.40339 ], [ -71.2445, -38.40222 ], [ -71.24257, -38.39924 ], [ -71.24236, -38.39863 ], [ -71.24248, -38.39651 ], [ -71.2419, -38.39476 ], [ -71.23863, -38.39032 ], [ -71.2377, -38.3894 ], [ -71.23613, -38.38826 ], [ -71.23567, -38.38736 ], [ -71.2353, -38.38637 ], [ -71.23518, -38.38541 ], [ -71.23546, -38.38424 ], [ -71.23571, -38.38383 ], [ -71.23672, -38.38278 ], [ -71.24025, -38.38107 ], [ -71.24218, -38.3795 ], [ -71.24246, -38.37892 ], [ -71.24242, -38.37771 ], [ -71.2426, -38.37708 ], [ -71.24334, -38.37612 ], [ -71.24422, -38.37543 ], [ -71.2455, -38.37485 ], [ -71.24744, -38.37465 ], [ -71.25102, -38.3738 ], [ -71.25228, -38.37309 ], [ -71.25289, -38.37226 ], [ -71.25294, -38.37161 ], [ -71.25221, -38.36976 ], [ -71.25179, -38.36634 ], [ -71.25197, -38.36541 ], [ -71.25265, -38.36481 ], [ -71.25842, -38.3633 ], [ -71.2627, -38.36264 ], [ -71.26455, -38.36259 ], [ -71.26873, -38.36346 ], [ -71.27104, -38.36369 ], [ -71.27531, -38.36341 ], [ -71.27718, -38.36283 ], [ -71.27944, -38.35965 ], [ -71.28055, -38.35727 ], [ -71.28061, -38.35594 ], [ -71.27967, -38.35473 ], [ -71.27903, -38.35195 ], [ -71.27896, -38.34882 ], [ -71.27916, -38.34806 ], [ -71.27953, -38.34759 ], [ -71.28144, -38.34635 ], [ -71.28408, -38.34499 ], [ -71.28569, -38.34439 ], [ -71.28939, -38.34381 ], [ -71.29095, -38.34339 ], [ -71.29314, -38.34166 ], [ -71.29526, -38.34046 ], [ -71.30053, -38.33914 ], [ -71.30244, -38.33894 ], [ -71.30569, -38.33971 ], [ -71.30793, -38.33934 ], [ -71.30975, -38.33987 ], [ -71.31035, -38.33977 ], [ -71.31248, -38.33762 ], [ -71.31432, -38.33658 ], [ -71.31515, -38.33565 ], [ -71.31573, -38.33386 ], [ -71.31603, -38.33106 ], [ -71.31641, -38.32997 ], [ -71.31698, -38.32929 ], [ -71.31788, -38.32727 ], [ -71.32159, -38.32287 ], [ -71.3222, -38.32152 ], [ -71.32342, -38.31958 ], [ -71.32388, -38.31762 ], [ -71.32559, -38.31552 ], [ -71.32611, -38.31401 ], [ -71.32678, -38.31327 ], [ -71.32859, -38.312 ], [ -71.32984, -38.31054 ], [ -71.33056, -38.30995 ], [ -71.33177, -38.30924 ], [ -71.33438, -38.30807 ], [ -71.33541, -38.30648 ], [ -71.33622, -38.30444 ], [ -71.33614, -38.30398 ], [ -71.33457, -38.30116 ], [ -71.33229, -38.29868 ], [ -71.33023, -38.29599 ], [ -71.32969, -38.29508 ], [ -71.32919, -38.29344 ], [ -71.32595, -38.29157 ], [ -71.32138, -38.28925 ], [ -71.32077, -38.2887 ], [ -71.32051, -38.28789 ], [ -71.32058, -38.28664 ], [ -71.32103, -38.28553 ], [ -71.32262, -38.28394 ], [ -71.32552, -38.28224 ], [ -71.32599, -38.2816 ], [ -71.32608, -38.28108 ], [ -71.32549, -38.27967 ], [ -71.32397, -38.27798 ], [ -71.3225, -38.27568 ], [ -71.32075, -38.27419 ], [ -71.31919, -38.27355 ], [ -71.31858, -38.27309 ], [ -71.31794, -38.27223 ], [ -71.31782, -38.2713 ], [ -71.31828, -38.27028 ], [ -71.31984, -38.2698 ], [ -71.32071, -38.26886 ], [ -71.32108, -38.26834 ], [ -71.32161, -38.26674 ], [ -71.32427, -38.26373 ], [ -71.32434, -38.2634 ], [ -71.32393, -38.26225 ], [ -71.32087, -38.26002 ], [ -71.31934, -38.25847 ], [ -71.31785, -38.25757 ], [ -71.31729, -38.25749 ], [ -71.31679, -38.25767 ], [ -71.31376, -38.25998 ], [ -71.31187, -38.26063 ], [ -71.30593, -38.26197 ], [ -71.30258, -38.26206 ], [ -71.30207, -38.26193 ], [ -71.30188, -38.26149 ], [ -71.30187, -38.26092 ], [ -71.30204, -38.26052 ], [ -71.30358, -38.25806 ], [ -71.30514, -38.25672 ], [ -71.30866, -38.25453 ], [ -71.3097, -38.25353 ], [ -71.31109, -38.25181 ], [ -71.31243, -38.24985 ], [ -71.31259, -38.24862 ], [ -71.31217, -38.24666 ], [ -71.31214, -38.24534 ], [ -71.31169, -38.24444 ], [ -71.31154, -38.24356 ], [ -71.31227, -38.24153 ], [ -71.31269, -38.23835 ], [ -71.31242, -38.2374 ], [ -71.31093, -38.23532 ], [ -71.30954, -38.23493 ], [ -71.3062, -38.23361 ], [ -71.30578, -38.23335 ], [ -71.30458, -38.23202 ], [ -71.30451, -38.23156 ], [ -71.30579, -38.23019 ], [ -71.30617, -38.22915 ], [ -71.30594, -38.22815 ], [ -71.30644, -38.22506 ], [ -71.30614, -38.22338 ], [ -71.30442, -38.22158 ], [ -71.29814, -38.21625 ], [ -71.29593, -38.21379 ], [ -71.29593, -38.21311 ], [ -71.29651, -38.21181 ], [ -71.29677, -38.21007 ], [ -71.29705, -38.20928 ], [ -71.2978, -38.20852 ], [ -71.29968, -38.20742 ], [ -71.30022, -38.20651 ], [ -71.29937, -38.20502 ], [ -71.29919, -38.20395 ], [ -71.29933, -38.20119 ], [ -71.29856, -38.1986 ], [ -71.29775, -38.19671 ], [ -71.29757, -38.19576 ], [ -71.2979, -38.19499 ], [ -71.29958, -38.19392 ], [ -71.30023, -38.19261 ], [ -71.3003, -38.18971 ], [ -71.30131, -38.18591 ], [ -71.3033, -38.18412 ], [ -71.30979, -38.17977 ] ], [ [ -71.6124, -37.91023 ], [ -71.61612, -37.90854 ], [ -71.61883, -37.90793 ], [ -71.6206, -37.90703 ], [ -71.62284, -37.90618 ], [ -71.62511, -37.90554 ], [ -71.62586, -37.90506 ], [ -71.62648, -37.90387 ], [ -71.6276, -37.90065 ], [ -71.62816, -37.90019 ], [ -71.62929, -37.89836 ], [ -71.63238, -37.89612 ], [ -71.63321, -37.89312 ], [ -71.63392, -37.89177 ], [ -71.63487, -37.89133 ], [ -71.64014, -37.89097 ], [ -71.64084, -37.89056 ], [ -71.64263, -37.88898 ], [ -71.64468, -37.88828 ], [ -71.64604, -37.88738 ], [ -71.64825, -37.88463 ], [ -71.64906, -37.88281 ], [ -71.64955, -37.88106 ], [ -71.65021, -37.87951 ], [ -71.65194, -37.87775 ], [ -71.65452, -37.87555 ], [ -71.6554, -37.87418 ], [ -71.65657, -37.87126 ], [ -71.65723, -37.8706 ], [ -71.6581, -37.87029 ], [ -71.66077, -37.87005 ], [ -71.66356, -37.87004 ], [ -71.66964, -37.87047 ], [ -71.67033, -37.87039 ], [ -71.67289, -37.86931 ], [ -71.67495, -37.86761 ], [ -71.67602, -37.86563 ], [ -71.67626, -37.86367 ], [ -71.67593, -37.86276 ], [ -71.67527, -37.86235 ], [ -71.67226, -37.86194 ], [ -71.6714, -37.86167 ], [ -71.6707, -37.86124 ], [ -71.67058, -37.86098 ], [ -71.67059, -37.86077 ], [ -71.67144, -37.86016 ], [ -71.67195, -37.85861 ], [ -71.67451, -37.85473 ], [ -71.67517, -37.85304 ], [ -71.67589, -37.85228 ], [ -71.67816, -37.85166 ], [ -71.68043, -37.8491 ], [ -71.68124, -37.8469 ], [ -71.6821, -37.84571 ], [ -71.68584, -37.84402 ], [ -71.68931, -37.84334 ], [ -71.69051, -37.84241 ], [ -71.69111, -37.8415 ], [ -71.69125, -37.84097 ], [ -71.69129, -37.83927 ], [ -71.69051, -37.83744 ], [ -71.68973, -37.83675 ], [ -71.68843, -37.83639 ], [ -71.68642, -37.83612 ], [ -71.68537, -37.83578 ], [ -71.68334, -37.83473 ], [ -71.67966, -37.83201 ], [ -71.67865, -37.83094 ], [ -71.67771, -37.82884 ], [ -71.6776, -37.82839 ], [ -71.67777, -37.82704 ], [ -71.6788, -37.82504 ], [ -71.68021, -37.82344 ], [ -71.68055, -37.82224 ], [ -71.68053, -37.82144 ], [ -71.67997, -37.82029 ], [ -71.67869, -37.81916 ], [ -71.67795, -37.81808 ], [ -71.67789, -37.81739 ], [ -71.6781, -37.81622 ], [ -71.6775, -37.81473 ], [ -71.67688, -37.81406 ], [ -71.67517, -37.81317 ], [ -71.67477, -37.8127 ], [ -71.67476, -37.81244 ], [ -71.67536, -37.8107 ], [ -71.67604, -37.8095 ], [ -71.67649, -37.80902 ], [ -71.67734, -37.80873 ], [ -71.67863, -37.80896 ], [ -71.67926, -37.80883 ], [ -71.68027, -37.8082 ], [ -71.68112, -37.8072 ] ], [ [ -71.4788, -38.0444 ], [ -71.47947, -38.04389 ], [ -71.47989, -38.04188 ], [ -71.48066, -38.04011 ], [ -71.48102, -38.03639 ], [ -71.48211, -38.03459 ], [ -71.48246, -38.03332 ], [ -71.48234, -38.03304 ], [ -71.48194, -38.03275 ], [ -71.47978, -38.03169 ], [ -71.47924, -38.03136 ], [ -71.47902, -38.03104 ], [ -71.47893, -38.03052 ], [ -71.47908, -38.02972 ], [ -71.4787, -38.02754 ], [ -71.47868, -38.02257 ], [ -71.47975, -38.01757 ], [ -71.48092, -38.01442 ], [ -71.48126, -38.01263 ], [ -71.48088, -38.01059 ], [ -71.48128, -38.0083 ], [ -71.48239, -38.00608 ], [ -71.4842, -38.00404 ], [ -71.48512, -38.00361 ], [ -71.48638, -38.00336 ], [ -71.48793, -38.00329 ], [ -71.48919, -38.00331 ], [ -71.49081, -38.00377 ], [ -71.4921, -38.00445 ], [ -71.49308, -38.00522 ], [ -71.49416, -38.0064 ], [ -71.49538, -38.00695 ], [ -71.496, -38.00741 ], [ -71.49712, -38.00936 ], [ -71.49865, -38.00957 ], [ -71.49948, -38.0095 ], [ -71.50003, -38.00924 ], [ -71.50078, -38.0084 ], [ -71.50179, -38.00614 ], [ -71.50309, -38.00507 ], [ -71.50473, -38.0041 ], [ -71.50818, -38.00286 ], [ -71.51142, -38.00254 ], [ -71.51637, -37.99839 ], [ -71.51794, -37.99654 ], [ -71.52054, -37.9946 ], [ -71.52267, -37.99277 ], [ -71.52432, -37.99182 ], [ -71.52557, -37.99154 ], [ -71.52969, -37.99119 ], [ -71.53337, -37.98961 ], [ -71.5375, -37.98845 ], [ -71.53846, -37.98835 ], [ -71.54006, -37.98856 ], [ -71.54194, -37.98963 ] ], [ [ -71.61152, -37.91062 ], [ -71.61173, -37.91053 ] ], [ [ -71.4751, -38.04613 ], [ -71.47534, -38.04602 ] ], [ [ -71.47534, -38.04602 ], [ -71.47665, -38.04542 ] ], [ [ -71.61173, -37.91053 ], [ -71.6124, -37.91023 ] ], [ [ -71.47665, -38.04542 ], [ -71.4788, -38.0444 ] ], [ [ -71.47764, -38.04417 ], [ -71.4788, -38.0444 ] ], [ [ -71.47476, -38.04511 ], [ -71.47672, -38.04407 ], [ -71.47764, -38.04417 ] ] ] } },
{ "type": "Feature", "properties": { "nombre": "Río Butaco", "tipo": "stream", "volcan_codigo": "CPA", "volcan_nombre": "Copahue", "drena_volcan": false }, "geometry": { "type": "MultiLineString", "coordinates": [ [ [ -71.59975, -38.07178 ], [ -71.59899, -38.07115 ], [ -71.59889, -38.07089 ], [ -71.5993, -38.07029 ], [ -71.59937, -38.06955 ], [ -71.59968, -38.06916 ], [ -71.59958, -38.06662 ], [ -71.59979, -38.06553 ], [ -71.60057, -38.06442 ], [ -71.60065, -38.06395 ], [ -71.6, -38.06336 ], [ -71.59985, -38.06302 ], [ -71.5996, -38.06099 ], [ -71.59966, -38.06053 ], [ -71.60007, -38.05991 ], [ -71.60011, -38.05959 ], [ -71.59942, -38.05933 ], [ -71.59874, -38.05846 ], [ -71.59929, -38.05829 ], [ -71.59943, -38.05807 ], [ -71.5992, -38.05731 ], [ -71.59927, -38.05709 ], [ -71.59834, -38.0568 ], [ -71.59796, -38.05551 ], [ -71.59819, -38.05509 ], [ -71.59877, -38.05472 ], [ -71.59931, -38.05459 ], [ -71.59948, -38.05434 ], [ -71.59852, -38.0541 ], [ -71.59832, -38.05328 ], [ -71.59869, -38.05276 ], [ -71.59798, -38.05225 ], [ -71.5975, -38.0511 ], [ -71.59779, -38.05045 ], [ -71.59757, -38.04968 ], [ -71.5984, -38.0491 ], [ -71.59839, -38.04894 ], [ -71.59776, -38.04861 ], [ -71.59767, -38.04836 ], [ -71.59858, -38.04739 ], [ -71.59842, -38.047 ], [ -71.59864, -38.04649 ], [ -71.59848, -38.04589 ], [ -71.59809, -38.04527 ], [ -71.59707, -38.04503 ], [ -71.59665, -38.04444 ], [ -71.59685, -38.04219 ], [ -71.59617, -38.04092 ], [ -71.5963, -38.0385 ], [ -71.59693, -38.03765 ], [ -71.59645, -38.03659 ], [ -71.59708, -38.03551 ], [ -71.59722, -38.03456 ], [ -71.5969, -38.03426 ], [ -71.59576, -38.03393 ], [ -71.59536, -38.03352 ], [ -71.59584, -38.0327 ], [ -71.59558, -38.03199 ], [ -71.59561, -38.03087 ], [ -71.59533, -38.0302 ], [ -71.59209, -38.0285 ], [ -71.59145, -38.02724 ], [ -71.59158, -38.02656 ], [ -71.59076, -38.0257 ], [ -71.59076, -38.02499 ], [ -71.59052, -38.02453 ], [ -71.58955, -38.02316 ], [ -71.58877, -38.02256 ], [ -71.58835, -38.02093 ], [ -71.58762, -38.01994 ], [ -71.5872, -38.01977 ], [ -71.5868, -38.0156 ], [ -71.58538, -38.01417 ], [ -71.58531, -38.01346 ], [ -71.58396, -38.01274 ], [ -71.58377, -38.01247 ], [ -71.58372, -38.01203 ], [ -71.58396, -38.01165 ], [ -71.58326, -38.01061 ], [ -71.58305, -38.00963 ], [ -71.58351, -38.00881 ], [ -71.58365, -38.00807 ], [ -71.58409, -38.0077 ], [ -71.58427, -38.00717 ], [ -71.58425, -38.00568 ], [ -71.58367, -38.00531 ], [ -71.58347, -38.00472 ], [ -71.58368, -38.00442 ], [ -71.58376, -38.00375 ], [ -71.58409, -38.00335 ], [ -71.58357, -38.00291 ], [ -71.5835, -38.00266 ], [ -71.58362, -38.00223 ], [ -71.58418, -38.0015 ], [ -71.58386, -38.00044 ], [ -71.5833, -37.99957 ], [ -71.58254, -37.99939 ], [ -71.58111, -37.99799 ], [ -71.58091, -37.99754 ], [ -71.58077, -37.99593 ], [ -71.5803, -37.9957 ], [ -71.57965, -37.99564 ], [ -71.5793, -37.99493 ], [ -71.57851, -37.99461 ], [ -71.57673, -37.9934 ], [ -71.57607, -37.99243 ], [ -71.57576, -37.99226 ], [ -71.57484, -37.99212 ], [ -71.57403, -37.99156 ], [ -71.57289, -37.99126 ], [ -71.57255, -37.99066 ], [ -71.5718, -37.99025 ], [ -71.57113, -37.99028 ], [ -71.57057, -37.99066 ], [ -71.57036, -37.9906 ], [ -71.5701, -37.99039 ], [ -71.56991, -37.9898 ], [ -71.56871, -37.98872 ], [ -71.5686, -37.98819 ], [ -71.56839, -37.98798 ], [ -71.56742, -37.98752 ], [ -71.56622, -37.98729 ], [ -71.56603, -37.98713 ], [ -71.56573, -37.98644 ], [ -71.56443, -37.98569 ], [ -71.5633, -37.98415 ], [ -71.56226, -37.98334 ], [ -71.56016, -37.98088 ], [ -71.55994, -37.98081 ] ], [ [ -71.55994, -37.98081 ], [ -71.5584, -37.98069 ], [ -71.558, -37.98007 ], [ -71.55663, -37.97952 ], [ -71.5563, -37.9792 ], [ -71.55628, -37.97883 ] ] ] } },
{ "type": "Feature", "properties": { "nombre": "Río Cauñicú", "tipo": "river", "volcan_codigo": "CPA", "volcan_nombre": "Copahue", "drena_volcan": true }, "geometry": { "type": "LineString", "coordinates": [ [ -71.39627, -37.77247 ], [ -71.39622, -37.77213 ], [ -71.39565, -37.77138 ], [ -71.3958, -37.77057 ], [ -71.39667, -37.76949 ], [ -71.39674, -37.76874 ], [ -71.39782, -37.7671 ], [ -71.39876, -37.76648 ], [ -71.39917, -37.76592 ], [ -71.40001, -37.76589 ], [ -71.40075, -37.76493 ], [ -71.40165, -37.76443 ], [ -71.40227, -37.76433 ], [ -71.40266, -37.76408 ], [ -71.40333, -37.76404 ], [ -71.40396, -37.76365 ], [ -71.40529, -37.76385 ], [ -71.40568, -37.76334 ], [ -71.40699, -37.76284 ], [ -71.40719, -37.76244 ], [ -71.40802, -37.76194 ], [ -71.40831, -37.76144 ], [ -71.40816, -37.76063 ], [ -71.4084, -37.76006 ], [ -71.40972, -37.75917 ], [ -71.40998, -37.7586 ], [ -71.4114, -37.75809 ], [ -71.41263, -37.75734 ], [ -71.4132, -37.75727 ], [ -71.41322, -37.75637 ], [ -71.41349, -37.75613 ], [ -71.41428, -37.75588 ], [ -71.41462, -37.75465 ], [ -71.41527, -37.75436 ], [ -71.41559, -37.75376 ], [ -71.41682, -37.75336 ], [ -71.41797, -37.75345 ], [ -71.42015, -37.75256 ], [ -71.42183, -37.75254 ], [ -71.42269, -37.75186 ], [ -71.42362, -37.7516 ], [ -71.4247, -37.75156 ], [ -71.42524, -37.75127 ], [ -71.42639, -37.75018 ], [ -71.42682, -37.7501 ], [ -71.42754, -37.75045 ], [ -71.42808, -37.75049 ], [ -71.42869, -37.75026 ], [ -71.42929, -37.74962 ], [ -71.43034, -37.74922 ], [ -71.43056, -37.74892 ], [ -71.43028, -37.74763 ], [ -71.4307, -37.74686 ], [ -71.43164, -37.74624 ], [ -71.43166, -37.74565 ], [ -71.43149, -37.74529 ], [ -71.43186, -37.7443 ], [ -71.43249, -37.74383 ], [ -71.43455, -37.74302 ], [ -71.43636, -37.74266 ], [ -71.4366, -37.74231 ], [ -71.43605, -37.74169 ], [ -71.43653, -37.7412 ], [ -71.43794, -37.74135 ], [ -71.43834, -37.74117 ], [ -71.43865, -37.74083 ], [ -71.43856, -37.74036 ], [ -71.43898, -37.73999 ], [ -71.43915, -37.73957 ], [ -71.43879, -37.73857 ], [ -71.43889, -37.73817 ], [ -71.43972, -37.73767 ], [ -71.44135, -37.73724 ], [ -71.44221, -37.73603 ], [ -71.44284, -37.73576 ], [ -71.44373, -37.73506 ], [ -71.44488, -37.73479 ], [ -71.44534, -37.7344 ], [ -71.44588, -37.73428 ], [ -71.44648, -37.73361 ], [ -71.4472, -37.73315 ], [ -71.44962, -37.73211 ], [ -71.45057, -37.73191 ], [ -71.45136, -37.73114 ], [ -71.45162, -37.73048 ], [ -71.45159, -37.72923 ], [ -71.45066, -37.72746 ], [ -71.45111, -37.7265 ], [ -71.45072, -37.72508 ], [ -71.45083, -37.7246 ], [ -71.45113, -37.72423 ], [ -71.45248, -37.72428 ], [ -71.45287, -37.72409 ], [ -71.45295, -37.72385 ], [ -71.45226, -37.72317 ], [ -71.45259, -37.72237 ], [ -71.45498, -37.72116 ], [ -71.45504, -37.72049 ], [ -71.45535, -37.71995 ], [ -71.45618, -37.71976 ], [ -71.45802, -37.71869 ], [ -71.45932, -37.71814 ], [ -71.4604, -37.71806 ], [ -71.4606, -37.71791 ], [ -71.46084, -37.71725 ], [ -71.46146, -37.71703 ], [ -71.46303, -37.71731 ], [ -71.46447, -37.71791 ], [ -71.46535, -37.71778 ], [ -71.46568, -37.7172 ], [ -71.46687, -37.71736 ], [ -71.4671, -37.71743 ], [ -71.46722, -37.71787 ], [ -71.46771, -37.71832 ], [ -71.46895, -37.71785 ], [ -71.4698, -37.718 ], [ -71.47045, -37.71778 ], [ -71.4712, -37.71794 ], [ -71.47181, -37.71756 ], [ -71.47283, -37.71772 ], [ -71.47322, -37.71763 ], [ -71.47404, -37.71729 ], [ -71.47479, -37.7166 ], [ -71.47618, -37.71623 ], [ -71.47669, -37.7156 ], [ -71.47693, -37.71556 ], [ -71.47724, -37.71559 ], [ -71.47739, -37.71582 ], [ -71.47755, -37.71706 ], [ -71.47777, -37.7172 ], [ -71.47877, -37.71697 ], [ -71.47909, -37.71682 ], [ -71.48004, -37.71551 ], [ -71.48038, -37.71529 ], [ -71.48193, -37.71526 ], [ -71.48245, -37.7145 ], [ -71.48222, -37.71375 ], [ -71.48254, -37.71314 ], [ -71.48291, -37.71285 ], [ -71.48358, -37.71282 ], [ -71.48422, -37.71254 ], [ -71.48489, -37.71148 ] ] } },
{ "type": "Feature", "properties": { "nombre": "Río Chaquilvín", "tipo": "river", "volcan_codigo": "CPA", "volcan_nombre": "Copahue", "drena_volcan": false }, "geometry": { "type": "MultiLineString", "coordinates": [ [ [ -71.23452, -38.04312 ], [ -71.23513, -38.04283 ], [ -71.23603, -38.04321 ], [ -71.23652, -38.04388 ], [ -71.23742, -38.04594 ] ], [ [ -71.23742, -38.04594 ], [ -71.23874, -38.04642 ], [ -71.24009, -38.04716 ], [ -71.24064, -38.04793 ], [ -71.24158, -38.04882 ], [ -71.24205, -38.04964 ], [ -71.24136, -38.05057 ], [ -71.24157, -38.05144 ], [ -71.24534, -38.05355 ], [ -71.24643, -38.05367 ], [ -71.25241, -38.05211 ], [ -71.25497, -38.05251 ], [ -71.2562, -38.05197 ], [ -71.25672, -38.05195 ], [ -71.2576, -38.05218 ], [ -71.25851, -38.05221 ], [ -71.26177, -38.05316 ], [ -71.26385, -38.05329 ], [ -71.26413, -38.05351 ], [ -71.26453, -38.05449 ], [ -71.26618, -38.05534 ], [ -71.26717, -38.05558 ], [ -71.26904, -38.05539 ], [ -71.27029, -38.05605 ], [ -71.27183, -38.0563 ], [ -71.27287, -38.05666 ], [ -71.27475, -38.0563 ], [ -71.27526, -38.05588 ], [ -71.27598, -38.05486 ], [ -71.27646, -38.05464 ], [ -71.27741, -38.05462 ], [ -71.27875, -38.05487 ], [ -71.28117, -38.05607 ], [ -71.28207, -38.05611 ], [ -71.28343, -38.05588 ], [ -71.28404, -38.05598 ], [ -71.28482, -38.0565 ] ], [ [ -71.28482, -38.0565 ], [ -71.28583, -38.05669 ] ], [ [ -71.28583, -38.05669 ], [ -71.28732, -38.05751 ], [ -71.28797, -38.05832 ], [ -71.2884, -38.05853 ], [ -71.28959, -38.05808 ], [ -71.29046, -38.05836 ], [ -71.2919, -38.05825 ], [ -71.29295, -38.0585 ], [ -71.29533, -38.05827 ], [ -71.29684, -38.05893 ], [ -71.29737, -38.05893 ], [ -71.29799, -38.0587 ], [ -71.29851, -38.05876 ], [ -71.29902, -38.0593 ], [ -71.29994, -38.05962 ], [ -71.30051, -38.05963 ], [ -71.30165, -38.05932 ], [ -71.30226, -38.05974 ], [ -71.30489, -38.06078 ], [ -71.30694, -38.06068 ], [ -71.30871, -38.06098 ], [ -71.31002, -38.06174 ], [ -71.31165, -38.06237 ], [ -71.31299, -38.0635 ], [ -71.31319, -38.06382 ], [ -71.31345, -38.06615 ], [ -71.31497, -38.06853 ], [ -71.3158, -38.06955 ], [ -71.31727, -38.06975 ], [ -71.31916, -38.07137 ], [ -71.32206, -38.07212 ], [ -71.32306, -38.07224 ], [ -71.32441, -38.07155 ], [ -71.32506, -38.0714 ], [ -71.32665, -38.07162 ], [ -71.32835, -38.07133 ], [ -71.32935, -38.07146 ], [ -71.33069, -38.07208 ], [ -71.33237, -38.07256 ], [ -71.33402, -38.07277 ], [ -71.33519, -38.07247 ], [ -71.3385, -38.07293 ], [ -71.34124, -38.07253 ], [ -71.34371, -38.07248 ], [ -71.34478, -38.07217 ], [ -71.3453, -38.07185 ], [ -71.34577, -38.07035 ], [ -71.34666, -38.06962 ], [ -71.34702, -38.06846 ], [ -71.34854, -38.0669 ], [ -71.34906, -38.06675 ], [ -71.34938, -38.06687 ], [ -71.35041, -38.06673 ] ], [ [ -71.28161, -38.0561 ], [ -71.28286, -38.0565 ], [ -71.28446, -38.05675 ], [ -71.28583, -38.05669 ] ], [ [ -71.28416, -38.05669 ], [ -71.28482, -38.0565 ] ], [ [ -71.23742, -38.04594 ], [ -71.23814, -38.04656 ], [ -71.23895, -38.04655 ] ] ] } },
{ "type": "Feature", "properties": { "nombre": "Río Chaviquin", "tipo": "river", "volcan_codigo": "CPA", "volcan_nombre": "Copahue", "drena_volcan": false }, "geometry": { "type": "MultiLineString", "coordinates": [ [ [ -71.18841, -38.02573 ], [ -71.18897, -38.0267 ], [ -71.19016, -38.0271 ], [ -71.19132, -38.02664 ], [ -71.19258, -38.02712 ], [ -71.19423, -38.02732 ], [ -71.1955, -38.02771 ], [ -71.19718, -38.02763 ], [ -71.19785, -38.02825 ], [ -71.19813, -38.02832 ], [ -71.20011, -38.02789 ], [ -71.20125, -38.02797 ], [ -71.20174, -38.0283 ], [ -71.20251, -38.02963 ], [ -71.20493, -38.03074 ] ], [ [ -71.05644, -38.07029 ], [ -71.05812, -38.06896 ], [ -71.05969, -38.06826 ], [ -71.06135, -38.06799 ], [ -71.06242, -38.06728 ], [ -71.06269, -38.06697 ], [ -71.06215, -38.06655 ], [ -71.06262, -38.06625 ], [ -71.06313, -38.0656 ], [ -71.06311, -38.06528 ], [ -71.06338, -38.06507 ], [ -71.06367, -38.06446 ], [ -71.06484, -38.0636 ], [ -71.0652, -38.0636 ], [ -71.06547, -38.06301 ], [ -71.06591, -38.06266 ], [ -71.06924, -38.06213 ], [ -71.07089, -38.06072 ], [ -71.07156, -38.05984 ], [ -71.07233, -38.05973 ], [ -71.0726, -38.05903 ], [ -71.07319, -38.0585 ], [ -71.07338, -38.05805 ], [ -71.07477, -38.05698 ], [ -71.0749, -38.05649 ], [ -71.07509, -38.05641 ], [ -71.07489, -38.0556 ], [ -71.07499, -38.05438 ], [ -71.07482, -38.05406 ], [ -71.07508, -38.05308 ], [ -71.07617, -38.05185 ], [ -71.07656, -38.05084 ], [ -71.07713, -38.05014 ], [ -71.0771, -38.04933 ], [ -71.07781, -38.04856 ], [ -71.07793, -38.04712 ], [ -71.07845, -38.0466 ], [ -71.07869, -38.04607 ], [ -71.07917, -38.04579 ], [ -71.07933, -38.04494 ], [ -71.08002, -38.04443 ], [ -71.08008, -38.04409 ], [ -71.08048, -38.04358 ], [ -71.08042, -38.04241 ], [ -71.08122, -38.04138 ], [ -71.08152, -38.04023 ], [ -71.08137, -38.03947 ], [ -71.08252, -38.03851 ], [ -71.08232, -38.03773 ], [ -71.08306, -38.03689 ], [ -71.08365, -38.03667 ], [ -71.08428, -38.03604 ], [ -71.08644, -38.03538 ], [ -71.08699, -38.03589 ], [ -71.08718, -38.03594 ], [ -71.08739, -38.03574 ], [ -71.08949, -38.03643 ], [ -71.09003, -38.03625 ], [ -71.09163, -38.03631 ], [ -71.09226, -38.03618 ], [ -71.09265, -38.03637 ], [ -71.09441, -38.03597 ], [ -71.09514, -38.03621 ], [ -71.09568, -38.03694 ], [ -71.09622, -38.03675 ], [ -71.09933, -38.03821 ], [ -71.1002, -38.03715 ], [ -71.10205, -38.03674 ], [ -71.10324, -38.03619 ], [ -71.10413, -38.03506 ], [ -71.10519, -38.03418 ], [ -71.10779, -38.03322 ], [ -71.10831, -38.03267 ], [ -71.11095, -38.03208 ], [ -71.11123, -38.03185 ], [ -71.11148, -38.03116 ], [ -71.11235, -38.03107 ], [ -71.11442, -38.03045 ], [ -71.11544, -38.03037 ], [ -71.11589, -38.03008 ], [ -71.11654, -38.03003 ], [ -71.11845, -38.02938 ], [ -71.12083, -38.02797 ], [ -71.12105, -38.02729 ], [ -71.12125, -38.02711 ], [ -71.12169, -38.02704 ], [ -71.12273, -38.02728 ], [ -71.12299, -38.02629 ], [ -71.12504, -38.02622 ], [ -71.12579, -38.0264 ], [ -71.12797, -38.02604 ], [ -71.13007, -38.02601 ], [ -71.13054, -38.02577 ], [ -71.13172, -38.02457 ], [ -71.13453, -38.0242 ], [ -71.13496, -38.02345 ], [ -71.13535, -38.02321 ], [ -71.13598, -38.02312 ], [ -71.13698, -38.02333 ], [ -71.13838, -38.02306 ], [ -71.13882, -38.02189 ], [ -71.13908, -38.02166 ], [ -71.13943, -38.02165 ], [ -71.14011, -38.02212 ], [ -71.14047, -38.02214 ], [ -71.14243, -38.02148 ], [ -71.14341, -38.02134 ], [ -71.14437, -38.02067 ], [ -71.14536, -38.02032 ], [ -71.14705, -38.01995 ], [ -71.14996, -38.01981 ], [ -71.15081, -38.01884 ], [ -71.15133, -38.01851 ], [ -71.15191, -38.01832 ], [ -71.15269, -38.01843 ], [ -71.15314, -38.01801 ], [ -71.15511, -38.01863 ], [ -71.15622, -38.01824 ], [ -71.15824, -38.0183 ], [ -71.15947, -38.01861 ], [ -71.16129, -38.01845 ], [ -71.16211, -38.01863 ], [ -71.16271, -38.01905 ], [ -71.16484, -38.01977 ], [ -71.1674, -38.02004 ], [ -71.16828, -38.01995 ], [ -71.16972, -38.02055 ], [ -71.17065, -38.02158 ], [ -71.1718, -38.02158 ], [ -71.17226, -38.02117 ], [ -71.17279, -38.02112 ], [ -71.17448, -38.02169 ], [ -71.17543, -38.02165 ], [ -71.17607, -38.02185 ], [ -71.17689, -38.02241 ], [ -71.1773, -38.02357 ], [ -71.17782, -38.02425 ], [ -71.17834, -38.02466 ], [ -71.17932, -38.02508 ], [ -71.18002, -38.02507 ], [ -71.18171, -38.02449 ], [ -71.18367, -38.02443 ], [ -71.18662, -38.02561 ], [ -71.18782, -38.02553 ], [ -71.18841, -38.02573 ] ], [ [ -71.20493, -38.03074 ], [ -71.20606, -38.03131 ], [ -71.20619, -38.03182 ], [ -71.20586, -38.03246 ], [ -71.20595, -38.03286 ], [ -71.20805, -38.03319 ], [ -71.20911, -38.03442 ], [ -71.20994, -38.03635 ], [ -71.21126, -38.03687 ], [ -71.21219, -38.0378 ], [ -71.21294, -38.03823 ], [ -71.21474, -38.03877 ], [ -71.2154, -38.03862 ], [ -71.21684, -38.03788 ], [ -71.21784, -38.0381 ], [ -71.21962, -38.0388 ], [ -71.22008, -38.03877 ], [ -71.22063, -38.03839 ], [ -71.22107, -38.03832 ], [ -71.22198, -38.03887 ], [ -71.22399, -38.03944 ], [ -71.22439, -38.04025 ], [ -71.22518, -38.041 ], [ -71.22598, -38.04119 ], [ -71.22714, -38.04091 ], [ -71.2281, -38.0412 ], [ -71.2285, -38.04142 ], [ -71.22884, -38.04199 ], [ -71.22929, -38.04229 ], [ -71.2319, -38.04353 ], [ -71.23314, -38.04376 ], [ -71.23452, -38.04312 ] ], [ [ -71.0229, -38.09672 ], [ -71.0237, -38.09636 ], [ -71.02439, -38.09654 ], [ -71.025, -38.09642 ], [ -71.0258, -38.0967 ], [ -71.02632, -38.09632 ], [ -71.02754, -38.09584 ], [ -71.02805, -38.09553 ], [ -71.02823, -38.0952 ], [ -71.0294, -38.09452 ], [ -71.02993, -38.09455 ], [ -71.03069, -38.09405 ], [ -71.03081, -38.09424 ], [ -71.03132, -38.09438 ], [ -71.03126, -38.09424 ], [ -71.03175, -38.09416 ], [ -71.03221, -38.09307 ], [ -71.0325, -38.09285 ], [ -71.03251, -38.09231 ], [ -71.03385, -38.09062 ], [ -71.03467, -38.09012 ], [ -71.03536, -38.08867 ], [ -71.03549, -38.08782 ], [ -71.03624, -38.0867 ], [ -71.0365, -38.08571 ], [ -71.0368, -38.08554 ], [ -71.0365, -38.0847 ], [ -71.03659, -38.08451 ], [ -71.0372, -38.08421 ], [ -71.03712, -38.08371 ], [ -71.03765, -38.08343 ], [ -71.0382, -38.08262 ], [ -71.03914, -38.08187 ], [ -71.03946, -38.08141 ], [ -71.03939, -38.08107 ], [ -71.04015, -38.08046 ], [ -71.04042, -38.08048 ], [ -71.04103, -38.08018 ], [ -71.04267, -38.08002 ], [ -71.04435, -38.07941 ], [ -71.04436, -38.07893 ], [ -71.04469, -38.07872 ], [ -71.04584, -38.07886 ], [ -71.04804, -38.07736 ], [ -71.04829, -38.07693 ], [ -71.04915, -38.0765 ], [ -71.04995, -38.07649 ], [ -71.05119, -38.07614 ], [ -71.05178, -38.07628 ], [ -71.05269, -38.07613 ], [ -71.05344, -38.07484 ], [ -71.05396, -38.07345 ], [ -71.05513, -38.07226 ], [ -71.05598, -38.07053 ], [ -71.05644, -38.07029 ] ] ] } },
{ "type": "Feature", "properties": { "nombre": "Río Duqueco", "tipo": "river", "volcan_codigo": "CPA", "volcan_nombre": "Copahue", "drena_volcan": false }, "geometry": { "type": "MultiLineString", "coordinates": [ [ [ -71.48382, -37.56974 ], [ -71.48418, -37.56989 ], [ -71.48606, -37.57002 ], [ -71.48744, -37.57077 ], [ -71.4897, -37.57093 ] ], [ [ -71.46803, -37.48333 ], [ -71.46889, -37.48431 ], [ -71.46905, -37.48496 ] ], [ [ -71.46182, -37.48084 ], [ -71.4623, -37.48159 ], [ -71.46298, -37.48197 ], [ -71.46318, -37.48242 ], [ -71.46334, -37.48256 ], [ -71.46396, -37.48261 ] ], [ [ -71.46396, -37.48261 ], [ -71.46437, -37.48279 ], [ -71.46507, -37.4828 ], [ -71.46704, -37.48428 ], [ -71.46762, -37.48446 ], [ -71.46795, -37.48478 ], [ -71.46872, -37.48502 ], [ -71.46905, -37.48496 ] ], [ [ -71.4655, -37.48311 ], [ -71.46597, -37.48309 ], [ -71.46675, -37.4835 ], [ -71.46749, -37.4833 ], [ -71.46803, -37.48333 ] ], [ [ -71.46368, -37.53221 ], [ -71.46446, -37.53322 ] ], [ [ -71.46446, -37.53322 ], [ -71.46447, -37.53325 ] ], [ [ -71.46905, -37.48496 ], [ -71.46992, -37.48541 ], [ -71.47069, -37.48654 ], [ -71.47128, -37.48701 ], [ -71.47156, -37.48766 ], [ -71.47209, -37.48789 ], [ -71.47248, -37.48847 ], [ -71.47278, -37.48862 ], [ -71.47307, -37.48919 ], [ -71.4735, -37.48948 ], [ -71.47429, -37.48955 ], [ -71.47472, -37.49014 ], [ -71.47521, -37.49041 ], [ -71.47572, -37.49137 ], [ -71.47573, -37.49189 ], [ -71.47611, -37.49231 ], [ -71.47537, -37.49314 ], [ -71.47541, -37.49384 ], [ -71.47501, -37.49417 ], [ -71.47484, -37.49501 ], [ -71.4755, -37.49552 ], [ -71.4749, -37.49685 ], [ -71.47529, -37.49743 ], [ -71.47507, -37.4983 ], [ -71.47514, -37.49937 ], [ -71.47481, -37.50025 ], [ -71.47494, -37.50106 ], [ -71.47526, -37.50134 ], [ -71.47537, -37.50191 ], [ -71.47571, -37.50226 ], [ -71.47548, -37.50266 ], [ -71.47569, -37.50359 ], [ -71.47525, -37.50436 ], [ -71.47516, -37.50504 ], [ -71.47512, -37.50593 ], [ -71.47533, -37.50697 ], [ -71.47497, -37.50747 ], [ -71.47485, -37.50824 ], [ -71.4744, -37.50905 ], [ -71.47508, -37.51067 ], [ -71.47463, -37.51249 ], [ -71.47391, -37.513 ], [ -71.47354, -37.51379 ], [ -71.47362, -37.51414 ], [ -71.47281, -37.51451 ], [ -71.47247, -37.51511 ], [ -71.4717, -37.51575 ], [ -71.47189, -37.51665 ], [ -71.47148, -37.51722 ], [ -71.47135, -37.51875 ], [ -71.47143, -37.51921 ], [ -71.47214, -37.51957 ], [ -71.47185, -37.52019 ], [ -71.47207, -37.52101 ], [ -71.4712, -37.52174 ], [ -71.47063, -37.52356 ], [ -71.46974, -37.5241 ], [ -71.46943, -37.52478 ], [ -71.46847, -37.52512 ], [ -71.4682, -37.52575 ], [ -71.46772, -37.52594 ], [ -71.46744, -37.52636 ], [ -71.46617, -37.5268 ], [ -71.46597, -37.52749 ], [ -71.46493, -37.5281 ], [ -71.46446, -37.52817 ], [ -71.46351, -37.52877 ], [ -71.46316, -37.52919 ], [ -71.46315, -37.52957 ], [ -71.4637, -37.53005 ], [ -71.46393, -37.53051 ], [ -71.46339, -37.53194 ], [ -71.46368, -37.53221 ] ], [ [ -71.46368, -37.53221 ], [ -71.46463, -37.53259 ], [ -71.46446, -37.53322 ] ], [ [ -71.46446, -37.53322 ], [ -71.46423, -37.53411 ], [ -71.46405, -37.53439 ], [ -71.46337, -37.53478 ], [ -71.46334, -37.53505 ], [ -71.46414, -37.53567 ], [ -71.46477, -37.5368 ], [ -71.46469, -37.53708 ], [ -71.46406, -37.53739 ], [ -71.46403, -37.53774 ], [ -71.46462, -37.5389 ], [ -71.46546, -37.53998 ], [ -71.46537, -37.54097 ], [ -71.46565, -37.5437 ], [ -71.46544, -37.54482 ], [ -71.46582, -37.54579 ], [ -71.46586, -37.5472 ], [ -71.46544, -37.5478 ], [ -71.4651, -37.54967 ], [ -71.46538, -37.5509 ], [ -71.46397, -37.55281 ], [ -71.46403, -37.55304 ], [ -71.46489, -37.55369 ], [ -71.46496, -37.55413 ], [ -71.46463, -37.55459 ], [ -71.464, -37.55504 ], [ -71.46387, -37.55559 ], [ -71.46331, -37.55576 ], [ -71.46292, -37.55615 ], [ -71.46248, -37.55694 ], [ -71.4625, -37.55715 ], [ -71.46307, -37.55781 ], [ -71.46295, -37.55832 ], [ -71.46309, -37.55864 ], [ -71.46452, -37.5598 ], [ -71.46495, -37.56049 ], [ -71.46625, -37.561 ], [ -71.46667, -37.5616 ], [ -71.46745, -37.5619 ], [ -71.46803, -37.5628 ], [ -71.47137, -37.56471 ], [ -71.47165, -37.56543 ], [ -71.47153, -37.5661 ], [ -71.4718, -37.56642 ], [ -71.47277, -37.56638 ], [ -71.4733, -37.56655 ], [ -71.47519, -37.56813 ], [ -71.47899, -37.56782 ], [ -71.47962, -37.56794 ], [ -71.48095, -37.5688 ], [ -71.48232, -37.56843 ], [ -71.48288, -37.56849 ], [ -71.48361, -37.56911 ], [ -71.48382, -37.56974 ] ], [ [ -71.46304, -37.4821 ], [ -71.46363, -37.48222 ], [ -71.46396, -37.48261 ] ], [ [ -71.4897, -37.57093 ], [ -71.49, -37.57082 ] ], [ [ -71.49, -37.57082 ], [ -71.49274, -37.56993 ], [ -71.49344, -37.56986 ], [ -71.4942, -37.56997 ], [ -71.49528, -37.5708 ], [ -71.49808, -37.57108 ], [ -71.50035, -37.57097 ], [ -71.50379, -37.56943 ], [ -71.5052, -37.56847 ], [ -71.50581, -37.56826 ], [ -71.50853, -37.56805 ], [ -71.50993, -37.56778 ], [ -71.51089, -37.56734 ], [ -71.51232, -37.56631 ], [ -71.51366, -37.56592 ], [ -71.51514, -37.5658 ], [ -71.51601, -37.56485 ], [ -71.51664, -37.56443 ], [ -71.51728, -37.56429 ], [ -71.51879, -37.56443 ], [ -71.52238, -37.56348 ], [ -71.52292, -37.56321 ], [ -71.5238, -37.56224 ], [ -71.52426, -37.56203 ], [ -71.52639, -37.56172 ], [ -71.52696, -37.5615 ], [ -71.52769, -37.56082 ], [ -71.52829, -37.55955 ], [ -71.52887, -37.55908 ], [ -71.53078, -37.55863 ], [ -71.53345, -37.5585 ], [ -71.53536, -37.55793 ], [ -71.5358, -37.55766 ], [ -71.53758, -37.55565 ], [ -71.53879, -37.55548 ], [ -71.53929, -37.55527 ], [ -71.54004, -37.55465 ], [ -71.54047, -37.55379 ], [ -71.5407, -37.55263 ], [ -71.54106, -37.5521 ], [ -71.54157, -37.55182 ], [ -71.54207, -37.55179 ], [ -71.54344, -37.55211 ], [ -71.54378, -37.55202 ], [ -71.54385, -37.55177 ], [ -71.5445, -37.55131 ], [ -71.5451, -37.54955 ], [ -71.54658, -37.54875 ], [ -71.54657, -37.54752 ], [ -71.54693, -37.54706 ], [ -71.54668, -37.54688 ], [ -71.54658, -37.54654 ], [ -71.54701, -37.54604 ], [ -71.54699, -37.54574 ], [ -71.54666, -37.54524 ], [ -71.5467, -37.5441 ], [ -71.54731, -37.5435 ], [ -71.54809, -37.54226 ], [ -71.5487, -37.54175 ], [ -71.54981, -37.54135 ], [ -71.55058, -37.54118 ], [ -71.5526, -37.54131 ], [ -71.55339, -37.54151 ], [ -71.55503, -37.54138 ], [ -71.55607, -37.54169 ], [ -71.55705, -37.54222 ], [ -71.55758, -37.54269 ], [ -71.55875, -37.54425 ], [ -71.5598, -37.54493 ], [ -71.56124, -37.54559 ], [ -71.56208, -37.54582 ], [ -71.5662, -37.54612 ], [ -71.56729, -37.54587 ], [ -71.56935, -37.54456 ], [ -71.57305, -37.54323 ], [ -71.57492, -37.54181 ], [ -71.57563, -37.54166 ], [ -71.57821, -37.54172 ], [ -71.58024, -37.54155 ], [ -71.58351, -37.54159 ], [ -71.58506, -37.54187 ], [ -71.58657, -37.5417 ], [ -71.58702, -37.54151 ], [ -71.58859, -37.5403 ], [ -71.59063, -37.53922 ], [ -71.59169, -37.5388 ], [ -71.59423, -37.53818 ] ] ] } },
{ "type": "Feature", "properties": { "nombre": "Río Huequecura", "tipo": "river", "volcan_codigo": "CPA", "volcan_nombre": "Copahue", "drena_volcan": false }, "geometry": { "type": "LineString", "coordinates": [ [ -71.57569, -37.64843 ], [ -71.57806, -37.64821 ], [ -71.57915, -37.6486 ], [ -71.58035, -37.64829 ], [ -71.5813, -37.64842 ], [ -71.58228, -37.64822 ], [ -71.58394, -37.64856 ], [ -71.58476, -37.64842 ], [ -71.58537, -37.6478 ], [ -71.58518, -37.64645 ], [ -71.58568, -37.64592 ], [ -71.58771, -37.64532 ], [ -71.58844, -37.64453 ], [ -71.5882, -37.64355 ], [ -71.58881, -37.64254 ], [ -71.58872, -37.64213 ], [ -71.58892, -37.64167 ], [ -71.58941, -37.64126 ], [ -71.58988, -37.64121 ], [ -71.59062, -37.64004 ], [ -71.59082, -37.63924 ], [ -71.59135, -37.6384 ], [ -71.59223, -37.63753 ], [ -71.59315, -37.63771 ], [ -71.59449, -37.63692 ], [ -71.59563, -37.63692 ], [ -71.59699, -37.63602 ], [ -71.5975, -37.6353 ], [ -71.59859, -37.63486 ], [ -71.60073, -37.63446 ], [ -71.6014, -37.63417 ], [ -71.60269, -37.63321 ], [ -71.60305, -37.63269 ], [ -71.603, -37.63222 ], [ -71.60355, -37.63183 ], [ -71.60396, -37.63113 ], [ -71.60499, -37.6308 ], [ -71.60602, -37.63071 ], [ -71.60788, -37.63111 ], [ -71.60842, -37.63077 ], [ -71.60896, -37.62987 ], [ -71.6108, -37.63004 ], [ -71.61184, -37.62945 ], [ -71.61267, -37.62942 ], [ -71.61481, -37.62896 ], [ -71.61511, -37.62876 ], [ -71.61525, -37.62842 ], [ -71.61667, -37.62824 ], [ -71.61716, -37.62802 ], [ -71.6177, -37.62725 ], [ -71.61858, -37.6268 ], [ -71.6192, -37.62679 ], [ -71.62038, -37.62718 ], [ -71.62236, -37.62637 ], [ -71.62338, -37.62559 ], [ -71.62479, -37.625 ], [ -71.6257, -37.62505 ], [ -71.6268, -37.62467 ], [ -71.62727, -37.62468 ], [ -71.62894, -37.62562 ], [ -71.63127, -37.62601 ], [ -71.63165, -37.62581 ], [ -71.63217, -37.62512 ], [ -71.63317, -37.62479 ], [ -71.63468, -37.62468 ], [ -71.63502, -37.62509 ], [ -71.63681, -37.62566 ], [ -71.63731, -37.62567 ], [ -71.63892, -37.62659 ], [ -71.6426, -37.62749 ], [ -71.64369, -37.62752 ], [ -71.64498, -37.62726 ], [ -71.64714, -37.62812 ], [ -71.64817, -37.62835 ], [ -71.65058, -37.62829 ], [ -71.65238, -37.62879 ], [ -71.65607, -37.62817 ], [ -71.6573, -37.62842 ], [ -71.65882, -37.62946 ], [ -71.6612, -37.62988 ], [ -71.66257, -37.63031 ], [ -71.6656, -37.63009 ], [ -71.66739, -37.63077 ], [ -71.66792, -37.6314 ], [ -71.66933, -37.63232 ], [ -71.67149, -37.6334 ], [ -71.67419, -37.63386 ], [ -71.67519, -37.63419 ], [ -71.67552, -37.63461 ], [ -71.6759, -37.6366 ], [ -71.6767, -37.63732 ], [ -71.67827, -37.63784 ], [ -71.67881, -37.63771 ], [ -71.67947, -37.63795 ], [ -71.68005, -37.63861 ], [ -71.68087, -37.63904 ], [ -71.68211, -37.63911 ], [ -71.68338, -37.63971 ], [ -71.68412, -37.63984 ], [ -71.68624, -37.63966 ], [ -71.6874, -37.63977 ], [ -71.68847, -37.64037 ], [ -71.68918, -37.64118 ], [ -71.69063, -37.64171 ], [ -71.69195, -37.6435 ], [ -71.69305, -37.64383 ], [ -71.69416, -37.64485 ], [ -71.6947, -37.64499 ], [ -71.69579, -37.64459 ], [ -71.6973, -37.64449 ], [ -71.69875, -37.64511 ], [ -71.69967, -37.6453 ], [ -71.70015, -37.6457 ], [ -71.70072, -37.64662 ], [ -71.7024, -37.64796 ], [ -71.70884, -37.65062 ], [ -71.71044, -37.65111 ], [ -71.71181, -37.65131 ], [ -71.71379, -37.65197 ], [ -71.71424, -37.65296 ], [ -71.71493, -37.65344 ], [ -71.71568, -37.65348 ], [ -71.71751, -37.65266 ], [ -71.71917, -37.65288 ], [ -71.72006, -37.65262 ], [ -71.72134, -37.65156 ], [ -71.72241, -37.65092 ], [ -71.72488, -37.6501 ], [ -71.72809, -37.65103 ], [ -71.73182, -37.65055 ], [ -71.73376, -37.65099 ], [ -71.73585, -37.65094 ], [ -71.73807, -37.65247 ], [ -71.74117, -37.65311 ], [ -71.74295, -37.65319 ], [ -71.74422, -37.65345 ], [ -71.74431, -37.65439 ], [ -71.74385, -37.65513 ], [ -71.74413, -37.65599 ], [ -71.74659, -37.65878 ], [ -71.74743, -37.65917 ], [ -71.74808, -37.6592 ], [ -71.74956, -37.65863 ], [ -71.75013, -37.65875 ], [ -71.7516, -37.65998 ], [ -71.75267, -37.65985 ], [ -71.75338, -37.66003 ], [ -71.75302, -37.66166 ], [ -71.7531, -37.66363 ], [ -71.75131, -37.66598 ], [ -71.74955, -37.66739 ], [ -71.74856, -37.66844 ], [ -71.74716, -37.67287 ], [ -71.74577, -37.67493 ], [ -71.74564, -37.67552 ], [ -71.74606, -37.67691 ], [ -71.74654, -37.67721 ], [ -71.74621, -37.67805 ], [ -71.74453, -37.67977 ], [ -71.74451, -37.68147 ], [ -71.74379, -37.68297 ], [ -71.74387, -37.68332 ], [ -71.74432, -37.68353 ], [ -71.74506, -37.68427 ], [ -71.74688, -37.68495 ], [ -71.74658, -37.68582 ], [ -71.74703, -37.68921 ], [ -71.74686, -37.69045 ], [ -71.74727, -37.69235 ], [ -71.74849, -37.6929 ], [ -71.74928, -37.69403 ], [ -71.7502, -37.6943 ], [ -71.7522, -37.69379 ], [ -71.75305, -37.69375 ], [ -71.75381, -37.69417 ], [ -71.75555, -37.69582 ], [ -71.7572, -37.69705 ], [ -71.75879, -37.69896 ], [ -71.76007, -37.69997 ], [ -71.76148, -37.70086 ], [ -71.76237, -37.70105 ], [ -71.76404, -37.7018 ], [ -71.76547, -37.70272 ], [ -71.76793, -37.70476 ], [ -71.76886, -37.70585 ], [ -71.77162, -37.70631 ] ] } },
{ "type": "Feature", "properties": { "nombre": "Río Infiernillo o Curamallín", "tipo": "river", "volcan_codigo": "CPA", "volcan_nombre": "Copahue", "drena_volcan": false }, "geometry": { "type": "LineString", "coordinates": [ [ -71.3039, -37.67668 ], [ -71.30493, -37.67804 ], [ -71.30525, -37.67926 ], [ -71.30594, -37.6797 ], [ -71.3062, -37.68013 ], [ -71.30593, -37.68196 ], [ -71.30544, -37.6829 ], [ -71.3057, -37.68371 ], [ -71.30648, -37.68448 ], [ -71.3062, -37.68529 ], [ -71.30615, -37.68613 ], [ -71.30666, -37.68718 ], [ -71.30657, -37.68776 ], [ -71.30684, -37.68881 ], [ -71.30718, -37.68922 ], [ -71.30774, -37.68954 ], [ -71.30748, -37.69062 ], [ -71.30718, -37.69105 ] ] } },
{ "type": "Feature", "properties": { "nombre": "Río Llanquén", "tipo": "river", "volcan_codigo": "CPA", "volcan_nombre": "Copahue", "drena_volcan": false }, "geometry": { "type": "LineString", "coordinates": [ [ -71.18716, -38.11712 ], [ -71.18721, -38.11778 ], [ -71.18748, -38.11808 ], [ -71.18722, -38.11919 ], [ -71.18729, -38.12061 ], [ -71.18706, -38.12204 ], [ -71.18727, -38.12247 ], [ -71.18704, -38.12331 ], [ -71.18723, -38.12427 ], [ -71.18791, -38.12494 ], [ -71.18781, -38.12518 ], [ -71.18805, -38.12543 ], [ -71.18867, -38.12561 ], [ -71.18912, -38.12609 ], [ -71.18997, -38.12633 ], [ -71.19069, -38.12674 ], [ -71.1915, -38.12683 ], [ -71.19226, -38.12735 ], [ -71.19255, -38.12798 ], [ -71.19346, -38.12828 ], [ -71.19419, -38.129 ], [ -71.19488, -38.13058 ], [ -71.19627, -38.13206 ], [ -71.19601, -38.1329 ], [ -71.19598, -38.1334 ], [ -71.19615, -38.13374 ], [ -71.19591, -38.13412 ], [ -71.19716, -38.13574 ], [ -71.19672, -38.1373 ], [ -71.19723, -38.13756 ], [ -71.19733, -38.13831 ], [ -71.19839, -38.13853 ], [ -71.19899, -38.13895 ], [ -71.19956, -38.13911 ], [ -71.19958, -38.1393 ], [ -71.19912, -38.13963 ], [ -71.19964, -38.14011 ], [ -71.1999, -38.14079 ], [ -71.20014, -38.14101 ], [ -71.20169, -38.14129 ], [ -71.20194, -38.14165 ], [ -71.20263, -38.14197 ], [ -71.20373, -38.14198 ], [ -71.20404, -38.14235 ], [ -71.20439, -38.14246 ], [ -71.20455, -38.14298 ], [ -71.20572, -38.14335 ], [ -71.20603, -38.14392 ], [ -71.20598, -38.14425 ], [ -71.20628, -38.14502 ], [ -71.20676, -38.1455 ], [ -71.2066, -38.14578 ], [ -71.20673, -38.14603 ], [ -71.20704, -38.14621 ], [ -71.20792, -38.14615 ], [ -71.20807, -38.14668 ], [ -71.20834, -38.14689 ], [ -71.20836, -38.14746 ], [ -71.20891, -38.14767 ], [ -71.20986, -38.14868 ], [ -71.211, -38.14915 ], [ -71.21134, -38.14957 ], [ -71.2124, -38.14979 ], [ -71.21265, -38.15005 ], [ -71.21355, -38.15041 ], [ -71.21385, -38.15067 ], [ -71.21382, -38.15138 ], [ -71.21436, -38.15204 ], [ -71.21518, -38.15234 ], [ -71.21577, -38.15235 ], [ -71.21684, -38.15224 ], [ -71.21791, -38.15174 ], [ -71.21968, -38.15168 ], [ -71.22036, -38.15151 ], [ -71.22096, -38.15178 ], [ -71.22254, -38.15106 ], [ -71.2232, -38.15118 ], [ -71.22434, -38.15077 ], [ -71.22721, -38.15137 ], [ -71.22982, -38.15109 ], [ -71.23023, -38.15199 ], [ -71.23228, -38.1527 ], [ -71.23311, -38.15362 ], [ -71.23407, -38.15411 ], [ -71.2359, -38.15397 ], [ -71.23702, -38.15409 ], [ -71.23753, -38.1543 ], [ -71.23835, -38.15383 ], [ -71.23991, -38.15339 ], [ -71.24168, -38.15347 ], [ -71.24247, -38.15389 ], [ -71.24341, -38.15364 ], [ -71.24445, -38.15396 ], [ -71.24521, -38.15338 ], [ -71.24568, -38.15339 ], [ -71.24652, -38.15385 ], [ -71.24831, -38.15449 ], [ -71.2487, -38.15504 ], [ -71.25023, -38.15539 ], [ -71.25114, -38.15638 ], [ -71.25269, -38.15657 ], [ -71.25424, -38.15794 ], [ -71.25591, -38.15858 ], [ -71.25607, -38.15887 ], [ -71.25649, -38.15908 ], [ -71.25823, -38.159 ], [ -71.25876, -38.15929 ], [ -71.25906, -38.15993 ], [ -71.26032, -38.16073 ], [ -71.2614, -38.16099 ], [ -71.26367, -38.16064 ], [ -71.26483, -38.16166 ], [ -71.26544, -38.16298 ], [ -71.26587, -38.16341 ], [ -71.27086, -38.16408 ], [ -71.27123, -38.16426 ], [ -71.27209, -38.16519 ], [ -71.27441, -38.16581 ], [ -71.27773, -38.16643 ], [ -71.27827, -38.16646 ], [ -71.27903, -38.1656 ], [ -71.27963, -38.16527 ], [ -71.28122, -38.16518 ], [ -71.28247, -38.1658 ], [ -71.28277, -38.16644 ], [ -71.28408, -38.16666 ], [ -71.28585, -38.16773 ], [ -71.28682, -38.1681 ], [ -71.28705, -38.16834 ], [ -71.28695, -38.16924 ], [ -71.28711, -38.16949 ], [ -71.28836, -38.17008 ], [ -71.28911, -38.17022 ], [ -71.28976, -38.16977 ], [ -71.29095, -38.17002 ], [ -71.29187, -38.16956 ], [ -71.2924, -38.16947 ], [ -71.29281, -38.16962 ], [ -71.29344, -38.17015 ], [ -71.29369, -38.17091 ], [ -71.29358, -38.17154 ], [ -71.29384, -38.17216 ], [ -71.29476, -38.17299 ], [ -71.29818, -38.17318 ], [ -71.29934, -38.17309 ], [ -71.29981, -38.17353 ], [ -71.3002, -38.17441 ], [ -71.30116, -38.17473 ], [ -71.30156, -38.17448 ], [ -71.30171, -38.17382 ], [ -71.30361, -38.1733 ], [ -71.30375, -38.17303 ], [ -71.30429, -38.17278 ], [ -71.30591, -38.17264 ], [ -71.30641, -38.17305 ], [ -71.30691, -38.17314 ], [ -71.30875, -38.17274 ], [ -71.30996, -38.17323 ], [ -71.31111, -38.1725 ], [ -71.31278, -38.17308 ] ] } },
{ "type": "Feature", "properties": { "nombre": "Río Llay", "tipo": "stream", "volcan_codigo": "CPA", "volcan_nombre": "Copahue", "drena_volcan": true }, "geometry": { "type": "MultiLineString", "coordinates": [ [ [ -71.27093, -37.82271 ], [ -71.2715, -37.82243 ], [ -71.27192, -37.8228 ], [ -71.27245, -37.82282 ], [ -71.27311, -37.82235 ], [ -71.27398, -37.8221 ], [ -71.27415, -37.8217 ], [ -71.2749, -37.82117 ], [ -71.27657, -37.81713 ], [ -71.27702, -37.81674 ], [ -71.27671, -37.81627 ], [ -71.27616, -37.8159 ], [ -71.27707, -37.81507 ], [ -71.27704, -37.8147 ], [ -71.27618, -37.81412 ], [ -71.27623, -37.81343 ], [ -71.27672, -37.81296 ], [ -71.27634, -37.81217 ], [ -71.27641, -37.81182 ], [ -71.27616, -37.81166 ], [ -71.27631, -37.81156 ], [ -71.27529, -37.81087 ], [ -71.27385, -37.81048 ], [ -71.27379, -37.81024 ], [ -71.27419, -37.80977 ], [ -71.27379, -37.80972 ], [ -71.27402, -37.80925 ], [ -71.27438, -37.80907 ], [ -71.27386, -37.80876 ], [ -71.27389, -37.80841 ] ], [ [ -71.28599, -37.75419 ], [ -71.28681, -37.75332 ], [ -71.28662, -37.7527 ], [ -71.28695, -37.75227 ], [ -71.28749, -37.75204 ], [ -71.28769, -37.75123 ], [ -71.28817, -37.75074 ], [ -71.28764, -37.75011 ], [ -71.288, -37.74955 ], [ -71.28733, -37.74894 ], [ -71.2871, -37.74824 ], [ -71.28728, -37.74766 ], [ -71.28702, -37.74692 ], [ -71.28725, -37.74637 ], [ -71.28733, -37.74493 ], [ -71.28772, -37.74404 ], [ -71.2878, -37.74247 ], [ -71.28818, -37.74157 ], [ -71.28817, -37.74075 ], [ -71.28768, -37.7401 ], [ -71.28653, -37.73934 ], [ -71.2869, -37.73834 ], [ -71.28693, -37.73729 ], [ -71.28654, -37.73697 ], [ -71.28528, -37.7367 ], [ -71.28476, -37.73634 ], [ -71.28453, -37.7359 ], [ -71.28459, -37.73529 ], [ -71.28322, -37.73443 ], [ -71.28261, -37.73428 ], [ -71.28242, -37.7333 ], [ -71.28116, -37.7331 ], [ -71.28104, -37.73258 ], [ -71.27952, -37.73217 ], [ -71.2787, -37.73098 ], [ -71.27792, -37.72916 ], [ -71.27749, -37.729 ], [ -71.27685, -37.72905 ], [ -71.27644, -37.72872 ] ], [ [ -71.27644, -37.72872 ], [ -71.27617, -37.72835 ], [ -71.2742, -37.72736 ], [ -71.27417, -37.72655 ], [ -71.27368, -37.72535 ], [ -71.27364, -37.72475 ], [ -71.27468, -37.72437 ], [ -71.27472, -37.72417 ], [ -71.27257, -37.72313 ], [ -71.27123, -37.72274 ], [ -71.27055, -37.7219 ], [ -71.27031, -37.72123 ], [ -71.27025, -37.72025 ], [ -71.26987, -37.71937 ], [ -71.26847, -37.71805 ] ], [ [ -71.27389, -37.80841 ], [ -71.27377, -37.80757 ], [ -71.27515, -37.8063 ], [ -71.27607, -37.8059 ], [ -71.27629, -37.80533 ], [ -71.27707, -37.80551 ], [ -71.27749, -37.80543 ], [ -71.27762, -37.80474 ], [ -71.27806, -37.80469 ], [ -71.27814, -37.80402 ], [ -71.27866, -37.80321 ], [ -71.27923, -37.80275 ], [ -71.27926, -37.80255 ], [ -71.27863, -37.80225 ], [ -71.27914, -37.80136 ], [ -71.27964, -37.79967 ], [ -71.28004, -37.7989 ], [ -71.28045, -37.79862 ], [ -71.281, -37.79709 ], [ -71.28183, -37.79652 ], [ -71.28121, -37.79567 ], [ -71.28134, -37.79454 ], [ -71.28087, -37.79318 ], [ -71.28044, -37.79314 ], [ -71.28004, -37.79281 ], [ -71.2808, -37.79165 ], [ -71.28066, -37.79127 ], [ -71.28034, -37.79103 ], [ -71.28003, -37.79133 ], [ -71.27916, -37.79152 ], [ -71.27909, -37.79107 ], [ -71.27945, -37.79022 ], [ -71.27909, -37.78889 ], [ -71.27938, -37.78846 ], [ -71.27948, -37.78796 ], [ -71.27918, -37.78748 ], [ -71.27943, -37.78693 ], [ -71.2801, -37.78617 ], [ -71.28008, -37.78582 ], [ -71.27917, -37.78539 ], [ -71.2799, -37.78391 ], [ -71.28094, -37.78339 ], [ -71.28144, -37.7829 ], [ -71.28164, -37.78177 ], [ -71.28199, -37.78142 ], [ -71.28311, -37.78123 ], [ -71.28343, -37.78089 ], [ -71.28313, -37.78043 ], [ -71.28346, -37.7802 ], [ -71.28467, -37.78026 ], [ -71.28477, -37.77984 ], [ -71.28416, -37.77928 ], [ -71.28347, -37.77922 ], [ -71.28304, -37.77883 ], [ -71.28372, -37.77733 ], [ -71.28301, -37.77643 ], [ -71.28368, -37.7759 ], [ -71.28371, -37.77548 ], [ -71.28437, -37.77484 ], [ -71.28416, -37.7743 ], [ -71.28356, -37.77401 ], [ -71.28365, -37.77286 ], [ -71.28524, -37.77211 ], [ -71.28524, -37.77127 ], [ -71.28481, -37.77102 ], [ -71.28306, -37.77066 ], [ -71.28359, -37.76806 ], [ -71.28375, -37.76782 ], [ -71.28452, -37.76748 ], [ -71.28432, -37.76667 ], [ -71.28491, -37.76533 ], [ -71.28511, -37.76384 ], [ -71.28583, -37.76264 ], [ -71.28544, -37.76163 ], [ -71.28545, -37.76003 ], [ -71.28485, -37.75943 ], [ -71.28503, -37.75906 ], [ -71.28555, -37.75882 ], [ -71.2857, -37.75854 ], [ -71.28527, -37.75825 ], [ -71.28525, -37.75792 ], [ -71.28551, -37.75753 ], [ -71.28507, -37.75694 ], [ -71.28494, -37.75574 ], [ -71.28511, -37.75444 ], [ -71.28599, -37.75419 ] ] ] } },
{ "type": "Feature", "properties": { "nombre": "Río Lolco", "tipo": "river", "volcan_codigo": "CPA", "volcan_nombre": "Copahue", "drena_volcan": false }, "geometry": { "type": "MultiLineString", "coordinates": [ [ [ -71.4558, -38.21167 ], [ -71.45559, -38.2103 ], [ -71.45472, -38.20883 ], [ -71.4544, -38.20785 ], [ -71.45474, -38.20623 ], [ -71.45473, -38.20558 ], [ -71.4542, -38.20427 ], [ -71.45427, -38.20367 ], [ -71.45483, -38.20226 ], [ -71.45477, -38.20197 ], [ -71.45434, -38.20167 ], [ -71.45253, -38.20117 ], [ -71.45029, -38.20142 ], [ -71.44988, -38.20123 ], [ -71.44958, -38.20081 ], [ -71.44956, -38.20035 ], [ -71.44987, -38.19853 ], [ -71.44978, -38.19836 ], [ -71.44891, -38.19796 ], [ -71.44799, -38.19626 ], [ -71.44762, -38.19613 ], [ -71.44673, -38.19496 ], [ -71.44643, -38.19427 ], [ -71.44656, -38.19386 ], [ -71.4464, -38.1927 ], [ -71.44251, -38.18935 ], [ -71.44237, -38.18839 ], [ -71.44111, -38.1869 ], [ -71.44073, -38.18572 ], [ -71.44029, -38.18521 ], [ -71.43924, -38.18458 ], [ -71.43907, -38.18416 ], [ -71.43925, -38.18383 ], [ -71.44036, -38.18329 ], [ -71.44062, -38.18279 ], [ -71.44037, -38.18226 ], [ -71.4387, -38.18142 ], [ -71.43838, -38.18111 ], [ -71.43846, -38.1808 ], [ -71.43929, -38.18014 ], [ -71.43927, -38.17969 ], [ -71.4373, -38.17833 ], [ -71.43619, -38.177 ] ], [ [ -71.48282, -38.29222 ], [ -71.48217, -38.29217 ], [ -71.48192, -38.29153 ], [ -71.48163, -38.2913 ], [ -71.48016, -38.29073 ], [ -71.47968, -38.28987 ], [ -71.47922, -38.28947 ], [ -71.47922, -38.28888 ], [ -71.47876, -38.28819 ], [ -71.47908, -38.28722 ], [ -71.479, -38.28667 ], [ -71.47699, -38.28465 ], [ -71.47676, -38.28415 ], [ -71.47701, -38.28349 ], [ -71.47667, -38.28291 ], [ -71.4768, -38.28244 ], [ -71.47584, -38.28173 ], [ -71.47502, -38.28007 ], [ -71.4751, -38.27825 ], [ -71.47491, -38.27807 ], [ -71.4749, -38.27776 ], [ -71.47509, -38.27718 ], [ -71.47504, -38.27671 ], [ -71.47438, -38.27543 ], [ -71.47429, -38.27365 ], [ -71.47387, -38.27253 ], [ -71.47397, -38.27143 ], [ -71.47378, -38.27117 ], [ -71.47237, -38.27083 ], [ -71.47178, -38.27053 ], [ -71.47117, -38.26997 ], [ -71.47121, -38.26973 ], [ -71.47213, -38.26921 ], [ -71.47227, -38.26849 ], [ -71.47198, -38.26788 ], [ -71.47096, -38.26756 ], [ -71.47035, -38.26673 ], [ -71.47005, -38.26509 ], [ -71.46963, -38.26438 ], [ -71.46971, -38.26322 ], [ -71.47001, -38.2622 ], [ -71.47036, -38.26173 ], [ -71.47, -38.26102 ], [ -71.47001, -38.25961 ], [ -71.46976, -38.25886 ], [ -71.46993, -38.25823 ], [ -71.46921, -38.25795 ], [ -71.46883, -38.25677 ], [ -71.46884, -38.25643 ], [ -71.46945, -38.25546 ], [ -71.469, -38.25527 ], [ -71.46887, -38.25502 ], [ -71.46921, -38.25373 ], [ -71.46945, -38.25352 ], [ -71.47009, -38.25356 ], [ -71.47029, -38.25339 ], [ -71.46976, -38.25312 ], [ -71.46996, -38.25263 ], [ -71.46984, -38.25212 ], [ -71.4688, -38.25156 ], [ -71.46905, -38.24977 ], [ -71.46796, -38.24906 ], [ -71.4665, -38.2489 ], [ -71.46595, -38.24856 ], [ -71.4657, -38.2482 ], [ -71.46549, -38.24723 ], [ -71.46442, -38.24622 ], [ -71.46487, -38.2449 ], [ -71.46443, -38.2446 ], [ -71.46449, -38.24348 ], [ -71.46314, -38.24295 ], [ -71.46303, -38.24252 ], [ -71.46324, -38.24177 ], [ -71.46302, -38.241 ], [ -71.4619, -38.24016 ], [ -71.46141, -38.23929 ], [ -71.46055, -38.2389 ], [ -71.4603, -38.23857 ], [ -71.46032, -38.23749 ], [ -71.45901, -38.23677 ], [ -71.45896, -38.23644 ], [ -71.45935, -38.23577 ], [ -71.4593, -38.23548 ], [ -71.45877, -38.23469 ], [ -71.45802, -38.23405 ], [ -71.45787, -38.23364 ], [ -71.45849, -38.23299 ], [ -71.45855, -38.23272 ], [ -71.45809, -38.23154 ], [ -71.45838, -38.23118 ], [ -71.45835, -38.2308 ], [ -71.45821, -38.23036 ], [ -71.45763, -38.22968 ], [ -71.45756, -38.22932 ], [ -71.45766, -38.22891 ], [ -71.45753, -38.22732 ], [ -71.45798, -38.22622 ], [ -71.45795, -38.22583 ], [ -71.4577, -38.22558 ], [ -71.45683, -38.22533 ], [ -71.45634, -38.22487 ], [ -71.45662, -38.22412 ], [ -71.4562, -38.22258 ], [ -71.45585, -38.22219 ], [ -71.45574, -38.22049 ], [ -71.45593, -38.22034 ], [ -71.45671, -38.22029 ], [ -71.45677, -38.21996 ], [ -71.45613, -38.21974 ], [ -71.45608, -38.2195 ], [ -71.45637, -38.21905 ], [ -71.45743, -38.21904 ], [ -71.45756, -38.21861 ], [ -71.45741, -38.21822 ], [ -71.45669, -38.21742 ], [ -71.45661, -38.21703 ], [ -71.45664, -38.21662 ], [ -71.45722, -38.21588 ], [ -71.45718, -38.21561 ], [ -71.45606, -38.21489 ], [ -71.45592, -38.21453 ], [ -71.45598, -38.21389 ], [ -71.45638, -38.21303 ], [ -71.45617, -38.21252 ], [ -71.4556, -38.2121 ], [ -71.4558, -38.21167 ] ], [ [ -71.43401, -38.1724 ], [ -71.43314, -38.17177 ], [ -71.43264, -38.17103 ], [ -71.43258, -38.17068 ], [ -71.43288, -38.16971 ], [ -71.43203, -38.16857 ], [ -71.43228, -38.1672 ], [ -71.43211, -38.16649 ], [ -71.4317, -38.16618 ], [ -71.43044, -38.16595 ], [ -71.42912, -38.16472 ], [ -71.42802, -38.16228 ], [ -71.42815, -38.16131 ], [ -71.42905, -38.16028 ], [ -71.42905, -38.15959 ], [ -71.42868, -38.15924 ], [ -71.42818, -38.15908 ], [ -71.42667, -38.15932 ], [ -71.4259, -38.159 ], [ -71.42558, -38.15842 ], [ -71.42527, -38.15634 ] ], [ [ -71.43619, -38.177 ], [ -71.43549, -38.17645 ], [ -71.43428, -38.17481 ], [ -71.43425, -38.17444 ], [ -71.43498, -38.17381 ], [ -71.43517, -38.17328 ], [ -71.43401, -38.1724 ] ] ] } },
{ "type": "Feature", "properties": { "nombre": "Río Lomín", "tipo": "river", "volcan_codigo": "CPA", "volcan_nombre": "Copahue", "drena_volcan": true }, "geometry": { "type": "MultiLineString", "coordinates": [ [ [ -71.25023, -37.95373 ], [ -71.25179, -37.9542 ], [ -71.25292, -37.95396 ], [ -71.25314, -37.95449 ], [ -71.25414, -37.95495 ], [ -71.25442, -37.95538 ], [ -71.25448, -37.95603 ], [ -71.25485, -37.95613 ], [ -71.25504, -37.9566 ], [ -71.25477, -37.95753 ], [ -71.25476, -37.95818 ], [ -71.25597, -37.96031 ], [ -71.25633, -37.96069 ], [ -71.25686, -37.96082 ], [ -71.25726, -37.96064 ], [ -71.25755, -37.96 ], [ -71.25788, -37.95987 ], [ -71.25923, -37.96084 ], [ -71.25949, -37.96141 ], [ -71.25924, -37.96191 ], [ -71.2609, -37.96396 ] ], [ [ -71.2609, -37.96396 ], [ -71.26094, -37.96422 ], [ -71.26064, -37.96483 ], [ -71.2608, -37.96592 ], [ -71.26055, -37.96691 ], [ -71.26094, -37.96793 ], [ -71.26051, -37.9684 ], [ -71.26037, -37.96882 ], [ -71.26043, -37.9692 ], [ -71.26105, -37.97012 ], [ -71.2606, -37.97073 ], [ -71.26061, -37.97143 ], [ -71.25979, -37.97179 ], [ -71.25968, -37.97217 ], [ -71.26016, -37.97366 ], [ -71.25998, -37.97463 ], [ -71.26015, -37.97504 ], [ -71.26056, -37.97541 ], [ -71.26096, -37.97621 ], [ -71.26179, -37.97655 ], [ -71.26264, -37.9773 ], [ -71.26355, -37.97707 ], [ -71.26394, -37.97664 ], [ -71.26516, -37.97647 ], [ -71.26596, -37.97665 ], [ -71.26685, -37.9773 ], [ -71.26867, -37.97764 ], [ -71.2688, -37.97805 ], [ -71.26946, -37.97849 ], [ -71.26971, -37.97958 ], [ -71.27028, -37.97983 ], [ -71.27082, -37.98031 ], [ -71.27124, -37.98139 ], [ -71.27191, -37.98144 ], [ -71.27246, -37.98245 ], [ -71.27329, -37.98262 ], [ -71.27347, -37.9828 ], [ -71.27312, -37.98346 ], [ -71.27202, -37.98435 ], [ -71.2725, -37.98541 ], [ -71.27253, -37.98623 ], [ -71.27287, -37.98666 ], [ -71.27245, -37.9871 ], [ -71.27239, -37.98737 ], [ -71.27304, -37.98785 ], [ -71.27286, -37.9886 ], [ -71.27333, -37.98944 ], [ -71.27319, -37.99197 ], [ -71.27348, -37.9925 ], [ -71.27432, -37.99296 ], [ -71.27444, -37.99319 ], [ -71.27421, -37.99495 ], [ -71.27291, -37.9968 ], [ -71.27282, -37.99721 ], [ -71.2729, -37.99772 ], [ -71.27353, -37.9985 ] ], [ [ -71.27353, -37.9985 ], [ -71.27512, -37.9986 ], [ -71.27554, -37.99905 ] ], [ [ -71.27554, -37.99905 ], [ -71.276, -37.99952 ], [ -71.27649, -38.00097 ], [ -71.27727, -38.00185 ], [ -71.27989, -38.00312 ], [ -71.28004, -38.00379 ], [ -71.27968, -38.00473 ], [ -71.27969, -38.00549 ], [ -71.28106, -38.00649 ] ], [ [ -71.28106, -38.00649 ], [ -71.2817, -38.00673 ], [ -71.28201, -38.00667 ], [ -71.2823, -38.00636 ] ], [ [ -71.2823, -38.00636 ], [ -71.28251, -38.00614 ], [ -71.28315, -38.00617 ], [ -71.28531, -38.00943 ], [ -71.28609, -38.00999 ], [ -71.28761, -38.01033 ], [ -71.28798, -38.01067 ], [ -71.2879, -38.01097 ], [ -71.28737, -38.01158 ], [ -71.28728, -38.01202 ], [ -71.2881, -38.01348 ], [ -71.28887, -38.01422 ], [ -71.28988, -38.01555 ], [ -71.28999, -38.016 ], [ -71.28929, -38.01677 ], [ -71.28922, -38.01705 ], [ -71.29059, -38.01899 ], [ -71.29047, -38.01958 ], [ -71.29013, -38.02 ], [ -71.29005, -38.0212 ], [ -71.28947, -38.02253 ], [ -71.28965, -38.02311 ], [ -71.29008, -38.02341 ], [ -71.29233, -38.02413 ], [ -71.29269, -38.02445 ], [ -71.29353, -38.02579 ], [ -71.2946, -38.02606 ], [ -71.29603, -38.02681 ], [ -71.29676, -38.02779 ], [ -71.29814, -38.02898 ], [ -71.29898, -38.02921 ], [ -71.30098, -38.02924 ], [ -71.30231, -38.02961 ], [ -71.30282, -38.0304 ], [ -71.30217, -38.03072 ], [ -71.3011, -38.03075 ], [ -71.30081, -38.03097 ], [ -71.3007, -38.03129 ], [ -71.30103, -38.0316 ], [ -71.30244, -38.03176 ], [ -71.3027, -38.03198 ], [ -71.30291, -38.03231 ], [ -71.30237, -38.03301 ], [ -71.30249, -38.03324 ], [ -71.3034, -38.03377 ], [ -71.30434, -38.03481 ], [ -71.30483, -38.03511 ], [ -71.30674, -38.03556 ], [ -71.30738, -38.0359 ], [ -71.30834, -38.03692 ], [ -71.30901, -38.03719 ], [ -71.30956, -38.03803 ], [ -71.31102, -38.03924 ], [ -71.31289, -38.04007 ], [ -71.31343, -38.04061 ], [ -71.3153, -38.04119 ], [ -71.316, -38.04156 ], [ -71.31737, -38.04342 ], [ -71.31733, -38.04445 ], [ -71.31749, -38.04494 ], [ -71.31854, -38.04597 ], [ -71.31858, -38.04659 ], [ -71.31813, -38.04832 ], [ -71.31841, -38.04908 ], [ -71.319, -38.04955 ], [ -71.31987, -38.04988 ], [ -71.3216, -38.04928 ], [ -71.32253, -38.04864 ], [ -71.32386, -38.04822 ], [ -71.32508, -38.04818 ], [ -71.32668, -38.04855 ], [ -71.32693, -38.04949 ], [ -71.32792, -38.05062 ], [ -71.32962, -38.05152 ], [ -71.33076, -38.05283 ], [ -71.33438, -38.05387 ], [ -71.33712, -38.05517 ], [ -71.33812, -38.0558 ], [ -71.33856, -38.05631 ], [ -71.33865, -38.05708 ], [ -71.33916, -38.05808 ], [ -71.33901, -38.05895 ], [ -71.33864, -38.05974 ], [ -71.33869, -38.06036 ], [ -71.33912, -38.06075 ], [ -71.34017, -38.06251 ], [ -71.34185, -38.06385 ], [ -71.34347, -38.06584 ], [ -71.34398, -38.06601 ], [ -71.34483, -38.0659 ], [ -71.34612, -38.06429 ], [ -71.34794, -38.06435 ], [ -71.34897, -38.06486 ], [ -71.34978, -38.06609 ], [ -71.35041, -38.06673 ], [ -71.3518, -38.06678 ] ], [ [ -71.28102, -38.00649 ], [ -71.28106, -38.00649 ] ], [ [ -71.28106, -38.00649 ], [ -71.28258, -38.00612 ] ], [ [ -71.27353, -37.9985 ], [ -71.27396, -37.99886 ], [ -71.27554, -37.99905 ] ], [ [ -71.27554, -37.99905 ], [ -71.27558, -37.99905 ] ], [ [ -71.2813, -38.0066 ], [ -71.28215, -38.00699 ], [ -71.28234, -38.00679 ], [ -71.2823, -38.00636 ] ], [ [ -71.2823, -38.00636 ], [ -71.2823, -38.00635 ] ], [ [ -71.2609, -37.96396 ], [ -71.26122, -37.96436 ], [ -71.26125, -37.96464 ], [ -71.26079, -37.96601 ] ], [ [ -71.21301, -37.9401 ], [ -71.21423, -37.94084 ], [ -71.21523, -37.94094 ], [ -71.21596, -37.94124 ], [ -71.21855, -37.94121 ], [ -71.22004, -37.93997 ], [ -71.22187, -37.93942 ], [ -71.22222, -37.9401 ], [ -71.22267, -37.94011 ], [ -71.22323, -37.94047 ], [ -71.22377, -37.94143 ], [ -71.22571, -37.9422 ], [ -71.22611, -37.94221 ], [ -71.2268, -37.94161 ], [ -71.22822, -37.94149 ], [ -71.22915, -37.94196 ], [ -71.23062, -37.94209 ], [ -71.23156, -37.94249 ], [ -71.23402, -37.94301 ], [ -71.23428, -37.9435 ], [ -71.23557, -37.94453 ], [ -71.2359, -37.94558 ], [ -71.23698, -37.9458 ], [ -71.23764, -37.9464 ], [ -71.23828, -37.9467 ], [ -71.23877, -37.94777 ], [ -71.23972, -37.94786 ], [ -71.24014, -37.94857 ], [ -71.24278, -37.9496 ], [ -71.24349, -37.95021 ], [ -71.24481, -37.95041 ], [ -71.24552, -37.95109 ], [ -71.24623, -37.95269 ], [ -71.24654, -37.95283 ], [ -71.24798, -37.95286 ], [ -71.25023, -37.95373 ] ], [ [ -71.14538, -37.88933 ], [ -71.14575, -37.88987 ], [ -71.1458, -37.89102 ], [ -71.14595, -37.89133 ], [ -71.14687, -37.89165 ], [ -71.14702, -37.89184 ], [ -71.14654, -37.8921 ], [ -71.14644, -37.89245 ], [ -71.14762, -37.89305 ], [ -71.14784, -37.89339 ], [ -71.14939, -37.89346 ], [ -71.15099, -37.89507 ], [ -71.15125, -37.89521 ], [ -71.15173, -37.89508 ], [ -71.15256, -37.89517 ], [ -71.15315, -37.896 ], [ -71.15435, -37.89623 ], [ -71.15632, -37.89619 ], [ -71.15699, -37.89698 ], [ -71.15843, -37.89728 ], [ -71.15943, -37.89794 ], [ -71.16001, -37.89787 ], [ -71.16064, -37.89875 ], [ -71.16093, -37.89878 ], [ -71.16125, -37.8983 ], [ -71.16229, -37.89817 ], [ -71.16324, -37.89773 ], [ -71.16302, -37.89717 ], [ -71.16352, -37.89686 ], [ -71.16391, -37.89682 ], [ -71.16414, -37.89719 ], [ -71.16492, -37.89714 ], [ -71.16538, -37.89729 ], [ -71.1656, -37.89775 ], [ -71.16902, -37.89885 ], [ -71.16923, -37.89933 ], [ -71.1692, -37.90089 ], [ -71.16938, -37.90125 ], [ -71.16937, -37.90178 ], [ -71.16896, -37.90197 ], [ -71.1688, -37.9023 ], [ -71.16835, -37.90398 ], [ -71.16888, -37.90689 ], [ -71.16943, -37.90813 ], [ -71.17058, -37.90835 ], [ -71.17138, -37.90921 ], [ -71.17209, -37.90955 ], [ -71.17334, -37.91206 ], [ -71.17404, -37.91236 ], [ -71.1745, -37.91281 ], [ -71.1748, -37.91345 ], [ -71.17577, -37.91358 ], [ -71.17603, -37.91376 ], [ -71.17687, -37.91497 ], [ -71.17738, -37.91528 ], [ -71.17758, -37.91601 ], [ -71.17789, -37.91611 ], [ -71.17803, -37.91637 ], [ -71.17845, -37.91655 ], [ -71.17928, -37.91728 ], [ -71.18002, -37.91749 ], [ -71.18002, -37.91763 ], [ -71.18099, -37.918 ], [ -71.18246, -37.91795 ], [ -71.18326, -37.91849 ], [ -71.18407, -37.92003 ], [ -71.18378, -37.92056 ], [ -71.1845, -37.9214 ], [ -71.18404, -37.9222 ], [ -71.18446, -37.92259 ], [ -71.18549, -37.92289 ], [ -71.18595, -37.92334 ], [ -71.1858, -37.92372 ], [ -71.18646, -37.92443 ], [ -71.18673, -37.92518 ], [ -71.1864, -37.9257 ], [ -71.18645, -37.92602 ], [ -71.18656, -37.9263 ], [ -71.18721, -37.92675 ], [ -71.18737, -37.92712 ], [ -71.18837, -37.9277 ], [ -71.18881, -37.92755 ], [ -71.18969, -37.92756 ], [ -71.19124, -37.92779 ], [ -71.19185, -37.92842 ], [ -71.19198, -37.92889 ], [ -71.19294, -37.92956 ], [ -71.19329, -37.9303 ], [ -71.19436, -37.9311 ], [ -71.1944, -37.93142 ], [ -71.19497, -37.93217 ], [ -71.19571, -37.9325 ], [ -71.19714, -37.93256 ], [ -71.19911, -37.93296 ], [ -71.19964, -37.93333 ], [ -71.20038, -37.93357 ], [ -71.2009, -37.93402 ], [ -71.20135, -37.93472 ], [ -71.20389, -37.93597 ], [ -71.20406, -37.93625 ], [ -71.20468, -37.93643 ], [ -71.20474, -37.9367 ], [ -71.20515, -37.9367 ], [ -71.2058, -37.93733 ], [ -71.20784, -37.93803 ], [ -71.20852, -37.93846 ], [ -71.21024, -37.93876 ], [ -71.21123, -37.93869 ], [ -71.21191, -37.93893 ], [ -71.2123, -37.93955 ], [ -71.21301, -37.9401 ] ], [ [ -71.15115, -37.87408 ], [ -71.15105, -37.87419 ], [ -71.14965, -37.87407 ], [ -71.14791, -37.87454 ], [ -71.14738, -37.87445 ], [ -71.14631, -37.87472 ], [ -71.14541, -37.87442 ], [ -71.14445, -37.87473 ], [ -71.14269, -37.87611 ], [ -71.14175, -37.87665 ], [ -71.14072, -37.87679 ], [ -71.14009, -37.87671 ], [ -71.13926, -37.87692 ], [ -71.13863, -37.87729 ], [ -71.13805, -37.87737 ], [ -71.13774, -37.87763 ], [ -71.13737, -37.87763 ], [ -71.13705, -37.87793 ], [ -71.13661, -37.87804 ], [ -71.13614, -37.87904 ], [ -71.13605, -37.87979 ], [ -71.13639, -37.87989 ], [ -71.13654, -37.88036 ], [ -71.13705, -37.88052 ], [ -71.13724, -37.88064 ], [ -71.13728, -37.88091 ], [ -71.13763, -37.88103 ], [ -71.13777, -37.88181 ], [ -71.13943, -37.88227 ], [ -71.14072, -37.88378 ], [ -71.1411, -37.88532 ], [ -71.14183, -37.88543 ], [ -71.14275, -37.88589 ], [ -71.14316, -37.8868 ], [ -71.1442, -37.88791 ], [ -71.14425, -37.88877 ], [ -71.14538, -37.88933 ] ] ] } },
{ "type": "Feature", "properties": { "nombre": "Río Los Parrones o Huirihuiri", "tipo": "river", "volcan_codigo": "CPA", "volcan_nombre": "Copahue", "drena_volcan": false }, "geometry": { "type": "LineString", "coordinates": [ [ -71.52371, -37.99911 ], [ -71.52353, -37.99874 ], [ -71.5237, -37.99796 ], [ -71.52576, -37.99627 ], [ -71.52591, -37.99467 ], [ -71.52629, -37.99438 ], [ -71.52674, -37.99429 ], [ -71.52722, -37.99444 ], [ -71.5274, -37.9943 ], [ -71.52745, -37.99396 ], [ -71.52835, -37.99282 ], [ -71.52948, -37.99203 ], [ -71.52973, -37.99157 ], [ -71.52969, -37.99119 ] ] } },
{ "type": "Feature", "properties": { "nombre": "Río Malla", "tipo": "river", "volcan_codigo": "CPA", "volcan_nombre": "Copahue", "drena_volcan": true }, "geometry": { "type": "LineString", "coordinates": [ [ -71.43361, -37.9822 ], [ -71.43406, -37.98247 ], [ -71.43415, -37.98368 ], [ -71.43487, -37.98421 ], [ -71.43626, -37.9841 ], [ -71.43665, -37.98438 ], [ -71.43679, -37.98471 ], [ -71.43764, -37.98491 ], [ -71.43815, -37.98562 ], [ -71.43851, -37.98566 ], [ -71.43906, -37.98601 ], [ -71.4393, -37.98643 ], [ -71.43977, -37.98632 ], [ -71.44104, -37.98707 ], [ -71.44163, -37.98705 ], [ -71.44189, -37.98741 ], [ -71.44324, -37.98756 ], [ -71.44425, -37.98838 ], [ -71.44424, -37.98859 ], [ -71.44484, -37.98863 ], [ -71.44564, -37.98923 ], [ -71.4464, -37.98927 ], [ -71.44671, -37.98957 ], [ -71.44853, -37.9899 ], [ -71.44952, -37.99055 ], [ -71.45027, -37.99054 ], [ -71.45069, -37.99131 ], [ -71.45126, -37.99155 ], [ -71.45166, -37.99204 ], [ -71.45206, -37.99208 ], [ -71.45251, -37.99254 ], [ -71.45306, -37.99375 ], [ -71.45338, -37.99384 ], [ -71.45397, -37.99369 ], [ -71.45421, -37.99405 ], [ -71.45496, -37.99419 ], [ -71.45558, -37.99459 ], [ -71.4564, -37.9947 ], [ -71.4576, -37.99527 ], [ -71.45881, -37.99528 ], [ -71.46045, -37.99623 ], [ -71.46092, -37.99599 ], [ -71.46184, -37.99671 ], [ -71.46219, -37.99745 ], [ -71.46317, -37.99723 ], [ -71.46353, -37.99743 ], [ -71.46434, -37.9975 ], [ -71.46462, -37.99787 ], [ -71.46559, -37.99822 ], [ -71.46581, -37.99886 ], [ -71.46665, -37.99919 ], [ -71.46749, -37.99929 ], [ -71.4679, -37.99983 ], [ -71.46842, -37.99999 ], [ -71.46905, -38.00116 ], [ -71.46966, -38.00116 ], [ -71.47032, -38.00187 ], [ -71.4709, -38.00211 ], [ -71.4711, -38.00275 ], [ -71.47289, -38.00445 ], [ -71.47293, -38.00486 ], [ -71.47406, -38.00646 ], [ -71.47524, -38.00749 ], [ -71.47525, -38.00775 ], [ -71.47564, -38.00829 ], [ -71.47722, -38.00893 ], [ -71.47871, -38.01069 ], [ -71.47903, -38.01085 ], [ -71.47991, -38.011 ], [ -71.48088, -38.01059 ] ] } },
{ "type": "Feature", "properties": { "nombre": "Río Nalcas", "tipo": "river", "volcan_codigo": "CPA", "volcan_nombre": "Copahue", "drena_volcan": false }, "geometry": { "type": "MultiLineString", "coordinates": [ [ [ -71.50101, -38.26288 ], [ -71.50043, -38.26178 ], [ -71.50076, -38.26124 ], [ -71.5007, -38.26104 ], [ -71.4977, -38.26008 ], [ -71.49767, -38.25907 ], [ -71.49659, -38.25821 ], [ -71.49559, -38.25785 ], [ -71.49462, -38.25679 ], [ -71.49341, -38.25464 ], [ -71.49311, -38.25437 ], [ -71.49284, -38.25365 ], [ -71.49331, -38.25293 ], [ -71.49343, -38.2519 ], [ -71.49312, -38.25153 ], [ -71.4914, -38.25118 ], [ -71.49075, -38.24971 ], [ -71.49071, -38.24863 ], [ -71.49055, -38.24829 ], [ -71.48978, -38.24795 ], [ -71.48842, -38.24807 ], [ -71.48747, -38.24795 ], [ -71.48721, -38.247 ], [ -71.48686, -38.24678 ], [ -71.48533, -38.24707 ], [ -71.48451, -38.24692 ], [ -71.48343, -38.24579 ], [ -71.4822, -38.24561 ], [ -71.48164, -38.24413 ], [ -71.48041, -38.24227 ], [ -71.47981, -38.24211 ], [ -71.47949, -38.2422 ], [ -71.47908, -38.24285 ], [ -71.47874, -38.24287 ], [ -71.47806, -38.24221 ], [ -71.47818, -38.24103 ], [ -71.47797, -38.24016 ], [ -71.4787, -38.2391 ], [ -71.47852, -38.23825 ], [ -71.47645, -38.23662 ], [ -71.47517, -38.23638 ], [ -71.47374, -38.23586 ], [ -71.47354, -38.23551 ], [ -71.47365, -38.23515 ], [ -71.47414, -38.23485 ], [ -71.47499, -38.23471 ], [ -71.4752, -38.2345 ], [ -71.47506, -38.23423 ], [ -71.47368, -38.23397 ], [ -71.47215, -38.23411 ], [ -71.47074, -38.23332 ], [ -71.47023, -38.23261 ], [ -71.46864, -38.22904 ], [ -71.46748, -38.2284 ], [ -71.46685, -38.22825 ], [ -71.46685, -38.22706 ], [ -71.46624, -38.22625 ], [ -71.46656, -38.22537 ], [ -71.46633, -38.22503 ], [ -71.46573, -38.22465 ], [ -71.46551, -38.22417 ], [ -71.46514, -38.22402 ], [ -71.46499, -38.22241 ], [ -71.46462, -38.22206 ], [ -71.46447, -38.22153 ] ], [ [ -71.46447, -38.22153 ], [ -71.46448, -38.22097 ], [ -71.46414, -38.22002 ], [ -71.46203, -38.2195 ], [ -71.46175, -38.21802 ], [ -71.46067, -38.21745 ], [ -71.45988, -38.21798 ], [ -71.45967, -38.21789 ], [ -71.45943, -38.21703 ], [ -71.45928, -38.21539 ], [ -71.45885, -38.215 ], [ -71.4577, -38.21481 ], [ -71.45738, -38.21443 ], [ -71.45749, -38.21394 ], [ -71.45843, -38.21334 ], [ -71.45843, -38.21289 ], [ -71.45819, -38.2124 ], [ -71.4578, -38.21207 ], [ -71.45645, -38.21196 ], [ -71.4558, -38.21167 ] ] ] } },
{ "type": "Feature", "properties": { "nombre": "Río Otué", "tipo": "river", "volcan_codigo": "CPA", "volcan_nombre": "Copahue", "drena_volcan": false }, "geometry": { "type": "MultiLineString", "coordinates": [ [ [ -71.43391, -37.80041 ], [ -71.43446, -37.80019 ], [ -71.43416, -37.79943 ], [ -71.43427, -37.79892 ], [ -71.43704, -37.79822 ], [ -71.43733, -37.79753 ], [ -71.4383, -37.79636 ], [ -71.43931, -37.79588 ], [ -71.43934, -37.79534 ], [ -71.43956, -37.79492 ], [ -71.44011, -37.79505 ], [ -71.44159, -37.79492 ], [ -71.44202, -37.79376 ], [ -71.44269, -37.7934 ], [ -71.4435, -37.79256 ], [ -71.44475, -37.79166 ], [ -71.44616, -37.79204 ], [ -71.44904, -37.79193 ], [ -71.4506, -37.7915 ], [ -71.45132, -37.79166 ], [ -71.45161, -37.79156 ], [ -71.4518, -37.79107 ], [ -71.45241, -37.79109 ], [ -71.45298, -37.79043 ], [ -71.4533, -37.79031 ], [ -71.45423, -37.7903 ], [ -71.45501, -37.79058 ], [ -71.45612, -37.79062 ], [ -71.45743, -37.79185 ], [ -71.45741, -37.7928 ], [ -71.45897, -37.79301 ], [ -71.45922, -37.79352 ], [ -71.45896, -37.79436 ], [ -71.45903, -37.79467 ], [ -71.46103, -37.79559 ], [ -71.46177, -37.79538 ], [ -71.46215, -37.79451 ], [ -71.46235, -37.79439 ], [ -71.463, -37.79456 ], [ -71.46353, -37.7953 ], [ -71.46473, -37.79476 ], [ -71.46488, -37.7944 ], [ -71.46622, -37.79418 ], [ -71.4671, -37.79438 ], [ -71.4673, -37.79407 ], [ -71.46759, -37.79404 ], [ -71.46864, -37.79468 ], [ -71.46924, -37.79412 ], [ -71.46998, -37.79416 ], [ -71.47007, -37.7936 ], [ -71.47039, -37.79342 ], [ -71.47153, -37.79369 ], [ -71.47192, -37.79335 ], [ -71.47237, -37.79396 ], [ -71.47294, -37.79333 ], [ -71.47365, -37.79348 ], [ -71.47379, -37.79315 ], [ -71.47409, -37.79299 ], [ -71.47594, -37.79352 ], [ -71.47669, -37.79303 ], [ -71.47727, -37.79285 ], [ -71.47852, -37.79344 ], [ -71.47897, -37.79341 ], [ -71.47919, -37.79319 ], [ -71.47902, -37.79259 ], [ -71.48228, -37.79082 ], [ -71.48454, -37.78879 ], [ -71.48528, -37.78877 ], [ -71.48559, -37.78923 ], [ -71.48612, -37.78908 ], [ -71.48758, -37.78909 ], [ -71.48797, -37.78887 ], [ -71.48807, -37.7884 ], [ -71.48781, -37.7878 ], [ -71.48795, -37.7871 ], [ -71.48635, -37.78624 ], [ -71.48613, -37.7859 ], [ -71.48624, -37.78542 ], [ -71.48728, -37.78458 ], [ -71.48789, -37.78376 ], [ -71.48873, -37.78333 ], [ -71.48923, -37.7828 ], [ -71.48971, -37.78266 ], [ -71.49126, -37.78271 ], [ -71.49172, -37.78255 ], [ -71.49174, -37.78205 ], [ -71.49151, -37.78161 ], [ -71.4916, -37.78128 ], [ -71.49283, -37.78095 ], [ -71.49226, -37.77962 ], [ -71.49358, -37.77913 ], [ -71.49633, -37.77906 ], [ -71.49776, -37.77852 ], [ -71.49855, -37.77905 ], [ -71.50226, -37.77956 ], [ -71.50264, -37.77945 ], [ -71.50298, -37.77912 ], [ -71.50374, -37.77906 ], [ -71.50453, -37.77864 ], [ -71.50599, -37.77883 ], [ -71.50856, -37.77866 ], [ -71.51024, -37.77931 ], [ -71.51234, -37.77954 ], [ -71.51278, -37.77933 ], [ -71.51319, -37.77858 ], [ -71.51507, -37.77834 ], [ -71.5157, -37.77765 ], [ -71.51647, -37.77718 ], [ -71.51712, -37.77699 ], [ -71.5177, -37.77713 ], [ -71.51815, -37.77699 ], [ -71.51909, -37.77701 ], [ -71.51942, -37.77685 ], [ -71.51964, -37.77627 ], [ -71.52055, -37.77652 ], [ -71.52195, -37.77598 ], [ -71.52227, -37.77602 ], [ -71.52277, -37.7765 ], [ -71.52359, -37.77657 ], [ -71.52455, -37.77576 ], [ -71.52589, -37.77592 ], [ -71.52635, -37.77583 ], [ -71.5269, -37.77484 ], [ -71.5271, -37.77473 ], [ -71.52785, -37.77484 ], [ -71.52853, -37.77529 ], [ -71.5298, -37.77511 ], [ -71.53112, -37.77544 ], [ -71.53228, -37.77515 ], [ -71.53329, -37.77547 ] ], [ [ -71.53329, -37.77547 ], [ -71.53446, -37.77574 ], [ -71.53546, -37.77568 ] ] ] } },
{ "type": "Feature", "properties": { "nombre": "Río Pehuenco", "tipo": "river", "volcan_codigo": "CPA", "volcan_nombre": "Copahue", "drena_volcan": false }, "geometry": { "type": "LineString", "coordinates": [ [ -71.2637, -38.28614 ], [ -71.26427, -38.28631 ], [ -71.26539, -38.28599 ], [ -71.26722, -38.28593 ], [ -71.2685, -38.28653 ], [ -71.2698, -38.28582 ], [ -71.27078, -38.28572 ], [ -71.27119, -38.28605 ], [ -71.27109, -38.2863 ], [ -71.27156, -38.28661 ], [ -71.27217, -38.28737 ], [ -71.27224, -38.28797 ], [ -71.27389, -38.28814 ], [ -71.27526, -38.28765 ], [ -71.27575, -38.28797 ], [ -71.27676, -38.2877 ], [ -71.27691, -38.28777 ], [ -71.27678, -38.28805 ], [ -71.27702, -38.28812 ], [ -71.27742, -38.28797 ], [ -71.27797, -38.28802 ], [ -71.27915, -38.28822 ], [ -71.27975, -38.2885 ], [ -71.28013, -38.28849 ], [ -71.28105, -38.28811 ], [ -71.28143, -38.28776 ], [ -71.28198, -38.28766 ], [ -71.28412, -38.28803 ], [ -71.28476, -38.28794 ], [ -71.28646, -38.28722 ], [ -71.28807, -38.2874 ], [ -71.28943, -38.28711 ], [ -71.28994, -38.28738 ], [ -71.29154, -38.28757 ], [ -71.2934, -38.28832 ], [ -71.29368, -38.2887 ], [ -71.29457, -38.28889 ], [ -71.29636, -38.28811 ], [ -71.29779, -38.2878 ], [ -71.29909, -38.28789 ], [ -71.29942, -38.28764 ], [ -71.30021, -38.28742 ], [ -71.30062, -38.28714 ], [ -71.3008, -38.28663 ], [ -71.30161, -38.28625 ], [ -71.30191, -38.28583 ], [ -71.30336, -38.28581 ], [ -71.30464, -38.28528 ], [ -71.3057, -38.28442 ], [ -71.30605, -38.28348 ], [ -71.30657, -38.28313 ], [ -71.3088, -38.28252 ], [ -71.30911, -38.28233 ], [ -71.30931, -38.28194 ], [ -71.3096, -38.28182 ], [ -71.31031, -38.28201 ], [ -71.31147, -38.2818 ], [ -71.31212, -38.2822 ], [ -71.31256, -38.28227 ], [ -71.31294, -38.28208 ], [ -71.31325, -38.28217 ], [ -71.31338, -38.28186 ], [ -71.31367, -38.28177 ], [ -71.31413, -38.28182 ], [ -71.31427, -38.28214 ], [ -71.31447, -38.28222 ], [ -71.31569, -38.28224 ], [ -71.3157, -38.28259 ], [ -71.31583, -38.28265 ], [ -71.31639, -38.28239 ], [ -71.31645, -38.2829 ], [ -71.31663, -38.28311 ], [ -71.31761, -38.28336 ], [ -71.3177, -38.28369 ], [ -71.31793, -38.28384 ], [ -71.31861, -38.28389 ], [ -71.31892, -38.28419 ], [ -71.31986, -38.28457 ], [ -71.32095, -38.28456 ], [ -71.32181, -38.284 ], [ -71.3224, -38.28412 ] ] } },
{ "type": "Feature", "properties": { "nombre": "Río Picunleo", "tipo": "river", "volcan_codigo": "CPA", "volcan_nombre": "Copahue", "drena_volcan": false }, "geometry": { "type": "LineString", "coordinates": [ [ -71.11591, -37.55572 ], [ -71.11597, -37.55507 ], [ -71.11557, -37.55444 ], [ -71.11582, -37.55406 ], [ -71.11574, -37.55386 ], [ -71.11619, -37.55353 ], [ -71.11606, -37.553 ], [ -71.11563, -37.55278 ], [ -71.11454, -37.55165 ], [ -71.11431, -37.55151 ], [ -71.11313, -37.552 ], [ -71.11276, -37.55169 ], [ -71.11292, -37.55137 ], [ -71.11173, -37.55072 ], [ -71.11168, -37.55039 ], [ -71.11211, -37.55026 ], [ -71.11177, -37.54992 ], [ -71.11112, -37.54969 ], [ -71.11076, -37.54992 ], [ -71.11031, -37.54971 ], [ -71.10971, -37.54968 ], [ -71.10915, -37.54939 ], [ -71.10916, -37.54912 ], [ -71.10875, -37.54891 ], [ -71.10887, -37.5487 ], [ -71.10874, -37.54827 ], [ -71.1084, -37.54821 ], [ -71.10816, -37.54789 ], [ -71.10831, -37.54751 ], [ -71.10816, -37.54736 ], [ -71.10741, -37.54748 ], [ -71.10734, -37.54695 ], [ -71.10482, -37.54658 ], [ -71.10412, -37.54599 ], [ -71.10299, -37.54607 ], [ -71.10285, -37.54564 ], [ -71.10298, -37.54527 ], [ -71.10232, -37.54461 ], [ -71.10186, -37.54464 ], [ -71.10147, -37.54433 ], [ -71.1011, -37.54449 ], [ -71.10036, -37.54436 ], [ -71.10023, -37.54417 ], [ -71.09941, -37.54405 ], [ -71.09883, -37.5441 ], [ -71.09846, -37.54459 ], [ -71.09818, -37.5447 ], [ -71.09779, -37.5446 ], [ -71.09723, -37.54504 ], [ -71.09686, -37.54505 ], [ -71.09641, -37.54493 ], [ -71.09639, -37.54428 ], [ -71.0953, -37.54387 ], [ -71.09452, -37.54404 ], [ -71.09366, -37.5456 ], [ -71.09303, -37.54553 ], [ -71.09201, -37.54501 ], [ -71.09007, -37.54583 ], [ -71.08973, -37.54565 ], [ -71.08902, -37.5457 ], [ -71.08766, -37.54545 ], [ -71.08701, -37.54554 ], [ -71.08684, -37.54605 ], [ -71.08596, -37.5463 ], [ -71.08532, -37.54626 ], [ -71.08342, -37.54686 ], [ -71.08152, -37.54718 ], [ -71.08049, -37.54696 ], [ -71.07857, -37.54804 ], [ -71.07799, -37.54805 ], [ -71.07737, -37.54775 ], [ -71.0754, -37.548 ], [ -71.07188, -37.54733 ], [ -71.0716, -37.54713 ], [ -71.07201, -37.54611 ], [ -71.07204, -37.54586 ], [ -71.07179, -37.54572 ], [ -71.06996, -37.54536 ], [ -71.06951, -37.54561 ], [ -71.0674, -37.54488 ], [ -71.06646, -37.54538 ], [ -71.06581, -37.54515 ], [ -71.06476, -37.54447 ], [ -71.06397, -37.5444 ], [ -71.06263, -37.54364 ], [ -71.06121, -37.54368 ], [ -71.06042, -37.5432 ], [ -71.0604, -37.54282 ], [ -71.05962, -37.5424 ], [ -71.05929, -37.54185 ], [ -71.05883, -37.54168 ], [ -71.05855, -37.54214 ], [ -71.05653, -37.54267 ], [ -71.05423, -37.5421 ], [ -71.05406, -37.54107 ], [ -71.05306, -37.54072 ], [ -71.05205, -37.54098 ], [ -71.05127, -37.54094 ], [ -71.05079, -37.54051 ], [ -71.04987, -37.54031 ], [ -71.04921, -37.54051 ], [ -71.04825, -37.54046 ], [ -71.04758, -37.54009 ], [ -71.04731, -37.53976 ], [ -71.04664, -37.53969 ], [ -71.04558, -37.53997 ], [ -71.04372, -37.53902 ], [ -71.0417, -37.5397 ], [ -71.03907, -37.54008 ], [ -71.03866, -37.54032 ], [ -71.03739, -37.54035 ], [ -71.03688, -37.54064 ], [ -71.0354, -37.54057 ], [ -71.03419, -37.54127 ], [ -71.03129, -37.54072 ], [ -71.03084, -37.54097 ], [ -71.03097, -37.54163 ], [ -71.03022, -37.54177 ], [ -71.02957, -37.54146 ], [ -71.0273, -37.5398 ], [ -71.02614, -37.53918 ], [ -71.02504, -37.53889 ], [ -71.02423, -37.53906 ], [ -71.02356, -37.53968 ], [ -71.01822, -37.54049 ], [ -71.0165, -37.5409 ], [ -71.0155, -37.54155 ], [ -71.01247, -37.54031 ], [ -71.01105, -37.54015 ], [ -71.0099, -37.53983 ], [ -71.00893, -37.53973 ], [ -71.00814, -37.53998 ], [ -71.00788, -37.54046 ], [ -71.00706, -37.54058 ], [ -71.0059, -37.54012 ], [ -71.00466, -37.54014 ], [ -71.00423, -37.54104 ], [ -71.00281, -37.54162 ], [ -71.00157, -37.5432 ], [ -71.00069, -37.54345 ], [ -70.99949, -37.54296 ], [ -70.99782, -37.54194 ], [ -70.99674, -37.54174 ], [ -70.99591, -37.54204 ], [ -70.99573, -37.54257 ], [ -70.99591, -37.54395 ], [ -70.99485, -37.54507 ], [ -70.99318, -37.54558 ], [ -70.99187, -37.54555 ], [ -70.98953, -37.54497 ], [ -70.98861, -37.5459 ], [ -70.98788, -37.54618 ], [ -70.98702, -37.54594 ], [ -70.98681, -37.54507 ], [ -70.98713, -37.54419 ], [ -70.98685, -37.54386 ], [ -70.98408, -37.54415 ], [ -70.98254, -37.54509 ], [ -70.98112, -37.54572 ], [ -70.98028, -37.54538 ], [ -70.97951, -37.5441 ], [ -70.97767, -37.54342 ], [ -70.97752, -37.5418 ], [ -70.97692, -37.54151 ], [ -70.97567, -37.54162 ], [ -70.9743, -37.54138 ], [ -70.97297, -37.54075 ], [ -70.97207, -37.54089 ], [ -70.97149, -37.54131 ], [ -70.97089, -37.54231 ], [ -70.9688, -37.54376 ], [ -70.96539, -37.54395 ], [ -70.9632, -37.54386 ], [ -70.96224, -37.54402 ], [ -70.96039, -37.54493 ], [ -70.95715, -37.5458 ], [ -70.95649, -37.54641 ], [ -70.95507, -37.54647 ], [ -70.95335, -37.54606 ], [ -70.9525, -37.54558 ], [ -70.95164, -37.54555 ], [ -70.95091, -37.54602 ], [ -70.94971, -37.54801 ], [ -70.94915, -37.54817 ], [ -70.94801, -37.54789 ], [ -70.94683, -37.54786 ], [ -70.94606, -37.54817 ], [ -70.94537, -37.54924 ], [ -70.94439, -37.55029 ], [ -70.94357, -37.55058 ], [ -70.94162, -37.55011 ], [ -70.94121, -37.55041 ], [ -70.94104, -37.55077 ], [ -70.94117, -37.5512 ], [ -70.941, -37.55162 ], [ -70.94048, -37.55184 ], [ -70.93778, -37.55137 ], [ -70.9367, -37.55179 ], [ -70.93559, -37.55274 ], [ -70.93404, -37.55371 ], [ -70.93198, -37.55441 ], [ -70.93106, -37.55438 ], [ -70.92917, -37.55387 ], [ -70.92818, -37.55295 ], [ -70.92743, -37.55342 ], [ -70.92464, -37.55317 ], [ -70.92117, -37.55378 ], [ -70.91909, -37.55558 ], [ -70.91718, -37.55509 ], [ -70.91613, -37.55581 ], [ -70.91572, -37.55638 ], [ -70.9151, -37.55667 ], [ -70.91426, -37.55671 ], [ -70.91359, -37.55621 ], [ -70.9131, -37.55616 ], [ -70.91259, -37.5565 ], [ -70.91102, -37.55628 ], [ -70.90973, -37.5563 ], [ -70.90838, -37.55562 ], [ -70.90741, -37.55574 ], [ -70.90297, -37.55786 ], [ -70.90162, -37.5581 ], [ -70.90098, -37.558 ], [ -70.90042, -37.55763 ], [ -70.89971, -37.5579 ], [ -70.89945, -37.55853 ], [ -70.89626, -37.55909 ], [ -70.89405, -37.55997 ], [ -70.89312, -37.56055 ], [ -70.88973, -37.56067 ], [ -70.88864, -37.5614 ], [ -70.88784, -37.56106 ], [ -70.8869, -37.5614 ], [ -70.88596, -37.56217 ], [ -70.88495, -37.56224 ], [ -70.88441, -37.56302 ], [ -70.88398, -37.56406 ], [ -70.88214, -37.56587 ], [ -70.88025, -37.56739 ], [ -70.8796, -37.56849 ], [ -70.87954, -37.56951 ], [ -70.8798, -37.57037 ], [ -70.88059, -37.57101 ], [ -70.88061, -37.57157 ], [ -70.88018, -37.57224 ], [ -70.8792, -37.57242 ], [ -70.8769, -37.57234 ], [ -70.87667, -37.57281 ], [ -70.87694, -37.57368 ], [ -70.87692, -37.57443 ], [ -70.87546, -37.57625 ], [ -70.87415, -37.57701 ], [ -70.87398, -37.57754 ], [ -70.87362, -37.57797 ], [ -70.87055, -37.57879 ], [ -70.87023, -37.57923 ], [ -70.87008, -37.58023 ], [ -70.86948, -37.58093 ], [ -70.86802, -37.58116 ], [ -70.86555, -37.58081 ], [ -70.8636, -37.58013 ], [ -70.86075, -37.58059 ], [ -70.85928, -37.5806 ], [ -70.85697, -37.57906 ], [ -70.85645, -37.57881 ], [ -70.85583, -37.57875 ], [ -70.85259, -37.57858 ], [ -70.85107, -37.57887 ], [ -70.85051, -37.57928 ] ] } },
{ "type": "Feature", "properties": { "nombre": "Río Quepuca", "tipo": "river", "volcan_codigo": "CPA", "volcan_nombre": "Copahue", "drena_volcan": false }, "geometry": { "type": "LineString", "coordinates": [ [ -71.41378, -38.05071 ], [ -71.41398, -38.05144 ], [ -71.41493, -38.05178 ], [ -71.41566, -38.05224 ], [ -71.41695, -38.05219 ], [ -71.41761, -38.05236 ] ] } },
{ "type": "Feature", "properties": { "nombre": "Río Queuco", "tipo": "river", "volcan_codigo": "CPA", "volcan_nombre": "Copahue", "drena_volcan": true }, "geometry": { "type": "MultiLineString", "coordinates": [ [ [ -71.27241, -37.71249 ], [ -71.27336, -37.7113 ], [ -71.27353, -37.71028 ], [ -71.27339, -37.70983 ], [ -71.2737, -37.70907 ], [ -71.274, -37.70879 ], [ -71.27586, -37.70793 ], [ -71.27693, -37.707 ], [ -71.27729, -37.70624 ], [ -71.27801, -37.7058 ], [ -71.28015, -37.70245 ], [ -71.28099, -37.70197 ], [ -71.28166, -37.70133 ], [ -71.28219, -37.70042 ], [ -71.2829, -37.69979 ], [ -71.28408, -37.69938 ], [ -71.28538, -37.69931 ], [ -71.28679, -37.69799 ], [ -71.28915, -37.69669 ], [ -71.29091, -37.69644 ], [ -71.29144, -37.69621 ], [ -71.29357, -37.69444 ], [ -71.29477, -37.69298 ], [ -71.29514, -37.69273 ], [ -71.29595, -37.69254 ], [ -71.29653, -37.69215 ], [ -71.29839, -37.69207 ], [ -71.30075, -37.69136 ], [ -71.30237, -37.69161 ], [ -71.30328, -37.69109 ], [ -71.30631, -37.69091 ], [ -71.30718, -37.69105 ], [ -71.30762, -37.6913 ], [ -71.30841, -37.69234 ], [ -71.30956, -37.6929 ], [ -71.31179, -37.6931 ], [ -71.31244, -37.69367 ], [ -71.31288, -37.69442 ], [ -71.31356, -37.69488 ], [ -71.31472, -37.69506 ], [ -71.31651, -37.69498 ], [ -71.31738, -37.69517 ], [ -71.31782, -37.69553 ], [ -71.31832, -37.69645 ], [ -71.3189, -37.69801 ], [ -71.32036, -37.6985 ], [ -71.32122, -37.69937 ], [ -71.32218, -37.7 ], [ -71.32459, -37.70044 ], [ -71.32622, -37.70105 ], [ -71.32891, -37.70374 ], [ -71.32999, -37.70407 ], [ -71.33159, -37.70489 ], [ -71.33325, -37.70633 ], [ -71.33514, -37.70696 ], [ -71.33627, -37.70786 ], [ -71.33875, -37.70871 ], [ -71.34105, -37.7091 ], [ -71.34321, -37.70983 ], [ -71.34469, -37.71054 ], [ -71.34543, -37.71114 ], [ -71.34584, -37.71226 ], [ -71.34611, -37.7126 ], [ -71.34639, -37.71279 ], [ -71.34849, -37.71306 ], [ -71.35031, -37.71475 ], [ -71.35279, -37.71526 ], [ -71.35523, -37.71516 ], [ -71.35592, -37.71561 ], [ -71.35625, -37.71609 ] ], [ [ -71.35625, -37.71609 ], [ -71.35745, -37.71594 ], [ -71.35918, -37.71644 ], [ -71.36022, -37.7165 ], [ -71.36125, -37.71609 ], [ -71.36297, -37.71503 ], [ -71.36361, -37.71483 ], [ -71.3674, -37.71543 ], [ -71.3699, -37.71546 ], [ -71.37107, -37.71574 ], [ -71.37237, -37.71617 ], [ -71.37378, -37.71732 ], [ -71.37506, -37.7177 ], [ -71.37627, -37.71733 ], [ -71.3767, -37.71685 ], [ -71.37757, -37.71649 ], [ -71.37864, -37.71667 ], [ -71.38273, -37.71666 ], [ -71.38626, -37.71731 ], [ -71.38723, -37.71719 ], [ -71.3883, -37.71678 ], [ -71.39221, -37.71657 ], [ -71.3968, -37.714 ], [ -71.39849, -37.71369 ], [ -71.40122, -37.71401 ], [ -71.40205, -37.71391 ], [ -71.4034, -37.71342 ], [ -71.40608, -37.71288 ], [ -71.40714, -37.71252 ], [ -71.40742, -37.71241 ], [ -71.40795, -37.71172 ], [ -71.40857, -37.71145 ], [ -71.41467, -37.7118 ], [ -71.4166, -37.71121 ], [ -71.41772, -37.71104 ], [ -71.42028, -37.71077 ], [ -71.42204, -37.71087 ], [ -71.42267, -37.71103 ], [ -71.42535, -37.71264 ], [ -71.42583, -37.71279 ], [ -71.42624, -37.71269 ], [ -71.42731, -37.71199 ], [ -71.42873, -37.71152 ], [ -71.43069, -37.71153 ], [ -71.43124, -37.71129 ], [ -71.43243, -37.71037 ], [ -71.43308, -37.71015 ], [ -71.43465, -37.70988 ], [ -71.44046, -37.70836 ], [ -71.4415, -37.7078 ], [ -71.44283, -37.70647 ], [ -71.44461, -37.7062 ], [ -71.44459, -37.70543 ], [ -71.44375, -37.7047 ], [ -71.44302, -37.70312 ], [ -71.44304, -37.70274 ], [ -71.44397, -37.70104 ], [ -71.44451, -37.70049 ], [ -71.4451, -37.70017 ], [ -71.4474, -37.69975 ], [ -71.44832, -37.69926 ], [ -71.45002, -37.69775 ], [ -71.45059, -37.69749 ], [ -71.45209, -37.69759 ], [ -71.45549, -37.69895 ], [ -71.45863, -37.69959 ], [ -71.46507, -37.70001 ], [ -71.46624, -37.70055 ], [ -71.46734, -37.70227 ], [ -71.46888, -37.70292 ], [ -71.47175, -37.70458 ], [ -71.47323, -37.70524 ], [ -71.47526, -37.70587 ], [ -71.48035, -37.70696 ], [ -71.48173, -37.70771 ], [ -71.48232, -37.70826 ], [ -71.48415, -37.71099 ], [ -71.48609, -37.7121 ], [ -71.48676, -37.71269 ], [ -71.48722, -37.71331 ], [ -71.48805, -37.71536 ], [ -71.48872, -37.71639 ], [ -71.48907, -37.71664 ], [ -71.48961, -37.71673 ], [ -71.49265, -37.71646 ], [ -71.49361, -37.71654 ], [ -71.49434, -37.71673 ], [ -71.49514, -37.71717 ], [ -71.49566, -37.71787 ], [ -71.49599, -37.71804 ], [ -71.49988, -37.71853 ], [ -71.50083, -37.71889 ], [ -71.50141, -37.71935 ], [ -71.50211, -37.71953 ], [ -71.50536, -37.71806 ], [ -71.5059, -37.71807 ], [ -71.50718, -37.71859 ], [ -71.50809, -37.71974 ], [ -71.50853, -37.72095 ], [ -71.50866, -37.7218 ], [ -71.50855, -37.72222 ], [ -71.50607, -37.72303 ], [ -71.50542, -37.72361 ], [ -71.50481, -37.72473 ], [ -71.50556, -37.72561 ], [ -71.50633, -37.72606 ], [ -71.50888, -37.72688 ], [ -71.51034, -37.72765 ], [ -71.51096, -37.72867 ], [ -71.51095, -37.72899 ], [ -71.51052, -37.72935 ], [ -71.50747, -37.72932 ], [ -71.50714, -37.72955 ], [ -71.50717, -37.72976 ], [ -71.51022, -37.73391 ], [ -71.5115, -37.73428 ], [ -71.51186, -37.73456 ], [ -71.51208, -37.73492 ], [ -71.51202, -37.73629 ], [ -71.51253, -37.73755 ], [ -71.51407, -37.73886 ], [ -71.51527, -37.7402 ], [ -71.52036, -37.74306 ], [ -71.52134, -37.74396 ], [ -71.52165, -37.74471 ], [ -71.52114, -37.74621 ], [ -71.52147, -37.74697 ], [ -71.5223, -37.74758 ], [ -71.52547, -37.74889 ], [ -71.52829, -37.74928 ], [ -71.52882, -37.74951 ], [ -71.529, -37.75013 ], [ -71.5285, -37.75142 ], [ -71.52773, -37.75488 ], [ -71.52785, -37.75804 ], [ -71.52817, -37.75903 ], [ -71.5308, -37.7627 ], [ -71.5332, -37.76551 ], [ -71.5333, -37.76603 ], [ -71.53295, -37.76634 ] ], [ [ -71.19425, -37.79426 ], [ -71.19479, -37.79397 ], [ -71.1954, -37.79388 ], [ -71.19538, -37.79327 ], [ -71.19606, -37.79318 ], [ -71.1961, -37.79275 ], [ -71.19832, -37.79202 ], [ -71.19862, -37.7915 ], [ -71.19859, -37.79118 ], [ -71.1992, -37.79013 ], [ -71.1997, -37.78975 ], [ -71.20042, -37.78836 ], [ -71.20156, -37.78721 ], [ -71.20227, -37.78727 ], [ -71.2027, -37.78699 ], [ -71.20417, -37.78723 ], [ -71.20571, -37.78653 ], [ -71.20763, -37.78648 ], [ -71.20788, -37.78615 ], [ -71.20884, -37.78578 ], [ -71.20926, -37.78543 ], [ -71.20945, -37.78497 ], [ -71.21013, -37.78462 ], [ -71.21039, -37.78394 ], [ -71.2113, -37.78316 ], [ -71.2113, -37.78221 ], [ -71.21147, -37.78167 ], [ -71.21232, -37.78127 ], [ -71.21321, -37.77944 ], [ -71.21459, -37.77731 ], [ -71.21658, -37.77614 ], [ -71.21676, -37.7759 ], [ -71.21681, -37.77541 ], [ -71.21652, -37.77494 ], [ -71.21679, -37.77418 ], [ -71.21827, -37.77286 ], [ -71.21783, -37.77199 ], [ -71.21807, -37.77077 ], [ -71.21897, -37.7705 ], [ -71.21867, -37.76998 ], [ -71.2188, -37.76943 ], [ -71.21964, -37.7688 ], [ -71.21981, -37.76848 ], [ -71.21977, -37.7679 ], [ -71.22065, -37.76709 ], [ -71.22033, -37.7661 ], [ -71.21955, -37.76526 ], [ -71.21972, -37.7645 ], [ -71.21959, -37.76338 ], [ -71.21979, -37.76282 ], [ -71.21951, -37.76153 ], [ -71.21957, -37.76072 ], [ -71.2194, -37.76046 ], [ -71.21925, -37.75942 ], [ -71.21974, -37.7582 ], [ -71.22062, -37.75689 ], [ -71.22087, -37.75535 ], [ -71.22042, -37.75475 ], [ -71.22031, -37.75421 ], [ -71.22072, -37.75366 ], [ -71.22087, -37.75281 ], [ -71.22161, -37.7519 ], [ -71.22169, -37.7515 ], [ -71.2224, -37.75047 ], [ -71.22236, -37.74995 ], [ -71.22182, -37.74859 ], [ -71.22194, -37.74752 ], [ -71.22252, -37.74631 ], [ -71.22231, -37.74582 ], [ -71.22239, -37.74538 ], [ -71.22288, -37.74512 ], [ -71.2237, -37.74511 ], [ -71.2246, -37.74392 ], [ -71.2243, -37.74234 ], [ -71.2248, -37.7412 ], [ -71.22403, -37.73999 ], [ -71.22341, -37.73764 ], [ -71.22362, -37.73657 ], [ -71.22457, -37.73478 ], [ -71.22443, -37.73322 ], [ -71.22461, -37.7327 ], [ -71.22546, -37.7311 ], [ -71.22629, -37.73004 ], [ -71.22726, -37.72911 ], [ -71.2288, -37.72801 ], [ -71.22998, -37.72768 ], [ -71.23147, -37.72795 ], [ -71.23429, -37.72641 ], [ -71.23563, -37.72654 ], [ -71.23645, -37.72642 ], [ -71.23676, -37.72625 ], [ -71.23726, -37.72554 ], [ -71.23843, -37.72503 ], [ -71.2404, -37.72456 ], [ -71.24146, -37.72363 ], [ -71.24237, -37.72351 ], [ -71.24337, -37.72308 ], [ -71.24404, -37.72247 ], [ -71.24472, -37.72144 ], [ -71.24565, -37.72137 ], [ -71.24769, -37.72075 ], [ -71.24904, -37.72063 ], [ -71.24992, -37.7202 ], [ -71.25126, -37.71911 ], [ -71.25186, -37.71888 ], [ -71.25301, -37.71867 ], [ -71.25478, -37.71886 ], [ -71.25657, -37.71878 ], [ -71.26019, -37.71991 ], [ -71.26154, -37.71963 ], [ -71.26466, -37.71951 ], [ -71.26533, -37.71974 ], [ -71.26574, -37.71962 ], [ -71.26622, -37.71931 ], [ -71.26658, -37.71882 ], [ -71.26901, -37.71779 ], [ -71.27021, -37.71638 ], [ -71.27114, -37.71581 ], [ -71.27141, -37.71436 ], [ -71.27235, -37.71365 ], [ -71.27241, -37.71249 ] ], [ [ -71.53295, -37.76634 ], [ -71.53211, -37.76638 ], [ -71.53163, -37.76661 ], [ -71.53148, -37.76709 ], [ -71.53166, -37.76791 ], [ -71.53283, -37.76951 ], [ -71.53319, -37.77186 ], [ -71.53365, -37.77252 ], [ -71.53391, -37.77328 ], [ -71.536, -37.77639 ], [ -71.53661, -37.77778 ], [ -71.53657, -37.77873 ], [ -71.53526, -37.78 ], [ -71.5352, -37.7806 ], [ -71.53536, -37.78107 ], [ -71.53701, -37.78333 ], [ -71.53741, -37.7846 ], [ -71.53739, -37.78583 ], [ -71.53715, -37.78692 ], [ -71.53626, -37.78909 ], [ -71.5363, -37.79032 ], [ -71.53708, -37.791 ], [ -71.53945, -37.79492 ], [ -71.54217, -37.7973 ], [ -71.54245, -37.79816 ], [ -71.5417, -37.7993 ], [ -71.5415, -37.80001 ], [ -71.54179, -37.80126 ], [ -71.54221, -37.80164 ], [ -71.54345, -37.80224 ], [ -71.54597, -37.80293 ], [ -71.54683, -37.80344 ], [ -71.54859, -37.80657 ], [ -71.54931, -37.80852 ], [ -71.55243, -37.81168 ], [ -71.55419, -37.81381 ], [ -71.55599, -37.81789 ], [ -71.55637, -37.8183 ], [ -71.55783, -37.81887 ], [ -71.5589, -37.81902 ], [ -71.56074, -37.81894 ], [ -71.5638, -37.81953 ], [ -71.56486, -37.81994 ], [ -71.56546, -37.82053 ], [ -71.56591, -37.82127 ], [ -71.56572, -37.82309 ], [ -71.56595, -37.82384 ], [ -71.56528, -37.82802 ], [ -71.56495, -37.82898 ], [ -71.5665, -37.83055 ], [ -71.56689, -37.83073 ], [ -71.5705, -37.83059 ], [ -71.57134, -37.83073 ], [ -71.57336, -37.83167 ], [ -71.57539, -37.83294 ], [ -71.57644, -37.83363 ], [ -71.57762, -37.83478 ], [ -71.57823, -37.83515 ], [ -71.57982, -37.83557 ], [ -71.58214, -37.83571 ], [ -71.58317, -37.83594 ], [ -71.58704, -37.8376 ], [ -71.5897, -37.83905 ], [ -71.59286, -37.83938 ], [ -71.59348, -37.83963 ], [ -71.59379, -37.84039 ], [ -71.59404, -37.84365 ], [ -71.59495, -37.84628 ], [ -71.59524, -37.84676 ], [ -71.5968, -37.8483 ], [ -71.59864, -37.84933 ], [ -71.59878, -37.84958 ], [ -71.5982, -37.85187 ], [ -71.59866, -37.85403 ], [ -71.59841, -37.8551 ], [ -71.59837, -37.85617 ], [ -71.59862, -37.85695 ], [ -71.59934, -37.85742 ], [ -71.60081, -37.85739 ], [ -71.60165, -37.85719 ], [ -71.60298, -37.85735 ], [ -71.60373, -37.85838 ], [ -71.60446, -37.85878 ], [ -71.60509, -37.8588 ], [ -71.60637, -37.85841 ], [ -71.6078, -37.85825 ], [ -71.60832, -37.85838 ], [ -71.60857, -37.85871 ], [ -71.60851, -37.85918 ], [ -71.60754, -37.86069 ], [ -71.60769, -37.86111 ], [ -71.60853, -37.86163 ], [ -71.61025, -37.86169 ], [ -71.61175, -37.86218 ], [ -71.6138, -37.86349 ], [ -71.61487, -37.8647 ], [ -71.61497, -37.86537 ], [ -71.61464, -37.86601 ], [ -71.61327, -37.86711 ], [ -71.61313, -37.86739 ], [ -71.61319, -37.86765 ], [ -71.61381, -37.86811 ], [ -71.61577, -37.86885 ], [ -71.61705, -37.86894 ], [ -71.61822, -37.86872 ], [ -71.61924, -37.86809 ], [ -71.62038, -37.86774 ], [ -71.62196, -37.86791 ], [ -71.62408, -37.86907 ], [ -71.62627, -37.86985 ], [ -71.62708, -37.87145 ], [ -71.62839, -37.87248 ], [ -71.62973, -37.87273 ], [ -71.63025, -37.8726 ], [ -71.63065, -37.87213 ], [ -71.63056, -37.87115 ], [ -71.63101, -37.86973 ], [ -71.63468, -37.86805 ], [ -71.63501, -37.86758 ], [ -71.63512, -37.86709 ], [ -71.63475, -37.86604 ], [ -71.63183, -37.86402 ], [ -71.6308, -37.86231 ], [ -71.62945, -37.86112 ], [ -71.62932, -37.86085 ], [ -71.62944, -37.86064 ], [ -71.63356, -37.85847 ], [ -71.63493, -37.85731 ], [ -71.63627, -37.85691 ], [ -71.63767, -37.85675 ], [ -71.64078, -37.85677 ], [ -71.6416, -37.85667 ], [ -71.64231, -37.85639 ], [ -71.64271, -37.85575 ], [ -71.64266, -37.85508 ], [ -71.64163, -37.85264 ], [ -71.64155, -37.85196 ], [ -71.64235, -37.85119 ], [ -71.64314, -37.8499 ], [ -71.64405, -37.84897 ], [ -71.64647, -37.84796 ], [ -71.64705, -37.84738 ], [ -71.64747, -37.84654 ], [ -71.64886, -37.8447 ], [ -71.65099, -37.84331 ], [ -71.65421, -37.84203 ], [ -71.65549, -37.84177 ], [ -71.65653, -37.84134 ], [ -71.65729, -37.84081 ], [ -71.65789, -37.8401 ], [ -71.65871, -37.83962 ], [ -71.65969, -37.83938 ], [ -71.6607, -37.83939 ], [ -71.66315, -37.83974 ], [ -71.66408, -37.83948 ], [ -71.66448, -37.839 ], [ -71.66451, -37.83729 ], [ -71.66431, -37.83558 ], [ -71.66457, -37.83506 ], [ -71.6656, -37.83469 ], [ -71.66773, -37.8346 ], [ -71.66892, -37.83431 ], [ -71.66987, -37.83392 ], [ -71.67037, -37.83351 ], [ -71.67051, -37.83309 ], [ -71.67013, -37.82985 ], [ -71.67026, -37.82951 ], [ -71.67074, -37.82923 ], [ -71.67156, -37.82912 ], [ -71.67417, -37.8302 ], [ -71.67512, -37.83026 ], [ -71.6776, -37.82839 ] ], [ [ -71.35625, -37.71609 ], [ -71.35691, -37.71663 ], [ -71.35819, -37.71617 ] ] ] } },
{ "type": "Feature", "properties": { "nombre": "Río Quillaicahue", "tipo": "river", "volcan_codigo": "CPA", "volcan_nombre": "Copahue", "drena_volcan": false }, "geometry": { "type": "MultiLineString", "coordinates": [ [ [ -71.33126, -37.95988 ], [ -71.33178, -37.96065 ] ], [ [ -71.37456, -37.93249 ], [ -71.37343, -37.93294 ], [ -71.37297, -37.93363 ], [ -71.3722, -37.93367 ], [ -71.37153, -37.93408 ], [ -71.37044, -37.93433 ], [ -71.37016, -37.93511 ], [ -71.36945, -37.93549 ], [ -71.36741, -37.93575 ], [ -71.36702, -37.93605 ], [ -71.36646, -37.93687 ], [ -71.36572, -37.93745 ], [ -71.36418, -37.93805 ], [ -71.36351, -37.93799 ], [ -71.36334, -37.93828 ], [ -71.36287, -37.93847 ], [ -71.36287, -37.93877 ], [ -71.36271, -37.93889 ], [ -71.3618, -37.93901 ], [ -71.36105, -37.9387 ], [ -71.36041, -37.93947 ], [ -71.35932, -37.93988 ], [ -71.35826, -37.93967 ], [ -71.35785, -37.94001 ], [ -71.35718, -37.94026 ], [ -71.35679, -37.94068 ], [ -71.35563, -37.94073 ], [ -71.35457, -37.94129 ], [ -71.3527, -37.94129 ], [ -71.35242, -37.94161 ], [ -71.35202, -37.94173 ], [ -71.35116, -37.94153 ] ], [ [ -71.35116, -37.94153 ], [ -71.35072, -37.9416 ], [ -71.3505, -37.94182 ] ], [ [ -71.3505, -37.94182 ], [ -71.35002, -37.94202 ], [ -71.34911, -37.94275 ], [ -71.34879, -37.94329 ], [ -71.34831, -37.94344 ], [ -71.34768, -37.94432 ], [ -71.34617, -37.94479 ], [ -71.34582, -37.94463 ], [ -71.3453, -37.94467 ], [ -71.34456, -37.94505 ], [ -71.34439, -37.94548 ], [ -71.34477, -37.94662 ], [ -71.34438, -37.94728 ], [ -71.34389, -37.94767 ], [ -71.34374, -37.94831 ], [ -71.34266, -37.9486 ], [ -71.34226, -37.94906 ], [ -71.34167, -37.94938 ], [ -71.34122, -37.95004 ], [ -71.34047, -37.95071 ], [ -71.33966, -37.95247 ], [ -71.33804, -37.95336 ], [ -71.33762, -37.95418 ], [ -71.33713, -37.95454 ], [ -71.33701, -37.95517 ], [ -71.33626, -37.95525 ], [ -71.33611, -37.95586 ], [ -71.33562, -37.95587 ], [ -71.33524, -37.95636 ], [ -71.33466, -37.95624 ], [ -71.33441, -37.95655 ], [ -71.33383, -37.95683 ], [ -71.33289, -37.95674 ], [ -71.33279, -37.95698 ], [ -71.33202, -37.95746 ], [ -71.33189, -37.95797 ], [ -71.33138, -37.95834 ], [ -71.33126, -37.95988 ] ], [ [ -71.33126, -37.95988 ], [ -71.33125, -37.96033 ], [ -71.3314, -37.96051 ], [ -71.33206, -37.96079 ], [ -71.33258, -37.96129 ], [ -71.33222, -37.96216 ], [ -71.33268, -37.96342 ], [ -71.33212, -37.96435 ], [ -71.3322, -37.96533 ], [ -71.33173, -37.96624 ], [ -71.3317, -37.96684 ], [ -71.33074, -37.96759 ], [ -71.3302, -37.96782 ], [ -71.32958, -37.96852 ], [ -71.32964, -37.96929 ], [ -71.32882, -37.97073 ], [ -71.32874, -37.97142 ], [ -71.32892, -37.97168 ], [ -71.32852, -37.97195 ], [ -71.32707, -37.97444 ], [ -71.32744, -37.97503 ], [ -71.32684, -37.97564 ], [ -71.32706, -37.97595 ], [ -71.32664, -37.97636 ], [ -71.32669, -37.97692 ], [ -71.3257, -37.97743 ], [ -71.32551, -37.97803 ], [ -71.32501, -37.97847 ], [ -71.32469, -37.97855 ], [ -71.32468, -37.97919 ], [ -71.32333, -37.97988 ], [ -71.3219, -37.98184 ], [ -71.32118, -37.9823 ], [ -71.32018, -37.98253 ], [ -71.31981, -37.98314 ], [ -71.31845, -37.98449 ], [ -71.31608, -37.98581 ], [ -71.31497, -37.98587 ], [ -71.31441, -37.98609 ] ], [ [ -71.35116, -37.94153 ], [ -71.3505, -37.94182 ] ] ] } },
{ "type": "Feature", "properties": { "nombre": "Río Rahue", "tipo": "river", "volcan_codigo": "CPA", "volcan_nombre": "Copahue", "drena_volcan": false }, "geometry": { "type": "MultiLineString", "coordinates": [ [ [ -71.12337, -38.27555 ], [ -71.12356, -38.27586 ], [ -71.12505, -38.2761 ], [ -71.12512, -38.2763 ], [ -71.12444, -38.27687 ], [ -71.12436, -38.27716 ], [ -71.12462, -38.27767 ], [ -71.12493, -38.27776 ], [ -71.12545, -38.27839 ], [ -71.12548, -38.27897 ], [ -71.126, -38.27945 ], [ -71.1259, -38.27968 ], [ -71.1251, -38.28027 ], [ -71.1254, -38.28083 ], [ -71.12523, -38.28144 ], [ -71.12448, -38.28255 ], [ -71.12477, -38.28352 ], [ -71.12677, -38.28297 ], [ -71.12854, -38.28272 ], [ -71.12929, -38.28306 ], [ -71.13038, -38.28405 ], [ -71.13125, -38.28438 ], [ -71.13304, -38.28464 ], [ -71.13409, -38.28505 ], [ -71.13524, -38.28476 ], [ -71.13594, -38.28487 ], [ -71.13668, -38.28598 ], [ -71.13739, -38.28667 ], [ -71.13908, -38.28701 ], [ -71.13944, -38.2873 ], [ -71.13907, -38.28824 ], [ -71.13934, -38.29006 ], [ -71.13969, -38.29101 ], [ -71.14097, -38.29283 ], [ -71.14056, -38.29334 ], [ -71.14027, -38.29418 ], [ -71.14052, -38.29576 ], [ -71.14038, -38.29698 ], [ -71.14083, -38.29837 ], [ -71.14106, -38.29881 ], [ -71.14145, -38.299 ], [ -71.14313, -38.29918 ], [ -71.14358, -38.29965 ], [ -71.1438, -38.30077 ], [ -71.14414, -38.30125 ], [ -71.1446, -38.30174 ], [ -71.14632, -38.30276 ], [ -71.14653, -38.30335 ], [ -71.14638, -38.30435 ], [ -71.14649, -38.30471 ], [ -71.14728, -38.30559 ], [ -71.14737, -38.30659 ], [ -71.14803, -38.30765 ], [ -71.1481, -38.30804 ], [ -71.14739, -38.30875 ], [ -71.14738, -38.30911 ], [ -71.1456, -38.30996 ], [ -71.14541, -38.31058 ], [ -71.14577, -38.31164 ], [ -71.14622, -38.31254 ], [ -71.14857, -38.31541 ], [ -71.14844, -38.3165 ], [ -71.14969, -38.31782 ], [ -71.15237, -38.31835 ], [ -71.15273, -38.31874 ], [ -71.15217, -38.32127 ], [ -71.15128, -38.32193 ], [ -71.15012, -38.32245 ], [ -71.14915, -38.32267 ], [ -71.14837, -38.32338 ], [ -71.14664, -38.32446 ], [ -71.14638, -38.32502 ], [ -71.14641, -38.32546 ], [ -71.14686, -38.32656 ], [ -71.14788, -38.3272 ], [ -71.14817, -38.32761 ], [ -71.14884, -38.32928 ], [ -71.15075, -38.32985 ], [ -71.15097, -38.33024 ], [ -71.15099, -38.33072 ], [ -71.15144, -38.33109 ], [ -71.15272, -38.33159 ], [ -71.15562, -38.33327 ], [ -71.15713, -38.33391 ], [ -71.15874, -38.33483 ], [ -71.15904, -38.33556 ], [ -71.15872, -38.33602 ], [ -71.15816, -38.33633 ], [ -71.15798, -38.33675 ], [ -71.15815, -38.33723 ], [ -71.15841, -38.33772 ], [ -71.16041, -38.33838 ], [ -71.16056, -38.33871 ], [ -71.1605, -38.33906 ], [ -71.15922, -38.34029 ], [ -71.15875, -38.34115 ], [ -71.15903, -38.34205 ], [ -71.15989, -38.34322 ], [ -71.15993, -38.34373 ], [ -71.15887, -38.34521 ], [ -71.15721, -38.34656 ], [ -71.15702, -38.34731 ], [ -71.1572, -38.34882 ], [ -71.15835, -38.35069 ], [ -71.1594, -38.35153 ], [ -71.16066, -38.35302 ], [ -71.16241, -38.35418 ], [ -71.16534, -38.35489 ], [ -71.16606, -38.35523 ], [ -71.16632, -38.35558 ], [ -71.16638, -38.35587 ], [ -71.16606, -38.35659 ], [ -71.16509, -38.35749 ], [ -71.16491, -38.35811 ], [ -71.16532, -38.35957 ], [ -71.16669, -38.36114 ], [ -71.16692, -38.36233 ], [ -71.16634, -38.36482 ], [ -71.1666, -38.3665 ], [ -71.1651, -38.3692 ], [ -71.16526, -38.36987 ], [ -71.16639, -38.37082 ], [ -71.16655, -38.37136 ], [ -71.16559, -38.37356 ], [ -71.16561, -38.37433 ], [ -71.16598, -38.37487 ], [ -71.16657, -38.37507 ], [ -71.16701, -38.37487 ], [ -71.1679, -38.37491 ], [ -71.16866, -38.37524 ], [ -71.16908, -38.37563 ], [ -71.16938, -38.37604 ], [ -71.16951, -38.37687 ], [ -71.17087, -38.37895 ], [ -71.17261, -38.38034 ], [ -71.17195, -38.38148 ], [ -71.17193, -38.38173 ], [ -71.17217, -38.38211 ], [ -71.17285, -38.38246 ], [ -71.17377, -38.38239 ], [ -71.17643, -38.38299 ], [ -71.17857, -38.38403 ], [ -71.18112, -38.38431 ], [ -71.18165, -38.38453 ], [ -71.18198, -38.38494 ], [ -71.18196, -38.38525 ], [ -71.18174, -38.38567 ], [ -71.18088, -38.38649 ], [ -71.18084, -38.3872 ], [ -71.18188, -38.38848 ], [ -71.18248, -38.39 ], [ -71.18451, -38.39054 ], [ -71.18519, -38.39107 ], [ -71.18534, -38.39167 ], [ -71.18495, -38.39282 ], [ -71.18558, -38.39363 ], [ -71.18785, -38.39507 ], [ -71.19011, -38.39597 ], [ -71.19305, -38.39793 ], [ -71.19545, -38.39913 ], [ -71.19604, -38.3996 ], [ -71.19702, -38.40077 ], [ -71.20002, -38.4016 ], [ -71.20098, -38.40209 ], [ -71.20138, -38.40276 ], [ -71.20186, -38.40429 ], [ -71.20252, -38.40496 ], [ -71.20586, -38.40531 ], [ -71.20707, -38.4061 ], [ -71.20737, -38.40678 ], [ -71.20762, -38.40939 ], [ -71.20819, -38.40986 ], [ -71.20904, -38.40996 ], [ -71.21088, -38.40954 ], [ -71.21248, -38.4099 ], [ -71.21425, -38.41001 ], [ -71.21501, -38.40964 ], [ -71.21617, -38.40851 ], [ -71.21667, -38.40824 ], [ -71.21724, -38.40818 ], [ -71.2184, -38.40854 ], [ -71.2192, -38.40852 ], [ -71.22113, -38.40748 ], [ -71.22568, -38.40691 ], [ -71.22744, -38.40726 ], [ -71.22877, -38.40857 ], [ -71.2301, -38.40899 ], [ -71.23114, -38.40879 ], [ -71.23358, -38.40743 ], [ -71.23686, -38.40515 ], [ -71.23701, -38.40401 ], [ -71.2367, -38.40123 ], [ -71.23705, -38.40024 ], [ -71.23747, -38.39994 ], [ -71.23926, -38.39936 ], [ -71.24042, -38.39829 ], [ -71.24249, -38.39741 ] ], [ [ -71.02457, -38.27977 ], [ -71.02462, -38.2799 ], [ -71.0249, -38.27985 ], [ -71.02467, -38.28012 ], [ -71.02473, -38.28026 ], [ -71.0252, -38.28031 ], [ -71.02541, -38.28072 ], [ -71.02582, -38.28091 ], [ -71.0262, -38.28136 ], [ -71.02622, -38.28172 ], [ -71.02655, -38.2817 ], [ -71.0267, -38.28187 ], [ -71.02705, -38.28288 ], [ -71.02775, -38.28379 ], [ -71.02759, -38.28441 ], [ -71.02831, -38.28496 ], [ -71.02809, -38.28532 ], [ -71.02818, -38.28567 ], [ -71.02892, -38.28594 ], [ -71.02866, -38.28659 ], [ -71.02935, -38.28701 ], [ -71.02935, -38.2872 ], [ -71.02916, -38.28728 ], [ -71.02973, -38.28832 ], [ -71.02968, -38.28879 ], [ -71.02995, -38.28909 ], [ -71.0293, -38.28986 ], [ -71.02965, -38.29055 ], [ -71.03047, -38.29095 ], [ -71.0304, -38.29169 ], [ -71.03135, -38.2918 ], [ -71.0318, -38.29244 ], [ -71.03151, -38.29301 ], [ -71.03227, -38.29337 ], [ -71.03234, -38.29356 ], [ -71.0322, -38.29378 ], [ -71.03178, -38.29387 ], [ -71.03153, -38.29414 ], [ -71.03162, -38.29457 ], [ -71.03225, -38.29462 ], [ -71.0324, -38.29496 ], [ -71.03228, -38.29565 ], [ -71.03242, -38.29572 ], [ -71.0324, -38.29618 ], [ -71.03267, -38.29644 ], [ -71.0328, -38.29718 ], [ -71.03361, -38.29749 ], [ -71.03373, -38.2979 ], [ -71.03322, -38.29824 ], [ -71.0334, -38.29871 ], [ -71.03398, -38.2993 ], [ -71.03385, -38.29963 ], [ -71.03426, -38.29989 ], [ -71.03451, -38.30069 ], [ -71.03485, -38.30112 ], [ -71.03443, -38.30245 ], [ -71.03499, -38.30242 ], [ -71.03562, -38.30346 ], [ -71.03574, -38.30423 ], [ -71.03556, -38.30474 ], [ -71.03569, -38.30495 ], [ -71.03586, -38.30489 ], [ -71.03628, -38.3051 ], [ -71.03634, -38.3058 ], [ -71.03667, -38.30571 ], [ -71.03644, -38.30651 ], [ -71.03768, -38.30706 ], [ -71.038, -38.30754 ], [ -71.03805, -38.30801 ], [ -71.0387, -38.30842 ], [ -71.03842, -38.30874 ], [ -71.03891, -38.30922 ], [ -71.03961, -38.30911 ], [ -71.03994, -38.30961 ], [ -71.04158, -38.30945 ], [ -71.04172, -38.30956 ], [ -71.04158, -38.31015 ], [ -71.04172, -38.31047 ], [ -71.04207, -38.31062 ], [ -71.04293, -38.31049 ], [ -71.04323, -38.31107 ], [ -71.04351, -38.31119 ], [ -71.04453, -38.31115 ], [ -71.04453, -38.31147 ], [ -71.04527, -38.31181 ], [ -71.04618, -38.31163 ], [ -71.04714, -38.31209 ], [ -71.04759, -38.31193 ], [ -71.04822, -38.312 ], [ -71.04856, -38.31241 ], [ -71.04918, -38.3124 ], [ -71.04948, -38.3128 ], [ -71.05017, -38.31296 ], [ -71.0502, -38.31317 ], [ -71.05065, -38.31356 ], [ -71.05234, -38.31347 ], [ -71.05346, -38.314 ], [ -71.05506, -38.31436 ], [ -71.05561, -38.31398 ], [ -71.05637, -38.31396 ], [ -71.05659, -38.31369 ], [ -71.05729, -38.31396 ], [ -71.05789, -38.31383 ], [ -71.05829, -38.31438 ], [ -71.05984, -38.31421 ], [ -71.06005, -38.31473 ], [ -71.06077, -38.3148 ], [ -71.06177, -38.31553 ], [ -71.06298, -38.31547 ], [ -71.06315, -38.31579 ], [ -71.06335, -38.31585 ], [ -71.06366, -38.31694 ], [ -71.06443, -38.3169 ], [ -71.06506, -38.31657 ], [ -71.06546, -38.31658 ], [ -71.06565, -38.31717 ], [ -71.06506, -38.31757 ], [ -71.06499, -38.31797 ], [ -71.06561, -38.31838 ], [ -71.06675, -38.31827 ], [ -71.06727, -38.31838 ], [ -71.06712, -38.31896 ], [ -71.06817, -38.31962 ], [ -71.06913, -38.31997 ], [ -71.0689, -38.32065 ], [ -71.06902, -38.32175 ], [ -71.06925, -38.32193 ], [ -71.06964, -38.32175 ], [ -71.07079, -38.32232 ], [ -71.07089, -38.32266 ], [ -71.07038, -38.32315 ], [ -71.07056, -38.3237 ], [ -71.07114, -38.32425 ], [ -71.07115, -38.32451 ], [ -71.07072, -38.3251 ], [ -71.07152, -38.32611 ], [ -71.07375, -38.32683 ], [ -71.0742, -38.32741 ], [ -71.07514, -38.32735 ], [ -71.07584, -38.32873 ], [ -71.07629, -38.32897 ], [ -71.07708, -38.32894 ], [ -71.07758, -38.32913 ], [ -71.07885, -38.33016 ], [ -71.07997, -38.33085 ], [ -71.08046, -38.33095 ], [ -71.08057, -38.33149 ], [ -71.08093, -38.332 ], [ -71.0821, -38.33287 ], [ -71.08315, -38.33315 ], [ -71.08435, -38.33441 ], [ -71.08546, -38.33459 ], [ -71.08602, -38.33501 ], [ -71.08721, -38.33521 ], [ -71.08848, -38.33606 ], [ -71.08895, -38.3367 ], [ -71.0896, -38.33719 ], [ -71.09318, -38.338 ], [ -71.09353, -38.33842 ], [ -71.09604, -38.33893 ], [ -71.09802, -38.33903 ], [ -71.09933, -38.33876 ], [ -71.10053, -38.33894 ], [ -71.1015, -38.33862 ], [ -71.102, -38.33895 ], [ -71.10406, -38.33923 ], [ -71.10554, -38.33925 ], [ -71.10606, -38.33885 ], [ -71.10668, -38.33914 ], [ -71.10902, -38.33931 ], [ -71.1093, -38.33943 ], [ -71.10977, -38.34022 ], [ -71.11367, -38.34162 ], [ -71.11399, -38.34165 ], [ -71.11477, -38.34117 ], [ -71.11518, -38.3411 ], [ -71.1161, -38.34157 ], [ -71.11711, -38.34173 ], [ -71.11746, -38.34149 ], [ -71.11834, -38.34128 ], [ -71.11981, -38.34136 ], [ -71.12055, -38.34105 ], [ -71.12102, -38.34104 ], [ -71.12194, -38.34148 ], [ -71.12336, -38.34171 ], [ -71.12449, -38.34137 ], [ -71.12542, -38.34184 ], [ -71.12607, -38.34155 ], [ -71.12716, -38.34146 ], [ -71.12799, -38.34104 ], [ -71.12932, -38.34148 ], [ -71.13105, -38.34164 ], [ -71.13276, -38.34261 ], [ -71.13333, -38.34312 ], [ -71.13394, -38.34328 ], [ -71.13443, -38.34316 ], [ -71.13466, -38.3428 ], [ -71.13557, -38.34227 ], [ -71.13698, -38.34291 ], [ -71.13909, -38.34303 ], [ -71.14142, -38.34352 ], [ -71.14348, -38.34513 ], [ -71.14466, -38.34548 ], [ -71.14604, -38.34646 ], [ -71.14678, -38.34726 ], [ -71.1474, -38.34723 ], [ -71.14882, -38.34776 ], [ -71.14944, -38.34821 ], [ -71.15014, -38.34833 ], [ -71.15183, -38.3478 ], [ -71.15245, -38.34778 ], [ -71.15314, -38.34835 ], [ -71.15392, -38.34854 ], [ -71.15592, -38.3485 ], [ -71.1567, -38.34869 ], [ -71.15726, -38.34903 ] ] ] } },
{ "type": "Feature", "properties": { "nombre": "Río Ralco", "tipo": "river", "volcan_codigo": "CPA", "volcan_nombre": "Copahue", "drena_volcan": true }, "geometry": { "type": "MultiLineString", "coordinates": [ [ [ -71.34342, -37.88182 ], [ -71.34296, -37.88259 ], [ -71.34342, -37.88272 ], [ -71.34376, -37.88304 ], [ -71.34374, -37.88428 ], [ -71.34332, -37.88497 ], [ -71.34401, -37.88557 ], [ -71.34403, -37.88604 ], [ -71.34381, -37.88619 ], [ -71.34362, -37.88572 ], [ -71.34306, -37.88613 ], [ -71.34372, -37.88746 ], [ -71.34306, -37.88938 ], [ -71.34328, -37.88964 ], [ -71.34379, -37.8892 ], [ -71.34418, -37.88916 ], [ -71.34428, -37.88986 ], [ -71.34311, -37.89147 ], [ -71.34334, -37.89191 ], [ -71.34309, -37.89281 ], [ -71.34322, -37.89417 ], [ -71.34308, -37.89435 ], [ -71.34246, -37.89439 ], [ -71.34271, -37.89622 ], [ -71.34226, -37.89664 ], [ -71.34225, -37.89694 ], [ -71.34179, -37.89768 ], [ -71.34146, -37.89781 ], [ -71.34088, -37.89796 ], [ -71.34035, -37.89777 ], [ -71.33966, -37.89782 ], [ -71.33885, -37.89759 ], [ -71.33827, -37.8972 ], [ -71.33683, -37.898 ], [ -71.33649, -37.89836 ], [ -71.33655, -37.89905 ], [ -71.33587, -37.90046 ], [ -71.3354, -37.90208 ], [ -71.33542, -37.90277 ], [ -71.33522, -37.90343 ], [ -71.33486, -37.904 ], [ -71.3339, -37.90495 ], [ -71.33332, -37.90629 ], [ -71.33285, -37.9067 ], [ -71.3328, -37.90704 ], [ -71.33316, -37.90741 ], [ -71.33319, -37.90778 ], [ -71.33288, -37.90854 ], [ -71.33319, -37.90898 ], [ -71.33384, -37.90894 ], [ -71.33411, -37.90923 ], [ -71.33448, -37.91039 ], [ -71.33439, -37.91164 ], [ -71.33468, -37.91251 ], [ -71.33457, -37.91292 ], [ -71.33383, -37.91379 ], [ -71.33384, -37.91463 ], [ -71.33365, -37.915 ], [ -71.33271, -37.91596 ], [ -71.3327, -37.91633 ], [ -71.3332, -37.91758 ], [ -71.33286, -37.91833 ], [ -71.332, -37.91929 ], [ -71.3319, -37.92065 ], [ -71.33161, -37.92138 ], [ -71.33182, -37.92314 ], [ -71.33312, -37.92386 ], [ -71.33352, -37.92447 ], [ -71.33342, -37.92474 ], [ -71.33257, -37.92519 ], [ -71.33215, -37.92584 ], [ -71.33234, -37.92689 ], [ -71.33297, -37.92706 ], [ -71.33333, -37.92762 ], [ -71.33351, -37.92834 ], [ -71.33372, -37.92846 ], [ -71.33435, -37.9284 ], [ -71.33487, -37.92754 ], [ -71.33537, -37.92736 ], [ -71.33577, -37.9274 ], [ -71.33626, -37.92788 ], [ -71.33782, -37.92838 ], [ -71.33755, -37.92874 ], [ -71.33758, -37.92908 ], [ -71.33779, -37.92979 ], [ -71.33847, -37.9309 ], [ -71.33798, -37.93121 ], [ -71.33675, -37.93154 ], [ -71.33654, -37.93243 ], [ -71.33668, -37.93283 ], [ -71.33739, -37.93342 ], [ -71.33728, -37.93396 ], [ -71.33782, -37.93429 ], [ -71.33798, -37.93503 ], [ -71.33679, -37.9363 ], [ -71.33724, -37.93677 ], [ -71.338, -37.93702 ], [ -71.33835, -37.93747 ], [ -71.33841, -37.93895 ], [ -71.33818, -37.93927 ], [ -71.33859, -37.93969 ], [ -71.33875, -37.94046 ], [ -71.33855, -37.94082 ], [ -71.33768, -37.94145 ], [ -71.33678, -37.9414 ], [ -71.33555, -37.94244 ], [ -71.33441, -37.94306 ], [ -71.33335, -37.94418 ], [ -71.33219, -37.94447 ], [ -71.332, -37.94468 ], [ -71.33206, -37.94507 ], [ -71.3311, -37.94622 ], [ -71.33023, -37.9467 ], [ -71.32979, -37.94657 ], [ -71.32959, -37.94671 ], [ -71.32985, -37.94746 ], [ -71.32982, -37.94789 ], [ -71.32881, -37.95048 ] ], [ [ -71.32881, -37.95048 ], [ -71.32844, -37.95165 ], [ -71.32868, -37.95193 ], [ -71.32865, -37.95224 ], [ -71.32801, -37.95323 ], [ -71.32824, -37.95348 ], [ -71.32815, -37.95462 ], [ -71.32886, -37.95628 ], [ -71.32903, -37.95778 ], [ -71.32847, -37.95854 ], [ -71.32799, -37.95886 ], [ -71.3267, -37.95917 ], [ -71.32608, -37.95894 ], [ -71.32526, -37.95938 ], [ -71.32313, -37.95955 ], [ -71.32266, -37.9604 ], [ -71.32164, -37.96121 ], [ -71.32107, -37.9621 ], [ -71.32028, -37.96238 ], [ -71.31911, -37.96246 ], [ -71.31822, -37.96344 ], [ -71.31795, -37.96491 ] ], [ [ -71.31795, -37.96491 ], [ -71.31736, -37.96524 ], [ -71.3172, -37.96587 ], [ -71.31609, -37.96674 ], [ -71.31595, -37.96744 ], [ -71.31518, -37.96827 ], [ -71.3142, -37.96982 ], [ -71.31399, -37.97067 ], [ -71.31398, -37.97193 ], [ -71.31371, -37.97263 ], [ -71.31292, -37.97352 ], [ -71.31326, -37.97447 ], [ -71.31265, -37.9773 ], [ -71.31314, -37.97917 ], [ -71.31322, -37.98038 ], [ -71.31265, -37.98103 ], [ -71.3121, -37.98218 ], [ -71.31212, -37.98364 ], [ -71.3126, -37.98498 ], [ -71.3136, -37.98583 ], [ -71.31447, -37.98616 ], [ -71.31477, -37.98779 ], [ -71.31435, -37.98966 ], [ -71.31038, -37.99298 ], [ -71.30995, -37.99373 ], [ -71.30966, -37.99548 ], [ -71.30983, -37.99654 ], [ -71.31094, -37.99699 ], [ -71.31216, -37.99867 ], [ -71.31168, -37.99946 ], [ -71.31149, -38.00042 ], [ -71.31126, -38.00079 ], [ -71.30999, -38.00187 ], [ -71.30969, -38.00319 ], [ -71.30935, -38.00392 ], [ -71.30919, -38.00587 ], [ -71.30882, -38.00728 ], [ -71.30916, -38.00904 ], [ -71.30915, -38.01058 ], [ -71.30963, -38.01174 ], [ -71.31002, -38.01207 ], [ -71.31213, -38.01249 ], [ -71.31168, -38.01327 ], [ -71.31156, -38.01385 ], [ -71.31165, -38.01461 ], [ -71.31205, -38.01569 ], [ -71.31256, -38.01622 ], [ -71.31383, -38.017 ], [ -71.31487, -38.01797 ], [ -71.31642, -38.01861 ], [ -71.31653, -38.01979 ], [ -71.31722, -38.0208 ], [ -71.31754, -38.02181 ], [ -71.319, -38.02271 ], [ -71.3192, -38.02336 ], [ -71.31985, -38.02393 ], [ -71.32003, -38.02441 ], [ -71.32105, -38.02574 ], [ -71.32156, -38.02606 ], [ -71.32347, -38.02661 ], [ -71.32513, -38.02749 ], [ -71.325, -38.02788 ], [ -71.3237, -38.02928 ], [ -71.32346, -38.03007 ], [ -71.32383, -38.03065 ], [ -71.32525, -38.03136 ], [ -71.32528, -38.03229 ], [ -71.32598, -38.0329 ], [ -71.32677, -38.03398 ], [ -71.32671, -38.03564 ], [ -71.32656, -38.0361 ], [ -71.32625, -38.03643 ], [ -71.32561, -38.03666 ], [ -71.3235, -38.03697 ], [ -71.32316, -38.03723 ], [ -71.32313, -38.03766 ], [ -71.32352, -38.03875 ], [ -71.32436, -38.0397 ], [ -71.3248, -38.04047 ], [ -71.32556, -38.04283 ], [ -71.32617, -38.04333 ], [ -71.32665, -38.04426 ], [ -71.32738, -38.04486 ], [ -71.32786, -38.04586 ], [ -71.32942, -38.04722 ], [ -71.32941, -38.04749 ], [ -71.32909, -38.04788 ], [ -71.32916, -38.049 ], [ -71.32771, -38.05033 ] ], [ [ -71.32862, -37.9523 ], [ -71.32898, -37.95254 ], [ -71.32902, -37.95297 ], [ -71.32824, -37.95396 ] ], [ [ -71.3288, -37.95047 ], [ -71.32881, -37.95048 ] ], [ [ -71.32881, -37.95048 ], [ -71.32922, -37.95072 ], [ -71.32897, -37.95098 ], [ -71.3287, -37.952 ] ], [ [ -71.31795, -37.96491 ], [ -71.31792, -37.96514 ], [ -71.31815, -37.96544 ], [ -71.31788, -37.96586 ], [ -71.3164, -37.96726 ], [ -71.31585, -37.96755 ] ] ] } },
{ "type": "Feature", "properties": { "nombre": "Río Ránquil", "tipo": "river", "volcan_codigo": "CPA", "volcan_nombre": "Copahue", "drena_volcan": false }, "geometry": { "type": "LineString", "coordinates": [ [ -71.09598, -38.13974 ], [ -71.09587, -38.14036 ], [ -71.09678, -38.14103 ], [ -71.09738, -38.14186 ], [ -71.09866, -38.14273 ], [ -71.09797, -38.14494 ], [ -71.0986, -38.14712 ], [ -71.09842, -38.14801 ], [ -71.09888, -38.14829 ], [ -71.09994, -38.14838 ], [ -71.09995, -38.14881 ], [ -71.09967, -38.14917 ], [ -71.0997, -38.1496 ], [ -71.09987, -38.14999 ], [ -71.10048, -38.15043 ], [ -71.10065, -38.15086 ], [ -71.10067, -38.15166 ], [ -71.10085, -38.15193 ], [ -71.10053, -38.15244 ], [ -71.10081, -38.15296 ], [ -71.10157, -38.15349 ], [ -71.10165, -38.15381 ], [ -71.10133, -38.15436 ], [ -71.10163, -38.1551 ], [ -71.10215, -38.15541 ], [ -71.10229, -38.1563 ], [ -71.10264, -38.15651 ], [ -71.10311, -38.15645 ], [ -71.1039, -38.15667 ], [ -71.1044, -38.15748 ], [ -71.10504, -38.15807 ], [ -71.10527, -38.15861 ], [ -71.1063, -38.15901 ], [ -71.10646, -38.15991 ], [ -71.10672, -38.16018 ], [ -71.10681, -38.1606 ], [ -71.10814, -38.16127 ], [ -71.10793, -38.16207 ], [ -71.11024, -38.16331 ], [ -71.11051, -38.16447 ], [ -71.11143, -38.16492 ], [ -71.11238, -38.16569 ], [ -71.11261, -38.16609 ], [ -71.11419, -38.16628 ], [ -71.11504, -38.1672 ], [ -71.11492, -38.16771 ], [ -71.11502, -38.16822 ], [ -71.11602, -38.16913 ], [ -71.11647, -38.17007 ], [ -71.11815, -38.1711 ], [ -71.11887, -38.17258 ], [ -71.12048, -38.17281 ], [ -71.1206, -38.17319 ], [ -71.12215, -38.17405 ], [ -71.12277, -38.17513 ], [ -71.12325, -38.17536 ], [ -71.1251, -38.17538 ], [ -71.12577, -38.17525 ], [ -71.1268, -38.17603 ], [ -71.12803, -38.17616 ], [ -71.12903, -38.17646 ], [ -71.13002, -38.1775 ], [ -71.13189, -38.17769 ], [ -71.13367, -38.17933 ], [ -71.1338, -38.17975 ], [ -71.1337, -38.18018 ], [ -71.13401, -38.18053 ], [ -71.1359, -38.18139 ], [ -71.13603, -38.18222 ], [ -71.13632, -38.18276 ], [ -71.13777, -38.18392 ], [ -71.13852, -38.18401 ], [ -71.13932, -38.18352 ], [ -71.13996, -38.18338 ], [ -71.14057, -38.18361 ], [ -71.141, -38.18449 ], [ -71.14137, -38.18475 ], [ -71.14269, -38.18478 ], [ -71.14298, -38.185 ], [ -71.14429, -38.18672 ], [ -71.14547, -38.18705 ], [ -71.14691, -38.18848 ], [ -71.1474, -38.18921 ], [ -71.14919, -38.18972 ], [ -71.15003, -38.19122 ], [ -71.15072, -38.19159 ], [ -71.15164, -38.19351 ], [ -71.15338, -38.19506 ], [ -71.15403, -38.19542 ], [ -71.15508, -38.19554 ], [ -71.15744, -38.19672 ], [ -71.15812, -38.1973 ], [ -71.15953, -38.19951 ], [ -71.16091, -38.20062 ], [ -71.16154, -38.20079 ], [ -71.16256, -38.20196 ], [ -71.16368, -38.20368 ], [ -71.16425, -38.20406 ], [ -71.16596, -38.20433 ], [ -71.16643, -38.20464 ], [ -71.16716, -38.2048 ], [ -71.1693, -38.20485 ], [ -71.17036, -38.20465 ], [ -71.17121, -38.20537 ], [ -71.17225, -38.20558 ], [ -71.17311, -38.20607 ], [ -71.17389, -38.20776 ], [ -71.17485, -38.20885 ], [ -71.17587, -38.20941 ], [ -71.17675, -38.2102 ], [ -71.1779, -38.21067 ], [ -71.17862, -38.21134 ], [ -71.17892, -38.21148 ], [ -71.18049, -38.21122 ], [ -71.18092, -38.21178 ], [ -71.18212, -38.21242 ], [ -71.18283, -38.21256 ], [ -71.18427, -38.21241 ], [ -71.18491, -38.21255 ], [ -71.18545, -38.21302 ], [ -71.18549, -38.2136 ], [ -71.18597, -38.21439 ], [ -71.18669, -38.21469 ], [ -71.18752, -38.21463 ], [ -71.18795, -38.21538 ], [ -71.18868, -38.21614 ], [ -71.18953, -38.2164 ], [ -71.19173, -38.21773 ], [ -71.19248, -38.21888 ], [ -71.19243, -38.21938 ], [ -71.19198, -38.21982 ], [ -71.19237, -38.22033 ], [ -71.19344, -38.22074 ], [ -71.19458, -38.22173 ], [ -71.19597, -38.2221 ], [ -71.19768, -38.22158 ], [ -71.19803, -38.22129 ], [ -71.19917, -38.2211 ], [ -71.19978, -38.22124 ], [ -71.20119, -38.22201 ], [ -71.20227, -38.22184 ], [ -71.20327, -38.22122 ], [ -71.20404, -38.22166 ], [ -71.20487, -38.22246 ], [ -71.20595, -38.22391 ], [ -71.20846, -38.22607 ], [ -71.20919, -38.22641 ], [ -71.21064, -38.22818 ], [ -71.21226, -38.23107 ], [ -71.21439, -38.2318 ], [ -71.21538, -38.23198 ], [ -71.21662, -38.2327 ], [ -71.2181, -38.23502 ], [ -71.21947, -38.23585 ], [ -71.22119, -38.23742 ], [ -71.222, -38.23769 ], [ -71.22224, -38.23797 ], [ -71.2214, -38.2393 ], [ -71.22155, -38.23973 ], [ -71.2221, -38.24022 ], [ -71.2241, -38.24094 ], [ -71.22546, -38.24173 ], [ -71.22636, -38.24316 ], [ -71.22643, -38.24397 ], [ -71.22676, -38.245 ], [ -71.22816, -38.24645 ], [ -71.22819, -38.24707 ], [ -71.22886, -38.24821 ], [ -71.22892, -38.2492 ], [ -71.22916, -38.24943 ], [ -71.22971, -38.24951 ], [ -71.23181, -38.24931 ], [ -71.23286, -38.24916 ], [ -71.23317, -38.24893 ], [ -71.23413, -38.24884 ], [ -71.23511, -38.2493 ], [ -71.23561, -38.2499 ], [ -71.23572, -38.2505 ], [ -71.23627, -38.2513 ], [ -71.23707, -38.25162 ], [ -71.23841, -38.25167 ], [ -71.23908, -38.2519 ], [ -71.24011, -38.25261 ], [ -71.24087, -38.25288 ], [ -71.24355, -38.25305 ], [ -71.24485, -38.25406 ], [ -71.24555, -38.2553 ], [ -71.2459, -38.2556 ], [ -71.24655, -38.25583 ], [ -71.2478, -38.25572 ], [ -71.24841, -38.25542 ], [ -71.24875, -38.25393 ], [ -71.24939, -38.25371 ], [ -71.25003, -38.25392 ], [ -71.25025, -38.2542 ], [ -71.25045, -38.2554 ], [ -71.25119, -38.25585 ], [ -71.25315, -38.25618 ], [ -71.25376, -38.25604 ], [ -71.25445, -38.25535 ], [ -71.255, -38.25519 ], [ -71.25584, -38.25511 ], [ -71.25647, -38.25529 ], [ -71.25708, -38.25641 ], [ -71.2582, -38.25717 ], [ -71.25931, -38.25857 ], [ -71.25957, -38.25873 ], [ -71.26103, -38.25883 ], [ -71.26206, -38.26011 ], [ -71.26416, -38.26091 ], [ -71.26443, -38.26227 ], [ -71.26477, -38.26264 ], [ -71.26682, -38.26255 ], [ -71.26728, -38.26268 ], [ -71.26737, -38.26287 ], [ -71.26674, -38.26399 ], [ -71.26674, -38.26439 ], [ -71.26712, -38.2646 ], [ -71.26937, -38.26395 ], [ -71.27039, -38.26453 ], [ -71.27198, -38.26583 ], [ -71.27222, -38.2659 ], [ -71.27357, -38.26562 ], [ -71.27413, -38.26622 ], [ -71.27417, -38.26648 ], [ -71.27399, -38.2669 ], [ -71.27308, -38.26753 ], [ -71.27313, -38.26786 ], [ -71.27467, -38.26849 ], [ -71.27512, -38.26888 ], [ -71.27525, -38.2693 ], [ -71.27509, -38.26976 ], [ -71.27425, -38.27024 ], [ -71.27427, -38.2706 ], [ -71.27556, -38.27074 ], [ -71.27643, -38.27147 ], [ -71.27764, -38.27155 ], [ -71.27844, -38.27192 ], [ -71.28034, -38.27339 ], [ -71.28042, -38.27368 ], [ -71.28277, -38.27591 ], [ -71.28357, -38.27584 ], [ -71.28413, -38.27559 ], [ -71.28559, -38.27462 ], [ -71.28656, -38.27471 ], [ -71.28789, -38.27569 ], [ -71.28835, -38.2757 ], [ -71.28891, -38.27542 ], [ -71.28966, -38.27543 ], [ -71.29079, -38.27578 ], [ -71.29126, -38.27576 ], [ -71.29179, -38.2756 ], [ -71.29211, -38.27492 ], [ -71.29254, -38.27447 ], [ -71.29329, -38.27412 ], [ -71.29407, -38.27429 ], [ -71.29488, -38.27508 ], [ -71.29658, -38.27521 ], [ -71.29924, -38.27407 ], [ -71.30351, -38.27299 ], [ -71.30468, -38.27248 ], [ -71.30563, -38.27226 ], [ -71.30674, -38.27234 ], [ -71.30745, -38.273 ], [ -71.309, -38.27348 ], [ -71.30956, -38.27315 ], [ -71.30983, -38.27254 ], [ -71.31036, -38.27204 ], [ -71.3109, -38.27181 ], [ -71.31172, -38.27168 ], [ -71.31322, -38.2719 ], [ -71.3136, -38.27122 ], [ -71.31478, -38.27137 ], [ -71.31531, -38.27168 ], [ -71.31603, -38.27117 ], [ -71.31747, -38.27099 ], [ -71.318, -38.2707 ] ] } },
{ "type": "Feature", "properties": { "nombre": "Río Trocomán", "tipo": "river", "volcan_codigo": "CPA", "volcan_nombre": "Copahue", "drena_volcan": false }, "geometry": { "type": "LineString", "coordinates": [ [ -71.00315, -37.66799 ], [ -71.00058, -37.66653 ], [ -71.00122, -37.66386 ], [ -71.00338, -37.66376 ], [ -71.00357, -37.66349 ], [ -71.00314, -37.66245 ], [ -70.99861, -37.65942 ], [ -70.99776, -37.65846 ], [ -70.99601, -37.65862 ], [ -70.99438, -37.65997 ], [ -70.98719, -37.6598 ], [ -70.98484, -37.6581 ], [ -70.98388, -37.65845 ], [ -70.9819, -37.65659 ], [ -70.9786, -37.65622 ], [ -70.97647, -37.6551 ], [ -70.97579, -37.6564 ], [ -70.97393, -37.65776 ], [ -70.97239, -37.65784 ], [ -70.9701, -37.65673 ], [ -70.96667, -37.65633 ], [ -70.96221, -37.65773 ], [ -70.96159, -37.65829 ], [ -70.96099, -37.65858 ], [ -70.9607, -37.65978 ], [ -70.95964, -37.65976 ], [ -70.95821, -37.65915 ], [ -70.95761, -37.65948 ], [ -70.95711, -37.66001 ], [ -70.95633, -37.65994 ], [ -70.95579, -37.65944 ], [ -70.95562, -37.65826 ], [ -70.95503, -37.65807 ], [ -70.95284, -37.65641 ], [ -70.95206, -37.65635 ], [ -70.94852, -37.65715 ], [ -70.94749, -37.65773 ], [ -70.9468, -37.6588 ], [ -70.94496, -37.65861 ], [ -70.94138, -37.65967 ], [ -70.93658, -37.66004 ], [ -70.93275, -37.66055 ], [ -70.9289, -37.66132 ], [ -70.92744, -37.66072 ], [ -70.92466, -37.65841 ], [ -70.92038, -37.65663 ], [ -70.91573, -37.65563 ], [ -70.91461, -37.65516 ], [ -70.91331, -37.65338 ], [ -70.91263, -37.65325 ], [ -70.90738, -37.65317 ], [ -70.90594, -37.65242 ], [ -70.90529, -37.65133 ], [ -70.90525, -37.6505 ], [ -70.90567, -37.64925 ], [ -70.90566, -37.64784 ], [ -70.90516, -37.64742 ], [ -70.90457, -37.64745 ], [ -70.90358, -37.64818 ], [ -70.90289, -37.64834 ], [ -70.90071, -37.64777 ], [ -70.89641, -37.64853 ], [ -70.89562, -37.64728 ], [ -70.89435, -37.64669 ], [ -70.89249, -37.64646 ], [ -70.89006, -37.64557 ], [ -70.88945, -37.64583 ], [ -70.88907, -37.64639 ], [ -70.88853, -37.64667 ], [ -70.88447, -37.64653 ], [ -70.88407, -37.64629 ], [ -70.88376, -37.64535 ], [ -70.88279, -37.6448 ], [ -70.87954, -37.645 ], [ -70.87624, -37.6443 ], [ -70.87523, -37.64439 ], [ -70.87414, -37.6439 ], [ -70.87358, -37.64346 ], [ -70.87352, -37.64302 ], [ -70.87066, -37.64191 ], [ -70.86955, -37.64092 ], [ -70.86778, -37.63894 ], [ -70.86691, -37.63701 ], [ -70.866, -37.63253 ], [ -70.86652, -37.63036 ], [ -70.86626, -37.62965 ], [ -70.86542, -37.62906 ], [ -70.86223, -37.62796 ], [ -70.86139, -37.62745 ], [ -70.86135, -37.62694 ], [ -70.86164, -37.6259 ], [ -70.86273, -37.62487 ], [ -70.86357, -37.62268 ], [ -70.86685, -37.62053 ], [ -70.86565, -37.61844 ], [ -70.8649, -37.6167 ], [ -70.86356, -37.61545 ], [ -70.86241, -37.61505 ], [ -70.8613, -37.61383 ], [ -70.86057, -37.61289 ], [ -70.86041, -37.61239 ], [ -70.85863, -37.61025 ], [ -70.85734, -37.60963 ], [ -70.85652, -37.60855 ], [ -70.85672, -37.60798 ], [ -70.85703, -37.60768 ], [ -70.8568, -37.60656 ], [ -70.85566, -37.60497 ], [ -70.85386, -37.60178 ], [ -70.85282, -37.60033 ], [ -70.85151, -37.59915 ], [ -70.85139, -37.59835 ], [ -70.85177, -37.59571 ], [ -70.85232, -37.59466 ], [ -70.85144, -37.59394 ], [ -70.85027, -37.59256 ], [ -70.84946, -37.59207 ], [ -70.84921, -37.59169 ], [ -70.85, -37.59082 ], [ -70.85037, -37.58904 ], [ -70.84986, -37.58672 ], [ -70.85013, -37.58604 ], [ -70.85114, -37.585 ], [ -70.85272, -37.58268 ], [ -70.85229, -37.58053 ], [ -70.85151, -37.57942 ], [ -70.84832, -37.57867 ], [ -70.84758, -37.57891 ], [ -70.84656, -37.57858 ], [ -70.8461, -37.57787 ], [ -70.84584, -37.57706 ], [ -70.84648, -37.57613 ], [ -70.8457, -37.57541 ], [ -70.84413, -37.57515 ], [ -70.84334, -37.57451 ], [ -70.8428, -37.57383 ], [ -70.8422, -37.57376 ], [ -70.84117, -37.57416 ], [ -70.84037, -37.57468 ], [ -70.83983, -37.57473 ], [ -70.83956, -37.57445 ], [ -70.83966, -37.57381 ], [ -70.84069, -37.57029 ], [ -70.84035, -37.56964 ], [ -70.83925, -37.56874 ], [ -70.83893, -37.56869 ], [ -70.83844, -37.56906 ], [ -70.83787, -37.56921 ], [ -70.8369, -37.56893 ], [ -70.83126, -37.56852 ], [ -70.83048, -37.56818 ], [ -70.82976, -37.56681 ], [ -70.83039, -37.56522 ], [ -70.83122, -37.56456 ], [ -70.8316, -37.56376 ], [ -70.83151, -37.56274 ], [ -70.83065, -37.56152 ], [ -70.82974, -37.56071 ], [ -70.82877, -37.55944 ], [ -70.82856, -37.55824 ], [ -70.82799, -37.55782 ], [ -70.82732, -37.55778 ], [ -70.82572, -37.55968 ], [ -70.82424, -37.56042 ], [ -70.82264, -37.56064 ], [ -70.82189, -37.56048 ], [ -70.82144, -37.55973 ], [ -70.82027, -37.55915 ], [ -70.81924, -37.5579 ], [ -70.81914, -37.557 ], [ -70.81992, -37.5558 ], [ -70.81983, -37.555 ], [ -70.81924, -37.55437 ], [ -70.81859, -37.55397 ], [ -70.8171, -37.55335 ], [ -70.81668, -37.55229 ], [ -70.817, -37.55151 ], [ -70.81937, -37.54942 ], [ -70.82012, -37.54834 ], [ -70.82006, -37.5474 ], [ -70.81965, -37.5468 ], [ -70.80894, -37.54634 ], [ -70.80843, -37.5428 ], [ -70.80486, -37.5436 ], [ -70.80225, -37.54226 ], [ -70.80774, -37.53913 ], [ -70.80774, -37.53695 ], [ -70.80345, -37.53314 ], [ -70.80482, -37.53069 ], [ -70.80585, -37.52701 ], [ -70.804, -37.52332 ], [ -70.80911, -37.52157 ], [ -70.80929, -37.51939 ], [ -70.80826, -37.51421 ], [ -70.8019, -37.5104 ], [ -70.79727, -37.50686 ], [ -70.7899, -37.50305 ], [ -70.78801, -37.50073 ], [ -70.78561, -37.49896 ], [ -70.78681, -37.49705 ], [ -70.7796, -37.49215 ], [ -70.77874, -37.48984 ], [ -70.77651, -37.48684 ], [ -70.77462, -37.48521 ], [ -70.77359, -37.48221 ], [ -70.7755, -37.47947 ], [ -70.77808, -37.47756 ], [ -70.77513, -37.47267 ], [ -70.77222, -37.46722 ], [ -70.77119, -37.46395 ], [ -70.76844, -37.46027 ], [ -70.76707, -37.45741 ], [ -70.7705, -37.45619 ], [ -70.76827, -37.45441 ], [ -70.76329, -37.45482 ], [ -70.75986, -37.45461 ], [ -70.75503, -37.45689 ], [ -70.7526, -37.45652 ], [ -70.74929, -37.45533 ], [ -70.74781, -37.45423 ], [ -70.74577, -37.45171 ], [ -70.74561, -37.45046 ], [ -70.74217, -37.4461 ], [ -70.73891, -37.44065 ], [ -70.73842, -37.43464 ], [ -70.73188, -37.43233 ], [ -70.72896, -37.42825 ], [ -70.72518, -37.42743 ], [ -70.72658, -37.42278 ], [ -70.71952, -37.42007 ], [ -70.7202, -37.41734 ], [ -70.71917, -37.41529 ], [ -70.71458, -37.41282 ], [ -70.71311, -37.41066 ], [ -70.71559, -37.40603 ], [ -70.71427, -37.40338 ], [ -70.71287, -37.40202 ], [ -70.71225, -37.40023 ], [ -70.71264, -37.39714 ], [ -70.71148, -37.39301 ], [ -70.71186, -37.39073 ], [ -70.71295, -37.38912 ], [ -70.71291, -37.38686 ], [ -70.71135, -37.38555 ], [ -70.70973, -37.38493 ], [ -70.70709, -37.38453 ], [ -70.70469, -37.38512 ], [ -70.70367, -37.38516 ], [ -70.70294, -37.38479 ], [ -70.70273, -37.38426 ], [ -70.70386, -37.38235 ], [ -70.70548, -37.3809 ], [ -70.70606, -37.38001 ], [ -70.70661, -37.37981 ], [ -70.71067, -37.37963 ], [ -70.71205, -37.3798 ], [ -70.71257, -37.38016 ], [ -70.71495, -37.38323 ], [ -70.71598, -37.38384 ], [ -70.71707, -37.38368 ], [ -70.71771, -37.38335 ], [ -70.71838, -37.38275 ], [ -70.71884, -37.37959 ], [ -70.71868, -37.37891 ], [ -70.71822, -37.37816 ], [ -70.71755, -37.37752 ], [ -70.71656, -37.37711 ], [ -70.71496, -37.37694 ], [ -70.71181, -37.377 ], [ -70.71097, -37.37668 ], [ -70.71052, -37.37606 ], [ -70.71093, -37.37444 ], [ -70.7102, -37.37165 ], [ -70.71023, -37.37132 ], [ -70.71074, -37.37086 ], [ -70.71311, -37.36957 ], [ -70.71355, -37.36879 ], [ -70.71313, -37.36581 ], [ -70.7123, -37.36353 ], [ -70.71247, -37.3618 ], [ -70.7125, -37.35827 ], [ -70.71304, -37.3548 ], [ -70.71337, -37.35406 ], [ -70.71409, -37.35332 ], [ -70.71649, -37.35178 ], [ -70.71677, -37.35129 ], [ -70.7168, -37.35089 ], [ -70.71614, -37.34955 ], [ -70.71539, -37.34886 ], [ -70.71473, -37.34853 ], [ -70.71262, -37.34825 ], [ -70.70735, -37.3484 ], [ -70.70656, -37.34809 ], [ -70.70534, -37.34678 ], [ -70.70526, -37.34535 ], [ -70.70491, -37.34434 ], [ -70.70317, -37.34342 ] ] } },
{ "type": "Feature", "properties": { "nombre": "Río Villucura", "tipo": "river", "volcan_codigo": "CPA", "volcan_nombre": "Copahue", "drena_volcan": false }, "geometry": { "type": "LineString", "coordinates": [ [ -71.64397, -38.28542 ], [ -71.64475, -38.28475 ], [ -71.64472, -38.28334 ], [ -71.64557, -38.2827 ], [ -71.64581, -38.28186 ], [ -71.64572, -38.28084 ], [ -71.64509, -38.27947 ], [ -71.64508, -38.2791 ], [ -71.64464, -38.27858 ], [ -71.64451, -38.27798 ], [ -71.64456, -38.27718 ], [ -71.64503, -38.27631 ], [ -71.64576, -38.27558 ], [ -71.64614, -38.27471 ], [ -71.64586, -38.27403 ], [ -71.64658, -38.27317 ], [ -71.64625, -38.27236 ], [ -71.64627, -38.27188 ], [ -71.64549, -38.2706 ], [ -71.6449, -38.26814 ], [ -71.6453, -38.26777 ], [ -71.64588, -38.26766 ], [ -71.64618, -38.26715 ], [ -71.64562, -38.26641 ], [ -71.64537, -38.26574 ], [ -71.6451, -38.26552 ], [ -71.64515, -38.26508 ], [ -71.64436, -38.26393 ], [ -71.64406, -38.26289 ], [ -71.64461, -38.26189 ], [ -71.64444, -38.2614 ], [ -71.64401, -38.26104 ], [ -71.64392, -38.26013 ], [ -71.64363, -38.2598 ], [ -71.64382, -38.25942 ], [ -71.64356, -38.25889 ], [ -71.64315, -38.25856 ], [ -71.64319, -38.25835 ], [ -71.64266, -38.25807 ], [ -71.64247, -38.25761 ], [ -71.64183, -38.2574 ], [ -71.64092, -38.25614 ], [ -71.64095, -38.25587 ], [ -71.64188, -38.25473 ], [ -71.64092, -38.25347 ], [ -71.6405, -38.25315 ], [ -71.63942, -38.25305 ], [ -71.63898, -38.25261 ], [ -71.63839, -38.25261 ], [ -71.63815, -38.25198 ], [ -71.6371, -38.25129 ], [ -71.63681, -38.24948 ], [ -71.63619, -38.24895 ], [ -71.63555, -38.24809 ], [ -71.63481, -38.24775 ], [ -71.63441, -38.24727 ], [ -71.63507, -38.24673 ], [ -71.63522, -38.24629 ], [ -71.6343, -38.24572 ], [ -71.63393, -38.24529 ], [ -71.63402, -38.24448 ], [ -71.63301, -38.24404 ], [ -71.6326, -38.2435 ], [ -71.63247, -38.24264 ], [ -71.63295, -38.24203 ], [ -71.63279, -38.24141 ], [ -71.63299, -38.24076 ], [ -71.63294, -38.24032 ], [ -71.63265, -38.2399 ], [ -71.63319, -38.23904 ], [ -71.6334, -38.23782 ], [ -71.63369, -38.23726 ], [ -71.63441, -38.23688 ], [ -71.63459, -38.2361 ], [ -71.63527, -38.23572 ], [ -71.63586, -38.23459 ], [ -71.63672, -38.23411 ], [ -71.63679, -38.23378 ], [ -71.63632, -38.23363 ], [ -71.63692, -38.23234 ], [ -71.63751, -38.23152 ], [ -71.63899, -38.2311 ], [ -71.63986, -38.23057 ], [ -71.64058, -38.22975 ], [ -71.64049, -38.22788 ], [ -71.64063, -38.22725 ], [ -71.64198, -38.22554 ], [ -71.64172, -38.2248 ], [ -71.64184, -38.22422 ], [ -71.6421, -38.22358 ], [ -71.64309, -38.22234 ], [ -71.64355, -38.22112 ], [ -71.6436, -38.22041 ], [ -71.6433, -38.21947 ], [ -71.64365, -38.21853 ], [ -71.64519, -38.21617 ], [ -71.64614, -38.21397 ], [ -71.6473, -38.21286 ], [ -71.64823, -38.21107 ], [ -71.64819, -38.21033 ], [ -71.64785, -38.20912 ], [ -71.64652, -38.2078 ], [ -71.64605, -38.20635 ], [ -71.64518, -38.20547 ], [ -71.64455, -38.20413 ], [ -71.64411, -38.20362 ], [ -71.64163, -38.20241 ], [ -71.64146, -38.20207 ], [ -71.64124, -38.19991 ], [ -71.63991, -38.19829 ], [ -71.63979, -38.19738 ], [ -71.64016, -38.19616 ], [ -71.64086, -38.19512 ], [ -71.64086, -38.19445 ], [ -71.63923, -38.19323 ], [ -71.63925, -38.19249 ], [ -71.6388, -38.1914 ], [ -71.63837, -38.19101 ], [ -71.63678, -38.19057 ], [ -71.63648, -38.19027 ], [ -71.63618, -38.18806 ], [ -71.63523, -38.18709 ], [ -71.63478, -38.18621 ], [ -71.63429, -38.18583 ], [ -71.63282, -38.18544 ], [ -71.63206, -38.18487 ], [ -71.63195, -38.1846 ], [ -71.63249, -38.18252 ], [ -71.63129, -38.18045 ], [ -71.63148, -38.17947 ], [ -71.63193, -38.17856 ], [ -71.63191, -38.17802 ], [ -71.63127, -38.17718 ], [ -71.63077, -38.17579 ], [ -71.6301, -38.17485 ], [ -71.62953, -38.17352 ], [ -71.62854, -38.17299 ], [ -71.62627, -38.17291 ], [ -71.62421, -38.1724 ], [ -71.62346, -38.17169 ], [ -71.62281, -38.17141 ], [ -71.62155, -38.17171 ], [ -71.62112, -38.17166 ], [ -71.62052, -38.17122 ], [ -71.61989, -38.16997 ], [ -71.61856, -38.16838 ], [ -71.61731, -38.16781 ], [ -71.61623, -38.16803 ], [ -71.61575, -38.16835 ], [ -71.61489, -38.16933 ], [ -71.61421, -38.16972 ], [ -71.6138, -38.16972 ], [ -71.61264, -38.16891 ], [ -71.6122, -38.168 ], [ -71.612, -38.16662 ], [ -71.61223, -38.16602 ], [ -71.6116, -38.16543 ], [ -71.61114, -38.16525 ], [ -71.60919, -38.16486 ], [ -71.6079, -38.1662 ], [ -71.60314, -38.16756 ], [ -71.602, -38.16825 ], [ -71.59927, -38.16894 ], [ -71.59826, -38.16936 ], [ -71.59742, -38.16995 ], [ -71.59651, -38.17019 ], [ -71.59503, -38.17008 ], [ -71.593, -38.16941 ], [ -71.59108, -38.1694 ], [ -71.58802, -38.16818 ], [ -71.58709, -38.16814 ], [ -71.58648, -38.16857 ], [ -71.58629, -38.16895 ], [ -71.58485, -38.16952 ], [ -71.58422, -38.16952 ], [ -71.58404, -38.16928 ], [ -71.58346, -38.16913 ], [ -71.58226, -38.16921 ], [ -71.582, -38.16874 ], [ -71.58183, -38.16775 ], [ -71.58133, -38.16749 ], [ -71.58022, -38.16734 ], [ -71.57895, -38.16653 ], [ -71.57676, -38.16614 ], [ -71.57391, -38.1664 ], [ -71.5732, -38.16675 ], [ -71.57286, -38.16714 ], [ -71.57282, -38.16812 ], [ -71.57298, -38.16899 ], [ -71.57259, -38.16989 ], [ -71.57223, -38.17022 ], [ -71.56683, -38.16991 ], [ -71.56578, -38.16962 ], [ -71.56353, -38.16805 ], [ -71.56202, -38.16771 ], [ -71.55882, -38.16909 ], [ -71.55754, -38.16928 ], [ -71.55329, -38.16923 ], [ -71.54998, -38.16818 ], [ -71.5487, -38.1666 ], [ -71.54747, -38.16623 ], [ -71.54687, -38.16623 ], [ -71.54595, -38.16657 ], [ -71.54556, -38.16705 ], [ -71.54522, -38.16832 ], [ -71.54466, -38.16891 ], [ -71.54374, -38.16943 ], [ -71.54202, -38.1699 ], [ -71.54023, -38.16972 ] ] } },
{ "type": "Feature", "properties": { "nombre": "Río de los Pinos", "tipo": "stream", "volcan_codigo": "CPA", "volcan_nombre": "Copahue", "drena_volcan": false }, "geometry": { "type": "MultiLineString", "coordinates": [ [ [ -71.17018, -37.59465 ], [ -71.16872, -37.59439 ], [ -71.16814, -37.59381 ], [ -71.1677, -37.5936 ], [ -71.16713, -37.59358 ], [ -71.1668, -37.59334 ], [ -71.16516, -37.59339 ], [ -71.16378, -37.59284 ], [ -71.16103, -37.59221 ], [ -71.16072, -37.59211 ], [ -71.16047, -37.5918 ], [ -71.1597, -37.59162 ], [ -71.15899, -37.59123 ], [ -71.15787, -37.59114 ], [ -71.15736, -37.59095 ], [ -71.15676, -37.59107 ], [ -71.155, -37.59051 ], [ -71.15439, -37.59065 ], [ -71.15306, -37.59036 ], [ -71.15207, -37.59053 ], [ -71.15145, -37.59024 ], [ -71.15024, -37.59 ], [ -71.14923, -37.59002 ], [ -71.14811, -37.58928 ], [ -71.14743, -37.5893 ], [ -71.14697, -37.58911 ], [ -71.14695, -37.58892 ], [ -71.14637, -37.58877 ], [ -71.1461, -37.58756 ], [ -71.1463, -37.58695 ], [ -71.14614, -37.5867 ], [ -71.14626, -37.58645 ], [ -71.14618, -37.58619 ], [ -71.1464, -37.586 ], [ -71.14627, -37.58583 ], [ -71.14638, -37.58528 ], [ -71.14625, -37.58516 ], [ -71.14665, -37.58484 ], [ -71.14661, -37.58423 ], [ -71.14689, -37.58394 ], [ -71.14677, -37.5837 ], [ -71.14703, -37.58326 ], [ -71.14694, -37.58298 ], [ -71.14713, -37.58274 ], [ -71.14704, -37.58255 ], [ -71.14716, -37.58223 ], [ -71.1466, -37.5811 ], [ -71.14674, -37.58032 ], [ -71.14726, -37.5802 ], [ -71.14715, -37.57977 ], [ -71.14786, -37.5793 ], [ -71.14789, -37.57898 ], [ -71.14823, -37.57853 ], [ -71.14891, -37.57806 ], [ -71.14931, -37.57817 ], [ -71.14935, -37.57786 ], [ -71.14972, -37.57757 ], [ -71.14982, -37.57679 ], [ -71.15015, -37.57676 ], [ -71.1505, -37.57533 ], [ -71.15084, -37.57506 ], [ -71.15084, -37.57473 ], [ -71.15136, -37.57474 ], [ -71.15176, -37.57418 ], [ -71.15242, -37.57421 ], [ -71.15244, -37.57384 ], [ -71.15329, -37.57331 ], [ -71.15336, -37.57287 ], [ -71.15393, -37.57241 ], [ -71.15513, -37.57251 ], [ -71.15568, -37.57217 ] ], [ [ -71.2438, -37.52252 ], [ -71.24549, -37.52202 ], [ -71.24658, -37.521 ] ], [ [ -71.15568, -37.57217 ], [ -71.15617, -37.57253 ], [ -71.15707, -37.57182 ], [ -71.15807, -37.57212 ], [ -71.15886, -37.57136 ], [ -71.15934, -37.57127 ], [ -71.1596, -37.57101 ], [ -71.16034, -37.57127 ], [ -71.16169, -37.57077 ], [ -71.16222, -37.57109 ], [ -71.16309, -37.57072 ], [ -71.16366, -37.5713 ], [ -71.16388, -37.57134 ], [ -71.16552, -37.57071 ], [ -71.16631, -37.57059 ], [ -71.16648, -37.57045 ], [ -71.16636, -37.57014 ], [ -71.16667, -37.56999 ], [ -71.16713, -37.57019 ], [ -71.16854, -37.57014 ], [ -71.16895, -37.57071 ], [ -71.16931, -37.57082 ], [ -71.1702, -37.57024 ], [ -71.17088, -37.57059 ], [ -71.17226, -37.57039 ], [ -71.17251, -37.57059 ], [ -71.17256, -37.57098 ], [ -71.17295, -37.571 ], [ -71.17341, -37.57078 ], [ -71.17405, -37.57075 ], [ -71.17479, -37.57037 ], [ -71.17528, -37.56991 ], [ -71.17571, -37.56987 ], [ -71.176, -37.56965 ], [ -71.1761, -37.56926 ], [ -71.17834, -37.56888 ], [ -71.1787, -37.56902 ], [ -71.17899, -37.56973 ], [ -71.17982, -37.56978 ], [ -71.17999, -37.57025 ], [ -71.1813, -37.57002 ], [ -71.18206, -37.57063 ], [ -71.183, -37.5703 ], [ -71.18353, -37.57049 ], [ -71.18478, -37.57038 ], [ -71.18541, -37.56981 ], [ -71.18586, -37.56984 ], [ -71.18643, -37.56931 ], [ -71.187, -37.56918 ], [ -71.18744, -37.56799 ], [ -71.18836, -37.5678 ], [ -71.1891, -37.56618 ], [ -71.18999, -37.56563 ], [ -71.1906, -37.56502 ], [ -71.19056, -37.56429 ], [ -71.19076, -37.56356 ], [ -71.19151, -37.56288 ], [ -71.1919, -37.56142 ], [ -71.19237, -37.56048 ], [ -71.19285, -37.56021 ], [ -71.19358, -37.56013 ], [ -71.19395, -37.55981 ], [ -71.19403, -37.55922 ], [ -71.19391, -37.55878 ], [ -71.19404, -37.55835 ], [ -71.19367, -37.55778 ], [ -71.19383, -37.55672 ], [ -71.19621, -37.55268 ], [ -71.19685, -37.55238 ], [ -71.19789, -37.55229 ], [ -71.19822, -37.5516 ], [ -71.19819, -37.55082 ], [ -71.19837, -37.55071 ], [ -71.19997, -37.55071 ], [ -71.20143, -37.54998 ], [ -71.20207, -37.54919 ], [ -71.20234, -37.54907 ], [ -71.20368, -37.54936 ], [ -71.20432, -37.54931 ], [ -71.20458, -37.54906 ], [ -71.20459, -37.54796 ], [ -71.2056, -37.54718 ], [ -71.2068, -37.54714 ], [ -71.20773, -37.5463 ], [ -71.20826, -37.54625 ], [ -71.20909, -37.54647 ], [ -71.21115, -37.54575 ], [ -71.21172, -37.54517 ], [ -71.21192, -37.54453 ], [ -71.2114, -37.5435 ], [ -71.21074, -37.54296 ], [ -71.21059, -37.54246 ], [ -71.21112, -37.54143 ], [ -71.21079, -37.53961 ], [ -71.21137, -37.53905 ], [ -71.21202, -37.53801 ], [ -71.21177, -37.53753 ], [ -71.21107, -37.53724 ], [ -71.21122, -37.53664 ], [ -71.21159, -37.53636 ], [ -71.21271, -37.53622 ], [ -71.2133, -37.53597 ], [ -71.21445, -37.53628 ], [ -71.2148, -37.53617 ], [ -71.21496, -37.53589 ], [ -71.21492, -37.53494 ], [ -71.21665, -37.53346 ], [ -71.21665, -37.53297 ], [ -71.21735, -37.5319 ], [ -71.21786, -37.53063 ], [ -71.21875, -37.53016 ], [ -71.21959, -37.53008 ], [ -71.21988, -37.52988 ], [ -71.22117, -37.52697 ], [ -71.22225, -37.52564 ], [ -71.22264, -37.52496 ], [ -71.22286, -37.52389 ], [ -71.22313, -37.52361 ], [ -71.22617, -37.5227 ], [ -71.22732, -37.52263 ], [ -71.22868, -37.52318 ], [ -71.22958, -37.52403 ], [ -71.23053, -37.52452 ], [ -71.234, -37.52563 ], [ -71.23496, -37.52573 ], [ -71.23566, -37.52548 ], [ -71.23785, -37.52367 ], [ -71.23986, -37.52336 ], [ -71.24199, -37.52257 ], [ -71.24493, -37.52253 ], [ -71.24693, -37.52215 ], [ -71.24693, -37.52156 ], [ -71.24658, -37.521 ] ], [ [ -71.24658, -37.521 ], [ -71.24663, -37.52045 ], [ -71.24585, -37.51905 ], [ -71.24586, -37.51851 ], [ -71.246, -37.51817 ], [ -71.24751, -37.51723 ], [ -71.24844, -37.51687 ], [ -71.24919, -37.51677 ], [ -71.24974, -37.51682 ], [ -71.25214, -37.5176 ], [ -71.25294, -37.51767 ], [ -71.25375, -37.51743 ], [ -71.25388, -37.51692 ], [ -71.25331, -37.51648 ], [ -71.25304, -37.51584 ], [ -71.25302, -37.51459 ], [ -71.25381, -37.51369 ], [ -71.25528, -37.5127 ], [ -71.25647, -37.5123 ], [ -71.25796, -37.51217 ], [ -71.25888, -37.51167 ], [ -71.25895, -37.51118 ], [ -71.25813, -37.51047 ], [ -71.25795, -37.5101 ], [ -71.25775, -37.50922 ], [ -71.25783, -37.50842 ], [ -71.25922, -37.50596 ], [ -71.2605, -37.50591 ], [ -71.26155, -37.50455 ], [ -71.26191, -37.50367 ], [ -71.26189, -37.50245 ], [ -71.26218, -37.50227 ], [ -71.26451, -37.50205 ], [ -71.26576, -37.50097 ], [ -71.26749, -37.50034 ], [ -71.26794, -37.49988 ], [ -71.26726, -37.49916 ], [ -71.26806, -37.49786 ], [ -71.26827, -37.49659 ], [ -71.26798, -37.49583 ], [ -71.26753, -37.49521 ], [ -71.26717, -37.49359 ], [ -71.26619, -37.49297 ], [ -71.26604, -37.49272 ], [ -71.26614, -37.49185 ], [ -71.26581, -37.49059 ], [ -71.26626, -37.48983 ] ] ] } },
{ "type": "Feature", "properties": { "nombre": "Río Ñiremetun", "tipo": "stream", "volcan_codigo": "CPA", "volcan_nombre": "Copahue", "drena_volcan": true }, "geometry": { "type": "LineString", "coordinates": [ [ -71.39432, -37.72096 ], [ -71.39548, -37.72051 ], [ -71.39644, -37.7204 ], [ -71.39973, -37.71938 ], [ -71.40118, -37.71874 ], [ -71.40199, -37.71763 ], [ -71.40278, -37.71746 ], [ -71.40404, -37.71756 ], [ -71.40492, -37.71718 ], [ -71.40563, -37.7159 ], [ -71.40678, -37.71532 ], [ -71.40757, -37.71423 ], [ -71.40829, -37.71366 ], [ -71.4083, -37.71235 ], [ -71.40921, -37.71149 ] ] } }
]
}
