{
"type": "FeatureCollection",
"name": "LDM",
"crs": { "type": "name", "properties": { "name": "urn:ogc:def:crs:OGC:1.3:CRS84" } },
"xy_coordinate_resolution": 1e-05,
"features": [
{ "type": "Feature", "properties": { "nombre": "Aducción Maule", "tipo": "canal", "volcan_codigo": "LDM", "volcan_nombre": "Laguna del Maule", "drena_volcan": false }, "geometry": { "type": "MultiLineString", "coordinates": [ [ [ -70.99233, -35.79692 ], [ -70.99402, -35.79698 ], [ -70.99452, -35.79686 ], [ -70.99585, -35.7956 ], [ -70.99642, -35.79535 ], [ -70.99707, -35.79539 ], [ -70.99812, -35.79597 ] ], [ [ -70.99812, -35.79597 ], [ -70.99919, -35.7962 ], [ -71.07199, -35.79636 ] ] ] } },
{ "type": "Feature", "properties": { "nombre": "Arroyo Allinco", "tipo": "river", "volcan_codigo": "LDM", "volcan_nombre": "Laguna del Maule", "drena_volcan": false }, "geometry": { "type": "MultiLineString", "coordinates": [ [ [ -70.19678, -36.2765 ], [ -70.19707, -36.27815 ], [ -70.19701, -36.27889 ], [ -70.19719, -36.27901 ], [ -70.19707, -36.28011 ], [ -70.19662, -36.28081 ], [ -70.19676, -36.28176 ], [ -70.19667, -36.28233 ], [ -70.19634, -36.28276 ], [ -70.19684, -36.2836 ], [ -70.19656, -36.28444 ], [ -70.19691, -36.28525 ], [ -70.19751, -36.28537 ], [ -70.19774, -36.28597 ], [ -70.1982, -36.28655 ], [ -70.19881, -36.28832 ], [ -70.19886, -36.28987 ], [ -70.19998, -36.29123 ], [ -70.20007, -36.29175 ], [ -70.1992, -36.29436 ], [ -70.19971, -36.29635 ], [ -70.19926, -36.29686 ], [ -70.1993, -36.29721 ], [ -70.19957, -36.29751 ], [ -70.1991, -36.29823 ], [ -70.1994, -36.29896 ], [ -70.19902, -36.29929 ], [ -70.19989, -36.30087 ], [ -70.20041, -36.30304 ], [ -70.20175, -36.30557 ], [ -70.2021, -36.30827 ], [ -70.20202, -36.30853 ], [ -70.20219, -36.30894 ], [ -70.20162, -36.31081 ], [ -70.20194, -36.31115 ], [ -70.20194, -36.3115 ], [ -70.20226, -36.3119 ], [ -70.20373, -36.31322 ], [ -70.20396, -36.31419 ], [ -70.2038, -36.31477 ], [ -70.20224, -36.31604 ], [ -70.20176, -36.31691 ], [ -70.20122, -36.31708 ], [ -70.20109, -36.31749 ], [ -70.20007, -36.31862 ], [ -70.19999, -36.31887 ], [ -70.20042, -36.31946 ], [ -70.20007, -36.32051 ], [ -70.20015, -36.32098 ], [ -70.19999, -36.32134 ], [ -70.20044, -36.32253 ], [ -70.20021, -36.32278 ], [ -70.20037, -36.3231 ], [ -70.20147, -36.32409 ], [ -70.20186, -36.3242 ], [ -70.20293, -36.32498 ], [ -70.20337, -36.32483 ], [ -70.2044, -36.32516 ], [ -70.20529, -36.32496 ], [ -70.20606, -36.32514 ], [ -70.20668, -36.32473 ], [ -70.20727, -36.32477 ], [ -70.21015, -36.32563 ], [ -70.21056, -36.32605 ], [ -70.21161, -36.32622 ], [ -70.21248, -36.32703 ], [ -70.21364, -36.32756 ], [ -70.21424, -36.3284 ], [ -70.21502, -36.32876 ], [ -70.21731, -36.33106 ], [ -70.21862, -36.33162 ], [ -70.21913, -36.33205 ], [ -70.22003, -36.33231 ] ], [ [ -70.16407, -36.16975 ], [ -70.16421, -36.17126 ], [ -70.16395, -36.1742 ], [ -70.16366, -36.17467 ], [ -70.16354, -36.17531 ], [ -70.16412, -36.17711 ], [ -70.16499, -36.17811 ], [ -70.16615, -36.17904 ], [ -70.16668, -36.17919 ], [ -70.16955, -36.1821 ], [ -70.17103, -36.18281 ], [ -70.1735, -36.18529 ], [ -70.17425, -36.18585 ], [ -70.17474, -36.18595 ], [ -70.17512, -36.18625 ], [ -70.17534, -36.18673 ], [ -70.17576, -36.18683 ], [ -70.17707, -36.1885 ], [ -70.17724, -36.18919 ], [ -70.17713, -36.19038 ], [ -70.17673, -36.19143 ], [ -70.17588, -36.19212 ], [ -70.17424, -36.19387 ], [ -70.17381, -36.19557 ], [ -70.17403, -36.19621 ], [ -70.17381, -36.19691 ], [ -70.17265, -36.19785 ], [ -70.17201, -36.19944 ], [ -70.171, -36.20047 ], [ -70.17044, -36.20129 ], [ -70.16975, -36.20305 ], [ -70.16946, -36.20514 ], [ -70.17022, -36.20801 ], [ -70.17001, -36.20843 ], [ -70.17012, -36.20933 ], [ -70.16975, -36.21112 ], [ -70.16974, -36.21224 ], [ -70.16942, -36.21307 ], [ -70.16932, -36.21456 ], [ -70.16899, -36.21476 ], [ -70.16884, -36.21527 ], [ -70.16899, -36.21545 ], [ -70.16883, -36.21565 ], [ -70.16904, -36.21576 ], [ -70.16897, -36.21679 ], [ -70.16863, -36.21701 ], [ -70.16841, -36.21761 ], [ -70.16851, -36.21809 ], [ -70.16815, -36.21857 ], [ -70.16774, -36.21974 ], [ -70.16781, -36.22028 ], [ -70.16755, -36.22038 ], [ -70.16783, -36.22118 ], [ -70.1678, -36.22152 ], [ -70.16749, -36.2222 ], [ -70.16633, -36.22321 ], [ -70.16637, -36.22376 ], [ -70.1667, -36.22369 ], [ -70.16702, -36.22446 ], [ -70.1671, -36.22639 ], [ -70.16727, -36.22705 ], [ -70.16777, -36.22842 ], [ -70.16823, -36.22888 ], [ -70.16843, -36.22947 ], [ -70.16826, -36.22976 ], [ -70.16892, -36.23128 ], [ -70.1686, -36.23163 ], [ -70.16865, -36.23199 ], [ -70.16936, -36.23353 ], [ -70.17065, -36.23552 ], [ -70.17056, -36.23692 ], [ -70.17074, -36.23732 ], [ -70.17103, -36.23747 ], [ -70.17127, -36.23732 ], [ -70.17156, -36.23784 ], [ -70.17181, -36.23779 ], [ -70.17409, -36.23923 ], [ -70.17495, -36.2405 ], [ -70.17497, -36.24097 ], [ -70.17533, -36.24109 ], [ -70.17525, -36.24137 ], [ -70.17554, -36.24187 ], [ -70.17526, -36.24365 ], [ -70.17497, -36.24449 ], [ -70.17383, -36.24556 ], [ -70.17417, -36.24619 ], [ -70.1739, -36.2465 ], [ -70.17328, -36.24659 ], [ -70.17331, -36.24714 ], [ -70.17318, -36.24723 ], [ -70.17328, -36.24775 ], [ -70.17312, -36.24765 ], [ -70.17262, -36.24794 ], [ -70.17195, -36.24804 ], [ -70.17194, -36.24824 ], [ -70.17217, -36.24832 ], [ -70.17223, -36.24857 ], [ -70.17177, -36.24868 ], [ -70.17178, -36.2489 ], [ -70.1711, -36.2493 ], [ -70.17128, -36.25023 ], [ -70.17095, -36.25036 ], [ -70.17075, -36.25066 ], [ -70.17087, -36.25061 ], [ -70.17083, -36.25083 ], [ -70.17114, -36.25102 ], [ -70.17115, -36.25118 ], [ -70.1717, -36.25139 ], [ -70.17161, -36.25154 ], [ -70.17189, -36.25194 ], [ -70.17171, -36.25232 ], [ -70.17176, -36.25279 ], [ -70.17197, -36.25355 ], [ -70.17219, -36.25375 ], [ -70.17278, -36.25398 ], [ -70.17409, -36.25398 ], [ -70.17584, -36.25439 ], [ -70.17713, -36.25488 ], [ -70.17775, -36.25546 ], [ -70.17829, -36.25546 ], [ -70.17879, -36.25585 ], [ -70.18013, -36.25629 ], [ -70.181, -36.25768 ], [ -70.18145, -36.2581 ], [ -70.18272, -36.25859 ], [ -70.18267, -36.2588 ], [ -70.18302, -36.25888 ], [ -70.18315, -36.25913 ], [ -70.18511, -36.26039 ], [ -70.18532, -36.2611 ], [ -70.1857, -36.26147 ], [ -70.18587, -36.26198 ], [ -70.18641, -36.26224 ], [ -70.18622, -36.26265 ], [ -70.18624, -36.2631 ], [ -70.18663, -36.26359 ], [ -70.18791, -36.26375 ], [ -70.18812, -36.2639 ], [ -70.18818, -36.26419 ], [ -70.18778, -36.2646 ], [ -70.18779, -36.26505 ], [ -70.18753, -36.26543 ], [ -70.18821, -36.26694 ], [ -70.19006, -36.26803 ], [ -70.19108, -36.26954 ], [ -70.19271, -36.27007 ], [ -70.19319, -36.2709 ], [ -70.19337, -36.27177 ], [ -70.19399, -36.27201 ], [ -70.19406, -36.27309 ], [ -70.19445, -36.27378 ], [ -70.19604, -36.27489 ], [ -70.19678, -36.2765 ] ] ] } },
{ "type": "Feature", "properties": { "nombre": "Arroyo Arenas Blancas", "tipo": "stream", "volcan_codigo": "LDM", "volcan_nombre": "Laguna del Maule", "drena_volcan": false }, "geometry": { "type": "MultiLineString", "coordinates": [ [ [ -70.58965, -35.95426 ], [ -70.58961, -35.95383 ], [ -70.59022, -35.95282 ], [ -70.59159, -35.95213 ], [ -70.59265, -35.95213 ], [ -70.59427, -35.95132 ], [ -70.59449, -35.95068 ], [ -70.5956, -35.94971 ], [ -70.59574, -35.9492 ], [ -70.59506, -35.94838 ], [ -70.5952, -35.94799 ], [ -70.59499, -35.94766 ], [ -70.59554, -35.94669 ], [ -70.59552, -35.94636 ], [ -70.596, -35.94584 ] ], [ [ -70.58966, -35.95591 ], [ -70.58985, -35.9554 ], [ -70.58967, -35.95514 ], [ -70.58974, -35.95483 ] ], [ [ -70.58974, -35.95483 ], [ -70.58965, -35.95426 ] ] ] } },
{ "type": "Feature", "properties": { "nombre": "Arroyo Blanco", "tipo": "stream", "volcan_codigo": "LDM", "volcan_nombre": "Laguna del Maule", "drena_volcan": false }, "geometry": { "type": "MultiLineString", "coordinates": [ [ [ -70.33137, -36.20118 ], [ -70.33098, -36.20129 ], [ -70.32958, -36.20254 ], [ -70.32916, -36.20351 ], [ -70.32873, -36.20407 ], [ -70.32726, -36.20463 ], [ -70.32683, -36.20531 ], [ -70.32732, -36.20627 ], [ -70.3273, -36.20662 ], [ -70.32708, -36.20691 ], [ -70.32718, -36.20726 ], [ -70.32742, -36.20739 ], [ -70.32748, -36.20842 ], [ -70.32806, -36.20951 ], [ -70.3285, -36.20979 ], [ -70.32925, -36.20978 ], [ -70.32987, -36.20996 ], [ -70.32978, -36.21031 ], [ -70.33, -36.21122 ], [ -70.33005, -36.21261 ], [ -70.33036, -36.21378 ], [ -70.33015, -36.21515 ], [ -70.33032, -36.21662 ], [ -70.32959, -36.21795 ], [ -70.32783, -36.21874 ], [ -70.32789, -36.21902 ], [ -70.32755, -36.21951 ], [ -70.32764, -36.22088 ], [ -70.32727, -36.22198 ], [ -70.32733, -36.22308 ], [ -70.32706, -36.22374 ], [ -70.32606, -36.22508 ], [ -70.32541, -36.22567 ], [ -70.32565, -36.22645 ], [ -70.32534, -36.22688 ], [ -70.32562, -36.22775 ], [ -70.32545, -36.22858 ], [ -70.32502, -36.22924 ], [ -70.32609, -36.23079 ], [ -70.32599, -36.23188 ], [ -70.32517, -36.23326 ], [ -70.32474, -36.23349 ], [ -70.32492, -36.23356 ], [ -70.3237, -36.23479 ], [ -70.32382, -36.23515 ], [ -70.32354, -36.23553 ], [ -70.32271, -36.23589 ], [ -70.32247, -36.23634 ], [ -70.32259, -36.23662 ], [ -70.32221, -36.2373 ], [ -70.32247, -36.23737 ], [ -70.32235, -36.23758 ], [ -70.323, -36.23766 ], [ -70.32299, -36.23811 ] ], [ [ -70.32299, -36.23811 ], [ -70.32297, -36.23853 ], [ -70.32313, -36.23868 ], [ -70.32302, -36.23916 ], [ -70.32235, -36.23969 ], [ -70.3223, -36.24018 ], [ -70.32191, -36.24043 ], [ -70.32121, -36.24144 ], [ -70.32093, -36.24228 ], [ -70.32054, -36.24279 ], [ -70.31937, -36.24379 ], [ -70.31926, -36.24401 ], [ -70.31936, -36.24508 ], [ -70.3188, -36.2456 ], [ -70.31855, -36.24632 ], [ -70.31813, -36.2464 ], [ -70.31786, -36.24832 ], [ -70.31723, -36.24885 ], [ -70.31694, -36.2489 ], [ -70.31661, -36.24962 ], [ -70.31667, -36.25015 ], [ -70.31629, -36.25062 ], [ -70.31599, -36.25075 ], [ -70.31588, -36.25177 ], [ -70.31497, -36.25208 ], [ -70.31484, -36.25266 ], [ -70.31566, -36.25413 ], [ -70.31531, -36.25467 ], [ -70.31518, -36.25599 ], [ -70.31474, -36.25639 ], [ -70.31263, -36.25693 ], [ -70.31292, -36.25728 ], [ -70.31265, -36.25795 ], [ -70.3127, -36.25824 ], [ -70.31221, -36.25848 ], [ -70.31203, -36.25878 ], [ -70.31252, -36.25968 ], [ -70.3122, -36.26028 ], [ -70.31281, -36.26075 ], [ -70.31294, -36.26112 ], [ -70.31338, -36.26156 ], [ -70.31352, -36.26197 ], [ -70.31337, -36.26211 ], [ -70.31387, -36.26271 ], [ -70.31368, -36.26292 ], [ -70.31373, -36.26327 ], [ -70.31328, -36.26339 ], [ -70.31245, -36.26414 ], [ -70.31236, -36.26432 ], [ -70.31249, -36.26461 ], [ -70.31195, -36.26515 ], [ -70.31175, -36.26517 ], [ -70.31178, -36.26566 ], [ -70.31069, -36.2671 ], [ -70.31074, -36.26748 ], [ -70.31004, -36.26833 ], [ -70.30994, -36.2689 ], [ -70.30898, -36.26957 ], [ -70.30887, -36.26992 ], [ -70.30828, -36.27023 ], [ -70.30838, -36.2713 ], [ -70.30769, -36.27157 ], [ -70.30813, -36.27245 ], [ -70.30793, -36.27352 ], [ -70.30767, -36.27393 ], [ -70.30706, -36.27432 ], [ -70.30704, -36.27465 ], [ -70.30674, -36.27503 ], [ -70.30697, -36.2752 ], [ -70.30659, -36.27553 ], [ -70.30661, -36.27578 ], [ -70.30653, -36.27588 ], [ -70.3059, -36.27571 ], [ -70.30524, -36.27599 ], [ -70.30496, -36.27701 ], [ -70.30459, -36.2773 ], [ -70.3042, -36.27847 ], [ -70.30283, -36.27906 ], [ -70.30221, -36.27892 ], [ -70.30172, -36.27908 ] ] ] } },
{ "type": "Feature", "properties": { "nombre": "Arroyo Buta Mallin", "tipo": "stream", "volcan_codigo": "LDM", "volcan_nombre": "Laguna del Maule", "drena_volcan": false }, "geometry": { "type": "MultiLineString", "coordinates": [ [ [ -70.2831, -36.35606 ], [ -70.28326, -36.35587 ], [ -70.28312, -36.35586 ], [ -70.28324, -36.35569 ], [ -70.28309, -36.35558 ], [ -70.28337, -36.35553 ], [ -70.28337, -36.3559 ], [ -70.28361, -36.35593 ], [ -70.28351, -36.35583 ], [ -70.28371, -36.35564 ], [ -70.2836, -36.35549 ], [ -70.28398, -36.35495 ], [ -70.28502, -36.35427 ], [ -70.28468, -36.35408 ], [ -70.28502, -36.35374 ], [ -70.28516, -36.35387 ], [ -70.28506, -36.35353 ], [ -70.28535, -36.35342 ], [ -70.28517, -36.35331 ], [ -70.28544, -36.35292 ], [ -70.28541, -36.35262 ], [ -70.28574, -36.35253 ], [ -70.28573, -36.35235 ], [ -70.28558, -36.35234 ], [ -70.2864, -36.35175 ], [ -70.2865, -36.35151 ], [ -70.28685, -36.35155 ], [ -70.28681, -36.35141 ], [ -70.28761, -36.3512 ], [ -70.28749, -36.35114 ], [ -70.28766, -36.35097 ], [ -70.28753, -36.35024 ], [ -70.28781, -36.34984 ], [ -70.28779, -36.34895 ], [ -70.28743, -36.3482 ], [ -70.28761, -36.34819 ], [ -70.28768, -36.34747 ], [ -70.2882, -36.34747 ], [ -70.28834, -36.34769 ], [ -70.28891, -36.34794 ], [ -70.29016, -36.34727 ], [ -70.2905, -36.3473 ], [ -70.29125, -36.34671 ], [ -70.29237, -36.34634 ], [ -70.29279, -36.34645 ], [ -70.2935, -36.3458 ], [ -70.2939, -36.3458 ], [ -70.29418, -36.34556 ], [ -70.29474, -36.34544 ], [ -70.29484, -36.34524 ], [ -70.29472, -36.34493 ], [ -70.29549, -36.34419 ], [ -70.29547, -36.3437 ], [ -70.29643, -36.34334 ], [ -70.29702, -36.34337 ], [ -70.29738, -36.34274 ], [ -70.29767, -36.34255 ], [ -70.29859, -36.34237 ], [ -70.29879, -36.34209 ], [ -70.29869, -36.34187 ], [ -70.29889, -36.34167 ], [ -70.29871, -36.34125 ], [ -70.29892, -36.34111 ], [ -70.29908, -36.34052 ], [ -70.29956, -36.34009 ], [ -70.29977, -36.34013 ], [ -70.29988, -36.33987 ], [ -70.29959, -36.33941 ], [ -70.29888, -36.33971 ], [ -70.29826, -36.33956 ], [ -70.29783, -36.33971 ], [ -70.29767, -36.3392 ] ], [ [ -70.27936, -36.38806 ], [ -70.27899, -36.38688 ], [ -70.27913, -36.38618 ], [ -70.27886, -36.38548 ], [ -70.27901, -36.38532 ], [ -70.27894, -36.38484 ], [ -70.27911, -36.38443 ], [ -70.279, -36.38395 ], [ -70.27957, -36.383 ], [ -70.2795, -36.38245 ], [ -70.27971, -36.38192 ], [ -70.27955, -36.38146 ], [ -70.27951, -36.38036 ], [ -70.2799, -36.37924 ], [ -70.28016, -36.37894 ], [ -70.27994, -36.3786 ], [ -70.27998, -36.37836 ], [ -70.2801, -36.37818 ], [ -70.28055, -36.37837 ], [ -70.28102, -36.3782 ], [ -70.28125, -36.37767 ], [ -70.28095, -36.37759 ], [ -70.28117, -36.37741 ], [ -70.28128, -36.37693 ], [ -70.28231, -36.37623 ], [ -70.28221, -36.37511 ], [ -70.28244, -36.37452 ], [ -70.2823, -36.37406 ], [ -70.2829, -36.37263 ], [ -70.28296, -36.37212 ], [ -70.28261, -36.37145 ], [ -70.28257, -36.3709 ], [ -70.28275, -36.37052 ], [ -70.28245, -36.37007 ], [ -70.28269, -36.36978 ], [ -70.28285, -36.36892 ], [ -70.2836, -36.36843 ], [ -70.28393, -36.36792 ], [ -70.2837, -36.3676 ], [ -70.28375, -36.36745 ], [ -70.28352, -36.36744 ], [ -70.28357, -36.36682 ], [ -70.28426, -36.36622 ], [ -70.2849, -36.3661 ], [ -70.28561, -36.36536 ], [ -70.28482, -36.36487 ], [ -70.28463, -36.36456 ], [ -70.28414, -36.3645 ], [ -70.28269, -36.36361 ], [ -70.28225, -36.36293 ], [ -70.28182, -36.36277 ], [ -70.28186, -36.36255 ], [ -70.28207, -36.36245 ], [ -70.28193, -36.36239 ], [ -70.28204, -36.36225 ], [ -70.2819, -36.3621 ], [ -70.28206, -36.36208 ], [ -70.28194, -36.36126 ], [ -70.28237, -36.36134 ], [ -70.28244, -36.36115 ], [ -70.28201, -36.3611 ], [ -70.282, -36.3609 ], [ -70.28249, -36.36092 ], [ -70.28235, -36.36061 ], [ -70.28196, -36.36056 ], [ -70.28233, -36.36045 ], [ -70.28207, -36.36023 ], [ -70.28232, -36.36028 ], [ -70.28224, -36.36009 ], [ -70.28267, -36.35998 ], [ -70.28253, -36.35994 ], [ -70.28254, -36.35963 ], [ -70.28271, -36.35957 ], [ -70.28262, -36.35938 ], [ -70.28286, -36.35956 ], [ -70.283, -36.35931 ], [ -70.28331, -36.3593 ], [ -70.283, -36.35904 ], [ -70.2832, -36.35898 ], [ -70.28286, -36.35856 ], [ -70.28291, -36.35843 ], [ -70.28306, -36.35849 ], [ -70.283, -36.35791 ], [ -70.28336, -36.35784 ], [ -70.28325, -36.35759 ], [ -70.28342, -36.35753 ], [ -70.28326, -36.35739 ], [ -70.28372, -36.35711 ], [ -70.28362, -36.35688 ], [ -70.28299, -36.3569 ], [ -70.28297, -36.35661 ], [ -70.28317, -36.3565 ], [ -70.28294, -36.35644 ], [ -70.2832, -36.35623 ], [ -70.28295, -36.35625 ], [ -70.2829, -36.35608 ], [ -70.2831, -36.35606 ] ] ] } },
{ "type": "Feature", "properties": { "nombre": "Arroyo Cajón Choroyes", "tipo": "river", "volcan_codigo": "LDM", "volcan_nombre": "Laguna del Maule", "drena_volcan": false }, "geometry": { "type": "LineString", "coordinates": [ [ -70.53174, -36.34469 ], [ -70.53373, -36.34405 ], [ -70.53578, -36.34306 ], [ -70.53601, -36.34329 ], [ -70.54119, -36.34098 ], [ -70.54236, -36.33897 ], [ -70.54387, -36.33745 ], [ -70.54573, -36.33336 ], [ -70.54869, -36.32892 ], [ -70.55695, -36.32225 ], [ -70.56291, -36.32007 ], [ -70.56491, -36.3199 ], [ -70.56902, -36.31868 ] ] } },
{ "type": "Feature", "properties": { "nombre": "Arroyo Cajón de Benítez", "tipo": "river", "volcan_codigo": "LDM", "volcan_nombre": "Laguna del Maule", "drena_volcan": false }, "geometry": { "type": "LineString", "coordinates": [ [ -70.67267, -36.25604 ], [ -70.672, -36.25677 ], [ -70.67194, -36.25751 ], [ -70.67071, -36.25834 ], [ -70.66833, -36.2608 ], [ -70.66795, -36.26236 ], [ -70.66717, -36.26357 ], [ -70.6664, -36.26428 ], [ -70.66593, -36.26578 ], [ -70.66621, -36.26886 ], [ -70.66722, -36.27009 ], [ -70.66721, -36.27113 ], [ -70.66672, -36.27232 ], [ -70.66687, -36.27268 ], [ -70.66546, -36.2737 ], [ -70.66548, -36.27388 ], [ -70.66591, -36.27409 ], [ -70.66518, -36.27524 ], [ -70.66152, -36.28232 ], [ -70.65891, -36.28782 ], [ -70.65606, -36.29513 ], [ -70.65321, -36.30034 ], [ -70.65256, -36.30354 ] ] } },
{ "type": "Feature", "properties": { "nombre": "Arroyo Cajón de la Burra", "tipo": "river", "volcan_codigo": "LDM", "volcan_nombre": "Laguna del Maule", "drena_volcan": false }, "geometry": { "type": "LineString", "coordinates": [ [ -70.53027, -36.27535 ], [ -70.53387, -36.28149 ], [ -70.54046, -36.28303 ], [ -70.54387, -36.28464 ], [ -70.54561, -36.28743 ], [ -70.54801, -36.28838 ], [ -70.54971, -36.29066 ], [ -70.5519, -36.2948 ], [ -70.55222, -36.2981 ], [ -70.5552, -36.30254 ], [ -70.5581, -36.30408 ], [ -70.56018, -36.30673 ], [ -70.56218, -36.31153 ], [ -70.56504, -36.31685 ], [ -70.5741, -36.32102 ], [ -70.58057, -36.32227 ], [ -70.59456, -36.32269 ], [ -70.60544, -36.32123 ], [ -70.6088, -36.31768 ], [ -70.61413, -36.31795 ] ] } },
{ "type": "Feature", "properties": { "nombre": "Arroyo Chacaico", "tipo": "river", "volcan_codigo": "LDM", "volcan_nombre": "Laguna del Maule", "drena_volcan": false }, "geometry": { "type": "MultiLineString", "coordinates": [ [ [ -70.48223, -36.41619 ], [ -70.48249, -36.41623 ], [ -70.48266, -36.41706 ], [ -70.4825, -36.41801 ], [ -70.48216, -36.41885 ], [ -70.48226, -36.41936 ], [ -70.48102, -36.42057 ], [ -70.48051, -36.42139 ], [ -70.47918, -36.4225 ], [ -70.47859, -36.42373 ], [ -70.47849, -36.42434 ], [ -70.47829, -36.4245 ], [ -70.47824, -36.42523 ], [ -70.47684, -36.42687 ], [ -70.47669, -36.42768 ], [ -70.47623, -36.42867 ], [ -70.47635, -36.4293 ], [ -70.47606, -36.42947 ], [ -70.47506, -36.4313 ], [ -70.47438, -36.43208 ], [ -70.47367, -36.43248 ], [ -70.4735, -36.43339 ], [ -70.47383, -36.43359 ], [ -70.4739, -36.43392 ], [ -70.47318, -36.4349 ], [ -70.47204, -36.43563 ], [ -70.4716, -36.43642 ], [ -70.47151, -36.43727 ], [ -70.47175, -36.43867 ], [ -70.47152, -36.43897 ], [ -70.47155, -36.43946 ], [ -70.47067, -36.44048 ], [ -70.4709, -36.44095 ], [ -70.47067, -36.44164 ], [ -70.47027, -36.44189 ], [ -70.47022, -36.4421 ], [ -70.47092, -36.44282 ], [ -70.47068, -36.4438 ], [ -70.4717, -36.44448 ], [ -70.47261, -36.4446 ], [ -70.47307, -36.44445 ], [ -70.47335, -36.44458 ], [ -70.47341, -36.44524 ], [ -70.47462, -36.44669 ], [ -70.47474, -36.44762 ], [ -70.47505, -36.44782 ], [ -70.47564, -36.4487 ], [ -70.47614, -36.4489 ], [ -70.47622, -36.44912 ], [ -70.47674, -36.44943 ], [ -70.47725, -36.45025 ], [ -70.47779, -36.45069 ], [ -70.47801, -36.45132 ], [ -70.47852, -36.4517 ], [ -70.47919, -36.45277 ], [ -70.47914, -36.45307 ], [ -70.47948, -36.45354 ], [ -70.4807, -36.45343 ], [ -70.48077, -36.45398 ], [ -70.48104, -36.45421 ], [ -70.48231, -36.45475 ], [ -70.48243, -36.45554 ], [ -70.48309, -36.4556 ], [ -70.48356, -36.4562 ], [ -70.48482, -36.45672 ], [ -70.48493, -36.45704 ], [ -70.4873, -36.45773 ], [ -70.48758, -36.4579 ], [ -70.48762, -36.45821 ], [ -70.48826, -36.45872 ], [ -70.4887, -36.45853 ], [ -70.48948, -36.45892 ], [ -70.49057, -36.45911 ], [ -70.49125, -36.45899 ], [ -70.49152, -36.45879 ], [ -70.49223, -36.45878 ], [ -70.49368, -36.45829 ], [ -70.49502, -36.45885 ], [ -70.49544, -36.45918 ], [ -70.49644, -36.4592 ], [ -70.4969, -36.45941 ], [ -70.49787, -36.45938 ], [ -70.49844, -36.45977 ], [ -70.49887, -36.45967 ], [ -70.49911, -36.45922 ], [ -70.50067, -36.45901 ], [ -70.50146, -36.45916 ], [ -70.50266, -36.45859 ], [ -70.50395, -36.4591 ], [ -70.50448, -36.45909 ], [ -70.5052, -36.45847 ], [ -70.50579, -36.45828 ], [ -70.50622, -36.45863 ], [ -70.50691, -36.45866 ], [ -70.50753, -36.4585 ], [ -70.50913, -36.45759 ], [ -70.51127, -36.45809 ], [ -70.51245, -36.4588 ], [ -70.51297, -36.45969 ], [ -70.51293, -36.46022 ], [ -70.5135, -36.46128 ], [ -70.51409, -36.46176 ], [ -70.51489, -36.46173 ], [ -70.51565, -36.46117 ], [ -70.51718, -36.46111 ], [ -70.52044, -36.46011 ], [ -70.5209, -36.46019 ], [ -70.52243, -36.46117 ], [ -70.52254, -36.46134 ], [ -70.52247, -36.46262 ], [ -70.52331, -36.46259 ], [ -70.52404, -36.46231 ], [ -70.52477, -36.46154 ], [ -70.52507, -36.46143 ], [ -70.52541, -36.46191 ], [ -70.52539, -36.46243 ], [ -70.5257, -36.46316 ], [ -70.52709, -36.46345 ], [ -70.52804, -36.46327 ], [ -70.52861, -36.46259 ], [ -70.5295, -36.46226 ], [ -70.53042, -36.46243 ], [ -70.53153, -36.46223 ], [ -70.53244, -36.46256 ], [ -70.53274, -36.46296 ], [ -70.53324, -36.46312 ], [ -70.53378, -36.46306 ], [ -70.53417, -36.46249 ], [ -70.53469, -36.46214 ], [ -70.53582, -36.46251 ], [ -70.53659, -36.46261 ], [ -70.53802, -36.46245 ], [ -70.5391, -36.46296 ], [ -70.54253, -36.46322 ], [ -70.54331, -36.46344 ], [ -70.54363, -36.46397 ], [ -70.54343, -36.46427 ], [ -70.5433, -36.46525 ], [ -70.54345, -36.46613 ], [ -70.5442, -36.46672 ], [ -70.54556, -36.46709 ], [ -70.54589, -36.4681 ], [ -70.54715, -36.46915 ], [ -70.54677, -36.47016 ], [ -70.5464, -36.47058 ], [ -70.54548, -36.47081 ], [ -70.54498, -36.47131 ], [ -70.54569, -36.47216 ], [ -70.54558, -36.47237 ], [ -70.54497, -36.4725 ], [ -70.5446, -36.47276 ], [ -70.54522, -36.47392 ], [ -70.54458, -36.47567 ], [ -70.54461, -36.47597 ], [ -70.5453, -36.476 ], [ -70.54551, -36.47621 ], [ -70.54498, -36.4771 ], [ -70.54514, -36.47729 ], [ -70.54588, -36.47731 ], [ -70.54602, -36.47749 ], [ -70.54606, -36.47874 ], [ -70.54671, -36.48144 ], [ -70.54657, -36.48213 ], [ -70.54744, -36.48343 ] ], [ [ -70.48367, -36.4016 ], [ -70.4836, -36.40174 ], [ -70.48401, -36.40268 ], [ -70.48501, -36.4036 ], [ -70.48464, -36.40381 ], [ -70.48516, -36.40461 ], [ -70.48532, -36.40535 ], [ -70.48521, -36.40594 ], [ -70.48435, -36.40684 ], [ -70.48305, -36.40774 ], [ -70.48235, -36.40752 ], [ -70.48199, -36.40773 ], [ -70.482, -36.40825 ], [ -70.48133, -36.40893 ], [ -70.48113, -36.41026 ], [ -70.4802, -36.41068 ], [ -70.47975, -36.41117 ] ], [ [ -70.25456, -36.29979 ], [ -70.25301, -36.30148 ], [ -70.25304, -36.3019 ], [ -70.25337, -36.30247 ], [ -70.25307, -36.30395 ], [ -70.25372, -36.30503 ], [ -70.25383, -36.30586 ], [ -70.253, -36.30685 ], [ -70.2528, -36.30767 ], [ -70.25305, -36.30881 ], [ -70.25307, -36.31003 ], [ -70.25392, -36.31106 ], [ -70.25382, -36.31151 ], [ -70.25232, -36.31343 ], [ -70.25217, -36.31379 ], [ -70.25226, -36.31508 ], [ -70.25101, -36.31621 ], [ -70.24992, -36.31666 ], [ -70.24994, -36.31685 ], [ -70.2502, -36.31699 ], [ -70.25042, -36.31805 ], [ -70.25022, -36.31835 ], [ -70.24871, -36.31937 ], [ -70.24793, -36.3209 ], [ -70.24733, -36.32147 ] ], [ [ -70.2524, -36.27218 ], [ -70.25246, -36.27274 ], [ -70.25328, -36.27369 ], [ -70.25364, -36.27457 ], [ -70.25347, -36.2762 ], [ -70.25302, -36.27693 ], [ -70.25289, -36.27757 ], [ -70.25292, -36.27817 ], [ -70.25334, -36.27947 ], [ -70.25259, -36.2806 ], [ -70.25308, -36.28118 ], [ -70.25322, -36.28165 ], [ -70.25312, -36.28196 ], [ -70.25276, -36.28226 ], [ -70.25269, -36.28304 ], [ -70.25235, -36.28388 ], [ -70.25241, -36.28423 ], [ -70.25332, -36.28482 ], [ -70.25349, -36.28838 ], [ -70.25333, -36.28886 ], [ -70.25198, -36.28974 ], [ -70.25167, -36.29065 ], [ -70.25165, -36.29157 ], [ -70.2524, -36.29315 ], [ -70.25305, -36.29353 ], [ -70.25311, -36.29393 ], [ -70.25309, -36.29481 ], [ -70.2527, -36.2953 ], [ -70.25262, -36.29575 ], [ -70.2522, -36.29646 ], [ -70.25232, -36.29705 ], [ -70.25312, -36.29797 ], [ -70.254, -36.29859 ], [ -70.25431, -36.29956 ], [ -70.25456, -36.29979 ] ] ] } },
{ "type": "Feature", "properties": { "nombre": "Arroyo Chañas", "tipo": "river", "volcan_codigo": "LDM", "volcan_nombre": "Laguna del Maule", "drena_volcan": false }, "geometry": { "type": "MultiLineString", "coordinates": [ [ [ -70.87698, -36.40711 ], [ -70.87658, -36.40781 ], [ -70.87671, -36.40807 ], [ -70.87656, -36.40891 ], [ -70.87687, -36.40927 ], [ -70.87684, -36.40969 ], [ -70.8764, -36.41021 ], [ -70.8766, -36.41073 ], [ -70.87594, -36.41354 ], [ -70.87564, -36.41398 ], [ -70.87567, -36.4142 ], [ -70.87504, -36.41482 ], [ -70.87501, -36.41503 ], [ -70.87586, -36.41538 ], [ -70.87557, -36.41597 ], [ -70.87574, -36.41629 ], [ -70.87613, -36.41639 ], [ -70.87672, -36.41705 ], [ -70.87643, -36.41741 ], [ -70.87656, -36.41795 ], [ -70.87697, -36.41834 ], [ -70.87656, -36.41853 ], [ -70.87626, -36.41921 ], [ -70.87528, -36.41939 ], [ -70.87518, -36.41972 ], [ -70.87447, -36.4204 ], [ -70.87423, -36.42052 ], [ -70.87357, -36.42043 ], [ -70.87291, -36.421 ], [ -70.87188, -36.42139 ], [ -70.87156, -36.42192 ], [ -70.87116, -36.42208 ], [ -70.87072, -36.42204 ], [ -70.86941, -36.42265 ], [ -70.86825, -36.42389 ], [ -70.86824, -36.42422 ], [ -70.86869, -36.42479 ], [ -70.86866, -36.42495 ], [ -70.8681, -36.42513 ], [ -70.86774, -36.4262 ], [ -70.86847, -36.42643 ], [ -70.86821, -36.42682 ], [ -70.8679, -36.42693 ], [ -70.86755, -36.42689 ], [ -70.86743, -36.4267 ], [ -70.86737, -36.42681 ], [ -70.86741, -36.42777 ], [ -70.86703, -36.42878 ], [ -70.86738, -36.42943 ], [ -70.86676, -36.43025 ], [ -70.86655, -36.43146 ], [ -70.86599, -36.4314 ], [ -70.86604, -36.43227 ], [ -70.86709, -36.4336 ], [ -70.86657, -36.43383 ], [ -70.8656, -36.43484 ], [ -70.86612, -36.43496 ], [ -70.86646, -36.43527 ], [ -70.86592, -36.43594 ], [ -70.8658, -36.43635 ], [ -70.86633, -36.43673 ], [ -70.86631, -36.43693 ], [ -70.86578, -36.43698 ], [ -70.86565, -36.4372 ], [ -70.86607, -36.43748 ], [ -70.86607, -36.43765 ], [ -70.86542, -36.43799 ], [ -70.86486, -36.43794 ], [ -70.86473, -36.43805 ], [ -70.86508, -36.43832 ], [ -70.86502, -36.43848 ], [ -70.86423, -36.43917 ], [ -70.86325, -36.43924 ], [ -70.86305, -36.44001 ], [ -70.86242, -36.4407 ], [ -70.86135, -36.44143 ], [ -70.86131, -36.44168 ], [ -70.86053, -36.44222 ], [ -70.85998, -36.44241 ], [ -70.85928, -36.44224 ], [ -70.85873, -36.44272 ], [ -70.85823, -36.44241 ], [ -70.85755, -36.4432 ], [ -70.85744, -36.44417 ], [ -70.85726, -36.44449 ], [ -70.85695, -36.44466 ], [ -70.85605, -36.44465 ], [ -70.85581, -36.44478 ], [ -70.85549, -36.44558 ], [ -70.85524, -36.44579 ], [ -70.8543, -36.44578 ], [ -70.85431, -36.44647 ], [ -70.85395, -36.4472 ], [ -70.85406, -36.44747 ], [ -70.85324, -36.44841 ], [ -70.85225, -36.44914 ], [ -70.85176, -36.4492 ], [ -70.85081, -36.44863 ], [ -70.85067, -36.44876 ], [ -70.85063, -36.44929 ], [ -70.84995, -36.44909 ], [ -70.84937, -36.44912 ], [ -70.84907, -36.44939 ], [ -70.84913, -36.44984 ], [ -70.84802, -36.44992 ], [ -70.84772, -36.45027 ], [ -70.84769, -36.45142 ], [ -70.84754, -36.45165 ], [ -70.84674, -36.452 ], [ -70.8463, -36.45298 ], [ -70.84477, -36.45486 ], [ -70.84105, -36.45655 ], [ -70.83905, -36.4596 ], [ -70.83756, -36.46015 ], [ -70.83693, -36.46065 ], [ -70.83597, -36.46064 ], [ -70.83518, -36.46113 ], [ -70.83348, -36.46275 ], [ -70.83293, -36.46291 ], [ -70.83268, -36.46312 ], [ -70.83248, -36.46405 ], [ -70.8326, -36.46499 ], [ -70.83185, -36.46558 ], [ -70.83125, -36.46551 ], [ -70.83051, -36.46569 ], [ -70.82822, -36.46718 ], [ -70.82736, -36.46714 ], [ -70.82711, -36.46734 ], [ -70.82635, -36.46744 ], [ -70.82477, -36.46891 ], [ -70.82446, -36.46951 ], [ -70.82272, -36.47021 ], [ -70.82146, -36.4701 ], [ -70.82102, -36.47066 ], [ -70.82096, -36.47125 ], [ -70.82076, -36.4714 ], [ -70.81923, -36.47158 ], [ -70.81877, -36.47202 ], [ -70.81776, -36.47218 ], [ -70.81708, -36.47314 ], [ -70.81662, -36.47322 ], [ -70.81632, -36.47306 ], [ -70.81615, -36.47272 ], [ -70.81617, -36.47215 ], [ -70.8157, -36.47202 ], [ -70.81466, -36.47267 ], [ -70.81378, -36.47281 ], [ -70.81345, -36.47308 ], [ -70.81274, -36.47325 ], [ -70.81191, -36.47327 ], [ -70.81121, -36.47293 ], [ -70.81078, -36.47293 ], [ -70.80999, -36.47332 ], [ -70.80972, -36.47308 ], [ -70.80925, -36.47306 ], [ -70.80781, -36.47365 ], [ -70.8068, -36.47439 ], [ -70.80648, -36.4745 ], [ -70.8056, -36.4744 ], [ -70.80514, -36.47461 ] ], [ [ -70.8779, -36.40148 ], [ -70.87814, -36.40184 ], [ -70.87806, -36.40256 ], [ -70.87697, -36.40356 ], [ -70.87686, -36.40408 ], [ -70.87695, -36.40454 ], [ -70.87673, -36.40551 ], [ -70.87705, -36.4065 ], [ -70.87698, -36.40711 ] ] ] } },
{ "type": "Feature", "properties": { "nombre": "Arroyo Coli Mallín", "tipo": "stream", "volcan_codigo": "LDM", "volcan_nombre": "Laguna del Maule", "drena_volcan": false }, "geometry": { "type": "LineString", "coordinates": [ [ -70.24638, -36.13858 ], [ -70.24747, -36.13893 ], [ -70.24771, -36.13944 ], [ -70.24925, -36.14073 ], [ -70.25045, -36.14204 ], [ -70.25189, -36.14306 ], [ -70.25229, -36.14358 ], [ -70.25239, -36.14478 ], [ -70.25286, -36.1457 ], [ -70.25313, -36.14695 ], [ -70.25368, -36.14784 ], [ -70.25444, -36.14846 ], [ -70.25471, -36.14907 ], [ -70.25541, -36.14984 ], [ -70.25556, -36.14984 ], [ -70.25639, -36.15123 ], [ -70.25827, -36.15295 ], [ -70.25901, -36.15397 ], [ -70.25918, -36.15484 ], [ -70.25898, -36.15617 ], [ -70.25913, -36.15648 ], [ -70.25977, -36.15684 ], [ -70.26063, -36.15698 ], [ -70.26203, -36.1581 ], [ -70.26229, -36.15922 ], [ -70.26231, -36.16091 ], [ -70.26246, -36.16117 ], [ -70.26215, -36.16239 ], [ -70.2623, -36.16287 ], [ -70.2622, -36.16389 ], [ -70.26198, -36.16417 ], [ -70.2625, -36.16428 ], [ -70.26292, -36.16469 ], [ -70.26309, -36.16491 ], [ -70.26307, -36.1653 ], [ -70.26358, -36.16551 ], [ -70.26357, -36.1658 ], [ -70.26397, -36.16601 ], [ -70.26416, -36.16576 ], [ -70.26432, -36.16582 ], [ -70.26474, -36.16634 ], [ -70.26525, -36.16647 ], [ -70.26549, -36.16691 ], [ -70.26577, -36.1667 ], [ -70.26584, -36.1668 ], [ -70.26582, -36.16715 ], [ -70.2655, -36.16734 ], [ -70.26593, -36.16776 ], [ -70.2663, -36.16904 ], [ -70.26665, -36.16973 ], [ -70.26739, -36.17017 ], [ -70.26803, -36.17121 ], [ -70.26747, -36.17244 ], [ -70.27005, -36.17371 ], [ -70.27107, -36.17378 ], [ -70.27149, -36.17405 ], [ -70.27192, -36.17398 ], [ -70.2724, -36.17431 ], [ -70.27263, -36.17411 ], [ -70.27358, -36.17449 ], [ -70.2737, -36.17486 ], [ -70.27346, -36.17505 ], [ -70.27358, -36.17534 ], [ -70.27301, -36.17597 ], [ -70.27417, -36.17727 ], [ -70.27536, -36.1769 ], [ -70.27553, -36.17603 ], [ -70.27597, -36.17578 ], [ -70.27722, -36.17605 ], [ -70.27734, -36.1753 ], [ -70.27826, -36.175 ], [ -70.27891, -36.17444 ], [ -70.27961, -36.17426 ], [ -70.28083, -36.17428 ], [ -70.28221, -36.17463 ], [ -70.28231, -36.17489 ], [ -70.28337, -36.1753 ], [ -70.284, -36.17621 ], [ -70.28468, -36.17629 ], [ -70.28538, -36.17688 ], [ -70.28561, -36.17678 ], [ -70.28717, -36.17727 ], [ -70.28847, -36.17815 ], [ -70.28882, -36.17859 ] ] } },
{ "type": "Feature", "properties": { "nombre": "Arroyo Colimamel", "tipo": "river", "volcan_codigo": "LDM", "volcan_nombre": "Laguna del Maule", "drena_volcan": false }, "geometry": { "type": "LineString", "coordinates": [ [ -70.19462, -36.15355 ], [ -70.19505, -36.15447 ], [ -70.19499, -36.15499 ], [ -70.19546, -36.15573 ], [ -70.19543, -36.15625 ], [ -70.19576, -36.15634 ], [ -70.19607, -36.15682 ], [ -70.19667, -36.15713 ], [ -70.19681, -36.15786 ], [ -70.19704, -36.15821 ], [ -70.19699, -36.15864 ], [ -70.19721, -36.15905 ], [ -70.19812, -36.15962 ], [ -70.19918, -36.15994 ], [ -70.20079, -36.16075 ], [ -70.20109, -36.16062 ], [ -70.20148, -36.16075 ], [ -70.20288, -36.16159 ], [ -70.20325, -36.16211 ], [ -70.204, -36.1624 ], [ -70.20527, -36.16249 ], [ -70.20654, -36.16308 ], [ -70.20662, -36.16292 ], [ -70.20699, -36.16289 ], [ -70.20936, -36.16436 ], [ -70.21037, -36.16391 ], [ -70.21097, -36.16344 ], [ -70.21151, -36.16363 ], [ -70.21378, -36.16376 ], [ -70.21448, -36.16418 ], [ -70.21657, -36.16472 ], [ -70.2195, -36.16477 ], [ -70.2202, -36.16455 ], [ -70.22036, -36.16401 ], [ -70.22083, -36.1637 ], [ -70.22316, -36.16349 ], [ -70.22356, -36.16361 ], [ -70.22395, -36.16417 ], [ -70.22491, -36.16493 ], [ -70.22629, -36.16501 ], [ -70.22751, -36.16541 ], [ -70.22848, -36.16593 ], [ -70.2287, -36.16645 ], [ -70.22933, -36.1668 ], [ -70.2292, -36.16727 ], [ -70.22936, -36.16782 ], [ -70.22965, -36.16803 ], [ -70.22952, -36.16875 ], [ -70.22976, -36.16912 ], [ -70.22979, -36.16984 ], [ -70.22949, -36.17009 ], [ -70.2296, -36.17043 ], [ -70.22991, -36.17065 ], [ -70.22965, -36.17147 ], [ -70.23012, -36.17224 ], [ -70.23012, -36.17265 ], [ -70.23064, -36.17321 ], [ -70.23077, -36.17366 ], [ -70.2306, -36.17412 ], [ -70.23133, -36.1757 ], [ -70.23134, -36.17621 ], [ -70.23155, -36.17641 ], [ -70.23188, -36.17782 ], [ -70.23164, -36.17808 ], [ -70.23181, -36.17877 ], [ -70.23189, -36.17898 ], [ -70.23236, -36.17916 ], [ -70.23245, -36.17939 ], [ -70.23217, -36.17993 ], [ -70.23241, -36.1811 ], [ -70.23268, -36.18161 ], [ -70.23246, -36.18206 ], [ -70.23322, -36.18245 ], [ -70.23369, -36.18314 ], [ -70.23354, -36.18368 ], [ -70.23318, -36.18396 ], [ -70.2332, -36.18424 ], [ -70.233, -36.18453 ], [ -70.23352, -36.18535 ], [ -70.23385, -36.18557 ], [ -70.23408, -36.1862 ], [ -70.23533, -36.18756 ], [ -70.23528, -36.18775 ], [ -70.23702, -36.18838 ], [ -70.23766, -36.18899 ], [ -70.23793, -36.18889 ], [ -70.23894, -36.1891 ], [ -70.23933, -36.18957 ], [ -70.23996, -36.18989 ], [ -70.23995, -36.19022 ], [ -70.24059, -36.19051 ], [ -70.24079, -36.19078 ], [ -70.24135, -36.19083 ], [ -70.24338, -36.19174 ], [ -70.24357, -36.19218 ], [ -70.24404, -36.19224 ], [ -70.24427, -36.19251 ], [ -70.24479, -36.19267 ], [ -70.24562, -36.19354 ], [ -70.24638, -36.19391 ], [ -70.24683, -36.19465 ], [ -70.24781, -36.19464 ], [ -70.248, -36.19533 ], [ -70.24846, -36.19553 ], [ -70.24839, -36.19579 ], [ -70.24908, -36.19607 ], [ -70.2493, -36.19637 ], [ -70.24955, -36.19755 ], [ -70.25077, -36.19798 ], [ -70.25101, -36.19792 ], [ -70.25161, -36.19858 ], [ -70.25173, -36.19893 ], [ -70.25194, -36.19898 ], [ -70.25198, -36.19932 ], [ -70.25229, -36.19946 ], [ -70.25259, -36.19998 ], [ -70.25263, -36.20038 ], [ -70.25311, -36.20083 ], [ -70.25331, -36.20172 ], [ -70.25282, -36.20244 ], [ -70.2533, -36.20261 ], [ -70.25338, -36.20281 ], [ -70.25323, -36.20305 ], [ -70.2537, -36.20331 ], [ -70.25472, -36.20459 ], [ -70.25484, -36.20547 ], [ -70.25517, -36.20593 ], [ -70.25522, -36.20636 ], [ -70.25603, -36.20655 ], [ -70.25644, -36.20686 ], [ -70.25622, -36.20728 ], [ -70.25635, -36.20747 ], [ -70.2562, -36.20799 ], [ -70.25665, -36.2085 ], [ -70.25635, -36.20881 ], [ -70.25669, -36.21033 ], [ -70.25778, -36.21213 ], [ -70.25875, -36.21271 ], [ -70.25913, -36.2131 ], [ -70.25917, -36.21342 ], [ -70.25986, -36.21382 ], [ -70.26048, -36.21518 ], [ -70.26053, -36.2161 ], [ -70.26092, -36.21623 ], [ -70.26162, -36.21682 ], [ -70.26358, -36.21771 ], [ -70.26407, -36.21782 ], [ -70.26478, -36.21773 ], [ -70.26673, -36.21816 ], [ -70.26709, -36.2181 ], [ -70.26725, -36.21789 ], [ -70.26791, -36.21779 ], [ -70.26814, -36.21821 ], [ -70.26846, -36.21836 ], [ -70.26984, -36.21857 ], [ -70.27028, -36.21892 ], [ -70.27174, -36.21903 ], [ -70.27193, -36.21935 ], [ -70.27177, -36.21973 ], [ -70.27198, -36.22011 ], [ -70.27187, -36.22041 ], [ -70.27196, -36.22084 ], [ -70.27226, -36.22114 ], [ -70.27215, -36.22124 ], [ -70.27325, -36.22231 ], [ -70.27426, -36.22273 ], [ -70.27428, -36.22332 ], [ -70.27449, -36.22335 ], [ -70.27487, -36.22382 ], [ -70.27441, -36.22411 ], [ -70.27434, -36.22504 ], [ -70.27481, -36.22503 ], [ -70.27508, -36.2252 ], [ -70.27509, -36.22539 ], [ -70.27538, -36.22551 ], [ -70.27514, -36.22596 ], [ -70.27552, -36.22633 ], [ -70.27537, -36.22661 ], [ -70.27628, -36.22705 ], [ -70.27687, -36.22755 ], [ -70.27668, -36.22836 ], [ -70.27683, -36.2286 ], [ -70.27743, -36.22863 ], [ -70.2783, -36.22821 ], [ -70.27865, -36.22847 ], [ -70.27926, -36.22842 ], [ -70.2795, -36.22867 ], [ -70.27995, -36.22861 ], [ -70.28058, -36.22996 ], [ -70.28093, -36.23035 ] ] } },
{ "type": "Feature", "properties": { "nombre": "Arroyo Curamilio", "tipo": "river", "volcan_codigo": "LDM", "volcan_nombre": "Laguna del Maule", "drena_volcan": false }, "geometry": { "type": "MultiLineString", "coordinates": [ [ [ -70.5216, -36.20941 ], [ -70.52084, -36.20925 ], [ -70.52059, -36.20953 ], [ -70.51987, -36.20976 ], [ -70.51941, -36.20958 ], [ -70.51762, -36.21009 ], [ -70.51679, -36.21005 ], [ -70.515, -36.21036 ], [ -70.51395, -36.21038 ], [ -70.51318, -36.20994 ], [ -70.51236, -36.20988 ], [ -70.51189, -36.21052 ], [ -70.51147, -36.21031 ], [ -70.51106, -36.21038 ], [ -70.51006, -36.20982 ], [ -70.50984, -36.21014 ], [ -70.5096, -36.2101 ], [ -70.50932, -36.21028 ], [ -70.50916, -36.21064 ], [ -70.50857, -36.21078 ], [ -70.50801, -36.21056 ], [ -70.50816, -36.21032 ], [ -70.50807, -36.21022 ], [ -70.50672, -36.2105 ], [ -70.50639, -36.21032 ], [ -70.50579, -36.21061 ], [ -70.50491, -36.21019 ], [ -70.5045, -36.21034 ], [ -70.50452, -36.21074 ], [ -70.50422, -36.21095 ], [ -70.50334, -36.21086 ], [ -70.50285, -36.21064 ], [ -70.50116, -36.21076 ], [ -70.50051, -36.21085 ], [ -70.4998, -36.21142 ], [ -70.49945, -36.21136 ], [ -70.49893, -36.21094 ], [ -70.49853, -36.21132 ], [ -70.49724, -36.21165 ], [ -70.49699, -36.21145 ], [ -70.49715, -36.21119 ], [ -70.49683, -36.21111 ], [ -70.49541, -36.21182 ], [ -70.49473, -36.21197 ], [ -70.49391, -36.21168 ], [ -70.49342, -36.21195 ], [ -70.4928, -36.21184 ], [ -70.49204, -36.21223 ], [ -70.49078, -36.21225 ], [ -70.49029, -36.21242 ], [ -70.4901, -36.21226 ], [ -70.48957, -36.21234 ], [ -70.48893, -36.21202 ], [ -70.48805, -36.21244 ], [ -70.48768, -36.21224 ], [ -70.487, -36.21226 ], [ -70.48649, -36.21241 ], [ -70.48613, -36.2128 ], [ -70.48663, -36.21338 ], [ -70.48592, -36.21372 ], [ -70.48598, -36.21441 ], [ -70.48544, -36.21433 ], [ -70.48454, -36.2146 ], [ -70.48409, -36.21442 ], [ -70.48357, -36.21503 ], [ -70.48312, -36.21469 ], [ -70.48266, -36.21504 ], [ -70.48236, -36.21488 ], [ -70.4817, -36.21505 ], [ -70.48126, -36.21483 ], [ -70.4811, -36.21493 ], [ -70.48091, -36.21562 ], [ -70.48018, -36.21518 ], [ -70.47979, -36.21574 ], [ -70.47918, -36.21596 ], [ -70.47875, -36.2156 ], [ -70.47822, -36.21594 ], [ -70.47806, -36.21577 ], [ -70.47741, -36.21587 ], [ -70.47617, -36.21629 ], [ -70.47595, -36.21613 ], [ -70.47469, -36.21604 ], [ -70.47328, -36.21654 ], [ -70.4722, -36.21737 ], [ -70.47036, -36.21802 ], [ -70.46963, -36.21876 ], [ -70.46839, -36.21907 ], [ -70.46728, -36.21981 ], [ -70.46691, -36.22024 ], [ -70.467, -36.22049 ], [ -70.46676, -36.22082 ], [ -70.46526, -36.22202 ], [ -70.46426, -36.22317 ], [ -70.46424, -36.22367 ], [ -70.4637, -36.22442 ], [ -70.46343, -36.22512 ], [ -70.46298, -36.22553 ], [ -70.46294, -36.22592 ], [ -70.46204, -36.22629 ], [ -70.46129, -36.2271 ], [ -70.46082, -36.22731 ], [ -70.46003, -36.22806 ], [ -70.45922, -36.22814 ], [ -70.4592, -36.22851 ], [ -70.45875, -36.2289 ], [ -70.45895, -36.22924 ], [ -70.45867, -36.22976 ], [ -70.45763, -36.23042 ], [ -70.45763, -36.2308 ], [ -70.45744, -36.23101 ], [ -70.45671, -36.23129 ], [ -70.45594, -36.23237 ], [ -70.45436, -36.23279 ], [ -70.45348, -36.23336 ], [ -70.45277, -36.23342 ], [ -70.45243, -36.23383 ], [ -70.45203, -36.23391 ], [ -70.45137, -36.2344 ], [ -70.45097, -36.23446 ], [ -70.45046, -36.235 ], [ -70.44983, -36.23501 ], [ -70.44919, -36.23527 ], [ -70.4488, -36.23514 ], [ -70.44799, -36.23582 ], [ -70.44731, -36.23592 ], [ -70.44733, -36.23619 ], [ -70.44674, -36.23645 ], [ -70.44598, -36.2375 ], [ -70.44491, -36.23844 ], [ -70.44471, -36.23888 ], [ -70.4448, -36.23919 ], [ -70.44411, -36.2402 ], [ -70.44347, -36.24071 ] ], [ [ -70.41737, -36.25276 ], [ -70.41717, -36.25286 ], [ -70.417, -36.25336 ], [ -70.41707, -36.25369 ], [ -70.41734, -36.25392 ], [ -70.41723, -36.25432 ], [ -70.41747, -36.25466 ], [ -70.41742, -36.25507 ], [ -70.41623, -36.25506 ], [ -70.4159, -36.2552 ], [ -70.41635, -36.25612 ], [ -70.41533, -36.25639 ], [ -70.4149, -36.25696 ], [ -70.41479, -36.2581 ], [ -70.4146, -36.25822 ], [ -70.41392, -36.25814 ], [ -70.41358, -36.25858 ], [ -70.41346, -36.25921 ], [ -70.41258, -36.25975 ], [ -70.41248, -36.26001 ], [ -70.41283, -36.26055 ], [ -70.41174, -36.26193 ], [ -70.41191, -36.2623 ], [ -70.41182, -36.26249 ], [ -70.41131, -36.26277 ], [ -70.41076, -36.26349 ], [ -70.40999, -36.26341 ], [ -70.40893, -36.26433 ], [ -70.40789, -36.26443 ], [ -70.40763, -36.26534 ], [ -70.407, -36.26523 ], [ -70.40651, -36.26558 ], [ -70.40526, -36.26569 ], [ -70.40429, -36.2655 ], [ -70.40302, -36.26585 ], [ -70.40254, -36.26559 ], [ -70.40153, -36.26552 ], [ -70.40047, -36.26617 ], [ -70.39998, -36.26594 ], [ -70.39969, -36.26657 ], [ -70.39947, -36.26671 ], [ -70.39905, -36.26652 ], [ -70.39897, -36.26607 ], [ -70.3987, -36.26584 ], [ -70.39783, -36.26637 ], [ -70.39751, -36.26688 ], [ -70.39698, -36.26728 ], [ -70.39678, -36.26733 ], [ -70.39644, -36.26705 ], [ -70.3961, -36.26701 ], [ -70.39584, -36.26764 ], [ -70.39546, -36.26781 ], [ -70.39501, -36.2683 ], [ -70.39464, -36.26828 ], [ -70.39423, -36.2679 ], [ -70.39388, -36.26832 ], [ -70.39354, -36.26834 ], [ -70.39327, -36.2682 ], [ -70.39319, -36.26788 ], [ -70.39283, -36.26782 ], [ -70.39255, -36.2681 ], [ -70.39221, -36.26791 ], [ -70.39181, -36.26825 ], [ -70.39126, -36.26822 ], [ -70.39083, -36.26869 ], [ -70.38925, -36.2685 ], [ -70.38849, -36.26883 ], [ -70.38801, -36.26869 ], [ -70.38737, -36.26893 ], [ -70.38695, -36.26873 ], [ -70.38629, -36.26899 ], [ -70.38569, -36.26891 ], [ -70.38538, -36.26926 ], [ -70.38502, -36.26906 ], [ -70.38427, -36.26931 ], [ -70.38153, -36.26878 ], [ -70.38099, -36.26828 ], [ -70.37961, -36.26846 ], [ -70.37908, -36.26805 ], [ -70.37843, -36.26835 ], [ -70.37777, -36.26832 ], [ -70.37756, -36.26872 ], [ -70.37697, -36.26904 ], [ -70.37621, -36.26975 ], [ -70.37546, -36.26996 ], [ -70.37533, -36.27015 ], [ -70.37539, -36.27061 ], [ -70.3747, -36.27092 ], [ -70.37446, -36.27123 ], [ -70.37461, -36.27159 ], [ -70.37522, -36.27164 ], [ -70.37514, -36.27201 ], [ -70.3746, -36.27263 ], [ -70.37513, -36.27301 ], [ -70.37477, -36.27362 ], [ -70.37479, -36.27433 ], [ -70.37428, -36.2746 ], [ -70.3742, -36.27486 ], [ -70.3737, -36.27531 ], [ -70.37277, -36.27574 ], [ -70.37251, -36.27627 ], [ -70.37209, -36.27661 ], [ -70.37123, -36.27697 ], [ -70.37117, -36.2774 ] ], [ [ -70.53679, -36.2005 ], [ -70.53635, -36.20065 ], [ -70.53601, -36.20117 ], [ -70.53544, -36.20149 ], [ -70.53474, -36.20227 ], [ -70.53445, -36.20241 ], [ -70.5337, -36.20239 ], [ -70.53307, -36.20286 ], [ -70.53223, -36.2039 ], [ -70.53224, -36.20415 ], [ -70.53202, -36.2042 ], [ -70.53188, -36.20446 ], [ -70.53203, -36.20491 ], [ -70.53155, -36.20511 ], [ -70.53177, -36.20544 ], [ -70.53172, -36.20574 ], [ -70.53056, -36.2066 ], [ -70.53022, -36.20666 ], [ -70.52984, -36.20707 ], [ -70.5294, -36.20704 ], [ -70.52895, -36.20741 ], [ -70.52797, -36.20771 ], [ -70.5279, -36.20808 ], [ -70.52711, -36.20858 ], [ -70.5266, -36.20946 ], [ -70.52633, -36.20959 ], [ -70.52553, -36.20957 ], [ -70.52505, -36.20913 ], [ -70.52454, -36.209 ], [ -70.52396, -36.20907 ], [ -70.52339, -36.20879 ], [ -70.52306, -36.20898 ], [ -70.52275, -36.20887 ], [ -70.52202, -36.20906 ], [ -70.5216, -36.20941 ] ], [ [ -70.44347, -36.24071 ], [ -70.44229, -36.24142 ], [ -70.44185, -36.24208 ], [ -70.44133, -36.24243 ], [ -70.44113, -36.24306 ], [ -70.4409, -36.24326 ], [ -70.44058, -36.24325 ], [ -70.44027, -36.24299 ], [ -70.43991, -36.24332 ], [ -70.4392, -36.2435 ], [ -70.43831, -36.24329 ], [ -70.43807, -36.24357 ], [ -70.43805, -36.24396 ], [ -70.43731, -36.24434 ], [ -70.43683, -36.24434 ], [ -70.43658, -36.24461 ], [ -70.43489, -36.2451 ], [ -70.43482, -36.2453 ], [ -70.43517, -36.24577 ], [ -70.43507, -36.24606 ], [ -70.43359, -36.24613 ], [ -70.43293, -36.2468 ], [ -70.43218, -36.24688 ], [ -70.43194, -36.24722 ], [ -70.43164, -36.24734 ], [ -70.43053, -36.24736 ], [ -70.42995, -36.247 ], [ -70.4296, -36.24712 ], [ -70.42942, -36.24757 ], [ -70.42859, -36.24737 ], [ -70.42822, -36.24781 ], [ -70.42775, -36.24776 ], [ -70.42726, -36.24823 ], [ -70.42589, -36.24846 ], [ -70.42541, -36.24898 ], [ -70.42383, -36.24954 ], [ -70.42328, -36.2499 ], [ -70.42276, -36.24987 ], [ -70.42224, -36.25016 ], [ -70.42155, -36.2501 ], [ -70.42108, -36.25059 ], [ -70.42049, -36.25057 ], [ -70.41982, -36.25156 ], [ -70.4189, -36.25195 ], [ -70.41813, -36.25207 ], [ -70.41737, -36.25276 ] ] ] } },
{ "type": "Feature", "properties": { "nombre": "Arroyo Guanaco", "tipo": "river", "volcan_codigo": "LDM", "volcan_nombre": "Laguna del Maule", "drena_volcan": false }, "geometry": { "type": "LineString", "coordinates": [ [ -70.36578, -36.0222 ], [ -70.36449, -36.0217 ], [ -70.36348, -36.02224 ], [ -70.36234, -36.02245 ], [ -70.36186, -36.02239 ], [ -70.36128, -36.02276 ], [ -70.36024, -36.02302 ], [ -70.35965, -36.02283 ], [ -70.35904, -36.02221 ], [ -70.35848, -36.02213 ], [ -70.35787, -36.02226 ], [ -70.35655, -36.02174 ], [ -70.35558, -36.02163 ], [ -70.35377, -36.02044 ], [ -70.35282, -36.02052 ], [ -70.35222, -36.02082 ], [ -70.35166, -36.02009 ], [ -70.35022, -36.01954 ], [ -70.34968, -36.0195 ], [ -70.34961, -36.01927 ], [ -70.3493, -36.01911 ], [ -70.3475, -36.01916 ], [ -70.34641, -36.01888 ], [ -70.34553, -36.01959 ], [ -70.34527, -36.0201 ], [ -70.34508, -36.01998 ], [ -70.34458, -36.02014 ], [ -70.34442, -36.01984 ], [ -70.34465, -36.01966 ], [ -70.34462, -36.01948 ], [ -70.34342, -36.01951 ], [ -70.34413, -36.01901 ], [ -70.34401, -36.01891 ], [ -70.34303, -36.01917 ], [ -70.34222, -36.01976 ], [ -70.34156, -36.01977 ], [ -70.34104, -36.02017 ], [ -70.34072, -36.02008 ], [ -70.34045, -36.02028 ], [ -70.34011, -36.02015 ], [ -70.33932, -36.02025 ], [ -70.33843, -36.02003 ], [ -70.33772, -36.02021 ], [ -70.33761, -36.0205 ], [ -70.33784, -36.02114 ], [ -70.33769, -36.02212 ], [ -70.33709, -36.0228 ], [ -70.33652, -36.02301 ], [ -70.33587, -36.02358 ], [ -70.33492, -36.02328 ], [ -70.33426, -36.02347 ], [ -70.33342, -36.02311 ], [ -70.33297, -36.02346 ], [ -70.33237, -36.02288 ], [ -70.3317, -36.02262 ], [ -70.33172, -36.02229 ], [ -70.33113, -36.02158 ], [ -70.33068, -36.02071 ], [ -70.32953, -36.02063 ], [ -70.32908, -36.0204 ], [ -70.32861, -36.02047 ], [ -70.32826, -36.02079 ], [ -70.32666, -36.02004 ], [ -70.32606, -36.02011 ], [ -70.32573, -36.01985 ], [ -70.3251, -36.01981 ], [ -70.3245, -36.01949 ], [ -70.32419, -36.01871 ], [ -70.32358, -36.01857 ], [ -70.32245, -36.01797 ], [ -70.32114, -36.01816 ], [ -70.32017, -36.01812 ], [ -70.31917, -36.01843 ], [ -70.31867, -36.01827 ], [ -70.31793, -36.01865 ], [ -70.31745, -36.01847 ], [ -70.31677, -36.01895 ], [ -70.31505, -36.01863 ], [ -70.31322, -36.01877 ], [ -70.31253, -36.0175 ], [ -70.31217, -36.01726 ], [ -70.31158, -36.01717 ], [ -70.31154, -36.01677 ], [ -70.31117, -36.01639 ], [ -70.31025, -36.01609 ], [ -70.309, -36.01619 ], [ -70.30853, -36.01545 ], [ -70.30763, -36.01496 ], [ -70.30704, -36.01483 ], [ -70.30648, -36.01418 ], [ -70.30544, -36.01377 ], [ -70.30539, -36.01347 ], [ -70.3043, -36.01352 ], [ -70.30417, -36.01323 ], [ -70.30383, -36.01311 ], [ -70.30355, -36.01241 ], [ -70.30292, -36.01247 ], [ -70.30206, -36.0122 ], [ -70.30138, -36.01252 ], [ -70.30101, -36.01313 ], [ -70.2994, -36.0127 ], [ -70.29856, -36.01292 ], [ -70.29818, -36.01278 ], [ -70.29766, -36.01291 ], [ -70.29711, -36.01262 ] ] } },
{ "type": "Feature", "properties": { "nombre": "Arroyo Hondo", "tipo": "river", "volcan_codigo": "LDM", "volcan_nombre": "Laguna del Maule", "drena_volcan": false }, "geometry": { "type": "MultiLineString", "coordinates": [ [ [ -70.6959, -36.2961 ], [ -70.69643, -36.29649 ], [ -70.69667, -36.29707 ], [ -70.69733, -36.29762 ], [ -70.69905, -36.29815 ], [ -70.70007, -36.29876 ], [ -70.70136, -36.29901 ], [ -70.70212, -36.29896 ], [ -70.7029, -36.29863 ], [ -70.70476, -36.29873 ], [ -70.70493, -36.29864 ], [ -70.70495, -36.29813 ], [ -70.70559, -36.2977 ], [ -70.70596, -36.29723 ], [ -70.70658, -36.29725 ], [ -70.70674, -36.29691 ], [ -70.70706, -36.29677 ], [ -70.70795, -36.29697 ], [ -70.70927, -36.29678 ], [ -70.70988, -36.29702 ], [ -70.71019, -36.29692 ], [ -70.7104, -36.2965 ], [ -70.7109, -36.29634 ], [ -70.71125, -36.29648 ], [ -70.71178, -36.29643 ], [ -70.71321, -36.29721 ], [ -70.71359, -36.29717 ], [ -70.71511, -36.29758 ], [ -70.71523, -36.29784 ], [ -70.71607, -36.29802 ], [ -70.7166, -36.29849 ], [ -70.71728, -36.29874 ], [ -70.7178, -36.29864 ], [ -70.71793, -36.29875 ], [ -70.71867, -36.29845 ], [ -70.71941, -36.29876 ], [ -70.71988, -36.29848 ], [ -70.72044, -36.29843 ], [ -70.7208, -36.29872 ], [ -70.72141, -36.29886 ], [ -70.72255, -36.2984 ], [ -70.72349, -36.29842 ], [ -70.72419, -36.29807 ], [ -70.72454, -36.29806 ], [ -70.72539, -36.29828 ], [ -70.72634, -36.29815 ], [ -70.72755, -36.29827 ], [ -70.72942, -36.29895 ], [ -70.73144, -36.29849 ], [ -70.73541, -36.29851 ], [ -70.73696, -36.29831 ], [ -70.73757, -36.29845 ], [ -70.73901, -36.29826 ], [ -70.73967, -36.29795 ], [ -70.74059, -36.29807 ], [ -70.74213, -36.2974 ], [ -70.74344, -36.2972 ], [ -70.74525, -36.29665 ], [ -70.74656, -36.29653 ], [ -70.74806, -36.29558 ], [ -70.74856, -36.29546 ] ], [ [ -70.69286, -36.28553 ], [ -70.69244, -36.28595 ], [ -70.69101, -36.28525 ], [ -70.68981, -36.28568 ], [ -70.68956, -36.2864 ], [ -70.68969, -36.28701 ], [ -70.68952, -36.28734 ], [ -70.68968, -36.28767 ], [ -70.68958, -36.28868 ], [ -70.68981, -36.28906 ], [ -70.68978, -36.28949 ], [ -70.68996, -36.28994 ], [ -70.69076, -36.29031 ], [ -70.69132, -36.29132 ], [ -70.6926, -36.29232 ], [ -70.69287, -36.29341 ], [ -70.69344, -36.29408 ], [ -70.69383, -36.29485 ], [ -70.69486, -36.29534 ], [ -70.69519, -36.29596 ], [ -70.69563, -36.29589 ], [ -70.6959, -36.2961 ] ] ] } },
{ "type": "Feature", "properties": { "nombre": "Arroyo La Crianza", "tipo": "river", "volcan_codigo": "LDM", "volcan_nombre": "Laguna del Maule", "drena_volcan": false }, "geometry": { "type": "LineString", "coordinates": [ [ -70.54577, -36.37112 ], [ -70.54704, -36.37423 ], [ -70.5474, -36.37703 ], [ -70.54849, -36.37988 ], [ -70.54841, -36.3828 ], [ -70.54787, -36.38403 ], [ -70.54787, -36.38717 ], [ -70.54753, -36.38959 ], [ -70.54847, -36.39169 ], [ -70.54807, -36.39282 ], [ -70.54753, -36.39622 ], [ -70.54695, -36.39807 ], [ -70.54764, -36.40014 ], [ -70.54671, -36.40242 ], [ -70.54725, -36.40435 ], [ -70.54714, -36.40641 ], [ -70.54731, -36.40759 ], [ -70.54695, -36.40804 ], [ -70.54732, -36.40807 ], [ -70.5475, -36.40836 ], [ -70.54722, -36.40852 ], [ -70.54728, -36.40865 ], [ -70.54785, -36.4089 ], [ -70.54761, -36.40937 ], [ -70.548, -36.40956 ], [ -70.5506, -36.41509 ], [ -70.55285, -36.41522 ], [ -70.55388, -36.41814 ], [ -70.55791, -36.42086 ], [ -70.55802, -36.4211 ], [ -70.55786, -36.4214 ], [ -70.55741, -36.42153 ], [ -70.55751, -36.42175 ], [ -70.55808, -36.42175 ], [ -70.55816, -36.42196 ], [ -70.5582, -36.42262 ], [ -70.55793, -36.42274 ], [ -70.55793, -36.42345 ], [ -70.55834, -36.42401 ], [ -70.55831, -36.42442 ], [ -70.55865, -36.42493 ], [ -70.55856, -36.42511 ], [ -70.55828, -36.42516 ], [ -70.55848, -36.4255 ], [ -70.55916, -36.42567 ], [ -70.55956, -36.42648 ], [ -70.56009, -36.42688 ], [ -70.56022, -36.42721 ], [ -70.56007, -36.4276 ], [ -70.56026, -36.42823 ], [ -70.56052, -36.42854 ], [ -70.56106, -36.42874 ], [ -70.56104, -36.42915 ], [ -70.56191, -36.42966 ], [ -70.56207, -36.43058 ], [ -70.56142, -36.43098 ], [ -70.5618, -36.43115 ], [ -70.56174, -36.43159 ], [ -70.56142, -36.4317 ], [ -70.56171, -36.43209 ], [ -70.56159, -36.43257 ], [ -70.56192, -36.43401 ], [ -70.56263, -36.4351 ], [ -70.56298, -36.43536 ], [ -70.56358, -36.43541 ], [ -70.56397, -36.43524 ], [ -70.56453, -36.43587 ], [ -70.56632, -36.43582 ], [ -70.56657, -36.43605 ], [ -70.56664, -36.43573 ], [ -70.5672, -36.43602 ], [ -70.56894, -36.43575 ], [ -70.56995, -36.43595 ], [ -70.57241, -36.43454 ], [ -70.5732, -36.43505 ], [ -70.57355, -36.43498 ], [ -70.57417, -36.43531 ], [ -70.57534, -36.43556 ], [ -70.57871, -36.43506 ], [ -70.57951, -36.43546 ], [ -70.58048, -36.43521 ], [ -70.58043, -36.43554 ], [ -70.58066, -36.4356 ], [ -70.58138, -36.43549 ], [ -70.58108, -36.4353 ], [ -70.58123, -36.43521 ], [ -70.58392, -36.43515 ], [ -70.58435, -36.43562 ], [ -70.58491, -36.43552 ], [ -70.58514, -36.43583 ], [ -70.58498, -36.43616 ], [ -70.58522, -36.43657 ], [ -70.58769, -36.4362 ], [ -70.58816, -36.43598 ], [ -70.58782, -36.43556 ], [ -70.58916, -36.435 ], [ -70.58912, -36.43476 ], [ -70.5897, -36.4344 ], [ -70.59, -36.43393 ], [ -70.59032, -36.43398 ], [ -70.59003, -36.43439 ], [ -70.59016, -36.43461 ], [ -70.59037, -36.43463 ], [ -70.59066, -36.43448 ], [ -70.59114, -36.43456 ], [ -70.59142, -36.43434 ], [ -70.59164, -36.43452 ], [ -70.592, -36.43448 ], [ -70.59227, -36.43422 ], [ -70.59336, -36.43406 ], [ -70.59359, -36.43383 ], [ -70.59385, -36.43408 ], [ -70.59421, -36.43377 ], [ -70.59511, -36.43367 ], [ -70.59534, -36.4339 ], [ -70.59461, -36.43411 ], [ -70.59461, -36.43424 ], [ -70.59568, -36.43442 ], [ -70.59617, -36.4343 ], [ -70.59611, -36.43484 ], [ -70.59651, -36.43483 ], [ -70.5974, -36.43455 ], [ -70.59755, -36.43414 ], [ -70.5979, -36.43437 ], [ -70.5977, -36.43495 ], [ -70.59811, -36.43504 ], [ -70.59882, -36.43455 ], [ -70.59922, -36.43497 ], [ -70.59963, -36.43492 ], [ -70.60019, -36.43436 ], [ -70.6012, -36.43375 ] ] } },
{ "type": "Feature", "properties": { "nombre": "Arroyo La Parva", "tipo": "river", "volcan_codigo": "LDM", "volcan_nombre": "Laguna del Maule", "drena_volcan": false }, "geometry": { "type": "MultiLineString", "coordinates": [ [ [ -70.38321, -36.10927 ], [ -70.38366, -36.10982 ], [ -70.38394, -36.11101 ], [ -70.38524, -36.112 ], [ -70.38594, -36.11224 ], [ -70.38671, -36.11219 ], [ -70.3867, -36.11236 ], [ -70.38909, -36.1129 ], [ -70.3895, -36.11287 ], [ -70.39013, -36.11239 ], [ -70.39053, -36.11229 ], [ -70.39132, -36.11295 ], [ -70.39139, -36.11337 ], [ -70.39192, -36.11351 ], [ -70.39216, -36.11421 ], [ -70.39288, -36.11402 ], [ -70.3936, -36.11429 ], [ -70.39374, -36.11461 ], [ -70.39411, -36.11486 ], [ -70.3942, -36.11528 ], [ -70.39487, -36.11579 ], [ -70.39534, -36.11594 ], [ -70.3958, -36.11669 ], [ -70.39627, -36.11707 ], [ -70.39653, -36.11774 ], [ -70.39646, -36.11857 ], [ -70.39733, -36.11946 ], [ -70.39726, -36.11986 ], [ -70.39739, -36.12002 ], [ -70.39694, -36.12079 ], [ -70.39737, -36.12136 ], [ -70.39785, -36.12149 ], [ -70.39844, -36.1219 ], [ -70.39837, -36.12234 ], [ -70.39866, -36.12275 ], [ -70.39855, -36.12334 ], [ -70.39819, -36.1237 ], [ -70.39812, -36.12401 ], [ -70.39822, -36.12522 ], [ -70.3989, -36.12602 ], [ -70.39895, -36.12631 ], [ -70.39849, -36.12683 ], [ -70.39838, -36.1273 ], [ -70.39803, -36.12743 ], [ -70.39785, -36.12792 ], [ -70.39796, -36.12855 ], [ -70.39853, -36.12889 ], [ -70.39793, -36.12948 ], [ -70.39787, -36.12978 ], [ -70.39795, -36.13206 ], [ -70.39732, -36.13308 ], [ -70.39668, -36.13363 ], [ -70.39561, -36.13418 ], [ -70.39456, -36.13514 ], [ -70.39322, -36.13742 ], [ -70.39329, -36.14073 ], [ -70.39387, -36.14193 ], [ -70.39432, -36.14246 ], [ -70.39472, -36.14477 ] ], [ [ -70.39289, -36.17545 ], [ -70.39208, -36.17709 ], [ -70.39196, -36.17872 ], [ -70.39276, -36.18025 ], [ -70.39509, -36.18316 ], [ -70.3952, -36.18661 ], [ -70.39414, -36.18947 ], [ -70.39518, -36.19416 ] ], [ [ -70.39518, -36.19416 ], [ -70.39461, -36.19467 ], [ -70.39458, -36.19514 ] ], [ [ -70.39458, -36.19514 ], [ -70.39423, -36.19547 ], [ -70.39377, -36.19562 ], [ -70.39359, -36.19605 ], [ -70.39333, -36.19609 ], [ -70.39264, -36.19707 ], [ -70.39197, -36.19717 ], [ -70.3914, -36.19764 ], [ -70.39128, -36.19781 ], [ -70.3916, -36.19838 ], [ -70.39135, -36.19867 ], [ -70.39079, -36.19886 ], [ -70.39021, -36.19954 ], [ -70.39001, -36.20004 ], [ -70.38909, -36.20029 ], [ -70.38896, -36.20085 ], [ -70.38971, -36.20155 ], [ -70.38888, -36.20189 ], [ -70.3887, -36.20294 ], [ -70.38806, -36.20336 ], [ -70.38794, -36.20378 ], [ -70.38735, -36.20396 ], [ -70.38689, -36.20433 ], [ -70.38691, -36.20492 ], [ -70.38642, -36.20513 ], [ -70.38647, -36.20546 ], [ -70.38622, -36.20576 ], [ -70.38632, -36.20589 ], [ -70.38622, -36.20609 ], [ -70.38589, -36.20615 ], [ -70.38516, -36.20588 ], [ -70.3837, -36.20689 ], [ -70.38389, -36.20773 ], [ -70.38376, -36.20851 ], [ -70.38336, -36.20872 ], [ -70.38366, -36.20897 ], [ -70.38364, -36.20924 ], [ -70.38439, -36.20941 ], [ -70.38439, -36.2096 ], [ -70.38396, -36.21005 ], [ -70.38438, -36.21045 ], [ -70.38411, -36.21061 ], [ -70.38402, -36.21122 ], [ -70.38352, -36.21119 ], [ -70.38362, -36.21155 ], [ -70.38304, -36.21195 ], [ -70.38305, -36.21228 ], [ -70.38266, -36.21223 ], [ -70.38221, -36.21251 ], [ -70.38212, -36.21206 ], [ -70.38175, -36.21201 ], [ -70.38135, -36.21241 ], [ -70.38118, -36.21305 ], [ -70.38071, -36.2134 ], [ -70.38055, -36.21397 ], [ -70.37987, -36.21419 ], [ -70.37961, -36.21463 ], [ -70.37995, -36.21553 ], [ -70.37997, -36.21611 ], [ -70.37935, -36.21645 ], [ -70.37935, -36.21726 ], [ -70.37959, -36.21778 ], [ -70.38004, -36.21808 ], [ -70.37998, -36.21851 ], [ -70.38025, -36.21859 ], [ -70.38034, -36.21884 ], [ -70.38022, -36.2191 ], [ -70.37923, -36.21983 ], [ -70.37888, -36.22031 ], [ -70.37803, -36.22061 ], [ -70.3773, -36.22134 ], [ -70.37727, -36.22214 ], [ -70.37687, -36.22266 ], [ -70.37642, -36.22247 ], [ -70.37553, -36.22246 ], [ -70.37502, -36.22309 ], [ -70.37445, -36.22348 ], [ -70.37381, -36.2224 ], [ -70.37334, -36.22233 ], [ -70.37276, -36.22264 ], [ -70.37258, -36.22316 ], [ -70.3717, -36.223 ], [ -70.37107, -36.22335 ], [ -70.37074, -36.22381 ], [ -70.371, -36.22404 ] ] ] } },
{ "type": "Feature", "properties": { "nombre": "Arroyo Lamedero", "tipo": "stream", "volcan_codigo": "LDM", "volcan_nombre": "Laguna del Maule", "drena_volcan": false }, "geometry": { "type": "LineString", "coordinates": [ [ -70.72075, -36.42992 ], [ -70.72142, -36.43138 ], [ -70.72135, -36.43297 ], [ -70.72211, -36.43513 ], [ -70.72359, -36.43554 ], [ -70.72402, -36.43615 ], [ -70.72444, -36.43725 ], [ -70.72442, -36.43831 ], [ -70.72457, -36.43887 ], [ -70.72543, -36.4397 ], [ -70.72623, -36.44001 ], [ -70.72674, -36.44076 ], [ -70.72702, -36.44172 ], [ -70.7267, -36.44266 ], [ -70.72706, -36.4436 ], [ -70.72807, -36.44447 ], [ -70.72938, -36.44516 ], [ -70.72938, -36.44585 ], [ -70.72994, -36.44621 ], [ -70.7302, -36.44669 ], [ -70.7305, -36.44828 ], [ -70.73039, -36.44877 ], [ -70.73075, -36.45001 ], [ -70.73099, -36.45384 ], [ -70.73062, -36.45479 ], [ -70.73065, -36.45555 ], [ -70.73189, -36.45741 ], [ -70.73288, -36.45985 ], [ -70.73262, -36.46086 ], [ -70.73189, -36.46119 ], [ -70.73135, -36.46192 ], [ -70.73144, -36.46272 ], [ -70.73123, -36.46314 ] ] } },
{ "type": "Feature", "properties": { "nombre": "Arroyo Las Salimas", "tipo": "river", "volcan_codigo": "LDM", "volcan_nombre": "Laguna del Maule", "drena_volcan": false }, "geometry": { "type": "LineString", "coordinates": [ [ -70.27149, -36.06404 ], [ -70.27178, -36.06435 ], [ -70.27259, -36.06472 ], [ -70.27402, -36.06466 ], [ -70.27587, -36.065 ], [ -70.27697, -36.06613 ], [ -70.27687, -36.06704 ], [ -70.27702, -36.06716 ], [ -70.27681, -36.06765 ], [ -70.2768, -36.06823 ], [ -70.27703, -36.0687 ], [ -70.27716, -36.06972 ], [ -70.27678, -36.06995 ], [ -70.27674, -36.07039 ], [ -70.27746, -36.07099 ], [ -70.27804, -36.0726 ], [ -70.27848, -36.07298 ], [ -70.2784, -36.07313 ], [ -70.27878, -36.07382 ], [ -70.27871, -36.07426 ], [ -70.27897, -36.07477 ], [ -70.27893, -36.07513 ], [ -70.27972, -36.07635 ], [ -70.27963, -36.07701 ], [ -70.28032, -36.0779 ], [ -70.2803, -36.0797 ], [ -70.28121, -36.08094 ], [ -70.28281, -36.08211 ], [ -70.28276, -36.08284 ], [ -70.28308, -36.08358 ], [ -70.28304, -36.08388 ], [ -70.28347, -36.08464 ], [ -70.28324, -36.08492 ], [ -70.28347, -36.0852 ], [ -70.28322, -36.0854 ], [ -70.283, -36.0852 ], [ -70.28257, -36.08556 ], [ -70.28205, -36.08627 ], [ -70.28234, -36.08621 ], [ -70.28241, -36.08642 ], [ -70.28141, -36.08745 ], [ -70.28134, -36.08777 ], [ -70.28132, -36.08858 ], [ -70.28165, -36.08907 ], [ -70.28132, -36.08962 ], [ -70.2815, -36.08998 ], [ -70.28122, -36.09041 ], [ -70.28133, -36.09075 ], [ -70.28095, -36.091 ], [ -70.28118, -36.09161 ], [ -70.28093, -36.09206 ], [ -70.28104, -36.09221 ], [ -70.28086, -36.09247 ], [ -70.28086, -36.09292 ], [ -70.28109, -36.09312 ], [ -70.28101, -36.09338 ], [ -70.28123, -36.0937 ], [ -70.28096, -36.09402 ], [ -70.28101, -36.09431 ], [ -70.28083, -36.0947 ], [ -70.28126, -36.09506 ], [ -70.28104, -36.09525 ], [ -70.28126, -36.09589 ], [ -70.28109, -36.09664 ], [ -70.28138, -36.09688 ], [ -70.28138, -36.09763 ], [ -70.28158, -36.09783 ], [ -70.28137, -36.09806 ], [ -70.28136, -36.09885 ], [ -70.2811, -36.0992 ], [ -70.28116, -36.09949 ], [ -70.28096, -36.1001 ], [ -70.28121, -36.10034 ], [ -70.28092, -36.10075 ], [ -70.28074, -36.10078 ], [ -70.28091, -36.10102 ], [ -70.28088, -36.10156 ], [ -70.2804, -36.10278 ], [ -70.28085, -36.10388 ], [ -70.28071, -36.10417 ], [ -70.28092, -36.1042 ], [ -70.28055, -36.10465 ], [ -70.28057, -36.10532 ], [ -70.28041, -36.10571 ], [ -70.28081, -36.10604 ], [ -70.28068, -36.10625 ], [ -70.28128, -36.10663 ], [ -70.28133, -36.10711 ], [ -70.28189, -36.10777 ], [ -70.28197, -36.10827 ], [ -70.28228, -36.10857 ], [ -70.28369, -36.10886 ], [ -70.28389, -36.10907 ], [ -70.28428, -36.11018 ], [ -70.2841, -36.11068 ], [ -70.28448, -36.1113 ], [ -70.28549, -36.11234 ], [ -70.28577, -36.11291 ], [ -70.28564, -36.11326 ], [ -70.28573, -36.11358 ], [ -70.28605, -36.11384 ], [ -70.2857, -36.11469 ], [ -70.28545, -36.1173 ], [ -70.28599, -36.11868 ], [ -70.28654, -36.1189 ], [ -70.28753, -36.11995 ], [ -70.28766, -36.12067 ], [ -70.28766, -36.12133 ], [ -70.28735, -36.1224 ], [ -70.28642, -36.12342 ], [ -70.28648, -36.12375 ], [ -70.28679, -36.12383 ], [ -70.28656, -36.1244 ], [ -70.2856, -36.12492 ], [ -70.28488, -36.1257 ], [ -70.28449, -36.12579 ], [ -70.28434, -36.12637 ], [ -70.28398, -36.12668 ], [ -70.28415, -36.12711 ], [ -70.28363, -36.12789 ], [ -70.28387, -36.12818 ], [ -70.28387, -36.12871 ], [ -70.28358, -36.1294 ], [ -70.2837, -36.12976 ], [ -70.2835, -36.13005 ], [ -70.28361, -36.1308 ], [ -70.28288, -36.13145 ], [ -70.2825, -36.13263 ], [ -70.28245, -36.13365 ], [ -70.28248, -36.13405 ], [ -70.28351, -36.13463 ], [ -70.28368, -36.13515 ], [ -70.28341, -36.13575 ], [ -70.28376, -36.13583 ], [ -70.28383, -36.13663 ], [ -70.28437, -36.1369 ], [ -70.28443, -36.13707 ], [ -70.28444, -36.13741 ], [ -70.2842, -36.13777 ], [ -70.28455, -36.13883 ], [ -70.28429, -36.13943 ], [ -70.28484, -36.13969 ], [ -70.28524, -36.1406 ], [ -70.28597, -36.14112 ], [ -70.28623, -36.14196 ], [ -70.286, -36.14216 ], [ -70.28661, -36.14271 ], [ -70.286, -36.14388 ], [ -70.28656, -36.14504 ], [ -70.28642, -36.14519 ], [ -70.28663, -36.14558 ], [ -70.28652, -36.1465 ], [ -70.28606, -36.14711 ], [ -70.28642, -36.14768 ], [ -70.28576, -36.1485 ], [ -70.28567, -36.14906 ], [ -70.28584, -36.14925 ], [ -70.28562, -36.14974 ], [ -70.28571, -36.15002 ], [ -70.28622, -36.15045 ], [ -70.28626, -36.15118 ], [ -70.28654, -36.15172 ], [ -70.28706, -36.15215 ], [ -70.28697, -36.15236 ], [ -70.28722, -36.15307 ], [ -70.28696, -36.15341 ], [ -70.28769, -36.15415 ], [ -70.28764, -36.15502 ], [ -70.2883, -36.15678 ], [ -70.28817, -36.15918 ], [ -70.28864, -36.16014 ], [ -70.28908, -36.16056 ], [ -70.28927, -36.16114 ], [ -70.28947, -36.16123 ], [ -70.28983, -36.16103 ], [ -70.29054, -36.16206 ], [ -70.29119, -36.1624 ], [ -70.29154, -36.16356 ], [ -70.29157, -36.16412 ], [ -70.29125, -36.16491 ], [ -70.29144, -36.1654 ], [ -70.29128, -36.1656 ], [ -70.29132, -36.16632 ], [ -70.291, -36.16654 ], [ -70.29126, -36.16698 ], [ -70.29052, -36.1672 ], [ -70.29015, -36.16815 ], [ -70.29022, -36.16836 ], [ -70.28991, -36.16873 ], [ -70.28991, -36.16899 ], [ -70.29031, -36.16933 ], [ -70.29031, -36.1699 ], [ -70.29012, -36.17072 ], [ -70.28963, -36.17139 ], [ -70.28921, -36.17366 ], [ -70.28932, -36.17411 ], [ -70.28893, -36.17463 ], [ -70.28885, -36.17554 ], [ -70.28901, -36.17621 ], [ -70.28895, -36.17654 ], [ -70.28869, -36.17667 ], [ -70.28865, -36.17718 ], [ -70.28882, -36.17859 ], [ -70.28853, -36.17912 ], [ -70.28949, -36.17958 ], [ -70.28953, -36.18022 ], [ -70.29029, -36.18095 ], [ -70.29001, -36.18129 ], [ -70.2904, -36.18161 ], [ -70.29117, -36.1819 ], [ -70.29125, -36.1822 ], [ -70.29154, -36.18554 ], [ -70.29196, -36.18615 ], [ -70.29215, -36.18717 ], [ -70.29198, -36.18752 ], [ -70.29142, -36.18764 ], [ -70.29112, -36.18791 ], [ -70.29081, -36.18855 ], [ -70.2904, -36.18878 ], [ -70.2904, -36.18952 ], [ -70.29073, -36.18981 ] ] } },
{ "type": "Feature", "properties": { "nombre": "Arroyo Los Angeles", "tipo": "river", "volcan_codigo": "LDM", "volcan_nombre": "Laguna del Maule", "drena_volcan": false }, "geometry": { "type": "LineString", "coordinates": [ [ -70.39979, -35.6718 ], [ -70.39816, -35.67515 ], [ -70.39679, -35.67752 ], [ -70.39404, -35.67877 ], [ -70.39164, -35.67961 ], [ -70.38919, -35.68222 ], [ -70.38777, -35.68313 ], [ -70.38571, -35.68362 ], [ -70.38197, -35.68405 ], [ -70.38068, -35.68406 ], [ -70.37909, -35.68372 ], [ -70.37893, -35.68388 ], [ -70.37728, -35.68365 ], [ -70.37716, -35.68378 ], [ -70.37666, -35.68371 ], [ -70.37526, -35.68424 ], [ -70.37474, -35.68412 ], [ -70.37435, -35.68427 ], [ -70.37403, -35.68517 ], [ -70.37361, -35.68539 ], [ -70.3699, -35.68463 ], [ -70.36799, -35.68466 ], [ -70.36649, -35.68443 ], [ -70.36577, -35.68452 ], [ -70.36464, -35.68498 ], [ -70.36254, -35.68683 ], [ -70.36077, -35.68706 ], [ -70.36002, -35.68771 ], [ -70.35836, -35.6884 ], [ -70.35769, -35.68853 ], [ -70.35717, -35.68833 ], [ -70.35656, -35.68839 ], [ -70.35513, -35.68947 ], [ -70.35381, -35.68989 ], [ -70.35331, -35.69021 ], [ -70.35273, -35.69029 ], [ -70.35204, -35.691 ], [ -70.35148, -35.69097 ], [ -70.35112, -35.69113 ], [ -70.34985, -35.69123 ], [ -70.34927, -35.69107 ], [ -70.34855, -35.69029 ], [ -70.34842, -35.68987 ], [ -70.34808, -35.68965 ], [ -70.34788, -35.68911 ], [ -70.34736, -35.68893 ], [ -70.3471, -35.68836 ], [ -70.34639, -35.68787 ], [ -70.34476, -35.68734 ], [ -70.34347, -35.68745 ], [ -70.34281, -35.68731 ], [ -70.34237, -35.6883 ], [ -70.34167, -35.6887 ], [ -70.34033, -35.69025 ], [ -70.33974, -35.6903 ], [ -70.33949, -35.69068 ], [ -70.33698, -35.69072 ], [ -70.33607, -35.6918 ], [ -70.3348, -35.69222 ], [ -70.33141, -35.69204 ], [ -70.32914, -35.69271 ], [ -70.32812, -35.6926 ], [ -70.32768, -35.6928 ], [ -70.32495, -35.6923 ], [ -70.32415, -35.69235 ], [ -70.3229, -35.69286 ], [ -70.32261, -35.69333 ], [ -70.32017, -35.69334 ], [ -70.31919, -35.69365 ], [ -70.31652, -35.69531 ], [ -70.31519, -35.6952 ], [ -70.3142, -35.6956 ], [ -70.31306, -35.6956 ], [ -70.31274, -35.69573 ], [ -70.31227, -35.69553 ], [ -70.31173, -35.69576 ], [ -70.31043, -35.69569 ], [ -70.30932, -35.6965 ], [ -70.30773, -35.69651 ], [ -70.30712, -35.69669 ], [ -70.30623, -35.69756 ], [ -70.30502, -35.69793 ], [ -70.3048, -35.69814 ], [ -70.30341, -35.69838 ], [ -70.30228, -35.69909 ], [ -70.3013, -35.69932 ], [ -70.29937, -35.69894 ], [ -70.29809, -35.69907 ], [ -70.29563, -35.69868 ], [ -70.29286, -35.69902 ], [ -70.29142, -35.69978 ], [ -70.29006, -35.69988 ], [ -70.28956, -35.69946 ], [ -70.28632, -35.69943 ], [ -70.28479, -35.69917 ], [ -70.28359, -35.69845 ], [ -70.2833, -35.6981 ], [ -70.28088, -35.69762 ], [ -70.27851, -35.69618 ], [ -70.27784, -35.69604 ], [ -70.27755, -35.69581 ], [ -70.27554, -35.69574 ], [ -70.27193, -35.69391 ], [ -70.27166, -35.69343 ], [ -70.26997, -35.69322 ], [ -70.26949, -35.69391 ], [ -70.26798, -35.6938 ], [ -70.26792, -35.69346 ], [ -70.26765, -35.69317 ], [ -70.26703, -35.6932 ], [ -70.26668, -35.69275 ], [ -70.26561, -35.69242 ], [ -70.26498, -35.69192 ], [ -70.26408, -35.69189 ], [ -70.26386, -35.69168 ], [ -70.26256, -35.69135 ], [ -70.26204, -35.69097 ], [ -70.26104, -35.69083 ], [ -70.26087, -35.69059 ], [ -70.26087, -35.69021 ], [ -70.26012, -35.68954 ], [ -70.25996, -35.68885 ], [ -70.25893, -35.68862 ], [ -70.25826, -35.68813 ], [ -70.25717, -35.68766 ], [ -70.25532, -35.68759 ], [ -70.25515, -35.68778 ], [ -70.25434, -35.68795 ], [ -70.25155, -35.6868 ], [ -70.25129, -35.68649 ], [ -70.25, -35.68622 ], [ -70.24936, -35.68629 ], [ -70.24675, -35.68551 ], [ -70.24601, -35.68493 ], [ -70.24548, -35.68425 ], [ -70.24307, -35.68318 ], [ -70.2427, -35.68318 ], [ -70.24184, -35.68361 ], [ -70.24102, -35.68315 ], [ -70.23994, -35.68304 ], [ -70.2392, -35.68273 ], [ -70.23757, -35.68256 ], [ -70.23682, -35.68212 ], [ -70.23582, -35.68187 ], [ -70.23543, -35.68146 ], [ -70.23479, -35.68131 ], [ -70.23422, -35.68089 ], [ -70.23339, -35.6808 ], [ -70.23219, -35.68013 ], [ -70.23216, -35.67976 ], [ -70.23177, -35.67932 ], [ -70.23083, -35.67926 ], [ -70.23006, -35.6795 ], [ -70.22974, -35.67945 ], [ -70.22905, -35.67895 ], [ -70.22807, -35.67855 ], [ -70.22749, -35.67846 ], [ -70.22657, -35.67859 ], [ -70.22616, -35.67836 ], [ -70.22543, -35.67835 ], [ -70.22356, -35.67751 ], [ -70.22271, -35.6774 ], [ -70.22249, -35.67719 ], [ -70.22194, -35.67722 ], [ -70.22149, -35.67754 ], [ -70.2207, -35.6771 ], [ -70.21996, -35.67696 ], [ -70.21897, -35.67713 ], [ -70.21834, -35.67703 ], [ -70.21779, -35.67721 ], [ -70.21714, -35.67778 ], [ -70.21656, -35.67781 ], [ -70.21518, -35.67738 ], [ -70.21133, -35.67752 ], [ -70.20987, -35.67787 ], [ -70.20826, -35.67857 ], [ -70.20767, -35.67844 ], [ -70.20549, -35.67879 ], [ -70.2043, -35.67974 ], [ -70.20132, -35.68054 ], [ -70.2002, -35.68204 ], [ -70.19905, -35.68231 ], [ -70.19847, -35.68278 ], [ -70.19771, -35.68281 ], [ -70.19671, -35.68336 ], [ -70.19618, -35.68385 ], [ -70.19543, -35.68381 ], [ -70.19483, -35.68358 ], [ -70.19462, -35.68391 ], [ -70.19358, -35.68414 ], [ -70.19297, -35.68439 ], [ -70.19279, -35.68468 ], [ -70.19213, -35.68484 ], [ -70.19046, -35.68498 ], [ -70.18927, -35.68469 ], [ -70.18798, -35.68367 ], [ -70.18746, -35.68273 ], [ -70.18707, -35.6826 ], [ -70.18615, -35.68251 ], [ -70.18408, -35.68266 ] ] } },
{ "type": "Feature", "properties": { "nombre": "Arroyo Los Baños", "tipo": "stream", "volcan_codigo": "LDM", "volcan_nombre": "Laguna del Maule", "drena_volcan": false }, "geometry": { "type": "LineString", "coordinates": [ [ -70.79234, -36.43527 ], [ -70.79228, -36.43823 ], [ -70.7919, -36.43882 ], [ -70.79193, -36.43961 ], [ -70.79271, -36.4402 ], [ -70.79314, -36.44085 ], [ -70.79342, -36.44096 ], [ -70.79389, -36.44184 ], [ -70.79385, -36.44229 ], [ -70.79417, -36.44267 ], [ -70.79438, -36.44425 ], [ -70.79495, -36.4452 ], [ -70.79489, -36.44576 ], [ -70.79504, -36.44598 ], [ -70.79484, -36.44643 ], [ -70.7961, -36.44726 ], [ -70.79617, -36.44757 ], [ -70.79584, -36.44821 ], [ -70.79626, -36.44901 ], [ -70.79587, -36.45029 ], [ -70.79557, -36.45063 ], [ -70.79466, -36.4511 ], [ -70.79407, -36.451 ], [ -70.79402, -36.45145 ], [ -70.79383, -36.45143 ], [ -70.79319, -36.45219 ], [ -70.79292, -36.45329 ], [ -70.79242, -36.45431 ], [ -70.79251, -36.45482 ], [ -70.79169, -36.45597 ], [ -70.79187, -36.4569 ], [ -70.79153, -36.45786 ] ] } },
{ "type": "Feature", "properties": { "nombre": "Arroyo Los Chenques", "tipo": "river", "volcan_codigo": "LDM", "volcan_nombre": "Laguna del Maule", "drena_volcan": false }, "geometry": { "type": "LineString", "coordinates": [ [ -70.65856, -36.4229 ], [ -70.65838, -36.42363 ], [ -70.65957, -36.42435 ], [ -70.65986, -36.42487 ], [ -70.65975, -36.42532 ], [ -70.65994, -36.42552 ], [ -70.66065, -36.42573 ], [ -70.66078, -36.42643 ], [ -70.66154, -36.4263 ], [ -70.66189, -36.42661 ], [ -70.66246, -36.42673 ], [ -70.66334, -36.42729 ], [ -70.66473, -36.42771 ], [ -70.66486, -36.42813 ], [ -70.66547, -36.42851 ], [ -70.66582, -36.42894 ], [ -70.66589, -36.42989 ], [ -70.66629, -36.43057 ], [ -70.66616, -36.43146 ], [ -70.66681, -36.43195 ], [ -70.66665, -36.4323 ], [ -70.66591, -36.43237 ], [ -70.66546, -36.43281 ], [ -70.66595, -36.43335 ], [ -70.66594, -36.43426 ], [ -70.6661, -36.43456 ], [ -70.66696, -36.43496 ], [ -70.66694, -36.43561 ], [ -70.66646, -36.43631 ], [ -70.66656, -36.43744 ], [ -70.66694, -36.43779 ], [ -70.66796, -36.43798 ], [ -70.66809, -36.4386 ], [ -70.66875, -36.43926 ], [ -70.66838, -36.43987 ], [ -70.66835, -36.44025 ], [ -70.66963, -36.44121 ], [ -70.66956, -36.44195 ], [ -70.66974, -36.44227 ], [ -70.66981, -36.44309 ], [ -70.6693, -36.4443 ], [ -70.67035, -36.44565 ], [ -70.67104, -36.44588 ], [ -70.67165, -36.44664 ], [ -70.67167, -36.44827 ], [ -70.6727, -36.44934 ], [ -70.6729, -36.45002 ], [ -70.67267, -36.45189 ], [ -70.6737, -36.45283 ], [ -70.67399, -36.45354 ], [ -70.67387, -36.45472 ], [ -70.67454, -36.45555 ], [ -70.67564, -36.45592 ], [ -70.67647, -36.45658 ], [ -70.67683, -36.45719 ], [ -70.6769, -36.45778 ], [ -70.67745, -36.45822 ], [ -70.67736, -36.4586 ], [ -70.67655, -36.45911 ], [ -70.67645, -36.45944 ], [ -70.67741, -36.45978 ], [ -70.67734, -36.4602 ], [ -70.67909, -36.46116 ], [ -70.67965, -36.46123 ], [ -70.67998, -36.46107 ], [ -70.68013, -36.46075 ], [ -70.68047, -36.46078 ], [ -70.68147, -36.46212 ], [ -70.68251, -36.46252 ], [ -70.68395, -36.46244 ], [ -70.68425, -36.46269 ], [ -70.68496, -36.46269 ], [ -70.68629, -36.46358 ], [ -70.68763, -36.4636 ], [ -70.68909, -36.46457 ], [ -70.68928, -36.46543 ], [ -70.6903, -36.46598 ], [ -70.69093, -36.46674 ], [ -70.6916, -36.46672 ], [ -70.69171, -36.46655 ], [ -70.69198, -36.46659 ], [ -70.69262, -36.46627 ], [ -70.69362, -36.46643 ], [ -70.69398, -36.46663 ], [ -70.69502, -36.46633 ], [ -70.69651, -36.46617 ], [ -70.69778, -36.46628 ], [ -70.69824, -36.4665 ], [ -70.69881, -36.46744 ], [ -70.70034, -36.46855 ], [ -70.70109, -36.46851 ], [ -70.70129, -36.46803 ], [ -70.70211, -36.46762 ], [ -70.70325, -36.46759 ], [ -70.70397, -36.46774 ], [ -70.70433, -36.46825 ], [ -70.70552, -36.46867 ], [ -70.70665, -36.46948 ], [ -70.7074, -36.46978 ], [ -70.70869, -36.4696 ], [ -70.70905, -36.46906 ], [ -70.70939, -36.46935 ], [ -70.70993, -36.46918 ], [ -70.71142, -36.46936 ], [ -70.71214, -36.46899 ], [ -70.71284, -36.46892 ], [ -70.71355, -36.46923 ], [ -70.71365, -36.46943 ], [ -70.71353, -36.46977 ], [ -70.71418, -36.47029 ], [ -70.71489, -36.47043 ], [ -70.71571, -36.47006 ], [ -70.71645, -36.47007 ], [ -70.71903, -36.46801 ], [ -70.71944, -36.46798 ], [ -70.71973, -36.46833 ], [ -70.72089, -36.46769 ], [ -70.72128, -36.4673 ], [ -70.72153, -36.46659 ], [ -70.72281, -36.46616 ], [ -70.72295, -36.46577 ], [ -70.72377, -36.4655 ], [ -70.72445, -36.46481 ], [ -70.72519, -36.4645 ], [ -70.7261, -36.46442 ], [ -70.7274, -36.46485 ], [ -70.72868, -36.46471 ], [ -70.72937, -36.46439 ], [ -70.73054, -36.46302 ], [ -70.73261, -36.46346 ], [ -70.73484, -36.4648 ], [ -70.73545, -36.46433 ], [ -70.73584, -36.4643 ], [ -70.73756, -36.46472 ], [ -70.73834, -36.46474 ], [ -70.73864, -36.46461 ], [ -70.73916, -36.46395 ], [ -70.73962, -36.46376 ], [ -70.74047, -36.46407 ], [ -70.74213, -36.46376 ], [ -70.74345, -36.46387 ], [ -70.74516, -36.46287 ], [ -70.74665, -36.46328 ], [ -70.74764, -36.46332 ], [ -70.74845, -36.46244 ], [ -70.7485, -36.46163 ], [ -70.74903, -36.46147 ], [ -70.74936, -36.46155 ], [ -70.75059, -36.46265 ], [ -70.751, -36.46283 ], [ -70.75161, -36.46269 ], [ -70.75207, -36.46217 ], [ -70.75334, -36.4626 ], [ -70.75409, -36.46203 ], [ -70.7546, -36.4619 ], [ -70.75485, -36.46201 ], [ -70.75549, -36.46281 ], [ -70.75602, -36.46313 ], [ -70.75705, -36.46279 ], [ -70.75936, -36.4631 ], [ -70.76224, -36.46187 ], [ -70.76297, -36.4609 ], [ -70.76573, -36.4601 ], [ -70.76674, -36.45895 ], [ -70.76789, -36.45871 ], [ -70.76854, -36.45808 ], [ -70.76926, -36.45772 ], [ -70.77058, -36.4579 ], [ -70.77139, -36.45781 ], [ -70.77432, -36.45696 ], [ -70.77717, -36.45705 ], [ -70.77957, -36.45605 ], [ -70.78074, -36.45618 ], [ -70.78304, -36.4559 ], [ -70.78358, -36.45562 ], [ -70.78414, -36.45498 ], [ -70.78462, -36.45486 ], [ -70.78584, -36.45554 ], [ -70.78789, -36.45543 ], [ -70.78835, -36.45554 ], [ -70.78911, -36.45591 ], [ -70.7891, -36.45674 ], [ -70.78967, -36.4568 ], [ -70.79083, -36.45769 ], [ -70.79246, -36.45806 ], [ -70.79321, -36.45803 ], [ -70.79377, -36.45875 ], [ -70.79409, -36.45878 ], [ -70.79495, -36.46004 ], [ -70.79571, -36.46038 ], [ -70.79665, -36.46188 ], [ -70.79934, -36.4633 ], [ -70.80002, -36.46401 ], [ -70.80008, -36.46465 ], [ -70.8005, -36.46572 ], [ -70.80061, -36.46752 ], [ -70.80043, -36.4683 ], [ -70.80061, -36.469 ], [ -70.80123, -36.46975 ], [ -70.80239, -36.47034 ], [ -70.80174, -36.47077 ], [ -70.80165, -36.47114 ], [ -70.80247, -36.47169 ], [ -70.80336, -36.47304 ], [ -70.80451, -36.47304 ], [ -70.80535, -36.47323 ], [ -70.80555, -36.47352 ], [ -70.80555, -36.47397 ], [ -70.80514, -36.47461 ] ] } },
{ "type": "Feature", "properties": { "nombre": "Arroyo Los Nevados", "tipo": "river", "volcan_codigo": "LDM", "volcan_nombre": "Laguna del Maule", "drena_volcan": false }, "geometry": { "type": "LineString", "coordinates": [ [ -70.49361, -36.30602 ], [ -70.49333, -36.30703 ], [ -70.49444, -36.30775 ], [ -70.49457, -36.30832 ], [ -70.49516, -36.30832 ], [ -70.49526, -36.30871 ], [ -70.49499, -36.30888 ], [ -70.49523, -36.30895 ], [ -70.4952, -36.30907 ], [ -70.49461, -36.30884 ], [ -70.4943, -36.30891 ], [ -70.49391, -36.30936 ], [ -70.49375, -36.31014 ], [ -70.49401, -36.31024 ], [ -70.49406, -36.31073 ], [ -70.49373, -36.31101 ], [ -70.49392, -36.31109 ], [ -70.49384, -36.31121 ], [ -70.49333, -36.31142 ], [ -70.49317, -36.31129 ], [ -70.49181, -36.31189 ], [ -70.49094, -36.31177 ], [ -70.4909, -36.31237 ], [ -70.49012, -36.31301 ], [ -70.49007, -36.31367 ], [ -70.4897, -36.31406 ], [ -70.48971, -36.3143 ], [ -70.48863, -36.31429 ], [ -70.48809, -36.31481 ], [ -70.4876, -36.31477 ], [ -70.48691, -36.31438 ], [ -70.48531, -36.31299 ], [ -70.48457, -36.31264 ], [ -70.48302, -36.31237 ], [ -70.48241, -36.3125 ], [ -70.48115, -36.31186 ], [ -70.4765, -36.31074 ], [ -70.47608, -36.31067 ], [ -70.47546, -36.31082 ], [ -70.47499, -36.31045 ], [ -70.47356, -36.31023 ], [ -70.47154, -36.31042 ], [ -70.46944, -36.31092 ], [ -70.46849, -36.31091 ], [ -70.4683, -36.3107 ], [ -70.46786, -36.31063 ], [ -70.46733, -36.31071 ], [ -70.4663, -36.31154 ], [ -70.46579, -36.31163 ], [ -70.46494, -36.31114 ], [ -70.46447, -36.31124 ], [ -70.46222, -36.31111 ], [ -70.46101, -36.31185 ], [ -70.45914, -36.31181 ], [ -70.45861, -36.31201 ], [ -70.45832, -36.31192 ], [ -70.4581, -36.31215 ], [ -70.45783, -36.31201 ], [ -70.45735, -36.31206 ], [ -70.4568, -36.31233 ], [ -70.4567, -36.31217 ], [ -70.45609, -36.31204 ], [ -70.45598, -36.31175 ], [ -70.45487, -36.31119 ], [ -70.45238, -36.31082 ], [ -70.45232, -36.31057 ], [ -70.4516, -36.3101 ], [ -70.45101, -36.31009 ], [ -70.4506, -36.31031 ], [ -70.45005, -36.31001 ], [ -70.44853, -36.30992 ], [ -70.44702, -36.30946 ], [ -70.44482, -36.30914 ], [ -70.44347, -36.30844 ], [ -70.44271, -36.30777 ], [ -70.44236, -36.30774 ], [ -70.44205, -36.30745 ], [ -70.44082, -36.30717 ], [ -70.43896, -36.30572 ], [ -70.43667, -36.30479 ], [ -70.43373, -36.30304 ], [ -70.43309, -36.30297 ], [ -70.4318, -36.302 ], [ -70.43124, -36.30209 ], [ -70.43042, -36.30164 ], [ -70.42927, -36.30163 ], [ -70.42911, -36.30132 ], [ -70.42884, -36.3012 ], [ -70.42749, -36.30135 ], [ -70.42708, -36.30108 ], [ -70.42602, -36.30099 ], [ -70.42554, -36.3011 ], [ -70.42493, -36.30085 ], [ -70.42422, -36.30092 ], [ -70.42363, -36.30062 ], [ -70.4228, -36.30071 ], [ -70.42218, -36.30013 ], [ -70.42082, -36.29991 ], [ -70.42089, -36.29966 ], [ -70.41998, -36.29921 ], [ -70.41868, -36.29808 ], [ -70.41775, -36.29757 ], [ -70.41648, -36.29746 ], [ -70.41599, -36.29693 ], [ -70.41447, -36.29693 ], [ -70.41338, -36.29676 ], [ -70.41269, -36.29645 ], [ -70.41235, -36.29593 ], [ -70.41189, -36.29574 ], [ -70.41145, -36.29499 ], [ -70.4105, -36.2945 ], [ -70.40905, -36.29448 ], [ -70.40777, -36.29386 ], [ -70.40698, -36.2938 ], [ -70.40617, -36.29421 ], [ -70.40459, -36.29364 ], [ -70.4032, -36.29268 ], [ -70.4024, -36.29263 ], [ -70.40165, -36.2928 ], [ -70.40095, -36.29264 ], [ -70.40113, -36.29209 ], [ -70.39992, -36.29193 ], [ -70.39932, -36.29201 ], [ -70.39915, -36.29257 ], [ -70.39717, -36.29309 ], [ -70.3958, -36.29432 ], [ -70.39552, -36.2943 ], [ -70.39504, -36.29457 ], [ -70.39458, -36.29448 ], [ -70.39373, -36.29467 ], [ -70.39347, -36.29498 ], [ -70.39292, -36.29491 ], [ -70.39214, -36.29508 ], [ -70.39116, -36.29485 ], [ -70.39095, -36.29452 ], [ -70.39126, -36.29406 ], [ -70.39035, -36.29304 ], [ -70.39036, -36.2926 ], [ -70.38952, -36.29221 ], [ -70.38952, -36.29191 ], [ -70.38895, -36.29167 ], [ -70.38877, -36.29132 ], [ -70.38713, -36.29082 ], [ -70.38675, -36.29034 ], [ -70.38521, -36.2899 ], [ -70.38482, -36.28957 ], [ -70.38352, -36.28903 ], [ -70.38337, -36.28864 ], [ -70.38106, -36.28786 ], [ -70.3785, -36.28777 ], [ -70.37593, -36.28721 ], [ -70.37419, -36.28732 ], [ -70.37253, -36.28919 ], [ -70.371, -36.2903 ], [ -70.36808, -36.29133 ], [ -70.3669, -36.29229 ], [ -70.3659, -36.29245 ], [ -70.36429, -36.2923 ], [ -70.36244, -36.29244 ], [ -70.36157, -36.29263 ], [ -70.36091, -36.29322 ], [ -70.35989, -36.29331 ] ] } },
{ "type": "Feature", "properties": { "nombre": "Arroyo Paiva", "tipo": "stream", "volcan_codigo": "LDM", "volcan_nombre": "Laguna del Maule", "drena_volcan": false }, "geometry": { "type": "MultiLineString", "coordinates": [ [ [ -70.71215, -36.33115 ], [ -70.71273, -36.33095 ], [ -70.71348, -36.33116 ], [ -70.71479, -36.33119 ], [ -70.71697, -36.33033 ], [ -70.71922, -36.33007 ], [ -70.71985, -36.32986 ], [ -70.72032, -36.33006 ], [ -70.72352, -36.33004 ], [ -70.72446, -36.32962 ], [ -70.72528, -36.32984 ], [ -70.72674, -36.3299 ], [ -70.72716, -36.3298 ], [ -70.72758, -36.32938 ], [ -70.72899, -36.32933 ], [ -70.72963, -36.32913 ], [ -70.73011, -36.32969 ], [ -70.73117, -36.32991 ], [ -70.73197, -36.32973 ], [ -70.73258, -36.32925 ], [ -70.73357, -36.32961 ], [ -70.73521, -36.32958 ], [ -70.73591, -36.3292 ], [ -70.73771, -36.32874 ], [ -70.73896, -36.32809 ], [ -70.74162, -36.32775 ], [ -70.7422, -36.32796 ], [ -70.74312, -36.32788 ], [ -70.74545, -36.32837 ], [ -70.74599, -36.32814 ], [ -70.74701, -36.32835 ], [ -70.74763, -36.32837 ], [ -70.74853, -36.32814 ], [ -70.7491, -36.32825 ], [ -70.74934, -36.32809 ], [ -70.74957, -36.32756 ], [ -70.74998, -36.32726 ], [ -70.7506, -36.3273 ], [ -70.75155, -36.32678 ], [ -70.75412, -36.32657 ], [ -70.75454, -36.32628 ], [ -70.75686, -36.32619 ], [ -70.75769, -36.32571 ], [ -70.75827, -36.32491 ], [ -70.75887, -36.3246 ], [ -70.76081, -36.32458 ], [ -70.76141, -36.32397 ], [ -70.76216, -36.32374 ], [ -70.76294, -36.32276 ], [ -70.76412, -36.32234 ], [ -70.7647, -36.32159 ], [ -70.76504, -36.32138 ], [ -70.76565, -36.32122 ], [ -70.76622, -36.32135 ], [ -70.76726, -36.32195 ] ], [ [ -70.70755, -36.32702 ], [ -70.70783, -36.32795 ], [ -70.70832, -36.32826 ], [ -70.70853, -36.32865 ], [ -70.71092, -36.32992 ], [ -70.71139, -36.33039 ], [ -70.71148, -36.3308 ], [ -70.71215, -36.33115 ] ] ] } },
{ "type": "Feature", "properties": { "nombre": "Arroyo Pancu Lehué", "tipo": "river", "volcan_codigo": "LDM", "volcan_nombre": "Laguna del Maule", "drena_volcan": false }, "geometry": { "type": "LineString", "coordinates": [ [ -70.35171, -36.06404 ], [ -70.35146, -36.06458 ], [ -70.35036, -36.06585 ], [ -70.35003, -36.06648 ], [ -70.3492, -36.06725 ], [ -70.34842, -36.06838 ], [ -70.34788, -36.06965 ], [ -70.34724, -36.07063 ], [ -70.34677, -36.07075 ], [ -70.34578, -36.07053 ], [ -70.34506, -36.0707 ], [ -70.34413, -36.07164 ], [ -70.34383, -36.07124 ], [ -70.34353, -36.07234 ], [ -70.34298, -36.07336 ], [ -70.34294, -36.07375 ], [ -70.3433, -36.07435 ], [ -70.34362, -36.07451 ], [ -70.34469, -36.07458 ], [ -70.34486, -36.07487 ], [ -70.34456, -36.07518 ], [ -70.34442, -36.07567 ], [ -70.34455, -36.07624 ], [ -70.34439, -36.07695 ], [ -70.34528, -36.07831 ], [ -70.34581, -36.07875 ], [ -70.346, -36.07931 ], [ -70.34574, -36.08114 ], [ -70.34612, -36.08139 ], [ -70.34621, -36.08171 ], [ -70.3468, -36.08212 ], [ -70.34707, -36.08267 ], [ -70.34741, -36.08289 ], [ -70.34773, -36.08339 ], [ -70.34798, -36.08424 ], [ -70.34865, -36.08464 ], [ -70.34861, -36.08488 ], [ -70.34894, -36.08534 ], [ -70.34833, -36.08649 ], [ -70.34855, -36.08657 ], [ -70.34851, -36.08701 ], [ -70.34868, -36.0875 ], [ -70.34832, -36.0878 ], [ -70.34845, -36.0883 ], [ -70.34783, -36.089 ], [ -70.34767, -36.08946 ], [ -70.34787, -36.08988 ], [ -70.34762, -36.09022 ], [ -70.34762, -36.0907 ], [ -70.34792, -36.09175 ], [ -70.34757, -36.09216 ], [ -70.34708, -36.09235 ], [ -70.34564, -36.09208 ], [ -70.34455, -36.09327 ], [ -70.34483, -36.09347 ], [ -70.34424, -36.09405 ], [ -70.34449, -36.09482 ], [ -70.3442, -36.09493 ], [ -70.3444, -36.09521 ], [ -70.3439, -36.09577 ], [ -70.34375, -36.09569 ], [ -70.34377, -36.09534 ], [ -70.34352, -36.09529 ], [ -70.34337, -36.09546 ], [ -70.34346, -36.09576 ], [ -70.34317, -36.09579 ], [ -70.342, -36.0967 ], [ -70.34211, -36.09682 ], [ -70.34274, -36.0966 ], [ -70.34296, -36.09673 ], [ -70.34264, -36.09685 ], [ -70.34261, -36.09727 ], [ -70.3422, -36.09762 ], [ -70.34243, -36.0984 ], [ -70.34169, -36.0988 ], [ -70.34183, -36.09892 ], [ -70.34149, -36.09992 ], [ -70.34113, -36.10008 ], [ -70.34063, -36.10066 ], [ -70.34104, -36.10193 ], [ -70.34104, -36.10238 ], [ -70.34133, -36.10294 ], [ -70.34232, -36.10395 ], [ -70.34288, -36.10373 ], [ -70.34339, -36.10434 ], [ -70.34342, -36.10461 ], [ -70.34299, -36.10495 ], [ -70.34337, -36.10531 ], [ -70.34336, -36.10587 ], [ -70.34387, -36.10692 ], [ -70.34318, -36.10746 ], [ -70.34312, -36.10772 ], [ -70.34355, -36.10813 ], [ -70.34339, -36.10842 ], [ -70.3438, -36.10875 ], [ -70.34373, -36.10915 ], [ -70.34387, -36.10935 ], [ -70.3436, -36.11025 ], [ -70.34338, -36.11049 ], [ -70.34342, -36.11063 ], [ -70.34387, -36.11045 ], [ -70.3441, -36.11061 ], [ -70.34386, -36.11117 ], [ -70.34346, -36.11123 ], [ -70.34344, -36.11163 ], [ -70.34376, -36.11183 ], [ -70.3432, -36.11247 ], [ -70.34306, -36.11286 ], [ -70.34308, -36.11302 ], [ -70.34337, -36.11312 ], [ -70.34319, -36.11343 ], [ -70.34274, -36.11346 ], [ -70.34235, -36.11377 ], [ -70.34213, -36.11377 ], [ -70.34213, -36.11345 ], [ -70.34145, -36.11413 ], [ -70.34135, -36.11444 ], [ -70.34079, -36.11454 ], [ -70.34086, -36.11485 ], [ -70.34135, -36.11507 ], [ -70.34139, -36.11523 ], [ -70.34123, -36.11548 ], [ -70.34059, -36.11545 ], [ -70.3408, -36.11649 ], [ -70.34066, -36.11662 ], [ -70.34044, -36.11654 ], [ -70.3403, -36.11683 ], [ -70.34051, -36.11709 ], [ -70.34028, -36.11764 ], [ -70.34076, -36.11823 ], [ -70.34054, -36.11888 ], [ -70.34112, -36.11907 ], [ -70.34101, -36.11977 ], [ -70.34154, -36.12066 ], [ -70.34113, -36.12114 ], [ -70.34138, -36.1215 ], [ -70.34149, -36.12208 ], [ -70.34113, -36.12282 ], [ -70.3413, -36.12295 ], [ -70.3416, -36.12278 ], [ -70.34173, -36.12306 ], [ -70.34147, -36.12346 ], [ -70.3417, -36.12423 ], [ -70.34097, -36.12506 ], [ -70.34114, -36.12552 ], [ -70.34093, -36.1257 ], [ -70.34107, -36.12584 ], [ -70.34108, -36.12644 ], [ -70.34087, -36.12689 ], [ -70.34099, -36.12718 ], [ -70.34091, -36.12759 ], [ -70.34109, -36.12803 ], [ -70.34082, -36.12849 ], [ -70.34097, -36.12857 ], [ -70.34092, -36.12879 ], [ -70.33941, -36.13044 ], [ -70.33867, -36.13223 ], [ -70.33693, -36.1338 ], [ -70.33514, -36.13482 ], [ -70.33312, -36.13557 ], [ -70.33234, -36.13611 ], [ -70.33125, -36.13642 ], [ -70.33048, -36.13729 ], [ -70.33001, -36.13826 ], [ -70.32851, -36.139 ], [ -70.32668, -36.1396 ], [ -70.32634, -36.14002 ], [ -70.32621, -36.14077 ], [ -70.32569, -36.14158 ], [ -70.32572, -36.14212 ], [ -70.32528, -36.14278 ], [ -70.32439, -36.14481 ], [ -70.32252, -36.14692 ], [ -70.32268, -36.14738 ], [ -70.32257, -36.1476 ], [ -70.32084, -36.14862 ], [ -70.32028, -36.1487 ], [ -70.31836, -36.15063 ], [ -70.31785, -36.15084 ], [ -70.31702, -36.1507 ], [ -70.31647, -36.15089 ], [ -70.31595, -36.15135 ], [ -70.31518, -36.15151 ], [ -70.31421, -36.15125 ], [ -70.3137, -36.15149 ], [ -70.31368, -36.15194 ], [ -70.3135, -36.15219 ], [ -70.31266, -36.15257 ], [ -70.31092, -36.15249 ], [ -70.30998, -36.15266 ], [ -70.30964, -36.15301 ], [ -70.30724, -36.1542 ], [ -70.30622, -36.15512 ], [ -70.30571, -36.15596 ], [ -70.30577, -36.15684 ], [ -70.30534, -36.15704 ], [ -70.30525, -36.15738 ], [ -70.30443, -36.15801 ], [ -70.30413, -36.1588 ], [ -70.3041, -36.15948 ], [ -70.30377, -36.16001 ], [ -70.30392, -36.16107 ], [ -70.30419, -36.16165 ], [ -70.30371, -36.1626 ], [ -70.30369, -36.16307 ], [ -70.30402, -36.16362 ], [ -70.30433, -36.16376 ], [ -70.30473, -36.16364 ], [ -70.30478, -36.16436 ], [ -70.30438, -36.16493 ], [ -70.30377, -36.16537 ], [ -70.30384, -36.16583 ], [ -70.30357, -36.16651 ], [ -70.30322, -36.16691 ], [ -70.30256, -36.16723 ], [ -70.30227, -36.16793 ], [ -70.30179, -36.16824 ], [ -70.30163, -36.16862 ], [ -70.30106, -36.16921 ], [ -70.3009, -36.16971 ], [ -70.30167, -36.17095 ], [ -70.30174, -36.17185 ], [ -70.30246, -36.17265 ], [ -70.30243, -36.17305 ], [ -70.30265, -36.1736 ], [ -70.30235, -36.17521 ], [ -70.30287, -36.17576 ], [ -70.30304, -36.17678 ], [ -70.30253, -36.17781 ], [ -70.30115, -36.17929 ], [ -70.30082, -36.18006 ], [ -70.3003, -36.18038 ], [ -70.3002, -36.18102 ], [ -70.29988, -36.18131 ], [ -70.29915, -36.18139 ], [ -70.2981, -36.18197 ], [ -70.29791, -36.18236 ], [ -70.29699, -36.18332 ], [ -70.29694, -36.18394 ], [ -70.29604, -36.18455 ], [ -70.2961, -36.18506 ], [ -70.29567, -36.18538 ], [ -70.29545, -36.18578 ], [ -70.29418, -36.18681 ], [ -70.29348, -36.18765 ], [ -70.29199, -36.18791 ], [ -70.29156, -36.18851 ], [ -70.29101, -36.18866 ], [ -70.29082, -36.18896 ], [ -70.2907, -36.18974 ], [ -70.29127, -36.19017 ], [ -70.29135, -36.19047 ], [ -70.29097, -36.19103 ], [ -70.29128, -36.19215 ], [ -70.29112, -36.19252 ], [ -70.29102, -36.1938 ], [ -70.29077, -36.19412 ], [ -70.29105, -36.19643 ], [ -70.29096, -36.19716 ], [ -70.29146, -36.19838 ], [ -70.29147, -36.19914 ], [ -70.29127, -36.19992 ], [ -70.29023, -36.20073 ], [ -70.29033, -36.2012 ], [ -70.28987, -36.20195 ], [ -70.28994, -36.20256 ], [ -70.28979, -36.20346 ], [ -70.28997, -36.20382 ], [ -70.28982, -36.20417 ], [ -70.29019, -36.2052 ], [ -70.29036, -36.20648 ], [ -70.28996, -36.20731 ], [ -70.28974, -36.20839 ], [ -70.28903, -36.20893 ], [ -70.28892, -36.2093 ], [ -70.28818, -36.20964 ], [ -70.28793, -36.20992 ], [ -70.28773, -36.21104 ], [ -70.28701, -36.21132 ], [ -70.28595, -36.2121 ], [ -70.28599, -36.21283 ], [ -70.28526, -36.21386 ], [ -70.28405, -36.21433 ], [ -70.28389, -36.21481 ], [ -70.28208, -36.21635 ], [ -70.28205, -36.21723 ], [ -70.28091, -36.21786 ], [ -70.28073, -36.21825 ], [ -70.28081, -36.21868 ], [ -70.28139, -36.21945 ], [ -70.28136, -36.21989 ], [ -70.28191, -36.2204 ], [ -70.28167, -36.22141 ], [ -70.2818, -36.22179 ], [ -70.28173, -36.22227 ], [ -70.28234, -36.22301 ], [ -70.28182, -36.22432 ], [ -70.28189, -36.22456 ], [ -70.28138, -36.22566 ], [ -70.28191, -36.22604 ], [ -70.28217, -36.22701 ], [ -70.2827, -36.22789 ], [ -70.28229, -36.22841 ], [ -70.28179, -36.22865 ], [ -70.28187, -36.22934 ], [ -70.28089, -36.23017 ], [ -70.28096, -36.23049 ], [ -70.27941, -36.23114 ], [ -70.27931, -36.2323 ], [ -70.27892, -36.23343 ], [ -70.27747, -36.23551 ], [ -70.27758, -36.2357 ], [ -70.27799, -36.23584 ], [ -70.27871, -36.2368 ], [ -70.27837, -36.23796 ], [ -70.27848, -36.2382 ], [ -70.27885, -36.23826 ], [ -70.27912, -36.2386 ], [ -70.27897, -36.23883 ], [ -70.27914, -36.23962 ], [ -70.28061, -36.24019 ], [ -70.28059, -36.24073 ], [ -70.2809, -36.24117 ], [ -70.28079, -36.24206 ], [ -70.28129, -36.24281 ], [ -70.2811, -36.24336 ], [ -70.28164, -36.24386 ], [ -70.28105, -36.24483 ], [ -70.28106, -36.24554 ], [ -70.28085, -36.24634 ], [ -70.28091, -36.24669 ], [ -70.28164, -36.24749 ], [ -70.28162, -36.24774 ], [ -70.28109, -36.24843 ], [ -70.28162, -36.24921 ], [ -70.28138, -36.25043 ], [ -70.28195, -36.25069 ], [ -70.28215, -36.25115 ], [ -70.28296, -36.25126 ], [ -70.28423, -36.25206 ], [ -70.28419, -36.25232 ], [ -70.28362, -36.25262 ], [ -70.28329, -36.25325 ], [ -70.28354, -36.2541 ], [ -70.28421, -36.25475 ], [ -70.28383, -36.25537 ], [ -70.28376, -36.25586 ], [ -70.28545, -36.25704 ], [ -70.28598, -36.25781 ], [ -70.28589, -36.25828 ], [ -70.28613, -36.25862 ], [ -70.28865, -36.25964 ], [ -70.28897, -36.26009 ], [ -70.29027, -36.26029 ], [ -70.29045, -36.26088 ], [ -70.29022, -36.26135 ], [ -70.29033, -36.26171 ], [ -70.29115, -36.26239 ], [ -70.29131, -36.26278 ], [ -70.29112, -36.26387 ], [ -70.2909, -36.26412 ], [ -70.29102, -36.26479 ], [ -70.29133, -36.26539 ], [ -70.29128, -36.26567 ], [ -70.29199, -36.26638 ], [ -70.29215, -36.26692 ], [ -70.29259, -36.26713 ], [ -70.29319, -36.26701 ], [ -70.2935, -36.26712 ], [ -70.29406, -36.26827 ], [ -70.29521, -36.26899 ], [ -70.29568, -36.26958 ], [ -70.29643, -36.26983 ], [ -70.29639, -36.27019 ], [ -70.29656, -36.27035 ], [ -70.29794, -36.27063 ], [ -70.29834, -36.27085 ], [ -70.29818, -36.27216 ], [ -70.30106, -36.27419 ], [ -70.3017, -36.27495 ], [ -70.30192, -36.2761 ], [ -70.30179, -36.27645 ], [ -70.30098, -36.27689 ], [ -70.30107, -36.27735 ], [ -70.30157, -36.27759 ], [ -70.3017, -36.27784 ], [ -70.30172, -36.27908 ] ] } },
{ "type": "Feature", "properties": { "nombre": "Arroyo Pehuenche", "tipo": "river", "volcan_codigo": "LDM", "volcan_nombre": "Laguna del Maule", "drena_volcan": false }, "geometry": { "type": "MultiLineString", "coordinates": [ [ [ -70.3828, -35.96552 ], [ -70.3822, -35.96529 ], [ -70.38198, -35.965 ], [ -70.38135, -35.96493 ], [ -70.38127, -35.96454 ], [ -70.38051, -35.96478 ], [ -70.38003, -35.96467 ], [ -70.38, -35.96452 ], [ -70.38035, -35.96412 ], [ -70.3801, -35.96388 ], [ -70.37873, -35.96379 ], [ -70.37859, -35.96394 ], [ -70.37836, -35.9639 ], [ -70.37827, -35.96374 ], [ -70.37844, -35.96342 ], [ -70.37806, -35.96322 ], [ -70.37809, -35.96309 ], [ -70.37751, -35.96343 ], [ -70.37717, -35.96387 ], [ -70.377, -35.96386 ], [ -70.37706, -35.9635 ], [ -70.37692, -35.96333 ], [ -70.37591, -35.96267 ], [ -70.37577, -35.96189 ], [ -70.37497, -35.96201 ], [ -70.37346, -35.96302 ], [ -70.37334, -35.96411 ], [ -70.37308, -35.96426 ], [ -70.371, -35.96365 ], [ -70.37006, -35.9636 ], [ -70.36895, -35.96387 ], [ -70.36815, -35.96352 ], [ -70.36791, -35.96357 ], [ -70.36782, -35.96384 ] ], [ [ -70.22769, -35.95837 ], [ -70.2272, -35.95782 ], [ -70.22699, -35.9573 ], [ -70.22742, -35.95636 ], [ -70.22746, -35.95509 ], [ -70.22712, -35.95427 ], [ -70.22613, -35.95344 ], [ -70.22615, -35.95228 ], [ -70.22581, -35.95177 ], [ -70.22585, -35.95146 ], [ -70.22679, -35.95038 ], [ -70.22686, -35.95007 ], [ -70.22641, -35.94875 ], [ -70.22598, -35.94813 ], [ -70.22613, -35.94703 ], [ -70.22639, -35.94625 ], [ -70.22759, -35.94505 ], [ -70.22752, -35.94465 ], [ -70.22694, -35.94451 ], [ -70.22664, -35.94422 ], [ -70.22649, -35.94363 ], [ -70.22621, -35.94338 ], [ -70.22566, -35.94342 ], [ -70.22531, -35.94328 ], [ -70.22508, -35.94286 ], [ -70.22461, -35.94255 ], [ -70.22403, -35.94248 ], [ -70.22381, -35.94225 ], [ -70.22377, -35.94045 ], [ -70.2236, -35.94001 ], [ -70.22184, -35.93834 ], [ -70.22139, -35.93801 ], [ -70.22012, -35.9376 ], [ -70.21971, -35.93715 ], [ -70.21928, -35.93636 ], [ -70.21943, -35.93501 ], [ -70.2183, -35.93369 ], [ -70.21712, -35.93195 ], [ -70.21649, -35.9315 ], [ -70.21495, -35.93105 ], [ -70.21448, -35.93028 ], [ -70.2139, -35.92992 ], [ -70.21386, -35.92966 ], [ -70.21443, -35.92882 ], [ -70.21456, -35.92726 ], [ -70.21347, -35.9266 ], [ -70.21287, -35.92493 ], [ -70.21218, -35.92412 ], [ -70.21229, -35.92349 ], [ -70.21171, -35.9225 ], [ -70.21205, -35.92095 ], [ -70.21177, -35.91935 ], [ -70.21197, -35.91835 ], [ -70.2119, -35.91708 ], [ -70.2107, -35.91624 ], [ -70.21049, -35.91562 ], [ -70.2095, -35.91412 ], [ -70.20946, -35.91379 ], [ -70.2098, -35.91272 ], [ -70.20963, -35.91233 ], [ -70.20967, -35.91171 ], [ -70.20937, -35.91073 ], [ -70.20883, -35.90992 ], [ -70.20875, -35.90936 ], [ -70.20853, -35.90905 ], [ -70.20783, -35.90875 ], [ -70.20774, -35.90785 ], [ -70.20549, -35.90679 ], [ -70.20463, -35.90663 ], [ -70.20437, -35.90601 ], [ -70.20345, -35.90561 ], [ -70.203, -35.9047 ], [ -70.20255, -35.90425 ], [ -70.20218, -35.90408 ], [ -70.20087, -35.90404 ], [ -70.20027, -35.90363 ], [ -70.1998, -35.90354 ], [ -70.19963, -35.90328 ], [ -70.19963, -35.90277 ], [ -70.19941, -35.90248 ], [ -70.19849, -35.9021 ], [ -70.19834, -35.90177 ], [ -70.19746, -35.90114 ], [ -70.1968, -35.89961 ], [ -70.19536, -35.8993 ], [ -70.19521, -35.89886 ], [ -70.19523, -35.89845 ], [ -70.19551, -35.89812 ], [ -70.19568, -35.89744 ], [ -70.19557, -35.89685 ], [ -70.19469, -35.89636 ], [ -70.1945, -35.89598 ], [ -70.19461, -35.89558 ], [ -70.19435, -35.894 ], [ -70.19353, -35.89233 ], [ -70.1936, -35.89118 ], [ -70.19266, -35.89043 ], [ -70.19235, -35.88942 ], [ -70.19246, -35.88878 ], [ -70.19353, -35.8876 ], [ -70.19366, -35.88652 ], [ -70.19338, -35.88616 ], [ -70.19253, -35.88569 ], [ -70.19231, -35.88522 ], [ -70.19248, -35.88362 ], [ -70.19298, -35.88247 ], [ -70.19304, -35.87995 ], [ -70.19411, -35.87849 ], [ -70.19472, -35.87809 ], [ -70.19469, -35.87767 ], [ -70.19424, -35.87692 ], [ -70.19439, -35.87579 ], [ -70.19418, -35.87489 ], [ -70.19424, -35.87383 ], [ -70.19401, -35.87345 ], [ -70.19409, -35.87226 ], [ -70.19503, -35.87109 ], [ -70.19529, -35.87091 ], [ -70.19624, -35.87078 ], [ -70.19688, -35.87029 ], [ -70.19682, -35.86984 ], [ -70.19581, -35.86951 ], [ -70.19561, -35.86886 ], [ -70.19606, -35.86791 ], [ -70.19564, -35.86692 ], [ -70.19601, -35.8664 ], [ -70.19538, -35.86564 ], [ -70.19536, -35.86522 ], [ -70.1957, -35.86467 ], [ -70.19555, -35.86406 ], [ -70.19583, -35.86327 ], [ -70.19584, -35.8619 ], [ -70.19572, -35.86141 ], [ -70.19459, -35.86076 ], [ -70.1945, -35.86032 ], [ -70.19485, -35.85783 ], [ -70.19541, -35.85735 ], [ -70.19525, -35.85655 ], [ -70.19451, -35.85531 ], [ -70.19474, -35.85441 ], [ -70.19461, -35.85399 ], [ -70.19364, -35.85368 ], [ -70.19246, -35.85382 ], [ -70.19143, -35.8535 ], [ -70.19111, -35.85322 ], [ -70.19141, -35.85227 ], [ -70.19133, -35.8519 ], [ -70.19096, -35.85159 ], [ -70.18974, -35.85117 ], [ -70.18871, -35.84827 ], [ -70.18873, -35.84766 ], [ -70.18905, -35.84709 ], [ -70.18959, -35.84679 ], [ -70.18978, -35.84618 ], [ -70.18963, -35.84562 ], [ -70.18826, -35.84495 ], [ -70.18762, -35.84446 ], [ -70.18747, -35.84361 ], [ -70.18796, -35.84234 ], [ -70.18832, -35.84194 ], [ -70.18901, -35.84161 ], [ -70.1892, -35.84122 ], [ -70.18914, -35.84053 ], [ -70.18939, -35.84022 ] ], [ [ -70.38857, -35.97388 ], [ -70.38853, -35.97338 ], [ -70.3882, -35.97324 ], [ -70.38828, -35.97296 ], [ -70.38796, -35.97268 ], [ -70.38786, -35.97204 ], [ -70.38729, -35.9719 ], [ -70.38673, -35.9713 ], [ -70.38632, -35.97126 ], [ -70.38645, -35.97064 ], [ -70.38608, -35.97019 ], [ -70.38635, -35.97007 ], [ -70.3864, -35.96988 ], [ -70.38572, -35.96935 ], [ -70.38489, -35.96933 ], [ -70.38476, -35.96916 ], [ -70.38485, -35.96888 ], [ -70.38467, -35.96837 ], [ -70.38471, -35.96793 ], [ -70.38428, -35.96776 ], [ -70.38441, -35.96754 ], [ -70.3838, -35.96746 ], [ -70.38393, -35.96712 ], [ -70.38336, -35.96662 ], [ -70.38367, -35.96638 ], [ -70.38361, -35.9662 ], [ -70.38328, -35.96619 ], [ -70.3823, -35.96563 ], [ -70.3828, -35.96552 ] ], [ [ -70.41508, -35.97041 ], [ -70.41438, -35.9708 ], [ -70.41311, -35.97109 ], [ -70.41276, -35.97147 ], [ -70.41101, -35.97171 ], [ -70.40955, -35.97336 ], [ -70.40898, -35.97377 ], [ -70.40831, -35.97416 ], [ -70.40708, -35.97427 ], [ -70.40674, -35.97452 ], [ -70.40636, -35.97524 ], [ -70.40662, -35.97703 ], [ -70.40575, -35.97783 ], [ -70.40574, -35.97809 ], [ -70.40525, -35.97884 ], [ -70.40469, -35.97937 ], [ -70.40387, -35.97974 ], [ -70.40118, -35.97962 ], [ -70.40034, -35.98017 ], [ -70.39972, -35.98021 ], [ -70.39908, -35.98047 ], [ -70.39461, -35.98048 ], [ -70.39356, -35.98011 ], [ -70.3932, -35.98035 ], [ -70.39299, -35.98032 ], [ -70.39237, -35.97942 ], [ -70.39256, -35.9789 ], [ -70.39247, -35.97873 ], [ -70.39188, -35.9784 ], [ -70.39198, -35.97794 ], [ -70.39129, -35.97656 ], [ -70.39136, -35.97636 ], [ -70.38933, -35.97557 ], [ -70.38893, -35.9742 ], [ -70.38857, -35.97388 ] ], [ [ -70.36782, -35.96404 ], [ -70.36743, -35.9643 ], [ -70.36449, -35.96514 ] ], [ [ -70.36412, -35.96523 ], [ -70.36343, -35.96587 ], [ -70.36295, -35.96607 ], [ -70.3609, -35.9659 ], [ -70.35991, -35.96553 ], [ -70.35953, -35.96579 ], [ -70.35909, -35.96563 ], [ -70.35851, -35.96566 ], [ -70.35738, -35.96627 ], [ -70.35606, -35.96634 ], [ -70.35574, -35.96659 ], [ -70.35469, -35.96619 ], [ -70.35423, -35.96628 ], [ -70.35382, -35.96605 ], [ -70.3533, -35.96625 ], [ -70.35275, -35.96604 ], [ -70.35237, -35.96647 ], [ -70.35099, -35.96619 ], [ -70.35056, -35.9665 ], [ -70.35047, -35.96696 ], [ -70.35029, -35.96711 ], [ -70.34973, -35.96699 ], [ -70.34901, -35.96722 ], [ -70.34892, -35.9678 ], [ -70.34684, -35.96856 ], [ -70.34644, -35.96905 ], [ -70.34568, -35.96927 ], [ -70.34225, -35.96922 ], [ -70.33739, -35.96846 ], [ -70.33501, -35.96875 ], [ -70.33456, -35.96838 ], [ -70.33399, -35.96836 ], [ -70.33351, -35.96796 ], [ -70.33207, -35.96744 ], [ -70.33161, -35.96768 ], [ -70.33012, -35.96749 ], [ -70.32985, -35.96781 ], [ -70.32806, -35.96712 ], [ -70.32728, -35.96754 ], [ -70.32699, -35.96748 ], [ -70.32657, -35.96709 ], [ -70.32581, -35.9672 ], [ -70.3252, -35.96664 ], [ -70.32478, -35.96651 ], [ -70.32428, -35.96664 ], [ -70.32394, -35.96709 ], [ -70.32368, -35.96707 ], [ -70.32353, -35.96634 ], [ -70.32306, -35.96592 ], [ -70.32229, -35.96563 ], [ -70.32106, -35.96487 ], [ -70.32096, -35.96469 ], [ -70.32115, -35.96434 ], [ -70.32044, -35.96393 ], [ -70.3193, -35.96377 ], [ -70.31894, -35.96356 ], [ -70.31892, -35.96316 ], [ -70.3187, -35.96294 ], [ -70.31788, -35.96284 ], [ -70.31771, -35.9625 ], [ -70.31671, -35.96272 ], [ -70.31614, -35.96247 ], [ -70.31565, -35.96262 ], [ -70.31463, -35.96245 ], [ -70.31418, -35.9627 ], [ -70.31324, -35.96214 ], [ -70.31323, -35.96171 ], [ -70.31255, -35.96162 ], [ -70.31192, -35.96028 ], [ -70.31121, -35.95982 ], [ -70.30964, -35.95914 ], [ -70.30853, -35.95897 ], [ -70.30745, -35.95865 ], [ -70.3072, -35.95838 ], [ -70.30643, -35.95834 ], [ -70.30605, -35.95811 ], [ -70.30504, -35.95856 ], [ -70.30388, -35.95874 ], [ -70.30333, -35.95837 ], [ -70.30241, -35.95833 ], [ -70.30219, -35.95804 ], [ -70.30143, -35.95812 ], [ -70.30101, -35.95781 ], [ -70.30079, -35.95737 ], [ -70.2993, -35.95719 ], [ -70.29832, -35.95737 ], [ -70.29757, -35.95687 ], [ -70.297, -35.957 ], [ -70.29639, -35.9568 ], [ -70.29623, -35.95722 ], [ -70.29571, -35.95719 ], [ -70.29519, -35.95751 ], [ -70.295, -35.95747 ], [ -70.29469, -35.95704 ], [ -70.29431, -35.95705 ], [ -70.2941, -35.95734 ], [ -70.29358, -35.95757 ], [ -70.29265, -35.95724 ], [ -70.29224, -35.9574 ], [ -70.29098, -35.95739 ], [ -70.29046, -35.95718 ], [ -70.28888, -35.95711 ], [ -70.28536, -35.95819 ], [ -70.28354, -35.95785 ], [ -70.28192, -35.95709 ], [ -70.28095, -35.95706 ], [ -70.27999, -35.95659 ], [ -70.27763, -35.95588 ], [ -70.2765, -35.95592 ], [ -70.27576, -35.95621 ], [ -70.27529, -35.95669 ], [ -70.27497, -35.95672 ], [ -70.27448, -35.95629 ], [ -70.2742, -35.95624 ], [ -70.27106, -35.95632 ], [ -70.26786, -35.9558 ], [ -70.2674, -35.95616 ], [ -70.2672, -35.95605 ], [ -70.26718, -35.95546 ], [ -70.26688, -35.95518 ], [ -70.26642, -35.95508 ], [ -70.26547, -35.95531 ], [ -70.26436, -35.95617 ], [ -70.26364, -35.95599 ], [ -70.26299, -35.95624 ], [ -70.26231, -35.95602 ], [ -70.26168, -35.95622 ], [ -70.25947, -35.95775 ], [ -70.25638, -35.95761 ], [ -70.25465, -35.95726 ], [ -70.25411, -35.95747 ], [ -70.25245, -35.95733 ], [ -70.25143, -35.9575 ], [ -70.25083, -35.95796 ], [ -70.24953, -35.95849 ], [ -70.24917, -35.95846 ], [ -70.24885, -35.9579 ], [ -70.24852, -35.95783 ], [ -70.24752, -35.95816 ], [ -70.24603, -35.95821 ], [ -70.24552, -35.95863 ], [ -70.24523, -35.9594 ], [ -70.24431, -35.9598 ], [ -70.24372, -35.96026 ], [ -70.24277, -35.9605 ], [ -70.24202, -35.96044 ], [ -70.24188, -35.96028 ], [ -70.24165, -35.95889 ], [ -70.24109, -35.95809 ], [ -70.24062, -35.95789 ], [ -70.23923, -35.95799 ], [ -70.2378, -35.95937 ] ], [ [ -70.82056, -36.43337 ], [ -70.82071, -36.43401 ], [ -70.82027, -36.43421 ], [ -70.81991, -36.43495 ], [ -70.81901, -36.43544 ], [ -70.81887, -36.43604 ], [ -70.81851, -36.43616 ], [ -70.81822, -36.43667 ], [ -70.81884, -36.43759 ] ] ] } },
{ "type": "Feature", "properties": { "nombre": "Arroyo Puente de Tierra", "tipo": "river", "volcan_codigo": "LDM", "volcan_nombre": "Laguna del Maule", "drena_volcan": false }, "geometry": { "type": "MultiLineString", "coordinates": [ [ [ -70.44582, -36.20465 ], [ -70.44385, -36.20556 ], [ -70.4434, -36.20602 ], [ -70.44352, -36.20641 ], [ -70.44299, -36.20685 ], [ -70.44291, -36.20711 ], [ -70.44091, -36.20809 ], [ -70.44039, -36.2079 ], [ -70.43914, -36.2085 ], [ -70.43825, -36.20928 ], [ -70.43773, -36.21006 ], [ -70.43602, -36.21114 ], [ -70.4345, -36.21262 ], [ -70.43296, -36.21339 ], [ -70.43245, -36.21326 ], [ -70.42642, -36.2167 ], [ -70.42464, -36.21734 ], [ -70.42467, -36.2176 ], [ -70.42339, -36.21879 ], [ -70.42305, -36.21854 ], [ -70.42255, -36.21864 ], [ -70.422, -36.21935 ], [ -70.42038, -36.22016 ], [ -70.42011, -36.22001 ], [ -70.41978, -36.22008 ], [ -70.41939, -36.2208 ], [ -70.41883, -36.22074 ], [ -70.41838, -36.22098 ], [ -70.41813, -36.22075 ], [ -70.4176, -36.22117 ], [ -70.41715, -36.2219 ], [ -70.41517, -36.22334 ], [ -70.41495, -36.22315 ], [ -70.41449, -36.22315 ], [ -70.41422, -36.22397 ], [ -70.41385, -36.22418 ], [ -70.41367, -36.22403 ], [ -70.41223, -36.22469 ], [ -70.41019, -36.22662 ], [ -70.409, -36.22749 ], [ -70.40738, -36.22779 ], [ -70.40303, -36.23013 ], [ -70.401, -36.23094 ], [ -70.39702, -36.23413 ], [ -70.3969, -36.23591 ], [ -70.39602, -36.23669 ], [ -70.39438, -36.23768 ], [ -70.39335, -36.23892 ], [ -70.39275, -36.23974 ], [ -70.39281, -36.24036 ], [ -70.3923, -36.24118 ], [ -70.39157, -36.24193 ], [ -70.3914, -36.24242 ], [ -70.38998, -36.24385 ], [ -70.38974, -36.24454 ], [ -70.38693, -36.24602 ], [ -70.38674, -36.24646 ], [ -70.38641, -36.24667 ], [ -70.38592, -36.24739 ], [ -70.38548, -36.2476 ], [ -70.38395, -36.24999 ], [ -70.38316, -36.25066 ], [ -70.38248, -36.25242 ], [ -70.37812, -36.25604 ], [ -70.37747, -36.25698 ], [ -70.37704, -36.25727 ], [ -70.37707, -36.25746 ], [ -70.3766, -36.25809 ], [ -70.37669, -36.25835 ], [ -70.37564, -36.25879 ], [ -70.37533, -36.2592 ], [ -70.37551, -36.2593 ], [ -70.37498, -36.25981 ], [ -70.37438, -36.25986 ] ], [ [ -70.44723, -36.20514 ], [ -70.44582, -36.20465 ] ], [ [ -70.45243, -36.20325 ], [ -70.45213, -36.20324 ], [ -70.45151, -36.20358 ], [ -70.45052, -36.20337 ], [ -70.44842, -36.20388 ], [ -70.44723, -36.20514 ] ] ] } },
{ "type": "Feature", "properties": { "nombre": "Arroyo San Francisco", "tipo": "river", "volcan_codigo": "LDM", "volcan_nombre": "Laguna del Maule", "drena_volcan": false }, "geometry": { "type": "MultiLineString", "coordinates": [ [ [ -70.47808, -35.73633 ], [ -70.47766, -35.73654 ], [ -70.47746, -35.737 ], [ -70.47758, -35.73716 ], [ -70.47751, -35.73768 ], [ -70.47698, -35.73854 ], [ -70.47712, -35.73899 ], [ -70.47704, -35.73938 ], [ -70.47743, -35.74027 ], [ -70.47739, -35.74114 ], [ -70.47762, -35.74134 ], [ -70.47715, -35.74162 ], [ -70.47713, -35.74201 ], [ -70.47732, -35.74241 ], [ -70.47692, -35.74288 ], [ -70.47702, -35.74318 ], [ -70.47681, -35.74339 ], [ -70.47691, -35.7437 ], [ -70.47655, -35.74395 ], [ -70.47675, -35.74416 ], [ -70.4768, -35.74457 ], [ -70.47744, -35.74493 ], [ -70.47786, -35.74587 ] ], [ [ -70.47112, -35.74332 ], [ -70.47241, -35.7441 ], [ -70.47258, -35.74465 ], [ -70.47348, -35.74449 ], [ -70.47513, -35.74511 ], [ -70.4758, -35.74521 ], [ -70.47669, -35.74586 ] ], [ [ -70.47973, -35.70185 ], [ -70.4791, -35.70238 ], [ -70.4788, -35.70313 ], [ -70.47846, -35.70331 ], [ -70.47767, -35.70433 ], [ -70.47603, -35.70555 ], [ -70.47524, -35.70862 ], [ -70.47447, -35.70949 ], [ -70.47371, -35.71083 ], [ -70.47368, -35.71126 ], [ -70.47339, -35.71182 ], [ -70.47349, -35.7123 ], [ -70.47328, -35.71263 ], [ -70.47331, -35.71303 ], [ -70.47375, -35.7136 ], [ -70.47429, -35.71393 ], [ -70.47437, -35.71442 ], [ -70.47469, -35.71481 ], [ -70.47458, -35.71507 ], [ -70.47478, -35.71561 ], [ -70.47467, -35.71638 ], [ -70.47514, -35.71654 ], [ -70.47529, -35.71675 ], [ -70.47466, -35.71713 ], [ -70.47445, -35.71787 ], [ -70.47452, -35.71821 ], [ -70.4734, -35.71952 ], [ -70.47335, -35.71994 ], [ -70.47307, -35.72007 ], [ -70.47281, -35.72049 ], [ -70.47264, -35.72119 ], [ -70.4722, -35.72155 ], [ -70.47153, -35.7227 ], [ -70.47179, -35.72285 ], [ -70.47174, -35.7231 ], [ -70.47206, -35.72334 ], [ -70.47216, -35.72373 ], [ -70.47318, -35.7243 ], [ -70.47339, -35.725 ], [ -70.47377, -35.72494 ], [ -70.47348, -35.72549 ], [ -70.47381, -35.72569 ], [ -70.47375, -35.72601 ], [ -70.47417, -35.72659 ], [ -70.47458, -35.72772 ], [ -70.47583, -35.72881 ], [ -70.4774, -35.7294 ], [ -70.47781, -35.72988 ], [ -70.47864, -35.73153 ], [ -70.47995, -35.73293 ], [ -70.48007, -35.73338 ], [ -70.4799, -35.73502 ], [ -70.47922, -35.73555 ], [ -70.47913, -35.73581 ], [ -70.47842, -35.73599 ], [ -70.47808, -35.73633 ] ], [ [ -70.43094, -35.71662 ], [ -70.43116, -35.71685 ], [ -70.4307, -35.71757 ], [ -70.43103, -35.71842 ], [ -70.4315, -35.7187 ], [ -70.43126, -35.7192 ], [ -70.43123, -35.71974 ], [ -70.43186, -35.72026 ], [ -70.43177, -35.72064 ], [ -70.43189, -35.72089 ], [ -70.43229, -35.72118 ], [ -70.43278, -35.722 ], [ -70.43339, -35.72256 ], [ -70.43344, -35.72406 ], [ -70.43529, -35.72518 ], [ -70.43551, -35.72559 ], [ -70.43604, -35.72572 ], [ -70.43614, -35.726 ], [ -70.43688, -35.72644 ], [ -70.43707, -35.72672 ], [ -70.43789, -35.72704 ], [ -70.4383, -35.7275 ], [ -70.4388, -35.72763 ], [ -70.43909, -35.72857 ], [ -70.43962, -35.72868 ], [ -70.44024, -35.7293 ], [ -70.44022, -35.72974 ], [ -70.44071, -35.73028 ], [ -70.4421, -35.7307 ], [ -70.44249, -35.73108 ], [ -70.44301, -35.73129 ], [ -70.44346, -35.7319 ], [ -70.44414, -35.73223 ], [ -70.44422, -35.73258 ], [ -70.44401, -35.73317 ], [ -70.44426, -35.73374 ], [ -70.44475, -35.734 ], [ -70.44486, -35.73446 ], [ -70.44562, -35.73471 ], [ -70.4463, -35.73537 ], [ -70.44655, -35.73578 ], [ -70.44659, -35.73635 ], [ -70.44729, -35.73699 ], [ -70.44729, -35.73739 ], [ -70.44784, -35.73771 ], [ -70.44825, -35.73837 ], [ -70.44946, -35.73896 ], [ -70.45034, -35.74042 ], [ -70.45098, -35.74073 ], [ -70.45186, -35.7418 ], [ -70.45227, -35.74183 ], [ -70.45349, -35.74275 ], [ -70.45505, -35.7428 ], [ -70.45542, -35.74305 ], [ -70.45637, -35.74287 ], [ -70.45818, -35.74369 ], [ -70.45957, -35.74334 ], [ -70.4605, -35.74341 ], [ -70.46146, -35.74285 ], [ -70.46218, -35.74313 ], [ -70.46279, -35.74298 ], [ -70.46359, -35.74312 ], [ -70.46398, -35.74248 ], [ -70.46523, -35.74133 ], [ -70.46601, -35.74203 ], [ -70.46634, -35.74194 ], [ -70.46665, -35.74161 ], [ -70.46779, -35.74187 ], [ -70.46811, -35.74235 ], [ -70.46849, -35.74252 ], [ -70.46878, -35.74305 ], [ -70.46951, -35.74309 ], [ -70.47017, -35.7435 ], [ -70.47094, -35.7433 ], [ -70.47112, -35.74332 ] ], [ [ -70.42979, -35.65583 ], [ -70.42988, -35.65632 ], [ -70.42915, -35.65741 ], [ -70.42889, -35.65754 ], [ -70.42858, -35.65863 ], [ -70.42657, -35.6596 ], [ -70.42638, -35.65997 ], [ -70.42593, -35.6618 ], [ -70.42645, -35.66278 ], [ -70.42647, -35.66313 ], [ -70.42617, -35.66354 ], [ -70.42639, -35.66389 ] ], [ [ -70.42639, -35.66389 ], [ -70.42631, -35.66437 ], [ -70.42567, -35.66507 ], [ -70.42516, -35.66515 ], [ -70.42387, -35.66599 ], [ -70.42362, -35.66648 ], [ -70.42362, -35.66704 ], [ -70.42324, -35.66729 ], [ -70.42304, -35.66783 ], [ -70.42277, -35.66808 ], [ -70.42293, -35.66839 ], [ -70.42276, -35.66853 ], [ -70.42269, -35.66887 ], [ -70.42285, -35.66897 ], [ -70.42262, -35.66926 ], [ -70.42266, -35.6697 ], [ -70.42424, -35.67046 ], [ -70.42446, -35.67104 ], [ -70.42488, -35.6711 ], [ -70.42594, -35.67234 ], [ -70.42568, -35.67278 ], [ -70.42572, -35.6744 ], [ -70.42656, -35.6744 ], [ -70.42745, -35.67505 ], [ -70.42743, -35.6758 ], [ -70.4278, -35.67615 ], [ -70.42822, -35.67718 ], [ -70.42858, -35.67731 ], [ -70.42874, -35.67758 ], [ -70.42873, -35.67905 ], [ -70.42932, -35.67943 ], [ -70.42965, -35.6809 ], [ -70.42933, -35.68135 ], [ -70.42929, -35.68177 ], [ -70.42901, -35.68203 ], [ -70.42902, -35.68241 ], [ -70.42869, -35.68273 ], [ -70.42794, -35.68408 ], [ -70.42784, -35.68523 ], [ -70.42721, -35.68553 ], [ -70.42545, -35.68595 ], [ -70.42493, -35.68614 ], [ -70.42463, -35.68645 ], [ -70.42411, -35.68657 ], [ -70.42375, -35.68687 ], [ -70.42343, -35.68805 ], [ -70.42292, -35.68842 ], [ -70.4226, -35.68912 ], [ -70.42174, -35.68987 ], [ -70.42272, -35.69167 ], [ -70.42241, -35.69252 ], [ -70.42202, -35.69271 ], [ -70.42165, -35.6942 ], [ -70.42131, -35.69455 ], [ -70.42125, -35.69494 ], [ -70.42087, -35.6953 ], [ -70.42101, -35.69556 ], [ -70.42095, -35.69584 ], [ -70.42203, -35.69585 ], [ -70.42231, -35.69604 ], [ -70.42337, -35.69625 ], [ -70.42358, -35.69653 ], [ -70.42414, -35.69666 ], [ -70.42442, -35.69694 ], [ -70.42444, -35.69786 ], [ -70.42487, -35.69811 ], [ -70.42525, -35.69929 ], [ -70.42506, -35.69971 ], [ -70.42549, -35.70037 ], [ -70.42601, -35.70067 ], [ -70.42581, -35.70153 ], [ -70.42623, -35.70239 ], [ -70.42606, -35.70281 ], [ -70.42524, -35.70342 ], [ -70.42546, -35.70398 ], [ -70.42664, -35.70454 ], [ -70.42661, -35.70475 ], [ -70.42705, -35.7053 ], [ -70.42691, -35.70564 ], [ -70.42711, -35.70666 ], [ -70.42633, -35.70761 ], [ -70.42619, -35.70825 ], [ -70.42515, -35.70771 ], [ -70.42502, -35.70868 ], [ -70.42537, -35.70968 ], [ -70.42586, -35.7101 ], [ -70.4262, -35.71163 ], [ -70.42641, -35.7118 ], [ -70.42649, -35.71223 ], [ -70.4271, -35.71259 ], [ -70.42692, -35.7128 ], [ -70.42708, -35.71315 ], [ -70.42755, -35.71324 ], [ -70.42803, -35.714 ], [ -70.42819, -35.71393 ], [ -70.42851, -35.71434 ], [ -70.42922, -35.71458 ], [ -70.42984, -35.71553 ], [ -70.43073, -35.71586 ], [ -70.43094, -35.71662 ] ] ] } },
{ "type": "Feature", "properties": { "nombre": "Arroyo Trovunco", "tipo": "stream", "volcan_codigo": "LDM", "volcan_nombre": "Laguna del Maule", "drena_volcan": false }, "geometry": { "type": "LineString", "coordinates": [ [ -70.39595, -36.39209 ], [ -70.39544, -36.39204 ], [ -70.39487, -36.39227 ], [ -70.39446, -36.39213 ], [ -70.39427, -36.39231 ], [ -70.39277, -36.39252 ], [ -70.39236, -36.39244 ], [ -70.39161, -36.39305 ], [ -70.39126, -36.39301 ], [ -70.38994, -36.39355 ], [ -70.38939, -36.3936 ], [ -70.3888, -36.39396 ], [ -70.38738, -36.39274 ], [ -70.38699, -36.39269 ], [ -70.38676, -36.39294 ], [ -70.38642, -36.39302 ], [ -70.38619, -36.39271 ], [ -70.38495, -36.39266 ], [ -70.38472, -36.39248 ], [ -70.38388, -36.39282 ], [ -70.38325, -36.39285 ], [ -70.38306, -36.39271 ], [ -70.38243, -36.39286 ], [ -70.38234, -36.39264 ], [ -70.38148, -36.39288 ], [ -70.38115, -36.3926 ], [ -70.3806, -36.39254 ], [ -70.38024, -36.39296 ], [ -70.37957, -36.39283 ], [ -70.37782, -36.39318 ], [ -70.37745, -36.39363 ], [ -70.3772, -36.39362 ], [ -70.37719, -36.39385 ], [ -70.3767, -36.39391 ], [ -70.37666, -36.39434 ], [ -70.37614, -36.39461 ], [ -70.37601, -36.39512 ], [ -70.37529, -36.39561 ], [ -70.37424, -36.39603 ], [ -70.37266, -36.39631 ], [ -70.37226, -36.39657 ], [ -70.3709, -36.39645 ], [ -70.37061, -36.3966 ], [ -70.36989, -36.39661 ], [ -70.36963, -36.39643 ], [ -70.36802, -36.3964 ], [ -70.36781, -36.39612 ], [ -70.36704, -36.39586 ], [ -70.36573, -36.39604 ], [ -70.36541, -36.3958 ], [ -70.365, -36.39592 ], [ -70.36444, -36.39571 ], [ -70.36395, -36.39573 ], [ -70.36324, -36.39529 ], [ -70.36298, -36.39471 ], [ -70.36219, -36.39434 ], [ -70.36178, -36.3945 ], [ -70.3597, -36.39398 ], [ -70.35807, -36.39333 ], [ -70.35781, -36.39294 ], [ -70.35792, -36.39214 ], [ -70.35755, -36.39171 ], [ -70.35635, -36.39187 ], [ -70.35592, -36.39161 ], [ -70.3547, -36.39149 ], [ -70.3544, -36.39111 ], [ -70.35373, -36.39114 ], [ -70.35103, -36.38974 ], [ -70.35114, -36.38943 ], [ -70.3491, -36.38876 ], [ -70.34876, -36.38794 ], [ -70.34682, -36.38663 ], [ -70.34607, -36.38653 ], [ -70.34444, -36.38485 ], [ -70.34313, -36.38411 ], [ -70.34288, -36.38411 ], [ -70.34159, -36.38219 ], [ -70.3412, -36.38128 ], [ -70.34013, -36.38088 ], [ -70.33895, -36.37939 ], [ -70.33923, -36.37896 ], [ -70.33837, -36.37837 ], [ -70.33777, -36.37656 ], [ -70.33749, -36.37623 ], [ -70.3377, -36.37459 ], [ -70.33725, -36.37433 ], [ -70.33721, -36.37383 ], [ -70.33652, -36.37342 ], [ -70.3368, -36.37324 ], [ -70.3367, -36.37264 ], [ -70.33706, -36.37253 ], [ -70.33732, -36.37193 ], [ -70.3373, -36.37146 ], [ -70.33489, -36.36981 ], [ -70.33374, -36.36994 ], [ -70.3335, -36.36946 ], [ -70.33255, -36.3696 ], [ -70.33249, -36.36918 ], [ -70.33144, -36.36887 ], [ -70.3314, -36.36841 ], [ -70.32994, -36.36725 ], [ -70.33003, -36.36652 ], [ -70.32963, -36.36612 ], [ -70.32952, -36.36525 ], [ -70.32912, -36.36475 ], [ -70.32925, -36.3639 ], [ -70.32813, -36.3632 ], [ -70.32769, -36.36223 ], [ -70.32713, -36.36187 ], [ -70.32728, -36.36155 ], [ -70.32695, -36.36154 ], [ -70.32685, -36.36121 ], [ -70.32613, -36.36129 ], [ -70.32587, -36.36106 ], [ -70.32501, -36.36115 ], [ -70.32447, -36.36085 ], [ -70.32425, -36.36046 ], [ -70.32398, -36.36044 ], [ -70.32375, -36.36018 ], [ -70.32377, -36.35971 ], [ -70.32326, -36.35926 ], [ -70.32317, -36.35859 ], [ -70.32249, -36.35843 ], [ -70.3222, -36.35812 ], [ -70.32185, -36.35813 ], [ -70.32159, -36.35755 ], [ -70.32131, -36.3574 ], [ -70.3208, -36.35748 ], [ -70.32008, -36.35649 ], [ -70.31971, -36.35647 ], [ -70.31969, -36.35596 ], [ -70.31926, -36.35567 ], [ -70.31915, -36.35524 ], [ -70.31925, -36.35491 ], [ -70.31907, -36.35479 ], [ -70.31924, -36.35432 ], [ -70.31897, -36.35431 ], [ -70.3189, -36.35412 ], [ -70.31947, -36.35312 ], [ -70.31906, -36.35243 ], [ -70.31844, -36.35207 ], [ -70.31832, -36.35153 ], [ -70.31852, -36.35124 ], [ -70.31837, -36.3508 ], [ -70.31778, -36.35028 ], [ -70.3178, -36.34967 ], [ -70.31755, -36.34916 ], [ -70.3181, -36.34655 ], [ -70.31797, -36.3456 ], [ -70.31822, -36.34538 ], [ -70.31856, -36.34428 ], [ -70.31834, -36.34318 ], [ -70.31928, -36.34205 ], [ -70.31945, -36.34137 ], [ -70.31935, -36.34084 ], [ -70.31987, -36.3403 ], [ -70.31984, -36.33963 ], [ -70.31925, -36.33805 ], [ -70.31917, -36.33712 ], [ -70.31831, -36.3367 ], [ -70.31796, -36.33629 ], [ -70.31791, -36.33491 ], [ -70.31751, -36.33446 ], [ -70.3175, -36.33425 ] ] } },
{ "type": "Feature", "properties": { "nombre": "Arroyo Varvarco", "tipo": "river", "volcan_codigo": "LDM", "volcan_nombre": "Laguna del Maule", "drena_volcan": false }, "geometry": { "type": "LineString", "coordinates": [ [ -70.57974, -36.19185 ], [ -70.57866, -36.19185 ], [ -70.57807, -36.1921 ], [ -70.57757, -36.19198 ], [ -70.57634, -36.19209 ], [ -70.57588, -36.19256 ], [ -70.57484, -36.19309 ], [ -70.57466, -36.19384 ], [ -70.57429, -36.19411 ], [ -70.5739, -36.19472 ], [ -70.57297, -36.19453 ], [ -70.57239, -36.19501 ], [ -70.57178, -36.19506 ], [ -70.57122, -36.19573 ], [ -70.57016, -36.19597 ], [ -70.56854, -36.19598 ], [ -70.56766, -36.19624 ], [ -70.56726, -36.19664 ], [ -70.56667, -36.19692 ], [ -70.56643, -36.19775 ], [ -70.56622, -36.19782 ], [ -70.56607, -36.19817 ], [ -70.56659, -36.19866 ], [ -70.56672, -36.19899 ], [ -70.56692, -36.19896 ], [ -70.56719, -36.19949 ], [ -70.56798, -36.19985 ], [ -70.56799, -36.20014 ], [ -70.56909, -36.20085 ], [ -70.56951, -36.20141 ], [ -70.57009, -36.20165 ], [ -70.57012, -36.20205 ], [ -70.57057, -36.20215 ], [ -70.57116, -36.20201 ], [ -70.57141, -36.20229 ], [ -70.57205, -36.20215 ], [ -70.57251, -36.20268 ], [ -70.57299, -36.2029 ], [ -70.57334, -36.20351 ], [ -70.57456, -36.20389 ], [ -70.5751, -36.2044 ], [ -70.57671, -36.20521 ], [ -70.57686, -36.20546 ], [ -70.57753, -36.20569 ], [ -70.5779, -36.2061 ], [ -70.57899, -36.20585 ], [ -70.57921, -36.20616 ], [ -70.57993, -36.20617 ], [ -70.58075, -36.20654 ], [ -70.58138, -36.20663 ], [ -70.58164, -36.20678 ], [ -70.58171, -36.20715 ], [ -70.58217, -36.20718 ], [ -70.5828, -36.20748 ], [ -70.5828, -36.20807 ], [ -70.5832, -36.20838 ], [ -70.58378, -36.20851 ], [ -70.58401, -36.20926 ], [ -70.58482, -36.20994 ], [ -70.58581, -36.21023 ], [ -70.58594, -36.21045 ], [ -70.58651, -36.21069 ], [ -70.58714, -36.21139 ], [ -70.58786, -36.21137 ], [ -70.58946, -36.21193 ], [ -70.58976, -36.21223 ], [ -70.58964, -36.21253 ], [ -70.58973, -36.21269 ], [ -70.59048, -36.2131 ], [ -70.59096, -36.21396 ], [ -70.59148, -36.21417 ], [ -70.59274, -36.21513 ], [ -70.59364, -36.21508 ], [ -70.59436, -36.21572 ], [ -70.59481, -36.21582 ], [ -70.59494, -36.21694 ], [ -70.59535, -36.21719 ], [ -70.59574, -36.218 ], [ -70.59638, -36.21808 ], [ -70.59651, -36.21827 ], [ -70.59641, -36.21875 ], [ -70.59666, -36.21927 ], [ -70.59725, -36.21971 ], [ -70.59805, -36.21984 ], [ -70.59797, -36.22044 ], [ -70.59852, -36.22094 ], [ -70.59826, -36.22119 ], [ -70.59817, -36.22156 ], [ -70.5983, -36.22194 ], [ -70.59968, -36.22246 ], [ -70.59956, -36.22298 ], [ -70.59969, -36.22319 ], [ -70.60038, -36.22322 ], [ -70.60086, -36.22416 ], [ -70.60138, -36.22463 ], [ -70.60151, -36.22496 ], [ -70.60087, -36.22508 ], [ -70.60212, -36.22638 ], [ -70.60212, -36.22677 ], [ -70.60166, -36.22726 ], [ -70.60174, -36.22752 ], [ -70.60253, -36.2277 ], [ -70.60235, -36.22835 ], [ -70.60266, -36.2289 ], [ -70.60262, -36.22971 ], [ -70.60278, -36.23013 ], [ -70.60305, -36.23021 ], [ -70.60307, -36.2308 ], [ -70.60332, -36.23138 ], [ -70.603, -36.23151 ], [ -70.6029, -36.23205 ], [ -70.60304, -36.23301 ], [ -70.60338, -36.2334 ], [ -70.60256, -36.23376 ], [ -70.60275, -36.23417 ], [ -70.60245, -36.23462 ], [ -70.60278, -36.23496 ], [ -70.60244, -36.23587 ], [ -70.60266, -36.2364 ], [ -70.60246, -36.23665 ], [ -70.60181, -36.23687 ], [ -70.60191, -36.23745 ], [ -70.60149, -36.23786 ], [ -70.60118, -36.23884 ], [ -70.60134, -36.23918 ], [ -70.60097, -36.23939 ], [ -70.601, -36.23971 ], [ -70.60059, -36.24027 ], [ -70.60053, -36.24118 ], [ -70.59989, -36.24182 ], [ -70.59971, -36.2424 ], [ -70.60013, -36.24318 ], [ -70.60002, -36.24346 ], [ -70.59968, -36.24343 ], [ -70.59936, -36.24364 ], [ -70.59936, -36.24407 ], [ -70.59982, -36.24441 ], [ -70.5997, -36.24593 ], [ -70.60032, -36.24639 ], [ -70.60074, -36.24695 ], [ -70.60011, -36.2481 ], [ -70.59956, -36.24828 ], [ -70.59945, -36.24897 ], [ -70.59957, -36.24953 ], [ -70.59896, -36.25042 ], [ -70.59915, -36.25084 ], [ -70.5996, -36.25075 ], [ -70.59985, -36.25142 ], [ -70.59978, -36.25194 ], [ -70.60005, -36.25221 ], [ -70.60012, -36.2528 ], [ -70.60056, -36.25312 ], [ -70.60135, -36.25305 ], [ -70.6027, -36.25451 ], [ -70.60289, -36.25464 ], [ -70.60356, -36.25463 ], [ -70.60412, -36.25523 ], [ -70.60409, -36.25572 ], [ -70.60336, -36.25679 ], [ -70.60333, -36.25733 ], [ -70.6041, -36.25798 ], [ -70.60369, -36.25844 ], [ -70.60336, -36.25855 ], [ -70.60312, -36.25928 ], [ -70.60359, -36.25925 ], [ -70.60432, -36.26033 ], [ -70.60401, -36.26091 ], [ -70.60504, -36.26223 ], [ -70.60468, -36.26258 ], [ -70.60526, -36.26301 ], [ -70.6057, -36.26473 ], [ -70.60617, -36.26505 ], [ -70.60626, -36.26582 ], [ -70.60678, -36.26684 ], [ -70.60622, -36.26749 ], [ -70.60621, -36.2689 ], [ -70.60719, -36.26931 ], [ -70.60737, -36.26959 ], [ -70.60699, -36.27027 ], [ -70.60734, -36.27059 ], [ -70.60739, -36.27095 ], [ -70.60715, -36.27128 ], [ -70.60725, -36.2721 ], [ -70.60743, -36.27247 ], [ -70.60799, -36.27278 ], [ -70.6079, -36.27322 ], [ -70.60804, -36.27436 ], [ -70.60849, -36.27461 ], [ -70.60856, -36.27509 ], [ -70.6083, -36.27549 ], [ -70.60848, -36.27633 ], [ -70.6084, -36.27768 ], [ -70.60745, -36.27846 ], [ -70.60746, -36.27878 ], [ -70.60785, -36.27895 ], [ -70.60767, -36.27994 ], [ -70.60727, -36.28069 ], [ -70.60762, -36.28096 ], [ -70.60766, -36.28145 ], [ -70.60801, -36.2815 ], [ -70.60852, -36.2821 ], [ -70.60818, -36.28275 ], [ -70.60714, -36.28337 ], [ -70.60686, -36.28389 ], [ -70.60736, -36.28456 ], [ -70.60674, -36.28493 ], [ -70.60682, -36.28563 ], [ -70.60579, -36.28615 ], [ -70.60592, -36.28663 ], [ -70.60687, -36.28712 ], [ -70.60707, -36.28748 ], [ -70.6087, -36.28872 ], [ -70.61024, -36.28875 ], [ -70.61044, -36.28928 ], [ -70.61107, -36.28964 ], [ -70.61123, -36.29025 ], [ -70.61304, -36.29141 ], [ -70.61309, -36.29188 ], [ -70.61357, -36.2921 ], [ -70.61414, -36.29194 ], [ -70.61467, -36.29221 ], [ -70.6148, -36.29278 ], [ -70.61519, -36.293 ], [ -70.61595, -36.29284 ], [ -70.6165, -36.29305 ], [ -70.6168, -36.29398 ], [ -70.61742, -36.29413 ], [ -70.61781, -36.2945 ], [ -70.61776, -36.2951 ], [ -70.61733, -36.29565 ], [ -70.61759, -36.29593 ], [ -70.61827, -36.29563 ], [ -70.61864, -36.29579 ], [ -70.61954, -36.29772 ], [ -70.62102, -36.29802 ], [ -70.62192, -36.29965 ], [ -70.62213, -36.30109 ] ] } },
{ "type": "Feature", "properties": { "nombre": "Arroyo de Toro", "tipo": "stream", "volcan_codigo": "LDM", "volcan_nombre": "Laguna del Maule", "drena_volcan": false }, "geometry": { "type": "MultiLineString", "coordinates": [ [ [ -70.90547, -36.31974 ], [ -70.90579, -36.3199 ], [ -70.90742, -36.3199 ], [ -70.90905, -36.32037 ], [ -70.9093, -36.32078 ], [ -70.90961, -36.3209 ], [ -70.91051, -36.32181 ], [ -70.91099, -36.32189 ], [ -70.91138, -36.32219 ], [ -70.91208, -36.32207 ], [ -70.91384, -36.32293 ], [ -70.91461, -36.3229 ], [ -70.91504, -36.32353 ], [ -70.91643, -36.32293 ] ], [ [ -70.86483, -36.29395 ], [ -70.86487, -36.29438 ], [ -70.86514, -36.29482 ], [ -70.86603, -36.29562 ], [ -70.86687, -36.29612 ], [ -70.86733, -36.29617 ], [ -70.86927, -36.2978 ], [ -70.8695, -36.2984 ], [ -70.86938, -36.29924 ], [ -70.86951, -36.29966 ], [ -70.86916, -36.30077 ], [ -70.86871, -36.30152 ], [ -70.86907, -36.3019 ], [ -70.86911, -36.30244 ], [ -70.86944, -36.30259 ], [ -70.86928, -36.30285 ], [ -70.86936, -36.30325 ], [ -70.8701, -36.30411 ], [ -70.87056, -36.30432 ], [ -70.87025, -36.30486 ], [ -70.87095, -36.30517 ], [ -70.8711, -36.30546 ], [ -70.87101, -36.30585 ], [ -70.87167, -36.3067 ], [ -70.87173, -36.30709 ], [ -70.87305, -36.30791 ], [ -70.87334, -36.30833 ], [ -70.87407, -36.30829 ], [ -70.87484, -36.30921 ], [ -70.87529, -36.30925 ], [ -70.87634, -36.30992 ], [ -70.87731, -36.31025 ] ], [ [ -70.87731, -36.31025 ], [ -70.87801, -36.31056 ], [ -70.87871, -36.31113 ], [ -70.88018, -36.31138 ], [ -70.88198, -36.31135 ], [ -70.88257, -36.31181 ], [ -70.88303, -36.31194 ], [ -70.88445, -36.31159 ], [ -70.88512, -36.31188 ], [ -70.88543, -36.31219 ], [ -70.88626, -36.31224 ], [ -70.8869, -36.31246 ], [ -70.88744, -36.31274 ], [ -70.8877, -36.31348 ], [ -70.8883, -36.31373 ], [ -70.88859, -36.31426 ], [ -70.88902, -36.31444 ], [ -70.88911, -36.31467 ], [ -70.88975, -36.31478 ], [ -70.88979, -36.31513 ], [ -70.89054, -36.3159 ], [ -70.89168, -36.31672 ], [ -70.89191, -36.31707 ], [ -70.89283, -36.31718 ], [ -70.89358, -36.31793 ], [ -70.89511, -36.31796 ], [ -70.89631, -36.31829 ], [ -70.89803, -36.31826 ], [ -70.89822, -36.31856 ], [ -70.89862, -36.31857 ], [ -70.8989, -36.31881 ], [ -70.89919, -36.31878 ], [ -70.89965, -36.319 ], [ -70.90004, -36.31989 ], [ -70.90055, -36.32052 ], [ -70.90094, -36.32061 ], [ -70.90177, -36.32044 ], [ -70.90275, -36.32062 ], [ -70.90311, -36.32034 ], [ -70.90359, -36.32033 ], [ -70.90479, -36.31979 ], [ -70.90523, -36.31969 ], [ -70.90547, -36.31974 ] ], [ [ -70.90547, -36.31974 ], [ -70.90717, -36.3196 ], [ -70.90834, -36.31976 ], [ -70.90984, -36.32064 ], [ -70.91031, -36.32033 ], [ -70.9106, -36.32037 ], [ -70.91173, -36.32001 ], [ -70.91233, -36.32029 ], [ -70.91409, -36.32054 ], [ -70.91459, -36.32039 ], [ -70.91479, -36.31994 ], [ -70.91432, -36.31858 ], [ -70.91464, -36.31688 ], [ -70.91391, -36.31481 ], [ -70.91411, -36.31438 ], [ -70.91456, -36.31401 ], [ -70.91426, -36.31261 ], [ -70.91443, -36.31208 ], [ -70.91469, -36.31185 ], [ -70.91458, -36.3115 ], [ -70.9148, -36.3109 ] ] ] } },
{ "type": "Feature", "properties": { "nombre": "Arroyo de Valdés", "tipo": "stream", "volcan_codigo": "LDM", "volcan_nombre": "Laguna del Maule", "drena_volcan": false }, "geometry": { "type": "MultiLineString", "coordinates": [ [ [ -70.7195, -36.40053 ], [ -70.72015, -36.39999 ], [ -70.72118, -36.4001 ], [ -70.72138, -36.39955 ], [ -70.72172, -36.39929 ], [ -70.72308, -36.39904 ], [ -70.72463, -36.39828 ], [ -70.72488, -36.39787 ], [ -70.72531, -36.3976 ], [ -70.72589, -36.39656 ], [ -70.72668, -36.39577 ], [ -70.72682, -36.39517 ], [ -70.72741, -36.3948 ], [ -70.72811, -36.395 ], [ -70.72861, -36.39466 ], [ -70.729, -36.39366 ], [ -70.72958, -36.39343 ], [ -70.73011, -36.39235 ], [ -70.73084, -36.39188 ], [ -70.73067, -36.39124 ], [ -70.7309, -36.39026 ], [ -70.73204, -36.39011 ], [ -70.73254, -36.38967 ], [ -70.73287, -36.38987 ], [ -70.73378, -36.38916 ], [ -70.73438, -36.38846 ], [ -70.73474, -36.38773 ], [ -70.73456, -36.38718 ], [ -70.73565, -36.3855 ], [ -70.736, -36.38533 ], [ -70.73633, -36.38489 ], [ -70.73624, -36.38446 ], [ -70.73683, -36.38417 ], [ -70.73753, -36.38355 ], [ -70.73713, -36.38301 ], [ -70.73761, -36.38223 ], [ -70.73754, -36.38119 ], [ -70.73772, -36.3807 ], [ -70.73812, -36.38037 ], [ -70.73913, -36.38023 ], [ -70.7392, -36.37975 ], [ -70.74001, -36.37937 ], [ -70.74022, -36.37856 ], [ -70.74128, -36.37812 ], [ -70.7415, -36.37718 ], [ -70.74221, -36.37661 ] ], [ [ -70.68906, -36.38191 ], [ -70.68945, -36.38194 ], [ -70.69002, -36.38271 ], [ -70.68988, -36.38396 ], [ -70.69057, -36.38451 ], [ -70.69087, -36.38659 ], [ -70.6912, -36.38721 ], [ -70.6912, -36.38792 ], [ -70.69158, -36.38848 ], [ -70.69151, -36.3892 ], [ -70.69194, -36.39021 ], [ -70.69198, -36.39067 ], [ -70.69348, -36.39142 ], [ -70.6939, -36.39204 ], [ -70.69423, -36.39209 ], [ -70.69525, -36.39331 ], [ -70.69604, -36.39391 ], [ -70.69635, -36.39457 ], [ -70.69672, -36.39484 ], [ -70.69729, -36.39608 ], [ -70.6978, -36.39667 ], [ -70.69837, -36.39713 ], [ -70.69968, -36.39772 ], [ -70.69962, -36.39855 ], [ -70.69939, -36.39882 ], [ -70.69949, -36.39929 ], [ -70.7011, -36.39929 ], [ -70.7013, -36.39901 ], [ -70.70168, -36.39888 ], [ -70.7024, -36.3991 ], [ -70.70317, -36.39897 ], [ -70.70379, -36.39936 ], [ -70.70551, -36.39968 ], [ -70.70566, -36.39993 ], [ -70.70606, -36.40003 ], [ -70.70709, -36.40091 ], [ -70.70716, -36.40113 ], [ -70.70779, -36.40122 ], [ -70.70838, -36.40098 ], [ -70.70935, -36.40159 ], [ -70.71028, -36.40184 ], [ -70.71081, -36.40154 ], [ -70.71141, -36.40159 ], [ -70.71167, -36.40096 ], [ -70.71223, -36.40084 ], [ -70.71242, -36.40119 ], [ -70.71312, -36.40159 ], [ -70.71317, -36.40212 ], [ -70.71367, -36.40233 ], [ -70.71409, -36.40224 ], [ -70.71442, -36.40152 ], [ -70.71541, -36.40101 ], [ -70.71718, -36.40087 ], [ -70.71847, -36.40113 ], [ -70.71899, -36.40055 ], [ -70.7195, -36.40053 ] ] ] } },
{ "type": "Feature", "properties": { "nombre": "Arroyo del Cajón Bayo", "tipo": "stream", "volcan_codigo": "LDM", "volcan_nombre": "Laguna del Maule", "drena_volcan": false }, "geometry": { "type": "LineString", "coordinates": [ [ -70.36363, -35.98112 ], [ -70.36337, -35.98248 ], [ -70.36303, -35.983 ], [ -70.36199, -35.98398 ], [ -70.36165, -35.98472 ], [ -70.36059, -35.98533 ], [ -70.36011, -35.98625 ], [ -70.36021, -35.9872 ], [ -70.35954, -35.9876 ], [ -70.35884, -35.98958 ], [ -70.35913, -35.99 ], [ -70.35868, -35.99065 ], [ -70.35887, -35.99119 ], [ -70.35878, -35.99214 ], [ -70.35845, -35.99252 ], [ -70.35864, -35.99275 ], [ -70.35849, -35.993 ], [ -70.3585, -35.99358 ], [ -70.35795, -35.99368 ], [ -70.35686, -35.99584 ], [ -70.34886, -35.99753 ], [ -70.34796, -35.99832 ], [ -70.34642, -35.99901 ], [ -70.34601, -35.99898 ], [ -70.34513, -35.99834 ], [ -70.34372, -35.9989 ], [ -70.34309, -35.99853 ], [ -70.34233, -35.99918 ], [ -70.34144, -35.99943 ], [ -70.34074, -35.99942 ], [ -70.34058, -35.99969 ], [ -70.34005, -35.99941 ], [ -70.3395, -35.99972 ], [ -70.33879, -35.99985 ], [ -70.33828, -36.00035 ], [ -70.33643, -36.00072 ], [ -70.33607, -36.001 ], [ -70.33524, -36.00125 ], [ -70.33492, -36.00168 ], [ -70.33351, -36.0024 ], [ -70.33221, -36.00223 ], [ -70.33019, -36.00305 ], [ -70.32797, -36.00315 ], [ -70.32753, -36.00332 ], [ -70.32689, -36.00394 ], [ -70.32524, -36.00423 ], [ -70.32407, -36.00407 ], [ -70.32344, -36.00376 ], [ -70.32105, -36.00387 ], [ -70.31983, -36.00453 ], [ -70.31919, -36.0047 ], [ -70.31726, -36.00589 ], [ -70.31663, -36.00599 ], [ -70.31556, -36.00686 ], [ -70.31554, -36.00764 ], [ -70.31521, -36.00843 ], [ -70.31543, -36.00872 ], [ -70.31543, -36.0093 ], [ -70.31574, -36.00951 ], [ -70.31553, -36.01047 ], [ -70.31585, -36.011 ], [ -70.31567, -36.01195 ], [ -70.31454, -36.01247 ], [ -70.31436, -36.01293 ], [ -70.31384, -36.01336 ], [ -70.314, -36.01367 ], [ -70.31391, -36.01393 ], [ -70.31363, -36.01406 ], [ -70.31318, -36.01393 ], [ -70.31259, -36.01455 ], [ -70.31172, -36.01474 ], [ -70.31137, -36.01511 ], [ -70.31094, -36.01527 ], [ -70.31014, -36.01608 ] ] } },
{ "type": "Feature", "properties": { "nombre": "Arroyo del Macho", "tipo": "stream", "volcan_codigo": "LDM", "volcan_nombre": "Laguna del Maule", "drena_volcan": false }, "geometry": { "type": "LineString", "coordinates": [ [ -70.75515, -36.41003 ], [ -70.75499, -36.41074 ], [ -70.75409, -36.41237 ], [ -70.75386, -36.41253 ], [ -70.75362, -36.41236 ], [ -70.75295, -36.41243 ], [ -70.75218, -36.4129 ], [ -70.75176, -36.41337 ], [ -70.75178, -36.41451 ], [ -70.75144, -36.4157 ], [ -70.75182, -36.41745 ], [ -70.75142, -36.41918 ], [ -70.75168, -36.42104 ], [ -70.75142, -36.42218 ], [ -70.75188, -36.42245 ], [ -70.75215, -36.42297 ], [ -70.75218, -36.42367 ], [ -70.75181, -36.42442 ], [ -70.75203, -36.4271 ], [ -70.75282, -36.42711 ], [ -70.75336, -36.42756 ], [ -70.75369, -36.4274 ], [ -70.75412, -36.4275 ], [ -70.75391, -36.42814 ], [ -70.75399, -36.42856 ], [ -70.75471, -36.42941 ], [ -70.75466, -36.43039 ], [ -70.75497, -36.43104 ], [ -70.75471, -36.43135 ], [ -70.75411, -36.43133 ], [ -70.75389, -36.43174 ], [ -70.75369, -36.43228 ], [ -70.7542, -36.43288 ], [ -70.75411, -36.43361 ], [ -70.75368, -36.43496 ], [ -70.75314, -36.43528 ], [ -70.75302, -36.43572 ], [ -70.75335, -36.43586 ], [ -70.75323, -36.43724 ], [ -70.75359, -36.4381 ], [ -70.75394, -36.43848 ], [ -70.75416, -36.44054 ], [ -70.75438, -36.4407 ], [ -70.7544, -36.44094 ], [ -70.75415, -36.44147 ], [ -70.75377, -36.44167 ], [ -70.75334, -36.4424 ], [ -70.75355, -36.4442 ], [ -70.75393, -36.44505 ], [ -70.75416, -36.4451 ], [ -70.75423, -36.44536 ], [ -70.75399, -36.44612 ], [ -70.75416, -36.4467 ], [ -70.75451, -36.44694 ], [ -70.75513, -36.44836 ], [ -70.75473, -36.44966 ], [ -70.75537, -36.45036 ], [ -70.75523, -36.45069 ], [ -70.75496, -36.45071 ], [ -70.7548, -36.45122 ], [ -70.755, -36.45161 ], [ -70.75493, -36.45288 ], [ -70.75428, -36.45328 ], [ -70.75468, -36.45405 ], [ -70.75421, -36.45453 ], [ -70.75405, -36.45626 ], [ -70.75333, -36.45773 ], [ -70.75336, -36.45844 ], [ -70.75318, -36.45888 ], [ -70.75327, -36.45921 ], [ -70.7531, -36.45953 ], [ -70.75326, -36.461 ], [ -70.75377, -36.46142 ], [ -70.75442, -36.46165 ], [ -70.7546, -36.4619 ] ] } },
{ "type": "Feature", "properties": { "nombre": "Canal El Melado", "tipo": "canal", "volcan_codigo": "LDM", "volcan_nombre": "Laguna del Maule", "drena_volcan": false }, "geometry": { "type": "MultiLineString", "coordinates": [ [ [ -70.99738, -35.93613 ], [ -70.99877, -35.93428 ] ], [ [ -70.99058, -35.95621 ], [ -70.99105, -35.95418 ], [ -70.99189, -35.95333 ], [ -70.99186, -35.95209 ], [ -70.9921, -35.95193 ], [ -70.99236, -35.95027 ], [ -70.99292, -35.9492 ], [ -70.99342, -35.94745 ], [ -70.99427, -35.94625 ], [ -70.99528, -35.94588 ], [ -70.99546, -35.94564 ] ], [ [ -70.97999, -35.97159 ], [ -70.98238, -35.96905 ], [ -70.9837, -35.96803 ], [ -70.98419, -35.96801 ], [ -70.98547, -35.96706 ], [ -70.98656, -35.96539 ], [ -70.98901, -35.96274 ], [ -70.98993, -35.96098 ], [ -70.99016, -35.96081 ], [ -70.99027, -35.96014 ] ], [ [ -70.99027, -35.96014 ], [ -70.99058, -35.95621 ] ], [ [ -71.01434, -35.90943 ], [ -71.01405, -35.90908 ], [ -71.01395, -35.9083 ], [ -71.01355, -35.90754 ], [ -71.01337, -35.90667 ], [ -71.01322, -35.90482 ], [ -71.01297, -35.90442 ], [ -71.01318, -35.90409 ], [ -71.01322, -35.90361 ], [ -71.01334, -35.90334 ], [ -71.01407, -35.90282 ], [ -71.01449, -35.90218 ], [ -71.01498, -35.90193 ], [ -71.01638, -35.90069 ], [ -71.01633, -35.89987 ], [ -71.01684, -35.89883 ], [ -71.01744, -35.89833 ], [ -71.01811, -35.89807 ] ], [ [ -71.02724, -35.88485 ], [ -71.0265, -35.88456 ], [ -71.02622, -35.88418 ], [ -71.02657, -35.88268 ], [ -71.02622, -35.88104 ], [ -71.0265, -35.88055 ], [ -71.02741, -35.87991 ], [ -71.02833, -35.8774 ], [ -71.02935, -35.87634 ], [ -71.02949, -35.87594 ], [ -71.03091, -35.87432 ], [ -71.03132, -35.87346 ], [ -71.03183, -35.87339 ], [ -71.03191, -35.87326 ], [ -71.0317, -35.87285 ], [ -71.03251, -35.87122 ], [ -71.03325, -35.87083 ], [ -71.03329, -35.87045 ], [ -71.03428, -35.86971 ], [ -71.03575, -35.8689 ], [ -71.03625, -35.86885 ], [ -71.03813, -35.86694 ], [ -71.03894, -35.86674 ], [ -71.04016, -35.86613 ], [ -71.04148, -35.86499 ], [ -71.04226, -35.8647 ], [ -71.04387, -35.86367 ], [ -71.04502, -35.86262 ], [ -71.04533, -35.86181 ], [ -71.0457, -35.86167 ], [ -71.04669, -35.86182 ], [ -71.04716, -35.86167 ], [ -71.04937, -35.86382 ], [ -71.05003, -35.86383 ], [ -71.0508, -35.86435 ], [ -71.05217, -35.86479 ], [ -71.05279, -35.86465 ], [ -71.05412, -35.86487 ], [ -71.05478, -35.86548 ], [ -71.05524, -35.86655 ], [ -71.05568, -35.86674 ] ], [ [ -71.02194, -35.88934 ], [ -71.02229, -35.88839 ] ], [ [ -71.00988, -35.91951 ], [ -71.00991, -35.91909 ] ], [ [ -71.01841, -35.89732 ], [ -71.0184, -35.89696 ] ], [ [ -71.01419, -35.91245 ], [ -71.01434, -35.90943 ] ], [ [ -71.00991, -35.91909 ], [ -71.00987, -35.9187 ], [ -71.01039, -35.9177 ], [ -71.01086, -35.91732 ], [ -71.01132, -35.91718 ], [ -71.01154, -35.91677 ], [ -71.01268, -35.91605 ], [ -71.01462, -35.91595 ] ], [ [ -71.01522, -35.91564 ], [ -71.0153, -35.91529 ], [ -71.01417, -35.91409 ], [ -71.01393, -35.91353 ], [ -71.01392, -35.91297 ], [ -71.01419, -35.91245 ] ], [ [ -71.02076, -35.89277 ], [ -71.02067, -35.89243 ], [ -71.02115, -35.89129 ], [ -71.02158, -35.89093 ], [ -71.02148, -35.8905 ], [ -71.02194, -35.88934 ] ], [ [ -71.02054, -35.89315 ], [ -71.02076, -35.89277 ] ], [ [ -71.0184, -35.89696 ], [ -71.01837, -35.89668 ] ], [ [ -71.01837, -35.89668 ], [ -71.01852, -35.89617 ], [ -71.01931, -35.89577 ], [ -71.0194, -35.89487 ], [ -71.01984, -35.89465 ], [ -71.02014, -35.8941 ], [ -71.01997, -35.89382 ], [ -71.02054, -35.89315 ] ], [ [ -70.99502, -35.94119 ], [ -70.99583, -35.93962 ], [ -70.99713, -35.93642 ], [ -70.99738, -35.93613 ] ], [ [ -70.99556, -35.945 ], [ -70.99502, -35.94119 ] ], [ [ -70.99877, -35.93428 ], [ -70.99854, -35.9339 ], [ -70.99879, -35.93329 ], [ -70.9999, -35.9314 ], [ -71.00091, -35.93041 ], [ -71.00178, -35.92985 ], [ -71.00275, -35.9295 ], [ -71.0038, -35.92851 ], [ -71.00437, -35.92821 ], [ -71.00466, -35.92818 ], [ -71.00499, -35.92837 ], [ -71.00583, -35.92818 ], [ -71.00649, -35.92784 ], [ -71.00736, -35.92781 ], [ -71.00826, -35.92708 ], [ -71.0091, -35.9248 ], [ -71.00913, -35.92369 ], [ -71.00894, -35.92237 ], [ -71.00916, -35.9216 ], [ -71.0097, -35.92098 ], [ -71.00962, -35.92063 ], [ -71.00988, -35.91951 ] ], [ [ -70.97826, -35.97272 ], [ -70.97874, -35.97272 ] ], [ [ -70.97874, -35.97272 ], [ -70.97907, -35.97262 ] ], [ [ -71.02229, -35.88839 ], [ -71.02265, -35.88792 ], [ -71.02532, -35.88578 ], [ -71.02691, -35.88529 ] ], [ [ -71.02691, -35.88529 ], [ -71.02724, -35.88485 ] ], [ [ -70.97907, -35.97262 ], [ -70.97984, -35.97175 ] ], [ [ -70.97984, -35.97175 ], [ -70.97999, -35.97159 ] ] ] } },
{ "type": "Feature", "properties": { "nombre": "Canal La Mina", "tipo": "canal", "volcan_codigo": "LDM", "volcan_nombre": "Laguna del Maule", "drena_volcan": false }, "geometry": { "type": "LineString", "coordinates": [ [ -70.71902, -35.82923 ], [ -70.71929, -35.82889 ], [ -70.7238, -35.82745 ], [ -70.72468, -35.82668 ], [ -70.7255, -35.82634 ], [ -70.72629, -35.82628 ], [ -70.72692, -35.82584 ] ] } },
{ "type": "Feature", "properties": { "nombre": "Canal devolución La Mina", "tipo": "canal", "volcan_codigo": "LDM", "volcan_nombre": "Laguna del Maule", "drena_volcan": false }, "geometry": { "type": "MultiLineString", "coordinates": [ [ [ -70.72692, -35.82584 ], [ -70.72803, -35.8258 ], [ -70.72869, -35.82636 ], [ -70.72968, -35.8261 ], [ -70.731, -35.82652 ], [ -70.73183, -35.82638 ], [ -70.73264, -35.82689 ], [ -70.73349, -35.82683 ], [ -70.73622, -35.82744 ], [ -70.73746, -35.82743 ] ], [ [ -70.73746, -35.82743 ], [ -70.73843, -35.82742 ] ], [ [ -70.74025, -35.82787 ], [ -70.74101, -35.82715 ], [ -70.74214, -35.82694 ] ] ] } },
{ "type": "Feature", "properties": { "nombre": "Estero Aguirre", "tipo": "river", "volcan_codigo": "LDM", "volcan_nombre": "Laguna del Maule", "drena_volcan": false }, "geometry": { "type": "LineString", "coordinates": [ [ -70.57185, -35.96675 ], [ -70.57201, -35.96645 ], [ -70.57196, -35.96616 ], [ -70.5724, -35.96527 ], [ -70.57227, -35.96496 ], [ -70.57276, -35.96309 ], [ -70.57269, -35.9625 ], [ -70.57336, -35.96146 ], [ -70.57328, -35.96122 ], [ -70.57293, -35.96111 ], [ -70.5725, -35.96067 ], [ -70.57206, -35.95988 ], [ -70.57259, -35.95902 ], [ -70.57284, -35.95784 ], [ -70.57317, -35.95748 ], [ -70.57318, -35.95691 ], [ -70.57294, -35.95682 ], [ -70.57283, -35.9565 ], [ -70.57299, -35.95563 ], [ -70.57352, -35.95518 ], [ -70.57348, -35.95499 ], [ -70.57377, -35.95465 ], [ -70.57344, -35.95436 ], [ -70.57366, -35.95326 ], [ -70.57364, -35.95178 ] ] } },
{ "type": "Feature", "properties": { "nombre": "Estero Bobadilla", "tipo": "river", "volcan_codigo": "LDM", "volcan_nombre": "Laguna del Maule", "drena_volcan": false }, "geometry": { "type": "LineString", "coordinates": [ [ -70.45669, -35.95843 ], [ -70.45796, -35.9577 ], [ -70.45818, -35.95776 ], [ -70.45898, -35.9575 ], [ -70.45924, -35.95723 ], [ -70.45967, -35.95713 ], [ -70.46009, -35.95655 ], [ -70.46169, -35.95625 ], [ -70.46223, -35.95575 ], [ -70.46252, -35.95569 ], [ -70.46275, -35.95531 ], [ -70.46427, -35.95449 ], [ -70.4646, -35.95446 ], [ -70.46476, -35.95415 ], [ -70.46592, -35.95399 ], [ -70.46727, -35.95323 ], [ -70.46754, -35.95329 ], [ -70.46923, -35.95291 ], [ -70.47054, -35.95326 ], [ -70.47107, -35.95302 ], [ -70.47305, -35.95318 ], [ -70.47355, -35.95301 ], [ -70.47423, -35.95322 ], [ -70.47447, -35.95307 ], [ -70.47496, -35.9535 ], [ -70.47572, -35.95352 ], [ -70.47589, -35.95396 ], [ -70.47668, -35.95396 ], [ -70.47692, -35.95416 ], [ -70.47791, -35.95427 ], [ -70.47851, -35.95403 ], [ -70.47898, -35.95413 ], [ -70.47932, -35.9539 ], [ -70.48068, -35.95449 ], [ -70.48125, -35.95438 ], [ -70.48401, -35.95485 ], [ -70.48527, -35.9552 ], [ -70.48563, -35.95544 ], [ -70.48684, -35.95558 ], [ -70.48726, -35.95534 ], [ -70.48757, -35.95564 ], [ -70.4881, -35.95571 ], [ -70.48849, -35.95615 ], [ -70.48901, -35.95634 ], [ -70.48962, -35.95631 ], [ -70.48991, -35.95647 ], [ -70.48989, -35.95666 ], [ -70.49071, -35.95676 ], [ -70.49154, -35.95708 ], [ -70.49307, -35.95791 ], [ -70.49369, -35.95777 ], [ -70.49434, -35.95786 ], [ -70.49468, -35.95832 ], [ -70.49492, -35.95836 ], [ -70.4956, -35.95813 ], [ -70.49583, -35.95817 ], [ -70.49602, -35.95845 ], [ -70.49651, -35.95821 ], [ -70.4978, -35.95852 ], [ -70.49811, -35.95842 ], [ -70.49906, -35.95915 ], [ -70.49957, -35.95894 ], [ -70.50102, -35.95982 ], [ -70.50224, -35.95984 ], [ -70.50373, -35.96072 ], [ -70.50483, -35.96096 ], [ -70.50535, -35.96084 ], [ -70.50608, -35.96138 ], [ -70.50667, -35.96119 ], [ -70.50813, -35.96114 ], [ -70.50848, -35.96128 ], [ -70.50858, -35.96156 ], [ -70.50934, -35.96173 ], [ -70.50943, -35.96213 ], [ -70.50974, -35.96223 ], [ -70.51029, -35.96207 ], [ -70.51054, -35.96221 ], [ -70.51062, -35.96251 ], [ -70.51113, -35.96243 ], [ -70.51203, -35.96297 ], [ -70.51352, -35.96343 ], [ -70.51412, -35.9633 ], [ -70.51512, -35.96369 ], [ -70.51555, -35.96356 ], [ -70.51648, -35.96412 ], [ -70.51733, -35.96429 ], [ -70.51837, -35.9648 ], [ -70.51871, -35.96511 ], [ -70.51995, -35.96531 ], [ -70.52023, -35.96569 ], [ -70.52106, -35.96615 ], [ -70.52145, -35.96681 ], [ -70.52225, -35.96722 ], [ -70.52249, -35.96789 ], [ -70.5228, -35.96823 ], [ -70.52354, -35.96841 ], [ -70.52435, -35.96903 ], [ -70.52512, -35.96885 ], [ -70.5257, -35.96904 ], [ -70.5265, -35.96892 ], [ -70.52772, -35.96832 ], [ -70.52894, -35.96809 ], [ -70.52946, -35.96847 ], [ -70.53014, -35.9686 ], [ -70.53033, -35.96923 ], [ -70.53094, -35.96941 ], [ -70.53183, -35.96927 ], [ -70.53248, -35.96938 ], [ -70.53579, -35.97122 ], [ -70.5374, -35.97058 ], [ -70.53796, -35.97065 ], [ -70.53902, -35.97007 ], [ -70.54023, -35.96994 ], [ -70.54052, -35.9694 ], [ -70.54092, -35.9694 ], [ -70.54088, -35.96891 ], [ -70.54117, -35.9687 ], [ -70.54243, -35.96881 ], [ -70.54317, -35.96916 ], [ -70.54393, -35.96892 ], [ -70.54445, -35.969 ], [ -70.54622, -35.96875 ], [ -70.54676, -35.96912 ], [ -70.54742, -35.96911 ], [ -70.54796, -35.96942 ], [ -70.55027, -35.96885 ], [ -70.55125, -35.9683 ], [ -70.55169, -35.96823 ], [ -70.55227, -35.96778 ], [ -70.55282, -35.96766 ], [ -70.55309, -35.96792 ], [ -70.55329, -35.9679 ], [ -70.55358, -35.9675 ], [ -70.55404, -35.96734 ], [ -70.55516, -35.96643 ], [ -70.55536, -35.96576 ], [ -70.55588, -35.96529 ], [ -70.55613, -35.9648 ], [ -70.55588, -35.96404 ], [ -70.55611, -35.9638 ], [ -70.55665, -35.96376 ], [ -70.55663, -35.96275 ], [ -70.55629, -35.96203 ], [ -70.5566, -35.96129 ], [ -70.55661, -35.96085 ], [ -70.55828, -35.96008 ], [ -70.55878, -35.9597 ], [ -70.55985, -35.95981 ], [ -70.56113, -35.95941 ] ] } },
{ "type": "Feature", "properties": { "nombre": "Estero Castillo", "tipo": "stream", "volcan_codigo": "LDM", "volcan_nombre": "Laguna del Maule", "drena_volcan": false }, "geometry": { "type": "MultiLineString", "coordinates": [ [ [ -71.0493, -36.05672 ], [ -71.04924, -36.05756 ], [ -71.04943, -36.05795 ], [ -71.0494, -36.05885 ], [ -71.0496, -36.05987 ], [ -71.05033, -36.06063 ], [ -71.05026, -36.06096 ], [ -71.05046, -36.06156 ], [ -71.05033, -36.06262 ], [ -71.05147, -36.06381 ], [ -71.05168, -36.06435 ], [ -71.05161, -36.0648 ], [ -71.05183, -36.06534 ], [ -71.05161, -36.06564 ], [ -71.0519, -36.06617 ], [ -71.05183, -36.06658 ], [ -71.05198, -36.06685 ], [ -71.05176, -36.0673 ], [ -71.05181, -36.0677 ], [ -71.05259, -36.06901 ], [ -71.05252, -36.07012 ], [ -71.05278, -36.07045 ], [ -71.05275, -36.0707 ], [ -71.05345, -36.07248 ], [ -71.05323, -36.07318 ], [ -71.05373, -36.07356 ], [ -71.05368, -36.07485 ], [ -71.05409, -36.07529 ], [ -71.05425, -36.07604 ], [ -71.05501, -36.07647 ], [ -71.05546, -36.07712 ], [ -71.05558, -36.07802 ], [ -71.05608, -36.07843 ], [ -71.05605, -36.0793 ], [ -71.05665, -36.07998 ], [ -71.05668, -36.08094 ], [ -71.05704, -36.08128 ], [ -71.05696, -36.08221 ], [ -71.05793, -36.08286 ], [ -71.0582, -36.08321 ], [ -71.05802, -36.08442 ], [ -71.05852, -36.08505 ], [ -71.0582, -36.08557 ], [ -71.05839, -36.08633 ], [ -71.05829, -36.08711 ], [ -71.05893, -36.0878 ], [ -71.05987, -36.08819 ], [ -71.06098, -36.0891 ], [ -71.06105, -36.08945 ], [ -71.06065, -36.08967 ], [ -71.06061, -36.08986 ], [ -71.06128, -36.0907 ], [ -71.06108, -36.09118 ], [ -71.06205, -36.09164 ], [ -71.06189, -36.09235 ], [ -71.06202, -36.09274 ], [ -71.06245, -36.09307 ], [ -71.0625, -36.09343 ], [ -71.06322, -36.09365 ], [ -71.06356, -36.09413 ], [ -71.06336, -36.09444 ], [ -71.06357, -36.0949 ], [ -71.06338, -36.09525 ], [ -71.06388, -36.09679 ], [ -71.0646, -36.09747 ], [ -71.06461, -36.09783 ], [ -71.06529, -36.09819 ], [ -71.06555, -36.09904 ], [ -71.06699, -36.10046 ], [ -71.06821, -36.10095 ], [ -71.0686, -36.10164 ], [ -71.06912, -36.10202 ], [ -71.07011, -36.10201 ], [ -71.0705, -36.1023 ], [ -71.07054, -36.10266 ], [ -71.07087, -36.10289 ], [ -71.07161, -36.10407 ], [ -71.07133, -36.10447 ], [ -71.07132, -36.10483 ], [ -71.07196, -36.10572 ], [ -71.07258, -36.10616 ], [ -71.07272, -36.10642 ], [ -71.07264, -36.10683 ], [ -71.0736, -36.10781 ], [ -71.07386, -36.10846 ] ], [ [ -71.04883, -36.04661 ], [ -71.04899, -36.04702 ], [ -71.04877, -36.04734 ], [ -71.04879, -36.04775 ], [ -71.04922, -36.04876 ], [ -71.04924, -36.0495 ], [ -71.04943, -36.04993 ], [ -71.04978, -36.05021 ], [ -71.04985, -36.05077 ], [ -71.04988, -36.05208 ], [ -71.04955, -36.05237 ], [ -71.04914, -36.05333 ], [ -71.0491, -36.05517 ], [ -71.04892, -36.05601 ], [ -71.0493, -36.05672 ] ] ] } },
{ "type": "Feature", "properties": { "nombre": "Estero El Coihue", "tipo": "river", "volcan_codigo": "LDM", "volcan_nombre": "Laguna del Maule", "drena_volcan": true }, "geometry": { "type": "LineString", "coordinates": [ [ -70.938, -35.74483 ], [ -70.93883, -35.74476 ], [ -70.93956, -35.74504 ], [ -70.94057, -35.74511 ], [ -70.9416, -35.74814 ], [ -70.9419, -35.7483 ], [ -70.94287, -35.74814 ], [ -70.94334, -35.74831 ], [ -70.9433, -35.74861 ], [ -70.94274, -35.74905 ], [ -70.94278, -35.74957 ], [ -70.94315, -35.74966 ], [ -70.94403, -35.74952 ], [ -70.94529, -35.75143 ], [ -70.94594, -35.75183 ], [ -70.94555, -35.75204 ], [ -70.94544, -35.75253 ], [ -70.94731, -35.75293 ], [ -70.94748, -35.75309 ], [ -70.94733, -35.75354 ], [ -70.94686, -35.75408 ], [ -70.9469, -35.75467 ], [ -70.94652, -35.75533 ], [ -70.94656, -35.75608 ], [ -70.9471, -35.75697 ], [ -70.9469, -35.75727 ], [ -70.94703, -35.75808 ], [ -70.94639, -35.75857 ], [ -70.94737, -35.75927 ], [ -70.94715, -35.75969 ], [ -70.9463, -35.76002 ], [ -70.94634, -35.76032 ], [ -70.94708, -35.76049 ], [ -70.9473, -35.76068 ], [ -70.94711, -35.76092 ], [ -70.94723, -35.76134 ], [ -70.94676, -35.76232 ], [ -70.94794, -35.76202 ], [ -70.94838, -35.7631 ], [ -70.94893, -35.76356 ], [ -70.94989, -35.76371 ], [ -70.95015, -35.76389 ], [ -70.9502, -35.7642 ], [ -70.94992, -35.7643 ], [ -70.9496, -35.76488 ], [ -70.94974, -35.76534 ], [ -70.95039, -35.76569 ], [ -70.95054, -35.76605 ], [ -70.95127, -35.76681 ], [ -70.9516, -35.76768 ], [ -70.95247, -35.76803 ], [ -70.95304, -35.76845 ], [ -70.95385, -35.76853 ], [ -70.95438, -35.76893 ], [ -70.95444, -35.7692 ], [ -70.95334, -35.76968 ], [ -70.95325, -35.76995 ], [ -70.95396, -35.7701 ], [ -70.95449, -35.7704 ], [ -70.95548, -35.77197 ], [ -70.95628, -35.7725 ], [ -70.95764, -35.77136 ], [ -70.9582, -35.7712 ], [ -70.9582, -35.77202 ], [ -70.95847, -35.77233 ], [ -70.96096, -35.77294 ], [ -70.96172, -35.77283 ], [ -70.96288, -35.77352 ], [ -70.96337, -35.77335 ], [ -70.9643, -35.77345 ], [ -70.9649, -35.77328 ], [ -70.96594, -35.77334 ], [ -70.96737, -35.77302 ], [ -70.96896, -35.7723 ], [ -70.96928, -35.77271 ], [ -70.97036, -35.77307 ], [ -70.9712, -35.77299 ], [ -70.97187, -35.77271 ], [ -70.97411, -35.77288 ], [ -70.97439, -35.77276 ], [ -70.97556, -35.7728 ], [ -70.97645, -35.77325 ], [ -70.97827, -35.77316 ], [ -70.97912, -35.77233 ], [ -70.97942, -35.77167 ], [ -70.98043, -35.77119 ], [ -70.98012, -35.77042 ], [ -70.98083, -35.7685 ], [ -70.98235, -35.76748 ], [ -70.98321, -35.76642 ], [ -70.98336, -35.76553 ], [ -70.98484, -35.76429 ], [ -70.98705, -35.76395 ], [ -70.99006, -35.76175 ], [ -70.99166, -35.76228 ], [ -70.99238, -35.76222 ], [ -70.9933, -35.76257 ], [ -70.99386, -35.76254 ], [ -70.99422, -35.76189 ], [ -70.99472, -35.76151 ], [ -70.99676, -35.76206 ], [ -70.9971, -35.76181 ], [ -70.9977, -35.76081 ], [ -70.99933, -35.75938 ], [ -71.00057, -35.75852 ], [ -71.0014, -35.75725 ], [ -71.00218, -35.75714 ], [ -71.0034, -35.75771 ], [ -71.00432, -35.75779 ], [ -71.00535, -35.75753 ], [ -71.00761, -35.75589 ], [ -71.00813, -35.75618 ] ] } },
{ "type": "Feature", "properties": { "nombre": "Estero El Enemigo", "tipo": "stream", "volcan_codigo": "LDM", "volcan_nombre": "Laguna del Maule", "drena_volcan": false }, "geometry": { "type": "LineString", "coordinates": [ [ -70.94497, -35.90086 ], [ -70.94511, -35.90156 ], [ -70.94578, -35.90312 ], [ -70.94542, -35.9046 ], [ -70.94576, -35.90491 ], [ -70.94585, -35.90533 ], [ -70.94634, -35.90601 ], [ -70.94653, -35.90679 ], [ -70.9471, -35.90734 ], [ -70.94733, -35.90796 ], [ -70.94855, -35.90879 ], [ -70.94923, -35.90896 ], [ -70.94991, -35.90879 ], [ -70.95028, -35.90845 ], [ -70.95111, -35.90819 ], [ -70.95139, -35.9076 ], [ -70.95229, -35.90708 ], [ -70.95472, -35.90613 ], [ -70.95536, -35.905 ], [ -70.95544, -35.90433 ], [ -70.95575, -35.904 ], [ -70.95559, -35.90384 ], [ -70.95581, -35.90354 ], [ -70.95583, -35.90316 ], [ -70.95623, -35.90287 ], [ -70.95712, -35.90171 ], [ -70.957, -35.90144 ], [ -70.95747, -35.8998 ], [ -70.9574, -35.89849 ], [ -70.95812, -35.89761 ], [ -70.95812, -35.89701 ], [ -70.95827, -35.89673 ], [ -70.95908, -35.89623 ], [ -70.95899, -35.89536 ], [ -70.96007, -35.89407 ], [ -70.96009, -35.89361 ], [ -70.96047, -35.89327 ], [ -70.96042, -35.89205 ], [ -70.95962, -35.89175 ], [ -70.95965, -35.89131 ], [ -70.95922, -35.89112 ], [ -70.95951, -35.89042 ], [ -70.95917, -35.89023 ], [ -70.95913, -35.89005 ], [ -70.95955, -35.8896 ], [ -70.95969, -35.88901 ], [ -70.95958, -35.88842 ], [ -70.95985, -35.88799 ], [ -70.95975, -35.88745 ], [ -70.95925, -35.88681 ], [ -70.9595, -35.88544 ], [ -70.9594, -35.88486 ], [ -70.96031, -35.88378 ], [ -70.96055, -35.88327 ], [ -70.96168, -35.88248 ], [ -70.96178, -35.88161 ], [ -70.9621, -35.88115 ], [ -70.96184, -35.88032 ], [ -70.96209, -35.88 ], [ -70.96173, -35.87946 ], [ -70.96278, -35.87858 ], [ -70.96267, -35.87764 ], [ -70.96339, -35.87716 ], [ -70.96358, -35.87672 ], [ -70.96443, -35.87613 ], [ -70.96489, -35.87521 ], [ -70.96529, -35.87497 ], [ -70.96726, -35.87444 ], [ -70.96864, -35.8738 ], [ -70.9688, -35.87333 ], [ -70.96946, -35.87291 ], [ -70.96965, -35.87237 ], [ -70.97022, -35.87199 ], [ -70.9709, -35.87174 ], [ -70.97148, -35.87172 ], [ -70.9728, -35.87237 ], [ -70.97342, -35.87182 ], [ -70.97355, -35.87071 ], [ -70.97382, -35.8702 ], [ -70.97436, -35.87006 ], [ -70.97455, -35.86979 ], [ -70.97443, -35.86933 ], [ -70.97484, -35.86888 ], [ -70.97484, -35.86841 ], [ -70.97539, -35.86782 ], [ -70.9754, -35.86747 ], [ -70.97471, -35.86702 ], [ -70.97454, -35.8665 ], [ -70.9737, -35.8659 ], [ -70.9733, -35.8654 ], [ -70.97206, -35.86501 ], [ -70.97121, -35.86445 ], [ -70.97112, -35.86423 ], [ -70.9715, -35.86393 ], [ -70.97161, -35.86362 ], [ -70.9712, -35.86347 ], [ -70.97106, -35.86296 ], [ -70.97058, -35.86272 ], [ -70.96957, -35.86172 ], [ -70.96996, -35.86074 ], [ -70.96919, -35.8601 ], [ -70.96906, -35.85947 ], [ -70.96854, -35.85886 ], [ -70.96861, -35.85842 ], [ -70.96842, -35.85804 ], [ -70.96823, -35.85816 ], [ -70.96808, -35.85775 ], [ -70.96829, -35.85679 ], [ -70.96896, -35.85619 ], [ -70.96907, -35.85552 ], [ -70.9688, -35.85504 ], [ -70.96803, -35.85452 ], [ -70.96778, -35.85293 ], [ -70.96877, -35.85163 ], [ -70.96966, -35.85127 ], [ -70.96981, -35.85069 ], [ -70.97049, -35.85053 ], [ -70.9706, -35.85008 ], [ -70.97102, -35.84985 ], [ -70.97095, -35.84923 ], [ -70.97136, -35.84818 ], [ -70.97088, -35.84738 ], [ -70.97083, -35.84703 ], [ -70.97147, -35.84608 ], [ -70.97248, -35.84545 ], [ -70.97255, -35.84468 ], [ -70.97281, -35.84427 ], [ -70.97256, -35.84262 ], [ -70.97267, -35.84196 ], [ -70.97204, -35.84082 ], [ -70.97155, -35.84063 ], [ -70.97174, -35.83981 ], [ -70.97167, -35.83925 ], [ -70.97137, -35.83853 ], [ -70.97096, -35.83811 ], [ -70.97088, -35.83713 ], [ -70.9698, -35.83588 ], [ -70.9699, -35.83543 ], [ -70.96948, -35.83504 ], [ -70.96971, -35.83383 ], [ -70.96891, -35.83279 ], [ -70.9691, -35.83237 ], [ -70.9699, -35.83163 ], [ -70.96992, -35.83128 ], [ -70.9701, -35.83112 ], [ -70.96975, -35.83064 ], [ -70.97015, -35.83024 ], [ -70.97029, -35.82936 ], [ -70.97025, -35.82876 ], [ -70.96955, -35.82802 ], [ -70.96976, -35.82742 ], [ -70.96955, -35.82675 ], [ -70.96971, -35.82638 ], [ -70.96964, -35.8251 ], [ -70.9698, -35.82463 ], [ -70.97056, -35.82391 ], [ -70.9704, -35.82341 ], [ -70.97048, -35.82304 ], [ -70.97151, -35.82221 ], [ -70.97092, -35.82121 ], [ -70.97094, -35.82086 ], [ -70.97148, -35.82043 ], [ -70.97151, -35.81965 ], [ -70.97075, -35.81871 ], [ -70.97143, -35.81819 ], [ -70.97155, -35.81745 ], [ -70.9714, -35.81702 ], [ -70.97167, -35.81672 ], [ -70.97171, -35.81602 ], [ -70.97246, -35.81508 ], [ -70.97271, -35.81393 ], [ -70.97347, -35.8125 ], [ -70.97422, -35.8115 ], [ -70.97504, -35.81068 ], [ -70.97647, -35.81028 ], [ -70.97776, -35.80965 ], [ -70.97834, -35.80855 ], [ -70.98288, -35.80763 ], [ -70.98348, -35.8072 ], [ -70.98407, -35.80648 ] ] } },
{ "type": "Feature", "properties": { "nombre": "Estero El Novillo", "tipo": "stream", "volcan_codigo": "LDM", "volcan_nombre": "Laguna del Maule", "drena_volcan": false }, "geometry": { "type": "MultiLineString", "coordinates": [ [ [ -70.79267, -36.1877 ], [ -70.7925, -36.1891 ], [ -70.7922, -36.18947 ], [ -70.79266, -36.19087 ], [ -70.79263, -36.19175 ], [ -70.79249, -36.19193 ], [ -70.79259, -36.19271 ], [ -70.79235, -36.19291 ], [ -70.79227, -36.19334 ], [ -70.79189, -36.19369 ], [ -70.79148, -36.19373 ], [ -70.79056, -36.19417 ], [ -70.78946, -36.19425 ] ], [ [ -70.78946, -36.19425 ], [ -70.78883, -36.19412 ], [ -70.78741, -36.19433 ], [ -70.78676, -36.19478 ], [ -70.78597, -36.19493 ], [ -70.78519, -36.19498 ], [ -70.78429, -36.19477 ], [ -70.78395, -36.19494 ], [ -70.78401, -36.19528 ], [ -70.78374, -36.19533 ], [ -70.78328, -36.19586 ], [ -70.78218, -36.19658 ], [ -70.78204, -36.19682 ], [ -70.78229, -36.19697 ], [ -70.78186, -36.19713 ], [ -70.78113, -36.19835 ], [ -70.78037, -36.19902 ], [ -70.78045, -36.19931 ], [ -70.77975, -36.19983 ], [ -70.77968, -36.20046 ], [ -70.77942, -36.20058 ], [ -70.77926, -36.20122 ], [ -70.77814, -36.2027 ], [ -70.77842, -36.20332 ], [ -70.77808, -36.20368 ], [ -70.77761, -36.20387 ], [ -70.77765, -36.20417 ], [ -70.77736, -36.20451 ], [ -70.77723, -36.20586 ], [ -70.77676, -36.20625 ], [ -70.77603, -36.2064 ], [ -70.77585, -36.20671 ], [ -70.77516, -36.20706 ], [ -70.77446, -36.20771 ], [ -70.77412, -36.20777 ], [ -70.77407, -36.20816 ], [ -70.77383, -36.20844 ], [ -70.77291, -36.20885 ], [ -70.7728, -36.20948 ], [ -70.77246, -36.20975 ], [ -70.77253, -36.21008 ], [ -70.77191, -36.21039 ], [ -70.77133, -36.21096 ], [ -70.77077, -36.21184 ], [ -70.77077, -36.21207 ], [ -70.77061, -36.21213 ], [ -70.77047, -36.21263 ], [ -70.77091, -36.21318 ], [ -70.77083, -36.21364 ], [ -70.77051, -36.2139 ], [ -70.76975, -36.21518 ], [ -70.77008, -36.21595 ], [ -70.76977, -36.21659 ], [ -70.77049, -36.21734 ], [ -70.77048, -36.21775 ], [ -70.77096, -36.21839 ], [ -70.7708, -36.21851 ], [ -70.77091, -36.21915 ], [ -70.77073, -36.21975 ], [ -70.77016, -36.22021 ] ] ] } },
{ "type": "Feature", "properties": { "nombre": "Estero El Pellado", "tipo": "stream", "volcan_codigo": "LDM", "volcan_nombre": "Laguna del Maule", "drena_volcan": true }, "geometry": { "type": "MultiLineString", "coordinates": [ [ [ -70.81255, -36.0371 ], [ -70.81385, -36.03793 ], [ -70.81506, -36.03907 ], [ -70.81545, -36.03926 ], [ -70.816, -36.03996 ], [ -70.81606, -36.04055 ], [ -70.81635, -36.04105 ], [ -70.81686, -36.04166 ], [ -70.81742, -36.04198 ], [ -70.81754, -36.0427 ], [ -70.81785, -36.04312 ], [ -70.81894, -36.04289 ], [ -70.81891, -36.0424 ], [ -70.8192, -36.04218 ], [ -70.82033, -36.04217 ], [ -70.82079, -36.04259 ], [ -70.82099, -36.04301 ], [ -70.82185, -36.04337 ], [ -70.82269, -36.04335 ], [ -70.82277, -36.04395 ], [ -70.82381, -36.04386 ], [ -70.82467, -36.04452 ] ], [ [ -70.81749, -35.9935 ], [ -70.81739, -35.99385 ], [ -70.81673, -35.99425 ], [ -70.81439, -35.99524 ], [ -70.81413, -35.99601 ], [ -70.81387, -35.99629 ], [ -70.81331, -35.99648 ], [ -70.81202, -35.99649 ], [ -70.81161, -35.99742 ], [ -70.81153, -35.99788 ], [ -70.81172, -35.99817 ], [ -70.81159, -35.99842 ], [ -70.81043, -35.99951 ], [ -70.80926, -36.0013 ], [ -70.80823, -36.00198 ], [ -70.80826, -36.00261 ], [ -70.80751, -36.00304 ], [ -70.80745, -36.00344 ], [ -70.80689, -36.00404 ], [ -70.80621, -36.00539 ], [ -70.80577, -36.00576 ], [ -70.80575, -36.00612 ], [ -70.80515, -36.00624 ], [ -70.80501, -36.00751 ], [ -70.80466, -36.00761 ], [ -70.80402, -36.00747 ], [ -70.80366, -36.00777 ], [ -70.80373, -36.00819 ], [ -70.80246, -36.01059 ], [ -70.80239, -36.01146 ], [ -70.8016, -36.01215 ], [ -70.80142, -36.01215 ], [ -70.80126, -36.01251 ], [ -70.80146, -36.0127 ], [ -70.80136, -36.01314 ], [ -70.80092, -36.01384 ], [ -70.80021, -36.01429 ], [ -70.79982, -36.01475 ], [ -70.7993, -36.01599 ], [ -70.79929, -36.01689 ], [ -70.79881, -36.01812 ], [ -70.79884, -36.01841 ], [ -70.79914, -36.0186 ], [ -70.79893, -36.01909 ], [ -70.79928, -36.01994 ], [ -70.79918, -36.02128 ], [ -70.7995, -36.02222 ], [ -70.80011, -36.0228 ], [ -70.80009, -36.02297 ], [ -70.80031, -36.02313 ], [ -70.80023, -36.02355 ], [ -70.80046, -36.02379 ], [ -70.80143, -36.02428 ], [ -70.80196, -36.02475 ], [ -70.80175, -36.02519 ], [ -70.80204, -36.02576 ], [ -70.80183, -36.02618 ], [ -70.8019, -36.02709 ], [ -70.8025, -36.02716 ], [ -70.804, -36.02847 ], [ -70.80461, -36.03004 ], [ -70.80511, -36.0304 ], [ -70.80535, -36.03135 ], [ -70.80587, -36.03181 ], [ -70.80602, -36.03231 ], [ -70.80684, -36.03306 ], [ -70.8071, -36.03355 ], [ -70.80777, -36.03352 ], [ -70.80896, -36.03391 ], [ -70.80947, -36.0344 ], [ -70.81017, -36.03579 ], [ -70.81255, -36.0371 ] ] ] } },
{ "type": "Feature", "properties": { "nombre": "Estero El Toro", "tipo": "stream", "volcan_codigo": "LDM", "volcan_nombre": "Laguna del Maule", "drena_volcan": false }, "geometry": { "type": "LineString", "coordinates": [ [ -71.09346, -35.99772 ], [ -71.09292, -35.99682 ], [ -71.09235, -35.99631 ], [ -71.09227, -35.9957 ], [ -71.09163, -35.99526 ], [ -71.09141, -35.9947 ], [ -71.09095, -35.99427 ], [ -71.09079, -35.99389 ], [ -71.09003, -35.99332 ], [ -71.08964, -35.99275 ], [ -71.09006, -35.99104 ], [ -71.08909, -35.99015 ], [ -71.08888, -35.98937 ], [ -71.08901, -35.98833 ], [ -71.08854, -35.98744 ], [ -71.08853, -35.9871 ], [ -71.08913, -35.98668 ], [ -71.08933, -35.98599 ], [ -71.08904, -35.9856 ], [ -71.0889, -35.98457 ], [ -71.08779, -35.98326 ], [ -71.0878, -35.98282 ], [ -71.08801, -35.98252 ], [ -71.08785, -35.982 ], [ -71.08803, -35.98143 ], [ -71.08767, -35.98098 ], [ -71.08777, -35.98034 ], [ -71.08653, -35.97938 ], [ -71.08635, -35.97897 ], [ -71.08563, -35.9782 ], [ -71.08405, -35.97731 ], [ -71.08364, -35.97691 ], [ -71.08297, -35.97608 ], [ -71.08258, -35.97504 ], [ -71.08199, -35.97418 ], [ -71.08014, -35.97337 ], [ -71.07921, -35.97328 ], [ -71.07845, -35.97345 ], [ -71.07767, -35.97306 ], [ -71.07732, -35.97231 ], [ -71.07367, -35.97169 ], [ -71.07285, -35.97185 ], [ -71.0719, -35.97139 ], [ -71.06951, -35.97111 ], [ -71.0667, -35.96998 ], [ -71.06401, -35.96992 ], [ -71.0614, -35.96939 ], [ -71.05999, -35.97017 ], [ -71.05896, -35.97023 ], [ -71.0582, -35.97071 ], [ -71.05746, -35.97072 ], [ -71.05608, -35.97027 ], [ -71.05374, -35.96861 ], [ -71.04921, -35.9671 ], [ -71.04726, -35.96693 ], [ -71.04691, -35.96675 ], [ -71.04659, -35.96631 ], [ -71.04618, -35.96617 ], [ -71.04562, -35.96621 ], [ -71.04455, -35.96594 ], [ -71.04127, -35.96589 ], [ -71.04039, -35.96556 ], [ -71.03851, -35.96522 ], [ -71.03692, -35.96566 ], [ -71.0359, -35.96566 ], [ -71.03404, -35.96501 ], [ -71.03312, -35.96495 ], [ -71.03248, -35.9643 ], [ -71.0325, -35.96397 ], [ -71.03231, -35.96378 ], [ -71.03141, -35.96335 ], [ -71.0286, -35.96292 ], [ -71.02833, -35.96254 ], [ -71.02746, -35.9622 ], [ -71.02715, -35.9614 ], [ -71.026, -35.96108 ], [ -71.02555, -35.96033 ], [ -71.02552, -35.95995 ], [ -71.02602, -35.95918 ], [ -71.02585, -35.95829 ], [ -71.02411, -35.95743 ], [ -71.0236, -35.95652 ], [ -71.02246, -35.95555 ], [ -71.02066, -35.95468 ], [ -71.01927, -35.95433 ], [ -71.01903, -35.95402 ], [ -71.01899, -35.95273 ], [ -71.01774, -35.95229 ], [ -71.01756, -35.95197 ], [ -71.01773, -35.9514 ], [ -71.01755, -35.95107 ], [ -71.01649, -35.95047 ], [ -71.01624, -35.94994 ], [ -71.01428, -35.94958 ], [ -71.01333, -35.94887 ], [ -71.012, -35.94884 ], [ -71.01119, -35.94847 ], [ -71.00883, -35.94839 ], [ -71.00799, -35.94794 ], [ -71.00639, -35.9474 ], [ -71.00537, -35.94725 ], [ -71.00464, -35.94684 ], [ -71.00229, -35.94681 ], [ -70.99956, -35.94759 ], [ -70.99877, -35.94706 ], [ -70.9983, -35.94718 ], [ -70.99689, -35.94674 ], [ -70.99637, -35.94595 ], [ -70.99577, -35.94546 ], [ -70.99516, -35.94544 ], [ -70.99419, -35.94574 ], [ -70.99332, -35.94559 ] ] } },
{ "type": "Feature", "properties": { "nombre": "Estero La Sombra", "tipo": "stream", "volcan_codigo": "LDM", "volcan_nombre": "Laguna del Maule", "drena_volcan": false }, "geometry": { "type": "MultiLineString", "coordinates": [ [ [ -70.82655, -36.23884 ], [ -70.82627, -36.23922 ], [ -70.82641, -36.23982 ], [ -70.82627, -36.2402 ], [ -70.82655, -36.24049 ], [ -70.82591, -36.24145 ], [ -70.82516, -36.2422 ], [ -70.82549, -36.24257 ], [ -70.82554, -36.24303 ], [ -70.82493, -36.2435 ], [ -70.82479, -36.24457 ], [ -70.82384, -36.24613 ], [ -70.82367, -36.24713 ], [ -70.82337, -36.24764 ], [ -70.82403, -36.24831 ], [ -70.82418, -36.24911 ], [ -70.82443, -36.24955 ] ], [ [ -70.82324, -36.22348 ], [ -70.82365, -36.22387 ], [ -70.82392, -36.22453 ], [ -70.82387, -36.22489 ], [ -70.82411, -36.22524 ], [ -70.82404, -36.22541 ], [ -70.82446, -36.22563 ], [ -70.82413, -36.22597 ], [ -70.82401, -36.22676 ], [ -70.82416, -36.22743 ], [ -70.82464, -36.22801 ], [ -70.82492, -36.22895 ], [ -70.82563, -36.22965 ], [ -70.82565, -36.23053 ], [ -70.82635, -36.23107 ], [ -70.82679, -36.23175 ], [ -70.82719, -36.23314 ], [ -70.82714, -36.23348 ], [ -70.82735, -36.23371 ], [ -70.82753, -36.23438 ], [ -70.82739, -36.23457 ], [ -70.82751, -36.23486 ], [ -70.82725, -36.23531 ], [ -70.8275, -36.23571 ], [ -70.82711, -36.23623 ], [ -70.82698, -36.23698 ], [ -70.82662, -36.23731 ], [ -70.82703, -36.23837 ], [ -70.82655, -36.23884 ] ] ] } },
{ "type": "Feature", "properties": { "nombre": "Estero Las Catalinas", "tipo": "stream", "volcan_codigo": "LDM", "volcan_nombre": "Laguna del Maule", "drena_volcan": false }, "geometry": { "type": "MultiLineString", "coordinates": [ [ [ -71.03234, -36.04772 ], [ -71.03193, -36.04792 ], [ -71.03169, -36.04839 ], [ -71.03072, -36.04906 ], [ -71.03036, -36.04907 ], [ -71.02989, -36.04865 ], [ -71.02933, -36.04843 ], [ -71.02825, -36.04887 ], [ -71.02701, -36.04965 ], [ -71.02619, -36.04953 ], [ -71.02418, -36.04984 ], [ -71.02395, -36.04998 ], [ -71.02392, -36.05033 ], [ -71.02316, -36.05032 ], [ -71.0228, -36.05066 ], [ -71.0222, -36.0507 ], [ -71.02188, -36.05104 ], [ -71.02265, -36.05175 ], [ -71.02267, -36.05207 ], [ -71.02227, -36.05233 ], [ -71.02154, -36.05246 ], [ -71.02138, -36.05278 ], [ -71.02099, -36.05286 ], [ -71.02098, -36.05312 ], [ -71.02031, -36.05334 ], [ -71.01955, -36.05397 ], [ -71.01946, -36.05436 ], [ -71.01906, -36.05487 ], [ -71.01848, -36.05659 ], [ -71.01728, -36.05682 ], [ -71.01642, -36.05752 ], [ -71.01578, -36.05776 ], [ -71.01475, -36.05778 ], [ -71.01442, -36.05815 ], [ -71.01387, -36.05812 ], [ -71.0135, -36.05829 ], [ -71.01293, -36.05817 ], [ -71.01255, -36.05788 ], [ -71.00949, -36.05776 ], [ -71.0073, -36.05719 ], [ -71.00666, -36.05683 ], [ -71.00366, -36.05651 ], [ -71.002, -36.05554 ], [ -70.99924, -36.05451 ], [ -70.99853, -36.0537 ], [ -70.99856, -36.05316 ], [ -70.99789, -36.05178 ], [ -70.99802, -36.05153 ], [ -70.99782, -36.05103 ], [ -70.99801, -36.05009 ], [ -70.99794, -36.04975 ], [ -70.99645, -36.04908 ], [ -70.99554, -36.04752 ], [ -70.99484, -36.04714 ], [ -70.99408, -36.04711 ], [ -70.99386, -36.0466 ], [ -70.99324, -36.0464 ], [ -70.99313, -36.04605 ], [ -70.99361, -36.04446 ], [ -70.99344, -36.04355 ], [ -70.99238, -36.0429 ], [ -70.99206, -36.04239 ], [ -70.99152, -36.04199 ], [ -70.9911, -36.0408 ], [ -70.99053, -36.04035 ], [ -70.99015, -36.0398 ], [ -70.98878, -36.03905 ], [ -70.98821, -36.03851 ], [ -70.98757, -36.03696 ], [ -70.98757, -36.03621 ], [ -70.98676, -36.03489 ], [ -70.98629, -36.03441 ], [ -70.98538, -36.0339 ], [ -70.98505, -36.03343 ], [ -70.98528, -36.0327 ], [ -70.98479, -36.03212 ], [ -70.9846, -36.03142 ], [ -70.98342, -36.0299 ], [ -70.98319, -36.02877 ], [ -70.98275, -36.02785 ], [ -70.98232, -36.02755 ], [ -70.98212, -36.02717 ], [ -70.98224, -36.02632 ], [ -70.98197, -36.02535 ] ], [ [ -70.98197, -36.02535 ], [ -70.98136, -36.02521 ], [ -70.98108, -36.02488 ], [ -70.98064, -36.02478 ], [ -70.9799, -36.02407 ], [ -70.97844, -36.02388 ], [ -70.97768, -36.02348 ], [ -70.97744, -36.02315 ], [ -70.97665, -36.0227 ], [ -70.97669, -36.02233 ], [ -70.97697, -36.02203 ], [ -70.977, -36.02128 ], [ -70.97651, -36.0207 ], [ -70.97598, -36.02044 ], [ -70.97534, -36.01974 ], [ -70.97413, -36.01944 ], [ -70.97325, -36.01878 ], [ -70.97209, -36.01836 ], [ -70.97015, -36.018 ], [ -70.96714, -36.01885 ], [ -70.96672, -36.01859 ], [ -70.96666, -36.0182 ], [ -70.96628, -36.01784 ], [ -70.96544, -36.01765 ], [ -70.96495, -36.01729 ], [ -70.96368, -36.01745 ], [ -70.96334, -36.01709 ], [ -70.96292, -36.01696 ], [ -70.96172, -36.01717 ], [ -70.9609, -36.01701 ], [ -70.95905, -36.01779 ], [ -70.95828, -36.01843 ], [ -70.95727, -36.01883 ], [ -70.95661, -36.01875 ], [ -70.95589, -36.01896 ], [ -70.95451, -36.01863 ], [ -70.9532, -36.01865 ] ] ] } },
{ "type": "Feature", "properties": { "nombre": "Estero Las Corrientes", "tipo": "stream", "volcan_codigo": "LDM", "volcan_nombre": "Laguna del Maule", "drena_volcan": false }, "geometry": { "type": "LineString", "coordinates": [ [ -70.85212, -35.68636 ], [ -70.8518, -35.68693 ], [ -70.85154, -35.68807 ], [ -70.85082, -35.68916 ], [ -70.85096, -35.69002 ], [ -70.85072, -35.69105 ], [ -70.8509, -35.69289 ], [ -70.85072, -35.69352 ], [ -70.85139, -35.69456 ], [ -70.85141, -35.69509 ], [ -70.85198, -35.69659 ], [ -70.85193, -35.69718 ], [ -70.85217, -35.69759 ], [ -70.85288, -35.69802 ], [ -70.85293, -35.6992 ], [ -70.85254, -35.6998 ], [ -70.85254, -35.70009 ], [ -70.85421, -35.70136 ], [ -70.85701, -35.70164 ], [ -70.85735, -35.70185 ], [ -70.85756, -35.70227 ], [ -70.85915, -35.70276 ], [ -70.85971, -35.70322 ], [ -70.86146, -35.70393 ], [ -70.8615, -35.70431 ], [ -70.86185, -35.70473 ], [ -70.86215, -35.70556 ], [ -70.8622, -35.70619 ], [ -70.86268, -35.70673 ], [ -70.86294, -35.7077 ], [ -70.86342, -35.70844 ], [ -70.8631, -35.70966 ], [ -70.86314, -35.71209 ], [ -70.86239, -35.71426 ], [ -70.86231, -35.71501 ], [ -70.86159, -35.71599 ], [ -70.86193, -35.71652 ], [ -70.86182, -35.71678 ], [ -70.86204, -35.71711 ], [ -70.86201, -35.71736 ], [ -70.86174, -35.71784 ], [ -70.86138, -35.71804 ], [ -70.86077, -35.71879 ], [ -70.86111, -35.71991 ], [ -70.86099, -35.72055 ], [ -70.86067, -35.72109 ], [ -70.86121, -35.72206 ], [ -70.86105, -35.72283 ], [ -70.86072, -35.7234 ], [ -70.86066, -35.72402 ], [ -70.85983, -35.72452 ], [ -70.86026, -35.72546 ], [ -70.8599, -35.72646 ], [ -70.85949, -35.7269 ], [ -70.85826, -35.72703 ], [ -70.85781, -35.72734 ], [ -70.85714, -35.72904 ], [ -70.8571, -35.72954 ], [ -70.85731, -35.73038 ], [ -70.85649, -35.73136 ], [ -70.8566, -35.73305 ], [ -70.85533, -35.73406 ], [ -70.85473, -35.73474 ], [ -70.85454, -35.73538 ], [ -70.85471, -35.73776 ], [ -70.85408, -35.73932 ], [ -70.85277, -35.74031 ], [ -70.85271, -35.74116 ], [ -70.85295, -35.74149 ], [ -70.85295, -35.74183 ], [ -70.85224, -35.74258 ], [ -70.85144, -35.74378 ], [ -70.85064, -35.74416 ], [ -70.85023, -35.7446 ], [ -70.84987, -35.74596 ], [ -70.84886, -35.74703 ], [ -70.84898, -35.74942 ], [ -70.84834, -35.75028 ], [ -70.84772, -35.75159 ], [ -70.84757, -35.75218 ], [ -70.84761, -35.75333 ], [ -70.84785, -35.75473 ], [ -70.84715, -35.75653 ], [ -70.84754, -35.75846 ], [ -70.84778, -35.7588 ], [ -70.84873, -35.75949 ], [ -70.8492, -35.76085 ], [ -70.8492, -35.76161 ], [ -70.84886, -35.76276 ], [ -70.84847, -35.76322 ], [ -70.84828, -35.764 ], [ -70.84851, -35.76452 ], [ -70.84847, -35.76617 ], [ -70.84868, -35.76682 ], [ -70.84892, -35.76747 ], [ -70.84974, -35.76816 ], [ -70.84995, -35.76902 ], [ -70.84974, -35.76932 ], [ -70.84954, -35.77113 ], [ -70.85012, -35.77281 ], [ -70.84993, -35.77342 ], [ -70.84881, -35.77395 ], [ -70.84877, -35.77449 ], [ -70.84898, -35.77511 ], [ -70.84926, -35.77564 ], [ -70.8512, -35.77605 ], [ -70.8514, -35.77648 ], [ -70.8512, -35.77737 ], [ -70.85155, -35.77805 ], [ -70.85297, -35.77928 ], [ -70.85342, -35.77984 ], [ -70.85381, -35.78071 ], [ -70.85557, -35.7811 ], [ -70.85564, -35.78169 ], [ -70.85527, -35.78234 ], [ -70.85514, -35.78315 ], [ -70.85578, -35.78413 ], [ -70.85637, -35.78457 ], [ -70.85658, -35.78581 ], [ -70.85635, -35.78624 ], [ -70.85592, -35.78651 ], [ -70.85564, -35.78709 ], [ -70.85574, -35.78763 ], [ -70.85613, -35.78818 ], [ -70.85686, -35.78878 ], [ -70.85762, -35.78887 ], [ -70.85789, -35.78925 ], [ -70.85785, -35.78956 ], [ -70.8611, -35.79048 ], [ -70.86256, -35.79156 ], [ -70.86261, -35.79193 ], [ -70.86162, -35.79313 ], [ -70.86129, -35.79451 ], [ -70.86129, -35.79518 ], [ -70.86099, -35.79584 ], [ -70.86063, -35.79618 ], [ -70.86067, -35.79653 ], [ -70.86104, -35.79686 ], [ -70.86132, -35.79753 ], [ -70.86121, -35.79798 ], [ -70.86101, -35.79834 ], [ -70.86018, -35.79904 ], [ -70.86013, -35.79931 ], [ -70.85966, -35.79966 ], [ -70.85951, -35.80028 ], [ -70.85966, -35.80177 ], [ -70.85915, -35.80263 ], [ -70.85952, -35.8035 ] ] } },
{ "type": "Feature", "properties": { "nombre": "Estero Los Lleuques", "tipo": "stream", "volcan_codigo": "LDM", "volcan_nombre": "Laguna del Maule", "drena_volcan": false }, "geometry": { "type": "MultiLineString", "coordinates": [ [ [ -70.82741, -36.03385 ], [ -70.82722, -36.03469 ], [ -70.82848, -36.03824 ], [ -70.82818, -36.03961 ], [ -70.82843, -36.04091 ], [ -70.82891, -36.0419 ], [ -70.82881, -36.04242 ], [ -70.8291, -36.04303 ], [ -70.82869, -36.04376 ], [ -70.82863, -36.04424 ], [ -70.82908, -36.04493 ], [ -70.82921, -36.04562 ], [ -70.82974, -36.04659 ] ], [ [ -70.83356, -36.02017 ], [ -70.83357, -36.02091 ], [ -70.83329, -36.02155 ], [ -70.83353, -36.02265 ], [ -70.83345, -36.02297 ], [ -70.83304, -36.02377 ], [ -70.83245, -36.02426 ], [ -70.83191, -36.02515 ], [ -70.83099, -36.02551 ], [ -70.83036, -36.02636 ], [ -70.83044, -36.02857 ], [ -70.8285, -36.03143 ], [ -70.82741, -36.03385 ] ] ] } },
{ "type": "Feature", "properties": { "nombre": "Estero Los Pelambres", "tipo": "stream", "volcan_codigo": "LDM", "volcan_nombre": "Laguna del Maule", "drena_volcan": false }, "geometry": { "type": "MultiLineString", "coordinates": [ [ [ -70.75802, -36.20562 ], [ -70.75958, -36.20695 ], [ -70.76001, -36.20814 ], [ -70.76058, -36.2086 ], [ -70.76054, -36.20902 ], [ -70.76095, -36.20922 ], [ -70.76091, -36.20981 ], [ -70.76198, -36.21055 ], [ -70.76226, -36.21093 ], [ -70.76301, -36.2113 ], [ -70.76331, -36.21237 ], [ -70.76433, -36.21298 ], [ -70.76497, -36.21366 ], [ -70.76596, -36.21385 ], [ -70.76582, -36.21469 ], [ -70.76601, -36.21522 ], [ -70.7674, -36.21604 ], [ -70.76739, -36.21635 ], [ -70.76819, -36.21747 ], [ -70.76824, -36.21788 ], [ -70.76896, -36.21835 ], [ -70.77016, -36.22021 ] ], [ [ -70.76589, -36.19335 ], [ -70.76537, -36.19372 ], [ -70.7647, -36.19392 ], [ -70.76456, -36.1942 ], [ -70.76394, -36.19417 ], [ -70.76266, -36.19533 ], [ -70.76141, -36.19544 ], [ -70.76124, -36.19558 ], [ -70.76122, -36.19588 ], [ -70.76062, -36.19631 ], [ -70.7603, -36.19618 ], [ -70.75992, -36.19639 ], [ -70.75949, -36.19674 ], [ -70.75929, -36.19753 ], [ -70.75904, -36.19787 ], [ -70.75913, -36.19826 ], [ -70.75758, -36.19918 ], [ -70.75814, -36.20017 ], [ -70.7582, -36.20069 ], [ -70.75781, -36.20092 ], [ -70.75778, -36.2013 ], [ -70.75754, -36.20143 ], [ -70.75752, -36.20201 ], [ -70.75722, -36.20273 ], [ -70.75786, -36.20355 ], [ -70.75764, -36.20402 ], [ -70.75777, -36.20459 ], [ -70.75805, -36.20486 ], [ -70.75802, -36.20562 ] ], [ [ -70.76218, -36.17765 ], [ -70.76342, -36.17762 ], [ -70.76524, -36.17809 ], [ -70.76551, -36.17831 ], [ -70.76571, -36.17888 ], [ -70.76517, -36.17992 ], [ -70.76451, -36.1805 ], [ -70.76414, -36.18135 ], [ -70.76425, -36.18161 ], [ -70.76415, -36.18213 ], [ -70.76439, -36.18273 ], [ -70.76481, -36.1832 ], [ -70.76466, -36.18451 ], [ -70.76492, -36.18519 ], [ -70.76485, -36.18584 ], [ -70.76503, -36.18609 ], [ -70.76481, -36.18684 ], [ -70.7649, -36.18735 ], [ -70.76635, -36.18882 ], [ -70.7671, -36.19043 ], [ -70.76693, -36.19089 ], [ -70.76703, -36.19119 ], [ -70.76645, -36.1919 ], [ -70.76635, -36.19244 ], [ -70.76611, -36.1926 ], [ -70.76589, -36.19335 ] ] ] } },
{ "type": "Feature", "properties": { "nombre": "Estero Nacimiento", "tipo": "stream", "volcan_codigo": "LDM", "volcan_nombre": "Laguna del Maule", "drena_volcan": false }, "geometry": { "type": "MultiLineString", "coordinates": [ [ [ -71.04844, -36.14343 ], [ -71.05058, -36.14271 ], [ -71.05122, -36.14268 ], [ -71.05251, -36.1433 ], [ -71.05366, -36.14354 ], [ -71.05488, -36.14332 ], [ -71.0589, -36.14308 ], [ -71.06028, -36.14259 ], [ -71.06113, -36.14268 ], [ -71.06167, -36.14246 ], [ -71.06292, -36.14244 ], [ -71.06356, -36.14303 ], [ -71.06439, -36.14341 ], [ -71.06541, -36.14426 ], [ -71.0673, -36.14545 ], [ -71.0679, -36.14603 ], [ -71.06872, -36.14658 ], [ -71.06928, -36.14672 ], [ -71.06964, -36.14715 ], [ -71.0707, -36.14775 ], [ -71.07065, -36.14822 ], [ -71.07099, -36.14874 ], [ -71.07238, -36.14929 ], [ -71.07277, -36.14981 ], [ -71.07359, -36.15019 ], [ -71.07398, -36.15068 ], [ -71.07562, -36.15167 ], [ -71.07611, -36.15224 ], [ -71.07668, -36.1524 ], [ -71.0781, -36.1532 ], [ -71.07869, -36.15378 ], [ -71.07853, -36.15398 ], [ -71.07919, -36.15435 ], [ -71.07971, -36.15435 ], [ -71.0809, -36.15478 ], [ -71.08152, -36.1547 ], [ -71.08259, -36.15572 ], [ -71.08344, -36.15615 ], [ -71.08361, -36.15637 ], [ -71.08361, -36.15699 ], [ -71.08437, -36.15717 ], [ -71.08482, -36.15702 ], [ -71.08513, -36.15711 ], [ -71.08571, -36.15807 ], [ -71.08661, -36.15874 ], [ -71.08673, -36.15907 ], [ -71.08788, -36.15928 ], [ -71.08858, -36.15994 ], [ -71.08901, -36.16009 ], [ -71.0908, -36.15982 ], [ -71.09149, -36.15955 ], [ -71.09216, -36.15965 ], [ -71.09258, -36.15943 ], [ -71.09297, -36.15875 ], [ -71.09466, -36.15775 ], [ -71.09538, -36.15687 ] ], [ [ -71.03452, -36.14169 ], [ -71.03848, -36.14194 ], [ -71.03957, -36.14184 ], [ -71.04136, -36.14228 ], [ -71.04266, -36.14297 ], [ -71.04355, -36.14291 ], [ -71.04563, -36.14362 ], [ -71.04704, -36.1434 ], [ -71.04844, -36.14343 ] ] ] } },
{ "type": "Feature", "properties": { "nombre": "Estero Potrero Grande", "tipo": "stream", "volcan_codigo": "LDM", "volcan_nombre": "Laguna del Maule", "drena_volcan": false }, "geometry": { "type": "MultiLineString", "coordinates": [ [ [ -71.02967, -36.08434 ], [ -71.02943, -36.08564 ], [ -71.02916, -36.08568 ], [ -71.02897, -36.08627 ], [ -71.02922, -36.08699 ], [ -71.02915, -36.08719 ], [ -71.02991, -36.08772 ], [ -71.03, -36.08801 ], [ -71.03018, -36.08808 ], [ -71.03033, -36.08889 ], [ -71.03119, -36.08961 ], [ -71.03142, -36.09048 ], [ -71.03209, -36.09151 ], [ -71.03181, -36.09204 ], [ -71.03227, -36.09236 ], [ -71.03239, -36.09311 ], [ -71.03284, -36.09377 ], [ -71.03402, -36.0946 ], [ -71.03601, -36.09439 ], [ -71.03754, -36.09508 ], [ -71.03776, -36.09587 ], [ -71.03767, -36.09646 ], [ -71.0375, -36.09664 ], [ -71.03802, -36.09735 ], [ -71.03885, -36.09772 ], [ -71.03955, -36.09838 ], [ -71.03943, -36.09947 ], [ -71.04026, -36.10045 ], [ -71.04015, -36.10111 ], [ -71.04059, -36.10125 ], [ -71.04099, -36.10201 ], [ -71.04197, -36.10239 ], [ -71.04211, -36.10298 ], [ -71.04282, -36.10337 ], [ -71.04295, -36.10432 ], [ -71.0437, -36.10471 ], [ -71.04387, -36.10531 ], [ -71.04442, -36.10593 ], [ -71.04434, -36.1064 ], [ -71.0447, -36.10693 ], [ -71.04483, -36.10849 ], [ -71.04535, -36.10943 ], [ -71.04593, -36.10981 ], [ -71.04614, -36.11029 ], [ -71.04698, -36.11125 ], [ -71.04758, -36.11158 ], [ -71.04804, -36.11159 ], [ -71.04868, -36.11225 ], [ -71.04954, -36.1123 ], [ -71.05009, -36.11258 ] ], [ [ -71.02013, -36.0777 ], [ -71.01999, -36.07808 ], [ -71.02014, -36.07839 ], [ -71.02186, -36.08036 ], [ -71.02282, -36.08106 ], [ -71.02307, -36.08158 ], [ -71.02446, -36.08286 ], [ -71.0267, -36.08364 ], [ -71.0277, -36.08345 ], [ -71.02899, -36.08417 ], [ -71.02926, -36.08411 ], [ -71.02967, -36.08434 ] ], [ [ -71.05009, -36.11258 ], [ -71.05171, -36.1118 ], [ -71.05235, -36.11232 ], [ -71.05262, -36.11299 ], [ -71.05344, -36.11332 ], [ -71.0542, -36.11413 ], [ -71.05491, -36.11461 ], [ -71.05547, -36.11478 ], [ -71.05592, -36.11445 ], [ -71.05676, -36.11475 ], [ -71.05806, -36.11459 ], [ -71.05885, -36.11515 ], [ -71.06024, -36.11525 ], [ -71.06042, -36.11514 ], [ -71.0606, -36.11454 ], [ -71.06185, -36.11403 ], [ -71.06255, -36.11405 ], [ -71.06285, -36.11363 ], [ -71.06405, -36.11359 ], [ -71.06443, -36.11323 ], [ -71.06535, -36.11278 ], [ -71.06687, -36.11275 ], [ -71.06799, -36.11218 ], [ -71.06847, -36.11211 ], [ -71.06918, -36.11136 ], [ -71.07006, -36.1112 ], [ -71.07104, -36.11029 ], [ -71.07207, -36.11009 ], [ -71.07226, -36.10976 ], [ -71.07267, -36.10954 ], [ -71.07265, -36.10918 ], [ -71.07309, -36.10855 ], [ -71.07386, -36.10846 ] ] ] } },
{ "type": "Feature", "properties": { "nombre": "Estero de Sepulveda", "tipo": "stream", "volcan_codigo": "LDM", "volcan_nombre": "Laguna del Maule", "drena_volcan": false }, "geometry": { "type": "MultiLineString", "coordinates": [ [ [ -70.51043, -36.14794 ], [ -70.50994, -36.14813 ], [ -70.50893, -36.14815 ], [ -70.50623, -36.14773 ], [ -70.50509, -36.14718 ], [ -70.50301, -36.14675 ], [ -70.50058, -36.14701 ], [ -70.50003, -36.14694 ], [ -70.4991, -36.14635 ], [ -70.49663, -36.14595 ], [ -70.49606, -36.14565 ], [ -70.49539, -36.1456 ], [ -70.49453, -36.14517 ], [ -70.49378, -36.14501 ], [ -70.49224, -36.14496 ], [ -70.49198, -36.14513 ], [ -70.49026, -36.14501 ], [ -70.48945, -36.1448 ], [ -70.48857, -36.1442 ], [ -70.48642, -36.14344 ], [ -70.48561, -36.14293 ], [ -70.48509, -36.14236 ], [ -70.48531, -36.14205 ], [ -70.48458, -36.14143 ], [ -70.48385, -36.14047 ], [ -70.48378, -36.14018 ], [ -70.48406, -36.13969 ], [ -70.4838, -36.13942 ], [ -70.48376, -36.13898 ], [ -70.48415, -36.13872 ], [ -70.48363, -36.13841 ], [ -70.48295, -36.13753 ], [ -70.48288, -36.13716 ], [ -70.48215, -36.13631 ], [ -70.48213, -36.13597 ], [ -70.48249, -36.13559 ], [ -70.48243, -36.13498 ], [ -70.48099, -36.13342 ], [ -70.47948, -36.13247 ], [ -70.47915, -36.13186 ], [ -70.47871, -36.13159 ], [ -70.47785, -36.13046 ], [ -70.47751, -36.1302 ], [ -70.47696, -36.13031 ], [ -70.47686, -36.13016 ] ], [ [ -70.47686, -36.13016 ], [ -70.4766, -36.12984 ], [ -70.47618, -36.1297 ], [ -70.47575, -36.12916 ], [ -70.47523, -36.12899 ], [ -70.47514, -36.12855 ], [ -70.47501, -36.12863 ], [ -70.47446, -36.12818 ], [ -70.4739, -36.12811 ], [ -70.47389, -36.12698 ], [ -70.47375, -36.12662 ], [ -70.47493, -36.12614 ], [ -70.47495, -36.12524 ], [ -70.47609, -36.12409 ], [ -70.47668, -36.12216 ], [ -70.47712, -36.12156 ], [ -70.47767, -36.12134 ], [ -70.47784, -36.12111 ], [ -70.47747, -36.12012 ], [ -70.47778, -36.11984 ], [ -70.47789, -36.11895 ], [ -70.47829, -36.11858 ], [ -70.47841, -36.11801 ], [ -70.47914, -36.11696 ] ] ] } },
{ "type": "Feature", "properties": { "nombre": "Estero de los Calabozos", "tipo": "stream", "volcan_codigo": "LDM", "volcan_nombre": "Laguna del Maule", "drena_volcan": false }, "geometry": { "type": "LineString", "coordinates": [ [ -71.0098, -36.15684 ], [ -71.00958, -36.15698 ], [ -71.0097, -36.15748 ], [ -71.00938, -36.15849 ], [ -71.00852, -36.1599 ], [ -71.00824, -36.16097 ], [ -71.00733, -36.16194 ], [ -71.00727, -36.16244 ], [ -71.00697, -36.16292 ], [ -71.00687, -36.16389 ], [ -71.00657, -36.16417 ], [ -71.00633, -36.16485 ], [ -71.00525, -36.16608 ], [ -71.0052, -36.16659 ], [ -71.00556, -36.16704 ], [ -71.00557, -36.16742 ], [ -71.00493, -36.16892 ], [ -71.00383, -36.16975 ], [ -71.00382, -36.16993 ], [ -71.00317, -36.17023 ], [ -71.00312, -36.17078 ], [ -71.00277, -36.17126 ], [ -71.00226, -36.1716 ], [ -71.00165, -36.1717 ], [ -71.00154, -36.17203 ], [ -71.00114, -36.17221 ], [ -71.00104, -36.17274 ], [ -71.00059, -36.1735 ], [ -70.9993, -36.17409 ], [ -70.99918, -36.17444 ], [ -70.99975, -36.17477 ], [ -70.99948, -36.17504 ], [ -70.99906, -36.176 ], [ -70.99852, -36.17653 ], [ -70.99792, -36.17662 ], [ -70.99726, -36.17643 ], [ -70.99624, -36.17662 ], [ -70.99459, -36.17724 ], [ -70.99393, -36.17776 ], [ -70.99355, -36.1783 ], [ -70.99276, -36.17867 ], [ -70.99197, -36.17843 ], [ -70.99074, -36.17877 ], [ -70.99036, -36.17854 ], [ -70.98946, -36.1786 ], [ -70.98886, -36.17844 ], [ -70.98836, -36.1788 ], [ -70.98729, -36.17885 ], [ -70.98487, -36.17989 ], [ -70.9842, -36.17993 ], [ -70.98338, -36.18022 ], [ -70.98301, -36.18065 ], [ -70.98182, -36.1814 ], [ -70.98083, -36.18174 ], [ -70.97591, -36.18249 ], [ -70.97524, -36.18309 ], [ -70.97381, -36.18385 ], [ -70.97294, -36.18389 ], [ -70.97221, -36.18428 ], [ -70.97098, -36.18462 ], [ -70.97035, -36.18511 ], [ -70.96951, -36.18536 ], [ -70.96919, -36.18558 ], [ -70.96902, -36.18627 ], [ -70.96842, -36.1864 ], [ -70.96787, -36.18675 ], [ -70.96757, -36.1872 ], [ -70.96691, -36.18759 ], [ -70.96404, -36.18852 ], [ -70.96294, -36.1891 ], [ -70.96193, -36.18996 ], [ -70.9611, -36.19017 ], [ -70.96016, -36.19085 ], [ -70.9595, -36.19072 ], [ -70.95792, -36.19168 ], [ -70.9576, -36.19165 ], [ -70.95717, -36.19236 ], [ -70.95545, -36.19366 ], [ -70.95513, -36.19422 ], [ -70.95254, -36.19389 ], [ -70.95198, -36.19404 ], [ -70.95145, -36.19462 ], [ -70.95073, -36.19438 ], [ -70.94943, -36.19455 ], [ -70.94908, -36.19519 ], [ -70.94803, -36.19537 ], [ -70.94618, -36.19628 ], [ -70.94416, -36.19676 ], [ -70.94343, -36.19713 ], [ -70.94166, -36.19682 ], [ -70.94093, -36.19717 ], [ -70.94069, -36.19746 ], [ -70.93881, -36.19798 ], [ -70.93763, -36.19872 ], [ -70.9361, -36.19875 ], [ -70.93581, -36.19903 ], [ -70.93517, -36.19915 ], [ -70.93402, -36.19862 ], [ -70.93306, -36.19897 ], [ -70.9319, -36.19888 ], [ -70.93086, -36.19922 ], [ -70.93081, -36.1994 ], [ -70.93024, -36.19963 ], [ -70.92941, -36.19978 ], [ -70.92839, -36.19959 ], [ -70.92733, -36.1999 ], [ -70.92639, -36.19977 ], [ -70.92609, -36.20002 ], [ -70.92546, -36.2001 ], [ -70.92535, -36.20024 ], [ -70.92384, -36.20028 ], [ -70.92252, -36.19994 ], [ -70.92172, -36.20017 ], [ -70.91808, -36.20008 ], [ -70.91701, -36.19975 ], [ -70.91624, -36.19929 ], [ -70.91476, -36.19929 ], [ -70.91383, -36.19882 ], [ -70.9136, -36.19839 ], [ -70.91254, -36.19817 ], [ -70.91202, -36.19849 ], [ -70.91146, -36.19844 ], [ -70.91086, -36.19813 ], [ -70.91068, -36.19826 ], [ -70.9091, -36.1984 ] ] } },
{ "type": "Feature", "properties": { "nombre": "Estero del Valle", "tipo": "river", "volcan_codigo": "LDM", "volcan_nombre": "Laguna del Maule", "drena_volcan": false }, "geometry": { "type": "LineString", "coordinates": [ [ -70.7778, -35.95575 ], [ -70.77667, -35.95569 ], [ -70.77565, -35.95524 ], [ -70.77505, -35.95423 ], [ -70.77373, -35.95338 ], [ -70.77319, -35.95276 ], [ -70.77229, -35.95088 ], [ -70.77131, -35.94996 ], [ -70.77015, -35.94961 ], [ -70.76836, -35.94855 ], [ -70.76604, -35.94789 ], [ -70.76513, -35.94746 ], [ -70.76465, -35.947 ], [ -70.76353, -35.94683 ], [ -70.76214, -35.9458 ], [ -70.76152, -35.94414 ], [ -70.7595, -35.94251 ], [ -70.75921, -35.94186 ], [ -70.75868, -35.94132 ], [ -70.75801, -35.93964 ], [ -70.75755, -35.93907 ], [ -70.75767, -35.93857 ], [ -70.75744, -35.93808 ], [ -70.75754, -35.93709 ], [ -70.75719, -35.93644 ], [ -70.75683, -35.93624 ], [ -70.7565, -35.93579 ], [ -70.75673, -35.93532 ], [ -70.75658, -35.9352 ], [ -70.75564, -35.93477 ], [ -70.75456, -35.93474 ], [ -70.75363, -35.93423 ], [ -70.75352, -35.9339 ], [ -70.75311, -35.93388 ], [ -70.75297, -35.93354 ], [ -70.75227, -35.93311 ], [ -70.75219, -35.93277 ], [ -70.75144, -35.93212 ], [ -70.75088, -35.93187 ], [ -70.75075, -35.93122 ], [ -70.75011, -35.93117 ], [ -70.74905, -35.93064 ], [ -70.74603, -35.92973 ], [ -70.74484, -35.92891 ], [ -70.74354, -35.92828 ], [ -70.74234, -35.92704 ], [ -70.74221, -35.92636 ], [ -70.74232, -35.92571 ], [ -70.74156, -35.92539 ], [ -70.741, -35.92552 ], [ -70.74021, -35.92523 ], [ -70.73991, -35.92457 ], [ -70.74012, -35.92396 ], [ -70.73938, -35.92332 ], [ -70.73817, -35.92298 ], [ -70.73688, -35.92314 ], [ -70.73556, -35.9229 ], [ -70.73452, -35.92235 ], [ -70.73449, -35.92187 ], [ -70.73418, -35.92161 ], [ -70.7331, -35.92178 ], [ -70.73206, -35.92157 ], [ -70.73182, -35.92128 ], [ -70.73125, -35.92105 ], [ -70.73144, -35.9202 ], [ -70.7301, -35.91971 ], [ -70.73027, -35.91853 ], [ -70.72919, -35.91858 ], [ -70.72811, -35.91839 ], [ -70.72714, -35.918 ], [ -70.72604, -35.91736 ], [ -70.72602, -35.9172 ], [ -70.72519, -35.91695 ], [ -70.72473, -35.9166 ], [ -70.72368, -35.91631 ], [ -70.72286, -35.91571 ], [ -70.72243, -35.91491 ], [ -70.72171, -35.91427 ], [ -70.72005, -35.91341 ], [ -70.71982, -35.91311 ], [ -70.71998, -35.91261 ], [ -70.71957, -35.91233 ], [ -70.71849, -35.91234 ], [ -70.71812, -35.91215 ], [ -70.71803, -35.91132 ], [ -70.71744, -35.91081 ], [ -70.71739, -35.90997 ], [ -70.71667, -35.90963 ], [ -70.71593, -35.90895 ], [ -70.71529, -35.90785 ], [ -70.71535, -35.90713 ], [ -70.71521, -35.90646 ], [ -70.71441, -35.90523 ], [ -70.71463, -35.90389 ], [ -70.71502, -35.90294 ], [ -70.7144, -35.90222 ], [ -70.71364, -35.90199 ], [ -70.71313, -35.90163 ], [ -70.71284, -35.90064 ], [ -70.712, -35.89984 ], [ -70.71156, -35.89852 ], [ -70.71134, -35.89658 ], [ -70.7116, -35.89631 ], [ -70.71143, -35.89584 ], [ -70.71152, -35.895 ], [ -70.71102, -35.89441 ], [ -70.71103, -35.89373 ], [ -70.71034, -35.89287 ], [ -70.71045, -35.89204 ], [ -70.70986, -35.89144 ], [ -70.70971, -35.89077 ], [ -70.70836, -35.88843 ], [ -70.70839, -35.8876 ], [ -70.70772, -35.88652 ], [ -70.7079, -35.88607 ], [ -70.70751, -35.88567 ], [ -70.70702, -35.88455 ], [ -70.70704, -35.88353 ], [ -70.70678, -35.88305 ], [ -70.70621, -35.88278 ], [ -70.70589, -35.88144 ], [ -70.70481, -35.88095 ], [ -70.70468, -35.87979 ], [ -70.70389, -35.87835 ], [ -70.70269, -35.87713 ], [ -70.70257, -35.87648 ], [ -70.70276, -35.87641 ], [ -70.70285, -35.87554 ], [ -70.70379, -35.87423 ], [ -70.70414, -35.87308 ], [ -70.70444, -35.87263 ], [ -70.70419, -35.87179 ], [ -70.7036, -35.87106 ], [ -70.70357, -35.87024 ], [ -70.70337, -35.86976 ], [ -70.70355, -35.86911 ], [ -70.7033, -35.86846 ], [ -70.70216, -35.86718 ], [ -70.70016, -35.86652 ], [ -70.69973, -35.86573 ], [ -70.69987, -35.86535 ], [ -70.70054, -35.86469 ], [ -70.7009, -35.863 ], [ -70.70187, -35.86212 ], [ -70.70185, -35.86143 ], [ -70.70116, -35.86075 ], [ -70.70112, -35.86026 ], [ -70.70074, -35.85946 ], [ -70.70104, -35.85846 ], [ -70.70147, -35.85778 ], [ -70.70129, -35.85751 ], [ -70.70028, -35.85701 ], [ -70.69978, -35.85583 ], [ -70.69959, -35.85491 ], [ -70.70001, -35.85398 ], [ -70.69995, -35.85313 ], [ -70.70223, -35.85011 ], [ -70.70266, -35.84901 ], [ -70.70331, -35.84828 ], [ -70.70373, -35.8475 ], [ -70.70412, -35.84723 ], [ -70.70417, -35.84635 ], [ -70.70512, -35.84482 ] ] } },
{ "type": "Feature", "properties": { "nombre": "Quebrada Carrasco", "tipo": "stream", "volcan_codigo": "LDM", "volcan_nombre": "Laguna del Maule", "drena_volcan": false }, "geometry": { "type": "MultiLineString", "coordinates": [ [ [ -70.77729, -36.26102 ], [ -70.7768, -36.26151 ], [ -70.77689, -36.26199 ], [ -70.77658, -36.26228 ], [ -70.77674, -36.26395 ], [ -70.77713, -36.26513 ], [ -70.77709, -36.26573 ], [ -70.77755, -36.26694 ], [ -70.77783, -36.26831 ], [ -70.77813, -36.26867 ], [ -70.77952, -36.26942 ], [ -70.77989, -36.26984 ], [ -70.77969, -36.27094 ], [ -70.77929, -36.27153 ], [ -70.77953, -36.27188 ], [ -70.77938, -36.27215 ], [ -70.77971, -36.27238 ], [ -70.77985, -36.27287 ], [ -70.77948, -36.27354 ], [ -70.77921, -36.27478 ], [ -70.77836, -36.27587 ], [ -70.77808, -36.27666 ], [ -70.77806, -36.27738 ], [ -70.7777, -36.27801 ], [ -70.77777, -36.27849 ], [ -70.77755, -36.27873 ], [ -70.77772, -36.27902 ], [ -70.77757, -36.27978 ], [ -70.77774, -36.28163 ], [ -70.77748, -36.28215 ], [ -70.7769, -36.2825 ], [ -70.77671, -36.28299 ], [ -70.77629, -36.28344 ], [ -70.77633, -36.28381 ], [ -70.77591, -36.28421 ], [ -70.77594, -36.28477 ], [ -70.77631, -36.28527 ], [ -70.7765, -36.2859 ], [ -70.7765, -36.28613 ], [ -70.77626, -36.28638 ], [ -70.77628, -36.28709 ], [ -70.77652, -36.2878 ], [ -70.77628, -36.28816 ], [ -70.77611, -36.28896 ], [ -70.77572, -36.2893 ], [ -70.77591, -36.28972 ], [ -70.77552, -36.28994 ], [ -70.77507, -36.29083 ], [ -70.77434, -36.29101 ], [ -70.77386, -36.29138 ], [ -70.7737, -36.29207 ], [ -70.77272, -36.29298 ], [ -70.77232, -36.29373 ], [ -70.77196, -36.29394 ], [ -70.7718, -36.29427 ], [ -70.77184, -36.2957 ], [ -70.77138, -36.29637 ], [ -70.77213, -36.29738 ], [ -70.77202, -36.29886 ], [ -70.77136, -36.29941 ], [ -70.77136, -36.29977 ], [ -70.77077, -36.30014 ], [ -70.77033, -36.30076 ], [ -70.76992, -36.30079 ], [ -70.7697, -36.30072 ], [ -70.76962, -36.30046 ], [ -70.769, -36.30039 ], [ -70.76865, -36.30092 ], [ -70.76807, -36.30123 ], [ -70.76775, -36.30193 ], [ -70.76715, -36.30188 ], [ -70.76575, -36.30238 ], [ -70.7648, -36.30218 ], [ -70.76418, -36.30234 ], [ -70.76393, -36.30271 ], [ -70.76432, -36.30325 ], [ -70.76379, -36.30386 ], [ -70.76418, -36.30419 ], [ -70.76411, -36.3048 ], [ -70.76454, -36.30576 ], [ -70.76385, -36.30627 ] ], [ [ -70.76402, -36.25508 ], [ -70.76654, -36.25537 ], [ -70.76756, -36.25532 ], [ -70.77046, -36.25573 ], [ -70.77102, -36.25603 ], [ -70.77175, -36.25611 ], [ -70.77283, -36.25712 ], [ -70.7743, -36.25797 ], [ -70.77501, -36.25858 ], [ -70.77566, -36.25971 ], [ -70.77569, -36.26004 ], [ -70.7768, -36.2605 ], [ -70.77729, -36.26102 ] ] ] } },
{ "type": "Feature", "properties": { "nombre": "Quebrada Carrizal", "tipo": "stream", "volcan_codigo": "LDM", "volcan_nombre": "Laguna del Maule", "drena_volcan": false }, "geometry": { "type": "LineString", "coordinates": [ [ -71.03292, -35.81288 ], [ -71.03321, -35.81249 ], [ -71.03404, -35.81222 ], [ -71.03513, -35.81156 ], [ -71.03566, -35.81154 ], [ -71.03685, -35.81192 ], [ -71.03949, -35.81211 ], [ -71.04261, -35.81187 ], [ -71.04357, -35.81191 ], [ -71.04453, -35.81221 ], [ -71.04633, -35.81203 ], [ -71.04934, -35.81203 ], [ -71.0516, -35.81236 ], [ -71.05207, -35.81266 ], [ -71.05253, -35.81323 ], [ -71.05411, -35.81433 ], [ -71.05492, -35.81449 ], [ -71.05663, -35.81403 ], [ -71.05679, -35.81416 ], [ -71.05713, -35.8141 ], [ -71.05749, -35.81373 ], [ -71.05989, -35.81331 ], [ -71.06071, -35.81271 ], [ -71.0625, -35.8124 ], [ -71.06383, -35.81196 ], [ -71.06786, -35.81145 ], [ -71.07011, -35.811 ], [ -71.07581, -35.80893 ], [ -71.0771, -35.80893 ], [ -71.07793, -35.80807 ], [ -71.0791, -35.80763 ] ] } },
{ "type": "Feature", "properties": { "nombre": "Quebrada Chillanejo", "tipo": "stream", "volcan_codigo": "LDM", "volcan_nombre": "Laguna del Maule", "drena_volcan": true }, "geometry": { "type": "MultiLineString", "coordinates": [ [ [ -70.9865, -35.97852 ], [ -70.98585, -35.97769 ], [ -70.98476, -35.97698 ], [ -70.9844, -35.97628 ], [ -70.98366, -35.97589 ], [ -70.98353, -35.97524 ], [ -70.98317, -35.97471 ], [ -70.98198, -35.97407 ], [ -70.98159, -35.97313 ], [ -70.97941, -35.97119 ] ], [ [ -71.0109, -35.9946 ], [ -71.01068, -35.99469 ], [ -71.01063, -35.99504 ], [ -71.00953, -35.99476 ], [ -71.00869, -35.99492 ], [ -71.00802, -35.99537 ], [ -71.00682, -35.99525 ], [ -71.00644, -35.99504 ], [ -71.00612, -35.99445 ], [ -71.00585, -35.99426 ], [ -71.00417, -35.99373 ], [ -71.00394, -35.99328 ], [ -71.0037, -35.9932 ], [ -71.00314, -35.9934 ], [ -71.00246, -35.99318 ], [ -71.0005, -35.99302 ], [ -71.00053, -35.99288 ], [ -70.9993, -35.99246 ], [ -70.9989, -35.99215 ], [ -70.99878, -35.99174 ], [ -70.99798, -35.99114 ], [ -70.99738, -35.98995 ], [ -70.99749, -35.98928 ], [ -70.99719, -35.98865 ], [ -70.99736, -35.98831 ], [ -70.99732, -35.98797 ], [ -70.99696, -35.98755 ], [ -70.99686, -35.98691 ], [ -70.99643, -35.98627 ], [ -70.99504, -35.98527 ], [ -70.99451, -35.98529 ], [ -70.99356, -35.98459 ], [ -70.99341, -35.98412 ], [ -70.99123, -35.98333 ], [ -70.99002, -35.98268 ], [ -70.98966, -35.98121 ], [ -70.98887, -35.98098 ], [ -70.98787, -35.98011 ], [ -70.98703, -35.97894 ], [ -70.9865, -35.97852 ] ] ] } },
{ "type": "Feature", "properties": { "nombre": "Quebrada El Arenal", "tipo": "stream", "volcan_codigo": "LDM", "volcan_nombre": "Laguna del Maule", "drena_volcan": false }, "geometry": { "type": "MultiLineString", "coordinates": [ [ [ -70.85707, -36.35473 ], [ -70.8562, -36.35541 ], [ -70.85562, -36.35662 ], [ -70.85556, -36.3595 ], [ -70.85526, -36.36001 ], [ -70.85543, -36.36026 ], [ -70.8555, -36.36093 ], [ -70.85526, -36.36135 ], [ -70.85518, -36.36237 ], [ -70.85406, -36.36325 ], [ -70.85213, -36.3638 ], [ -70.8518, -36.36413 ], [ -70.85162, -36.36464 ] ], [ [ -70.86423, -36.33015 ], [ -70.86409, -36.33123 ], [ -70.8638, -36.33172 ], [ -70.86339, -36.33198 ], [ -70.86367, -36.33313 ], [ -70.86311, -36.33351 ], [ -70.86279, -36.33409 ], [ -70.86297, -36.33469 ], [ -70.86352, -36.33524 ], [ -70.86456, -36.33696 ], [ -70.86465, -36.33808 ], [ -70.86487, -36.33853 ], [ -70.86456, -36.33964 ], [ -70.86473, -36.34001 ], [ -70.86451, -36.34163 ], [ -70.86464, -36.34408 ], [ -70.86433, -36.34447 ], [ -70.86444, -36.34482 ], [ -70.86405, -36.34515 ], [ -70.86357, -36.34663 ], [ -70.86291, -36.3478 ], [ -70.86219, -36.35042 ], [ -70.86026, -36.35145 ], [ -70.85964, -36.35239 ], [ -70.85818, -36.35344 ], [ -70.85807, -36.35403 ], [ -70.85707, -36.35473 ] ] ] } },
{ "type": "Feature", "properties": { "nombre": "Quebrada El Calabozo", "tipo": "stream", "volcan_codigo": "LDM", "volcan_nombre": "Laguna del Maule", "drena_volcan": false }, "geometry": { "type": "LineString", "coordinates": [ [ -70.82563, -35.8538 ], [ -70.8264, -35.85354 ], [ -70.82739, -35.8527 ], [ -70.82904, -35.8509 ], [ -70.82923, -35.84996 ], [ -70.82987, -35.84903 ], [ -70.83163, -35.84773 ], [ -70.83258, -35.84656 ], [ -70.83273, -35.84547 ], [ -70.83337, -35.84507 ], [ -70.83412, -35.8435 ], [ -70.83601, -35.84117 ], [ -70.83638, -35.84041 ], [ -70.83603, -35.83851 ], [ -70.83721, -35.83587 ], [ -70.83734, -35.83484 ], [ -70.84002, -35.8322 ], [ -70.84039, -35.83094 ], [ -70.84082, -35.83044 ], [ -70.84264, -35.82973 ], [ -70.84359, -35.82978 ], [ -70.84464, -35.8294 ], [ -70.8455, -35.8287 ], [ -70.84629, -35.8283 ], [ -70.84661, -35.82767 ], [ -70.84642, -35.82691 ], [ -70.8461, -35.82124 ], [ -70.84573, -35.81864 ], [ -70.84554, -35.81792 ], [ -70.84474, -35.8168 ], [ -70.84413, -35.81541 ], [ -70.84214, -35.81342 ], [ -70.84161, -35.81262 ], [ -70.84144, -35.81065 ], [ -70.84198, -35.8096 ] ] } },
{ "type": "Feature", "properties": { "nombre": "Quebrada El Chureo", "tipo": "river", "volcan_codigo": "LDM", "volcan_nombre": "Laguna del Maule", "drena_volcan": false }, "geometry": { "type": "MultiLineString", "coordinates": [ [ [ -70.8375, -36.37947 ], [ -70.83848, -36.3791 ], [ -70.83879, -36.37812 ], [ -70.83956, -36.37774 ], [ -70.84038, -36.37776 ], [ -70.84062, -36.37718 ], [ -70.84055, -36.37659 ], [ -70.84116, -36.37638 ], [ -70.84139, -36.37573 ], [ -70.84209, -36.37523 ], [ -70.84232, -36.37474 ], [ -70.84335, -36.37454 ], [ -70.84386, -36.3741 ], [ -70.845, -36.37385 ], [ -70.84575, -36.37401 ], [ -70.84634, -36.37385 ], [ -70.8465, -36.37361 ], [ -70.84752, -36.37303 ], [ -70.84798, -36.37297 ], [ -70.84816, -36.37266 ], [ -70.84874, -36.37235 ], [ -70.84916, -36.37191 ], [ -70.85023, -36.37163 ], [ -70.85044, -36.37114 ], [ -70.85152, -36.37028 ], [ -70.85283, -36.37013 ], [ -70.8533, -36.36974 ], [ -70.85347, -36.36922 ], [ -70.8539, -36.36903 ], [ -70.85474, -36.3689 ], [ -70.85526, -36.36915 ], [ -70.85596, -36.36876 ], [ -70.85768, -36.36921 ] ], [ [ -70.86052, -36.40591 ], [ -70.86001, -36.40606 ], [ -70.8597, -36.40595 ], [ -70.85815, -36.40605 ], [ -70.85737, -36.40647 ], [ -70.85657, -36.40641 ], [ -70.85567, -36.40687 ], [ -70.85417, -36.40685 ], [ -70.85242, -36.40723 ], [ -70.85181, -36.40712 ], [ -70.85046, -36.40737 ], [ -70.8485, -36.40739 ], [ -70.84812, -36.40686 ], [ -70.84698, -36.40626 ], [ -70.84671, -36.40583 ], [ -70.84604, -36.40548 ], [ -70.84591, -36.40516 ], [ -70.84539, -36.40502 ], [ -70.84542, -36.40483 ], [ -70.84518, -36.40455 ], [ -70.84437, -36.40445 ], [ -70.84432, -36.40403 ], [ -70.84365, -36.40375 ], [ -70.84334, -36.40328 ], [ -70.84272, -36.40313 ], [ -70.8425, -36.40264 ], [ -70.84195, -36.40205 ], [ -70.84117, -36.40152 ], [ -70.84099, -36.40067 ], [ -70.84127, -36.40004 ], [ -70.84153, -36.39997 ], [ -70.84176, -36.39966 ], [ -70.84163, -36.39948 ], [ -70.84175, -36.39845 ], [ -70.84193, -36.39821 ], [ -70.84179, -36.39786 ], [ -70.84197, -36.39771 ], [ -70.84205, -36.39728 ], [ -70.84189, -36.39686 ], [ -70.84216, -36.39619 ], [ -70.8417, -36.39581 ], [ -70.84172, -36.39513 ], [ -70.84154, -36.39453 ], [ -70.84166, -36.39413 ], [ -70.84135, -36.39384 ], [ -70.84141, -36.39326 ], [ -70.84105, -36.3918 ], [ -70.84061, -36.39116 ], [ -70.84068, -36.39085 ], [ -70.84033, -36.39052 ], [ -70.84011, -36.38999 ], [ -70.84026, -36.38927 ], [ -70.83984, -36.3888 ], [ -70.83967, -36.38827 ], [ -70.83996, -36.38786 ], [ -70.83995, -36.38759 ], [ -70.83933, -36.38691 ], [ -70.83946, -36.38641 ], [ -70.83938, -36.3857 ], [ -70.83907, -36.38507 ], [ -70.83869, -36.3848 ], [ -70.83878, -36.38452 ], [ -70.83853, -36.38433 ], [ -70.83835, -36.38366 ], [ -70.83746, -36.38269 ], [ -70.83696, -36.38243 ], [ -70.83681, -36.38218 ], [ -70.83689, -36.38188 ], [ -70.83638, -36.38156 ], [ -70.8361, -36.38109 ], [ -70.83616, -36.38052 ], [ -70.83645, -36.38007 ], [ -70.83728, -36.37985 ], [ -70.8375, -36.37947 ] ] ] } },
{ "type": "Feature", "properties": { "nombre": "Quebrada El Descabezado", "tipo": "stream", "volcan_codigo": "LDM", "volcan_nombre": "Laguna del Maule", "drena_volcan": false }, "geometry": { "type": "LineString", "coordinates": [ [ -70.75789, -35.58693 ], [ -70.75836, -35.58707 ], [ -70.75901, -35.58767 ], [ -70.7602, -35.58771 ], [ -70.76287, -35.58825 ], [ -70.76525, -35.58899 ], [ -70.76609, -35.58943 ], [ -70.76723, -35.59053 ], [ -70.76928, -35.59147 ], [ -70.77416, -35.59252 ], [ -70.77478, -35.59242 ], [ -70.77602, -35.59291 ], [ -70.77904, -35.59218 ], [ -70.78038, -35.5924 ], [ -70.78243, -35.59314 ], [ -70.78439, -35.59303 ], [ -70.78626, -35.59269 ], [ -70.78885, -35.5928 ], [ -70.78989, -35.59305 ], [ -70.79147, -35.59296 ], [ -70.79211, -35.59269 ], [ -70.79274, -35.59263 ], [ -70.79358, -35.59292 ], [ -70.79602, -35.59224 ], [ -70.79696, -35.59213 ], [ -70.79857, -35.59246 ], [ -70.79934, -35.59243 ], [ -70.79957, -35.59253 ], [ -70.79991, -35.59312 ], [ -70.80088, -35.59369 ], [ -70.80212, -35.59396 ], [ -70.80332, -35.59446 ], [ -70.80531, -35.59469 ], [ -70.8102, -35.59447 ], [ -70.81199, -35.59458 ], [ -70.81332, -35.59505 ], [ -70.8162, -35.59572 ], [ -70.81748, -35.59637 ], [ -70.81779, -35.59693 ], [ -70.81857, -35.59702 ] ] } },
{ "type": "Feature", "properties": { "nombre": "Quebrada El Mosco", "tipo": "stream", "volcan_codigo": "LDM", "volcan_nombre": "Laguna del Maule", "drena_volcan": false }, "geometry": { "type": "MultiLineString", "coordinates": [ [ [ -71.03653, -36.03015 ], [ -71.03559, -36.03003 ], [ -71.03487, -36.02953 ], [ -71.03428, -36.02934 ], [ -71.03371, -36.02841 ], [ -71.03372, -36.02756 ], [ -71.03357, -36.02738 ], [ -71.03343, -36.02638 ], [ -71.03378, -36.02495 ], [ -71.03408, -36.02444 ], [ -71.03412, -36.02365 ], [ -71.03359, -36.02218 ], [ -71.03302, -36.02173 ], [ -71.03297, -36.02145 ], [ -71.03218, -36.02069 ], [ -71.03132, -36.0201 ], [ -71.03139, -36.01969 ], [ -71.03109, -36.01939 ], [ -71.03107, -36.01878 ], [ -71.03124, -36.01853 ], [ -71.03121, -36.01813 ], [ -71.03161, -36.01786 ], [ -71.03204, -36.01674 ], [ -71.03177, -36.01642 ], [ -71.03179, -36.01553 ], [ -71.03106, -36.01494 ] ], [ [ -71.03106, -36.01494 ], [ -71.03077, -36.01492 ], [ -71.03043, -36.01531 ], [ -71.02908, -36.01517 ], [ -71.02728, -36.01544 ], [ -71.0258, -36.01535 ], [ -71.02385, -36.01588 ], [ -71.02209, -36.01597 ], [ -71.02123, -36.01634 ], [ -71.02058, -36.01635 ], [ -71.01957, -36.01609 ], [ -71.01934, -36.01649 ], [ -71.01824, -36.01655 ], [ -71.01551, -36.01793 ], [ -71.01306, -36.01988 ], [ -71.01211, -36.0212 ], [ -71.01112, -36.02143 ], [ -71.01032, -36.02221 ], [ -71.01029, -36.02251 ], [ -71.00962, -36.02319 ], [ -71.00891, -36.02328 ], [ -71.00818, -36.02372 ], [ -71.00811, -36.02431 ], [ -71.0078, -36.0245 ], [ -71.00751, -36.02513 ], [ -71.00563, -36.02607 ], [ -71.00558, -36.02685 ], [ -71.00253, -36.02824 ], [ -71.00155, -36.02822 ], [ -71.00029, -36.02894 ], [ -70.99834, -36.02901 ], [ -70.99738, -36.02887 ], [ -70.99482, -36.02758 ], [ -70.9943, -36.02692 ], [ -70.99362, -36.02685 ], [ -70.99267, -36.02618 ], [ -70.99194, -36.02604 ], [ -70.99103, -36.02561 ], [ -70.98829, -36.02583 ], [ -70.98798, -36.02609 ], [ -70.98708, -36.02618 ], [ -70.98367, -36.0256 ], [ -70.98261, -36.02528 ], [ -70.98197, -36.02535 ] ] ] } },
{ "type": "Feature", "properties": { "nombre": "Quebrada El Nuco", "tipo": "stream", "volcan_codigo": "LDM", "volcan_nombre": "Laguna del Maule", "drena_volcan": false }, "geometry": { "type": "MultiLineString", "coordinates": [ [ [ -71.02038, -35.97994 ], [ -71.02034, -35.97953 ], [ -71.02079, -35.97905 ], [ -71.02111, -35.97824 ], [ -71.02191, -35.9775 ], [ -71.02209, -35.97653 ], [ -71.02188, -35.97487 ], [ -71.02059, -35.97375 ], [ -71.02082, -35.97245 ], [ -71.02055, -35.97187 ], [ -71.01991, -35.97119 ], [ -71.01993, -35.97055 ], [ -71.01937, -35.96956 ], [ -71.02027, -35.96852 ], [ -71.02029, -35.9679 ], [ -71.02086, -35.9669 ], [ -71.02139, -35.96632 ], [ -71.02133, -35.96582 ], [ -71.0217, -35.96537 ], [ -71.02167, -35.96496 ], [ -71.02091, -35.96467 ], [ -71.0206, -35.96414 ], [ -71.0211, -35.96302 ], [ -71.02105, -35.96204 ], [ -71.02124, -35.96168 ], [ -71.02109, -35.96112 ], [ -71.02162, -35.96074 ], [ -71.02178, -35.96024 ], [ -71.02274, -35.9597 ], [ -71.02412, -35.95949 ], [ -71.02569, -35.95962 ] ], [ [ -71.01756, -35.98896 ], [ -71.01689, -35.98799 ], [ -71.01692, -35.98678 ], [ -71.01662, -35.98626 ], [ -71.0166, -35.9857 ], [ -71.01631, -35.98539 ], [ -71.01632, -35.98463 ], [ -71.01706, -35.98374 ], [ -71.01778, -35.98322 ], [ -71.018, -35.98262 ], [ -71.01947, -35.98157 ], [ -71.02022, -35.98045 ], [ -71.02038, -35.97994 ] ] ] } },
{ "type": "Feature", "properties": { "nombre": "Quebrada El Toro", "tipo": "stream", "volcan_codigo": "LDM", "volcan_nombre": "Laguna del Maule", "drena_volcan": false }, "geometry": { "type": "MultiLineString", "coordinates": [ [ [ -70.83893, -36.23423 ], [ -70.83877, -36.23517 ], [ -70.83891, -36.23546 ], [ -70.83846, -36.23595 ], [ -70.83832, -36.23694 ], [ -70.83759, -36.23732 ], [ -70.83767, -36.23775 ], [ -70.83744, -36.23815 ], [ -70.83736, -36.23923 ], [ -70.837, -36.23985 ], [ -70.83701, -36.24039 ], [ -70.83565, -36.24237 ], [ -70.83527, -36.24278 ], [ -70.83497, -36.24284 ], [ -70.83456, -36.24335 ], [ -70.83386, -36.24486 ], [ -70.83346, -36.24626 ], [ -70.83317, -36.24641 ], [ -70.83327, -36.24678 ], [ -70.83367, -36.24695 ], [ -70.83348, -36.24733 ], [ -70.8337, -36.24774 ], [ -70.83306, -36.24845 ], [ -70.8333, -36.24869 ], [ -70.83334, -36.24899 ], [ -70.83318, -36.25009 ], [ -70.83266, -36.2502 ], [ -70.8327, -36.25038 ], [ -70.83234, -36.25053 ], [ -70.83261, -36.25115 ], [ -70.83227, -36.25161 ], [ -70.83263, -36.25204 ], [ -70.83208, -36.25249 ], [ -70.83197, -36.25278 ], [ -70.83243, -36.25294 ] ], [ [ -70.83935, -36.23314 ], [ -70.83893, -36.23423 ] ], [ [ -70.84223, -36.23007 ], [ -70.84173, -36.23102 ], [ -70.84021, -36.23181 ], [ -70.84014, -36.23237 ], [ -70.83935, -36.23314 ] ] ] } },
{ "type": "Feature", "properties": { "nombre": "Quebrada La Labranza", "tipo": "stream", "volcan_codigo": "LDM", "volcan_nombre": "Laguna del Maule", "drena_volcan": false }, "geometry": { "type": "LineString", "coordinates": [ [ -70.99066, -35.70071 ], [ -70.99141, -35.70157 ], [ -70.99252, -35.70343 ], [ -70.99307, -35.70376 ], [ -70.99322, -35.70411 ], [ -70.99322, -35.70498 ], [ -70.9939, -35.70595 ], [ -70.99583, -35.70749 ], [ -70.99699, -35.7079 ], [ -70.99719, -35.70817 ], [ -70.99714, -35.70873 ], [ -70.99737, -35.70903 ], [ -70.99929, -35.70929 ], [ -70.99942, -35.70956 ], [ -70.99906, -35.71051 ], [ -70.9991, -35.7109 ], [ -71.00197, -35.71191 ], [ -71.00215, -35.71259 ], [ -71.00285, -35.71327 ], [ -71.00322, -35.71395 ], [ -71.00457, -35.71436 ], [ -71.00637, -35.71654 ], [ -71.00792, -35.71701 ], [ -71.00815, -35.71722 ], [ -71.00841, -35.71792 ], [ -71.00884, -35.71828 ], [ -71.0103, -35.71863 ], [ -71.01343, -35.71983 ], [ -71.0135, -35.72058 ], [ -71.01313, -35.72121 ], [ -71.01395, -35.72254 ], [ -71.01443, -35.7239 ], [ -71.01469, -35.72417 ], [ -71.01683, -35.72513 ], [ -71.01837, -35.72525 ], [ -71.01907, -35.72558 ], [ -71.01992, -35.72563 ], [ -71.02063, -35.7264 ] ] } },
{ "type": "Feature", "properties": { "nombre": "Quebrada La MIna", "tipo": "stream", "volcan_codigo": "LDM", "volcan_nombre": "Laguna del Maule", "drena_volcan": true }, "geometry": { "type": "LineString", "coordinates": [ [ -70.79413, -35.82807 ], [ -70.79418, -35.82757 ], [ -70.79393, -35.82681 ], [ -70.79468, -35.82604 ], [ -70.79496, -35.82502 ], [ -70.79594, -35.82412 ], [ -70.79637, -35.824 ], [ -70.79661, -35.82323 ] ] } },
{ "type": "Feature", "properties": { "nombre": "Quebrada La Pastora", "tipo": "stream", "volcan_codigo": "LDM", "volcan_nombre": "Laguna del Maule", "drena_volcan": true }, "geometry": { "type": "MultiLineString", "coordinates": [ [ [ -71.04171, -35.75967 ], [ -71.04155, -35.75944 ], [ -71.04118, -35.75953 ], [ -71.04063, -35.75886 ], [ -71.03992, -35.75878 ], [ -71.03991, -35.75846 ], [ -71.03959, -35.75824 ], [ -71.03883, -35.75809 ], [ -71.03772, -35.75832 ], [ -71.03692, -35.75877 ], [ -71.03679, -35.75911 ], [ -71.03522, -35.76035 ], [ -71.03435, -35.76057 ], [ -71.03323, -35.7613 ], [ -71.03252, -35.76143 ], [ -71.0318, -35.76203 ], [ -71.03141, -35.7621 ], [ -71.03114, -35.76243 ], [ -71.03002, -35.76302 ], [ -71.02904, -35.7633 ], [ -71.0288, -35.76398 ], [ -71.02611, -35.76539 ], [ -71.0247, -35.76558 ], [ -71.0232, -35.76555 ], [ -71.02289, -35.76563 ], [ -71.02284, -35.76579 ], [ -71.0216, -35.76592 ], [ -71.01928, -35.76558 ], [ -71.01751, -35.76464 ], [ -71.01331, -35.76462 ], [ -71.00979, -35.76411 ], [ -71.00938, -35.76432 ], [ -71.00904, -35.7648 ], [ -71.00818, -35.76524 ], [ -71.00719, -35.76492 ], [ -71.0066, -35.76497 ], [ -71.00611, -35.76525 ], [ -71.00569, -35.76509 ] ], [ [ -71.00569, -35.76509 ], [ -71.0054, -35.76514 ] ], [ [ -71.0054, -35.76514 ], [ -71.00405, -35.765 ] ] ] } },
{ "type": "Feature", "properties": { "nombre": "Quebrada La Pinache", "tipo": "stream", "volcan_codigo": "LDM", "volcan_nombre": "Laguna del Maule", "drena_volcan": false }, "geometry": { "type": "LineString", "coordinates": [ [ -71.0284, -35.81311 ], [ -71.02784, -35.81336 ], [ -71.0268, -35.81347 ], [ -71.02464, -35.81423 ], [ -71.02245, -35.8153 ], [ -71.01987, -35.81581 ], [ -71.01788, -35.81599 ], [ -71.01715, -35.8164 ], [ -71.01514, -35.81702 ], [ -71.01459, -35.81747 ], [ -71.01282, -35.81773 ], [ -71.01202, -35.81757 ], [ -71.01145, -35.81708 ], [ -71.01076, -35.81691 ], [ -71.00897, -35.81606 ], [ -71.00863, -35.81549 ], [ -71.00643, -35.81515 ], [ -71.0054, -35.81467 ], [ -71.00505, -35.81434 ], [ -71.00472, -35.81373 ], [ -71.00531, -35.8123 ], [ -71.00502, -35.81169 ], [ -71.00501, -35.81058 ], [ -71.00436, -35.80984 ], [ -71.00402, -35.80984 ], [ -71.00347, -35.80924 ], [ -71.00338, -35.80882 ], [ -71.00208, -35.80801 ], [ -71.00193, -35.80711 ], [ -71.00159, -35.80668 ], [ -71.00158, -35.80602 ], [ -71.00109, -35.80529 ], [ -71.00083, -35.80395 ], [ -71.00059, -35.80364 ], [ -70.99911, -35.80314 ], [ -70.9993, -35.80283 ], [ -70.99922, -35.80256 ], [ -70.99849, -35.80159 ], [ -70.99804, -35.80135 ], [ -70.99786, -35.80147 ], [ -70.99729, -35.80108 ], [ -70.99728, -35.80083 ], [ -70.99674, -35.80056 ], [ -70.9966, -35.79971 ], [ -70.99631, -35.79932 ], [ -70.9952, -35.7989 ], [ -70.99242, -35.79921 ], [ -70.99108, -35.79846 ] ] } },
{ "type": "Feature", "properties": { "nombre": "Quebrada La Placeta de Piedra", "tipo": "stream", "volcan_codigo": "LDM", "volcan_nombre": "Laguna del Maule", "drena_volcan": false }, "geometry": { "type": "LineString", "coordinates": [ [ -71.02991, -35.804 ], [ -71.02977, -35.80147 ], [ -71.0294, -35.8009 ], [ -71.02874, -35.80065 ], [ -71.02767, -35.80069 ], [ -71.0263, -35.80046 ], [ -71.02502, -35.8001 ], [ -71.02457, -35.79977 ], [ -71.02306, -35.79926 ], [ -71.0205, -35.79887 ], [ -71.02026, -35.79876 ], [ -71.01948, -35.79757 ], [ -71.01882, -35.79736 ], [ -71.01816, -35.7969 ], [ -71.01711, -35.79671 ], [ -71.01591, -35.79529 ], [ -71.01566, -35.79523 ], [ -71.01534, -35.79486 ], [ -71.01485, -35.7948 ], [ -71.01475, -35.79459 ], [ -71.01323, -35.79459 ], [ -71.01065, -35.79391 ], [ -71.01021, -35.79339 ], [ -71.00893, -35.79317 ], [ -71.0085, -35.79269 ], [ -71.00636, -35.79259 ], [ -71.00569, -35.79272 ], [ -71.0047, -35.7926 ], [ -71.00437, -35.79238 ], [ -71.00301, -35.7925 ], [ -71.00256, -35.79225 ], [ -71.0005, -35.79232 ], [ -70.99955, -35.79178 ], [ -70.99905, -35.79175 ], [ -70.99643, -35.79063 ], [ -70.99591, -35.78997 ], [ -70.9958, -35.78952 ], [ -70.99617, -35.78872 ], [ -70.99683, -35.78825 ], [ -70.99705, -35.78775 ], [ -70.99701, -35.78604 ], [ -70.99659, -35.78507 ], [ -70.99661, -35.78273 ] ] } },
{ "type": "Feature", "properties": { "nombre": "Quebrada La Turbia", "tipo": "stream", "volcan_codigo": "LDM", "volcan_nombre": "Laguna del Maule", "drena_volcan": false }, "geometry": { "type": "LineString", "coordinates": [ [ -70.87066, -35.65593 ], [ -70.87102, -35.65625 ], [ -70.87112, -35.65681 ], [ -70.87113, -35.65754 ], [ -70.87073, -35.65773 ], [ -70.87097, -35.65834 ], [ -70.8705, -35.65871 ], [ -70.87064, -35.659 ], [ -70.87025, -35.65938 ], [ -70.86972, -35.66052 ], [ -70.8692, -35.66097 ], [ -70.86857, -35.66114 ], [ -70.86847, -35.66182 ], [ -70.86683, -35.66261 ], [ -70.86666, -35.66292 ], [ -70.86573, -35.66293 ], [ -70.8652, -35.66314 ], [ -70.86514, -35.66332 ], [ -70.86384, -35.66347 ], [ -70.86299, -35.66382 ], [ -70.86252, -35.66369 ], [ -70.86201, -35.66385 ], [ -70.86153, -35.66377 ], [ -70.86141, -35.66391 ], [ -70.8615, -35.66424 ], [ -70.86021, -35.66461 ], [ -70.85977, -35.6656 ], [ -70.85807, -35.66763 ], [ -70.85718, -35.66824 ], [ -70.85581, -35.66886 ], [ -70.8544, -35.67068 ] ] } },
{ "type": "Feature", "properties": { "nombre": "Quebrada Las Lagunas", "tipo": "stream", "volcan_codigo": "LDM", "volcan_nombre": "Laguna del Maule", "drena_volcan": false }, "geometry": { "type": "MultiLineString", "coordinates": [ [ [ -71.02508, -35.99961 ], [ -71.0238, -36.00138 ], [ -71.0217, -36.0023 ] ], [ [ -71.0217, -36.0023 ], [ -71.02127, -36.00286 ], [ -71.02054, -36.00332 ], [ -71.02031, -36.00374 ], [ -71.01965, -36.00416 ], [ -71.01953, -36.00453 ], [ -71.01917, -36.00484 ], [ -71.01869, -36.00602 ], [ -71.01845, -36.00618 ], [ -71.01643, -36.00685 ], [ -71.01583, -36.00681 ], [ -71.01526, -36.00651 ], [ -71.01421, -36.0065 ], [ -71.01384, -36.00686 ], [ -71.01289, -36.00711 ], [ -71.0119, -36.0081 ], [ -71.01063, -36.00871 ], [ -71.00821, -36.00899 ], [ -71.00717, -36.00939 ], [ -71.00544, -36.00931 ], [ -71.0045, -36.00994 ], [ -71.00405, -36.01064 ], [ -71.00365, -36.01094 ], [ -71.00352, -36.01139 ], [ -71.00306, -36.01143 ], [ -71.00279, -36.01167 ], [ -71.00215, -36.01167 ], [ -71.00172, -36.01189 ], [ -71.00035, -36.01153 ], [ -70.9999, -36.01184 ], [ -70.99931, -36.01191 ], [ -70.99875, -36.01248 ], [ -70.99867, -36.01306 ], [ -70.99816, -36.01347 ], [ -70.99751, -36.01352 ], [ -70.9974, -36.01321 ], [ -70.99721, -36.01313 ], [ -70.99622, -36.01309 ], [ -70.99503, -36.01327 ], [ -70.99386, -36.01391 ], [ -70.99326, -36.01478 ], [ -70.99258, -36.01521 ], [ -70.99139, -36.01524 ], [ -70.99074, -36.01504 ], [ -70.99018, -36.0153 ], [ -70.98897, -36.01539 ], [ -70.98875, -36.01553 ], [ -70.98884, -36.01618 ], [ -70.98862, -36.01653 ], [ -70.98823, -36.01674 ], [ -70.9872, -36.01805 ], [ -70.98682, -36.0182 ], [ -70.98613, -36.01908 ], [ -70.98607, -36.01957 ], [ -70.9855, -36.02063 ], [ -70.98474, -36.0211 ], [ -70.98447, -36.02157 ], [ -70.98285, -36.02199 ], [ -70.98036, -36.02214 ], [ -70.97968, -36.02235 ], [ -70.97917, -36.02312 ], [ -70.97834, -36.02381 ] ] ] } },
{ "type": "Feature", "properties": { "nombre": "Quebrada Las Rucias", "tipo": "stream", "volcan_codigo": "LDM", "volcan_nombre": "Laguna del Maule", "drena_volcan": false }, "geometry": { "type": "MultiLineString", "coordinates": [ [ [ -70.82533, -36.30836 ], [ -70.82526, -36.30882 ], [ -70.82576, -36.30968 ], [ -70.82596, -36.31061 ], [ -70.82568, -36.31107 ], [ -70.82492, -36.3114 ], [ -70.82472, -36.31191 ], [ -70.82407, -36.31219 ], [ -70.82409, -36.31367 ], [ -70.82326, -36.31548 ], [ -70.82362, -36.31732 ], [ -70.82348, -36.3175 ], [ -70.82252, -36.31783 ], [ -70.82281, -36.3183 ], [ -70.82248, -36.31913 ], [ -70.82291, -36.31964 ], [ -70.82292, -36.31989 ], [ -70.82178, -36.32011 ], [ -70.82043, -36.31964 ], [ -70.81981, -36.31988 ], [ -70.81917, -36.31984 ], [ -70.81915, -36.32022 ], [ -70.81871, -36.32038 ], [ -70.8176, -36.32053 ], [ -70.81724, -36.32044 ], [ -70.81671, -36.32067 ], [ -70.81652, -36.32125 ], [ -70.81654, -36.32206 ], [ -70.81577, -36.32288 ], [ -70.81592, -36.32349 ], [ -70.81584, -36.32379 ], [ -70.81523, -36.32425 ], [ -70.81505, -36.32456 ], [ -70.81521, -36.32475 ], [ -70.81511, -36.32506 ], [ -70.81471, -36.32558 ], [ -70.81383, -36.3262 ], [ -70.8133, -36.32722 ], [ -70.81288, -36.3273 ], [ -70.81306, -36.32774 ], [ -70.81303, -36.32816 ], [ -70.81251, -36.32867 ], [ -70.81206, -36.32972 ], [ -70.81256, -36.33044 ], [ -70.81307, -36.33184 ], [ -70.81429, -36.33306 ], [ -70.8147, -36.33408 ], [ -70.81549, -36.33432 ], [ -70.81603, -36.33498 ], [ -70.81637, -36.33599 ], [ -70.81599, -36.33686 ], [ -70.81663, -36.33739 ], [ -70.81697, -36.33841 ], [ -70.81632, -36.33874 ], [ -70.81617, -36.339 ], [ -70.81626, -36.33928 ], [ -70.81663, -36.33944 ], [ -70.81692, -36.33988 ], [ -70.81674, -36.34045 ], [ -70.81679, -36.341 ] ], [ [ -70.85307, -36.28717 ], [ -70.85242, -36.28779 ], [ -70.85173, -36.2879 ], [ -70.85124, -36.2878 ], [ -70.85032, -36.288 ], [ -70.8501, -36.28829 ], [ -70.84999, -36.28903 ], [ -70.84919, -36.2895 ], [ -70.84928, -36.28989 ], [ -70.84881, -36.29166 ], [ -70.84908, -36.29258 ], [ -70.84786, -36.29362 ], [ -70.84734, -36.29356 ], [ -70.84717, -36.29411 ], [ -70.84732, -36.29448 ], [ -70.84674, -36.29501 ], [ -70.84615, -36.29517 ], [ -70.84548, -36.29659 ], [ -70.84516, -36.29677 ], [ -70.8451, -36.29713 ], [ -70.84464, -36.29713 ], [ -70.84434, -36.29732 ], [ -70.8435, -36.29725 ], [ -70.8428, -36.29763 ], [ -70.84275, -36.29786 ], [ -70.84246, -36.29783 ], [ -70.842, -36.29821 ], [ -70.8413, -36.29817 ], [ -70.84125, -36.2985 ], [ -70.84068, -36.29879 ], [ -70.84089, -36.29971 ], [ -70.83998, -36.30055 ], [ -70.83916, -36.30047 ], [ -70.83833, -36.30103 ], [ -70.83731, -36.30133 ], [ -70.8367, -36.3013 ], [ -70.8358, -36.30155 ], [ -70.83472, -36.30142 ], [ -70.8341, -36.30164 ], [ -70.83341, -36.30153 ], [ -70.83321, -36.30195 ], [ -70.83223, -36.30206 ], [ -70.83169, -36.30267 ], [ -70.8306, -36.30306 ], [ -70.83052, -36.30336 ], [ -70.82967, -36.30354 ], [ -70.82971, -36.30419 ], [ -70.82927, -36.30435 ], [ -70.82917, -36.30469 ], [ -70.82863, -36.30517 ], [ -70.82849, -36.30558 ], [ -70.82792, -36.30588 ], [ -70.82767, -36.30686 ], [ -70.82731, -36.30727 ], [ -70.82659, -36.30782 ], [ -70.82638, -36.30817 ], [ -70.8258, -36.30817 ], [ -70.82533, -36.30836 ] ] ] } },
{ "type": "Feature", "properties": { "nombre": "Quebrada Las Zorras", "tipo": "stream", "volcan_codigo": "LDM", "volcan_nombre": "Laguna del Maule", "drena_volcan": false }, "geometry": { "type": "MultiLineString", "coordinates": [ [ [ -71.04918, -35.99844 ], [ -71.04924, -35.99787 ], [ -71.04879, -35.99645 ], [ -71.04905, -35.99618 ], [ -71.04912, -35.99551 ], [ -71.04964, -35.99424 ], [ -71.04972, -35.9935 ] ], [ [ -71.04972, -35.9935 ], [ -71.04994, -35.99334 ], [ -71.05005, -35.99243 ], [ -71.0499, -35.99148 ], [ -71.05052, -35.99095 ], [ -71.05043, -35.9907 ], [ -71.04991, -35.99033 ], [ -71.04994, -35.98956 ], [ -71.04933, -35.98852 ], [ -71.04957, -35.98764 ], [ -71.04937, -35.98677 ], [ -71.04975, -35.9862 ], [ -71.04967, -35.98549 ], [ -71.04984, -35.9849 ], [ -71.04952, -35.98261 ], [ -71.0492, -35.98181 ], [ -71.04981, -35.98047 ], [ -71.04988, -35.97996 ], [ -71.04927, -35.9795 ], [ -71.04953, -35.97836 ], [ -71.0493, -35.97715 ], [ -71.04893, -35.97656 ], [ -71.0482, -35.97597 ], [ -71.04818, -35.97519 ], [ -71.04793, -35.97459 ], [ -71.04799, -35.97287 ], [ -71.04771, -35.97204 ], [ -71.0473, -35.97141 ], [ -71.04754, -35.96986 ], [ -71.04732, -35.96936 ], [ -71.04682, -35.96888 ], [ -71.04699, -35.96831 ], [ -71.0467, -35.96773 ], [ -71.04691, -35.96675 ] ] ] } },
{ "type": "Feature", "properties": { "nombre": "Quebrada Loma Ancha", "tipo": "stream", "volcan_codigo": "LDM", "volcan_nombre": "Laguna del Maule", "drena_volcan": true }, "geometry": { "type": "LineString", "coordinates": [ [ -71.04707, -35.82882 ], [ -71.04777, -35.82891 ], [ -71.05013, -35.8284 ], [ -71.0519, -35.82734 ], [ -71.05364, -35.8267 ], [ -71.05397, -35.8268 ], [ -71.05512, -35.82643 ], [ -71.05545, -35.82565 ], [ -71.05584, -35.82543 ], [ -71.05621, -35.82539 ], [ -71.05638, -35.8256 ], [ -71.05694, -35.82564 ], [ -71.058, -35.82521 ], [ -71.05825, -35.82474 ], [ -71.0586, -35.82463 ], [ -71.06042, -35.8253 ], [ -71.06096, -35.82523 ], [ -71.06238, -35.82451 ], [ -71.06338, -35.82422 ], [ -71.06402, -35.82389 ], [ -71.06503, -35.82303 ], [ -71.06604, -35.82254 ], [ -71.06688, -35.82174 ], [ -71.06903, -35.82035 ], [ -71.06979, -35.81968 ], [ -71.07072, -35.81838 ], [ -71.07065, -35.8176 ], [ -71.07124, -35.81685 ], [ -71.07243, -35.81612 ], [ -71.0736, -35.8148 ], [ -71.07405, -35.81451 ], [ -71.07498, -35.81425 ], [ -71.07786, -35.81427 ], [ -71.07942, -35.81398 ] ] } },
{ "type": "Feature", "properties": { "nombre": "Quebrada Palos Blancos", "tipo": "stream", "volcan_codigo": "LDM", "volcan_nombre": "Laguna del Maule", "drena_volcan": false }, "geometry": { "type": "LineString", "coordinates": [ [ -71.03911, -35.79517 ], [ -71.03988, -35.79625 ], [ -71.03941, -35.79685 ], [ -71.04074, -35.79735 ], [ -71.04187, -35.79822 ], [ -71.04469, -35.79979 ], [ -71.04593, -35.80019 ], [ -71.05108, -35.8002 ], [ -71.05194, -35.80001 ], [ -71.05331, -35.80001 ], [ -71.0538, -35.80034 ], [ -71.05483, -35.80045 ], [ -71.05833, -35.80137 ], [ -71.05938, -35.80146 ], [ -71.06026, -35.80132 ], [ -71.06129, -35.80088 ], [ -71.06235, -35.80081 ], [ -71.0631, -35.80083 ], [ -71.06496, -35.80127 ], [ -71.06623, -35.80134 ], [ -71.06737, -35.80116 ], [ -71.06979, -35.80144 ], [ -71.07121, -35.80092 ], [ -71.0741, -35.80046 ] ] } },
{ "type": "Feature", "properties": { "nombre": "Quebrada Suarez", "tipo": "stream", "volcan_codigo": "LDM", "volcan_nombre": "Laguna del Maule", "drena_volcan": true }, "geometry": { "type": "LineString", "coordinates": [ [ -71.03276, -35.81633 ], [ -71.03252, -35.8165 ], [ -71.03242, -35.81733 ], [ -71.03181, -35.81778 ], [ -71.03141, -35.81774 ], [ -71.0311, -35.81796 ], [ -71.03095, -35.81852 ], [ -71.03061, -35.81875 ], [ -71.03074, -35.81892 ], [ -71.03031, -35.81934 ], [ -71.03001, -35.81993 ], [ -71.02915, -35.8204 ], [ -71.02904, -35.8206 ], [ -71.02805, -35.82084 ], [ -71.02779, -35.82168 ], [ -71.02811, -35.82258 ], [ -71.02777, -35.82345 ], [ -71.0279, -35.82401 ], [ -71.02773, -35.82492 ], [ -71.02691, -35.82583 ], [ -71.02695, -35.8262 ], [ -71.02674, -35.82663 ], [ -71.02594, -35.82682 ], [ -71.02594, -35.82725 ], [ -71.02469, -35.82811 ], [ -71.0242, -35.82864 ], [ -71.02383, -35.82864 ], [ -71.02374, -35.82882 ], [ -71.0239, -35.8292 ], [ -71.02331, -35.82938 ], [ -71.02305, -35.82998 ], [ -71.02301, -35.83181 ], [ -71.02249, -35.8327 ], [ -71.02192, -35.83311 ], [ -71.02153, -35.83408 ], [ -71.02127, -35.83423 ], [ -71.02118, -35.83523 ], [ -71.02064, -35.83565 ], [ -71.01993, -35.83715 ], [ -71.02039, -35.83817 ], [ -71.02058, -35.83967 ], [ -71.02144, -35.83999 ], [ -71.02316, -35.84223 ], [ -71.02306, -35.84253 ], [ -71.02359, -35.84419 ], [ -71.02333, -35.8446 ], [ -71.02338, -35.8468 ], [ -71.02262, -35.84889 ], [ -71.02224, -35.8492 ], [ -71.02202, -35.85036 ], [ -71.02157, -35.85105 ], [ -71.02204, -35.85181 ], [ -71.02183, -35.85237 ], [ -71.02235, -35.85269 ], [ -71.02295, -35.85352 ], [ -71.02305, -35.85431 ], [ -71.02295, -35.85487 ], [ -71.02232, -35.8554 ], [ -71.02247, -35.85637 ], [ -71.02362, -35.85699 ], [ -71.02484, -35.85841 ], [ -71.02551, -35.8595 ], [ -71.02734, -35.86052 ], [ -71.0294, -35.86218 ], [ -71.03392, -35.86516 ], [ -71.03465, -35.86588 ], [ -71.03702, -35.86568 ] ] } },
{ "type": "Feature", "properties": { "nombre": "Quebrada Vacas Muertas", "tipo": "stream", "volcan_codigo": "LDM", "volcan_nombre": "Laguna del Maule", "drena_volcan": false }, "geometry": { "type": "LineString", "coordinates": [ [ -71.06586, -35.93799 ], [ -71.06299, -35.93868 ], [ -71.06248, -35.93908 ], [ -71.06167, -35.93933 ], [ -71.06053, -35.9394 ], [ -71.05977, -35.93995 ], [ -71.05837, -35.94025 ], [ -71.05539, -35.94176 ], [ -71.05479, -35.94331 ], [ -71.05393, -35.9444 ], [ -71.05372, -35.94504 ], [ -71.05371, -35.94583 ], [ -71.05318, -35.94637 ], [ -71.05286, -35.94699 ], [ -71.05304, -35.94732 ], [ -71.0529, -35.94845 ], [ -71.05327, -35.94948 ], [ -71.05349, -35.94971 ], [ -71.05335, -35.95036 ], [ -71.05369, -35.95091 ], [ -71.05345, -35.95125 ], [ -71.05349, -35.95202 ], [ -71.05371, -35.95233 ], [ -71.05341, -35.95312 ], [ -71.05345, -35.95348 ], [ -71.05282, -35.95407 ], [ -71.05138, -35.95492 ], [ -71.05091, -35.95559 ], [ -71.05025, -35.95593 ], [ -71.04945, -35.95686 ], [ -71.04876, -35.95725 ], [ -71.04825, -35.95822 ], [ -71.04783, -35.95854 ], [ -71.0474, -35.95856 ], [ -71.04723, -35.95915 ], [ -71.04659, -35.95965 ], [ -71.04606, -35.96042 ], [ -71.04485, -35.96107 ], [ -71.04466, -35.96132 ], [ -71.0445, -35.96212 ], [ -71.04317, -35.9625 ], [ -71.04311, -35.96283 ], [ -71.04338, -35.9632 ], [ -71.04346, -35.9641 ], [ -71.04316, -35.96476 ], [ -71.04239, -35.96529 ], [ -71.04162, -35.96525 ], [ -71.03998, -35.96553 ] ] } },
{ "type": "Feature", "properties": { "nombre": "Quebrada de Toro", "tipo": "stream", "volcan_codigo": "LDM", "volcan_nombre": "Laguna del Maule", "drena_volcan": false }, "geometry": { "type": "MultiLineString", "coordinates": [ [ [ -70.68565, -36.23221 ], [ -70.68649, -36.23244 ], [ -70.68741, -36.23232 ], [ -70.68792, -36.23194 ], [ -70.68953, -36.23159 ], [ -70.68981, -36.23165 ], [ -70.6904, -36.23129 ], [ -70.69095, -36.2313 ], [ -70.6911, -36.23107 ], [ -70.69213, -36.23049 ], [ -70.69324, -36.2301 ], [ -70.69419, -36.23024 ], [ -70.6951, -36.23016 ], [ -70.69561, -36.22988 ] ], [ [ -70.64108, -36.23151 ], [ -70.64124, -36.23157 ], [ -70.64122, -36.23174 ], [ -70.64154, -36.23173 ], [ -70.64163, -36.23198 ], [ -70.64188, -36.23192 ], [ -70.64211, -36.23247 ], [ -70.64234, -36.23256 ], [ -70.64274, -36.23314 ], [ -70.64406, -36.23335 ], [ -70.64437, -36.23358 ], [ -70.64534, -36.23324 ], [ -70.64737, -36.23385 ], [ -70.64919, -36.23398 ], [ -70.6499, -36.23388 ], [ -70.65027, -36.23411 ], [ -70.65101, -36.23404 ], [ -70.65126, -36.23384 ], [ -70.65159, -36.23392 ], [ -70.65202, -36.23371 ], [ -70.65258, -36.23388 ], [ -70.65393, -36.23385 ], [ -70.65437, -36.23356 ], [ -70.65531, -36.23347 ], [ -70.65717, -36.23373 ], [ -70.65849, -36.23356 ], [ -70.6604, -36.23373 ], [ -70.66076, -36.23364 ], [ -70.66282, -36.23413 ], [ -70.6634, -36.23393 ], [ -70.66383, -36.23399 ], [ -70.66422, -36.23431 ], [ -70.66488, -36.23412 ], [ -70.66747, -36.23432 ], [ -70.66837, -36.23455 ], [ -70.66868, -36.23493 ], [ -70.66916, -36.23519 ], [ -70.67107, -36.2352 ], [ -70.67235, -36.23544 ], [ -70.67281, -36.23542 ], [ -70.67309, -36.23515 ], [ -70.67463, -36.23473 ], [ -70.67573, -36.23452 ], [ -70.67642, -36.23464 ], [ -70.67677, -36.23459 ], [ -70.6769, -36.23442 ], [ -70.6774, -36.23446 ], [ -70.67865, -36.23391 ], [ -70.67948, -36.23401 ], [ -70.68075, -36.23383 ], [ -70.68159, -36.23324 ], [ -70.68192, -36.23317 ], [ -70.68211, -36.23289 ], [ -70.68266, -36.23278 ], [ -70.68307, -36.23231 ], [ -70.68373, -36.23203 ], [ -70.68474, -36.23194 ], [ -70.68499, -36.23217 ], [ -70.68565, -36.23221 ] ] ] } },
{ "type": "Feature", "properties": { "nombre": "Quebrada de Valdés", "tipo": "river", "volcan_codigo": "LDM", "volcan_nombre": "Laguna del Maule", "drena_volcan": false }, "geometry": { "type": "MultiLineString", "coordinates": [ [ [ -70.74221, -36.37661 ], [ -70.74283, -36.3759 ], [ -70.74419, -36.3759 ], [ -70.74467, -36.37575 ], [ -70.74486, -36.37552 ], [ -70.74468, -36.37515 ], [ -70.74511, -36.37466 ], [ -70.74572, -36.37464 ], [ -70.74596, -36.375 ], [ -70.74638, -36.37521 ], [ -70.7469, -36.37496 ], [ -70.74792, -36.3749 ], [ -70.74867, -36.37449 ], [ -70.74957, -36.37371 ], [ -70.74974, -36.37326 ], [ -70.75032, -36.37255 ], [ -70.7503, -36.37221 ], [ -70.75058, -36.37173 ], [ -70.75137, -36.37102 ], [ -70.7512, -36.37039 ], [ -70.75203, -36.36917 ], [ -70.754, -36.36887 ], [ -70.75437, -36.36827 ], [ -70.75514, -36.3682 ], [ -70.75601, -36.36752 ], [ -70.75817, -36.36695 ], [ -70.75937, -36.36725 ], [ -70.76036, -36.36668 ], [ -70.76199, -36.36695 ], [ -70.76308, -36.36735 ], [ -70.76408, -36.36728 ], [ -70.76469, -36.36741 ], [ -70.76543, -36.36716 ], [ -70.76642, -36.36712 ], [ -70.76734, -36.36738 ], [ -70.76769, -36.36715 ], [ -70.76782, -36.36643 ], [ -70.76805, -36.36617 ], [ -70.76929, -36.36606 ], [ -70.76958, -36.36522 ], [ -70.76987, -36.36491 ], [ -70.77133, -36.36515 ], [ -70.77245, -36.36447 ], [ -70.77342, -36.36437 ], [ -70.77401, -36.36459 ], [ -70.77454, -36.36435 ], [ -70.77657, -36.36412 ], [ -70.7806, -36.36261 ], [ -70.78233, -36.36048 ], [ -70.78298, -36.35993 ], [ -70.78325, -36.35933 ], [ -70.78398, -36.35865 ], [ -70.78474, -36.35821 ], [ -70.78504, -36.3575 ], [ -70.78665, -36.35712 ], [ -70.78711, -36.35659 ], [ -70.78826, -36.35617 ], [ -70.78876, -36.3563 ], [ -70.78966, -36.35595 ], [ -70.79093, -36.35532 ], [ -70.79185, -36.35425 ], [ -70.79289, -36.35407 ], [ -70.79344, -36.35329 ], [ -70.79343, -36.35264 ], [ -70.79458, -36.35188 ], [ -70.79477, -36.35133 ], [ -70.79463, -36.35038 ], [ -70.79485, -36.34957 ], [ -70.79488, -36.3484 ], [ -70.79527, -36.34809 ], [ -70.79602, -36.34699 ], [ -70.79632, -36.34625 ], [ -70.79731, -36.345 ], [ -70.79758, -36.34311 ], [ -70.79797, -36.34261 ], [ -70.79825, -36.34159 ], [ -70.79892, -36.34106 ], [ -70.79898, -36.3404 ], [ -70.79969, -36.33934 ], [ -70.80067, -36.33916 ], [ -70.80195, -36.3385 ] ], [ [ -70.72475, -36.34578 ], [ -70.72485, -36.34672 ], [ -70.72474, -36.3475 ], [ -70.72418, -36.34856 ], [ -70.72402, -36.34905 ], [ -70.72415, -36.3494 ], [ -70.72396, -36.34958 ], [ -70.72438, -36.35017 ], [ -70.72432, -36.35053 ], [ -70.72367, -36.35133 ], [ -70.72208, -36.35214 ], [ -70.72169, -36.35268 ], [ -70.72168, -36.35312 ], [ -70.72177, -36.35364 ], [ -70.722, -36.35391 ], [ -70.72174, -36.35427 ], [ -70.72213, -36.35525 ], [ -70.72211, -36.35611 ], [ -70.72291, -36.35688 ], [ -70.72279, -36.35761 ], [ -70.72301, -36.35779 ], [ -70.72342, -36.35885 ], [ -70.72273, -36.3602 ], [ -70.72292, -36.36057 ], [ -70.72279, -36.36116 ], [ -70.72301, -36.36184 ], [ -70.7229, -36.36237 ], [ -70.72315, -36.36252 ], [ -70.72386, -36.36395 ], [ -70.72332, -36.36527 ], [ -70.72367, -36.3657 ], [ -70.72374, -36.36643 ], [ -70.72408, -36.36729 ], [ -70.72465, -36.36768 ], [ -70.72449, -36.368 ], [ -70.72499, -36.36846 ], [ -70.7251, -36.36892 ], [ -70.72546, -36.36937 ], [ -70.72553, -36.36989 ], [ -70.72508, -36.37003 ], [ -70.72485, -36.37051 ], [ -70.72561, -36.37196 ], [ -70.7255, -36.37231 ], [ -70.72597, -36.37279 ], [ -70.72596, -36.37319 ], [ -70.72625, -36.37344 ], [ -70.72688, -36.37344 ], [ -70.72695, -36.37395 ], [ -70.72755, -36.37415 ], [ -70.72746, -36.37446 ], [ -70.72806, -36.37465 ], [ -70.72884, -36.37564 ], [ -70.72966, -36.37574 ], [ -70.73157, -36.37535 ], [ -70.73172, -36.3755 ], [ -70.73171, -36.37601 ], [ -70.73225, -36.37647 ], [ -70.73237, -36.37686 ], [ -70.73302, -36.37708 ], [ -70.73378, -36.37686 ], [ -70.73529, -36.37734 ], [ -70.73604, -36.37688 ], [ -70.73594, -36.37659 ], [ -70.7363, -36.37633 ], [ -70.73734, -36.37634 ], [ -70.73753, -36.37603 ], [ -70.73809, -36.37601 ], [ -70.73841, -36.37572 ], [ -70.73899, -36.3757 ], [ -70.73973, -36.37542 ], [ -70.74067, -36.37618 ], [ -70.74107, -36.37631 ], [ -70.74156, -36.37621 ], [ -70.74221, -36.37661 ] ] ] } },
{ "type": "Feature", "properties": { "nombre": "Rio Chico", "tipo": "river", "volcan_codigo": "LDM", "volcan_nombre": "Laguna del Maule", "drena_volcan": false }, "geometry": { "type": "MultiLineString", "coordinates": [ [ [ -70.38978, -35.89205 ], [ -70.38901, -35.89175 ], [ -70.38877, -35.89149 ], [ -70.38828, -35.89181 ], [ -70.38803, -35.89177 ], [ -70.38675, -35.89114 ], [ -70.38603, -35.89058 ], [ -70.38475, -35.89074 ], [ -70.38408, -35.89058 ], [ -70.38376, -35.89081 ], [ -70.38369, -35.89099 ], [ -70.38385, -35.89129 ], [ -70.38372, -35.89135 ], [ -70.3829, -35.89145 ], [ -70.38225, -35.89111 ], [ -70.38179, -35.89142 ], [ -70.38097, -35.89148 ], [ -70.38084, -35.89178 ], [ -70.37954, -35.89171 ], [ -70.37915, -35.89144 ], [ -70.37883, -35.89158 ], [ -70.37833, -35.89148 ], [ -70.37763, -35.89175 ], [ -70.37689, -35.8917 ], [ -70.37607, -35.89137 ], [ -70.37569, -35.89092 ], [ -70.37495, -35.89065 ], [ -70.37476, -35.89031 ], [ -70.37337, -35.88961 ], [ -70.37266, -35.88963 ], [ -70.3718, -35.88919 ], [ -70.37131, -35.88919 ], [ -70.37071, -35.88865 ], [ -70.37009, -35.88843 ], [ -70.36957, -35.88861 ], [ -70.36914, -35.88799 ], [ -70.36877, -35.88814 ], [ -70.36847, -35.88796 ], [ -70.36822, -35.88801 ], [ -70.36749, -35.88865 ], [ -70.36666, -35.88875 ], [ -70.36559, -35.88842 ], [ -70.36403, -35.88737 ], [ -70.36313, -35.88788 ], [ -70.36269, -35.88767 ], [ -70.36186, -35.88801 ], [ -70.36116, -35.88797 ], [ -70.3605, -35.88849 ], [ -70.35961, -35.88884 ], [ -70.35875, -35.88949 ], [ -70.35824, -35.89012 ], [ -70.35773, -35.89028 ], [ -70.3571, -35.89004 ], [ -70.35684, -35.89041 ], [ -70.35527, -35.89098 ], [ -70.35511, -35.89113 ], [ -70.35521, -35.89141 ], [ -70.35485, -35.893 ], [ -70.35454, -35.89312 ], [ -70.35322, -35.8927 ], [ -70.35215, -35.89298 ], [ -70.35135, -35.89288 ], [ -70.35067, -35.89342 ], [ -70.34933, -35.89333 ], [ -70.34869, -35.89347 ], [ -70.34788, -35.89328 ], [ -70.34753, -35.8934 ], [ -70.34693, -35.89401 ], [ -70.34612, -35.89415 ], [ -70.34539, -35.89461 ], [ -70.34411, -35.89459 ], [ -70.34372, -35.89395 ], [ -70.34277, -35.89327 ], [ -70.34243, -35.89283 ], [ -70.34118, -35.89219 ], [ -70.33952, -35.89154 ], [ -70.33871, -35.89147 ], [ -70.33761, -35.8917 ], [ -70.33687, -35.89161 ], [ -70.33684, -35.89114 ], [ -70.33647, -35.89094 ], [ -70.33566, -35.89132 ], [ -70.33425, -35.89129 ], [ -70.33403, -35.89168 ], [ -70.33317, -35.89146 ], [ -70.33217, -35.89163 ], [ -70.33139, -35.89205 ], [ -70.33033, -35.89178 ], [ -70.32941, -35.89224 ], [ -70.32863, -35.89221 ], [ -70.32807, -35.89198 ], [ -70.32472, -35.89224 ], [ -70.3241, -35.89261 ], [ -70.32352, -35.89254 ], [ -70.32281, -35.89293 ], [ -70.3224, -35.89287 ], [ -70.32173, -35.89356 ], [ -70.32107, -35.89375 ], [ -70.31903, -35.89386 ], [ -70.3182, -35.89449 ], [ -70.31747, -35.89465 ], [ -70.31612, -35.89458 ], [ -70.31369, -35.89495 ], [ -70.31306, -35.8954 ], [ -70.31264, -35.89594 ], [ -70.3118, -35.89596 ], [ -70.31142, -35.89578 ], [ -70.31029, -35.89642 ], [ -70.30941, -35.89599 ], [ -70.30874, -35.89592 ], [ -70.30824, -35.89589 ], [ -70.30731, -35.89623 ], [ -70.30659, -35.89615 ], [ -70.3061, -35.89673 ], [ -70.30604, -35.89739 ], [ -70.30574, -35.89765 ], [ -70.30372, -35.89781 ], [ -70.30233, -35.899 ], [ -70.29962, -35.89949 ], [ -70.29881, -35.89991 ], [ -70.29795, -35.90008 ], [ -70.29284, -35.89991 ], [ -70.29147, -35.90052 ], [ -70.29093, -35.90059 ], [ -70.29001, -35.90024 ], [ -70.28954, -35.89984 ], [ -70.28898, -35.89984 ], [ -70.28817, -35.90015 ], [ -70.28763, -35.90013 ], [ -70.28654, -35.89961 ], [ -70.28544, -35.89961 ], [ -70.28413, -35.89925 ], [ -70.2831, -35.89933 ], [ -70.28252, -35.89956 ], [ -70.28214, -35.89979 ], [ -70.28181, -35.90041 ], [ -70.28145, -35.90055 ], [ -70.27999, -35.90059 ], [ -70.27935, -35.90102 ], [ -70.27868, -35.90093 ], [ -70.27718, -35.8998 ], [ -70.27561, -35.9002 ], [ -70.27407, -35.90001 ], [ -70.27364, -35.89968 ], [ -70.27347, -35.89927 ], [ -70.27345, -35.89824 ], [ -70.27325, -35.89779 ], [ -70.2728, -35.89727 ], [ -70.27218, -35.89699 ], [ -70.271, -35.89683 ], [ -70.27057, -35.89641 ], [ -70.27046, -35.89541 ], [ -70.27029, -35.8952 ], [ -70.2693, -35.89488 ], [ -70.26787, -35.89381 ], [ -70.2672, -35.89381 ], [ -70.26623, -35.89433 ], [ -70.26564, -35.8944 ], [ -70.26491, -35.89363 ], [ -70.26405, -35.89302 ], [ -70.26377, -35.8925 ], [ -70.26327, -35.89264 ], [ -70.26278, -35.89184 ], [ -70.26203, -35.89189 ], [ -70.26137, -35.89118 ], [ -70.26096, -35.89099 ], [ -70.25851, -35.89144 ], [ -70.25718, -35.89123 ], [ -70.25617, -35.8904 ], [ -70.25634, -35.88993 ], [ -70.25624, -35.8897 ], [ -70.25516, -35.88903 ], [ -70.25392, -35.8887 ], [ -70.25304, -35.88817 ], [ -70.25192, -35.88724 ], [ -70.25113, -35.88682 ], [ -70.24993, -35.8852 ], [ -70.2469, -35.88332 ], [ -70.24645, -35.88279 ], [ -70.24594, -35.88129 ], [ -70.24568, -35.88115 ], [ -70.24491, -35.88124 ], [ -70.24499, -35.88046 ], [ -70.24566, -35.87955 ], [ -70.24559, -35.87931 ], [ -70.24409, -35.87946 ], [ -70.24358, -35.87922 ], [ -70.24306, -35.87811 ], [ -70.24079, -35.87689 ], [ -70.23738, -35.87592 ], [ -70.2371, -35.87564 ], [ -70.2371, -35.87533 ], [ -70.23768, -35.87404 ], [ -70.23738, -35.87355 ], [ -70.2355, -35.87293 ], [ -70.23334, -35.87052 ], [ -70.2318, -35.86798 ], [ -70.23006, -35.8659 ], [ -70.22795, -35.86603 ], [ -70.22744, -35.86524 ], [ -70.22739, -35.8639 ], [ -70.22646, -35.86299 ], [ -70.22528, -35.86228 ], [ -70.22477, -35.86078 ], [ -70.2239, -35.85974 ], [ -70.22097, -35.85908 ], [ -70.21938, -35.85812 ], [ -70.21887, -35.85691 ], [ -70.21671, -35.85617 ], [ -70.21481, -35.85587 ], [ -70.21404, -35.855 ], [ -70.21027, -35.85218 ], [ -70.20963, -35.85083 ], [ -70.20876, -35.84985 ], [ -70.20588, -35.84792 ], [ -70.20416, -35.84779 ], [ -70.20239, -35.84871 ], [ -70.20031, -35.84808 ], [ -70.19908, -35.84819 ], [ -70.1978, -35.8469 ], [ -70.19702, -35.8456 ], [ -70.19603, -35.84522 ], [ -70.19449, -35.84392 ], [ -70.19311, -35.84308 ], [ -70.19298, -35.8422 ], [ -70.19242, -35.8415 ], [ -70.1909, -35.84049 ], [ -70.19013, -35.84057 ], [ -70.18939, -35.84022 ], [ -70.18927, -35.83897 ], [ -70.18892, -35.83834 ], [ -70.18564, -35.8365 ] ], [ [ -70.18564, -35.8365 ], [ -70.18454, -35.83545 ], [ -70.18362, -35.83493 ], [ -70.18324, -35.83405 ], [ -70.18275, -35.83364 ], [ -70.1815, -35.83072 ], [ -70.18022, -35.83057 ], [ -70.17892, -35.83011 ], [ -70.17867, -35.82981 ], [ -70.17822, -35.82819 ], [ -70.17734, -35.82629 ], [ -70.17691, -35.82583 ], [ -70.17623, -35.82558 ], [ -70.17523, -35.82451 ], [ -70.17489, -35.82375 ], [ -70.17437, -35.82329 ], [ -70.17284, -35.82058 ], [ -70.17263, -35.81986 ], [ -70.17197, -35.81944 ], [ -70.17066, -35.8178 ], [ -70.1699, -35.81752 ], [ -70.16914, -35.81695 ], [ -70.16816, -35.81672 ], [ -70.16722, -35.81626 ], [ -70.16393, -35.81209 ], [ -70.16256, -35.81088 ], [ -70.16151, -35.80915 ], [ -70.16121, -35.80761 ], [ -70.15971, -35.80648 ], [ -70.15896, -35.80671 ], [ -70.15751, -35.80613 ], [ -70.15575, -35.80602 ], [ -70.15511, -35.8057 ], [ -70.15496, -35.80511 ], [ -70.15398, -35.80387 ], [ -70.15326, -35.80322 ], [ -70.15198, -35.80234 ], [ -70.15049, -35.8016 ], [ -70.14952, -35.80068 ], [ -70.14962, -35.79969 ], [ -70.14948, -35.79909 ], [ -70.14881, -35.79844 ], [ -70.1483, -35.7975 ], [ -70.14829, -35.79639 ], [ -70.14796, -35.79552 ], [ -70.14688, -35.7951 ], [ -70.14648, -35.79473 ], [ -70.14529, -35.79446 ], [ -70.14313, -35.79273 ], [ -70.14128, -35.79203 ], [ -70.13774, -35.79207 ], [ -70.13643, -35.79336 ], [ -70.13432, -35.7938 ], [ -70.13322, -35.7945 ], [ -70.12962, -35.79606 ], [ -70.12744, -35.79596 ], [ -70.12555, -35.7967 ], [ -70.12276, -35.79695 ], [ -70.11702, -35.79724 ], [ -70.11403, -35.79611 ], [ -70.11176, -35.79608 ], [ -70.10973, -35.79666 ], [ -70.10791, -35.79585 ], [ -70.10601, -35.79622 ], [ -70.1049, -35.79559 ], [ -70.10181, -35.79547 ], [ -70.10004, -35.79489 ], [ -70.09908, -35.79586 ], [ -70.09733, -35.79636 ], [ -70.09263, -35.79703 ], [ -70.09141, -35.7979 ], [ -70.0903, -35.79838 ], [ -70.08966, -35.799 ], [ -70.08755, -35.79956 ], [ -70.08625, -35.80022 ], [ -70.08412, -35.80093 ] ] ] } },
{ "type": "Feature", "properties": { "nombre": "Rio Maule", "tipo": "river", "volcan_codigo": "LDM", "volcan_nombre": "Laguna del Maule", "drena_volcan": true }, "geometry": { "type": "LineString", "coordinates": [ [ -70.56991, -35.95731 ], [ -70.56992, -35.95669 ], [ -70.56939, -35.95638 ] ] } },
{ "type": "Feature", "properties": { "nombre": "Río Barrancas", "tipo": "river", "volcan_codigo": "LDM", "volcan_nombre": "Laguna del Maule", "drena_volcan": false }, "geometry": { "type": "MultiLineString", "coordinates": [ [ [ -70.371, -36.22404 ], [ -70.37195, -36.22411 ], [ -70.37228, -36.22458 ], [ -70.37183, -36.22503 ], [ -70.37181, -36.22529 ], [ -70.37209, -36.22576 ], [ -70.3721, -36.22623 ], [ -70.37244, -36.22661 ], [ -70.37253, -36.22712 ], [ -70.37288, -36.22736 ], [ -70.37278, -36.22782 ], [ -70.37246, -36.22793 ], [ -70.37247, -36.22859 ], [ -70.37218, -36.22903 ], [ -70.37273, -36.22926 ], [ -70.37257, -36.2297 ], [ -70.37231, -36.22968 ], [ -70.37211, -36.22987 ], [ -70.37234, -36.23048 ], [ -70.37206, -36.23079 ], [ -70.3711, -36.23088 ], [ -70.37073, -36.23131 ], [ -70.37042, -36.23123 ], [ -70.3701, -36.23143 ], [ -70.37001, -36.23179 ], [ -70.37013, -36.23243 ], [ -70.36959, -36.23299 ], [ -70.37025, -36.23423 ], [ -70.37057, -36.23448 ], [ -70.37012, -36.235 ], [ -70.37063, -36.23512 ], [ -70.37153, -36.23577 ], [ -70.37121, -36.23615 ], [ -70.37124, -36.23639 ], [ -70.37138, -36.23658 ], [ -70.37216, -36.23688 ], [ -70.37229, -36.23722 ], [ -70.37208, -36.23752 ], [ -70.37167, -36.23746 ], [ -70.37147, -36.23772 ], [ -70.37181, -36.2388 ], [ -70.3716, -36.23906 ], [ -70.37087, -36.23925 ], [ -70.37103, -36.2401 ], [ -70.37049, -36.24032 ], [ -70.36944, -36.24023 ], [ -70.36897, -36.24096 ], [ -70.36918, -36.24145 ], [ -70.36956, -36.24176 ], [ -70.3693, -36.24245 ], [ -70.36954, -36.24304 ], [ -70.36914, -36.24363 ], [ -70.36946, -36.24388 ], [ -70.36939, -36.24429 ], [ -70.36972, -36.24452 ], [ -70.37025, -36.24461 ], [ -70.37054, -36.24515 ], [ -70.37101, -36.24539 ], [ -70.37133, -36.24675 ], [ -70.37209, -36.24664 ], [ -70.37217, -36.24676 ], [ -70.37188, -36.24751 ], [ -70.37256, -36.24818 ], [ -70.37209, -36.2486 ], [ -70.37259, -36.24896 ], [ -70.37247, -36.24962 ], [ -70.37284, -36.25033 ], [ -70.37273, -36.25103 ], [ -70.37331, -36.25138 ], [ -70.37331, -36.25205 ], [ -70.37357, -36.25244 ], [ -70.37355, -36.2537 ], [ -70.37408, -36.25414 ], [ -70.37404, -36.25463 ], [ -70.37418, -36.25488 ], [ -70.37358, -36.25591 ], [ -70.37424, -36.25668 ], [ -70.37401, -36.25713 ], [ -70.37406, -36.25811 ], [ -70.37397, -36.25828 ], [ -70.37334, -36.2585 ], [ -70.37321, -36.2591 ], [ -70.37358, -36.2595 ], [ -70.37441, -36.25947 ], [ -70.37461, -36.25967 ], [ -70.37396, -36.26034 ], [ -70.37361, -36.26108 ], [ -70.37291, -36.26153 ], [ -70.37295, -36.26171 ], [ -70.37342, -36.26185 ], [ -70.37354, -36.26212 ], [ -70.37256, -36.26227 ], [ -70.37283, -36.26259 ], [ -70.37261, -36.26295 ], [ -70.37204, -36.26324 ], [ -70.37156, -36.26304 ], [ -70.37111, -36.26374 ], [ -70.3705, -36.264 ], [ -70.37072, -36.26452 ], [ -70.37054, -36.26515 ], [ -70.37019, -36.26549 ], [ -70.37025, -36.26585 ], [ -70.37096, -36.26659 ], [ -70.37059, -36.26702 ], [ -70.37128, -36.26756 ], [ -70.37072, -36.26831 ], [ -70.37089, -36.26886 ], [ -70.37082, -36.26938 ], [ -70.37114, -36.27008 ], [ -70.37168, -36.27065 ], [ -70.3713, -36.27183 ], [ -70.3716, -36.27212 ], [ -70.37193, -36.27284 ], [ -70.37191, -36.27323 ], [ -70.37155, -36.27381 ], [ -70.37209, -36.27419 ], [ -70.37182, -36.27479 ], [ -70.37217, -36.27521 ], [ -70.37204, -36.27554 ], [ -70.37104, -36.2763 ], [ -70.37074, -36.2768 ], [ -70.37091, -36.27717 ], [ -70.37155, -36.27766 ], [ -70.37156, -36.2784 ], [ -70.37217, -36.27943 ], [ -70.37223, -36.28128 ], [ -70.3717, -36.28143 ], [ -70.37069, -36.28129 ], [ -70.36894, -36.28059 ], [ -70.36751, -36.28124 ], [ -70.36712, -36.28218 ], [ -70.36614, -36.28299 ], [ -70.36638, -36.28349 ], [ -70.36636, -36.28386 ], [ -70.36578, -36.28411 ], [ -70.36535, -36.28453 ], [ -70.36511, -36.28508 ], [ -70.3649, -36.28652 ], [ -70.36378, -36.28715 ], [ -70.36398, -36.28783 ], [ -70.36346, -36.28841 ], [ -70.36244, -36.28908 ], [ -70.36209, -36.28986 ], [ -70.3617, -36.29005 ], [ -70.36162, -36.29063 ], [ -70.36116, -36.29122 ], [ -70.36005, -36.29165 ], [ -70.35972, -36.29201 ], [ -70.35989, -36.29331 ], [ -70.3592, -36.2939 ], [ -70.35972, -36.2949 ], [ -70.35977, -36.29572 ], [ -70.36006, -36.29621 ], [ -70.36087, -36.29661 ], [ -70.36077, -36.29838 ], [ -70.36107, -36.29864 ], [ -70.36173, -36.29869 ], [ -70.36196, -36.29884 ], [ -70.36207, -36.29919 ], [ -70.36197, -36.29965 ], [ -70.36087, -36.30028 ], [ -70.36045, -36.30081 ], [ -70.36064, -36.3011 ], [ -70.36106, -36.30118 ], [ -70.3616, -36.3017 ], [ -70.36175, -36.30221 ], [ -70.36152, -36.30234 ], [ -70.3612, -36.30194 ], [ -70.36078, -36.30198 ], [ -70.35985, -36.30294 ], [ -70.35989, -36.30356 ], [ -70.36051, -36.30415 ], [ -70.35961, -36.30546 ], [ -70.35988, -36.30569 ], [ -70.36038, -36.30565 ], [ -70.3605, -36.30597 ], [ -70.35977, -36.30685 ], [ -70.35865, -36.3076 ], [ -70.35811, -36.3083 ], [ -70.35824, -36.30882 ], [ -70.35857, -36.30864 ], [ -70.35898, -36.30885 ], [ -70.35906, -36.30918 ], [ -70.35893, -36.30943 ], [ -70.35687, -36.30973 ], [ -70.35663, -36.30999 ], [ -70.35663, -36.31028 ], [ -70.35702, -36.31086 ], [ -70.35669, -36.31177 ], [ -70.35489, -36.31294 ], [ -70.35457, -36.31336 ], [ -70.35458, -36.31353 ], [ -70.35576, -36.31368 ], [ -70.35596, -36.31395 ], [ -70.35594, -36.31427 ], [ -70.35574, -36.31478 ], [ -70.35516, -36.31541 ], [ -70.35411, -36.31569 ], [ -70.35397, -36.31616 ], [ -70.35434, -36.31712 ], [ -70.3543, -36.31739 ], [ -70.35327, -36.31759 ], [ -70.35389, -36.31928 ], [ -70.35324, -36.31956 ], [ -70.35295, -36.31991 ], [ -70.3529, -36.32079 ], [ -70.35235, -36.32159 ], [ -70.35181, -36.32206 ], [ -70.35117, -36.32222 ], [ -70.3509, -36.32248 ], [ -70.35141, -36.32374 ], [ -70.35132, -36.32447 ], [ -70.3508, -36.32465 ], [ -70.35001, -36.32429 ], [ -70.34955, -36.32444 ], [ -70.3487, -36.3244 ], [ -70.34783, -36.32395 ], [ -70.34745, -36.32404 ], [ -70.34681, -36.32465 ], [ -70.34675, -36.32496 ], [ -70.34738, -36.32533 ], [ -70.34753, -36.32577 ], [ -70.34732, -36.32626 ], [ -70.34654, -36.32712 ], [ -70.34669, -36.32748 ], [ -70.3464, -36.32866 ], [ -70.34621, -36.32897 ], [ -70.3455, -36.32939 ], [ -70.34497, -36.33112 ], [ -70.34371, -36.33236 ] ], [ [ -70.34371, -36.33236 ], [ -70.34404, -36.33298 ], [ -70.344, -36.33317 ], [ -70.34254, -36.33455 ], [ -70.34244, -36.3348 ], [ -70.34161, -36.33511 ], [ -70.34082, -36.33571 ], [ -70.34002, -36.33587 ], [ -70.33937, -36.33621 ], [ -70.33915, -36.3367 ], [ -70.33884, -36.33693 ], [ -70.33813, -36.33672 ], [ -70.33513, -36.33682 ], [ -70.33373, -36.3371 ], [ -70.33284, -36.33758 ], [ -70.33206, -36.33773 ], [ -70.33115, -36.33721 ], [ -70.33036, -36.33749 ], [ -70.32936, -36.33755 ], [ -70.328, -36.33696 ], [ -70.32704, -36.33698 ], [ -70.32544, -36.3377 ], [ -70.3245, -36.33715 ], [ -70.32332, -36.33696 ], [ -70.32271, -36.33581 ], [ -70.31999, -36.33506 ], [ -70.31903, -36.33395 ], [ -70.31785, -36.33431 ], [ -70.31708, -36.33411 ], [ -70.31666, -36.33363 ], [ -70.31622, -36.33357 ], [ -70.31586, -36.33375 ], [ -70.31573, -36.3346 ], [ -70.31495, -36.33509 ], [ -70.31448, -36.33522 ], [ -70.31394, -36.33498 ], [ -70.31308, -36.33493 ], [ -70.31262, -36.33512 ], [ -70.31239, -36.33588 ], [ -70.31201, -36.33639 ], [ -70.3115, -36.33675 ], [ -70.31037, -36.33699 ], [ -70.30939, -36.3375 ], [ -70.30877, -36.33811 ], [ -70.30839, -36.33889 ], [ -70.30759, -36.33926 ], [ -70.30756, -36.33983 ], [ -70.30725, -36.34011 ], [ -70.30648, -36.34015 ], [ -70.30454, -36.33973 ], [ -70.30413, -36.34038 ], [ -70.30363, -36.34058 ], [ -70.30157, -36.3401 ], [ -70.29976, -36.33919 ], [ -70.2978, -36.33931 ], [ -70.29749, -36.33883 ], [ -70.29706, -36.33747 ], [ -70.2965, -36.337 ], [ -70.29602, -36.33684 ], [ -70.29451, -36.33741 ], [ -70.2926, -36.33702 ], [ -70.29179, -36.33717 ], [ -70.29128, -36.33706 ], [ -70.29019, -36.33626 ], [ -70.2894, -36.33604 ], [ -70.28869, -36.33549 ], [ -70.28879, -36.3352 ], [ -70.28927, -36.33496 ], [ -70.28948, -36.33466 ], [ -70.28933, -36.33407 ], [ -70.28788, -36.33325 ], [ -70.28732, -36.33266 ], [ -70.28603, -36.33224 ], [ -70.28511, -36.33129 ], [ -70.28499, -36.33058 ], [ -70.28447, -36.33063 ], [ -70.28363, -36.33037 ], [ -70.2826, -36.3304 ], [ -70.28252, -36.32972 ], [ -70.28168, -36.32905 ], [ -70.28084, -36.32899 ], [ -70.28023, -36.32863 ], [ -70.27935, -36.32849 ], [ -70.27813, -36.3279 ], [ -70.27712, -36.32773 ], [ -70.27624, -36.32712 ], [ -70.27628, -36.32621 ], [ -70.27583, -36.32562 ], [ -70.27566, -36.32549 ], [ -70.2745, -36.32546 ], [ -70.27391, -36.32506 ], [ -70.27309, -36.32491 ], [ -70.27286, -36.32414 ], [ -70.27109, -36.32389 ], [ -70.26974, -36.32415 ], [ -70.26916, -36.32377 ], [ -70.26845, -36.32374 ], [ -70.268, -36.32334 ], [ -70.26717, -36.323 ], [ -70.2668, -36.32245 ], [ -70.26607, -36.32256 ], [ -70.26515, -36.32294 ], [ -70.26391, -36.32301 ], [ -70.26219, -36.32212 ], [ -70.26162, -36.32199 ], [ -70.26072, -36.3225 ], [ -70.25938, -36.32268 ], [ -70.25893, -36.32297 ], [ -70.25819, -36.32386 ], [ -70.25774, -36.32398 ], [ -70.25739, -36.32386 ], [ -70.25699, -36.32309 ], [ -70.25701, -36.3227 ], [ -70.25646, -36.32211 ], [ -70.25434, -36.32214 ], [ -70.25358, -36.3223 ], [ -70.25226, -36.32187 ], [ -70.2517, -36.32231 ], [ -70.25128, -36.32235 ], [ -70.25063, -36.32202 ], [ -70.24907, -36.32182 ], [ -70.24786, -36.32191 ], [ -70.24733, -36.32147 ], [ -70.24707, -36.32149 ], [ -70.24652, -36.32168 ], [ -70.24628, -36.32202 ], [ -70.24646, -36.32284 ], [ -70.24637, -36.32305 ], [ -70.24497, -36.32391 ], [ -70.24493, -36.32462 ], [ -70.24456, -36.32486 ], [ -70.24341, -36.32509 ], [ -70.24157, -36.32469 ], [ -70.24065, -36.32485 ], [ -70.23983, -36.32529 ], [ -70.23842, -36.32558 ], [ -70.23718, -36.32654 ], [ -70.23637, -36.32695 ], [ -70.23545, -36.32671 ], [ -70.23427, -36.32611 ], [ -70.23225, -36.32571 ], [ -70.23082, -36.32484 ], [ -70.23012, -36.3248 ], [ -70.22883, -36.3253 ], [ -70.22777, -36.32605 ], [ -70.22726, -36.32737 ], [ -70.22672, -36.32757 ], [ -70.22614, -36.32754 ], [ -70.22544, -36.32718 ], [ -70.22364, -36.32909 ], [ -70.22233, -36.33011 ], [ -70.22154, -36.33157 ], [ -70.2211, -36.33193 ], [ -70.22024, -36.33211 ], [ -70.22003, -36.33231 ], [ -70.21988, -36.33367 ], [ -70.21909, -36.33429 ], [ -70.21788, -36.33652 ], [ -70.21683, -36.3375 ], [ -70.21533, -36.33856 ], [ -70.21544, -36.33963 ], [ -70.21586, -36.3408 ], [ -70.21484, -36.3431 ], [ -70.21471, -36.34442 ], [ -70.21478, -36.34593 ], [ -70.2144, -36.34716 ], [ -70.21497, -36.34945 ], [ -70.21491, -36.35003 ], [ -70.21534, -36.35212 ], [ -70.21496, -36.35366 ], [ -70.21537, -36.35557 ], [ -70.21507, -36.35629 ], [ -70.21411, -36.35671 ], [ -70.21383, -36.35706 ], [ -70.21419, -36.35792 ], [ -70.21547, -36.35865 ], [ -70.21568, -36.3598 ], [ -70.21547, -36.36026 ], [ -70.21476, -36.36091 ], [ -70.21433, -36.36188 ], [ -70.21458, -36.36471 ], [ -70.21387, -36.36532 ], [ -70.21371, -36.36625 ], [ -70.21309, -36.36771 ], [ -70.2122, -36.36845 ], [ -70.2122, -36.36896 ], [ -70.21251, -36.36937 ], [ -70.21247, -36.36961 ], [ -70.21204, -36.36982 ], [ -70.21062, -36.37136 ], [ -70.20892, -36.37221 ], [ -70.2084, -36.37263 ], [ -70.20825, -36.3729 ], [ -70.2083, -36.37382 ], [ -70.20817, -36.37422 ], [ -70.2075, -36.37463 ], [ -70.20697, -36.37546 ], [ -70.20738, -36.37642 ], [ -70.20695, -36.3776 ], [ -70.20658, -36.37805 ], [ -70.2065, -36.37866 ], [ -70.20679, -36.37951 ], [ -70.2068, -36.3811 ], [ -70.20752, -36.38238 ], [ -70.20755, -36.38276 ], [ -70.20752, -36.38346 ], [ -70.20716, -36.38391 ], [ -70.20706, -36.38442 ], [ -70.20858, -36.38529 ], [ -70.20937, -36.38614 ], [ -70.2109, -36.38677 ], [ -70.21105, -36.38771 ], [ -70.21145, -36.38826 ], [ -70.21146, -36.38907 ], [ -70.21226, -36.39125 ], [ -70.21158, -36.39203 ], [ -70.21059, -36.39234 ], [ -70.20903, -36.39451 ], [ -70.20708, -36.39651 ], [ -70.20697, -36.39699 ], [ -70.20731, -36.39811 ], [ -70.20683, -36.39918 ], [ -70.20642, -36.39957 ], [ -70.20397, -36.40046 ], [ -70.20348, -36.40088 ], [ -70.20358, -36.4015 ], [ -70.20553, -36.40277 ], [ -70.20591, -36.40336 ], [ -70.20634, -36.40523 ], [ -70.20605, -36.40749 ], [ -70.20551, -36.40853 ], [ -70.20472, -36.40939 ], [ -70.20443, -36.41051 ], [ -70.20413, -36.41091 ], [ -70.2024, -36.41125 ], [ -70.20177, -36.41157 ], [ -70.20133, -36.41201 ], [ -70.20135, -36.41321 ], [ -70.20046, -36.41423 ], [ -70.20056, -36.41554 ], [ -70.19967, -36.41608 ], [ -70.1986, -36.41637 ], [ -70.19784, -36.41692 ], [ -70.1976, -36.41734 ], [ -70.19748, -36.41826 ], [ -70.19757, -36.41892 ], [ -70.19718, -36.4201 ], [ -70.19693, -36.42066 ], [ -70.19602, -36.42111 ], [ -70.19615, -36.42195 ], [ -70.19545, -36.42321 ], [ -70.19558, -36.42398 ], [ -70.19623, -36.42476 ], [ -70.19637, -36.42571 ], [ -70.19662, -36.42619 ], [ -70.19692, -36.42634 ], [ -70.19719, -36.42674 ], [ -70.1972, -36.42772 ], [ -70.19735, -36.42811 ], [ -70.19949, -36.42957 ], [ -70.20033, -36.42996 ], [ -70.20095, -36.43181 ], [ -70.20227, -36.43292 ], [ -70.20405, -36.43542 ], [ -70.20386, -36.43638 ], [ -70.2041, -36.43769 ], [ -70.20437, -36.43829 ], [ -70.20443, -36.43948 ], [ -70.20374, -36.44107 ], [ -70.20399, -36.44237 ], [ -70.20357, -36.44326 ], [ -70.20215, -36.44513 ], [ -70.20164, -36.44554 ], [ -70.20167, -36.44785 ], [ -70.20024, -36.45032 ], [ -70.20032, -36.45099 ], [ -70.20152, -36.45279 ], [ -70.20172, -36.4536 ], [ -70.20164, -36.45408 ], [ -70.2003, -36.45535 ], [ -70.19891, -36.45606 ], [ -70.19849, -36.45667 ], [ -70.19682, -36.45737 ], [ -70.1963, -36.45819 ], [ -70.19611, -36.45915 ], [ -70.19514, -36.46056 ], [ -70.1952, -36.46168 ], [ -70.19432, -36.46263 ], [ -70.19359, -36.46292 ], [ -70.19199, -36.46302 ], [ -70.19105, -36.46367 ], [ -70.191, -36.46395 ], [ -70.19127, -36.46453 ], [ -70.19133, -36.4664 ], [ -70.19119, -36.46682 ], [ -70.19038, -36.46739 ], [ -70.19029, -36.46824 ], [ -70.19042, -36.46877 ], [ -70.19013, -36.46908 ], [ -70.1899, -36.47029 ], [ -70.19021, -36.47136 ], [ -70.18869, -36.4717 ], [ -70.18806, -36.47299 ], [ -70.18814, -36.47328 ], [ -70.18868, -36.47354 ], [ -70.18832, -36.47529 ], [ -70.18811, -36.47564 ], [ -70.18687, -36.4764 ], [ -70.18573, -36.47865 ], [ -70.18258, -36.48036 ], [ -70.18201, -36.48236 ], [ -70.18121, -36.48311 ], [ -70.18094, -36.48362 ], [ -70.18071, -36.48511 ], [ -70.18082, -36.48722 ], [ -70.18132, -36.48862 ], [ -70.18129, -36.48995 ], [ -70.18082, -36.49074 ], [ -70.17969, -36.49162 ], [ -70.17938, -36.49213 ], [ -70.17927, -36.49331 ], [ -70.17799, -36.49542 ], [ -70.17675, -36.49651 ], [ -70.17535, -36.49742 ], [ -70.17381, -36.49817 ], [ -70.16476, -36.5036 ], [ -70.15832, -36.50579 ], [ -70.15753, -36.50624 ] ], [ [ -70.36961, -36.20365 ], [ -70.36902, -36.20434 ], [ -70.36863, -36.20429 ], [ -70.36819, -36.20456 ], [ -70.36805, -36.20477 ], [ -70.36817, -36.20521 ], [ -70.36797, -36.20537 ], [ -70.36818, -36.2056 ], [ -70.36803, -36.20594 ], [ -70.36823, -36.20635 ], [ -70.36787, -36.20646 ], [ -70.36804, -36.20688 ], [ -70.36783, -36.20712 ], [ -70.36827, -36.20752 ], [ -70.3682, -36.208 ], [ -70.36872, -36.20808 ], [ -70.36879, -36.20833 ], [ -70.36922, -36.20867 ], [ -70.36893, -36.20906 ], [ -70.36899, -36.21 ], [ -70.36874, -36.21023 ], [ -70.36893, -36.21077 ], [ -70.36863, -36.21117 ], [ -70.36903, -36.21145 ], [ -70.36943, -36.21234 ], [ -70.36986, -36.2126 ], [ -70.36993, -36.21322 ], [ -70.36961, -36.21357 ], [ -70.3699, -36.21401 ], [ -70.36986, -36.21424 ], [ -70.36949, -36.21416 ], [ -70.36923, -36.21472 ], [ -70.36882, -36.2147 ], [ -70.36881, -36.215 ], [ -70.36901, -36.21513 ], [ -70.36896, -36.21539 ], [ -70.36805, -36.21665 ], [ -70.3682, -36.2169 ], [ -70.36798, -36.21715 ], [ -70.36817, -36.21737 ], [ -70.36808, -36.21802 ], [ -70.36833, -36.2186 ], [ -70.3681, -36.21884 ], [ -70.36803, -36.21945 ], [ -70.36828, -36.21966 ], [ -70.36829, -36.22 ], [ -70.36877, -36.22015 ], [ -70.36841, -36.22082 ], [ -70.36875, -36.22117 ], [ -70.36858, -36.22152 ], [ -70.36886, -36.22187 ], [ -70.36874, -36.22249 ], [ -70.36909, -36.22266 ], [ -70.3699, -36.22257 ], [ -70.37018, -36.22281 ], [ -70.36992, -36.22308 ], [ -70.36977, -36.22358 ], [ -70.36995, -36.2237 ], [ -70.37001, -36.22403 ], [ -70.37027, -36.22407 ], [ -70.37044, -36.22433 ], [ -70.371, -36.22404 ] ] ] } },
{ "type": "Feature", "properties": { "nombre": "Río Barroso", "tipo": "river", "volcan_codigo": "LDM", "volcan_nombre": "Laguna del Maule", "drena_volcan": false }, "geometry": { "type": "LineString", "coordinates": [ [ -70.72276, -35.55205 ], [ -70.72192, -35.55233 ], [ -70.7209, -35.55334 ], [ -70.72012, -35.55448 ], [ -70.71895, -35.55548 ], [ -70.71475, -35.55572 ], [ -70.71262, -35.55548 ], [ -70.71228, -35.55529 ], [ -70.71099, -35.5554 ], [ -70.71061, -35.55559 ], [ -70.70954, -35.55544 ], [ -70.70899, -35.55505 ], [ -70.70846, -35.55483 ], [ -70.70817, -35.55493 ], [ -70.70776, -35.5547 ], [ -70.70752, -35.55438 ], [ -70.70753, -35.55409 ], [ -70.7057, -35.55264 ], [ -70.70482, -35.55247 ], [ -70.70465, -35.55208 ], [ -70.70418, -35.5518 ], [ -70.70306, -35.55143 ], [ -70.70228, -35.55142 ], [ -70.70166, -35.55162 ], [ -70.70129, -35.55142 ], [ -70.70083, -35.55146 ], [ -70.69918, -35.55184 ], [ -70.69858, -35.55165 ], [ -70.6961, -35.55205 ], [ -70.69447, -35.5531 ], [ -70.69376, -35.55307 ], [ -70.69331, -35.55382 ], [ -70.69126, -35.55506 ], [ -70.69068, -35.55562 ], [ -70.69057, -35.55659 ], [ -70.6898, -35.55713 ], [ -70.68965, -35.55757 ], [ -70.68982, -35.55759 ], [ -70.68983, -35.55821 ], [ -70.69032, -35.55851 ], [ -70.69023, -35.55888 ], [ -70.69056, -35.55904 ], [ -70.69092, -35.56007 ], [ -70.69105, -35.56175 ], [ -70.69147, -35.56194 ], [ -70.6914, -35.56264 ], [ -70.69106, -35.56321 ], [ -70.69127, -35.56363 ], [ -70.69092, -35.56512 ], [ -70.69095, -35.5657 ], [ -70.69149, -35.56596 ], [ -70.69153, -35.56652 ], [ -70.69128, -35.5667 ], [ -70.69151, -35.56683 ], [ -70.69127, -35.56745 ], [ -70.69146, -35.56816 ], [ -70.69119, -35.56872 ], [ -70.69179, -35.56908 ], [ -70.69206, -35.56969 ], [ -70.69177, -35.56997 ], [ -70.69189, -35.57094 ], [ -70.69213, -35.57121 ], [ -70.69184, -35.57324 ], [ -70.69215, -35.57384 ], [ -70.69193, -35.57425 ], [ -70.69204, -35.57466 ], [ -70.6919, -35.57515 ], [ -70.69087, -35.57603 ], [ -70.69059, -35.57658 ], [ -70.69072, -35.57682 ], [ -70.69057, -35.5773 ], [ -70.69005, -35.57764 ], [ -70.68996, -35.57804 ], [ -70.68972, -35.57811 ], [ -70.68983, -35.57832 ], [ -70.68955, -35.57848 ], [ -70.68974, -35.57874 ], [ -70.68967, -35.5794 ], [ -70.68922, -35.57954 ], [ -70.68872, -35.57929 ], [ -70.6887, -35.57951 ], [ -70.68828, -35.5796 ], [ -70.68828, -35.5798 ], [ -70.6885, -35.57998 ], [ -70.68846, -35.58023 ], [ -70.68799, -35.5806 ], [ -70.68797, -35.58098 ], [ -70.68766, -35.58127 ], [ -70.68774, -35.5825 ], [ -70.68671, -35.58287 ], [ -70.68666, -35.58352 ], [ -70.68637, -35.58359 ], [ -70.68626, -35.5841 ], [ -70.68496, -35.58538 ], [ -70.68492, -35.58586 ], [ -70.68466, -35.58608 ], [ -70.68472, -35.58649 ], [ -70.68439, -35.58657 ], [ -70.68432, -35.58737 ], [ -70.6837, -35.58747 ], [ -70.68339, -35.58795 ], [ -70.68204, -35.58858 ], [ -70.68163, -35.58863 ], [ -70.68157, -35.58895 ], [ -70.6809, -35.58926 ], [ -70.68111, -35.59039 ], [ -70.68078, -35.59086 ], [ -70.6808, -35.59119 ], [ -70.68003, -35.59223 ], [ -70.6799, -35.59396 ], [ -70.68093, -35.59712 ], [ -70.6823, -35.60042 ], [ -70.68159, -35.6042 ], [ -70.68217, -35.60752 ], [ -70.68316, -35.61068 ], [ -70.68413, -35.61273 ], [ -70.68333, -35.61385 ], [ -70.68157, -35.6194 ], [ -70.67938, -35.62299 ], [ -70.67913, -35.6254 ], [ -70.68123, -35.62899 ], [ -70.68136, -35.63197 ], [ -70.684, -35.63529 ], [ -70.6829, -35.64043 ], [ -70.6779, -35.64202 ], [ -70.67363, -35.64504 ], [ -70.67108, -35.64788 ], [ -70.6693, -35.65079 ], [ -70.67097, -35.65243 ], [ -70.67089, -35.6551 ], [ -70.67056, -35.65783 ], [ -70.67166, -35.65968 ], [ -70.67614, -35.66238 ], [ -70.67754, -35.66343 ], [ -70.67649, -35.66648 ], [ -70.67823, -35.66805 ], [ -70.67827, -35.66955 ], [ -70.68104, -35.67161 ], [ -70.68368, -35.67478 ], [ -70.68747, -35.67694 ], [ -70.68857, -35.6779 ], [ -70.69131, -35.68147 ], [ -70.69363, -35.68199 ], [ -70.69541, -35.68423 ], [ -70.70016, -35.6882 ], [ -70.70964, -35.69106 ], [ -70.71133, -35.69205 ], [ -70.71369, -35.69655 ], [ -70.71704, -35.69886 ], [ -70.72176, -35.6997 ], [ -70.72277, -35.70174 ], [ -70.7231, -35.70188 ], [ -70.72358, -35.70175 ] ] } },
{ "type": "Feature", "properties": { "nombre": "Río Blanco", "tipo": "river", "volcan_codigo": "LDM", "volcan_nombre": "Laguna del Maule", "drena_volcan": false }, "geometry": { "type": "LineString", "coordinates": [ [ -70.58301, -35.88937 ], [ -70.58304, -35.89001 ], [ -70.58279, -35.89048 ], [ -70.58233, -35.89089 ], [ -70.58281, -35.89141 ], [ -70.58261, -35.89197 ], [ -70.58306, -35.89247 ], [ -70.58288, -35.89274 ], [ -70.58302, -35.89304 ], [ -70.58295, -35.89356 ], [ -70.58339, -35.89498 ], [ -70.58392, -35.89584 ], [ -70.58385, -35.89656 ], [ -70.58414, -35.89713 ], [ -70.58411, -35.89739 ], [ -70.58346, -35.89808 ], [ -70.58344, -35.9008 ], [ -70.5831, -35.90144 ], [ -70.58287, -35.90297 ], [ -70.58335, -35.90351 ], [ -70.58315, -35.90415 ], [ -70.58156, -35.90489 ], [ -70.58148, -35.9055 ], [ -70.58117, -35.90574 ], [ -70.58117, -35.90612 ], [ -70.58182, -35.90696 ], [ -70.58189, -35.90834 ], [ -70.58175, -35.90853 ], [ -70.58107, -35.90874 ], [ -70.58124, -35.90973 ], [ -70.58101, -35.91022 ], [ -70.5804, -35.91057 ], [ -70.58054, -35.91106 ], [ -70.57989, -35.91177 ], [ -70.57986, -35.91288 ], [ -70.57899, -35.9144 ], [ -70.57938, -35.91541 ], [ -70.57941, -35.91593 ], [ -70.58094, -35.91779 ], [ -70.58273, -35.91947 ], [ -70.58368, -35.92006 ], [ -70.58514, -35.92057 ], [ -70.58707, -35.92187 ], [ -70.58748, -35.92256 ], [ -70.58857, -35.92366 ], [ -70.58908, -35.92394 ], [ -70.58906, -35.92449 ], [ -70.59094, -35.92684 ], [ -70.59163, -35.92728 ], [ -70.59222, -35.92817 ], [ -70.594, -35.92912 ], [ -70.59426, -35.92953 ], [ -70.5943, -35.9302 ], [ -70.59492, -35.93136 ], [ -70.59634, -35.93141 ], [ -70.5971, -35.93162 ], [ -70.59723, -35.93241 ], [ -70.59712, -35.93269 ], [ -70.59834, -35.93422 ] ] } },
{ "type": "Feature", "properties": { "nombre": "Río Cajón Grande", "tipo": "river", "volcan_codigo": "LDM", "volcan_nombre": "Laguna del Maule", "drena_volcan": false }, "geometry": { "type": "LineString", "coordinates": [ [ -70.48536, -35.64459 ], [ -70.48557, -35.64531 ], [ -70.48608, -35.64567 ], [ -70.48609, -35.6469 ], [ -70.48587, -35.64712 ], [ -70.48581, -35.64765 ], [ -70.48537, -35.64785 ], [ -70.48512, -35.64878 ], [ -70.48529, -35.64916 ], [ -70.48513, -35.64941 ], [ -70.4852, -35.64988 ], [ -70.48579, -35.64985 ], [ -70.4865, -35.65083 ], [ -70.48713, -35.65083 ], [ -70.48733, -35.65122 ], [ -70.48833, -35.65089 ], [ -70.48857, -35.65148 ], [ -70.4889, -35.6514 ], [ -70.48902, -35.65187 ], [ -70.4894, -35.65189 ], [ -70.49079, -35.65267 ], [ -70.49069, -35.65323 ], [ -70.49087, -35.65354 ], [ -70.49079, -35.65391 ], [ -70.4902, -35.65449 ], [ -70.49055, -35.65538 ], [ -70.49168, -35.65598 ], [ -70.49183, -35.65657 ], [ -70.49299, -35.65678 ], [ -70.494, -35.65797 ], [ -70.49534, -35.65906 ], [ -70.49609, -35.65933 ], [ -70.49623, -35.66047 ], [ -70.49694, -35.66073 ], [ -70.4968, -35.66109 ], [ -70.49763, -35.66176 ], [ -70.49761, -35.66244 ], [ -70.49742, -35.66293 ], [ -70.49765, -35.66323 ], [ -70.49728, -35.66375 ], [ -70.49805, -35.66466 ], [ -70.49792, -35.66512 ], [ -70.49826, -35.66563 ], [ -70.49938, -35.66654 ], [ -70.49992, -35.66643 ], [ -70.5006, -35.66671 ], [ -70.50116, -35.66725 ], [ -70.5013, -35.66807 ], [ -70.50161, -35.66847 ], [ -70.50212, -35.66841 ], [ -70.50244, -35.66912 ], [ -70.5033, -35.67026 ], [ -70.50378, -35.67029 ], [ -70.50417, -35.67064 ], [ -70.50421, -35.67138 ], [ -70.50444, -35.67186 ], [ -70.5044, -35.67236 ], [ -70.50505, -35.67419 ], [ -70.50498, -35.67477 ], [ -70.50568, -35.67567 ], [ -70.50567, -35.67597 ], [ -70.50511, -35.67655 ], [ -70.50521, -35.67754 ], [ -70.50588, -35.67786 ], [ -70.50588, -35.67806 ], [ -70.50548, -35.67811 ], [ -70.5049, -35.67849 ], [ -70.50492, -35.67952 ], [ -70.50547, -35.68022 ], [ -70.50543, -35.68104 ], [ -70.5061, -35.68199 ], [ -70.5069, -35.68244 ], [ -70.5071, -35.68284 ], [ -70.50757, -35.6831 ], [ -70.50865, -35.68331 ], [ -70.50901, -35.68398 ], [ -70.50879, -35.68417 ], [ -70.50871, -35.68468 ], [ -70.50975, -35.68539 ], [ -70.50997, -35.68592 ], [ -70.50945, -35.68622 ], [ -70.50928, -35.68685 ], [ -70.50985, -35.68735 ], [ -70.50957, -35.6878 ], [ -70.50998, -35.68815 ], [ -70.51045, -35.68824 ], [ -70.51131, -35.68782 ], [ -70.51161, -35.68792 ], [ -70.51173, -35.68834 ], [ -70.51248, -35.68873 ], [ -70.51248, -35.68914 ], [ -70.51328, -35.68954 ], [ -70.51335, -35.69043 ], [ -70.51406, -35.69079 ], [ -70.51428, -35.6911 ], [ -70.51545, -35.6919 ], [ -70.51528, -35.69241 ], [ -70.51494, -35.69246 ], [ -70.5148, -35.69276 ], [ -70.51506, -35.69289 ], [ -70.51567, -35.69284 ], [ -70.51598, -35.69412 ], [ -70.51665, -35.69466 ], [ -70.51643, -35.69534 ], [ -70.5167, -35.69543 ], [ -70.51678, -35.69578 ], [ -70.51719, -35.69625 ], [ -70.51678, -35.69687 ], [ -70.517, -35.69708 ], [ -70.51736, -35.69705 ], [ -70.51773, -35.69674 ], [ -70.51799, -35.69681 ], [ -70.51893, -35.69782 ], [ -70.5197, -35.69822 ], [ -70.52001, -35.69872 ], [ -70.51997, -35.69912 ], [ -70.52023, -35.70011 ], [ -70.52164, -35.7006 ], [ -70.52191, -35.70061 ], [ -70.52242, -35.70027 ], [ -70.52311, -35.70028 ], [ -70.52326, -35.70052 ], [ -70.52315, -35.7008 ], [ -70.52331, -35.70093 ], [ -70.52393, -35.70093 ], [ -70.52553, -35.70206 ], [ -70.52615, -35.70227 ], [ -70.52697, -35.70202 ], [ -70.52747, -35.70232 ], [ -70.52782, -35.70201 ], [ -70.52817, -35.70205 ], [ -70.5287, -35.70184 ], [ -70.52881, -35.70149 ], [ -70.52909, -35.70141 ], [ -70.52957, -35.70149 ], [ -70.53079, -35.70236 ], [ -70.53125, -35.70225 ], [ -70.53161, -35.70167 ], [ -70.53201, -35.70176 ], [ -70.53235, -35.70213 ], [ -70.53233, -35.70258 ], [ -70.53248, -35.70278 ], [ -70.53312, -35.70288 ], [ -70.53334, -35.70328 ], [ -70.53312, -35.70392 ], [ -70.53347, -35.70449 ], [ -70.53353, -35.70498 ], [ -70.53385, -35.70538 ], [ -70.53449, -35.70553 ], [ -70.53463, -35.70595 ], [ -70.53418, -35.70662 ], [ -70.53446, -35.70705 ], [ -70.53527, -35.70709 ], [ -70.53577, -35.70758 ], [ -70.53626, -35.70745 ], [ -70.53687, -35.70688 ], [ -70.53732, -35.7068 ], [ -70.53859, -35.70732 ], [ -70.53949, -35.70816 ], [ -70.54139, -35.7083 ], [ -70.54254, -35.70974 ], [ -70.544, -35.71054 ], [ -70.54466, -35.71044 ], [ -70.54585, -35.7112 ], [ -70.54671, -35.71221 ], [ -70.54679, -35.71272 ], [ -70.54739, -35.71372 ], [ -70.54804, -35.71416 ], [ -70.54837, -35.71462 ], [ -70.55023, -35.7155 ], [ -70.55179, -35.71697 ], [ -70.55406, -35.71694 ], [ -70.55519, -35.71739 ], [ -70.55667, -35.71759 ], [ -70.55729, -35.71802 ], [ -70.55777, -35.71788 ], [ -70.55903, -35.71813 ], [ -70.56053, -35.7189 ], [ -70.56235, -35.71928 ], [ -70.56325, -35.71897 ], [ -70.56494, -35.7193 ], [ -70.56641, -35.71901 ], [ -70.56859, -35.71971 ], [ -70.56997, -35.71974 ], [ -70.57103, -35.71933 ], [ -70.57199, -35.71936 ], [ -70.5728, -35.71874 ], [ -70.5731, -35.71812 ], [ -70.57406, -35.71762 ], [ -70.5755, -35.7178 ], [ -70.57626, -35.71762 ], [ -70.57754, -35.71814 ], [ -70.57868, -35.71811 ], [ -70.57994, -35.71849 ], [ -70.58073, -35.71836 ], [ -70.58165, -35.7189 ], [ -70.5851, -35.71798 ], [ -70.58622, -35.71789 ], [ -70.5868, -35.71763 ], [ -70.58982, -35.71753 ] ] } },
{ "type": "Feature", "properties": { "nombre": "Río Campanario", "tipo": "river", "volcan_codigo": "LDM", "volcan_nombre": "Laguna del Maule", "drena_volcan": true }, "geometry": { "type": "LineString", "coordinates": [ [ -70.4479, -35.88056 ], [ -70.44621, -35.88167 ], [ -70.44568, -35.88184 ], [ -70.44472, -35.88179 ], [ -70.44432, -35.88205 ], [ -70.44432, -35.88235 ], [ -70.44393, -35.88251 ], [ -70.44358, -35.88294 ], [ -70.44319, -35.8829 ], [ -70.44264, -35.88356 ], [ -70.44229, -35.88359 ], [ -70.44195, -35.88454 ], [ -70.44164, -35.88454 ], [ -70.44117, -35.88486 ], [ -70.44112, -35.88559 ], [ -70.44253, -35.88705 ], [ -70.44266, -35.88748 ], [ -70.44311, -35.88781 ], [ -70.44312, -35.888 ], [ -70.44398, -35.88853 ], [ -70.44402, -35.88893 ], [ -70.44386, -35.88916 ], [ -70.44411, -35.88986 ], [ -70.44385, -35.89019 ], [ -70.44398, -35.89095 ], [ -70.44431, -35.89162 ], [ -70.44494, -35.89176 ], [ -70.44486, -35.89225 ], [ -70.44533, -35.89253 ], [ -70.44525, -35.89278 ], [ -70.44548, -35.89298 ], [ -70.44597, -35.893 ], [ -70.44618, -35.89316 ], [ -70.44613, -35.89334 ], [ -70.44654, -35.89362 ], [ -70.44638, -35.89378 ], [ -70.44648, -35.89438 ], [ -70.44736, -35.89443 ], [ -70.44968, -35.89543 ], [ -70.44932, -35.89581 ], [ -70.44889, -35.89598 ], [ -70.44883, -35.89621 ], [ -70.44906, -35.89673 ], [ -70.44969, -35.89716 ], [ -70.45004, -35.89778 ], [ -70.45055, -35.89811 ], [ -70.45033, -35.8988 ], [ -70.45052, -35.89902 ], [ -70.45071, -35.89905 ], [ -70.45154, -35.89993 ], [ -70.45212, -35.89999 ], [ -70.45273, -35.90049 ], [ -70.45266, -35.90092 ], [ -70.45311, -35.90134 ], [ -70.453, -35.90159 ], [ -70.45326, -35.90228 ], [ -70.45289, -35.90373 ], [ -70.45225, -35.90416 ], [ -70.45232, -35.90493 ], [ -70.45147, -35.90548 ], [ -70.45152, -35.90612 ], [ -70.45167, -35.90646 ], [ -70.4523, -35.90663 ], [ -70.4525, -35.90705 ], [ -70.45287, -35.90712 ], [ -70.45336, -35.90799 ], [ -70.45362, -35.90812 ], [ -70.45336, -35.90843 ], [ -70.45362, -35.9086 ], [ -70.45385, -35.90927 ], [ -70.45411, -35.90938 ], [ -70.45427, -35.90983 ], [ -70.45459, -35.91003 ], [ -70.45454, -35.91049 ], [ -70.45486, -35.91093 ], [ -70.45495, -35.9117 ], [ -70.4549, -35.91224 ], [ -70.45447, -35.9126 ], [ -70.45471, -35.91302 ], [ -70.45452, -35.91319 ], [ -70.45447, -35.91378 ], [ -70.45484, -35.91398 ], [ -70.45441, -35.91424 ], [ -70.45424, -35.91469 ], [ -70.45479, -35.9153 ], [ -70.45558, -35.91551 ], [ -70.45602, -35.91606 ], [ -70.45623, -35.9168 ], [ -70.45651, -35.91708 ], [ -70.45653, -35.91789 ], [ -70.45699, -35.91881 ], [ -70.45729, -35.91908 ], [ -70.45703, -35.91934 ], [ -70.45765, -35.91978 ], [ -70.45767, -35.92064 ], [ -70.45807, -35.92085 ], [ -70.4581, -35.9212 ], [ -70.45905, -35.92192 ], [ -70.46107, -35.92308 ], [ -70.46122, -35.92346 ], [ -70.46141, -35.92352 ], [ -70.46141, -35.92379 ], [ -70.46204, -35.92443 ], [ -70.46207, -35.92503 ], [ -70.46248, -35.92507 ], [ -70.46308, -35.92571 ], [ -70.46308, -35.92607 ], [ -70.46341, -35.92599 ], [ -70.46354, -35.92611 ], [ -70.46352, -35.92661 ], [ -70.46446, -35.92724 ], [ -70.46493, -35.92725 ], [ -70.4662, -35.92794 ], [ -70.46707, -35.92788 ], [ -70.46737, -35.92807 ], [ -70.46734, -35.92833 ], [ -70.46824, -35.92898 ], [ -70.46931, -35.92936 ], [ -70.4697, -35.92921 ], [ -70.47084, -35.9299 ], [ -70.47111, -35.92993 ], [ -70.47162, -35.92962 ], [ -70.47199, -35.92978 ], [ -70.47315, -35.92965 ], [ -70.47336, -35.92981 ], [ -70.4745, -35.92981 ], [ -70.47497, -35.93002 ], [ -70.47609, -35.9299 ], [ -70.47778, -35.93011 ], [ -70.47843, -35.92991 ], [ -70.47879, -35.93 ], [ -70.47941, -35.92964 ], [ -70.4799, -35.92993 ], [ -70.48037, -35.92968 ], [ -70.48073, -35.92987 ], [ -70.48186, -35.9297 ], [ -70.48194, -35.92952 ], [ -70.48263, -35.92931 ], [ -70.48375, -35.92932 ], [ -70.48647, -35.92991 ], [ -70.48874, -35.93115 ], [ -70.49097, -35.93173 ], [ -70.49147, -35.93194 ], [ -70.49159, -35.93216 ], [ -70.49302, -35.93233 ], [ -70.49377, -35.9326 ], [ -70.49434, -35.93248 ], [ -70.4953, -35.9326 ], [ -70.49658, -35.93323 ], [ -70.49673, -35.93347 ], [ -70.49741, -35.93385 ], [ -70.49977, -35.93415 ], [ -70.50043, -35.93467 ], [ -70.50141, -35.93451 ], [ -70.50323, -35.93521 ], [ -70.50413, -35.93502 ], [ -70.50455, -35.93527 ], [ -70.50526, -35.93526 ], [ -70.50678, -35.93581 ], [ -70.50847, -35.936 ], [ -70.50925, -35.93588 ], [ -70.5097, -35.93631 ], [ -70.51006, -35.93586 ], [ -70.51032, -35.93578 ], [ -70.51144, -35.93592 ], [ -70.51203, -35.93559 ], [ -70.51242, -35.93559 ], [ -70.51364, -35.93634 ], [ -70.51427, -35.93648 ], [ -70.51543, -35.93639 ], [ -70.51629, -35.93692 ], [ -70.51741, -35.93642 ], [ -70.51863, -35.93673 ], [ -70.51931, -35.93661 ], [ -70.52016, -35.93718 ], [ -70.52101, -35.93722 ], [ -70.52179, -35.93775 ], [ -70.52205, -35.93776 ], [ -70.52265, -35.93726 ], [ -70.52331, -35.9374 ], [ -70.52379, -35.93711 ], [ -70.52499, -35.93701 ], [ -70.52647, -35.93772 ], [ -70.52891, -35.93776 ], [ -70.53067, -35.93809 ], [ -70.5319, -35.93863 ], [ -70.53393, -35.93885 ], [ -70.53421, -35.93862 ], [ -70.53455, -35.93863 ], [ -70.53619, -35.93897 ], [ -70.53805, -35.93862 ], [ -70.53881, -35.93821 ], [ -70.54026, -35.93908 ], [ -70.54099, -35.93909 ], [ -70.54202, -35.93944 ], [ -70.54281, -35.93943 ], [ -70.54402, -35.9385 ], [ -70.54494, -35.93846 ], [ -70.54525, -35.93814 ], [ -70.5459, -35.93821 ], [ -70.54641, -35.93743 ], [ -70.54792, -35.93625 ], [ -70.54795, -35.93601 ], [ -70.5482, -35.93584 ], [ -70.54894, -35.9359 ], [ -70.54946, -35.93621 ], [ -70.54977, -35.93679 ], [ -70.55125, -35.93729 ], [ -70.55407, -35.93733 ], [ -70.55484, -35.93835 ], [ -70.55589, -35.93828 ], [ -70.5569, -35.93863 ], [ -70.55915, -35.93852 ], [ -70.56016, -35.93915 ], [ -70.5608, -35.93917 ], [ -70.5611, -35.93889 ], [ -70.56132, -35.93889 ], [ -70.56175, -35.93917 ], [ -70.56181, -35.93964 ], [ -70.56295, -35.94021 ], [ -70.56329, -35.94054 ], [ -70.56385, -35.94031 ], [ -70.56428, -35.94033 ], [ -70.56477, -35.94096 ], [ -70.56642, -35.94153 ], [ -70.56679, -35.94148 ], [ -70.5675, -35.94106 ], [ -70.56816, -35.94113 ], [ -70.56866, -35.9407 ], [ -70.56902, -35.94077 ], [ -70.56935, -35.9405 ], [ -70.56991, -35.94044 ], [ -70.57083, -35.93988 ], [ -70.57175, -35.93976 ], [ -70.57226, -35.93913 ], [ -70.57534, -35.93789 ], [ -70.57616, -35.93724 ], [ -70.57774, -35.93655 ], [ -70.57913, -35.93626 ], [ -70.5796, -35.9359 ], [ -70.57969, -35.93533 ], [ -70.58099, -35.93521 ], [ -70.58144, -35.93502 ], [ -70.58213, -35.93382 ], [ -70.58304, -35.93334 ], [ -70.58372, -35.93332 ], [ -70.58421, -35.93369 ], [ -70.58623, -35.93437 ], [ -70.5872, -35.93406 ], [ -70.5878, -35.93416 ], [ -70.58939, -35.9351 ], [ -70.58989, -35.93514 ], [ -70.59131, -35.93612 ], [ -70.59284, -35.93623 ], [ -70.59326, -35.93646 ], [ -70.59512, -35.93611 ], [ -70.59619, -35.93562 ], [ -70.59712, -35.9347 ], [ -70.59785, -35.93425 ], [ -70.59929, -35.93416 ], [ -70.60022, -35.9337 ], [ -70.60191, -35.93385 ], [ -70.60256, -35.93409 ], [ -70.60446, -35.93334 ], [ -70.60469, -35.93293 ], [ -70.60513, -35.9327 ], [ -70.60594, -35.93274 ], [ -70.60671, -35.93225 ] ] } },
{ "type": "Feature", "properties": { "nombre": "Río Cipreces", "tipo": "river", "volcan_codigo": "LDM", "volcan_nombre": "Laguna del Maule", "drena_volcan": true }, "geometry": { "type": "MultiLineString", "coordinates": [ [ [ -70.77438, -35.72955 ], [ -70.77517, -35.7305 ], [ -70.77571, -35.73343 ], [ -70.7763, -35.73507 ], [ -70.77634, -35.73664 ], [ -70.77615, -35.73856 ], [ -70.77697, -35.74045 ], [ -70.7786, -35.74086 ], [ -70.77928, -35.74189 ], [ -70.7797, -35.74293 ], [ -70.78091, -35.74394 ], [ -70.78028, -35.74442 ], [ -70.77897, -35.7441 ], [ -70.77841, -35.74435 ], [ -70.77813, -35.74473 ], [ -70.7785, -35.74526 ], [ -70.77927, -35.74576 ], [ -70.77954, -35.74625 ], [ -70.77953, -35.74663 ], [ -70.78009, -35.7471 ], [ -70.78022, -35.74757 ], [ -70.78058, -35.74784 ], [ -70.78067, -35.74871 ], [ -70.78141, -35.75011 ], [ -70.7818, -35.75134 ], [ -70.78241, -35.7518 ], [ -70.78399, -35.75196 ], [ -70.78516, -35.75356 ], [ -70.78511, -35.75454 ], [ -70.7854, -35.75527 ], [ -70.78554, -35.75689 ], [ -70.78594, -35.75801 ], [ -70.78556, -35.75955 ], [ -70.78537, -35.75993 ], [ -70.78478, -35.76047 ], [ -70.78525, -35.761 ], [ -70.78497, -35.76182 ], [ -70.78548, -35.76316 ], [ -70.78586, -35.76354 ], [ -70.78711, -35.76405 ], [ -70.78883, -35.76543 ], [ -70.78916, -35.76537 ], [ -70.7897, -35.76615 ], [ -70.79013, -35.76646 ], [ -70.79067, -35.76734 ], [ -70.79074, -35.76782 ], [ -70.79147, -35.7685 ], [ -70.7937, -35.76845 ], [ -70.79418, -35.76859 ], [ -70.79593, -35.76937 ], [ -70.796, -35.76958 ], [ -70.7975, -35.77063 ], [ -70.79893, -35.77352 ], [ -70.79941, -35.77373 ], [ -70.79982, -35.77349 ], [ -70.80037, -35.77351 ], [ -70.8012, -35.77432 ], [ -70.80245, -35.77656 ], [ -70.80257, -35.77731 ], [ -70.80316, -35.77775 ], [ -70.80364, -35.77878 ], [ -70.80388, -35.77902 ], [ -70.80458, -35.77924 ], [ -70.8051, -35.78024 ], [ -70.8056, -35.78068 ], [ -70.80657, -35.78108 ], [ -70.80762, -35.78246 ], [ -70.80825, -35.78289 ], [ -70.80841, -35.78408 ], [ -70.80903, -35.78531 ], [ -70.80972, -35.78574 ], [ -70.81024, -35.78647 ] ], [ [ -70.77428, -35.72796 ], [ -70.77421, -35.72899 ] ], [ [ -70.77421, -35.72899 ], [ -70.77438, -35.72955 ] ], [ [ -70.81062, -35.78689 ], [ -70.81084, -35.78861 ], [ -70.81168, -35.7901 ], [ -70.8128, -35.79107 ], [ -70.81338, -35.79203 ], [ -70.81416, -35.79261 ], [ -70.81422, -35.79328 ], [ -70.81385, -35.79382 ], [ -70.8138, -35.79421 ], [ -70.81423, -35.79482 ], [ -70.81397, -35.79625 ], [ -70.8141, -35.79722 ], [ -70.81468, -35.79794 ], [ -70.81564, -35.79858 ], [ -70.81848, -35.79918 ], [ -70.81928, -35.7995 ], [ -70.82133, -35.80093 ], [ -70.82245, -35.80138 ], [ -70.8235, -35.80225 ], [ -70.82454, -35.80272 ], [ -70.82609, -35.80427 ], [ -70.83149, -35.80537 ], [ -70.83256, -35.80716 ], [ -70.83326, -35.80763 ], [ -70.83464, -35.80779 ], [ -70.83526, -35.80815 ], [ -70.83632, -35.80831 ], [ -70.83773, -35.80936 ], [ -70.83791, -35.81027 ] ], [ [ -70.81024, -35.78647 ], [ -70.81062, -35.78689 ] ] ] } },
{ "type": "Feature", "properties": { "nombre": "Río Colorado", "tipo": "river", "volcan_codigo": "LDM", "volcan_nombre": "Laguna del Maule", "drena_volcan": false }, "geometry": { "type": "MultiLineString", "coordinates": [ [ [ -70.79589, -35.96135 ], [ -70.79603, -35.96084 ], [ -70.796, -35.95956 ], [ -70.79662, -35.95841 ], [ -70.79667, -35.95716 ], [ -70.79626, -35.95597 ], [ -70.79684, -35.95339 ], [ -70.798, -35.95068 ], [ -70.79802, -35.95032 ], [ -70.79795, -35.94997 ], [ -70.79673, -35.94882 ], [ -70.79664, -35.94778 ], [ -70.79698, -35.9474 ], [ -70.79716, -35.94701 ], [ -70.79705, -35.94679 ], [ -70.79714, -35.94649 ], [ -70.79802, -35.94502 ], [ -70.79904, -35.94375 ], [ -70.79953, -35.94342 ], [ -70.80029, -35.94205 ], [ -70.80022, -35.94061 ], [ -70.79954, -35.93871 ], [ -70.79847, -35.93713 ], [ -70.79719, -35.93656 ], [ -70.79705, -35.93553 ], [ -70.79736, -35.93502 ], [ -70.79719, -35.93465 ], [ -70.79732, -35.93432 ], [ -70.79782, -35.93405 ], [ -70.79793, -35.93375 ], [ -70.79773, -35.93327 ], [ -70.79772, -35.93271 ], [ -70.79794, -35.93212 ], [ -70.79831, -35.93195 ], [ -70.79841, -35.93135 ], [ -70.79904, -35.93056 ], [ -70.8004, -35.92973 ], [ -70.80024, -35.92885 ], [ -70.8, -35.92865 ], [ -70.79979, -35.92791 ], [ -70.7998, -35.92765 ], [ -70.80018, -35.92718 ], [ -70.80018, -35.92675 ], [ -70.79973, -35.92622 ], [ -70.79971, -35.9259 ], [ -70.80022, -35.92526 ], [ -70.8001, -35.92462 ], [ -70.7999, -35.92443 ], [ -70.80048, -35.92355 ], [ -70.80046, -35.92275 ], [ -70.80209, -35.9217 ], [ -70.80244, -35.92113 ], [ -70.80251, -35.92052 ], [ -70.80271, -35.9202 ], [ -70.80403, -35.91889 ], [ -70.80472, -35.91785 ], [ -70.80602, -35.91733 ], [ -70.80796, -35.91627 ], [ -70.80923, -35.91665 ], [ -70.81119, -35.91683 ], [ -70.81296, -35.91624 ], [ -70.81306, -35.91603 ], [ -70.81295, -35.91557 ], [ -70.81329, -35.91515 ], [ -70.81373, -35.91494 ], [ -70.81654, -35.91474 ], [ -70.81887, -35.91412 ], [ -70.81919, -35.91391 ], [ -70.82055, -35.91411 ], [ -70.82222, -35.91379 ], [ -70.82302, -35.91333 ], [ -70.82421, -35.91321 ], [ -70.82497, -35.91281 ], [ -70.82733, -35.91249 ], [ -70.82794, -35.91208 ], [ -70.82924, -35.91162 ], [ -70.83121, -35.91133 ], [ -70.83189, -35.91137 ], [ -70.83256, -35.91181 ], [ -70.83489, -35.9123 ], [ -70.83694, -35.91225 ], [ -70.84028, -35.91266 ], [ -70.84064, -35.91286 ], [ -70.84122, -35.91389 ], [ -70.84173, -35.91426 ], [ -70.84221, -35.91423 ], [ -70.84387, -35.91335 ], [ -70.84433, -35.91369 ], [ -70.84533, -35.91393 ], [ -70.84869, -35.91397 ], [ -70.84922, -35.91429 ], [ -70.84928, -35.91487 ], [ -70.85214, -35.91558 ], [ -70.85474, -35.91518 ], [ -70.85523, -35.9141 ], [ -70.85671, -35.91506 ], [ -70.86022, -35.91288 ], [ -70.8611, -35.91144 ], [ -70.86261, -35.91159 ], [ -70.86554, -35.9115 ], [ -70.86739, -35.91057 ], [ -70.86813, -35.90896 ], [ -70.87116, -35.90576 ], [ -70.87248, -35.90582 ], [ -70.87391, -35.90505 ], [ -70.87454, -35.90396 ], [ -70.87445, -35.9029 ], [ -70.87693, -35.90165 ], [ -70.87876, -35.89939 ], [ -70.88151, -35.898 ], [ -70.88511, -35.89656 ], [ -70.88727, -35.89391 ], [ -70.89049, -35.8916 ], [ -70.89571, -35.88892 ], [ -70.89826, -35.88858 ], [ -70.90145, -35.8839 ], [ -70.90413, -35.88247 ], [ -70.90646, -35.88078 ], [ -70.90853, -35.87752 ], [ -70.91106, -35.87463 ], [ -70.91302, -35.87131 ], [ -70.91487, -35.86979 ] ], [ [ -70.42179, -35.61676 ], [ -70.42236, -35.61517 ], [ -70.42263, -35.61503 ], [ -70.42263, -35.61434 ], [ -70.42231, -35.61391 ], [ -70.42244, -35.61365 ], [ -70.42227, -35.61303 ], [ -70.42149, -35.61223 ], [ -70.42177, -35.61143 ], [ -70.42167, -35.61027 ], [ -70.42194, -35.6101 ], [ -70.42277, -35.60848 ], [ -70.42285, -35.60695 ], [ -70.42235, -35.60629 ], [ -70.42244, -35.60573 ], [ -70.42273, -35.60532 ], [ -70.42315, -35.60515 ], [ -70.42314, -35.60485 ], [ -70.42358, -35.60461 ], [ -70.42388, -35.60389 ], [ -70.42365, -35.60359 ], [ -70.42394, -35.60331 ], [ -70.42365, -35.60292 ], [ -70.42385, -35.60284 ], [ -70.42391, -35.60244 ], [ -70.42435, -35.60229 ], [ -70.42407, -35.60156 ], [ -70.4243, -35.60151 ], [ -70.42467, -35.60061 ], [ -70.42465, -35.60029 ], [ -70.42506, -35.59995 ], [ -70.42499, -35.59948 ], [ -70.42574, -35.59817 ], [ -70.42526, -35.59792 ], [ -70.42584, -35.59693 ], [ -70.42569, -35.59675 ], [ -70.42594, -35.59641 ], [ -70.42588, -35.59592 ], [ -70.42741, -35.59311 ], [ -70.42729, -35.59266 ], [ -70.42688, -35.59239 ], [ -70.42673, -35.59186 ], [ -70.42708, -35.59151 ], [ -70.42728, -35.59064 ], [ -70.42778, -35.59001 ], [ -70.42781, -35.58879 ], [ -70.4282, -35.58831 ], [ -70.42838, -35.5877 ], [ -70.42861, -35.5877 ], [ -70.42874, -35.58713 ], [ -70.4284, -35.58668 ], [ -70.42877, -35.5858 ], [ -70.43139, -35.5828 ], [ -70.43325, -35.58194 ], [ -70.43497, -35.58143 ], [ -70.43821, -35.57924 ], [ -70.43886, -35.57916 ], [ -70.44044, -35.57812 ], [ -70.44214, -35.57751 ], [ -70.44272, -35.57663 ], [ -70.44279, -35.57635 ], [ -70.44256, -35.5762 ], [ -70.44238, -35.57549 ], [ -70.44178, -35.57478 ], [ -70.44174, -35.57427 ], [ -70.44065, -35.57372 ], [ -70.44013, -35.5728 ], [ -70.44111, -35.57097 ], [ -70.44141, -35.57079 ], [ -70.44138, -35.57025 ], [ -70.44106, -35.56973 ], [ -70.44123, -35.56908 ], [ -70.44032, -35.5679 ], [ -70.43869, -35.56692 ], [ -70.43836, -35.56632 ], [ -70.43673, -35.56474 ], [ -70.436, -35.56432 ] ], [ [ -70.91487, -35.86979 ], [ -70.91542, -35.86909 ], [ -70.91547, -35.86887 ], [ -70.91507, -35.8684 ], [ -70.91558, -35.86742 ], [ -70.91634, -35.86686 ], [ -70.91808, -35.866 ], [ -70.91846, -35.86542 ], [ -70.91879, -35.86366 ], [ -70.91864, -35.86294 ], [ -70.91877, -35.86259 ], [ -70.92057, -35.86111 ], [ -70.92129, -35.85973 ], [ -70.92296, -35.85879 ], [ -70.92324, -35.85663 ], [ -70.92467, -35.85518 ], [ -70.92482, -35.85277 ], [ -70.92473, -35.85082 ], [ -70.92556, -35.84978 ], [ -70.92651, -35.84913 ], [ -70.92571, -35.84678 ], [ -70.92636, -35.84573 ], [ -70.92893, -35.84422 ], [ -70.93228, -35.83935 ], [ -70.93207, -35.83812 ], [ -70.93215, -35.83779 ], [ -70.93319, -35.83716 ], [ -70.93463, -35.83498 ], [ -70.93557, -35.83448 ], [ -70.93752, -35.83262 ], [ -70.93835, -35.83206 ], [ -70.93976, -35.83075 ], [ -70.94037, -35.8299 ] ], [ [ -70.94037, -35.8299 ], [ -70.9404, -35.82947 ], [ -70.93971, -35.82847 ], [ -70.93974, -35.82794 ], [ -70.94027, -35.82719 ], [ -70.94163, -35.82641 ], [ -70.94209, -35.8256 ], [ -70.94179, -35.82485 ], [ -70.94228, -35.82292 ], [ -70.94205, -35.82114 ], [ -70.94255, -35.81971 ], [ -70.94506, -35.81791 ], [ -70.94556, -35.81683 ], [ -70.94563, -35.81633 ], [ -70.94693, -35.81507 ], [ -70.94728, -35.81509 ], [ -70.94855, -35.81467 ], [ -70.94927, -35.81467 ], [ -70.94996, -35.81439 ], [ -70.95068, -35.81307 ], [ -70.95171, -35.8124 ], [ -70.95229, -35.81112 ], [ -70.95334, -35.81015 ], [ -70.95353, -35.8094 ] ] ] } },
{ "type": "Feature", "properties": { "nombre": "Río Farías", "tipo": "river", "volcan_codigo": "LDM", "volcan_nombre": "Laguna del Maule", "drena_volcan": false }, "geometry": { "type": "MultiLineString", "coordinates": [ [ [ -70.81167, -36.24637 ], [ -70.81202, -36.24634 ], [ -70.81227, -36.24657 ], [ -70.81252, -36.24754 ], [ -70.81282, -36.24783 ], [ -70.81443, -36.24828 ], [ -70.81553, -36.24805 ], [ -70.81767, -36.24846 ], [ -70.81816, -36.24864 ], [ -70.8188, -36.24926 ], [ -70.81969, -36.24932 ], [ -70.82042, -36.2497 ], [ -70.82226, -36.24955 ], [ -70.823, -36.25018 ], [ -70.82332, -36.25026 ], [ -70.82443, -36.24955 ], [ -70.82548, -36.24977 ], [ -70.82614, -36.24952 ], [ -70.82682, -36.24953 ], [ -70.82877, -36.25107 ], [ -70.83048, -36.25181 ] ], [ [ -70.83048, -36.25181 ], [ -70.83084, -36.25242 ], [ -70.83151, -36.25263 ], [ -70.83171, -36.253 ], [ -70.83345, -36.25307 ], [ -70.83448, -36.2536 ], [ -70.83604, -36.25383 ], [ -70.83694, -36.25434 ], [ -70.83957, -36.25347 ], [ -70.84108, -36.25333 ], [ -70.84267, -36.25384 ], [ -70.84347, -36.25326 ], [ -70.84428, -36.25342 ], [ -70.84468, -36.25373 ], [ -70.84556, -36.25557 ], [ -70.84574, -36.25637 ], [ -70.84596, -36.25643 ], [ -70.84654, -36.2562 ], [ -70.84863, -36.25711 ], [ -70.84922, -36.25766 ], [ -70.85003, -36.25803 ], [ -70.8504, -36.25848 ], [ -70.85174, -36.25929 ], [ -70.85279, -36.25927 ], [ -70.85527, -36.25996 ], [ -70.85617, -36.25959 ], [ -70.85725, -36.25987 ], [ -70.85801, -36.25946 ], [ -70.8587, -36.25952 ], [ -70.86031, -36.26015 ], [ -70.86122, -36.26019 ], [ -70.86298, -36.25972 ], [ -70.86354, -36.25995 ], [ -70.86423, -36.25957 ], [ -70.86473, -36.25908 ], [ -70.86541, -36.25877 ], [ -70.86717, -36.25883 ], [ -70.86789, -36.25831 ], [ -70.86806, -36.25767 ], [ -70.86786, -36.25629 ], [ -70.86802, -36.25583 ], [ -70.86773, -36.25514 ], [ -70.86703, -36.2544 ], [ -70.86686, -36.25355 ], [ -70.86719, -36.25316 ], [ -70.86759, -36.25312 ], [ -70.86848, -36.25241 ], [ -70.86939, -36.25236 ], [ -70.86977, -36.25211 ], [ -70.86977, -36.25164 ], [ -70.86939, -36.25107 ], [ -70.86962, -36.25052 ], [ -70.86926, -36.24998 ], [ -70.8693, -36.24951 ], [ -70.86961, -36.24917 ], [ -70.87072, -36.24888 ], [ -70.87081, -36.24811 ], [ -70.87157, -36.24748 ], [ -70.87148, -36.24597 ], [ -70.87245, -36.24494 ], [ -70.87456, -36.24524 ], [ -70.87536, -36.24521 ], [ -70.87586, -36.24508 ], [ -70.87628, -36.24437 ], [ -70.87687, -36.24411 ], [ -70.87771, -36.2444 ], [ -70.87824, -36.24435 ], [ -70.87901, -36.24466 ], [ -70.87949, -36.24465 ], [ -70.88071, -36.24394 ], [ -70.88201, -36.24353 ], [ -70.8852, -36.2433 ], [ -70.88714, -36.24291 ], [ -70.8899, -36.24127 ], [ -70.89106, -36.24096 ], [ -70.89224, -36.24103 ], [ -70.89322, -36.2408 ], [ -70.89393, -36.2409 ], [ -70.89525, -36.24011 ], [ -70.89649, -36.24039 ], [ -70.89901, -36.24007 ], [ -70.9005, -36.24018 ], [ -70.90148, -36.23976 ], [ -70.90293, -36.2397 ], [ -70.9034, -36.23953 ], [ -70.90466, -36.23969 ], [ -70.9059, -36.23946 ], [ -70.90766, -36.23988 ], [ -70.90833, -36.23955 ], [ -70.90868, -36.23907 ], [ -70.91008, -36.23854 ], [ -70.91117, -36.23783 ], [ -70.91394, -36.23772 ], [ -70.91431, -36.23713 ], [ -70.91522, -36.23665 ], [ -70.91583, -36.23601 ], [ -70.91682, -36.23554 ], [ -70.91789, -36.23557 ], [ -70.91856, -36.23525 ], [ -70.9188, -36.23502 ], [ -70.91905, -36.23435 ], [ -70.9195, -36.23398 ], [ -70.92135, -36.23374 ] ], [ [ -70.83047, -36.25181 ], [ -70.83048, -36.25181 ] ], [ [ -70.83048, -36.25181 ], [ -70.83107, -36.25195 ], [ -70.83147, -36.25261 ] ], [ [ -70.77016, -36.22021 ], [ -70.77042, -36.22073 ], [ -70.77024, -36.22141 ], [ -70.77055, -36.22181 ], [ -70.77123, -36.22214 ], [ -70.77154, -36.22276 ], [ -70.77206, -36.22305 ], [ -70.77221, -36.22397 ], [ -70.77189, -36.22471 ], [ -70.77237, -36.22573 ], [ -70.77284, -36.22608 ], [ -70.77297, -36.22648 ], [ -70.77374, -36.22666 ], [ -70.77445, -36.22714 ], [ -70.77474, -36.22783 ], [ -70.77465, -36.22844 ], [ -70.77543, -36.22866 ], [ -70.77515, -36.22931 ], [ -70.77563, -36.2298 ], [ -70.77556, -36.23101 ], [ -70.77678, -36.23124 ], [ -70.77703, -36.23176 ], [ -70.77758, -36.23211 ], [ -70.77765, -36.23282 ], [ -70.77815, -36.23311 ], [ -70.7789, -36.23306 ], [ -70.77964, -36.23363 ], [ -70.77991, -36.23463 ], [ -70.78032, -36.23493 ], [ -70.78036, -36.23528 ], [ -70.78064, -36.23556 ], [ -70.78257, -36.23585 ], [ -70.78303, -36.23573 ], [ -70.78414, -36.23613 ], [ -70.78496, -36.23668 ], [ -70.78552, -36.23752 ], [ -70.78633, -36.23761 ], [ -70.78727, -36.23804 ], [ -70.78783, -36.23865 ], [ -70.78881, -36.23912 ], [ -70.79098, -36.23977 ], [ -70.79119, -36.24017 ], [ -70.79381, -36.24148 ], [ -70.79454, -36.24225 ], [ -70.79591, -36.24225 ], [ -70.79679, -36.24278 ], [ -70.79758, -36.2429 ], [ -70.79838, -36.24338 ], [ -70.79947, -36.24327 ], [ -70.79996, -36.2435 ], [ -70.8005, -36.2432 ], [ -70.80161, -36.24372 ], [ -70.80238, -36.24363 ], [ -70.80292, -36.24401 ], [ -70.80487, -36.24479 ], [ -70.8055, -36.24476 ], [ -70.8075, -36.24521 ], [ -70.80793, -36.24547 ], [ -70.80843, -36.24607 ], [ -70.80966, -36.24589 ], [ -70.81043, -36.24638 ], [ -70.81167, -36.24637 ] ] ] } },
{ "type": "Feature", "properties": { "nombre": "Río Guaiquivilo", "tipo": "stream", "volcan_codigo": "LDM", "volcan_nombre": "Laguna del Maule", "drena_volcan": false }, "geometry": { "type": "MultiLineString", "coordinates": [ [ [ -70.58276, -36.12483 ], [ -70.58315, -36.12509 ], [ -70.58322, -36.1258 ], [ -70.58449, -36.12635 ], [ -70.58449, -36.12663 ], [ -70.58533, -36.12719 ], [ -70.58538, -36.12758 ], [ -70.58633, -36.12782 ], [ -70.58654, -36.12805 ], [ -70.58715, -36.12805 ], [ -70.58807, -36.12868 ], [ -70.58846, -36.12962 ], [ -70.58884, -36.13004 ], [ -70.58893, -36.1308 ], [ -70.58942, -36.13143 ], [ -70.58991, -36.13165 ], [ -70.59047, -36.13251 ], [ -70.59086, -36.13282 ], [ -70.59087, -36.13326 ], [ -70.59116, -36.13349 ], [ -70.59151, -36.13423 ], [ -70.59249, -36.13498 ], [ -70.59291, -36.13553 ], [ -70.59293, -36.13601 ], [ -70.59332, -36.13642 ], [ -70.59369, -36.1375 ], [ -70.594, -36.13794 ], [ -70.59395, -36.13817 ], [ -70.59448, -36.13836 ], [ -70.59501, -36.13832 ], [ -70.59528, -36.13851 ], [ -70.59588, -36.13989 ], [ -70.59654, -36.14047 ], [ -70.59672, -36.14086 ] ], [ [ -70.58015, -36.12296 ], [ -70.58008, -36.12328 ], [ -70.58055, -36.12419 ], [ -70.5811, -36.12443 ], [ -70.58115, -36.12431 ], [ -70.58149, -36.12434 ], [ -70.58276, -36.12483 ] ], [ [ -70.59672, -36.14086 ], [ -70.59685, -36.14102 ], [ -70.5973, -36.14102 ], [ -70.59742, -36.14137 ], [ -70.59776, -36.14159 ], [ -70.59819, -36.14246 ], [ -70.59815, -36.14288 ], [ -70.59919, -36.14349 ], [ -70.59975, -36.14361 ], [ -70.60113, -36.14485 ], [ -70.60152, -36.14485 ], [ -70.60217, -36.14524 ], [ -70.60238, -36.14563 ], [ -70.60299, -36.14611 ], [ -70.603, -36.14653 ], [ -70.6033, -36.14681 ], [ -70.60352, -36.14777 ], [ -70.60512, -36.1492 ], [ -70.60583, -36.14932 ], [ -70.60622, -36.1498 ], [ -70.60676, -36.14996 ], [ -70.60696, -36.15052 ], [ -70.6074, -36.15074 ], [ -70.60752, -36.15111 ], [ -70.60788, -36.15134 ], [ -70.60804, -36.15202 ], [ -70.60841, -36.15238 ], [ -70.60831, -36.15281 ], [ -70.60904, -36.15335 ], [ -70.60926, -36.15389 ], [ -70.60979, -36.154 ], [ -70.61002, -36.15446 ], [ -70.6099, -36.15482 ], [ -70.61035, -36.15514 ], [ -70.61015, -36.1555 ], [ -70.61132, -36.15606 ], [ -70.61149, -36.15647 ], [ -70.61134, -36.15689 ], [ -70.61189, -36.1571 ], [ -70.61231, -36.15707 ], [ -70.61284, -36.15795 ], [ -70.61339, -36.15777 ], [ -70.61317, -36.15864 ], [ -70.61409, -36.1589 ], [ -70.61412, -36.15948 ], [ -70.61465, -36.15971 ], [ -70.61508, -36.16015 ], [ -70.61491, -36.16062 ], [ -70.61511, -36.16097 ], [ -70.61587, -36.16131 ], [ -70.61562, -36.16192 ], [ -70.61623, -36.16213 ], [ -70.61599, -36.16262 ], [ -70.6163, -36.16319 ], [ -70.61622, -36.16394 ], [ -70.61735, -36.16678 ], [ -70.61713, -36.16725 ], [ -70.61737, -36.16746 ], [ -70.61729, -36.16783 ], [ -70.61773, -36.16807 ], [ -70.61791, -36.16848 ], [ -70.61891, -36.16937 ], [ -70.61879, -36.16989 ], [ -70.619, -36.17043 ], [ -70.61969, -36.17106 ], [ -70.61979, -36.17168 ], [ -70.62031, -36.17186 ], [ -70.62033, -36.1726 ], [ -70.62007, -36.17296 ], [ -70.62002, -36.17356 ], [ -70.62022, -36.17379 ], [ -70.62085, -36.17397 ], [ -70.62104, -36.17456 ] ], [ [ -70.66364, -36.20796 ], [ -70.66379, -36.2084 ], [ -70.66512, -36.20886 ], [ -70.66549, -36.20932 ], [ -70.66618, -36.20971 ], [ -70.66699, -36.20991 ], [ -70.66799, -36.2098 ], [ -70.66857, -36.20999 ], [ -70.67021, -36.21003 ], [ -70.67248, -36.21109 ], [ -70.67392, -36.21125 ], [ -70.67522, -36.21214 ], [ -70.67662, -36.21204 ], [ -70.67705, -36.21233 ], [ -70.67711, -36.21276 ], [ -70.67746, -36.21335 ], [ -70.67796, -36.21342 ], [ -70.6784, -36.21371 ], [ -70.68015, -36.21378 ], [ -70.68038, -36.21392 ], [ -70.68088, -36.21491 ], [ -70.68372, -36.21548 ], [ -70.68432, -36.21636 ], [ -70.68537, -36.21732 ], [ -70.68664, -36.21736 ], [ -70.68817, -36.21771 ], [ -70.68822, -36.21807 ], [ -70.68862, -36.21852 ], [ -70.68857, -36.21895 ], [ -70.68934, -36.21952 ], [ -70.68952, -36.21984 ], [ -70.68997, -36.22153 ], [ -70.69099, -36.2224 ], [ -70.69127, -36.22421 ], [ -70.69236, -36.22535 ], [ -70.69258, -36.22589 ], [ -70.69347, -36.22686 ], [ -70.69356, -36.22797 ], [ -70.69405, -36.22836 ], [ -70.69486, -36.22956 ], [ -70.69597, -36.23004 ], [ -70.69724, -36.23116 ], [ -70.6974, -36.23154 ], [ -70.69727, -36.23206 ], [ -70.69739, -36.23252 ], [ -70.69878, -36.23317 ], [ -70.69947, -36.23379 ], [ -70.70018, -36.23412 ], [ -70.70063, -36.23461 ], [ -70.70117, -36.23609 ], [ -70.70071, -36.23678 ], [ -70.70137, -36.2376 ], [ -70.70189, -36.23783 ], [ -70.7026, -36.23843 ], [ -70.70265, -36.23926 ], [ -70.703, -36.23982 ], [ -70.70342, -36.24007 ], [ -70.70401, -36.23981 ], [ -70.70436, -36.23989 ], [ -70.70514, -36.24073 ], [ -70.70576, -36.24191 ], [ -70.70708, -36.24223 ], [ -70.70758, -36.24291 ], [ -70.70764, -36.24346 ], [ -70.70805, -36.24385 ], [ -70.71024, -36.24382 ] ], [ [ -70.66, -36.20414 ], [ -70.65991, -36.20435 ], [ -70.66021, -36.20493 ], [ -70.66011, -36.20525 ], [ -70.66162, -36.20598 ], [ -70.66192, -36.20644 ], [ -70.66195, -36.20726 ] ], [ [ -70.62104, -36.17456 ], [ -70.62105, -36.17507 ], [ -70.6214, -36.17586 ], [ -70.62199, -36.17626 ], [ -70.62308, -36.17661 ], [ -70.62392, -36.17786 ], [ -70.62463, -36.17836 ], [ -70.62399, -36.17923 ], [ -70.62434, -36.17957 ], [ -70.62459, -36.18015 ], [ -70.62551, -36.18016 ], [ -70.62671, -36.18102 ], [ -70.62714, -36.18089 ], [ -70.62787, -36.18105 ], [ -70.62875, -36.18169 ], [ -70.62839, -36.18221 ], [ -70.62856, -36.18264 ], [ -70.62945, -36.18279 ], [ -70.63017, -36.18332 ], [ -70.63087, -36.18341 ], [ -70.63189, -36.18445 ], [ -70.63333, -36.18496 ], [ -70.63368, -36.18587 ], [ -70.63472, -36.18613 ], [ -70.63483, -36.18652 ], [ -70.6355, -36.18686 ], [ -70.63626, -36.18764 ], [ -70.63679, -36.18904 ], [ -70.63719, -36.18918 ], [ -70.63806, -36.18909 ], [ -70.63938, -36.18922 ], [ -70.63979, -36.1895 ], [ -70.64059, -36.19068 ], [ -70.64114, -36.19093 ], [ -70.64184, -36.19083 ], [ -70.6422, -36.19141 ], [ -70.64293, -36.1914 ], [ -70.64369, -36.19203 ], [ -70.64454, -36.1915 ], [ -70.64525, -36.1918 ], [ -70.64611, -36.19175 ], [ -70.64644, -36.19124 ], [ -70.64687, -36.19099 ], [ -70.64727, -36.191 ], [ -70.64764, -36.19114 ], [ -70.64777, -36.19156 ], [ -70.648, -36.19171 ], [ -70.6502, -36.1918 ], [ -70.65021, -36.19222 ], [ -70.65039, -36.19248 ], [ -70.65179, -36.19298 ], [ -70.65207, -36.19417 ], [ -70.65266, -36.19468 ], [ -70.65289, -36.19525 ], [ -70.65245, -36.19558 ], [ -70.65268, -36.19663 ], [ -70.65347, -36.19651 ], [ -70.65381, -36.19693 ], [ -70.65371, -36.19728 ], [ -70.65507, -36.19839 ], [ -70.65691, -36.19925 ], [ -70.65702, -36.19951 ], [ -70.65693, -36.20022 ], [ -70.65722, -36.20038 ], [ -70.6578, -36.20033 ], [ -70.65758, -36.20107 ], [ -70.65856, -36.20221 ], [ -70.65909, -36.20257 ], [ -70.65933, -36.20328 ], [ -70.66, -36.20414 ] ], [ [ -70.66, -36.20414 ], [ -70.65956, -36.20477 ], [ -70.65966, -36.20516 ], [ -70.66051, -36.20595 ], [ -70.66128, -36.20606 ], [ -70.66147, -36.20638 ], [ -70.66152, -36.20695 ], [ -70.66207, -36.20737 ], [ -70.66247, -36.20753 ], [ -70.66335, -36.20753 ], [ -70.66364, -36.20796 ] ], [ [ -70.71024, -36.24382 ], [ -70.71089, -36.24415 ], [ -70.71174, -36.24565 ], [ -70.71305, -36.24614 ], [ -70.71331, -36.24637 ], [ -70.71328, -36.24674 ], [ -70.7128, -36.24724 ], [ -70.71279, -36.24788 ], [ -70.71334, -36.24815 ], [ -70.71431, -36.24818 ], [ -70.7148, -36.24883 ], [ -70.71615, -36.24954 ], [ -70.71603, -36.25041 ], [ -70.7162, -36.25068 ], [ -70.71741, -36.25109 ], [ -70.71784, -36.2517 ], [ -70.719, -36.2519 ], [ -70.7191, -36.25278 ], [ -70.71995, -36.2542 ], [ -70.72027, -36.25438 ], [ -70.72135, -36.25448 ], [ -70.72183, -36.25482 ], [ -70.72277, -36.25619 ], [ -70.72266, -36.25681 ], [ -70.72282, -36.25699 ], [ -70.72413, -36.25714 ], [ -70.7249, -36.25755 ], [ -70.72547, -36.25837 ], [ -70.726, -36.25875 ], [ -70.72723, -36.26025 ], [ -70.72999, -36.26161 ], [ -70.73097, -36.2625 ], [ -70.732, -36.26274 ], [ -70.73283, -36.2627 ], [ -70.73328, -36.2629 ], [ -70.73436, -36.26357 ], [ -70.73586, -36.26521 ], [ -70.73695, -36.26583 ], [ -70.7389, -36.26617 ], [ -70.73931, -36.26673 ], [ -70.74019, -36.26748 ], [ -70.74026, -36.26823 ], [ -70.74048, -36.2687 ], [ -70.74048, -36.2698 ], [ -70.74076, -36.27057 ], [ -70.74359, -36.27263 ], [ -70.74418, -36.27418 ], [ -70.74617, -36.27632 ], [ -70.74606, -36.27736 ], [ -70.74554, -36.27828 ], [ -70.74655, -36.27898 ], [ -70.74674, -36.27933 ], [ -70.74596, -36.28265 ], [ -70.74602, -36.28299 ], [ -70.74671, -36.28363 ], [ -70.74676, -36.2839 ], [ -70.74629, -36.28452 ], [ -70.74607, -36.28563 ], [ -70.7471, -36.28693 ], [ -70.74749, -36.28776 ], [ -70.74825, -36.28858 ], [ -70.74906, -36.29012 ], [ -70.74889, -36.29117 ], [ -70.74926, -36.29175 ], [ -70.74936, -36.29222 ], [ -70.75007, -36.29297 ], [ -70.74973, -36.29339 ], [ -70.74927, -36.29447 ], [ -70.74859, -36.29496 ], [ -70.7485, -36.29535 ], [ -70.74891, -36.29593 ], [ -70.75148, -36.29819 ], [ -70.75171, -36.29892 ], [ -70.75225, -36.29948 ], [ -70.75255, -36.29961 ], [ -70.75346, -36.29955 ], [ -70.75509, -36.3005 ], [ -70.75521, -36.30116 ], [ -70.75589, -36.30184 ], [ -70.75632, -36.30267 ], [ -70.75705, -36.30336 ], [ -70.75767, -36.30368 ], [ -70.75931, -36.30397 ], [ -70.75959, -36.30498 ], [ -70.7608, -36.30497 ], [ -70.76228, -36.30574 ], [ -70.76344, -36.30594 ], [ -70.76376, -36.30613 ], [ -70.76388, -36.30635 ], [ -70.76362, -36.30709 ], [ -70.76367, -36.30833 ], [ -70.76489, -36.30951 ], [ -70.76483, -36.31047 ], [ -70.76547, -36.31161 ], [ -70.76557, -36.31244 ], [ -70.76546, -36.31295 ], [ -70.76579, -36.31426 ], [ -70.76676, -36.31563 ], [ -70.76668, -36.31588 ], [ -70.76576, -36.31657 ], [ -70.76527, -36.31745 ], [ -70.76526, -36.31863 ], [ -70.76575, -36.31966 ], [ -70.76563, -36.32026 ], [ -70.76595, -36.32061 ], [ -70.7668, -36.3209 ], [ -70.76712, -36.32132 ], [ -70.76746, -36.32241 ], [ -70.76899, -36.32428 ], [ -70.77047, -36.325 ], [ -70.77122, -36.3256 ], [ -70.77197, -36.32659 ], [ -70.77326, -36.32762 ], [ -70.77429, -36.32814 ], [ -70.77532, -36.32827 ], [ -70.77575, -36.32864 ], [ -70.7773, -36.3294 ], [ -70.7784, -36.33059 ], [ -70.78078, -36.33164 ], [ -70.78136, -36.33217 ], [ -70.78175, -36.33301 ], [ -70.78221, -36.33345 ], [ -70.78648, -36.33437 ], [ -70.7872, -36.33412 ], [ -70.78799, -36.33353 ], [ -70.78846, -36.33225 ], [ -70.78944, -36.33204 ], [ -70.79057, -36.33298 ], [ -70.79077, -36.33351 ], [ -70.79156, -36.33452 ], [ -70.79226, -36.33496 ], [ -70.79302, -36.33513 ], [ -70.79388, -36.33478 ], [ -70.79436, -36.33476 ], [ -70.79821, -36.33563 ], [ -70.79907, -36.33617 ], [ -70.80054, -36.33759 ], [ -70.80195, -36.3385 ] ], [ [ -70.80195, -36.3385 ], [ -70.80377, -36.33901 ], [ -70.8063, -36.33853 ], [ -70.81226, -36.33997 ], [ -70.81338, -36.34057 ], [ -70.81622, -36.34075 ], [ -70.81846, -36.34159 ], [ -70.81897, -36.34233 ], [ -70.81975, -36.34264 ], [ -70.8203, -36.34271 ], [ -70.82157, -36.34254 ], [ -70.82199, -36.34268 ], [ -70.82335, -36.34351 ], [ -70.82373, -36.34445 ], [ -70.82412, -36.34484 ], [ -70.82543, -36.34535 ], [ -70.82621, -36.34589 ], [ -70.82731, -36.34773 ], [ -70.82791, -36.34844 ], [ -70.82951, -36.34966 ], [ -70.8299, -36.35044 ], [ -70.83008, -36.35212 ], [ -70.83122, -36.35436 ], [ -70.83386, -36.35673 ], [ -70.8363, -36.35811 ], [ -70.83755, -36.35863 ], [ -70.83867, -36.35949 ], [ -70.83933, -36.35976 ], [ -70.84179, -36.35962 ], [ -70.84326, -36.35995 ], [ -70.84468, -36.35985 ], [ -70.84599, -36.36007 ], [ -70.84612, -36.36023 ], [ -70.8461, -36.36074 ], [ -70.84631, -36.36096 ], [ -70.84646, -36.36192 ], [ -70.8472, -36.36322 ] ], [ [ -70.8472, -36.36322 ], [ -70.84967, -36.36407 ], [ -70.85058, -36.36419 ], [ -70.85176, -36.36472 ], [ -70.85259, -36.36632 ], [ -70.85434, -36.3676 ], [ -70.85504, -36.36774 ], [ -70.85756, -36.36768 ], [ -70.85773, -36.36944 ], [ -70.8584, -36.37018 ], [ -70.86025, -36.37091 ], [ -70.8612, -36.37101 ], [ -70.86321, -36.37072 ], [ -70.86704, -36.37155 ], [ -70.87237, -36.37095 ], [ -70.87355, -36.37058 ], [ -70.87769, -36.36995 ], [ -70.87996, -36.36992 ], [ -70.88407, -36.37037 ], [ -70.88483, -36.3701 ], [ -70.88564, -36.36904 ], [ -70.88633, -36.36872 ], [ -70.888, -36.36861 ], [ -70.88969, -36.36889 ], [ -70.8906, -36.36873 ], [ -70.89127, -36.36842 ], [ -70.89184, -36.36785 ], [ -70.89163, -36.3662 ], [ -70.89185, -36.36532 ], [ -70.89201, -36.36519 ], [ -70.89294, -36.36522 ], [ -70.89599, -36.36372 ] ], [ [ -70.90864, -36.20614 ], [ -70.9094, -36.20559 ], [ -70.91008, -36.20452 ], [ -70.91017, -36.20396 ], [ -70.90964, -36.20121 ], [ -70.91013, -36.20076 ], [ -70.91017, -36.20048 ], [ -70.90953, -36.19878 ], [ -70.90886, -36.19821 ], [ -70.90824, -36.19725 ], [ -70.9082, -36.1967 ] ], [ [ -70.9229, -36.27889 ], [ -70.92296, -36.27811 ], [ -70.92278, -36.27708 ], [ -70.92238, -36.27586 ], [ -70.92181, -36.27485 ], [ -70.92167, -36.27303 ], [ -70.92195, -36.27229 ], [ -70.92269, -36.27188 ], [ -70.92307, -36.2712 ], [ -70.92305, -36.27082 ], [ -70.92278, -36.2704 ], [ -70.92297, -36.26867 ], [ -70.92379, -36.26679 ], [ -70.92408, -36.26538 ], [ -70.92394, -36.26423 ], [ -70.9235, -36.2629 ], [ -70.92353, -36.26205 ], [ -70.92394, -36.26112 ], [ -70.92511, -36.25961 ], [ -70.92495, -36.25878 ], [ -70.92537, -36.25792 ], [ -70.92489, -36.25705 ], [ -70.9239, -36.25615 ], [ -70.92225, -36.25283 ], [ -70.92198, -36.25113 ], [ -70.92228, -36.24951 ], [ -70.92196, -36.24811 ], [ -70.92209, -36.24678 ], [ -70.92177, -36.24563 ], [ -70.92124, -36.24471 ], [ -70.9197, -36.24348 ], [ -70.91959, -36.24318 ], [ -70.91959, -36.24258 ], [ -70.92037, -36.24033 ], [ -70.92014, -36.23863 ], [ -70.92021, -36.23595 ], [ -70.92118, -36.23521 ], [ -70.92154, -36.23454 ], [ -70.92132, -36.23342 ], [ -70.92142, -36.23215 ], [ -70.92125, -36.23126 ], [ -70.92024, -36.22887 ], [ -70.91955, -36.22816 ], [ -70.91904, -36.22673 ], [ -70.918, -36.22507 ], [ -70.91791, -36.22364 ], [ -70.91749, -36.22246 ], [ -70.91716, -36.22217 ], [ -70.91567, -36.22177 ], [ -70.91395, -36.22084 ], [ -70.91366, -36.22058 ], [ -70.91322, -36.21969 ], [ -70.91147, -36.2176 ], [ -70.90981, -36.21665 ], [ -70.90948, -36.2161 ] ], [ [ -70.89599, -36.36372 ], [ -70.8971, -36.36157 ], [ -70.89737, -36.36066 ], [ -70.89723, -36.35983 ], [ -70.89676, -36.35881 ], [ -70.89661, -36.3578 ], [ -70.89699, -36.35526 ], [ -70.89686, -36.35405 ], [ -70.89696, -36.3529 ], [ -70.89877, -36.35011 ], [ -70.89943, -36.3494 ], [ -70.8999, -36.34926 ], [ -70.90053, -36.3478 ], [ -70.90061, -36.34708 ], [ -70.90019, -36.34654 ], [ -70.90024, -36.34404 ], [ -70.90089, -36.34326 ], [ -70.90156, -36.34311 ], [ -70.9028, -36.34247 ], [ -70.90327, -36.34189 ], [ -70.90349, -36.34059 ], [ -70.90569, -36.33737 ], [ -70.90576, -36.33667 ], [ -70.90623, -36.33572 ], [ -70.90671, -36.3336 ], [ -70.90673, -36.33275 ], [ -70.90767, -36.33121 ], [ -70.90929, -36.32948 ], [ -70.90986, -36.32907 ], [ -70.9133, -36.3285 ], [ -70.91421, -36.32804 ], [ -70.91439, -36.32749 ], [ -70.91424, -36.32684 ], [ -70.9143, -36.32577 ], [ -70.91537, -36.32474 ], [ -70.91629, -36.3234 ], [ -70.91643, -36.32293 ], [ -70.9164, -36.32199 ], [ -70.91716, -36.31991 ], [ -70.91779, -36.31885 ], [ -70.91771, -36.31809 ], [ -70.91688, -36.31705 ], [ -70.91681, -36.31607 ], [ -70.9159, -36.31469 ], [ -70.91576, -36.31424 ], [ -70.91582, -36.31313 ], [ -70.91531, -36.31171 ], [ -70.91446, -36.31033 ], [ -70.91448, -36.31001 ], [ -70.91475, -36.30964 ], [ -70.91637, -36.30861 ], [ -70.91649, -36.3084 ], [ -70.91585, -36.30554 ], [ -70.915, -36.30327 ], [ -70.91503, -36.30245 ], [ -70.91545, -36.30172 ], [ -70.91564, -36.30005 ], [ -70.9155, -36.29954 ], [ -70.9151, -36.29916 ], [ -70.91502, -36.29762 ], [ -70.91522, -36.29706 ], [ -70.91555, -36.29673 ], [ -70.91714, -36.2963 ], [ -70.91774, -36.29595 ], [ -70.91829, -36.29341 ], [ -70.91931, -36.29245 ], [ -70.92018, -36.29112 ], [ -70.92035, -36.29019 ], [ -70.92006, -36.28892 ], [ -70.9189, -36.28744 ], [ -70.91904, -36.28634 ], [ -70.91893, -36.28526 ], [ -70.91918, -36.28459 ], [ -70.92062, -36.28292 ], [ -70.92246, -36.28154 ], [ -70.92278, -36.28114 ], [ -70.92304, -36.27957 ], [ -70.9229, -36.27889 ] ], [ [ -70.9082, -36.1967 ], [ -70.90855, -36.19567 ], [ -70.91008, -36.19406 ], [ -70.91195, -36.19324 ], [ -70.91338, -36.19315 ], [ -70.91498, -36.19205 ], [ -70.91535, -36.19136 ], [ -70.91533, -36.19014 ], [ -70.91585, -36.18974 ], [ -70.91687, -36.18955 ], [ -70.91717, -36.18927 ], [ -70.91747, -36.18879 ], [ -70.91787, -36.18748 ], [ -70.91832, -36.18673 ], [ -70.91827, -36.18606 ], [ -70.91755, -36.18487 ], [ -70.91771, -36.18419 ], [ -70.91749, -36.1835 ], [ -70.91746, -36.18251 ], [ -70.91827, -36.18028 ], [ -70.91852, -36.17851 ], [ -70.91879, -36.17774 ], [ -70.91997, -36.17725 ], [ -70.92049, -36.1767 ], [ -70.92066, -36.17589 ], [ -70.92037, -36.17489 ], [ -70.92158, -36.17153 ], [ -70.92159, -36.17017 ], [ -70.92145, -36.16963 ], [ -70.9203, -36.16817 ], [ -70.91895, -36.16686 ], [ -70.91891, -36.16658 ], [ -70.91924, -36.16595 ], [ -70.92017, -36.16567 ], [ -70.92032, -36.16335 ], [ -70.92065, -36.16254 ], [ -70.92091, -36.16229 ], [ -70.92205, -36.16206 ], [ -70.92279, -36.1616 ], [ -70.92354, -36.1609 ], [ -70.92412, -36.16008 ], [ -70.92442, -36.15932 ], [ -70.92462, -36.15644 ], [ -70.92441, -36.1527 ], [ -70.92297, -36.15029 ], [ -70.92337, -36.14877 ], [ -70.92336, -36.14812 ], [ -70.92306, -36.14717 ], [ -70.92355, -36.14667 ], [ -70.92417, -36.14502 ], [ -70.92419, -36.14461 ], [ -70.92303, -36.14336 ], [ -70.92037, -36.14192 ], [ -70.92014, -36.14006 ], [ -70.92124, -36.13932 ], [ -70.92495, -36.13497 ], [ -70.92695, -36.13343 ], [ -70.92885, -36.13238 ], [ -70.92938, -36.13063 ], [ -70.92904, -36.12888 ], [ -70.92866, -36.12805 ], [ -70.92807, -36.12736 ], [ -70.9261, -36.12638 ], [ -70.92336, -36.12548 ], [ -70.92272, -36.12501 ], [ -70.92259, -36.12416 ], [ -70.92325, -36.12233 ], [ -70.92322, -36.12105 ], [ -70.92366, -36.11901 ], [ -70.92427, -36.11794 ], [ -70.92382, -36.11735 ], [ -70.92132, -36.11729 ], [ -70.92061, -36.11709 ], [ -70.91997, -36.11621 ], [ -70.9199, -36.11584 ], [ -70.91995, -36.11552 ], [ -70.92152, -36.11274 ], [ -70.9235, -36.1105 ], [ -70.92348, -36.10992 ], [ -70.92321, -36.10935 ], [ -70.92274, -36.10889 ], [ -70.92137, -36.1087 ], [ -70.9207, -36.10812 ], [ -70.91967, -36.10525 ], [ -70.91784, -36.1029 ], [ -70.91678, -36.10197 ], [ -70.91656, -36.10152 ], [ -70.91655, -36.1009 ], [ -70.91687, -36.10028 ], [ -70.91878, -36.09863 ], [ -70.91899, -36.09823 ], [ -70.91904, -36.09753 ], [ -70.91872, -36.09705 ], [ -70.91729, -36.09628 ], [ -70.91625, -36.09529 ], [ -70.91573, -36.09411 ], [ -70.91563, -36.09343 ], [ -70.9163, -36.09264 ], [ -70.91704, -36.09129 ], [ -70.91727, -36.08973 ], [ -70.91763, -36.08885 ], [ -70.91836, -36.08775 ], [ -70.91942, -36.0869 ], [ -70.91975, -36.08564 ], [ -70.92043, -36.08443 ], [ -70.92037, -36.08405 ], [ -70.91963, -36.08388 ], [ -70.91939, -36.08367 ], [ -70.91939, -36.08302 ] ], [ [ -70.90948, -36.2161 ], [ -70.90916, -36.21511 ], [ -70.90873, -36.21454 ], [ -70.90786, -36.2143 ] ], [ [ -70.90948, -36.2161 ], [ -70.90913, -36.21563 ], [ -70.90849, -36.21519 ], [ -70.90822, -36.21451 ], [ -70.90786, -36.2143 ] ], [ [ -70.90786, -36.2143 ], [ -70.90736, -36.21423 ], [ -70.90692, -36.21306 ], [ -70.90642, -36.20924 ], [ -70.90696, -36.20823 ], [ -70.90864, -36.20614 ] ], [ [ -70.9231, -36.27106 ], [ -70.92353, -36.27034 ], [ -70.92419, -36.26978 ], [ -70.9245, -36.26817 ], [ -70.92442, -36.26698 ], [ -70.92514, -36.26522 ], [ -70.92506, -36.26459 ], [ -70.92436, -36.26314 ], [ -70.92453, -36.26146 ], [ -70.92439, -36.2606 ] ], [ [ -70.8461, -36.36043 ], [ -70.84519, -36.36134 ], [ -70.84521, -36.36206 ], [ -70.84554, -36.36245 ], [ -70.84642, -36.363 ], [ -70.8472, -36.36322 ] ] ] } },
{ "type": "Feature", "properties": { "nombre": "Río La Invernada", "tipo": "river", "volcan_codigo": "LDM", "volcan_nombre": "Laguna del Maule", "drena_volcan": false }, "geometry": { "type": "MultiLineString", "coordinates": [ [ [ -70.64369, -35.6914 ], [ -70.64598, -35.69122 ], [ -70.64899, -35.68999 ], [ -70.65078, -35.69008 ], [ -70.65325, -35.6906 ], [ -70.65584, -35.69184 ], [ -70.65705, -35.69212 ], [ -70.65902, -35.69217 ], [ -70.65968, -35.6917 ], [ -70.66002, -35.69116 ], [ -70.66065, -35.69061 ], [ -70.66108, -35.69042 ], [ -70.66231, -35.69059 ], [ -70.66361, -35.68998 ], [ -70.66386, -35.69035 ], [ -70.66456, -35.69042 ], [ -70.6647, -35.69011 ], [ -70.66645, -35.6899 ], [ -70.66722, -35.6904 ], [ -70.67021, -35.69095 ], [ -70.67066, -35.69133 ], [ -70.67063, -35.69204 ], [ -70.67208, -35.69377 ], [ -70.67292, -35.69447 ], [ -70.67412, -35.69489 ], [ -70.67474, -35.69561 ], [ -70.67531, -35.69551 ], [ -70.67659, -35.69578 ], [ -70.67714, -35.69623 ], [ -70.67753, -35.69689 ], [ -70.68116, -35.69783 ], [ -70.68245, -35.69936 ], [ -70.68275, -35.70024 ], [ -70.68316, -35.70039 ], [ -70.68402, -35.70011 ], [ -70.68462, -35.70025 ], [ -70.68546, -35.70104 ], [ -70.6863, -35.70092 ], [ -70.68684, -35.70101 ], [ -70.6888, -35.70172 ], [ -70.6896, -35.70244 ], [ -70.69061, -35.70252 ], [ -70.69152, -35.70228 ], [ -70.69287, -35.70238 ], [ -70.69323, -35.70327 ], [ -70.69576, -35.70403 ], [ -70.69697, -35.70399 ], [ -70.69951, -35.70337 ], [ -70.7067, -35.704 ], [ -70.71287, -35.70514 ], [ -70.71752, -35.70625 ] ], [ [ -70.58982, -35.71753 ], [ -70.5912, -35.71766 ], [ -70.5921, -35.71734 ], [ -70.59259, -35.71671 ], [ -70.59312, -35.71562 ], [ -70.59388, -35.71508 ], [ -70.59415, -35.71408 ], [ -70.59519, -35.71337 ], [ -70.59592, -35.71248 ], [ -70.59617, -35.71179 ], [ -70.59707, -35.71092 ], [ -70.59728, -35.7103 ], [ -70.59724, -35.70859 ], [ -70.59775, -35.70761 ], [ -70.59968, -35.70637 ], [ -70.5999, -35.70472 ], [ -70.60165, -35.70362 ], [ -70.60194, -35.70268 ], [ -70.60331, -35.70175 ], [ -70.60349, -35.70094 ], [ -70.60578, -35.69993 ], [ -70.6078, -35.69946 ], [ -70.60811, -35.69882 ], [ -70.60928, -35.69835 ], [ -70.60974, -35.69745 ], [ -70.6124, -35.69591 ], [ -70.61324, -35.69509 ], [ -70.61474, -35.69405 ], [ -70.61542, -35.69294 ], [ -70.61653, -35.6927 ], [ -70.61698, -35.69242 ], [ -70.61829, -35.69086 ], [ -70.61903, -35.69043 ], [ -70.61923, -35.69002 ], [ -70.61925, -35.68945 ], [ -70.62002, -35.68866 ], [ -70.62255, -35.68811 ], [ -70.62421, -35.68757 ], [ -70.62749, -35.68731 ], [ -70.62871, -35.68704 ], [ -70.63044, -35.68703 ], [ -70.63214, -35.68662 ], [ -70.63377, -35.68703 ], [ -70.6359, -35.68797 ], [ -70.63685, -35.68871 ], [ -70.6376, -35.68963 ], [ -70.64185, -35.69168 ], [ -70.64237, -35.69172 ], [ -70.64369, -35.6914 ] ], [ [ -70.47809, -35.74593 ], [ -70.47905, -35.74631 ], [ -70.47973, -35.74735 ], [ -70.48053, -35.74817 ], [ -70.48136, -35.74873 ], [ -70.48189, -35.7489 ], [ -70.48239, -35.74958 ], [ -70.48296, -35.75001 ], [ -70.48342, -35.75085 ], [ -70.48446, -35.75151 ], [ -70.48538, -35.75167 ], [ -70.48594, -35.75195 ], [ -70.48673, -35.75186 ], [ -70.48788, -35.7522 ], [ -70.48827, -35.75193 ], [ -70.48905, -35.7518 ], [ -70.48952, -35.75194 ], [ -70.4909, -35.75189 ], [ -70.49163, -35.75224 ], [ -70.49308, -35.75241 ], [ -70.49395, -35.75268 ], [ -70.4956, -35.75269 ], [ -70.49575, -35.75228 ], [ -70.49634, -35.75213 ], [ -70.49635, -35.75166 ], [ -70.49699, -35.75121 ], [ -70.49874, -35.75122 ], [ -70.50126, -35.75015 ], [ -70.50391, -35.75001 ], [ -70.5055, -35.75066 ], [ -70.50625, -35.75157 ], [ -70.5071, -35.75169 ], [ -70.50766, -35.75149 ], [ -70.50863, -35.75083 ], [ -70.50928, -35.75065 ], [ -70.50981, -35.75097 ], [ -70.51211, -35.75069 ], [ -70.51303, -35.75079 ], [ -70.51346, -35.75119 ], [ -70.51407, -35.75116 ], [ -70.51497, -35.75085 ], [ -70.5152, -35.75025 ], [ -70.51673, -35.74978 ], [ -70.51705, -35.74918 ], [ -70.51739, -35.74899 ], [ -70.51916, -35.74865 ], [ -70.52009, -35.74819 ], [ -70.5207, -35.74821 ], [ -70.52171, -35.7486 ], [ -70.52233, -35.74852 ], [ -70.52279, -35.74821 ], [ -70.52456, -35.74851 ], [ -70.52602, -35.74732 ], [ -70.52662, -35.7464 ], [ -70.52789, -35.74555 ], [ -70.52848, -35.74453 ], [ -70.5288, -35.7444 ], [ -70.53041, -35.74445 ], [ -70.53126, -35.74415 ], [ -70.53168, -35.74335 ], [ -70.53146, -35.74222 ], [ -70.53159, -35.74182 ], [ -70.53222, -35.74163 ], [ -70.53341, -35.74173 ], [ -70.53376, -35.74102 ], [ -70.53489, -35.74064 ], [ -70.53481, -35.73976 ], [ -70.53504, -35.73941 ], [ -70.53644, -35.73898 ], [ -70.5367, -35.73861 ], [ -70.53778, -35.73793 ], [ -70.53854, -35.73715 ], [ -70.53882, -35.73622 ], [ -70.53982, -35.73531 ], [ -70.54048, -35.73436 ], [ -70.54145, -35.73402 ], [ -70.54237, -35.73439 ], [ -70.54269, -35.73434 ], [ -70.54293, -35.73358 ], [ -70.54567, -35.73246 ], [ -70.54664, -35.73135 ], [ -70.54693, -35.73121 ], [ -70.54771, -35.73136 ], [ -70.54864, -35.73109 ], [ -70.55029, -35.72989 ], [ -70.55079, -35.7299 ], [ -70.5518, -35.73034 ], [ -70.55243, -35.73031 ], [ -70.55321, -35.72933 ], [ -70.55372, -35.72919 ], [ -70.55439, -35.72872 ], [ -70.55484, -35.72882 ], [ -70.55533, -35.72869 ], [ -70.55546, -35.72818 ], [ -70.55584, -35.72772 ], [ -70.55736, -35.72635 ], [ -70.55769, -35.72632 ], [ -70.55809, -35.72653 ], [ -70.55801, -35.72691 ], [ -70.55836, -35.72749 ], [ -70.55917, -35.72761 ], [ -70.56042, -35.72753 ], [ -70.56072, -35.72741 ], [ -70.56121, -35.72684 ], [ -70.56225, -35.72643 ], [ -70.56263, -35.72586 ], [ -70.56326, -35.72574 ], [ -70.56376, -35.72626 ], [ -70.56414, -35.727 ], [ -70.56391, -35.72791 ], [ -70.56397, -35.72869 ], [ -70.56478, -35.72918 ], [ -70.5649, -35.72943 ], [ -70.56623, -35.73001 ], [ -70.56785, -35.72939 ], [ -70.56914, -35.73017 ], [ -70.56948, -35.73019 ], [ -70.57025, -35.72986 ], [ -70.57153, -35.73003 ], [ -70.57179, -35.72987 ], [ -70.57207, -35.72921 ], [ -70.5718, -35.72844 ], [ -70.57226, -35.7283 ], [ -70.57277, -35.72837 ], [ -70.57315, -35.72908 ], [ -70.57382, -35.72937 ], [ -70.57504, -35.72883 ], [ -70.57635, -35.72906 ], [ -70.57692, -35.72879 ], [ -70.57779, -35.72869 ], [ -70.5782, -35.72889 ], [ -70.57852, -35.72947 ], [ -70.579, -35.72962 ], [ -70.57948, -35.72949 ], [ -70.58057, -35.72872 ], [ -70.58151, -35.72835 ], [ -70.58222, -35.7273 ], [ -70.58345, -35.7271 ], [ -70.58408, -35.72684 ], [ -70.58492, -35.72569 ], [ -70.58488, -35.7244 ], [ -70.58535, -35.72396 ], [ -70.58554, -35.72303 ], [ -70.58548, -35.72235 ], [ -70.58665, -35.7212 ], [ -70.58702, -35.7206 ], [ -70.58683, -35.71998 ], [ -70.58687, -35.71952 ], [ -70.58772, -35.71904 ], [ -70.5887, -35.71814 ], [ -70.58982, -35.71753 ] ], [ [ -70.47669, -35.74586 ], [ -70.47809, -35.74593 ] ], [ [ -70.4711, -35.74678 ], [ -70.47179, -35.74645 ], [ -70.4746, -35.74673 ], [ -70.47522, -35.74628 ], [ -70.47637, -35.74606 ], [ -70.47669, -35.74586 ] ], [ [ -70.39092, -35.69459 ], [ -70.38975, -35.69666 ], [ -70.3895, -35.6973 ], [ -70.38954, -35.6977 ], [ -70.38911, -35.69788 ], [ -70.3889, -35.69833 ], [ -70.38831, -35.69873 ], [ -70.38788, -35.69927 ], [ -70.38714, -35.70093 ], [ -70.38648, -35.70146 ], [ -70.38585, -35.70399 ], [ -70.38507, -35.70452 ], [ -70.38457, -35.70519 ], [ -70.38448, -35.70599 ], [ -70.38407, -35.70724 ], [ -70.38417, -35.70789 ], [ -70.38388, -35.70864 ], [ -70.38372, -35.70991 ], [ -70.38347, -35.71016 ], [ -70.38333, -35.71087 ], [ -70.38289, -35.71117 ], [ -70.38293, -35.71163 ], [ -70.38237, -35.71189 ], [ -70.38191, -35.71243 ], [ -70.38188, -35.71286 ], [ -70.38154, -35.71327 ], [ -70.38136, -35.714 ], [ -70.38097, -35.71458 ], [ -70.3806, -35.71676 ], [ -70.37994, -35.71854 ], [ -70.38026, -35.7189 ], [ -70.37995, -35.7198 ], [ -70.38009, -35.72021 ], [ -70.37997, -35.72072 ], [ -70.37865, -35.72206 ], [ -70.37857, -35.72281 ], [ -70.37878, -35.72318 ], [ -70.3788, -35.72362 ], [ -70.3783, -35.72491 ], [ -70.37903, -35.7268 ], [ -70.3797, -35.72742 ], [ -70.37971, -35.72769 ], [ -70.38072, -35.72939 ], [ -70.3807, -35.72972 ], [ -70.38098, -35.73037 ], [ -70.38138, -35.73096 ], [ -70.38175, -35.731 ], [ -70.38238, -35.72998 ], [ -70.38313, -35.72966 ], [ -70.3841, -35.72996 ], [ -70.38518, -35.73093 ], [ -70.38584, -35.73117 ], [ -70.38779, -35.73066 ], [ -70.38812, -35.73071 ], [ -70.3893, -35.73151 ], [ -70.38957, -35.7322 ], [ -70.39001, -35.73245 ], [ -70.39052, -35.7331 ], [ -70.39068, -35.7336 ], [ -70.39047, -35.73398 ], [ -70.39061, -35.7347 ], [ -70.3903, -35.7352 ], [ -70.39068, -35.7356 ], [ -70.39064, -35.73605 ], [ -70.39029, -35.73709 ], [ -70.38983, -35.7377 ], [ -70.38977, -35.73851 ], [ -70.3894, -35.73882 ], [ -70.38961, -35.73936 ], [ -70.39004, -35.73971 ], [ -70.39006, -35.74009 ], [ -70.38971, -35.7405 ], [ -70.38968, -35.74108 ], [ -70.39028, -35.74123 ], [ -70.39017, -35.74168 ], [ -70.38955, -35.74208 ], [ -70.38924, -35.74308 ], [ -70.38854, -35.74386 ], [ -70.38867, -35.74463 ], [ -70.38913, -35.74512 ], [ -70.38915, -35.74586 ], [ -70.38843, -35.74604 ], [ -70.38795, -35.74635 ], [ -70.38817, -35.74674 ], [ -70.38808, -35.74747 ], [ -70.38826, -35.74765 ], [ -70.38882, -35.74768 ], [ -70.38913, -35.74789 ], [ -70.38945, -35.74848 ], [ -70.38914, -35.74929 ], [ -70.3897, -35.74993 ], [ -70.3898, -35.75061 ], [ -70.39034, -35.75107 ], [ -70.39086, -35.75118 ], [ -70.39094, -35.75152 ], [ -70.39153, -35.75194 ], [ -70.39156, -35.7528 ], [ -70.39187, -35.75325 ], [ -70.3921, -35.75467 ], [ -70.39236, -35.75496 ], [ -70.39256, -35.75584 ], [ -70.39263, -35.75728 ], [ -70.39356, -35.75949 ], [ -70.39352, -35.76014 ], [ -70.39421, -35.76076 ], [ -70.39481, -35.76259 ], [ -70.39541, -35.76366 ], [ -70.39648, -35.7641 ], [ -70.39687, -35.7647 ], [ -70.39693, -35.7652 ], [ -70.39778, -35.76611 ], [ -70.39788, -35.7666 ], [ -70.39839, -35.76738 ], [ -70.39953, -35.76805 ], [ -70.4002, -35.76791 ], [ -70.40066, -35.76838 ], [ -70.40172, -35.76828 ], [ -70.40222, -35.76842 ], [ -70.40322, -35.76827 ], [ -70.40511, -35.76868 ], [ -70.40582, -35.76955 ], [ -70.40684, -35.76993 ], [ -70.40767, -35.76998 ], [ -70.41138, -35.76903 ], [ -70.41172, -35.76817 ], [ -70.41132, -35.76763 ], [ -70.41121, -35.76698 ], [ -70.41137, -35.76643 ], [ -70.41118, -35.76608 ], [ -70.41152, -35.76585 ], [ -70.41166, -35.76518 ], [ -70.41203, -35.76469 ], [ -70.41252, -35.76437 ], [ -70.4127, -35.76371 ], [ -70.41317, -35.76329 ], [ -70.41412, -35.76309 ], [ -70.41453, -35.76283 ], [ -70.41553, -35.76286 ], [ -70.41659, -35.76263 ], [ -70.41809, -35.76295 ], [ -70.41878, -35.76325 ], [ -70.42056, -35.76305 ] ], [ [ -70.42056, -35.76305 ], [ -70.42214, -35.76177 ], [ -70.4223, -35.76072 ], [ -70.42325, -35.75973 ], [ -70.42321, -35.75932 ], [ -70.42248, -35.75881 ], [ -70.42249, -35.75848 ], [ -70.42313, -35.7584 ], [ -70.42344, -35.75776 ], [ -70.4239, -35.75752 ], [ -70.4244, -35.75742 ], [ -70.4251, -35.75784 ], [ -70.42607, -35.75757 ], [ -70.42694, -35.75623 ], [ -70.42746, -35.7557 ], [ -70.42881, -35.75487 ], [ -70.42941, -35.75481 ], [ -70.42959, -35.75363 ], [ -70.42995, -35.75308 ], [ -70.43003, -35.75254 ], [ -70.43098, -35.75199 ], [ -70.43134, -35.75129 ], [ -70.43154, -35.75028 ], [ -70.4347, -35.7491 ], [ -70.43612, -35.74828 ], [ -70.43652, -35.74826 ], [ -70.43694, -35.74846 ], [ -70.43699, -35.74902 ], [ -70.43723, -35.74929 ], [ -70.43816, -35.74903 ], [ -70.43853, -35.74922 ], [ -70.43916, -35.74909 ], [ -70.43981, -35.74925 ], [ -70.44033, -35.74901 ], [ -70.44108, -35.74927 ], [ -70.44253, -35.74897 ], [ -70.44367, -35.74841 ], [ -70.44544, -35.74815 ], [ -70.44689, -35.74853 ], [ -70.44783, -35.74845 ], [ -70.44837, -35.74819 ], [ -70.44866, -35.74858 ], [ -70.44929, -35.74872 ], [ -70.44983, -35.7485 ], [ -70.45022, -35.74806 ], [ -70.45051, -35.74813 ], [ -70.45153, -35.74792 ], [ -70.45207, -35.74808 ], [ -70.4523, -35.74772 ], [ -70.45338, -35.74713 ], [ -70.45385, -35.74712 ], [ -70.45453, -35.74763 ], [ -70.45488, -35.74754 ], [ -70.45472, -35.74729 ], [ -70.45483, -35.7472 ], [ -70.4558, -35.74702 ], [ -70.45645, -35.7472 ], [ -70.45637, -35.74757 ], [ -70.45654, -35.74788 ], [ -70.45788, -35.74743 ], [ -70.45817, -35.74719 ], [ -70.45876, -35.7471 ], [ -70.45918, -35.74733 ], [ -70.45984, -35.74808 ], [ -70.46054, -35.74818 ], [ -70.46097, -35.74792 ], [ -70.46181, -35.74851 ], [ -70.46235, -35.7487 ], [ -70.46383, -35.7482 ] ], [ [ -70.46383, -35.7482 ], [ -70.4645, -35.74822 ], [ -70.46545, -35.74768 ], [ -70.46659, -35.7473 ], [ -70.4674, -35.74729 ], [ -70.46748, -35.74769 ], [ -70.46822, -35.74749 ], [ -70.46855, -35.74766 ], [ -70.46898, -35.74737 ], [ -70.4697, -35.74747 ], [ -70.47028, -35.74706 ], [ -70.47096, -35.74705 ], [ -70.4711, -35.74678 ] ], [ [ -70.40482, -35.68907 ], [ -70.40358, -35.68929 ], [ -70.40207, -35.68996 ], [ -70.40044, -35.69045 ], [ -70.39975, -35.69027 ], [ -70.39962, -35.68955 ], [ -70.39942, -35.68936 ], [ -70.39614, -35.68969 ], [ -70.39507, -35.69054 ], [ -70.39463, -35.69136 ], [ -70.39413, -35.69152 ], [ -70.39345, -35.69202 ], [ -70.39269, -35.69307 ], [ -70.39188, -35.69352 ], [ -70.39092, -35.69459 ] ] ] } },
{ "type": "Feature", "properties": { "nombre": "Río Las Yeguas", "tipo": "river", "volcan_codigo": "LDM", "volcan_nombre": "Laguna del Maule", "drena_volcan": true }, "geometry": { "type": "MultiLineString", "coordinates": [ [ [ -70.77681, -36.07691 ], [ -70.77857, -36.07566 ], [ -70.78064, -36.07516 ], [ -70.78118, -36.07537 ], [ -70.78163, -36.07607 ], [ -70.78221, -36.07642 ], [ -70.78308, -36.07639 ], [ -70.78384, -36.07595 ], [ -70.78501, -36.07647 ], [ -70.78576, -36.07648 ], [ -70.7887, -36.07498 ], [ -70.79019, -36.07448 ], [ -70.79086, -36.07326 ], [ -70.78998, -36.07136 ], [ -70.78996, -36.071 ], [ -70.79018, -36.07062 ], [ -70.79104, -36.07055 ], [ -70.79278, -36.07073 ], [ -70.79506, -36.07028 ] ], [ [ -70.79506, -36.07028 ], [ -70.79531, -36.07016 ], [ -70.79605, -36.06922 ], [ -70.79693, -36.06926 ], [ -70.79745, -36.06876 ], [ -70.79761, -36.06703 ], [ -70.79797, -36.06631 ], [ -70.79955, -36.06535 ], [ -70.80112, -36.06463 ], [ -70.80208, -36.06379 ], [ -70.80492, -36.06255 ], [ -70.80596, -36.06152 ], [ -70.8063, -36.06054 ], [ -70.8069, -36.05994 ], [ -70.80792, -36.05947 ], [ -70.80826, -36.05962 ], [ -70.80839, -36.06014 ], [ -70.80892, -36.06023 ], [ -70.80938, -36.05971 ], [ -70.81024, -36.05961 ], [ -70.8106, -36.0594 ], [ -70.81061, -36.05894 ], [ -70.81002, -36.05833 ], [ -70.81004, -36.05774 ], [ -70.81027, -36.05705 ], [ -70.81073, -36.05666 ], [ -70.81086, -36.05633 ], [ -70.81065, -36.05588 ], [ -70.80994, -36.05514 ] ], [ [ -70.80548, -36.06198 ], [ -70.80567, -36.06124 ], [ -70.80623, -36.06068 ] ] ] } },
{ "type": "Feature", "properties": { "nombre": "Río Maule", "tipo": "river", "volcan_codigo": "LDM", "volcan_nombre": "Laguna del Maule", "drena_volcan": true }, "geometry": { "type": "MultiLineString", "coordinates": [ [ [ -70.60671, -35.93225 ], [ -70.60702, -35.93186 ], [ -70.60819, -35.9318 ], [ -70.60884, -35.93146 ], [ -70.61022, -35.92939 ], [ -70.61125, -35.929 ], [ -70.6121, -35.92798 ], [ -70.61256, -35.92713 ], [ -70.61352, -35.92721 ], [ -70.61374, -35.92707 ], [ -70.61413, -35.92646 ], [ -70.61416, -35.92554 ], [ -70.61493, -35.92413 ], [ -70.6161, -35.92409 ], [ -70.61729, -35.92381 ], [ -70.61815, -35.92415 ], [ -70.61879, -35.92402 ], [ -70.61942, -35.92321 ], [ -70.62054, -35.92232 ], [ -70.62131, -35.92099 ], [ -70.62358, -35.9205 ], [ -70.62424, -35.91879 ], [ -70.62526, -35.91825 ], [ -70.62644, -35.91793 ], [ -70.62729, -35.91711 ], [ -70.6283, -35.91645 ], [ -70.62905, -35.91504 ], [ -70.62973, -35.91433 ], [ -70.63162, -35.91334 ], [ -70.63487, -35.91324 ], [ -70.63594, -35.91279 ], [ -70.63704, -35.91205 ], [ -70.63851, -35.91166 ], [ -70.63916, -35.91101 ], [ -70.63969, -35.90983 ], [ -70.64067, -35.90852 ], [ -70.63998, -35.90665 ], [ -70.64041, -35.90564 ], [ -70.64044, -35.90485 ], [ -70.64013, -35.90442 ], [ -70.63969, -35.9042 ], [ -70.63958, -35.9039 ], [ -70.6399, -35.90233 ], [ -70.64115, -35.90105 ], [ -70.64132, -35.8995 ], [ -70.64244, -35.89797 ], [ -70.6441, -35.89684 ], [ -70.64469, -35.89612 ], [ -70.64562, -35.89545 ], [ -70.64576, -35.89517 ], [ -70.64569, -35.89477 ], [ -70.64492, -35.89343 ], [ -70.64494, -35.893 ], [ -70.64765, -35.89053 ], [ -70.64843, -35.88929 ], [ -70.64953, -35.88851 ], [ -70.65058, -35.88815 ], [ -70.65082, -35.88741 ], [ -70.651, -35.88729 ], [ -70.65206, -35.88704 ], [ -70.65408, -35.88693 ], [ -70.65498, -35.88582 ], [ -70.65664, -35.88492 ], [ -70.6577, -35.88398 ], [ -70.65898, -35.88354 ], [ -70.65982, -35.88343 ], [ -70.66048, -35.88303 ], [ -70.66155, -35.88191 ], [ -70.66284, -35.88111 ], [ -70.66389, -35.88012 ], [ -70.66559, -35.8789 ], [ -70.66665, -35.87844 ], [ -70.66923, -35.87806 ], [ -70.67023, -35.87756 ], [ -70.67165, -35.8764 ], [ -70.67347, -35.87581 ], [ -70.67405, -35.87519 ], [ -70.67488, -35.87483 ], [ -70.67527, -35.87442 ], [ -70.67678, -35.87344 ], [ -70.67843, -35.87275 ], [ -70.67931, -35.87176 ], [ -70.67977, -35.87053 ], [ -70.68116, -35.87004 ], [ -70.68227, -35.86937 ], [ -70.68236, -35.86881 ], [ -70.68196, -35.86786 ], [ -70.68188, -35.86705 ], [ -70.68296, -35.86497 ], [ -70.68288, -35.86467 ], [ -70.68234, -35.8642 ], [ -70.68215, -35.86325 ], [ -70.68137, -35.86243 ], [ -70.68119, -35.86102 ], [ -70.68084, -35.86015 ], [ -70.68082, -35.85908 ], [ -70.68016, -35.85813 ], [ -70.67991, -35.85673 ], [ -70.6803, -35.85576 ], [ -70.68036, -35.855 ], [ -70.68062, -35.85459 ], [ -70.68217, -35.85355 ], [ -70.68501, -35.85205 ], [ -70.68553, -35.85147 ], [ -70.68567, -35.85038 ], [ -70.68586, -35.85014 ], [ -70.68713, -35.85001 ], [ -70.68945, -35.85038 ], [ -70.6902, -35.84999 ], [ -70.69355, -35.8493 ], [ -70.69438, -35.84891 ], [ -70.69518, -35.84813 ], [ -70.69566, -35.84795 ], [ -70.69636, -35.84788 ], [ -70.69757, -35.84811 ], [ -70.69887, -35.84796 ], [ -70.6993, -35.84768 ], [ -70.70084, -35.84532 ], [ -70.70175, -35.84468 ], [ -70.70285, -35.84446 ], [ -70.70438, -35.84488 ], [ -70.7052, -35.84479 ], [ -70.70565, -35.84429 ], [ -70.70613, -35.84333 ], [ -70.70702, -35.84299 ], [ -70.707, -35.8416 ], [ -70.70782, -35.8403 ], [ -70.70848, -35.83867 ], [ -70.71077, -35.8365 ], [ -70.71105, -35.83562 ], [ -70.71097, -35.83403 ], [ -70.71263, -35.83322 ], [ -70.71359, -35.83298 ], [ -70.71484, -35.83231 ], [ -70.71522, -35.83194 ], [ -70.7154, -35.83134 ], [ -70.71502, -35.82999 ], [ -70.71528, -35.8295 ] ], [ [ -70.55867, -35.9752 ], [ -70.55787, -35.97344 ], [ -70.55788, -35.97279 ], [ -70.55804, -35.97247 ], [ -70.5579, -35.97128 ], [ -70.55836, -35.97045 ], [ -70.55834, -35.96958 ], [ -70.55876, -35.969 ], [ -70.55887, -35.96854 ], [ -70.55868, -35.96805 ], [ -70.5588, -35.96731 ], [ -70.55905, -35.96698 ], [ -70.55913, -35.96621 ], [ -70.55927, -35.96585 ], [ -70.55968, -35.96557 ], [ -70.56041, -35.96463 ], [ -70.56081, -35.96318 ], [ -70.56063, -35.96203 ], [ -70.56011, -35.96147 ], [ -70.56024, -35.96111 ], [ -70.56011, -35.96054 ], [ -70.5602, -35.96023 ], [ -70.56168, -35.95902 ], [ -70.56251, -35.95863 ], [ -70.56275, -35.95793 ], [ -70.56324, -35.9575 ], [ -70.56318, -35.95704 ], [ -70.56331, -35.95682 ], [ -70.56485, -35.95606 ], [ -70.56506, -35.9555 ], [ -70.56536, -35.95542 ], [ -70.5658, -35.95487 ], [ -70.56581, -35.95428 ], [ -70.56617, -35.95373 ], [ -70.56602, -35.95338 ], [ -70.56628, -35.95321 ], [ -70.56714, -35.95315 ], [ -70.56749, -35.95328 ] ], [ [ -70.55722, -36.01529 ], [ -70.55714, -36.01486 ], [ -70.55655, -36.0142 ] ], [ [ -70.71917, -35.82929 ], [ -70.71979, -35.82985 ], [ -70.72073, -35.83036 ], [ -70.7218, -35.83054 ], [ -70.72321, -35.83038 ], [ -70.724, -35.82996 ], [ -70.7247, -35.82847 ], [ -70.72664, -35.82706 ], [ -70.72761, -35.82715 ], [ -70.73089, -35.82847 ], [ -70.73183, -35.82866 ], [ -70.73422, -35.82873 ], [ -70.73672, -35.82809 ], [ -70.73757, -35.82839 ], [ -70.73816, -35.82932 ], [ -70.73926, -35.82961 ], [ -70.74013, -35.82924 ], [ -70.74066, -35.82851 ], [ -70.74131, -35.82815 ], [ -70.7422, -35.82685 ], [ -70.74261, -35.82651 ], [ -70.74755, -35.82552 ], [ -70.74923, -35.82476 ], [ -70.75061, -35.82452 ], [ -70.75155, -35.82461 ], [ -70.75322, -35.82534 ], [ -70.7566, -35.82586 ], [ -70.75766, -35.82559 ], [ -70.75916, -35.82392 ], [ -70.75996, -35.82361 ], [ -70.76103, -35.82357 ], [ -70.76241, -35.82317 ], [ -70.76483, -35.82375 ], [ -70.76542, -35.82351 ], [ -70.76585, -35.82296 ], [ -70.76664, -35.81984 ], [ -70.76703, -35.81948 ], [ -70.76786, -35.81937 ], [ -70.76834, -35.81955 ], [ -70.7689, -35.8202 ], [ -70.76952, -35.82025 ], [ -70.77028, -35.81987 ], [ -70.77046, -35.81868 ], [ -70.77145, -35.81818 ], [ -70.77297, -35.81817 ], [ -70.77568, -35.81865 ], [ -70.77648, -35.81865 ], [ -70.77841, -35.81794 ], [ -70.77874, -35.81797 ], [ -70.77921, -35.81817 ], [ -70.78004, -35.81938 ], [ -70.78048, -35.8197 ], [ -70.78121, -35.81978 ], [ -70.78201, -35.81959 ], [ -70.78403, -35.82018 ], [ -70.78499, -35.82028 ], [ -70.78672, -35.82166 ], [ -70.78832, -35.82259 ], [ -70.79183, -35.82348 ], [ -70.79509, -35.82296 ], [ -70.79661, -35.82323 ], [ -70.79783, -35.82306 ], [ -70.79992, -35.82346 ], [ -70.80422, -35.8234 ], [ -70.805, -35.82325 ], [ -70.80849, -35.82096 ], [ -70.80954, -35.82104 ], [ -70.81023, -35.8217 ], [ -70.81075, -35.82179 ], [ -70.81118, -35.82172 ], [ -70.81189, -35.82105 ], [ -70.813, -35.82054 ], [ -70.82212, -35.8189 ], [ -70.82266, -35.81858 ], [ -70.82331, -35.81787 ], [ -70.82363, -35.81713 ], [ -70.82402, -35.81687 ], [ -70.82478, -35.81677 ], [ -70.82507, -35.817 ], [ -70.82577, -35.81815 ], [ -70.82777, -35.81815 ], [ -70.82906, -35.8161 ], [ -70.83004, -35.81521 ], [ -70.83057, -35.81524 ], [ -70.83102, -35.81583 ], [ -70.83158, -35.81584 ], [ -70.83193, -35.81549 ], [ -70.83169, -35.81506 ], [ -70.83209, -35.81465 ], [ -70.8323, -35.81394 ], [ -70.83466, -35.81276 ], [ -70.83579, -35.81176 ], [ -70.83697, -35.81159 ], [ -70.83791, -35.81027 ], [ -70.84255, -35.80944 ], [ -70.84488, -35.808 ], [ -70.84696, -35.80792 ], [ -70.84894, -35.80857 ], [ -70.84921, -35.80845 ], [ -70.84979, -35.80765 ], [ -70.85083, -35.80779 ], [ -70.85297, -35.80768 ], [ -70.85446, -35.80737 ], [ -70.85547, -35.8074 ], [ -70.85643, -35.80706 ], [ -70.85861, -35.80732 ], [ -70.86018, -35.80684 ], [ -70.8607, -35.80634 ], [ -70.86195, -35.80612 ], [ -70.86265, -35.80667 ], [ -70.86361, -35.80711 ], [ -70.86698, -35.80685 ], [ -70.87017, -35.80694 ], [ -70.87296, -35.80627 ], [ -70.8743, -35.80612 ], [ -70.87542, -35.80644 ], [ -70.87687, -35.8072 ], [ -70.87808, -35.80743 ], [ -70.87881, -35.8074 ], [ -70.88095, -35.80633 ], [ -70.88561, -35.80611 ], [ -70.88777, -35.80532 ], [ -70.88853, -35.80476 ], [ -70.89054, -35.80439 ], [ -70.89207, -35.8033 ], [ -70.89307, -35.8022 ], [ -70.895, -35.80104 ], [ -70.89587, -35.80073 ], [ -70.89877, -35.80098 ], [ -70.89976, -35.80066 ], [ -70.90191, -35.80077 ], [ -70.90444, -35.8002 ], [ -70.90583, -35.79948 ], [ -70.9065, -35.79862 ], [ -70.9068, -35.79774 ], [ -70.9072, -35.79751 ], [ -70.90895, -35.79777 ], [ -70.91147, -35.79763 ], [ -70.91279, -35.79806 ], [ -70.91872, -35.79922 ], [ -70.91997, -35.7998 ], [ -70.92096, -35.80174 ], [ -70.92157, -35.80227 ], [ -70.92261, -35.80244 ], [ -70.92403, -35.80237 ], [ -70.92507, -35.80197 ], [ -70.92556, -35.80143 ], [ -70.92582, -35.80141 ], [ -70.92673, -35.80172 ], [ -70.92897, -35.80293 ], [ -70.92982, -35.80309 ], [ -70.93239, -35.80479 ], [ -70.93687, -35.8064 ], [ -70.93867, -35.80656 ], [ -70.94059, -35.80645 ], [ -70.94273, -35.80764 ], [ -70.94453, -35.80836 ], [ -70.94723, -35.80814 ], [ -70.94804, -35.8079 ], [ -70.9483, -35.80822 ], [ -70.94949, -35.80829 ], [ -70.95074, -35.80907 ], [ -70.95273, -35.80949 ], [ -70.95366, -35.80935 ], [ -70.95426, -35.80871 ], [ -70.95702, -35.80833 ], [ -70.95873, -35.80738 ], [ -70.95944, -35.8072 ], [ -70.96559, -35.80827 ], [ -70.96726, -35.80784 ], [ -70.96928, -35.80806 ], [ -70.9704, -35.80796 ], [ -70.972, -35.80727 ], [ -70.97461, -35.80728 ], [ -70.97552, -35.80755 ], [ -70.97621, -35.80732 ], [ -70.97712, -35.80751 ], [ -70.97807, -35.80716 ], [ -70.9793, -35.80704 ], [ -70.98069, -35.80649 ], [ -70.98438, -35.80641 ], [ -70.98506, -35.8061 ], [ -70.98657, -35.80488 ], [ -70.98757, -35.80294 ], [ -70.98904, -35.80244 ], [ -70.99033, -35.80033 ], [ -70.99048, -35.79973 ] ], [ [ -70.55655, -36.0142 ], [ -70.55498, -36.0126 ], [ -70.55475, -36.0118 ], [ -70.55565, -36.01064 ], [ -70.55647, -36.01032 ], [ -70.55709, -36.01035 ], [ -70.5573, -36.01008 ], [ -70.55742, -36.00851 ], [ -70.55821, -36.00693 ], [ -70.55807, -36.00564 ], [ -70.55768, -36.00466 ], [ -70.55645, -36.00374 ], [ -70.55619, -36.00345 ], [ -70.55616, -36.00306 ], [ -70.55644, -36.00284 ], [ -70.55683, -36.00288 ], [ -70.55749, -36.00253 ], [ -70.55811, -36.00147 ], [ -70.55818, -36.00099 ], [ -70.55804, -36.00037 ], [ -70.55762, -35.99978 ], [ -70.55701, -35.99937 ], [ -70.55658, -35.99885 ], [ -70.556, -35.99855 ], [ -70.55579, -35.99822 ], [ -70.55553, -35.99703 ], [ -70.55592, -35.99657 ], [ -70.55579, -35.99629 ], [ -70.556, -35.99578 ], [ -70.55577, -35.99548 ], [ -70.55582, -35.99517 ], [ -70.55552, -35.99476 ], [ -70.55555, -35.99435 ], [ -70.55537, -35.99398 ], [ -70.55543, -35.99254 ], [ -70.55585, -35.99166 ], [ -70.55553, -35.99134 ], [ -70.55467, -35.9913 ], [ -70.55442, -35.99113 ], [ -70.55432, -35.9909 ], [ -70.55454, -35.99047 ], [ -70.55417, -35.98934 ], [ -70.55435, -35.98894 ], [ -70.55472, -35.98876 ], [ -70.55568, -35.98916 ], [ -70.55678, -35.98938 ], [ -70.5577, -35.98866 ], [ -70.55775, -35.98822 ], [ -70.55743, -35.98806 ], [ -70.55708, -35.98739 ], [ -70.55724, -35.98669 ], [ -70.55696, -35.98567 ], [ -70.5565, -35.9851 ], [ -70.55557, -35.98467 ], [ -70.55531, -35.98347 ], [ -70.55581, -35.98268 ], [ -70.55611, -35.9817 ], [ -70.55661, -35.98129 ], [ -70.55675, -35.98011 ], [ -70.55781, -35.97864 ], [ -70.55779, -35.97689 ], [ -70.55808, -35.97647 ], [ -70.55841, -35.97544 ], [ -70.5612, -35.97367 ], [ -70.56164, -35.97285 ], [ -70.56217, -35.97238 ], [ -70.56236, -35.97159 ], [ -70.56232, -35.971 ], [ -70.56333, -35.96915 ], [ -70.56403, -35.9668 ], [ -70.56405, -35.96657 ], [ -70.56342, -35.96597 ], [ -70.56415, -35.96449 ], [ -70.56434, -35.96276 ], [ -70.56592, -35.9611 ], [ -70.56741, -35.96068 ], [ -70.56775, -35.96011 ], [ -70.56782, -35.95931 ], [ -70.56825, -35.95861 ], [ -70.56992, -35.95742 ], [ -70.56937, -35.95668 ], [ -70.56938, -35.95613 ], [ -70.56894, -35.95529 ], [ -70.56815, -35.95493 ], [ -70.56782, -35.95449 ], [ -70.56782, -35.95424 ], [ -70.56754, -35.95406 ], [ -70.56742, -35.95382 ], [ -70.56749, -35.95328 ] ], [ [ -70.56749, -35.95328 ], [ -70.56813, -35.9529 ], [ -70.56843, -35.95143 ], [ -70.56862, -35.95127 ], [ -70.56944, -35.95124 ], [ -70.57179, -35.95059 ], [ -70.57212, -35.95101 ], [ -70.57254, -35.95121 ], [ -70.57269, -35.95192 ], [ -70.57304, -35.952 ], [ -70.57487, -35.95116 ], [ -70.57612, -35.9511 ], [ -70.57672, -35.95088 ], [ -70.57909, -35.95061 ], [ -70.57998, -35.95085 ], [ -70.58114, -35.95041 ], [ -70.58233, -35.95046 ], [ -70.58299, -35.95011 ], [ -70.58291, -35.94944 ], [ -70.58346, -35.94887 ], [ -70.58371, -35.94747 ], [ -70.58443, -35.94689 ], [ -70.5853, -35.94655 ], [ -70.58594, -35.94582 ], [ -70.58659, -35.9456 ], [ -70.58883, -35.94641 ], [ -70.59186, -35.94662 ], [ -70.59232, -35.94608 ], [ -70.59373, -35.9455 ], [ -70.5956, -35.94394 ], [ -70.59693, -35.94345 ], [ -70.59848, -35.94226 ], [ -70.60028, -35.94151 ], [ -70.60064, -35.94104 ], [ -70.60138, -35.94107 ], [ -70.60216, -35.93985 ], [ -70.60215, -35.93919 ], [ -70.60174, -35.93829 ], [ -70.60184, -35.93795 ], [ -70.6027, -35.93693 ], [ -70.60415, -35.93649 ], [ -70.60492, -35.93564 ], [ -70.6056, -35.93467 ], [ -70.60583, -35.93406 ], [ -70.6065, -35.93354 ], [ -70.60671, -35.93225 ] ], [ [ -70.99277, -35.79648 ], [ -70.99356, -35.79491 ], [ -70.99402, -35.79237 ], [ -70.99391, -35.78971 ], [ -70.99332, -35.78712 ], [ -70.99371, -35.78596 ], [ -70.99493, -35.78406 ], [ -70.99714, -35.78238 ], [ -70.99808, -35.78146 ], [ -71.00015, -35.78021 ], [ -71.00055, -35.77947 ], [ -71.00048, -35.77884 ], [ -70.99982, -35.77724 ], [ -71.00003, -35.77624 ], [ -71.00105, -35.77523 ], [ -71.00121, -35.77467 ], [ -71.00394, -35.77034 ], [ -71.00455, -35.76824 ], [ -71.00457, -35.76728 ], [ -71.00397, -35.76469 ], [ -71.004, -35.76406 ], [ -71.00595, -35.76093 ], [ -71.0071, -35.75977 ], [ -71.00767, -35.75893 ], [ -71.00789, -35.75832 ], [ -71.00833, -35.7554 ], [ -71.00823, -35.75448 ], [ -71.00965, -35.75283 ], [ -71.01009, -35.7508 ], [ -71.01153, -35.74907 ], [ -71.01162, -35.74829 ], [ -71.0111, -35.74651 ], [ -71.00998, -35.74492 ], [ -71.00934, -35.74362 ], [ -71.0096, -35.74261 ], [ -71.01012, -35.74183 ], [ -71.01074, -35.74133 ], [ -71.01347, -35.74064 ], [ -71.01423, -35.74035 ], [ -71.01453, -35.74003 ], [ -71.01428, -35.73674 ], [ -71.01436, -35.73604 ], [ -71.0149, -35.73559 ], [ -71.01627, -35.73524 ], [ -71.01707, -35.73461 ], [ -71.01727, -35.73327 ], [ -71.01725, -35.7307 ], [ -71.0175, -35.72978 ], [ -71.01783, -35.7294 ], [ -71.01864, -35.72889 ], [ -71.02161, -35.72781 ], [ -71.02501, -35.72706 ], [ -71.02595, -35.72667 ], [ -71.02717, -35.7257 ], [ -71.02751, -35.72522 ], [ -71.02769, -35.72426 ], [ -71.02796, -35.7239 ], [ -71.02906, -35.72326 ], [ -71.03172, -35.72269 ], [ -71.0333, -35.7216 ], [ -71.03523, -35.72086 ], [ -71.03641, -35.71973 ], [ -71.03758, -35.71892 ], [ -71.03846, -35.71792 ], [ -71.03943, -35.71741 ], [ -71.03973, -35.7168 ], [ -71.04012, -35.71657 ], [ -71.04135, -35.71627 ], [ -71.0429, -35.71554 ], [ -71.04349, -35.71549 ], [ -71.04446, -35.7161 ], [ -71.04555, -35.7164 ], [ -71.04796, -35.71604 ], [ -71.05008, -35.71615 ], [ -71.05232, -35.71574 ], [ -71.05455, -35.71554 ], [ -71.05786, -35.71628 ], [ -71.05943, -35.71617 ], [ -71.06084, -35.71573 ], [ -71.06187, -35.71559 ], [ -71.06427, -35.7144 ], [ -71.06498, -35.71427 ], [ -71.0671, -35.7143 ], [ -71.06921, -35.71356 ], [ -71.07004, -35.71303 ], [ -71.0713, -35.71269 ], [ -71.07238, -35.71253 ], [ -71.07467, -35.7126 ], [ -71.07528, -35.71242 ], [ -71.07582, -35.71198 ], [ -71.07648, -35.71037 ], [ -71.07799, -35.70818 ], [ -71.07971, -35.70724 ], [ -71.08194, -35.70716 ], [ -71.08412, -35.70771 ], [ -71.08619, -35.7078 ], [ -71.08984, -35.7065 ], [ -71.09138, -35.70577 ], [ -71.09282, -35.70472 ], [ -71.09321, -35.7046 ], [ -71.09457, -35.7045 ], [ -71.09581, -35.70465 ], [ -71.09759, -35.70574 ], [ -71.09865, -35.7061 ], [ -71.10398, -35.70444 ], [ -71.10538, -35.70476 ], [ -71.10748, -35.7049 ], [ -71.10793, -35.70501 ], [ -71.10803, -35.70523 ], [ -71.10863, -35.70549 ], [ -71.10973, -35.70561 ], [ -71.11032, -35.70561 ], [ -71.11209, -35.70508 ], [ -71.11368, -35.70508 ], [ -71.11413, -35.70637 ], [ -71.11667, -35.70814 ], [ -71.11866, -35.70912 ], [ -71.12065, -35.71047 ], [ -71.12238, -35.71304 ], [ -71.12255, -35.71415 ], [ -71.12477, -35.71586 ], [ -71.12741, -35.71743 ], [ -71.12808, -35.7181 ], [ -71.12887, -35.71836 ], [ -71.13074, -35.71839 ], [ -71.13207, -35.71827 ], [ -71.13288, -35.71794 ], [ -71.13342, -35.71794 ], [ -71.13476, -35.7181 ], [ -71.13698, -35.7187 ], [ -71.13793, -35.71911 ], [ -71.13862, -35.71966 ], [ -71.13891, -35.72072 ], [ -71.13953, -35.72146 ], [ -71.14136, -35.72244 ], [ -71.14178, -35.72289 ], [ -71.14175, -35.72356 ], [ -71.14195, -35.72381 ], [ -71.14747, -35.72631 ], [ -71.14946, -35.72667 ], [ -71.15064, -35.72764 ], [ -71.15335, -35.72803 ], [ -71.15453, -35.72788 ], [ -71.15519, -35.72761 ], [ -71.15604, -35.72678 ], [ -71.15848, -35.72548 ], [ -71.16092, -35.72321 ], [ -71.16114, -35.72317 ], [ -71.16227, -35.72319 ], [ -71.16492, -35.72398 ], [ -71.16638, -35.72402 ], [ -71.16974, -35.7238 ], [ -71.17356, -35.72312 ], [ -71.17445, -35.72339 ], [ -71.17558, -35.72404 ], [ -71.17688, -35.72421 ] ], [ [ -70.9926, -35.79671 ], [ -70.99277, -35.79648 ] ], [ [ -70.99048, -35.79973 ], [ -70.99159, -35.79742 ], [ -70.9926, -35.79671 ] ], [ [ -70.71528, -35.8295 ], [ -70.71546, -35.82923 ], [ -70.7161, -35.82899 ], [ -70.71709, -35.82892 ], [ -70.71908, -35.82925 ] ], [ [ -70.71908, -35.82925 ], [ -70.71917, -35.82929 ] ] ] } },
{ "type": "Feature", "properties": { "nombre": "Río Melado", "tipo": "river", "volcan_codigo": "LDM", "volcan_nombre": "Laguna del Maule", "drena_volcan": true }, "geometry": { "type": "LineString", "coordinates": [ [ -70.91939, -36.08302 ], [ -70.91918, -36.07953 ], [ -70.91953, -36.07803 ], [ -70.9201, -36.07738 ], [ -70.92171, -36.07635 ], [ -70.92366, -36.07591 ], [ -70.92497, -36.07534 ], [ -70.92582, -36.07451 ], [ -70.92576, -36.07376 ], [ -70.92517, -36.07302 ], [ -70.92465, -36.07189 ], [ -70.92391, -36.0715 ], [ -70.9235, -36.07078 ], [ -70.92374, -36.06952 ], [ -70.92415, -36.0684 ], [ -70.92508, -36.06733 ], [ -70.92609, -36.06699 ], [ -70.92964, -36.06685 ], [ -70.93033, -36.06654 ], [ -70.93119, -36.0643 ], [ -70.93233, -36.06307 ], [ -70.93251, -36.06267 ], [ -70.93227, -36.06019 ], [ -70.93265, -36.05955 ], [ -70.93372, -36.05915 ], [ -70.93443, -36.05864 ], [ -70.93494, -36.05785 ], [ -70.93615, -36.05666 ], [ -70.93947, -36.05492 ], [ -70.94176, -36.05291 ], [ -70.94266, -36.05046 ], [ -70.94342, -36.04899 ], [ -70.94497, -36.04465 ], [ -70.94716, -36.0407 ], [ -70.94695, -36.03919 ], [ -70.94518, -36.03512 ], [ -70.94571, -36.03424 ], [ -70.94588, -36.03338 ], [ -70.94574, -36.02844 ], [ -70.94764, -36.02688 ], [ -70.94868, -36.02523 ], [ -70.94888, -36.02409 ], [ -70.94876, -36.02326 ], [ -70.94911, -36.02149 ], [ -70.95007, -36.02078 ], [ -70.95097, -36.02071 ], [ -70.95245, -36.02007 ], [ -70.9532, -36.01865 ], [ -70.95287, -36.01784 ], [ -70.95143, -36.01678 ], [ -70.95105, -36.01619 ], [ -70.95049, -36.01465 ], [ -70.95055, -36.0132 ], [ -70.95087, -36.01213 ], [ -70.9531, -36.00917 ], [ -70.95369, -36.00883 ], [ -70.95402, -36.00831 ], [ -70.95386, -36.00726 ], [ -70.9534, -36.00683 ], [ -70.95312, -36.00628 ], [ -70.95266, -36.00471 ], [ -70.95332, -36.00377 ], [ -70.95503, -36.00315 ], [ -70.95572, -36.00174 ], [ -70.95815, -35.99992 ], [ -70.95897, -35.99823 ], [ -70.95861, -35.99663 ], [ -70.95798, -35.99503 ], [ -70.95758, -35.99293 ], [ -70.95773, -35.99245 ], [ -70.95837, -35.99155 ], [ -70.95822, -35.98989 ], [ -70.95838, -35.9884 ], [ -70.95954, -35.9868 ], [ -70.96185, -35.98574 ], [ -70.96367, -35.98515 ], [ -70.96605, -35.98384 ], [ -70.9674, -35.98192 ], [ -70.96941, -35.97992 ], [ -70.97584, -35.97527 ], [ -70.97826, -35.97272 ], [ -70.98134, -35.96836 ], [ -70.98367, -35.96664 ], [ -70.98453, -35.96646 ], [ -70.98533, -35.96585 ], [ -70.98756, -35.9635 ], [ -70.9885, -35.96223 ], [ -70.98903, -35.96083 ], [ -70.98947, -35.95877 ], [ -70.98915, -35.95638 ], [ -70.98964, -35.95162 ], [ -70.98954, -35.94999 ], [ -70.99018, -35.94838 ], [ -70.99092, -35.94712 ], [ -70.99205, -35.94628 ], [ -70.99332, -35.94559 ], [ -70.99382, -35.94457 ], [ -70.99364, -35.94344 ], [ -70.99376, -35.94244 ], [ -70.99448, -35.93989 ], [ -70.99482, -35.93928 ], [ -70.99523, -35.93596 ], [ -70.99639, -35.93542 ], [ -70.99749, -35.93465 ], [ -70.99786, -35.93353 ], [ -70.99813, -35.93161 ], [ -70.99921, -35.9302 ], [ -71.00244, -35.92742 ], [ -71.00507, -35.92606 ], [ -71.00647, -35.92408 ], [ -71.00688, -35.92252 ], [ -71.00767, -35.92085 ], [ -71.00837, -35.92034 ], [ -71.00852, -35.91756 ], [ -71.00894, -35.9152 ], [ -71.00938, -35.91449 ], [ -71.00974, -35.9132 ], [ -71.01138, -35.91117 ], [ -71.01231, -35.90873 ], [ -71.01143, -35.90508 ], [ -71.01239, -35.90133 ], [ -71.0123, -35.90009 ], [ -71.01194, -35.89843 ], [ -71.01198, -35.89791 ], [ -71.01215, -35.89768 ], [ -71.01351, -35.89719 ], [ -71.01578, -35.89582 ], [ -71.01804, -35.89484 ], [ -71.01876, -35.89397 ], [ -71.0191, -35.89201 ], [ -71.01874, -35.88975 ], [ -71.01943, -35.88591 ], [ -71.01874, -35.88319 ], [ -71.01949, -35.88115 ], [ -71.02058, -35.88037 ], [ -71.0227, -35.8792 ], [ -71.02328, -35.87866 ], [ -71.02394, -35.87783 ], [ -71.02519, -35.87456 ], [ -71.02791, -35.87224 ], [ -71.03426, -35.86798 ], [ -71.03702, -35.86568 ], [ -71.04045, -35.8624 ], [ -71.0425, -35.86006 ], [ -71.04259, -35.85869 ], [ -71.04317, -35.85815 ], [ -71.04597, -35.8571 ], [ -71.04841, -35.85705 ], [ -71.04998, -35.85614 ], [ -71.05217, -35.85541 ], [ -71.05678, -35.85527 ], [ -71.05749, -35.85476 ], [ -71.05912, -35.85481 ], [ -71.0667, -35.8537 ], [ -71.06875, -35.85313 ], [ -71.07156, -35.85192 ], [ -71.07317, -35.8505 ], [ -71.0759, -35.84881 ], [ -71.07661, -35.84795 ], [ -71.07686, -35.84734 ], [ -71.07683, -35.84679 ], [ -71.07642, -35.8459 ], [ -71.07594, -35.84386 ], [ -71.07528, -35.84233 ], [ -71.07608, -35.8414 ], [ -71.07618, -35.84043 ], [ -71.0765, -35.83951 ], [ -71.07717, -35.83953 ], [ -71.07751, -35.83917 ], [ -71.07832, -35.8389 ], [ -71.0797, -35.83873 ], [ -71.08053, -35.83838 ], [ -71.0822, -35.83708 ], [ -71.08231, -35.83547 ], [ -71.08231, -35.8342 ], [ -71.0815, -35.83335 ], [ -71.081, -35.83195 ], [ -71.08145, -35.82995 ], [ -71.08131, -35.82954 ], [ -71.08086, -35.82951 ], [ -71.08054, -35.82972 ], [ -71.07975, -35.82939 ], [ -71.07908, -35.8277 ], [ -71.0785, -35.8269 ], [ -71.07835, -35.82643 ], [ -71.07831, -35.82472 ], [ -71.07905, -35.82238 ], [ -71.07931, -35.81943 ], [ -71.07985, -35.81722 ], [ -71.0799, -35.8161 ], [ -71.07989, -35.81493 ], [ -71.07893, -35.8131 ], [ -71.07876, -35.81232 ], [ -71.07899, -35.811 ] ] } },
{ "type": "Feature", "properties": { "nombre": "Río Neuquén", "tipo": "stream", "volcan_codigo": "LDM", "volcan_nombre": "Laguna del Maule", "drena_volcan": false }, "geometry": { "type": "LineString", "coordinates": [ [ -70.64385, -36.42275 ], [ -70.64474, -36.42265 ], [ -70.64518, -36.42241 ], [ -70.64576, -36.42265 ], [ -70.64671, -36.42265 ] ] } },
{ "type": "Feature", "properties": { "nombre": "Río Ortega", "tipo": "river", "volcan_codigo": "LDM", "volcan_nombre": "Laguna del Maule", "drena_volcan": false }, "geometry": { "type": "MultiLineString", "coordinates": [ [ [ -70.72117, -36.21736 ], [ -70.72145, -36.21815 ], [ -70.72127, -36.21902 ], [ -70.72138, -36.21957 ], [ -70.72086, -36.22038 ], [ -70.72101, -36.22081 ], [ -70.72076, -36.22222 ], [ -70.72091, -36.22292 ], [ -70.7204, -36.22322 ], [ -70.72, -36.22435 ], [ -70.72004, -36.22572 ], [ -70.72025, -36.22678 ], [ -70.71991, -36.2276 ], [ -70.71981, -36.22879 ], [ -70.71903, -36.22962 ], [ -70.71901, -36.23077 ], [ -70.71851, -36.23134 ], [ -70.71849, -36.23185 ], [ -70.7182, -36.23254 ], [ -70.71768, -36.2328 ], [ -70.71707, -36.23372 ], [ -70.71688, -36.23453 ], [ -70.71709, -36.23501 ], [ -70.71623, -36.23531 ], [ -70.71607, -36.23546 ], [ -70.71604, -36.23604 ], [ -70.71563, -36.23625 ], [ -70.71566, -36.23656 ], [ -70.71611, -36.23699 ], [ -70.71564, -36.2376 ], [ -70.71515, -36.23791 ], [ -70.7148, -36.23871 ], [ -70.71488, -36.23964 ], [ -70.71438, -36.24012 ], [ -70.71456, -36.24102 ], [ -70.71382, -36.24163 ], [ -70.71394, -36.24211 ], [ -70.71332, -36.24242 ], [ -70.71247, -36.2421 ], [ -70.71089, -36.24219 ], [ -70.71053, -36.24251 ], [ -70.71044, -36.24294 ], [ -70.71001, -36.24327 ], [ -70.71, -36.24351 ], [ -70.71024, -36.24382 ] ], [ [ -70.71533, -36.17531 ], [ -70.71547, -36.17577 ], [ -70.71515, -36.17612 ], [ -70.71517, -36.17641 ], [ -70.71557, -36.17673 ], [ -70.71559, -36.17704 ], [ -70.71588, -36.17735 ], [ -70.71557, -36.17782 ], [ -70.71581, -36.1782 ], [ -70.71569, -36.17849 ], [ -70.71587, -36.17882 ], [ -70.71581, -36.17923 ], [ -70.71601, -36.1794 ], [ -70.71618, -36.18002 ], [ -70.71564, -36.18058 ], [ -70.71574, -36.18138 ], [ -70.71612, -36.18171 ], [ -70.716, -36.18296 ], [ -70.71575, -36.18346 ], [ -70.71578, -36.18415 ], [ -70.71608, -36.18507 ], [ -70.71597, -36.1857 ], [ -70.71613, -36.18597 ], [ -70.71558, -36.18662 ], [ -70.71567, -36.18749 ], [ -70.7155, -36.18778 ], [ -70.71571, -36.18858 ], [ -70.71541, -36.18912 ], [ -70.71543, -36.19023 ], [ -70.71499, -36.19122 ], [ -70.71554, -36.19184 ], [ -70.71507, -36.19267 ], [ -70.71529, -36.19316 ], [ -70.71481, -36.19426 ], [ -70.71516, -36.19515 ], [ -70.71489, -36.19601 ], [ -70.7149, -36.19698 ], [ -70.71519, -36.19808 ], [ -70.71507, -36.19846 ], [ -70.71538, -36.19881 ], [ -70.71498, -36.19906 ], [ -70.7152, -36.1994 ], [ -70.71508, -36.20002 ], [ -70.71548, -36.20064 ], [ -70.71555, -36.20157 ], [ -70.71583, -36.20182 ], [ -70.71613, -36.20257 ], [ -70.71761, -36.20373 ], [ -70.71752, -36.20402 ], [ -70.718, -36.20481 ], [ -70.71792, -36.20514 ], [ -70.7183, -36.20543 ], [ -70.71814, -36.20571 ], [ -70.71892, -36.20648 ], [ -70.71889, -36.20682 ], [ -70.7194, -36.20739 ], [ -70.71949, -36.20792 ], [ -70.71991, -36.20818 ], [ -70.72001, -36.20858 ], [ -70.72054, -36.20844 ], [ -70.72073, -36.20877 ], [ -70.72097, -36.20965 ], [ -70.72084, -36.21004 ], [ -70.7214, -36.21092 ], [ -70.72079, -36.21156 ], [ -70.72059, -36.21203 ], [ -70.72099, -36.21283 ], [ -70.72123, -36.2136 ], [ -70.72115, -36.21382 ], [ -70.72142, -36.21416 ], [ -70.72144, -36.21488 ], [ -70.72168, -36.21548 ], [ -70.72155, -36.21611 ], [ -70.72113, -36.21659 ], [ -70.72117, -36.21736 ] ], [ [ -70.71121, -36.1624 ], [ -70.71185, -36.16289 ], [ -70.71192, -36.16347 ], [ -70.71286, -36.16428 ], [ -70.71353, -36.16566 ], [ -70.71338, -36.16637 ], [ -70.71371, -36.16683 ], [ -70.71371, -36.16774 ], [ -70.71395, -36.16812 ], [ -70.71375, -36.16863 ], [ -70.71385, -36.16946 ], [ -70.71366, -36.17043 ], [ -70.71435, -36.17154 ], [ -70.71567, -36.17246 ], [ -70.71539, -36.17296 ], [ -70.71547, -36.17332 ], [ -70.71496, -36.17465 ], [ -70.71533, -36.17531 ] ] ] } },
{ "type": "Feature", "properties": { "nombre": "Río Paralelo", "tipo": "river", "volcan_codigo": "LDM", "volcan_nombre": "Laguna del Maule", "drena_volcan": false }, "geometry": { "type": "MultiLineString", "coordinates": [ [ [ -70.91488, -36.38063 ], [ -70.91453, -36.38042 ], [ -70.91429, -36.38 ], [ -70.91456, -36.37908 ] ], [ [ -70.91935, -36.39402 ], [ -70.91859, -36.39341 ], [ -70.91831, -36.39291 ], [ -70.91866, -36.39155 ], [ -70.91831, -36.39084 ], [ -70.91837, -36.39026 ], [ -70.91822, -36.38996 ], [ -70.9166, -36.38915 ], [ -70.91613, -36.3883 ], [ -70.91627, -36.38706 ], [ -70.91599, -36.38623 ], [ -70.91685, -36.3848 ], [ -70.91664, -36.38372 ], [ -70.91694, -36.38227 ], [ -70.91671, -36.38194 ], [ -70.91607, -36.38159 ], [ -70.91472, -36.3804 ], [ -70.91456, -36.37908 ] ], [ [ -70.91456, -36.37908 ], [ -70.91475, -36.3787 ], [ -70.9149, -36.37726 ], [ -70.91425, -36.3755 ], [ -70.91363, -36.37495 ], [ -70.91026, -36.37342 ], [ -70.90908, -36.37259 ], [ -70.90603, -36.37196 ], [ -70.90533, -36.37132 ], [ -70.90447, -36.36968 ], [ -70.90377, -36.36948 ], [ -70.90283, -36.36959 ], [ -70.90133, -36.36942 ], [ -70.90037, -36.36856 ], [ -70.89854, -36.36799 ], [ -70.89816, -36.36767 ], [ -70.89828, -36.3671 ], [ -70.89805, -36.36658 ], [ -70.89659, -36.36569 ], [ -70.8962, -36.36528 ], [ -70.89599, -36.36372 ] ] ] } },
{ "type": "Feature", "properties": { "nombre": "Río Puelche", "tipo": "river", "volcan_codigo": "LDM", "volcan_nombre": "Laguna del Maule", "drena_volcan": true }, "geometry": { "type": "LineString", "coordinates": [ [ -70.38985, -35.7851 ], [ -70.39113, -35.78501 ], [ -70.39159, -35.7852 ], [ -70.39169, -35.78564 ], [ -70.39195, -35.78576 ], [ -70.39173, -35.78638 ], [ -70.39198, -35.78744 ], [ -70.39226, -35.78776 ], [ -70.39278, -35.78819 ], [ -70.39313, -35.78825 ], [ -70.3941, -35.78884 ], [ -70.39474, -35.78959 ], [ -70.39539, -35.79005 ], [ -70.39577, -35.79015 ], [ -70.396, -35.79042 ], [ -70.39672, -35.79061 ], [ -70.39673, -35.79079 ], [ -70.39759, -35.79117 ], [ -70.39757, -35.79262 ], [ -70.39683, -35.79284 ], [ -70.39678, -35.79448 ], [ -70.39702, -35.79581 ], [ -70.39698, -35.7965 ], [ -70.39639, -35.79772 ], [ -70.39659, -35.79848 ], [ -70.39593, -35.79916 ], [ -70.39547, -35.80063 ], [ -70.39537, -35.80124 ], [ -70.39548, -35.80179 ], [ -70.39476, -35.80337 ], [ -70.39491, -35.80385 ], [ -70.39459, -35.80419 ], [ -70.39463, -35.80469 ], [ -70.39483, -35.80497 ], [ -70.39474, -35.8058 ], [ -70.39442, -35.80629 ], [ -70.39436, -35.8068 ], [ -70.39388, -35.80743 ], [ -70.3938, -35.80792 ], [ -70.39325, -35.80822 ], [ -70.39356, -35.80907 ], [ -70.3932, -35.80928 ], [ -70.39316, -35.81017 ], [ -70.39264, -35.81106 ], [ -70.39271, -35.81133 ], [ -70.39309, -35.81148 ], [ -70.39338, -35.81198 ], [ -70.39338, -35.813 ], [ -70.39377, -35.81348 ], [ -70.39384, -35.81389 ], [ -70.39409, -35.81402 ], [ -70.39489, -35.81569 ], [ -70.39519, -35.81583 ], [ -70.39572, -35.81666 ], [ -70.39518, -35.81802 ], [ -70.3948, -35.81826 ], [ -70.39529, -35.81915 ], [ -70.39522, -35.81961 ], [ -70.39611, -35.8205 ], [ -70.39622, -35.82108 ], [ -70.39707, -35.82218 ], [ -70.3981, -35.82304 ], [ -70.39771, -35.82359 ], [ -70.3977, -35.82395 ], [ -70.39791, -35.8242 ], [ -70.39891, -35.82458 ], [ -70.39902, -35.82512 ], [ -70.39988, -35.82593 ], [ -70.40013, -35.82694 ], [ -70.39956, -35.82725 ], [ -70.39943, -35.82753 ], [ -70.40017, -35.83001 ], [ -70.39993, -35.83094 ], [ -70.40042, -35.83176 ], [ -70.40042, -35.83219 ], [ -70.40141, -35.83345 ], [ -70.40191, -35.83364 ], [ -70.40299, -35.83365 ], [ -70.40336, -35.83396 ], [ -70.4038, -35.8357 ], [ -70.40326, -35.8369 ], [ -70.40344, -35.83724 ], [ -70.404, -35.83809 ], [ -70.4053, -35.83856 ], [ -70.40536, -35.83941 ], [ -70.40662, -35.84005 ], [ -70.40727, -35.84066 ], [ -70.40737, -35.84149 ], [ -70.408, -35.8428 ], [ -70.40951, -35.84406 ], [ -70.4102, -35.84523 ], [ -70.41203, -35.84767 ], [ -70.41339, -35.84855 ], [ -70.41412, -35.8488 ], [ -70.4149, -35.8487 ], [ -70.416, -35.84908 ], [ -70.41616, -35.84901 ], [ -70.41623, -35.84866 ], [ -70.41659, -35.84842 ], [ -70.41699, -35.8487 ], [ -70.41855, -35.84857 ], [ -70.41974, -35.84882 ], [ -70.42193, -35.84885 ], [ -70.42519, -35.85 ], [ -70.42663, -35.85011 ], [ -70.42934, -35.85105 ], [ -70.43024, -35.85108 ], [ -70.43095, -35.85047 ], [ -70.43187, -35.85029 ], [ -70.43233, -35.85004 ], [ -70.43278, -35.84942 ], [ -70.43399, -35.8491 ], [ -70.43533, -35.8482 ], [ -70.436, -35.84814 ], [ -70.43811, -35.84739 ], [ -70.43882, -35.84733 ], [ -70.441, -35.84813 ], [ -70.44206, -35.84819 ], [ -70.44349, -35.84851 ], [ -70.4454, -35.84859 ], [ -70.4468, -35.84847 ], [ -70.44784, -35.84886 ], [ -70.45012, -35.84925 ], [ -70.45129, -35.85008 ], [ -70.45212, -35.8501 ], [ -70.45276, -35.85057 ], [ -70.45361, -35.85086 ], [ -70.45419, -35.8509 ], [ -70.45512, -35.85057 ], [ -70.45637, -35.8504 ], [ -70.45683, -35.8505 ], [ -70.45805, -35.84984 ], [ -70.4594, -35.84975 ], [ -70.45967, -35.84982 ], [ -70.46017, -35.85038 ], [ -70.46162, -35.85074 ], [ -70.46214, -35.85142 ], [ -70.46283, -35.85166 ], [ -70.46333, -35.85159 ], [ -70.46373, -35.85187 ], [ -70.46553, -35.85231 ], [ -70.46647, -35.85272 ], [ -70.46686, -35.85269 ], [ -70.46717, -35.85234 ], [ -70.46806, -35.85245 ], [ -70.46922, -35.85226 ], [ -70.46972, -35.85247 ], [ -70.47119, -35.85247 ], [ -70.47169, -35.85278 ], [ -70.47231, -35.85286 ], [ -70.47348, -35.85221 ], [ -70.47542, -35.85184 ], [ -70.47627, -35.85132 ], [ -70.47754, -35.85151 ], [ -70.47887, -35.8511 ], [ -70.48003, -35.85131 ], [ -70.48112, -35.85178 ], [ -70.48323, -35.85141 ], [ -70.48484, -35.85133 ], [ -70.48558, -35.85185 ], [ -70.48622, -35.85204 ], [ -70.48848, -35.85221 ], [ -70.48858, -35.85245 ], [ -70.489, -35.85265 ], [ -70.48962, -35.85241 ], [ -70.49022, -35.85266 ], [ -70.49079, -35.85266 ], [ -70.49125, -35.85231 ], [ -70.49158, -35.85226 ], [ -70.49219, -35.8525 ], [ -70.49557, -35.85142 ], [ -70.49664, -35.85073 ], [ -70.49746, -35.85097 ], [ -70.49939, -35.8508 ], [ -70.50242, -35.85167 ], [ -70.50306, -35.85167 ], [ -70.50363, -35.8514 ], [ -70.50436, -35.84994 ], [ -70.50557, -35.85003 ], [ -70.50642, -35.84942 ], [ -70.50693, -35.84881 ], [ -70.50861, -35.84773 ], [ -70.51057, -35.84584 ], [ -70.51102, -35.84567 ], [ -70.51209, -35.84599 ], [ -70.51267, -35.84586 ], [ -70.51333, -35.84516 ], [ -70.51405, -35.8437 ], [ -70.51598, -35.84277 ], [ -70.51917, -35.84081 ], [ -70.5258, -35.83823 ], [ -70.52868, -35.83747 ], [ -70.53053, -35.83756 ], [ -70.53453, -35.83646 ], [ -70.53612, -35.83622 ], [ -70.54019, -35.83628 ], [ -70.54056, -35.83663 ], [ -70.54296, -35.8366 ], [ -70.54512, -35.83629 ], [ -70.54639, -35.83583 ], [ -70.54849, -35.83591 ], [ -70.54936, -35.83543 ], [ -70.55142, -35.83512 ], [ -70.55222, -35.83589 ], [ -70.55258, -35.83602 ], [ -70.55415, -35.83626 ], [ -70.55512, -35.83684 ], [ -70.55644, -35.83693 ], [ -70.55936, -35.83633 ], [ -70.56078, -35.83544 ], [ -70.56226, -35.83555 ], [ -70.56315, -35.83543 ], [ -70.56489, -35.83568 ], [ -70.56605, -35.83512 ], [ -70.56833, -35.83455 ], [ -70.56956, -35.83393 ], [ -70.57139, -35.83348 ], [ -70.57214, -35.83293 ], [ -70.57609, -35.83242 ], [ -70.57892, -35.83289 ], [ -70.57965, -35.83356 ], [ -70.58014, -35.83373 ], [ -70.581, -35.83351 ], [ -70.58399, -35.83348 ], [ -70.58459, -35.83365 ], [ -70.58512, -35.83358 ], [ -70.58543, -35.83315 ], [ -70.5859, -35.83289 ], [ -70.58798, -35.83284 ], [ -70.58825, -35.83253 ], [ -70.5883, -35.83196 ], [ -70.58853, -35.83182 ], [ -70.59072, -35.83196 ], [ -70.59298, -35.83151 ], [ -70.59389, -35.83151 ], [ -70.59527, -35.83104 ], [ -70.59712, -35.82974 ], [ -70.59839, -35.82945 ], [ -70.5993, -35.8288 ], [ -70.60014, -35.82859 ], [ -70.601, -35.82871 ], [ -70.60168, -35.82906 ], [ -70.60508, -35.82971 ], [ -70.60647, -35.83069 ], [ -70.60773, -35.83257 ], [ -70.60851, -35.83426 ], [ -70.60896, -35.83473 ], [ -70.61151, -35.83877 ], [ -70.61282, -35.83977 ], [ -70.61464, -35.84059 ], [ -70.61599, -35.84143 ], [ -70.61741, -35.84165 ], [ -70.61902, -35.84217 ], [ -70.6205, -35.84099 ], [ -70.62108, -35.84087 ], [ -70.62252, -35.84097 ], [ -70.62606, -35.83998 ], [ -70.62788, -35.8381 ], [ -70.63086, -35.8369 ], [ -70.63222, -35.83666 ], [ -70.6328, -35.83666 ], [ -70.63395, -35.83755 ], [ -70.63441, -35.83757 ], [ -70.63642, -35.8369 ], [ -70.63743, -35.8369 ], [ -70.63853, -35.83703 ], [ -70.6393, -35.83743 ], [ -70.64007, -35.83757 ], [ -70.64267, -35.83779 ], [ -70.644, -35.83831 ], [ -70.64481, -35.83802 ], [ -70.64769, -35.83847 ], [ -70.64836, -35.83824 ], [ -70.64908, -35.83755 ], [ -70.65054, -35.83678 ], [ -70.65198, -35.83632 ], [ -70.6543, -35.83641 ], [ -70.65644, -35.83563 ], [ -70.65805, -35.83524 ], [ -70.66012, -35.83502 ], [ -70.66171, -35.83445 ], [ -70.66281, -35.83427 ], [ -70.66509, -35.83425 ], [ -70.66569, -35.83405 ], [ -70.66659, -35.83363 ], [ -70.66696, -35.83312 ], [ -70.66726, -35.83171 ], [ -70.66798, -35.83072 ], [ -70.66853, -35.83037 ], [ -70.67038, -35.83062 ], [ -70.67091, -35.83033 ], [ -70.67251, -35.83075 ], [ -70.67635, -35.83005 ], [ -70.6796, -35.8321 ], [ -70.68123, -35.8328 ], [ -70.68229, -35.83275 ], [ -70.68595, -35.83303 ], [ -70.68725, -35.83328 ], [ -70.68871, -35.83391 ], [ -70.69009, -35.83354 ], [ -70.69101, -35.8339 ], [ -70.69258, -35.833 ], [ -70.69463, -35.83219 ], [ -70.69779, -35.83143 ], [ -70.6996, -35.8318 ], [ -70.70145, -35.83263 ], [ -70.70296, -35.8326 ], [ -70.70441, -35.83211 ], [ -70.70497, -35.83147 ], [ -70.70642, -35.83035 ], [ -70.70741, -35.83001 ], [ -70.71276, -35.83006 ], [ -70.71435, -35.82984 ], [ -70.71528, -35.8295 ] ] } },
{ "type": "Feature", "properties": { "nombre": "Río Relbún", "tipo": "river", "volcan_codigo": "LDM", "volcan_nombre": "Laguna del Maule", "drena_volcan": false }, "geometry": { "type": "LineString", "coordinates": [ [ -70.95449, -36.25348 ], [ -70.95294, -36.25143 ], [ -70.95098, -36.25003 ], [ -70.95115, -36.2486 ], [ -70.9509, -36.24768 ], [ -70.95011, -36.24629 ], [ -70.94889, -36.24519 ], [ -70.9488, -36.24346 ], [ -70.94821, -36.24292 ], [ -70.94765, -36.24277 ], [ -70.94586, -36.24047 ], [ -70.94547, -36.23808 ], [ -70.94514, -36.23731 ], [ -70.94432, -36.2363 ], [ -70.94379, -36.23591 ], [ -70.94319, -36.23452 ], [ -70.94233, -36.23335 ], [ -70.94139, -36.23271 ], [ -70.94021, -36.23222 ], [ -70.93973, -36.23141 ], [ -70.93958, -36.23035 ], [ -70.93901, -36.23001 ], [ -70.93873, -36.22956 ], [ -70.93827, -36.22795 ], [ -70.93762, -36.22716 ], [ -70.93582, -36.22568 ], [ -70.9351, -36.22486 ], [ -70.93456, -36.22255 ], [ -70.93305, -36.2219 ], [ -70.92946, -36.21885 ], [ -70.92728, -36.21796 ], [ -70.92638, -36.21678 ], [ -70.92294, -36.21587 ], [ -70.92135, -36.21467 ], [ -70.91641, -36.21418 ], [ -70.91333, -36.21411 ], [ -70.90987, -36.21364 ], [ -70.9093, -36.21367 ], [ -70.90829, -36.21432 ] ] } },
{ "type": "Feature", "properties": { "nombre": "Río Saso", "tipo": "river", "volcan_codigo": "LDM", "volcan_nombre": "Laguna del Maule", "drena_volcan": true }, "geometry": { "type": "LineString", "coordinates": [ [ -70.62979, -36.0299 ], [ -70.63034, -36.03172 ], [ -70.63106, -36.03277 ], [ -70.63167, -36.03331 ], [ -70.63208, -36.03347 ], [ -70.63355, -36.03346 ], [ -70.6358, -36.03411 ], [ -70.6367, -36.0348 ], [ -70.63715, -36.03547 ], [ -70.63757, -36.03574 ], [ -70.63795, -36.03697 ], [ -70.63907, -36.03732 ], [ -70.63934, -36.03859 ], [ -70.64023, -36.03921 ], [ -70.64014, -36.03958 ], [ -70.64055, -36.0401 ], [ -70.64029, -36.04029 ], [ -70.64026, -36.04061 ], [ -70.64003, -36.04068 ], [ -70.64046, -36.04121 ], [ -70.63991, -36.04232 ], [ -70.63911, -36.04269 ], [ -70.63884, -36.0445 ], [ -70.63911, -36.04478 ], [ -70.6392, -36.04561 ], [ -70.63949, -36.04628 ], [ -70.6394, -36.04644 ], [ -70.63982, -36.04729 ], [ -70.63982, -36.04789 ], [ -70.6402, -36.04808 ], [ -70.64146, -36.04814 ], [ -70.64215, -36.04874 ], [ -70.64204, -36.04956 ], [ -70.64222, -36.04981 ], [ -70.64194, -36.05002 ], [ -70.64198, -36.05056 ], [ -70.64181, -36.05099 ], [ -70.6423, -36.05173 ], [ -70.64217, -36.05252 ], [ -70.64256, -36.05364 ], [ -70.64237, -36.05385 ], [ -70.64251, -36.05411 ], [ -70.64185, -36.05509 ], [ -70.64213, -36.0558 ], [ -70.64168, -36.05668 ], [ -70.64199, -36.05753 ], [ -70.64184, -36.0579 ], [ -70.64216, -36.05835 ], [ -70.64209, -36.05933 ], [ -70.64237, -36.05967 ], [ -70.64234, -36.06008 ], [ -70.64274, -36.06021 ], [ -70.6433, -36.06131 ], [ -70.6424, -36.06293 ], [ -70.64294, -36.06356 ], [ -70.64282, -36.06402 ], [ -70.64296, -36.06446 ], [ -70.64288, -36.06483 ], [ -70.64269, -36.06488 ], [ -70.64273, -36.06542 ], [ -70.64303, -36.06651 ], [ -70.64337, -36.06669 ], [ -70.64323, -36.06733 ], [ -70.64429, -36.06837 ], [ -70.64404, -36.06875 ], [ -70.644, -36.0693 ], [ -70.64422, -36.06957 ], [ -70.64415, -36.06994 ], [ -70.64475, -36.07036 ], [ -70.64454, -36.07132 ], [ -70.64491, -36.07178 ], [ -70.64543, -36.07335 ], [ -70.6459, -36.07338 ], [ -70.64612, -36.07356 ], [ -70.64657, -36.07433 ], [ -70.64762, -36.07464 ], [ -70.64773, -36.0749 ], [ -70.64901, -36.07515 ], [ -70.64942, -36.07538 ], [ -70.65059, -36.07653 ], [ -70.65194, -36.07675 ], [ -70.65308, -36.07723 ], [ -70.65412, -36.07745 ], [ -70.65436, -36.07765 ], [ -70.65534, -36.07752 ], [ -70.65865, -36.07822 ], [ -70.65929, -36.07815 ], [ -70.65977, -36.07844 ], [ -70.66157, -36.07847 ], [ -70.66266, -36.07895 ], [ -70.66374, -36.07863 ], [ -70.66446, -36.07879 ], [ -70.66656, -36.07885 ], [ -70.66786, -36.07949 ], [ -70.66804, -36.07979 ], [ -70.66839, -36.07986 ], [ -70.66939, -36.07986 ], [ -70.66999, -36.07959 ], [ -70.67106, -36.07942 ], [ -70.67205, -36.07956 ], [ -70.67363, -36.07939 ], [ -70.67402, -36.07973 ], [ -70.67386, -36.08023 ], [ -70.67459, -36.08055 ], [ -70.67487, -36.08097 ], [ -70.676, -36.08114 ], [ -70.67734, -36.08171 ], [ -70.67815, -36.08137 ], [ -70.6797, -36.08165 ], [ -70.68003, -36.08184 ], [ -70.68024, -36.08228 ], [ -70.68093, -36.08277 ], [ -70.68143, -36.08288 ], [ -70.68479, -36.08236 ], [ -70.68536, -36.08216 ], [ -70.6859, -36.08174 ], [ -70.68653, -36.08175 ], [ -70.68687, -36.08226 ], [ -70.68988, -36.08316 ], [ -70.69045, -36.0832 ], [ -70.6909, -36.083 ], [ -70.69153, -36.08334 ], [ -70.69517, -36.08377 ], [ -70.6959, -36.08405 ], [ -70.69673, -36.08481 ], [ -70.69888, -36.0853 ], [ -70.69974, -36.08525 ], [ -70.70016, -36.08547 ], [ -70.69991, -36.08561 ], [ -70.69989, -36.0859 ], [ -70.70048, -36.08619 ], [ -70.70091, -36.08611 ], [ -70.70139, -36.08577 ], [ -70.70258, -36.08596 ], [ -70.70286, -36.0855 ], [ -70.70405, -36.08583 ], [ -70.70428, -36.08577 ], [ -70.70466, -36.08528 ], [ -70.70523, -36.08583 ], [ -70.70545, -36.08581 ], [ -70.70555, -36.08558 ], [ -70.70651, -36.08538 ], [ -70.70735, -36.08549 ], [ -70.70796, -36.08527 ], [ -70.70849, -36.08536 ], [ -70.7105, -36.0846 ], [ -70.71107, -36.08458 ], [ -70.7124, -36.08419 ], [ -70.7135, -36.08431 ], [ -70.71397, -36.08393 ], [ -70.71554, -36.08374 ], [ -70.71717, -36.08317 ], [ -70.7179, -36.08361 ], [ -70.71925, -36.08402 ], [ -70.71994, -36.0846 ], [ -70.72022, -36.0846 ], [ -70.72037, -36.08436 ], [ -70.72025, -36.08425 ], [ -70.72085, -36.08392 ], [ -70.72137, -36.08407 ], [ -70.72194, -36.08378 ], [ -70.72243, -36.0839 ], [ -70.72349, -36.08369 ], [ -70.72424, -36.08319 ], [ -70.72764, -36.08244 ], [ -70.72809, -36.08209 ], [ -70.7287, -36.08219 ], [ -70.72905, -36.082 ], [ -70.72931, -36.08128 ], [ -70.72964, -36.08107 ], [ -70.73066, -36.08118 ], [ -70.73228, -36.08069 ], [ -70.7325, -36.08077 ], [ -70.7327, -36.08119 ], [ -70.73292, -36.08122 ], [ -70.73329, -36.08099 ], [ -70.73409, -36.08123 ], [ -70.73573, -36.08109 ], [ -70.73706, -36.08058 ], [ -70.73743, -36.08002 ], [ -70.73788, -36.07985 ], [ -70.73813, -36.07921 ], [ -70.73877, -36.079 ], [ -70.7385, -36.07875 ], [ -70.73853, -36.07858 ], [ -70.73967, -36.07798 ], [ -70.74051, -36.07798 ], [ -70.74067, -36.0775 ], [ -70.74179, -36.07674 ], [ -70.74228, -36.07705 ], [ -70.74318, -36.077 ], [ -70.74332, -36.07751 ], [ -70.74375, -36.0776 ], [ -70.74559, -36.07908 ], [ -70.74625, -36.07869 ], [ -70.74652, -36.07876 ], [ -70.74661, -36.07921 ], [ -70.74757, -36.07871 ], [ -70.74884, -36.07863 ], [ -70.74901, -36.07875 ], [ -70.74914, -36.07927 ], [ -70.7517, -36.07974 ], [ -70.7526, -36.07961 ], [ -70.75325, -36.07894 ], [ -70.75414, -36.07898 ], [ -70.75399, -36.07824 ], [ -70.75423, -36.07801 ], [ -70.75465, -36.0781 ], [ -70.75487, -36.07837 ], [ -70.75648, -36.07841 ], [ -70.7579, -36.07909 ], [ -70.75965, -36.07922 ], [ -70.76064, -36.07896 ], [ -70.76145, -36.07912 ], [ -70.76193, -36.07905 ], [ -70.76324, -36.07854 ], [ -70.76384, -36.07856 ], [ -70.76552, -36.07815 ], [ -70.76613, -36.07818 ], [ -70.7683, -36.07782 ], [ -70.76866, -36.07754 ], [ -70.77035, -36.07731 ], [ -70.77049, -36.07709 ], [ -70.7703, -36.0766 ], [ -70.77065, -36.07638 ], [ -70.77159, -36.07669 ], [ -70.77323, -36.07686 ], [ -70.7739, -36.07737 ], [ -70.7742, -36.07725 ], [ -70.77445, -36.07675 ], [ -70.77524, -36.07656 ], [ -70.77595, -36.07686 ], [ -70.77681, -36.07691 ] ] } },
{ "type": "Feature", "properties": { "nombre": "Río Varvarco", "tipo": "river", "volcan_codigo": "LDM", "volcan_nombre": "Laguna del Maule", "drena_volcan": false }, "geometry": { "type": "MultiLineString", "coordinates": [ [ [ -70.61811, -36.41687 ], [ -70.61797, -36.41733 ], [ -70.61827, -36.41783 ], [ -70.61926, -36.41743 ], [ -70.61965, -36.41755 ], [ -70.62053, -36.41843 ], [ -70.6213, -36.41893 ], [ -70.62092, -36.41933 ], [ -70.62048, -36.41935 ], [ -70.61997, -36.41966 ], [ -70.61898, -36.42068 ], [ -70.61816, -36.42099 ], [ -70.61748, -36.4209 ], [ -70.61707, -36.42103 ], [ -70.6165, -36.4215 ] ], [ [ -70.62338, -36.40762 ], [ -70.62256, -36.40905 ], [ -70.62258, -36.40947 ], [ -70.6231, -36.40994 ], [ -70.623, -36.41049 ], [ -70.62195, -36.4111 ], [ -70.62054, -36.41364 ], [ -70.62001, -36.41432 ] ], [ [ -70.62853, -36.39442 ], [ -70.62814, -36.39499 ], [ -70.62825, -36.39569 ], [ -70.62874, -36.39651 ], [ -70.62831, -36.39749 ], [ -70.62805, -36.39873 ], [ -70.62773, -36.39912 ], [ -70.62685, -36.39943 ], [ -70.62645, -36.40012 ], [ -70.62664, -36.40049 ], [ -70.6271, -36.40077 ], [ -70.62705, -36.40117 ], [ -70.6265, -36.40204 ], [ -70.62648, -36.40254 ], [ -70.62622, -36.40299 ] ], [ [ -70.60171, -36.44807 ], [ -70.60172, -36.44891 ], [ -70.60128, -36.4495 ], [ -70.59754, -36.4512 ], [ -70.59003, -36.45341 ], [ -70.58177, -36.4579 ], [ -70.58108, -36.45776 ], [ -70.58021, -36.45818 ], [ -70.57938, -36.45811 ], [ -70.57829, -36.45879 ], [ -70.57787, -36.45941 ], [ -70.57666, -36.46005 ], [ -70.57587, -36.46023 ], [ -70.5757, -36.46068 ], [ -70.57586, -36.46117 ], [ -70.57577, -36.4616 ], [ -70.5752, -36.46172 ], [ -70.57502, -36.46252 ], [ -70.57384, -36.46403 ], [ -70.57108, -36.46566 ], [ -70.57079, -36.46598 ], [ -70.57078, -36.46614 ], [ -70.57132, -36.46668 ], [ -70.57133, -36.46692 ], [ -70.57095, -36.46808 ], [ -70.57046, -36.46883 ], [ -70.57073, -36.4693 ], [ -70.57075, -36.46979 ], [ -70.57047, -36.47045 ], [ -70.56939, -36.47198 ], [ -70.56968, -36.47311 ], [ -70.569, -36.47397 ], [ -70.56931, -36.47476 ], [ -70.56909, -36.47693 ], [ -70.56918, -36.47723 ], [ -70.5696, -36.47764 ], [ -70.56994, -36.47875 ], [ -70.57033, -36.47931 ], [ -70.57198, -36.47965 ], [ -70.57211, -36.47981 ], [ -70.57216, -36.48078 ] ] ] } },
{ "type": "Feature", "properties": { "nombre": "Río de la Puente", "tipo": "river", "volcan_codigo": "LDM", "volcan_nombre": "Laguna del Maule", "drena_volcan": true }, "geometry": { "type": "MultiLineString", "coordinates": [ [ [ -70.82467, -36.04452 ], [ -70.82644, -36.04465 ], [ -70.8267, -36.04523 ], [ -70.82759, -36.04595 ], [ -70.828, -36.04653 ], [ -70.83003, -36.04667 ], [ -70.83057, -36.04737 ], [ -70.83211, -36.04837 ], [ -70.83246, -36.04839 ], [ -70.83348, -36.04794 ], [ -70.83445, -36.04816 ], [ -70.83462, -36.04898 ], [ -70.83447, -36.04953 ], [ -70.83471, -36.04989 ], [ -70.83468, -36.05024 ], [ -70.83491, -36.05063 ], [ -70.8358, -36.05107 ], [ -70.83586, -36.05136 ], [ -70.83567, -36.0518 ], [ -70.83601, -36.05249 ], [ -70.83717, -36.05348 ], [ -70.83735, -36.05403 ], [ -70.83763, -36.05432 ], [ -70.838, -36.05454 ], [ -70.83861, -36.05455 ], [ -70.83883, -36.055 ], [ -70.83941, -36.05536 ], [ -70.84018, -36.05554 ], [ -70.84091, -36.05536 ], [ -70.84214, -36.05458 ], [ -70.84398, -36.05398 ], [ -70.84437, -36.05357 ], [ -70.84511, -36.05356 ], [ -70.84585, -36.05436 ], [ -70.8477, -36.05467 ], [ -70.84821, -36.05496 ], [ -70.84843, -36.05536 ], [ -70.84916, -36.0557 ], [ -70.84931, -36.05632 ], [ -70.84979, -36.05668 ], [ -70.84983, -36.05727 ], [ -70.84999, -36.05749 ], [ -70.85033, -36.0575 ], [ -70.85083, -36.05708 ], [ -70.85154, -36.05723 ], [ -70.8522, -36.05781 ], [ -70.85254, -36.05786 ], [ -70.85324, -36.05725 ], [ -70.85418, -36.05699 ], [ -70.85482, -36.05743 ], [ -70.85566, -36.05879 ], [ -70.85603, -36.0589 ], [ -70.85714, -36.05867 ], [ -70.85862, -36.05893 ], [ -70.86102, -36.06044 ], [ -70.86207, -36.06072 ], [ -70.86296, -36.06184 ], [ -70.86486, -36.06232 ], [ -70.86629, -36.06327 ], [ -70.86661, -36.06382 ], [ -70.86735, -36.06451 ], [ -70.86811, -36.06472 ], [ -70.87038, -36.06453 ], [ -70.87103, -36.06477 ], [ -70.87271, -36.06591 ], [ -70.87259, -36.06663 ], [ -70.87281, -36.0672 ], [ -70.87388, -36.06789 ], [ -70.87388, -36.06843 ], [ -70.87472, -36.06894 ], [ -70.87445, -36.06961 ], [ -70.87463, -36.07049 ], [ -70.87635, -36.07133 ], [ -70.87692, -36.07116 ], [ -70.87762, -36.07121 ], [ -70.87867, -36.0709 ], [ -70.87934, -36.07107 ], [ -70.88067, -36.07182 ], [ -70.88138, -36.07163 ], [ -70.88169, -36.07171 ], [ -70.88254, -36.07238 ], [ -70.88411, -36.07326 ], [ -70.88467, -36.0741 ], [ -70.8863, -36.0743 ], [ -70.88658, -36.07499 ], [ -70.88695, -36.07531 ], [ -70.88784, -36.07567 ], [ -70.88955, -36.07584 ], [ -70.89013, -36.07659 ], [ -70.89165, -36.07731 ], [ -70.89315, -36.07935 ], [ -70.89423, -36.08 ], [ -70.89502, -36.08018 ], [ -70.8956, -36.08073 ], [ -70.89693, -36.08132 ], [ -70.89766, -36.08236 ], [ -70.89819, -36.08282 ], [ -70.90022, -36.08311 ], [ -70.90225, -36.08424 ], [ -70.90301, -36.08424 ], [ -70.9032, -36.08408 ], [ -70.90407, -36.08394 ], [ -70.90628, -36.08403 ], [ -70.90664, -36.08435 ], [ -70.90662, -36.08455 ], [ -70.90566, -36.08539 ], [ -70.90562, -36.08647 ], [ -70.90582, -36.08673 ], [ -70.90603, -36.08678 ], [ -70.90626, -36.08653 ], [ -70.90721, -36.08625 ], [ -70.9078, -36.08639 ], [ -70.90834, -36.08629 ], [ -70.90887, -36.08592 ], [ -70.9097, -36.08489 ], [ -70.91088, -36.08465 ], [ -70.91278, -36.0838 ], [ -70.91512, -36.08367 ], [ -70.91601, -36.08409 ], [ -70.9164, -36.08445 ], [ -70.9167, -36.08448 ], [ -70.91939, -36.08302 ] ], [ [ -70.80994, -36.05514 ], [ -70.81098, -36.05496 ], [ -70.81302, -36.05501 ], [ -70.81387, -36.05472 ], [ -70.81461, -36.05419 ], [ -70.81526, -36.05435 ], [ -70.8159, -36.05495 ], [ -70.81633, -36.05498 ], [ -70.81698, -36.05427 ], [ -70.81712, -36.05347 ], [ -70.81745, -36.05308 ], [ -70.81858, -36.05248 ], [ -70.81975, -36.05228 ], [ -70.82008, -36.05208 ], [ -70.82009, -36.05186 ], [ -70.81922, -36.05069 ], [ -70.82032, -36.05038 ], [ -70.82083, -36.05042 ], [ -70.82147, -36.05084 ], [ -70.82177, -36.05085 ], [ -70.82214, -36.05062 ], [ -70.8222, -36.0503 ], [ -70.82205, -36.05003 ], [ -70.82139, -36.04976 ], [ -70.82076, -36.04919 ], [ -70.82069, -36.04894 ], [ -70.82087, -36.04882 ], [ -70.82247, -36.04875 ], [ -70.8232, -36.0481 ], [ -70.82324, -36.04742 ], [ -70.82198, -36.04679 ], [ -70.82187, -36.04611 ], [ -70.82222, -36.04585 ], [ -70.82299, -36.0461 ], [ -70.82353, -36.04598 ], [ -70.82371, -36.04572 ], [ -70.82377, -36.0448 ], [ -70.82403, -36.0446 ], [ -70.82467, -36.04452 ] ] ] } }
]
}
