{
"type": "FeatureCollection",
"name": "SJO",
"crs": { "type": "name", "properties": { "name": "urn:ogc:def:crs:OGC:1.3:CRS84" } },
"xy_coordinate_resolution": 1e-05,
"features": [
{ "type": "Feature", "properties": { "nombre": "Arroyo El Gorro", "tipo": "river", "volcan_codigo": "SJO", "volcan_nombre": "San Jose", "drena_volcan": false }, "geometry": { "type": "LineString", "coordinates": [ [ -69.80325, -34.09655 ], [ -69.80322, -34.09756 ], [ -69.80239, -34.0992 ], [ -69.80191, -34.09923 ], [ -69.79928, -34.10066 ], [ -69.79704, -34.10139 ], [ -69.79486, -34.10241 ], [ -69.79391, -34.10342 ], [ -69.79123, -34.1053 ], [ -69.78872, -34.10624 ], [ -69.78687, -34.10759 ], [ -69.78571, -34.10706 ], [ -69.78526, -34.10701 ], [ -69.78408, -34.10798 ], [ -69.78275, -34.10818 ], [ -69.78136, -34.10781 ], [ -69.78082, -34.10802 ], [ -69.77814, -34.10786 ], [ -69.77687, -34.10797 ], [ -69.77468, -34.10852 ], [ -69.77423, -34.10884 ], [ -69.77408, -34.10928 ], [ -69.77443, -34.11044 ], [ -69.77417, -34.11138 ], [ -69.77316, -34.11266 ], [ -69.77087, -34.1136 ], [ -69.77018, -34.11344 ], [ -69.76739, -34.11392 ], [ -69.76651, -34.11447 ], [ -69.76542, -34.11481 ], [ -69.76275, -34.11612 ], [ -69.7626, -34.11735 ], [ -69.76239, -34.11781 ], [ -69.76076, -34.11834 ], [ -69.76012, -34.11875 ], [ -69.75945, -34.11895 ], [ -69.75885, -34.11886 ], [ -69.75754, -34.11948 ], [ -69.75687, -34.11962 ], [ -69.75651, -34.12021 ], [ -69.75582, -34.12227 ], [ -69.75574, -34.12452 ], [ -69.75507, -34.12511 ], [ -69.75419, -34.12523 ], [ -69.75192, -34.12687 ], [ -69.75065, -34.1274 ], [ -69.75016, -34.12802 ], [ -69.74945, -34.12779 ], [ -69.74739, -34.12824 ], [ -69.746, -34.12936 ], [ -69.74518, -34.12964 ], [ -69.74361, -34.12987 ], [ -69.74248, -34.13037 ], [ -69.74222, -34.1311 ], [ -69.74108, -34.13174 ], [ -69.74061, -34.1325 ], [ -69.73861, -34.1334 ], [ -69.73769, -34.13362 ], [ -69.73608, -34.13461 ], [ -69.73203, -34.13417 ], [ -69.73018, -34.13422 ], [ -69.72838, -34.13458 ], [ -69.72465, -34.13406 ], [ -69.72387, -34.13376 ], [ -69.72091, -34.1341 ], [ -69.71911, -34.13362 ], [ -69.71844, -34.1338 ], [ -69.71776, -34.13355 ], [ -69.71759, -34.13388 ], [ -69.71675, -34.13378 ], [ -69.71344, -34.13394 ], [ -69.7125, -34.13475 ], [ -69.71113, -34.13525 ], [ -69.70978, -34.1347 ], [ -69.70834, -34.1347 ], [ -69.70776, -34.13491 ], [ -69.70784, -34.13548 ], [ -69.70707, -34.13756 ], [ -69.70626, -34.13799 ], [ -69.70538, -34.13872 ], [ -69.70428, -34.13904 ], [ -69.70334, -34.1404 ], [ -69.70124, -34.14197 ], [ -69.70118, -34.14243 ], [ -69.70157, -34.1427 ], [ -69.70154, -34.14309 ], [ -69.70129, -34.14324 ], [ -69.70115, -34.14393 ], [ -69.70025, -34.14554 ], [ -69.70019, -34.14607 ] ] } },
{ "type": "Feature", "properties": { "nombre": "Arroyo Grande del Portillo", "tipo": "stream", "volcan_codigo": "SJO", "volcan_nombre": "San Jose", "drena_volcan": false }, "geometry": { "type": "LineString", "coordinates": [ [ -69.56211, -33.60786 ], [ -69.55709, -33.6087 ], [ -69.55602, -33.60929 ], [ -69.55508, -33.6093 ], [ -69.55411, -33.60873 ], [ -69.55243, -33.6082 ], [ -69.5515, -33.60842 ], [ -69.55116, -33.60827 ], [ -69.55025, -33.60861 ], [ -69.5495, -33.60849 ], [ -69.54868, -33.60922 ], [ -69.54849, -33.60916 ], [ -69.54782, -33.60951 ], [ -69.54761, -33.60936 ], [ -69.54683, -33.60976 ], [ -69.54617, -33.60974 ], [ -69.545, -33.61003 ], [ -69.54403, -33.60982 ], [ -69.54382, -33.6095 ], [ -69.54329, -33.60966 ], [ -69.54208, -33.60939 ], [ -69.54174, -33.60952 ], [ -69.54131, -33.60938 ], [ -69.54104, -33.60958 ], [ -69.54058, -33.60944 ], [ -69.53993, -33.60978 ], [ -69.53941, -33.60964 ], [ -69.53839, -33.61019 ], [ -69.53819, -33.61057 ], [ -69.53756, -33.61083 ], [ -69.53477, -33.61092 ], [ -69.53448, -33.61078 ], [ -69.53221, -33.61099 ], [ -69.53127, -33.61151 ], [ -69.53014, -33.61141 ], [ -69.52763, -33.61215 ], [ -69.5264, -33.61227 ], [ -69.52566, -33.61198 ], [ -69.52494, -33.61216 ], [ -69.52463, -33.61246 ], [ -69.52253, -33.61336 ], [ -69.52135, -33.61308 ], [ -69.52052, -33.61332 ], [ -69.51807, -33.61346 ], [ -69.51734, -33.6138 ], [ -69.51493, -33.61382 ], [ -69.51319, -33.61411 ], [ -69.5121, -33.61394 ], [ -69.51186, -33.61409 ], [ -69.50991, -33.61406 ], [ -69.5085, -33.61428 ], [ -69.5074, -33.61465 ], [ -69.50606, -33.61538 ], [ -69.50517, -33.61497 ], [ -69.50439, -33.61425 ], [ -69.50299, -33.61371 ], [ -69.50238, -33.61365 ], [ -69.50214, -33.61342 ], [ -69.50175, -33.61338 ], [ -69.50079, -33.6129 ], [ -69.49956, -33.61285 ], [ -69.49912, -33.61317 ], [ -69.49869, -33.61308 ], [ -69.49821, -33.61326 ], [ -69.49732, -33.61325 ], [ -69.49654, -33.61355 ], [ -69.49542, -33.61434 ], [ -69.4949, -33.61431 ], [ -69.49465, -33.61448 ], [ -69.49283, -33.6144 ], [ -69.4924, -33.61418 ], [ -69.49095, -33.61438 ], [ -69.48783, -33.61437 ], [ -69.48724, -33.61393 ], [ -69.48551, -33.61388 ], [ -69.48246, -33.61432 ], [ -69.48172, -33.61459 ], [ -69.48087, -33.61459 ], [ -69.4802, -33.61443 ], [ -69.48017, -33.61408 ], [ -69.47799, -33.61227 ], [ -69.47774, -33.61186 ], [ -69.47676, -33.61126 ], [ -69.47499, -33.61091 ], [ -69.4732, -33.61128 ], [ -69.47295, -33.61146 ], [ -69.47182, -33.61126 ], [ -69.47132, -33.61074 ], [ -69.47066, -33.60961 ], [ -69.46941, -33.6086 ], [ -69.46898, -33.608 ], [ -69.46705, -33.60745 ], [ -69.46641, -33.60687 ], [ -69.46554, -33.6066 ], [ -69.46418, -33.60666 ], [ -69.46368, -33.60687 ], [ -69.4629, -33.60683 ], [ -69.46241, -33.60641 ], [ -69.4619, -33.60648 ], [ -69.46129, -33.60634 ], [ -69.45926, -33.6055 ], [ -69.45817, -33.60547 ], [ -69.45722, -33.60502 ], [ -69.45674, -33.60503 ], [ -69.45641, -33.6047 ], [ -69.45549, -33.6048 ], [ -69.45438, -33.60431 ], [ -69.45309, -33.60447 ], [ -69.45267, -33.60466 ], [ -69.45237, -33.60488 ], [ -69.45238, -33.60529 ], [ -69.45181, -33.60555 ], [ -69.4515, -33.60589 ], [ -69.45004, -33.6064 ], [ -69.44973, -33.60632 ], [ -69.44944, -33.60591 ], [ -69.44865, -33.60568 ], [ -69.44824, -33.6058 ], [ -69.44766, -33.60572 ], [ -69.44718, -33.60532 ], [ -69.44638, -33.60535 ], [ -69.44553, -33.60512 ], [ -69.44513, -33.60472 ], [ -69.44454, -33.60459 ], [ -69.44353, -33.60399 ], [ -69.4434, -33.60352 ], [ -69.44202, -33.6028 ], [ -69.44104, -33.60301 ], [ -69.44071, -33.60277 ], [ -69.43939, -33.60248 ], [ -69.43908, -33.60221 ], [ -69.43801, -33.60217 ], [ -69.43733, -33.60186 ], [ -69.43624, -33.60172 ], [ -69.43506, -33.60107 ], [ -69.4348, -33.60114 ], [ -69.43415, -33.60098 ], [ -69.4337, -33.60066 ], [ -69.43306, -33.60058 ], [ -69.432, -33.59977 ], [ -69.43122, -33.59974 ], [ -69.43049, -33.59948 ], [ -69.43005, -33.59954 ], [ -69.4293, -33.60022 ], [ -69.42821, -33.60024 ], [ -69.42786, -33.60039 ], [ -69.42687, -33.60032 ], [ -69.42588, -33.59994 ], [ -69.42412, -33.5996 ], [ -69.42281, -33.59897 ], [ -69.42212, -33.59899 ], [ -69.42066, -33.59862 ], [ -69.42021, -33.5988 ], [ -69.41962, -33.59877 ], [ -69.41939, -33.59871 ], [ -69.41913, -33.59836 ], [ -69.41854, -33.59848 ], [ -69.41792, -33.59811 ], [ -69.41641, -33.59813 ], [ -69.41586, -33.59783 ], [ -69.41424, -33.59763 ], [ -69.4125, -33.59621 ], [ -69.41164, -33.59624 ], [ -69.41062, -33.59537 ], [ -69.40974, -33.59524 ], [ -69.40951, -33.59496 ], [ -69.409, -33.59482 ], [ -69.40883, -33.59457 ], [ -69.40792, -33.59461 ], [ -69.407, -33.59394 ], [ -69.4065, -33.59389 ], [ -69.40599, -33.59361 ], [ -69.40486, -33.59272 ], [ -69.40394, -33.59282 ], [ -69.4035, -33.59228 ], [ -69.40216, -33.59222 ], [ -69.40113, -33.59261 ], [ -69.40053, -33.59255 ], [ -69.3999, -33.59286 ], [ -69.39911, -33.59281 ], [ -69.39875, -33.59308 ], [ -69.39767, -33.59324 ], [ -69.39686, -33.59366 ], [ -69.39599, -33.59387 ], [ -69.3952, -33.59435 ], [ -69.39487, -33.59511 ], [ -69.39453, -33.59522 ], [ -69.39427, -33.59565 ], [ -69.39317, -33.59622 ], [ -69.39276, -33.59716 ], [ -69.39147, -33.59812 ], [ -69.39013, -33.59847 ], [ -69.38996, -33.59844 ], [ -69.38972, -33.59798 ], [ -69.38865, -33.59811 ], [ -69.38843, -33.59759 ], [ -69.38793, -33.59722 ], [ -69.38618, -33.59645 ], [ -69.3856, -33.5965 ], [ -69.38384, -33.59619 ], [ -69.38347, -33.5964 ], [ -69.38308, -33.59637 ], [ -69.38204, -33.59595 ], [ -69.38138, -33.59605 ], [ -69.3797, -33.59517 ], [ -69.37918, -33.59521 ], [ -69.37727, -33.59476 ], [ -69.3767, -33.59394 ], [ -69.37557, -33.59398 ], [ -69.37371, -33.59355 ], [ -69.37368, -33.59278 ], [ -69.37295, -33.59256 ], [ -69.37167, -33.59139 ], [ -69.37126, -33.59028 ], [ -69.37055, -33.58977 ], [ -69.36859, -33.58779 ], [ -69.36701, -33.58661 ], [ -69.36678, -33.58621 ], [ -69.36567, -33.58564 ], [ -69.36558, -33.58525 ], [ -69.36502, -33.58484 ], [ -69.36487, -33.58446 ], [ -69.36308, -33.58352 ] ] } },
{ "type": "Feature", "properties": { "nombre": "Arroyo Negro", "tipo": "river", "volcan_codigo": "SJO", "volcan_nombre": "San Jose", "drena_volcan": false }, "geometry": { "type": "LineString", "coordinates": [ [ -69.65677, -33.48416 ], [ -69.65577, -33.48393 ], [ -69.65366, -33.484 ], [ -69.65094, -33.48379 ], [ -69.6468, -33.48282 ], [ -69.64186, -33.48128 ], [ -69.6365, -33.48028 ], [ -69.63427, -33.48121 ], [ -69.6307, -33.48457 ], [ -69.63002, -33.48576 ], [ -69.631, -33.48908 ], [ -69.63332, -33.49406 ], [ -69.63439, -33.49563 ], [ -69.63748, -33.49907 ], [ -69.63826, -33.50032 ], [ -69.64002, -33.50509 ], [ -69.64051, -33.50705 ], [ -69.64079, -33.50729 ], [ -69.64098, -33.50846 ], [ -69.64356, -33.5109 ], [ -69.6441, -33.51171 ], [ -69.64504, -33.51266 ], [ -69.64483, -33.51311 ], [ -69.64488, -33.5134 ], [ -69.6452, -33.51405 ], [ -69.64568, -33.51446 ], [ -69.64681, -33.51609 ], [ -69.64718, -33.51701 ], [ -69.64898, -33.51761 ], [ -69.64982, -33.51929 ], [ -69.64994, -33.52069 ], [ -69.64974, -33.5212 ], [ -69.65001, -33.52162 ], [ -69.65278, -33.52274 ], [ -69.65378, -33.5239 ], [ -69.65474, -33.52472 ], [ -69.65515, -33.52536 ], [ -69.65718, -33.52664 ], [ -69.65796, -33.52815 ], [ -69.65894, -33.52904 ], [ -69.65945, -33.52926 ], [ -69.65993, -33.5298 ], [ -69.66102, -33.53046 ], [ -69.66151, -33.53111 ], [ -69.66202, -33.53137 ], [ -69.66286, -33.53152 ], [ -69.66389, -33.5315 ], [ -69.66567, -33.53283 ], [ -69.66628, -33.53358 ], [ -69.6683, -33.53417 ], [ -69.66965, -33.53489 ], [ -69.67019, -33.53532 ], [ -69.67162, -33.53725 ], [ -69.67192, -33.53807 ], [ -69.67229, -33.53853 ], [ -69.67265, -33.53987 ], [ -69.67348, -33.54064 ], [ -69.67434, -33.54198 ], [ -69.67542, -33.54319 ], [ -69.67607, -33.54447 ], [ -69.67623, -33.54511 ], [ -69.67616, -33.54548 ], [ -69.67641, -33.54618 ], [ -69.67727, -33.54693 ], [ -69.67764, -33.5477 ], [ -69.67781, -33.54856 ], [ -69.67807, -33.54899 ], [ -69.67908, -33.54976 ], [ -69.67951, -33.55096 ], [ -69.68077, -33.55291 ], [ -69.68078, -33.55336 ], [ -69.68135, -33.55409 ], [ -69.68147, -33.55527 ], [ -69.68213, -33.55611 ], [ -69.68282, -33.55661 ], [ -69.68289, -33.55717 ], [ -69.68331, -33.55805 ], [ -69.68435, -33.55923 ], [ -69.68448, -33.55997 ], [ -69.68514, -33.56106 ], [ -69.68587, -33.56173 ], [ -69.68676, -33.56329 ], [ -69.68773, -33.56411 ], [ -69.68768, -33.56427 ], [ -69.6881, -33.56488 ], [ -69.68833, -33.56602 ], [ -69.68878, -33.56706 ], [ -69.68908, -33.56746 ], [ -69.69068, -33.56864 ], [ -69.69206, -33.57023 ], [ -69.69235, -33.5703 ], [ -69.6926, -33.57068 ], [ -69.69253, -33.57092 ], [ -69.69302, -33.57172 ], [ -69.69432, -33.57351 ], [ -69.69443, -33.5747 ], [ -69.6948, -33.57532 ], [ -69.6946, -33.57631 ], [ -69.69492, -33.57727 ], [ -69.69464, -33.57818 ], [ -69.69433, -33.57845 ], [ -69.69382, -33.58004 ], [ -69.6934, -33.58077 ], [ -69.69327, -33.58159 ], [ -69.69355, -33.58246 ], [ -69.69415, -33.58323 ], [ -69.69507, -33.58393 ], [ -69.69515, -33.58418 ], [ -69.69574, -33.58455 ], [ -69.69661, -33.58474 ], [ -69.69673, -33.58502 ], [ -69.69796, -33.58573 ], [ -69.69821, -33.58617 ], [ -69.69812, -33.58695 ], [ -69.69864, -33.58736 ], [ -69.69889, -33.58778 ], [ -69.69936, -33.58796 ], [ -69.70048, -33.58784 ], [ -69.70084, -33.58809 ], [ -69.70142, -33.58816 ], [ -69.70185, -33.58906 ], [ -69.70204, -33.5891 ], [ -69.70227, -33.59028 ], [ -69.7029, -33.59052 ], [ -69.70299, -33.5908 ], [ -69.70372, -33.59122 ], [ -69.70383, -33.59153 ], [ -69.70419, -33.59141 ] ] } },
{ "type": "Feature", "properties": { "nombre": "Arroyo Numerados", "tipo": "stream", "volcan_codigo": "SJO", "volcan_nombre": "San Jose", "drena_volcan": false }, "geometry": { "type": "LineString", "coordinates": [ [ -69.69739, -34.10273 ], [ -69.69776, -34.1052 ], [ -69.69851, -34.10642 ], [ -69.69907, -34.10687 ], [ -69.70149, -34.10733 ], [ -69.70486, -34.10742 ], [ -69.70707, -34.10806 ], [ -69.70864, -34.10919 ], [ -69.71087, -34.11257 ], [ -69.7125, -34.1147 ], [ -69.71409, -34.11598 ], [ -69.7142, -34.11825 ], [ -69.71392, -34.11914 ], [ -69.71317, -34.12058 ], [ -69.71027, -34.12408 ], [ -69.70887, -34.12534 ], [ -69.70293, -34.13202 ], [ -69.70212, -34.13337 ], [ -69.70201, -34.13417 ], [ -69.70235, -34.13563 ], [ -69.70428, -34.13904 ] ] } },
{ "type": "Feature", "properties": { "nombre": "Arroyo Olmos", "tipo": "stream", "volcan_codigo": "SJO", "volcan_nombre": "San Jose", "drena_volcan": false }, "geometry": { "type": "LineString", "coordinates": [ [ -69.50086, -33.54843 ], [ -69.50062, -33.54945 ], [ -69.50027, -33.5501 ], [ -69.49935, -33.55097 ], [ -69.4985, -33.55208 ], [ -69.49711, -33.55271 ], [ -69.49502, -33.55346 ], [ -69.49179, -33.55402 ], [ -69.48989, -33.55492 ], [ -69.48951, -33.5553 ], [ -69.48907, -33.5554 ], [ -69.48724, -33.55486 ], [ -69.48395, -33.55474 ], [ -69.4828, -33.55556 ], [ -69.48215, -33.5558 ], [ -69.48188, -33.55617 ], [ -69.48141, -33.55642 ], [ -69.47641, -33.55805 ], [ -69.47474, -33.55965 ], [ -69.4727, -33.55955 ], [ -69.47154, -33.55892 ], [ -69.47032, -33.55852 ], [ -69.46775, -33.55841 ], [ -69.46743, -33.55795 ], [ -69.46603, -33.55821 ], [ -69.46391, -33.55783 ], [ -69.46298, -33.55736 ], [ -69.46266, -33.55696 ], [ -69.46269, -33.5568 ], [ -69.46183, -33.55629 ], [ -69.46093, -33.55671 ], [ -69.45954, -33.55612 ], [ -69.45645, -33.55642 ], [ -69.45597, -33.55667 ], [ -69.45578, -33.55703 ], [ -69.45544, -33.55724 ], [ -69.45413, -33.55744 ], [ -69.45361, -33.55684 ], [ -69.45343, -33.55738 ], [ -69.45255, -33.55702 ], [ -69.452, -33.55733 ], [ -69.45037, -33.55728 ], [ -69.44926, -33.55744 ], [ -69.44699, -33.55647 ], [ -69.4472, -33.55557 ], [ -69.44662, -33.55524 ], [ -69.44579, -33.55397 ], [ -69.4447, -33.55351 ], [ -69.44391, -33.5527 ], [ -69.44374, -33.55224 ], [ -69.44229, -33.55121 ], [ -69.44117, -33.55086 ], [ -69.44022, -33.55094 ], [ -69.43896, -33.55131 ], [ -69.43826, -33.55205 ], [ -69.43728, -33.55187 ], [ -69.43622, -33.55193 ], [ -69.43543, -33.55043 ], [ -69.435, -33.54997 ], [ -69.43432, -33.5496 ], [ -69.43375, -33.54964 ], [ -69.43236, -33.55041 ], [ -69.43201, -33.55036 ], [ -69.43097, -33.55103 ], [ -69.42948, -33.5511 ], [ -69.42906, -33.55096 ], [ -69.42887, -33.55022 ], [ -69.42865, -33.55003 ], [ -69.42708, -33.54965 ], [ -69.42502, -33.54888 ], [ -69.42441, -33.54884 ], [ -69.42298, -33.54839 ], [ -69.42263, -33.54855 ], [ -69.42041, -33.54851 ], [ -69.41871, -33.54827 ], [ -69.41745, -33.54789 ], [ -69.41592, -33.54842 ], [ -69.41508, -33.54917 ], [ -69.41499, -33.54953 ], [ -69.41523, -33.5504 ], [ -69.41504, -33.55109 ], [ -69.41472, -33.55142 ], [ -69.41306, -33.55198 ], [ -69.41024, -33.55119 ], [ -69.40987, -33.55025 ], [ -69.40904, -33.54965 ], [ -69.4086, -33.54821 ], [ -69.40799, -33.54748 ], [ -69.40753, -33.54657 ], [ -69.40684, -33.54562 ], [ -69.40581, -33.54471 ], [ -69.40479, -33.54466 ], [ -69.40442, -33.54408 ], [ -69.40366, -33.54405 ], [ -69.40271, -33.54365 ], [ -69.40017, -33.54214 ], [ -69.40016, -33.54157 ], [ -69.40095, -33.54069 ], [ -69.40085, -33.53976 ], [ -69.40146, -33.53924 ], [ -69.40075, -33.53829 ], [ -69.40094, -33.5375 ], [ -69.4, -33.53705 ], [ -69.39898, -33.53702 ], [ -69.39805, -33.53637 ], [ -69.39664, -33.53634 ], [ -69.39597, -33.53617 ], [ -69.39248, -33.53422 ], [ -69.39105, -33.53388 ], [ -69.39069, -33.53383 ], [ -69.3886, -33.53446 ], [ -69.38716, -33.53431 ], [ -69.38618, -33.53463 ], [ -69.38473, -33.5346 ], [ -69.38379, -33.53488 ], [ -69.38122, -33.53452 ], [ -69.37983, -33.53382 ], [ -69.37941, -33.53376 ], [ -69.37757, -33.53252 ], [ -69.37727, -33.53167 ], [ -69.37724, -33.53048 ], [ -69.37665, -33.52898 ], [ -69.37291, -33.52756 ], [ -69.37238, -33.5276 ], [ -69.3716, -33.52802 ], [ -69.37097, -33.5277 ], [ -69.37014, -33.52803 ], [ -69.36961, -33.52757 ], [ -69.36947, -33.52664 ], [ -69.36897, -33.52606 ], [ -69.36828, -33.52577 ], [ -69.36789, -33.52524 ], [ -69.36694, -33.52501 ], [ -69.36641, -33.5246 ], [ -69.36522, -33.52478 ], [ -69.365, -33.52464 ], [ -69.3651, -33.52418 ], [ -69.36499, -33.52395 ], [ -69.36471, -33.52407 ], [ -69.36345, -33.52379 ], [ -69.36293, -33.52385 ], [ -69.36218, -33.52417 ], [ -69.36208, -33.52514 ], [ -69.36114, -33.5254 ], [ -69.35921, -33.52504 ], [ -69.35882, -33.52405 ], [ -69.35843, -33.52375 ], [ -69.35745, -33.52391 ], [ -69.35743, -33.52343 ], [ -69.35697, -33.52299 ], [ -69.35669, -33.52311 ], [ -69.35646, -33.52286 ], [ -69.35552, -33.52298 ], [ -69.35493, -33.52269 ], [ -69.35429, -33.52281 ], [ -69.35375, -33.52268 ], [ -69.35325, -33.52227 ], [ -69.3515, -33.52205 ], [ -69.35153, -33.521 ], [ -69.35096, -33.52102 ], [ -69.35071, -33.52072 ], [ -69.3501, -33.51858 ], [ -69.34895, -33.51734 ], [ -69.3487, -33.51727 ], [ -69.34775, -33.51767 ], [ -69.34774, -33.51729 ], [ -69.34837, -33.51628 ], [ -69.34767, -33.51553 ], [ -69.34671, -33.51526 ], [ -69.34524, -33.51594 ], [ -69.34496, -33.5158 ], [ -69.34481, -33.51543 ], [ -69.34397, -33.51518 ], [ -69.3437, -33.51477 ], [ -69.34188, -33.5151 ], [ -69.34144, -33.51464 ], [ -69.3404, -33.51414 ], [ -69.34009, -33.51459 ], [ -69.33971, -33.51477 ], [ -69.33937, -33.51449 ], [ -69.3388, -33.51461 ], [ -69.33716, -33.51514 ], [ -69.33637, -33.51568 ], [ -69.33584, -33.51573 ], [ -69.33519, -33.51535 ], [ -69.33474, -33.51473 ], [ -69.33406, -33.5131 ], [ -69.33372, -33.51277 ], [ -69.33207, -33.51236 ], [ -69.33135, -33.51236 ], [ -69.33041, -33.51276 ], [ -69.32869, -33.51319 ], [ -69.32789, -33.51312 ], [ -69.32726, -33.51286 ], [ -69.32502, -33.51289 ], [ -69.32346, -33.51263 ], [ -69.32232, -33.51264 ], [ -69.32127, -33.51288 ], [ -69.31981, -33.51276 ], [ -69.31826, -33.51248 ], [ -69.31495, -33.51125 ], [ -69.31174, -33.51041 ], [ -69.30987, -33.51078 ], [ -69.30917, -33.5105 ], [ -69.30773, -33.51027 ], [ -69.30741, -33.51095 ], [ -69.30659, -33.51164 ], [ -69.30592, -33.51172 ], [ -69.30313, -33.51136 ], [ -69.30061, -33.51184 ], [ -69.29903, -33.51226 ], [ -69.29806, -33.51286 ], [ -69.29732, -33.51375 ], [ -69.29702, -33.51385 ], [ -69.29619, -33.51363 ], [ -69.29463, -33.51408 ], [ -69.29396, -33.51459 ], [ -69.29366, -33.51459 ], [ -69.2925, -33.51572 ], [ -69.29196, -33.51589 ], [ -69.29192, -33.51635 ], [ -69.28811, -33.5188 ], [ -69.28449, -33.52009 ], [ -69.28393, -33.5197 ], [ -69.28296, -33.51962 ], [ -69.28241, -33.51989 ], [ -69.28163, -33.51991 ], [ -69.28081, -33.51955 ], [ -69.28021, -33.519 ], [ -69.27935, -33.51894 ], [ -69.27838, -33.51907 ], [ -69.27617, -33.51901 ], [ -69.27554, -33.51936 ], [ -69.27483, -33.51949 ], [ -69.27378, -33.51896 ], [ -69.27133, -33.5183 ], [ -69.27029, -33.51854 ], [ -69.26965, -33.51828 ], [ -69.26839, -33.51811 ], [ -69.26774, -33.51839 ], [ -69.2666, -33.51979 ], [ -69.26397, -33.52043 ], [ -69.26363, -33.52038 ] ] } },
{ "type": "Feature", "properties": { "nombre": "Arroyo de los Paramillos", "tipo": "stream", "volcan_codigo": "SJO", "volcan_nombre": "San Jose", "drena_volcan": false }, "geometry": { "type": "LineString", "coordinates": [ [ -69.65415, -34.20368 ], [ -69.65324, -34.20282 ], [ -69.65227, -34.20221 ], [ -69.65169, -34.20064 ], [ -69.65042, -34.19961 ], [ -69.64959, -34.1987 ], [ -69.64991, -34.19612 ], [ -69.64747, -34.19369 ], [ -69.64598, -34.19261 ], [ -69.64447, -34.19092 ], [ -69.64338, -34.19001 ], [ -69.63982, -34.18805 ], [ -69.63884, -34.18687 ], [ -69.63851, -34.18675 ], [ -69.63866, -34.18588 ], [ -69.6397, -34.18331 ], [ -69.64038, -34.18274 ], [ -69.64062, -34.1828 ], [ -69.6409, -34.18258 ], [ -69.6413, -34.1821 ], [ -69.64125, -34.18183 ], [ -69.64214, -34.1812 ], [ -69.64265, -34.18103 ], [ -69.64328, -34.18026 ], [ -69.64489, -34.17904 ], [ -69.64643, -34.17823 ], [ -69.64698, -34.17808 ], [ -69.64844, -34.17806 ], [ -69.6492, -34.17822 ], [ -69.65056, -34.17821 ], [ -69.6518, -34.17868 ], [ -69.65245, -34.17918 ], [ -69.65308, -34.17935 ], [ -69.65551, -34.17902 ], [ -69.65583, -34.17911 ], [ -69.65807, -34.17865 ], [ -69.65828, -34.17888 ], [ -69.65853, -34.1788 ], [ -69.65889, -34.17902 ], [ -69.65908, -34.17892 ], [ -69.65986, -34.17909 ], [ -69.66052, -34.17892 ], [ -69.6632, -34.17761 ], [ -69.66342, -34.17771 ], [ -69.66498, -34.17727 ], [ -69.66644, -34.17634 ], [ -69.66763, -34.17622 ], [ -69.66872, -34.17533 ], [ -69.66905, -34.17524 ], [ -69.66915, -34.17493 ], [ -69.66951, -34.17465 ], [ -69.67037, -34.17439 ], [ -69.67092, -34.17448 ], [ -69.67218, -34.17416 ], [ -69.67296, -34.17438 ], [ -69.67379, -34.17414 ], [ -69.67419, -34.17421 ], [ -69.67441, -34.17397 ], [ -69.67528, -34.17391 ], [ -69.67846, -34.17282 ], [ -69.67907, -34.17217 ], [ -69.67957, -34.17199 ], [ -69.67971, -34.17211 ], [ -69.6803, -34.17177 ], [ -69.68094, -34.17175 ], [ -69.68242, -34.17106 ] ] } },
{ "type": "Feature", "properties": { "nombre": "Arroyo del Guindo", "tipo": "stream", "volcan_codigo": "SJO", "volcan_nombre": "San Jose", "drena_volcan": false }, "geometry": { "type": "LineString", "coordinates": [ [ -69.58453, -33.55009 ], [ -69.58282, -33.55059 ], [ -69.58041, -33.55045 ], [ -69.57807, -33.54971 ], [ -69.57752, -33.54982 ], [ -69.57712, -33.55016 ], [ -69.57594, -33.55006 ], [ -69.57495, -33.55052 ], [ -69.57412, -33.55051 ], [ -69.57299, -33.55025 ], [ -69.57271, -33.54968 ], [ -69.57137, -33.5492 ], [ -69.56986, -33.54905 ], [ -69.56753, -33.5494 ], [ -69.56677, -33.54924 ], [ -69.56562, -33.54941 ], [ -69.56512, -33.54974 ], [ -69.56392, -33.55001 ], [ -69.56239, -33.54973 ], [ -69.56117, -33.54985 ], [ -69.56123, -33.55029 ], [ -69.56042, -33.552 ], [ -69.55954, -33.55258 ], [ -69.55821, -33.55305 ], [ -69.55679, -33.55289 ], [ -69.55551, -33.5537 ], [ -69.55474, -33.55511 ], [ -69.554, -33.55604 ], [ -69.55206, -33.55693 ], [ -69.55019, -33.55723 ], [ -69.54723, -33.55978 ], [ -69.547, -33.56023 ], [ -69.54558, -33.56115 ], [ -69.54394, -33.5619 ], [ -69.54344, -33.56259 ], [ -69.54281, -33.56309 ], [ -69.54101, -33.56411 ], [ -69.53926, -33.56585 ], [ -69.53862, -33.56679 ], [ -69.53741, -33.56739 ], [ -69.5359, -33.56851 ], [ -69.53515, -33.56939 ], [ -69.53427, -33.57001 ], [ -69.53319, -33.57048 ], [ -69.53241, -33.57062 ], [ -69.53087, -33.57139 ], [ -69.52958, -33.57287 ], [ -69.52791, -33.57382 ], [ -69.52678, -33.5755 ], [ -69.52421, -33.57687 ], [ -69.52167, -33.57867 ], [ -69.51921, -33.57935 ], [ -69.51793, -33.58032 ], [ -69.51568, -33.58075 ], [ -69.51427, -33.58082 ], [ -69.51236, -33.58199 ], [ -69.51054, -33.58256 ], [ -69.50882, -33.58353 ], [ -69.50818, -33.58353 ], [ -69.50637, -33.58406 ], [ -69.50514, -33.58388 ], [ -69.50483, -33.58422 ], [ -69.50401, -33.5843 ], [ -69.50359, -33.58468 ], [ -69.50261, -33.585 ], [ -69.4995, -33.58719 ], [ -69.49718, -33.58773 ], [ -69.49658, -33.58762 ], [ -69.494, -33.58818 ], [ -69.49246, -33.58878 ], [ -69.49183, -33.5894 ], [ -69.48982, -33.59021 ], [ -69.48894, -33.59128 ], [ -69.48882, -33.59174 ], [ -69.4889, -33.59286 ], [ -69.48923, -33.59422 ], [ -69.48868, -33.5957 ], [ -69.48393, -33.5998 ], [ -69.48355, -33.60003 ], [ -69.4823, -33.59964 ], [ -69.48104, -33.60039 ], [ -69.48093, -33.60153 ], [ -69.48062, -33.60184 ], [ -69.47973, -33.60156 ], [ -69.47819, -33.60222 ], [ -69.47715, -33.60324 ], [ -69.47641, -33.60435 ], [ -69.47523, -33.60483 ], [ -69.47414, -33.605 ], [ -69.47057, -33.6071 ], [ -69.46842, -33.60787 ] ] } },
{ "type": "Feature", "properties": { "nombre": "Estero Aucayes", "tipo": "stream", "volcan_codigo": "SJO", "volcan_nombre": "San Jose", "drena_volcan": false }, "geometry": { "type": "LineString", "coordinates": [ [ -70.16029, -33.58317 ], [ -70.16171, -33.58281 ], [ -70.16295, -33.58208 ], [ -70.16516, -33.58118 ], [ -70.16995, -33.58017 ], [ -70.17036, -33.58033 ], [ -70.17259, -33.57956 ], [ -70.17321, -33.57916 ], [ -70.17366, -33.57861 ], [ -70.17426, -33.57743 ], [ -70.17602, -33.57643 ], [ -70.17765, -33.57504 ], [ -70.17999, -33.57364 ], [ -70.18083, -33.57111 ], [ -70.18154, -33.57014 ], [ -70.18252, -33.56944 ], [ -70.18604, -33.56885 ], [ -70.18705, -33.56921 ], [ -70.18894, -33.56946 ], [ -70.19181, -33.569 ], [ -70.19235, -33.56907 ], [ -70.19269, -33.5693 ], [ -70.1936, -33.5691 ], [ -70.19443, -33.56934 ], [ -70.19572, -33.56925 ], [ -70.19662, -33.56868 ], [ -70.19741, -33.56844 ], [ -70.19795, -33.56791 ], [ -70.19926, -33.56782 ], [ -70.20072, -33.56716 ], [ -70.20171, -33.56703 ], [ -70.20289, -33.5671 ], [ -70.20488, -33.56644 ], [ -70.20593, -33.56644 ], [ -70.20677, -33.5668 ], [ -70.20831, -33.56648 ], [ -70.20877, -33.56676 ], [ -70.20937, -33.56676 ], [ -70.20982, -33.56698 ], [ -70.21085, -33.56674 ], [ -70.21106, -33.56689 ], [ -70.21252, -33.56674 ], [ -70.21299, -33.56692 ], [ -70.21368, -33.5664 ], [ -70.21557, -33.56606 ], [ -70.21628, -33.5654 ], [ -70.21859, -33.56422 ], [ -70.21889, -33.56363 ], [ -70.22005, -33.5634 ], [ -70.22149, -33.5626 ], [ -70.22228, -33.56283 ], [ -70.22286, -33.56276 ], [ -70.22359, -33.56211 ], [ -70.22415, -33.56199 ], [ -70.22488, -33.56156 ], [ -70.22509, -33.56113 ], [ -70.22574, -33.56084 ], [ -70.22625, -33.56034 ], [ -70.22776, -33.55977 ], [ -70.22831, -33.55889 ], [ -70.23037, -33.55771 ], [ -70.23104, -33.55698 ], [ -70.23194, -33.55448 ], [ -70.23293, -33.55357 ], [ -70.23355, -33.55323 ], [ -70.23554, -33.55312 ], [ -70.23745, -33.55244 ], [ -70.23776, -33.55261 ], [ -70.23848, -33.55243 ], [ -70.2401, -33.55121 ], [ -70.24147, -33.55077 ], [ -70.24218, -33.5508 ], [ -70.24286, -33.55001 ], [ -70.24397, -33.54959 ], [ -70.24556, -33.5486 ], [ -70.24806, -33.54777 ] ] } },
{ "type": "Feature", "properties": { "nombre": "Estero Barriga", "tipo": "stream", "volcan_codigo": "SJO", "volcan_nombre": "San Jose", "drena_volcan": false }, "geometry": { "type": "LineString", "coordinates": [ [ -70.05658, -34.0117 ], [ -70.05461, -34.01061 ], [ -70.05371, -34.01038 ], [ -70.05206, -34.00891 ], [ -70.05122, -34.00844 ], [ -70.04903, -34.00827 ], [ -70.04822, -34.00844 ], [ -70.04674, -34.00846 ], [ -70.04581, -34.00926 ], [ -70.04457, -34.00992 ], [ -70.04422, -34.01037 ], [ -70.04416, -34.01102 ], [ -70.04431, -34.01166 ], [ -70.04356, -34.01238 ], [ -70.04294, -34.01268 ], [ -70.04199, -34.01467 ], [ -70.04176, -34.01549 ], [ -70.04, -34.01721 ], [ -70.03938, -34.0176 ], [ -70.03719, -34.01839 ], [ -70.03654, -34.01881 ], [ -70.03547, -34.0189 ], [ -70.0339, -34.01981 ], [ -70.03253, -34.02024 ], [ -70.03124, -34.02097 ], [ -70.03036, -34.02118 ], [ -70.02835, -34.02251 ], [ -70.02775, -34.02262 ], [ -70.02714, -34.02241 ], [ -70.02554, -34.02285 ], [ -70.02481, -34.02282 ], [ -70.02345, -34.02406 ], [ -70.02283, -34.0244 ], [ -70.02249, -34.02488 ], [ -70.02193, -34.02516 ], [ -70.02122, -34.02539 ], [ -70.02045, -34.02538 ], [ -70.02004, -34.02516 ], [ -70.01935, -34.02522 ] ] } },
{ "type": "Feature", "properties": { "nombre": "Estero Blanco", "tipo": "river", "volcan_codigo": "SJO", "volcan_nombre": "San Jose", "drena_volcan": true }, "geometry": { "type": "MultiLineString", "coordinates": [ [ [ -69.92768, -33.86781 ], [ -69.92994, -33.87002 ], [ -69.93333, -33.87205 ], [ -69.93535, -33.87522 ], [ -69.93655, -33.87779 ], [ -69.93874, -33.88003 ], [ -69.94218, -33.8815 ], [ -69.9456, -33.88233 ], [ -69.94704, -33.88231 ], [ -69.94948, -33.88178 ], [ -69.95038, -33.88105 ], [ -69.95172, -33.88114 ], [ -69.95314, -33.88067 ], [ -69.95667, -33.8812 ], [ -69.95769, -33.88106 ], [ -69.95865, -33.87993 ], [ -69.96206, -33.8774 ], [ -69.96226, -33.87694 ], [ -69.96406, -33.87678 ] ], [ [ -69.88047, -33.87088 ], [ -69.88222, -33.86838 ], [ -69.88372, -33.8676 ], [ -69.88548, -33.86696 ], [ -69.88682, -33.86685 ], [ -69.88824, -33.86635 ], [ -69.89086, -33.86589 ], [ -69.8939, -33.86567 ], [ -69.89724, -33.86489 ], [ -69.89978, -33.86478 ], [ -69.90549, -33.86528 ], [ -69.90772, -33.86528 ], [ -69.91007, -33.86486 ], [ -69.91146, -33.86436 ], [ -69.91955, -33.86446 ], [ -69.92107, -33.865 ], [ -69.92193, -33.86753 ], [ -69.92309, -33.86806 ], [ -69.92445, -33.86828 ], [ -69.92768, -33.86781 ] ] ] } },
{ "type": "Feature", "properties": { "nombre": "Estero Blandas Aguas", "tipo": "stream", "volcan_codigo": "SJO", "volcan_nombre": "San Jose", "drena_volcan": false }, "geometry": { "type": "LineString", "coordinates": [ [ -69.99569, -33.3277 ], [ -69.99499, -33.32784 ], [ -69.99378, -33.32843 ], [ -69.99065, -33.33102 ], [ -69.98853, -33.33175 ], [ -69.98574, -33.33236 ], [ -69.98331, -33.33222 ], [ -69.98112, -33.33258 ], [ -69.9796, -33.33318 ], [ -69.97829, -33.3334 ], [ -69.97769, -33.33399 ], [ -69.97634, -33.33489 ], [ -69.97426, -33.33553 ], [ -69.97364, -33.33548 ], [ -69.97228, -33.33449 ], [ -69.96887, -33.33374 ], [ -69.9681, -33.33311 ], [ -69.9667, -33.33311 ], [ -69.96531, -33.33347 ], [ -69.96458, -33.33383 ], [ -69.96239, -33.33421 ], [ -69.96007, -33.33396 ], [ -69.95782, -33.33349 ], [ -69.95544, -33.33369 ], [ -69.95299, -33.33353 ], [ -69.95218, -33.33378 ], [ -69.95014, -33.33491 ], [ -69.94965, -33.33555 ], [ -69.94847, -33.33634 ], [ -69.94789, -33.33724 ], [ -69.94691, -33.33791 ], [ -69.94691, -33.33816 ], [ -69.94652, -33.33857 ], [ -69.94602, -33.3396 ], [ -69.94622, -33.34115 ], [ -69.94558, -33.34321 ], [ -69.94585, -33.34352 ], [ -69.94586, -33.34405 ], [ -69.94578, -33.34439 ], [ -69.94541, -33.34469 ], [ -69.94511, -33.34725 ], [ -69.94466, -33.34763 ], [ -69.94456, -33.34791 ], [ -69.94441, -33.34978 ], [ -69.94406, -33.35019 ], [ -69.94404, -33.35111 ], [ -69.9438, -33.3514 ], [ -69.94377, -33.3519 ], [ -69.94455, -33.3528 ], [ -69.94451, -33.35304 ], [ -69.94375, -33.35402 ], [ -69.9433, -33.35492 ], [ -69.94293, -33.35517 ], [ -69.94275, -33.35577 ], [ -69.94312, -33.35734 ], [ -69.94293, -33.35824 ], [ -69.9431, -33.35862 ], [ -69.9434, -33.35874 ], [ -69.9436, -33.35934 ], [ -69.944, -33.35985 ], [ -69.94394, -33.36034 ], [ -69.94364, -33.36051 ], [ -69.94365, -33.36118 ], [ -69.94394, -33.36166 ], [ -69.94436, -33.36181 ], [ -69.94445, -33.36199 ], [ -69.94453, -33.36297 ], [ -69.94437, -33.36349 ], [ -69.94456, -33.36436 ], [ -69.94432, -33.36478 ], [ -69.94454, -33.36528 ], [ -69.94445, -33.36636 ], [ -69.9446, -33.36673 ], [ -69.94445, -33.36802 ], [ -69.94453, -33.36858 ], [ -69.94428, -33.36895 ], [ -69.94447, -33.36921 ], [ -69.94379, -33.37051 ], [ -69.94375, -33.37133 ], [ -69.94341, -33.37184 ], [ -69.94343, -33.37213 ], [ -69.94284, -33.37266 ], [ -69.94283, -33.37297 ], [ -69.94349, -33.37326 ], [ -69.94359, -33.37374 ], [ -69.94292, -33.37437 ], [ -69.9423, -33.37444 ], [ -69.9419, -33.37484 ], [ -69.94182, -33.37621 ], [ -69.94131, -33.37686 ], [ -69.94103, -33.37779 ], [ -69.94104, -33.37885 ], [ -69.94136, -33.37943 ], [ -69.94132, -33.3797 ], [ -69.94014, -33.38096 ], [ -69.94002, -33.38155 ], [ -69.93954, -33.38224 ], [ -69.93779, -33.384 ], [ -69.93741, -33.38476 ], [ -69.93788, -33.38524 ], [ -69.93836, -33.38525 ], [ -69.93913, -33.38557 ], [ -69.93952, -33.38609 ], [ -69.93998, -33.38629 ], [ -69.94004, -33.38656 ], [ -69.94088, -33.38687 ], [ -69.94103, -33.38725 ], [ -69.9415, -33.38728 ] ] } },
{ "type": "Feature", "properties": { "nombre": "Estero Caldera", "tipo": "stream", "volcan_codigo": "SJO", "volcan_nombre": "San Jose", "drena_volcan": true }, "geometry": { "type": "LineString", "coordinates": [ [ -70.32096, -33.75793 ], [ -70.32081, -33.75601 ], [ -70.32015, -33.75485 ], [ -70.32002, -33.75429 ], [ -70.31924, -33.75344 ], [ -70.31892, -33.75213 ], [ -70.31826, -33.7511 ], [ -70.31744, -33.75037 ], [ -70.31693, -33.75019 ], [ -70.31579, -33.74774 ], [ -70.31511, -33.74747 ], [ -70.31497, -33.74674 ], [ -70.31461, -33.74632 ], [ -70.31406, -33.745 ], [ -70.31404, -33.74433 ], [ -70.31328, -33.74324 ], [ -70.31327, -33.74275 ], [ -70.31355, -33.74234 ], [ -70.31489, -33.74144 ], [ -70.31497, -33.74112 ], [ -70.31471, -33.73978 ], [ -70.31496, -33.73934 ], [ -70.31464, -33.73912 ], [ -70.31493, -33.73846 ], [ -70.31486, -33.73773 ], [ -70.31539, -33.73721 ], [ -70.3159, -33.73577 ], [ -70.31631, -33.7354 ], [ -70.31632, -33.73441 ] ] } },
{ "type": "Feature", "properties": { "nombre": "Estero Catedral", "tipo": "stream", "volcan_codigo": "SJO", "volcan_nombre": "San Jose", "drena_volcan": false }, "geometry": { "type": "LineString", "coordinates": [ [ -70.06728, -34.19221 ], [ -70.06683, -34.19151 ], [ -70.06661, -34.1908 ], [ -70.06664, -34.18953 ], [ -70.06633, -34.18878 ], [ -70.06427, -34.18871 ], [ -70.06312, -34.18906 ], [ -70.0614, -34.18917 ], [ -70.05601, -34.18823 ], [ -70.05505, -34.18827 ], [ -70.05297, -34.18795 ], [ -70.05136, -34.18793 ], [ -70.05048, -34.18741 ], [ -70.04891, -34.18685 ], [ -70.04777, -34.18587 ], [ -70.04709, -34.18482 ], [ -70.04584, -34.18404 ], [ -70.04245, -34.18438 ], [ -70.04144, -34.18479 ], [ -70.04078, -34.18482 ], [ -70.03992, -34.18473 ], [ -70.03743, -34.18392 ], [ -70.03436, -34.1809 ], [ -70.03406, -34.17962 ], [ -70.0335, -34.1785 ], [ -70.03262, -34.17793 ], [ -70.03087, -34.17529 ], [ -70.03052, -34.17492 ], [ -70.02947, -34.17438 ], [ -70.02916, -34.17373 ] ] } },
{ "type": "Feature", "properties": { "nombre": "Estero Chacayal", "tipo": "stream", "volcan_codigo": "SJO", "volcan_nombre": "San Jose", "drena_volcan": false }, "geometry": { "type": "MultiLineString", "coordinates": [ [ [ -69.98039, -33.50922 ], [ -69.98114, -33.5088 ], [ -69.98129, -33.5083 ], [ -69.98166, -33.50786 ], [ -69.9835, -33.506 ], [ -69.98353, -33.5044 ], [ -69.98222, -33.50315 ], [ -69.98183, -33.50256 ], [ -69.9817, -33.50136 ], [ -69.98213, -33.50104 ], [ -69.98207, -33.49936 ], [ -69.98297, -33.49904 ], [ -69.98331, -33.49909 ], [ -69.98348, -33.49886 ], [ -69.98329, -33.49794 ], [ -69.98387, -33.49757 ], [ -69.98531, -33.49508 ], [ -69.98471, -33.49365 ], [ -69.98411, -33.49327 ], [ -69.98411, -33.49229 ], [ -69.98436, -33.49147 ], [ -69.98423, -33.49061 ], [ -69.98346, -33.48887 ], [ -69.98346, -33.48842 ], [ -69.98449, -33.48699 ], [ -69.98563, -33.4861 ], [ -69.98586, -33.48459 ], [ -69.98617, -33.48388 ], [ -69.98606, -33.48252 ], [ -69.98689, -33.48114 ], [ -69.98808, -33.48007 ], [ -69.9887, -33.47991 ], [ -69.98874, -33.47958 ], [ -69.98827, -33.47917 ], [ -69.98835, -33.47892 ], [ -69.9888, -33.47854 ], [ -69.98889, -33.47808 ], [ -69.98934, -33.47781 ], [ -69.99011, -33.47608 ], [ -69.99069, -33.47269 ], [ -69.99011, -33.47149 ], [ -69.99016, -33.47115 ], [ -69.99059, -33.47058 ], [ -69.99059, -33.46956 ], [ -69.98941, -33.46827 ], [ -69.98915, -33.46678 ], [ -69.98983, -33.46605 ], [ -69.98983, -33.46521 ], [ -69.99067, -33.46442 ], [ -69.99018, -33.46231 ], [ -69.99095, -33.46052 ], [ -69.99132, -33.46009 ], [ -69.99114, -33.45923 ], [ -69.99132, -33.45826 ], [ -69.99108, -33.45749 ], [ -69.99207, -33.4564 ], [ -69.99462, -33.45588 ], [ -69.99507, -33.45528 ], [ -69.99554, -33.45522 ], [ -69.99604, -33.45479 ], [ -69.99664, -33.45463 ], [ -69.99728, -33.45395 ], [ -69.99852, -33.4539 ], [ -69.99934, -33.45417 ], [ -70.00232, -33.45411 ], [ -70.00378, -33.45343 ], [ -70.00468, -33.45334 ], [ -70.00558, -33.45304 ], [ -70.00749, -33.453 ], [ -70.00767, -33.45281 ], [ -70.0087, -33.45257 ], [ -70.00962, -33.45213 ], [ -70.01024, -33.45216 ], [ -70.01204, -33.45173 ], [ -70.0135, -33.4518 ], [ -70.01494, -33.45132 ], [ -70.01595, -33.4507 ] ], [ [ -70.01604, -33.45065 ], [ -70.01698, -33.44975 ], [ -70.01808, -33.44951 ], [ -70.01891, -33.44906 ] ], [ [ -70.01595, -33.4507 ], [ -70.01604, -33.45065 ] ], [ [ -70.019, -33.44901 ], [ -70.01915, -33.44897 ] ], [ [ -70.01891, -33.44906 ], [ -70.019, -33.44901 ] ] ] } },
{ "type": "Feature", "properties": { "nombre": "Estero Coironal", "tipo": "stream", "volcan_codigo": "SJO", "volcan_nombre": "San Jose", "drena_volcan": false }, "geometry": { "type": "MultiLineString", "coordinates": [ [ [ -70.21884, -33.68948 ], [ -70.22089, -33.68877 ], [ -70.22276, -33.68766 ], [ -70.22395, -33.68719 ], [ -70.22529, -33.68405 ], [ -70.22937, -33.67912 ], [ -70.22904, -33.67839 ], [ -70.22877, -33.67651 ], [ -70.22946, -33.67578 ], [ -70.22995, -33.67427 ], [ -70.22833, -33.67117 ], [ -70.22698, -33.66693 ], [ -70.22549, -33.6656 ], [ -70.22526, -33.66517 ], [ -70.2265, -33.66262 ], [ -70.22672, -33.6616 ], [ -70.22766, -33.65902 ], [ -70.22901, -33.65794 ], [ -70.2302, -33.65534 ], [ -70.23098, -33.654 ], [ -70.23167, -33.65326 ] ], [ [ -70.23167, -33.65326 ], [ -70.23264, -33.65275 ], [ -70.23309, -33.65222 ], [ -70.23449, -33.65196 ], [ -70.23611, -33.65114 ], [ -70.23689, -33.65018 ], [ -70.23963, -33.64946 ], [ -70.24047, -33.6487 ], [ -70.24114, -33.64655 ], [ -70.24318, -33.64569 ], [ -70.24544, -33.64377 ], [ -70.25215, -33.6429 ], [ -70.2596, -33.64363 ], [ -70.26336, -33.64275 ], [ -70.26423, -33.64319 ] ] ] } },
{ "type": "Feature", "properties": { "nombre": "Estero Colina", "tipo": "stream", "volcan_codigo": "SJO", "volcan_nombre": "San Jose", "drena_volcan": true }, "geometry": { "type": "LineString", "coordinates": [ [ -69.97089, -33.73328 ], [ -69.97072, -33.73478 ], [ -69.97004, -33.73699 ], [ -69.96789, -33.74099 ], [ -69.96729, -33.74306 ], [ -69.96772, -33.7462 ], [ -69.97016, -33.74843 ], [ -69.96949, -33.7513 ], [ -69.97028, -33.75411 ], [ -69.97066, -33.75634 ], [ -69.97232, -33.75821 ], [ -69.97334, -33.75903 ], [ -69.97457, -33.76189 ], [ -69.97515, -33.76495 ], [ -69.9761, -33.76767 ], [ -69.97668, -33.76874 ], [ -69.97721, -33.7688 ], [ -69.9794, -33.77031 ], [ -69.9797, -33.77088 ], [ -69.97922, -33.7736 ], [ -69.97965, -33.77382 ], [ -69.97953, -33.77588 ], [ -69.98118, -33.77709 ], [ -69.98216, -33.77702 ], [ -69.98355, -33.77898 ], [ -69.98419, -33.78029 ], [ -69.98535, -33.78144 ], [ -69.98557, -33.78206 ], [ -69.98537, -33.78342 ], [ -69.9856, -33.78417 ], [ -69.98618, -33.78456 ], [ -69.98694, -33.7863 ], [ -69.98672, -33.78791 ], [ -69.98704, -33.78842 ], [ -69.98698, -33.78915 ], [ -69.9867, -33.78944 ], [ -69.98682, -33.79067 ], [ -69.98647, -33.79173 ], [ -69.98665, -33.79237 ], [ -69.98644, -33.7937 ], [ -69.98608, -33.79402 ], [ -69.98638, -33.7951 ], [ -69.98697, -33.7954 ], [ -69.98736, -33.79581 ], [ -69.98858, -33.7963 ], [ -69.99475, -33.79614 ], [ -69.99662, -33.79641 ], [ -69.99811, -33.79712 ], [ -69.99972, -33.79685 ], [ -70.0001, -33.79704 ], [ -70.0005, -33.79755 ], [ -70.00151, -33.798 ], [ -70.00211, -33.79846 ], [ -70.00247, -33.79835 ], [ -70.00301, -33.79859 ], [ -70.00465, -33.79885 ], [ -70.00568, -33.79879 ], [ -70.00655, -33.79801 ], [ -70.00742, -33.79872 ], [ -70.0076, -33.79961 ], [ -70.0081, -33.80027 ], [ -70.00873, -33.80026 ], [ -70.00929, -33.80063 ], [ -70.00944, -33.80042 ], [ -70.01072, -33.80014 ], [ -70.01173, -33.80044 ], [ -70.01232, -33.80044 ], [ -70.01264, -33.80069 ], [ -70.01311, -33.80052 ], [ -70.01355, -33.80083 ], [ -70.01394, -33.80195 ], [ -70.01384, -33.80244 ], [ -70.0132, -33.80309 ], [ -70.01321, -33.80347 ], [ -70.01415, -33.80477 ], [ -70.01505, -33.80673 ], [ -70.01617, -33.80754 ], [ -70.01622, -33.80792 ], [ -70.01722, -33.80842 ], [ -70.01823, -33.80918 ], [ -70.01963, -33.81125 ] ] } },
{ "type": "Feature", "properties": { "nombre": "Estero Coyanco", "tipo": "stream", "volcan_codigo": "SJO", "volcan_nombre": "San Jose", "drena_volcan": true }, "geometry": { "type": "LineString", "coordinates": [ [ -70.35805, -33.86348 ], [ -70.3589, -33.86478 ], [ -70.35973, -33.86501 ], [ -70.36069, -33.86601 ], [ -70.36178, -33.86613 ], [ -70.36304, -33.86711 ], [ -70.36327, -33.86751 ], [ -70.36414, -33.86793 ], [ -70.36457, -33.86837 ], [ -70.36563, -33.86877 ], [ -70.36618, -33.86949 ], [ -70.3672, -33.86992 ], [ -70.36958, -33.86981 ], [ -70.37037, -33.87056 ], [ -70.37195, -33.87089 ], [ -70.37363, -33.87102 ], [ -70.37608, -33.87033 ], [ -70.37662, -33.87054 ], [ -70.37814, -33.87033 ], [ -70.37865, -33.86981 ], [ -70.37917, -33.86958 ], [ -70.38037, -33.86936 ], [ -70.38104, -33.8696 ], [ -70.38147, -33.86956 ], [ -70.38232, -33.86913 ], [ -70.38363, -33.8692 ], [ -70.38488, -33.86903 ], [ -70.38932, -33.86751 ], [ -70.39037, -33.86701 ], [ -70.39116, -33.86628 ], [ -70.39239, -33.86548 ], [ -70.39282, -33.86427 ], [ -70.39226, -33.86286 ], [ -70.39228, -33.86174 ], [ -70.39367, -33.85949 ], [ -70.39348, -33.85867 ], [ -70.39363, -33.85814 ], [ -70.39335, -33.85746 ], [ -70.39379, -33.85685 ], [ -70.3936, -33.85623 ], [ -70.3943, -33.85551 ], [ -70.39405, -33.85439 ], [ -70.39414, -33.85419 ], [ -70.39498, -33.85348 ], [ -70.39517, -33.85295 ], [ -70.39637, -33.85246 ], [ -70.39663, -33.85172 ], [ -70.39713, -33.85123 ], [ -70.39802, -33.85086 ], [ -70.39805, -33.85056 ], [ -70.39865, -33.84963 ], [ -70.40002, -33.84902 ], [ -70.40111, -33.84778 ], [ -70.40157, -33.84765 ], [ -70.40195, -33.84698 ], [ -70.40147, -33.84612 ], [ -70.40156, -33.84562 ], [ -70.40138, -33.84438 ], [ -70.40154, -33.84423 ], [ -70.40178, -33.84432 ], [ -70.40309, -33.84315 ], [ -70.40271, -33.84283 ], [ -70.40286, -33.84215 ], [ -70.40343, -33.84172 ], [ -70.40381, -33.84163 ], [ -70.40417, -33.84179 ], [ -70.40427, -33.84152 ], [ -70.40389, -33.84118 ], [ -70.40482, -33.84095 ], [ -70.40491, -33.84079 ], [ -70.40447, -33.84027 ], [ -70.40401, -33.84007 ], [ -70.40401, -33.83971 ], [ -70.4044, -33.83907 ], [ -70.40413, -33.83749 ], [ -70.40374, -33.83703 ], [ -70.40314, -33.83679 ], [ -70.40314, -33.83588 ], [ -70.4026, -33.83575 ], [ -70.40139, -33.83503 ], [ -70.40074, -33.83376 ], [ -70.39977, -33.83351 ], [ -70.39873, -33.8327 ], [ -70.39846, -33.83216 ], [ -70.39819, -33.83199 ], [ -70.39815, -33.8315 ], [ -70.3975, -33.83076 ], [ -70.39738, -33.8297 ], [ -70.39764, -33.82899 ], [ -70.39752, -33.82847 ], [ -70.39726, -33.82825 ], [ -70.39714, -33.82752 ], [ -70.39734, -33.8255 ], [ -70.39791, -33.82486 ], [ -70.39802, -33.8242 ], [ -70.3975, -33.82326 ], [ -70.39778, -33.8231 ], [ -70.39764, -33.82257 ], [ -70.39783, -33.822 ], [ -70.39754, -33.82017 ], [ -70.39769, -33.81971 ], [ -70.39749, -33.81946 ], [ -70.39723, -33.81794 ], [ -70.39664, -33.81729 ], [ -70.39585, -33.81728 ], [ -70.39526, -33.81707 ], [ -70.39536, -33.81658 ], [ -70.39467, -33.81546 ], [ -70.39403, -33.81512 ], [ -70.39336, -33.8153 ], [ -70.39281, -33.81518 ], [ -70.39259, -33.8147 ], [ -70.39261, -33.81422 ], [ -70.39214, -33.81376 ], [ -70.3914, -33.81352 ], [ -70.39122, -33.81309 ], [ -70.3908, -33.81276 ], [ -70.39064, -33.81192 ], [ -70.3895, -33.81071 ], [ -70.3893, -33.81003 ], [ -70.38877, -33.80935 ], [ -70.38755, -33.80846 ], [ -70.38745, -33.80794 ], [ -70.38803, -33.80743 ], [ -70.38829, -33.80687 ], [ -70.3882, -33.80612 ], [ -70.38789, -33.80578 ], [ -70.38765, -33.80587 ], [ -70.38745, -33.80573 ], [ -70.38727, -33.80524 ], [ -70.3868, -33.80494 ], [ -70.38616, -33.8036 ], [ -70.38614, -33.80263 ], [ -70.38662, -33.8018 ], [ -70.38671, -33.80121 ], [ -70.38611, -33.80057 ], [ -70.38636, -33.79989 ], [ -70.38695, -33.79927 ], [ -70.38698, -33.799 ], [ -70.38636, -33.79772 ], [ -70.38638, -33.79717 ], [ -70.38706, -33.79587 ], [ -70.387, -33.79491 ], [ -70.38716, -33.79442 ], [ -70.38799, -33.79332 ], [ -70.38755, -33.79236 ], [ -70.38761, -33.79176 ], [ -70.38809, -33.79114 ], [ -70.38872, -33.79093 ], [ -70.38864, -33.79033 ], [ -70.38881, -33.79004 ], [ -70.3886, -33.78921 ], [ -70.38816, -33.78909 ], [ -70.38746, -33.78922 ], [ -70.38673, -33.78894 ], [ -70.3868, -33.7881 ], [ -70.38664, -33.78706 ], [ -70.38676, -33.78649 ], [ -70.38702, -33.78626 ], [ -70.38893, -33.78512 ], [ -70.38847, -33.78334 ], [ -70.38857, -33.78318 ], [ -70.38767, -33.78195 ], [ -70.38757, -33.78161 ], [ -70.38783, -33.78137 ], [ -70.38745, -33.78123 ], [ -70.38742, -33.78083 ], [ -70.38745, -33.78045 ], [ -70.3879, -33.7803 ], [ -70.38804, -33.78 ], [ -70.38783, -33.77968 ], [ -70.38782, -33.77891 ], [ -70.38793, -33.7787 ], [ -70.38835, -33.7786 ], [ -70.3885, -33.77833 ], [ -70.38848, -33.77804 ], [ -70.38802, -33.77738 ], [ -70.38847, -33.77661 ], [ -70.38834, -33.77621 ], [ -70.38846, -33.77581 ], [ -70.3883, -33.77542 ], [ -70.38863, -33.77502 ], [ -70.38952, -33.77289 ], [ -70.38901, -33.77175 ], [ -70.38918, -33.77158 ], [ -70.38999, -33.77142 ], [ -70.38989, -33.77117 ], [ -70.38957, -33.77098 ], [ -70.38896, -33.77085 ], [ -70.38893, -33.77042 ], [ -70.38936, -33.76966 ], [ -70.38879, -33.76885 ], [ -70.38829, -33.76883 ], [ -70.38811, -33.76856 ], [ -70.38814, -33.76777 ], [ -70.38736, -33.7674 ], [ -70.38586, -33.76737 ], [ -70.3857, -33.76701 ], [ -70.38579, -33.7666 ], [ -70.38539, -33.76656 ], [ -70.38489, -33.76609 ], [ -70.38488, -33.76543 ], [ -70.38445, -33.76531 ], [ -70.38374, -33.76441 ], [ -70.3838, -33.76396 ], [ -70.38294, -33.76343 ], [ -70.38272, -33.76293 ], [ -70.38069, -33.76305 ], [ -70.37907, -33.76224 ], [ -70.3771, -33.76207 ], [ -70.37689, -33.76131 ], [ -70.37721, -33.76089 ], [ -70.3772, -33.76043 ], [ -70.3763, -33.76015 ], [ -70.37588, -33.75896 ], [ -70.37523, -33.75795 ], [ -70.37515, -33.75757 ], [ -70.37535, -33.75693 ], [ -70.37519, -33.75649 ], [ -70.374, -33.75627 ], [ -70.37386, -33.75613 ], [ -70.37401, -33.75585 ], [ -70.37336, -33.75524 ], [ -70.37282, -33.75511 ], [ -70.37273, -33.75493 ], [ -70.37244, -33.75202 ], [ -70.3722, -33.75194 ], [ -70.37213, -33.7516 ], [ -70.3712, -33.75115 ], [ -70.37118, -33.75032 ], [ -70.3705, -33.74949 ], [ -70.37127, -33.74797 ], [ -70.37035, -33.74652 ], [ -70.37012, -33.74525 ], [ -70.36934, -33.7444 ], [ -70.36878, -33.74465 ], [ -70.36814, -33.74449 ], [ -70.368, -33.744 ], [ -70.36821, -33.74338 ], [ -70.36777, -33.7424 ], [ -70.36777, -33.74208 ], [ -70.36845, -33.74121 ], [ -70.36899, -33.73972 ], [ -70.36875, -33.73939 ], [ -70.36796, -33.739 ], [ -70.36773, -33.73869 ], [ -70.36782, -33.73803 ], [ -70.36768, -33.73745 ], [ -70.36915, -33.73689 ], [ -70.3694, -33.73645 ], [ -70.36934, -33.73628 ], [ -70.36892, -33.73611 ], [ -70.36862, -33.73542 ], [ -70.36806, -33.73519 ], [ -70.36774, -33.73482 ], [ -70.36728, -33.73382 ], [ -70.36624, -33.73293 ], [ -70.36436, -33.73186 ], [ -70.364, -33.73133 ], [ -70.36404, -33.73113 ], [ -70.36257, -33.73064 ], [ -70.36223, -33.73074 ], [ -70.36177, -33.73051 ], [ -70.36124, -33.72987 ], [ -70.3597, -33.7295 ], [ -70.35911, -33.72878 ], [ -70.35908, -33.7284 ], [ -70.35761, -33.72817 ], [ -70.35758, -33.72782 ], [ -70.35797, -33.72749 ], [ -70.3583, -33.72679 ], [ -70.35808, -33.72648 ], [ -70.35743, -33.72629 ], [ -70.35713, -33.72588 ], [ -70.35697, -33.72525 ], [ -70.35633, -33.72498 ], [ -70.35577, -33.72394 ], [ -70.35535, -33.72374 ], [ -70.35537, -33.72357 ], [ -70.35619, -33.72312 ], [ -70.35633, -33.72211 ], [ -70.35623, -33.72188 ], [ -70.35593, -33.72164 ], [ -70.355, -33.7217 ], [ -70.35396, -33.7213 ], [ -70.35377, -33.72112 ], [ -70.35371, -33.72069 ], [ -70.35311, -33.71992 ], [ -70.35235, -33.71983 ], [ -70.35172, -33.71938 ], [ -70.35159, -33.71922 ], [ -70.35163, -33.71823 ], [ -70.35145, -33.71755 ], [ -70.34988, -33.71694 ], [ -70.34872, -33.71711 ], [ -70.34825, -33.71696 ], [ -70.34874, -33.71592 ], [ -70.34873, -33.71564 ], [ -70.34819, -33.71497 ], [ -70.34724, -33.71446 ], [ -70.34744, -33.71362 ], [ -70.34791, -33.71297 ], [ -70.34831, -33.71201 ], [ -70.34831, -33.71158 ], [ -70.34819, -33.71121 ], [ -70.34733, -33.71076 ], [ -70.34703, -33.71013 ], [ -70.34648, -33.70712 ], [ -70.34595, -33.70612 ], [ -70.34644, -33.70562 ], [ -70.34811, -33.70475 ], [ -70.34818, -33.70452 ], [ -70.34806, -33.7041 ], [ -70.34824, -33.70366 ], [ -70.34818, -33.70324 ], [ -70.34766, -33.70253 ], [ -70.34721, -33.70127 ], [ -70.3483, -33.69927 ], [ -70.34845, -33.69854 ], [ -70.34795, -33.69737 ], [ -70.34884, -33.6964 ], [ -70.349, -33.69558 ], [ -70.34969, -33.69454 ], [ -70.34953, -33.69369 ], [ -70.34889, -33.69324 ], [ -70.34859, -33.69255 ], [ -70.34867, -33.69192 ], [ -70.349, -33.69139 ], [ -70.34948, -33.68994 ], [ -70.34916, -33.68954 ], [ -70.34894, -33.68889 ], [ -70.34832, -33.68844 ], [ -70.34803, -33.68791 ], [ -70.34793, -33.68728 ], [ -70.34766, -33.68694 ], [ -70.34761, -33.6866 ], [ -70.34789, -33.68605 ], [ -70.34765, -33.68566 ], [ -70.34754, -33.68452 ], [ -70.3464, -33.68413 ], [ -70.34543, -33.68415 ], [ -70.34442, -33.6839 ], [ -70.34343, -33.68406 ], [ -70.34183, -33.6836 ], [ -70.3411, -33.68376 ], [ -70.33999, -33.68362 ], [ -70.33955, -33.68375 ] ] } },
{ "type": "Feature", "properties": { "nombre": "Estero El Barco", "tipo": "stream", "volcan_codigo": "SJO", "volcan_nombre": "San Jose", "drena_volcan": false }, "geometry": { "type": "LineString", "coordinates": [ [ -69.87754, -33.49092 ], [ -69.87772, -33.48994 ], [ -69.87908, -33.4884 ], [ -69.88041, -33.48783 ], [ -69.88163, -33.48527 ], [ -69.88198, -33.48337 ], [ -69.88273, -33.48171 ], [ -69.88337, -33.48079 ], [ -69.88515, -33.47899 ], [ -69.88657, -33.47618 ], [ -69.88711, -33.47564 ], [ -69.88796, -33.47521 ], [ -69.88887, -33.47533 ], [ -69.89048, -33.47506 ], [ -69.89233, -33.4744 ], [ -69.89315, -33.47434 ], [ -69.89335, -33.47401 ], [ -69.89444, -33.47351 ], [ -69.89528, -33.47272 ], [ -69.8969, -33.47222 ], [ -69.89768, -33.47223 ], [ -69.89854, -33.47175 ], [ -69.89975, -33.47154 ], [ -69.90017, -33.47053 ], [ -69.90081, -33.47018 ], [ -69.90149, -33.47003 ], [ -69.90278, -33.46913 ], [ -69.90307, -33.46756 ], [ -69.90364, -33.46707 ], [ -69.90408, -33.467 ], [ -69.90459, -33.4666 ], [ -69.90544, -33.46552 ], [ -69.90658, -33.46493 ], [ -69.90694, -33.46441 ], [ -69.90856, -33.46325 ], [ -69.91068, -33.46252 ], [ -69.91296, -33.46115 ], [ -69.91529, -33.46066 ], [ -69.91656, -33.46065 ], [ -69.91718, -33.46039 ], [ -69.9187, -33.46038 ], [ -69.91993, -33.46011 ], [ -69.92144, -33.46027 ], [ -69.92295, -33.46005 ], [ -69.92371, -33.46024 ], [ -69.92466, -33.46002 ] ] } },
{ "type": "Feature", "properties": { "nombre": "Estero El Circo", "tipo": "stream", "volcan_codigo": "SJO", "volcan_nombre": "San Jose", "drena_volcan": false }, "geometry": { "type": "LineString", "coordinates": [ [ -70.03239, -34.23237 ], [ -70.02985, -34.23051 ], [ -70.02928, -34.22978 ], [ -70.0284, -34.22905 ], [ -70.02728, -34.22714 ], [ -70.02638, -34.22447 ], [ -70.02552, -34.22111 ], [ -70.02644, -34.21881 ], [ -70.02612, -34.21778 ], [ -70.0264, -34.21732 ], [ -70.02685, -34.217 ], [ -70.02694, -34.21654 ], [ -70.02672, -34.21604 ], [ -70.027, -34.21574 ], [ -70.02711, -34.21528 ], [ -70.02683, -34.21391 ], [ -70.02625, -34.21325 ], [ -70.02616, -34.21293 ], [ -70.02623, -34.21205 ], [ -70.02589, -34.21134 ], [ -70.02612, -34.21107 ], [ -70.02595, -34.21041 ], [ -70.02604, -34.20992 ], [ -70.02531, -34.20848 ], [ -70.02548, -34.20759 ], [ -70.02524, -34.20665 ], [ -70.02509, -34.20475 ], [ -70.02513, -34.2042 ], [ -70.02552, -34.20372 ], [ -70.02586, -34.20266 ], [ -70.02582, -34.20076 ], [ -70.02569, -34.19975 ], [ -70.02541, -34.19932 ], [ -70.02511, -34.19817 ], [ -70.02449, -34.19744 ], [ -70.02344, -34.1967 ], [ -70.02316, -34.19632 ], [ -70.02325, -34.1951 ], [ -70.02378, -34.19496 ], [ -70.02387, -34.19473 ], [ -70.02387, -34.19426 ], [ -70.02344, -34.1937 ], [ -70.02333, -34.19318 ], [ -70.02348, -34.19208 ], [ -70.02404, -34.19125 ], [ -70.02425, -34.19038 ], [ -70.02406, -34.18887 ], [ -70.02357, -34.18825 ], [ -70.02374, -34.18759 ], [ -70.02318, -34.18711 ], [ -70.02295, -34.1867 ], [ -70.02239, -34.18651 ], [ -70.02187, -34.18583 ], [ -70.02174, -34.1856 ], [ -70.02204, -34.18493 ], [ -70.022, -34.18413 ], [ -70.02073, -34.18299 ] ] } },
{ "type": "Feature", "properties": { "nombre": "Estero El Extravío", "tipo": "stream", "volcan_codigo": "SJO", "volcan_nombre": "San Jose", "drena_volcan": false }, "geometry": { "type": "LineString", "coordinates": [ [ -70.3389, -34.03754 ], [ -70.33757, -34.03806 ], [ -70.33572, -34.03797 ], [ -70.33439, -34.0382 ], [ -70.33385, -34.03814 ], [ -70.33323, -34.03779 ], [ -70.331, -34.0377 ], [ -70.32782, -34.03955 ], [ -70.32394, -34.04085 ], [ -70.32207, -34.04108 ], [ -70.32038, -34.04071 ], [ -70.31909, -34.04119 ], [ -70.31804, -34.04129 ], [ -70.31733, -34.04163 ], [ -70.31643, -34.04179 ], [ -70.31549, -34.04167 ], [ -70.31446, -34.04119 ], [ -70.31315, -34.04104 ], [ -70.31042, -34.04209 ], [ -70.30909, -34.04209 ], [ -70.30836, -34.04231 ], [ -70.30753, -34.04291 ], [ -70.30635, -34.04314 ], [ -70.30463, -34.04392 ], [ -70.30205, -34.04408 ], [ -70.3012, -34.04449 ], [ -70.29944, -34.0446 ], [ -70.29815, -34.04456 ], [ -70.29667, -34.04424 ], [ -70.29626, -34.04398 ], [ -70.2957, -34.04405 ], [ -70.29435, -34.04371 ], [ -70.29272, -34.04362 ], [ -70.29128, -34.04385 ], [ -70.28989, -34.04335 ], [ -70.28899, -34.04248 ], [ -70.28819, -34.04232 ], [ -70.28757, -34.04184 ], [ -70.28641, -34.04152 ], [ -70.28135, -34.04197 ], [ -70.2807, -34.04152 ], [ -70.28073, -34.04129 ], [ -70.28023, -34.04079 ], [ -70.2795, -34.04044 ], [ -70.2795, -34.04017 ], [ -70.27931, -34.04003 ], [ -70.27886, -34.04023 ], [ -70.27832, -34.04014 ], [ -70.27787, -34.04031 ], [ -70.27663, -34.03989 ], [ -70.27639, -34.03998 ], [ -70.27618, -34.03983 ], [ -70.2763, -34.03964 ], [ -70.27573, -34.03921 ], [ -70.27493, -34.03907 ], [ -70.27442, -34.03919 ], [ -70.27414, -34.03866 ], [ -70.27363, -34.03852 ], [ -70.2738, -34.03811 ], [ -70.27365, -34.03766 ], [ -70.27339, -34.03761 ], [ -70.27315, -34.03722 ], [ -70.27333, -34.03681 ], [ -70.27326, -34.03612 ], [ -70.27287, -34.03516 ], [ -70.27223, -34.03441 ], [ -70.2723, -34.0337 ], [ -70.27157, -34.03302 ], [ -70.27127, -34.03306 ], [ -70.27103, -34.03244 ], [ -70.27045, -34.03197 ], [ -70.27019, -34.03105 ], [ -70.27021, -34.03032 ], [ -70.26918, -34.02924 ], [ -70.26912, -34.029 ], [ -70.26948, -34.0279 ], [ -70.26923, -34.02723 ], [ -70.26955, -34.02662 ], [ -70.26897, -34.02609 ], [ -70.26865, -34.02538 ], [ -70.26772, -34.02493 ], [ -70.26715, -34.02419 ], [ -70.26504, -34.02346 ], [ -70.2638, -34.02237 ], [ -70.26339, -34.02152 ], [ -70.26255, -34.02045 ], [ -70.26185, -34.02006 ], [ -70.2615, -34.01809 ], [ -70.26075, -34.01684 ], [ -70.25996, -34.01664 ], [ -70.25908, -34.01528 ], [ -70.25794, -34.01508 ], [ -70.25736, -34.01462 ], [ -70.25717, -34.01401 ], [ -70.25612, -34.01398 ], [ -70.25491, -34.01348 ], [ -70.25472, -34.01327 ], [ -70.25459, -34.01262 ], [ -70.25425, -34.0123 ], [ -70.25419, -34.01179 ], [ -70.25273, -34.01049 ], [ -70.25219, -34.01049 ], [ -70.25034, -34.00974 ], [ -70.24964, -34.00973 ], [ -70.24944, -34.00925 ], [ -70.24955, -34.00862 ], [ -70.24893, -34.0078 ], [ -70.24738, -34.00702 ], [ -70.24648, -34.00695 ], [ -70.24489, -34.00592 ], [ -70.24275, -34.0041 ], [ -70.24148, -34.00256 ], [ -70.2408, -34.00209 ], [ -70.24007, -34.00103 ], [ -70.23811, -33.99991 ], [ -70.23779, -33.9995 ], [ -70.23768, -33.99877 ], [ -70.23623, -33.99731 ], [ -70.23543, -33.99558 ], [ -70.23413, -33.99363 ], [ -70.2338, -33.99249 ], [ -70.23299, -33.99174 ], [ -70.23265, -33.99108 ], [ -70.23134, -33.99057 ], [ -70.22999, -33.9892 ], [ -70.22953, -33.98802 ], [ -70.22872, -33.98701 ], [ -70.22805, -33.98647 ], [ -70.22793, -33.98569 ], [ -70.22752, -33.98537 ], [ -70.22713, -33.98466 ], [ -70.2261, -33.98391 ], [ -70.22563, -33.98297 ], [ -70.2252, -33.98267 ], [ -70.22423, -33.98242 ], [ -70.22348, -33.98176 ], [ -70.22273, -33.98146 ], [ -70.22209, -33.98083 ], [ -70.22136, -33.97882 ], [ -70.21984, -33.9776 ], [ -70.21954, -33.9771 ], [ -70.21971, -33.9758 ], [ -70.21956, -33.97534 ], [ -70.21696, -33.97384 ], [ -70.21638, -33.97306 ], [ -70.21447, -33.97231 ], [ -70.21312, -33.97089 ], [ -70.21286, -33.96978 ], [ -70.21286, -33.96897 ], [ -70.21203, -33.96838 ], [ -70.21157, -33.96724 ], [ -70.21183, -33.96578 ], [ -70.21211, -33.96523 ], [ -70.21173, -33.96489 ], [ -70.21153, -33.96423 ], [ -70.21121, -33.96388 ], [ -70.21087, -33.96218 ], [ -70.2102, -33.9617 ], [ -70.20971, -33.96181 ], [ -70.20855, -33.96112 ], [ -70.20676, -33.9607 ], [ -70.20623, -33.95991 ], [ -70.20647, -33.95902 ], [ -70.20642, -33.9585 ], [ -70.20608, -33.95749 ], [ -70.20561, -33.95722 ], [ -70.20533, -33.95635 ], [ -70.2057, -33.95597 ], [ -70.20529, -33.95508 ], [ -70.20572, -33.95444 ], [ -70.20576, -33.95393 ], [ -70.20688, -33.95311 ], [ -70.20689, -33.95256 ], [ -70.20734, -33.95222 ], [ -70.20768, -33.95161 ], [ -70.20845, -33.95095 ], [ -70.20953, -33.95092 ], [ -70.21068, -33.94983 ], [ -70.2112, -33.9496 ], [ -70.21139, -33.94912 ], [ -70.21182, -33.94885 ], [ -70.21217, -33.94811 ], [ -70.21328, -33.94738 ], [ -70.2132, -33.94672 ], [ -70.21362, -33.94565 ], [ -70.21341, -33.94499 ], [ -70.2135, -33.94446 ], [ -70.2141, -33.94405 ], [ -70.21472, -33.94401 ], [ -70.21536, -33.94348 ], [ -70.21538, -33.94266 ], [ -70.21611, -33.94216 ], [ -70.21629, -33.9417 ], [ -70.21682, -33.9412 ], [ -70.21732, -33.94093 ], [ -70.21744, -33.94047 ], [ -70.21792, -33.9399 ], [ -70.21817, -33.93901 ], [ -70.21854, -33.93892 ], [ -70.21899, -33.9381 ], [ -70.21905, -33.93764 ], [ -70.21959, -33.93723 ], [ -70.21862, -33.93556 ], [ -70.2186, -33.93461 ], [ -70.21792, -33.93342 ], [ -70.21678, -33.93246 ], [ -70.21583, -33.93226 ], [ -70.21562, -33.93197 ] ] } },
{ "type": "Feature", "properties": { "nombre": "Estero El Ingenio", "tipo": "stream", "volcan_codigo": "SJO", "volcan_nombre": "San Jose", "drena_volcan": false }, "geometry": { "type": "LineString", "coordinates": [ [ -70.34601, -33.85205 ], [ -70.34743, -33.85086 ], [ -70.34906, -33.85013 ], [ -70.34996, -33.84904 ], [ -70.35052, -33.84758 ], [ -70.35131, -33.8464 ], [ -70.35148, -33.84487 ], [ -70.35123, -33.84364 ], [ -70.34955, -33.84318 ], [ -70.3491, -33.84275 ], [ -70.34687, -33.84165 ], [ -70.34663, -33.84138 ], [ -70.3459, -33.84045 ], [ -70.34586, -33.8399 ], [ -70.34496, -33.83844 ], [ -70.34483, -33.83798 ], [ -70.34348, -33.83716 ], [ -70.34284, -33.8361 ], [ -70.34303, -33.83546 ], [ -70.34292, -33.8348 ], [ -70.34221, -33.8345 ], [ -70.34159, -33.83464 ], [ -70.34099, -33.83425 ], [ -70.3396, -33.83411 ], [ -70.33779, -33.83361 ], [ -70.33601, -33.83199 ], [ -70.33487, -33.83193 ], [ -70.33459, -33.83299 ], [ -70.33067, -33.83323 ], [ -70.32996, -33.83283 ], [ -70.32715, -33.83379 ], [ -70.32302, -33.83333 ], [ -70.31706, -33.83223 ], [ -70.30734, -33.83085 ], [ -70.30464, -33.82854 ], [ -70.30345, -33.82826 ], [ -70.30318, -33.827 ], [ -70.29777, -33.8245 ], [ -70.29338, -33.82585 ], [ -70.28871, -33.82478 ], [ -70.28372, -33.82231 ], [ -70.28178, -33.823 ], [ -70.2803, -33.82238 ], [ -70.27868, -33.82203 ], [ -70.27686, -33.82081 ], [ -70.27756, -33.81556 ], [ -70.2766, -33.81542 ], [ -70.27649, -33.81491 ], [ -70.27597, -33.81443 ], [ -70.27614, -33.81381 ], [ -70.27671, -33.8135 ], [ -70.27701, -33.8107 ], [ -70.27615, -33.80866 ], [ -70.27494, -33.80679 ], [ -70.27363, -33.80538 ], [ -70.27292, -33.80341 ], [ -70.27249, -33.80282 ], [ -70.27268, -33.80167 ], [ -70.27145, -33.80044 ], [ -70.27186, -33.79914 ], [ -70.2738, -33.79846 ], [ -70.27381, -33.797 ], [ -70.27434, -33.79602 ], [ -70.27445, -33.79461 ], [ -70.27475, -33.79399 ], [ -70.27455, -33.79321 ], [ -70.27302, -33.79212 ], [ -70.27373, -33.79056 ], [ -70.27328, -33.78973 ], [ -70.27393, -33.7888 ], [ -70.27312, -33.78716 ], [ -70.27375, -33.78681 ], [ -70.27394, -33.78598 ], [ -70.27261, -33.78462 ], [ -70.27241, -33.78269 ], [ -70.27181, -33.78127 ], [ -70.27118, -33.78065 ], [ -70.27092, -33.7796 ], [ -70.27005, -33.77963 ], [ -70.26871, -33.78043 ], [ -70.26774, -33.78 ], [ -70.26792, -33.7792 ], [ -70.26775, -33.77678 ], [ -70.2675, -33.77604 ], [ -70.26621, -33.77409 ] ] } },
{ "type": "Feature", "properties": { "nombre": "Estero El Morado", "tipo": "stream", "volcan_codigo": "SJO", "volcan_nombre": "San Jose", "drena_volcan": false }, "geometry": { "type": "MultiLineString", "coordinates": [ [ [ -70.03975, -33.72932 ], [ -70.04385, -33.73421 ], [ -70.04419, -33.73564 ], [ -70.04368, -33.73692 ], [ -70.04268, -33.73793 ], [ -70.04249, -33.73862 ], [ -70.0417, -33.7397 ], [ -70.04163, -33.74036 ], [ -70.04183, -33.74123 ], [ -70.04174, -33.74221 ], [ -70.04234, -33.74546 ], [ -70.04264, -33.74599 ], [ -70.04204, -33.74862 ], [ -70.04115, -33.74927 ], [ -70.04054, -33.75014 ], [ -70.04023, -33.75117 ], [ -70.03982, -33.75162 ], [ -70.03947, -33.75243 ], [ -70.03961, -33.75284 ], [ -70.03931, -33.75314 ], [ -70.03911, -33.75401 ], [ -70.03911, -33.7545 ], [ -70.03947, -33.75526 ], [ -70.04112, -33.75744 ], [ -70.04163, -33.75839 ], [ -70.04165, -33.75982 ], [ -70.0421, -33.76037 ], [ -70.04195, -33.76205 ], [ -70.04225, -33.76293 ], [ -70.04221, -33.76327 ], [ -70.04314, -33.76458 ], [ -70.04303, -33.7649 ], [ -70.04335, -33.76561 ], [ -70.04314, -33.76579 ], [ -70.04325, -33.76617 ], [ -70.04405, -33.76681 ], [ -70.04394, -33.76721 ], [ -70.04415, -33.76774 ], [ -70.0438, -33.76822 ], [ -70.044, -33.7695 ], [ -70.0435, -33.77053 ], [ -70.04382, -33.77132 ], [ -70.04338, -33.77241 ], [ -70.04357, -33.77321 ], [ -70.04354, -33.77364 ], [ -70.04333, -33.77397 ], [ -70.04349, -33.77416 ], [ -70.04256, -33.77571 ], [ -70.04198, -33.77622 ], [ -70.0418, -33.7767 ], [ -70.04099, -33.77708 ], [ -70.04097, -33.7779 ], [ -70.03997, -33.77886 ], [ -70.03731, -33.77954 ], [ -70.03339, -33.77971 ], [ -70.03217, -33.78007 ], [ -70.03121, -33.78016 ], [ -70.03057, -33.78057 ], [ -70.02923, -33.78086 ], [ -70.02747, -33.7815 ], [ -70.02651, -33.78209 ], [ -70.02524, -33.78258 ], [ -70.02444, -33.78255 ], [ -70.02355, -33.78292 ], [ -70.02262, -33.78309 ], [ -70.02229, -33.78344 ], [ -70.02167, -33.78358 ], [ -70.02089, -33.78432 ], [ -70.02035, -33.7852 ], [ -70.02025, -33.78582 ], [ -70.02053, -33.78646 ], [ -70.0205, -33.7868 ], [ -70.01959, -33.7882 ], [ -70.01965, -33.78876 ], [ -70.01946, -33.78874 ], [ -70.01897, -33.7891 ] ], [ [ -70.01884, -33.78925 ], [ -70.0189, -33.78973 ], [ -70.01837, -33.79057 ], [ -70.01836, -33.79154 ], [ -70.01783, -33.7924 ], [ -70.01645, -33.79297 ], [ -70.01587, -33.79394 ], [ -70.01476, -33.79431 ], [ -70.01461, -33.79462 ], [ -70.01439, -33.79607 ], [ -70.0139, -33.79743 ], [ -70.01357, -33.79779 ], [ -70.01367, -33.79859 ], [ -70.01403, -33.79908 ], [ -70.01414, -33.79961 ], [ -70.01406, -33.80059 ], [ -70.01368, -33.80125 ] ], [ [ -70.01897, -33.7891 ], [ -70.01884, -33.78925 ] ] ] } },
{ "type": "Feature", "properties": { "nombre": "Estero El Sauce", "tipo": "stream", "volcan_codigo": "SJO", "volcan_nombre": "San Jose", "drena_volcan": false }, "geometry": { "type": "MultiLineString", "coordinates": [ [ [ -70.31658, -33.63291 ], [ -70.3172, -33.63365 ], [ -70.31756, -33.63374 ], [ -70.31865, -33.63507 ], [ -70.31932, -33.63546 ], [ -70.31984, -33.6362 ], [ -70.32004, -33.63682 ], [ -70.3208, -33.63745 ], [ -70.321, -33.63781 ], [ -70.32089, -33.63922 ], [ -70.32047, -33.63976 ], [ -70.32033, -33.64108 ], [ -70.32002, -33.64147 ], [ -70.32031, -33.64216 ], [ -70.32012, -33.64252 ], [ -70.32035, -33.64281 ], [ -70.32035, -33.64307 ], [ -70.32071, -33.64336 ], [ -70.32064, -33.64415 ], [ -70.3208, -33.64441 ], [ -70.32113, -33.64458 ], [ -70.32172, -33.64552 ], [ -70.32236, -33.64597 ] ], [ [ -70.40778, -33.64897 ], [ -70.40337, -33.65017 ], [ -70.4025, -33.65099 ], [ -70.40093, -33.65298 ], [ -70.40087, -33.65422 ], [ -70.40059, -33.65487 ], [ -70.40059, -33.65575 ], [ -70.40013, -33.65667 ], [ -70.4001, -33.6576 ], [ -70.40024, -33.658 ], [ -70.4001, -33.65822 ], [ -70.40005, -33.65915 ], [ -70.39976, -33.65984 ], [ -70.3986, -33.66085 ], [ -70.3979, -33.66205 ], [ -70.39765, -33.66321 ], [ -70.39771, -33.66402 ], [ -70.39729, -33.6643 ], [ -70.39712, -33.66462 ], [ -70.39622, -33.66489 ], [ -70.39604, -33.66546 ], [ -70.39496, -33.6659 ], [ -70.39399, -33.66662 ], [ -70.39368, -33.66753 ], [ -70.39402, -33.66824 ], [ -70.39459, -33.66865 ], [ -70.39447, -33.66873 ], [ -70.39452, -33.66988 ], [ -70.39371, -33.67015 ], [ -70.39334, -33.67088 ], [ -70.393, -33.6711 ], [ -70.39286, -33.67166 ], [ -70.39181, -33.67215 ], [ -70.39127, -33.67214 ], [ -70.39057, -33.67259 ], [ -70.39052, -33.67319 ], [ -70.39085, -33.67375 ], [ -70.39082, -33.67408 ], [ -70.3906, -33.67441 ], [ -70.39002, -33.67459 ], [ -70.39007, -33.67524 ], [ -70.38976, -33.67573 ], [ -70.38872, -33.67609 ], [ -70.38864, -33.67635 ], [ -70.38878, -33.67678 ], [ -70.38818, -33.67709 ], [ -70.38812, -33.6774 ], [ -70.38866, -33.67844 ], [ -70.38906, -33.67842 ], [ -70.38924, -33.67873 ], [ -70.38984, -33.6788 ], [ -70.38963, -33.67962 ], [ -70.38887, -33.68042 ], [ -70.38824, -33.68077 ], [ -70.38745, -33.68093 ], [ -70.3869, -33.68131 ], [ -70.38612, -33.68141 ], [ -70.38579, -33.68194 ], [ -70.38484, -33.68242 ], [ -70.38395, -33.68257 ], [ -70.38289, -33.68241 ], [ -70.38232, -33.68265 ], [ -70.381, -33.68277 ], [ -70.38054, -33.68303 ], [ -70.37984, -33.68293 ], [ -70.37947, -33.68259 ], [ -70.37832, -33.68243 ], [ -70.37805, -33.68259 ], [ -70.37724, -33.68263 ], [ -70.37706, -33.68291 ], [ -70.37614, -33.68341 ], [ -70.37501, -33.68309 ], [ -70.37448, -33.6831 ], [ -70.37398, -33.68274 ], [ -70.37231, -33.68314 ], [ -70.37215, -33.68329 ], [ -70.37223, -33.68365 ], [ -70.37203, -33.68408 ], [ -70.37169, -33.68417 ], [ -70.37115, -33.68368 ], [ -70.37006, -33.68378 ], [ -70.36932, -33.68308 ], [ -70.36868, -33.68287 ], [ -70.3681, -33.68293 ], [ -70.36795, -33.68267 ], [ -70.36806, -33.68175 ], [ -70.36727, -33.6815 ], [ -70.36461, -33.68253 ], [ -70.36451, -33.68329 ], [ -70.36407, -33.68365 ], [ -70.36373, -33.68346 ], [ -70.36274, -33.68343 ], [ -70.36197, -33.68309 ], [ -70.36127, -33.68348 ], [ -70.36072, -33.68352 ], [ -70.35942, -33.68322 ], [ -70.35899, -33.68294 ], [ -70.35896, -33.68227 ], [ -70.35854, -33.682 ], [ -70.3565, -33.6823 ], [ -70.35615, -33.68205 ], [ -70.35577, -33.68202 ], [ -70.35538, -33.68156 ], [ -70.35509, -33.68151 ], [ -70.35483, -33.68123 ], [ -70.35383, -33.68117 ], [ -70.35337, -33.6806 ], [ -70.35323, -33.67996 ], [ -70.35297, -33.67966 ], [ -70.353, -33.67932 ], [ -70.35259, -33.67828 ], [ -70.35277, -33.6776 ], [ -70.35255, -33.67691 ], [ -70.35173, -33.67603 ], [ -70.35087, -33.67555 ], [ -70.35037, -33.67484 ], [ -70.35014, -33.67474 ], [ -70.34833, -33.67502 ], [ -70.34767, -33.67483 ], [ -70.34731, -33.67437 ], [ -70.34728, -33.67405 ], [ -70.34735, -33.67373 ], [ -70.34767, -33.67344 ], [ -70.34764, -33.67326 ] ], [ [ -70.29697, -33.59767 ], [ -70.29715, -33.59828 ], [ -70.29703, -33.59878 ], [ -70.29745, -33.59955 ], [ -70.29774, -33.60059 ], [ -70.29753, -33.60112 ], [ -70.2976, -33.60182 ], [ -70.29776, -33.60231 ], [ -70.2982, -33.60266 ], [ -70.29827, -33.60316 ], [ -70.29873, -33.60385 ], [ -70.29896, -33.60505 ], [ -70.29881, -33.60592 ], [ -70.29924, -33.6076 ], [ -70.3005, -33.60902 ], [ -70.30195, -33.61008 ], [ -70.30268, -33.61198 ], [ -70.30398, -33.6139 ], [ -70.30571, -33.61445 ], [ -70.30696, -33.61607 ], [ -70.30819, -33.61617 ], [ -70.30957, -33.61703 ], [ -70.31028, -33.61715 ], [ -70.31049, -33.6177 ], [ -70.31037, -33.61928 ], [ -70.31085, -33.62042 ], [ -70.31029, -33.62298 ], [ -70.31171, -33.62513 ], [ -70.3118, -33.62711 ], [ -70.31259, -33.628 ], [ -70.31324, -33.62836 ], [ -70.31324, -33.62942 ], [ -70.31393, -33.6298 ], [ -70.31401, -33.63071 ], [ -70.316, -33.63205 ], [ -70.31651, -33.63284 ] ], [ [ -70.31651, -33.63284 ], [ -70.31658, -33.63291 ] ], [ [ -70.26015, -33.60577 ], [ -70.26084, -33.60533 ], [ -70.26176, -33.60427 ], [ -70.26286, -33.60401 ], [ -70.26311, -33.60377 ], [ -70.26322, -33.60302 ], [ -70.26369, -33.60261 ], [ -70.26427, -33.60011 ], [ -70.26472, -33.59916 ], [ -70.2659, -33.59784 ], [ -70.26661, -33.59732 ], [ -70.26753, -33.59693 ], [ -70.26764, -33.59628 ], [ -70.26824, -33.59494 ], [ -70.26813, -33.59385 ], [ -70.26856, -33.59348 ], [ -70.26929, -33.5923 ], [ -70.26996, -33.59207 ], [ -70.27086, -33.59101 ], [ -70.2709, -33.59078 ], [ -70.27067, -33.59035 ], [ -70.27101, -33.58787 ], [ -70.27073, -33.58649 ], [ -70.27086, -33.58608 ], [ -70.27069, -33.58538 ], [ -70.27099, -33.58492 ], [ -70.27099, -33.58438 ], [ -70.27013, -33.58232 ], [ -70.27017, -33.58186 ], [ -70.2711, -33.58104 ], [ -70.2709, -33.5805 ], [ -70.2718, -33.57923 ], [ -70.27228, -33.57757 ], [ -70.27225, -33.57721 ], [ -70.27311, -33.57571 ], [ -70.27279, -33.57489 ], [ -70.2729, -33.57458 ], [ -70.27333, -33.57424 ], [ -70.27322, -33.57374 ], [ -70.2735, -33.57299 ], [ -70.27401, -33.5728 ], [ -70.27431, -33.57244 ], [ -70.27459, -33.57137 ], [ -70.27532, -33.57097 ], [ -70.27612, -33.57088 ], [ -70.27612, -33.57042 ], [ -70.27631, -33.57013 ], [ -70.27721, -33.56949 ], [ -70.27783, -33.56935 ], [ -70.28007, -33.56947 ], [ -70.28097, -33.56931 ], [ -70.28152, -33.56856 ], [ -70.28187, -33.56833 ], [ -70.28366, -33.56781 ], [ -70.2839, -33.5675 ], [ -70.28373, -33.56709 ], [ -70.28403, -33.56666 ], [ -70.28407, -33.56618 ], [ -70.28328, -33.56555 ], [ -70.28319, -33.56486 ], [ -70.28334, -33.56468 ], [ -70.28422, -33.56463 ], [ -70.28474, -33.56404 ], [ -70.2862, -33.56393 ], [ -70.28721, -33.56307 ], [ -70.28817, -33.56312 ], [ -70.28875, -33.56207 ], [ -70.28954, -33.56207 ], [ -70.29019, -33.56116 ], [ -70.29156, -33.56066 ], [ -70.29195, -33.56032 ], [ -70.29193, -33.56003 ], [ -70.29257, -33.55912 ], [ -70.29334, -33.55914 ], [ -70.29375, -33.55846 ], [ -70.29401, -33.5583 ], [ -70.29472, -33.55871 ], [ -70.29532, -33.55871 ], [ -70.29551, -33.55856 ], [ -70.29577, -33.55763 ], [ -70.2968, -33.55765 ], [ -70.29733, -33.55701 ], [ -70.29787, -33.55676 ], [ -70.29796, -33.55649 ], [ -70.29712, -33.55599 ], [ -70.29684, -33.55558 ], [ -70.29714, -33.55492 ], [ -70.29763, -33.55452 ], [ -70.2989, -33.5545 ], [ -70.29914, -33.55434 ], [ -70.29926, -33.55393 ], [ -70.29897, -33.5533 ], [ -70.29953, -33.55249 ], [ -70.29961, -33.5519 ], [ -70.30005, -33.55178 ], [ -70.30018, -33.55127 ], [ -70.30065, -33.55124 ], [ -70.30088, -33.5508 ] ] ] } },
{ "type": "Feature", "properties": { "nombre": "Estero Jeria", "tipo": "stream", "volcan_codigo": "SJO", "volcan_nombre": "San Jose", "drena_volcan": false }, "geometry": { "type": "LineString", "coordinates": [ [ -70.05229, -33.98037 ], [ -70.0521, -33.98135 ], [ -70.05146, -33.98265 ], [ -70.04965, -33.98368 ], [ -70.04862, -33.98379 ], [ -70.04815, -33.98354 ], [ -70.04759, -33.98354 ], [ -70.04598, -33.9848 ], [ -70.04474, -33.98672 ], [ -70.04362, -33.98758 ], [ -70.04264, -33.98921 ], [ -70.04247, -33.98991 ], [ -70.04253, -33.99115 ], [ -70.04279, -33.99181 ], [ -70.04256, -33.99226 ], [ -70.04101, -33.99323 ], [ -70.04071, -33.99387 ], [ -70.03964, -33.99425 ], [ -70.03947, -33.99448 ], [ -70.03953, -33.99516 ], [ -70.03934, -33.99594 ], [ -70.0397, -33.99633 ], [ -70.03955, -33.99711 ], [ -70.03839, -33.9987 ], [ -70.03726, -33.99923 ], [ -70.03664, -34.00005 ], [ -70.03593, -34.00062 ], [ -70.03537, -34.00168 ], [ -70.03382, -34.00215 ], [ -70.03245, -34.00314 ], [ -70.03108, -34.00357 ], [ -70.02977, -34.00556 ], [ -70.02902, -34.00597 ], [ -70.02835, -34.00601 ], [ -70.0279, -34.00664 ], [ -70.02614, -34.0073 ], [ -70.02428, -34.00833 ], [ -70.02307, -34.00868 ], [ -70.02264, -34.00902 ], [ -70.0211, -34.00959 ], [ -70.02089, -34.01027 ], [ -70.02013, -34.01071 ], [ -70.01891, -34.0121 ], [ -70.0187, -34.0129 ], [ -70.01711, -34.01635 ], [ -70.01625, -34.01726 ], [ -70.01535, -34.01784 ], [ -70.0151, -34.01821 ] ] } },
{ "type": "Feature", "properties": { "nombre": "Estero La Calchona", "tipo": "stream", "volcan_codigo": "SJO", "volcan_nombre": "San Jose", "drena_volcan": false }, "geometry": { "type": "MultiLineString", "coordinates": [ [ [ -70.25183, -33.68796 ], [ -70.25318, -33.68754 ], [ -70.25406, -33.68744 ], [ -70.2563, -33.68663 ], [ -70.25735, -33.68685 ], [ -70.25758, -33.68674 ], [ -70.2576, -33.68647 ], [ -70.25881, -33.68601 ], [ -70.25945, -33.68603 ], [ -70.26059, -33.68576 ], [ -70.26132, -33.68612 ], [ -70.26245, -33.68581 ], [ -70.2637, -33.68612 ], [ -70.26441, -33.68663 ], [ -70.26587, -33.68717 ], [ -70.26642, -33.68712 ], [ -70.26793, -33.68785 ], [ -70.27104, -33.6889 ], [ -70.27172, -33.68926 ], [ -70.27312, -33.69042 ], [ -70.27432, -33.69053 ], [ -70.27526, -33.69035 ], [ -70.27664, -33.69069 ], [ -70.2775, -33.6912 ], [ -70.2782, -33.69217 ], [ -70.279, -33.69235 ], [ -70.28009, -33.69286 ], [ -70.28151, -33.69294 ], [ -70.28185, -33.69319 ], [ -70.28316, -33.69295 ], [ -70.28464, -33.69342 ], [ -70.28683, -33.69547 ], [ -70.2882, -33.69624 ], [ -70.28988, -33.69679 ], [ -70.29095, -33.69744 ], [ -70.29144, -33.69744 ], [ -70.29232, -33.69797 ], [ -70.2929, -33.69804 ], [ -70.29299, -33.6987 ], [ -70.29342, -33.69935 ], [ -70.29355, -33.70017 ], [ -70.29383, -33.7007 ], [ -70.29404, -33.70097 ], [ -70.29501, -33.70138 ], [ -70.2958, -33.70199 ], [ -70.29597, -33.70254 ], [ -70.29586, -33.70313 ], [ -70.29644, -33.70395 ], [ -70.29687, -33.70422 ], [ -70.29711, -33.70508 ], [ -70.2979, -33.70559 ], [ -70.29797, -33.70611 ], [ -70.30101, -33.70652 ], [ -70.30202, -33.70616 ], [ -70.30337, -33.70633 ], [ -70.30488, -33.70704 ], [ -70.30509, -33.70729 ], [ -70.30543, -33.7089 ], [ -70.30522, -33.7094 ], [ -70.30533, -33.70972 ], [ -70.30616, -33.7105 ], [ -70.30769, -33.71048 ], [ -70.30876, -33.71093 ], [ -70.30953, -33.7115 ], [ -70.31033, -33.71164 ], [ -70.31138, -33.71139 ], [ -70.31221, -33.71147 ], [ -70.31269, -33.71177 ], [ -70.31359, -33.71296 ], [ -70.31397, -33.71312 ], [ -70.31539, -33.7129 ], [ -70.3161, -33.71258 ], [ -70.31728, -33.71312 ], [ -70.31842, -33.71283 ], [ -70.31917, -33.71317 ], [ -70.32011, -33.71326 ], [ -70.32133, -33.71299 ], [ -70.32264, -33.71319 ], [ -70.32318, -33.71258 ], [ -70.32399, -33.71239 ], [ -70.3246, -33.71201 ], [ -70.3253, -33.7119 ], [ -70.32569, -33.71017 ], [ -70.32479, -33.70935 ], [ -70.3249, -33.70914 ], [ -70.32569, -33.70887 ], [ -70.32603, -33.70853 ], [ -70.32578, -33.70808 ], [ -70.32582, -33.70776 ], [ -70.32614, -33.70744 ], [ -70.32666, -33.70726 ], [ -70.32738, -33.70755 ], [ -70.32816, -33.70738 ], [ -70.32931, -33.7075 ], [ -70.33017, -33.70738 ], [ -70.3319, -33.7076 ], [ -70.33311, -33.70708 ] ], [ [ -70.33338, -33.70708 ], [ -70.33396, -33.70704 ], [ -70.33584, -33.70636 ] ], [ [ -70.33311, -33.70708 ], [ -70.33338, -33.70708 ] ] ] } },
{ "type": "Feature", "properties": { "nombre": "Estero La Engorda", "tipo": "stream", "volcan_codigo": "SJO", "volcan_nombre": "San Jose", "drena_volcan": true }, "geometry": { "type": "LineString", "coordinates": [ [ -69.93364, -33.82132 ], [ -69.93948, -33.82139 ], [ -69.94927, -33.82196 ], [ -69.9527, -33.8218 ], [ -69.95969, -33.81952 ], [ -69.96457, -33.81889 ], [ -69.96848, -33.819 ], [ -69.97158, -33.8179 ], [ -69.97514, -33.81638 ], [ -69.9794, -33.81247 ], [ -69.98346, -33.80805 ], [ -69.98458, -33.80765 ], [ -69.98628, -33.80589 ], [ -69.98766, -33.80508 ], [ -69.98874, -33.80403 ], [ -69.98913, -33.80392 ], [ -69.98917, -33.80361 ], [ -69.98951, -33.80335 ], [ -69.99232, -33.80278 ], [ -69.99489, -33.80274 ], [ -69.9986, -33.80335 ], [ -70.00106, -33.80293 ], [ -70.00186, -33.80338 ], [ -70.00278, -33.80324 ], [ -70.0037, -33.80335 ], [ -70.00395, -33.8036 ], [ -70.00527, -33.80289 ], [ -70.00594, -33.8027 ], [ -70.00625, -33.80297 ], [ -70.00644, -33.80354 ], [ -70.00818, -33.8048 ], [ -70.0092, -33.80515 ], [ -70.01047, -33.80507 ], [ -70.01114, -33.80546 ], [ -70.01143, -33.80543 ], [ -70.01167, -33.8058 ], [ -70.01198, -33.80595 ], [ -70.01285, -33.80609 ], [ -70.01312, -33.80634 ], [ -70.01461, -33.80675 ], [ -70.01505, -33.80673 ] ] } },
{ "type": "Feature", "properties": { "nombre": "Estero La Gloria", "tipo": "stream", "volcan_codigo": "SJO", "volcan_nombre": "San Jose", "drena_volcan": false }, "geometry": { "type": "LineString", "coordinates": [ [ -70.17703, -33.45339 ], [ -70.17633, -33.4542 ], [ -70.1753, -33.4564 ], [ -70.17549, -33.45768 ], [ -70.17533, -33.4581 ], [ -70.17446, -33.45904 ], [ -70.1744, -33.45951 ], [ -70.17471, -33.46117 ], [ -70.17552, -33.46195 ], [ -70.176, -33.46275 ], [ -70.17596, -33.46307 ], [ -70.17551, -33.46442 ], [ -70.17538, -33.46586 ], [ -70.17495, -33.46691 ], [ -70.17485, -33.46751 ], [ -70.17499, -33.46829 ], [ -70.17465, -33.46877 ], [ -70.17463, -33.46976 ], [ -70.17439, -33.47033 ], [ -70.17439, -33.47083 ], [ -70.1739, -33.47173 ], [ -70.1737, -33.47305 ], [ -70.17353, -33.47332 ], [ -70.17365, -33.47391 ], [ -70.17346, -33.47467 ], [ -70.17319, -33.47501 ], [ -70.17274, -33.47521 ], [ -70.17253, -33.47557 ], [ -70.17264, -33.47588 ], [ -70.17247, -33.47694 ], [ -70.17194, -33.47755 ], [ -70.17175, -33.47823 ], [ -70.172, -33.4786 ], [ -70.17203, -33.47914 ], [ -70.17147, -33.48086 ], [ -70.17164, -33.481 ], [ -70.17183, -33.48292 ], [ -70.17166, -33.48354 ], [ -70.17199, -33.48469 ], [ -70.17188, -33.48538 ], [ -70.17212, -33.48663 ], [ -70.17255, -33.48714 ], [ -70.17293, -33.48831 ], [ -70.17358, -33.48925 ], [ -70.17351, -33.48939 ], [ -70.17397, -33.4903 ], [ -70.17421, -33.49123 ], [ -70.17485, -33.49182 ], [ -70.17495, -33.49213 ], [ -70.17557, -33.49256 ], [ -70.17574, -33.49293 ], [ -70.17597, -33.49297 ], [ -70.17622, -33.49374 ], [ -70.17659, -33.49397 ], [ -70.1772, -33.49477 ] ] } },
{ "type": "Feature", "properties": { "nombre": "Estero La Paloma", "tipo": "stream", "volcan_codigo": "SJO", "volcan_nombre": "San Jose", "drena_volcan": false }, "geometry": { "type": "LineString", "coordinates": [ [ -70.10473, -33.55572 ], [ -70.10467, -33.55516 ], [ -70.10321, -33.55248 ], [ -70.10164, -33.54653 ], [ -70.10102, -33.54488 ], [ -70.10089, -33.54254 ], [ -70.1005, -33.54102 ], [ -70.09971, -33.53896 ], [ -70.09876, -33.53721 ], [ -70.09842, -33.53417 ], [ -70.09851, -33.53295 ], [ -70.09728, -33.53114 ], [ -70.09713, -33.53063 ], [ -70.09765, -33.52953 ], [ -70.09765, -33.52889 ], [ -70.09812, -33.52812 ], [ -70.09819, -33.52764 ], [ -70.09782, -33.5269 ], [ -70.09713, -33.52612 ], [ -70.09754, -33.52442 ], [ -70.09799, -33.52372 ], [ -70.09756, -33.52259 ], [ -70.09769, -33.52147 ], [ -70.09789, -33.52097 ], [ -70.09879, -33.51984 ], [ -70.09889, -33.51859 ], [ -70.09867, -33.51753 ], [ -70.09874, -33.51692 ], [ -70.09915, -33.51662 ], [ -70.09947, -33.51595 ], [ -70.10224, -33.51402 ], [ -70.10297, -33.51294 ], [ -70.1034, -33.5126 ], [ -70.10335, -33.51229 ], [ -70.1035, -33.51204 ], [ -70.10414, -33.51163 ], [ -70.10449, -33.51078 ], [ -70.104, -33.51029 ], [ -70.1046, -33.50895 ], [ -70.10425, -33.50871 ], [ -70.10374, -33.50659 ], [ -70.10413, -33.50543 ], [ -70.10378, -33.50419 ], [ -70.10334, -33.50377 ], [ -70.10302, -33.50296 ], [ -70.10272, -33.5027 ], [ -70.10278, -33.50245 ], [ -70.10256, -33.50229 ], [ -70.1024, -33.50089 ], [ -70.10291, -33.50035 ], [ -70.10302, -33.49944 ], [ -70.10347, -33.49897 ], [ -70.10445, -33.49843 ], [ -70.10554, -33.49819 ], [ -70.10671, -33.49761 ], [ -70.10721, -33.49691 ], [ -70.10911, -33.49609 ], [ -70.10968, -33.4954 ], [ -70.1096, -33.49479 ] ] } },
{ "type": "Feature", "properties": { "nombre": "Estero La Vaca", "tipo": "stream", "volcan_codigo": "SJO", "volcan_nombre": "San Jose", "drena_volcan": false }, "geometry": { "type": "MultiLineString", "coordinates": [ [ [ -70.00613, -33.54843 ], [ -70.00857, -33.54637 ], [ -70.00907, -33.54493 ], [ -70.00947, -33.54492 ], [ -70.0097, -33.54471 ], [ -70.0097, -33.54402 ], [ -70.01057, -33.54319 ], [ -70.01159, -33.54128 ], [ -70.01226, -33.54086 ], [ -70.0131, -33.54064 ], [ -70.01526, -33.5405 ], [ -70.0166, -33.54015 ], [ -70.01705, -33.53986 ], [ -70.01762, -33.53913 ], [ -70.01817, -33.53879 ], [ -70.01913, -33.53853 ], [ -70.01987, -33.53813 ], [ -70.02105, -33.53797 ], [ -70.02166, -33.53761 ], [ -70.02303, -33.5377 ], [ -70.02361, -33.53751 ], [ -70.02506, -33.53622 ], [ -70.02587, -33.53476 ], [ -70.0269, -33.53407 ], [ -70.02758, -33.53316 ], [ -70.02871, -33.53092 ], [ -70.03003, -33.53018 ], [ -70.0308, -33.52933 ], [ -70.03133, -33.52922 ], [ -70.03233, -33.52839 ], [ -70.03263, -33.52789 ], [ -70.0334, -33.52759 ], [ -70.03363, -33.52733 ], [ -70.03401, -33.52494 ], [ -70.03476, -33.52296 ], [ -70.03533, -33.52201 ], [ -70.03533, -33.52171 ], [ -70.03433, -33.51984 ], [ -70.03435, -33.51761 ], [ -70.03403, -33.5167 ], [ -70.03338, -33.51602 ], [ -70.03182, -33.51361 ], [ -70.03193, -33.51026 ], [ -70.03314, -33.50835 ], [ -70.03357, -33.50668 ], [ -70.03405, -33.50627 ], [ -70.03446, -33.50547 ], [ -70.03526, -33.50461 ], [ -70.03608, -33.50412 ], [ -70.03658, -33.50362 ], [ -70.03694, -33.50237 ], [ -70.03794, -33.50081 ], [ -70.03854, -33.49916 ], [ -70.03907, -33.49837 ], [ -70.03962, -33.49796 ], [ -70.0405, -33.49689 ], [ -70.04059, -33.49619 ], [ -70.04095, -33.49565 ], [ -70.04061, -33.49413 ], [ -70.04083, -33.49311 ], [ -70.04351, -33.48944 ], [ -70.04383, -33.48857 ], [ -70.04428, -33.48813 ], [ -70.04508, -33.48662 ], [ -70.04644, -33.48573 ] ], [ [ -70.04651, -33.48565 ], [ -70.0468, -33.48492 ] ], [ [ -70.04644, -33.48573 ], [ -70.04651, -33.48565 ] ] ] } },
{ "type": "Feature", "properties": { "nombre": "Estero Las Minas", "tipo": "river", "volcan_codigo": "SJO", "volcan_nombre": "San Jose", "drena_volcan": false }, "geometry": { "type": "LineString", "coordinates": [ [ -69.87853, -33.87729 ], [ -69.87973, -33.87872 ], [ -69.88146, -33.88196 ], [ -69.8824, -33.88502 ], [ -69.882, -33.88623 ], [ -69.88226, -33.88709 ], [ -69.883, -33.8883 ], [ -69.88363, -33.88898 ], [ -69.88604, -33.88997 ], [ -69.89, -33.89265 ], [ -69.89219, -33.89307 ], [ -69.89493, -33.89322 ], [ -69.89682, -33.89386 ], [ -69.89955, -33.89389 ], [ -69.90142, -33.89446 ], [ -69.90367, -33.89699 ], [ -69.90536, -33.89756 ], [ -69.91052, -33.89717 ], [ -69.91488, -33.8971 ], [ -69.91771, -33.8982 ], [ -69.91902, -33.89799 ], [ -69.92114, -33.89829 ], [ -69.92399, -33.89909 ], [ -69.92493, -33.89879 ] ] } },
{ "type": "Feature", "properties": { "nombre": "Estero Las Placas", "tipo": "stream", "volcan_codigo": "SJO", "volcan_nombre": "San Jose", "drena_volcan": false }, "geometry": { "type": "LineString", "coordinates": [ [ -69.9965, -33.74937 ], [ -69.99509, -33.75059 ], [ -69.99326, -33.7526 ], [ -69.99234, -33.75401 ], [ -69.99191, -33.75517 ], [ -69.99257, -33.75815 ], [ -69.99257, -33.75926 ], [ -69.99298, -33.76035 ], [ -69.99569, -33.76306 ], [ -69.99554, -33.76461 ], [ -69.99637, -33.76639 ], [ -69.9965, -33.76695 ], [ -69.99635, -33.76784 ], [ -69.99678, -33.76852 ], [ -69.99676, -33.76886 ], [ -69.99811, -33.77057 ], [ -69.9981, -33.7712 ], [ -69.99865, -33.77222 ], [ -69.99914, -33.77378 ], [ -69.99988, -33.77497 ], [ -70.0001, -33.77581 ], [ -70.00048, -33.7759 ], [ -70.00077, -33.77659 ], [ -70.00087, -33.77768 ], [ -70.00166, -33.77988 ], [ -70.00305, -33.78236 ], [ -70.00418, -33.78504 ], [ -70.00501, -33.78655 ], [ -70.0051, -33.78701 ], [ -70.00658, -33.78985 ], [ -70.00664, -33.7903 ], [ -70.00791, -33.79109 ], [ -70.00842, -33.79185 ], [ -70.00978, -33.7926 ], [ -70.01037, -33.79282 ], [ -70.01117, -33.79255 ], [ -70.01172, -33.79261 ], [ -70.01221, -33.7931 ], [ -70.01351, -33.79337 ], [ -70.01382, -33.7933 ], [ -70.01431, -33.79351 ], [ -70.01452, -33.79402 ], [ -70.01421, -33.79412 ], [ -70.01461, -33.79462 ] ] } },
{ "type": "Feature", "properties": { "nombre": "Estero Lo Valdés", "tipo": "stream", "volcan_codigo": "SJO", "volcan_nombre": "San Jose", "drena_volcan": true }, "geometry": { "type": "LineString", "coordinates": [ [ -70.05667, -33.85841 ], [ -70.05637, -33.85743 ], [ -70.05594, -33.85685 ], [ -70.05589, -33.85621 ], [ -70.05536, -33.85482 ], [ -70.05362, -33.85278 ], [ -70.0536, -33.85176 ], [ -70.05385, -33.85074 ], [ -70.05371, -33.85031 ], [ -70.05377, -33.84948 ], [ -70.05272, -33.84858 ], [ -70.05281, -33.84811 ], [ -70.05252, -33.84714 ], [ -70.05176, -33.84615 ], [ -70.05152, -33.84529 ], [ -70.05168, -33.84482 ], [ -70.05157, -33.84425 ], [ -70.05166, -33.84364 ], [ -70.05184, -33.84323 ], [ -70.05158, -33.84262 ], [ -70.05162, -33.84227 ], [ -70.05229, -33.83994 ], [ -70.05242, -33.83915 ], [ -70.05228, -33.83879 ], [ -70.05244, -33.83823 ], [ -70.05239, -33.83723 ], [ -70.05278, -33.83577 ], [ -70.05324, -33.83515 ], [ -70.05435, -33.83468 ], [ -70.0544, -33.83427 ], [ -70.05562, -33.83377 ], [ -70.05622, -33.8332 ], [ -70.05632, -33.83267 ], [ -70.0567, -33.83236 ], [ -70.0567, -33.83196 ], [ -70.05697, -33.83172 ], [ -70.05711, -33.83131 ], [ -70.057, -33.83086 ], [ -70.05711, -33.83025 ], [ -70.05658, -33.8296 ], [ -70.05645, -33.82902 ], [ -70.05539, -33.82794 ], [ -70.05545, -33.82684 ], [ -70.05463, -33.82577 ] ] } },
{ "type": "Feature", "properties": { "nombre": "Estero Los Escalones", "tipo": "stream", "volcan_codigo": "SJO", "volcan_nombre": "San Jose", "drena_volcan": false }, "geometry": { "type": "LineString", "coordinates": [ [ -69.97053, -34.10172 ], [ -69.97167, -34.10316 ], [ -69.97386, -34.10497 ], [ -69.97523, -34.10647 ], [ -69.97641, -34.10716 ], [ -69.98025, -34.10831 ], [ -69.98193, -34.1095 ], [ -69.98351, -34.11126 ], [ -69.98433, -34.11258 ], [ -69.98499, -34.11437 ], [ -69.98581, -34.11594 ], [ -69.98753, -34.11771 ], [ -69.98783, -34.11867 ], [ -69.98871, -34.11952 ], [ -69.99023, -34.12036 ], [ -69.99233, -34.12182 ], [ -69.99424, -34.1223 ], [ -69.99686, -34.12322 ], [ -69.99873, -34.1234 ], [ -69.9998, -34.12397 ], [ -70.00028, -34.124 ] ] } },
{ "type": "Feature", "properties": { "nombre": "Estero Los Pelambres", "tipo": "stream", "volcan_codigo": "SJO", "volcan_nombre": "San Jose", "drena_volcan": false }, "geometry": { "type": "LineString", "coordinates": [ [ -70.0382, -34.03596 ], [ -70.03824, -34.03658 ], [ -70.0385, -34.03726 ], [ -70.03923, -34.03822 ], [ -70.04131, -34.04012 ], [ -70.04163, -34.04086 ], [ -70.04086, -34.04376 ], [ -70.04086, -34.04485 ], [ -70.04041, -34.04579 ], [ -70.04023, -34.0473 ], [ -70.04068, -34.04849 ], [ -70.04139, -34.04942 ], [ -70.0415, -34.05034 ], [ -70.04086, -34.05107 ], [ -70.0401, -34.05135 ], [ -70.03989, -34.05196 ], [ -70.04023, -34.05372 ], [ -70.0398, -34.05418 ], [ -70.03953, -34.055 ], [ -70.03918, -34.05532 ], [ -70.03886, -34.05619 ], [ -70.03869, -34.05683 ], [ -70.03869, -34.05841 ], [ -70.03689, -34.06039 ], [ -70.03626, -34.06184 ], [ -70.0342, -34.06378 ], [ -70.03388, -34.0643 ], [ -70.03332, -34.06449 ], [ -70.03105, -34.06444 ], [ -70.03075, -34.06469 ], [ -70.02938, -34.06444 ], [ -70.0274, -34.06629 ], [ -70.02714, -34.06638 ], [ -70.02594, -34.06611 ], [ -70.02498, -34.0662 ], [ -70.02399, -34.06664 ], [ -70.02345, -34.06718 ], [ -70.02227, -34.06771 ], [ -70.0218, -34.06833 ], [ -70.02184, -34.06879 ], [ -70.02135, -34.06931 ], [ -70.02004, -34.07011 ], [ -70.01981, -34.07041 ] ] } },
{ "type": "Feature", "properties": { "nombre": "Estero Maitenes", "tipo": "stream", "volcan_codigo": "SJO", "volcan_nombre": "San Jose", "drena_volcan": false }, "geometry": { "type": "LineString", "coordinates": [ [ -70.18102, -33.43178 ], [ -70.17956, -33.43264 ], [ -70.17841, -33.43232 ], [ -70.17658, -33.43286 ], [ -70.1756, -33.43284 ], [ -70.17499, -33.43307 ], [ -70.1739, -33.43373 ], [ -70.1727, -33.43484 ], [ -70.16993, -33.43599 ], [ -70.1689, -33.43669 ], [ -70.16656, -33.43758 ], [ -70.16328, -33.43982 ], [ -70.16242, -33.44113 ], [ -70.16141, -33.44192 ], [ -70.16092, -33.4421 ], [ -70.15954, -33.44308 ], [ -70.15869, -33.44342 ], [ -70.15553, -33.44442 ], [ -70.15448, -33.44449 ], [ -70.15161, -33.44407 ], [ -70.14837, -33.44394 ], [ -70.14489, -33.44462 ], [ -70.14279, -33.44464 ], [ -70.14223, -33.44496 ], [ -70.1407, -33.44516 ], [ -70.13907, -33.44627 ], [ -70.13802, -33.44661 ], [ -70.13686, -33.44761 ], [ -70.13616, -33.44847 ], [ -70.13498, -33.44883 ], [ -70.13362, -33.44863 ], [ -70.13281, -33.44915 ], [ -70.13244, -33.44962 ], [ -70.13168, -33.4499 ] ] } },
{ "type": "Feature", "properties": { "nombre": "Estero Manzanito", "tipo": "stream", "volcan_codigo": "SJO", "volcan_nombre": "San Jose", "drena_volcan": false }, "geometry": { "type": "LineString", "coordinates": [ [ -70.33689, -33.81323 ], [ -70.33692, -33.81215 ], [ -70.33651, -33.81084 ], [ -70.33586, -33.81017 ], [ -70.33391, -33.80943 ], [ -70.33297, -33.8082 ], [ -70.33243, -33.80684 ], [ -70.3326, -33.80644 ], [ -70.33245, -33.80577 ], [ -70.33253, -33.80534 ], [ -70.33227, -33.80474 ], [ -70.33245, -33.80437 ], [ -70.33225, -33.80401 ], [ -70.33241, -33.80385 ], [ -70.3323, -33.80311 ], [ -70.33173, -33.80282 ], [ -70.33145, -33.80246 ], [ -70.33106, -33.80173 ], [ -70.33089, -33.80026 ], [ -70.33057, -33.80019 ], [ -70.33033, -33.79989 ], [ -70.33025, -33.79946 ], [ -70.33042, -33.79904 ], [ -70.33044, -33.79819 ], [ -70.33078, -33.79793 ], [ -70.33076, -33.79754 ], [ -70.33132, -33.79695 ], [ -70.33182, -33.79605 ], [ -70.3315, -33.79554 ], [ -70.33165, -33.79497 ], [ -70.33027, -33.79441 ], [ -70.32956, -33.7944 ], [ -70.32914, -33.79421 ], [ -70.32839, -33.79316 ], [ -70.32759, -33.79257 ], [ -70.32651, -33.79211 ], [ -70.32571, -33.79201 ], [ -70.32357, -33.79002 ], [ -70.32217, -33.78943 ], [ -70.32198, -33.78921 ], [ -70.3212, -33.7891 ], [ -70.32033, -33.78856 ], [ -70.31949, -33.78864 ], [ -70.3193, -33.78833 ], [ -70.31859, -33.78819 ], [ -70.31796, -33.7881 ], [ -70.31701, -33.78827 ], [ -70.31679, -33.78746 ], [ -70.31405, -33.78559 ], [ -70.31351, -33.785 ], [ -70.31261, -33.78486 ], [ -70.31157, -33.78436 ], [ -70.31144, -33.78409 ], [ -70.31172, -33.78309 ], [ -70.31084, -33.78178 ], [ -70.3109, -33.78059 ], [ -70.31041, -33.78027 ], [ -70.31066, -33.77971 ], [ -70.31064, -33.77931 ], [ -70.3096, -33.77905 ], [ -70.30953, -33.77873 ], [ -70.30975, -33.77829 ], [ -70.30952, -33.77782 ], [ -70.3088, -33.77725 ], [ -70.30878, -33.77672 ], [ -70.30829, -33.77605 ], [ -70.30725, -33.77559 ], [ -70.30691, -33.77445 ], [ -70.30627, -33.77392 ], [ -70.30625, -33.77368 ], [ -70.30524, -33.77363 ], [ -70.30519, -33.77337 ], [ -70.30374, -33.77313 ], [ -70.30358, -33.7726 ], [ -70.3041, -33.77199 ], [ -70.30466, -33.77185 ], [ -70.30476, -33.77157 ], [ -70.30444, -33.77137 ], [ -70.3043, -33.77022 ], [ -70.30326, -33.76909 ], [ -70.30127, -33.76766 ], [ -70.29912, -33.7664 ], [ -70.2985, -33.76585 ], [ -70.29784, -33.76548 ], [ -70.29739, -33.76537 ], [ -70.29624, -33.76547 ], [ -70.29611, -33.76526 ], [ -70.29589, -33.76416 ], [ -70.2959, -33.76303 ], [ -70.29522, -33.76281 ], [ -70.29457, -33.76233 ], [ -70.29393, -33.76101 ], [ -70.29391, -33.76043 ], [ -70.29406, -33.76012 ], [ -70.29396, -33.75978 ], [ -70.2942, -33.7594 ], [ -70.2947, -33.75922 ], [ -70.29507, -33.75841 ], [ -70.29466, -33.75783 ], [ -70.29524, -33.75671 ], [ -70.29531, -33.75593 ], [ -70.29495, -33.75546 ], [ -70.29426, -33.7551 ], [ -70.29438, -33.75383 ], [ -70.29481, -33.7527 ], [ -70.29452, -33.75235 ], [ -70.29408, -33.75084 ], [ -70.29355, -33.75011 ], [ -70.29355, -33.74968 ], [ -70.29387, -33.7486 ], [ -70.29441, -33.74806 ], [ -70.29546, -33.74757 ], [ -70.29464, -33.74677 ], [ -70.29475, -33.74602 ], [ -70.29453, -33.7453 ], [ -70.29509, -33.7433 ], [ -70.29413, -33.74186 ] ] } },
{ "type": "Feature", "properties": { "nombre": "Estero Nieves Negras", "tipo": "river", "volcan_codigo": "SJO", "volcan_nombre": "San Jose", "drena_volcan": true }, "geometry": { "type": "LineString", "coordinates": [ [ -69.91663, -33.84561 ], [ -69.91755, -33.84753 ], [ -69.91762, -33.8495 ], [ -69.92118, -33.85363 ], [ -69.92304, -33.85737 ], [ -69.92343, -33.86001 ], [ -69.9248, -33.8635 ], [ -69.92659, -33.86674 ], [ -69.92768, -33.86781 ] ] } },
{ "type": "Feature", "properties": { "nombre": "Estero Parraguirre", "tipo": "stream", "volcan_codigo": "SJO", "volcan_nombre": "San Jose", "drena_volcan": false }, "geometry": { "type": "LineString", "coordinates": [ [ -70.02877, -33.29046 ], [ -70.02786, -33.29195 ], [ -70.02778, -33.29251 ], [ -70.02774, -33.2934 ], [ -70.02821, -33.29593 ], [ -70.02821, -33.29715 ], [ -70.02801, -33.29807 ], [ -70.02744, -33.29889 ], [ -70.02692, -33.2993 ], [ -70.02677, -33.30009 ], [ -70.0263, -33.30041 ], [ -70.02606, -33.30118 ], [ -70.02606, -33.30179 ], [ -70.02741, -33.30402 ], [ -70.029, -33.30535 ], [ -70.0293, -33.30544 ], [ -70.02962, -33.30587 ], [ -70.02984, -33.3066 ], [ -70.03063, -33.30726 ], [ -70.03323, -33.30852 ], [ -70.03396, -33.30909 ], [ -70.0349, -33.3106 ], [ -70.03632, -33.31189 ], [ -70.03666, -33.31284 ], [ -70.03746, -33.31311 ], [ -70.03786, -33.31377 ], [ -70.03797, -33.31467 ], [ -70.03849, -33.31512 ], [ -70.03868, -33.31641 ], [ -70.03849, -33.31738 ], [ -70.03795, -33.31847 ], [ -70.03776, -33.31923 ], [ -70.03724, -33.31996 ], [ -70.03737, -33.322 ], [ -70.03776, -33.32303 ], [ -70.03769, -33.32401 ], [ -70.03851, -33.32785 ], [ -70.03883, -33.32853 ], [ -70.03926, -33.329 ], [ -70.04085, -33.33031 ], [ -70.04055, -33.33147 ], [ -70.04128, -33.3321 ], [ -70.04155, -33.33325 ], [ -70.04136, -33.33405 ], [ -70.04145, -33.33525 ], [ -70.04113, -33.33581 ], [ -70.04067, -33.33835 ], [ -70.03997, -33.3399 ], [ -70.03919, -33.34042 ], [ -70.03913, -33.3409 ], [ -70.03864, -33.34121 ], [ -70.03857, -33.34146 ], [ -70.03882, -33.34183 ], [ -70.03893, -33.34389 ], [ -70.03923, -33.34497 ], [ -70.03926, -33.34633 ], [ -70.03833, -33.34855 ], [ -70.03807, -33.35043 ], [ -70.03802, -33.35241 ], [ -70.03773, -33.35365 ], [ -70.03786, -33.35427 ], [ -70.0376, -33.35492 ], [ -70.03727, -33.35521 ], [ -70.03715, -33.35619 ], [ -70.03676, -33.357 ], [ -70.03677, -33.35773 ], [ -70.03586, -33.35903 ], [ -70.036, -33.35928 ], [ -70.03554, -33.36062 ], [ -70.03545, -33.36138 ], [ -70.03499, -33.36218 ], [ -70.03474, -33.36234 ], [ -70.03465, -33.36374 ], [ -70.03483, -33.36445 ], [ -70.03411, -33.3654 ], [ -70.03421, -33.36629 ], [ -70.03449, -33.36646 ], [ -70.03403, -33.36702 ], [ -70.03411, -33.36741 ], [ -70.03398, -33.36797 ], [ -70.03368, -33.36828 ], [ -70.03332, -33.36942 ], [ -70.03342, -33.36968 ], [ -70.03322, -33.36979 ], [ -70.03317, -33.3702 ], [ -70.0333, -33.37038 ], [ -70.03283, -33.37147 ], [ -70.03307, -33.37214 ], [ -70.03293, -33.37283 ], [ -70.03356, -33.37424 ], [ -70.03342, -33.37581 ], [ -70.03293, -33.37636 ], [ -70.03304, -33.37662 ], [ -70.03284, -33.37717 ], [ -70.03292, -33.37743 ], [ -70.03255, -33.37776 ], [ -70.03224, -33.37886 ], [ -70.03166, -33.37938 ], [ -70.03159, -33.37972 ], [ -70.03103, -33.38023 ], [ -70.03096, -33.38056 ], [ -70.03052, -33.3808 ], [ -70.03053, -33.38114 ], [ -70.0299, -33.38189 ], [ -70.02906, -33.38237 ], [ -70.02848, -33.38334 ], [ -70.02814, -33.38355 ], [ -70.02812, -33.38381 ], [ -70.02757, -33.38454 ], [ -70.02774, -33.38483 ], [ -70.02744, -33.38501 ], [ -70.02745, -33.38537 ], [ -70.02714, -33.38553 ], [ -70.02716, -33.38584 ], [ -70.02666, -33.38629 ], [ -70.02685, -33.38664 ], [ -70.02575, -33.38849 ], [ -70.02558, -33.38849 ], [ -70.02587, -33.38986 ], [ -70.02539, -33.39156 ], [ -70.02562, -33.39203 ], [ -70.02542, -33.39258 ], [ -70.02506, -33.39272 ], [ -70.02497, -33.39327 ], [ -70.02542, -33.39424 ], [ -70.02505, -33.39532 ], [ -70.02535, -33.39662 ], [ -70.02511, -33.39682 ], [ -70.02546, -33.39755 ], [ -70.02549, -33.39874 ], [ -70.02588, -33.39958 ], [ -70.0264, -33.39997 ], [ -70.02681, -33.3997 ], [ -70.02701, -33.39974 ], [ -70.02793, -33.40089 ], [ -70.02804, -33.40179 ], [ -70.02789, -33.40249 ], [ -70.02814, -33.40274 ], [ -70.02813, -33.4031 ], [ -70.02799, -33.40406 ], [ -70.02721, -33.40504 ], [ -70.0274, -33.40555 ], [ -70.02738, -33.40619 ], [ -70.02623, -33.40901 ], [ -70.02642, -33.41035 ], [ -70.02621, -33.41111 ], [ -70.02636, -33.41168 ], [ -70.02621, -33.41265 ], [ -70.0264, -33.41306 ], [ -70.02631, -33.41381 ], [ -70.02557, -33.41471 ], [ -70.02477, -33.4185 ], [ -70.02431, -33.4192 ], [ -70.0241, -33.42002 ], [ -70.02404, -33.42098 ], [ -70.02457, -33.4212 ], [ -70.02467, -33.42144 ], [ -70.02446, -33.4216 ], [ -70.02395, -33.42298 ], [ -70.02412, -33.42339 ], [ -70.02402, -33.42379 ], [ -70.02427, -33.42419 ], [ -70.024, -33.42455 ], [ -70.0241, -33.42489 ], [ -70.02386, -33.42521 ], [ -70.02401, -33.42581 ], [ -70.02349, -33.42718 ], [ -70.02391, -33.42819 ], [ -70.02448, -33.42895 ], [ -70.02442, -33.42951 ], [ -70.02458, -33.4296 ], [ -70.0246, -33.43003 ], [ -70.02432, -33.43076 ], [ -70.02441, -33.43101 ], [ -70.02365, -33.432 ], [ -70.02331, -33.43206 ], [ -70.02317, -33.43251 ], [ -70.02334, -33.43301 ], [ -70.02356, -33.4331 ], [ -70.02356, -33.43336 ], [ -70.02431, -33.43427 ], [ -70.02412, -33.43452 ], [ -70.02395, -33.43544 ], [ -70.02321, -33.43632 ], [ -70.02289, -33.43695 ], [ -70.02233, -33.43713 ], [ -70.02221, -33.43766 ], [ -70.0225, -33.43815 ], [ -70.02246, -33.43839 ], [ -70.02197, -33.43879 ], [ -70.02014, -33.43902 ], [ -70.01927, -33.44003 ], [ -70.01971, -33.44093 ], [ -70.0197, -33.44161 ], [ -70.02002, -33.44224 ], [ -70.02062, -33.44299 ], [ -70.02079, -33.443 ], [ -70.02103, -33.44369 ], [ -70.02097, -33.44397 ], [ -70.02136, -33.44425 ], [ -70.02155, -33.44495 ], [ -70.02184, -33.44533 ], [ -70.02331, -33.44614 ], [ -70.02396, -33.44691 ], [ -70.02422, -33.44776 ], [ -70.02394, -33.44864 ], [ -70.02388, -33.44971 ], [ -70.0236, -33.45028 ] ] } },
{ "type": "Feature", "properties": { "nombre": "Estero Piuquencillo", "tipo": "stream", "volcan_codigo": "SJO", "volcan_nombre": "San Jose", "drena_volcan": false }, "geometry": { "type": "LineString", "coordinates": [ [ -70.32374, -33.85482 ], [ -70.32331, -33.8562 ], [ -70.32381, -33.85716 ], [ -70.32462, -33.85996 ], [ -70.32505, -33.86034 ], [ -70.32462, -33.86174 ], [ -70.3234, -33.86448 ], [ -70.32267, -33.8657 ], [ -70.32226, -33.86594 ], [ -70.32144, -33.866 ], [ -70.32074, -33.86634 ], [ -70.3205, -33.86673 ], [ -70.32066, -33.86716 ], [ -70.32048, -33.86795 ], [ -70.31972, -33.86866 ], [ -70.31928, -33.86883 ], [ -70.31904, -33.86914 ], [ -70.31891, -33.86989 ], [ -70.31829, -33.87052 ], [ -70.31709, -33.87134 ], [ -70.31665, -33.87209 ], [ -70.3163, -33.87238 ], [ -70.31604, -33.87325 ], [ -70.31464, -33.87403 ], [ -70.31481, -33.87427 ], [ -70.31493, -33.87523 ], [ -70.31408, -33.87572 ], [ -70.31374, -33.87614 ], [ -70.31372, -33.87684 ], [ -70.31217, -33.87863 ], [ -70.31172, -33.87959 ], [ -70.31177, -33.88029 ], [ -70.31164, -33.88059 ], [ -70.30993, -33.88147 ], [ -70.30992, -33.88285 ], [ -70.30959, -33.88301 ], [ -70.30948, -33.88327 ], [ -70.30606, -33.88442 ], [ -70.3055, -33.88477 ], [ -70.30496, -33.88575 ], [ -70.30498, -33.8865 ], [ -70.30415, -33.8875 ], [ -70.3034, -33.88786 ], [ -70.30382, -33.88814 ], [ -70.30387, -33.88839 ], [ -70.30316, -33.88916 ], [ -70.30271, -33.88948 ], [ -70.30187, -33.88971 ], [ -70.30144, -33.89005 ], [ -70.2984, -33.89112 ], [ -70.29844, -33.89178 ], [ -70.29913, -33.8922 ], [ -70.29919, -33.89242 ], [ -70.29842, -33.89302 ], [ -70.29788, -33.89391 ], [ -70.29728, -33.89402 ], [ -70.29737, -33.89446 ], [ -70.29694, -33.89518 ], [ -70.29657, -33.89518 ], [ -70.29623, -33.89557 ], [ -70.29574, -33.89571 ], [ -70.2958, -33.89594 ], [ -70.29535, -33.89646 ], [ -70.29539, -33.8969 ], [ -70.29524, -33.8971 ], [ -70.29428, -33.89714 ], [ -70.29408, -33.89699 ], [ -70.29355, -33.8973 ], [ -70.29303, -33.8973 ], [ -70.29232, -33.89771 ], [ -70.29149, -33.89765 ], [ -70.29101, -33.89801 ], [ -70.29013, -33.89796 ], [ -70.28981, -33.89835 ], [ -70.28994, -33.89878 ], [ -70.28975, -33.89943 ], [ -70.2891, -33.89952 ], [ -70.28713, -33.90031 ], [ -70.28496, -33.90077 ], [ -70.2846, -33.90114 ], [ -70.28359, -33.90105 ], [ -70.28129, -33.90195 ], [ -70.28041, -33.90266 ], [ -70.27863, -33.90351 ], [ -70.27795, -33.90415 ], [ -70.27771, -33.9046 ], [ -70.27552, -33.90567 ], [ -70.27522, -33.90608 ], [ -70.27441, -33.90668 ], [ -70.27402, -33.90754 ], [ -70.27278, -33.90887 ], [ -70.26878, -33.91092 ], [ -70.26799, -33.91105 ], [ -70.2679, -33.91151 ], [ -70.26696, -33.91204 ], [ -70.26623, -33.91293 ], [ -70.26548, -33.91325 ], [ -70.26387, -33.91448 ], [ -70.26192, -33.91534 ], [ -70.2599, -33.91559 ], [ -70.25855, -33.91607 ], [ -70.25593, -33.91649 ], [ -70.2543, -33.91733 ], [ -70.25406, -33.91776 ], [ -70.25271, -33.9184 ], [ -70.25209, -33.91852 ], [ -70.25149, -33.91924 ], [ -70.25052, -33.91975 ], [ -70.24909, -33.91995 ], [ -70.24844, -33.92036 ], [ -70.24776, -33.92043 ], [ -70.24735, -33.92111 ], [ -70.2457, -33.92121 ], [ -70.24338, -33.92178 ], [ -70.23975, -33.92239 ], [ -70.2381, -33.922 ], [ -70.23473, -33.92232 ], [ -70.23445, -33.92226 ], [ -70.23381, -33.92169 ], [ -70.23252, -33.92155 ], [ -70.23222, -33.92137 ], [ -70.23108, -33.92157 ], [ -70.23038, -33.92123 ], [ -70.22995, -33.92077 ], [ -70.22821, -33.92048 ], [ -70.22776, -33.92063 ], [ -70.22638, -33.91998 ], [ -70.22437, -33.9197 ], [ -70.22336, -33.91927 ], [ -70.22291, -33.91924 ], [ -70.22166, -33.91852 ], [ -70.22061, -33.91863 ], [ -70.21999, -33.91849 ], [ -70.21879, -33.91804 ], [ -70.21859, -33.91781 ], [ -70.21812, -33.91795 ], [ -70.21681, -33.9171 ], [ -70.21538, -33.91742 ], [ -70.21068, -33.91753 ], [ -70.20928, -33.91715 ], [ -70.20782, -33.91742 ], [ -70.20703, -33.91739 ], [ -70.20639, -33.9168 ], [ -70.20422, -33.91706 ], [ -70.20106, -33.91674 ], [ -70.19882, -33.91714 ], [ -70.19779, -33.91751 ] ] } },
{ "type": "Feature", "properties": { "nombre": "Estero Quingua", "tipo": "stream", "volcan_codigo": "SJO", "volcan_nombre": "San Jose", "drena_volcan": false }, "geometry": { "type": "LineString", "coordinates": [ [ -70.24605, -33.61519 ], [ -70.24673, -33.61539 ], [ -70.24865, -33.61661 ], [ -70.24928, -33.61742 ], [ -70.24969, -33.61761 ], [ -70.25106, -33.61808 ], [ -70.25232, -33.61805 ], [ -70.25263, -33.61819 ], [ -70.25316, -33.61859 ], [ -70.25363, -33.61941 ], [ -70.25464, -33.61966 ], [ -70.25611, -33.62053 ], [ -70.25687, -33.62146 ], [ -70.25773, -33.62285 ], [ -70.25768, -33.62425 ], [ -70.25796, -33.62598 ], [ -70.25909, -33.6276 ], [ -70.25903, -33.62852 ], [ -70.25967, -33.62849 ], [ -70.25986, -33.62865 ], [ -70.25913, -33.63068 ], [ -70.25934, -33.63176 ], [ -70.26072, -33.63369 ], [ -70.26111, -33.63377 ], [ -70.26156, -33.63538 ], [ -70.26222, -33.63558 ], [ -70.26216, -33.63598 ], [ -70.26269, -33.63602 ], [ -70.26248, -33.63646 ], [ -70.26293, -33.63723 ], [ -70.26315, -33.63849 ], [ -70.26352, -33.63854 ], [ -70.26368, -33.63882 ], [ -70.26328, -33.63988 ], [ -70.26343, -33.64026 ], [ -70.26312, -33.64069 ], [ -70.26381, -33.64225 ] ] } },
{ "type": "Feature", "properties": { "nombre": "Estero Rabicano", "tipo": "stream", "volcan_codigo": "SJO", "volcan_nombre": "San Jose", "drena_volcan": false }, "geometry": { "type": "LineString", "coordinates": [ [ -69.99087, -33.35011 ], [ -69.99063, -33.35104 ], [ -69.99024, -33.35143 ], [ -69.9902, -33.35407 ], [ -69.99058, -33.35524 ], [ -69.99108, -33.35829 ], [ -69.99155, -33.35909 ], [ -69.9923, -33.35973 ], [ -69.99359, -33.36048 ], [ -69.99466, -33.3615 ], [ -69.99509, -33.36214 ], [ -69.99518, -33.3627 ], [ -69.9948, -33.3631 ], [ -69.9947, -33.36346 ], [ -69.99482, -33.36421 ], [ -69.99447, -33.36497 ], [ -69.99451, -33.36672 ], [ -69.99435, -33.36776 ], [ -69.99496, -33.36974 ], [ -69.99558, -33.37039 ], [ -69.99799, -33.37109 ], [ -69.99823, -33.3713 ], [ -69.99854, -33.37222 ], [ -69.99854, -33.37263 ], [ -69.99826, -33.37302 ], [ -69.99839, -33.37383 ], [ -69.99728, -33.37468 ], [ -69.99703, -33.37504 ], [ -69.99702, -33.37545 ], [ -69.99755, -33.37728 ], [ -69.99754, -33.37775 ], [ -69.9971, -33.37892 ], [ -69.99705, -33.38002 ], [ -69.99754, -33.38108 ], [ -69.99833, -33.38164 ], [ -69.99905, -33.38294 ], [ -69.9989, -33.38328 ], [ -69.99908, -33.38348 ], [ -69.99898, -33.38421 ], [ -69.99912, -33.3848 ], [ -69.99897, -33.38505 ], [ -69.99917, -33.38534 ], [ -69.99909, -33.38555 ], [ -69.99932, -33.38581 ], [ -69.99921, -33.3863 ], [ -69.99936, -33.38705 ], [ -69.99915, -33.38789 ], [ -69.9993, -33.38825 ], [ -69.99907, -33.3884 ], [ -69.99907, -33.3886 ], [ -69.99978, -33.38912 ], [ -69.99922, -33.39033 ], [ -69.99952, -33.39057 ], [ -69.99941, -33.39104 ], [ -69.99965, -33.39141 ], [ -69.99991, -33.39255 ], [ -69.99932, -33.39442 ], [ -69.99944, -33.39483 ], [ -70.00053, -33.39544 ], [ -70.00052, -33.39589 ], [ -70.00086, -33.3965 ], [ -70.00033, -33.39705 ], [ -70.00031, -33.39742 ], [ -69.99996, -33.39773 ], [ -69.99976, -33.39822 ], [ -70.00033, -33.39957 ], [ -69.99971, -33.40124 ], [ -69.99966, -33.40218 ], [ -69.99953, -33.40252 ], [ -69.99912, -33.40283 ], [ -69.99853, -33.40401 ], [ -69.99858, -33.40435 ], [ -69.99826, -33.40462 ], [ -69.99828, -33.40492 ], [ -69.99814, -33.40498 ], [ -69.99818, -33.40524 ], [ -69.99797, -33.40548 ], [ -69.99773, -33.40639 ], [ -69.99821, -33.40672 ], [ -69.99785, -33.40722 ], [ -69.99803, -33.40763 ], [ -69.99809, -33.40864 ], [ -69.99771, -33.41008 ], [ -69.9958, -33.41218 ], [ -69.99597, -33.41272 ], [ -69.99501, -33.41302 ] ] } },
{ "type": "Feature", "properties": { "nombre": "Estero Salinillas", "tipo": "stream", "volcan_codigo": "SJO", "volcan_nombre": "San Jose", "drena_volcan": false }, "geometry": { "type": "LineString", "coordinates": [ [ -69.95524, -33.68843 ], [ -69.95505, -33.68767 ], [ -69.95588, -33.68642 ], [ -69.95614, -33.68526 ], [ -69.95599, -33.6847 ], [ -69.95466, -33.68236 ], [ -69.95421, -33.68054 ], [ -69.95419, -33.67895 ], [ -69.95382, -33.67836 ], [ -69.95374, -33.67774 ], [ -69.95391, -33.67749 ], [ -69.95421, -33.67526 ], [ -69.95359, -33.67363 ], [ -69.95294, -33.67297 ], [ -69.95316, -33.67251 ], [ -69.9529, -33.67122 ], [ -69.95296, -33.67017 ], [ -69.95326, -33.66979 ], [ -69.95307, -33.66876 ], [ -69.95324, -33.66852 ], [ -69.95309, -33.66795 ], [ -69.95326, -33.66777 ], [ -69.95299, -33.66702 ], [ -69.95318, -33.66679 ], [ -69.95367, -33.66502 ], [ -69.95361, -33.66381 ], [ -69.95384, -33.66367 ], [ -69.95399, -33.66277 ], [ -69.95436, -33.6624 ], [ -69.95429, -33.66218 ], [ -69.95447, -33.66184 ], [ -69.95528, -33.66122 ], [ -69.955, -33.66065 ], [ -69.95485, -33.65909 ], [ -69.95509, -33.65843 ], [ -69.95567, -33.65761 ], [ -69.95593, -33.65681 ], [ -69.95599, -33.65629 ], [ -69.9558, -33.65554 ], [ -69.95657, -33.65388 ], [ -69.95655, -33.65299 ], [ -69.95616, -33.64886 ], [ -69.95582, -33.64788 ], [ -69.9549, -33.64713 ], [ -69.95492, -33.64656 ], [ -69.95395, -33.64468 ], [ -69.9541, -33.64397 ], [ -69.95477, -33.64361 ], [ -69.95483, -33.64288 ], [ -69.95528, -33.64227 ], [ -69.95517, -33.64154 ], [ -69.95432, -33.64121 ], [ -69.95391, -33.63998 ], [ -69.95301, -33.63871 ], [ -69.95153, -33.63705 ], [ -69.95093, -33.63582 ], [ -69.95189, -33.63387 ], [ -69.95309, -33.63282 ], [ -69.95316, -33.63234 ], [ -69.95298, -33.63188 ] ] } },
{ "type": "Feature", "properties": { "nombre": "Estero San Alfonso", "tipo": "stream", "volcan_codigo": "SJO", "volcan_nombre": "San Jose", "drena_volcan": false }, "geometry": { "type": "MultiLineString", "coordinates": [ [ [ -70.22816, -33.69366 ], [ -70.23223, -33.69377 ], [ -70.23449, -33.69358 ], [ -70.23552, -33.6952 ], [ -70.23754, -33.69658 ], [ -70.23791, -33.69811 ], [ -70.23838, -33.69855 ], [ -70.23843, -33.69992 ], [ -70.23864, -33.70035 ], [ -70.23845, -33.70168 ], [ -70.23871, -33.70175 ], [ -70.23891, -33.70309 ], [ -70.23911, -33.70342 ], [ -70.23913, -33.70445 ], [ -70.23968, -33.7056 ], [ -70.24031, -33.70583 ], [ -70.24034, -33.70617 ], [ -70.24066, -33.70645 ], [ -70.24072, -33.70683 ], [ -70.2412, -33.70714 ], [ -70.24191, -33.7072 ], [ -70.24221, -33.70749 ], [ -70.24294, -33.70759 ], [ -70.24358, -33.70812 ], [ -70.24437, -33.70822 ], [ -70.24506, -33.70871 ], [ -70.24599, -33.70888 ], [ -70.24728, -33.71058 ], [ -70.24892, -33.71103 ], [ -70.25058, -33.71081 ], [ -70.25112, -33.71108 ], [ -70.25295, -33.71116 ], [ -70.25424, -33.71172 ], [ -70.25481, -33.71152 ], [ -70.25647, -33.71222 ], [ -70.25684, -33.7128 ], [ -70.25781, -33.71326 ], [ -70.25833, -33.71295 ], [ -70.25934, -33.71302 ], [ -70.26009, -33.71472 ], [ -70.26102, -33.71452 ], [ -70.26225, -33.71492 ], [ -70.266, -33.7151 ], [ -70.26659, -33.71561 ], [ -70.26693, -33.71627 ], [ -70.26727, -33.71637 ], [ -70.26807, -33.71711 ], [ -70.26831, -33.71824 ], [ -70.27018, -33.71905 ], [ -70.2717, -33.72049 ], [ -70.27307, -33.72095 ], [ -70.27436, -33.72178 ], [ -70.27754, -33.72187 ], [ -70.27837, -33.72275 ], [ -70.28037, -33.72332 ], [ -70.28141, -33.72395 ], [ -70.28335, -33.72345 ], [ -70.2849, -33.72399 ], [ -70.28575, -33.72391 ], [ -70.28543, -33.72447 ], [ -70.28656, -33.72562 ], [ -70.28706, -33.72564 ], [ -70.28784, -33.72513 ], [ -70.28863, -33.7255 ], [ -70.28849, -33.72646 ], [ -70.28874, -33.72694 ], [ -70.28918, -33.72713 ], [ -70.2898, -33.7266 ], [ -70.29057, -33.72675 ], [ -70.29113, -33.72708 ], [ -70.29148, -33.72772 ], [ -70.29241, -33.7284 ], [ -70.29262, -33.72894 ], [ -70.29306, -33.72945 ], [ -70.29297, -33.73004 ], [ -70.29315, -33.73015 ], [ -70.29351, -33.73002 ], [ -70.29373, -33.73017 ], [ -70.29434, -33.73107 ], [ -70.29457, -33.73194 ], [ -70.29499, -33.73225 ], [ -70.2954, -33.73212 ], [ -70.29577, -33.73237 ], [ -70.2959, -33.73307 ], [ -70.29619, -33.73319 ], [ -70.29655, -33.73305 ], [ -70.29819, -33.73322 ], [ -70.30087, -33.73399 ] ], [ [ -70.30087, -33.73399 ], [ -70.30161, -33.73431 ] ] ] } },
{ "type": "Feature", "properties": { "nombre": "Estero San Gabriel", "tipo": "stream", "volcan_codigo": "SJO", "volcan_nombre": "San Jose", "drena_volcan": true }, "geometry": { "type": "LineString", "coordinates": [ [ -70.22315, -33.70359 ], [ -70.22375, -33.70586 ], [ -70.22468, -33.70661 ], [ -70.22502, -33.70734 ], [ -70.22569, -33.70814 ], [ -70.22547, -33.70903 ], [ -70.22556, -33.70957 ], [ -70.2259, -33.70996 ], [ -70.22644, -33.71019 ], [ -70.22652, -33.71041 ], [ -70.22642, -33.71085 ], [ -70.22676, -33.71193 ], [ -70.22629, -33.71219 ], [ -70.22693, -33.71294 ], [ -70.22706, -33.71366 ], [ -70.22691, -33.71409 ], [ -70.22629, -33.71457 ], [ -70.22603, -33.71507 ], [ -70.22605, -33.71535 ], [ -70.22637, -33.71603 ], [ -70.22745, -33.71628 ], [ -70.22785, -33.71664 ], [ -70.22785, -33.71714 ], [ -70.22852, -33.71805 ], [ -70.22884, -33.71896 ], [ -70.22882, -33.71985 ], [ -70.22841, -33.72044 ], [ -70.22901, -33.72149 ], [ -70.22927, -33.72144 ], [ -70.22996, -33.7218 ], [ -70.23006, -33.7224 ], [ -70.22976, -33.72258 ], [ -70.22957, -33.7236 ], [ -70.22914, -33.72394 ], [ -70.22897, -33.72513 ], [ -70.22899, -33.72579 ], [ -70.22931, -33.72654 ], [ -70.22933, -33.72744 ], [ -70.22966, -33.72763 ], [ -70.22972, -33.72833 ], [ -70.23011, -33.72895 ], [ -70.23028, -33.72968 ], [ -70.22989, -33.73186 ], [ -70.2303, -33.73241 ], [ -70.2309, -33.73284 ], [ -70.23101, -33.73373 ], [ -70.23187, -33.73504 ], [ -70.23285, -33.73598 ], [ -70.23317, -33.73688 ], [ -70.23305, -33.73803 ], [ -70.23348, -33.73944 ], [ -70.23326, -33.73985 ], [ -70.23365, -33.74046 ], [ -70.23363, -33.74069 ], [ -70.23317, -33.7413 ], [ -70.233, -33.74207 ], [ -70.23266, -33.74242 ], [ -70.2323, -33.74371 ], [ -70.23234, -33.74442 ], [ -70.23279, -33.74531 ], [ -70.23257, -33.74617 ], [ -70.23272, -33.74719 ], [ -70.23253, -33.74762 ], [ -70.23262, -33.74846 ], [ -70.23287, -33.74885 ], [ -70.23202, -33.74944 ], [ -70.23172, -33.75065 ], [ -70.23101, -33.75152 ], [ -70.2312, -33.75206 ], [ -70.23116, -33.75259 ], [ -70.23199, -33.75379 ], [ -70.23283, -33.75409 ], [ -70.23373, -33.75404 ], [ -70.23455, -33.75498 ], [ -70.23571, -33.75522 ], [ -70.23584, -33.75541 ], [ -70.23575, -33.75613 ], [ -70.23594, -33.75634 ], [ -70.23674, -33.7565 ], [ -70.23708, -33.75716 ], [ -70.23747, -33.75748 ], [ -70.23736, -33.75911 ], [ -70.23824, -33.76144 ], [ -70.23802, -33.76223 ], [ -70.23878, -33.76289 ], [ -70.23893, -33.76321 ], [ -70.2383, -33.76396 ], [ -70.23863, -33.76458 ], [ -70.23882, -33.7658 ], [ -70.23955, -33.76674 ], [ -70.23963, -33.76742 ], [ -70.2395, -33.76786 ], [ -70.23966, -33.76804 ], [ -70.24043, -33.7682 ], [ -70.24053, -33.7684 ], [ -70.24053, -33.76915 ], [ -70.24092, -33.77127 ], [ -70.24146, -33.77232 ], [ -70.24137, -33.77282 ], [ -70.24148, -33.77318 ], [ -70.24189, -33.77343 ], [ -70.24204, -33.77407 ], [ -70.24242, -33.77448 ], [ -70.24247, -33.77496 ], [ -70.24332, -33.77558 ], [ -70.24452, -33.77763 ], [ -70.24502, -33.77806 ], [ -70.24557, -33.77886 ], [ -70.2469, -33.77939 ], [ -70.24827, -33.77936 ], [ -70.2502, -33.78047 ] ] } },
{ "type": "Feature", "properties": { "nombre": "Estero San Ignacio", "tipo": "stream", "volcan_codigo": "SJO", "volcan_nombre": "San Jose", "drena_volcan": false }, "geometry": { "type": "LineString", "coordinates": [ [ -70.02651, -33.93547 ], [ -70.02604, -33.9361 ], [ -70.02602, -33.93667 ], [ -70.02653, -33.9374 ], [ -70.02714, -33.93873 ], [ -70.02718, -33.93919 ], [ -70.02789, -33.93983 ], [ -70.02857, -33.94087 ], [ -70.02874, -33.94153 ], [ -70.0298, -33.94185 ], [ -70.03007, -33.94231 ], [ -70.0301, -33.94304 ], [ -70.03072, -33.94345 ], [ -70.03074, -33.94412 ], [ -70.03098, -33.94421 ], [ -70.03201, -33.94395 ], [ -70.0322, -33.94409 ], [ -70.03222, -33.94457 ], [ -70.03188, -33.94521 ], [ -70.03179, -33.94589 ], [ -70.03246, -33.94669 ], [ -70.03207, -33.94818 ], [ -70.03244, -33.94897 ], [ -70.03228, -33.94939 ], [ -70.03235, -33.9503 ], [ -70.03282, -33.95139 ], [ -70.03274, -33.9529 ], [ -70.03353, -33.95374 ], [ -70.03372, -33.95427 ], [ -70.034, -33.95626 ], [ -70.03447, -33.95696 ], [ -70.03452, -33.9573 ], [ -70.03422, -33.95751 ], [ -70.03462, -33.95819 ], [ -70.03462, -33.95847 ], [ -70.03426, -33.95982 ], [ -70.03362, -33.96053 ], [ -70.03351, -33.96105 ], [ -70.03143, -33.96366 ], [ -70.03138, -33.96473 ], [ -70.03117, -33.96539 ], [ -70.02971, -33.96738 ], [ -70.02952, -33.96824 ], [ -70.02904, -33.96884 ], [ -70.02909, -33.96922 ], [ -70.02872, -33.97011 ], [ -70.02823, -33.97059 ], [ -70.02744, -33.9718 ], [ -70.02716, -33.9727 ], [ -70.0258, -33.97372 ], [ -70.02518, -33.974 ], [ -70.02469, -33.97464 ], [ -70.02452, -33.97504 ], [ -70.0249, -33.97616 ], [ -70.02471, -33.97651 ], [ -70.02321, -33.97758 ], [ -70.0231, -33.97833 ], [ -70.02387, -33.97959 ], [ -70.02366, -33.98045 ], [ -70.02289, -33.98114 ], [ -70.02166, -33.98162 ], [ -70.02081, -33.98246 ], [ -70.02012, -33.98249 ], [ -70.02008, -33.98285 ], [ -70.0196, -33.98327 ], [ -70.01952, -33.98425 ], [ -70.01965, -33.98464 ], [ -70.01958, -33.98537 ], [ -70.01937, -33.98582 ], [ -70.0195, -33.98617 ], [ -70.01941, -33.98662 ], [ -70.01911, -33.98685 ], [ -70.01917, -33.98891 ], [ -70.01847, -33.98961 ], [ -70.01817, -33.98961 ], [ -70.01778, -33.98989 ], [ -70.01759, -33.99107 ], [ -70.01789, -33.99222 ], [ -70.01741, -33.99317 ], [ -70.01739, -33.99388 ], [ -70.01718, -33.99432 ], [ -70.0172, -33.99598 ], [ -70.0169, -33.99633 ], [ -70.01656, -33.99754 ], [ -70.01589, -33.99777 ], [ -70.01542, -33.99866 ], [ -70.01473, -33.99897 ], [ -70.01428, -33.99982 ], [ -70.01345, -34.00057 ], [ -70.01289, -34.0021 ], [ -70.01244, -34.00251 ], [ -70.0122, -34.00326 ], [ -70.01171, -34.00376 ], [ -70.01166, -34.00448 ], [ -70.01074, -34.00598 ], [ -70.01076, -34.00731 ], [ -70.01132, -34.0081 ], [ -70.0122, -34.00872 ], [ -70.01226, -34.00916 ], [ -70.0128, -34.0097 ], [ -70.01261, -34.01062 ], [ -70.01276, -34.01149 ], [ -70.01212, -34.01284 ] ] } },
{ "type": "Feature", "properties": { "nombre": "Estero San José", "tipo": "stream", "volcan_codigo": "SJO", "volcan_nombre": "San Jose", "drena_volcan": false }, "geometry": { "type": "MultiLineString", "coordinates": [ [ [ -70.31795, -33.64658 ], [ -70.31991, -33.64667 ], [ -70.32043, -33.64691 ], [ -70.32132, -33.6467 ], [ -70.32236, -33.64597 ], [ -70.32325, -33.64608 ], [ -70.32425, -33.64675 ], [ -70.32707, -33.64783 ], [ -70.32835, -33.64738 ], [ -70.32985, -33.64761 ], [ -70.33256, -33.6491 ], [ -70.33305, -33.64978 ], [ -70.33397, -33.65012 ], [ -70.33476, -33.65071 ], [ -70.3363, -33.65101 ], [ -70.33741, -33.65233 ], [ -70.33773, -33.65312 ], [ -70.33814, -33.65362 ], [ -70.33796, -33.65407 ], [ -70.33813, -33.65443 ], [ -70.33925, -33.65465 ], [ -70.33994, -33.65503 ], [ -70.34038, -33.65574 ], [ -70.34116, -33.65767 ], [ -70.34146, -33.65785 ], [ -70.3422, -33.65783 ], [ -70.34235, -33.65822 ], [ -70.3427, -33.65837 ], [ -70.34421, -33.65821 ], [ -70.34605, -33.65757 ], [ -70.34735, -33.65777 ], [ -70.3478, -33.65734 ], [ -70.35192, -33.65614 ], [ -70.3531, -33.65632 ], [ -70.35511, -33.65701 ] ], [ [ -70.26423, -33.64319 ], [ -70.26431, -33.6433 ], [ -70.26405, -33.64361 ], [ -70.26412, -33.6438 ], [ -70.26576, -33.64469 ], [ -70.26582, -33.64487 ], [ -70.26633, -33.64488 ], [ -70.26656, -33.64516 ], [ -70.26721, -33.64652 ], [ -70.26867, -33.64868 ], [ -70.27085, -33.65008 ], [ -70.27118, -33.65011 ], [ -70.27119, -33.65141 ], [ -70.27204, -33.65169 ], [ -70.27273, -33.65168 ], [ -70.27507, -33.65216 ], [ -70.27636, -33.65219 ], [ -70.2782, -33.65324 ], [ -70.27908, -33.65435 ], [ -70.28254, -33.65334 ], [ -70.2832, -33.65261 ], [ -70.28434, -33.65308 ], [ -70.28558, -33.653 ], [ -70.28567, -33.65213 ], [ -70.28738, -33.65155 ], [ -70.2885, -33.65018 ], [ -70.29037, -33.65051 ], [ -70.29123, -33.6501 ], [ -70.29569, -33.64938 ], [ -70.3015, -33.6505 ], [ -70.3023, -33.6504 ], [ -70.30333, -33.64973 ], [ -70.30522, -33.64764 ], [ -70.30635, -33.64582 ], [ -70.30765, -33.64432 ], [ -70.31074, -33.64356 ], [ -70.31527, -33.64531 ], [ -70.31675, -33.64632 ], [ -70.31795, -33.64658 ] ] ] } },
{ "type": "Feature", "properties": { "nombre": "Estero San Nicolás", "tipo": "stream", "volcan_codigo": "SJO", "volcan_nombre": "San Jose", "drena_volcan": false }, "geometry": { "type": "LineString", "coordinates": [ [ -70.18234, -33.66972 ], [ -70.18183, -33.67037 ], [ -70.18174, -33.67085 ], [ -70.1817, -33.67163 ], [ -70.18211, -33.67274 ], [ -70.18181, -33.67342 ], [ -70.18103, -33.67381 ], [ -70.18075, -33.67478 ], [ -70.18095, -33.67555 ], [ -70.18121, -33.6756 ], [ -70.18131, -33.6758 ], [ -70.18125, -33.67624 ], [ -70.1817, -33.67653 ], [ -70.18183, -33.67719 ], [ -70.18174, -33.6776 ], [ -70.18217, -33.67819 ], [ -70.18275, -33.67835 ], [ -70.18376, -33.67933 ], [ -70.18404, -33.68074 ], [ -70.18423, -33.68088 ], [ -70.18427, -33.68119 ], [ -70.18479, -33.68165 ], [ -70.18464, -33.68235 ], [ -70.18472, -33.68317 ], [ -70.18449, -33.68362 ], [ -70.1846, -33.6841 ], [ -70.18442, -33.68454 ], [ -70.18464, -33.68497 ], [ -70.18466, -33.68569 ], [ -70.18436, -33.68637 ], [ -70.18479, -33.68858 ], [ -70.18449, -33.68976 ], [ -70.1841, -33.69035 ], [ -70.18408, -33.69112 ], [ -70.1849, -33.69219 ], [ -70.18575, -33.69249 ], [ -70.18571, -33.69328 ], [ -70.1855, -33.6934 ], [ -70.18522, -33.69435 ], [ -70.1855, -33.69529 ], [ -70.18502, -33.69551 ], [ -70.18494, -33.69574 ], [ -70.18399, -33.69652 ], [ -70.18399, -33.69738 ], [ -70.18401, -33.69768 ], [ -70.18444, -33.69815 ], [ -70.18444, -33.70072 ], [ -70.18496, -33.70287 ], [ -70.18427, -33.70458 ], [ -70.18324, -33.70629 ], [ -70.18255, -33.70844 ], [ -70.18152, -33.71086 ], [ -70.17998, -33.71315 ], [ -70.17929, -33.71515 ], [ -70.17809, -33.71715 ], [ -70.17758, -33.71886 ], [ -70.1762, -33.71986 ], [ -70.17483, -33.72143 ], [ -70.1738, -33.72371 ], [ -70.1726, -33.72786 ], [ -70.17157, -33.73057 ], [ -70.17191, -33.73357 ], [ -70.1726, -33.73642 ], [ -70.17277, -33.73856 ], [ -70.17174, -33.74056 ], [ -70.17157, -33.74206 ], [ -70.17011, -33.74456 ], [ -70.16985, -33.74641 ], [ -70.17062, -33.74741 ], [ -70.17225, -33.74805 ], [ -70.17277, -33.74863 ], [ -70.17234, -33.75498 ], [ -70.17191, -33.75626 ], [ -70.17105, -33.75712 ], [ -70.16751, -33.75929 ] ] } },
{ "type": "Feature", "properties": { "nombre": "Estero Tambillos", "tipo": "stream", "volcan_codigo": "SJO", "volcan_nombre": "San Jose", "drena_volcan": false }, "geometry": { "type": "LineString", "coordinates": [ [ -70.08743, -33.40991 ], [ -70.08667, -33.40988 ], [ -70.08425, -33.41042 ], [ -70.08315, -33.41027 ], [ -70.07893, -33.40888 ], [ -70.07636, -33.40842 ], [ -70.07518, -33.40842 ], [ -70.07325, -33.40886 ], [ -70.06873, -33.40919 ], [ -70.06819, -33.4097 ], [ -70.06717, -33.4103 ], [ -70.0654, -33.41003 ], [ -70.06445, -33.41009 ], [ -70.06347, -33.41055 ], [ -70.06231, -33.41224 ], [ -70.06042, -33.4132 ], [ -70.05886, -33.4144 ], [ -70.05815, -33.4152 ], [ -70.05768, -33.41771 ], [ -70.05691, -33.41899 ], [ -70.05598, -33.4198 ], [ -70.05523, -33.4212 ], [ -70.05516, -33.42209 ], [ -70.05407, -33.4256 ], [ -70.054, -33.42855 ], [ -70.0537, -33.42894 ], [ -70.05311, -33.42922 ], [ -70.05259, -33.43043 ], [ -70.05059, -33.43197 ], [ -70.04978, -33.43315 ], [ -70.04882, -33.43359 ], [ -70.04692, -33.43604 ], [ -70.04662, -33.43725 ], [ -70.04671, -33.43792 ], [ -70.04691, -33.43816 ], [ -70.04666, -33.43951 ], [ -70.04676, -33.4406 ], [ -70.04687, -33.44108 ], [ -70.04709, -33.44123 ], [ -70.04709, -33.44154 ], [ -70.04673, -33.44247 ], [ -70.04771, -33.44394 ], [ -70.04755, -33.44427 ], [ -70.04764, -33.44497 ], [ -70.04882, -33.44709 ], [ -70.04937, -33.44767 ], [ -70.04932, -33.44828 ], [ -70.04844, -33.44958 ], [ -70.04793, -33.45128 ], [ -70.04644, -33.45359 ], [ -70.04639, -33.45509 ], [ -70.04587, -33.4567 ], [ -70.04537, -33.45733 ], [ -70.04512, -33.45825 ], [ -70.04435, -33.459 ], [ -70.04412, -33.4601 ], [ -70.04373, -33.46055 ], [ -70.04385, -33.46106 ], [ -70.04351, -33.46258 ], [ -70.04239, -33.46474 ], [ -70.04244, -33.46621 ], [ -70.04144, -33.46763 ], [ -70.0414, -33.4686 ], [ -70.04164, -33.46915 ], [ -70.04147, -33.4698 ], [ -70.04076, -33.47088 ], [ -70.0391, -33.47199 ], [ -70.03792, -33.47348 ], [ -70.03779, -33.47398 ], [ -70.0374, -33.47453 ], [ -70.03754, -33.47511 ], [ -70.03783, -33.47538 ], [ -70.03765, -33.47557 ], [ -70.03802, -33.47579 ], [ -70.03862, -33.47656 ], [ -70.03902, -33.47853 ], [ -70.03975, -33.4798 ], [ -70.04126, -33.48178 ], [ -70.042, -33.48224 ], [ -70.04264, -33.48289 ], [ -70.04363, -33.48318 ], [ -70.04396, -33.48314 ], [ -70.04549, -33.4837 ], [ -70.04637, -33.48367 ], [ -70.04659, -33.48376 ], [ -70.04694, -33.48429 ], [ -70.04792, -33.48437 ] ] } },
{ "type": "Feature", "properties": { "nombre": "Estero Tupungatito", "tipo": "stream", "volcan_codigo": "SJO", "volcan_nombre": "San Jose", "drena_volcan": false }, "geometry": { "type": "MultiLineString", "coordinates": [ [ [ -69.87686, -33.35416 ], [ -69.87785, -33.35422 ], [ -69.87847, -33.35407 ], [ -69.87891, -33.35376 ], [ -69.88034, -33.35377 ], [ -69.88203, -33.35348 ], [ -69.88283, -33.35319 ], [ -69.88339, -33.3533 ], [ -69.88439, -33.35304 ], [ -69.88503, -33.35304 ] ], [ [ -69.88503, -33.35304 ], [ -69.88579, -33.35265 ], [ -69.88605, -33.35274 ], [ -69.88697, -33.35229 ], [ -69.88795, -33.35209 ], [ -69.88855, -33.35149 ], [ -69.88976, -33.35117 ], [ -69.89014, -33.35087 ] ], [ [ -69.86394, -33.38429 ], [ -69.86401, -33.38331 ], [ -69.86439, -33.38295 ], [ -69.86453, -33.38212 ], [ -69.86332, -33.37979 ], [ -69.86355, -33.37836 ], [ -69.8634, -33.37724 ], [ -69.86356, -33.37652 ], [ -69.86401, -33.37576 ], [ -69.86384, -33.37506 ], [ -69.86414, -33.37472 ], [ -69.86413, -33.3744 ], [ -69.86462, -33.3734 ], [ -69.8641, -33.37186 ], [ -69.86426, -33.37153 ], [ -69.86418, -33.37112 ], [ -69.86494, -33.37059 ], [ -69.86505, -33.37022 ], [ -69.86487, -33.3698 ], [ -69.86511, -33.3693 ], [ -69.86478, -33.36853 ], [ -69.86474, -33.36786 ], [ -69.86515, -33.36671 ], [ -69.86499, -33.36562 ], [ -69.86579, -33.36307 ], [ -69.86545, -33.36241 ], [ -69.8653, -33.36114 ], [ -69.86559, -33.36081 ], [ -69.86626, -33.36069 ], [ -69.86716, -33.36012 ], [ -69.8671, -33.3596 ], [ -69.86686, -33.35929 ], [ -69.86717, -33.35824 ], [ -69.86774, -33.35761 ], [ -69.86951, -33.35661 ], [ -69.8702, -33.35584 ], [ -69.87116, -33.35586 ], [ -69.87228, -33.35509 ], [ -69.87288, -33.35487 ], [ -69.87573, -33.35426 ], [ -69.87632, -33.35433 ], [ -69.87686, -33.35416 ] ], [ [ -69.86372, -33.38572 ], [ -69.86395, -33.38505 ], [ -69.86394, -33.38429 ] ] ] } },
{ "type": "Feature", "properties": { "nombre": "Estero de La Jarilla", "tipo": "stream", "volcan_codigo": "SJO", "volcan_nombre": "San Jose", "drena_volcan": false }, "geometry": { "type": "LineString", "coordinates": [ [ -70.18344, -33.37036 ], [ -70.18309, -33.37127 ], [ -70.18256, -33.37152 ], [ -70.18223, -33.37194 ], [ -70.18163, -33.37326 ], [ -70.18095, -33.37391 ], [ -70.17985, -33.37559 ], [ -70.17953, -33.37667 ], [ -70.17957, -33.37728 ], [ -70.17929, -33.37799 ], [ -70.17814, -33.37916 ], [ -70.17779, -33.38055 ], [ -70.17818, -33.38177 ], [ -70.17863, -33.38254 ], [ -70.17884, -33.38367 ], [ -70.17949, -33.38435 ], [ -70.18086, -33.38498 ], [ -70.18144, -33.38575 ], [ -70.18155, -33.38629 ], [ -70.18125, -33.38742 ], [ -70.18161, -33.38856 ], [ -70.18153, -33.38932 ], [ -70.18028, -33.39114 ], [ -70.17917, -33.39188 ], [ -70.1785, -33.392 ], [ -70.17788, -33.39236 ], [ -70.1773, -33.39313 ], [ -70.17719, -33.39379 ], [ -70.17657, -33.39523 ], [ -70.17683, -33.39641 ], [ -70.17614, -33.39698 ], [ -70.17586, -33.39971 ], [ -70.17567, -33.4003 ], [ -70.17502, -33.40062 ], [ -70.1746, -33.40143 ], [ -70.17457, -33.40182 ], [ -70.1749, -33.40261 ], [ -70.17477, -33.40376 ], [ -70.17434, -33.40411 ], [ -70.17395, -33.40546 ], [ -70.17318, -33.40642 ], [ -70.17281, -33.40779 ], [ -70.17251, -33.40804 ], [ -70.17264, -33.40983 ], [ -70.17223, -33.41029 ], [ -70.17155, -33.4106 ], [ -70.17071, -33.41128 ], [ -70.17045, -33.41203 ], [ -70.16936, -33.41298 ], [ -70.16848, -33.41452 ], [ -70.16548, -33.41823 ], [ -70.16412, -33.41916 ], [ -70.16312, -33.41962 ], [ -70.16254, -33.42011 ], [ -70.16228, -33.42059 ], [ -70.16183, -33.42077 ], [ -70.16127, -33.42163 ], [ -70.16045, -33.42238 ], [ -70.15938, -33.4229 ], [ -70.15797, -33.42416 ], [ -70.157, -33.42435 ], [ -70.15506, -33.42604 ], [ -70.15285, -33.42832 ], [ -70.15225, -33.42859 ], [ -70.15182, -33.42912 ], [ -70.15064, -33.42968 ], [ -70.14955, -33.43049 ], [ -70.14598, -33.43188 ], [ -70.14493, -33.43319 ], [ -70.14259, -33.43405 ], [ -70.14143, -33.43482 ], [ -70.14058, -33.43505 ], [ -70.1398, -33.43505 ], [ -70.13922, -33.43473 ], [ -70.13794, -33.43507 ], [ -70.13626, -33.43518 ], [ -70.13483, -33.43559 ], [ -70.1339, -33.4361 ] ] } },
{ "type": "Feature", "properties": { "nombre": "Estero de La Mona", "tipo": "stream", "volcan_codigo": "SJO", "volcan_nombre": "San Jose", "drena_volcan": false }, "geometry": { "type": "LineString", "coordinates": [ [ -69.88824, -33.40684 ], [ -69.88957, -33.40601 ], [ -69.88976, -33.40564 ], [ -69.88961, -33.40417 ], [ -69.88974, -33.40379 ], [ -69.89075, -33.40308 ], [ -69.8915, -33.4027 ], [ -69.89437, -33.40282 ], [ -69.89579, -33.40234 ], [ -69.89609, -33.40202 ], [ -69.89628, -33.401 ], [ -69.89678, -33.40051 ], [ -69.89967, -33.39931 ], [ -69.90006, -33.39878 ], [ -69.90008, -33.39851 ], [ -69.90178, -33.39741 ], [ -69.90285, -33.39566 ], [ -69.90313, -33.39437 ], [ -69.90334, -33.39116 ], [ -69.90424, -33.39 ], [ -69.90703, -33.38874 ], [ -69.90879, -33.38745 ], [ -69.90945, -33.38637 ], [ -69.90988, -33.38608 ], [ -69.91016, -33.38548 ], [ -69.91088, -33.38465 ], [ -69.91115, -33.38378 ], [ -69.91162, -33.38315 ], [ -69.91222, -33.3828 ], [ -69.91379, -33.3823 ], [ -69.91549, -33.3819 ], [ -69.91649, -33.38185 ], [ -69.91857, -33.38125 ], [ -69.91884, -33.38092 ], [ -69.91959, -33.38065 ], [ -69.92002, -33.38023 ], [ -69.92059, -33.37997 ], [ -69.92184, -33.37979 ], [ -69.92209, -33.3799 ], [ -69.92261, -33.3796 ], [ -69.92357, -33.37991 ], [ -69.92389, -33.37963 ] ] } },
{ "type": "Feature", "properties": { "nombre": "Estero de Las Casas de Piedra", "tipo": "stream", "volcan_codigo": "SJO", "volcan_nombre": "San Jose", "drena_volcan": false }, "geometry": { "type": "LineString", "coordinates": [ [ -70.04474, -33.55386 ], [ -70.04448, -33.55508 ], [ -70.04476, -33.55626 ], [ -70.04476, -33.55835 ], [ -70.04442, -33.55935 ], [ -70.0422, -33.56254 ], [ -70.03886, -33.56665 ], [ -70.03826, -33.56776 ], [ -70.03787, -33.56929 ], [ -70.03712, -33.57099 ], [ -70.03673, -33.57156 ], [ -70.03463, -33.57355 ], [ -70.03431, -33.57519 ], [ -70.03366, -33.57602 ], [ -70.03366, -33.57723 ], [ -70.03216, -33.57866 ], [ -70.03062, -33.58052 ], [ -70.03025, -33.58234 ], [ -70.03023, -33.58426 ], [ -70.02961, -33.58617 ], [ -70.02901, -33.58882 ], [ -70.0297, -33.59146 ], [ -70.02918, -33.59434 ], [ -70.02914, -33.59609 ], [ -70.02929, -33.59722 ], [ -70.02993, -33.59925 ], [ -70.03034, -33.6012 ], [ -70.02989, -33.60272 ], [ -70.02991, -33.6041 ], [ -70.02939, -33.60499 ], [ -70.0289, -33.60662 ], [ -70.02888, -33.60739 ], [ -70.02907, -33.60831 ], [ -70.03002, -33.61021 ], [ -70.03012, -33.61071 ], [ -70.03006, -33.61116 ], [ -70.02967, -33.61176 ], [ -70.02864, -33.61225 ], [ -70.02841, -33.61264 ], [ -70.02879, -33.6135 ], [ -70.02888, -33.61414 ], [ -70.02961, -33.61464 ], [ -70.02963, -33.61568 ], [ -70.02843, -33.6173 ], [ -70.02843, -33.61773 ], [ -70.02768, -33.61923 ], [ -70.02618, -33.62113 ], [ -70.02605, -33.62172 ], [ -70.0262, -33.62213 ], [ -70.02579, -33.62325 ], [ -70.02566, -33.62433 ], [ -70.02508, -33.62449 ], [ -70.02573, -33.62545 ], [ -70.02686, -33.62561 ], [ -70.02716, -33.62588 ], [ -70.02725, -33.62622 ], [ -70.02796, -33.62684 ], [ -70.02813, -33.62717 ], [ -70.02806, -33.6301 ], [ -70.02945, -33.63164 ] ] } },
{ "type": "Feature", "properties": { "nombre": "Estero de Las Yeguas Muertas", "tipo": "stream", "volcan_codigo": "SJO", "volcan_nombre": "San Jose", "drena_volcan": false }, "geometry": { "type": "LineString", "coordinates": [ [ -69.9736, -33.53461 ], [ -69.97538, -33.53565 ], [ -69.97594, -33.53704 ], [ -69.97613, -33.53964 ], [ -69.97645, -33.54082 ], [ -69.97686, -33.54146 ], [ -69.97699, -33.54282 ], [ -69.97654, -33.54411 ], [ -69.97596, -33.54471 ], [ -69.97564, -33.5455 ], [ -69.9731, -33.54718 ], [ -69.97182, -33.54861 ], [ -69.97139, -33.54936 ], [ -69.97046, -33.54978 ], [ -69.9695, -33.55115 ], [ -69.96886, -33.55126 ], [ -69.96853, -33.55151 ], [ -69.96866, -33.55208 ], [ -69.96815, -33.55409 ], [ -69.9666, -33.55507 ], [ -69.96622, -33.5555 ], [ -69.96566, -33.55679 ], [ -69.9634, -33.55836 ], [ -69.96308, -33.55896 ], [ -69.96132, -33.56062 ], [ -69.96077, -33.56148 ], [ -69.96051, -33.56293 ], [ -69.96083, -33.56461 ], [ -69.96027, -33.56581 ], [ -69.96023, -33.56856 ], [ -69.95984, -33.56928 ], [ -69.95924, -33.57146 ], [ -69.95901, -33.57323 ], [ -69.95926, -33.57437 ], [ -69.95911, -33.57496 ], [ -69.95841, -33.57602 ], [ -69.9575, -33.57696 ], [ -69.9566, -33.57863 ], [ -69.95622, -33.57998 ], [ -69.95471, -33.58233 ], [ -69.95474, -33.58427 ], [ -69.95422, -33.58508 ], [ -69.95341, -33.58701 ], [ -69.9528, -33.58785 ], [ -69.95253, -33.58851 ], [ -69.95205, -33.58899 ], [ -69.95171, -33.59021 ], [ -69.95177, -33.59055 ], [ -69.95154, -33.59096 ], [ -69.94924, -33.59346 ], [ -69.94916, -33.5945 ], [ -69.94879, -33.59479 ], [ -69.94703, -33.59714 ], [ -69.94678, -33.59927 ], [ -69.94596, -33.60054 ], [ -69.94432, -33.60211 ], [ -69.941, -33.60299 ], [ -69.94061, -33.60336 ], [ -69.9393, -33.60345 ], [ -69.93763, -33.60528 ], [ -69.9369, -33.60581 ], [ -69.93565, -33.60631 ], [ -69.93432, -33.60646 ], [ -69.93224, -33.60699 ], [ -69.9316, -33.60774 ], [ -69.93037, -33.60848 ], [ -69.93014, -33.60893 ], [ -69.92747, -33.60947 ], [ -69.92489, -33.61133 ], [ -69.92232, -33.61233 ], [ -69.92108, -33.61347 ], [ -69.91993, -33.61537 ], [ -69.91991, -33.61816 ], [ -69.9197, -33.61937 ], [ -69.91869, -33.62023 ], [ -69.91817, -33.62089 ], [ -69.9182, -33.62148 ], [ -69.91993, -33.62352 ], [ -69.92014, -33.62658 ], [ -69.92056, -33.62861 ] ] } },
{ "type": "Feature", "properties": { "nombre": "Estero de Los Toyos", "tipo": "stream", "volcan_codigo": "SJO", "volcan_nombre": "San Jose", "drena_volcan": false }, "geometry": { "type": "MultiLineString", "coordinates": [ [ [ -70.28287, -33.52259 ], [ -70.28249, -33.52305 ], [ -70.28181, -33.52304 ], [ -70.28178, -33.52336 ], [ -70.28088, -33.52381 ], [ -70.28058, -33.52376 ], [ -70.28006, -33.52334 ], [ -70.27967, -33.52347 ], [ -70.2797, -33.52401 ], [ -70.27943, -33.52444 ], [ -70.27948, -33.52471 ], [ -70.28004, -33.52521 ], [ -70.27994, -33.52561 ], [ -70.27957, -33.52584 ], [ -70.27898, -33.52581 ], [ -70.27839, -33.5263 ], [ -70.27906, -33.52788 ], [ -70.28026, -33.52875 ], [ -70.28016, -33.52931 ], [ -70.27957, -33.5303 ], [ -70.28017, -33.53085 ], [ -70.28019, -33.53103 ], [ -70.27971, -33.5315 ], [ -70.27902, -33.53156 ], [ -70.27864, -33.53177 ], [ -70.27878, -33.53238 ], [ -70.27942, -33.53332 ], [ -70.27916, -33.53478 ], [ -70.27941, -33.53541 ] ], [ [ -70.29636, -33.4871 ], [ -70.29642, -33.48778 ], [ -70.29589, -33.48858 ], [ -70.29584, -33.49062 ], [ -70.29548, -33.49236 ], [ -70.29436, -33.49546 ], [ -70.29428, -33.49626 ], [ -70.2946, -33.49667 ], [ -70.29443, -33.49696 ], [ -70.29458, -33.49855 ], [ -70.29419, -33.49907 ], [ -70.29443, -33.50007 ], [ -70.29424, -33.5005 ], [ -70.29351, -33.5009 ], [ -70.29342, -33.50143 ], [ -70.29306, -33.502 ], [ -70.29254, -33.50233 ], [ -70.29271, -33.50274 ], [ -70.29243, -33.5031 ], [ -70.29254, -33.50353 ], [ -70.29211, -33.50472 ], [ -70.29233, -33.5049 ], [ -70.2923, -33.50512 ], [ -70.2917, -33.50571 ], [ -70.29185, -33.50589 ], [ -70.29185, -33.50721 ], [ -70.29142, -33.50818 ], [ -70.29151, -33.50841 ], [ -70.29127, -33.50891 ], [ -70.2913, -33.50923 ], [ -70.29102, -33.50963 ], [ -70.2905, -33.50964 ], [ -70.29024, -33.51058 ], [ -70.28977, -33.51081 ], [ -70.28949, -33.51122 ], [ -70.2896, -33.51168 ], [ -70.28936, -33.51211 ], [ -70.28941, -33.51256 ], [ -70.28921, -33.51281 ], [ -70.28833, -33.51306 ], [ -70.2875, -33.51437 ], [ -70.28688, -33.51451 ], [ -70.28632, -33.51489 ], [ -70.28632, -33.51539 ], [ -70.28595, -33.51576 ], [ -70.286, -33.51644 ], [ -70.28559, -33.51705 ], [ -70.28561, -33.51727 ], [ -70.28597, -33.51759 ], [ -70.28561, -33.51816 ], [ -70.2857, -33.519 ], [ -70.28503, -33.5197 ], [ -70.28417, -33.51968 ], [ -70.28344, -33.52013 ], [ -70.28329, -33.52104 ], [ -70.28291, -33.52181 ], [ -70.28287, -33.52259 ] ] ] } },
{ "type": "Feature", "properties": { "nombre": "Estero del Aparejo", "tipo": "stream", "volcan_codigo": "SJO", "volcan_nombre": "San Jose", "drena_volcan": false }, "geometry": { "type": "LineString", "coordinates": [ [ -70.00586, -33.56781 ], [ -70.00416, -33.57022 ], [ -70.00262, -33.57153 ], [ -70.00163, -33.57262 ], [ -70.00049, -33.57319 ], [ -69.9998, -33.57378 ], [ -69.9991, -33.57405 ], [ -69.99826, -33.57487 ], [ -69.99736, -33.57612 ], [ -69.99663, -33.57648 ], [ -69.99663, -33.57691 ], [ -69.99684, -33.57702 ], [ -69.99686, -33.57741 ], [ -69.99641, -33.57918 ], [ -69.99663, -33.58095 ], [ -69.99641, -33.58215 ], [ -69.99609, -33.58256 ], [ -69.99624, -33.58343 ], [ -69.99667, -33.5842 ], [ -69.99667, -33.58454 ], [ -69.99783, -33.58665 ], [ -69.9977, -33.58722 ], [ -69.99706, -33.58776 ], [ -69.99732, -33.58914 ], [ -69.99755, -33.58937 ], [ -69.99832, -33.58957 ], [ -69.99852, -33.59019 ], [ -69.99888, -33.59058 ], [ -69.9989, -33.59105 ], [ -69.99914, -33.59155 ], [ -69.99877, -33.59278 ], [ -69.99944, -33.59336 ], [ -69.99953, -33.59386 ], [ -69.99918, -33.5947 ], [ -69.99871, -33.59495 ], [ -69.99862, -33.59516 ], [ -69.99897, -33.59632 ], [ -69.99856, -33.59659 ], [ -69.99837, -33.59706 ], [ -69.99721, -33.59858 ], [ -69.99714, -33.59906 ], [ -69.99676, -33.59978 ], [ -69.9968, -33.60053 ], [ -69.99661, -33.6013 ], [ -69.99631, -33.60173 ], [ -69.99624, -33.60251 ], [ -69.99592, -33.6033 ], [ -69.99521, -33.60398 ], [ -69.99515, -33.60471 ], [ -69.99549, -33.60546 ], [ -69.99562, -33.60655 ], [ -69.99596, -33.607 ], [ -69.99609, -33.60748 ], [ -69.9971, -33.60821 ], [ -69.99757, -33.60923 ], [ -69.99886, -33.61082 ], [ -69.99918, -33.61152 ], [ -69.99944, -33.61295 ], [ -69.99983, -33.61338 ], [ -70.00171, -33.61415 ], [ -70.0027, -33.61531 ], [ -70.00373, -33.61593 ], [ -70.00433, -33.61601 ], [ -70.00495, -33.61631 ], [ -70.0059, -33.61761 ], [ -70.00667, -33.61801 ], [ -70.0068, -33.61851 ], [ -70.00706, -33.61865 ], [ -70.00796, -33.6186 ], [ -70.00839, -33.61883 ], [ -70.0088, -33.6194 ], [ -70.01201, -33.62083 ], [ -70.01234, -33.62133 ], [ -70.01364, -33.62201 ], [ -70.01416, -33.62246 ], [ -70.01431, -33.6228 ], [ -70.01596, -33.6234 ], [ -70.01766, -33.62474 ], [ -70.01914, -33.62544 ], [ -70.01915, -33.62576 ] ] } },
{ "type": "Feature", "properties": { "nombre": "Estero del Azufre", "tipo": "stream", "volcan_codigo": "SJO", "volcan_nombre": "San Jose", "drena_volcan": false }, "geometry": { "type": "LineString", "coordinates": [ [ -69.85216, -33.49571 ], [ -69.85347, -33.49415 ], [ -69.85394, -33.49329 ], [ -69.85349, -33.49149 ], [ -69.85409, -33.49056 ], [ -69.85469, -33.49011 ], [ -69.8548, -33.48932 ], [ -69.85564, -33.48866 ], [ -69.85568, -33.48823 ], [ -69.85546, -33.48746 ], [ -69.85647, -33.48573 ], [ -69.85755, -33.48508 ], [ -69.8595, -33.4819 ], [ -69.86156, -33.48027 ], [ -69.86252, -33.47982 ], [ -69.86285, -33.47919 ], [ -69.86265, -33.47776 ], [ -69.86276, -33.47699 ], [ -69.86257, -33.47631 ], [ -69.86287, -33.47508 ], [ -69.86252, -33.4747 ], [ -69.86267, -33.47425 ], [ -69.86227, -33.47386 ], [ -69.86274, -33.47326 ], [ -69.86323, -33.47297 ], [ -69.86336, -33.47243 ], [ -69.86405, -33.47186 ], [ -69.8642, -33.4714 ], [ -69.86626, -33.47029 ], [ -69.86748, -33.46882 ], [ -69.86806, -33.46869 ], [ -69.86924, -33.46889 ], [ -69.86986, -33.46835 ], [ -69.87121, -33.46819 ], [ -69.87145, -33.46715 ], [ -69.87194, -33.46687 ], [ -69.87297, -33.46678 ], [ -69.87353, -33.46585 ], [ -69.87454, -33.46534 ], [ -69.87488, -33.46486 ], [ -69.87557, -33.46449 ], [ -69.87561, -33.46427 ], [ -69.87649, -33.46366 ], [ -69.87684, -33.46321 ], [ -69.87692, -33.46275 ], [ -69.87688, -33.46253 ], [ -69.87647, -33.46221 ], [ -69.87615, -33.46137 ], [ -69.87617, -33.46085 ], [ -69.87675, -33.46062 ], [ -69.87711, -33.45992 ], [ -69.87754, -33.45958 ], [ -69.87795, -33.45856 ], [ -69.87913, -33.4575 ], [ -69.8796, -33.45654 ], [ -69.88113, -33.45505 ], [ -69.88252, -33.45457 ], [ -69.88396, -33.45374 ], [ -69.8851, -33.45251 ], [ -69.88668, -33.45215 ], [ -69.88827, -33.4521 ], [ -69.8893, -33.45229 ], [ -69.88962, -33.45265 ], [ -69.89018, -33.45276 ], [ -69.89102, -33.45208 ], [ -69.89123, -33.4516 ], [ -69.89203, -33.45124 ], [ -69.89269, -33.45011 ], [ -69.89405, -33.44904 ], [ -69.89716, -33.44821 ], [ -69.89919, -33.44811 ], [ -69.90035, -33.44853 ], [ -69.90205, -33.44832 ], [ -69.90297, -33.44791 ], [ -69.90366, -33.44791 ], [ -69.90572, -33.44734 ], [ -69.90587, -33.44714 ], [ -69.90707, -33.447 ], [ -69.90804, -33.44669 ], [ -69.90876, -33.44626 ], [ -69.90907, -33.44581 ], [ -69.91037, -33.44535 ], [ -69.91093, -33.44492 ], [ -69.91146, -33.44497 ], [ -69.91294, -33.44472 ], [ -69.91369, -33.44431 ], [ -69.91455, -33.44417 ], [ -69.91618, -33.44329 ], [ -69.91668, -33.44245 ], [ -69.91668, -33.4422 ], [ -69.91704, -33.44184 ], [ -69.9182, -33.44171 ], [ -69.91895, -33.44137 ], [ -69.91996, -33.4401 ], [ -69.92058, -33.43958 ], [ -69.92067, -33.4391 ], [ -69.92114, -33.43876 ], [ -69.92213, -33.43874 ], [ -69.92352, -33.43842 ], [ -69.92421, -33.43847 ], [ -69.92477, -33.4389 ], [ -69.92588, -33.43888 ], [ -69.92633, -33.4386 ], [ -69.92734, -33.43845 ], [ -69.92794, -33.43793 ], [ -69.9285, -33.43785 ], [ -69.92902, -33.43686 ], [ -69.92938, -33.43668 ], [ -69.92972, -33.43564 ], [ -69.93007, -33.43525 ], [ -69.92998, -33.43428 ], [ -69.93052, -33.4341 ], [ -69.93097, -33.43349 ], [ -69.93172, -33.43305 ], [ -69.93206, -33.43235 ], [ -69.93258, -33.43177 ], [ -69.93238, -33.43147 ], [ -69.93245, -33.43118 ], [ -69.93296, -33.43007 ], [ -69.9333, -33.42971 ], [ -69.93347, -33.42871 ], [ -69.93337, -33.42849 ], [ -69.93382, -33.4281 ], [ -69.93375, -33.42756 ], [ -69.93444, -33.42681 ], [ -69.93506, -33.42529 ], [ -69.93601, -33.42357 ], [ -69.93586, -33.42244 ], [ -69.93626, -33.42147 ], [ -69.93729, -33.42036 ], [ -69.93862, -33.4195 ], [ -69.93933, -33.4188 ], [ -69.93965, -33.418 ], [ -69.94079, -33.41707 ], [ -69.94083, -33.41673 ], [ -69.94062, -33.41622 ], [ -69.94068, -33.41569 ], [ -69.94049, -33.41524 ], [ -69.94116, -33.41379 ], [ -69.94171, -33.41304 ], [ -69.94377, -33.41171 ], [ -69.94562, -33.41153 ], [ -69.94635, -33.41164 ], [ -69.94719, -33.41135 ], [ -69.94809, -33.41132 ], [ -69.94884, -33.41083 ], [ -69.95064, -33.41053 ], [ -69.95154, -33.41012 ], [ -69.95216, -33.40972 ], [ -69.95251, -33.40911 ], [ -69.95356, -33.40797 ], [ -69.9539, -33.40686 ], [ -69.95414, -33.40662 ], [ -69.95551, -33.4061 ], [ -69.95686, -33.4051 ], [ -69.95802, -33.40494 ], [ -69.95869, -33.40403 ], [ -69.95961, -33.40349 ], [ -69.96017, -33.40335 ], [ -69.96036, -33.4029 ], [ -69.96075, -33.40275 ], [ -69.96193, -33.40277 ], [ -69.96229, -33.40254 ], [ -69.96235, -33.40224 ], [ -69.96296, -33.40221 ], [ -69.96325, -33.40197 ], [ -69.96351, -33.40119 ], [ -69.96373, -33.40128 ], [ -69.96463, -33.40085 ], [ -69.96522, -33.40113 ], [ -69.96738, -33.40116 ], [ -69.9678, -33.40083 ], [ -69.96833, -33.39984 ], [ -69.969, -33.3998 ], [ -69.96905, -33.39945 ], [ -69.96954, -33.39903 ] ] } },
{ "type": "Feature", "properties": { "nombre": "Estero del Diablo", "tipo": "stream", "volcan_codigo": "SJO", "volcan_nombre": "San Jose", "drena_volcan": false }, "geometry": { "type": "LineString", "coordinates": [ [ -70.05808, -33.8895 ], [ -70.05647, -33.89058 ], [ -70.05544, -33.89148 ], [ -70.05504, -33.89238 ], [ -70.05362, -33.89411 ], [ -70.05355, -33.89484 ], [ -70.05396, -33.89719 ], [ -70.05377, -33.89849 ], [ -70.05396, -33.89924 ], [ -70.05441, -33.9002 ], [ -70.05602, -33.90132 ], [ -70.05656, -33.90161 ], [ -70.05761, -33.90177 ], [ -70.05866, -33.90238 ], [ -70.06029, -33.90284 ], [ -70.06091, -33.90273 ], [ -70.06452, -33.90287 ], [ -70.06576, -33.9022 ], [ -70.06658, -33.902 ], [ -70.06875, -33.90181 ], [ -70.07051, -33.90191 ], [ -70.07113, -33.90252 ], [ -70.07147, -33.90311 ], [ -70.07207, -33.90352 ], [ -70.07244, -33.9051 ], [ -70.07349, -33.90576 ], [ -70.07334, -33.9069 ], [ -70.07304, -33.90742 ], [ -70.07315, -33.90791 ], [ -70.07375, -33.90882 ], [ -70.07394, -33.90973 ], [ -70.07508, -33.91185 ], [ -70.07643, -33.91295 ], [ -70.07651, -33.91363 ], [ -70.07681, -33.91411 ], [ -70.07681, -33.91529 ], [ -70.07705, -33.91571 ], [ -70.07761, -33.91618 ], [ -70.0775, -33.91643 ], [ -70.07772, -33.91687 ], [ -70.07701, -33.9173 ], [ -70.07681, -33.91794 ], [ -70.07705, -33.91831 ], [ -70.07699, -33.91894 ], [ -70.07718, -33.91947 ], [ -70.07684, -33.92063 ], [ -70.07774, -33.92166 ], [ -70.07797, -33.92237 ], [ -70.07793, -33.923 ], [ -70.07817, -33.92346 ], [ -70.07806, -33.92401 ], [ -70.07769, -33.9246 ], [ -70.07795, -33.92533 ], [ -70.07883, -33.92602 ], [ -70.07945, -33.92684 ], [ -70.0801, -33.92738 ], [ -70.08012, -33.92763 ], [ -70.08068, -33.92779 ], [ -70.08106, -33.92825 ], [ -70.08126, -33.92857 ], [ -70.08126, -33.92939 ], [ -70.08192, -33.93097 ], [ -70.08196, -33.93201 ], [ -70.08284, -33.93596 ], [ -70.0828, -33.93631 ], [ -70.08254, -33.93665 ], [ -70.08289, -33.9371 ], [ -70.08289, -33.93786 ], [ -70.08272, -33.93845 ], [ -70.08233, -33.93882 ], [ -70.08231, -33.93947 ], [ -70.08246, -33.94007 ], [ -70.08306, -33.94087 ], [ -70.08272, -33.94258 ], [ -70.08226, -33.94288 ], [ -70.08211, -33.94336 ], [ -70.08226, -33.94384 ], [ -70.08329, -33.9453 ], [ -70.0849, -33.94643 ], [ -70.08493, -33.94714 ], [ -70.0852, -33.94758 ], [ -70.08518, -33.94808 ], [ -70.08555, -33.94908 ], [ -70.08503, -33.95034 ], [ -70.0851, -33.95159 ], [ -70.08555, -33.9525 ], [ -70.08611, -33.95321 ], [ -70.08684, -33.95378 ], [ -70.08692, -33.95404 ], [ -70.0869, -33.95433 ], [ -70.08638, -33.95484 ], [ -70.08623, -33.95561 ], [ -70.08714, -33.95689 ], [ -70.08726, -33.95807 ], [ -70.08686, -33.95865 ], [ -70.08692, -33.95912 ], [ -70.08759, -33.96006 ], [ -70.08879, -33.96077 ], [ -70.08943, -33.96187 ], [ -70.08973, -33.96326 ], [ -70.09076, -33.96387 ], [ -70.09119, -33.96431 ], [ -70.09153, -33.96533 ], [ -70.09239, -33.9667 ], [ -70.09347, -33.967 ], [ -70.09389, -33.96743 ], [ -70.09435, -33.96764 ], [ -70.09443, -33.96851 ], [ -70.09512, -33.96924 ], [ -70.09516, -33.97008 ], [ -70.09593, -33.9709 ], [ -70.09647, -33.97227 ], [ -70.0978, -33.9728 ], [ -70.09874, -33.97285 ], [ -70.0995, -33.97259 ], [ -70.10012, -33.97296 ], [ -70.10093, -33.97294 ], [ -70.10201, -33.97455 ], [ -70.10201, -33.9752 ], [ -70.10297, -33.97567 ], [ -70.10351, -33.97563 ], [ -70.10456, -33.97524 ], [ -70.10733, -33.9757 ], [ -70.10879, -33.97713 ], [ -70.10949, -33.97746 ], [ -70.1098, -33.97786 ], [ -70.1105, -33.97821 ], [ -70.11113, -33.97812 ], [ -70.1125, -33.97894 ], [ -70.11325, -33.97944 ], [ -70.11349, -33.97992 ], [ -70.11452, -33.98061 ], [ -70.11537, -33.9809 ], [ -70.11546, -33.98116 ], [ -70.11613, -33.98166 ], [ -70.1167, -33.98166 ], [ -70.11733, -33.98191 ], [ -70.11846, -33.982 ], [ -70.12009, -33.98253 ], [ -70.12121, -33.98264 ], [ -70.12454, -33.98417 ], [ -70.12555, -33.98396 ], [ -70.12593, -33.98408 ], [ -70.12767, -33.98506 ], [ -70.12872, -33.98504 ], [ -70.12994, -33.98604 ], [ -70.13054, -33.98615 ], [ -70.13155, -33.98595 ], [ -70.13209, -33.98604 ], [ -70.13378, -33.9859 ], [ -70.13531, -33.98536 ], [ -70.13638, -33.98579 ], [ -70.13908, -33.98551 ], [ -70.13951, -33.98574 ], [ -70.14067, -33.98581 ], [ -70.14138, -33.98551 ], [ -70.14248, -33.98551 ], [ -70.14327, -33.98522 ], [ -70.14376, -33.98543 ], [ -70.14494, -33.98691 ], [ -70.14526, -33.98707 ] ] } },
{ "type": "Feature", "properties": { "nombre": "Estero del Durazno", "tipo": "stream", "volcan_codigo": "SJO", "volcan_nombre": "San Jose", "drena_volcan": false }, "geometry": { "type": "LineString", "coordinates": [ [ -70.27071, -33.46437 ], [ -70.2709, -33.46525 ], [ -70.27054, -33.46594 ], [ -70.27085, -33.46667 ], [ -70.27096, -33.46763 ], [ -70.27152, -33.46842 ], [ -70.27121, -33.46872 ], [ -70.27117, -33.46947 ], [ -70.27135, -33.46976 ], [ -70.27101, -33.4704 ], [ -70.27062, -33.47072 ], [ -70.27062, -33.47118 ], [ -70.27083, -33.4716 ], [ -70.27072, -33.47221 ], [ -70.27017, -33.47251 ], [ -70.26995, -33.47292 ], [ -70.26853, -33.47417 ], [ -70.26852, -33.47477 ], [ -70.26821, -33.47515 ], [ -70.26814, -33.47565 ], [ -70.26769, -33.47621 ], [ -70.26729, -33.47639 ], [ -70.26728, -33.47703 ], [ -70.26701, -33.47748 ], [ -70.2672, -33.47792 ], [ -70.26793, -33.47875 ], [ -70.26781, -33.47886 ], [ -70.26797, -33.47929 ], [ -70.26776, -33.48065 ], [ -70.26748, -33.48104 ], [ -70.26779, -33.48195 ], [ -70.26742, -33.48244 ], [ -70.26733, -33.48346 ], [ -70.26672, -33.48377 ], [ -70.26669, -33.48427 ], [ -70.26648, -33.48455 ], [ -70.26633, -33.48593 ], [ -70.26662, -33.48636 ], [ -70.26646, -33.48695 ], [ -70.26681, -33.48731 ], [ -70.26629, -33.48803 ], [ -70.26653, -33.4885 ], [ -70.26646, -33.48874 ], [ -70.26661, -33.48881 ], [ -70.26645, -33.48911 ], [ -70.26685, -33.48961 ], [ -70.26718, -33.49048 ], [ -70.26713, -33.49088 ], [ -70.26749, -33.49107 ], [ -70.26763, -33.49141 ], [ -70.268, -33.49167 ], [ -70.2682, -33.49324 ], [ -70.2678, -33.49353 ], [ -70.2682, -33.49415 ], [ -70.26755, -33.49451 ], [ -70.26628, -33.49438 ], [ -70.26214, -33.49446 ], [ -70.26175, -33.4942 ], [ -70.26103, -33.49455 ], [ -70.25947, -33.49437 ], [ -70.2594, -33.49462 ], [ -70.25898, -33.49488 ], [ -70.25842, -33.49488 ], [ -70.25744, -33.49523 ], [ -70.25727, -33.49541 ], [ -70.25731, -33.49584 ], [ -70.25655, -33.49589 ], [ -70.25609, -33.49647 ], [ -70.25552, -33.49677 ], [ -70.25542, -33.49732 ], [ -70.25504, -33.4979 ], [ -70.25503, -33.49856 ], [ -70.25527, -33.49873 ], [ -70.2553, -33.49921 ], [ -70.2556, -33.49957 ], [ -70.25606, -33.49966 ], [ -70.25593, -33.50003 ], [ -70.25615, -33.50035 ], [ -70.25608, -33.50112 ], [ -70.25542, -33.50141 ], [ -70.25535, -33.50196 ], [ -70.25581, -33.50236 ], [ -70.25571, -33.5026 ], [ -70.25591, -33.50287 ], [ -70.25641, -33.50298 ], [ -70.25614, -33.50352 ], [ -70.25629, -33.50396 ], [ -70.25611, -33.50424 ], [ -70.25549, -33.50432 ], [ -70.25544, -33.50493 ], [ -70.25503, -33.50537 ], [ -70.25527, -33.50632 ], [ -70.25479, -33.50716 ], [ -70.25498, -33.50785 ], [ -70.25406, -33.50861 ], [ -70.25421, -33.50915 ], [ -70.2538, -33.50939 ], [ -70.25379, -33.50987 ], [ -70.25276, -33.51024 ], [ -70.25221, -33.51024 ], [ -70.25187, -33.51061 ], [ -70.25108, -33.51042 ], [ -70.25114, -33.5109 ], [ -70.25044, -33.51119 ], [ -70.25025, -33.51164 ], [ -70.24968, -33.51184 ], [ -70.24954, -33.51229 ], [ -70.24912, -33.51259 ], [ -70.24903, -33.51288 ], [ -70.24934, -33.5134 ], [ -70.24935, -33.51396 ], [ -70.24962, -33.51437 ], [ -70.24913, -33.5147 ], [ -70.2494, -33.51504 ], [ -70.24936, -33.51531 ], [ -70.24983, -33.51591 ], [ -70.24967, -33.51611 ], [ -70.24976, -33.51657 ], [ -70.24939, -33.51733 ], [ -70.24946, -33.51787 ], [ -70.24919, -33.51849 ], [ -70.24999, -33.51899 ], [ -70.24998, -33.51932 ], [ -70.24935, -33.51977 ], [ -70.24983, -33.52091 ], [ -70.24957, -33.52159 ], [ -70.24994, -33.52248 ], [ -70.24951, -33.52306 ], [ -70.24967, -33.52331 ], [ -70.24948, -33.52385 ], [ -70.24978, -33.52443 ], [ -70.24957, -33.52475 ], [ -70.24957, -33.52508 ], [ -70.24978, -33.52558 ], [ -70.25027, -33.52602 ] ] } },
{ "type": "Feature", "properties": { "nombre": "Estero del Encañado", "tipo": "stream", "volcan_codigo": "SJO", "volcan_nombre": "San Jose", "drena_volcan": false }, "geometry": { "type": "LineString", "coordinates": [ [ -70.17895, -33.59622 ], [ -70.17878, -33.59703 ], [ -70.17682, -33.59795 ], [ -70.17575, -33.59921 ], [ -70.17536, -33.5999 ], [ -70.17524, -33.60087 ], [ -70.17247, -33.60085 ], [ -70.17137, -33.60174 ], [ -70.17039, -33.60217 ], [ -70.16979, -33.60315 ], [ -70.16979, -33.60494 ], [ -70.16936, -33.60537 ], [ -70.16936, -33.60605 ], [ -70.16912, -33.60625 ], [ -70.16833, -33.60659 ], [ -70.16798, -33.60703 ], [ -70.1677, -33.60712 ], [ -70.16635, -33.6071 ], [ -70.165, -33.6075 ], [ -70.16464, -33.60821 ], [ -70.1641, -33.60857 ], [ -70.16388, -33.60905 ], [ -70.16228, -33.60996 ], [ -70.16189, -33.61043 ], [ -70.15953, -33.61116 ], [ -70.15843, -33.61177 ], [ -70.15779, -33.61254 ], [ -70.15728, -33.61281 ], [ -70.15758, -33.61499 ], [ -70.157, -33.61654 ], [ -70.157, -33.61731 ], [ -70.15573, -33.6185 ], [ -70.15556, -33.62053 ], [ -70.15577, -33.62325 ], [ -70.1553, -33.62725 ], [ -70.15616, -33.62993 ], [ -70.15723, -33.63197 ], [ -70.15723, -33.63422 ], [ -70.15813, -33.63654 ], [ -70.15813, -33.63915 ], [ -70.15728, -33.64287 ], [ -70.15749, -33.64462 ], [ -70.15818, -33.64665 ], [ -70.15805, -33.64737 ], [ -70.15702, -33.64901 ], [ -70.15569, -33.65037 ], [ -70.15234, -33.65315 ], [ -70.1514, -33.65412 ], [ -70.15071, -33.65516 ], [ -70.14981, -33.65594 ], [ -70.14685, -33.65751 ], [ -70.14479, -33.65926 ], [ -70.14329, -33.66016 ], [ -70.14114, -33.66066 ], [ -70.13904, -33.66187 ], [ -70.13779, -33.66287 ], [ -70.13681, -33.66544 ], [ -70.13693, -33.66649 ], [ -70.13727, -33.667 ], [ -70.13693, -33.66731 ], [ -70.13689, -33.66757 ], [ -70.13668, -33.66764 ] ] } },
{ "type": "Feature", "properties": { "nombre": "Estero del Manzanito", "tipo": "river", "volcan_codigo": "SJO", "volcan_nombre": "San Jose", "drena_volcan": false }, "geometry": { "type": "MultiLineString", "coordinates": [ [ [ -70.12997, -33.67529 ], [ -70.12934, -33.67616 ], [ -70.12805, -33.67744 ], [ -70.12608, -33.67912 ], [ -70.12513, -33.67984 ], [ -70.12234, -33.68123 ], [ -70.12161, -33.68194 ], [ -70.12084, -33.68312 ], [ -70.12071, -33.68426 ], [ -70.1211, -33.68666 ], [ -70.12221, -33.6883 ], [ -70.1238, -33.68944 ], [ -70.12904, -33.69255 ], [ -70.1299, -33.69341 ], [ -70.12998, -33.69437 ], [ -70.12925, -33.69712 ], [ -70.12912, -33.69844 ], [ -70.1296, -33.69955 ], [ -70.1332, -33.70322 ], [ -70.13389, -33.70612 ], [ -70.13466, -33.70729 ], [ -70.1353, -33.70804 ], [ -70.13775, -33.70908 ], [ -70.13981, -33.71029 ], [ -70.14153, -33.71222 ], [ -70.14299, -33.71429 ], [ -70.14393, -33.71608 ], [ -70.14522, -33.71729 ], [ -70.14753, -33.71786 ], [ -70.14874, -33.71936 ], [ -70.14994, -33.7215 ], [ -70.15234, -33.72636 ], [ -70.15337, -33.72928 ], [ -70.15392, -33.7302 ], [ -70.15569, -33.73221 ], [ -70.15878, -33.73485 ], [ -70.15998, -33.73628 ], [ -70.16084, -33.73856 ], [ -70.16024, -33.74135 ], [ -70.16024, -33.74342 ], [ -70.15955, -33.74541 ], [ -70.15912, -33.7462 ], [ -70.15938, -33.74748 ], [ -70.16127, -33.74948 ], [ -70.16187, -33.75055 ], [ -70.16221, -33.75291 ], [ -70.1635, -33.75426 ], [ -70.16556, -33.75605 ], [ -70.16638, -33.75651 ], [ -70.16676, -33.75762 ], [ -70.16679, -33.75808 ], [ -70.16655, -33.75833 ] ], [ [ -70.13058, -33.66198 ], [ -70.12989, -33.66268 ], [ -70.13053, -33.66439 ], [ -70.1322, -33.66471 ], [ -70.13275, -33.66597 ], [ -70.13323, -33.66645 ], [ -70.1332, -33.66712 ] ] ] } },
{ "type": "Feature", "properties": { "nombre": "Estero del Medio", "tipo": "stream", "volcan_codigo": "SJO", "volcan_nombre": "San Jose", "drena_volcan": false }, "geometry": { "type": "LineString", "coordinates": [ [ -70.20605, -33.59915 ], [ -70.20622, -33.59963 ], [ -70.20598, -33.60002 ], [ -70.20628, -33.6007 ], [ -70.20605, -33.60163 ], [ -70.20729, -33.60262 ], [ -70.20705, -33.60392 ], [ -70.20731, -33.60506 ], [ -70.20811, -33.60526 ], [ -70.2086, -33.60621 ], [ -70.20864, -33.60669 ], [ -70.20903, -33.60724 ], [ -70.20957, -33.60785 ], [ -70.21038, -33.60816 ], [ -70.21055, -33.60867 ], [ -70.21278, -33.6113 ], [ -70.21317, -33.61228 ], [ -70.21465, -33.61325 ], [ -70.21521, -33.61445 ], [ -70.21536, -33.6152 ], [ -70.21669, -33.61689 ], [ -70.2169, -33.61763 ], [ -70.2175, -33.61806 ], [ -70.21796, -33.6189 ], [ -70.22036, -33.62018 ], [ -70.22135, -33.62025 ], [ -70.22177, -33.62052 ], [ -70.22227, -33.62034 ], [ -70.22268, -33.6204 ], [ -70.22313, -33.62075 ], [ -70.22351, -33.62071 ], [ -70.22487, -33.62135 ], [ -70.22943, -33.62217 ], [ -70.23199, -33.62416 ], [ -70.23321, -33.62432 ], [ -70.23665, -33.6259 ], [ -70.23814, -33.62591 ], [ -70.23934, -33.62702 ], [ -70.24123, -33.62761 ], [ -70.24246, -33.62832 ], [ -70.2443, -33.62886 ], [ -70.24532, -33.6294 ], [ -70.24598, -33.6295 ], [ -70.24691, -33.63028 ], [ -70.24792, -33.63048 ], [ -70.24915, -33.63121 ], [ -70.25022, -33.63121 ], [ -70.25103, -33.63155 ], [ -70.25172, -33.6328 ], [ -70.25298, -33.63368 ], [ -70.25345, -33.63455 ], [ -70.25443, -33.63522 ], [ -70.25451, -33.63563 ], [ -70.2556, -33.63639 ], [ -70.25653, -33.63734 ], [ -70.2569, -33.63818 ], [ -70.25771, -33.63852 ], [ -70.2576, -33.63896 ], [ -70.25975, -33.63972 ], [ -70.26108, -33.64148 ], [ -70.26297, -33.64169 ], [ -70.26438, -33.6428 ], [ -70.26423, -33.64319 ] ] } },
{ "type": "Feature", "properties": { "nombre": "Estero del Plomo", "tipo": "stream", "volcan_codigo": "SJO", "volcan_nombre": "San Jose", "drena_volcan": false }, "geometry": { "type": "LineString", "coordinates": [ [ -69.93395, -33.71373 ], [ -69.93547, -33.71161 ], [ -69.93672, -33.70926 ], [ -69.93699, -33.70598 ], [ -69.93511, -33.70325 ], [ -69.93313, -33.70116 ], [ -69.9321, -33.69928 ], [ -69.93094, -33.69807 ], [ -69.93036, -33.69661 ], [ -69.93019, -33.6953 ], [ -69.92951, -33.69405 ], [ -69.92927, -33.69227 ], [ -69.92843, -33.69121 ], [ -69.92845, -33.69048 ], [ -69.92888, -33.68959 ], [ -69.92944, -33.68902 ], [ -69.92966, -33.68734 ], [ -69.92991, -33.6869 ], [ -69.9299, -33.68312 ], [ -69.92912, -33.67968 ], [ -69.92709, -33.67639 ], [ -69.92541, -33.6725 ], [ -69.92455, -33.66778 ], [ -69.92438, -33.66078 ], [ -69.92558, -33.65778 ], [ -69.92695, -33.65249 ], [ -69.93004, -33.64992 ], [ -69.93073, -33.64706 ], [ -69.93245, -33.64378 ], [ -69.94326, -33.63963 ], [ -69.94755, -33.63663 ], [ -69.95089, -33.63338 ] ] } },
{ "type": "Feature", "properties": { "nombre": "Estero del Quebrado", "tipo": "stream", "volcan_codigo": "SJO", "volcan_nombre": "San Jose", "drena_volcan": false }, "geometry": { "type": "LineString", "coordinates": [ [ -69.92673, -33.32103 ], [ -69.92722, -33.32203 ], [ -69.9278, -33.32246 ], [ -69.92901, -33.32383 ], [ -69.92916, -33.32462 ], [ -69.92855, -33.32578 ], [ -69.92838, -33.3265 ], [ -69.92821, -33.32867 ], [ -69.9277, -33.33046 ], [ -69.92731, -33.33129 ], [ -69.92667, -33.33206 ], [ -69.92499, -33.33665 ], [ -69.92497, -33.33752 ], [ -69.92531, -33.33838 ], [ -69.92531, -33.33892 ], [ -69.92497, -33.33948 ], [ -69.92403, -33.34012 ], [ -69.92371, -33.34063 ], [ -69.92355, -33.34183 ], [ -69.9224, -33.34251 ], [ -69.92264, -33.34361 ], [ -69.92247, -33.344 ], [ -69.92264, -33.34425 ], [ -69.92269, -33.34487 ], [ -69.92299, -33.34523 ], [ -69.92284, -33.34594 ], [ -69.92206, -33.34652 ], [ -69.92211, -33.34676 ], [ -69.92173, -33.34746 ], [ -69.9201, -33.34823 ], [ -69.91957, -33.34921 ], [ -69.91966, -33.34966 ], [ -69.91919, -33.35012 ], [ -69.91959, -33.35164 ], [ -69.91952, -33.35211 ], [ -69.92008, -33.35315 ], [ -69.92017, -33.35398 ], [ -69.91929, -33.35522 ], [ -69.91886, -33.35643 ], [ -69.91785, -33.35774 ], [ -69.91756, -33.35913 ], [ -69.9173, -33.35929 ], [ -69.91729, -33.35955 ], [ -69.91672, -33.36052 ], [ -69.9168, -33.36096 ], [ -69.91627, -33.36207 ], [ -69.91595, -33.36238 ], [ -69.91561, -33.36354 ], [ -69.91541, -33.36363 ], [ -69.91499, -33.36677 ], [ -69.91456, -33.36772 ], [ -69.91463, -33.3679 ], [ -69.91529, -33.36826 ] ] } },
{ "type": "Feature", "properties": { "nombre": "Estero del Relvo", "tipo": "stream", "volcan_codigo": "SJO", "volcan_nombre": "San Jose", "drena_volcan": false }, "geometry": { "type": "LineString", "coordinates": [ [ -70.12866, -33.54465 ], [ -70.13102, -33.54508 ], [ -70.1324, -33.54509 ], [ -70.13411, -33.54416 ], [ -70.13491, -33.54402 ], [ -70.13555, -33.54316 ], [ -70.13564, -33.53942 ], [ -70.13512, -33.53883 ], [ -70.13546, -33.53644 ], [ -70.13439, -33.53551 ], [ -70.13418, -33.53442 ], [ -70.13368, -33.53379 ], [ -70.13347, -33.53272 ], [ -70.13356, -33.53115 ], [ -70.13237, -33.52971 ], [ -70.1321, -33.52914 ], [ -70.13184, -33.52778 ], [ -70.13057, -33.52585 ], [ -70.13008, -33.52463 ], [ -70.12978, -33.52317 ], [ -70.12772, -33.52 ], [ -70.12746, -33.51936 ], [ -70.12759, -33.51828 ], [ -70.12731, -33.51746 ], [ -70.1242, -33.51326 ], [ -70.12356, -33.51141 ], [ -70.12246, -33.5102 ], [ -70.121, -33.5078 ], [ -70.119, -33.50522 ], [ -70.11684, -33.50378 ], [ -70.11529, -33.50184 ], [ -70.11415, -33.50125 ], [ -70.11278, -33.50086 ], [ -70.10879, -33.49891 ], [ -70.10834, -33.49844 ], [ -70.10806, -33.49732 ], [ -70.10868, -33.49653 ], [ -70.10871, -33.49629 ] ] } },
{ "type": "Feature", "properties": { "nombre": "Estero del Temblor", "tipo": "stream", "volcan_codigo": "SJO", "volcan_nombre": "San Jose", "drena_volcan": false }, "geometry": { "type": "LineString", "coordinates": [ [ -70.29227, -33.45782 ], [ -70.29422, -33.45869 ], [ -70.29452, -33.45898 ], [ -70.29471, -33.45955 ], [ -70.29424, -33.46118 ], [ -70.29525, -33.46279 ], [ -70.29527, -33.46306 ], [ -70.29426, -33.46417 ], [ -70.29429, -33.46462 ], [ -70.29403, -33.4653 ], [ -70.29435, -33.46627 ], [ -70.29506, -33.46732 ], [ -70.29529, -33.46795 ], [ -70.29579, -33.46802 ], [ -70.29662, -33.46872 ], [ -70.29738, -33.46908 ], [ -70.29785, -33.47015 ], [ -70.29886, -33.4709 ], [ -70.29928, -33.47201 ], [ -70.29931, -33.47318 ], [ -70.29907, -33.47391 ], [ -70.29847, -33.47473 ], [ -70.29851, -33.47655 ], [ -70.2982, -33.47691 ], [ -70.29739, -33.47712 ], [ -70.29713, -33.47801 ], [ -70.29679, -33.4783 ], [ -70.29653, -33.47903 ], [ -70.29619, -33.47923 ], [ -70.29599, -33.47971 ], [ -70.29561, -33.47998 ], [ -70.29432, -33.48031 ], [ -70.29329, -33.48113 ], [ -70.29276, -33.4811 ], [ -70.29232, -33.4813 ], [ -70.29176, -33.48205 ], [ -70.29169, -33.48252 ], [ -70.29103, -33.48289 ], [ -70.29086, -33.48382 ], [ -70.28994, -33.48417 ], [ -70.29008, -33.48438 ], [ -70.2896, -33.48537 ], [ -70.28958, -33.4858 ], [ -70.2894, -33.48594 ], [ -70.28955, -33.4862 ], [ -70.28908, -33.4868 ], [ -70.28871, -33.48795 ], [ -70.28925, -33.48865 ], [ -70.28912, -33.49071 ], [ -70.28784, -33.49123 ], [ -70.28773, -33.49186 ], [ -70.28685, -33.49239 ], [ -70.28648, -33.49288 ], [ -70.28617, -33.49281 ], [ -70.28515, -33.49315 ], [ -70.28469, -33.49299 ], [ -70.28444, -33.49309 ], [ -70.28428, -33.49324 ], [ -70.28431, -33.49353 ], [ -70.28389, -33.49384 ], [ -70.28419, -33.49464 ], [ -70.2829, -33.49525 ], [ -70.28298, -33.49557 ], [ -70.28342, -33.49577 ], [ -70.28324, -33.49646 ], [ -70.28342, -33.4976 ], [ -70.28287, -33.49872 ], [ -70.28235, -33.499 ], [ -70.28226, -33.49986 ], [ -70.28206, -33.50029 ], [ -70.28143, -33.50158 ], [ -70.28105, -33.50198 ], [ -70.28094, -33.50242 ], [ -70.28045, -33.50293 ], [ -70.28066, -33.50358 ], [ -70.28031, -33.50457 ], [ -70.28064, -33.50509 ], [ -70.28034, -33.50561 ], [ -70.27984, -33.50574 ], [ -70.27888, -33.50717 ], [ -70.27965, -33.50804 ], [ -70.28047, -33.50852 ], [ -70.28039, -33.5088 ], [ -70.28086, -33.50928 ], [ -70.28073, -33.50958 ], [ -70.2808, -33.50995 ], [ -70.28021, -33.51137 ], [ -70.27819, -33.51254 ], [ -70.27756, -33.51396 ], [ -70.27694, -33.51442 ], [ -70.27742, -33.51473 ], [ -70.27755, -33.51541 ], [ -70.27724, -33.51609 ], [ -70.27678, -33.5165 ], [ -70.27681, -33.51741 ], [ -70.27643, -33.51757 ], [ -70.27619, -33.51805 ], [ -70.27522, -33.51835 ], [ -70.27499, -33.51836 ], [ -70.27463, -33.51794 ], [ -70.27357, -33.51826 ], [ -70.27299, -33.51865 ], [ -70.27284, -33.5194 ], [ -70.27182, -33.51984 ], [ -70.27255, -33.52091 ], [ -70.2725, -33.52124 ], [ -70.2715, -33.52268 ], [ -70.27146, -33.52301 ], [ -70.27228, -33.52363 ], [ -70.27162, -33.52408 ], [ -70.27164, -33.52445 ], [ -70.27192, -33.52468 ], [ -70.2722, -33.52563 ], [ -70.27253, -33.52608 ], [ -70.27367, -33.52614 ], [ -70.27432, -33.52685 ], [ -70.2754, -33.52705 ], [ -70.27554, -33.52724 ], [ -70.27541, -33.52788 ], [ -70.27569, -33.52808 ], [ -70.27628, -33.52793 ], [ -70.27829, -33.5285 ], [ -70.27907, -33.52853 ], [ -70.27942, -33.52826 ] ] } },
{ "type": "Feature", "properties": { "nombre": "Quebrada Agua Blanca", "tipo": "stream", "volcan_codigo": "SJO", "volcan_nombre": "San Jose", "drena_volcan": false }, "geometry": { "type": "MultiLineString", "coordinates": [ [ [ -69.9751, -33.44343 ], [ -69.976, -33.4424 ], [ -69.97654, -33.4414 ], [ -69.97765, -33.44056 ], [ -69.97811, -33.43949 ], [ -69.98077, -33.43657 ], [ -69.98171, -33.43607 ], [ -69.98272, -33.43526 ], [ -69.98422, -33.43483 ], [ -69.98609, -33.43519 ], [ -69.98763, -33.43506 ], [ -69.98903, -33.43453 ], [ -69.99016, -33.43351 ], [ -69.99031, -33.43302 ], [ -69.99064, -33.43283 ], [ -69.9913, -33.43171 ], [ -69.99291, -33.42829 ], [ -69.99338, -33.42794 ], [ -69.99435, -33.42629 ], [ -69.99557, -33.42536 ], [ -69.99628, -33.42423 ], [ -69.9968, -33.4238 ], [ -69.9971, -33.42317 ], [ -69.99767, -33.42294 ], [ -69.99909, -33.42086 ], [ -70.00016, -33.42011 ], [ -70.00048, -33.4195 ] ], [ [ -70.06294, -34.05592 ], [ -70.06156, -34.05644 ], [ -70.06012, -34.05642 ], [ -70.05888, -34.05674 ], [ -70.05581, -34.05713 ], [ -70.05513, -34.05758 ], [ -70.05431, -34.05855 ], [ -70.05337, -34.05895 ], [ -70.05212, -34.05879 ], [ -70.05116, -34.05887 ], [ -70.05055, -34.05914 ], [ -70.0495, -34.06031 ], [ -70.04789, -34.06122 ], [ -70.04648, -34.06344 ], [ -70.04609, -34.06471 ], [ -70.04551, -34.06547 ], [ -70.04253, -34.06622 ], [ -70.04133, -34.06627 ], [ -70.04098, -34.06719 ], [ -70.04034, -34.06769 ], [ -70.03905, -34.0678 ], [ -70.03886, -34.06798 ], [ -70.03817, -34.06938 ], [ -70.03792, -34.07048 ], [ -70.03796, -34.07352 ], [ -70.03712, -34.07443 ], [ -70.03596, -34.0751 ], [ -70.0353, -34.07592 ], [ -70.03457, -34.07649 ], [ -70.03414, -34.07702 ], [ -70.03405, -34.07744 ] ] ] } },
{ "type": "Feature", "properties": { "nombre": "Quebrada Agua Tapada", "tipo": "stream", "volcan_codigo": "SJO", "volcan_nombre": "San Jose", "drena_volcan": false }, "geometry": { "type": "LineString", "coordinates": [ [ -70.14508, -34.00399 ], [ -70.14463, -34.00345 ], [ -70.14282, -34.00253 ], [ -70.14124, -34.00119 ], [ -70.13883, -33.99997 ], [ -70.13823, -33.99942 ], [ -70.13774, -33.99767 ], [ -70.13772, -33.99626 ] ] } },
{ "type": "Feature", "properties": { "nombre": "Quebrada Alfalfalito", "tipo": "stream", "volcan_codigo": "SJO", "volcan_nombre": "San Jose", "drena_volcan": false }, "geometry": { "type": "LineString", "coordinates": [ [ -70.16685, -34.05965 ], [ -70.16561, -34.06062 ], [ -70.16349, -34.06162 ], [ -70.16168, -34.06375 ], [ -70.16055, -34.06423 ], [ -70.15892, -34.06562 ], [ -70.15462, -34.06731 ], [ -70.15445, -34.06908 ], [ -70.15338, -34.06995 ], [ -70.15297, -34.07048 ], [ -70.15141, -34.07149 ], [ -70.1505, -34.07293 ], [ -70.14992, -34.0742 ], [ -70.1492, -34.07508 ], [ -70.14716, -34.07661 ], [ -70.14611, -34.07683 ], [ -70.14542, -34.07729 ], [ -70.14484, -34.07729 ], [ -70.14398, -34.07786 ], [ -70.14282, -34.07905 ], [ -70.14177, -34.08065 ], [ -70.1401, -34.0812 ], [ -70.13963, -34.08166 ], [ -70.13797, -34.08219 ], [ -70.13742, -34.08257 ], [ -70.13658, -34.0826 ], [ -70.13583, -34.08297 ], [ -70.13302, -34.0836 ], [ -70.13072, -34.08452 ], [ -70.12885, -34.08561 ], [ -70.1281, -34.0858 ], [ -70.1275, -34.08575 ], [ -70.12701, -34.08532 ], [ -70.12643, -34.08509 ], [ -70.12561, -34.08497 ], [ -70.12302, -34.08507 ], [ -70.12222, -34.08481 ], [ -70.12136, -34.08481 ], [ -70.11827, -34.08347 ], [ -70.11767, -34.08315 ], [ -70.11596, -34.08146 ], [ -70.11439, -34.08084 ], [ -70.11293, -34.07976 ], [ -70.11156, -34.07759 ], [ -70.10991, -34.07592 ], [ -70.10628, -34.07489 ], [ -70.10366, -34.0745 ], [ -70.10349, -34.07361 ], [ -70.10263, -34.07304 ], [ -70.10255, -34.07251 ], [ -70.10175, -34.07244 ], [ -70.10126, -34.07196 ], [ -70.10057, -34.0716 ] ] } },
{ "type": "Feature", "properties": { "nombre": "Quebrada Bolsico", "tipo": "stream", "volcan_codigo": "SJO", "volcan_nombre": "San Jose", "drena_volcan": false }, "geometry": { "type": "LineString", "coordinates": [ [ -70.24289, -33.69031 ], [ -70.24456, -33.69192 ], [ -70.24757, -33.69347 ], [ -70.24784, -33.69415 ], [ -70.24899, -33.6953 ], [ -70.25022, -33.69582 ], [ -70.25175, -33.69704 ], [ -70.25524, -33.69843 ], [ -70.25544, -33.69892 ], [ -70.25568, -33.69896 ], [ -70.25672, -33.69997 ], [ -70.25659, -33.70046 ], [ -70.25702, -33.70052 ], [ -70.25701, -33.70101 ], [ -70.25772, -33.70385 ], [ -70.25832, -33.70428 ], [ -70.25915, -33.70622 ], [ -70.26076, -33.7078 ], [ -70.26141, -33.70869 ], [ -70.26173, -33.71074 ], [ -70.26156, -33.71121 ], [ -70.26187, -33.7117 ], [ -70.26164, -33.71274 ], [ -70.2611, -33.7134 ], [ -70.26102, -33.71452 ] ] } },
{ "type": "Feature", "properties": { "nombre": "Quebrada Cabeza de Novillo", "tipo": "stream", "volcan_codigo": "SJO", "volcan_nombre": "San Jose", "drena_volcan": false }, "geometry": { "type": "LineString", "coordinates": [ [ -70.1572, -34.04004 ], [ -70.15656, -34.03908 ], [ -70.15587, -34.03838 ], [ -70.15574, -34.03787 ], [ -70.15581, -34.03719 ], [ -70.15533, -34.03639 ], [ -70.15527, -34.03568 ], [ -70.15482, -34.03534 ], [ -70.15448, -34.03461 ], [ -70.15336, -34.03399 ], [ -70.15209, -34.03269 ], [ -70.15126, -34.03093 ], [ -70.15087, -34.02962 ], [ -70.15076, -34.02734 ], [ -70.15021, -34.02688 ], [ -70.1498, -34.0261 ], [ -70.14927, -34.02579 ], [ -70.14884, -34.02522 ], [ -70.14802, -34.02494 ], [ -70.14774, -34.02421 ], [ -70.14702, -34.02346 ], [ -70.14669, -34.02282 ], [ -70.14397, -34.02113 ], [ -70.14337, -34.02055 ], [ -70.1432, -34.01991 ], [ -70.1427, -34.01976 ], [ -70.14249, -34.01936 ], [ -70.14139, -34.01936 ], [ -70.13946, -34.01875 ], [ -70.1389, -34.018 ], [ -70.13787, -34.01761 ], [ -70.13749, -34.01695 ], [ -70.13706, -34.01678 ], [ -70.13663, -34.01603 ], [ -70.13569, -34.01535 ], [ -70.13504, -34.01541 ], [ -70.13403, -34.01519 ], [ -70.13358, -34.01493 ], [ -70.13251, -34.01519 ], [ -70.13206, -34.01498 ], [ -70.1315, -34.01503 ], [ -70.13075, -34.01466 ], [ -70.13045, -34.01482 ], [ -70.12845, -34.01487 ], [ -70.12704, -34.01459 ], [ -70.12624, -34.01395 ], [ -70.12298, -34.01409 ], [ -70.12188, -34.01385 ], [ -70.12165, -34.0136 ] ] } },
{ "type": "Feature", "properties": { "nombre": "Quebrada Carrenito", "tipo": "stream", "volcan_codigo": "SJO", "volcan_nombre": "San Jose", "drena_volcan": false }, "geometry": { "type": "LineString", "coordinates": [ [ -70.02968, -33.85734 ], [ -70.02904, -33.85835 ], [ -70.02869, -33.85967 ], [ -70.02794, -33.86061 ], [ -70.02771, -33.86149 ], [ -70.02813, -33.86266 ], [ -70.02728, -33.86407 ], [ -70.02509, -33.86696 ], [ -70.02322, -33.86774 ], [ -70.02228, -33.86765 ], [ -70.02116, -33.86712 ], [ -70.01897, -33.86664 ], [ -70.01708, -33.86747 ], [ -70.01537, -33.86726 ], [ -70.0144, -33.86749 ], [ -70.01142, -33.86728 ], [ -70.01035, -33.86685 ], [ -70.00502, -33.86338 ], [ -70.00367, -33.86286 ], [ -70.00194, -33.86188 ], [ -70.00095, -33.86174 ], [ -69.99867, -33.86206 ], [ -69.99749, -33.862 ], [ -69.99599, -33.86158 ], [ -69.99537, -33.86156 ], [ -69.99412, -33.86104 ], [ -69.99305, -33.86001 ], [ -69.99157, -33.85953 ], [ -69.98962, -33.86035 ], [ -69.98913, -33.86042 ] ] } },
{ "type": "Feature", "properties": { "nombre": "Quebrada Chacayal", "tipo": "stream", "volcan_codigo": "SJO", "volcan_nombre": "San Jose", "drena_volcan": false }, "geometry": { "type": "LineString", "coordinates": [ [ -70.15186, -34.0375 ], [ -70.14995, -34.03479 ], [ -70.1489, -34.0341 ], [ -70.14375, -34.03307 ], [ -70.13995, -34.03273 ], [ -70.13566, -34.03382 ], [ -70.1345, -34.03446 ], [ -70.1342, -34.03478 ], [ -70.13272, -34.0354 ], [ -70.1319, -34.03545 ], [ -70.131, -34.03501 ], [ -70.13018, -34.03488 ], [ -70.12892, -34.03533 ], [ -70.12512, -34.03547 ], [ -70.123, -34.03476 ], [ -70.1224, -34.03488 ], [ -70.12192, -34.03565 ], [ -70.12109, -34.03591 ], [ -70.12036, -34.03588 ], [ -70.11887, -34.03533 ] ] } },
{ "type": "Feature", "properties": { "nombre": "Quebrada Chacayes", "tipo": "stream", "volcan_codigo": "SJO", "volcan_nombre": "San Jose", "drena_volcan": false }, "geometry": { "type": "MultiLineString", "coordinates": [ [ [ -70.33766, -33.78402 ], [ -70.33861, -33.78315 ], [ -70.3394, -33.78284 ], [ -70.33964, -33.78245 ], [ -70.34047, -33.78252 ], [ -70.34079, -33.78213 ], [ -70.34212, -33.78222 ], [ -70.34296, -33.78175 ], [ -70.3438, -33.78159 ], [ -70.34476, -33.78095 ], [ -70.34511, -33.78051 ], [ -70.34524, -33.78001 ], [ -70.34605, -33.77935 ], [ -70.34616, -33.77892 ], [ -70.34667, -33.77881 ], [ -70.34704, -33.77847 ], [ -70.34755, -33.7774 ], [ -70.34807, -33.77724 ], [ -70.3485, -33.77672 ], [ -70.34903, -33.77662 ], [ -70.34912, -33.77639 ], [ -70.34968, -33.77639 ], [ -70.35056, -33.77589 ], [ -70.35092, -33.77517 ], [ -70.35174, -33.77435 ], [ -70.35223, -33.77282 ], [ -70.35281, -33.77262 ], [ -70.35337, -33.77203 ], [ -70.35513, -33.7718 ], [ -70.35569, -33.77089 ], [ -70.35755, -33.76986 ], [ -70.3579, -33.7692 ], [ -70.35869, -33.76863 ], [ -70.35878, -33.76815 ], [ -70.35897, -33.768 ], [ -70.36021, -33.76784 ], [ -70.36024, -33.76761 ], [ -70.3615, -33.76666 ], [ -70.36223, -33.76552 ], [ -70.36236, -33.76526 ], [ -70.36221, -33.76452 ], [ -70.36255, -33.76438 ], [ -70.36317, -33.76447 ], [ -70.36358, -33.76413 ], [ -70.36453, -33.7639 ], [ -70.36501, -33.7636 ], [ -70.36608, -33.76235 ], [ -70.36647, -33.7623 ], [ -70.36688, -33.76143 ], [ -70.36776, -33.76082 ], [ -70.36819, -33.76022 ], [ -70.36851, -33.75938 ], [ -70.36835, -33.7588 ], [ -70.36912, -33.75807 ], [ -70.36886, -33.75765 ], [ -70.36863, -33.75658 ], [ -70.36937, -33.75594 ], [ -70.3694, -33.75531 ], [ -70.36966, -33.75491 ], [ -70.36985, -33.7547 ], [ -70.37054, -33.75461 ], [ -70.37091, -33.75388 ], [ -70.37128, -33.75358 ], [ -70.37257, -33.75341 ] ], [ [ -70.08977, -33.80146 ], [ -70.08957, -33.80246 ], [ -70.0897, -33.8036 ], [ -70.09, -33.80457 ], [ -70.08923, -33.80692 ], [ -70.08975, -33.80733 ], [ -70.09009, -33.80822 ], [ -70.08998, -33.80952 ], [ -70.08962, -33.81022 ], [ -70.09015, -33.81095 ], [ -70.09101, -33.8114 ], [ -70.09144, -33.8122 ], [ -70.09224, -33.81266 ], [ -70.09247, -33.81307 ], [ -70.09258, -33.81357 ], [ -70.09247, -33.814 ], [ -70.09299, -33.81512 ], [ -70.09301, -33.81569 ], [ -70.09322, -33.81614 ], [ -70.09361, -33.81644 ], [ -70.09374, -33.8174 ], [ -70.09432, -33.8186 ], [ -70.09417, -33.8194 ], [ -70.09449, -33.82035 ], [ -70.09541, -33.82134 ], [ -70.0958, -33.82213 ], [ -70.09657, -33.82304 ], [ -70.09777, -33.82332 ], [ -70.09865, -33.82377 ], [ -70.10146, -33.82471 ], [ -70.10277, -33.826 ], [ -70.10352, -33.82705 ], [ -70.10378, -33.82826 ] ] ] } },
{ "type": "Feature", "properties": { "nombre": "Quebrada Chancaca", "tipo": "stream", "volcan_codigo": "SJO", "volcan_nombre": "San Jose", "drena_volcan": false }, "geometry": { "type": "LineString", "coordinates": [ [ -69.99371, -33.96057 ], [ -69.99435, -33.96137 ], [ -69.99457, -33.96229 ], [ -69.99431, -33.96306 ], [ -69.99446, -33.96477 ], [ -69.99416, -33.9676 ], [ -69.99461, -33.96856 ], [ -69.99502, -33.96886 ], [ -69.99528, -33.9693 ], [ -69.99517, -33.97003 ], [ -69.99442, -33.97128 ], [ -69.9939, -33.97277 ], [ -69.9939, -33.97322 ], [ -69.99437, -33.97428 ], [ -69.99388, -33.97538 ], [ -69.99437, -33.9762 ], [ -69.99431, -33.97686 ], [ -69.99455, -33.97772 ], [ -69.99373, -33.97878 ], [ -69.99373, -33.97944 ], [ -69.99392, -33.97987 ], [ -69.99369, -33.98031 ], [ -69.99395, -33.98072 ], [ -69.99392, -33.98142 ], [ -69.99414, -33.9822 ], [ -69.99459, -33.98247 ], [ -69.99519, -33.98378 ], [ -69.99573, -33.98391 ], [ -69.99654, -33.98448 ], [ -69.99678, -33.98439 ], [ -69.99764, -33.98458 ], [ -69.9986, -33.98512 ], [ -69.99899, -33.98542 ], [ -69.9991, -33.98588 ], [ -69.99998, -33.98649 ], [ -70.00038, -33.98663 ], [ -70.00167, -33.98661 ], [ -70.00281, -33.98713 ], [ -70.00418, -33.98735 ] ] } },
{ "type": "Feature", "properties": { "nombre": "Quebrada Chancaquita", "tipo": "stream", "volcan_codigo": "SJO", "volcan_nombre": "San Jose", "drena_volcan": false }, "geometry": { "type": "LineString", "coordinates": [ [ -70.00234, -33.96189 ], [ -70.00244, -33.9626 ], [ -70.00296, -33.96306 ], [ -70.00315, -33.9636 ], [ -70.00543, -33.96562 ], [ -70.00562, -33.96657 ], [ -70.00635, -33.96769 ], [ -70.0062, -33.96893 ], [ -70.00654, -33.96954 ], [ -70.00723, -33.97022 ], [ -70.00742, -33.97086 ], [ -70.00738, -33.97196 ], [ -70.00727, -33.97265 ], [ -70.00703, -33.97308 ], [ -70.00744, -33.97386 ], [ -70.00721, -33.9745 ], [ -70.0071, -33.977 ], [ -70.00785, -33.97771 ], [ -70.00811, -33.9786 ], [ -70.00791, -33.97929 ], [ -70.00798, -33.97995 ], [ -70.00729, -33.98089 ], [ -70.00682, -33.98112 ], [ -70.00697, -33.98155 ], [ -70.00688, -33.98198 ], [ -70.00596, -33.98258 ], [ -70.00596, -33.98306 ], [ -70.00555, -33.98331 ], [ -70.00534, -33.98372 ], [ -70.00558, -33.98434 ], [ -70.0054, -33.98481 ], [ -70.00474, -33.98518 ], [ -70.00474, -33.98541 ], [ -70.0044, -33.98579 ], [ -70.00442, -33.98696 ], [ -70.00418, -33.98758 ], [ -70.00465, -33.98827 ], [ -70.00446, -33.98865 ], [ -70.00452, -33.98907 ], [ -70.00476, -33.98922 ], [ -70.00506, -33.99034 ], [ -70.00478, -33.99197 ], [ -70.00382, -33.99285 ], [ -70.00311, -33.99382 ], [ -70.00212, -33.99446 ], [ -70.00206, -33.9947 ], [ -70.00167, -33.99503 ], [ -70.00154, -33.99548 ], [ -70.00111, -33.99578 ], [ -70.00096, -33.99667 ], [ -70.00116, -33.99713 ], [ -70.0006, -33.9976 ], [ -70.00066, -33.99802 ], [ -70.00049, -33.99822 ], [ -70.00055, -33.9987 ], [ -70.00077, -33.99886 ], [ -70.00079, -33.9998 ], [ -70.0003, -34.00051 ], [ -69.99912, -34.00108 ], [ -69.99897, -34.0016 ], [ -69.99864, -34.00188 ] ] } },
{ "type": "Feature", "properties": { "nombre": "Quebrada Colina", "tipo": "stream", "volcan_codigo": "SJO", "volcan_nombre": "San Jose", "drena_volcan": true }, "geometry": { "type": "LineString", "coordinates": [ [ -69.95753, -33.84529 ], [ -69.95985, -33.8462 ], [ -69.96047, -33.84741 ], [ -69.9629, -33.84992 ], [ -69.96474, -33.85217 ], [ -69.96848, -33.85463 ], [ -69.9694, -33.85545 ], [ -69.97135, -33.85641 ], [ -69.9723, -33.85764 ], [ -69.97414, -33.85826 ], [ -69.97539, -33.86001 ], [ -69.97622, -33.86074 ], [ -69.97801, -33.86173 ] ] } },
{ "type": "Feature", "properties": { "nombre": "Quebrada Colorada", "tipo": "stream", "volcan_codigo": "SJO", "volcan_nombre": "San Jose", "drena_volcan": true }, "geometry": { "type": "LineString", "coordinates": [ [ -70.14415, -33.79292 ], [ -70.14417, -33.79527 ], [ -70.1437, -33.79652 ], [ -70.14327, -33.79975 ], [ -70.14265, -33.80128 ], [ -70.14276, -33.80201 ], [ -70.14258, -33.80248 ], [ -70.14181, -33.80337 ], [ -70.1411, -33.80456 ], [ -70.1408, -33.80584 ], [ -70.1411, -33.80731 ], [ -70.14027, -33.80953 ], [ -70.14072, -33.81038 ], [ -70.14067, -33.81085 ], [ -70.14177, -33.81293 ], [ -70.1431, -33.81334 ], [ -70.14434, -33.81432 ], [ -70.14486, -33.81479 ], [ -70.14501, -33.81541 ], [ -70.14562, -33.81639 ] ] } },
{ "type": "Feature", "properties": { "nombre": "Quebrada El Chiquero", "tipo": "stream", "volcan_codigo": "SJO", "volcan_nombre": "San Jose", "drena_volcan": false }, "geometry": { "type": "LineString", "coordinates": [ [ -70.13773, -33.85834 ], [ -70.13988, -33.85823 ], [ -70.14212, -33.85944 ], [ -70.14365, -33.85971 ], [ -70.14485, -33.85968 ], [ -70.14559, -33.85943 ], [ -70.1462, -33.85949 ], [ -70.14761, -33.85919 ], [ -70.14899, -33.85851 ], [ -70.14965, -33.85852 ], [ -70.15231, -33.85917 ], [ -70.15379, -33.8597 ], [ -70.15429, -33.86009 ], [ -70.15645, -33.86081 ], [ -70.15705, -33.86084 ], [ -70.15787, -33.8604 ], [ -70.15984, -33.86097 ], [ -70.16049, -33.86091 ], [ -70.16205, -33.86034 ], [ -70.16564, -33.86105 ], [ -70.16671, -33.86111 ], [ -70.16735, -33.86089 ], [ -70.16808, -33.86088 ], [ -70.16871, -33.86111 ], [ -70.16883, -33.86155 ], [ -70.16948, -33.86159 ], [ -70.17184, -33.86141 ], [ -70.17598, -33.8604 ], [ -70.17658, -33.86057 ], [ -70.17714, -33.86104 ], [ -70.17722, -33.86122 ], [ -70.17692, -33.86129 ], [ -70.17688, -33.86155 ], [ -70.17727, -33.86164 ], [ -70.1787, -33.86124 ], [ -70.18296, -33.86176 ], [ -70.1833, -33.86167 ], [ -70.18411, -33.86205 ], [ -70.18433, -33.86191 ], [ -70.18497, -33.86192 ], [ -70.18596, -33.86274 ], [ -70.18645, -33.86294 ], [ -70.18783, -33.86301 ], [ -70.18974, -33.8637 ], [ -70.19109, -33.86362 ], [ -70.19165, -33.86333 ], [ -70.19182, -33.8629 ], [ -70.19281, -33.8626 ], [ -70.19467, -33.86299 ], [ -70.19555, -33.86297 ], [ -70.19623, -33.86269 ] ] } },
{ "type": "Feature", "properties": { "nombre": "Quebrada El Cobre", "tipo": "stream", "volcan_codigo": "SJO", "volcan_nombre": "San Jose", "drena_volcan": false }, "geometry": { "type": "MultiLineString", "coordinates": [ [ [ -70.15949, -33.83547 ], [ -70.16002, -33.83445 ], [ -70.16055, -33.83224 ], [ -70.16204, -33.83013 ], [ -70.16252, -33.829 ], [ -70.16267, -33.8276 ], [ -70.16259, -33.8267 ], [ -70.1629, -33.82602 ], [ -70.16091, -33.82532 ], [ -70.16138, -33.82457 ], [ -70.16138, -33.82371 ], [ -70.16169, -33.82289 ], [ -70.16133, -33.82263 ], [ -70.16196, -33.82172 ], [ -70.16173, -33.82001 ], [ -70.16138, -33.8194 ], [ -70.16131, -33.81885 ], [ -70.16196, -33.81782 ], [ -70.16184, -33.81743 ], [ -70.16196, -33.81644 ], [ -70.16267, -33.81547 ] ], [ [ -70.2532, -33.89551 ], [ -70.25189, -33.89588 ], [ -70.25159, -33.89656 ], [ -70.25127, -33.89672 ], [ -70.24944, -33.89663 ], [ -70.24826, -33.8962 ], [ -70.24678, -33.89474 ], [ -70.24485, -33.89323 ], [ -70.24406, -33.89237 ], [ -70.23957, -33.89031 ], [ -70.23876, -33.88935 ], [ -70.23783, -33.88885 ], [ -70.23708, -33.88794 ], [ -70.23627, -33.88806 ], [ -70.23507, -33.88753 ], [ -70.23369, -33.8861 ], [ -70.2326, -33.88553 ], [ -70.23213, -33.88495 ], [ -70.23176, -33.88484 ], [ -70.23144, -33.8843 ], [ -70.23035, -33.88361 ], [ -70.22987, -33.88309 ], [ -70.2282, -33.88245 ], [ -70.22734, -33.88174 ], [ -70.22614, -33.88117 ], [ -70.22511, -33.88117 ], [ -70.22464, -33.88081 ], [ -70.22241, -33.8803 ], [ -70.22125, -33.87917 ], [ -70.21987, -33.87907 ], [ -70.21878, -33.87857 ] ] ] } },
{ "type": "Feature", "properties": { "nombre": "Quebrada El Laurel", "tipo": "stream", "volcan_codigo": "SJO", "volcan_nombre": "San Jose", "drena_volcan": false }, "geometry": { "type": "LineString", "coordinates": [ [ -70.24275, -33.4818 ], [ -70.24298, -33.4828 ], [ -70.24352, -33.48379 ], [ -70.24429, -33.48465 ], [ -70.24472, -33.48585 ], [ -70.24493, -33.48719 ], [ -70.2459, -33.48878 ], [ -70.24596, -33.49066 ], [ -70.24622, -33.49137 ], [ -70.24624, -33.49232 ], [ -70.24601, -33.49316 ], [ -70.24618, -33.49404 ], [ -70.24588, -33.49443 ], [ -70.24536, -33.49578 ], [ -70.24481, -33.49619 ], [ -70.24352, -33.49827 ], [ -70.2427, -33.49871 ], [ -70.24257, -33.49893 ], [ -70.24251, -33.5002 ], [ -70.24268, -33.50084 ], [ -70.24238, -33.50192 ], [ -70.24232, -33.50471 ], [ -70.2427, -33.50508 ], [ -70.24281, -33.50542 ], [ -70.24287, -33.50603 ], [ -70.24262, -33.50655 ], [ -70.24204, -33.50678 ], [ -70.24045, -33.50678 ], [ -70.24, -33.50693 ], [ -70.23951, -33.50746 ], [ -70.23871, -33.50784 ], [ -70.23822, -33.50838 ], [ -70.23742, -33.50884 ], [ -70.2374, -33.50931 ], [ -70.23687, -33.50982 ], [ -70.2364, -33.51125 ], [ -70.23529, -33.51191 ], [ -70.23409, -33.51316 ], [ -70.23248, -33.51391 ], [ -70.2322, -33.51434 ], [ -70.23181, -33.51458 ], [ -70.23042, -33.51456 ], [ -70.2287, -33.51515 ], [ -70.22765, -33.51474 ], [ -70.22709, -33.51488 ], [ -70.22515, -33.51633 ] ] } },
{ "type": "Feature", "properties": { "nombre": "Quebrada El Paradero", "tipo": "stream", "volcan_codigo": "SJO", "volcan_nombre": "San Jose", "drena_volcan": false }, "geometry": { "type": "LineString", "coordinates": [ [ -70.28859, -33.60639 ], [ -70.28912, -33.60666 ], [ -70.2896, -33.6074 ], [ -70.29102, -33.60821 ], [ -70.29331, -33.61008 ], [ -70.29409, -33.61016 ], [ -70.29494, -33.61121 ], [ -70.29779, -33.61272 ], [ -70.29878, -33.61309 ], [ -70.29978, -33.61424 ], [ -70.30041, -33.61545 ], [ -70.30191, -33.61663 ], [ -70.30249, -33.61684 ], [ -70.30757, -33.61989 ], [ -70.30782, -33.6201 ], [ -70.3077, -33.62075 ], [ -70.30798, -33.62102 ], [ -70.30966, -33.62176 ], [ -70.31017, -33.6221 ], [ -70.3104, -33.62258 ] ] } },
{ "type": "Feature", "properties": { "nombre": "Quebrada El Quemado", "tipo": "stream", "volcan_codigo": "SJO", "volcan_nombre": "San Jose", "drena_volcan": false }, "geometry": { "type": "LineString", "coordinates": [ [ -70.17224, -33.52968 ], [ -70.17077, -33.52763 ], [ -70.17035, -33.52673 ], [ -70.16903, -33.52529 ], [ -70.16826, -33.52389 ], [ -70.16824, -33.52209 ], [ -70.16855, -33.52123 ], [ -70.16827, -33.51894 ], [ -70.16798, -33.51814 ], [ -70.16709, -33.51674 ], [ -70.1666, -33.51523 ], [ -70.16569, -33.51411 ], [ -70.16506, -33.51271 ], [ -70.16435, -33.5116 ], [ -70.16352, -33.51068 ], [ -70.16346, -33.51018 ], [ -70.16286, -33.50967 ], [ -70.1629, -33.50874 ], [ -70.16275, -33.50848 ], [ -70.16198, -33.50813 ], [ -70.16202, -33.50761 ], [ -70.16179, -33.50737 ], [ -70.16019, -33.50673 ], [ -70.15953, -33.50612 ], [ -70.15747, -33.50531 ], [ -70.15725, -33.50503 ], [ -70.15725, -33.50446 ], [ -70.1568, -33.5037 ], [ -70.156, -33.50317 ] ] } },
{ "type": "Feature", "properties": { "nombre": "Quebrada El Rodeo de Los Bueyes", "tipo": "stream", "volcan_codigo": "SJO", "volcan_nombre": "San Jose", "drena_volcan": false }, "geometry": { "type": "LineString", "coordinates": [ [ -70.12395, -33.77956 ], [ -70.1242, -33.77935 ], [ -70.12588, -33.77886 ], [ -70.12665, -33.77847 ], [ -70.1277, -33.77833 ], [ -70.1286, -33.77799 ], [ -70.13152, -33.77778 ], [ -70.13536, -33.77703 ], [ -70.13854, -33.77756 ], [ -70.13955, -33.77737 ], [ -70.14347, -33.77751 ], [ -70.14487, -33.77722 ], [ -70.14575, -33.77744 ], [ -70.14759, -33.77742 ], [ -70.1498, -33.77729 ], [ -70.1509, -33.77696 ], [ -70.15228, -33.77696 ], [ -70.15277, -33.77731 ], [ -70.15406, -33.77769 ], [ -70.15487, -33.77769 ], [ -70.15562, -33.77744 ], [ -70.15818, -33.77724 ], [ -70.15936, -33.7769 ], [ -70.15962, -33.77644 ], [ -70.1605, -33.77657 ], [ -70.16191, -33.77602 ], [ -70.16432, -33.77558 ], [ -70.16467, -33.7757 ], [ -70.16616, -33.77525 ], [ -70.16678, -33.77547 ], [ -70.16765, -33.77551 ], [ -70.16796, -33.77529 ], [ -70.17024, -33.77514 ], [ -70.17173, -33.77568 ], [ -70.17252, -33.77535 ] ] } },
{ "type": "Feature", "properties": { "nombre": "Quebrada El Salto", "tipo": "stream", "volcan_codigo": "SJO", "volcan_nombre": "San Jose", "drena_volcan": false }, "geometry": { "type": "LineString", "coordinates": [ [ -70.11493, -33.8517 ], [ -70.11435, -33.85017 ], [ -70.11401, -33.84997 ], [ -70.11388, -33.84956 ], [ -70.11423, -33.8489 ], [ -70.11429, -33.84798 ], [ -70.11465, -33.84741 ], [ -70.11438, -33.84589 ], [ -70.11416, -33.8455 ], [ -70.11438, -33.84464 ], [ -70.11423, -33.84391 ], [ -70.11468, -33.84275 ], [ -70.11564, -33.84165 ], [ -70.11584, -33.84108 ], [ -70.11545, -33.84044 ], [ -70.11551, -33.83965 ], [ -70.11644, -33.83791 ], [ -70.11592, -33.8371 ], [ -70.11637, -33.83684 ], [ -70.11654, -33.83609 ], [ -70.11601, -33.83529 ], [ -70.11626, -33.83441 ], [ -70.11596, -33.83407 ], [ -70.11677, -33.83267 ], [ -70.11653, -33.83125 ], [ -70.11623, -33.83084 ], [ -70.11579, -33.83063 ], [ -70.11573, -33.83006 ], [ -70.115, -33.82876 ], [ -70.11481, -33.82763 ], [ -70.11294, -33.82495 ] ] } },
{ "type": "Feature", "properties": { "nombre": "Quebrada El Trecientos", "tipo": "stream", "volcan_codigo": "SJO", "volcan_nombre": "San Jose", "drena_volcan": false }, "geometry": { "type": "LineString", "coordinates": [ [ -70.20844, -33.53289 ], [ -70.21078, -33.5316 ], [ -70.2117, -33.53157 ], [ -70.21256, -33.53103 ], [ -70.21399, -33.5306 ], [ -70.21651, -33.52881 ], [ -70.21714, -33.52805 ], [ -70.21844, -33.52709 ], [ -70.2193, -33.52597 ], [ -70.21925, -33.52474 ], [ -70.22059, -33.52203 ], [ -70.22014, -33.52113 ], [ -70.22074, -33.52077 ], [ -70.22063, -33.51911 ], [ -70.22111, -33.51861 ], [ -70.2218, -33.51729 ], [ -70.22287, -33.5168 ], [ -70.223, -33.51639 ], [ -70.22356, -33.5161 ], [ -70.22354, -33.51553 ] ] } },
{ "type": "Feature", "properties": { "nombre": "Quebrada El Tránsito", "tipo": "stream", "volcan_codigo": "SJO", "volcan_nombre": "San Jose", "drena_volcan": false }, "geometry": { "type": "LineString", "coordinates": [ [ -70.14474, -33.88657 ], [ -70.14588, -33.88542 ], [ -70.14637, -33.8845 ], [ -70.14701, -33.88376 ], [ -70.14694, -33.8835 ], [ -70.14748, -33.88264 ], [ -70.14726, -33.88141 ], [ -70.14776, -33.88077 ], [ -70.14781, -33.87994 ], [ -70.14851, -33.8792 ], [ -70.14907, -33.87792 ], [ -70.1499, -33.87688 ], [ -70.1513, -33.8764 ], [ -70.15163, -33.87587 ], [ -70.15213, -33.87549 ], [ -70.15261, -33.87464 ], [ -70.15405, -33.87399 ], [ -70.15448, -33.87417 ], [ -70.1551, -33.87405 ], [ -70.1555, -33.87364 ], [ -70.15618, -33.87373 ], [ -70.15683, -33.87362 ], [ -70.15714, -33.87377 ], [ -70.16186, -33.87314 ], [ -70.16254, -33.87259 ], [ -70.16305, -33.87249 ], [ -70.16333, -33.87216 ], [ -70.1638, -33.87204 ], [ -70.16468, -33.87125 ], [ -70.16468, -33.87096 ] ] } },
{ "type": "Feature", "properties": { "nombre": "Quebrada El Zorro", "tipo": "stream", "volcan_codigo": "SJO", "volcan_nombre": "San Jose", "drena_volcan": false }, "geometry": { "type": "LineString", "coordinates": [ [ -70.14179, -33.86993 ], [ -70.14235, -33.86973 ], [ -70.14338, -33.87003 ], [ -70.14587, -33.86987 ], [ -70.14943, -33.86916 ], [ -70.15074, -33.86932 ], [ -70.15274, -33.87021 ], [ -70.15456, -33.87044 ], [ -70.1581, -33.87141 ], [ -70.16104, -33.87134 ], [ -70.16229, -33.87075 ], [ -70.16291, -33.87075 ], [ -70.16435, -33.87118 ], [ -70.16589, -33.87037 ], [ -70.16705, -33.87018 ], [ -70.16791, -33.8697 ], [ -70.16945, -33.86954 ], [ -70.16988, -33.86923 ], [ -70.1701, -33.86848 ], [ -70.17053, -33.86824 ], [ -70.17128, -33.8684 ], [ -70.17254, -33.86804 ], [ -70.17357, -33.86825 ], [ -70.17413, -33.86815 ], [ -70.17497, -33.86825 ], [ -70.17563, -33.86791 ], [ -70.17626, -33.86781 ], [ -70.17739, -33.868 ], [ -70.17808, -33.86836 ], [ -70.17915, -33.86836 ], [ -70.18055, -33.86888 ], [ -70.18078, -33.87005 ], [ -70.18031, -33.87066 ], [ -70.18035, -33.87114 ], [ -70.18166, -33.87142 ], [ -70.18377, -33.8713 ], [ -70.18424, -33.87148 ], [ -70.1852, -33.87148 ], [ -70.1858, -33.87223 ], [ -70.18675, -33.87276 ], [ -70.18713, -33.87321 ], [ -70.18789, -33.87321 ], [ -70.19003, -33.87426 ], [ -70.19031, -33.87502 ], [ -70.19115, -33.876 ], [ -70.19216, -33.87654 ], [ -70.19396, -33.87709 ], [ -70.19475, -33.87727 ], [ -70.19595, -33.8772 ], [ -70.19701, -33.87604 ], [ -70.19767, -33.87451 ], [ -70.19873, -33.87402 ] ] } },
{ "type": "Feature", "properties": { "nombre": "Quebrada Guayacán", "tipo": "stream", "volcan_codigo": "SJO", "volcan_nombre": "San Jose", "drena_volcan": false }, "geometry": { "type": "LineString", "coordinates": [ [ -70.30867, -33.59639 ], [ -70.30966, -33.59645 ], [ -70.31159, -33.59609 ], [ -70.31232, -33.59571 ], [ -70.31333, -33.59546 ], [ -70.31352, -33.59528 ], [ -70.3135, -33.59505 ], [ -70.31384, -33.59489 ], [ -70.31431, -33.59512 ], [ -70.31472, -33.59485 ], [ -70.31496, -33.59496 ], [ -70.31547, -33.59487 ], [ -70.31655, -33.59527 ], [ -70.31846, -33.59425 ], [ -70.31936, -33.59425 ], [ -70.32266, -33.59598 ], [ -70.32397, -33.59695 ], [ -70.32434, -33.59727 ], [ -70.32468, -33.5983 ], [ -70.32556, -33.59913 ], [ -70.32622, -33.59932 ], [ -70.32697, -33.59932 ], [ -70.3274, -33.59984 ], [ -70.32854, -33.60034 ], [ -70.32899, -33.60093 ], [ -70.32994, -33.60084 ], [ -70.33118, -33.6019 ], [ -70.33225, -33.60254 ], [ -70.33273, -33.60233 ], [ -70.33322, -33.6026 ], [ -70.33354, -33.60222 ], [ -70.33384, -33.60215 ], [ -70.33472, -33.60251 ], [ -70.33755, -33.60247 ], [ -70.33899, -33.60305 ], [ -70.33964, -33.60389 ], [ -70.33959, -33.60444 ], [ -70.33989, -33.60457 ], [ -70.34032, -33.60426 ], [ -70.34077, -33.60451 ], [ -70.3412, -33.60453 ], [ -70.34139, -33.60408 ], [ -70.34165, -33.60392 ], [ -70.342, -33.60396 ], [ -70.34251, -33.6043 ], [ -70.34358, -33.60423 ], [ -70.34414, -33.60446 ], [ -70.3444, -33.60494 ], [ -70.34526, -33.60541 ], [ -70.34669, -33.60553 ], [ -70.34743, -33.60539 ], [ -70.34776, -33.60578 ], [ -70.34841, -33.60613 ], [ -70.35036, -33.60614 ], [ -70.35085, -33.60646 ] ] } },
{ "type": "Feature", "properties": { "nombre": "Quebrada Hornito", "tipo": "stream", "volcan_codigo": "SJO", "volcan_nombre": "San Jose", "drena_volcan": false }, "geometry": { "type": "LineString", "coordinates": [ [ -70.36283, -33.69967 ], [ -70.36223, -33.69889 ], [ -70.36107, -33.69794 ], [ -70.3597, -33.69748 ], [ -70.35916, -33.69707 ], [ -70.35899, -33.69662 ], [ -70.35839, -33.69603 ], [ -70.35826, -33.69566 ], [ -70.35833, -33.69494 ], [ -70.35719, -33.69421 ], [ -70.35631, -33.69327 ], [ -70.35571, -33.69286 ], [ -70.35423, -33.69303 ], [ -70.3535, -33.69293 ], [ -70.35294, -33.69262 ], [ -70.3506, -33.69219 ], [ -70.34955, -33.69071 ], [ -70.3494, -33.69019 ] ] } },
{ "type": "Feature", "properties": { "nombre": "Quebrada Hospital", "tipo": "stream", "volcan_codigo": "SJO", "volcan_nombre": "San Jose", "drena_volcan": false }, "geometry": { "type": "MultiLineString", "coordinates": [ [ [ -70.0632, -33.51883 ], [ -70.06341, -33.51746 ], [ -70.06386, -33.51595 ], [ -70.06481, -33.51509 ], [ -70.06504, -33.51429 ], [ -70.06547, -33.51359 ], [ -70.06562, -33.51255 ], [ -70.06631, -33.5111 ], [ -70.06693, -33.51066 ], [ -70.06745, -33.51003 ], [ -70.06734, -33.50949 ], [ -70.06766, -33.50837 ], [ -70.06817, -33.50766 ], [ -70.06869, -33.5062 ], [ -70.06908, -33.50577 ], [ -70.06955, -33.50389 ], [ -70.07021, -33.50242 ], [ -70.07032, -33.50076 ], [ -70.07092, -33.49993 ], [ -70.07137, -33.49854 ], [ -70.07165, -33.49818 ], [ -70.07255, -33.49759 ], [ -70.07281, -33.49514 ], [ -70.07337, -33.49474 ], [ -70.07413, -33.49325 ] ], [ [ -69.99513, -34.08091 ], [ -69.99573, -34.08044 ], [ -69.99732, -34.07978 ], [ -69.99773, -34.07937 ], [ -69.99865, -34.07921 ], [ -70.00223, -34.07773 ], [ -70.00318, -34.07718 ], [ -70.00515, -34.07533 ], [ -70.00575, -34.07416 ], [ -70.00723, -34.07194 ], [ -70.00758, -34.07066 ], [ -70.0082, -34.06949 ], [ -70.00897, -34.06693 ], [ -70.01026, -34.06517 ], [ -70.01073, -34.06478 ], [ -70.01268, -34.06369 ], [ -70.01399, -34.06319 ], [ -70.01504, -34.06316 ], [ -70.01661, -34.06344 ], [ -70.0185, -34.06339 ], [ -70.01924, -34.06369 ] ] ] } },
{ "type": "Feature", "properties": { "nombre": "Quebrada Juncalito", "tipo": "stream", "volcan_codigo": "SJO", "volcan_nombre": "San Jose", "drena_volcan": false }, "geometry": { "type": "LineString", "coordinates": [ [ -70.15086, -34.05559 ], [ -70.15045, -34.05591 ], [ -70.14895, -34.05601 ], [ -70.14869, -34.05578 ], [ -70.14807, -34.05564 ], [ -70.14644, -34.05566 ], [ -70.14614, -34.05548 ], [ -70.14429, -34.05534 ], [ -70.14356, -34.05514 ], [ -70.14206, -34.05569 ], [ -70.1412, -34.05584 ], [ -70.14084, -34.05617 ], [ -70.14019, -34.05621 ], [ -70.13831, -34.05674 ], [ -70.13586, -34.05674 ], [ -70.13479, -34.05699 ], [ -70.13384, -34.05699 ], [ -70.13331, -34.05681 ], [ -70.13273, -34.05628 ], [ -70.13213, -34.05608 ], [ -70.13071, -34.05496 ], [ -70.12811, -34.05448 ], [ -70.12728, -34.05384 ], [ -70.12376, -34.05232 ], [ -70.12258, -34.05208 ], [ -70.12078, -34.0521 ], [ -70.11988, -34.05258 ], [ -70.1193, -34.0527 ], [ -70.11843, -34.05258 ], [ -70.11699, -34.05174 ], [ -70.1165, -34.05066 ] ] } },
{ "type": "Feature", "properties": { "nombre": "Quebrada La Buitrera", "tipo": "stream", "volcan_codigo": "SJO", "volcan_nombre": "San Jose", "drena_volcan": false }, "geometry": { "type": "LineString", "coordinates": [ [ -70.36394, -33.51791 ], [ -70.36315, -33.51924 ], [ -70.36308, -33.5209 ], [ -70.36343, -33.52235 ], [ -70.36353, -33.52256 ], [ -70.36379, -33.52258 ], [ -70.36381, -33.52303 ], [ -70.36407, -33.52341 ], [ -70.3637, -33.52432 ], [ -70.36375, -33.52502 ], [ -70.36413, -33.52537 ], [ -70.36431, -33.52584 ], [ -70.36373, -33.5275 ], [ -70.36379, -33.52811 ], [ -70.36334, -33.52893 ], [ -70.36355, -33.52959 ], [ -70.36405, -33.52985 ], [ -70.36426, -33.53203 ], [ -70.36409, -33.53221 ], [ -70.36403, -33.53296 ], [ -70.36351, -33.53446 ], [ -70.36379, -33.53494 ], [ -70.36377, -33.53521 ], [ -70.36246, -33.53718 ], [ -70.36246, -33.53804 ], [ -70.361, -33.54078 ], [ -70.3604, -33.54262 ], [ -70.36074, -33.54343 ], [ -70.36064, -33.54559 ], [ -70.35933, -33.54673 ], [ -70.35808, -33.54698 ], [ -70.35787, -33.54716 ], [ -70.35776, -33.54804 ], [ -70.35684, -33.5492 ], [ -70.3569, -33.5496 ], [ -70.35774, -33.55094 ], [ -70.35748, -33.55324 ], [ -70.35718, -33.55376 ], [ -70.35744, -33.5546 ], [ -70.35682, -33.555 ], [ -70.3566, -33.55553 ], [ -70.35662, -33.55607 ], [ -70.35484, -33.55636 ], [ -70.35444, -33.55686 ], [ -70.35431, -33.55784 ], [ -70.35334, -33.55838 ], [ -70.35255, -33.55845 ], [ -70.35162, -33.55809 ], [ -70.35087, -33.55811 ], [ -70.3507, -33.55827 ], [ -70.35014, -33.55834 ], [ -70.34989, -33.5585 ], [ -70.34939, -33.55947 ], [ -70.34905, -33.55968 ], [ -70.34572, -33.56059 ], [ -70.34532, -33.56097 ], [ -70.34536, -33.5615 ], [ -70.34564, -33.56192 ], [ -70.34564, -33.56238 ], [ -70.34491, -33.56311 ], [ -70.34469, -33.56365 ], [ -70.34499, -33.56385 ], [ -70.34519, -33.56437 ], [ -70.3451, -33.56533 ], [ -70.34529, -33.56628 ], [ -70.34506, -33.5671 ], [ -70.34529, -33.56812 ], [ -70.34583, -33.56867 ], [ -70.34615, -33.56946 ] ] } },
{ "type": "Feature", "properties": { "nombre": "Quebrada La Hedionda", "tipo": "stream", "volcan_codigo": "SJO", "volcan_nombre": "San Jose", "drena_volcan": false }, "geometry": { "type": "LineString", "coordinates": [ [ -70.00279, -33.93586 ], [ -70.00412, -33.93633 ], [ -70.00532, -33.93643 ], [ -70.00594, -33.9367 ], [ -70.00774, -33.93832 ], [ -70.00976, -33.93848 ], [ -70.01021, -33.93875 ], [ -70.01212, -33.93855 ], [ -70.01579, -33.94044 ], [ -70.01746, -33.94147 ], [ -70.0207, -33.94245 ], [ -70.0219, -33.94266 ], [ -70.02358, -33.9427 ], [ -70.02437, -33.9429 ], [ -70.02581, -33.94418 ], [ -70.0262, -33.94434 ], [ -70.02723, -33.94423 ], [ -70.02768, -33.94509 ], [ -70.03025, -33.94672 ], [ -70.03038, -33.94699 ], [ -70.03027, -33.94736 ], [ -70.03066, -33.94806 ], [ -70.0315, -33.94849 ], [ -70.03216, -33.9485 ] ] } },
{ "type": "Feature", "properties": { "nombre": "Quebrada La Vinilla", "tipo": "stream", "volcan_codigo": "SJO", "volcan_nombre": "San Jose", "drena_volcan": false }, "geometry": { "type": "MultiLineString", "coordinates": [ [ [ -70.30517, -33.58023 ], [ -70.30508, -33.57926 ], [ -70.30569, -33.57797 ], [ -70.30704, -33.57679 ], [ -70.30721, -33.57601 ], [ -70.30764, -33.57551 ], [ -70.30811, -33.57456 ], [ -70.30828, -33.57365 ], [ -70.30888, -33.57333 ], [ -70.30944, -33.57267 ], [ -70.30951, -33.57233 ], [ -70.30918, -33.57182 ], [ -70.30918, -33.57152 ], [ -70.30974, -33.57061 ], [ -70.31034, -33.57025 ], [ -70.31084, -33.56963 ], [ -70.31167, -33.56936 ], [ -70.31294, -33.56802 ], [ -70.31401, -33.56761 ], [ -70.31416, -33.56693 ], [ -70.31463, -33.56662 ], [ -70.31549, -33.5656 ], [ -70.31669, -33.56507 ], [ -70.3168, -33.56432 ], [ -70.31867, -33.56242 ] ], [ [ -70.31876, -33.56234 ], [ -70.31912, -33.5621 ], [ -70.31968, -33.56201 ], [ -70.32034, -33.56219 ], [ -70.32086, -33.56206 ], [ -70.32147, -33.56146 ] ], [ [ -70.31867, -33.56242 ], [ -70.31876, -33.56234 ] ] ] } },
{ "type": "Feature", "properties": { "nombre": "Quebrada Las Amarillas", "tipo": "stream", "volcan_codigo": "SJO", "volcan_nombre": "San Jose", "drena_volcan": true }, "geometry": { "type": "MultiLineString", "coordinates": [ [ [ -70.08593, -33.8569 ], [ -70.08704, -33.85312 ], [ -70.08728, -33.85129 ], [ -70.08693, -33.85013 ], [ -70.08715, -33.84929 ], [ -70.08709, -33.84772 ], [ -70.08638, -33.84633 ], [ -70.0861, -33.84498 ], [ -70.0861, -33.84464 ], [ -70.08646, -33.84382 ], [ -70.08648, -33.84222 ], [ -70.08678, -33.84125 ], [ -70.08661, -33.84026 ], [ -70.08586, -33.83958 ], [ -70.08571, -33.83906 ], [ -70.08563, -33.83865 ], [ -70.08606, -33.8381 ], [ -70.08608, -33.8374 ], [ -70.0852, -33.83528 ], [ -70.08485, -33.83289 ], [ -70.08451, -33.83197 ], [ -70.08427, -33.82881 ], [ -70.0846, -33.82803 ], [ -70.08453, -33.82763 ] ], [ [ -70.05297, -33.95206 ], [ -70.05683, -33.95167 ], [ -70.05771, -33.95194 ], [ -70.05902, -33.95267 ], [ -70.06005, -33.95277 ], [ -70.06176, -33.95269 ], [ -70.06327, -33.95212 ], [ -70.06507, -33.95217 ], [ -70.06964, -33.95014 ], [ -70.07185, -33.94859 ], [ -70.07316, -33.94795 ], [ -70.07657, -33.94679 ], [ -70.0803, -33.94702 ], [ -70.08084, -33.94679 ], [ -70.08135, -33.94597 ], [ -70.08213, -33.94526 ], [ -70.08311, -33.94503 ] ] ] } },
{ "type": "Feature", "properties": { "nombre": "Quebrada Las Bayas", "tipo": "stream", "volcan_codigo": "SJO", "volcan_nombre": "San Jose", "drena_volcan": false }, "geometry": { "type": "LineString", "coordinates": [ [ -70.32742, -33.52454 ], [ -70.32613, -33.52497 ], [ -70.32266, -33.52558 ], [ -70.32096, -33.52646 ], [ -70.31901, -33.52692 ], [ -70.31828, -33.52724 ], [ -70.31794, -33.52782 ], [ -70.31708, -33.52849 ], [ -70.31335, -33.52846 ], [ -70.31275, -33.52871 ], [ -70.31268, -33.5291 ], [ -70.3121, -33.5296 ], [ -70.31169, -33.53036 ], [ -70.31129, -33.53064 ], [ -70.31023, -33.5307 ], [ -70.30972, -33.53093 ], [ -70.30863, -33.53284 ], [ -70.3077, -33.53338 ], [ -70.3077, -33.53458 ], [ -70.30725, -33.53552 ], [ -70.30661, -33.53617 ], [ -70.30485, -33.53721 ], [ -70.30461, -33.53801 ], [ -70.30405, -33.53851 ], [ -70.30343, -33.53998 ], [ -70.30245, -33.5408 ], [ -70.30157, -33.54062 ], [ -70.30131, -33.54041 ], [ -70.30047, -33.5406 ], [ -70.2991, -33.54137 ], [ -70.29914, -33.54182 ], [ -70.30002, -33.54297 ], [ -70.29993, -33.54333 ], [ -70.30045, -33.54385 ], [ -70.30032, -33.54462 ], [ -70.29953, -33.54538 ], [ -70.29946, -33.54563 ], [ -70.30066, -33.54628 ], [ -70.30084, -33.54656 ], [ -70.30075, -33.54801 ], [ -70.30131, -33.54901 ], [ -70.3012, -33.54962 ], [ -70.30186, -33.55021 ] ] } },
{ "type": "Feature", "properties": { "nombre": "Quebrada Las Damas", "tipo": "stream", "volcan_codigo": "SJO", "volcan_nombre": "San Jose", "drena_volcan": false }, "geometry": { "type": "LineString", "coordinates": [ [ -70.20649, -34.0279 ], [ -70.20385, -34.02759 ], [ -70.20136, -34.02674 ], [ -70.19774, -34.02521 ], [ -70.19525, -34.02507 ], [ -70.19402, -34.02397 ], [ -70.19312, -34.02381 ], [ -70.19269, -34.02354 ], [ -70.19272, -34.02285 ], [ -70.19254, -34.02267 ], [ -70.19076, -34.02226 ], [ -70.19023, -34.02197 ], [ -70.189, -34.02197 ], [ -70.18707, -34.02272 ], [ -70.18673, -34.02308 ], [ -70.18557, -34.02315 ], [ -70.18538, -34.02295 ], [ -70.1831, -34.02279 ], [ -70.18259, -34.02258 ], [ -70.18154, -34.02149 ], [ -70.18018, -34.02148 ], [ -70.17821, -34.02082 ], [ -70.17701, -34.01995 ], [ -70.17656, -34.0194 ], [ -70.17564, -34.01881 ], [ -70.17362, -34.01675 ], [ -70.17287, -34.01634 ], [ -70.1719, -34.01497 ], [ -70.17049, -34.01346 ], [ -70.17025, -34.01299 ], [ -70.16875, -34.01226 ], [ -70.16639, -34.00995 ], [ -70.16592, -34.00967 ], [ -70.16476, -34.00949 ], [ -70.16433, -34.00917 ], [ -70.1639, -34.00869 ], [ -70.16366, -34.00796 ], [ -70.16295, -34.00695 ], [ -70.16184, -34.00579 ], [ -70.16122, -34.0057 ], [ -70.15995, -34.00511 ], [ -70.15938, -34.00428 ], [ -70.15913, -34.00417 ], [ -70.15797, -34.00415 ], [ -70.15713, -34.00325 ], [ -70.15501, -34.00234 ], [ -70.15425, -34.00111 ], [ -70.1535, -34.00045 ], [ -70.15329, -33.99974 ], [ -70.15299, -33.99935 ], [ -70.15243, -33.99917 ], [ -70.15172, -33.99826 ], [ -70.15065, -33.99814 ], [ -70.14925, -33.99714 ], [ -70.14844, -33.997 ], [ -70.14812, -33.99666 ], [ -70.14758, -33.99649 ], [ -70.14565, -33.99478 ], [ -70.14393, -33.99408 ], [ -70.14374, -33.99369 ], [ -70.14299, -33.99305 ], [ -70.14165, -33.99248 ], [ -70.14117, -33.99249 ] ] } },
{ "type": "Feature", "properties": { "nombre": "Quebrada Las Lajitas", "tipo": "stream", "volcan_codigo": "SJO", "volcan_nombre": "San Jose", "drena_volcan": false }, "geometry": { "type": "LineString", "coordinates": [ [ -70.17446, -33.91375 ], [ -70.17646, -33.91421 ], [ -70.17736, -33.91409 ], [ -70.17753, -33.9145 ], [ -70.17839, -33.9145 ], [ -70.1786, -33.91511 ], [ -70.17891, -33.91512 ], [ -70.17957, -33.9155 ], [ -70.18131, -33.91569 ], [ -70.18272, -33.91681 ], [ -70.1836, -33.9181 ], [ -70.18412, -33.91826 ], [ -70.18446, -33.91861 ], [ -70.18558, -33.91893 ], [ -70.18659, -33.919 ], [ -70.18875, -33.92018 ], [ -70.18959, -33.92047 ], [ -70.19017, -33.92061 ], [ -70.19071, -33.92039 ], [ -70.19172, -33.92039 ], [ -70.19296, -33.91998 ], [ -70.19403, -33.91998 ], [ -70.19532, -33.92023 ], [ -70.1968, -33.92019 ], [ -70.19745, -33.91998 ] ] } },
{ "type": "Feature", "properties": { "nombre": "Quebrada Las Melosas", "tipo": "stream", "volcan_codigo": "SJO", "volcan_nombre": "San Jose", "drena_volcan": false }, "geometry": { "type": "LineString", "coordinates": [ [ -70.23622, -33.8312 ], [ -70.23563, -33.8302 ], [ -70.23495, -33.82974 ], [ -70.23484, -33.82913 ], [ -70.23378, -33.82798 ], [ -70.23169, -33.82657 ], [ -70.23032, -33.82502 ], [ -70.22933, -33.82453 ], [ -70.22901, -33.82408 ], [ -70.22827, -33.82383 ], [ -70.22767, -33.82403 ], [ -70.22679, -33.824 ], [ -70.22619, -33.82337 ], [ -70.22575, -33.82336 ], [ -70.2251, -33.82302 ], [ -70.2251, -33.82223 ], [ -70.22479, -33.82168 ] ] } },
{ "type": "Feature", "properties": { "nombre": "Quebrada Las Tortolas", "tipo": "stream", "volcan_codigo": "SJO", "volcan_nombre": "San Jose", "drena_volcan": false }, "geometry": { "type": "LineString", "coordinates": [ [ -70.24365, -33.5974 ], [ -70.24406, -33.59592 ], [ -70.2449, -33.59526 ], [ -70.24524, -33.59479 ], [ -70.24685, -33.5939 ], [ -70.24743, -33.59338 ], [ -70.2491, -33.59252 ], [ -70.24988, -33.59177 ], [ -70.25099, -33.59002 ], [ -70.25101, -33.58827 ], [ -70.25136, -33.5878 ], [ -70.25194, -33.58532 ], [ -70.25346, -33.58434 ], [ -70.25376, -33.58385 ], [ -70.25528, -33.58269 ], [ -70.25595, -33.58187 ], [ -70.2573, -33.58107 ], [ -70.25891, -33.58085 ], [ -70.25977, -33.58108 ], [ -70.26166, -33.58092 ], [ -70.26292, -33.58051 ], [ -70.2634, -33.58001 ], [ -70.26447, -33.57965 ], [ -70.26631, -33.57962 ], [ -70.269, -33.57899 ], [ -70.26958, -33.57817 ], [ -70.27015, -33.57695 ], [ -70.27097, -33.57694 ], [ -70.27296, -33.57608 ] ] } },
{ "type": "Feature", "properties": { "nombre": "Quebrada Los Caballos", "tipo": "stream", "volcan_codigo": "SJO", "volcan_nombre": "San Jose", "drena_volcan": true }, "geometry": { "type": "MultiLineString", "coordinates": [ [ [ -69.97103, -33.58639 ], [ -69.97111, -33.58677 ], [ -69.97086, -33.58764 ], [ -69.97073, -33.59038 ], [ -69.97092, -33.59111 ], [ -69.97079, -33.59158 ], [ -69.97103, -33.59243 ], [ -69.97088, -33.59281 ], [ -69.97064, -33.59297 ], [ -69.97101, -33.59419 ], [ -69.97111, -33.59542 ], [ -69.9709, -33.59692 ], [ -69.97103, -33.59769 ], [ -69.97086, -33.59826 ], [ -69.97101, -33.59964 ], [ -69.97083, -33.60035 ], [ -69.97152, -33.6011 ], [ -69.97159, -33.60144 ], [ -69.97144, -33.60187 ], [ -69.97159, -33.60244 ], [ -69.97227, -33.60284 ], [ -69.97266, -33.60346 ], [ -69.97289, -33.60459 ], [ -69.97274, -33.60525 ], [ -69.97375, -33.60759 ], [ -69.97384, -33.60838 ], [ -69.97607, -33.60956 ], [ -69.97757, -33.61059 ], [ -69.97899, -33.61115 ] ], [ [ -69.97906, -33.61124 ], [ -69.97953, -33.61141 ], [ -69.97956, -33.61179 ] ], [ [ -69.97899, -33.61115 ], [ -69.97906, -33.61124 ] ], [ [ -69.96461, -33.90972 ], [ -69.96752, -33.90937 ], [ -69.96978, -33.90821 ], [ -69.97066, -33.90752 ], [ -69.97246, -33.90691 ], [ -69.97403, -33.9054 ], [ -69.97445, -33.90435 ], [ -69.97433, -33.90361 ], [ -69.97345, -33.90158 ], [ -69.9735, -33.90038 ], [ -69.97324, -33.89921 ], [ -69.97251, -33.89864 ], [ -69.97212, -33.89736 ], [ -69.97234, -33.89664 ], [ -69.97215, -33.89536 ], [ -69.97157, -33.89383 ], [ -69.97124, -33.89347 ], [ -69.97185, -33.89182 ], [ -69.97264, -33.89125 ], [ -69.97266, -33.89073 ], [ -69.97298, -33.88995 ], [ -69.97221, -33.88886 ], [ -69.97159, -33.88679 ], [ -69.9717, -33.8858 ], [ -69.97234, -33.88453 ], [ -69.97215, -33.88341 ], [ -69.97227, -33.88288 ], [ -69.97279, -33.88181 ], [ -69.97251, -33.88026 ], [ -69.97195, -33.87946 ], [ -69.97137, -33.87929 ], [ -69.97112, -33.87867 ], [ -69.97071, -33.8784 ], [ -69.97069, -33.87814 ], [ -69.97021, -33.87792 ], [ -69.97015, -33.87758 ], [ -69.97039, -33.87728 ], [ -69.97002, -33.87668 ], [ -69.97032, -33.87616 ], [ -69.96998, -33.87545 ], [ -69.97043, -33.87491 ], [ -69.97152, -33.87443 ], [ -69.9718, -33.87416 ], [ -69.97183, -33.87367 ] ], [ [ -70.16093, -33.9099 ], [ -70.16222, -33.90887 ], [ -70.16451, -33.90815 ], [ -70.16589, -33.90728 ], [ -70.16642, -33.90741 ], [ -70.16726, -33.90725 ], [ -70.16866, -33.90758 ], [ -70.16928, -33.90755 ], [ -70.16979, -33.90785 ], [ -70.17063, -33.90778 ], [ -70.17175, -33.90803 ], [ -70.17357, -33.90792 ], [ -70.17473, -33.9076 ], [ -70.17629, -33.90782 ], [ -70.17726, -33.90766 ], [ -70.17777, -33.90732 ], [ -70.17898, -33.90705 ], [ -70.17966, -33.9065 ], [ -70.18086, -33.90632 ], [ -70.18125, -33.90561 ], [ -70.18168, -33.90522 ], [ -70.18314, -33.9047 ], [ -70.18529, -33.90324 ], [ -70.18591, -33.90302 ], [ -70.18679, -33.90297 ], [ -70.18792, -33.90302 ], [ -70.1882, -33.90326 ], [ -70.1887, -33.90319 ], [ -70.18943, -33.90245 ], [ -70.19013, -33.90245 ], [ -70.19116, -33.9019 ], [ -70.19151, -33.90153 ], [ -70.19207, -33.90139 ], [ -70.19262, -33.90101 ], [ -70.19361, -33.90078 ], [ -70.19516, -33.9008 ], [ -70.19593, -33.90126 ], [ -70.19752, -33.9018 ], [ -70.19843, -33.90167 ] ] ] } },
{ "type": "Feature", "properties": { "nombre": "Quebrada Los Chacayes", "tipo": "stream", "volcan_codigo": "SJO", "volcan_nombre": "San Jose", "drena_volcan": false }, "geometry": { "type": "MultiLineString", "coordinates": [ [ [ -70.12544, -33.74942 ], [ -70.12834, -33.74885 ], [ -70.1289, -33.74839 ], [ -70.12954, -33.74751 ], [ -70.13117, -33.74703 ], [ -70.13222, -33.74644 ], [ -70.13321, -33.74644 ], [ -70.13512, -33.74721 ], [ -70.13842, -33.74789 ], [ -70.13932, -33.74826 ], [ -70.14085, -33.74801 ], [ -70.14145, -33.74823 ], [ -70.14269, -33.74809 ], [ -70.14447, -33.74869 ], [ -70.14525, -33.74878 ], [ -70.14664, -33.74855 ], [ -70.14748, -33.74871 ], [ -70.1481, -33.74864 ], [ -70.14859, -33.74837 ], [ -70.15126, -33.7483 ], [ -70.15252, -33.74873 ], [ -70.15435, -33.75066 ], [ -70.15503, -33.75097 ] ], [ [ -70.15518, -33.75103 ], [ -70.15595, -33.75135 ], [ -70.15696, -33.75262 ], [ -70.15765, -33.75267 ], [ -70.15846, -33.75224 ] ], [ [ -70.15503, -33.75097 ], [ -70.15518, -33.75103 ] ] ] } },
{ "type": "Feature", "properties": { "nombre": "Quebrada Los Cojudos", "tipo": "stream", "volcan_codigo": "SJO", "volcan_nombre": "San Jose", "drena_volcan": false }, "geometry": { "type": "LineString", "coordinates": [ [ -70.19169, -33.72631 ], [ -70.19242, -33.7274 ], [ -70.19255, -33.72788 ], [ -70.19233, -33.72819 ], [ -70.19221, -33.7294 ], [ -70.1927, -33.73165 ], [ -70.19246, -33.73233 ], [ -70.19188, -33.73291 ], [ -70.19124, -33.73445 ], [ -70.19109, -33.73468 ], [ -70.19002, -33.73532 ], [ -70.18937, -33.73602 ], [ -70.18843, -33.73639 ], [ -70.18746, -33.73747 ], [ -70.18675, -33.73775 ], [ -70.18592, -33.7375 ], [ -70.18502, -33.73775 ], [ -70.18446, -33.73829 ], [ -70.1845, -33.73879 ], [ -70.18313, -33.73932 ], [ -70.18201, -33.74066 ], [ -70.18122, -33.74098 ], [ -70.17982, -33.74105 ], [ -70.17903, -33.74205 ], [ -70.17821, -33.74241 ], [ -70.17796, -33.74309 ], [ -70.17725, -33.74362 ], [ -70.17708, -33.74392 ], [ -70.17667, -33.74514 ], [ -70.17667, -33.74651 ], [ -70.17706, -33.74772 ], [ -70.17699, -33.74808 ], [ -70.17718, -33.74908 ], [ -70.17759, -33.74938 ], [ -70.17764, -33.74969 ], [ -70.17725, -33.75045 ], [ -70.17727, -33.75124 ], [ -70.17637, -33.75183 ], [ -70.17554, -33.75419 ], [ -70.17478, -33.75473 ], [ -70.17478, -33.75516 ], [ -70.17441, -33.75548 ] ] } },
{ "type": "Feature", "properties": { "nombre": "Quebrada Los Corralitos", "tipo": "stream", "volcan_codigo": "SJO", "volcan_nombre": "San Jose", "drena_volcan": false }, "geometry": { "type": "LineString", "coordinates": [ [ -70.3527, -33.51456 ], [ -70.35229, -33.51511 ], [ -70.35199, -33.51515 ], [ -70.35051, -33.51617 ], [ -70.35062, -33.51665 ], [ -70.35047, -33.51761 ], [ -70.34963, -33.51888 ], [ -70.34787, -33.51956 ], [ -70.34701, -33.52019 ], [ -70.34671, -33.5206 ], [ -70.34598, -33.5211 ], [ -70.34542, -33.52123 ], [ -70.34508, -33.52162 ], [ -70.34435, -33.52202 ], [ -70.34454, -33.52264 ], [ -70.34444, -33.52283 ], [ -70.34392, -33.52335 ], [ -70.34328, -33.52355 ], [ -70.34293, -33.52407 ], [ -70.34281, -33.52457 ], [ -70.34253, -33.52468 ], [ -70.34233, -33.52507 ], [ -70.34053, -33.52663 ], [ -70.33866, -33.53026 ], [ -70.33774, -33.53083 ], [ -70.33708, -33.53255 ], [ -70.3365, -33.5329 ], [ -70.33609, -33.53353 ], [ -70.33641, -33.53553 ], [ -70.33665, -33.53598 ], [ -70.33658, -33.53648 ], [ -70.3368, -33.53718 ], [ -70.33671, -33.53786 ], [ -70.33652, -33.53839 ], [ -70.33577, -33.53882 ], [ -70.33572, -33.53943 ], [ -70.33487, -33.54092 ], [ -70.33461, -33.54113 ], [ -70.33429, -33.54228 ], [ -70.33427, -33.54254 ], [ -70.33487, -33.54313 ], [ -70.33497, -33.54342 ], [ -70.33491, -33.54397 ], [ -70.33519, -33.54485 ], [ -70.33519, -33.54571 ], [ -70.33587, -33.54648 ], [ -70.33648, -33.54666 ], [ -70.33658, -33.54687 ], [ -70.33652, -33.54739 ], [ -70.33607, -33.54836 ], [ -70.33613, -33.54887 ], [ -70.33641, -33.54932 ], [ -70.3363, -33.54975 ], [ -70.33738, -33.5515 ], [ -70.33774, -33.55183 ], [ -70.33768, -33.55286 ], [ -70.33819, -33.5534 ], [ -70.33819, -33.55413 ], [ -70.33959, -33.55515 ], [ -70.34032, -33.55664 ], [ -70.34062, -33.55798 ], [ -70.34096, -33.55867 ], [ -70.34184, -33.55975 ], [ -70.34242, -33.55996 ], [ -70.34276, -33.56093 ], [ -70.34343, -33.56153 ], [ -70.34353, -33.56318 ], [ -70.34429, -33.56366 ], [ -70.34469, -33.56365 ] ] } },
{ "type": "Feature", "properties": { "nombre": "Quebrada Los Loros", "tipo": "stream", "volcan_codigo": "SJO", "volcan_nombre": "San Jose", "drena_volcan": false }, "geometry": { "type": "LineString", "coordinates": [ [ -70.23393, -33.85657 ], [ -70.23262, -33.85677 ], [ -70.23189, -33.85646 ], [ -70.23098, -33.85652 ], [ -70.23066, -33.85637 ], [ -70.22938, -33.85628 ], [ -70.22875, -33.85644 ], [ -70.22804, -33.85608 ], [ -70.22763, -33.85557 ], [ -70.22711, -33.85534 ], [ -70.22648, -33.85471 ], [ -70.2261, -33.85462 ], [ -70.22579, -33.85414 ], [ -70.2252, -33.85393 ], [ -70.22518, -33.85367 ], [ -70.22471, -33.8532 ], [ -70.22368, -33.85247 ], [ -70.22352, -33.85216 ], [ -70.22314, -33.85201 ], [ -70.22186, -33.85065 ], [ -70.22114, -33.85021 ], [ -70.22115, -33.85004 ], [ -70.2204, -33.84923 ], [ -70.22007, -33.84862 ], [ -70.21891, -33.84782 ], [ -70.21866, -33.8473 ], [ -70.21872, -33.84697 ], [ -70.21837, -33.84652 ], [ -70.21792, -33.84633 ], [ -70.21716, -33.84623 ], [ -70.21702, -33.84633 ], [ -70.21579, -33.84558 ], [ -70.2154, -33.84506 ], [ -70.21504, -33.84413 ], [ -70.21482, -33.84399 ], [ -70.21475, -33.84311 ], [ -70.21447, -33.84251 ], [ -70.21401, -33.84207 ], [ -70.21345, -33.84184 ], [ -70.21323, -33.8415 ], [ -70.21249, -33.84131 ] ] } },
{ "type": "Feature", "properties": { "nombre": "Quebrada Los Lunes", "tipo": "stream", "volcan_codigo": "SJO", "volcan_nombre": "San Jose", "drena_volcan": false }, "geometry": { "type": "MultiLineString", "coordinates": [ [ [ -70.28963, -33.67104 ], [ -70.28971, -33.67056 ], [ -70.29074, -33.66854 ], [ -70.29074, -33.66797 ], [ -70.29268, -33.66461 ], [ -70.29283, -33.66395 ], [ -70.29268, -33.66268 ], [ -70.29293, -33.66175 ], [ -70.2922, -33.66015 ], [ -70.29216, -33.65918 ], [ -70.2916, -33.658 ], [ -70.29158, -33.65729 ], [ -70.29212, -33.65618 ], [ -70.29233, -33.6552 ], [ -70.29171, -33.65423 ], [ -70.29171, -33.65379 ], [ -70.29128, -33.65322 ], [ -70.29128, -33.65275 ], [ -70.29023, -33.65125 ], [ -70.28992, -33.65043 ] ], [ [ -70.10853, -33.77737 ], [ -70.10769, -33.77889 ], [ -70.10741, -33.78021 ], [ -70.10666, -33.78161 ], [ -70.10589, -33.78242 ], [ -70.10533, -33.78379 ], [ -70.10424, -33.78481 ], [ -70.10402, -33.78598 ], [ -70.10376, -33.78647 ], [ -70.10288, -33.78721 ], [ -70.10278, -33.78859 ], [ -70.10346, -33.78984 ], [ -70.104, -33.79012 ], [ -70.10514, -33.79028 ], [ -70.107, -33.79092 ], [ -70.10739, -33.79135 ], [ -70.10758, -33.79303 ], [ -70.10799, -33.79374 ], [ -70.10868, -33.79429 ], [ -70.10979, -33.79556 ], [ -70.11153, -33.79665 ], [ -70.11286, -33.79779 ], [ -70.11374, -33.79788 ], [ -70.11705, -33.79911 ], [ -70.11919, -33.80086 ], [ -70.12035, -33.80216 ], [ -70.12078, -33.80235 ], [ -70.12102, -33.80275 ], [ -70.12157, -33.80282 ], [ -70.12196, -33.80317 ], [ -70.12256, -33.80326 ], [ -70.1231, -33.8038 ], [ -70.12363, -33.80392 ], [ -70.12402, -33.80423 ], [ -70.12632, -33.80433 ], [ -70.12702, -33.80471 ], [ -70.1275, -33.80526 ], [ -70.12801, -33.80539 ], [ -70.12936, -33.80656 ], [ -70.13164, -33.80742 ], [ -70.1325, -33.80826 ], [ -70.13413, -33.80876 ], [ -70.13488, -33.80934 ], [ -70.13649, -33.80952 ], [ -70.13803, -33.81034 ], [ -70.13887, -33.81041 ], [ -70.13917, -33.81082 ], [ -70.13968, -33.81081 ], [ -70.14024, -33.81204 ], [ -70.14082, -33.81287 ], [ -70.14082, -33.81341 ], [ -70.14022, -33.81403 ], [ -70.14022, -33.81462 ], [ -70.13972, -33.81556 ], [ -70.13906, -33.81621 ] ], [ [ -70.07033, -33.97764 ], [ -70.07018, -33.97941 ], [ -70.07044, -33.97995 ], [ -70.07063, -33.98159 ], [ -70.07018, -33.98232 ], [ -70.06997, -33.98324 ], [ -70.07042, -33.98429 ], [ -70.07153, -33.98564 ], [ -70.07263, -33.98659 ], [ -70.07297, -33.98723 ], [ -70.07351, -33.98764 ], [ -70.07411, -33.98874 ], [ -70.07495, -33.98931 ], [ -70.07533, -33.99011 ], [ -70.07606, -33.99057 ], [ -70.07658, -33.99155 ], [ -70.07686, -33.99292 ], [ -70.0781, -33.99397 ], [ -70.08093, -33.99545 ], [ -70.0813, -33.9958 ], [ -70.08138, -33.99767 ], [ -70.08175, -33.99801 ], [ -70.08192, -33.99851 ], [ -70.08179, -33.99963 ], [ -70.08198, -34.0008 ], [ -70.08246, -34.00146 ], [ -70.08295, -34.00171 ], [ -70.0834, -34.00229 ], [ -70.08465, -34.00473 ], [ -70.08505, -34.00505 ], [ -70.08565, -34.00612 ], [ -70.08649, -34.00669 ], [ -70.08731, -34.00679 ], [ -70.08782, -34.00733 ], [ -70.08791, -34.008 ], [ -70.08808, -34.00816 ], [ -70.08943, -34.00848 ], [ -70.09072, -34.00943 ], [ -70.09228, -34.01122 ], [ -70.09308, -34.01142 ], [ -70.09387, -34.01185 ], [ -70.0952, -34.01286 ], [ -70.09548, -34.01346 ], [ -70.09576, -34.01346 ], [ -70.09602, -34.01384 ], [ -70.09645, -34.014 ], [ -70.09673, -34.01435 ], [ -70.09679, -34.01498 ], [ -70.09713, -34.01533 ], [ -70.09728, -34.01597 ], [ -70.09756, -34.0161 ], [ -70.09851, -34.0172 ], [ -70.0993, -34.01846 ], [ -70.09988, -34.01901 ], [ -70.09999, -34.01946 ], [ -70.10061, -34.02031 ], [ -70.10128, -34.02077 ], [ -70.10211, -34.02186 ], [ -70.10286, -34.0222 ], [ -70.10379, -34.02307 ], [ -70.10458, -34.02335 ], [ -70.10544, -34.02332 ], [ -70.10658, -34.02403 ], [ -70.10844, -34.02439 ], [ -70.10911, -34.02439 ], [ -70.11226, -34.02355 ], [ -70.11314, -34.02364 ], [ -70.11417, -34.0235 ], [ -70.11636, -34.02423 ], [ -70.1164, -34.02465 ], [ -70.11707, -34.02495 ], [ -70.11754, -34.02583 ], [ -70.11814, -34.02606 ], [ -70.11954, -34.02599 ], [ -70.12019, -34.02616 ], [ -70.12034, -34.02672 ] ] ] } },
{ "type": "Feature", "properties": { "nombre": "Quebrada Los Palitos", "tipo": "stream", "volcan_codigo": "SJO", "volcan_nombre": "San Jose", "drena_volcan": false }, "geometry": { "type": "LineString", "coordinates": [ [ -70.23351, -33.6842 ], [ -70.23371, -33.68354 ], [ -70.23368, -33.68302 ], [ -70.23332, -33.6817 ], [ -70.23418, -33.67926 ], [ -70.23458, -33.67892 ], [ -70.23643, -33.67885 ], [ -70.23742, -33.67817 ], [ -70.23903, -33.67768 ], [ -70.23978, -33.67688 ], [ -70.24021, -33.67668 ], [ -70.24107, -33.67549 ], [ -70.24154, -33.67444 ], [ -70.24218, -33.67392 ], [ -70.24255, -33.67335 ], [ -70.24276, -33.67274 ], [ -70.24409, -33.6714 ], [ -70.24482, -33.67002 ], [ -70.24641, -33.66858 ], [ -70.24654, -33.6682 ], [ -70.24613, -33.66681 ], [ -70.24652, -33.66654 ], [ -70.24664, -33.66601 ], [ -70.24714, -33.66563 ], [ -70.24746, -33.6651 ], [ -70.24778, -33.66297 ], [ -70.24819, -33.66251 ], [ -70.2493, -33.66176 ], [ -70.25064, -33.66118 ], [ -70.25109, -33.66083 ], [ -70.2516, -33.65968 ], [ -70.25212, -33.65908 ], [ -70.25218, -33.65818 ], [ -70.25295, -33.65767 ], [ -70.25353, -33.6564 ], [ -70.25428, -33.65588 ], [ -70.25422, -33.65543 ], [ -70.25478, -33.65458 ], [ -70.25836, -33.65354 ], [ -70.25872, -33.65268 ], [ -70.25924, -33.65236 ], [ -70.26044, -33.65195 ], [ -70.26078, -33.65163 ], [ -70.26128, -33.65179 ], [ -70.26179, -33.65124 ], [ -70.26284, -33.65081 ], [ -70.26413, -33.65066 ], [ -70.2649, -33.65097 ], [ -70.26568, -33.65068 ], [ -70.26814, -33.6504 ], [ -70.26836, -33.65025 ], [ -70.26937, -33.65025 ], [ -70.27042, -33.65052 ], [ -70.27078, -33.65118 ], [ -70.27119, -33.65141 ] ] } },
{ "type": "Feature", "properties": { "nombre": "Quebrada Los Puentes", "tipo": "stream", "volcan_codigo": "SJO", "volcan_nombre": "San Jose", "drena_volcan": false }, "geometry": { "type": "LineString", "coordinates": [ [ -70.12902, -33.95969 ], [ -70.13161, -33.96163 ], [ -70.13198, -33.96225 ], [ -70.13331, -33.96278 ], [ -70.13434, -33.96296 ], [ -70.13479, -33.96319 ], [ -70.13625, -33.96323 ], [ -70.13788, -33.96371 ], [ -70.14009, -33.96405 ], [ -70.14198, -33.96413 ], [ -70.14402, -33.96454 ], [ -70.14528, -33.96506 ], [ -70.14543, -33.96535 ], [ -70.14674, -33.96551 ], [ -70.14719, -33.96575 ], [ -70.14745, -33.96625 ], [ -70.14884, -33.96711 ], [ -70.14953, -33.9672 ], [ -70.14987, -33.96746 ], [ -70.15035, -33.96746 ], [ -70.15138, -33.96805 ], [ -70.15187, -33.96815 ] ] } },
{ "type": "Feature", "properties": { "nombre": "Quebrada Los Sapos", "tipo": "stream", "volcan_codigo": "SJO", "volcan_nombre": "San Jose", "drena_volcan": false }, "geometry": { "type": "LineString", "coordinates": [ [ -70.16046, -33.91732 ], [ -70.16074, -33.91871 ], [ -70.16162, -33.92013 ], [ -70.16173, -33.92088 ], [ -70.16207, -33.92163 ], [ -70.16357, -33.92266 ], [ -70.16424, -33.9235 ], [ -70.16454, -33.92467 ], [ -70.16452, -33.92556 ], [ -70.16482, -33.92652 ], [ -70.16522, -33.92691 ], [ -70.16555, -33.928 ], [ -70.16555, -33.92898 ], [ -70.16529, -33.92944 ], [ -70.16512, -33.93058 ], [ -70.16555, -33.93172 ], [ -70.16619, -33.93252 ], [ -70.16795, -33.93387 ], [ -70.16823, -33.93453 ], [ -70.16829, -33.93576 ], [ -70.16846, -33.93617 ], [ -70.16906, -33.93695 ], [ -70.16939, -33.93779 ], [ -70.17024, -33.93841 ], [ -70.17027, -33.93877 ], [ -70.17218, -33.93936 ], [ -70.17314, -33.93986 ], [ -70.17589, -33.94187 ], [ -70.17619, -33.94253 ], [ -70.17709, -33.94361 ], [ -70.17851, -33.94495 ], [ -70.17921, -33.94619 ], [ -70.17943, -33.94689 ], [ -70.17992, -33.94756 ], [ -70.18039, -33.94922 ], [ -70.18092, -33.9497 ] ] } },
{ "type": "Feature", "properties": { "nombre": "Quebrada Luna de Abarca", "tipo": "stream", "volcan_codigo": "SJO", "volcan_nombre": "San Jose", "drena_volcan": false }, "geometry": { "type": "LineString", "coordinates": [ [ -70.05136, -33.50727 ], [ -70.0518, -33.50662 ], [ -70.05254, -33.50628 ], [ -70.05341, -33.50535 ], [ -70.05386, -33.50386 ], [ -70.05479, -33.50271 ], [ -70.05498, -33.5013 ], [ -70.05568, -33.50009 ], [ -70.05581, -33.49969 ], [ -70.05566, -33.49935 ], [ -70.05582, -33.49807 ], [ -70.0555, -33.49735 ], [ -70.05557, -33.49653 ], [ -70.05527, -33.49568 ], [ -70.05534, -33.49506 ], [ -70.05588, -33.49394 ], [ -70.05738, -33.49301 ], [ -70.05809, -33.49237 ], [ -70.05883, -33.49094 ] ] } },
{ "type": "Feature", "properties": { "nombre": "Quebrada Maitén Seco", "tipo": "stream", "volcan_codigo": "SJO", "volcan_nombre": "San Jose", "drena_volcan": false }, "geometry": { "type": "LineString", "coordinates": [ [ -70.10268, -33.41696 ], [ -70.10579, -33.41924 ], [ -70.11345, -33.42248 ], [ -70.11541, -33.42304 ], [ -70.1189, -33.4237 ], [ -70.12144, -33.42443 ], [ -70.125, -33.42479 ], [ -70.12732, -33.42472 ], [ -70.13194, -33.42543 ], [ -70.13416, -33.42638 ], [ -70.13537, -33.42744 ] ] } },
{ "type": "Feature", "properties": { "nombre": "Quebrada Manga de Almira", "tipo": "stream", "volcan_codigo": "SJO", "volcan_nombre": "San Jose", "drena_volcan": false }, "geometry": { "type": "LineString", "coordinates": [ [ -70.1336, -34.04148 ], [ -70.13336, -34.04159 ], [ -70.13276, -34.04135 ], [ -70.13248, -34.04144 ], [ -70.1316, -34.04103 ], [ -70.13068, -34.04123 ], [ -70.13027, -34.04096 ], [ -70.12864, -34.04091 ], [ -70.12821, -34.04116 ], [ -70.1257, -34.04107 ], [ -70.12557, -34.04128 ], [ -70.12501, -34.04137 ], [ -70.12409, -34.04182 ], [ -70.12328, -34.04191 ], [ -70.12225, -34.04167 ], [ -70.12102, -34.0421 ], [ -70.1195, -34.04232 ], [ -70.11895, -34.04237 ], [ -70.11834, -34.04193 ] ] } },
{ "type": "Feature", "properties": { "nombre": "Quebrada Melocotón", "tipo": "stream", "volcan_codigo": "SJO", "volcan_nombre": "San Jose", "drena_volcan": false }, "geometry": { "type": "LineString", "coordinates": [ [ -70.29687, -33.67603 ], [ -70.29914, -33.67646 ], [ -70.30069, -33.67587 ], [ -70.30426, -33.67601 ], [ -70.3046, -33.67589 ], [ -70.30871, -33.67777 ], [ -70.31103, -33.68011 ], [ -70.31409, -33.68255 ], [ -70.31537, -33.68444 ], [ -70.31672, -33.68587 ], [ -70.31912, -33.68697 ], [ -70.32067, -33.68744 ], [ -70.32117, -33.68818 ], [ -70.32095, -33.68976 ], [ -70.3221, -33.69095 ], [ -70.32389, -33.69187 ], [ -70.32714, -33.69242 ], [ -70.33204, -33.6921 ], [ -70.33359, -33.69176 ], [ -70.33733, -33.69233 ] ] } },
{ "type": "Feature", "properties": { "nombre": "Quebrada Monasterio", "tipo": "stream", "volcan_codigo": "SJO", "volcan_nombre": "San Jose", "drena_volcan": false }, "geometry": { "type": "MultiLineString", "coordinates": [ [ [ -70.20052, -33.8846 ], [ -70.19864, -33.88381 ], [ -70.19766, -33.88372 ], [ -70.19685, -33.88315 ] ], [ [ -70.20068, -33.88457 ], [ -70.20052, -33.8846 ] ], [ [ -70.26051, -33.8592 ], [ -70.26089, -33.85965 ], [ -70.26197, -33.86033 ], [ -70.26317, -33.86159 ], [ -70.26326, -33.8627 ], [ -70.26298, -33.86377 ], [ -70.26255, -33.86475 ], [ -70.2615, -33.8651 ], [ -70.26098, -33.86592 ], [ -70.26012, -33.86642 ], [ -70.26004, -33.86667 ], [ -70.25959, -33.86699 ], [ -70.25903, -33.8679 ], [ -70.25791, -33.86842 ], [ -70.25557, -33.86918 ], [ -70.2551, -33.86949 ], [ -70.25304, -33.86997 ], [ -70.25141, -33.87066 ], [ -70.25053, -33.87048 ], [ -70.25019, -33.87084 ], [ -70.24926, -33.87128 ], [ -70.24858, -33.87127 ], [ -70.24802, -33.87168 ], [ -70.24727, -33.87194 ], [ -70.24493, -33.87218 ], [ -70.24332, -33.87206 ], [ -70.24262, -33.87222 ], [ -70.24171, -33.87205 ], [ -70.24081, -33.87153 ], [ -70.24023, -33.87144 ], [ -70.23836, -33.87167 ], [ -70.23754, -33.87186 ], [ -70.2358, -33.87308 ], [ -70.23515, -33.87309 ], [ -70.23433, -33.8728 ], [ -70.23171, -33.87298 ], [ -70.22889, -33.87403 ], [ -70.22785, -33.8749 ], [ -70.22728, -33.87518 ], [ -70.22653, -33.87523 ], [ -70.22545, -33.8748 ], [ -70.22487, -33.87486 ], [ -70.22376, -33.87553 ], [ -70.22375, -33.87619 ], [ -70.22417, -33.8763 ], [ -70.22424, -33.87661 ], [ -70.22349, -33.87762 ], [ -70.22272, -33.8778 ], [ -70.22213, -33.8773 ], [ -70.22164, -33.87726 ], [ -70.22119, -33.87701 ], [ -70.21992, -33.8774 ], [ -70.21933, -33.87777 ], [ -70.21868, -33.87864 ], [ -70.21762, -33.87917 ], [ -70.21677, -33.87929 ], [ -70.21619, -33.87957 ], [ -70.21529, -33.88034 ], [ -70.21472, -33.88122 ], [ -70.21382, -33.88131 ], [ -70.21335, -33.8817 ], [ -70.21256, -33.88194 ], [ -70.21195, -33.88276 ], [ -70.21182, -33.88363 ], [ -70.2109, -33.88446 ], [ -70.2091, -33.88408 ], [ -70.20842, -33.8836 ], [ -70.20783, -33.88349 ], [ -70.20704, -33.88392 ], [ -70.20613, -33.88377 ], [ -70.20498, -33.88388 ], [ -70.20355, -33.88479 ], [ -70.20205, -33.88472 ], [ -70.20143, -33.88447 ], [ -70.20068, -33.88457 ] ] ] } },
{ "type": "Feature", "properties": { "nombre": "Quebrada Morales", "tipo": "stream", "volcan_codigo": "SJO", "volcan_nombre": "San Jose", "drena_volcan": true }, "geometry": { "type": "MultiLineString", "coordinates": [ [ [ -70.07522, -33.76548 ], [ -70.07369, -33.76703 ], [ -70.07205, -33.7694 ], [ -70.07212, -33.7738 ], [ -70.07246, -33.77679 ], [ -70.07246, -33.78036 ], [ -70.07303, -33.78213 ] ], [ [ -70.07282, -33.78381 ], [ -70.07298, -33.78607 ], [ -70.07258, -33.78727 ], [ -70.07282, -33.78795 ], [ -70.07304, -33.79036 ], [ -70.07329, -33.79072 ], [ -70.0734, -33.79189 ], [ -70.07358, -33.79218 ], [ -70.07346, -33.79241 ], [ -70.07398, -33.79319 ], [ -70.07402, -33.79443 ], [ -70.0737, -33.7971 ], [ -70.07377, -33.79913 ], [ -70.07332, -33.80176 ], [ -70.07292, -33.80325 ], [ -70.0721, -33.80394 ], [ -70.06961, -33.80693 ], [ -70.06906, -33.80717 ], [ -70.06835, -33.8084 ], [ -70.06677, -33.80995 ], [ -70.06643, -33.81072 ], [ -70.06546, -33.81213 ], [ -70.06515, -33.81311 ], [ -70.06425, -33.81437 ], [ -70.06434, -33.81503 ], [ -70.06419, -33.8156 ], [ -70.064, -33.81575 ], [ -70.06402, -33.81607 ], [ -70.06453, -33.81701 ], [ -70.06454, -33.81785 ], [ -70.06376, -33.81863 ], [ -70.06358, -33.82141 ], [ -70.06346, -33.82169 ], [ -70.06289, -33.822 ], [ -70.0629, -33.82252 ], [ -70.06298, -33.82344 ], [ -70.06324, -33.82366 ], [ -70.06372, -33.82504 ], [ -70.06476, -33.82633 ], [ -70.06474, -33.8266 ] ] ] } },
{ "type": "Feature", "properties": { "nombre": "Quebrada Palo Plantado", "tipo": "stream", "volcan_codigo": "SJO", "volcan_nombre": "San Jose", "drena_volcan": false }, "geometry": { "type": "LineString", "coordinates": [ [ -70.15652, -33.88912 ], [ -70.15813, -33.88839 ], [ -70.15861, -33.88789 ], [ -70.15979, -33.88753 ], [ -70.16284, -33.88725 ], [ -70.16397, -33.88679 ], [ -70.16437, -33.8864 ], [ -70.16502, -33.8861 ], [ -70.1655, -33.8861 ], [ -70.16603, -33.88584 ], [ -70.16623, -33.88553 ], [ -70.16667, -33.88548 ], [ -70.1673, -33.8851 ], [ -70.16854, -33.88485 ], [ -70.16866, -33.88462 ], [ -70.16932, -33.88432 ], [ -70.16957, -33.884 ], [ -70.17135, -33.88287 ], [ -70.17139, -33.88206 ], [ -70.17182, -33.88189 ], [ -70.17191, -33.88162 ], [ -70.17218, -33.88147 ], [ -70.17219, -33.88118 ], [ -70.17257, -33.88055 ], [ -70.17353, -33.88012 ], [ -70.17478, -33.88002 ], [ -70.17483, -33.87968 ], [ -70.17578, -33.87941 ], [ -70.17601, -33.87903 ], [ -70.17633, -33.87894 ], [ -70.17672, -33.87803 ], [ -70.1771, -33.87797 ], [ -70.17744, -33.87741 ], [ -70.17871, -33.87695 ], [ -70.17931, -33.87646 ], [ -70.18011, -33.87627 ], [ -70.1803, -33.87587 ], [ -70.18175, -33.87569 ], [ -70.18269, -33.87518 ], [ -70.18367, -33.87492 ], [ -70.18422, -33.87422 ], [ -70.18508, -33.87386 ], [ -70.18597, -33.87399 ], [ -70.18713, -33.87321 ] ] } },
{ "type": "Feature", "properties": { "nombre": "Quebrada Paso Hondo", "tipo": "stream", "volcan_codigo": "SJO", "volcan_nombre": "San Jose", "drena_volcan": false }, "geometry": { "type": "MultiLineString", "coordinates": [ [ [ -70.29306, -33.52241 ], [ -70.29216, -33.52329 ], [ -70.291, -33.52341 ], [ -70.28949, -33.523 ], [ -70.28877, -33.523 ], [ -70.28735, -33.52338 ], [ -70.28659, -33.52282 ], [ -70.28591, -33.52275 ], [ -70.28562, -33.52197 ], [ -70.28431, -33.52171 ], [ -70.28394, -33.52214 ], [ -70.28327, -33.52231 ], [ -70.28287, -33.52259 ] ], [ [ -70.32761, -33.51191 ], [ -70.32708, -33.51203 ], [ -70.32549, -33.51296 ], [ -70.32435, -33.51313 ], [ -70.32167, -33.51404 ], [ -70.31998, -33.51486 ], [ -70.3192, -33.51559 ], [ -70.31835, -33.51583 ], [ -70.31729, -33.51556 ], [ -70.31616, -33.51618 ], [ -70.31586, -33.51686 ], [ -70.3142, -33.51747 ], [ -70.31388, -33.51783 ], [ -70.31287, -33.5181 ], [ -70.31122, -33.51815 ], [ -70.30893, -33.51862 ], [ -70.30781, -33.51999 ], [ -70.30729, -33.52021 ], [ -70.30543, -33.52062 ], [ -70.30199, -33.52066 ], [ -70.30142, -33.52035 ], [ -70.30092, -33.5206 ], [ -70.30086, -33.52084 ], [ -70.30054, -33.52091 ], [ -70.29854, -33.52094 ], [ -70.29614, -33.52187 ], [ -70.29545, -33.52241 ], [ -70.29528, -33.52284 ], [ -70.29489, -33.52296 ], [ -70.29371, -33.52227 ], [ -70.29306, -33.52241 ] ] ] } },
{ "type": "Feature", "properties": { "nombre": "Quebrada Patos", "tipo": "stream", "volcan_codigo": "SJO", "volcan_nombre": "San Jose", "drena_volcan": false }, "geometry": { "type": "LineString", "coordinates": [ [ -70.33153, -33.96766 ], [ -70.32997, -33.96689 ], [ -70.32907, -33.96668 ], [ -70.32817, -33.96702 ], [ -70.32662, -33.9673 ], [ -70.32544, -33.96741 ], [ -70.32495, -33.96714 ], [ -70.32398, -33.96762 ], [ -70.32336, -33.96759 ], [ -70.32246, -33.9673 ], [ -70.321, -33.96713 ], [ -70.32085, -33.96666 ], [ -70.32042, -33.96633 ], [ -70.31829, -33.96633 ], [ -70.31733, -33.96599 ], [ -70.31669, -33.96556 ], [ -70.31362, -33.96561 ], [ -70.31216, -33.96508 ], [ -70.31123, -33.96494 ], [ -70.31076, -33.96463 ], [ -70.30847, -33.96415 ], [ -70.3078, -33.9638 ], [ -70.30752, -33.96316 ], [ -70.30656, -33.96229 ], [ -70.30525, -33.96166 ], [ -70.30424, -33.96043 ], [ -70.30239, -33.95919 ], [ -70.3016, -33.9583 ], [ -70.30115, -33.95803 ], [ -70.30096, -33.95695 ], [ -70.30036, -33.95631 ], [ -70.30018, -33.95559 ], [ -70.29896, -33.95456 ], [ -70.29885, -33.95355 ], [ -70.29817, -33.95234 ], [ -70.29705, -33.95084 ], [ -70.29656, -33.9494 ], [ -70.29667, -33.9489 ], [ -70.29654, -33.94842 ], [ -70.29503, -33.94781 ], [ -70.29375, -33.946 ] ] } },
{ "type": "Feature", "properties": { "nombre": "Quebrada Ratones", "tipo": "stream", "volcan_codigo": "SJO", "volcan_nombre": "San Jose", "drena_volcan": false }, "geometry": { "type": "LineString", "coordinates": [ [ -70.21291, -33.86573 ], [ -70.2116, -33.86582 ], [ -70.21106, -33.86623 ], [ -70.20995, -33.86659 ], [ -70.20965, -33.86696 ], [ -70.2088, -33.8672 ], [ -70.20694, -33.86739 ], [ -70.20593, -33.86776 ], [ -70.20497, -33.86835 ], [ -70.20261, -33.86821 ], [ -70.20179, -33.86844 ], [ -70.20008, -33.86976 ], [ -70.19984, -33.87024 ], [ -70.19928, -33.87077 ], [ -70.19808, -33.87136 ], [ -70.19756, -33.87181 ], [ -70.19736, -33.87259 ] ] } },
{ "type": "Feature", "properties": { "nombre": "Quebrada Rosales", "tipo": "stream", "volcan_codigo": "SJO", "volcan_nombre": "San Jose", "drena_volcan": false }, "geometry": { "type": "LineString", "coordinates": [ [ -70.23359, -33.84347 ], [ -70.23072, -33.84401 ], [ -70.23033, -33.84399 ], [ -70.22934, -33.84347 ], [ -70.22756, -33.84344 ], [ -70.22683, -33.84321 ], [ -70.22535, -33.84328 ], [ -70.22413, -33.84303 ], [ -70.22364, -33.84353 ], [ -70.22271, -33.84358 ], [ -70.22046, -33.84301 ], [ -70.22001, -33.84319 ], [ -70.21859, -33.84303 ], [ -70.21623, -33.8424 ], [ -70.21454, -33.84265 ] ] } },
{ "type": "Feature", "properties": { "nombre": "Quebrada Sonámbulo", "tipo": "stream", "volcan_codigo": "SJO", "volcan_nombre": "San Jose", "drena_volcan": false }, "geometry": { "type": "LineString", "coordinates": [ [ -70.1751, -33.84554 ], [ -70.17714, -33.84618 ], [ -70.17939, -33.84641 ], [ -70.18111, -33.84638 ], [ -70.18209, -33.84697 ], [ -70.18426, -33.84702 ], [ -70.18675, -33.84688 ], [ -70.19036, -33.84551 ], [ -70.19173, -33.84536 ], [ -70.19297, -33.84568 ], [ -70.19405, -33.84681 ], [ -70.19675, -33.84759 ], [ -70.19821, -33.84757 ], [ -70.19853, -33.84783 ] ] } },
{ "type": "Feature", "properties": { "nombre": "Quebrada de Quintana", "tipo": "stream", "volcan_codigo": "SJO", "volcan_nombre": "San Jose", "drena_volcan": false }, "geometry": { "type": "LineString", "coordinates": [ [ -70.08116, -33.46213 ], [ -70.08083, -33.46346 ], [ -70.08023, -33.4645 ], [ -70.07974, -33.46663 ], [ -70.07905, -33.46844 ], [ -70.07895, -33.46922 ], [ -70.07935, -33.47024 ], [ -70.07927, -33.47067 ], [ -70.07873, -33.47134 ], [ -70.07873, -33.47198 ], [ -70.07843, -33.47305 ], [ -70.07852, -33.47429 ], [ -70.07837, -33.47565 ], [ -70.07796, -33.47662 ], [ -70.07661, -33.47819 ], [ -70.0747, -33.48147 ], [ -70.07408, -33.48315 ], [ -70.07399, -33.48467 ], [ -70.07315, -33.48599 ], [ -70.07313, -33.48639 ], [ -70.0735, -33.48712 ], [ -70.0735, -33.48742 ], [ -70.0733, -33.48766 ], [ -70.07298, -33.48914 ], [ -70.073, -33.49059 ], [ -70.07253, -33.49131 ], [ -70.07235, -33.49327 ] ] } },
{ "type": "Feature", "properties": { "nombre": "Quebrada de Soto", "tipo": "stream", "volcan_codigo": "SJO", "volcan_nombre": "San Jose", "drena_volcan": false }, "geometry": { "type": "LineString", "coordinates": [ [ -70.20926, -33.75991 ], [ -70.20617, -33.75914 ], [ -70.20304, -33.75918 ], [ -70.20137, -33.75888 ], [ -70.20049, -33.7582 ], [ -70.19826, -33.75855 ], [ -70.19639, -33.75738 ], [ -70.19484, -33.75732 ], [ -70.19448, -33.75718 ], [ -70.19332, -33.75734 ], [ -70.19272, -33.75714 ], [ -70.19218, -33.75718 ], [ -70.19171, -33.757 ], [ -70.19139, -33.75657 ], [ -70.19053, -33.75632 ], [ -70.18991, -33.75627 ], [ -70.18897, -33.75741 ], [ -70.18806, -33.7577 ], [ -70.18751, -33.75752 ], [ -70.18744, -33.75698 ], [ -70.18727, -33.75682 ], [ -70.18671, -33.75681 ], [ -70.18598, -33.75634 ], [ -70.18439, -33.75611 ], [ -70.18311, -33.75625 ], [ -70.18236, -33.75677 ], [ -70.18135, -33.75679 ], [ -70.18075, -33.75641 ], [ -70.17749, -33.75634 ], [ -70.1771, -33.75602 ], [ -70.17427, -33.75547 ], [ -70.17412, -33.75525 ], [ -70.17379, -33.75516 ], [ -70.17279, -33.75552 ], [ -70.17196, -33.7561 ] ] } },
{ "type": "Feature", "properties": { "nombre": "Quebrada de la Engorda", "tipo": "stream", "volcan_codigo": "SJO", "volcan_nombre": "San Jose", "drena_volcan": false }, "geometry": { "type": "LineString", "coordinates": [ [ -69.95167, -33.80663 ], [ -69.95648, -33.80962 ], [ -69.96008, -33.81369 ], [ -69.96473, -33.8173 ], [ -69.96544, -33.81766 ] ] } },
{ "type": "Feature", "properties": { "nombre": "Quebrada del Perdido", "tipo": "stream", "volcan_codigo": "SJO", "volcan_nombre": "San Jose", "drena_volcan": false }, "geometry": { "type": "LineString", "coordinates": [ [ -69.8844, -33.2891 ], [ -69.88444, -33.28961 ], [ -69.88523, -33.2907 ], [ -69.88508, -33.29133 ], [ -69.88521, -33.29179 ], [ -69.88704, -33.29441 ], [ -69.88843, -33.29635 ], [ -69.88953, -33.29744 ], [ -69.89107, -33.29831 ], [ -69.89184, -33.29938 ], [ -69.89193, -33.29978 ], [ -69.8915, -33.30105 ], [ -69.89152, -33.30419 ], [ -69.89236, -33.30603 ], [ -69.89204, -33.30675 ], [ -69.89002, -33.30921 ], [ -69.89004, -33.31021 ], [ -69.89096, -33.31127 ], [ -69.89247, -33.3136 ], [ -69.89292, -33.31556 ], [ -69.89294, -33.31687 ], [ -69.8935, -33.3185 ], [ -69.89331, -33.31991 ], [ -69.89276, -33.32147 ], [ -69.89325, -33.3223 ], [ -69.89359, -33.32363 ], [ -69.89376, -33.32579 ], [ -69.89423, -33.32638 ], [ -69.89416, -33.32673 ], [ -69.89365, -33.32692 ], [ -69.89339, -33.32726 ], [ -69.8931, -33.32871 ], [ -69.89364, -33.32939 ], [ -69.89439, -33.32975 ], [ -69.89438, -33.33019 ], [ -69.89473, -33.3311 ], [ -69.89457, -33.33153 ], [ -69.89563, -33.33244 ], [ -69.89587, -33.33318 ], [ -69.89577, -33.33405 ], [ -69.89553, -33.33418 ], [ -69.89554, -33.33466 ], [ -69.89621, -33.33522 ], [ -69.8963, -33.33615 ], [ -69.89617, -33.33673 ], [ -69.89524, -33.33726 ], [ -69.89512, -33.33773 ], [ -69.89523, -33.33821 ], [ -69.896, -33.33879 ], [ -69.89627, -33.33926 ], [ -69.8962, -33.34017 ], [ -69.89631, -33.34043 ], [ -69.89733, -33.34146 ], [ -69.89785, -33.34235 ], [ -69.89812, -33.34368 ], [ -69.89834, -33.34381 ], [ -69.89834, -33.34438 ], [ -69.89888, -33.34471 ], [ -69.89954, -33.34547 ], [ -69.90055, -33.34605 ], [ -69.90123, -33.34715 ], [ -69.9016, -33.34805 ], [ -69.90164, -33.34868 ], [ -69.90197, -33.34915 ], [ -69.90178, -33.3501 ], [ -69.90246, -33.35075 ], [ -69.90306, -33.35221 ], [ -69.9031, -33.35274 ], [ -69.90373, -33.35324 ], [ -69.90351, -33.3539 ], [ -69.90366, -33.35422 ], [ -69.9035, -33.3547 ], [ -69.90362, -33.35504 ], [ -69.90559, -33.35635 ], [ -69.90572, -33.35671 ], [ -69.90606, -33.35685 ], [ -69.90609, -33.35741 ], [ -69.90643, -33.35762 ] ] } },
{ "type": "Feature", "properties": { "nombre": "Río Barroso", "tipo": "stream", "volcan_codigo": "SJO", "volcan_nombre": "San Jose", "drena_volcan": false }, "geometry": { "type": "LineString", "coordinates": [ [ -70.00029, -34.2418 ], [ -70.00008, -34.24168 ], [ -70.0, -34.24119 ], [ -69.99969, -34.24093 ], [ -69.9995, -34.24001 ], [ -69.99826, -34.23949 ], [ -69.99814, -34.23788 ], [ -69.9991, -34.23715 ], [ -69.99921, -34.23659 ], [ -69.99848, -34.23447 ], [ -69.99748, -34.23357 ], [ -69.99696, -34.23245 ], [ -69.99635, -34.23183 ], [ -69.99589, -34.23063 ], [ -69.99467, -34.22972 ], [ -69.99382, -34.22825 ], [ -69.99357, -34.22822 ], [ -69.99281, -34.22762 ], [ -69.99271, -34.22658 ], [ -69.99209, -34.22634 ], [ -69.99192, -34.22576 ], [ -69.99143, -34.22499 ], [ -69.99129, -34.22416 ], [ -69.99088, -34.22368 ], [ -69.99043, -34.22246 ], [ -69.99032, -34.22214 ], [ -69.99161, -34.21861 ], [ -69.99135, -34.21846 ], [ -69.99111, -34.21789 ], [ -69.99086, -34.21705 ], [ -69.9909, -34.216 ], [ -69.99059, -34.2156 ], [ -69.99056, -34.21512 ], [ -69.99083, -34.21487 ], [ -69.99099, -34.21421 ], [ -69.99151, -34.21376 ], [ -69.99281, -34.21084 ], [ -69.99415, -34.20938 ], [ -69.99471, -34.20833 ], [ -69.99538, -34.20771 ], [ -69.99636, -34.20516 ], [ -69.99625, -34.20393 ], [ -69.99659, -34.20236 ], [ -69.99695, -34.20216 ], [ -69.99832, -34.1995 ], [ -69.9989, -34.19875 ], [ -69.99895, -34.19829 ], [ -69.99936, -34.19787 ], [ -70.00008, -34.19645 ], [ -70.00084, -34.1959 ], [ -70.00134, -34.19531 ], [ -70.00259, -34.19474 ], [ -70.00322, -34.19411 ], [ -70.00341, -34.19367 ], [ -70.00469, -34.19281 ], [ -70.00492, -34.19241 ], [ -70.00493, -34.19195 ], [ -70.00534, -34.19146 ], [ -70.00709, -34.19088 ], [ -70.00725, -34.19043 ], [ -70.00797, -34.19004 ], [ -70.00801, -34.18963 ], [ -70.00865, -34.1891 ], [ -70.00914, -34.18836 ], [ -70.01024, -34.18787 ], [ -70.01186, -34.18682 ], [ -70.01211, -34.18651 ], [ -70.01216, -34.18608 ], [ -70.01271, -34.18545 ], [ -70.01506, -34.18493 ], [ -70.01609, -34.18497 ], [ -70.01847, -34.18434 ], [ -70.019, -34.18449 ], [ -70.01915, -34.18418 ], [ -70.02022, -34.1837 ], [ -70.02083, -34.18282 ], [ -70.02093, -34.18231 ], [ -70.02295, -34.18148 ], [ -70.02348, -34.18078 ], [ -70.02413, -34.18032 ], [ -70.02494, -34.1801 ], [ -70.02538, -34.17969 ], [ -70.02614, -34.17953 ], [ -70.02749, -34.17864 ], [ -70.02787, -34.17817 ], [ -70.02772, -34.1763 ], [ -70.0278, -34.17591 ], [ -70.02821, -34.17541 ], [ -70.02809, -34.17479 ], [ -70.03002, -34.17269 ], [ -70.0301, -34.17199 ], [ -70.03045, -34.17155 ], [ -70.03057, -34.17059 ], [ -70.03084, -34.17023 ], [ -70.0307, -34.16937 ], [ -70.03094, -34.16814 ], [ -70.03138, -34.16728 ], [ -70.03181, -34.16569 ], [ -70.03155, -34.16524 ], [ -70.0316, -34.16489 ], [ -70.03105, -34.16398 ], [ -70.0311, -34.16378 ], [ -70.03062, -34.16339 ], [ -70.03065, -34.16304 ], [ -70.03113, -34.16235 ], [ -70.03353, -34.16113 ], [ -70.03372, -34.16082 ], [ -70.03356, -34.16049 ], [ -70.03377, -34.15999 ], [ -70.03366, -34.15976 ], [ -70.03256, -34.15838 ], [ -70.03205, -34.15804 ], [ -70.03191, -34.15747 ], [ -70.03146, -34.15703 ], [ -70.03162, -34.15564 ], [ -70.03154, -34.15472 ], [ -70.03173, -34.15445 ], [ -70.0316, -34.1543 ], [ -70.03184, -34.15404 ], [ -70.03265, -34.15375 ], [ -70.03286, -34.1533 ], [ -70.03267, -34.15279 ], [ -70.03184, -34.1523 ], [ -70.03194, -34.15141 ], [ -70.03176, -34.15088 ], [ -70.03191, -34.15049 ], [ -70.03188, -34.14975 ], [ -70.03254, -34.14825 ], [ -70.03307, -34.14772 ], [ -70.0333, -34.14722 ], [ -70.03409, -34.14681 ], [ -70.03532, -34.14676 ], [ -70.03603, -34.14623 ], [ -70.03608, -34.14589 ], [ -70.03558, -34.14538 ], [ -70.03565, -34.14487 ], [ -70.03631, -34.14334 ], [ -70.03626, -34.14299 ], [ -70.03594, -34.14278 ], [ -70.03594, -34.14261 ], [ -70.03611, -34.14235 ], [ -70.03595, -34.14188 ], [ -70.0362, -34.14163 ], [ -70.03608, -34.14095 ], [ -70.03632, -34.14042 ], [ -70.03592, -34.13982 ], [ -70.03579, -34.1389 ], [ -70.03738, -34.13818 ], [ -70.03755, -34.13764 ], [ -70.03734, -34.13737 ], [ -70.03686, -34.13733 ], [ -70.03655, -34.13708 ], [ -70.03655, -34.13636 ], [ -70.03605, -34.1357 ], [ -70.036, -34.13492 ], [ -70.03574, -34.13447 ], [ -70.03579, -34.13409 ], [ -70.03618, -34.13368 ], [ -70.03616, -34.13308 ], [ -70.03647, -34.1327 ], [ -70.03653, -34.13234 ], [ -70.03628, -34.13199 ], [ -70.03631, -34.13163 ], [ -70.03573, -34.13103 ], [ -70.03628, -34.12909 ], [ -70.03595, -34.12864 ], [ -70.03584, -34.12779 ], [ -70.03493, -34.12696 ], [ -70.03477, -34.12658 ], [ -70.035, -34.12581 ], [ -70.03493, -34.12539 ], [ -70.03539, -34.12459 ], [ -70.03545, -34.12361 ], [ -70.03522, -34.12332 ], [ -70.03513, -34.12282 ], [ -70.03555, -34.12234 ], [ -70.0356, -34.12152 ], [ -70.03624, -34.12103 ], [ -70.03615, -34.1201 ], [ -70.0356, -34.11974 ], [ -70.0356, -34.11938 ], [ -70.03603, -34.11878 ], [ -70.0367, -34.11823 ], [ -70.03699, -34.11769 ], [ -70.03684, -34.11641 ], [ -70.03717, -34.11522 ], [ -70.03762, -34.11445 ], [ -70.03757, -34.11376 ], [ -70.03814, -34.11242 ], [ -70.03888, -34.11183 ], [ -70.03985, -34.11145 ], [ -70.04012, -34.11093 ], [ -70.0405, -34.1108 ], [ -70.04092, -34.11014 ], [ -70.04224, -34.10902 ], [ -70.04221, -34.10829 ], [ -70.04241, -34.108 ], [ -70.04234, -34.10709 ], [ -70.04339, -34.10556 ], [ -70.04353, -34.10521 ], [ -70.04337, -34.10456 ], [ -70.04398, -34.10392 ], [ -70.04423, -34.10326 ], [ -70.0437, -34.10238 ], [ -70.04374, -34.10223 ], [ -70.04484, -34.10191 ], [ -70.0449, -34.10163 ], [ -70.04461, -34.10108 ], [ -70.04556, -34.10067 ], [ -70.04617, -34.10007 ], [ -70.04672, -34.09889 ], [ -70.04719, -34.09884 ], [ -70.04759, -34.09838 ], [ -70.0483, -34.09833 ], [ -70.04879, -34.09801 ], [ -70.04892, -34.09769 ], [ -70.04949, -34.09721 ], [ -70.04986, -34.09711 ], [ -70.05, -34.09685 ], [ -70.05086, -34.09636 ], [ -70.05085, -34.09601 ], [ -70.05183, -34.09488 ] ] } },
{ "type": "Feature", "properties": { "nombre": "Río Blanco", "tipo": "river", "volcan_codigo": "SJO", "volcan_nombre": "San Jose", "drena_volcan": false }, "geometry": { "type": "MultiLineString", "coordinates": [ [ [ -70.20418, -34.09517 ], [ -70.20453, -34.09677 ], [ -70.20744, -34.09933 ], [ -70.20727, -34.1015 ], [ -70.20826, -34.10431 ], [ -70.20942, -34.10607 ], [ -70.2095, -34.10996 ], [ -70.21023, -34.11092 ], [ -70.21341, -34.11184 ], [ -70.21543, -34.11291 ], [ -70.2177, -34.11518 ], [ -70.21895, -34.11564 ], [ -70.21985, -34.11671 ], [ -70.22199, -34.11699 ], [ -70.22371, -34.11809 ], [ -70.22465, -34.11831 ], [ -70.22582, -34.11947 ], [ -70.22736, -34.12062 ], [ -70.22912, -34.12145 ], [ -70.23281, -34.12115 ], [ -70.23491, -34.12161 ], [ -70.23684, -34.12253 ], [ -70.2392, -34.12307 ], [ -70.24088, -34.12285 ], [ -70.24135, -34.12399 ], [ -70.24233, -34.12399 ], [ -70.24332, -34.12584 ], [ -70.24499, -34.12804 ], [ -70.24633, -34.12911 ], [ -70.24881, -34.12946 ], [ -70.24998, -34.13051 ], [ -70.25152, -34.13124 ], [ -70.25293, -34.13248 ], [ -70.25388, -34.13397 ], [ -70.25572, -34.13468 ], [ -70.25672, -34.13446 ], [ -70.25831, -34.13446 ], [ -70.25886, -34.13511 ], [ -70.25984, -34.13536 ], [ -70.26053, -34.13657 ], [ -70.26216, -34.13763 ], [ -70.26302, -34.13763 ], [ -70.26383, -34.13802 ], [ -70.26478, -34.13788 ], [ -70.26509, -34.13847 ], [ -70.26645, -34.13891 ], [ -70.2665, -34.13959 ], [ -70.26744, -34.13976 ], [ -70.2677, -34.14136 ], [ -70.26907, -34.14221 ], [ -70.27126, -34.14495 ], [ -70.27396, -34.14779 ], [ -70.27448, -34.1495 ], [ -70.27509, -34.15083 ], [ -70.27629, -34.15175 ], [ -70.27778, -34.15216 ], [ -70.27933, -34.1531 ], [ -70.2804, -34.15433 ], [ -70.28087, -34.15589 ], [ -70.28053, -34.1593 ], [ -70.28092, -34.16065 ], [ -70.28177, -34.16139 ], [ -70.2816, -34.16192 ], [ -70.28203, -34.16278 ], [ -70.28409, -34.16264 ], [ -70.28486, -34.16423 ], [ -70.28452, -34.16604 ], [ -70.28495, -34.16679 ], [ -70.28486, -34.16764 ], [ -70.28551, -34.16881 ], [ -70.28701, -34.17009 ], [ -70.28718, -34.17094 ], [ -70.28766, -34.1716 ], [ -70.28885, -34.17201 ], [ -70.28963, -34.17272 ], [ -70.28963, -34.17347 ], [ -70.29061, -34.17446 ], [ -70.2907, -34.1752 ], [ -70.29216, -34.17599 ], [ -70.29242, -34.17648 ], [ -70.2922, -34.17748 ], [ -70.2931, -34.17865 ], [ -70.2943, -34.17975 ], [ -70.29482, -34.17982 ], [ -70.29594, -34.1808 ], [ -70.29603, -34.18211 ], [ -70.29662, -34.18216 ], [ -70.29735, -34.18341 ], [ -70.29855, -34.18341 ], [ -70.30006, -34.1846 ], [ -70.30104, -34.1849 ], [ -70.30181, -34.1855 ], [ -70.3019, -34.18618 ], [ -70.30242, -34.18667 ], [ -70.30289, -34.18667 ], [ -70.30413, -34.18728 ], [ -70.30483, -34.18818 ], [ -70.30572, -34.18845 ], [ -70.30633, -34.18918 ], [ -70.30688, -34.18923 ], [ -70.30752, -34.18976 ], [ -70.30744, -34.19051 ], [ -70.30774, -34.19136 ], [ -70.30872, -34.192 ], [ -70.30937, -34.19195 ], [ -70.31053, -34.19131 ], [ -70.31126, -34.19203 ], [ -70.31332, -34.19327 ], [ -70.31401, -34.19433 ], [ -70.31474, -34.19454 ], [ -70.31598, -34.19438 ], [ -70.31722, -34.19473 ], [ -70.31962, -34.19633 ], [ -70.32044, -34.19718 ], [ -70.32138, -34.19764 ], [ -70.32306, -34.19796 ], [ -70.32422, -34.1986 ], [ -70.32555, -34.2002 ], [ -70.32641, -34.20144 ], [ -70.32735, -34.2036 ], [ -70.32838, -34.208 ], [ -70.32816, -34.2095 ], [ -70.32718, -34.21127 ], [ -70.32693, -34.21233 ], [ -70.32628, -34.2133 ], [ -70.3262, -34.21424 ], [ -70.32639, -34.21512 ], [ -70.3259, -34.21598 ], [ -70.32603, -34.21639 ], [ -70.32583, -34.21695 ], [ -70.32623, -34.21873 ], [ -70.32589, -34.21913 ], [ -70.32582, -34.2196 ], [ -70.32643, -34.22002 ], [ -70.32673, -34.22115 ], [ -70.32725, -34.22165 ], [ -70.32716, -34.22271 ], [ -70.32684, -34.22309 ], [ -70.32669, -34.22446 ], [ -70.32628, -34.22548 ], [ -70.32595, -34.22603 ], [ -70.3256, -34.22625 ], [ -70.32482, -34.22795 ], [ -70.32456, -34.22941 ], [ -70.32461, -34.23027 ], [ -70.32431, -34.23141 ], [ -70.32446, -34.23185 ], [ -70.32511, -34.23263 ], [ -70.32511, -34.23328 ], [ -70.32355, -34.23575 ], [ -70.3214, -34.23656 ], [ -70.32082, -34.23712 ], [ -70.32057, -34.23757 ], [ -70.32067, -34.23826 ], [ -70.32057, -34.23858 ], [ -70.31868, -34.24045 ], [ -70.31854, -34.24113 ] ], [ [ -70.10098, -34.20018 ], [ -70.10192, -34.19985 ], [ -70.10406, -34.19993 ], [ -70.10614, -34.19924 ], [ -70.10682, -34.19778 ], [ -70.10683, -34.19696 ], [ -70.10818, -34.19581 ], [ -70.10847, -34.19532 ], [ -70.10851, -34.19489 ], [ -70.10919, -34.19353 ], [ -70.10986, -34.19124 ], [ -70.11029, -34.19031 ], [ -70.11022, -34.18845 ], [ -70.10885, -34.18753 ], [ -70.10836, -34.18692 ], [ -70.10812, -34.18609 ], [ -70.10855, -34.18341 ], [ -70.10876, -34.18277 ], [ -70.10915, -34.18224 ], [ -70.10906, -34.1808 ], [ -70.10923, -34.17949 ], [ -70.10971, -34.17849 ], [ -70.11125, -34.17672 ], [ -70.1123, -34.17585 ], [ -70.11237, -34.1753 ], [ -70.11226, -34.17484 ], [ -70.11125, -34.17352 ], [ -70.11099, -34.17199 ], [ -70.11074, -34.17196 ], [ -70.11044, -34.17159 ], [ -70.11089, -34.17018 ], [ -70.11054, -34.16857 ], [ -70.10996, -34.16759 ], [ -70.11005, -34.16527 ], [ -70.10986, -34.16448 ], [ -70.10941, -34.16351 ], [ -70.10868, -34.16289 ], [ -70.10838, -34.16211 ], [ -70.10838, -34.16092 ], [ -70.10773, -34.15982 ], [ -70.10754, -34.159 ], [ -70.10612, -34.15578 ], [ -70.10554, -34.15484 ], [ -70.10559, -34.15388 ], [ -70.10385, -34.15197 ], [ -70.10333, -34.15044 ], [ -70.10318, -34.14941 ], [ -70.10119, -34.14705 ], [ -70.10108, -34.1466 ], [ -70.10119, -34.14605 ], [ -70.10065, -34.14485 ], [ -70.09947, -34.14417 ], [ -70.09926, -34.14371 ], [ -70.09947, -34.14211 ], [ -70.10009, -34.14188 ], [ -70.10033, -34.14122 ], [ -70.09997, -34.14078 ], [ -70.10009, -34.1405 ], [ -70.09975, -34.13987 ], [ -70.09975, -34.13915 ], [ -70.10024, -34.13792 ], [ -70.10003, -34.13749 ], [ -70.10001, -34.13662 ], [ -70.10035, -34.13625 ], [ -70.10039, -34.13574 ], [ -70.09982, -34.13474 ], [ -70.09881, -34.13412 ], [ -70.09872, -34.13337 ], [ -70.099, -34.13295 ], [ -70.099, -34.1324 ], [ -70.09812, -34.13071 ], [ -70.09653, -34.12929 ], [ -70.09612, -34.12854 ], [ -70.09535, -34.12765 ], [ -70.09486, -34.12732 ], [ -70.09312, -34.12508 ], [ -70.09246, -34.12467 ], [ -70.09226, -34.12423 ], [ -70.09228, -34.12371 ], [ -70.09175, -34.12298 ], [ -70.09177, -34.12252 ], [ -70.09082, -34.1214 ], [ -70.09077, -34.1194 ], [ -70.09053, -34.11914 ], [ -70.09037, -34.1182 ], [ -70.08976, -34.11762 ], [ -70.08951, -34.11692 ], [ -70.08912, -34.11658 ], [ -70.08895, -34.1159 ], [ -70.08839, -34.11526 ], [ -70.0884, -34.11503 ], [ -70.0876, -34.11457 ], [ -70.08666, -34.11298 ], [ -70.08679, -34.11215 ], [ -70.08651, -34.11119 ], [ -70.08645, -34.11024 ], [ -70.08666, -34.10944 ], [ -70.08758, -34.10821 ], [ -70.08807, -34.1078 ], [ -70.08828, -34.10693 ], [ -70.08769, -34.10631 ], [ -70.08596, -34.10553 ], [ -70.08554, -34.1046 ], [ -70.08587, -34.10346 ], [ -70.08556, -34.10279 ], [ -70.08601, -34.1023 ], [ -70.08505, -34.10121 ], [ -70.08516, -34.10057 ], [ -70.08457, -34.10007 ], [ -70.08471, -34.09966 ], [ -70.08457, -34.09921 ], [ -70.08469, -34.0984 ], [ -70.08438, -34.09799 ], [ -70.08422, -34.09737 ], [ -70.08392, -34.09706 ], [ -70.08406, -34.09645 ], [ -70.08343, -34.09582 ], [ -70.08346, -34.09549 ], [ -70.08294, -34.09425 ], [ -70.08315, -34.09358 ], [ -70.08291, -34.09277 ], [ -70.08346, -34.09209 ], [ -70.08488, -34.09135 ], [ -70.08521, -34.09069 ], [ -70.08598, -34.09023 ], [ -70.08598, -34.08985 ], [ -70.08634, -34.08936 ], [ -70.08639, -34.08891 ] ] ] } },
{ "type": "Feature", "properties": { "nombre": "Río Carreño", "tipo": "stream", "volcan_codigo": "SJO", "volcan_nombre": "San Jose", "drena_volcan": false }, "geometry": { "type": "MultiLineString", "coordinates": [ [ [ -69.98694, -33.94387 ], [ -69.98639, -33.9431 ], [ -69.98609, -33.94234 ], [ -69.98594, -33.94061 ], [ -69.98641, -33.94011 ], [ -69.98688, -33.93908 ], [ -69.98688, -33.93842 ], [ -69.98662, -33.93456 ], [ -69.98611, -33.93256 ], [ -69.98572, -33.92977 ], [ -69.98622, -33.929 ], [ -69.98699, -33.92549 ], [ -69.98684, -33.92449 ], [ -69.98632, -33.92324 ], [ -69.98598, -33.92185 ], [ -69.98596, -33.92127 ], [ -69.98606, -33.92082 ], [ -69.98722, -33.91966 ], [ -69.98776, -33.91847 ], [ -69.9887, -33.91767 ], [ -69.98868, -33.91717 ], [ -69.9883, -33.91626 ], [ -69.98843, -33.91571 ], [ -69.98912, -33.91526 ], [ -69.98932, -33.91455 ], [ -69.98813, -33.91391 ], [ -69.988, -33.91332 ], [ -69.98821, -33.91272 ], [ -69.98863, -33.91244 ], [ -69.98866, -33.91214 ], [ -69.9872, -33.9108 ], [ -69.98703, -33.91033 ], [ -69.98698, -33.91 ], [ -69.98753, -33.90898 ], [ -69.98739, -33.90815 ], [ -69.98799, -33.90657 ], [ -69.98746, -33.90565 ], [ -69.98707, -33.90451 ], [ -69.98649, -33.90414 ], [ -69.9864, -33.9039 ], [ -69.98646, -33.9037 ], [ -69.98621, -33.9033 ], [ -69.98643, -33.90251 ], [ -69.9863, -33.90166 ], [ -69.98677, -33.90058 ], [ -69.98714, -33.90035 ], [ -69.98765, -33.89906 ], [ -69.98726, -33.89828 ], [ -69.98727, -33.89692 ], [ -69.9875, -33.89566 ], [ -69.98799, -33.89505 ], [ -69.98961, -33.89151 ], [ -69.98954, -33.89122 ], [ -69.99001, -33.8904 ], [ -69.99004, -33.88973 ], [ -69.99045, -33.88834 ], [ -69.99079, -33.88606 ], [ -69.99073, -33.88516 ], [ -69.98967, -33.88385 ], [ -69.98955, -33.88323 ], [ -69.9899, -33.88169 ], [ -69.98974, -33.88098 ], [ -69.99068, -33.87966 ], [ -69.99079, -33.87923 ], [ -69.99157, -33.87837 ], [ -69.99158, -33.87724 ], [ -69.99116, -33.87625 ], [ -69.9914, -33.8755 ], [ -69.99249, -33.87438 ], [ -69.99249, -33.87399 ], [ -69.9937, -33.87296 ], [ -69.99362, -33.87246 ], [ -69.99384, -33.87209 ], [ -69.99424, -33.87166 ], [ -69.99475, -33.8714 ], [ -69.99454, -33.87066 ], [ -69.99484, -33.87 ], [ -69.9947, -33.86925 ], [ -69.99591, -33.86718 ], [ -69.99609, -33.86653 ], [ -69.99602, -33.86612 ] ], [ [ -69.99597, -33.86607 ], [ -69.99492, -33.86583 ], [ -69.99457, -33.86513 ], [ -69.9941, -33.86478 ], [ -69.99277, -33.86436 ], [ -69.99215, -33.86383 ], [ -69.99104, -33.8631 ], [ -69.99057, -33.86301 ], [ -69.99024, -33.86259 ], [ -69.98992, -33.86248 ], [ -69.9894, -33.86182 ], [ -69.9894, -33.8614 ], [ -69.98915, -33.86103 ], [ -69.98934, -33.86082 ], [ -69.989, -33.86003 ], [ -69.98913, -33.85969 ], [ -69.98839, -33.85909 ], [ -69.98791, -33.85814 ], [ -69.98759, -33.8579 ], [ -69.9871, -33.85788 ], [ -69.98677, -33.85768 ], [ -69.98597, -33.85624 ], [ -69.98606, -33.85595 ], [ -69.98526, -33.85587 ], [ -69.985, -33.85529 ], [ -69.98446, -33.85505 ] ], [ [ -69.99602, -33.86612 ], [ -69.99597, -33.86607 ] ] ] } },
{ "type": "Feature", "properties": { "nombre": "Río Claro", "tipo": "river", "volcan_codigo": "SJO", "volcan_nombre": "San Jose", "drena_volcan": false }, "geometry": { "type": "LineString", "coordinates": [ [ -70.34789, -33.87434 ], [ -70.34853, -33.87548 ], [ -70.35038, -33.87726 ], [ -70.35079, -33.87828 ], [ -70.35081, -33.87938 ], [ -70.35053, -33.88054 ], [ -70.35018, -33.88106 ], [ -70.34903, -33.88186 ], [ -70.34892, -33.88223 ], [ -70.34935, -33.88262 ], [ -70.3493, -33.8831 ], [ -70.34883, -33.88367 ], [ -70.34933, -33.88458 ], [ -70.3493, -33.88514 ], [ -70.34894, -33.88546 ], [ -70.34885, -33.88576 ], [ -70.349, -33.88752 ], [ -70.34918, -33.88807 ], [ -70.3489, -33.88845 ], [ -70.34937, -33.88866 ], [ -70.34943, -33.89048 ], [ -70.34965, -33.89135 ], [ -70.34954, -33.89208 ], [ -70.3496, -33.89231 ], [ -70.35008, -33.89271 ], [ -70.35001, -33.89333 ], [ -70.34945, -33.89433 ], [ -70.3487, -33.89488 ], [ -70.3487, -33.8957 ], [ -70.34845, -33.89593 ], [ -70.34782, -33.89611 ], [ -70.34757, -33.89693 ], [ -70.34763, -33.89719 ], [ -70.34718, -33.89769 ], [ -70.34699, -33.89937 ], [ -70.34611, -33.90058 ], [ -70.34566, -33.90156 ], [ -70.34512, -33.90172 ], [ -70.34484, -33.902 ], [ -70.34461, -33.90272 ], [ -70.3442, -33.90293 ], [ -70.34398, -33.9038 ], [ -70.34218, -33.90494 ], [ -70.34143, -33.9058 ], [ -70.34149, -33.90615 ], [ -70.34117, -33.90637 ], [ -70.34029, -33.90638 ], [ -70.34023, -33.90676 ], [ -70.33935, -33.90824 ], [ -70.33888, -33.90857 ], [ -70.3386, -33.90932 ], [ -70.33622, -33.91057 ], [ -70.33598, -33.91089 ], [ -70.33596, -33.91153 ], [ -70.3357, -33.91224 ], [ -70.33525, -33.91251 ], [ -70.33518, -33.91272 ], [ -70.33542, -33.91331 ], [ -70.33462, -33.91324 ], [ -70.3346, -33.91345 ], [ -70.33495, -33.91377 ], [ -70.33452, -33.91429 ], [ -70.33477, -33.91433 ], [ -70.33488, -33.91456 ], [ -70.33398, -33.9152 ], [ -70.33376, -33.91611 ], [ -70.33233, -33.91664 ], [ -70.33196, -33.917 ], [ -70.33224, -33.91767 ], [ -70.33207, -33.91862 ], [ -70.33117, -33.91913 ], [ -70.33059, -33.92002 ], [ -70.3293, -33.92099 ], [ -70.32909, -33.92111 ], [ -70.32823, -33.92102 ], [ -70.32808, -33.9212 ], [ -70.32819, -33.92164 ], [ -70.32767, -33.92184 ], [ -70.32731, -33.92277 ], [ -70.32645, -33.9235 ], [ -70.32621, -33.92398 ], [ -70.32671, -33.92442 ], [ -70.32533, -33.92592 ], [ -70.32467, -33.92736 ], [ -70.32402, -33.92793 ], [ -70.32385, -33.92832 ], [ -70.32325, -33.92871 ], [ -70.3231, -33.92943 ], [ -70.32239, -33.93019 ], [ -70.32226, -33.93055 ], [ -70.32231, -33.93144 ], [ -70.32201, -33.93181 ], [ -70.32222, -33.93222 ], [ -70.32181, -33.93251 ], [ -70.32181, -33.93274 ], [ -70.32128, -33.93341 ], [ -70.32158, -33.93381 ], [ -70.32149, -33.93454 ], [ -70.32059, -33.93502 ], [ -70.31917, -33.93617 ], [ -70.31836, -33.93621 ], [ -70.3181, -33.93656 ], [ -70.31744, -33.93656 ], [ -70.31705, -33.93687 ], [ -70.31626, -33.93699 ], [ -70.31514, -33.93774 ], [ -70.31426, -33.93758 ], [ -70.31392, -33.93824 ], [ -70.3134, -33.93842 ], [ -70.31284, -33.93834 ], [ -70.31224, -33.93852 ], [ -70.31096, -33.93916 ], [ -70.30915, -33.94057 ], [ -70.30767, -33.9408 ], [ -70.30617, -33.94041 ], [ -70.30546, -33.94073 ], [ -70.30441, -33.94075 ], [ -70.30396, -33.94103 ], [ -70.3034, -33.94103 ], [ -70.30274, -33.94128 ], [ -70.30229, -33.9416 ], [ -70.30149, -33.94269 ], [ -70.30059, -33.94331 ], [ -70.29941, -33.94315 ], [ -70.29885, -33.94338 ], [ -70.29774, -33.94324 ], [ -70.29611, -33.94472 ], [ -70.29463, -33.94541 ], [ -70.29415, -33.94589 ], [ -70.29287, -33.94605 ], [ -70.29154, -33.94584 ], [ -70.29081, -33.946 ], [ -70.28879, -33.94571 ], [ -70.28724, -33.94582 ], [ -70.28628, -33.94609 ], [ -70.2848, -33.94602 ], [ -70.28197, -33.94689 ], [ -70.2795, -33.9473 ], [ -70.27911, -33.94719 ], [ -70.27817, -33.94744 ], [ -70.2772, -33.94716 ], [ -70.27514, -33.94739 ], [ -70.27435, -33.94703 ], [ -70.27199, -33.94687 ], [ -70.27083, -33.94712 ], [ -70.26969, -33.94796 ], [ -70.26881, -33.94822 ], [ -70.26808, -33.94815 ], [ -70.2678, -33.94796 ], [ -70.26579, -33.94796 ], [ -70.26448, -33.94732 ], [ -70.26319, -33.9473 ], [ -70.26038, -33.94828 ], [ -70.25941, -33.94815 ], [ -70.25789, -33.94849 ], [ -70.25701, -33.94835 ], [ -70.25639, -33.94808 ], [ -70.25585, -33.94758 ], [ -70.25437, -33.9473 ], [ -70.2518, -33.9465 ], [ -70.24972, -33.94514 ], [ -70.24838, -33.94511 ], [ -70.24776, -33.94482 ], [ -70.24718, -33.94486 ], [ -70.24463, -33.94406 ], [ -70.24457, -33.94424 ], [ -70.24418, -33.94436 ], [ -70.24315, -33.94381 ], [ -70.24289, -33.94297 ], [ -70.2419, -33.94308 ], [ -70.24079, -33.9424 ], [ -70.24021, -33.94269 ], [ -70.23959, -33.94276 ], [ -70.23819, -33.94205 ], [ -70.23727, -33.94199 ], [ -70.23579, -33.94148 ], [ -70.23493, -33.94052 ], [ -70.23444, -33.94021 ], [ -70.2333, -33.94046 ], [ -70.23302, -33.94037 ], [ -70.23218, -33.93993 ], [ -70.23096, -33.93872 ], [ -70.23068, -33.93829 ], [ -70.23057, -33.93712 ], [ -70.23008, -33.93649 ], [ -70.22794, -33.93582 ], [ -70.22708, -33.93473 ], [ -70.22682, -33.93461 ], [ -70.22536, -33.93464 ], [ -70.22463, -33.93416 ], [ -70.22328, -33.93366 ], [ -70.22214, -33.93364 ], [ -70.22058, -33.93386 ], [ -70.21909, -33.93281 ], [ -70.21755, -33.93201 ], [ -70.21489, -33.93185 ], [ -70.21452, -33.93149 ], [ -70.2138, -33.93115 ], [ -70.21334, -33.93142 ], [ -70.21309, -33.93138 ], [ -70.21249, -33.93094 ], [ -70.21133, -33.93112 ], [ -70.21066, -33.93005 ], [ -70.21034, -33.93 ], [ -70.20963, -33.93026 ], [ -70.20798, -33.92935 ], [ -70.20701, -33.92781 ], [ -70.20676, -33.92677 ], [ -70.20652, -33.92642 ], [ -70.20615, -33.9262 ], [ -70.20566, -33.92618 ], [ -70.20516, -33.92548 ], [ -70.20462, -33.92512 ], [ -70.20456, -33.92463 ], [ -70.20486, -33.92407 ], [ -70.20473, -33.92382 ], [ -70.2032, -33.92279 ], [ -70.20274, -33.92221 ], [ -70.20218, -33.92209 ], [ -70.20098, -33.9223 ], [ -70.19915, -33.921 ], [ -70.19798, -33.92065 ], [ -70.1975, -33.92017 ] ] } },
{ "type": "Feature", "properties": { "nombre": "Río Colina", "tipo": "river", "volcan_codigo": "SJO", "volcan_nombre": "San Jose", "drena_volcan": true }, "geometry": { "type": "LineString", "coordinates": [ [ -69.96406, -33.87678 ], [ -69.96548, -33.87625 ], [ -69.96574, -33.87569 ], [ -69.96664, -33.87532 ], [ -69.9671, -33.87538 ], [ -69.96805, -33.87511 ], [ -69.96905, -33.87429 ], [ -69.97015, -33.87399 ], [ -69.97098, -33.87418 ], [ -69.97155, -33.87402 ], [ -69.97324, -33.87188 ], [ -69.97407, -33.87015 ], [ -69.97433, -33.86765 ], [ -69.97479, -33.86605 ], [ -69.97483, -33.8651 ], [ -69.97503, -33.86481 ], [ -69.97481, -33.86418 ], [ -69.97635, -33.86299 ], [ -69.9767, -33.86231 ], [ -69.97718, -33.86205 ], [ -69.97771, -33.86203 ], [ -69.97812, -33.86163 ], [ -69.97879, -33.86151 ], [ -69.97922, -33.86046 ], [ -69.98248, -33.85654 ], [ -69.98446, -33.85505 ] ] } },
{ "type": "Feature", "properties": { "nombre": "Río Colorado", "tipo": "stream", "volcan_codigo": "SJO", "volcan_nombre": "San Jose", "drena_volcan": true }, "geometry": { "type": "MultiLineString", "coordinates": [ [ [ -69.85397, -33.32327 ], [ -69.85418, -33.32391 ], [ -69.85501, -33.32487 ], [ -69.85547, -33.32592 ], [ -69.85609, -33.32615 ], [ -69.85682, -33.32609 ], [ -69.85706, -33.32632 ], [ -69.85729, -33.32706 ], [ -69.8582, -33.32792 ], [ -69.85905, -33.32801 ], [ -69.85926, -33.3283 ], [ -69.86022, -33.32869 ], [ -69.8607, -33.33042 ], [ -69.86115, -33.33088 ], [ -69.86116, -33.33108 ], [ -69.86244, -33.33215 ], [ -69.86255, -33.33247 ], [ -69.86338, -33.33315 ], [ -69.86344, -33.33344 ], [ -69.86421, -33.3343 ], [ -69.86563, -33.33522 ], [ -69.86616, -33.33594 ], [ -69.86681, -33.33625 ], [ -69.8674, -33.33697 ], [ -69.86793, -33.33721 ], [ -69.8681, -33.33761 ], [ -69.86935, -33.33848 ], [ -69.87012, -33.33863 ], [ -69.87035, -33.33896 ], [ -69.87251, -33.34025 ], [ -69.87289, -33.34084 ], [ -69.87599, -33.34234 ], [ -69.87643, -33.34297 ], [ -69.87685, -33.34327 ], [ -69.87732, -33.34329 ], [ -69.87779, -33.3438 ], [ -69.87816, -33.34396 ], [ -69.87807, -33.34426 ], [ -69.87848, -33.34483 ], [ -69.87827, -33.34522 ] ], [ [ -69.92058, -33.37544 ], [ -69.92111, -33.37554 ], [ -69.9212, -33.37621 ], [ -69.92162, -33.37661 ], [ -69.92153, -33.3767 ], [ -69.92173, -33.37743 ], [ -69.92238, -33.37763 ], [ -69.92265, -33.37787 ], [ -69.92289, -33.37853 ], [ -69.92389, -33.37963 ], [ -69.92512, -33.38007 ], [ -69.92533, -33.38056 ], [ -69.92659, -33.38139 ], [ -69.92728, -33.38144 ], [ -69.92801, -33.38228 ], [ -69.92881, -33.38283 ], [ -69.93014, -33.38298 ], [ -69.93044, -33.38282 ], [ -69.93123, -33.38287 ], [ -69.93193, -33.38313 ], [ -69.93221, -33.3835 ], [ -69.93265, -33.38353 ], [ -69.93268, -33.38404 ], [ -69.93408, -33.38459 ], [ -69.93428, -33.38451 ], [ -69.93454, -33.38499 ], [ -69.93522, -33.38546 ], [ -69.93559, -33.38635 ], [ -69.93672, -33.38693 ], [ -69.93684, -33.38721 ], [ -69.93742, -33.38742 ], [ -69.93826, -33.38724 ], [ -69.94112, -33.38745 ], [ -69.94197, -33.38728 ], [ -69.9431, -33.38799 ], [ -69.94362, -33.38785 ], [ -69.94373, -33.3881 ], [ -69.94438, -33.38803 ], [ -69.94509, -33.3884 ], [ -69.94626, -33.38864 ], [ -69.9472, -33.3884 ], [ -69.94767, -33.38853 ], [ -69.94872, -33.3883 ], [ -69.94968, -33.38867 ], [ -69.95062, -33.38875 ], [ -69.95102, -33.38928 ], [ -69.95147, -33.38941 ], [ -69.95202, -33.38921 ], [ -69.95387, -33.38939 ], [ -69.95457, -33.39001 ], [ -69.9553, -33.39027 ], [ -69.95577, -33.38981 ], [ -69.95618, -33.38968 ], [ -69.9568, -33.38975 ], [ -69.95708, -33.38992 ], [ -69.95709, -33.39049 ], [ -69.95761, -33.39106 ], [ -69.95785, -33.39179 ], [ -69.9579, -33.39266 ], [ -69.9582, -33.39309 ], [ -69.9582, -33.39348 ], [ -69.95843, -33.39367 ], [ -69.95912, -33.39414 ], [ -69.96075, -33.39452 ], [ -69.96076, -33.39476 ], [ -69.961, -33.39483 ], [ -69.9614, -33.39534 ], [ -69.96178, -33.39546 ], [ -69.96215, -33.39604 ], [ -69.9626, -33.39633 ], [ -69.96364, -33.39655 ], [ -69.96403, -33.39692 ], [ -69.96464, -33.39677 ], [ -69.96516, -33.39736 ], [ -69.96586, -33.39747 ], [ -69.96605, -33.39763 ], [ -69.966, -33.39822 ], [ -69.96638, -33.39859 ], [ -69.96698, -33.39851 ], [ -69.96727, -33.39874 ], [ -69.96954, -33.39903 ] ], [ [ -69.90643, -33.35762 ], [ -69.90707, -33.35794 ], [ -69.90764, -33.35865 ], [ -69.908, -33.35863 ], [ -69.9083, -33.35829 ], [ -69.90897, -33.35864 ], [ -69.90914, -33.35889 ], [ -69.90896, -33.35941 ], [ -69.90915, -33.36041 ], [ -69.90947, -33.36067 ], [ -69.9094, -33.36091 ], [ -69.90958, -33.36137 ], [ -69.91056, -33.3628 ], [ -69.91047, -33.36331 ], [ -69.91017, -33.36367 ], [ -69.91044, -33.36432 ], [ -69.91025, -33.36485 ], [ -69.91085, -33.36534 ], [ -69.91099, -33.3657 ], [ -69.91094, -33.3665 ], [ -69.91068, -33.36695 ], [ -69.91077, -33.36718 ], [ -69.91156, -33.36722 ], [ -69.91145, -33.36781 ], [ -69.91204, -33.36813 ], [ -69.91202, -33.36836 ], [ -69.91242, -33.36848 ], [ -69.91275, -33.36838 ], [ -69.91302, -33.3691 ], [ -69.9134, -33.36937 ], [ -69.9139, -33.36945 ], [ -69.91465, -33.36921 ], [ -69.91499, -33.36929 ], [ -69.91529, -33.36826 ] ], [ [ -69.89014, -33.35087 ], [ -69.89074, -33.35104 ], [ -69.89187, -33.35079 ], [ -69.89192, -33.35097 ], [ -69.89234, -33.35115 ], [ -69.8929, -33.35107 ], [ -69.89414, -33.35123 ], [ -69.89503, -33.3511 ], [ -69.89543, -33.35086 ], [ -69.89602, -33.35099 ], [ -69.89685, -33.35073 ], [ -69.89809, -33.3507 ], [ -69.89909, -33.35088 ], [ -69.8993, -33.35112 ], [ -69.89984, -33.35124 ], [ -69.90025, -33.35155 ], [ -69.90054, -33.35232 ], [ -69.90113, -33.35258 ], [ -69.9014, -33.35303 ], [ -69.90167, -33.3531 ], [ -69.90162, -33.35333 ], [ -69.90192, -33.35367 ], [ -69.90187, -33.35449 ], [ -69.90214, -33.35507 ], [ -69.9027, -33.35531 ], [ -69.9028, -33.35585 ], [ -69.90302, -33.35593 ], [ -69.90302, -33.35617 ], [ -69.90341, -33.3564 ], [ -69.90372, -33.35683 ], [ -69.90479, -33.35772 ], [ -69.90528, -33.3576 ], [ -69.90542, -33.35776 ], [ -69.90595, -33.35775 ], [ -69.90643, -33.35762 ] ], [ [ -69.91529, -33.36826 ], [ -69.91602, -33.36802 ], [ -69.9167, -33.36825 ], [ -69.91668, -33.36926 ], [ -69.91753, -33.36935 ], [ -69.91792, -33.36999 ], [ -69.91846, -33.37004 ], [ -69.91917, -33.3707 ], [ -69.91924, -33.37149 ], [ -69.91907, -33.37202 ], [ -69.91945, -33.37267 ], [ -69.91935, -33.37282 ], [ -69.9196, -33.37336 ], [ -69.92007, -33.37371 ], [ -69.92041, -33.37424 ], [ -69.92058, -33.37544 ] ], [ [ -69.96954, -33.39903 ], [ -69.97013, -33.39882 ], [ -69.97065, -33.39895 ], [ -69.97096, -33.39881 ], [ -69.97122, -33.39903 ], [ -69.97126, -33.39937 ], [ -69.97198, -33.39983 ], [ -69.9724, -33.40051 ], [ -69.97368, -33.40113 ], [ -69.97468, -33.40132 ], [ -69.97443, -33.4017 ], [ -69.97441, -33.40214 ], [ -69.97538, -33.40207 ], [ -69.9758, -33.4024 ], [ -69.97617, -33.40227 ], [ -69.97648, -33.40266 ], [ -69.97735, -33.40302 ], [ -69.97712, -33.40413 ], [ -69.97914, -33.40476 ], [ -69.97951, -33.40522 ], [ -69.97985, -33.40535 ], [ -69.98018, -33.40615 ], [ -69.98088, -33.40667 ], [ -69.98102, -33.40703 ], [ -69.98196, -33.40735 ], [ -69.98217, -33.40768 ], [ -69.98267, -33.40765 ], [ -69.98297, -33.40791 ], [ -69.98336, -33.40786 ], [ -69.98384, -33.40811 ], [ -69.98435, -33.40813 ], [ -69.98514, -33.40863 ], [ -69.98618, -33.40885 ], [ -69.98708, -33.40962 ], [ -69.98777, -33.40976 ], [ -69.98838, -33.4096 ], [ -69.99002, -33.41058 ], [ -69.99141, -33.41097 ], [ -69.99345, -33.41123 ], [ -69.99369, -33.41196 ], [ -69.99405, -33.4121 ], [ -69.99547, -33.41354 ], [ -69.996, -33.41363 ], [ -69.99635, -33.41404 ], [ -69.99674, -33.41499 ], [ -69.99742, -33.41553 ], [ -69.99736, -33.41634 ], [ -69.9976, -33.41716 ], [ -69.99828, -33.41798 ], [ -69.99863, -33.41814 ], [ -69.99882, -33.4185 ], [ -69.99877, -33.41888 ], [ -70.00139, -33.41975 ], [ -70.00135, -33.42027 ], [ -70.00157, -33.42091 ], [ -70.00234, -33.42151 ], [ -70.00327, -33.42188 ], [ -70.00375, -33.42235 ], [ -70.00464, -33.42263 ], [ -70.00558, -33.42326 ], [ -70.00736, -33.42365 ], [ -70.0075, -33.42411 ], [ -70.00887, -33.42434 ], [ -70.00965, -33.42561 ], [ -70.01034, -33.42591 ], [ -70.01064, -33.42734 ], [ -70.01134, -33.42769 ], [ -70.01152, -33.42804 ], [ -70.01238, -33.42815 ], [ -70.0126, -33.42876 ], [ -70.01342, -33.42913 ], [ -70.01397, -33.42966 ], [ -70.01442, -33.42978 ], [ -70.01512, -33.43063 ], [ -70.0153, -33.43132 ], [ -70.01583, -33.43223 ], [ -70.01593, -33.43318 ], [ -70.0158, -33.43337 ], [ -70.0159, -33.43378 ], [ -70.01571, -33.43503 ], [ -70.01594, -33.43602 ], [ -70.01533, -33.43695 ], [ -70.01565, -33.43819 ], [ -70.01586, -33.43839 ], [ -70.0158, -33.43862 ], [ -70.01533, -33.43893 ], [ -70.01499, -33.43962 ], [ -70.01516, -33.44007 ], [ -70.01559, -33.44051 ], [ -70.01632, -33.44076 ], [ -70.01686, -33.4414 ], [ -70.01694, -33.44254 ], [ -70.01732, -33.44373 ], [ -70.0171, -33.44496 ], [ -70.01798, -33.44645 ], [ -70.01793, -33.44717 ], [ -70.0181, -33.44757 ], [ -70.01909, -33.44854 ], [ -70.01917, -33.44921 ], [ -70.01939, -33.44949 ], [ -70.02063, -33.44999 ], [ -70.02173, -33.44982 ], [ -70.0236, -33.45028 ], [ -70.02394, -33.45085 ], [ -70.02355, -33.45139 ], [ -70.02417, -33.45211 ], [ -70.02578, -33.45347 ], [ -70.02587, -33.45429 ], [ -70.02557, -33.45497 ], [ -70.02574, -33.45547 ], [ -70.0267, -33.45601 ], [ -70.02716, -33.45683 ], [ -70.02669, -33.45773 ], [ -70.02656, -33.45859 ], [ -70.02716, -33.46195 ], [ -70.02716, -33.46277 ], [ -70.02638, -33.46464 ], [ -70.02675, -33.46557 ], [ -70.0275, -33.46621 ], [ -70.02851, -33.46758 ], [ -70.02896, -33.469 ], [ -70.02905, -33.47069 ], [ -70.02982, -33.47376 ], [ -70.029, -33.47602 ], [ -70.02896, -33.47681 ], [ -70.02967, -33.47742 ], [ -70.0299, -33.47817 ], [ -70.02928, -33.47957 ], [ -70.0299, -33.4801 ], [ -70.03065, -33.48043 ], [ -70.03095, -33.48129 ], [ -70.03185, -33.48211 ], [ -70.03226, -33.48357 ], [ -70.03364, -33.48443 ], [ -70.03428, -33.48468 ], [ -70.03514, -33.48468 ], [ -70.0354, -33.48483 ], [ -70.03554, -33.48526 ], [ -70.03608, -33.48551 ], [ -70.03673, -33.48615 ], [ -70.03683, -33.48726 ], [ -70.03729, -33.48755 ], [ -70.04052, -33.4878 ], [ -70.04213, -33.4874 ], [ -70.04258, -33.48708 ], [ -70.0426, -33.4864 ], [ -70.04276, -33.48609 ], [ -70.04394, -33.48534 ], [ -70.04483, -33.48514 ], [ -70.04576, -33.48519 ], [ -70.0468, -33.48492 ], [ -70.04796, -33.48435 ], [ -70.04941, -33.48449 ], [ -70.05015, -33.48594 ], [ -70.05149, -33.48758 ], [ -70.05426, -33.48792 ], [ -70.057, -33.48977 ], [ -70.05808, -33.49088 ], [ -70.05918, -33.49097 ], [ -70.06113, -33.49002 ], [ -70.06277, -33.49 ], [ -70.06822, -33.49173 ], [ -70.07263, -33.49336 ], [ -70.07541, -33.49315 ], [ -70.07839, -33.49534 ], [ -70.07935, -33.49545 ], [ -70.08008, -33.49594 ], [ -70.08048, -33.49574 ], [ -70.08172, -33.49555 ], [ -70.08518, -33.49633 ], [ -70.0866, -33.49725 ], [ -70.08855, -33.49732 ], [ -70.08993, -33.4985 ], [ -70.09392, -33.49955 ], [ -70.09585, -33.49962 ], [ -70.09691, -33.50053 ], [ -70.09961, -33.50026 ], [ -70.10066, -33.49929 ], [ -70.10274, -33.49848 ], [ -70.10428, -33.4969 ], [ -70.10819, -33.49462 ], [ -70.10926, -33.49483 ], [ -70.11006, -33.49473 ], [ -70.11387, -33.49354 ], [ -70.11831, -33.49287 ], [ -70.12151, -33.49297 ], [ -70.12258, -33.49231 ], [ -70.12331, -33.49241 ], [ -70.1244, -33.49222 ], [ -70.12543, -33.49176 ], [ -70.12747, -33.49183 ], [ -70.12834, -33.49155 ], [ -70.1305, -33.49189 ], [ -70.1325, -33.49258 ], [ -70.13352, -33.49329 ], [ -70.13575, -33.494 ], [ -70.13659, -33.49489 ], [ -70.13863, -33.49534 ], [ -70.14046, -33.4965 ], [ -70.14343, -33.499 ], [ -70.14485, -33.49846 ], [ -70.14525, -33.49863 ], [ -70.14629, -33.49944 ], [ -70.14644, -33.50029 ], [ -70.1459, -33.50112 ], [ -70.14585, -33.50165 ], [ -70.14656, -33.50214 ], [ -70.14686, -33.50262 ], [ -70.14741, -33.50292 ], [ -70.1481, -33.50303 ], [ -70.14882, -33.50285 ], [ -70.15116, -33.50349 ], [ -70.1516, -33.50331 ], [ -70.15216, -33.50335 ], [ -70.15369, -33.50374 ], [ -70.15499, -33.50356 ], [ -70.156, -33.50317 ], [ -70.15626, -33.5026 ], [ -70.15848, -33.50145 ], [ -70.1588, -33.50075 ], [ -70.1587, -33.49996 ], [ -70.15882, -33.49913 ], [ -70.15993, -33.4978 ], [ -70.16239, -33.49731 ], [ -70.16362, -33.4965 ], [ -70.16467, -33.49607 ], [ -70.1649, -33.49555 ], [ -70.16524, -33.49535 ], [ -70.16706, -33.4953 ], [ -70.16792, -33.49489 ], [ -70.16876, -33.49414 ], [ -70.16927, -33.49399 ], [ -70.17162, -33.4944 ], [ -70.17301, -33.49417 ], [ -70.1756, -33.49435 ], [ -70.17607, -33.49452 ], [ -70.17621, -33.49486 ], [ -70.1772, -33.49477 ], [ -70.17764, -33.49458 ], [ -70.17834, -33.49474 ], [ -70.17866, -33.4949 ], [ -70.17887, -33.49548 ], [ -70.17927, -33.49581 ], [ -70.17966, -33.4965 ], [ -70.18038, -33.49704 ], [ -70.1805, -33.49751 ], [ -70.1816, -33.4982 ], [ -70.18203, -33.49881 ], [ -70.18213, -33.49943 ], [ -70.1833, -33.50003 ], [ -70.1836, -33.50053 ], [ -70.18508, -33.50176 ], [ -70.18669, -33.50279 ], [ -70.18727, -33.50291 ], [ -70.18779, -33.5034 ], [ -70.18859, -33.50353 ], [ -70.18959, -33.50287 ], [ -70.19022, -33.50223 ], [ -70.19092, -33.50212 ], [ -70.19167, -33.50227 ], [ -70.19233, -33.5029 ], [ -70.19481, -33.50317 ], [ -70.19616, -33.50397 ], [ -70.1983, -33.5057 ], [ -70.19846, -33.50791 ], [ -70.19908, -33.509 ], [ -70.19967, -33.50934 ], [ -70.20087, -33.5097 ], [ -70.20273, -33.50966 ], [ -70.20396, -33.51016 ], [ -70.20505, -33.50978 ], [ -70.20544, -33.50987 ], [ -70.20577, -33.51037 ], [ -70.20619, -33.51061 ], [ -70.20781, -33.51087 ], [ -70.20939, -33.51141 ], [ -70.21022, -33.51117 ], [ -70.21136, -33.51141 ], [ -70.21196, -33.51135 ], [ -70.21242, -33.51166 ], [ -70.21232, -33.51197 ], [ -70.21197, -33.51225 ], [ -70.21188, -33.51283 ], [ -70.21215, -33.51325 ], [ -70.21288, -33.51334 ], [ -70.21401, -33.51308 ], [ -70.21446, -33.51276 ], [ -70.2163, -33.51338 ], [ -70.21741, -33.51402 ], [ -70.2189, -33.51414 ], [ -70.21975, -33.51479 ], [ -70.22007, -33.51484 ], [ -70.22064, -33.51458 ], [ -70.22235, -33.5145 ], [ -70.22281, -33.51462 ], [ -70.22336, -33.51549 ], [ -70.22439, -33.51561 ], [ -70.22509, -33.51601 ], [ -70.22521, -33.51711 ], [ -70.22546, -33.51763 ], [ -70.22623, -33.518 ], [ -70.22803, -33.51836 ], [ -70.22983, -33.51841 ], [ -70.23016, -33.51861 ], [ -70.2303, -33.5194 ], [ -70.23111, -33.51997 ], [ -70.23091, -33.52088 ], [ -70.231, -33.52174 ], [ -70.2313, -33.52242 ], [ -70.23158, -33.52252 ], [ -70.23236, -33.52241 ], [ -70.23282, -33.52261 ], [ -70.23313, -33.52308 ], [ -70.23259, -33.52356 ], [ -70.2325, -33.52393 ], [ -70.23267, -33.52412 ], [ -70.23366, -33.52423 ], [ -70.23395, -33.52449 ], [ -70.23478, -33.52475 ], [ -70.23522, -33.52523 ], [ -70.23595, -33.52521 ], [ -70.23702, -33.52443 ], [ -70.23846, -33.52439 ], [ -70.23911, -33.52453 ], [ -70.24112, -33.52374 ], [ -70.24154, -33.52398 ], [ -70.24197, -33.5251 ], [ -70.24376, -33.52553 ], [ -70.24448, -33.52537 ], [ -70.24539, -33.52626 ], [ -70.24626, -33.5265 ], [ -70.24838, -33.52659 ], [ -70.25027, -33.52602 ], [ -70.25085, -33.52601 ], [ -70.25128, -33.52618 ], [ -70.25168, -33.52665 ], [ -70.25231, -33.52676 ], [ -70.25345, -33.52641 ], [ -70.25378, -33.52655 ], [ -70.25427, -33.52731 ], [ -70.25413, -33.52776 ], [ -70.25366, -33.52819 ], [ -70.25357, -33.52873 ], [ -70.25433, -33.52974 ], [ -70.25612, -33.53021 ], [ -70.25661, -33.52976 ], [ -70.25726, -33.52953 ], [ -70.2603, -33.53024 ], [ -70.26232, -33.52973 ], [ -70.26355, -33.53036 ], [ -70.2659, -33.53084 ], [ -70.26701, -33.53076 ], [ -70.26816, -33.53015 ], [ -70.26873, -33.53013 ], [ -70.26925, -33.53041 ], [ -70.27115, -33.53204 ], [ -70.27159, -33.53296 ], [ -70.27236, -33.53358 ], [ -70.27287, -33.53381 ], [ -70.27456, -33.53397 ], [ -70.27571, -33.53348 ], [ -70.27658, -33.53385 ], [ -70.27718, -33.53505 ], [ -70.2786, -33.53505 ], [ -70.28056, -33.53576 ], [ -70.28136, -33.53708 ], [ -70.28318, -33.53833 ], [ -70.28433, -33.53875 ], [ -70.28485, -33.53915 ], [ -70.28506, -33.53982 ], [ -70.28468, -33.54099 ], [ -70.28387, -33.5421 ], [ -70.28375, -33.543 ], [ -70.28414, -33.5434 ], [ -70.28528, -33.5436 ], [ -70.28565, -33.54402 ], [ -70.28584, -33.54455 ], [ -70.28567, -33.54657 ], [ -70.28603, -33.54722 ], [ -70.28681, -33.54773 ], [ -70.28822, -33.54782 ], [ -70.28912, -33.54863 ], [ -70.28966, -33.54844 ], [ -70.29061, -33.54753 ], [ -70.29121, -33.54757 ], [ -70.29182, -33.54798 ], [ -70.29233, -33.54898 ], [ -70.2928, -33.54925 ], [ -70.29357, -33.54901 ], [ -70.29443, -33.54832 ], [ -70.29577, -33.54858 ], [ -70.29666, -33.55005 ], [ -70.29726, -33.55038 ], [ -70.29864, -33.55023 ], [ -70.29964, -33.55077 ], [ -70.30088, -33.5508 ], [ -70.30186, -33.55021 ], [ -70.30269, -33.55002 ], [ -70.30335, -33.55037 ], [ -70.30349, -33.55135 ], [ -70.30386, -33.55201 ], [ -70.30466, -33.55214 ], [ -70.30566, -33.5529 ], [ -70.30739, -33.55298 ], [ -70.30855, -33.55376 ], [ -70.3099, -33.55441 ], [ -70.31086, -33.55524 ], [ -70.31194, -33.5559 ], [ -70.31435, -33.55638 ], [ -70.31451, -33.55666 ], [ -70.31458, -33.558 ], [ -70.31504, -33.55869 ], [ -70.31745, -33.55904 ], [ -70.31891, -33.56017 ], [ -70.32059, -33.56089 ], [ -70.32174, -33.56163 ], [ -70.32329, -33.56203 ], [ -70.32358, -33.56233 ], [ -70.3237, -33.56377 ], [ -70.32397, -33.56424 ], [ -70.32452, -33.56452 ], [ -70.32721, -33.56465 ], [ -70.32806, -33.56517 ], [ -70.32855, -33.56633 ], [ -70.33103, -33.56627 ], [ -70.33195, -33.56731 ], [ -70.33281, -33.56768 ], [ -70.33466, -33.56786 ], [ -70.33578, -33.56822 ], [ -70.3369, -33.56881 ], [ -70.33796, -33.56878 ], [ -70.33935, -33.56802 ], [ -70.3399, -33.56782 ], [ -70.34028, -33.56791 ], [ -70.34068, -33.56832 ], [ -70.34154, -33.57 ], [ -70.34187, -33.57018 ], [ -70.34393, -33.57 ], [ -70.34643, -33.56943 ], [ -70.34718, -33.56995 ], [ -70.34787, -33.57011 ], [ -70.34859, -33.56971 ], [ -70.34907, -33.56963 ], [ -70.35015, -33.56992 ], [ -70.35101, -33.57067 ], [ -70.35145, -33.57152 ], [ -70.35137, -33.5719 ], [ -70.35079, -33.57248 ], [ -70.35073, -33.57316 ], [ -70.35221, -33.57428 ], [ -70.35371, -33.57581 ], [ -70.35368, -33.57608 ], [ -70.3531, -33.57652 ], [ -70.35326, -33.57694 ], [ -70.35484, -33.57742 ], [ -70.35544, -33.57779 ], [ -70.35665, -33.57914 ], [ -70.35718, -33.5795 ], [ -70.35962, -33.58022 ], [ -70.36021, -33.58065 ], [ -70.36028, -33.58105 ], [ -70.35998, -33.58173 ], [ -70.36063, -33.58234 ], [ -70.36185, -33.58262 ], [ -70.36301, -33.58222 ], [ -70.3633, -33.58235 ], [ -70.36339, -33.5826 ], [ -70.36308, -33.58351 ], [ -70.36337, -33.58546 ], [ -70.36371, -33.58581 ], [ -70.3648, -33.58523 ], [ -70.36544, -33.58587 ], [ -70.36575, -33.58835 ], [ -70.36611, -33.5894 ], [ -70.36742, -33.59017 ], [ -70.3676, -33.59106 ], [ -70.36856, -33.59122 ], [ -70.36897, -33.59223 ], [ -70.37101, -33.59406 ], [ -70.37284, -33.59481 ], [ -70.37396, -33.59627 ] ], [ [ -69.75807, -33.97708 ], [ -69.75505, -33.97628 ], [ -69.75384, -33.97665 ], [ -69.75138, -33.97613 ], [ -69.74919, -33.97542 ], [ -69.74629, -33.97316 ], [ -69.74241, -33.9687 ], [ -69.74138, -33.96795 ], [ -69.73797, -33.96722 ], [ -69.73226, -33.96385 ], [ -69.73127, -33.96293 ], [ -69.72552, -33.96001 ], [ -69.71853, -33.95748 ], [ -69.70956, -33.95622 ], [ -69.69574, -33.95462 ], [ -69.6931, -33.95611 ], [ -69.68932, -33.95795 ], [ -69.68065, -33.95949 ], [ -69.67327, -33.96131 ], [ -69.66636, -33.96405 ], [ -69.66143, -33.96122 ], [ -69.65372, -33.96076 ], [ -69.64937, -33.96086 ], [ -69.64583, -33.95962 ], [ -69.64181, -33.95948 ], [ -69.63939, -33.95795 ], [ -69.63761, -33.95574 ], [ -69.63868, -33.95157 ], [ -69.63789, -33.94883 ], [ -69.63375, -33.94235 ], [ -69.63076, -33.9387 ], [ -69.62879, -33.93716 ], [ -69.62452, -33.93555 ], [ -69.6242, -33.93091 ], [ -69.62323, -33.92902 ], [ -69.62323, -33.92651 ], [ -69.62239, -33.92414 ], [ -69.62231, -33.92176 ], [ -69.62145, -33.92015 ], [ -69.61896, -33.9193 ], [ -69.6186, -33.91782 ], [ -69.61866, -33.91693 ], [ -69.61718, -33.91643 ], [ -69.61518, -33.91463 ], [ -69.61358, -33.91262 ], [ -69.61358, -33.91201 ], [ -69.61235, -33.91059 ], [ -69.61237, -33.90906 ], [ -69.6133, -33.90811 ], [ -69.61396, -33.90774 ], [ -69.61403, -33.90674 ], [ -69.61265, -33.90657 ], [ -69.61265, -33.90605 ], [ -69.61111, -33.90546 ], [ -69.61066, -33.90468 ], [ -69.61091, -33.90334 ], [ -69.61055, -33.90222 ], [ -69.61119, -33.90119 ], [ -69.61265, -33.9006 ], [ -69.61368, -33.90051 ], [ -69.61426, -33.90087 ], [ -69.61598, -33.90078 ], [ -69.619, -33.8973 ], [ -69.62044, -33.89725 ], [ -69.62085, -33.89625 ], [ -69.62106, -33.89502 ], [ -69.62194, -33.89383 ], [ -69.62186, -33.89257 ], [ -69.62254, -33.89182 ], [ -69.62321, -33.89143 ], [ -69.6242, -33.88815 ], [ -69.62471, -33.88717 ], [ -69.62433, -33.88624 ], [ -69.62465, -33.88514 ], [ -69.62527, -33.88443 ], [ -69.62546, -33.88174 ], [ -69.6246, -33.88099 ], [ -69.62415, -33.88017 ], [ -69.62488, -33.87919 ], [ -69.62411, -33.87878 ], [ -69.62465, -33.87728 ], [ -69.62452, -33.87646 ], [ -69.62471, -33.87507 ], [ -69.62398, -33.87333 ], [ -69.62424, -33.87165 ], [ -69.62396, -33.86985 ], [ -69.62491, -33.8687 ], [ -69.62525, -33.86789 ], [ -69.62506, -33.867 ], [ -69.62433, -33.86643 ], [ -69.62403, -33.86369 ], [ -69.62319, -33.86306 ], [ -69.62208, -33.86111 ], [ -69.62238, -33.8597 ], [ -69.62317, -33.85897 ], [ -69.6239, -33.85858 ], [ -69.62458, -33.85692 ], [ -69.6246, -33.85641 ] ], [ [ -69.80688, -34.02878 ], [ -69.80634, -34.02796 ], [ -69.80646, -34.02737 ], [ -69.80615, -34.02713 ], [ -69.80603, -34.02673 ], [ -69.80604, -34.0255 ], [ -69.80566, -34.02444 ], [ -69.80263, -34.0221 ], [ -69.80166, -34.02167 ], [ -69.80137, -34.02174 ], [ -69.80063, -34.0213 ], [ -69.79953, -34.02127 ], [ -69.79871, -34.02071 ], [ -69.7985, -34.02029 ], [ -69.79679, -34.01999 ], [ -69.79587, -34.01944 ], [ -69.79569, -34.01887 ], [ -69.79514, -34.01811 ], [ -69.79495, -34.01818 ], [ -69.79406, -34.01777 ], [ -69.79385, -34.01789 ], [ -69.7931, -34.01767 ], [ -69.79214, -34.01776 ], [ -69.79017, -34.01695 ], [ -69.78906, -34.01618 ], [ -69.78853, -34.01553 ], [ -69.78837, -34.01427 ], [ -69.78743, -34.0125 ], [ -69.78731, -34.01192 ], [ -69.78745, -34.01073 ], [ -69.78736, -34.01041 ], [ -69.78678, -34.00923 ], [ -69.78625, -34.00932 ], [ -69.78584, -34.0085 ], [ -69.78546, -34.00837 ], [ -69.78533, -34.00795 ], [ -69.78422, -34.00641 ], [ -69.78414, -34.00591 ], [ -69.78334, -34.00454 ], [ -69.78331, -34.00404 ], [ -69.78236, -34.00208 ], [ -69.78183, -34.00134 ], [ -69.78016, -33.9999 ], [ -69.77993, -33.99944 ], [ -69.77854, -33.99816 ], [ -69.77378, -33.99305 ], [ -69.76985, -33.9858 ], [ -69.76462, -33.9822 ], [ -69.76384, -33.98026 ], [ -69.76159, -33.9782 ], [ -69.75807, -33.97708 ] ], [ [ -69.87827, -33.34522 ], [ -69.87867, -33.34607 ], [ -69.87902, -33.34625 ], [ -69.87944, -33.34615 ], [ -69.88021, -33.34649 ], [ -69.88175, -33.34685 ], [ -69.88201, -33.34709 ], [ -69.88215, -33.34762 ], [ -69.88257, -33.34784 ], [ -69.88372, -33.3479 ], [ -69.88422, -33.34827 ], [ -69.88511, -33.34854 ], [ -69.88642, -33.3496 ], [ -69.88661, -33.34961 ], [ -69.88707, -33.35011 ], [ -69.88795, -33.35021 ], [ -69.88824, -33.34989 ], [ -69.88859, -33.34993 ], [ -69.88907, -33.35017 ], [ -69.88946, -33.35062 ], [ -69.89014, -33.35087 ] ] ] } },
{ "type": "Feature", "properties": { "nombre": "Río Coya", "tipo": "stream", "volcan_codigo": "SJO", "volcan_nombre": "San Jose", "drena_volcan": false }, "geometry": { "type": "LineString", "coordinates": [ [ -70.33008, -34.01761 ], [ -70.33116, -34.01811 ], [ -70.33369, -34.01866 ], [ -70.33534, -34.01866 ], [ -70.33592, -34.01893 ], [ -70.33757, -34.01898 ], [ -70.3383, -34.01957 ], [ -70.34043, -34.01974 ], [ -70.34191, -34.01957 ], [ -70.34328, -34.02051 ], [ -70.34489, -34.02119 ], [ -70.34532, -34.02172 ], [ -70.34543, -34.02218 ], [ -70.34575, -34.02247 ], [ -70.34723, -34.02264 ], [ -70.34824, -34.02309 ], [ -70.34882, -34.02408 ], [ -70.35025, -34.02551 ], [ -70.35098, -34.02602 ], [ -70.35212, -34.02661 ], [ -70.35374, -34.02699 ], [ -70.3552, -34.02854 ], [ -70.3567, -34.02878 ], [ -70.35745, -34.02925 ], [ -70.35816, -34.03004 ], [ -70.35983, -34.0307 ], [ -70.36037, -34.03112 ], [ -70.36055, -34.03153 ], [ -70.36113, -34.0318 ], [ -70.36113, -34.03204 ], [ -70.36184, -34.03222 ], [ -70.36198, -34.03258 ], [ -70.36234, -34.03284 ], [ -70.36246, -34.0333 ], [ -70.36313, -34.0337 ], [ -70.36311, -34.03439 ], [ -70.36326, -34.03472 ], [ -70.36314, -34.03517 ], [ -70.36327, -34.03533 ], [ -70.36323, -34.03589 ], [ -70.36285, -34.03627 ], [ -70.36303, -34.03712 ], [ -70.3629, -34.03736 ], [ -70.36319, -34.03763 ], [ -70.36307, -34.03777 ], [ -70.36361, -34.03827 ], [ -70.3635, -34.03879 ], [ -70.36399, -34.03957 ], [ -70.3641, -34.04028 ], [ -70.36461, -34.0408 ], [ -70.36519, -34.04196 ], [ -70.36565, -34.04232 ], [ -70.36644, -34.04524 ], [ -70.36696, -34.04587 ], [ -70.36797, -34.04641 ], [ -70.36826, -34.04699 ], [ -70.36829, -34.04745 ], [ -70.36785, -34.04924 ], [ -70.36857, -34.05025 ], [ -70.36845, -34.05049 ], [ -70.36866, -34.05104 ], [ -70.36993, -34.05299 ], [ -70.3709, -34.0564 ], [ -70.37257, -34.0594 ], [ -70.37275, -34.05992 ], [ -70.37278, -34.06165 ], [ -70.37303, -34.06276 ], [ -70.37433, -34.06459 ], [ -70.37484, -34.06608 ], [ -70.37491, -34.06739 ], [ -70.37579, -34.06819 ], [ -70.37587, -34.06852 ], [ -70.37553, -34.06944 ], [ -70.37517, -34.06992 ], [ -70.37504, -34.07096 ], [ -70.37564, -34.07291 ], [ -70.37602, -34.07347 ], [ -70.37636, -34.07519 ], [ -70.37669, -34.07573 ], [ -70.37663, -34.07632 ], [ -70.37702, -34.07774 ], [ -70.3774, -34.07844 ], [ -70.37787, -34.0788 ], [ -70.37814, -34.07944 ], [ -70.38119, -34.08129 ], [ -70.38281, -34.08171 ], [ -70.38364, -34.08255 ], [ -70.38389, -34.08301 ], [ -70.38498, -34.08371 ], [ -70.38604, -34.08474 ], [ -70.38659, -34.0854 ], [ -70.3866, -34.08567 ], [ -70.38696, -34.08595 ], [ -70.38702, -34.0871 ] ] } },
{ "type": "Feature", "properties": { "nombre": "Río Diamante", "tipo": "river", "volcan_codigo": "SJO", "volcan_nombre": "San Jose", "drena_volcan": false }, "geometry": { "type": "MultiLineString", "coordinates": [ [ [ -69.69996, -34.1895 ], [ -69.70306, -34.1913 ] ], [ [ -69.70306, -34.1913 ], [ -69.70309, -34.19146 ] ], [ [ -69.70309, -34.19146 ], [ -69.70334, -34.19261 ], [ -69.70316, -34.19314 ], [ -69.70375, -34.19377 ], [ -69.7036, -34.19403 ], [ -69.70327, -34.19412 ], [ -69.703, -34.19497 ], [ -69.70369, -34.19533 ], [ -69.70416, -34.19752 ], [ -69.70553, -34.19875 ], [ -69.70573, -34.19929 ], [ -69.70669, -34.1998 ], [ -69.70763, -34.20086 ], [ -69.70767, -34.20124 ], [ -69.70668, -34.20166 ], [ -69.70638, -34.20249 ], [ -69.7068, -34.20313 ], [ -69.70665, -34.20408 ], [ -69.70679, -34.20461 ], [ -69.7074, -34.2051 ], [ -69.70738, -34.20544 ], [ -69.70781, -34.20644 ], [ -69.70842, -34.20664 ], [ -69.70863, -34.20704 ], [ -69.70841, -34.20746 ] ] ] } },
{ "type": "Feature", "properties": { "nombre": "Río Maipo", "tipo": "river", "volcan_codigo": "SJO", "volcan_nombre": "San Jose", "drena_volcan": true }, "geometry": { "type": "MultiLineString", "coordinates": [ [ [ -70.21182, -33.83383 ], [ -70.21171, -33.83317 ], [ -70.21194, -33.83264 ], [ -70.21394, -33.83209 ], [ -70.21552, -33.83222 ], [ -70.21692, -33.83199 ], [ -70.21816, -33.83111 ], [ -70.21857, -33.83055 ], [ -70.21932, -33.82886 ], [ -70.22118, -33.82654 ], [ -70.22216, -33.82478 ], [ -70.22243, -33.82328 ], [ -70.22479, -33.82168 ], [ -70.22495, -33.82143 ], [ -70.22454, -33.81961 ], [ -70.22404, -33.81899 ], [ -70.22358, -33.81787 ], [ -70.22347, -33.8169 ], [ -70.22192, -33.8155 ], [ -70.22147, -33.81468 ], [ -70.22077, -33.81427 ], [ -70.21884, -33.81145 ], [ -70.21727, -33.80969 ], [ -70.2183, -33.80785 ], [ -70.21835, -33.8071 ], [ -70.21812, -33.80616 ], [ -70.2185, -33.80598 ], [ -70.21955, -33.80604 ], [ -70.22023, -33.80583 ], [ -70.2206, -33.80429 ], [ -70.22121, -33.80301 ], [ -70.22124, -33.8024 ], [ -70.22046, -33.80035 ], [ -70.22122, -33.79855 ], [ -70.22112, -33.79615 ], [ -70.22132, -33.79537 ], [ -70.22174, -33.79494 ], [ -70.22277, -33.79452 ], [ -70.22545, -33.79437 ], [ -70.22637, -33.79331 ], [ -70.22729, -33.79276 ], [ -70.22733, -33.79238 ], [ -70.22792, -33.79191 ], [ -70.22831, -33.79125 ], [ -70.23028, -33.79055 ], [ -70.23096, -33.78989 ], [ -70.2312, -33.78897 ], [ -70.23243, -33.78747 ], [ -70.23283, -33.78593 ], [ -70.23317, -33.78555 ], [ -70.23362, -33.78553 ], [ -70.23437, -33.78594 ], [ -70.23513, -33.78609 ], [ -70.23616, -33.78604 ], [ -70.23784, -33.78542 ], [ -70.23916, -33.78421 ], [ -70.24081, -33.78425 ], [ -70.24309, -33.78392 ], [ -70.24593, -33.78269 ], [ -70.24886, -33.78095 ], [ -70.25007, -33.78059 ], [ -70.25219, -33.77858 ], [ -70.25265, -33.77743 ], [ -70.25315, -33.77689 ], [ -70.25397, -33.77713 ], [ -70.25466, -33.77714 ], [ -70.256, -33.77683 ], [ -70.25835, -33.77667 ], [ -70.26116, -33.77571 ], [ -70.26273, -33.77496 ], [ -70.26557, -33.77488 ], [ -70.26621, -33.77409 ], [ -70.26677, -33.77367 ], [ -70.26997, -33.77276 ], [ -70.27044, -33.77228 ], [ -70.27095, -33.77125 ], [ -70.2724, -33.77051 ], [ -70.27323, -33.76986 ], [ -70.27397, -33.76829 ], [ -70.27417, -33.76693 ], [ -70.27445, -33.76637 ], [ -70.27612, -33.76472 ], [ -70.27632, -33.7641 ], [ -70.27623, -33.76297 ], [ -70.27817, -33.76086 ], [ -70.27848, -33.76024 ], [ -70.27878, -33.75876 ], [ -70.27995, -33.75793 ], [ -70.28012, -33.75762 ], [ -70.28096, -33.7547 ], [ -70.28066, -33.75239 ], [ -70.28079, -33.75104 ], [ -70.28169, -33.74913 ], [ -70.28183, -33.74723 ], [ -70.28141, -33.74536 ], [ -70.28152, -33.74486 ], [ -70.28202, -33.74428 ], [ -70.28283, -33.74386 ], [ -70.28392, -33.74394 ], [ -70.28452, -33.74423 ], [ -70.28574, -33.74529 ], [ -70.28651, -33.74537 ], [ -70.28706, -33.74529 ], [ -70.28742, -33.74497 ], [ -70.28804, -33.74384 ], [ -70.28855, -33.7434 ], [ -70.28919, -33.74323 ], [ -70.29316, -33.74358 ], [ -70.29413, -33.74186 ], [ -70.29663, -33.74064 ], [ -70.29805, -33.74024 ], [ -70.2995, -33.7383 ], [ -70.29994, -33.7374 ], [ -70.30027, -33.7361 ], [ -70.3012, -33.73469 ], [ -70.30269, -33.7336 ], [ -70.30355, -33.73321 ], [ -70.30459, -33.73328 ], [ -70.30702, -33.73438 ], [ -70.30866, -33.73485 ], [ -70.31085, -33.73481 ], [ -70.31271, -33.7343 ], [ -70.31632, -33.73441 ], [ -70.31786, -33.73417 ], [ -70.31902, -33.73328 ], [ -70.32113, -33.73215 ], [ -70.32136, -33.73185 ], [ -70.32184, -33.72878 ], [ -70.32272, -33.72713 ], [ -70.32337, -33.7263 ], [ -70.32446, -33.72587 ], [ -70.32568, -33.72587 ], [ -70.32608, -33.72569 ], [ -70.32733, -33.72449 ], [ -70.3288, -33.72433 ], [ -70.33115, -33.7237 ], [ -70.33179, -33.72287 ], [ -70.33339, -33.72168 ], [ -70.3336, -33.72137 ], [ -70.33371, -33.72085 ], [ -70.33359, -33.72028 ], [ -70.33319, -33.71966 ], [ -70.33296, -33.7189 ], [ -70.33375, -33.71745 ], [ -70.3339, -33.71568 ], [ -70.3343, -33.71479 ], [ -70.33445, -33.71244 ], [ -70.33504, -33.71057 ], [ -70.33488, -33.70827 ], [ -70.33584, -33.70636 ], [ -70.33608, -33.70534 ], [ -70.33603, -33.70468 ], [ -70.33549, -33.70422 ], [ -70.33529, -33.70373 ], [ -70.33522, -33.70267 ], [ -70.33533, -33.70078 ], [ -70.33567, -33.69913 ], [ -70.33587, -33.69585 ], [ -70.33617, -33.69435 ], [ -70.338, -33.69132 ], [ -70.33807, -33.69087 ], [ -70.33793, -33.6903 ], [ -70.33715, -33.68952 ], [ -70.33657, -33.68837 ], [ -70.33665, -33.68809 ], [ -70.33855, -33.68704 ], [ -70.33893, -33.68667 ], [ -70.33991, -33.68446 ], [ -70.33989, -33.684 ], [ -70.33917, -33.68345 ], [ -70.33883, -33.68232 ], [ -70.33918, -33.68093 ], [ -70.33979, -33.67998 ], [ -70.34047, -33.6794 ], [ -70.34381, -33.67811 ], [ -70.34445, -33.67718 ], [ -70.34431, -33.676 ], [ -70.34398, -33.67529 ], [ -70.34427, -33.67458 ], [ -70.34596, -33.67333 ], [ -70.34781, -33.67316 ], [ -70.34764, -33.67234 ], [ -70.34865, -33.66952 ], [ -70.3491, -33.66909 ], [ -70.35173, -33.66744 ], [ -70.35316, -33.66551 ], [ -70.35614, -33.66349 ], [ -70.35685, -33.66229 ], [ -70.35701, -33.66161 ], [ -70.35709, -33.66101 ], [ -70.35693, -33.66012 ], [ -70.3565, -33.65962 ], [ -70.35476, -33.65859 ], [ -70.35456, -33.65791 ], [ -70.35472, -33.6574 ], [ -70.35586, -33.65613 ], [ -70.35758, -33.6551 ], [ -70.35777, -33.65482 ], [ -70.35779, -33.65449 ], [ -70.3573, -33.65317 ], [ -70.35711, -33.65082 ], [ -70.35755, -33.64981 ], [ -70.35764, -33.6486 ], [ -70.35838, -33.64546 ], [ -70.35772, -33.64218 ], [ -70.3578, -33.64096 ], [ -70.35849, -33.63875 ], [ -70.35761, -33.63592 ], [ -70.35419, -33.63355 ], [ -70.35348, -33.63255 ], [ -70.35347, -33.63214 ], [ -70.35374, -33.63144 ], [ -70.35457, -33.63039 ], [ -70.35542, -33.62844 ], [ -70.35296, -33.62629 ], [ -70.35241, -33.62559 ], [ -70.35238, -33.62463 ], [ -70.35254, -33.62425 ], [ -70.35246, -33.62006 ], [ -70.35228, -33.61927 ], [ -70.35137, -33.6176 ], [ -70.35123, -33.61687 ], [ -70.35135, -33.61653 ], [ -70.3518, -33.61621 ], [ -70.35229, -33.61495 ], [ -70.35227, -33.61465 ], [ -70.35196, -33.61419 ], [ -70.35087, -33.61359 ], [ -70.34984, -33.61257 ], [ -70.34934, -33.61172 ], [ -70.3494, -33.61088 ], [ -70.35051, -33.60887 ], [ -70.35125, -33.60849 ], [ -70.35313, -33.60812 ], [ -70.35367, -33.6078 ], [ -70.35436, -33.60572 ], [ -70.35567, -33.60322 ], [ -70.35649, -33.60288 ], [ -70.35844, -33.60275 ], [ -70.35919, -33.6022 ], [ -70.35999, -33.60189 ], [ -70.36148, -33.60186 ], [ -70.36275, -33.60159 ], [ -70.36368, -33.60091 ], [ -70.3645, -33.59988 ], [ -70.36464, -33.59942 ], [ -70.36466, -33.59797 ], [ -70.36499, -33.59737 ], [ -70.36552, -33.59701 ], [ -70.36707, -33.59699 ], [ -70.36793, -33.59677 ], [ -70.36831, -33.59645 ], [ -70.36915, -33.59513 ], [ -70.36999, -33.59496 ], [ -70.37139, -33.59589 ], [ -70.37295, -33.59593 ], [ -70.37396, -33.59627 ], [ -70.37506, -33.59767 ], [ -70.37567, -33.5981 ], [ -70.37811, -33.59786 ], [ -70.3818, -33.59608 ], [ -70.38355, -33.59585 ], [ -70.38683, -33.59471 ], [ -70.39003, -33.59306 ], [ -70.39136, -33.59284 ], [ -70.39362, -33.59293 ], [ -70.39441, -33.59279 ], [ -70.39683, -33.59163 ], [ -70.39801, -33.58988 ], [ -70.39927, -33.58897 ], [ -70.4002, -33.58859 ], [ -70.40144, -33.58856 ], [ -70.40284, -33.58956 ], [ -70.40403, -33.58983 ], [ -70.40475, -33.58964 ], [ -70.40566, -33.58865 ], [ -70.40611, -33.58839 ], [ -70.40908, -33.58831 ], [ -70.40944, -33.58816 ], [ -70.41079, -33.58622 ], [ -70.41124, -33.58585 ], [ -70.41261, -33.58514 ], [ -70.41491, -33.58455 ], [ -70.41659, -33.58337 ], [ -70.41714, -33.58254 ], [ -70.41844, -33.57963 ], [ -70.41912, -33.57938 ], [ -70.42095, -33.57948 ], [ -70.42591, -33.57807 ], [ -70.42812, -33.57812 ], [ -70.43171, -33.57909 ], [ -70.43361, -33.5794 ], [ -70.43744, -33.57888 ], [ -70.44001, -33.57952 ], [ -70.44071, -33.57906 ], [ -70.44364, -33.57854 ], [ -70.44879, -33.57931 ], [ -70.44977, -33.57991 ], [ -70.45036, -33.58097 ], [ -70.45196, -33.58262 ], [ -70.45276, -33.58297 ], [ -70.45371, -33.58314 ], [ -70.45763, -33.58298 ], [ -70.45899, -33.58257 ], [ -70.46043, -33.58171 ], [ -70.46169, -33.58132 ], [ -70.46199, -33.58151 ], [ -70.46218, -33.58271 ], [ -70.46183, -33.58452 ], [ -70.46143, -33.58546 ], [ -70.46049, -33.58675 ], [ -70.45944, -33.5888 ], [ -70.45941, -33.5892 ], [ -70.45974, -33.59002 ], [ -70.46054, -33.59086 ], [ -70.46197, -33.59117 ], [ -70.46907, -33.59162 ], [ -70.47202, -33.59218 ], [ -70.47407, -33.59184 ], [ -70.47514, -33.59143 ], [ -70.47611, -33.59073 ], [ -70.47693, -33.58986 ], [ -70.4775, -33.58961 ], [ -70.4781, -33.58963 ], [ -70.47864, -33.59028 ], [ -70.47929, -33.59244 ], [ -70.47984, -33.59301 ], [ -70.48008, -33.59397 ], [ -70.48036, -33.59426 ], [ -70.48121, -33.59465 ], [ -70.48245, -33.59477 ], [ -70.48319, -33.59501 ], [ -70.48682, -33.59423 ], [ -70.48816, -33.59463 ], [ -70.48904, -33.59545 ], [ -70.49058, -33.59732 ], [ -70.49174, -33.5983 ], [ -70.49442, -33.59939 ], [ -70.49538, -33.60014 ], [ -70.49696, -33.6006 ], [ -70.4984, -33.60128 ], [ -70.49929, -33.60147 ], [ -70.50107, -33.60259 ], [ -70.50126, -33.60326 ], [ -70.50077, -33.60394 ], [ -70.49989, -33.60468 ], [ -70.49833, -33.60515 ], [ -70.49792, -33.60559 ], [ -70.49764, -33.60626 ], [ -70.49764, -33.60666 ], [ -70.49834, -33.60793 ], [ -70.49913, -33.60857 ], [ -70.50025, -33.60899 ], [ -70.50145, -33.6088 ], [ -70.50307, -33.60814 ], [ -70.50768, -33.60836 ], [ -70.50814, -33.60885 ], [ -70.50795, -33.60936 ], [ -70.50792, -33.61083 ], [ -70.50812, -33.61156 ], [ -70.50803, -33.61235 ], [ -70.50817, -33.61298 ], [ -70.50862, -33.6134 ], [ -70.50899, -33.6135 ], [ -70.51136, -33.61363 ], [ -70.51175, -33.61394 ], [ -70.51177, -33.61447 ], [ -70.51207, -33.61481 ], [ -70.51306, -33.61446 ], [ -70.51418, -33.61466 ], [ -70.51479, -33.61458 ], [ -70.51504, -33.6138 ], [ -70.51582, -33.61341 ], [ -70.51799, -33.61349 ], [ -70.51825, -33.61373 ], [ -70.5173, -33.61508 ], [ -70.51743, -33.61524 ], [ -70.51785, -33.61523 ], [ -70.51897, -33.61654 ], [ -70.51927, -33.61658 ], [ -70.51987, -33.61635 ], [ -70.52118, -33.61667 ], [ -70.52569, -33.61698 ], [ -70.52784, -33.61665 ], [ -70.52924, -33.61535 ], [ -70.52948, -33.61531 ], [ -70.53037, -33.61554 ], [ -70.53143, -33.61605 ], [ -70.53233, -33.61681 ], [ -70.53407, -33.61746 ], [ -70.53575, -33.61848 ], [ -70.53832, -33.61952 ], [ -70.53906, -33.61966 ], [ -70.54062, -33.61953 ], [ -70.54203, -33.61898 ], [ -70.54253, -33.61901 ], [ -70.54332, -33.61821 ], [ -70.54406, -33.61805 ], [ -70.54523, -33.61826 ], [ -70.54595, -33.61815 ], [ -70.54931, -33.61843 ], [ -70.55463, -33.62039 ], [ -70.55711, -33.62111 ], [ -70.55863, -33.62101 ], [ -70.56017, -33.62062 ], [ -70.56208, -33.62071 ], [ -70.56421, -33.62031 ], [ -70.56508, -33.6204 ], [ -70.56605, -33.62089 ], [ -70.56688, -33.62184 ], [ -70.56633, -33.62323 ], [ -70.56638, -33.62359 ], [ -70.56666, -33.62394 ], [ -70.56657, -33.62472 ], [ -70.56702, -33.62533 ], [ -70.56799, -33.62532 ], [ -70.56931, -33.62494 ], [ -70.57089, -33.62507 ], [ -70.57601, -33.62694 ], [ -70.57734, -33.62775 ], [ -70.57885, -33.62922 ], [ -70.5794, -33.63139 ], [ -70.57976, -33.63234 ], [ -70.58018, -33.63293 ], [ -70.58054, -33.63427 ], [ -70.58106, -33.63486 ], [ -70.5816, -33.63517 ], [ -70.58425, -33.63456 ], [ -70.58571, -33.63446 ], [ -70.5871, -33.63389 ], [ -70.58786, -33.63394 ], [ -70.58823, -33.63418 ], [ -70.58845, -33.63484 ], [ -70.58904, -33.63578 ], [ -70.59132, -33.63828 ], [ -70.59213, -33.6383 ], [ -70.59382, -33.6379 ], [ -70.5963, -33.63769 ], [ -70.59783, -33.63845 ], [ -70.59861, -33.63931 ], [ -70.60021, -33.63907 ], [ -70.60043, -33.6396 ], [ -70.60163, -33.63986 ], [ -70.60209, -33.64038 ], [ -70.60277, -33.64075 ], [ -70.60421, -33.64116 ], [ -70.60505, -33.6411 ], [ -70.60568, -33.64127 ], [ -70.60807, -33.64107 ], [ -70.60924, -33.64145 ], [ -70.61003, -33.64209 ], [ -70.61088, -33.64192 ], [ -70.61131, -33.64143 ], [ -70.6125, -33.64129 ], [ -70.61298, -33.64148 ], [ -70.61407, -33.64137 ], [ -70.6151, -33.64157 ], [ -70.61655, -33.64284 ], [ -70.61683, -33.6429 ], [ -70.61718, -33.6429 ], [ -70.61749, -33.64266 ], [ -70.61812, -33.64272 ], [ -70.61924, -33.64317 ], [ -70.62037, -33.64291 ], [ -70.62263, -33.643 ], [ -70.62351, -33.64336 ], [ -70.62618, -33.64237 ], [ -70.62766, -33.64232 ], [ -70.62899, -33.64263 ], [ -70.62947, -33.64259 ], [ -70.63031, -33.64298 ], [ -70.6308, -33.64301 ], [ -70.63295, -33.64427 ], [ -70.63403, -33.64447 ], [ -70.635, -33.64497 ], [ -70.63618, -33.64503 ], [ -70.63825, -33.64549 ], [ -70.6409, -33.64657 ], [ -70.64175, -33.64733 ], [ -70.64263, -33.64772 ], [ -70.6456, -33.64836 ], [ -70.64708, -33.64905 ], [ -70.65232, -33.65033 ], [ -70.65354, -33.65139 ], [ -70.65657, -33.65357 ], [ -70.65812, -33.65403 ], [ -70.65956, -33.65418 ], [ -70.66028, -33.65458 ], [ -70.66125, -33.65444 ] ], [ [ -70.07486, -34.0925 ], [ -70.0762, -34.09236 ], [ -70.07679, -34.09146 ], [ -70.0781, -34.09104 ], [ -70.07946, -34.09013 ], [ -70.08011, -34.08997 ], [ -70.08098, -34.0901 ], [ -70.08225, -34.08962 ], [ -70.08628, -34.08895 ], [ -70.08743, -34.08838 ], [ -70.08771, -34.08707 ], [ -70.08929, -34.08644 ], [ -70.08954, -34.08553 ], [ -70.09008, -34.08472 ], [ -70.0909, -34.08425 ], [ -70.09117, -34.08307 ], [ -70.09155, -34.08271 ], [ -70.09247, -34.08239 ], [ -70.09316, -34.08075 ], [ -70.09482, -34.07901 ], [ -70.09492, -34.07768 ], [ -70.09685, -34.07527 ], [ -70.09896, -34.07304 ], [ -70.10045, -34.07188 ], [ -70.10058, -34.07147 ], [ -70.10034, -34.07058 ], [ -70.10276, -34.06862 ], [ -70.10349, -34.06721 ], [ -70.10388, -34.06699 ], [ -70.10542, -34.06671 ], [ -70.10626, -34.0658 ], [ -70.10762, -34.0656 ], [ -70.10867, -34.06478 ], [ -70.11067, -34.06385 ], [ -70.11136, -34.0628 ], [ -70.11207, -34.06236 ], [ -70.11269, -34.06161 ], [ -70.11415, -34.06073 ], [ -70.11493, -34.05939 ], [ -70.11512, -34.05864 ], [ -70.11549, -34.05799 ], [ -70.11533, -34.05714 ], [ -70.11548, -34.05599 ], [ -70.1154, -34.05429 ], [ -70.11563, -34.05383 ], [ -70.11665, -34.05303 ], [ -70.1163, -34.05235 ], [ -70.11641, -34.05093 ], [ -70.11702, -34.04964 ], [ -70.11675, -34.04669 ], [ -70.11761, -34.04593 ], [ -70.11745, -34.04502 ], [ -70.1177, -34.04464 ], [ -70.11781, -34.04377 ], [ -70.11823, -34.04315 ], [ -70.11826, -34.04209 ], [ -70.11879, -34.04136 ], [ -70.11896, -34.0408 ], [ -70.11848, -34.04 ], [ -70.11822, -34.03845 ], [ -70.11837, -34.0376 ], [ -70.1181, -34.0368 ], [ -70.1182, -34.03628 ], [ -70.11887, -34.03527 ], [ -70.11797, -34.03403 ], [ -70.11788, -34.03308 ], [ -70.11826, -34.03251 ], [ -70.11831, -34.03204 ], [ -70.11733, -34.03007 ], [ -70.11768, -34.02954 ], [ -70.11894, -34.02911 ], [ -70.11941, -34.02838 ], [ -70.11975, -34.02729 ], [ -70.12075, -34.02643 ], [ -70.12093, -34.02571 ], [ -70.12078, -34.02455 ], [ -70.12102, -34.02374 ], [ -70.12072, -34.02292 ], [ -70.12139, -34.02184 ], [ -70.12099, -34.01959 ], [ -70.12255, -34.01826 ], [ -70.12259, -34.0173 ], [ -70.12227, -34.01631 ], [ -70.12217, -34.0153 ], [ -70.12203, -34.01503 ], [ -70.12151, -34.01476 ], [ -70.1214, -34.01438 ], [ -70.12151, -34.01381 ], [ -70.12273, -34.01218 ], [ -70.1231, -34.01192 ], [ -70.12398, -34.01175 ], [ -70.12529, -34.01188 ], [ -70.12583, -34.01168 ], [ -70.12639, -34.01011 ], [ -70.12677, -34.00953 ], [ -70.12783, -34.00942 ], [ -70.1286, -34.0087 ], [ -70.12888, -34.00747 ], [ -70.12979, -34.00688 ], [ -70.1301, -34.00646 ], [ -70.13043, -34.0051 ], [ -70.13047, -34.00396 ], [ -70.13117, -34.00312 ], [ -70.13096, -34.00249 ], [ -70.1301, -34.00172 ], [ -70.13016, -34.00121 ], [ -70.13108, -34.00067 ], [ -70.13275, -34.00031 ], [ -70.13322, -33.99994 ], [ -70.13356, -33.99877 ], [ -70.13366, -33.99744 ], [ -70.13385, -33.99707 ], [ -70.13521, -33.99672 ], [ -70.13606, -33.99625 ], [ -70.13797, -33.99622 ], [ -70.13934, -33.9956 ], [ -70.13962, -33.99529 ], [ -70.14001, -33.99414 ], [ -70.14081, -33.99345 ], [ -70.14102, -33.99306 ], [ -70.14124, -33.99189 ], [ -70.14212, -33.99137 ], [ -70.14228, -33.9907 ], [ -70.14346, -33.98944 ], [ -70.14452, -33.98886 ], [ -70.14491, -33.98828 ], [ -70.14509, -33.98744 ], [ -70.1454, -33.98685 ], [ -70.14662, -33.98671 ], [ -70.14745, -33.98622 ], [ -70.14768, -33.9859 ], [ -70.14798, -33.98522 ], [ -70.14799, -33.98472 ], [ -70.14769, -33.98424 ], [ -70.147, -33.98381 ], [ -70.14686, -33.98266 ], [ -70.14713, -33.9818 ], [ -70.14706, -33.98047 ], [ -70.14744, -33.97919 ], [ -70.14762, -33.97874 ], [ -70.14835, -33.97799 ], [ -70.14897, -33.97657 ], [ -70.149, -33.97623 ], [ -70.14856, -33.97544 ], [ -70.14859, -33.97501 ], [ -70.14905, -33.97429 ], [ -70.15019, -33.97324 ], [ -70.1505, -33.97181 ], [ -70.15033, -33.97073 ], [ -70.15111, -33.9699 ], [ -70.15151, -33.96872 ], [ -70.15187, -33.96815 ], [ -70.15244, -33.96746 ], [ -70.15317, -33.96691 ], [ -70.15392, -33.96578 ], [ -70.15533, -33.96481 ], [ -70.15593, -33.9635 ], [ -70.1562, -33.96218 ], [ -70.15674, -33.9609 ], [ -70.15912, -33.96067 ], [ -70.16037, -33.96031 ], [ -70.1617, -33.96033 ], [ -70.16286, -33.95921 ], [ -70.16332, -33.95833 ], [ -70.1643, -33.95744 ], [ -70.1645, -33.9568 ], [ -70.16422, -33.95634 ], [ -70.1642, -33.95594 ], [ -70.16486, -33.9551 ], [ -70.16457, -33.95471 ], [ -70.16461, -33.95443 ], [ -70.16549, -33.95398 ], [ -70.16595, -33.95336 ], [ -70.16723, -33.95296 ], [ -70.1691, -33.95313 ], [ -70.16958, -33.95253 ], [ -70.17163, -33.95191 ], [ -70.17373, -33.95188 ], [ -70.17502, -33.9512 ], [ -70.17521, -33.95051 ], [ -70.17545, -33.9503 ], [ -70.17776, -33.94991 ], [ -70.17927, -33.95025 ], [ -70.18188, -33.94946 ], [ -70.18214, -33.94883 ], [ -70.18424, -33.94762 ], [ -70.18493, -33.94687 ], [ -70.18533, -33.94588 ], [ -70.18547, -33.94493 ], [ -70.18524, -33.94271 ], [ -70.18607, -33.9415 ], [ -70.18712, -33.94083 ], [ -70.18814, -33.94057 ], [ -70.18919, -33.94058 ], [ -70.19053, -33.941 ], [ -70.19137, -33.94093 ], [ -70.19159, -33.94076 ], [ -70.19199, -33.93952 ], [ -70.19344, -33.939 ], [ -70.19409, -33.93842 ], [ -70.19444, -33.93689 ], [ -70.19419, -33.93581 ], [ -70.19508, -33.93439 ], [ -70.19513, -33.93166 ], [ -70.19671, -33.93052 ], [ -70.19675, -33.93003 ], [ -70.19622, -33.92909 ], [ -70.19646, -33.92877 ], [ -70.19735, -33.92829 ], [ -70.19748, -33.9273 ], [ -70.1979, -33.92612 ], [ -70.19782, -33.924 ], [ -70.19634, -33.92241 ], [ -70.19616, -33.92173 ], [ -70.1975, -33.92017 ], [ -70.19704, -33.91933 ], [ -70.19722, -33.9191 ], [ -70.19804, -33.91892 ], [ -70.19829, -33.9185 ], [ -70.19801, -33.91778 ], [ -70.19711, -33.91701 ], [ -70.19689, -33.91622 ], [ -70.19704, -33.91425 ], [ -70.19762, -33.91353 ], [ -70.19738, -33.91242 ], [ -70.19764, -33.91068 ], [ -70.19719, -33.90981 ], [ -70.19638, -33.90888 ], [ -70.1964, -33.90752 ], [ -70.19528, -33.90582 ], [ -70.19512, -33.90499 ], [ -70.19575, -33.90394 ], [ -70.19714, -33.90334 ], [ -70.19783, -33.90286 ], [ -70.19834, -33.9021 ], [ -70.19895, -33.89866 ], [ -70.19849, -33.89763 ], [ -70.19854, -33.89674 ], [ -70.19893, -33.89478 ], [ -70.19971, -33.89361 ], [ -70.20003, -33.89133 ], [ -70.20001, -33.88988 ], [ -70.19856, -33.88753 ], [ -70.19839, -33.88666 ], [ -70.19702, -33.8839 ], [ -70.19682, -33.88288 ], [ -70.19736, -33.88177 ], [ -70.19927, -33.88008 ], [ -70.19934, -33.8795 ], [ -70.19905, -33.87831 ], [ -70.1998, -33.87746 ], [ -70.19977, -33.87633 ], [ -70.19912, -33.87509 ], [ -70.19838, -33.87311 ], [ -70.19796, -33.87279 ], [ -70.19649, -33.87229 ], [ -70.19616, -33.87193 ], [ -70.19582, -33.87114 ], [ -70.19494, -33.87045 ], [ -70.1946, -33.869 ], [ -70.19405, -33.86775 ], [ -70.19409, -33.86734 ], [ -70.19476, -33.86541 ], [ -70.19634, -33.86422 ], [ -70.19641, -33.86361 ], [ -70.19613, -33.86197 ], [ -70.19663, -33.86092 ], [ -70.19691, -33.85879 ], [ -70.19737, -33.85767 ], [ -70.19838, -33.8565 ], [ -70.19863, -33.85584 ], [ -70.19897, -33.85295 ], [ -70.19785, -33.85001 ], [ -70.19853, -33.84783 ], [ -70.19948, -33.8468 ], [ -70.20135, -33.8454 ], [ -70.20228, -33.84523 ], [ -70.20337, -33.84443 ], [ -70.20479, -33.84443 ], [ -70.20629, -33.84347 ], [ -70.20801, -33.84298 ], [ -70.2084, -33.84261 ], [ -70.20879, -33.8415 ], [ -70.2091, -33.84121 ], [ -70.20968, -33.8411 ], [ -70.21157, -33.84149 ], [ -70.21279, -33.84041 ], [ -70.21329, -33.83887 ], [ -70.21312, -33.83765 ], [ -70.21244, -33.8358 ], [ -70.21183, -33.83473 ], [ -70.21182, -33.83383 ] ], [ [ -69.94093, -34.17153 ], [ -69.94303, -34.17145 ], [ -69.94785, -34.17168 ], [ -69.95155, -34.17238 ], [ -69.95234, -34.17216 ], [ -69.95345, -34.17226 ], [ -69.95484, -34.17207 ], [ -69.95625, -34.17246 ], [ -69.95706, -34.17226 ], [ -69.95766, -34.17191 ], [ -69.95918, -34.17176 ], [ -69.96122, -34.17098 ], [ -69.96422, -34.17125 ], [ -69.96519, -34.17105 ], [ -69.9655, -34.17096 ], [ -69.96614, -34.17039 ], [ -69.96629, -34.16987 ], [ -69.96655, -34.16975 ], [ -69.96748, -34.16948 ], [ -69.96811, -34.16959 ], [ -69.96929, -34.16912 ], [ -69.96961, -34.16876 ], [ -69.97021, -34.16895 ], [ -69.97128, -34.16873 ], [ -69.97157, -34.16847 ], [ -69.97338, -34.16853 ], [ -69.9738, -34.16842 ], [ -69.97453, -34.16783 ], [ -69.97541, -34.16773 ], [ -69.97596, -34.16723 ], [ -69.97663, -34.16599 ], [ -69.97745, -34.16552 ], [ -69.97838, -34.16524 ], [ -69.97838, -34.165 ], [ -69.97883, -34.16459 ], [ -69.97873, -34.16434 ], [ -69.97895, -34.16371 ], [ -69.98007, -34.16275 ], [ -69.98032, -34.16221 ], [ -69.98108, -34.16178 ], [ -69.9811, -34.16151 ], [ -69.98076, -34.16081 ], [ -69.98078, -34.16009 ], [ -69.98031, -34.15957 ], [ -69.98016, -34.15864 ], [ -69.9807, -34.15823 ], [ -69.98109, -34.15723 ], [ -69.98162, -34.15687 ], [ -69.98162, -34.15667 ], [ -69.98147, -34.15642 ], [ -69.98076, -34.15629 ], [ -69.98047, -34.15603 ], [ -69.98094, -34.15431 ], [ -69.98263, -34.15357 ], [ -69.98394, -34.14997 ], [ -69.98397, -34.14937 ], [ -69.98436, -34.14876 ], [ -69.98427, -34.14838 ], [ -69.98389, -34.14794 ], [ -69.9837, -34.14698 ], [ -69.9842, -34.14617 ], [ -69.98495, -34.1457 ], [ -69.9847, -34.14441 ], [ -69.98517, -34.14387 ], [ -69.98498, -34.1432 ], [ -69.9851, -34.14258 ], [ -69.98446, -34.14184 ], [ -69.98452, -34.14112 ], [ -69.98479, -34.14089 ], [ -69.98491, -34.14038 ], [ -69.98561, -34.13957 ], [ -69.98637, -34.13925 ], [ -69.9873, -34.13818 ], [ -69.98743, -34.13718 ], [ -69.98763, -34.13684 ], [ -69.98782, -34.13683 ], [ -69.98866, -34.13603 ], [ -69.98859, -34.13579 ], [ -69.98873, -34.13551 ], [ -69.98857, -34.13466 ], [ -69.98919, -34.13307 ], [ -69.98964, -34.13265 ], [ -69.99043, -34.13249 ], [ -69.99064, -34.13164 ], [ -69.99041, -34.13104 ], [ -69.99163, -34.13021 ], [ -69.99171, -34.12957 ], [ -69.99195, -34.12923 ], [ -69.99169, -34.12854 ], [ -69.99195, -34.12793 ], [ -69.99231, -34.12775 ], [ -69.99242, -34.12736 ], [ -69.99215, -34.12663 ], [ -69.99224, -34.12643 ], [ -69.99311, -34.12564 ], [ -69.99418, -34.12556 ], [ -69.99501, -34.12498 ], [ -69.99533, -34.1245 ], [ -69.9962, -34.12435 ], [ -69.99692, -34.12446 ], [ -69.99746, -34.12499 ], [ -69.9979, -34.12471 ], [ -69.99904, -34.12461 ], [ -69.99949, -34.12424 ], [ -69.9999, -34.1243 ], [ -70.00063, -34.12361 ], [ -70.00189, -34.12293 ], [ -70.00388, -34.12309 ], [ -70.00471, -34.12273 ], [ -70.00641, -34.12146 ], [ -70.00672, -34.12036 ], [ -70.00784, -34.11915 ], [ -70.00814, -34.11895 ], [ -70.01004, -34.1189 ], [ -70.01041, -34.11875 ], [ -70.01085, -34.11791 ], [ -70.01147, -34.11758 ], [ -70.01249, -34.11737 ], [ -70.01309, -34.11665 ], [ -70.01396, -34.11621 ], [ -70.01451, -34.11564 ], [ -70.01509, -34.11449 ], [ -70.0157, -34.11416 ], [ -70.01639, -34.11343 ], [ -70.01718, -34.11314 ], [ -70.01762, -34.11218 ], [ -70.01841, -34.11206 ], [ -70.01876, -34.11184 ], [ -70.01899, -34.11115 ], [ -70.01994, -34.11053 ], [ -70.02045, -34.10965 ], [ -70.02145, -34.10948 ], [ -70.0227, -34.10821 ], [ -70.02315, -34.10751 ], [ -70.02381, -34.10723 ], [ -70.02505, -34.10559 ], [ -70.02608, -34.10508 ], [ -70.027, -34.10412 ], [ -70.02769, -34.10372 ], [ -70.02847, -34.10259 ], [ -70.02795, -34.10203 ], [ -70.02809, -34.10116 ], [ -70.02834, -34.10067 ], [ -70.03047, -34.09914 ], [ -70.03203, -34.09768 ], [ -70.03259, -34.09738 ], [ -70.03417, -34.09736 ], [ -70.03644, -34.09679 ], [ -70.03827, -34.09671 ], [ -70.03875, -34.09647 ], [ -70.03913, -34.09602 ], [ -70.03978, -34.09577 ], [ -70.04023, -34.09516 ], [ -70.04073, -34.0948 ], [ -70.04102, -34.09425 ], [ -70.04164, -34.09406 ], [ -70.04257, -34.09415 ], [ -70.04313, -34.09449 ], [ -70.04461, -34.09495 ], [ -70.04518, -34.09496 ], [ -70.04565, -34.09549 ], [ -70.04666, -34.09557 ], [ -70.04835, -34.0953 ], [ -70.04934, -34.09549 ], [ -70.05066, -34.09535 ], [ -70.05149, -34.09495 ], [ -70.05334, -34.09457 ], [ -70.05442, -34.0938 ], [ -70.05491, -34.09374 ], [ -70.05824, -34.09439 ], [ -70.05932, -34.09487 ], [ -70.06199, -34.09481 ], [ -70.06353, -34.09414 ], [ -70.06554, -34.09392 ], [ -70.06736, -34.09421 ], [ -70.06824, -34.09355 ], [ -70.06942, -34.09363 ], [ -70.07109, -34.09322 ], [ -70.07425, -34.09309 ], [ -70.07486, -34.0925 ] ], [ [ -69.84886, -34.22514 ], [ -69.85037, -34.22558 ], [ -69.85115, -34.22601 ], [ -69.85128, -34.22642 ], [ -69.85173, -34.22657 ], [ -69.85178, -34.22704 ], [ -69.85264, -34.22781 ], [ -69.85324, -34.22747 ], [ -69.85393, -34.22763 ], [ -69.85436, -34.2275 ], [ -69.85519, -34.22794 ], [ -69.85585, -34.22857 ], [ -69.85661, -34.22892 ], [ -69.85767, -34.22887 ], [ -69.85823, -34.22906 ], [ -69.85841, -34.22891 ], [ -69.85894, -34.22919 ], [ -69.85964, -34.2292 ], [ -69.86084, -34.22962 ], [ -69.86162, -34.22961 ], [ -69.86208, -34.22937 ], [ -69.86294, -34.22938 ], [ -69.86379, -34.22994 ], [ -69.86462, -34.23018 ], [ -69.86661, -34.23002 ], [ -69.8682, -34.22927 ], [ -69.86822, -34.22869 ], [ -69.86898, -34.22751 ], [ -69.8718, -34.22636 ], [ -69.87261, -34.22587 ], [ -69.87412, -34.22536 ], [ -69.87499, -34.22485 ], [ -69.87558, -34.22414 ], [ -69.87698, -34.2215 ], [ -69.87766, -34.21996 ], [ -69.8776, -34.21898 ], [ -69.87798, -34.2185 ], [ -69.87806, -34.21747 ], [ -69.87924, -34.21572 ], [ -69.88088, -34.21392 ], [ -69.88173, -34.21356 ], [ -69.88289, -34.21203 ], [ -69.88432, -34.21091 ], [ -69.88531, -34.20987 ], [ -69.8865, -34.20829 ], [ -69.88837, -34.20651 ], [ -69.88888, -34.20536 ], [ -69.89008, -34.20465 ], [ -69.89048, -34.20423 ], [ -69.89127, -34.20392 ], [ -69.89416, -34.20164 ], [ -69.8958, -34.20133 ], [ -69.89662, -34.20085 ], [ -69.89773, -34.19927 ], [ -69.89849, -34.19882 ], [ -69.89895, -34.19809 ], [ -69.8994, -34.19771 ], [ -69.89962, -34.19716 ], [ -69.90035, -34.19617 ], [ -69.90052, -34.19549 ], [ -69.90093, -34.19521 ], [ -69.90137, -34.19451 ], [ -69.90166, -34.19357 ], [ -69.90238, -34.19311 ], [ -69.90314, -34.19296 ], [ -69.90426, -34.19315 ], [ -69.90506, -34.19294 ], [ -69.90593, -34.19193 ], [ -69.90606, -34.19137 ], [ -69.90639, -34.19111 ], [ -69.90665, -34.19047 ], [ -69.909, -34.18914 ], [ -69.90998, -34.18814 ], [ -69.91135, -34.18712 ], [ -69.91266, -34.1868 ], [ -69.91347, -34.18729 ], [ -69.91598, -34.18661 ], [ -69.91742, -34.18542 ], [ -69.91813, -34.18503 ], [ -69.91875, -34.18417 ], [ -69.91985, -34.18313 ], [ -69.9202, -34.18238 ], [ -69.92092, -34.18238 ], [ -69.92193, -34.1818 ], [ -69.92361, -34.18048 ], [ -69.92693, -34.17928 ], [ -69.92786, -34.17903 ], [ -69.92879, -34.17899 ], [ -69.93008, -34.17856 ], [ -69.9318, -34.17791 ], [ -69.93303, -34.17706 ], [ -69.93476, -34.17662 ], [ -69.93702, -34.17574 ], [ -69.93835, -34.17489 ], [ -69.93944, -34.17342 ], [ -69.93984, -34.17248 ], [ -69.94067, -34.17159 ], [ -69.94093, -34.17153 ] ] ] } },
{ "type": "Feature", "properties": { "nombre": "Río Museo", "tipo": "river", "volcan_codigo": "SJO", "volcan_nombre": "San Jose", "drena_volcan": false }, "geometry": { "type": "LineString", "coordinates": [ [ -69.90845, -33.50028 ], [ -69.90919, -33.49983 ], [ -69.91013, -33.49842 ], [ -69.91035, -33.4984 ], [ -69.91153, -33.49736 ], [ -69.91186, -33.49724 ], [ -69.91243, -33.49646 ], [ -69.91292, -33.49616 ], [ -69.91335, -33.49537 ], [ -69.91349, -33.49373 ], [ -69.91396, -33.49279 ], [ -69.91369, -33.49222 ], [ -69.91397, -33.49147 ], [ -69.91401, -33.49058 ], [ -69.91426, -33.49004 ], [ -69.9142, -33.4896 ], [ -69.91453, -33.48816 ], [ -69.91447, -33.48663 ], [ -69.91467, -33.48643 ], [ -69.91553, -33.48389 ], [ -69.91621, -33.48342 ], [ -69.91683, -33.48323 ], [ -69.91722, -33.48259 ], [ -69.91734, -33.48167 ], [ -69.91718, -33.48121 ], [ -69.91769, -33.48028 ], [ -69.91764, -33.47847 ], [ -69.91788, -33.47813 ], [ -69.91817, -33.47805 ], [ -69.91887, -33.47742 ], [ -69.91903, -33.47671 ], [ -69.91933, -33.47631 ], [ -69.91921, -33.47405 ], [ -69.91955, -33.47282 ], [ -69.91938, -33.47233 ], [ -69.91983, -33.47081 ], [ -69.91979, -33.47041 ], [ -69.92031, -33.46891 ], [ -69.92009, -33.46757 ], [ -69.92074, -33.46646 ], [ -69.92082, -33.46568 ], [ -69.92107, -33.46538 ], [ -69.92095, -33.46514 ], [ -69.92111, -33.46412 ], [ -69.92143, -33.46364 ], [ -69.92162, -33.46284 ], [ -69.92289, -33.46202 ], [ -69.92353, -33.4612 ], [ -69.92376, -33.46117 ], [ -69.92462, -33.46029 ], [ -69.92472, -33.45996 ], [ -69.92538, -33.45942 ], [ -69.92624, -33.45899 ], [ -69.92683, -33.45815 ], [ -69.92735, -33.45787 ], [ -69.92772, -33.45671 ], [ -69.92812, -33.45646 ], [ -69.92842, -33.45602 ], [ -69.92842, -33.45519 ], [ -69.92866, -33.4548 ], [ -69.92856, -33.45334 ], [ -69.92799, -33.45185 ], [ -69.92802, -33.45097 ], [ -69.92737, -33.45022 ], [ -69.9273, -33.44965 ], [ -69.92776, -33.44934 ], [ -69.92785, -33.44903 ], [ -69.92839, -33.4487 ], [ -69.92859, -33.44836 ], [ -69.92898, -33.4483 ], [ -69.92902, -33.44782 ], [ -69.92991, -33.44662 ], [ -69.93001, -33.44585 ], [ -69.93086, -33.44542 ], [ -69.932, -33.44516 ], [ -69.9323, -33.44489 ], [ -69.93243, -33.44422 ], [ -69.93273, -33.44382 ], [ -69.93275, -33.44256 ], [ -69.93254, -33.44198 ], [ -69.93234, -33.44183 ], [ -69.93202, -33.44067 ], [ -69.93196, -33.43922 ], [ -69.93215, -33.43906 ], [ -69.93224, -33.43797 ], [ -69.93256, -33.43765 ], [ -69.93232, -33.4369 ], [ -69.93263, -33.43636 ], [ -69.93265, -33.43561 ], [ -69.93242, -33.43529 ], [ -69.93278, -33.43419 ], [ -69.93346, -33.43414 ], [ -69.93386, -33.43376 ], [ -69.93421, -33.43369 ], [ -69.93456, -33.43339 ], [ -69.93459, -33.43307 ], [ -69.93512, -33.43257 ], [ -69.93506, -33.43236 ], [ -69.93518, -33.43227 ], [ -69.93621, -33.43223 ], [ -69.93699, -33.43175 ], [ -69.93748, -33.43184 ], [ -69.93834, -33.43104 ], [ -69.93871, -33.43092 ], [ -69.93911, -33.43111 ], [ -69.93955, -33.43097 ], [ -69.9413, -33.43005 ], [ -69.94151, -33.42924 ], [ -69.94226, -33.4282 ], [ -69.94201, -33.42793 ], [ -69.94183, -33.42732 ], [ -69.94237, -33.42652 ], [ -69.94266, -33.42574 ], [ -69.94259, -33.42549 ], [ -69.94341, -33.42367 ], [ -69.94376, -33.42238 ], [ -69.94414, -33.42199 ], [ -69.94433, -33.42134 ], [ -69.94477, -33.42065 ], [ -69.94583, -33.41965 ], [ -69.94613, -33.41964 ], [ -69.94646, -33.4193 ], [ -69.94743, -33.41906 ], [ -69.94825, -33.41846 ], [ -69.94851, -33.418 ], [ -69.95011, -33.41761 ], [ -69.95067, -33.41731 ], [ -69.95146, -33.41664 ], [ -69.95147, -33.41644 ], [ -69.95184, -33.41614 ], [ -69.95277, -33.41464 ], [ -69.95455, -33.41375 ], [ -69.95625, -33.41192 ], [ -69.95723, -33.41154 ], [ -69.95764, -33.41122 ], [ -69.95915, -33.41086 ], [ -69.96005, -33.41029 ], [ -69.96072, -33.4101 ], [ -69.96129, -33.40964 ], [ -69.96158, -33.40967 ], [ -69.96288, -33.40909 ], [ -69.96502, -33.40847 ], [ -69.96663, -33.40827 ], [ -69.96732, -33.40828 ], [ -69.96809, -33.40858 ], [ -69.97022, -33.40848 ], [ -69.97031, -33.4086 ], [ -69.971, -33.40861 ], [ -69.97151, -33.40893 ], [ -69.97224, -33.40911 ], [ -69.97248, -33.40938 ], [ -69.97303, -33.40949 ], [ -69.97318, -33.40936 ], [ -69.97425, -33.40976 ], [ -69.97516, -33.40886 ], [ -69.97637, -33.40844 ], [ -69.97742, -33.40848 ], [ -69.97861, -33.40805 ], [ -69.97967, -33.40801 ], [ -69.98005, -33.40781 ], [ -69.98092, -33.40786 ], [ -69.98149, -33.40754 ], [ -69.98205, -33.40756 ] ] } },
{ "type": "Feature", "properties": { "nombre": "Río Negro", "tipo": "river", "volcan_codigo": "SJO", "volcan_nombre": "San Jose", "drena_volcan": false }, "geometry": { "type": "LineString", "coordinates": [ [ -69.93963, -34.02437 ], [ -69.93993, -34.02417 ], [ -69.94002, -34.02364 ], [ -69.94116, -34.02328 ], [ -69.94302, -34.022 ], [ -69.94427, -34.02068 ], [ -69.94476, -34.02047 ], [ -69.94502, -34.02003 ], [ -69.94626, -34.01921 ], [ -69.94643, -34.01883 ], [ -69.94648, -34.0177 ], [ -69.94611, -34.01732 ], [ -69.94581, -34.01649 ], [ -69.94579, -34.01585 ], [ -69.9462, -34.01522 ], [ -69.94581, -34.01428 ], [ -69.94798, -34.01186 ], [ -69.94834, -34.01069 ], [ -69.94811, -34.01014 ], [ -69.94843, -34.00923 ], [ -69.94978, -34.00832 ], [ -69.95038, -34.00758 ], [ -69.95079, -34.0075 ], [ -69.95261, -34.00779 ], [ -69.95506, -34.00866 ], [ -69.95637, -34.00857 ], [ -69.95646, -34.00882 ], [ -69.95701, -34.00912 ], [ -69.95746, -34.00982 ], [ -69.95802, -34.01005 ], [ -69.95862, -34.01008 ], [ -69.95931, -34.00962 ], [ -69.96094, -34.0096 ], [ -69.96225, -34.009 ], [ -69.96345, -34.00911 ], [ -69.96384, -34.00873 ], [ -69.96457, -34.00873 ], [ -69.96669, -34.00775 ], [ -69.968, -34.00685 ], [ -69.96987, -34.00622 ], [ -69.97047, -34.00651 ], [ -69.97105, -34.00647 ], [ -69.9724, -34.00672 ], [ -69.97401, -34.00665 ], [ -69.97485, -34.00631 ], [ -69.9754, -34.00548 ], [ -69.97633, -34.00525 ], [ -69.97671, -34.00535 ], [ -69.97716, -34.00507 ], [ -69.97731, -34.00441 ], [ -69.97901, -34.00452 ], [ -69.98057, -34.00405 ], [ -69.98184, -34.00416 ], [ -69.98257, -34.00347 ], [ -69.98317, -34.00315 ], [ -69.98317, -34.0027 ], [ -69.98459, -34.0026 ], [ -69.986, -34.0016 ], [ -69.98684, -34.00139 ], [ -69.98753, -34.00075 ], [ -69.98785, -34.00075 ], [ -69.98823, -34.00039 ], [ -69.98944, -34.00032 ], [ -69.99017, -33.99989 ], [ -69.99302, -33.99971 ], [ -69.99482, -34.00039 ], [ -69.99611, -33.99993 ], [ -69.9977, -34.00053 ], [ -69.9983, -34.00098 ], [ -69.99823, -34.00155 ], [ -69.9995, -34.00243 ], [ -70.00064, -34.00348 ], [ -70.0018, -34.0038 ], [ -70.00268, -34.0045 ], [ -70.00345, -34.00466 ], [ -70.00394, -34.00525 ], [ -70.00491, -34.00553 ], [ -70.00508, -34.00569 ], [ -70.0051, -34.00619 ], [ -70.00583, -34.00663 ], [ -70.00602, -34.00708 ], [ -70.00639, -34.00742 ], [ -70.00695, -34.00889 ], [ -70.00783, -34.01044 ], [ -70.01038, -34.01168 ], [ -70.01126, -34.01268 ], [ -70.01212, -34.01284 ], [ -70.01246, -34.01323 ], [ -70.0142, -34.01659 ], [ -70.01435, -34.01754 ], [ -70.01465, -34.01793 ], [ -70.01619, -34.01903 ], [ -70.01624, -34.01924 ], [ -70.01598, -34.01981 ], [ -70.01634, -34.02008 ], [ -70.01652, -34.02058 ], [ -70.01733, -34.02093 ], [ -70.01776, -34.02164 ], [ -70.01873, -34.0222 ], [ -70.01898, -34.02253 ], [ -70.01924, -34.02328 ], [ -70.01935, -34.02524 ], [ -70.01911, -34.02668 ], [ -70.02051, -34.02872 ], [ -70.02061, -34.02913 ], [ -70.02113, -34.0297 ], [ -70.02197, -34.0302 ], [ -70.0224, -34.0302 ], [ -70.02293, -34.03066 ], [ -70.02351, -34.03203 ], [ -70.02428, -34.03326 ], [ -70.02428, -34.03489 ], [ -70.02381, -34.03541 ], [ -70.0239, -34.03582 ], [ -70.02452, -34.03699 ], [ -70.02549, -34.03818 ], [ -70.02546, -34.03902 ], [ -70.02632, -34.04005 ], [ -70.02649, -34.04145 ], [ -70.02639, -34.04188 ], [ -70.02572, -34.04265 ], [ -70.02589, -34.04405 ], [ -70.02574, -34.04467 ], [ -70.02585, -34.04533 ], [ -70.02658, -34.04707 ], [ -70.02662, -34.04762 ], [ -70.02636, -34.04885 ], [ -70.02585, -34.0497 ], [ -70.02585, -34.05006 ], [ -70.02503, -34.05088 ], [ -70.02486, -34.05129 ], [ -70.02497, -34.05177 ], [ -70.02448, -34.05335 ], [ -70.02282, -34.0539 ], [ -70.0225, -34.05468 ], [ -70.0225, -34.056 ], [ -70.0222, -34.05689 ], [ -70.02218, -34.05763 ], [ -70.02182, -34.0585 ], [ -70.02186, -34.05989 ], [ -70.02159, -34.06067 ], [ -70.02022, -34.06261 ], [ -70.01941, -34.0633 ], [ -70.01912, -34.06386 ], [ -70.01902, -34.06571 ], [ -70.01948, -34.06699 ], [ -70.01941, -34.06766 ], [ -70.01963, -34.06848 ], [ -70.01922, -34.06924 ], [ -70.01923, -34.06952 ], [ -70.02006, -34.07072 ], [ -70.02024, -34.07149 ], [ -70.02169, -34.07258 ], [ -70.0218, -34.07336 ], [ -70.02365, -34.07471 ], [ -70.02572, -34.07458 ], [ -70.02757, -34.07524 ], [ -70.02867, -34.07517 ], [ -70.03061, -34.07595 ], [ -70.03125, -34.07605 ], [ -70.03378, -34.07715 ], [ -70.03437, -34.07794 ], [ -70.03501, -34.07848 ], [ -70.03569, -34.0799 ], [ -70.03636, -34.08052 ], [ -70.03689, -34.08058 ], [ -70.03749, -34.08041 ], [ -70.03854, -34.08056 ], [ -70.04009, -34.0814 ], [ -70.04019, -34.08195 ], [ -70.04074, -34.08283 ], [ -70.0408, -34.08329 ], [ -70.04214, -34.08458 ], [ -70.04378, -34.08468 ], [ -70.04421, -34.08497 ], [ -70.04431, -34.0855 ], [ -70.04483, -34.08587 ], [ -70.0457, -34.08592 ], [ -70.04652, -34.08566 ], [ -70.04799, -34.0856 ], [ -70.04885, -34.08576 ], [ -70.05082, -34.08734 ], [ -70.05108, -34.08765 ], [ -70.05138, -34.08853 ], [ -70.0537, -34.0905 ], [ -70.0542, -34.0919 ], [ -70.05422, -34.09264 ], [ -70.05506, -34.09323 ], [ -70.05557, -34.09387 ] ] } },
{ "type": "Feature", "properties": { "nombre": "Río Olivares", "tipo": "river", "volcan_codigo": "SJO", "volcan_nombre": "San Jose", "drena_volcan": false }, "geometry": { "type": "LineString", "coordinates": [ [ -70.11798, -33.13631 ], [ -70.11754, -33.13755 ], [ -70.11779, -33.13803 ], [ -70.11869, -33.13886 ], [ -70.11911, -33.13963 ], [ -70.11859, -33.13988 ], [ -70.11816, -33.14045 ], [ -70.11695, -33.14269 ], [ -70.11713, -33.14314 ], [ -70.11698, -33.1437 ], [ -70.11712, -33.14552 ], [ -70.11742, -33.1463 ], [ -70.11731, -33.14747 ], [ -70.11706, -33.14813 ], [ -70.1172, -33.14848 ], [ -70.11701, -33.14932 ], [ -70.11642, -33.15049 ], [ -70.11596, -33.15095 ], [ -70.11555, -33.15216 ], [ -70.11596, -33.15276 ], [ -70.1164, -33.15407 ], [ -70.11653, -33.15516 ], [ -70.1169, -33.15525 ], [ -70.11703, -33.15557 ], [ -70.11706, -33.15658 ], [ -70.11684, -33.15692 ], [ -70.1172, -33.15705 ], [ -70.1172, -33.15826 ], [ -70.11793, -33.15972 ], [ -70.11803, -33.16021 ], [ -70.11792, -33.16072 ], [ -70.11869, -33.1609 ], [ -70.11926, -33.16128 ], [ -70.11948, -33.16171 ], [ -70.11918, -33.16205 ], [ -70.11922, -33.16232 ], [ -70.1198, -33.16287 ], [ -70.11963, -33.16318 ], [ -70.11985, -33.16339 ], [ -70.11983, -33.16385 ], [ -70.11919, -33.16625 ], [ -70.11875, -33.16701 ], [ -70.1191, -33.16737 ], [ -70.12029, -33.16804 ], [ -70.12029, -33.17034 ], [ -70.1241, -33.17248 ], [ -70.12503, -33.17658 ], [ -70.12319, -33.18269 ], [ -70.12029, -33.18533 ], [ -70.116, -33.18743 ], [ -70.11617, -33.18973 ], [ -70.116, -33.19404 ], [ -70.11463, -33.19605 ], [ -70.11034, -33.20036 ], [ -70.10982, -33.20266 ], [ -70.10876, -33.20438 ], [ -70.10823, -33.20652 ], [ -70.10929, -33.20805 ], [ -70.10926, -33.21122 ], [ -70.10887, -33.21325 ], [ -70.10918, -33.21511 ], [ -70.10952, -33.21532 ], [ -70.10928, -33.21657 ], [ -70.10859, -33.21712 ], [ -70.11547, -33.23046 ], [ -70.11737, -33.23267 ], [ -70.1188, -33.2348 ], [ -70.11873, -33.23568 ], [ -70.1195, -33.2374 ], [ -70.12189, -33.24155 ], [ -70.12627, -33.24789 ], [ -70.12676, -33.24979 ], [ -70.12655, -33.25377 ], [ -70.12799, -33.25798 ], [ -70.13188, -33.26363 ], [ -70.13809, -33.26588 ], [ -70.13946, -33.2678 ], [ -70.13918, -33.26971 ], [ -70.13918, -33.27314 ], [ -70.1388, -33.27442 ], [ -70.13894, -33.27537 ], [ -70.14025, -33.27695 ], [ -70.14005, -33.27993 ], [ -70.13922, -33.28068 ], [ -70.139, -33.28191 ], [ -70.13911, -33.28317 ], [ -70.13826, -33.28403 ], [ -70.13862, -33.28457 ], [ -70.13872, -33.2854 ], [ -70.13927, -33.28596 ], [ -70.13908, -33.28659 ], [ -70.13947, -33.28804 ], [ -70.13832, -33.2888 ], [ -70.13905, -33.29362 ], [ -70.13812, -33.29538 ], [ -70.13785, -33.29723 ], [ -70.13931, -33.30012 ], [ -70.13849, -33.30377 ], [ -70.1378, -33.30405 ], [ -70.13737, -33.30539 ], [ -70.13849, -33.3063 ], [ -70.13994, -33.30678 ], [ -70.1404, -33.30739 ], [ -70.14122, -33.30766 ], [ -70.14208, -33.30992 ], [ -70.14219, -33.31143 ], [ -70.14164, -33.31299 ], [ -70.14226, -33.31358 ], [ -70.14223, -33.31406 ], [ -70.14297, -33.31545 ], [ -70.14175, -33.31795 ], [ -70.14205, -33.31859 ], [ -70.14217, -33.31934 ], [ -70.13969, -33.32087 ], [ -70.13974, -33.322 ], [ -70.13951, -33.32249 ], [ -70.1395, -33.32358 ], [ -70.13865, -33.3251 ], [ -70.13802, -33.32539 ], [ -70.13718, -33.32637 ], [ -70.13725, -33.32712 ], [ -70.13676, -33.32825 ], [ -70.13718, -33.32861 ], [ -70.13735, -33.32945 ], [ -70.1371, -33.33005 ], [ -70.13741, -33.33105 ], [ -70.13616, -33.33218 ], [ -70.13587, -33.3344 ], [ -70.13645, -33.33527 ], [ -70.13605, -33.33595 ], [ -70.13621, -33.33721 ], [ -70.13679, -33.33802 ], [ -70.13656, -33.33955 ], [ -70.13682, -33.34005 ], [ -70.13687, -33.34106 ], [ -70.13731, -33.34146 ], [ -70.1378, -33.34446 ], [ -70.13694, -33.34468 ], [ -70.13701, -33.34533 ], [ -70.13755, -33.34627 ], [ -70.13631, -33.3474 ], [ -70.13661, -33.34838 ], [ -70.13543, -33.34872 ], [ -70.13546, -33.34914 ], [ -70.13504, -33.3495 ], [ -70.1344, -33.35198 ], [ -70.13458, -33.35276 ], [ -70.13408, -33.35403 ], [ -70.13423, -33.35474 ], [ -70.13408, -33.3552 ], [ -70.13486, -33.35612 ], [ -70.13469, -33.35694 ], [ -70.13471, -33.35826 ], [ -70.13428, -33.35908 ], [ -70.13394, -33.36033 ], [ -70.13448, -33.36127 ], [ -70.13401, -33.36204 ], [ -70.13399, -33.36268 ], [ -70.1337, -33.36315 ], [ -70.13156, -33.36462 ], [ -70.13176, -33.36544 ], [ -70.13252, -33.36571 ], [ -70.13321, -33.36642 ], [ -70.13368, -33.36841 ], [ -70.13504, -33.37035 ], [ -70.13725, -33.37136 ], [ -70.1375, -33.37201 ], [ -70.13706, -33.37286 ], [ -70.13638, -33.37324 ], [ -70.1358, -33.37408 ], [ -70.13628, -33.37582 ], [ -70.13576, -33.37622 ], [ -70.13546, -33.37671 ], [ -70.13328, -33.37813 ], [ -70.13333, -33.37929 ], [ -70.13261, -33.3795 ], [ -70.13233, -33.38011 ], [ -70.13294, -33.38088 ], [ -70.13303, -33.3816 ], [ -70.13247, -33.38205 ], [ -70.13252, -33.38243 ], [ -70.13194, -33.38281 ], [ -70.13233, -33.3845 ], [ -70.13166, -33.38497 ], [ -70.13166, -33.38566 ], [ -70.13111, -33.38675 ], [ -70.1306, -33.38692 ], [ -70.12946, -33.38869 ], [ -70.12924, -33.38938 ], [ -70.12941, -33.38954 ], [ -70.12936, -33.39005 ], [ -70.13071, -33.39162 ], [ -70.13181, -33.39459 ], [ -70.13068, -33.39713 ], [ -70.13089, -33.39838 ], [ -70.13153, -33.3992 ], [ -70.13208, -33.40036 ], [ -70.13179, -33.40068 ], [ -70.13179, -33.40096 ], [ -70.13132, -33.40129 ], [ -70.13126, -33.40214 ], [ -70.13152, -33.40257 ], [ -70.13191, -33.40281 ], [ -70.13347, -33.40559 ], [ -70.13629, -33.40816 ], [ -70.13687, -33.40957 ], [ -70.13568, -33.41163 ], [ -70.13542, -33.41273 ], [ -70.13567, -33.41334 ], [ -70.13549, -33.41461 ], [ -70.13637, -33.41548 ], [ -70.13622, -33.41607 ], [ -70.13557, -33.41719 ], [ -70.13559, -33.41761 ], [ -70.13534, -33.41814 ], [ -70.13531, -33.41845 ], [ -70.13569, -33.41903 ], [ -70.13555, -33.41989 ], [ -70.13573, -33.42062 ], [ -70.13434, -33.42302 ], [ -70.13431, -33.42421 ], [ -70.13473, -33.42508 ], [ -70.13472, -33.42613 ], [ -70.13542, -33.42696 ], [ -70.13527, -33.42852 ], [ -70.13537, -33.42926 ], [ -70.13479, -33.43117 ], [ -70.1335, -33.43374 ], [ -70.13414, -33.43554 ], [ -70.13367, -33.43664 ], [ -70.13435, -33.43788 ], [ -70.13423, -33.43981 ], [ -70.13504, -33.4408 ], [ -70.13489, -33.44341 ], [ -70.13437, -33.44392 ], [ -70.13474, -33.44536 ], [ -70.1341, -33.44636 ], [ -70.13307, -33.44674 ], [ -70.13242, -33.44746 ], [ -70.13237, -33.448 ], [ -70.13129, -33.45108 ], [ -70.13133, -33.45262 ], [ -70.13218, -33.4535 ], [ -70.13217, -33.45414 ], [ -70.13302, -33.45597 ], [ -70.13239, -33.4568 ], [ -70.13157, -33.45854 ], [ -70.1313, -33.45984 ], [ -70.13205, -33.46005 ], [ -70.13196, -33.46053 ], [ -70.1312, -33.46093 ], [ -70.13151, -33.46137 ], [ -70.13153, -33.46202 ], [ -70.13231, -33.46302 ], [ -70.13174, -33.4636 ], [ -70.13121, -33.46465 ], [ -70.13135, -33.46508 ], [ -70.13202, -33.46556 ], [ -70.13142, -33.46651 ], [ -70.13148, -33.46734 ], [ -70.13048, -33.46805 ], [ -70.1291, -33.46874 ], [ -70.12823, -33.4705 ], [ -70.12986, -33.47197 ], [ -70.13024, -33.47262 ], [ -70.13008, -33.47357 ], [ -70.13024, -33.47439 ], [ -70.13212, -33.47609 ], [ -70.13313, -33.47643 ], [ -70.13311, -33.47767 ], [ -70.1335, -33.4791 ], [ -70.13336, -33.48023 ], [ -70.1342, -33.48089 ], [ -70.13465, -33.48156 ], [ -70.13465, -33.48276 ], [ -70.13557, -33.48388 ], [ -70.13621, -33.48409 ], [ -70.13726, -33.48553 ], [ -70.13859, -33.48629 ], [ -70.13883, -33.4871 ], [ -70.13865, -33.48819 ], [ -70.13907, -33.4886 ], [ -70.13896, -33.48914 ], [ -70.13929, -33.4898 ], [ -70.13739, -33.49244 ], [ -70.13863, -33.49534 ] ] } },
{ "type": "Feature", "properties": { "nombre": "Río Palomares", "tipo": "river", "volcan_codigo": "SJO", "volcan_nombre": "San Jose", "drena_volcan": false }, "geometry": { "type": "LineString", "coordinates": [ [ -69.83398, -33.64074 ], [ -69.83415, -33.63943 ], [ -69.83369, -33.63884 ], [ -69.83412, -33.63697 ], [ -69.83389, -33.63615 ], [ -69.83402, -33.63592 ], [ -69.83376, -33.63579 ], [ -69.83368, -33.63555 ], [ -69.83384, -33.635 ], [ -69.83376, -33.63476 ], [ -69.83286, -33.63403 ], [ -69.83262, -33.63359 ], [ -69.8327, -33.63254 ], [ -69.8319, -33.63094 ], [ -69.83125, -33.63045 ], [ -69.83087, -33.63035 ], [ -69.8293, -33.62848 ], [ -69.82876, -33.62747 ], [ -69.82856, -33.62735 ], [ -69.82844, -33.62665 ], [ -69.82818, -33.62625 ], [ -69.82833, -33.62601 ], [ -69.82826, -33.62585 ], [ -69.82774, -33.62554 ], [ -69.82741, -33.62503 ], [ -69.8265, -33.62466 ], [ -69.82605, -33.62383 ], [ -69.82449, -33.6231 ], [ -69.82391, -33.62212 ], [ -69.82331, -33.62155 ], [ -69.8229, -33.62147 ], [ -69.82261, -33.62104 ], [ -69.82222, -33.62102 ], [ -69.82182, -33.62073 ], [ -69.82117, -33.62068 ], [ -69.82038, -33.62031 ], [ -69.81813, -33.61889 ], [ -69.81729, -33.61885 ], [ -69.81645, -33.6186 ], [ -69.81516, -33.6186 ], [ -69.81469, -33.61835 ], [ -69.81352, -33.6188 ], [ -69.80925, -33.61924 ], [ -69.80811, -33.61949 ], [ -69.80737, -33.61986 ], [ -69.80691, -33.61985 ], [ -69.80651, -33.62008 ], [ -69.80535, -33.61989 ], [ -69.80294, -33.62018 ], [ -69.80181, -33.62094 ], [ -69.80116, -33.62109 ], [ -69.80032, -33.62157 ], [ -69.79869, -33.62191 ], [ -69.79796, -33.62257 ], [ -69.79722, -33.62295 ], [ -69.79658, -33.62299 ], [ -69.79552, -33.62337 ], [ -69.79529, -33.62325 ], [ -69.7949, -33.62337 ], [ -69.79451, -33.62322 ], [ -69.79409, -33.62329 ], [ -69.79182, -33.6222 ], [ -69.79153, -33.62182 ], [ -69.79041, -33.62157 ], [ -69.78961, -33.62092 ], [ -69.78918, -33.62078 ], [ -69.7883, -33.62079 ], [ -69.7876, -33.6211 ], [ -69.78663, -33.62112 ], [ -69.78443, -33.6209 ], [ -69.78317, -33.62047 ], [ -69.78204, -33.62046 ], [ -69.7789, -33.6216 ], [ -69.77639, -33.62175 ], [ -69.77463, -33.62139 ], [ -69.7722, -33.6213 ], [ -69.77124, -33.62095 ], [ -69.77038, -33.62084 ], [ -69.76927, -33.62016 ], [ -69.76878, -33.61955 ], [ -69.76813, -33.6191 ], [ -69.76785, -33.61955 ], [ -69.76734, -33.61988 ], [ -69.76735, -33.62023 ], [ -69.76623, -33.62137 ], [ -69.76586, -33.62217 ], [ -69.76531, -33.62245 ], [ -69.76433, -33.62337 ], [ -69.76366, -33.62351 ], [ -69.76283, -33.6241 ], [ -69.76108, -33.62418 ], [ -69.76035, -33.62459 ], [ -69.75876, -33.625 ], [ -69.75683, -33.62588 ], [ -69.75376, -33.62613 ], [ -69.75278, -33.62641 ], [ -69.75078, -33.62734 ], [ -69.74909, -33.6284 ], [ -69.74692, -33.62931 ], [ -69.74306, -33.62999 ], [ -69.74175, -33.62995 ], [ -69.74067, -33.63049 ], [ -69.73658, -33.63084 ], [ -69.73518, -33.63243 ], [ -69.73482, -33.63258 ], [ -69.73439, -33.63259 ], [ -69.7334, -33.63192 ], [ -69.73087, -33.63186 ], [ -69.7302, -33.632 ], [ -69.72967, -33.63177 ], [ -69.72874, -33.63199 ], [ -69.72804, -33.63159 ], [ -69.72763, -33.63156 ], [ -69.7269, -33.63188 ], [ -69.72591, -33.63168 ], [ -69.7231, -33.63304 ], [ -69.72207, -33.63302 ], [ -69.72138, -33.63334 ], [ -69.72087, -33.63324 ], [ -69.72012, -33.63376 ], [ -69.71832, -33.63431 ], [ -69.71714, -33.63495 ], [ -69.71671, -33.63504 ], [ -69.71548, -33.63485 ], [ -69.71385, -33.6352 ], [ -69.71302, -33.63599 ], [ -69.71211, -33.63627 ], [ -69.71129, -33.63823 ], [ -69.7097, -33.6391 ] ] } },
{ "type": "Feature", "properties": { "nombre": "Río Paredones", "tipo": "stream", "volcan_codigo": "SJO", "volcan_nombre": "San Jose", "drena_volcan": false }, "geometry": { "type": "LineString", "coordinates": [ [ -70.21792, -34.05366 ], [ -70.21638, -34.05736 ], [ -70.21466, -34.06049 ], [ -70.21415, -34.06475 ], [ -70.21071, -34.07243 ], [ -70.20728, -34.0757 ], [ -70.20488, -34.0821 ], [ -70.20282, -34.08537 ], [ -70.20196, -34.08821 ], [ -70.20385, -34.09163 ], [ -70.20385, -34.0946 ], [ -70.20422, -34.09534 ] ] } },
{ "type": "Feature", "properties": { "nombre": "Río Salinillas", "tipo": "river", "volcan_codigo": "SJO", "volcan_nombre": "San Jose", "drena_volcan": true }, "geometry": { "type": "LineString", "coordinates": [ [ -69.89725, -33.83159 ], [ -69.88616, -33.83672 ], [ -69.88046, -33.83802 ], [ -69.87113, -33.84119 ], [ -69.86452, -33.84711 ], [ -69.85842, -33.85024 ], [ -69.8487, -33.85142 ], [ -69.84209, -33.85282 ], [ -69.83634, -33.85789 ], [ -69.83247, -33.85922 ], [ -69.8299, -33.86102 ], [ -69.82727, -33.86169 ], [ -69.82592, -33.86413 ], [ -69.82456, -33.86443 ], [ -69.8236, -33.86567 ], [ -69.82232, -33.8655 ], [ -69.82161, -33.86633 ], [ -69.82039, -33.86679 ], [ -69.81893, -33.86643 ], [ -69.81696, -33.8673 ], [ -69.81444, -33.8674 ], [ -69.81104, -33.86721 ], [ -69.80875, -33.86734 ], [ -69.80104, -33.86618 ], [ -69.79947, -33.86623 ], [ -69.79678, -33.86681 ], [ -69.79555, -33.86682 ], [ -69.79445, -33.8674 ], [ -69.79346, -33.86747 ], [ -69.79294, -33.86699 ], [ -69.79126, -33.86619 ], [ -69.79035, -33.86602 ], [ -69.78776, -33.86623 ], [ -69.78511, -33.86679 ], [ -69.78362, -33.86577 ], [ -69.78174, -33.86537 ], [ -69.7809, -33.8644 ], [ -69.7797, -33.86464 ], [ -69.77723, -33.86273 ], [ -69.77565, -33.8609 ], [ -69.7739, -33.86001 ], [ -69.76916, -33.85856 ], [ -69.76806, -33.85732 ], [ -69.76667, -33.85646 ], [ -69.76421, -33.85579 ], [ -69.75889, -33.85331 ], [ -69.7552, -33.85216 ], [ -69.75283, -33.85245 ], [ -69.75163, -33.85218 ], [ -69.74836, -33.85307 ], [ -69.74531, -33.85442 ], [ -69.74318, -33.85482 ], [ -69.74149, -33.85533 ], [ -69.73984, -33.85479 ], [ -69.73822, -33.85465 ], [ -69.73341, -33.85654 ], [ -69.73025, -33.85739 ], [ -69.72748, -33.86065 ], [ -69.72402, -33.86196 ], [ -69.72319, -33.86295 ], [ -69.72159, -33.86424 ], [ -69.7201, -33.86535 ], [ -69.71824, -33.86639 ], [ -69.7146, -33.8678 ], [ -69.71254, -33.86803 ], [ -69.71082, -33.869 ], [ -69.70986, -33.8702 ], [ -69.70855, -33.87056 ], [ -69.70507, -33.87193 ], [ -69.70248, -33.87197 ], [ -69.69996, -33.87144 ], [ -69.6987, -33.87092 ], [ -69.69492, -33.87066 ], [ -69.69081, -33.86957 ], [ -69.68889, -33.8695 ], [ -69.68768, -33.869 ], [ -69.6866, -33.86822 ], [ -69.68509, -33.8683 ], [ -69.68364, -33.86645 ], [ -69.68261, -33.86603 ], [ -69.68144, -33.86516 ], [ -69.68098, -33.86346 ], [ -69.68034, -33.8628 ], [ -69.68016, -33.86223 ], [ -69.68048, -33.86116 ], [ -69.67988, -33.86008 ], [ -69.67906, -33.8589 ], [ -69.67823, -33.85888 ], [ -69.67695, -33.8584 ], [ -69.67665, -33.85724 ], [ -69.67704, -33.8566 ], [ -69.6767, -33.85604 ], [ -69.67567, -33.85591 ], [ -69.67544, -33.85455 ], [ -69.67448, -33.85364 ], [ -69.67451, -33.85313 ], [ -69.6734, -33.85299 ], [ -69.67302, -33.85235 ], [ -69.67192, -33.85197 ], [ -69.67098, -33.85184 ], [ -69.67046, -33.85157 ], [ -69.66933, -33.85178 ], [ -69.66776, -33.85158 ], [ -69.66696, -33.85188 ], [ -69.66601, -33.85192 ], [ -69.66481, -33.85228 ], [ -69.66419, -33.85275 ], [ -69.66329, -33.85307 ], [ -69.66173, -33.85325 ], [ -69.66066, -33.85365 ], [ -69.66003, -33.85357 ], [ -69.65964, -33.85314 ], [ -69.65906, -33.85322 ], [ -69.6551, -33.8547 ], [ -69.65157, -33.85546 ], [ -69.65029, -33.85543 ], [ -69.64886, -33.85593 ], [ -69.64822, -33.85563 ], [ -69.64716, -33.85449 ], [ -69.64634, -33.85482 ], [ -69.6458, -33.85466 ], [ -69.64465, -33.85482 ], [ -69.64425, -33.85461 ], [ -69.64326, -33.85461 ], [ -69.64217, -33.85511 ], [ -69.64178, -33.85489 ], [ -69.64149, -33.85446 ], [ -69.64081, -33.85449 ], [ -69.63901, -33.85528 ], [ -69.6378, -33.85657 ], [ -69.63541, -33.85678 ], [ -69.63398, -33.85643 ], [ -69.63298, -33.85676 ], [ -69.63158, -33.85662 ], [ -69.63035, -33.85544 ] ] } },
{ "type": "Feature", "properties": { "nombre": "Río Tunuyán", "tipo": "river", "volcan_codigo": "SJO", "volcan_nombre": "San Jose", "drena_volcan": true }, "geometry": { "type": "MultiLineString", "coordinates": [ [ [ -69.4745, -33.85129 ], [ -69.46648, -33.85145 ], [ -69.46247, -33.8523 ], [ -69.45958, -33.85346 ], [ -69.45566, -33.85455 ], [ -69.4503, -33.85271 ], [ -69.44829, -33.85229 ], [ -69.44544, -33.85245 ], [ -69.44497, -33.85279 ], [ -69.44445, -33.85417 ], [ -69.44367, -33.85447 ], [ -69.44247, -33.85447 ], [ -69.4404, -33.85207 ], [ -69.43511, -33.85299 ], [ -69.42352, -33.85675 ], [ -69.41125, -33.8599 ], [ -69.40324, -33.85968 ], [ -69.39606, -33.86046 ], [ -69.39471, -33.86336 ], [ -69.39138, -33.8637 ], [ -69.38858, -33.86551 ], [ -69.3802, -33.86405 ], [ -69.37547, -33.86612 ], [ -69.36705, -33.86474 ], [ -69.36515, -33.86545 ], [ -69.35994, -33.86537 ], [ -69.35941, -33.864 ], [ -69.35945, -33.8612 ], [ -69.35816, -33.86111 ], [ -69.35634, -33.86013 ], [ -69.35629, -33.85795 ], [ -69.35457, -33.85658 ], [ -69.35171, -33.85558 ], [ -69.34424, -33.85532 ], [ -69.34334, -33.85459 ] ], [ [ -69.5435, -33.87974 ], [ -69.54071, -33.87909 ], [ -69.53887, -33.87681 ], [ -69.53709, -33.87513 ], [ -69.53594, -33.8727 ], [ -69.53479, -33.8727 ], [ -69.53392, -33.87228 ], [ -69.53269, -33.87239 ], [ -69.53154, -33.87315 ], [ -69.52508, -33.87251 ], [ -69.52183, -33.87182 ], [ -69.51972, -33.87114 ], [ -69.51578, -33.86939 ], [ -69.51422, -33.86958 ], [ -69.51206, -33.8714 ], [ -69.50982, -33.87239 ], [ -69.50831, -33.87228 ], [ -69.50679, -33.87148 ], [ -69.50542, -33.87038 ], [ -69.50496, -33.86912 ], [ -69.5034, -33.8684 ], [ -69.50184, -33.8684 ], [ -69.50106, -33.86718 ], [ -69.50106, -33.86539 ], [ -69.50166, -33.8641 ], [ -69.50072, -33.86348 ], [ -69.49883, -33.86399 ], [ -69.49426, -33.86477 ], [ -69.49156, -33.86461 ], [ -69.48774, -33.8633 ], [ -69.48466, -33.86182 ], [ -69.48019, -33.85873 ], [ -69.47711, -33.85238 ], [ -69.4745, -33.85129 ] ], [ [ -69.63035, -33.85544 ], [ -69.62795, -33.85611 ], [ -69.6251, -33.85654 ], [ -69.62426, -33.85632 ], [ -69.6239, -33.85554 ], [ -69.6229, -33.85509 ], [ -69.62189, -33.85525 ], [ -69.62082, -33.85517 ], [ -69.61768, -33.85571 ], [ -69.61545, -33.85536 ], [ -69.61289, -33.85635 ], [ -69.61096, -33.8587 ], [ -69.60291, -33.85967 ], [ -69.60051, -33.86053 ], [ -69.59828, -33.861 ], [ -69.59505, -33.86121 ], [ -69.59308, -33.86186 ], [ -69.59164, -33.8619 ], [ -69.59088, -33.86167 ], [ -69.58894, -33.86171 ], [ -69.58621, -33.86266 ], [ -69.58525, -33.86165 ], [ -69.58438, -33.8615 ], [ -69.58311, -33.86235 ], [ -69.5813, -33.86388 ], [ -69.57881, -33.86492 ], [ -69.57686, -33.86494 ], [ -69.57599, -33.86544 ], [ -69.57471, -33.86489 ], [ -69.57361, -33.86498 ], [ -69.57191, -33.86601 ], [ -69.56836, -33.86693 ], [ -69.56767, -33.86758 ], [ -69.56683, -33.86876 ], [ -69.56238, -33.87091 ], [ -69.56037, -33.87235 ], [ -69.55986, -33.87391 ], [ -69.55867, -33.8762 ], [ -69.55753, -33.87772 ], [ -69.55546, -33.87829 ], [ -69.55542, -33.87939 ], [ -69.55606, -33.88133 ], [ -69.55528, -33.88274 ], [ -69.55308, -33.88346 ], [ -69.5435, -33.87974 ] ], [ [ -69.73609, -33.53314 ], [ -69.73593, -33.5337 ], [ -69.73549, -33.53427 ], [ -69.73611, -33.53591 ], [ -69.73568, -33.5369 ], [ -69.73542, -33.53941 ], [ -69.7349, -33.54035 ], [ -69.73446, -33.54201 ], [ -69.7337, -33.54366 ], [ -69.73278, -33.54421 ], [ -69.73173, -33.54548 ], [ -69.7313, -33.54681 ], [ -69.73241, -33.54852 ], [ -69.73285, -33.54957 ], [ -69.73289, -33.5508 ], [ -69.73275, -33.5529 ], [ -69.73247, -33.55392 ], [ -69.7318, -33.55444 ], [ -69.73233, -33.55596 ], [ -69.73198, -33.55805 ], [ -69.73045, -33.56364 ], [ -69.72657, -33.56765 ], [ -69.72103, -33.57419 ], [ -69.71768, -33.57689 ], [ -69.71575, -33.57898 ], [ -69.71629, -33.58662 ], [ -69.71532, -33.58957 ], [ -69.71185, -33.59627 ], [ -69.71135, -33.59814 ], [ -69.71067, -33.60342 ], [ -69.70936, -33.60772 ], [ -69.70858, -33.61237 ], [ -69.70807, -33.61798 ], [ -69.70856, -33.62138 ], [ -69.70916, -33.63403 ], [ -69.7097, -33.6391 ], [ -69.70798, -33.6399 ], [ -69.70541, -33.64271 ], [ -69.69722, -33.64824 ], [ -69.69148, -33.65291 ], [ -69.6873, -33.65757 ], [ -69.68593, -33.66086 ], [ -69.6829, -33.66429 ], [ -69.67657, -33.66998 ], [ -69.67312, -33.67398 ], [ -69.6723, -33.67805 ], [ -69.66449, -33.68641 ], [ -69.66037, -33.69161 ], [ -69.6543, -33.69734 ], [ -69.65033, -33.70244 ], [ -69.64788, -33.70887 ], [ -69.64788, -33.71258 ], [ -69.652, -33.71572 ], [ -69.65501, -33.7197 ], [ -69.65599, -33.72229 ], [ -69.65668, -33.72547 ], [ -69.65541, -33.72747 ], [ -69.65498, -33.72952 ], [ -69.65533, -33.73164 ], [ -69.65771, -33.73517 ], [ -69.65749, -33.73673 ], [ -69.65644, -33.73944 ], [ -69.65445, -33.74312 ], [ -69.65179, -33.74479 ], [ -69.65026, -33.75064 ], [ -69.65095, -33.75477 ], [ -69.65228, -33.7583 ], [ -69.65443, -33.76083 ], [ -69.65687, -33.76515 ], [ -69.65743, -33.76822 ], [ -69.65539, -33.77264 ], [ -69.65591, -33.77601 ], [ -69.65737, -33.77763 ], [ -69.65756, -33.7789 ], [ -69.65582, -33.78199 ], [ -69.65561, -33.78306 ], [ -69.65423, -33.78459 ], [ -69.65344, -33.78591 ], [ -69.65316, -33.78848 ], [ -69.65116, -33.78987 ], [ -69.65136, -33.79203 ], [ -69.65282, -33.79317 ], [ -69.65301, -33.79479 ], [ -69.65406, -33.7952 ], [ -69.65651, -33.79536 ], [ -69.65719, -33.79577 ], [ -69.65833, -33.79581 ], [ -69.65917, -33.79636 ], [ -69.65895, -33.801 ], [ -69.65803, -33.80276 ], [ -69.65722, -33.80353 ], [ -69.65713, -33.80486 ], [ -69.6564, -33.80519 ], [ -69.65501, -33.80549 ], [ -69.65462, -33.80629 ], [ -69.65468, -33.8077 ], [ -69.65449, -33.80895 ], [ -69.65275, -33.81176 ], [ -69.65316, -33.81357 ], [ -69.65219, -33.81499 ], [ -69.65239, -33.81697 ], [ -69.65183, -33.81783 ], [ -69.65146, -33.82148 ], [ -69.65001, -33.82399 ], [ -69.65041, -33.82574 ], [ -69.64895, -33.82777 ], [ -69.64782, -33.82861 ], [ -69.6464, -33.83146 ], [ -69.64541, -33.83243 ], [ -69.6452, -33.83326 ], [ -69.64436, -33.83371 ], [ -69.64271, -33.83571 ], [ -69.64387, -33.83777 ], [ -69.64353, -33.83856 ], [ -69.64329, -33.83987 ], [ -69.64196, -33.84092 ], [ -69.64149, -33.84223 ], [ -69.63982, -33.84279 ], [ -69.63881, -33.84437 ], [ -69.63872, -33.84574 ], [ -69.63788, -33.84618 ], [ -69.63708, -33.84627 ], [ -69.63322, -33.84791 ], [ -69.63107, -33.84828 ], [ -69.6307, -33.84858 ], [ -69.6308, -33.84905 ], [ -69.63025, -33.85188 ], [ -69.63129, -33.85351 ], [ -69.63143, -33.85458 ], [ -69.63114, -33.85501 ], [ -69.63035, -33.85544 ] ], [ [ -69.72709, -33.40737 ], [ -69.72735, -33.40771 ], [ -69.72744, -33.4084 ], [ -69.72776, -33.40908 ], [ -69.72755, -33.40967 ], [ -69.7276, -33.41018 ], [ -69.72742, -33.41024 ], [ -69.72756, -33.41083 ], [ -69.728, -33.41159 ], [ -69.72768, -33.41279 ], [ -69.72808, -33.41393 ], [ -69.72812, -33.41582 ], [ -69.72831, -33.41696 ], [ -69.72824, -33.41818 ], [ -69.72749, -33.41909 ], [ -69.72707, -33.42017 ], [ -69.72753, -33.42062 ], [ -69.72785, -33.42126 ], [ -69.72839, -33.42173 ], [ -69.72902, -33.42334 ], [ -69.72976, -33.42462 ], [ -69.73015, -33.42493 ], [ -69.72978, -33.42645 ], [ -69.73, -33.42719 ], [ -69.73077, -33.4279 ], [ -69.73077, -33.42826 ], [ -69.73045, -33.42865 ], [ -69.73055, -33.42938 ], [ -69.73029, -33.4297 ], [ -69.73029, -33.43021 ], [ -69.7324, -33.43264 ], [ -69.73298, -33.43292 ], [ -69.73395, -33.4344 ], [ -69.73648, -33.43734 ], [ -69.73817, -33.43819 ], [ -69.73826, -33.43896 ], [ -69.73916, -33.43981 ], [ -69.73952, -33.43985 ] ], [ [ -69.73952, -33.43985 ], [ -69.73926, -33.44042 ], [ -69.73967, -33.44109 ], [ -69.73964, -33.44206 ], [ -69.73999, -33.44381 ], [ -69.73967, -33.44534 ], [ -69.73926, -33.44643 ], [ -69.73864, -33.44723 ], [ -69.73752, -33.45028 ], [ -69.73838, -33.4516 ], [ -69.73853, -33.45246 ], [ -69.73773, -33.45386 ], [ -69.73733, -33.45527 ], [ -69.73784, -33.45679 ], [ -69.73778, -33.45935 ], [ -69.73793, -33.46131 ], [ -69.73836, -33.46376 ], [ -69.73786, -33.46583 ], [ -69.73773, -33.4673 ], [ -69.7378, -33.46895 ], [ -69.73746, -33.47083 ], [ -69.73686, -33.47251 ], [ -69.73754, -33.47444 ], [ -69.73757, -33.47585 ], [ -69.73708, -33.47677 ], [ -69.73633, -33.479 ], [ -69.73591, -33.48089 ], [ -69.73585, -33.48196 ], [ -69.73488, -33.48498 ], [ -69.73537, -33.48688 ], [ -69.73524, -33.48753 ], [ -69.73579, -33.48938 ], [ -69.73593, -33.49039 ], [ -69.73574, -33.49122 ], [ -69.73631, -33.4919 ], [ -69.73681, -33.49214 ], [ -69.73669, -33.49246 ], [ -69.73684, -33.49304 ], [ -69.73644, -33.49339 ], [ -69.73628, -33.4939 ], [ -69.73631, -33.49438 ], [ -69.73667, -33.49525 ], [ -69.73646, -33.49606 ], [ -69.73595, -33.49632 ], [ -69.73593, -33.49658 ], [ -69.73618, -33.49676 ], [ -69.73675, -33.49677 ], [ -69.73691, -33.49714 ], [ -69.73643, -33.49809 ], [ -69.73607, -33.49958 ], [ -69.736, -33.50199 ], [ -69.7352, -33.50348 ], [ -69.73572, -33.50407 ], [ -69.73557, -33.50598 ], [ -69.73517, -33.50795 ], [ -69.73559, -33.50885 ], [ -69.73565, -33.51034 ], [ -69.73595, -33.51121 ], [ -69.73555, -33.51215 ], [ -69.73619, -33.51364 ], [ -69.73632, -33.51472 ], [ -69.73695, -33.51595 ], [ -69.73645, -33.51678 ], [ -69.73644, -33.51739 ], [ -69.73713, -33.51816 ], [ -69.73725, -33.5187 ], [ -69.73698, -33.51919 ], [ -69.73695, -33.52004 ], [ -69.73725, -33.52133 ], [ -69.7372, -33.52168 ], [ -69.73586, -33.52312 ], [ -69.73566, -33.52373 ], [ -69.73639, -33.5256 ], [ -69.73591, -33.52743 ], [ -69.73615, -33.52854 ], [ -69.73567, -33.52998 ], [ -69.73585, -33.53095 ], [ -69.7355, -33.53126 ], [ -69.73564, -33.53158 ], [ -69.73638, -33.53146 ], [ -69.73628, -33.53202 ], [ -69.73588, -33.53257 ], [ -69.73609, -33.53314 ] ] ] } },
{ "type": "Feature", "properties": { "nombre": "Río Yeso", "tipo": "river", "volcan_codigo": "SJO", "volcan_nombre": "San Jose", "drena_volcan": false }, "geometry": { "type": "MultiLineString", "coordinates": [ [ [ -70.0847, -33.66769 ], [ -70.08481, -33.66806 ], [ -70.08408, -33.67218 ], [ -70.08411, -33.67342 ], [ -70.08425, -33.67387 ], [ -70.08456, -33.6742 ], [ -70.08549, -33.67489 ], [ -70.08697, -33.67535 ], [ -70.08743, -33.67539 ], [ -70.08774, -33.67522 ], [ -70.08875, -33.67541 ], [ -70.08943, -33.67517 ], [ -70.08969, -33.67521 ], [ -70.09015, -33.67571 ], [ -70.09048, -33.67566 ], [ -70.09116, -33.67613 ], [ -70.09217, -33.67609 ], [ -70.09261, -33.67636 ], [ -70.09311, -33.67641 ], [ -70.09354, -33.67621 ], [ -70.09478, -33.67622 ], [ -70.09588, -33.677 ], [ -70.0966, -33.67715 ], [ -70.0969, -33.67754 ], [ -70.09679, -33.67824 ], [ -70.09709, -33.67857 ], [ -70.09765, -33.67873 ], [ -70.09833, -33.67852 ], [ -70.09951, -33.67846 ], [ -70.10059, -33.67884 ], [ -70.10241, -33.68005 ], [ -70.10291, -33.681 ], [ -70.10336, -33.68145 ], [ -70.10319, -33.68261 ], [ -70.10355, -33.683 ], [ -70.10349, -33.68336 ], [ -70.10482, -33.68398 ], [ -70.10521, -33.68469 ], [ -70.10573, -33.68489 ], [ -70.10707, -33.68672 ], [ -70.10741, -33.68783 ], [ -70.1084, -33.68873 ], [ -70.10965, -33.68943 ], [ -70.11057, -33.69036 ], [ -70.11047, -33.6914 ], [ -70.11222, -33.69251 ], [ -70.11599, -33.69651 ], [ -70.11874, -33.69883 ], [ -70.12101, -33.70033 ], [ -70.12406, -33.70412 ], [ -70.12539, -33.70501 ], [ -70.12736, -33.70597 ], [ -70.12861, -33.70733 ], [ -70.13007, -33.70926 ], [ -70.13346, -33.7129 ], [ -70.13372, -33.7144 ], [ -70.13569, -33.71711 ], [ -70.13608, -33.71918 ], [ -70.13698, -33.72064 ], [ -70.13801, -33.721 ], [ -70.13844, -33.722 ], [ -70.13861, -33.72421 ], [ -70.1404, -33.72923 ], [ -70.14036, -33.73058 ], [ -70.14134, -33.73147 ], [ -70.14341, -33.73214 ], [ -70.14839, -33.73299 ], [ -70.14959, -33.73385 ], [ -70.14994, -33.73685 ], [ -70.152, -33.7397 ], [ -70.1532, -33.74185 ], [ -70.15406, -33.74399 ], [ -70.15595, -33.74556 ], [ -70.15715, -33.74741 ], [ -70.15766, -33.75034 ], [ -70.15895, -33.75341 ], [ -70.16127, -33.75598 ], [ -70.16264, -33.75719 ], [ -70.16655, -33.75833 ], [ -70.16796, -33.75983 ], [ -70.16865, -33.76197 ], [ -70.16985, -33.76418 ], [ -70.17131, -33.76882 ], [ -70.17202, -33.77384 ], [ -70.17247, -33.77446 ], [ -70.17252, -33.77535 ], [ -70.17304, -33.77567 ], [ -70.17333, -33.77727 ], [ -70.17526, -33.78052 ], [ -70.17706, -33.7823 ], [ -70.17938, -33.78359 ], [ -70.1847, -33.78537 ], [ -70.19517, -33.78723 ], [ -70.19826, -33.78858 ], [ -70.20281, -33.79143 ], [ -70.2059, -33.79233 ], [ -70.20784, -33.79247 ], [ -70.21176, -33.79168 ], [ -70.21562, -33.79151 ], [ -70.21912, -33.78982 ], [ -70.22028, -33.78974 ], [ -70.22118, -33.79018 ], [ -70.22252, -33.78959 ], [ -70.22345, -33.78956 ], [ -70.22505, -33.78903 ], [ -70.22564, -33.7885 ], [ -70.22638, -33.78851 ], [ -70.22682, -33.78828 ], [ -70.22735, -33.78738 ], [ -70.22855, -33.78656 ], [ -70.22955, -33.7862 ], [ -70.2304, -33.78617 ], [ -70.23196, -33.7855 ], [ -70.23335, -33.78549 ] ], [ [ -69.93213, -33.5433 ], [ -69.93233, -33.54378 ], [ -69.93293, -33.54419 ], [ -69.93372, -33.54552 ], [ -69.93359, -33.54718 ], [ -69.93318, -33.54847 ], [ -69.93336, -33.54904 ], [ -69.93316, -33.54965 ], [ -69.9322, -33.55017 ], [ -69.93179, -33.55099 ], [ -69.93119, -33.55145 ], [ -69.93067, -33.55212 ], [ -69.93001, -33.55405 ], [ -69.92919, -33.55473 ], [ -69.92863, -33.55558 ], [ -69.92799, -33.55789 ], [ -69.9269, -33.55997 ], [ -69.92537, -33.56106 ], [ -69.92529, -33.56152 ], [ -69.9249, -33.56211 ], [ -69.92481, -33.56395 ], [ -69.92426, -33.56452 ], [ -69.92458, -33.56857 ], [ -69.92413, -33.56894 ], [ -69.92404, -33.56948 ], [ -69.92282, -33.57135 ], [ -69.92256, -33.57189 ], [ -69.92267, -33.57236 ], [ -69.92248, -33.57275 ], [ -69.92207, -33.57332 ], [ -69.92115, -33.57413 ], [ -69.92087, -33.57464 ], [ -69.92104, -33.57531 ], [ -69.92082, -33.57548 ], [ -69.92074, -33.57615 ], [ -69.91994, -33.57815 ], [ -69.91962, -33.57831 ], [ -69.91928, -33.57935 ], [ -69.91889, -33.57988 ], [ -69.91785, -33.58059 ], [ -69.91545, -33.58502 ], [ -69.91545, -33.58945 ], [ -69.91476, -33.59346 ], [ -69.91425, -33.59846 ], [ -69.91408, -33.60204 ], [ -69.91322, -33.60533 ], [ -69.90768, -33.61183 ], [ -69.90694, -33.61306 ], [ -69.90678, -33.61442 ], [ -69.90645, -33.61472 ], [ -69.90648, -33.61538 ], [ -69.90621, -33.61635 ], [ -69.90668, -33.61678 ], [ -69.90668, -33.61708 ], [ -69.90701, -33.61761 ], [ -69.90862, -33.61761 ], [ -69.90963, -33.61793 ], [ -69.90994, -33.61832 ], [ -69.91037, -33.61852 ], [ -69.9114, -33.61998 ], [ -69.91391, -33.62491 ], [ -69.91675, -33.62697 ], [ -69.92056, -33.62861 ], [ -69.92323, -33.63058 ], [ -69.92445, -33.63045 ], [ -69.92539, -33.63087 ], [ -69.92586, -33.63159 ], [ -69.92589, -33.63197 ], [ -69.92654, -33.63264 ], [ -69.92676, -33.63352 ], [ -69.92708, -33.63401 ], [ -69.92769, -33.63435 ], [ -69.92782, -33.63468 ], [ -69.92852, -33.63514 ], [ -69.92934, -33.63616 ], [ -69.93069, -33.6367 ], [ -69.93106, -33.63706 ], [ -69.93217, -33.63712 ], [ -69.93272, -33.63734 ], [ -69.93303, -33.63725 ], [ -69.93335, -33.63746 ], [ -69.93378, -33.63733 ], [ -69.9345, -33.63761 ], [ -69.93587, -33.6371 ], [ -69.93645, -33.63724 ], [ -69.93685, -33.63698 ], [ -69.93749, -33.63687 ], [ -69.93787, -33.63704 ], [ -69.93959, -33.63686 ], [ -69.94119, -33.63736 ], [ -69.9416, -33.63719 ], [ -69.94407, -33.6372 ], [ -69.94587, -33.63668 ], [ -69.9464, -33.63634 ], [ -69.94664, -33.63593 ], [ -69.94731, -33.6356 ], [ -69.94743, -33.63512 ], [ -69.94774, -33.63507 ], [ -69.94851, -33.63426 ], [ -69.94945, -33.63398 ], [ -69.95021, -33.63351 ], [ -69.95089, -33.63338 ], [ -69.95236, -33.63263 ], [ -69.95425, -33.63034 ], [ -69.95569, -33.62945 ], [ -69.95604, -33.62905 ], [ -69.95631, -33.6284 ], [ -69.9563, -33.628 ], [ -69.95657, -33.62758 ], [ -69.95906, -33.62648 ], [ -69.96163, -33.6242 ], [ -69.96403, -33.62248 ], [ -69.96711, -33.61961 ], [ -69.9673, -33.6192 ], [ -69.97004, -33.61791 ], [ -69.97326, -33.61592 ], [ -69.97375, -33.6151 ], [ -69.9757, -33.61405 ], [ -69.97873, -33.61192 ], [ -69.98274, -33.61133 ], [ -69.98961, -33.61204 ], [ -69.99253, -33.61362 ], [ -69.99676, -33.61665 ], [ -69.99998, -33.61848 ], [ -70.00176, -33.62028 ], [ -70.00355, -33.62144 ], [ -70.00491, -33.62205 ], [ -70.00598, -33.62206 ], [ -70.00807, -33.62255 ], [ -70.00978, -33.62263 ], [ -70.01109, -33.62361 ], [ -70.01425, -33.6245 ], [ -70.01464, -33.62484 ], [ -70.01517, -33.62492 ], [ -70.01634, -33.62558 ], [ -70.01675, -33.626 ], [ -70.01814, -33.62599 ], [ -70.01906, -33.6257 ], [ -70.0196, -33.62601 ], [ -70.02135, -33.62769 ], [ -70.02194, -33.62865 ], [ -70.02328, -33.62939 ], [ -70.02375, -33.62957 ], [ -70.02514, -33.62945 ], [ -70.0264, -33.63011 ], [ -70.02719, -33.63029 ], [ -70.02888, -33.63162 ], [ -70.02945, -33.63164 ], [ -70.03272, -33.63301 ], [ -70.03336, -33.63348 ], [ -70.0335, -33.63376 ], [ -70.0347, -33.63449 ], [ -70.03713, -33.63564 ], [ -70.03795, -33.63652 ], [ -70.03856, -33.63665 ], [ -70.04009, -33.63736 ], [ -70.04093, -33.63751 ], [ -70.04224, -33.63819 ], [ -70.04262, -33.63807 ], [ -70.04347, -33.63846 ], [ -70.044, -33.63847 ], [ -70.04417, -33.63865 ], [ -70.04372, -33.63921 ], [ -70.04372, -33.6397 ], [ -70.04521, -33.63927 ], [ -70.04577, -33.63937 ], [ -70.0464, -33.63983 ] ] ] } },
{ "type": "Feature", "properties": { "nombre": "Río de las Tunas", "tipo": "river", "volcan_codigo": "SJO", "volcan_nombre": "San Jose", "drena_volcan": false }, "geometry": { "type": "LineString", "coordinates": [ [ -69.69392, -33.43279 ], [ -69.69312, -33.42974 ], [ -69.6932, -33.42936 ], [ -69.69286, -33.42834 ], [ -69.69285, -33.42756 ], [ -69.69273, -33.42753 ], [ -69.69303, -33.42702 ], [ -69.69351, -33.42668 ], [ -69.69391, -33.4258 ], [ -69.69425, -33.42328 ], [ -69.69424, -33.42071 ], [ -69.69355, -33.41903 ], [ -69.693, -33.41835 ], [ -69.69265, -33.41733 ], [ -69.69128, -33.41523 ], [ -69.6884, -33.4133 ], [ -69.68709, -33.41269 ], [ -69.68591, -33.41294 ], [ -69.68446, -33.41287 ], [ -69.68306, -33.41233 ], [ -69.68103, -33.4133 ], [ -69.68087, -33.4135 ], [ -69.68022, -33.41362 ], [ -69.67985, -33.41322 ], [ -69.67931, -33.41312 ], [ -69.67884, -33.4127 ], [ -69.67813, -33.41246 ], [ -69.67733, -33.41266 ], [ -69.67747, -33.41224 ], [ -69.67729, -33.41202 ], [ -69.67607, -33.41136 ], [ -69.6757, -33.41143 ], [ -69.67472, -33.41109 ], [ -69.67389, -33.41108 ], [ -69.67255, -33.41037 ], [ -69.66997, -33.41063 ], [ -69.66938, -33.41045 ], [ -69.66544, -33.40757 ], [ -69.66503, -33.40694 ], [ -69.6645, -33.40657 ], [ -69.66381, -33.40459 ], [ -69.66329, -33.40399 ], [ -69.66312, -33.40282 ], [ -69.66254, -33.40216 ], [ -69.66168, -33.40184 ], [ -69.66136, -33.40149 ], [ -69.66113, -33.40113 ], [ -69.66096, -33.40014 ], [ -69.6602, -33.39954 ], [ -69.65978, -33.39842 ], [ -69.65914, -33.39784 ], [ -69.65778, -33.39733 ], [ -69.6574, -33.39743 ], [ -69.65597, -33.39708 ], [ -69.65559, -33.39713 ], [ -69.65455, -33.39648 ], [ -69.65345, -33.39618 ], [ -69.65224, -33.39548 ], [ -69.64767, -33.39432 ], [ -69.64674, -33.39393 ], [ -69.6445, -33.39376 ], [ -69.64427, -33.39402 ], [ -69.64324, -33.39437 ], [ -69.64139, -33.39465 ], [ -69.64113, -33.39488 ], [ -69.64055, -33.39501 ], [ -69.63996, -33.39548 ], [ -69.63943, -33.3956 ], [ -69.63901, -33.39634 ], [ -69.63748, -33.39672 ], [ -69.6353, -33.3976 ], [ -69.63286, -33.39836 ], [ -69.63208, -33.39846 ], [ -69.6314, -33.39808 ], [ -69.63115, -33.39757 ], [ -69.62919, -33.39675 ], [ -69.62816, -33.3967 ], [ -69.62789, -33.39634 ], [ -69.62665, -33.39563 ], [ -69.62548, -33.39532 ], [ -69.62463, -33.39402 ], [ -69.62463, -33.39379 ], [ -69.6239, -33.39348 ], [ -69.62319, -33.39282 ], [ -69.6178, -33.39217 ], [ -69.61613, -33.39076 ], [ -69.61505, -33.39026 ], [ -69.61421, -33.39016 ], [ -69.612, -33.38925 ], [ -69.61132, -33.38912 ], [ -69.60978, -33.38906 ], [ -69.60907, -33.38972 ], [ -69.60899, -33.39008 ], [ -69.60837, -33.38998 ], [ -69.60779, -33.39032 ], [ -69.60662, -33.39054 ], [ -69.60494, -33.39134 ], [ -69.60294, -33.39172 ], [ -69.60193, -33.39152 ], [ -69.60077, -33.39162 ], [ -69.59857, -33.39083 ], [ -69.59799, -33.39089 ], [ -69.59725, -33.39058 ], [ -69.59594, -33.39072 ], [ -69.5949, -33.39042 ], [ -69.59379, -33.3904 ], [ -69.59223, -33.3911 ], [ -69.59166, -33.39112 ], [ -69.59115, -33.39094 ], [ -69.59047, -33.39039 ], [ -69.58997, -33.3902 ], [ -69.58976, -33.38968 ], [ -69.58902, -33.38951 ], [ -69.58816, -33.38869 ], [ -69.58642, -33.38818 ], [ -69.58605, -33.38822 ], [ -69.58532, -33.38632 ], [ -69.5833, -33.38442 ], [ -69.58285, -33.38356 ], [ -69.58217, -33.38326 ], [ -69.58088, -33.38164 ], [ -69.57951, -33.38064 ], [ -69.57845, -33.38012 ], [ -69.57697, -33.3791 ], [ -69.57586, -33.37881 ], [ -69.57431, -33.37881 ], [ -69.57223, -33.37792 ], [ -69.57137, -33.37695 ], [ -69.57032, -33.37613 ], [ -69.57045, -33.37553 ], [ -69.56998, -33.37458 ], [ -69.56994, -33.37406 ], [ -69.56933, -33.37299 ], [ -69.5685, -33.37269 ], [ -69.56852, -33.37229 ], [ -69.56753, -33.37156 ], [ -69.56728, -33.37041 ], [ -69.56641, -33.36989 ], [ -69.56614, -33.36953 ], [ -69.56548, -33.36932 ], [ -69.56495, -33.36844 ], [ -69.56372, -33.36803 ], [ -69.56303, -33.36718 ], [ -69.56246, -33.36692 ], [ -69.56113, -33.36667 ], [ -69.56057, -33.36679 ], [ -69.55981, -33.36627 ], [ -69.5591, -33.36637 ], [ -69.55809, -33.36602 ], [ -69.55737, -33.36596 ], [ -69.55616, -33.36459 ], [ -69.55584, -33.36365 ], [ -69.55606, -33.36307 ], [ -69.55542, -33.36227 ], [ -69.55459, -33.36186 ], [ -69.55299, -33.36168 ], [ -69.55304, -33.36122 ], [ -69.55246, -33.36095 ], [ -69.55134, -33.36101 ], [ -69.54988, -33.36084 ], [ -69.54847, -33.36026 ], [ -69.54807, -33.36041 ], [ -69.54721, -33.36016 ], [ -69.54571, -33.3607 ], [ -69.54495, -33.36058 ], [ -69.54457, -33.35995 ], [ -69.54421, -33.35997 ], [ -69.54332, -33.35925 ], [ -69.54237, -33.35885 ], [ -69.542, -33.35824 ], [ -69.542, -33.35791 ], [ -69.54126, -33.35674 ], [ -69.54058, -33.35645 ], [ -69.54024, -33.3559 ], [ -69.53998, -33.35586 ], [ -69.53966, -33.35555 ], [ -69.53936, -33.35499 ], [ -69.53809, -33.3548 ], [ -69.53793, -33.35463 ], [ -69.53727, -33.35463 ], [ -69.53661, -33.35424 ], [ -69.53566, -33.35087 ], [ -69.53502, -33.34936 ], [ -69.53453, -33.34914 ], [ -69.53426, -33.34815 ], [ -69.53319, -33.34735 ], [ -69.53212, -33.34612 ], [ -69.5304, -33.34541 ], [ -69.52932, -33.34436 ], [ -69.52808, -33.34385 ], [ -69.52762, -33.34389 ], [ -69.52693, -33.34349 ], [ -69.52672, -33.34291 ], [ -69.52639, -33.34271 ], [ -69.52645, -33.34231 ], [ -69.52623, -33.34179 ], [ -69.52637, -33.34156 ], [ -69.52607, -33.34071 ], [ -69.5245, -33.33907 ], [ -69.52308, -33.33854 ], [ -69.52243, -33.33804 ], [ -69.52214, -33.33758 ], [ -69.52224, -33.3371 ], [ -69.52141, -33.33575 ], [ -69.52144, -33.33514 ], [ -69.52124, -33.33488 ], [ -69.52058, -33.33463 ], [ -69.52063, -33.33419 ], [ -69.51975, -33.33345 ], [ -69.51903, -33.33229 ], [ -69.5186, -33.33195 ], [ -69.51861, -33.33146 ], [ -69.51728, -33.33064 ], [ -69.51705, -33.32978 ], [ -69.51616, -33.32913 ], [ -69.51418, -33.328 ], [ -69.51331, -33.32787 ], [ -69.51243, -33.32714 ], [ -69.51225, -33.32668 ], [ -69.51234, -33.32623 ], [ -69.51194, -33.32589 ], [ -69.512, -33.32489 ], [ -69.51174, -33.32471 ], [ -69.51156, -33.32419 ], [ -69.50975, -33.32325 ], [ -69.50968, -33.32261 ], [ -69.50901, -33.32206 ], [ -69.50826, -33.32175 ], [ -69.50658, -33.32176 ], [ -69.5062, -33.32087 ], [ -69.50583, -33.32043 ], [ -69.50454, -33.31946 ], [ -69.50307, -33.31953 ], [ -69.50266, -33.31904 ], [ -69.50132, -33.31861 ], [ -69.50117, -33.31841 ], [ -69.49983, -33.31837 ], [ -69.49909, -33.31773 ], [ -69.49802, -33.31718 ], [ -69.49733, -33.31634 ], [ -69.49524, -33.31499 ], [ -69.49468, -33.31434 ], [ -69.49424, -33.31409 ], [ -69.49415, -33.31324 ], [ -69.49386, -33.31307 ], [ -69.49208, -33.31281 ], [ -69.49068, -33.31161 ], [ -69.49036, -33.31105 ], [ -69.48968, -33.3106 ], [ -69.48887, -33.31049 ], [ -69.48871, -33.31025 ], [ -69.48803, -33.31017 ], [ -69.48782, -33.30976 ], [ -69.48689, -33.30965 ], [ -69.48669, -33.30939 ], [ -69.48586, -33.30924 ], [ -69.48553, -33.30839 ], [ -69.48443, -33.30815 ], [ -69.48385, -33.30829 ], [ -69.48335, -33.30794 ], [ -69.48252, -33.30781 ], [ -69.48217, -33.30747 ], [ -69.48236, -33.30716 ], [ -69.48221, -33.30697 ], [ -69.48148, -33.30667 ], [ -69.48066, -33.30676 ], [ -69.4801, -33.3063 ], [ -69.47952, -33.30612 ], [ -69.47856, -33.30639 ], [ -69.47729, -33.30623 ], [ -69.47685, -33.30589 ], [ -69.47632, -33.30574 ], [ -69.47614, -33.30533 ], [ -69.47526, -33.30526 ], [ -69.47466, -33.30484 ], [ -69.47408, -33.30492 ], [ -69.47346, -33.30447 ], [ -69.47315, -33.30439 ], [ -69.47284, -33.30471 ], [ -69.47222, -33.3044 ], [ -69.47078, -33.30436 ], [ -69.46962, -33.30401 ], [ -69.4692, -33.30413 ], [ -69.46863, -33.30399 ], [ -69.4678, -33.30416 ], [ -69.46632, -33.30391 ], [ -69.46606, -33.30396 ], [ -69.46581, -33.30428 ], [ -69.46502, -33.30416 ], [ -69.46401, -33.30443 ], [ -69.46314, -33.30431 ], [ -69.46256, -33.30455 ], [ -69.46214, -33.30428 ], [ -69.46076, -33.30484 ], [ -69.46001, -33.30443 ], [ -69.45957, -33.30494 ], [ -69.45805, -33.30588 ], [ -69.45795, -33.30572 ], [ -69.45773, -33.30583 ], [ -69.45753, -33.30568 ], [ -69.45745, -33.30497 ], [ -69.45668, -33.30435 ], [ -69.4566, -33.30387 ], [ -69.45576, -33.30414 ], [ -69.45524, -33.30414 ] ] } },
{ "type": "Feature", "properties": { "nombre": "Río del Volcán", "tipo": "river", "volcan_codigo": "SJO", "volcan_nombre": "San Jose", "drena_volcan": true }, "geometry": { "type": "LineString", "coordinates": [ [ -69.98446, -33.85505 ], [ -69.98596, -33.85286 ], [ -69.98817, -33.85066 ], [ -69.98915, -33.84802 ], [ -69.98931, -33.84447 ], [ -69.98971, -33.84169 ], [ -69.9895, -33.84086 ], [ -69.9898, -33.84036 ], [ -69.98985, -33.83982 ], [ -69.98942, -33.8392 ], [ -69.99035, -33.83753 ], [ -69.99088, -33.837 ], [ -69.99109, -33.83595 ], [ -69.99182, -33.83525 ], [ -69.99133, -33.83333 ], [ -69.99128, -33.83169 ], [ -69.99101, -33.83128 ], [ -69.99112, -33.83065 ], [ -69.99101, -33.82941 ], [ -69.99139, -33.82877 ], [ -69.99148, -33.82778 ], [ -69.9923, -33.82686 ], [ -69.99255, -33.82521 ], [ -69.99336, -33.82266 ], [ -69.9934, -33.82198 ], [ -69.99387, -33.82146 ], [ -69.99436, -33.82119 ], [ -69.99496, -33.82012 ], [ -69.99587, -33.81899 ], [ -69.99708, -33.81861 ], [ -69.99968, -33.81743 ], [ -70.00175, -33.81665 ], [ -70.00376, -33.81655 ], [ -70.0044, -33.81609 ], [ -70.0063, -33.81592 ], [ -70.00726, -33.81564 ], [ -70.00803, -33.81612 ], [ -70.00857, -33.81619 ], [ -70.00864, -33.81635 ], [ -70.00948, -33.81667 ], [ -70.01072, -33.81666 ], [ -70.01248, -33.816 ], [ -70.01364, -33.81494 ], [ -70.01511, -33.81412 ], [ -70.01717, -33.81245 ], [ -70.01824, -33.81233 ], [ -70.01963, -33.81125 ], [ -70.02044, -33.81133 ], [ -70.02186, -33.81104 ], [ -70.0227, -33.81129 ], [ -70.02316, -33.81169 ], [ -70.02329, -33.81279 ], [ -70.02353, -33.81314 ], [ -70.02361, -33.81367 ], [ -70.02286, -33.81453 ], [ -70.02265, -33.8154 ], [ -70.02368, -33.81654 ], [ -70.02557, -33.8174 ], [ -70.02754, -33.81768 ], [ -70.03003, -33.81932 ], [ -70.03115, -33.82036 ], [ -70.03183, -33.82054 ], [ -70.03198, -33.82081 ], [ -70.03173, -33.8211 ], [ -70.03172, -33.82137 ], [ -70.03205, -33.82167 ], [ -70.03296, -33.82182 ], [ -70.0335, -33.82161 ], [ -70.03421, -33.82159 ], [ -70.035, -33.82185 ], [ -70.03524, -33.82251 ], [ -70.03569, -33.82279 ], [ -70.03595, -33.82317 ], [ -70.03718, -33.82342 ], [ -70.03773, -33.82333 ], [ -70.03808, -33.82369 ], [ -70.03931, -33.82381 ], [ -70.03963, -33.82361 ], [ -70.041, -33.82361 ], [ -70.04183, -33.82412 ], [ -70.04274, -33.82488 ], [ -70.04298, -33.82526 ], [ -70.04364, -33.82512 ], [ -70.04445, -33.82524 ], [ -70.04485, -33.82552 ], [ -70.04632, -33.82526 ], [ -70.04692, -33.82548 ], [ -70.04765, -33.82603 ], [ -70.04854, -33.82619 ], [ -70.05039, -33.82593 ], [ -70.05135, -33.82611 ], [ -70.05188, -33.82578 ], [ -70.05351, -33.82602 ], [ -70.05463, -33.82577 ], [ -70.05609, -33.82528 ], [ -70.05641, -33.8247 ], [ -70.05743, -33.82459 ], [ -70.05901, -33.82477 ], [ -70.05946, -33.82465 ], [ -70.06081, -33.82522 ], [ -70.06105, -33.8256 ], [ -70.06225, -33.8261 ], [ -70.0638, -33.82654 ], [ -70.06445, -33.82642 ], [ -70.06534, -33.82674 ], [ -70.06599, -33.82681 ], [ -70.06645, -33.8266 ], [ -70.0681, -33.82708 ], [ -70.06927, -33.82662 ], [ -70.06987, -33.82673 ], [ -70.07123, -33.82663 ], [ -70.07271, -33.82603 ], [ -70.0743, -33.82609 ], [ -70.07573, -33.8263 ], [ -70.07696, -33.82693 ], [ -70.07832, -33.82722 ], [ -70.0799, -33.82705 ], [ -70.08153, -33.82731 ], [ -70.08305, -33.82725 ], [ -70.08408, -33.82771 ], [ -70.08494, -33.82749 ], [ -70.08624, -33.82769 ], [ -70.08758, -33.82725 ], [ -70.08863, -33.82727 ], [ -70.08937, -33.82752 ], [ -70.08986, -33.8273 ], [ -70.0901, -33.82675 ], [ -70.09082, -33.82611 ], [ -70.09173, -33.82608 ], [ -70.09509, -33.82802 ], [ -70.09622, -33.8289 ], [ -70.09726, -33.82921 ], [ -70.09821, -33.8298 ], [ -70.09937, -33.82959 ], [ -70.10049, -33.82831 ], [ -70.10136, -33.8281 ], [ -70.10259, -33.82853 ], [ -70.10378, -33.82826 ], [ -70.10931, -33.82912 ], [ -70.11053, -33.82831 ], [ -70.11099, -33.82692 ], [ -70.11186, -33.82534 ], [ -70.11294, -33.82495 ], [ -70.11436, -33.82334 ], [ -70.11632, -33.82239 ], [ -70.11988, -33.82208 ], [ -70.12288, -33.82322 ], [ -70.12342, -33.82267 ], [ -70.12481, -33.82306 ], [ -70.12569, -33.82279 ], [ -70.12711, -33.8223 ], [ -70.12764, -33.82155 ], [ -70.12725, -33.82068 ], [ -70.12786, -33.81992 ], [ -70.12852, -33.81965 ], [ -70.12932, -33.81904 ], [ -70.13037, -33.81867 ], [ -70.13123, -33.81768 ], [ -70.13346, -33.81668 ], [ -70.13655, -33.81667 ], [ -70.13731, -33.81555 ], [ -70.13799, -33.81541 ], [ -70.13866, -33.81577 ], [ -70.13958, -33.81658 ], [ -70.14005, -33.81663 ], [ -70.14096, -33.81632 ], [ -70.14166, -33.81628 ], [ -70.14399, -33.8166 ], [ -70.14533, -33.81657 ], [ -70.1464, -33.81598 ], [ -70.14702, -33.81537 ], [ -70.14749, -33.8154 ], [ -70.14816, -33.81605 ], [ -70.15051, -33.81567 ], [ -70.15103, -33.81545 ], [ -70.15204, -33.81584 ], [ -70.15414, -33.81524 ], [ -70.15482, -33.81518 ], [ -70.15558, -33.81534 ], [ -70.15642, -33.81509 ], [ -70.15876, -33.81525 ], [ -70.15966, -33.81505 ], [ -70.16209, -33.81551 ], [ -70.16267, -33.81547 ], [ -70.16396, -33.81474 ], [ -70.16533, -33.81455 ], [ -70.16772, -33.81388 ], [ -70.16852, -33.81383 ], [ -70.16967, -33.81419 ], [ -70.17321, -33.81453 ], [ -70.17562, -33.81395 ], [ -70.17651, -33.8129 ], [ -70.17737, -33.81286 ], [ -70.17818, -33.81304 ], [ -70.18093, -33.81261 ], [ -70.18162, -33.8128 ], [ -70.18197, -33.81271 ], [ -70.18245, -33.81204 ], [ -70.1838, -33.81193 ], [ -70.185, -33.81134 ], [ -70.18651, -33.81161 ], [ -70.18729, -33.81156 ], [ -70.18776, -33.81108 ], [ -70.18825, -33.81099 ], [ -70.19009, -33.81133 ], [ -70.19206, -33.81254 ], [ -70.19356, -33.81284 ], [ -70.19574, -33.81227 ], [ -70.19664, -33.81246 ], [ -70.19728, -33.81287 ], [ -70.20007, -33.81179 ], [ -70.20187, -33.8127 ], [ -70.20298, -33.81255 ], [ -70.2036, -33.81276 ], [ -70.20488, -33.81239 ], [ -70.20579, -33.81171 ], [ -70.20694, -33.81115 ], [ -70.20827, -33.81104 ], [ -70.20875, -33.81046 ], [ -70.20979, -33.81007 ], [ -70.21065, -33.80939 ], [ -70.2129, -33.80913 ], [ -70.21375, -33.80853 ], [ -70.21573, -33.80852 ], [ -70.21717, -33.808 ], [ -70.21747, -33.80778 ], [ -70.21807, -33.80628 ] ] } },
{ "type": "Feature", "properties": { "nombre": "Zanjón del Coironal", "tipo": "stream", "volcan_codigo": "SJO", "volcan_nombre": "San Jose", "drena_volcan": false }, "geometry": { "type": "LineString", "coordinates": [ [ -70.10148, -33.46993 ], [ -70.10367, -33.47058 ], [ -70.10504, -33.47067 ], [ -70.10609, -33.47045 ], [ -70.11024, -33.47036 ], [ -70.11504, -33.47094 ], [ -70.11611, -33.47094 ], [ -70.12105, -33.47165 ], [ -70.12352, -33.47119 ], [ -70.12592, -33.47113 ], [ -70.12867, -33.4716 ], [ -70.12938, -33.47154 ] ] } },
{ "type": "Feature", "properties": { "nombre": "Zanjón del Tofo", "tipo": "stream", "volcan_codigo": "SJO", "volcan_nombre": "San Jose", "drena_volcan": false }, "geometry": { "type": "LineString", "coordinates": [ [ -70.09972, -33.44985 ], [ -70.10333, -33.45074 ], [ -70.10712, -33.45073 ], [ -70.11457, -33.4521 ], [ -70.11541, -33.45244 ], [ -70.11691, -33.45388 ], [ -70.11751, -33.45409 ], [ -70.11837, -33.45506 ], [ -70.12092, -33.45665 ], [ -70.12508, -33.45964 ], [ -70.12568, -33.45991 ], [ -70.12691, -33.46012 ], [ -70.13136, -33.45954 ] ] } }
]
}
